series,frequency,rate,currency,period,value,published,status,rules,flags
fx.interbank-exchange-rate-us-dollar-usd.m,monthly,Interbank Exchange Rate,US Dollar (USD),1972-06,0,0,ok,,
fx.interbank-exchange-rate-us-dollar-usd.m,monthly,Interbank Exchange Rate,US Dollar (USD),1972-07,0,0,ok,,
fx.interbank-exchange-rate-us-dollar-usd.m,monthly,Interbank Exchange Rate,US Dollar (USD),1972-08,0,0,ok,,
fx.interbank-exchange-rate-us-dollar-usd.m,monthly,Interbank Exchange Rate,US Dollar (USD),1972-09,0,0,ok,,
fx.interbank-exchange-rate-us-dollar-usd.m,monthly,Interbank Exchange Rate,US Dollar (USD),1972-10,0,0,ok,,
fx.interbank-exchange-rate-us-dollar-usd.m,monthly,Interbank Exchange Rate,US Dollar (USD),1972-11,0,0,ok,,
fx.interbank-exchange-rate-us-dollar-usd.m,monthly,Interbank Exchange Rate,US Dollar (USD),1972-12,0,0,ok,,
fx.interbank-exchange-rate-us-dollar-usd.m,monthly,Interbank Exchange Rate,US Dollar (USD),1973-01,0,0,ok,,
fx.interbank-exchange-rate-us-dollar-usd.m,monthly,Interbank Exchange Rate,US Dollar (USD),1973-02,0,0,ok,,
fx.interbank-exchange-rate-us-dollar-usd.m,monthly,Interbank Exchange Rate,US Dollar (USD),1973-03,0,0,ok,,
fx.interbank-exchange-rate-us-dollar-usd.m,monthly,Interbank Exchange Rate,US Dollar (USD),1973-04,0,0,ok,,
fx.interbank-exchange-rate-us-dollar-usd.m,monthly,Interbank Exchange Rate,US Dollar (USD),1973-05,0,0,ok,,
fx.interbank-exchange-rate-us-dollar-usd.m,monthly,Interbank Exchange Rate,US Dollar (USD),1973-06,0,0,ok,,
fx.interbank-exchange-rate-us-dollar-usd.m,monthly,Interbank Exchange Rate,US Dollar (USD),1973-07,0,0,ok,,
fx.interbank-exchange-rate-us-dollar-usd.m,monthly,Interbank Exchange Rate,US Dollar (USD),1973-08,0,0,ok,,
fx.interbank-exchange-rate-us-dollar-usd.m,monthly,Interbank Exchange Rate,US Dollar (USD),1973-09,0,0,ok,,
fx.interbank-exchange-rate-us-dollar-usd.m,monthly,Interbank Exchange Rate,US Dollar (USD),1973-10,0,0,ok,,
fx.interbank-exchange-rate-us-dollar-usd.m,monthly,Interbank Exchange Rate,US Dollar (USD),1973-11,0,0,ok,,
fx.interbank-exchange-rate-us-dollar-usd.m,monthly,Interbank Exchange Rate,US Dollar (USD),1973-12,0,0,ok,,
fx.interbank-exchange-rate-us-dollar-usd.m,monthly,Interbank Exchange Rate,US Dollar (USD),1974-01,0,0,ok,,
fx.interbank-exchange-rate-us-dollar-usd.m,monthly,Interbank Exchange Rate,US Dollar (USD),1974-02,0,0,ok,,
fx.interbank-exchange-rate-us-dollar-usd.m,monthly,Interbank Exchange Rate,US Dollar (USD),1974-03,0,0,ok,,
fx.interbank-exchange-rate-us-dollar-usd.m,monthly,Interbank Exchange Rate,US Dollar (USD),1974-04,0,0,ok,,
fx.interbank-exchange-rate-us-dollar-usd.m,monthly,Interbank Exchange Rate,US Dollar (USD),1974-05,0,0,ok,,
fx.interbank-exchange-rate-us-dollar-usd.m,monthly,Interbank Exchange Rate,US Dollar (USD),1974-06,0,0,ok,,
fx.interbank-exchange-rate-us-dollar-usd.m,monthly,Interbank Exchange Rate,US Dollar (USD),1974-07,0,0,ok,,
fx.interbank-exchange-rate-us-dollar-usd.m,monthly,Interbank Exchange Rate,US Dollar (USD),1974-08,0,0,ok,,
fx.interbank-exchange-rate-us-dollar-usd.m,monthly,Interbank Exchange Rate,US Dollar (USD),1974-09,0,0,ok,,
fx.interbank-exchange-rate-us-dollar-usd.m,monthly,Interbank Exchange Rate,US Dollar (USD),1974-10,0,0,ok,,
fx.interbank-exchange-rate-us-dollar-usd.m,monthly,Interbank Exchange Rate,US Dollar (USD),1974-11,0,0,ok,,
fx.interbank-exchange-rate-us-dollar-usd.m,monthly,Interbank Exchange Rate,US Dollar (USD),1974-12,0,0,ok,,
fx.interbank-exchange-rate-us-dollar-usd.m,monthly,Interbank Exchange Rate,US Dollar (USD),1975-01,0,0,ok,,
fx.interbank-exchange-rate-us-dollar-usd.m,monthly,Interbank Exchange Rate,US Dollar (USD),1975-02,0,0,ok,,
fx.interbank-exchange-rate-us-dollar-usd.m,monthly,Interbank Exchange Rate,US Dollar (USD),1975-03,0,0,ok,,
fx.interbank-exchange-rate-us-dollar-usd.m,monthly,Interbank Exchange Rate,US Dollar (USD),1975-04,0,0,ok,,
fx.interbank-exchange-rate-us-dollar-usd.m,monthly,Interbank Exchange Rate,US Dollar (USD),1975-05,0,0,ok,,
fx.interbank-exchange-rate-us-dollar-usd.m,monthly,Interbank Exchange Rate,US Dollar (USD),1975-06,0,0,ok,,
fx.interbank-exchange-rate-us-dollar-usd.m,monthly,Interbank Exchange Rate,US Dollar (USD),1975-07,0,0,ok,,
fx.interbank-exchange-rate-us-dollar-usd.m,monthly,Interbank Exchange Rate,US Dollar (USD),1975-08,0,0,ok,,
fx.interbank-exchange-rate-us-dollar-usd.m,monthly,Interbank Exchange Rate,US Dollar (USD),1975-09,0,0,ok,,
fx.interbank-exchange-rate-us-dollar-usd.m,monthly,Interbank Exchange Rate,US Dollar (USD),1975-10,0,0,ok,,
fx.interbank-exchange-rate-us-dollar-usd.m,monthly,Interbank Exchange Rate,US Dollar (USD),1975-11,0,0,ok,,
fx.interbank-exchange-rate-us-dollar-usd.m,monthly,Interbank Exchange Rate,US Dollar (USD),1975-12,0,0,ok,,
fx.interbank-exchange-rate-us-dollar-usd.m,monthly,Interbank Exchange Rate,US Dollar (USD),1976-01,0,0,ok,,
fx.interbank-exchange-rate-us-dollar-usd.m,monthly,Interbank Exchange Rate,US Dollar (USD),1976-02,0,0,ok,,
fx.interbank-exchange-rate-us-dollar-usd.m,monthly,Interbank Exchange Rate,US Dollar (USD),1976-03,0,0,ok,,
fx.interbank-exchange-rate-us-dollar-usd.m,monthly,Interbank Exchange Rate,US Dollar (USD),1976-04,0,0,ok,,
fx.interbank-exchange-rate-us-dollar-usd.m,monthly,Interbank Exchange Rate,US Dollar (USD),1976-05,0,0,ok,,
fx.interbank-exchange-rate-us-dollar-usd.m,monthly,Interbank Exchange Rate,US Dollar (USD),1976-06,0,0,ok,,
fx.interbank-exchange-rate-us-dollar-usd.m,monthly,Interbank Exchange Rate,US Dollar (USD),1976-07,0,0,ok,,
fx.interbank-exchange-rate-us-dollar-usd.m,monthly,Interbank Exchange Rate,US Dollar (USD),1976-08,0,0,ok,,
fx.interbank-exchange-rate-us-dollar-usd.m,monthly,Interbank Exchange Rate,US Dollar (USD),1976-09,0,0,ok,,
fx.interbank-exchange-rate-us-dollar-usd.m,monthly,Interbank Exchange Rate,US Dollar (USD),1976-10,0,0,ok,,
fx.interbank-exchange-rate-us-dollar-usd.m,monthly,Interbank Exchange Rate,US Dollar (USD),1976-11,0,0,ok,,
fx.interbank-exchange-rate-us-dollar-usd.m,monthly,Interbank Exchange Rate,US Dollar (USD),1976-12,0,0,ok,,
fx.interbank-exchange-rate-us-dollar-usd.m,monthly,Interbank Exchange Rate,US Dollar (USD),1977-01,0,0,ok,,
fx.interbank-exchange-rate-us-dollar-usd.m,monthly,Interbank Exchange Rate,US Dollar (USD),1977-02,0,0,ok,,
fx.interbank-exchange-rate-us-dollar-usd.m,monthly,Interbank Exchange Rate,US Dollar (USD),1977-03,0,0,ok,,
fx.interbank-exchange-rate-us-dollar-usd.m,monthly,Interbank Exchange Rate,US Dollar (USD),1977-04,0,0,ok,,
fx.interbank-exchange-rate-us-dollar-usd.m,monthly,Interbank Exchange Rate,US Dollar (USD),1977-05,0,0,ok,,
fx.interbank-exchange-rate-us-dollar-usd.m,monthly,Interbank Exchange Rate,US Dollar (USD),1977-06,0,0,ok,,
fx.interbank-exchange-rate-us-dollar-usd.m,monthly,Interbank Exchange Rate,US Dollar (USD),1977-07,0,0,ok,,
fx.interbank-exchange-rate-us-dollar-usd.m,monthly,Interbank Exchange Rate,US Dollar (USD),1977-08,0,0,ok,,
fx.interbank-exchange-rate-us-dollar-usd.m,monthly,Interbank Exchange Rate,US Dollar (USD),1977-09,0,0,ok,,
fx.interbank-exchange-rate-us-dollar-usd.m,monthly,Interbank Exchange Rate,US Dollar (USD),1977-10,0,0,ok,,
fx.interbank-exchange-rate-us-dollar-usd.m,monthly,Interbank Exchange Rate,US Dollar (USD),1977-11,0,0,ok,,
fx.interbank-exchange-rate-us-dollar-usd.m,monthly,Interbank Exchange Rate,US Dollar (USD),1977-12,0,0,ok,,
fx.interbank-exchange-rate-us-dollar-usd.m,monthly,Interbank Exchange Rate,US Dollar (USD),1978-01,0,0,ok,,
fx.interbank-exchange-rate-us-dollar-usd.m,monthly,Interbank Exchange Rate,US Dollar (USD),1978-02,0,0,ok,,
fx.interbank-exchange-rate-us-dollar-usd.m,monthly,Interbank Exchange Rate,US Dollar (USD),1978-03,0,0,ok,,
fx.interbank-exchange-rate-us-dollar-usd.m,monthly,Interbank Exchange Rate,US Dollar (USD),1978-04,0,0,ok,,
fx.interbank-exchange-rate-us-dollar-usd.m,monthly,Interbank Exchange Rate,US Dollar (USD),1978-05,0,0,ok,,
fx.interbank-exchange-rate-us-dollar-usd.m,monthly,Interbank Exchange Rate,US Dollar (USD),1978-06,0,0,ok,,
fx.interbank-exchange-rate-us-dollar-usd.m,monthly,Interbank Exchange Rate,US Dollar (USD),1978-07,0,0,ok,,
fx.interbank-exchange-rate-us-dollar-usd.m,monthly,Interbank Exchange Rate,US Dollar (USD),1978-08,0,0,ok,,
fx.interbank-exchange-rate-us-dollar-usd.m,monthly,Interbank Exchange Rate,US Dollar (USD),1978-09,0,0,ok,,
fx.interbank-exchange-rate-us-dollar-usd.m,monthly,Interbank Exchange Rate,US Dollar (USD),1978-10,0,0,ok,,
fx.interbank-exchange-rate-us-dollar-usd.m,monthly,Interbank Exchange Rate,US Dollar (USD),1978-11,0,0,ok,,
fx.interbank-exchange-rate-us-dollar-usd.m,monthly,Interbank Exchange Rate,US Dollar (USD),1978-12,0,0,ok,,
fx.interbank-exchange-rate-us-dollar-usd.m,monthly,Interbank Exchange Rate,US Dollar (USD),1979-01,0,0,ok,,
fx.interbank-exchange-rate-us-dollar-usd.m,monthly,Interbank Exchange Rate,US Dollar (USD),1979-02,0,0,ok,,
fx.interbank-exchange-rate-us-dollar-usd.m,monthly,Interbank Exchange Rate,US Dollar (USD),1979-03,0,0,ok,,
fx.interbank-exchange-rate-us-dollar-usd.m,monthly,Interbank Exchange Rate,US Dollar (USD),1979-04,0,0,ok,,
fx.interbank-exchange-rate-us-dollar-usd.m,monthly,Interbank Exchange Rate,US Dollar (USD),1979-05,0,0,ok,,
fx.interbank-exchange-rate-us-dollar-usd.m,monthly,Interbank Exchange Rate,US Dollar (USD),1979-06,0,0,ok,,
fx.interbank-exchange-rate-us-dollar-usd.m,monthly,Interbank Exchange Rate,US Dollar (USD),1979-07,0,0,ok,,
fx.interbank-exchange-rate-us-dollar-usd.m,monthly,Interbank Exchange Rate,US Dollar (USD),1979-08,0,0,ok,,
fx.interbank-exchange-rate-us-dollar-usd.m,monthly,Interbank Exchange Rate,US Dollar (USD),1979-09,0,0,ok,,
fx.interbank-exchange-rate-us-dollar-usd.m,monthly,Interbank Exchange Rate,US Dollar (USD),1979-10,0,0,ok,,
fx.interbank-exchange-rate-us-dollar-usd.m,monthly,Interbank Exchange Rate,US Dollar (USD),1979-11,0,0,ok,,
fx.interbank-exchange-rate-us-dollar-usd.m,monthly,Interbank Exchange Rate,US Dollar (USD),1979-12,0,0,ok,,
fx.interbank-exchange-rate-us-dollar-usd.m,monthly,Interbank Exchange Rate,US Dollar (USD),1980-01,0,0,ok,,
fx.interbank-exchange-rate-us-dollar-usd.m,monthly,Interbank Exchange Rate,US Dollar (USD),1980-02,0,0,ok,,
fx.interbank-exchange-rate-us-dollar-usd.m,monthly,Interbank Exchange Rate,US Dollar (USD),1980-03,0,0,ok,,
fx.interbank-exchange-rate-us-dollar-usd.m,monthly,Interbank Exchange Rate,US Dollar (USD),1980-04,0,0,ok,,
fx.interbank-exchange-rate-us-dollar-usd.m,monthly,Interbank Exchange Rate,US Dollar (USD),1980-05,0,0,ok,,
fx.interbank-exchange-rate-us-dollar-usd.m,monthly,Interbank Exchange Rate,US Dollar (USD),1980-06,0,0,ok,,
fx.interbank-exchange-rate-us-dollar-usd.m,monthly,Interbank Exchange Rate,US Dollar (USD),1980-07,0,0,ok,,
fx.interbank-exchange-rate-us-dollar-usd.m,monthly,Interbank Exchange Rate,US Dollar (USD),1980-08,0,0,ok,,
fx.interbank-exchange-rate-us-dollar-usd.m,monthly,Interbank Exchange Rate,US Dollar (USD),1980-09,0,0,ok,,
fx.interbank-exchange-rate-us-dollar-usd.m,monthly,Interbank Exchange Rate,US Dollar (USD),1980-10,0,0,ok,,
fx.interbank-exchange-rate-us-dollar-usd.m,monthly,Interbank Exchange Rate,US Dollar (USD),1980-11,0,0,ok,,
fx.interbank-exchange-rate-us-dollar-usd.m,monthly,Interbank Exchange Rate,US Dollar (USD),1980-12,0,0,ok,,
fx.interbank-exchange-rate-us-dollar-usd.m,monthly,Interbank Exchange Rate,US Dollar (USD),1981-01,0,0,ok,,
fx.interbank-exchange-rate-us-dollar-usd.m,monthly,Interbank Exchange Rate,US Dollar (USD),1981-02,0,0,ok,,
fx.interbank-exchange-rate-us-dollar-usd.m,monthly,Interbank Exchange Rate,US Dollar (USD),1981-03,0,0,ok,,
fx.interbank-exchange-rate-us-dollar-usd.m,monthly,Interbank Exchange Rate,US Dollar (USD),1981-04,0,0,ok,,
fx.interbank-exchange-rate-us-dollar-usd.m,monthly,Interbank Exchange Rate,US Dollar (USD),1981-05,0,0,ok,,
fx.interbank-exchange-rate-us-dollar-usd.m,monthly,Interbank Exchange Rate,US Dollar (USD),1981-06,0,0,ok,,
fx.interbank-exchange-rate-us-dollar-usd.m,monthly,Interbank Exchange Rate,US Dollar (USD),1981-07,0,0,ok,,
fx.interbank-exchange-rate-us-dollar-usd.m,monthly,Interbank Exchange Rate,US Dollar (USD),1981-08,0,0,ok,,
fx.interbank-exchange-rate-us-dollar-usd.m,monthly,Interbank Exchange Rate,US Dollar (USD),1981-09,0,0,ok,,
fx.interbank-exchange-rate-us-dollar-usd.m,monthly,Interbank Exchange Rate,US Dollar (USD),1981-10,0,0,ok,,
fx.interbank-exchange-rate-us-dollar-usd.m,monthly,Interbank Exchange Rate,US Dollar (USD),1981-11,0,0,ok,,
fx.interbank-exchange-rate-us-dollar-usd.m,monthly,Interbank Exchange Rate,US Dollar (USD),1981-12,0,0,ok,,
fx.interbank-exchange-rate-us-dollar-usd.m,monthly,Interbank Exchange Rate,US Dollar (USD),1982-01,0,0,ok,,
fx.interbank-exchange-rate-us-dollar-usd.m,monthly,Interbank Exchange Rate,US Dollar (USD),1982-02,0,0,ok,,
fx.interbank-exchange-rate-us-dollar-usd.m,monthly,Interbank Exchange Rate,US Dollar (USD),1982-03,0,0,ok,,
fx.interbank-exchange-rate-us-dollar-usd.m,monthly,Interbank Exchange Rate,US Dollar (USD),1982-04,0,0,ok,,
fx.interbank-exchange-rate-us-dollar-usd.m,monthly,Interbank Exchange Rate,US Dollar (USD),1982-05,0,0,ok,,
fx.interbank-exchange-rate-us-dollar-usd.m,monthly,Interbank Exchange Rate,US Dollar (USD),1982-06,0,0,ok,,
fx.interbank-exchange-rate-us-dollar-usd.m,monthly,Interbank Exchange Rate,US Dollar (USD),1982-07,0,0,ok,,
fx.interbank-exchange-rate-us-dollar-usd.m,monthly,Interbank Exchange Rate,US Dollar (USD),1982-08,0,0,ok,,
fx.interbank-exchange-rate-us-dollar-usd.m,monthly,Interbank Exchange Rate,US Dollar (USD),1982-09,0,0,ok,,
fx.interbank-exchange-rate-us-dollar-usd.m,monthly,Interbank Exchange Rate,US Dollar (USD),1982-10,0,0,ok,,
fx.interbank-exchange-rate-us-dollar-usd.m,monthly,Interbank Exchange Rate,US Dollar (USD),1982-11,0,0,ok,,
fx.interbank-exchange-rate-us-dollar-usd.m,monthly,Interbank Exchange Rate,US Dollar (USD),1982-12,0,0,ok,,
fx.interbank-exchange-rate-us-dollar-usd.m,monthly,Interbank Exchange Rate,US Dollar (USD),1983-01,0,0,ok,,
fx.interbank-exchange-rate-us-dollar-usd.m,monthly,Interbank Exchange Rate,US Dollar (USD),1983-02,0,0,ok,,
fx.interbank-exchange-rate-us-dollar-usd.m,monthly,Interbank Exchange Rate,US Dollar (USD),1983-03,0,0,ok,,
fx.interbank-exchange-rate-us-dollar-usd.m,monthly,Interbank Exchange Rate,US Dollar (USD),1983-04,0,0,ok,,
fx.interbank-exchange-rate-us-dollar-usd.m,monthly,Interbank Exchange Rate,US Dollar (USD),1983-05,0,0,ok,,
fx.interbank-exchange-rate-us-dollar-usd.m,monthly,Interbank Exchange Rate,US Dollar (USD),1983-06,0,0,ok,,
fx.interbank-exchange-rate-us-dollar-usd.m,monthly,Interbank Exchange Rate,US Dollar (USD),1983-07,0,0,ok,,
fx.interbank-exchange-rate-us-dollar-usd.m,monthly,Interbank Exchange Rate,US Dollar (USD),1983-08,0,0,ok,,
fx.interbank-exchange-rate-us-dollar-usd.m,monthly,Interbank Exchange Rate,US Dollar (USD),1983-09,0,0,ok,,
fx.interbank-exchange-rate-us-dollar-usd.m,monthly,Interbank Exchange Rate,US Dollar (USD),1983-10,0,0,ok,,
fx.interbank-exchange-rate-us-dollar-usd.m,monthly,Interbank Exchange Rate,US Dollar (USD),1983-11,0,0,ok,,
fx.interbank-exchange-rate-us-dollar-usd.m,monthly,Interbank Exchange Rate,US Dollar (USD),1983-12,0,0,ok,,
fx.interbank-exchange-rate-us-dollar-usd.m,monthly,Interbank Exchange Rate,US Dollar (USD),1984-01,0,0,ok,,
fx.interbank-exchange-rate-us-dollar-usd.m,monthly,Interbank Exchange Rate,US Dollar (USD),1984-02,0,0,ok,,
fx.interbank-exchange-rate-us-dollar-usd.m,monthly,Interbank Exchange Rate,US Dollar (USD),1984-03,0,0,ok,,
fx.interbank-exchange-rate-us-dollar-usd.m,monthly,Interbank Exchange Rate,US Dollar (USD),1984-04,0,0,ok,,
fx.interbank-exchange-rate-us-dollar-usd.m,monthly,Interbank Exchange Rate,US Dollar (USD),1984-05,0,0,ok,,
fx.interbank-exchange-rate-us-dollar-usd.m,monthly,Interbank Exchange Rate,US Dollar (USD),1984-06,0,0,ok,,
fx.interbank-exchange-rate-us-dollar-usd.m,monthly,Interbank Exchange Rate,US Dollar (USD),1984-07,0,0,ok,,
fx.interbank-exchange-rate-us-dollar-usd.m,monthly,Interbank Exchange Rate,US Dollar (USD),1984-08,0,0,ok,,
fx.interbank-exchange-rate-us-dollar-usd.m,monthly,Interbank Exchange Rate,US Dollar (USD),1984-09,0,0,ok,,
fx.interbank-exchange-rate-us-dollar-usd.m,monthly,Interbank Exchange Rate,US Dollar (USD),1984-10,0,0,ok,,
fx.interbank-exchange-rate-us-dollar-usd.m,monthly,Interbank Exchange Rate,US Dollar (USD),1984-11,0,0,ok,,
fx.interbank-exchange-rate-us-dollar-usd.m,monthly,Interbank Exchange Rate,US Dollar (USD),1984-12,0,0,ok,,
fx.interbank-exchange-rate-us-dollar-usd.m,monthly,Interbank Exchange Rate,US Dollar (USD),1985-01,0.01,0.01,ok,,
fx.interbank-exchange-rate-us-dollar-usd.m,monthly,Interbank Exchange Rate,US Dollar (USD),1985-02,0.01,0.01,ok,,
fx.interbank-exchange-rate-us-dollar-usd.m,monthly,Interbank Exchange Rate,US Dollar (USD),1985-03,0.01,0.01,ok,,
fx.interbank-exchange-rate-us-dollar-usd.m,monthly,Interbank Exchange Rate,US Dollar (USD),1985-04,0.01,0.01,ok,,
fx.interbank-exchange-rate-us-dollar-usd.m,monthly,Interbank Exchange Rate,US Dollar (USD),1985-05,0.01,0.01,ok,,
fx.interbank-exchange-rate-us-dollar-usd.m,monthly,Interbank Exchange Rate,US Dollar (USD),1985-06,0.01,0.01,ok,,
fx.interbank-exchange-rate-us-dollar-usd.m,monthly,Interbank Exchange Rate,US Dollar (USD),1985-07,0.01,0.01,ok,,
fx.interbank-exchange-rate-us-dollar-usd.m,monthly,Interbank Exchange Rate,US Dollar (USD),1985-08,0.01,0.01,ok,,
fx.interbank-exchange-rate-us-dollar-usd.m,monthly,Interbank Exchange Rate,US Dollar (USD),1985-09,0.01,0.01,ok,,
fx.interbank-exchange-rate-us-dollar-usd.m,monthly,Interbank Exchange Rate,US Dollar (USD),1985-10,0.01,0.01,ok,,
fx.interbank-exchange-rate-us-dollar-usd.m,monthly,Interbank Exchange Rate,US Dollar (USD),1985-11,0.01,0.01,ok,,
fx.interbank-exchange-rate-us-dollar-usd.m,monthly,Interbank Exchange Rate,US Dollar (USD),1985-12,0.01,0.01,ok,,
fx.interbank-exchange-rate-us-dollar-usd.m,monthly,Interbank Exchange Rate,US Dollar (USD),1986-01,0.01,0.01,ok,,
fx.interbank-exchange-rate-us-dollar-usd.m,monthly,Interbank Exchange Rate,US Dollar (USD),1986-02,0.01,0.01,ok,,
fx.interbank-exchange-rate-us-dollar-usd.m,monthly,Interbank Exchange Rate,US Dollar (USD),1986-03,0.01,0.01,ok,,
fx.interbank-exchange-rate-us-dollar-usd.m,monthly,Interbank Exchange Rate,US Dollar (USD),1986-04,0.01,0.01,ok,,
fx.interbank-exchange-rate-us-dollar-usd.m,monthly,Interbank Exchange Rate,US Dollar (USD),1986-05,0.01,0.01,ok,,
fx.interbank-exchange-rate-us-dollar-usd.m,monthly,Interbank Exchange Rate,US Dollar (USD),1986-06,0.01,0.01,ok,,
fx.interbank-exchange-rate-us-dollar-usd.m,monthly,Interbank Exchange Rate,US Dollar (USD),1986-07,0.01,0.01,ok,,
fx.interbank-exchange-rate-us-dollar-usd.m,monthly,Interbank Exchange Rate,US Dollar (USD),1986-08,0.01,0.01,ok,,
fx.interbank-exchange-rate-us-dollar-usd.m,monthly,Interbank Exchange Rate,US Dollar (USD),1986-09,0.01,0.01,ok,,
fx.interbank-exchange-rate-us-dollar-usd.m,monthly,Interbank Exchange Rate,US Dollar (USD),1986-10,0.01,0.01,ok,,
fx.interbank-exchange-rate-us-dollar-usd.m,monthly,Interbank Exchange Rate,US Dollar (USD),1986-11,0.01,0.01,ok,,
fx.interbank-exchange-rate-us-dollar-usd.m,monthly,Interbank Exchange Rate,US Dollar (USD),1986-12,0.01,0.01,ok,,
fx.interbank-exchange-rate-us-dollar-usd.m,monthly,Interbank Exchange Rate,US Dollar (USD),1987-01,0.01,0.01,ok,,
fx.interbank-exchange-rate-us-dollar-usd.m,monthly,Interbank Exchange Rate,US Dollar (USD),1987-02,0.01,0.01,ok,,
fx.interbank-exchange-rate-us-dollar-usd.m,monthly,Interbank Exchange Rate,US Dollar (USD),1987-03,0.02,0.02,ok,,
fx.interbank-exchange-rate-us-dollar-usd.m,monthly,Interbank Exchange Rate,US Dollar (USD),1987-04,0.02,0.02,ok,,
fx.interbank-exchange-rate-us-dollar-usd.m,monthly,Interbank Exchange Rate,US Dollar (USD),1987-05,0.02,0.02,ok,,
fx.interbank-exchange-rate-us-dollar-usd.m,monthly,Interbank Exchange Rate,US Dollar (USD),1987-06,0.02,0.02,ok,,
fx.interbank-exchange-rate-us-dollar-usd.m,monthly,Interbank Exchange Rate,US Dollar (USD),1987-07,0.02,0.02,ok,,
fx.interbank-exchange-rate-us-dollar-usd.m,monthly,Interbank Exchange Rate,US Dollar (USD),1987-08,0.02,0.02,ok,,
fx.interbank-exchange-rate-us-dollar-usd.m,monthly,Interbank Exchange Rate,US Dollar (USD),1987-09,0.02,0.02,ok,,
fx.interbank-exchange-rate-us-dollar-usd.m,monthly,Interbank Exchange Rate,US Dollar (USD),1987-10,0.02,0.02,ok,,
fx.interbank-exchange-rate-us-dollar-usd.m,monthly,Interbank Exchange Rate,US Dollar (USD),1987-11,0.02,0.02,ok,,
fx.interbank-exchange-rate-us-dollar-usd.m,monthly,Interbank Exchange Rate,US Dollar (USD),1987-12,0.02,0.02,ok,,
fx.interbank-exchange-rate-us-dollar-usd.m,monthly,Interbank Exchange Rate,US Dollar (USD),1988-01,0.02,0.02,ok,,
fx.interbank-exchange-rate-us-dollar-usd.m,monthly,Interbank Exchange Rate,US Dollar (USD),1988-02,0.02,0.02,ok,,
fx.interbank-exchange-rate-us-dollar-usd.m,monthly,Interbank Exchange Rate,US Dollar (USD),1988-03,0.02,0.02,ok,,
fx.interbank-exchange-rate-us-dollar-usd.m,monthly,Interbank Exchange Rate,US Dollar (USD),1988-04,0.02,0.02,ok,,
fx.interbank-exchange-rate-us-dollar-usd.m,monthly,Interbank Exchange Rate,US Dollar (USD),1988-05,0.02,0.02,ok,,
fx.interbank-exchange-rate-us-dollar-usd.m,monthly,Interbank Exchange Rate,US Dollar (USD),1988-06,0.02,0.02,ok,,
fx.interbank-exchange-rate-us-dollar-usd.m,monthly,Interbank Exchange Rate,US Dollar (USD),1988-07,0.02,0.02,ok,,
fx.interbank-exchange-rate-us-dollar-usd.m,monthly,Interbank Exchange Rate,US Dollar (USD),1988-08,0.02,0.02,ok,,
fx.interbank-exchange-rate-us-dollar-usd.m,monthly,Interbank Exchange Rate,US Dollar (USD),1988-09,0.02,0.02,ok,,
fx.interbank-exchange-rate-us-dollar-usd.m,monthly,Interbank Exchange Rate,US Dollar (USD),1988-10,0.02,0.02,ok,,
fx.interbank-exchange-rate-us-dollar-usd.m,monthly,Interbank Exchange Rate,US Dollar (USD),1988-11,0.02,0.02,ok,,
fx.interbank-exchange-rate-us-dollar-usd.m,monthly,Interbank Exchange Rate,US Dollar (USD),1988-12,0.02,0.02,ok,,
fx.interbank-exchange-rate-us-dollar-usd.m,monthly,Interbank Exchange Rate,US Dollar (USD),1989-01,0.02,0.02,ok,,
fx.interbank-exchange-rate-us-dollar-usd.m,monthly,Interbank Exchange Rate,US Dollar (USD),1989-02,0.02,0.02,ok,,
fx.interbank-exchange-rate-us-dollar-usd.m,monthly,Interbank Exchange Rate,US Dollar (USD),1989-03,0.03,0.03,ok,,
fx.interbank-exchange-rate-us-dollar-usd.m,monthly,Interbank Exchange Rate,US Dollar (USD),1989-04,0.03,0.03,ok,,
fx.interbank-exchange-rate-us-dollar-usd.m,monthly,Interbank Exchange Rate,US Dollar (USD),1989-05,0.03,0.03,ok,,
fx.interbank-exchange-rate-us-dollar-usd.m,monthly,Interbank Exchange Rate,US Dollar (USD),1989-06,0.03,0.03,ok,,
fx.interbank-exchange-rate-us-dollar-usd.m,monthly,Interbank Exchange Rate,US Dollar (USD),1989-07,0.03,0.03,ok,,
fx.interbank-exchange-rate-us-dollar-usd.m,monthly,Interbank Exchange Rate,US Dollar (USD),1989-08,0.03,0.03,ok,,
fx.interbank-exchange-rate-us-dollar-usd.m,monthly,Interbank Exchange Rate,US Dollar (USD),1989-09,0.03,0.03,ok,,
fx.interbank-exchange-rate-us-dollar-usd.m,monthly,Interbank Exchange Rate,US Dollar (USD),1989-10,0.03,0.03,ok,,
fx.interbank-exchange-rate-us-dollar-usd.m,monthly,Interbank Exchange Rate,US Dollar (USD),1989-11,0.03,0.03,ok,,
fx.interbank-exchange-rate-us-dollar-usd.m,monthly,Interbank Exchange Rate,US Dollar (USD),1989-12,0.03,0.03,ok,,
fx.interbank-exchange-rate-us-dollar-usd.m,monthly,Interbank Exchange Rate,US Dollar (USD),1990-01,0.03,0.03,ok,,
fx.interbank-exchange-rate-us-dollar-usd.m,monthly,Interbank Exchange Rate,US Dollar (USD),1990-02,0.03,0.03,ok,,
fx.interbank-exchange-rate-us-dollar-usd.m,monthly,Interbank Exchange Rate,US Dollar (USD),1990-03,0.03,0.03,ok,,
fx.interbank-exchange-rate-us-dollar-usd.m,monthly,Interbank Exchange Rate,US Dollar (USD),1990-04,0.03,0.03,ok,,
fx.interbank-exchange-rate-us-dollar-usd.m,monthly,Interbank Exchange Rate,US Dollar (USD),1990-05,0.03,0.03,ok,,
fx.interbank-exchange-rate-us-dollar-usd.m,monthly,Interbank Exchange Rate,US Dollar (USD),1990-06,0.03,0.03,ok,,
fx.interbank-exchange-rate-us-dollar-usd.m,monthly,Interbank Exchange Rate,US Dollar (USD),1990-07,0.03,0.03,ok,,
fx.interbank-exchange-rate-us-dollar-usd.m,monthly,Interbank Exchange Rate,US Dollar (USD),1990-08,0.03,0.03,ok,,
fx.interbank-exchange-rate-us-dollar-usd.m,monthly,Interbank Exchange Rate,US Dollar (USD),1990-09,0.03,0.03,ok,,
fx.interbank-exchange-rate-us-dollar-usd.m,monthly,Interbank Exchange Rate,US Dollar (USD),1990-10,0.03,0.03,ok,,
fx.interbank-exchange-rate-us-dollar-usd.m,monthly,Interbank Exchange Rate,US Dollar (USD),1990-11,0.03,0.03,ok,,
fx.interbank-exchange-rate-us-dollar-usd.m,monthly,Interbank Exchange Rate,US Dollar (USD),1990-12,0.03,0.03,ok,,
fx.interbank-exchange-rate-us-dollar-usd.m,monthly,Interbank Exchange Rate,US Dollar (USD),1991-01,0.03,0.03,ok,,
fx.interbank-exchange-rate-us-dollar-usd.m,monthly,Interbank Exchange Rate,US Dollar (USD),1991-02,0.03,0.03,ok,,
fx.interbank-exchange-rate-us-dollar-usd.m,monthly,Interbank Exchange Rate,US Dollar (USD),1991-03,0.04,0.04,ok,,
fx.interbank-exchange-rate-us-dollar-usd.m,monthly,Interbank Exchange Rate,US Dollar (USD),1991-04,0.04,0.04,ok,,
fx.interbank-exchange-rate-us-dollar-usd.m,monthly,Interbank Exchange Rate,US Dollar (USD),1991-05,0.04,0.04,ok,,
fx.interbank-exchange-rate-us-dollar-usd.m,monthly,Interbank Exchange Rate,US Dollar (USD),1991-06,0.04,0.04,ok,,
fx.interbank-exchange-rate-us-dollar-usd.m,monthly,Interbank Exchange Rate,US Dollar (USD),1991-07,0.04,0.04,ok,,
fx.interbank-exchange-rate-us-dollar-usd.m,monthly,Interbank Exchange Rate,US Dollar (USD),1991-08,0.04,0.04,ok,,
fx.interbank-exchange-rate-us-dollar-usd.m,monthly,Interbank Exchange Rate,US Dollar (USD),1991-09,0.04,0.04,ok,,
fx.interbank-exchange-rate-us-dollar-usd.m,monthly,Interbank Exchange Rate,US Dollar (USD),1991-10,0.04,0.04,ok,,
fx.interbank-exchange-rate-us-dollar-usd.m,monthly,Interbank Exchange Rate,US Dollar (USD),1991-11,0.04,0.04,ok,,
fx.interbank-exchange-rate-us-dollar-usd.m,monthly,Interbank Exchange Rate,US Dollar (USD),1991-12,0.04,0.04,ok,,
fx.interbank-exchange-rate-us-dollar-usd.m,monthly,Interbank Exchange Rate,US Dollar (USD),1992-01,0.04,0.04,ok,,
fx.interbank-exchange-rate-us-dollar-usd.m,monthly,Interbank Exchange Rate,US Dollar (USD),1992-02,0.04,0.04,ok,,
fx.interbank-exchange-rate-us-dollar-usd.m,monthly,Interbank Exchange Rate,US Dollar (USD),1992-03,0.04,0.04,ok,,
fx.interbank-exchange-rate-us-dollar-usd.m,monthly,Interbank Exchange Rate,US Dollar (USD),1992-04,0.04,0.04,ok,,
fx.interbank-exchange-rate-us-dollar-usd.m,monthly,Interbank Exchange Rate,US Dollar (USD),1992-05,0.04,0.04,ok,,
fx.interbank-exchange-rate-us-dollar-usd.m,monthly,Interbank Exchange Rate,US Dollar (USD),1992-06,0.04,0.04,ok,,
fx.interbank-exchange-rate-us-dollar-usd.m,monthly,Interbank Exchange Rate,US Dollar (USD),1992-07,0.04,0.04,ok,,
fx.interbank-exchange-rate-us-dollar-usd.m,monthly,Interbank Exchange Rate,US Dollar (USD),1992-08,0.04,0.04,ok,,
fx.interbank-exchange-rate-us-dollar-usd.m,monthly,Interbank Exchange Rate,US Dollar (USD),1992-09,0.05,0.05,ok,,
fx.interbank-exchange-rate-us-dollar-usd.m,monthly,Interbank Exchange Rate,US Dollar (USD),1992-10,0.05,0.05,ok,,
fx.interbank-exchange-rate-us-dollar-usd.m,monthly,Interbank Exchange Rate,US Dollar (USD),1992-11,0.05,0.05,ok,,
fx.interbank-exchange-rate-us-dollar-usd.m,monthly,Interbank Exchange Rate,US Dollar (USD),1992-12,0.05,0.05,ok,,
fx.interbank-exchange-rate-us-dollar-usd.m,monthly,Interbank Exchange Rate,US Dollar (USD),1993-01,0.05,0.05,ok,,
fx.interbank-exchange-rate-us-dollar-usd.m,monthly,Interbank Exchange Rate,US Dollar (USD),1993-02,0.06,0.06,ok,,
fx.interbank-exchange-rate-us-dollar-usd.m,monthly,Interbank Exchange Rate,US Dollar (USD),1993-03,0.06,0.06,ok,,
fx.interbank-exchange-rate-us-dollar-usd.m,monthly,Interbank Exchange Rate,US Dollar (USD),1993-04,0.06,0.06,ok,,
fx.interbank-exchange-rate-us-dollar-usd.m,monthly,Interbank Exchange Rate,US Dollar (USD),1993-05,0.06,0.06,ok,,
fx.interbank-exchange-rate-us-dollar-usd.m,monthly,Interbank Exchange Rate,US Dollar (USD),1993-06,0.06,0.06,ok,,
fx.interbank-exchange-rate-us-dollar-usd.m,monthly,Interbank Exchange Rate,US Dollar (USD),1993-07,0.07,0.07,ok,,
fx.interbank-exchange-rate-us-dollar-usd.m,monthly,Interbank Exchange Rate,US Dollar (USD),1993-08,0.07,0.07,ok,,
fx.interbank-exchange-rate-us-dollar-usd.m,monthly,Interbank Exchange Rate,US Dollar (USD),1993-09,0.07,0.07,ok,,
fx.interbank-exchange-rate-us-dollar-usd.m,monthly,Interbank Exchange Rate,US Dollar (USD),1993-10,0.07,0.07,ok,,
fx.interbank-exchange-rate-us-dollar-usd.m,monthly,Interbank Exchange Rate,US Dollar (USD),1993-11,0.07,0.07,ok,,
fx.interbank-exchange-rate-us-dollar-usd.m,monthly,Interbank Exchange Rate,US Dollar (USD),1993-12,0.08,0.08,ok,,
fx.interbank-exchange-rate-us-dollar-usd.m,monthly,Interbank Exchange Rate,US Dollar (USD),1994-01,0.08,0.08,ok,,
fx.interbank-exchange-rate-us-dollar-usd.m,monthly,Interbank Exchange Rate,US Dollar (USD),1994-02,0.09,0.09,ok,,
fx.interbank-exchange-rate-us-dollar-usd.m,monthly,Interbank Exchange Rate,US Dollar (USD),1994-03,0.09,0.09,ok,,
fx.interbank-exchange-rate-us-dollar-usd.m,monthly,Interbank Exchange Rate,US Dollar (USD),1994-04,0.09,0.09,ok,,
fx.interbank-exchange-rate-us-dollar-usd.m,monthly,Interbank Exchange Rate,US Dollar (USD),1994-05,0.09,0.09,ok,,
fx.interbank-exchange-rate-us-dollar-usd.m,monthly,Interbank Exchange Rate,US Dollar (USD),1994-06,0.09,0.09,ok,,
fx.interbank-exchange-rate-us-dollar-usd.m,monthly,Interbank Exchange Rate,US Dollar (USD),1994-07,0.1,0.1,ok,,
fx.interbank-exchange-rate-us-dollar-usd.m,monthly,Interbank Exchange Rate,US Dollar (USD),1994-08,0.1,0.1,ok,,
fx.interbank-exchange-rate-us-dollar-usd.m,monthly,Interbank Exchange Rate,US Dollar (USD),1994-09,0.1,0.1,ok,,
fx.interbank-exchange-rate-us-dollar-usd.m,monthly,Interbank Exchange Rate,US Dollar (USD),1994-10,0.1,0.1,ok,,
fx.interbank-exchange-rate-us-dollar-usd.m,monthly,Interbank Exchange Rate,US Dollar (USD),1994-11,0.1,0.1,ok,,
fx.interbank-exchange-rate-us-dollar-usd.m,monthly,Interbank Exchange Rate,US Dollar (USD),1994-12,0.1,0.1,ok,,
fx.interbank-exchange-rate-us-dollar-usd.m,monthly,Interbank Exchange Rate,US Dollar (USD),1995-01,0.11,0.11,ok,,
fx.interbank-exchange-rate-us-dollar-usd.m,monthly,Interbank Exchange Rate,US Dollar (USD),1995-02,0.11,0.11,ok,,
fx.interbank-exchange-rate-us-dollar-usd.m,monthly,Interbank Exchange Rate,US Dollar (USD),1995-03,0.11,0.11,ok,,
fx.interbank-exchange-rate-us-dollar-usd.m,monthly,Interbank Exchange Rate,US Dollar (USD),1995-04,0.11,0.11,ok,,
fx.interbank-exchange-rate-us-dollar-usd.m,monthly,Interbank Exchange Rate,US Dollar (USD),1995-05,0.11,0.11,ok,,
fx.interbank-exchange-rate-us-dollar-usd.m,monthly,Interbank Exchange Rate,US Dollar (USD),1995-06,0.12,0.12,ok,,
fx.interbank-exchange-rate-us-dollar-usd.m,monthly,Interbank Exchange Rate,US Dollar (USD),1995-07,0.12,0.12,ok,,
fx.interbank-exchange-rate-us-dollar-usd.m,monthly,Interbank Exchange Rate,US Dollar (USD),1995-08,0.12,0.12,ok,,
fx.interbank-exchange-rate-us-dollar-usd.m,monthly,Interbank Exchange Rate,US Dollar (USD),1995-09,0.12,0.12,ok,,
fx.interbank-exchange-rate-us-dollar-usd.m,monthly,Interbank Exchange Rate,US Dollar (USD),1995-10,0.13,0.13,ok,,
fx.interbank-exchange-rate-us-dollar-usd.m,monthly,Interbank Exchange Rate,US Dollar (USD),1995-11,0.14,0.14,ok,,
fx.interbank-exchange-rate-us-dollar-usd.m,monthly,Interbank Exchange Rate,US Dollar (USD),1995-12,0.14,0.14,ok,,
fx.interbank-exchange-rate-us-dollar-usd.m,monthly,Interbank Exchange Rate,US Dollar (USD),1996-01,0.15,0.15,ok,,
fx.interbank-exchange-rate-us-dollar-usd.m,monthly,Interbank Exchange Rate,US Dollar (USD),1996-02,0.15,0.15,ok,,
fx.interbank-exchange-rate-us-dollar-usd.m,monthly,Interbank Exchange Rate,US Dollar (USD),1996-03,0.16,0.16,ok,,
fx.interbank-exchange-rate-us-dollar-usd.m,monthly,Interbank Exchange Rate,US Dollar (USD),1996-04,0.16,0.16,ok,,
fx.interbank-exchange-rate-us-dollar-usd.m,monthly,Interbank Exchange Rate,US Dollar (USD),1996-05,0.16,0.16,ok,,
fx.interbank-exchange-rate-us-dollar-usd.m,monthly,Interbank Exchange Rate,US Dollar (USD),1996-06,0.16,0.16,ok,,
fx.interbank-exchange-rate-us-dollar-usd.m,monthly,Interbank Exchange Rate,US Dollar (USD),1996-07,0.17,0.17,ok,,
fx.interbank-exchange-rate-us-dollar-usd.m,monthly,Interbank Exchange Rate,US Dollar (USD),1996-08,0.17,0.17,ok,,
fx.interbank-exchange-rate-us-dollar-usd.m,monthly,Interbank Exchange Rate,US Dollar (USD),1996-09,0.17,0.17,ok,,
fx.interbank-exchange-rate-us-dollar-usd.m,monthly,Interbank Exchange Rate,US Dollar (USD),1996-10,0.17,0.17,ok,,
fx.interbank-exchange-rate-us-dollar-usd.m,monthly,Interbank Exchange Rate,US Dollar (USD),1996-11,0.17,0.17,ok,,
fx.interbank-exchange-rate-us-dollar-usd.m,monthly,Interbank Exchange Rate,US Dollar (USD),1996-12,0.17,0.17,ok,,
fx.interbank-exchange-rate-us-dollar-usd.m,monthly,Interbank Exchange Rate,US Dollar (USD),1997-01,0.17,0.17,ok,,
fx.interbank-exchange-rate-us-dollar-usd.m,monthly,Interbank Exchange Rate,US Dollar (USD),1997-02,0.18,0.18,ok,,
fx.interbank-exchange-rate-us-dollar-usd.m,monthly,Interbank Exchange Rate,US Dollar (USD),1997-03,0.19,0.19,ok,,
fx.interbank-exchange-rate-us-dollar-usd.m,monthly,Interbank Exchange Rate,US Dollar (USD),1997-04,0.19,0.19,ok,,
fx.interbank-exchange-rate-us-dollar-usd.m,monthly,Interbank Exchange Rate,US Dollar (USD),1997-05,0.2,0.2,ok,,
fx.interbank-exchange-rate-us-dollar-usd.m,monthly,Interbank Exchange Rate,US Dollar (USD),1997-06,0.21,0.21,ok,,
fx.interbank-exchange-rate-us-dollar-usd.m,monthly,Interbank Exchange Rate,US Dollar (USD),1997-07,0.21,0.21,ok,,
fx.interbank-exchange-rate-us-dollar-usd.m,monthly,Interbank Exchange Rate,US Dollar (USD),1997-08,0.22,0.22,ok,,
fx.interbank-exchange-rate-us-dollar-usd.m,monthly,Interbank Exchange Rate,US Dollar (USD),1997-09,0.22,0.22,ok,,
fx.interbank-exchange-rate-us-dollar-usd.m,monthly,Interbank Exchange Rate,US Dollar (USD),1997-10,0.22,0.22,ok,,
fx.interbank-exchange-rate-us-dollar-usd.m,monthly,Interbank Exchange Rate,US Dollar (USD),1997-11,0.22,0.22,ok,,
fx.interbank-exchange-rate-us-dollar-usd.m,monthly,Interbank Exchange Rate,US Dollar (USD),1997-12,0.22,0.22,ok,,
fx.interbank-exchange-rate-us-dollar-usd.m,monthly,Interbank Exchange Rate,US Dollar (USD),1998-01,0.23,0.23,ok,,
fx.interbank-exchange-rate-us-dollar-usd.m,monthly,Interbank Exchange Rate,US Dollar (USD),1998-02,0.23,0.23,ok,,
fx.interbank-exchange-rate-us-dollar-usd.m,monthly,Interbank Exchange Rate,US Dollar (USD),1998-03,0.23,0.23,ok,,
fx.interbank-exchange-rate-us-dollar-usd.m,monthly,Interbank Exchange Rate,US Dollar (USD),1998-04,0.23,0.23,ok,,
fx.interbank-exchange-rate-us-dollar-usd.m,monthly,Interbank Exchange Rate,US Dollar (USD),1998-05,0.23,0.23,ok,,
fx.interbank-exchange-rate-us-dollar-usd.m,monthly,Interbank Exchange Rate,US Dollar (USD),1998-06,0.23,0.23,ok,,
fx.interbank-exchange-rate-us-dollar-usd.m,monthly,Interbank Exchange Rate,US Dollar (USD),1998-07,0.23,0.23,ok,,
fx.interbank-exchange-rate-us-dollar-usd.m,monthly,Interbank Exchange Rate,US Dollar (USD),1998-08,0.23,0.23,ok,,
fx.interbank-exchange-rate-us-dollar-usd.m,monthly,Interbank Exchange Rate,US Dollar (USD),1998-09,0.23,0.23,ok,,
fx.interbank-exchange-rate-us-dollar-usd.m,monthly,Interbank Exchange Rate,US Dollar (USD),1998-10,0.23,0.23,ok,,
fx.interbank-exchange-rate-us-dollar-usd.m,monthly,Interbank Exchange Rate,US Dollar (USD),1998-11,0.23,0.23,ok,,
fx.interbank-exchange-rate-us-dollar-usd.m,monthly,Interbank Exchange Rate,US Dollar (USD),1998-12,0.23,0.23,ok,,
fx.interbank-exchange-rate-us-dollar-usd.m,monthly,Interbank Exchange Rate,US Dollar (USD),1999-01,0.23,0.23,ok,,
fx.interbank-exchange-rate-us-dollar-usd.m,monthly,Interbank Exchange Rate,US Dollar (USD),1999-02,0.24,0.24,ok,,
fx.interbank-exchange-rate-us-dollar-usd.m,monthly,Interbank Exchange Rate,US Dollar (USD),1999-03,0.24,0.24,ok,,
fx.interbank-exchange-rate-us-dollar-usd.m,monthly,Interbank Exchange Rate,US Dollar (USD),1999-04,0.24,0.24,ok,,
fx.interbank-exchange-rate-us-dollar-usd.m,monthly,Interbank Exchange Rate,US Dollar (USD),1999-05,0.25,0.25,ok,,
fx.interbank-exchange-rate-us-dollar-usd.m,monthly,Interbank Exchange Rate,US Dollar (USD),1999-06,0.25,0.25,ok,,
fx.interbank-exchange-rate-us-dollar-usd.m,monthly,Interbank Exchange Rate,US Dollar (USD),1999-07,0.26,0.26,ok,,
fx.interbank-exchange-rate-us-dollar-usd.m,monthly,Interbank Exchange Rate,US Dollar (USD),1999-08,0.26,0.26,ok,,
fx.interbank-exchange-rate-us-dollar-usd.m,monthly,Interbank Exchange Rate,US Dollar (USD),1999-09,0.26,0.26,ok,,
fx.interbank-exchange-rate-us-dollar-usd.m,monthly,Interbank Exchange Rate,US Dollar (USD),1999-10,0.28,0.28,ok,,
fx.interbank-exchange-rate-us-dollar-usd.m,monthly,Interbank Exchange Rate,US Dollar (USD),1999-11,0.32,0.32,ok,,
fx.interbank-exchange-rate-us-dollar-usd.m,monthly,Interbank Exchange Rate,US Dollar (USD),1999-12,0.35,0.35,ok,,
fx.interbank-exchange-rate-us-dollar-usd.m,monthly,Interbank Exchange Rate,US Dollar (USD),2000-01,0.35,0.35,ok,,
fx.interbank-exchange-rate-us-dollar-usd.m,monthly,Interbank Exchange Rate,US Dollar (USD),2000-02,0.37,0.37,ok,,
fx.interbank-exchange-rate-us-dollar-usd.m,monthly,Interbank Exchange Rate,US Dollar (USD),2000-03,0.39,0.39,ok,,
fx.interbank-exchange-rate-us-dollar-usd.m,monthly,Interbank Exchange Rate,US Dollar (USD),2000-04,0.43,0.43,ok,,
fx.interbank-exchange-rate-us-dollar-usd.m,monthly,Interbank Exchange Rate,US Dollar (USD),2000-05,0.46,0.46,ok,,
fx.interbank-exchange-rate-us-dollar-usd.m,monthly,Interbank Exchange Rate,US Dollar (USD),2000-06,0.5,0.5,ok,,
fx.interbank-exchange-rate-us-dollar-usd.m,monthly,Interbank Exchange Rate,US Dollar (USD),2000-07,0.58,0.58,ok,,
fx.interbank-exchange-rate-us-dollar-usd.m,monthly,Interbank Exchange Rate,US Dollar (USD),2000-08,0.63,0.63,ok,,
fx.interbank-exchange-rate-us-dollar-usd.m,monthly,Interbank Exchange Rate,US Dollar (USD),2000-09,0.65,0.65,ok,,
fx.interbank-exchange-rate-us-dollar-usd.m,monthly,Interbank Exchange Rate,US Dollar (USD),2000-10,0.66,0.66,ok,,
fx.interbank-exchange-rate-us-dollar-usd.m,monthly,Interbank Exchange Rate,US Dollar (USD),2000-11,0.68,0.68,ok,,
fx.interbank-exchange-rate-us-dollar-usd.m,monthly,Interbank Exchange Rate,US Dollar (USD),2000-12,0.64,0.64,ok,,
fx.interbank-exchange-rate-us-dollar-usd.m,monthly,Interbank Exchange Rate,US Dollar (USD),2001-01,0.69,0.69,ok,,
fx.interbank-exchange-rate-us-dollar-usd.m,monthly,Interbank Exchange Rate,US Dollar (USD),2001-02,0.69,0.69,ok,,
fx.interbank-exchange-rate-us-dollar-usd.m,monthly,Interbank Exchange Rate,US Dollar (USD),2001-03,0.71,0.71,ok,,
fx.interbank-exchange-rate-us-dollar-usd.m,monthly,Interbank Exchange Rate,US Dollar (USD),2001-04,0.71,0.71,ok,,
fx.interbank-exchange-rate-us-dollar-usd.m,monthly,Interbank Exchange Rate,US Dollar (USD),2001-05,0.71,0.71,ok,,
fx.interbank-exchange-rate-us-dollar-usd.m,monthly,Interbank Exchange Rate,US Dollar (USD),2001-06,0.72,0.72,ok,,
fx.interbank-exchange-rate-us-dollar-usd.m,monthly,Interbank Exchange Rate,US Dollar (USD),2001-07,0.71,0.71,ok,,
fx.interbank-exchange-rate-us-dollar-usd.m,monthly,Interbank Exchange Rate,US Dollar (USD),2001-08,0.71,0.71,ok,,
fx.interbank-exchange-rate-us-dollar-usd.m,monthly,Interbank Exchange Rate,US Dollar (USD),2001-09,0.71,0.71,ok,,
fx.interbank-exchange-rate-us-dollar-usd.m,monthly,Interbank Exchange Rate,US Dollar (USD),2001-10,0.71,0.71,ok,,
fx.interbank-exchange-rate-us-dollar-usd.m,monthly,Interbank Exchange Rate,US Dollar (USD),2001-11,0.71,0.71,ok,,
fx.interbank-exchange-rate-us-dollar-usd.m,monthly,Interbank Exchange Rate,US Dollar (USD),2001-12,0.72,0.72,ok,,
fx.interbank-exchange-rate-us-dollar-usd.m,monthly,Interbank Exchange Rate,US Dollar (USD),2002-01,0.73,0.73,ok,,
fx.interbank-exchange-rate-us-dollar-usd.m,monthly,Interbank Exchange Rate,US Dollar (USD),2002-02,0.74,0.74,ok,,
fx.interbank-exchange-rate-us-dollar-usd.m,monthly,Interbank Exchange Rate,US Dollar (USD),2002-03,0.76,0.76,ok,,
fx.interbank-exchange-rate-us-dollar-usd.m,monthly,Interbank Exchange Rate,US Dollar (USD),2002-04,0.77,0.77,ok,,
fx.interbank-exchange-rate-us-dollar-usd.m,monthly,Interbank Exchange Rate,US Dollar (USD),2002-05,0.78,0.78,ok,,
fx.interbank-exchange-rate-us-dollar-usd.m,monthly,Interbank Exchange Rate,US Dollar (USD),2002-06,0.79,0.79,ok,,
fx.interbank-exchange-rate-us-dollar-usd.m,monthly,Interbank Exchange Rate,US Dollar (USD),2002-07,0.8,0.8,ok,,
fx.interbank-exchange-rate-us-dollar-usd.m,monthly,Interbank Exchange Rate,US Dollar (USD),2002-08,0.81,0.81,ok,,
fx.interbank-exchange-rate-us-dollar-usd.m,monthly,Interbank Exchange Rate,US Dollar (USD),2002-09,0.81,0.81,ok,,
fx.interbank-exchange-rate-us-dollar-usd.m,monthly,Interbank Exchange Rate,US Dollar (USD),2002-10,0.82,0.82,ok,,
fx.interbank-exchange-rate-us-dollar-usd.m,monthly,Interbank Exchange Rate,US Dollar (USD),2002-11,0.81,0.81,ok,,
fx.interbank-exchange-rate-us-dollar-usd.m,monthly,Interbank Exchange Rate,US Dollar (USD),2002-12,0.83,0.83,ok,,
fx.interbank-exchange-rate-us-dollar-usd.m,monthly,Interbank Exchange Rate,US Dollar (USD),2003-01,0.84,0.84,ok,,
fx.interbank-exchange-rate-us-dollar-usd.m,monthly,Interbank Exchange Rate,US Dollar (USD),2003-02,0.85,0.85,ok,,
fx.interbank-exchange-rate-us-dollar-usd.m,monthly,Interbank Exchange Rate,US Dollar (USD),2003-03,0.86,0.86,ok,,
fx.interbank-exchange-rate-us-dollar-usd.m,monthly,Interbank Exchange Rate,US Dollar (USD),2003-04,0.86,0.86,ok,,
fx.interbank-exchange-rate-us-dollar-usd.m,monthly,Interbank Exchange Rate,US Dollar (USD),2003-05,0.86,0.86,ok,,
fx.interbank-exchange-rate-us-dollar-usd.m,monthly,Interbank Exchange Rate,US Dollar (USD),2003-06,0.87,0.87,ok,,
fx.interbank-exchange-rate-us-dollar-usd.m,monthly,Interbank Exchange Rate,US Dollar (USD),2003-07,0.87,0.87,ok,,
fx.interbank-exchange-rate-us-dollar-usd.m,monthly,Interbank Exchange Rate,US Dollar (USD),2003-08,0.87,0.87,ok,,
fx.interbank-exchange-rate-us-dollar-usd.m,monthly,Interbank Exchange Rate,US Dollar (USD),2003-09,0.86,0.86,ok,,
fx.interbank-exchange-rate-us-dollar-usd.m,monthly,Interbank Exchange Rate,US Dollar (USD),2003-10,0.87,0.87,ok,,
fx.interbank-exchange-rate-us-dollar-usd.m,monthly,Interbank Exchange Rate,US Dollar (USD),2003-11,0.88,0.88,ok,,
fx.interbank-exchange-rate-us-dollar-usd.m,monthly,Interbank Exchange Rate,US Dollar (USD),2003-12,0.88,0.88,ok,,
fx.interbank-exchange-rate-us-dollar-usd.m,monthly,Interbank Exchange Rate,US Dollar (USD),2004-01,0.88,0.88,ok,,
fx.interbank-exchange-rate-us-dollar-usd.m,monthly,Interbank Exchange Rate,US Dollar (USD),2004-02,0.89,0.89,ok,,
fx.interbank-exchange-rate-us-dollar-usd.m,monthly,Interbank Exchange Rate,US Dollar (USD),2004-03,0.89,0.89,ok,,
fx.interbank-exchange-rate-us-dollar-usd.m,monthly,Interbank Exchange Rate,US Dollar (USD),2004-04,0.9,0.9,ok,,
fx.interbank-exchange-rate-us-dollar-usd.m,monthly,Interbank Exchange Rate,US Dollar (USD),2004-05,0.9,0.9,ok,,
fx.interbank-exchange-rate-us-dollar-usd.m,monthly,Interbank Exchange Rate,US Dollar (USD),2004-06,0.9,0.9,ok,,
fx.interbank-exchange-rate-us-dollar-usd.m,monthly,Interbank Exchange Rate,US Dollar (USD),2004-07,0.9,0.9,ok,,
fx.interbank-exchange-rate-us-dollar-usd.m,monthly,Interbank Exchange Rate,US Dollar (USD),2004-08,0.9,0.9,ok,,
fx.interbank-exchange-rate-us-dollar-usd.m,monthly,Interbank Exchange Rate,US Dollar (USD),2004-09,0.9,0.9,ok,,
fx.interbank-exchange-rate-us-dollar-usd.m,monthly,Interbank Exchange Rate,US Dollar (USD),2004-10,0.9,0.9,ok,,
fx.interbank-exchange-rate-us-dollar-usd.m,monthly,Interbank Exchange Rate,US Dollar (USD),2004-11,0.9,0.9,ok,,
fx.interbank-exchange-rate-us-dollar-usd.m,monthly,Interbank Exchange Rate,US Dollar (USD),2004-12,0.9,0.9,ok,,
fx.interbank-exchange-rate-us-dollar-usd.m,monthly,Interbank Exchange Rate,US Dollar (USD),2005-01,0.9,0.9,ok,,
fx.interbank-exchange-rate-us-dollar-usd.m,monthly,Interbank Exchange Rate,US Dollar (USD),2005-02,0.9,0.9,ok,,
fx.interbank-exchange-rate-us-dollar-usd.m,monthly,Interbank Exchange Rate,US Dollar (USD),2005-03,0.9,0.9,ok,,
fx.interbank-exchange-rate-us-dollar-usd.m,monthly,Interbank Exchange Rate,US Dollar (USD),2005-04,0.91,0.91,ok,,
fx.interbank-exchange-rate-us-dollar-usd.m,monthly,Interbank Exchange Rate,US Dollar (USD),2005-05,0.91,0.91,ok,,
fx.interbank-exchange-rate-us-dollar-usd.m,monthly,Interbank Exchange Rate,US Dollar (USD),2005-06,0.91,0.91,ok,,
fx.interbank-exchange-rate-us-dollar-usd.m,monthly,Interbank Exchange Rate,US Dollar (USD),2005-07,0.91,0.91,ok,,
fx.interbank-exchange-rate-us-dollar-usd.m,monthly,Interbank Exchange Rate,US Dollar (USD),2005-08,0.91,0.91,ok,,
fx.interbank-exchange-rate-us-dollar-usd.m,monthly,Interbank Exchange Rate,US Dollar (USD),2005-09,0.9,0.9,ok,,
fx.interbank-exchange-rate-us-dollar-usd.m,monthly,Interbank Exchange Rate,US Dollar (USD),2005-10,0.91,0.91,ok,,
fx.interbank-exchange-rate-us-dollar-usd.m,monthly,Interbank Exchange Rate,US Dollar (USD),2005-11,0.91,0.91,ok,,
fx.interbank-exchange-rate-us-dollar-usd.m,monthly,Interbank Exchange Rate,US Dollar (USD),2005-12,0.91,0.91,ok,,
fx.interbank-exchange-rate-us-dollar-usd.m,monthly,Interbank Exchange Rate,US Dollar (USD),2006-01,0.91,0.91,ok,,
fx.interbank-exchange-rate-us-dollar-usd.m,monthly,Interbank Exchange Rate,US Dollar (USD),2006-02,0.91,0.91,ok,,
fx.interbank-exchange-rate-us-dollar-usd.m,monthly,Interbank Exchange Rate,US Dollar (USD),2006-03,0.91,0.91,ok,,
fx.interbank-exchange-rate-us-dollar-usd.m,monthly,Interbank Exchange Rate,US Dollar (USD),2006-04,0.91,0.91,ok,,
fx.interbank-exchange-rate-us-dollar-usd.m,monthly,Interbank Exchange Rate,US Dollar (USD),2006-05,0.91,0.91,ok,,
fx.interbank-exchange-rate-us-dollar-usd.m,monthly,Interbank Exchange Rate,US Dollar (USD),2006-06,0.91,0.91,ok,,
fx.interbank-exchange-rate-us-dollar-usd.m,monthly,Interbank Exchange Rate,US Dollar (USD),2006-07,0.92,0.92,ok,,
fx.interbank-exchange-rate-us-dollar-usd.m,monthly,Interbank Exchange Rate,US Dollar (USD),2006-08,0.92,0.92,ok,,
fx.interbank-exchange-rate-us-dollar-usd.m,monthly,Interbank Exchange Rate,US Dollar (USD),2006-09,0.92,0.92,ok,,
fx.interbank-exchange-rate-us-dollar-usd.m,monthly,Interbank Exchange Rate,US Dollar (USD),2006-10,0.92,0.92,ok,,
fx.interbank-exchange-rate-us-dollar-usd.m,monthly,Interbank Exchange Rate,US Dollar (USD),2006-11,0.92,0.92,ok,,
fx.interbank-exchange-rate-us-dollar-usd.m,monthly,Interbank Exchange Rate,US Dollar (USD),2006-12,0.92,0.92,ok,,
fx.interbank-exchange-rate-us-dollar-usd.m,monthly,Interbank Exchange Rate,US Dollar (USD),2007-01,0.92,0.92,ok,,
fx.interbank-exchange-rate-us-dollar-usd.m,monthly,Interbank Exchange Rate,US Dollar (USD),2007-02,0.92,0.92,ok,,
fx.interbank-exchange-rate-us-dollar-usd.m,monthly,Interbank Exchange Rate,US Dollar (USD),2007-03,0.92,0.92,ok,,
fx.interbank-exchange-rate-us-dollar-usd.m,monthly,Interbank Exchange Rate,US Dollar (USD),2007-04,0.93,0.93,ok,,
fx.interbank-exchange-rate-us-dollar-usd.m,monthly,Interbank Exchange Rate,US Dollar (USD),2007-05,0.93,0.93,ok,,
fx.interbank-exchange-rate-us-dollar-usd.m,monthly,Interbank Exchange Rate,US Dollar (USD),2007-06,0.93,0.93,ok,,
fx.interbank-exchange-rate-us-dollar-usd.m,monthly,Interbank Exchange Rate,US Dollar (USD),2007-07,0.93,0.93,ok,,
fx.interbank-exchange-rate-us-dollar-usd.m,monthly,Interbank Exchange Rate,US Dollar (USD),2007-08,0.93,0.93,ok,,
fx.interbank-exchange-rate-us-dollar-usd.m,monthly,Interbank Exchange Rate,US Dollar (USD),2007-09,0.94,0.94,ok,,
fx.interbank-exchange-rate-us-dollar-usd.m,monthly,Interbank Exchange Rate,US Dollar (USD),2007-10,0.94,0.94,ok,,
fx.interbank-exchange-rate-us-dollar-usd.m,monthly,Interbank Exchange Rate,US Dollar (USD),2007-11,0.95,0.95,ok,,
fx.interbank-exchange-rate-us-dollar-usd.m,monthly,Interbank Exchange Rate,US Dollar (USD),2007-12,0.96,0.96,ok,,
fx.interbank-exchange-rate-us-dollar-usd.m,monthly,Interbank Exchange Rate,US Dollar (USD),2008-01,0.97,0.97,ok,,
fx.interbank-exchange-rate-us-dollar-usd.m,monthly,Interbank Exchange Rate,US Dollar (USD),2008-02,0.97,0.97,ok,,
fx.interbank-exchange-rate-us-dollar-usd.m,monthly,Interbank Exchange Rate,US Dollar (USD),2008-03,0.98,0.98,ok,,
fx.interbank-exchange-rate-us-dollar-usd.m,monthly,Interbank Exchange Rate,US Dollar (USD),2008-04,0.98,0.98,ok,,
fx.interbank-exchange-rate-us-dollar-usd.m,monthly,Interbank Exchange Rate,US Dollar (USD),2008-05,0.99,0.99,ok,,
fx.interbank-exchange-rate-us-dollar-usd.m,monthly,Interbank Exchange Rate,US Dollar (USD),2008-06,1.01,1.01,ok,,
fx.interbank-exchange-rate-us-dollar-usd.m,monthly,Interbank Exchange Rate,US Dollar (USD),2008-07,1.04,1.04,ok,,
fx.interbank-exchange-rate-us-dollar-usd.m,monthly,Interbank Exchange Rate,US Dollar (USD),2008-08,1.08,1.08,ok,,
fx.interbank-exchange-rate-us-dollar-usd.m,monthly,Interbank Exchange Rate,US Dollar (USD),2008-09,1.11,1.11,ok,,
fx.interbank-exchange-rate-us-dollar-usd.m,monthly,Interbank Exchange Rate,US Dollar (USD),2008-10,1.14,1.14,ok,,
fx.interbank-exchange-rate-us-dollar-usd.m,monthly,Interbank Exchange Rate,US Dollar (USD),2008-11,1.17,1.17,ok,,
fx.interbank-exchange-rate-us-dollar-usd.m,monthly,Interbank Exchange Rate,US Dollar (USD),2008-12,1.19,1.19,ok,,
fx.interbank-exchange-rate-us-dollar-usd.m,monthly,Interbank Exchange Rate,US Dollar (USD),2009-01,1.24,1.24,ok,,
fx.interbank-exchange-rate-us-dollar-usd.m,monthly,Interbank Exchange Rate,US Dollar (USD),2009-02,1.31,1.31,ok,,
fx.interbank-exchange-rate-us-dollar-usd.m,monthly,Interbank Exchange Rate,US Dollar (USD),2009-03,1.35,1.35,ok,,
fx.interbank-exchange-rate-us-dollar-usd.m,monthly,Interbank Exchange Rate,US Dollar (USD),2009-04,1.38,1.38,ok,,
fx.interbank-exchange-rate-us-dollar-usd.m,monthly,Interbank Exchange Rate,US Dollar (USD),2009-05,1.41,1.41,ok,,
fx.interbank-exchange-rate-us-dollar-usd.m,monthly,Interbank Exchange Rate,US Dollar (USD),2009-06,1.44,1.44,ok,,
fx.interbank-exchange-rate-us-dollar-usd.m,monthly,Interbank Exchange Rate,US Dollar (USD),2009-07,1.46,1.46,ok,,
fx.interbank-exchange-rate-us-dollar-usd.m,monthly,Interbank Exchange Rate,US Dollar (USD),2009-08,1.47,1.47,ok,,
fx.interbank-exchange-rate-us-dollar-usd.m,monthly,Interbank Exchange Rate,US Dollar (USD),2009-09,1.46,1.46,ok,,
fx.interbank-exchange-rate-us-dollar-usd.m,monthly,Interbank Exchange Rate,US Dollar (USD),2009-10,1.45,1.45,ok,,
fx.interbank-exchange-rate-us-dollar-usd.m,monthly,Interbank Exchange Rate,US Dollar (USD),2009-11,1.44,1.44,ok,,
fx.interbank-exchange-rate-us-dollar-usd.m,monthly,Interbank Exchange Rate,US Dollar (USD),2009-12,1.44,1.44,ok,,
fx.interbank-exchange-rate-us-dollar-usd.m,monthly,Interbank Exchange Rate,US Dollar (USD),2010-01,1.43,1.43,ok,,
fx.interbank-exchange-rate-us-dollar-usd.m,monthly,Interbank Exchange Rate,US Dollar (USD),2010-02,1.43,1.43,ok,,
fx.interbank-exchange-rate-us-dollar-usd.m,monthly,Interbank Exchange Rate,US Dollar (USD),2010-03,1.43,1.43,ok,,
fx.interbank-exchange-rate-us-dollar-usd.m,monthly,Interbank Exchange Rate,US Dollar (USD),2010-04,1.42,1.42,ok,,
fx.interbank-exchange-rate-us-dollar-usd.m,monthly,Interbank Exchange Rate,US Dollar (USD),2010-05,1.42,1.42,ok,,
fx.interbank-exchange-rate-us-dollar-usd.m,monthly,Interbank Exchange Rate,US Dollar (USD),2010-06,1.42,1.42,ok,,
fx.interbank-exchange-rate-us-dollar-usd.m,monthly,Interbank Exchange Rate,US Dollar (USD),2010-07,1.43,1.43,ok,,
fx.interbank-exchange-rate-us-dollar-usd.m,monthly,Interbank Exchange Rate,US Dollar (USD),2010-08,1.43,1.43,ok,,
fx.interbank-exchange-rate-us-dollar-usd.m,monthly,Interbank Exchange Rate,US Dollar (USD),2010-09,1.43,1.43,ok,,
fx.interbank-exchange-rate-us-dollar-usd.m,monthly,Interbank Exchange Rate,US Dollar (USD),2010-10,1.43,1.43,ok,,
fx.interbank-exchange-rate-us-dollar-usd.m,monthly,Interbank Exchange Rate,US Dollar (USD),2010-11,1.43,1.43,ok,,
fx.interbank-exchange-rate-us-dollar-usd.m,monthly,Interbank Exchange Rate,US Dollar (USD),2010-12,1.44,1.44,ok,,
fx.interbank-exchange-rate-us-dollar-usd.m,monthly,Interbank Exchange Rate,US Dollar (USD),2011-01,1.46,1.46,ok,,
fx.interbank-exchange-rate-us-dollar-usd.m,monthly,Interbank Exchange Rate,US Dollar (USD),2011-02,1.51,1.51,ok,,
fx.interbank-exchange-rate-us-dollar-usd.m,monthly,Interbank Exchange Rate,US Dollar (USD),2011-03,1.52,1.52,ok,,
fx.interbank-exchange-rate-us-dollar-usd.m,monthly,Interbank Exchange Rate,US Dollar (USD),2011-04,1.52,1.52,ok,,
fx.interbank-exchange-rate-us-dollar-usd.m,monthly,Interbank Exchange Rate,US Dollar (USD),2011-05,1.51,1.51,ok,,
fx.interbank-exchange-rate-us-dollar-usd.m,monthly,Interbank Exchange Rate,US Dollar (USD),2011-06,1.51,1.51,ok,,
fx.interbank-exchange-rate-us-dollar-usd.m,monthly,Interbank Exchange Rate,US Dollar (USD),2011-07,1.51,1.51,ok,,
fx.interbank-exchange-rate-us-dollar-usd.m,monthly,Interbank Exchange Rate,US Dollar (USD),2011-08,1.51,1.51,ok,,
fx.interbank-exchange-rate-us-dollar-usd.m,monthly,Interbank Exchange Rate,US Dollar (USD),2011-09,1.52,1.52,ok,,
fx.interbank-exchange-rate-us-dollar-usd.m,monthly,Interbank Exchange Rate,US Dollar (USD),2011-10,1.55,1.55,ok,,
fx.interbank-exchange-rate-us-dollar-usd.m,monthly,Interbank Exchange Rate,US Dollar (USD),2011-11,1.56,1.56,ok,,
fx.interbank-exchange-rate-us-dollar-usd.m,monthly,Interbank Exchange Rate,US Dollar (USD),2011-12,1.58,1.58,ok,,
fx.interbank-exchange-rate-us-dollar-usd.m,monthly,Interbank Exchange Rate,US Dollar (USD),2012-01,1.61,1.61,ok,,
fx.interbank-exchange-rate-us-dollar-usd.m,monthly,Interbank Exchange Rate,US Dollar (USD),2012-02,1.67,1.67,ok,,
fx.interbank-exchange-rate-us-dollar-usd.m,monthly,Interbank Exchange Rate,US Dollar (USD),2012-03,1.7,1.7,ok,,
fx.interbank-exchange-rate-us-dollar-usd.m,monthly,Interbank Exchange Rate,US Dollar (USD),2012-04,1.76,1.76,ok,,
fx.interbank-exchange-rate-us-dollar-usd.m,monthly,Interbank Exchange Rate,US Dollar (USD),2012-05,1.84,1.84,ok,,
fx.interbank-exchange-rate-us-dollar-usd.m,monthly,Interbank Exchange Rate,US Dollar (USD),2012-06,1.89,1.89,ok,,
fx.interbank-exchange-rate-us-dollar-usd.m,monthly,Interbank Exchange Rate,US Dollar (USD),2012-07,1.92,1.92,ok,,
fx.interbank-exchange-rate-us-dollar-usd.m,monthly,Interbank Exchange Rate,US Dollar (USD),2012-08,1.93,1.93,ok,,
fx.interbank-exchange-rate-us-dollar-usd.m,monthly,Interbank Exchange Rate,US Dollar (USD),2012-09,1.91,1.91,ok,,
fx.interbank-exchange-rate-us-dollar-usd.m,monthly,Interbank Exchange Rate,US Dollar (USD),2012-10,1.89,1.89,ok,,
fx.interbank-exchange-rate-us-dollar-usd.m,monthly,Interbank Exchange Rate,US Dollar (USD),2012-11,1.9,1.9,ok,,
fx.interbank-exchange-rate-us-dollar-usd.m,monthly,Interbank Exchange Rate,US Dollar (USD),2012-12,1.88,1.88,ok,,
fx.interbank-exchange-rate-us-dollar-usd.m,monthly,Interbank Exchange Rate,US Dollar (USD),2013-01,1.9,1.9,ok,,
fx.interbank-exchange-rate-us-dollar-usd.m,monthly,Interbank Exchange Rate,US Dollar (USD),2013-02,1.9,1.9,ok,,
fx.interbank-exchange-rate-us-dollar-usd.m,monthly,Interbank Exchange Rate,US Dollar (USD),2013-03,1.92,1.92,ok,,
fx.interbank-exchange-rate-us-dollar-usd.m,monthly,Interbank Exchange Rate,US Dollar (USD),2013-04,1.95,1.95,ok,,
fx.interbank-exchange-rate-us-dollar-usd.m,monthly,Interbank Exchange Rate,US Dollar (USD),2013-05,1.96,1.96,ok,,
fx.interbank-exchange-rate-us-dollar-usd.m,monthly,Interbank Exchange Rate,US Dollar (USD),2013-06,1.99,1.99,ok,,
fx.interbank-exchange-rate-us-dollar-usd.m,monthly,Interbank Exchange Rate,US Dollar (USD),2013-07,1.99,1.99,ok,,
fx.interbank-exchange-rate-us-dollar-usd.m,monthly,Interbank Exchange Rate,US Dollar (USD),2013-08,1.99,1.99,ok,,
fx.interbank-exchange-rate-us-dollar-usd.m,monthly,Interbank Exchange Rate,US Dollar (USD),2013-09,2,2,ok,,
fx.interbank-exchange-rate-us-dollar-usd.m,monthly,Interbank Exchange Rate,US Dollar (USD),2013-10,2,2,ok,,
fx.interbank-exchange-rate-us-dollar-usd.m,monthly,Interbank Exchange Rate,US Dollar (USD),2013-11,2.06,2.06,ok,,
fx.interbank-exchange-rate-us-dollar-usd.m,monthly,Interbank Exchange Rate,US Dollar (USD),2013-12,2.11,2.11,ok,,
fx.interbank-exchange-rate-us-dollar-usd.m,monthly,Interbank Exchange Rate,US Dollar (USD),2014-01,2.29,2.29,ok,,
fx.interbank-exchange-rate-us-dollar-usd.m,monthly,Interbank Exchange Rate,US Dollar (USD),2014-02,2.44,2.44,ok,,
fx.interbank-exchange-rate-us-dollar-usd.m,monthly,Interbank Exchange Rate,US Dollar (USD),2014-03,2.58,2.58,ok,,
fx.interbank-exchange-rate-us-dollar-usd.m,monthly,Interbank Exchange Rate,US Dollar (USD),2014-04,2.74,2.74,ok,,
fx.interbank-exchange-rate-us-dollar-usd.m,monthly,Interbank Exchange Rate,US Dollar (USD),2014-05,2.86,2.86,ok,,
fx.interbank-exchange-rate-us-dollar-usd.m,monthly,Interbank Exchange Rate,US Dollar (USD),2014-06,2.98,2.98,ok,,
fx.interbank-exchange-rate-us-dollar-usd.m,monthly,Interbank Exchange Rate,US Dollar (USD),2014-07,3.03,3.03,ok,,
fx.interbank-exchange-rate-us-dollar-usd.m,monthly,Interbank Exchange Rate,US Dollar (USD),2014-08,3.06,3.06,ok,,
fx.interbank-exchange-rate-us-dollar-usd.m,monthly,Interbank Exchange Rate,US Dollar (USD),2014-09,3.19,3.19,ok,,
fx.interbank-exchange-rate-us-dollar-usd.m,monthly,Interbank Exchange Rate,US Dollar (USD),2014-10,3.2,3.2,ok,,
fx.interbank-exchange-rate-us-dollar-usd.m,monthly,Interbank Exchange Rate,US Dollar (USD),2014-11,3.2,3.2,ok,,
fx.interbank-exchange-rate-us-dollar-usd.m,monthly,Interbank Exchange Rate,US Dollar (USD),2014-12,3.2,3.2,ok,,
fx.interbank-exchange-rate-us-dollar-usd.m,monthly,Interbank Exchange Rate,US Dollar (USD),2015-01,3.22,3.22,ok,,
fx.interbank-exchange-rate-us-dollar-usd.m,monthly,Interbank Exchange Rate,US Dollar (USD),2015-02,3.36,3.36,ok,,
fx.interbank-exchange-rate-us-dollar-usd.m,monthly,Interbank Exchange Rate,US Dollar (USD),2015-03,3.59,3.59,ok,,
fx.interbank-exchange-rate-us-dollar-usd.m,monthly,Interbank Exchange Rate,US Dollar (USD),2015-04,3.81,3.81,ok,,
fx.interbank-exchange-rate-us-dollar-usd.m,monthly,Interbank Exchange Rate,US Dollar (USD),2015-05,3.89,3.89,ok,,
fx.interbank-exchange-rate-us-dollar-usd.m,monthly,Interbank Exchange Rate,US Dollar (USD),2015-06,4.18,4.18,ok,,
fx.interbank-exchange-rate-us-dollar-usd.m,monthly,Interbank Exchange Rate,US Dollar (USD),2015-07,3.53,3.53,ok,,
fx.interbank-exchange-rate-us-dollar-usd.m,monthly,Interbank Exchange Rate,US Dollar (USD),2015-08,3.86,3.86,ok,,
fx.interbank-exchange-rate-us-dollar-usd.m,monthly,Interbank Exchange Rate,US Dollar (USD),2015-09,3.78,3.78,ok,,
fx.interbank-exchange-rate-us-dollar-usd.m,monthly,Interbank Exchange Rate,US Dollar (USD),2015-10,3.76,3.76,ok,,
fx.interbank-exchange-rate-us-dollar-usd.m,monthly,Interbank Exchange Rate,US Dollar (USD),2015-11,3.79,3.79,ok,,
fx.interbank-exchange-rate-us-dollar-usd.m,monthly,Interbank Exchange Rate,US Dollar (USD),2015-12,3.79,3.79,ok,,
fx.interbank-exchange-rate-us-dollar-usd.m,monthly,Interbank Exchange Rate,US Dollar (USD),2016-01,3.81,3.81,ok,,
fx.interbank-exchange-rate-us-dollar-usd.m,monthly,Interbank Exchange Rate,US Dollar (USD),2016-02,3.87,3.87,ok,,
fx.interbank-exchange-rate-us-dollar-usd.m,monthly,Interbank Exchange Rate,US Dollar (USD),2016-03,3.85,3.85,ok,,
fx.interbank-exchange-rate-us-dollar-usd.m,monthly,Interbank Exchange Rate,US Dollar (USD),2016-04,3.82,3.82,ok,,
fx.interbank-exchange-rate-us-dollar-usd.m,monthly,Interbank Exchange Rate,US Dollar (USD),2016-05,3.81,3.81,ok,,
fx.interbank-exchange-rate-us-dollar-usd.m,monthly,Interbank Exchange Rate,US Dollar (USD),2016-06,3.88,3.88,ok,,
fx.interbank-exchange-rate-us-dollar-usd.m,monthly,Interbank Exchange Rate,US Dollar (USD),2016-07,3.94,3.94,ok,,
fx.interbank-exchange-rate-us-dollar-usd.m,monthly,Interbank Exchange Rate,US Dollar (USD),2016-08,3.95,3.95,ok,,
fx.interbank-exchange-rate-us-dollar-usd.m,monthly,Interbank Exchange Rate,US Dollar (USD),2016-09,3.96,3.96,ok,,
fx.interbank-exchange-rate-us-dollar-usd.m,monthly,Interbank Exchange Rate,US Dollar (USD),2016-10,3.97,3.97,ok,,
fx.interbank-exchange-rate-us-dollar-usd.m,monthly,Interbank Exchange Rate,US Dollar (USD),2016-11,3.97,3.97,ok,,
fx.interbank-exchange-rate-us-dollar-usd.m,monthly,Interbank Exchange Rate,US Dollar (USD),2016-12,4.09,4.09,ok,,
fx.interbank-exchange-rate-us-dollar-usd.m,monthly,Interbank Exchange Rate,US Dollar (USD),2017-01,4.24,4.24,ok,,
fx.interbank-exchange-rate-us-dollar-usd.m,monthly,Interbank Exchange Rate,US Dollar (USD),2017-02,4.37,4.37,ok,,
fx.interbank-exchange-rate-us-dollar-usd.m,monthly,Interbank Exchange Rate,US Dollar (USD),2017-03,4.48,4.48,ok,,
fx.interbank-exchange-rate-us-dollar-usd.m,monthly,Interbank Exchange Rate,US Dollar (USD),2017-04,4.2,4.2,ok,,
fx.interbank-exchange-rate-us-dollar-usd.m,monthly,Interbank Exchange Rate,US Dollar (USD),2017-05,4.24,4.24,ok,,
fx.interbank-exchange-rate-us-dollar-usd.m,monthly,Interbank Exchange Rate,US Dollar (USD),2017-06,4.33,4.33,ok,,
fx.interbank-exchange-rate-us-dollar-usd.m,monthly,Interbank Exchange Rate,US Dollar (USD),2017-07,4.37,4.37,ok,,
fx.interbank-exchange-rate-us-dollar-usd.m,monthly,Interbank Exchange Rate,US Dollar (USD),2017-08,4.39,4.39,ok,,
fx.interbank-exchange-rate-us-dollar-usd.m,monthly,Interbank Exchange Rate,US Dollar (USD),2017-09,4.4,4.4,ok,,
fx.interbank-exchange-rate-us-dollar-usd.m,monthly,Interbank Exchange Rate,US Dollar (USD),2017-10,4.38,4.38,ok,,
fx.interbank-exchange-rate-us-dollar-usd.m,monthly,Interbank Exchange Rate,US Dollar (USD),2017-11,4.4,4.4,ok,,
fx.interbank-exchange-rate-us-dollar-usd.m,monthly,Interbank Exchange Rate,US Dollar (USD),2017-12,4.41,4.41,ok,,
fx.interbank-exchange-rate-us-dollar-usd.m,monthly,Interbank Exchange Rate,US Dollar (USD),2018-01,4.42,4.42,ok,,
fx.interbank-exchange-rate-us-dollar-usd.m,monthly,Interbank Exchange Rate,US Dollar (USD),2018-02,4.42,4.42,ok,,
fx.interbank-exchange-rate-us-dollar-usd.m,monthly,Interbank Exchange Rate,US Dollar (USD),2018-03,4.41,4.41,ok,,
fx.interbank-exchange-rate-us-dollar-usd.m,monthly,Interbank Exchange Rate,US Dollar (USD),2018-04,4.41,4.41,ok,,
fx.interbank-exchange-rate-us-dollar-usd.m,monthly,Interbank Exchange Rate,US Dollar (USD),2018-05,4.42,4.42,ok,,
fx.interbank-exchange-rate-us-dollar-usd.m,monthly,Interbank Exchange Rate,US Dollar (USD),2018-06,4.46,4.46,ok,,
fx.interbank-exchange-rate-us-dollar-usd.m,monthly,Interbank Exchange Rate,US Dollar (USD),2018-07,4.65,4.65,ok,,
fx.interbank-exchange-rate-us-dollar-usd.m,monthly,Interbank Exchange Rate,US Dollar (USD),2018-08,4.71,4.71,ok,,
fx.interbank-exchange-rate-us-dollar-usd.m,monthly,Interbank Exchange Rate,US Dollar (USD),2018-09,4.76,4.76,ok,,
fx.interbank-exchange-rate-us-dollar-usd.m,monthly,Interbank Exchange Rate,US Dollar (USD),2018-10,4.79,4.79,ok,,
fx.interbank-exchange-rate-us-dollar-usd.m,monthly,Interbank Exchange Rate,US Dollar (USD),2018-11,4.79,4.79,ok,,
fx.interbank-exchange-rate-us-dollar-usd.m,monthly,Interbank Exchange Rate,US Dollar (USD),2018-12,4.81,4.81,ok,,
fx.interbank-exchange-rate-us-dollar-usd.m,monthly,Interbank Exchange Rate,US Dollar (USD),2019-01,4.89,4.89,ok,,
fx.interbank-exchange-rate-us-dollar-usd.m,monthly,Interbank Exchange Rate,US Dollar (USD),2019-02,5.02,5.02,ok,,
fx.interbank-exchange-rate-us-dollar-usd.m,monthly,Interbank Exchange Rate,US Dollar (USD),2019-03,5.18,5.18,ok,,
fx.interbank-exchange-rate-us-dollar-usd.m,monthly,Interbank Exchange Rate,US Dollar (USD),2019-04,5.09,5.09,ok,,
fx.interbank-exchange-rate-us-dollar-usd.m,monthly,Interbank Exchange Rate,US Dollar (USD),2019-05,5.11,5.11,ok,,
fx.interbank-exchange-rate-us-dollar-usd.m,monthly,Interbank Exchange Rate,US Dollar (USD),2019-06,5.24,5.24,ok,,
fx.interbank-exchange-rate-us-dollar-usd.m,monthly,Interbank Exchange Rate,US Dollar (USD),2019-07,5.26,5.26,ok,,
fx.interbank-exchange-rate-us-dollar-usd.m,monthly,Interbank Exchange Rate,US Dollar (USD),2019-08,5.27,5.27,ok,,
fx.interbank-exchange-rate-us-dollar-usd.m,monthly,Interbank Exchange Rate,US Dollar (USD),2019-09,5.31,5.31,ok,,
fx.interbank-exchange-rate-us-dollar-usd.m,monthly,Interbank Exchange Rate,US Dollar (USD),2019-10,5.32,5.32,ok,,
fx.interbank-exchange-rate-us-dollar-usd.m,monthly,Interbank Exchange Rate,US Dollar (USD),2019-11,5.39,5.39,ok,,
fx.interbank-exchange-rate-us-dollar-usd.m,monthly,Interbank Exchange Rate,US Dollar (USD),2019-12,5.54,5.54,ok,,
fx.interbank-exchange-rate-us-dollar-usd.m,monthly,Interbank Exchange Rate,US Dollar (USD),2020-01,5.53,5.53,ok,,
fx.interbank-exchange-rate-us-dollar-usd.m,monthly,Interbank Exchange Rate,US Dollar (USD),2020-02,5.32,5.32,ok,,
fx.interbank-exchange-rate-us-dollar-usd.m,monthly,Interbank Exchange Rate,US Dollar (USD),2020-03,5.36,5.36,ok,,
fx.interbank-exchange-rate-us-dollar-usd.m,monthly,Interbank Exchange Rate,US Dollar (USD),2020-04,5.52,5.52,ok,,
fx.interbank-exchange-rate-us-dollar-usd.m,monthly,Interbank Exchange Rate,US Dollar (USD),2020-05,5.61,5.61,ok,,
fx.interbank-exchange-rate-us-dollar-usd.m,monthly,Interbank Exchange Rate,US Dollar (USD),2020-06,5.64,5.64,ok,,
fx.interbank-exchange-rate-us-dollar-usd.m,monthly,Interbank Exchange Rate,US Dollar (USD),2020-07,5.67,5.67,ok,,
fx.interbank-exchange-rate-us-dollar-usd.m,monthly,Interbank Exchange Rate,US Dollar (USD),2020-08,5.68,5.68,ok,,
fx.interbank-exchange-rate-us-dollar-usd.m,monthly,Interbank Exchange Rate,US Dollar (USD),2020-09,5.7,5.7,ok,,
fx.interbank-exchange-rate-us-dollar-usd.m,monthly,Interbank Exchange Rate,US Dollar (USD),2020-10,5.71,5.71,ok,,
fx.interbank-exchange-rate-us-dollar-usd.m,monthly,Interbank Exchange Rate,US Dollar (USD),2020-11,5.71,5.71,ok,,
fx.interbank-exchange-rate-us-dollar-usd.m,monthly,Interbank Exchange Rate,US Dollar (USD),2020-12,5.72,5.72,ok,,
fx.interbank-exchange-rate-us-dollar-usd.m,monthly,Interbank Exchange Rate,US Dollar (USD),2021-01,5.77,5.77,ok,,
fx.interbank-exchange-rate-us-dollar-usd.m,monthly,Interbank Exchange Rate,US Dollar (USD),2021-02,5.76,5.76,ok,,
fx.interbank-exchange-rate-us-dollar-usd.m,monthly,Interbank Exchange Rate,US Dollar (USD),2021-03,5.73,5.73,ok,,
fx.interbank-exchange-rate-us-dollar-usd.m,monthly,Interbank Exchange Rate,US Dollar (USD),2021-04,5.73,5.73,ok,,
fx.interbank-exchange-rate-us-dollar-usd.m,monthly,Interbank Exchange Rate,US Dollar (USD),2021-05,5.73,5.73,ok,,
fx.interbank-exchange-rate-us-dollar-usd.m,monthly,Interbank Exchange Rate,US Dollar (USD),2021-06,5.75,5.75,ok,,
fx.interbank-exchange-rate-us-dollar-usd.m,monthly,Interbank Exchange Rate,US Dollar (USD),2021-07,5.78,5.78,ok,,
fx.interbank-exchange-rate-us-dollar-usd.m,monthly,Interbank Exchange Rate,US Dollar (USD),2021-08,5.83,5.83,ok,,
fx.interbank-exchange-rate-us-dollar-usd.m,monthly,Interbank Exchange Rate,US Dollar (USD),2021-09,5.86,5.86,ok,,
fx.interbank-exchange-rate-us-dollar-usd.m,monthly,Interbank Exchange Rate,US Dollar (USD),2021-10,5.88,5.88,ok,,
fx.interbank-exchange-rate-us-dollar-usd.m,monthly,Interbank Exchange Rate,US Dollar (USD),2021-11,5.91,5.91,ok,,
fx.interbank-exchange-rate-us-dollar-usd.m,monthly,Interbank Exchange Rate,US Dollar (USD),2021-12,5.95,5.95,ok,,
fx.interbank-exchange-rate-us-dollar-usd.m,monthly,Interbank Exchange Rate,US Dollar (USD),2022-01,6.01,6.01,ok,,
fx.interbank-exchange-rate-us-dollar-usd.m,monthly,Interbank Exchange Rate,US Dollar (USD),2022-02,6.31,6.31,ok,,
fx.interbank-exchange-rate-us-dollar-usd.m,monthly,Interbank Exchange Rate,US Dollar (USD),2022-03,7.05,7.05,ok,,
fx.interbank-exchange-rate-us-dollar-usd.m,monthly,Interbank Exchange Rate,US Dollar (USD),2022-04,7.11,7.11,ok,,
fx.interbank-exchange-rate-us-dollar-usd.m,monthly,Interbank Exchange Rate,US Dollar (USD),2022-05,7.13,7.13,ok,,
fx.interbank-exchange-rate-us-dollar-usd.m,monthly,Interbank Exchange Rate,US Dollar (USD),2022-06,7.19,7.19,ok,,
fx.interbank-exchange-rate-us-dollar-usd.m,monthly,Interbank Exchange Rate,US Dollar (USD),2022-07,7.39,7.39,ok,,
fx.interbank-exchange-rate-us-dollar-usd.m,monthly,Interbank Exchange Rate,US Dollar (USD),2022-08,8.06,8.06,ok,,
fx.interbank-exchange-rate-us-dollar-usd.m,monthly,Interbank Exchange Rate,US Dollar (USD),2022-09,8.75,8.75,ok,,
fx.interbank-exchange-rate-us-dollar-usd.m,monthly,Interbank Exchange Rate,US Dollar (USD),2022-10,11.17,11.17,ok,,
fx.interbank-exchange-rate-us-dollar-usd.m,monthly,Interbank Exchange Rate,US Dollar (USD),2022-11,13.07,13.07,ok,,
fx.interbank-exchange-rate-us-dollar-usd.m,monthly,Interbank Exchange Rate,US Dollar (USD),2022-12,10.03,10.03,ok,,
fx.interbank-exchange-rate-us-dollar-usd.m,monthly,Interbank Exchange Rate,US Dollar (USD),2023-01,9.91,9.91,ok,,
fx.interbank-exchange-rate-us-dollar-usd.m,monthly,Interbank Exchange Rate,US Dollar (USD),2023-02,10.86,10.86,ok,,
fx.interbank-exchange-rate-us-dollar-usd.m,monthly,Interbank Exchange Rate,US Dollar (USD),2023-03,11.01,11.01,ok,,
fx.interbank-exchange-rate-us-dollar-usd.m,monthly,Interbank Exchange Rate,US Dollar (USD),2023-04,10.95,10.95,ok,,
fx.interbank-exchange-rate-us-dollar-usd.m,monthly,Interbank Exchange Rate,US Dollar (USD),2023-05,10.92,10.92,ok,,
fx.interbank-exchange-rate-us-dollar-usd.m,monthly,Interbank Exchange Rate,US Dollar (USD),2023-06,10.98,10.98,ok,,
fx.interbank-exchange-rate-us-dollar-usd.m,monthly,Interbank Exchange Rate,US Dollar (USD),2023-07,11,11,ok,,
fx.interbank-exchange-rate-us-dollar-usd.m,monthly,Interbank Exchange Rate,US Dollar (USD),2023-08,11.01,11.01,ok,,
fx.interbank-exchange-rate-us-dollar-usd.m,monthly,Interbank Exchange Rate,US Dollar (USD),2023-09,11.06,11.06,ok,,
fx.interbank-exchange-rate-us-dollar-usd.m,monthly,Interbank Exchange Rate,US Dollar (USD),2023-10,11.34,11.34,ok,,
fx.interbank-exchange-rate-us-dollar-usd.m,monthly,Interbank Exchange Rate,US Dollar (USD),2023-11,11.55,11.55,ok,,
fx.interbank-exchange-rate-us-dollar-usd.m,monthly,Interbank Exchange Rate,US Dollar (USD),2023-12,11.65,11.65,ok,,
fx.interbank-exchange-rate-us-dollar-usd.m,monthly,Interbank Exchange Rate,US Dollar (USD),2024-01,11.93,11.93,ok,,
fx.interbank-exchange-rate-us-dollar-usd.m,monthly,Interbank Exchange Rate,US Dollar (USD),2024-02,12.23,12.23,ok,,
fx.interbank-exchange-rate-us-dollar-usd.m,monthly,Interbank Exchange Rate,US Dollar (USD),2024-03,12.67,12.67,ok,,
fx.interbank-exchange-rate-us-dollar-usd.m,monthly,Interbank Exchange Rate,US Dollar (USD),2024-04,13.04,13.04,ok,,
fx.interbank-exchange-rate-us-dollar-usd.m,monthly,Interbank Exchange Rate,US Dollar (USD),2024-05,13.78,13.78,ok,,
fx.interbank-exchange-rate-us-dollar-usd.m,monthly,Interbank Exchange Rate,US Dollar (USD),2024-06,14.33,14.33,ok,,
fx.interbank-exchange-rate-us-dollar-usd.m,monthly,Interbank Exchange Rate,US Dollar (USD),2024-07,14.75,14.75,ok,,
fx.interbank-exchange-rate-us-dollar-usd.m,monthly,Interbank Exchange Rate,US Dollar (USD),2024-08,15.1,15.1,ok,,
fx.interbank-exchange-rate-pound-sterling-gbp.m,monthly,Interbank Exchange Rate,Pound Sterling (GBP),1972-06,0,0,ok,,
fx.interbank-exchange-rate-pound-sterling-gbp.m,monthly,Interbank Exchange Rate,Pound Sterling (GBP),1972-07,0,0,ok,,
fx.interbank-exchange-rate-pound-sterling-gbp.m,monthly,Interbank Exchange Rate,Pound Sterling (GBP),1972-08,0,0,ok,,
fx.interbank-exchange-rate-pound-sterling-gbp.m,monthly,Interbank Exchange Rate,Pound Sterling (GBP),1972-09,0,0,ok,,
fx.interbank-exchange-rate-pound-sterling-gbp.m,monthly,Interbank Exchange Rate,Pound Sterling (GBP),1972-10,0,0,ok,,
fx.interbank-exchange-rate-pound-sterling-gbp.m,monthly,Interbank Exchange Rate,Pound Sterling (GBP),1972-11,0,0,ok,,
fx.interbank-exchange-rate-pound-sterling-gbp.m,monthly,Interbank Exchange Rate,Pound Sterling (GBP),1972-12,0,0,ok,,
fx.interbank-exchange-rate-pound-sterling-gbp.m,monthly,Interbank Exchange Rate,Pound Sterling (GBP),1973-01,0,0,ok,,
fx.interbank-exchange-rate-pound-sterling-gbp.m,monthly,Interbank Exchange Rate,Pound Sterling (GBP),1973-02,0,0,ok,,
fx.interbank-exchange-rate-pound-sterling-gbp.m,monthly,Interbank Exchange Rate,Pound Sterling (GBP),1973-03,0,0,ok,,
fx.interbank-exchange-rate-pound-sterling-gbp.m,monthly,Interbank Exchange Rate,Pound Sterling (GBP),1973-04,0,0,ok,,
fx.interbank-exchange-rate-pound-sterling-gbp.m,monthly,Interbank Exchange Rate,Pound Sterling (GBP),1973-05,0,0,ok,,
fx.interbank-exchange-rate-pound-sterling-gbp.m,monthly,Interbank Exchange Rate,Pound Sterling (GBP),1973-06,0,0,ok,,
fx.interbank-exchange-rate-pound-sterling-gbp.m,monthly,Interbank Exchange Rate,Pound Sterling (GBP),1973-07,0,0,ok,,
fx.interbank-exchange-rate-pound-sterling-gbp.m,monthly,Interbank Exchange Rate,Pound Sterling (GBP),1973-08,0,0,ok,,
fx.interbank-exchange-rate-pound-sterling-gbp.m,monthly,Interbank Exchange Rate,Pound Sterling (GBP),1973-09,0,0,ok,,
fx.interbank-exchange-rate-pound-sterling-gbp.m,monthly,Interbank Exchange Rate,Pound Sterling (GBP),1973-10,0,0,ok,,
fx.interbank-exchange-rate-pound-sterling-gbp.m,monthly,Interbank Exchange Rate,Pound Sterling (GBP),1973-11,0,0,ok,,
fx.interbank-exchange-rate-pound-sterling-gbp.m,monthly,Interbank Exchange Rate,Pound Sterling (GBP),1973-12,0,0,ok,,
fx.interbank-exchange-rate-pound-sterling-gbp.m,monthly,Interbank Exchange Rate,Pound Sterling (GBP),1974-01,0,0,ok,,
fx.interbank-exchange-rate-pound-sterling-gbp.m,monthly,Interbank Exchange Rate,Pound Sterling (GBP),1974-02,0,0,ok,,
fx.interbank-exchange-rate-pound-sterling-gbp.m,monthly,Interbank Exchange Rate,Pound Sterling (GBP),1974-03,0,0,ok,,
fx.interbank-exchange-rate-pound-sterling-gbp.m,monthly,Interbank Exchange Rate,Pound Sterling (GBP),1974-04,0,0,ok,,
fx.interbank-exchange-rate-pound-sterling-gbp.m,monthly,Interbank Exchange Rate,Pound Sterling (GBP),1974-05,0,0,ok,,
fx.interbank-exchange-rate-pound-sterling-gbp.m,monthly,Interbank Exchange Rate,Pound Sterling (GBP),1974-06,0,0,ok,,
fx.interbank-exchange-rate-pound-sterling-gbp.m,monthly,Interbank Exchange Rate,Pound Sterling (GBP),1974-07,0,0,ok,,
fx.interbank-exchange-rate-pound-sterling-gbp.m,monthly,Interbank Exchange Rate,Pound Sterling (GBP),1974-08,0,0,ok,,
fx.interbank-exchange-rate-pound-sterling-gbp.m,monthly,Interbank Exchange Rate,Pound Sterling (GBP),1974-09,0,0,ok,,
fx.interbank-exchange-rate-pound-sterling-gbp.m,monthly,Interbank Exchange Rate,Pound Sterling (GBP),1974-10,0,0,ok,,
fx.interbank-exchange-rate-pound-sterling-gbp.m,monthly,Interbank Exchange Rate,Pound Sterling (GBP),1974-11,0,0,ok,,
fx.interbank-exchange-rate-pound-sterling-gbp.m,monthly,Interbank Exchange Rate,Pound Sterling (GBP),1974-12,0,0,ok,,
fx.interbank-exchange-rate-pound-sterling-gbp.m,monthly,Interbank Exchange Rate,Pound Sterling (GBP),1975-01,0,0,ok,,
fx.interbank-exchange-rate-pound-sterling-gbp.m,monthly,Interbank Exchange Rate,Pound Sterling (GBP),1975-02,0,0,ok,,
fx.interbank-exchange-rate-pound-sterling-gbp.m,monthly,Interbank Exchange Rate,Pound Sterling (GBP),1975-03,0,0,ok,,
fx.interbank-exchange-rate-pound-sterling-gbp.m,monthly,Interbank Exchange Rate,Pound Sterling (GBP),1975-04,0,0,ok,,
fx.interbank-exchange-rate-pound-sterling-gbp.m,monthly,Interbank Exchange Rate,Pound Sterling (GBP),1975-05,0,0,ok,,
fx.interbank-exchange-rate-pound-sterling-gbp.m,monthly,Interbank Exchange Rate,Pound Sterling (GBP),1975-06,0,0,ok,,
fx.interbank-exchange-rate-pound-sterling-gbp.m,monthly,Interbank Exchange Rate,Pound Sterling (GBP),1975-07,0,0,ok,,
fx.interbank-exchange-rate-pound-sterling-gbp.m,monthly,Interbank Exchange Rate,Pound Sterling (GBP),1975-08,0,0,ok,,
fx.interbank-exchange-rate-pound-sterling-gbp.m,monthly,Interbank Exchange Rate,Pound Sterling (GBP),1975-09,0,0,ok,,
fx.interbank-exchange-rate-pound-sterling-gbp.m,monthly,Interbank Exchange Rate,Pound Sterling (GBP),1975-10,0,0,ok,,
fx.interbank-exchange-rate-pound-sterling-gbp.m,monthly,Interbank Exchange Rate,Pound Sterling (GBP),1975-11,0,0,ok,,
fx.interbank-exchange-rate-pound-sterling-gbp.m,monthly,Interbank Exchange Rate,Pound Sterling (GBP),1975-12,0,0,ok,,
fx.interbank-exchange-rate-pound-sterling-gbp.m,monthly,Interbank Exchange Rate,Pound Sterling (GBP),1976-01,0,0,ok,,
fx.interbank-exchange-rate-pound-sterling-gbp.m,monthly,Interbank Exchange Rate,Pound Sterling (GBP),1976-02,0,0,ok,,
fx.interbank-exchange-rate-pound-sterling-gbp.m,monthly,Interbank Exchange Rate,Pound Sterling (GBP),1976-03,0,0,ok,,
fx.interbank-exchange-rate-pound-sterling-gbp.m,monthly,Interbank Exchange Rate,Pound Sterling (GBP),1976-04,0,0,ok,,
fx.interbank-exchange-rate-pound-sterling-gbp.m,monthly,Interbank Exchange Rate,Pound Sterling (GBP),1976-05,0,0,ok,,
fx.interbank-exchange-rate-pound-sterling-gbp.m,monthly,Interbank Exchange Rate,Pound Sterling (GBP),1976-06,0,0,ok,,
fx.interbank-exchange-rate-pound-sterling-gbp.m,monthly,Interbank Exchange Rate,Pound Sterling (GBP),1976-07,0,0,ok,,
fx.interbank-exchange-rate-pound-sterling-gbp.m,monthly,Interbank Exchange Rate,Pound Sterling (GBP),1976-08,0,0,ok,,
fx.interbank-exchange-rate-pound-sterling-gbp.m,monthly,Interbank Exchange Rate,Pound Sterling (GBP),1976-09,0,0,ok,,
fx.interbank-exchange-rate-pound-sterling-gbp.m,monthly,Interbank Exchange Rate,Pound Sterling (GBP),1976-10,0,0,ok,,
fx.interbank-exchange-rate-pound-sterling-gbp.m,monthly,Interbank Exchange Rate,Pound Sterling (GBP),1976-11,0,0,ok,,
fx.interbank-exchange-rate-pound-sterling-gbp.m,monthly,Interbank Exchange Rate,Pound Sterling (GBP),1976-12,0,0,ok,,
fx.interbank-exchange-rate-pound-sterling-gbp.m,monthly,Interbank Exchange Rate,Pound Sterling (GBP),1977-01,0,0,ok,,
fx.interbank-exchange-rate-pound-sterling-gbp.m,monthly,Interbank Exchange Rate,Pound Sterling (GBP),1977-02,0,0,ok,,
fx.interbank-exchange-rate-pound-sterling-gbp.m,monthly,Interbank Exchange Rate,Pound Sterling (GBP),1977-03,0,0,ok,,
fx.interbank-exchange-rate-pound-sterling-gbp.m,monthly,Interbank Exchange Rate,Pound Sterling (GBP),1977-04,0,0,ok,,
fx.interbank-exchange-rate-pound-sterling-gbp.m,monthly,Interbank Exchange Rate,Pound Sterling (GBP),1977-05,0,0,ok,,
fx.interbank-exchange-rate-pound-sterling-gbp.m,monthly,Interbank Exchange Rate,Pound Sterling (GBP),1977-06,0,0,ok,,
fx.interbank-exchange-rate-pound-sterling-gbp.m,monthly,Interbank Exchange Rate,Pound Sterling (GBP),1977-07,0,0,ok,,
fx.interbank-exchange-rate-pound-sterling-gbp.m,monthly,Interbank Exchange Rate,Pound Sterling (GBP),1977-08,0,0,ok,,
fx.interbank-exchange-rate-pound-sterling-gbp.m,monthly,Interbank Exchange Rate,Pound Sterling (GBP),1977-09,0,0,ok,,
fx.interbank-exchange-rate-pound-sterling-gbp.m,monthly,Interbank Exchange Rate,Pound Sterling (GBP),1977-10,0,0,ok,,
fx.interbank-exchange-rate-pound-sterling-gbp.m,monthly,Interbank Exchange Rate,Pound Sterling (GBP),1977-11,0,0,ok,,
fx.interbank-exchange-rate-pound-sterling-gbp.m,monthly,Interbank Exchange Rate,Pound Sterling (GBP),1977-12,0,0,ok,,
fx.interbank-exchange-rate-pound-sterling-gbp.m,monthly,Interbank Exchange Rate,Pound Sterling (GBP),1978-01,0,0,ok,,
fx.interbank-exchange-rate-pound-sterling-gbp.m,monthly,Interbank Exchange Rate,Pound Sterling (GBP),1978-02,0,0,ok,,
fx.interbank-exchange-rate-pound-sterling-gbp.m,monthly,Interbank Exchange Rate,Pound Sterling (GBP),1978-03,0,0,ok,,
fx.interbank-exchange-rate-pound-sterling-gbp.m,monthly,Interbank Exchange Rate,Pound Sterling (GBP),1978-04,0,0,ok,,
fx.interbank-exchange-rate-pound-sterling-gbp.m,monthly,Interbank Exchange Rate,Pound Sterling (GBP),1978-05,0,0,ok,,
fx.interbank-exchange-rate-pound-sterling-gbp.m,monthly,Interbank Exchange Rate,Pound Sterling (GBP),1978-06,0,0,ok,,
fx.interbank-exchange-rate-pound-sterling-gbp.m,monthly,Interbank Exchange Rate,Pound Sterling (GBP),1978-07,0,0,ok,,
fx.interbank-exchange-rate-pound-sterling-gbp.m,monthly,Interbank Exchange Rate,Pound Sterling (GBP),1978-08,0,0,ok,,
fx.interbank-exchange-rate-pound-sterling-gbp.m,monthly,Interbank Exchange Rate,Pound Sterling (GBP),1978-09,0,0,ok,,
fx.interbank-exchange-rate-pound-sterling-gbp.m,monthly,Interbank Exchange Rate,Pound Sterling (GBP),1978-10,0,0,ok,,
fx.interbank-exchange-rate-pound-sterling-gbp.m,monthly,Interbank Exchange Rate,Pound Sterling (GBP),1978-11,0,0,ok,,
fx.interbank-exchange-rate-pound-sterling-gbp.m,monthly,Interbank Exchange Rate,Pound Sterling (GBP),1978-12,0,0,ok,,
fx.interbank-exchange-rate-pound-sterling-gbp.m,monthly,Interbank Exchange Rate,Pound Sterling (GBP),1979-01,0,0,ok,,
fx.interbank-exchange-rate-pound-sterling-gbp.m,monthly,Interbank Exchange Rate,Pound Sterling (GBP),1979-02,0,0,ok,,
fx.interbank-exchange-rate-pound-sterling-gbp.m,monthly,Interbank Exchange Rate,Pound Sterling (GBP),1979-03,0,0,ok,,
fx.interbank-exchange-rate-pound-sterling-gbp.m,monthly,Interbank Exchange Rate,Pound Sterling (GBP),1979-04,0,0,ok,,
fx.interbank-exchange-rate-pound-sterling-gbp.m,monthly,Interbank Exchange Rate,Pound Sterling (GBP),1979-05,0,0,ok,,
fx.interbank-exchange-rate-pound-sterling-gbp.m,monthly,Interbank Exchange Rate,Pound Sterling (GBP),1979-06,0,0,ok,,
fx.interbank-exchange-rate-pound-sterling-gbp.m,monthly,Interbank Exchange Rate,Pound Sterling (GBP),1979-07,0,0,ok,,
fx.interbank-exchange-rate-pound-sterling-gbp.m,monthly,Interbank Exchange Rate,Pound Sterling (GBP),1979-08,0,0,ok,,
fx.interbank-exchange-rate-pound-sterling-gbp.m,monthly,Interbank Exchange Rate,Pound Sterling (GBP),1979-09,0,0,ok,,
fx.interbank-exchange-rate-pound-sterling-gbp.m,monthly,Interbank Exchange Rate,Pound Sterling (GBP),1979-10,0,0,ok,,
fx.interbank-exchange-rate-pound-sterling-gbp.m,monthly,Interbank Exchange Rate,Pound Sterling (GBP),1979-11,0,0,ok,,
fx.interbank-exchange-rate-pound-sterling-gbp.m,monthly,Interbank Exchange Rate,Pound Sterling (GBP),1979-12,0,0,ok,,
fx.interbank-exchange-rate-pound-sterling-gbp.m,monthly,Interbank Exchange Rate,Pound Sterling (GBP),1980-01,0,0,ok,,
fx.interbank-exchange-rate-pound-sterling-gbp.m,monthly,Interbank Exchange Rate,Pound Sterling (GBP),1980-02,0,0,ok,,
fx.interbank-exchange-rate-pound-sterling-gbp.m,monthly,Interbank Exchange Rate,Pound Sterling (GBP),1980-03,0,0,ok,,
fx.interbank-exchange-rate-pound-sterling-gbp.m,monthly,Interbank Exchange Rate,Pound Sterling (GBP),1980-04,0,0,ok,,
fx.interbank-exchange-rate-pound-sterling-gbp.m,monthly,Interbank Exchange Rate,Pound Sterling (GBP),1980-05,0,0,ok,,
fx.interbank-exchange-rate-pound-sterling-gbp.m,monthly,Interbank Exchange Rate,Pound Sterling (GBP),1980-06,0,0,ok,,
fx.interbank-exchange-rate-pound-sterling-gbp.m,monthly,Interbank Exchange Rate,Pound Sterling (GBP),1980-07,0,0,ok,,
fx.interbank-exchange-rate-pound-sterling-gbp.m,monthly,Interbank Exchange Rate,Pound Sterling (GBP),1980-08,0,0,ok,,
fx.interbank-exchange-rate-pound-sterling-gbp.m,monthly,Interbank Exchange Rate,Pound Sterling (GBP),1980-09,0,0,ok,,
fx.interbank-exchange-rate-pound-sterling-gbp.m,monthly,Interbank Exchange Rate,Pound Sterling (GBP),1980-10,0,0,ok,,
fx.interbank-exchange-rate-pound-sterling-gbp.m,monthly,Interbank Exchange Rate,Pound Sterling (GBP),1980-11,0,0,ok,,
fx.interbank-exchange-rate-pound-sterling-gbp.m,monthly,Interbank Exchange Rate,Pound Sterling (GBP),1980-12,0,0,ok,,
fx.interbank-exchange-rate-pound-sterling-gbp.m,monthly,Interbank Exchange Rate,Pound Sterling (GBP),1981-01,0,0,ok,,
fx.interbank-exchange-rate-pound-sterling-gbp.m,monthly,Interbank Exchange Rate,Pound Sterling (GBP),1981-02,0,0,ok,,
fx.interbank-exchange-rate-pound-sterling-gbp.m,monthly,Interbank Exchange Rate,Pound Sterling (GBP),1981-03,0,0,ok,,
fx.interbank-exchange-rate-pound-sterling-gbp.m,monthly,Interbank Exchange Rate,Pound Sterling (GBP),1981-04,0,0,ok,,
fx.interbank-exchange-rate-pound-sterling-gbp.m,monthly,Interbank Exchange Rate,Pound Sterling (GBP),1981-05,0,0,ok,,
fx.interbank-exchange-rate-pound-sterling-gbp.m,monthly,Interbank Exchange Rate,Pound Sterling (GBP),1981-06,0,0,ok,,
fx.interbank-exchange-rate-pound-sterling-gbp.m,monthly,Interbank Exchange Rate,Pound Sterling (GBP),1981-07,0,0,ok,,
fx.interbank-exchange-rate-pound-sterling-gbp.m,monthly,Interbank Exchange Rate,Pound Sterling (GBP),1981-08,0,0,ok,,
fx.interbank-exchange-rate-pound-sterling-gbp.m,monthly,Interbank Exchange Rate,Pound Sterling (GBP),1981-09,0,0,ok,,
fx.interbank-exchange-rate-pound-sterling-gbp.m,monthly,Interbank Exchange Rate,Pound Sterling (GBP),1981-10,0,0,ok,,
fx.interbank-exchange-rate-pound-sterling-gbp.m,monthly,Interbank Exchange Rate,Pound Sterling (GBP),1981-11,0,0,ok,,
fx.interbank-exchange-rate-pound-sterling-gbp.m,monthly,Interbank Exchange Rate,Pound Sterling (GBP),1981-12,0,0,ok,,
fx.interbank-exchange-rate-pound-sterling-gbp.m,monthly,Interbank Exchange Rate,Pound Sterling (GBP),1982-01,0,0,ok,,
fx.interbank-exchange-rate-pound-sterling-gbp.m,monthly,Interbank Exchange Rate,Pound Sterling (GBP),1982-02,0,0,ok,,
fx.interbank-exchange-rate-pound-sterling-gbp.m,monthly,Interbank Exchange Rate,Pound Sterling (GBP),1982-03,0,0,ok,,
fx.interbank-exchange-rate-pound-sterling-gbp.m,monthly,Interbank Exchange Rate,Pound Sterling (GBP),1982-04,0,0,ok,,
fx.interbank-exchange-rate-pound-sterling-gbp.m,monthly,Interbank Exchange Rate,Pound Sterling (GBP),1982-05,0,0,ok,,
fx.interbank-exchange-rate-pound-sterling-gbp.m,monthly,Interbank Exchange Rate,Pound Sterling (GBP),1982-06,0,0,ok,,
fx.interbank-exchange-rate-pound-sterling-gbp.m,monthly,Interbank Exchange Rate,Pound Sterling (GBP),1982-07,0,0,ok,,
fx.interbank-exchange-rate-pound-sterling-gbp.m,monthly,Interbank Exchange Rate,Pound Sterling (GBP),1982-08,0,0,ok,,
fx.interbank-exchange-rate-pound-sterling-gbp.m,monthly,Interbank Exchange Rate,Pound Sterling (GBP),1982-09,0,0,ok,,
fx.interbank-exchange-rate-pound-sterling-gbp.m,monthly,Interbank Exchange Rate,Pound Sterling (GBP),1982-10,0,0,ok,,
fx.interbank-exchange-rate-pound-sterling-gbp.m,monthly,Interbank Exchange Rate,Pound Sterling (GBP),1982-11,0,0,ok,,
fx.interbank-exchange-rate-pound-sterling-gbp.m,monthly,Interbank Exchange Rate,Pound Sterling (GBP),1982-12,0,0,ok,,
fx.interbank-exchange-rate-pound-sterling-gbp.m,monthly,Interbank Exchange Rate,Pound Sterling (GBP),1983-01,0,0,ok,,
fx.interbank-exchange-rate-pound-sterling-gbp.m,monthly,Interbank Exchange Rate,Pound Sterling (GBP),1983-02,0,0,ok,,
fx.interbank-exchange-rate-pound-sterling-gbp.m,monthly,Interbank Exchange Rate,Pound Sterling (GBP),1983-03,0,0,ok,,
fx.interbank-exchange-rate-pound-sterling-gbp.m,monthly,Interbank Exchange Rate,Pound Sterling (GBP),1983-04,0,0,ok,,
fx.interbank-exchange-rate-pound-sterling-gbp.m,monthly,Interbank Exchange Rate,Pound Sterling (GBP),1983-05,0,0,ok,,
fx.interbank-exchange-rate-pound-sterling-gbp.m,monthly,Interbank Exchange Rate,Pound Sterling (GBP),1983-06,0,0,ok,,
fx.interbank-exchange-rate-pound-sterling-gbp.m,monthly,Interbank Exchange Rate,Pound Sterling (GBP),1983-07,0,0,ok,,
fx.interbank-exchange-rate-pound-sterling-gbp.m,monthly,Interbank Exchange Rate,Pound Sterling (GBP),1983-08,0,0,ok,,
fx.interbank-exchange-rate-pound-sterling-gbp.m,monthly,Interbank Exchange Rate,Pound Sterling (GBP),1983-09,0,0,ok,,
fx.interbank-exchange-rate-pound-sterling-gbp.m,monthly,Interbank Exchange Rate,Pound Sterling (GBP),1983-10,0,0,ok,,
fx.interbank-exchange-rate-pound-sterling-gbp.m,monthly,Interbank Exchange Rate,Pound Sterling (GBP),1983-11,0,0,ok,,
fx.interbank-exchange-rate-pound-sterling-gbp.m,monthly,Interbank Exchange Rate,Pound Sterling (GBP),1983-12,0,0,ok,,
fx.interbank-exchange-rate-pound-sterling-gbp.m,monthly,Interbank Exchange Rate,Pound Sterling (GBP),1984-01,0,0,ok,,
fx.interbank-exchange-rate-pound-sterling-gbp.m,monthly,Interbank Exchange Rate,Pound Sterling (GBP),1984-02,0,0,ok,,
fx.interbank-exchange-rate-pound-sterling-gbp.m,monthly,Interbank Exchange Rate,Pound Sterling (GBP),1984-03,0,0,ok,,
fx.interbank-exchange-rate-pound-sterling-gbp.m,monthly,Interbank Exchange Rate,Pound Sterling (GBP),1984-04,0.01,0.01,ok,,
fx.interbank-exchange-rate-pound-sterling-gbp.m,monthly,Interbank Exchange Rate,Pound Sterling (GBP),1984-05,0,0,ok,,
fx.interbank-exchange-rate-pound-sterling-gbp.m,monthly,Interbank Exchange Rate,Pound Sterling (GBP),1984-06,0,0,ok,,
fx.interbank-exchange-rate-pound-sterling-gbp.m,monthly,Interbank Exchange Rate,Pound Sterling (GBP),1984-07,0,0,ok,,
fx.interbank-exchange-rate-pound-sterling-gbp.m,monthly,Interbank Exchange Rate,Pound Sterling (GBP),1984-08,0,0,ok,,
fx.interbank-exchange-rate-pound-sterling-gbp.m,monthly,Interbank Exchange Rate,Pound Sterling (GBP),1984-09,0,0,ok,,
fx.interbank-exchange-rate-pound-sterling-gbp.m,monthly,Interbank Exchange Rate,Pound Sterling (GBP),1984-10,0,0,ok,,
fx.interbank-exchange-rate-pound-sterling-gbp.m,monthly,Interbank Exchange Rate,Pound Sterling (GBP),1984-11,0,0,ok,,
fx.interbank-exchange-rate-pound-sterling-gbp.m,monthly,Interbank Exchange Rate,Pound Sterling (GBP),1984-12,0.01,0.01,ok,,
fx.interbank-exchange-rate-pound-sterling-gbp.m,monthly,Interbank Exchange Rate,Pound Sterling (GBP),1985-01,0.01,0.01,ok,,
fx.interbank-exchange-rate-pound-sterling-gbp.m,monthly,Interbank Exchange Rate,Pound Sterling (GBP),1985-02,0.01,0.01,ok,,
fx.interbank-exchange-rate-pound-sterling-gbp.m,monthly,Interbank Exchange Rate,Pound Sterling (GBP),1985-03,0.01,0.01,ok,,
fx.interbank-exchange-rate-pound-sterling-gbp.m,monthly,Interbank Exchange Rate,Pound Sterling (GBP),1985-04,0.01,0.01,ok,,
fx.interbank-exchange-rate-pound-sterling-gbp.m,monthly,Interbank Exchange Rate,Pound Sterling (GBP),1985-05,0.01,0.01,ok,,
fx.interbank-exchange-rate-pound-sterling-gbp.m,monthly,Interbank Exchange Rate,Pound Sterling (GBP),1985-06,0.01,0.01,ok,,
fx.interbank-exchange-rate-pound-sterling-gbp.m,monthly,Interbank Exchange Rate,Pound Sterling (GBP),1985-07,0.01,0.01,ok,,
fx.interbank-exchange-rate-pound-sterling-gbp.m,monthly,Interbank Exchange Rate,Pound Sterling (GBP),1985-08,0.01,0.01,ok,,
fx.interbank-exchange-rate-pound-sterling-gbp.m,monthly,Interbank Exchange Rate,Pound Sterling (GBP),1985-09,0.01,0.01,ok,,
fx.interbank-exchange-rate-pound-sterling-gbp.m,monthly,Interbank Exchange Rate,Pound Sterling (GBP),1985-10,0.01,0.01,ok,,
fx.interbank-exchange-rate-pound-sterling-gbp.m,monthly,Interbank Exchange Rate,Pound Sterling (GBP),1985-11,0.01,0.01,ok,,
fx.interbank-exchange-rate-pound-sterling-gbp.m,monthly,Interbank Exchange Rate,Pound Sterling (GBP),1985-12,0.01,0.01,ok,,
fx.interbank-exchange-rate-pound-sterling-gbp.m,monthly,Interbank Exchange Rate,Pound Sterling (GBP),1986-01,0.01,0.01,ok,,
fx.interbank-exchange-rate-pound-sterling-gbp.m,monthly,Interbank Exchange Rate,Pound Sterling (GBP),1986-02,0.01,0.01,ok,,
fx.interbank-exchange-rate-pound-sterling-gbp.m,monthly,Interbank Exchange Rate,Pound Sterling (GBP),1986-03,0.01,0.01,ok,,
fx.interbank-exchange-rate-pound-sterling-gbp.m,monthly,Interbank Exchange Rate,Pound Sterling (GBP),1986-04,0.01,0.01,ok,,
fx.interbank-exchange-rate-pound-sterling-gbp.m,monthly,Interbank Exchange Rate,Pound Sterling (GBP),1986-05,0.01,0.01,ok,,
fx.interbank-exchange-rate-pound-sterling-gbp.m,monthly,Interbank Exchange Rate,Pound Sterling (GBP),1986-06,0.01,0.01,ok,,
fx.interbank-exchange-rate-pound-sterling-gbp.m,monthly,Interbank Exchange Rate,Pound Sterling (GBP),1986-07,0.01,0.01,ok,,
fx.interbank-exchange-rate-pound-sterling-gbp.m,monthly,Interbank Exchange Rate,Pound Sterling (GBP),1986-08,0.01,0.01,ok,,
fx.interbank-exchange-rate-pound-sterling-gbp.m,monthly,Interbank Exchange Rate,Pound Sterling (GBP),1986-09,0.01,0.01,ok,,
fx.interbank-exchange-rate-pound-sterling-gbp.m,monthly,Interbank Exchange Rate,Pound Sterling (GBP),1986-10,0.01,0.01,ok,,
fx.interbank-exchange-rate-pound-sterling-gbp.m,monthly,Interbank Exchange Rate,Pound Sterling (GBP),1986-11,0.01,0.01,ok,,
fx.interbank-exchange-rate-pound-sterling-gbp.m,monthly,Interbank Exchange Rate,Pound Sterling (GBP),1986-12,0.01,0.01,ok,,
fx.interbank-exchange-rate-pound-sterling-gbp.m,monthly,Interbank Exchange Rate,Pound Sterling (GBP),1987-01,0.01,0.01,ok,,
fx.interbank-exchange-rate-pound-sterling-gbp.m,monthly,Interbank Exchange Rate,Pound Sterling (GBP),1987-02,0.01,0.01,ok,,
fx.interbank-exchange-rate-pound-sterling-gbp.m,monthly,Interbank Exchange Rate,Pound Sterling (GBP),1987-03,0.02,0.02,ok,,
fx.interbank-exchange-rate-pound-sterling-gbp.m,monthly,Interbank Exchange Rate,Pound Sterling (GBP),1987-04,0.03,0.03,ok,,
fx.interbank-exchange-rate-pound-sterling-gbp.m,monthly,Interbank Exchange Rate,Pound Sterling (GBP),1987-05,0.03,0.03,ok,,
fx.interbank-exchange-rate-pound-sterling-gbp.m,monthly,Interbank Exchange Rate,Pound Sterling (GBP),1987-06,0.03,0.03,ok,,
fx.interbank-exchange-rate-pound-sterling-gbp.m,monthly,Interbank Exchange Rate,Pound Sterling (GBP),1987-07,0.03,0.03,ok,,
fx.interbank-exchange-rate-pound-sterling-gbp.m,monthly,Interbank Exchange Rate,Pound Sterling (GBP),1987-08,0.03,0.03,ok,,
fx.interbank-exchange-rate-pound-sterling-gbp.m,monthly,Interbank Exchange Rate,Pound Sterling (GBP),1987-09,0.03,0.03,ok,,
fx.interbank-exchange-rate-pound-sterling-gbp.m,monthly,Interbank Exchange Rate,Pound Sterling (GBP),1987-10,0.03,0.03,ok,,
fx.interbank-exchange-rate-pound-sterling-gbp.m,monthly,Interbank Exchange Rate,Pound Sterling (GBP),1987-11,0.03,0.03,ok,,
fx.interbank-exchange-rate-pound-sterling-gbp.m,monthly,Interbank Exchange Rate,Pound Sterling (GBP),1987-12,0.03,0.03,ok,,
fx.interbank-exchange-rate-pound-sterling-gbp.m,monthly,Interbank Exchange Rate,Pound Sterling (GBP),1988-01,0.03,0.03,ok,,
fx.interbank-exchange-rate-pound-sterling-gbp.m,monthly,Interbank Exchange Rate,Pound Sterling (GBP),1988-02,0.03,0.03,ok,,
fx.interbank-exchange-rate-pound-sterling-gbp.m,monthly,Interbank Exchange Rate,Pound Sterling (GBP),1988-03,0.03,0.03,ok,,
fx.interbank-exchange-rate-pound-sterling-gbp.m,monthly,Interbank Exchange Rate,Pound Sterling (GBP),1988-04,0.03,0.03,ok,,
fx.interbank-exchange-rate-pound-sterling-gbp.m,monthly,Interbank Exchange Rate,Pound Sterling (GBP),1988-05,0.03,0.03,ok,,
fx.interbank-exchange-rate-pound-sterling-gbp.m,monthly,Interbank Exchange Rate,Pound Sterling (GBP),1988-06,0.03,0.03,ok,,
fx.interbank-exchange-rate-pound-sterling-gbp.m,monthly,Interbank Exchange Rate,Pound Sterling (GBP),1988-07,0.03,0.03,ok,,
fx.interbank-exchange-rate-pound-sterling-gbp.m,monthly,Interbank Exchange Rate,Pound Sterling (GBP),1988-08,0.04,0.04,ok,,
fx.interbank-exchange-rate-pound-sterling-gbp.m,monthly,Interbank Exchange Rate,Pound Sterling (GBP),1988-09,0.04,0.04,ok,,
fx.interbank-exchange-rate-pound-sterling-gbp.m,monthly,Interbank Exchange Rate,Pound Sterling (GBP),1988-10,0.04,0.04,ok,,
fx.interbank-exchange-rate-pound-sterling-gbp.m,monthly,Interbank Exchange Rate,Pound Sterling (GBP),1988-11,0.02,0.02,ok,,
fx.interbank-exchange-rate-pound-sterling-gbp.m,monthly,Interbank Exchange Rate,Pound Sterling (GBP),1988-12,0.04,0.04,ok,,
fx.interbank-exchange-rate-pound-sterling-gbp.m,monthly,Interbank Exchange Rate,Pound Sterling (GBP),1989-01,0.04,0.04,ok,,
fx.interbank-exchange-rate-pound-sterling-gbp.m,monthly,Interbank Exchange Rate,Pound Sterling (GBP),1989-02,0.04,0.04,ok,,
fx.interbank-exchange-rate-pound-sterling-gbp.m,monthly,Interbank Exchange Rate,Pound Sterling (GBP),1989-03,0.04,0.04,ok,,
fx.interbank-exchange-rate-pound-sterling-gbp.m,monthly,Interbank Exchange Rate,Pound Sterling (GBP),1989-04,0.04,0.04,ok,,
fx.interbank-exchange-rate-pound-sterling-gbp.m,monthly,Interbank Exchange Rate,Pound Sterling (GBP),1989-05,0.04,0.04,ok,,
fx.interbank-exchange-rate-pound-sterling-gbp.m,monthly,Interbank Exchange Rate,Pound Sterling (GBP),1989-06,0.04,0.04,ok,,
fx.interbank-exchange-rate-pound-sterling-gbp.m,monthly,Interbank Exchange Rate,Pound Sterling (GBP),1989-07,0.04,0.04,ok,,
fx.interbank-exchange-rate-pound-sterling-gbp.m,monthly,Interbank Exchange Rate,Pound Sterling (GBP),1989-08,0.04,0.04,ok,,
fx.interbank-exchange-rate-pound-sterling-gbp.m,monthly,Interbank Exchange Rate,Pound Sterling (GBP),1989-09,0.04,0.04,ok,,
fx.interbank-exchange-rate-pound-sterling-gbp.m,monthly,Interbank Exchange Rate,Pound Sterling (GBP),1989-10,0.05,0.05,ok,,
fx.interbank-exchange-rate-pound-sterling-gbp.m,monthly,Interbank Exchange Rate,Pound Sterling (GBP),1989-11,0.05,0.05,ok,,
fx.interbank-exchange-rate-pound-sterling-gbp.m,monthly,Interbank Exchange Rate,Pound Sterling (GBP),1989-12,0.05,0.05,ok,,
fx.interbank-exchange-rate-pound-sterling-gbp.m,monthly,Interbank Exchange Rate,Pound Sterling (GBP),1990-01,0.05,0.05,ok,,
fx.interbank-exchange-rate-pound-sterling-gbp.m,monthly,Interbank Exchange Rate,Pound Sterling (GBP),1990-02,0.05,0.05,ok,,
fx.interbank-exchange-rate-pound-sterling-gbp.m,monthly,Interbank Exchange Rate,Pound Sterling (GBP),1990-03,0.05,0.05,ok,,
fx.interbank-exchange-rate-pound-sterling-gbp.m,monthly,Interbank Exchange Rate,Pound Sterling (GBP),1990-04,0.05,0.05,ok,,
fx.interbank-exchange-rate-pound-sterling-gbp.m,monthly,Interbank Exchange Rate,Pound Sterling (GBP),1990-05,0.05,0.05,ok,,
fx.interbank-exchange-rate-pound-sterling-gbp.m,monthly,Interbank Exchange Rate,Pound Sterling (GBP),1990-06,0.06,0.06,ok,,
fx.interbank-exchange-rate-pound-sterling-gbp.m,monthly,Interbank Exchange Rate,Pound Sterling (GBP),1990-07,0.06,0.06,ok,,
fx.interbank-exchange-rate-pound-sterling-gbp.m,monthly,Interbank Exchange Rate,Pound Sterling (GBP),1990-08,0.06,0.06,ok,,
fx.interbank-exchange-rate-pound-sterling-gbp.m,monthly,Interbank Exchange Rate,Pound Sterling (GBP),1990-09,0.06,0.06,ok,,
fx.interbank-exchange-rate-pound-sterling-gbp.m,monthly,Interbank Exchange Rate,Pound Sterling (GBP),1990-10,0.07,0.07,ok,,
fx.interbank-exchange-rate-pound-sterling-gbp.m,monthly,Interbank Exchange Rate,Pound Sterling (GBP),1990-11,0.07,0.07,ok,,
fx.interbank-exchange-rate-pound-sterling-gbp.m,monthly,Interbank Exchange Rate,Pound Sterling (GBP),1990-12,0.07,0.07,ok,,
fx.interbank-exchange-rate-pound-sterling-gbp.m,monthly,Interbank Exchange Rate,Pound Sterling (GBP),1991-01,0.07,0.07,ok,,
fx.interbank-exchange-rate-pound-sterling-gbp.m,monthly,Interbank Exchange Rate,Pound Sterling (GBP),1991-02,0.07,0.07,ok,,
fx.interbank-exchange-rate-pound-sterling-gbp.m,monthly,Interbank Exchange Rate,Pound Sterling (GBP),1991-03,0.07,0.07,ok,,
fx.interbank-exchange-rate-pound-sterling-gbp.m,monthly,Interbank Exchange Rate,Pound Sterling (GBP),1991-04,0.06,0.06,ok,,
fx.interbank-exchange-rate-pound-sterling-gbp.m,monthly,Interbank Exchange Rate,Pound Sterling (GBP),1991-05,0.06,0.06,ok,,
fx.interbank-exchange-rate-pound-sterling-gbp.m,monthly,Interbank Exchange Rate,Pound Sterling (GBP),1991-06,0.06,0.06,ok,,
fx.interbank-exchange-rate-pound-sterling-gbp.m,monthly,Interbank Exchange Rate,Pound Sterling (GBP),1991-07,0.06,0.06,ok,,
fx.interbank-exchange-rate-pound-sterling-gbp.m,monthly,Interbank Exchange Rate,Pound Sterling (GBP),1991-08,0.06,0.06,ok,,
fx.interbank-exchange-rate-pound-sterling-gbp.m,monthly,Interbank Exchange Rate,Pound Sterling (GBP),1991-09,0.06,0.06,ok,,
fx.interbank-exchange-rate-pound-sterling-gbp.m,monthly,Interbank Exchange Rate,Pound Sterling (GBP),1991-10,0.07,0.07,ok,,
fx.interbank-exchange-rate-pound-sterling-gbp.m,monthly,Interbank Exchange Rate,Pound Sterling (GBP),1991-11,0.07,0.07,ok,,
fx.interbank-exchange-rate-pound-sterling-gbp.m,monthly,Interbank Exchange Rate,Pound Sterling (GBP),1991-12,0.07,0.07,ok,,
fx.interbank-exchange-rate-pound-sterling-gbp.m,monthly,Interbank Exchange Rate,Pound Sterling (GBP),1992-01,0.07,0.07,ok,,
fx.interbank-exchange-rate-pound-sterling-gbp.m,monthly,Interbank Exchange Rate,Pound Sterling (GBP),1992-02,0.07,0.07,ok,,
fx.interbank-exchange-rate-pound-sterling-gbp.m,monthly,Interbank Exchange Rate,Pound Sterling (GBP),1992-03,0.07,0.07,ok,,
fx.interbank-exchange-rate-pound-sterling-gbp.m,monthly,Interbank Exchange Rate,Pound Sterling (GBP),1992-04,0.07,0.07,ok,,
fx.interbank-exchange-rate-pound-sterling-gbp.m,monthly,Interbank Exchange Rate,Pound Sterling (GBP),1992-05,0.07,0.07,ok,,
fx.interbank-exchange-rate-pound-sterling-gbp.m,monthly,Interbank Exchange Rate,Pound Sterling (GBP),1992-06,0.08,0.08,ok,,
fx.interbank-exchange-rate-pound-sterling-gbp.m,monthly,Interbank Exchange Rate,Pound Sterling (GBP),1992-07,0.08,0.08,ok,,
fx.interbank-exchange-rate-pound-sterling-gbp.m,monthly,Interbank Exchange Rate,Pound Sterling (GBP),1992-08,0.09,0.09,ok,,
fx.interbank-exchange-rate-pound-sterling-gbp.m,monthly,Interbank Exchange Rate,Pound Sterling (GBP),1992-09,0.08,0.08,ok,,
fx.interbank-exchange-rate-pound-sterling-gbp.m,monthly,Interbank Exchange Rate,Pound Sterling (GBP),1992-10,0.08,0.08,ok,,
fx.interbank-exchange-rate-pound-sterling-gbp.m,monthly,Interbank Exchange Rate,Pound Sterling (GBP),1992-11,0.08,0.08,ok,,
fx.interbank-exchange-rate-pound-sterling-gbp.m,monthly,Interbank Exchange Rate,Pound Sterling (GBP),1992-12,0.08,0.08,ok,,
fx.interbank-exchange-rate-pound-sterling-gbp.m,monthly,Interbank Exchange Rate,Pound Sterling (GBP),1993-01,0.08,0.08,ok,,
fx.interbank-exchange-rate-pound-sterling-gbp.m,monthly,Interbank Exchange Rate,Pound Sterling (GBP),1993-02,0.08,0.08,ok,,
fx.interbank-exchange-rate-pound-sterling-gbp.m,monthly,Interbank Exchange Rate,Pound Sterling (GBP),1993-03,0.09,0.09,ok,,
fx.interbank-exchange-rate-pound-sterling-gbp.m,monthly,Interbank Exchange Rate,Pound Sterling (GBP),1993-04,0.09,0.09,ok,,
fx.interbank-exchange-rate-pound-sterling-gbp.m,monthly,Interbank Exchange Rate,Pound Sterling (GBP),1993-05,0.09,0.09,ok,,
fx.interbank-exchange-rate-pound-sterling-gbp.m,monthly,Interbank Exchange Rate,Pound Sterling (GBP),1993-06,0.09,0.09,ok,,
fx.interbank-exchange-rate-pound-sterling-gbp.m,monthly,Interbank Exchange Rate,Pound Sterling (GBP),1993-07,0.1,0.1,ok,,
fx.interbank-exchange-rate-pound-sterling-gbp.m,monthly,Interbank Exchange Rate,Pound Sterling (GBP),1993-08,0.1,0.1,ok,,
fx.interbank-exchange-rate-pound-sterling-gbp.m,monthly,Interbank Exchange Rate,Pound Sterling (GBP),1993-09,0.1,0.1,ok,,
fx.interbank-exchange-rate-pound-sterling-gbp.m,monthly,Interbank Exchange Rate,Pound Sterling (GBP),1993-10,0.1,0.1,ok,,
fx.interbank-exchange-rate-pound-sterling-gbp.m,monthly,Interbank Exchange Rate,Pound Sterling (GBP),1993-11,0.11,0.11,ok,,
fx.interbank-exchange-rate-pound-sterling-gbp.m,monthly,Interbank Exchange Rate,Pound Sterling (GBP),1993-12,0.12,0.12,ok,,
fx.interbank-exchange-rate-pound-sterling-gbp.m,monthly,Interbank Exchange Rate,Pound Sterling (GBP),1994-01,0.12,0.12,ok,,
fx.interbank-exchange-rate-pound-sterling-gbp.m,monthly,Interbank Exchange Rate,Pound Sterling (GBP),1994-02,0.14,0.14,ok,,
fx.interbank-exchange-rate-pound-sterling-gbp.m,monthly,Interbank Exchange Rate,Pound Sterling (GBP),1994-03,0.14,0.14,ok,,
fx.interbank-exchange-rate-pound-sterling-gbp.m,monthly,Interbank Exchange Rate,Pound Sterling (GBP),1994-04,0.14,0.14,ok,,
fx.interbank-exchange-rate-pound-sterling-gbp.m,monthly,Interbank Exchange Rate,Pound Sterling (GBP),1994-05,0.14,0.14,ok,,
fx.interbank-exchange-rate-pound-sterling-gbp.m,monthly,Interbank Exchange Rate,Pound Sterling (GBP),1994-06,0.14,0.14,ok,,
fx.interbank-exchange-rate-pound-sterling-gbp.m,monthly,Interbank Exchange Rate,Pound Sterling (GBP),1994-07,0.15,0.15,ok,,
fx.interbank-exchange-rate-pound-sterling-gbp.m,monthly,Interbank Exchange Rate,Pound Sterling (GBP),1994-08,0.15,0.15,ok,,
fx.interbank-exchange-rate-pound-sterling-gbp.m,monthly,Interbank Exchange Rate,Pound Sterling (GBP),1994-09,0.15,0.15,ok,,
fx.interbank-exchange-rate-pound-sterling-gbp.m,monthly,Interbank Exchange Rate,Pound Sterling (GBP),1994-10,0.15,0.15,ok,,
fx.interbank-exchange-rate-pound-sterling-gbp.m,monthly,Interbank Exchange Rate,Pound Sterling (GBP),1994-11,0.16,0.16,ok,,
fx.interbank-exchange-rate-pound-sterling-gbp.m,monthly,Interbank Exchange Rate,Pound Sterling (GBP),1994-12,0.16,0.16,ok,,
fx.interbank-exchange-rate-pound-sterling-gbp.m,monthly,Interbank Exchange Rate,Pound Sterling (GBP),1995-01,0.17,0.17,ok,,
fx.interbank-exchange-rate-pound-sterling-gbp.m,monthly,Interbank Exchange Rate,Pound Sterling (GBP),1995-02,0.17,0.17,ok,,
fx.interbank-exchange-rate-pound-sterling-gbp.m,monthly,Interbank Exchange Rate,Pound Sterling (GBP),1995-03,0.17,0.17,ok,,
fx.interbank-exchange-rate-pound-sterling-gbp.m,monthly,Interbank Exchange Rate,Pound Sterling (GBP),1995-04,0.18,0.18,ok,,
fx.interbank-exchange-rate-pound-sterling-gbp.m,monthly,Interbank Exchange Rate,Pound Sterling (GBP),1995-05,0.18,0.18,ok,,
fx.interbank-exchange-rate-pound-sterling-gbp.m,monthly,Interbank Exchange Rate,Pound Sterling (GBP),1995-06,0.18,0.18,ok,,
fx.interbank-exchange-rate-pound-sterling-gbp.m,monthly,Interbank Exchange Rate,Pound Sterling (GBP),1995-07,0.19,0.19,ok,,
fx.interbank-exchange-rate-pound-sterling-gbp.m,monthly,Interbank Exchange Rate,Pound Sterling (GBP),1995-08,0.19,0.19,ok,,
fx.interbank-exchange-rate-pound-sterling-gbp.m,monthly,Interbank Exchange Rate,Pound Sterling (GBP),1995-09,0.2,0.2,ok,,
fx.interbank-exchange-rate-pound-sterling-gbp.m,monthly,Interbank Exchange Rate,Pound Sterling (GBP),1995-10,0.21,0.21,ok,,
fx.interbank-exchange-rate-pound-sterling-gbp.m,monthly,Interbank Exchange Rate,Pound Sterling (GBP),1995-11,0.22,0.22,ok,,
fx.interbank-exchange-rate-pound-sterling-gbp.m,monthly,Interbank Exchange Rate,Pound Sterling (GBP),1995-12,0.22,0.22,ok,,
fx.interbank-exchange-rate-pound-sterling-gbp.m,monthly,Interbank Exchange Rate,Pound Sterling (GBP),1996-01,0.22,0.22,ok,,
fx.interbank-exchange-rate-pound-sterling-gbp.m,monthly,Interbank Exchange Rate,Pound Sterling (GBP),1996-02,0.23,0.23,ok,,
fx.interbank-exchange-rate-pound-sterling-gbp.m,monthly,Interbank Exchange Rate,Pound Sterling (GBP),1996-03,0.24,0.24,ok,,
fx.interbank-exchange-rate-pound-sterling-gbp.m,monthly,Interbank Exchange Rate,Pound Sterling (GBP),1996-04,0.24,0.24,ok,,
fx.interbank-exchange-rate-pound-sterling-gbp.m,monthly,Interbank Exchange Rate,Pound Sterling (GBP),1996-05,0.25,0.25,ok,,
fx.interbank-exchange-rate-pound-sterling-gbp.m,monthly,Interbank Exchange Rate,Pound Sterling (GBP),1996-06,0.25,0.25,ok,,
fx.interbank-exchange-rate-pound-sterling-gbp.m,monthly,Interbank Exchange Rate,Pound Sterling (GBP),1996-07,0.26,0.26,ok,,
fx.interbank-exchange-rate-pound-sterling-gbp.m,monthly,Interbank Exchange Rate,Pound Sterling (GBP),1996-08,0.26,0.26,ok,,
fx.interbank-exchange-rate-pound-sterling-gbp.m,monthly,Interbank Exchange Rate,Pound Sterling (GBP),1996-09,0.27,0.27,ok,,
fx.interbank-exchange-rate-pound-sterling-gbp.m,monthly,Interbank Exchange Rate,Pound Sterling (GBP),1996-10,0.27,0.27,ok,,
fx.interbank-exchange-rate-pound-sterling-gbp.m,monthly,Interbank Exchange Rate,Pound Sterling (GBP),1996-11,0.29,0.29,ok,,
fx.interbank-exchange-rate-pound-sterling-gbp.m,monthly,Interbank Exchange Rate,Pound Sterling (GBP),1996-12,0.29,0.29,ok,,
fx.interbank-exchange-rate-pound-sterling-gbp.m,monthly,Interbank Exchange Rate,Pound Sterling (GBP),1997-01,0.29,0.29,ok,,
fx.interbank-exchange-rate-pound-sterling-gbp.m,monthly,Interbank Exchange Rate,Pound Sterling (GBP),1997-02,0.29,0.29,ok,,
fx.interbank-exchange-rate-pound-sterling-gbp.m,monthly,Interbank Exchange Rate,Pound Sterling (GBP),1997-03,0.3,0.3,ok,,
fx.interbank-exchange-rate-pound-sterling-gbp.m,monthly,Interbank Exchange Rate,Pound Sterling (GBP),1997-04,0.31,0.31,ok,,
fx.interbank-exchange-rate-pound-sterling-gbp.m,monthly,Interbank Exchange Rate,Pound Sterling (GBP),1997-05,0.33,0.33,ok,,
fx.interbank-exchange-rate-pound-sterling-gbp.m,monthly,Interbank Exchange Rate,Pound Sterling (GBP),1997-06,0.34,0.34,ok,,
fx.interbank-exchange-rate-pound-sterling-gbp.m,monthly,Interbank Exchange Rate,Pound Sterling (GBP),1997-07,0.36,0.36,ok,,
fx.interbank-exchange-rate-pound-sterling-gbp.m,monthly,Interbank Exchange Rate,Pound Sterling (GBP),1997-08,0.35,0.35,ok,,
fx.interbank-exchange-rate-pound-sterling-gbp.m,monthly,Interbank Exchange Rate,Pound Sterling (GBP),1997-09,0.35,0.35,ok,,
fx.interbank-exchange-rate-pound-sterling-gbp.m,monthly,Interbank Exchange Rate,Pound Sterling (GBP),1997-10,0.36,0.36,ok,,
fx.interbank-exchange-rate-pound-sterling-gbp.m,monthly,Interbank Exchange Rate,Pound Sterling (GBP),1997-11,0.38,0.38,ok,,
fx.interbank-exchange-rate-pound-sterling-gbp.m,monthly,Interbank Exchange Rate,Pound Sterling (GBP),1997-12,0.37,0.37,ok,,
fx.interbank-exchange-rate-pound-sterling-gbp.m,monthly,Interbank Exchange Rate,Pound Sterling (GBP),1998-01,0.37,0.37,ok,,
fx.interbank-exchange-rate-pound-sterling-gbp.m,monthly,Interbank Exchange Rate,Pound Sterling (GBP),1998-02,0.38,0.38,ok,,
fx.interbank-exchange-rate-pound-sterling-gbp.m,monthly,Interbank Exchange Rate,Pound Sterling (GBP),1998-03,0.38,0.38,ok,,
fx.interbank-exchange-rate-pound-sterling-gbp.m,monthly,Interbank Exchange Rate,Pound Sterling (GBP),1998-04,0.39,0.39,ok,,
fx.interbank-exchange-rate-pound-sterling-gbp.m,monthly,Interbank Exchange Rate,Pound Sterling (GBP),1998-05,0.38,0.38,ok,,
fx.interbank-exchange-rate-pound-sterling-gbp.m,monthly,Interbank Exchange Rate,Pound Sterling (GBP),1998-06,0.38,0.38,ok,,
fx.interbank-exchange-rate-pound-sterling-gbp.m,monthly,Interbank Exchange Rate,Pound Sterling (GBP),1998-07,0.38,0.38,ok,,
fx.interbank-exchange-rate-pound-sterling-gbp.m,monthly,Interbank Exchange Rate,Pound Sterling (GBP),1998-08,0.38,0.38,ok,,
fx.interbank-exchange-rate-pound-sterling-gbp.m,monthly,Interbank Exchange Rate,Pound Sterling (GBP),1998-09,0.39,0.39,ok,,
fx.interbank-exchange-rate-pound-sterling-gbp.m,monthly,Interbank Exchange Rate,Pound Sterling (GBP),1998-10,0.39,0.39,ok,,
fx.interbank-exchange-rate-pound-sterling-gbp.m,monthly,Interbank Exchange Rate,Pound Sterling (GBP),1998-11,0.39,0.39,ok,,
fx.interbank-exchange-rate-pound-sterling-gbp.m,monthly,Interbank Exchange Rate,Pound Sterling (GBP),1998-12,0.39,0.39,ok,,
fx.interbank-exchange-rate-pound-sterling-gbp.m,monthly,Interbank Exchange Rate,Pound Sterling (GBP),1999-01,0.39,0.39,ok,,
fx.interbank-exchange-rate-pound-sterling-gbp.m,monthly,Interbank Exchange Rate,Pound Sterling (GBP),1999-02,0.39,0.39,ok,,
fx.interbank-exchange-rate-pound-sterling-gbp.m,monthly,Interbank Exchange Rate,Pound Sterling (GBP),1999-03,0.39,0.39,ok,,
fx.interbank-exchange-rate-pound-sterling-gbp.m,monthly,Interbank Exchange Rate,Pound Sterling (GBP),1999-04,0.39,0.39,ok,,
fx.interbank-exchange-rate-pound-sterling-gbp.m,monthly,Interbank Exchange Rate,Pound Sterling (GBP),1999-05,0.4,0.4,ok,,
fx.interbank-exchange-rate-pound-sterling-gbp.m,monthly,Interbank Exchange Rate,Pound Sterling (GBP),1999-06,0.39,0.39,ok,,
fx.interbank-exchange-rate-pound-sterling-gbp.m,monthly,Interbank Exchange Rate,Pound Sterling (GBP),1999-07,0.4,0.4,ok,,
fx.interbank-exchange-rate-pound-sterling-gbp.m,monthly,Interbank Exchange Rate,Pound Sterling (GBP),1999-08,0.42,0.42,ok,,
fx.interbank-exchange-rate-pound-sterling-gbp.m,monthly,Interbank Exchange Rate,Pound Sterling (GBP),1999-09,0.43,0.43,ok,,
fx.interbank-exchange-rate-pound-sterling-gbp.m,monthly,Interbank Exchange Rate,Pound Sterling (GBP),1999-10,0.46,0.46,ok,,
fx.interbank-exchange-rate-pound-sterling-gbp.m,monthly,Interbank Exchange Rate,Pound Sterling (GBP),1999-11,0.53,0.53,ok,,
fx.interbank-exchange-rate-pound-sterling-gbp.m,monthly,Interbank Exchange Rate,Pound Sterling (GBP),1999-12,0.56,0.56,ok,,
fx.interbank-exchange-rate-pound-sterling-gbp.m,monthly,Interbank Exchange Rate,Pound Sterling (GBP),2000-01,0.58,0.58,ok,,
fx.interbank-exchange-rate-pound-sterling-gbp.m,monthly,Interbank Exchange Rate,Pound Sterling (GBP),2000-02,0.59,0.59,ok,,
fx.interbank-exchange-rate-pound-sterling-gbp.m,monthly,Interbank Exchange Rate,Pound Sterling (GBP),2000-03,0.62,0.62,ok,,
fx.interbank-exchange-rate-pound-sterling-gbp.m,monthly,Interbank Exchange Rate,Pound Sterling (GBP),2000-04,0.68,0.68,ok,,
fx.interbank-exchange-rate-pound-sterling-gbp.m,monthly,Interbank Exchange Rate,Pound Sterling (GBP),2000-05,0.69,0.69,ok,,
fx.interbank-exchange-rate-pound-sterling-gbp.m,monthly,Interbank Exchange Rate,Pound Sterling (GBP),2000-06,0.75,0.75,ok,,
fx.interbank-exchange-rate-pound-sterling-gbp.m,monthly,Interbank Exchange Rate,Pound Sterling (GBP),2000-07,0.88,0.88,ok,,
fx.interbank-exchange-rate-pound-sterling-gbp.m,monthly,Interbank Exchange Rate,Pound Sterling (GBP),2000-08,0.94,0.94,ok,,
fx.interbank-exchange-rate-pound-sterling-gbp.m,monthly,Interbank Exchange Rate,Pound Sterling (GBP),2000-09,0.93,0.93,ok,,
fx.interbank-exchange-rate-pound-sterling-gbp.m,monthly,Interbank Exchange Rate,Pound Sterling (GBP),2000-10,0.96,0.96,ok,,
fx.interbank-exchange-rate-pound-sterling-gbp.m,monthly,Interbank Exchange Rate,Pound Sterling (GBP),2000-11,0.97,0.97,ok,,
fx.interbank-exchange-rate-pound-sterling-gbp.m,monthly,Interbank Exchange Rate,Pound Sterling (GBP),2000-12,1,1,ok,,
fx.interbank-exchange-rate-pound-sterling-gbp.m,monthly,Interbank Exchange Rate,Pound Sterling (GBP),2001-01,1.02,1.02,ok,,
fx.interbank-exchange-rate-pound-sterling-gbp.m,monthly,Interbank Exchange Rate,Pound Sterling (GBP),2001-02,1.01,1.01,ok,,
fx.interbank-exchange-rate-pound-sterling-gbp.m,monthly,Interbank Exchange Rate,Pound Sterling (GBP),2001-03,1.02,1.02,ok,,
fx.interbank-exchange-rate-pound-sterling-gbp.m,monthly,Interbank Exchange Rate,Pound Sterling (GBP),2001-04,1.02,1.02,ok,,
fx.interbank-exchange-rate-pound-sterling-gbp.m,monthly,Interbank Exchange Rate,Pound Sterling (GBP),2001-05,1.02,1.02,ok,,
fx.interbank-exchange-rate-pound-sterling-gbp.m,monthly,Interbank Exchange Rate,Pound Sterling (GBP),2001-06,1,1,ok,,
fx.interbank-exchange-rate-pound-sterling-gbp.m,monthly,Interbank Exchange Rate,Pound Sterling (GBP),2001-07,1.01,1.01,ok,,
fx.interbank-exchange-rate-pound-sterling-gbp.m,monthly,Interbank Exchange Rate,Pound Sterling (GBP),2001-08,1.02,1.02,ok,,
fx.interbank-exchange-rate-pound-sterling-gbp.m,monthly,Interbank Exchange Rate,Pound Sterling (GBP),2001-09,1.04,1.04,ok,,
fx.interbank-exchange-rate-pound-sterling-gbp.m,monthly,Interbank Exchange Rate,Pound Sterling (GBP),2001-10,1.03,1.03,ok,,
fx.interbank-exchange-rate-pound-sterling-gbp.m,monthly,Interbank Exchange Rate,Pound Sterling (GBP),2001-11,1.03,1.03,ok,,
fx.interbank-exchange-rate-pound-sterling-gbp.m,monthly,Interbank Exchange Rate,Pound Sterling (GBP),2001-12,1.04,1.04,ok,,
fx.interbank-exchange-rate-pound-sterling-gbp.m,monthly,Interbank Exchange Rate,Pound Sterling (GBP),2002-01,1.04,1.04,ok,,
fx.interbank-exchange-rate-pound-sterling-gbp.m,monthly,Interbank Exchange Rate,Pound Sterling (GBP),2002-02,1.05,1.05,ok,,
fx.interbank-exchange-rate-pound-sterling-gbp.m,monthly,Interbank Exchange Rate,Pound Sterling (GBP),2002-03,1.08,1.08,ok,,
fx.interbank-exchange-rate-pound-sterling-gbp.m,monthly,Interbank Exchange Rate,Pound Sterling (GBP),2002-04,1.11,1.11,ok,,
fx.interbank-exchange-rate-pound-sterling-gbp.m,monthly,Interbank Exchange Rate,Pound Sterling (GBP),2002-05,1.14,1.14,ok,,
fx.interbank-exchange-rate-pound-sterling-gbp.m,monthly,Interbank Exchange Rate,Pound Sterling (GBP),2002-06,1.17,1.17,ok,,
fx.interbank-exchange-rate-pound-sterling-gbp.m,monthly,Interbank Exchange Rate,Pound Sterling (GBP),2002-07,1.24,1.24,ok,,
fx.interbank-exchange-rate-pound-sterling-gbp.m,monthly,Interbank Exchange Rate,Pound Sterling (GBP),2002-08,1.25,1.25,ok,,
fx.interbank-exchange-rate-pound-sterling-gbp.m,monthly,Interbank Exchange Rate,Pound Sterling (GBP),2002-09,1.26,1.26,ok,,
fx.interbank-exchange-rate-pound-sterling-gbp.m,monthly,Interbank Exchange Rate,Pound Sterling (GBP),2002-10,1.27,1.27,ok,,
fx.interbank-exchange-rate-pound-sterling-gbp.m,monthly,Interbank Exchange Rate,Pound Sterling (GBP),2002-11,1.3,1.3,ok,,
fx.interbank-exchange-rate-pound-sterling-gbp.m,monthly,Interbank Exchange Rate,Pound Sterling (GBP),2002-12,1.32,1.32,ok,,
fx.interbank-exchange-rate-pound-sterling-gbp.m,monthly,Interbank Exchange Rate,Pound Sterling (GBP),2003-01,1.36,1.36,ok,,
fx.interbank-exchange-rate-pound-sterling-gbp.m,monthly,Interbank Exchange Rate,Pound Sterling (GBP),2003-02,1.37,1.37,ok,,
fx.interbank-exchange-rate-pound-sterling-gbp.m,monthly,Interbank Exchange Rate,Pound Sterling (GBP),2003-03,1.35,1.35,ok,,
fx.interbank-exchange-rate-pound-sterling-gbp.m,monthly,Interbank Exchange Rate,Pound Sterling (GBP),2003-04,1.36,1.36,ok,,
fx.interbank-exchange-rate-pound-sterling-gbp.m,monthly,Interbank Exchange Rate,Pound Sterling (GBP),2003-05,1.4,1.4,ok,,
fx.interbank-exchange-rate-pound-sterling-gbp.m,monthly,Interbank Exchange Rate,Pound Sterling (GBP),2003-06,1.44,1.44,ok,,
fx.interbank-exchange-rate-pound-sterling-gbp.m,monthly,Interbank Exchange Rate,Pound Sterling (GBP),2003-07,1.41,1.41,ok,,
fx.interbank-exchange-rate-pound-sterling-gbp.m,monthly,Interbank Exchange Rate,Pound Sterling (GBP),2003-08,1.38,1.38,ok,,
fx.interbank-exchange-rate-pound-sterling-gbp.m,monthly,Interbank Exchange Rate,Pound Sterling (GBP),2003-09,1.4,1.4,ok,,
fx.interbank-exchange-rate-pound-sterling-gbp.m,monthly,Interbank Exchange Rate,Pound Sterling (GBP),2003-10,1.46,1.46,ok,,
fx.interbank-exchange-rate-pound-sterling-gbp.m,monthly,Interbank Exchange Rate,Pound Sterling (GBP),2003-11,1.48,1.48,ok,,
fx.interbank-exchange-rate-pound-sterling-gbp.m,monthly,Interbank Exchange Rate,Pound Sterling (GBP),2003-12,1.52,1.52,ok,,
fx.interbank-exchange-rate-pound-sterling-gbp.m,monthly,Interbank Exchange Rate,Pound Sterling (GBP),2004-01,1.61,1.61,ok,,
fx.interbank-exchange-rate-pound-sterling-gbp.m,monthly,Interbank Exchange Rate,Pound Sterling (GBP),2004-02,1.66,1.66,ok,,
fx.interbank-exchange-rate-pound-sterling-gbp.m,monthly,Interbank Exchange Rate,Pound Sterling (GBP),2004-03,1.63,1.63,ok,,
fx.interbank-exchange-rate-pound-sterling-gbp.m,monthly,Interbank Exchange Rate,Pound Sterling (GBP),2004-04,1.62,1.62,ok,,
fx.interbank-exchange-rate-pound-sterling-gbp.m,monthly,Interbank Exchange Rate,Pound Sterling (GBP),2004-05,1.61,1.61,ok,,
fx.interbank-exchange-rate-pound-sterling-gbp.m,monthly,Interbank Exchange Rate,Pound Sterling (GBP),2004-06,1.64,1.64,ok,,
fx.interbank-exchange-rate-pound-sterling-gbp.m,monthly,Interbank Exchange Rate,Pound Sterling (GBP),2004-07,1.66,1.66,ok,,
fx.interbank-exchange-rate-pound-sterling-gbp.m,monthly,Interbank Exchange Rate,Pound Sterling (GBP),2004-08,1.64,1.64,ok,,
fx.interbank-exchange-rate-pound-sterling-gbp.m,monthly,Interbank Exchange Rate,Pound Sterling (GBP),2004-09,1.62,1.62,ok,,
fx.interbank-exchange-rate-pound-sterling-gbp.m,monthly,Interbank Exchange Rate,Pound Sterling (GBP),2004-10,1.63,1.63,ok,,
fx.interbank-exchange-rate-pound-sterling-gbp.m,monthly,Interbank Exchange Rate,Pound Sterling (GBP),2004-11,1.68,1.68,ok,,
fx.interbank-exchange-rate-pound-sterling-gbp.m,monthly,Interbank Exchange Rate,Pound Sterling (GBP),2004-12,1.74,1.74,ok,,
fx.interbank-exchange-rate-pound-sterling-gbp.m,monthly,Interbank Exchange Rate,Pound Sterling (GBP),2005-01,1.69,1.69,ok,,
fx.interbank-exchange-rate-pound-sterling-gbp.m,monthly,Interbank Exchange Rate,Pound Sterling (GBP),2005-02,1.7,1.7,ok,,
fx.interbank-exchange-rate-pound-sterling-gbp.m,monthly,Interbank Exchange Rate,Pound Sterling (GBP),2005-03,1.72,1.72,ok,,
fx.interbank-exchange-rate-pound-sterling-gbp.m,monthly,Interbank Exchange Rate,Pound Sterling (GBP),2005-04,1.71,1.71,ok,,
fx.interbank-exchange-rate-pound-sterling-gbp.m,monthly,Interbank Exchange Rate,Pound Sterling (GBP),2005-05,1.67,1.67,ok,,
fx.interbank-exchange-rate-pound-sterling-gbp.m,monthly,Interbank Exchange Rate,Pound Sterling (GBP),2005-06,1.65,1.65,ok,,
fx.interbank-exchange-rate-pound-sterling-gbp.m,monthly,Interbank Exchange Rate,Pound Sterling (GBP),2005-07,1.59,1.59,ok,,
fx.interbank-exchange-rate-pound-sterling-gbp.m,monthly,Interbank Exchange Rate,Pound Sterling (GBP),2005-08,1.62,1.62,ok,,
fx.interbank-exchange-rate-pound-sterling-gbp.m,monthly,Interbank Exchange Rate,Pound Sterling (GBP),2005-09,1.64,1.64,ok,,
fx.interbank-exchange-rate-pound-sterling-gbp.m,monthly,Interbank Exchange Rate,Pound Sterling (GBP),2005-10,1.6,1.6,ok,,
fx.interbank-exchange-rate-pound-sterling-gbp.m,monthly,Interbank Exchange Rate,Pound Sterling (GBP),2005-11,1.58,1.58,ok,,
fx.interbank-exchange-rate-pound-sterling-gbp.m,monthly,Interbank Exchange Rate,Pound Sterling (GBP),2005-12,1.59,1.59,ok,,
fx.interbank-exchange-rate-pound-sterling-gbp.m,monthly,Interbank Exchange Rate,Pound Sterling (GBP),2006-01,1.6,1.6,ok,,
fx.interbank-exchange-rate-pound-sterling-gbp.m,monthly,Interbank Exchange Rate,Pound Sterling (GBP),2006-02,1.59,1.59,ok,,
fx.interbank-exchange-rate-pound-sterling-gbp.m,monthly,Interbank Exchange Rate,Pound Sterling (GBP),2006-03,1.59,1.59,ok,,
fx.interbank-exchange-rate-pound-sterling-gbp.m,monthly,Interbank Exchange Rate,Pound Sterling (GBP),2006-04,1.61,1.61,ok,,
fx.interbank-exchange-rate-pound-sterling-gbp.m,monthly,Interbank Exchange Rate,Pound Sterling (GBP),2006-05,1.7,1.7,ok,,
fx.interbank-exchange-rate-pound-sterling-gbp.m,monthly,Interbank Exchange Rate,Pound Sterling (GBP),2006-06,1.69,1.69,ok,,
fx.interbank-exchange-rate-pound-sterling-gbp.m,monthly,Interbank Exchange Rate,Pound Sterling (GBP),2006-07,1.69,1.69,ok,,
fx.interbank-exchange-rate-pound-sterling-gbp.m,monthly,Interbank Exchange Rate,Pound Sterling (GBP),2006-08,1.74,1.74,ok,,
fx.interbank-exchange-rate-pound-sterling-gbp.m,monthly,Interbank Exchange Rate,Pound Sterling (GBP),2006-09,1.74,1.74,ok,,
fx.interbank-exchange-rate-pound-sterling-gbp.m,monthly,Interbank Exchange Rate,Pound Sterling (GBP),2006-10,1.73,1.73,ok,,
fx.interbank-exchange-rate-pound-sterling-gbp.m,monthly,Interbank Exchange Rate,Pound Sterling (GBP),2006-11,1.76,1.76,ok,,
fx.interbank-exchange-rate-pound-sterling-gbp.m,monthly,Interbank Exchange Rate,Pound Sterling (GBP),2006-12,1.81,1.81,ok,,
fx.interbank-exchange-rate-pound-sterling-gbp.m,monthly,Interbank Exchange Rate,Pound Sterling (GBP),2007-01,1.81,1.81,ok,,
fx.interbank-exchange-rate-pound-sterling-gbp.m,monthly,Interbank Exchange Rate,Pound Sterling (GBP),2007-02,1.81,1.81,ok,,
fx.interbank-exchange-rate-pound-sterling-gbp.m,monthly,Interbank Exchange Rate,Pound Sterling (GBP),2007-03,1.8,1.8,ok,,
fx.interbank-exchange-rate-pound-sterling-gbp.m,monthly,Interbank Exchange Rate,Pound Sterling (GBP),2007-04,1.84,1.84,ok,,
fx.interbank-exchange-rate-pound-sterling-gbp.m,monthly,Interbank Exchange Rate,Pound Sterling (GBP),2007-05,1.84,1.84,ok,,
fx.interbank-exchange-rate-pound-sterling-gbp.m,monthly,Interbank Exchange Rate,Pound Sterling (GBP),2007-06,1.84,1.84,ok,,
fx.interbank-exchange-rate-pound-sterling-gbp.m,monthly,Interbank Exchange Rate,Pound Sterling (GBP),2007-07,1.83,1.83,ok,,
fx.interbank-exchange-rate-pound-sterling-gbp.m,monthly,Interbank Exchange Rate,Pound Sterling (GBP),2007-08,1.87,1.87,ok,,
fx.interbank-exchange-rate-pound-sterling-gbp.m,monthly,Interbank Exchange Rate,Pound Sterling (GBP),2007-09,1.89,1.89,ok,,
fx.interbank-exchange-rate-pound-sterling-gbp.m,monthly,Interbank Exchange Rate,Pound Sterling (GBP),2007-10,1.92,1.92,ok,,
fx.interbank-exchange-rate-pound-sterling-gbp.m,monthly,Interbank Exchange Rate,Pound Sterling (GBP),2007-11,1.98,1.98,ok,,
fx.interbank-exchange-rate-pound-sterling-gbp.m,monthly,Interbank Exchange Rate,Pound Sterling (GBP),2007-12,1.94,1.94,ok,,
fx.interbank-exchange-rate-pound-sterling-gbp.m,monthly,Interbank Exchange Rate,Pound Sterling (GBP),2008-01,1.91,1.91,ok,,
fx.interbank-exchange-rate-pound-sterling-gbp.m,monthly,Interbank Exchange Rate,Pound Sterling (GBP),2008-02,1.87,1.87,ok,,
fx.interbank-exchange-rate-pound-sterling-gbp.m,monthly,Interbank Exchange Rate,Pound Sterling (GBP),2008-03,1.95,1.95,ok,,
fx.interbank-exchange-rate-pound-sterling-gbp.m,monthly,Interbank Exchange Rate,Pound Sterling (GBP),2008-04,1.9,1.9,ok,,
fx.interbank-exchange-rate-pound-sterling-gbp.m,monthly,Interbank Exchange Rate,Pound Sterling (GBP),2008-05,1.95,1.95,ok,,
fx.interbank-exchange-rate-pound-sterling-gbp.m,monthly,Interbank Exchange Rate,Pound Sterling (GBP),2008-06,1.99,1.99,ok,,
fx.interbank-exchange-rate-pound-sterling-gbp.m,monthly,Interbank Exchange Rate,Pound Sterling (GBP),2008-07,2.07,2.07,ok,,
fx.interbank-exchange-rate-pound-sterling-gbp.m,monthly,Interbank Exchange Rate,Pound Sterling (GBP),2008-08,2.04,2.04,ok,,
fx.interbank-exchange-rate-pound-sterling-gbp.m,monthly,Interbank Exchange Rate,Pound Sterling (GBP),2008-09,2,2,ok,,
fx.interbank-exchange-rate-pound-sterling-gbp.m,monthly,Interbank Exchange Rate,Pound Sterling (GBP),2008-10,1.93,1.93,ok,,
fx.interbank-exchange-rate-pound-sterling-gbp.m,monthly,Interbank Exchange Rate,Pound Sterling (GBP),2008-11,1.79,1.79,ok,,
fx.interbank-exchange-rate-pound-sterling-gbp.m,monthly,Interbank Exchange Rate,Pound Sterling (GBP),2008-12,1.79,1.79,ok,,
fx.interbank-exchange-rate-pound-sterling-gbp.m,monthly,Interbank Exchange Rate,Pound Sterling (GBP),2009-01,1.79,1.79,ok,,
fx.interbank-exchange-rate-pound-sterling-gbp.m,monthly,Interbank Exchange Rate,Pound Sterling (GBP),2009-02,1.88,1.88,ok,,
fx.interbank-exchange-rate-pound-sterling-gbp.m,monthly,Interbank Exchange Rate,Pound Sterling (GBP),2009-03,1.92,1.92,ok,,
fx.interbank-exchange-rate-pound-sterling-gbp.m,monthly,Interbank Exchange Rate,Pound Sterling (GBP),2009-04,2.03,2.03,ok,,
fx.interbank-exchange-rate-pound-sterling-gbp.m,monthly,Interbank Exchange Rate,Pound Sterling (GBP),2009-05,2.17,2.17,ok,,
fx.interbank-exchange-rate-pound-sterling-gbp.m,monthly,Interbank Exchange Rate,Pound Sterling (GBP),2009-06,2.36,2.36,ok,,
fx.interbank-exchange-rate-pound-sterling-gbp.m,monthly,Interbank Exchange Rate,Pound Sterling (GBP),2009-07,2.39,2.39,ok,,
fx.interbank-exchange-rate-pound-sterling-gbp.m,monthly,Interbank Exchange Rate,Pound Sterling (GBP),2009-08,2.48,2.48,ok,,
fx.interbank-exchange-rate-pound-sterling-gbp.m,monthly,Interbank Exchange Rate,Pound Sterling (GBP),2009-09,2.38,2.38,ok,,
fx.interbank-exchange-rate-pound-sterling-gbp.m,monthly,Interbank Exchange Rate,Pound Sterling (GBP),2009-10,2.35,2.35,ok,,
fx.interbank-exchange-rate-pound-sterling-gbp.m,monthly,Interbank Exchange Rate,Pound Sterling (GBP),2009-11,2.39,2.39,ok,,
fx.interbank-exchange-rate-pound-sterling-gbp.m,monthly,Interbank Exchange Rate,Pound Sterling (GBP),2009-12,2.33,2.33,ok,,
fx.interbank-exchange-rate-pound-sterling-gbp.m,monthly,Interbank Exchange Rate,Pound Sterling (GBP),2010-01,2.31,2.31,ok,,
fx.interbank-exchange-rate-pound-sterling-gbp.m,monthly,Interbank Exchange Rate,Pound Sterling (GBP),2010-02,2.24,2.24,ok,,
fx.interbank-exchange-rate-pound-sterling-gbp.m,monthly,Interbank Exchange Rate,Pound Sterling (GBP),2010-03,2.15,2.15,ok,,
fx.interbank-exchange-rate-pound-sterling-gbp.m,monthly,Interbank Exchange Rate,Pound Sterling (GBP),2010-04,2.18,2.18,ok,,
fx.interbank-exchange-rate-pound-sterling-gbp.m,monthly,Interbank Exchange Rate,Pound Sterling (GBP),2010-05,2.08,2.08,ok,,
fx.interbank-exchange-rate-pound-sterling-gbp.m,monthly,Interbank Exchange Rate,Pound Sterling (GBP),2010-06,2.1,2.1,ok,,
fx.interbank-exchange-rate-pound-sterling-gbp.m,monthly,Interbank Exchange Rate,Pound Sterling (GBP),2010-07,2.19,2.19,ok,,
fx.interbank-exchange-rate-pound-sterling-gbp.m,monthly,Interbank Exchange Rate,Pound Sterling (GBP),2010-08,2.25,2.25,ok,,
fx.interbank-exchange-rate-pound-sterling-gbp.m,monthly,Interbank Exchange Rate,Pound Sterling (GBP),2010-09,2.23,2.23,ok,,
fx.interbank-exchange-rate-pound-sterling-gbp.m,monthly,Interbank Exchange Rate,Pound Sterling (GBP),2010-10,2.27,2.27,ok,,
fx.interbank-exchange-rate-pound-sterling-gbp.m,monthly,Interbank Exchange Rate,Pound Sterling (GBP),2010-11,2.29,2.29,ok,,
fx.interbank-exchange-rate-pound-sterling-gbp.m,monthly,Interbank Exchange Rate,Pound Sterling (GBP),2010-12,2.27,2.27,ok,,
fx.interbank-exchange-rate-pound-sterling-gbp.m,monthly,Interbank Exchange Rate,Pound Sterling (GBP),2011-01,2.31,2.31,ok,,
fx.interbank-exchange-rate-pound-sterling-gbp.m,monthly,Interbank Exchange Rate,Pound Sterling (GBP),2011-02,2.44,2.44,ok,,
fx.interbank-exchange-rate-pound-sterling-gbp.m,monthly,Interbank Exchange Rate,Pound Sterling (GBP),2011-03,2.45,2.45,ok,,
fx.interbank-exchange-rate-pound-sterling-gbp.m,monthly,Interbank Exchange Rate,Pound Sterling (GBP),2011-04,2.48,2.48,ok,,
fx.interbank-exchange-rate-pound-sterling-gbp.m,monthly,Interbank Exchange Rate,Pound Sterling (GBP),2011-05,2.46,2.46,ok,,
fx.interbank-exchange-rate-pound-sterling-gbp.m,monthly,Interbank Exchange Rate,Pound Sterling (GBP),2011-06,2.44,2.44,ok,,
fx.interbank-exchange-rate-pound-sterling-gbp.m,monthly,Interbank Exchange Rate,Pound Sterling (GBP),2011-07,2.43,2.43,ok,,
fx.interbank-exchange-rate-pound-sterling-gbp.m,monthly,Interbank Exchange Rate,Pound Sterling (GBP),2011-08,2.47,2.47,ok,,
fx.interbank-exchange-rate-pound-sterling-gbp.m,monthly,Interbank Exchange Rate,Pound Sterling (GBP),2011-09,2.41,2.41,ok,,
fx.interbank-exchange-rate-pound-sterling-gbp.m,monthly,Interbank Exchange Rate,Pound Sterling (GBP),2011-10,2.44,2.44,ok,,
fx.interbank-exchange-rate-pound-sterling-gbp.m,monthly,Interbank Exchange Rate,Pound Sterling (GBP),2011-11,2.47,2.47,ok,,
fx.interbank-exchange-rate-pound-sterling-gbp.m,monthly,Interbank Exchange Rate,Pound Sterling (GBP),2011-12,2.46,2.46,ok,,
fx.interbank-exchange-rate-pound-sterling-gbp.m,monthly,Interbank Exchange Rate,Pound Sterling (GBP),2012-01,2.5,2.5,ok,,
fx.interbank-exchange-rate-pound-sterling-gbp.m,monthly,Interbank Exchange Rate,Pound Sterling (GBP),2012-02,2.64,2.64,ok,,
fx.interbank-exchange-rate-pound-sterling-gbp.m,monthly,Interbank Exchange Rate,Pound Sterling (GBP),2012-03,2.69,2.69,ok,,
fx.interbank-exchange-rate-pound-sterling-gbp.m,monthly,Interbank Exchange Rate,Pound Sterling (GBP),2012-04,2.81,2.81,ok,,
fx.interbank-exchange-rate-pound-sterling-gbp.m,monthly,Interbank Exchange Rate,Pound Sterling (GBP),2012-05,2.92,2.92,ok,,
fx.interbank-exchange-rate-pound-sterling-gbp.m,monthly,Interbank Exchange Rate,Pound Sterling (GBP),2012-06,2.93,2.93,ok,,
fx.interbank-exchange-rate-pound-sterling-gbp.m,monthly,Interbank Exchange Rate,Pound Sterling (GBP),2012-07,2.98,2.98,ok,,
fx.interbank-exchange-rate-pound-sterling-gbp.m,monthly,Interbank Exchange Rate,Pound Sterling (GBP),2012-08,3.03,3.03,ok,,
fx.interbank-exchange-rate-pound-sterling-gbp.m,monthly,Interbank Exchange Rate,Pound Sterling (GBP),2012-09,3.07,3.07,ok,,
fx.interbank-exchange-rate-pound-sterling-gbp.m,monthly,Interbank Exchange Rate,Pound Sterling (GBP),2012-10,3.04,3.04,ok,,
fx.interbank-exchange-rate-pound-sterling-gbp.m,monthly,Interbank Exchange Rate,Pound Sterling (GBP),2012-11,3,3,ok,,
fx.interbank-exchange-rate-pound-sterling-gbp.m,monthly,Interbank Exchange Rate,Pound Sterling (GBP),2012-12,3.04,3.04,ok,,
fx.interbank-exchange-rate-pound-sterling-gbp.m,monthly,Interbank Exchange Rate,Pound Sterling (GBP),2013-01,3.01,3.01,ok,,
fx.interbank-exchange-rate-pound-sterling-gbp.m,monthly,Interbank Exchange Rate,Pound Sterling (GBP),2013-02,2.95,2.95,ok,,
fx.interbank-exchange-rate-pound-sterling-gbp.m,monthly,Interbank Exchange Rate,Pound Sterling (GBP),2013-03,2.9,2.9,ok,,
fx.interbank-exchange-rate-pound-sterling-gbp.m,monthly,Interbank Exchange Rate,Pound Sterling (GBP),2013-04,2.96,2.96,ok,,
fx.interbank-exchange-rate-pound-sterling-gbp.m,monthly,Interbank Exchange Rate,Pound Sterling (GBP),2013-05,3,3,ok,,
fx.interbank-exchange-rate-pound-sterling-gbp.m,monthly,Interbank Exchange Rate,Pound Sterling (GBP),2013-06,3.08,3.08,ok,,
fx.interbank-exchange-rate-pound-sterling-gbp.m,monthly,Interbank Exchange Rate,Pound Sterling (GBP),2013-07,3.04,3.04,ok,,
fx.interbank-exchange-rate-pound-sterling-gbp.m,monthly,Interbank Exchange Rate,Pound Sterling (GBP),2013-08,3.09,3.09,ok,,
fx.interbank-exchange-rate-pound-sterling-gbp.m,monthly,Interbank Exchange Rate,Pound Sterling (GBP),2013-09,3.16,3.16,ok,,
fx.interbank-exchange-rate-pound-sterling-gbp.m,monthly,Interbank Exchange Rate,Pound Sterling (GBP),2013-10,3.23,3.23,ok,,
fx.interbank-exchange-rate-pound-sterling-gbp.m,monthly,Interbank Exchange Rate,Pound Sterling (GBP),2013-11,3.31,3.31,ok,,
fx.interbank-exchange-rate-pound-sterling-gbp.m,monthly,Interbank Exchange Rate,Pound Sterling (GBP),2013-12,3.38,3.38,ok,,
fx.interbank-exchange-rate-pound-sterling-gbp.m,monthly,Interbank Exchange Rate,Pound Sterling (GBP),2014-01,3.77,3.77,ok,,
fx.interbank-exchange-rate-pound-sterling-gbp.m,monthly,Interbank Exchange Rate,Pound Sterling (GBP),2014-02,3.97,3.97,ok,,
fx.interbank-exchange-rate-pound-sterling-gbp.m,monthly,Interbank Exchange Rate,Pound Sterling (GBP),2014-03,4.29,4.29,ok,,
fx.interbank-exchange-rate-pound-sterling-gbp.m,monthly,Interbank Exchange Rate,Pound Sterling (GBP),2014-04,4.59,4.59,ok,,
fx.interbank-exchange-rate-pound-sterling-gbp.m,monthly,Interbank Exchange Rate,Pound Sterling (GBP),2014-05,4.82,4.82,ok,,
fx.interbank-exchange-rate-pound-sterling-gbp.m,monthly,Interbank Exchange Rate,Pound Sterling (GBP),2014-06,5.04,5.04,ok,,
fx.interbank-exchange-rate-pound-sterling-gbp.m,monthly,Interbank Exchange Rate,Pound Sterling (GBP),2014-07,5.17,5.17,ok,,
fx.interbank-exchange-rate-pound-sterling-gbp.m,monthly,Interbank Exchange Rate,Pound Sterling (GBP),2014-08,5.11,5.11,ok,,
fx.interbank-exchange-rate-pound-sterling-gbp.m,monthly,Interbank Exchange Rate,Pound Sterling (GBP),2014-09,5.2,5.2,ok,,
fx.interbank-exchange-rate-pound-sterling-gbp.m,monthly,Interbank Exchange Rate,Pound Sterling (GBP),2014-10,5.14,5.14,ok,,
fx.interbank-exchange-rate-pound-sterling-gbp.m,monthly,Interbank Exchange Rate,Pound Sterling (GBP),2014-11,5.05,5.05,ok,,
fx.interbank-exchange-rate-pound-sterling-gbp.m,monthly,Interbank Exchange Rate,Pound Sterling (GBP),2014-12,5,5,ok,,
fx.interbank-exchange-rate-pound-sterling-gbp.m,monthly,Interbank Exchange Rate,Pound Sterling (GBP),2015-01,4.89,4.89,ok,,
fx.interbank-exchange-rate-pound-sterling-gbp.m,monthly,Interbank Exchange Rate,Pound Sterling (GBP),2015-02,5.15,5.15,ok,,
fx.interbank-exchange-rate-pound-sterling-gbp.m,monthly,Interbank Exchange Rate,Pound Sterling (GBP),2015-03,5.38,5.38,ok,,
fx.interbank-exchange-rate-pound-sterling-gbp.m,monthly,Interbank Exchange Rate,Pound Sterling (GBP),2015-04,5.7,5.7,ok,,
fx.interbank-exchange-rate-pound-sterling-gbp.m,monthly,Interbank Exchange Rate,Pound Sterling (GBP),2015-05,6.02,6.02,ok,,
fx.interbank-exchange-rate-pound-sterling-gbp.m,monthly,Interbank Exchange Rate,Pound Sterling (GBP),2015-06,6.51,6.51,ok,,
fx.interbank-exchange-rate-pound-sterling-gbp.m,monthly,Interbank Exchange Rate,Pound Sterling (GBP),2015-07,5.52,5.52,ok,,
fx.interbank-exchange-rate-pound-sterling-gbp.m,monthly,Interbank Exchange Rate,Pound Sterling (GBP),2015-08,6.02,6.02,ok,,
fx.interbank-exchange-rate-pound-sterling-gbp.m,monthly,Interbank Exchange Rate,Pound Sterling (GBP),2015-09,5.8,5.8,ok,,
fx.interbank-exchange-rate-pound-sterling-gbp.m,monthly,Interbank Exchange Rate,Pound Sterling (GBP),2015-10,5.77,5.77,ok,,
fx.interbank-exchange-rate-pound-sterling-gbp.m,monthly,Interbank Exchange Rate,Pound Sterling (GBP),2015-11,5.76,5.76,ok,,
fx.interbank-exchange-rate-pound-sterling-gbp.m,monthly,Interbank Exchange Rate,Pound Sterling (GBP),2015-12,5.69,5.69,ok,,
fx.interbank-exchange-rate-pound-sterling-gbp.m,monthly,Interbank Exchange Rate,Pound Sterling (GBP),2016-01,5.49,5.49,ok,,
fx.interbank-exchange-rate-pound-sterling-gbp.m,monthly,Interbank Exchange Rate,Pound Sterling (GBP),2016-02,5.54,5.54,ok,,
fx.interbank-exchange-rate-pound-sterling-gbp.m,monthly,Interbank Exchange Rate,Pound Sterling (GBP),2016-03,5.47,5.47,ok,,
fx.interbank-exchange-rate-pound-sterling-gbp.m,monthly,Interbank Exchange Rate,Pound Sterling (GBP),2016-04,5.46,5.46,ok,,
fx.interbank-exchange-rate-pound-sterling-gbp.m,monthly,Interbank Exchange Rate,Pound Sterling (GBP),2016-05,5.54,5.54,ok,,
fx.interbank-exchange-rate-pound-sterling-gbp.m,monthly,Interbank Exchange Rate,Pound Sterling (GBP),2016-06,5.54,5.54,ok,,
fx.interbank-exchange-rate-pound-sterling-gbp.m,monthly,Interbank Exchange Rate,Pound Sterling (GBP),2016-07,5.18,5.18,ok,,
fx.interbank-exchange-rate-pound-sterling-gbp.m,monthly,Interbank Exchange Rate,Pound Sterling (GBP),2016-08,5.17,5.17,ok,,
fx.interbank-exchange-rate-pound-sterling-gbp.m,monthly,Interbank Exchange Rate,Pound Sterling (GBP),2016-09,5.2,5.2,ok,,
fx.interbank-exchange-rate-pound-sterling-gbp.m,monthly,Interbank Exchange Rate,Pound Sterling (GBP),2016-10,4.91,4.91,ok,,
fx.interbank-exchange-rate-pound-sterling-gbp.m,monthly,Interbank Exchange Rate,Pound Sterling (GBP),2016-11,4.93,4.93,ok,,
fx.interbank-exchange-rate-pound-sterling-gbp.m,monthly,Interbank Exchange Rate,Pound Sterling (GBP),2016-12,5.12,5.12,ok,,
fx.interbank-exchange-rate-pound-sterling-gbp.m,monthly,Interbank Exchange Rate,Pound Sterling (GBP),2017-01,5.23,5.23,ok,,
fx.interbank-exchange-rate-pound-sterling-gbp.m,monthly,Interbank Exchange Rate,Pound Sterling (GBP),2017-02,5.46,5.46,ok,,
fx.interbank-exchange-rate-pound-sterling-gbp.m,monthly,Interbank Exchange Rate,Pound Sterling (GBP),2017-03,5.54,5.54,ok,,
fx.interbank-exchange-rate-pound-sterling-gbp.m,monthly,Interbank Exchange Rate,Pound Sterling (GBP),2017-04,5.31,5.31,ok,,
fx.interbank-exchange-rate-pound-sterling-gbp.m,monthly,Interbank Exchange Rate,Pound Sterling (GBP),2017-05,5.48,5.48,ok,,
fx.interbank-exchange-rate-pound-sterling-gbp.m,monthly,Interbank Exchange Rate,Pound Sterling (GBP),2017-06,5.55,5.55,ok,,
fx.interbank-exchange-rate-pound-sterling-gbp.m,monthly,Interbank Exchange Rate,Pound Sterling (GBP),2017-07,5.67,5.67,ok,,
fx.interbank-exchange-rate-pound-sterling-gbp.m,monthly,Interbank Exchange Rate,Pound Sterling (GBP),2017-08,5.68,5.68,ok,,
fx.interbank-exchange-rate-pound-sterling-gbp.m,monthly,Interbank Exchange Rate,Pound Sterling (GBP),2017-09,5.87,5.87,ok,,
fx.interbank-exchange-rate-pound-sterling-gbp.m,monthly,Interbank Exchange Rate,Pound Sterling (GBP),2017-10,5.78,5.78,ok,,
fx.interbank-exchange-rate-pound-sterling-gbp.m,monthly,Interbank Exchange Rate,Pound Sterling (GBP),2017-11,5.81,5.81,ok,,
fx.interbank-exchange-rate-pound-sterling-gbp.m,monthly,Interbank Exchange Rate,Pound Sterling (GBP),2017-12,5.91,5.91,ok,,
fx.interbank-exchange-rate-pound-sterling-gbp.m,monthly,Interbank Exchange Rate,Pound Sterling (GBP),2018-01,6.11,6.11,ok,,
fx.interbank-exchange-rate-pound-sterling-gbp.m,monthly,Interbank Exchange Rate,Pound Sterling (GBP),2018-02,6.17,6.17,ok,,
fx.interbank-exchange-rate-pound-sterling-gbp.m,monthly,Interbank Exchange Rate,Pound Sterling (GBP),2018-03,6.17,6.17,ok,,
fx.interbank-exchange-rate-pound-sterling-gbp.m,monthly,Interbank Exchange Rate,Pound Sterling (GBP),2018-04,6.2,6.2,ok,,
fx.interbank-exchange-rate-pound-sterling-gbp.m,monthly,Interbank Exchange Rate,Pound Sterling (GBP),2018-05,5.94,5.94,ok,,
fx.interbank-exchange-rate-pound-sterling-gbp.m,monthly,Interbank Exchange Rate,Pound Sterling (GBP),2018-06,5.93,5.93,ok,,
fx.interbank-exchange-rate-pound-sterling-gbp.m,monthly,Interbank Exchange Rate,Pound Sterling (GBP),2018-07,6.12,6.12,ok,,
fx.interbank-exchange-rate-pound-sterling-gbp.m,monthly,Interbank Exchange Rate,Pound Sterling (GBP),2018-08,6.06,6.06,ok,,
fx.interbank-exchange-rate-pound-sterling-gbp.m,monthly,Interbank Exchange Rate,Pound Sterling (GBP),2018-09,6.12,6.12,ok,,
fx.interbank-exchange-rate-pound-sterling-gbp.m,monthly,Interbank Exchange Rate,Pound Sterling (GBP),2018-10,6.24,6.24,ok,,
fx.interbank-exchange-rate-pound-sterling-gbp.m,monthly,Interbank Exchange Rate,Pound Sterling (GBP),2018-11,6.18,6.18,ok,,
fx.interbank-exchange-rate-pound-sterling-gbp.m,monthly,Interbank Exchange Rate,Pound Sterling (GBP),2018-12,6.11,6.11,ok,,
fx.interbank-exchange-rate-pound-sterling-gbp.m,monthly,Interbank Exchange Rate,Pound Sterling (GBP),2019-01,6.31,6.31,ok,,
fx.interbank-exchange-rate-pound-sterling-gbp.m,monthly,Interbank Exchange Rate,Pound Sterling (GBP),2019-02,6.52,6.52,ok,,
fx.interbank-exchange-rate-pound-sterling-gbp.m,monthly,Interbank Exchange Rate,Pound Sterling (GBP),2019-03,6.82,6.82,ok,,
fx.interbank-exchange-rate-pound-sterling-gbp.m,monthly,Interbank Exchange Rate,Pound Sterling (GBP),2019-04,6.63,6.63,ok,,
fx.interbank-exchange-rate-pound-sterling-gbp.m,monthly,Interbank Exchange Rate,Pound Sterling (GBP),2019-05,6.56,6.56,ok,,
fx.interbank-exchange-rate-pound-sterling-gbp.m,monthly,Interbank Exchange Rate,Pound Sterling (GBP),2019-06,6.64,6.64,ok,,
fx.interbank-exchange-rate-pound-sterling-gbp.m,monthly,Interbank Exchange Rate,Pound Sterling (GBP),2019-07,6.55,6.55,ok,,
fx.interbank-exchange-rate-pound-sterling-gbp.m,monthly,Interbank Exchange Rate,Pound Sterling (GBP),2019-08,6.41,6.41,ok,,
fx.interbank-exchange-rate-pound-sterling-gbp.m,monthly,Interbank Exchange Rate,Pound Sterling (GBP),2019-09,6.56,6.56,ok,,
fx.interbank-exchange-rate-pound-sterling-gbp.m,monthly,Interbank Exchange Rate,Pound Sterling (GBP),2019-10,6.73,6.73,ok,,
fx.interbank-exchange-rate-pound-sterling-gbp.m,monthly,Interbank Exchange Rate,Pound Sterling (GBP),2019-11,6.94,6.94,ok,,
fx.interbank-exchange-rate-pound-sterling-gbp.m,monthly,Interbank Exchange Rate,Pound Sterling (GBP),2019-12,7.26,7.26,ok,,
fx.interbank-exchange-rate-pound-sterling-gbp.m,monthly,Interbank Exchange Rate,Pound Sterling (GBP),2020-01,7.22,7.22,ok,,
fx.interbank-exchange-rate-pound-sterling-gbp.m,monthly,Interbank Exchange Rate,Pound Sterling (GBP),2020-02,6.9,6.9,ok,,
fx.interbank-exchange-rate-pound-sterling-gbp.m,monthly,Interbank Exchange Rate,Pound Sterling (GBP),2020-03,6.61,6.61,ok,,
fx.interbank-exchange-rate-pound-sterling-gbp.m,monthly,Interbank Exchange Rate,Pound Sterling (GBP),2020-04,6.85,6.85,ok,,
fx.interbank-exchange-rate-pound-sterling-gbp.m,monthly,Interbank Exchange Rate,Pound Sterling (GBP),2020-05,6.9,6.9,ok,,
fx.interbank-exchange-rate-pound-sterling-gbp.m,monthly,Interbank Exchange Rate,Pound Sterling (GBP),2020-06,7.07,7.07,ok,,
fx.interbank-exchange-rate-pound-sterling-gbp.m,monthly,Interbank Exchange Rate,Pound Sterling (GBP),2020-07,7.19,7.19,ok,,
fx.interbank-exchange-rate-pound-sterling-gbp.m,monthly,Interbank Exchange Rate,Pound Sterling (GBP),2020-08,7.47,7.47,ok,,
fx.interbank-exchange-rate-pound-sterling-gbp.m,monthly,Interbank Exchange Rate,Pound Sterling (GBP),2020-09,7.38,7.38,ok,,
fx.interbank-exchange-rate-pound-sterling-gbp.m,monthly,Interbank Exchange Rate,Pound Sterling (GBP),2020-10,7.41,7.41,ok,,
fx.interbank-exchange-rate-pound-sterling-gbp.m,monthly,Interbank Exchange Rate,Pound Sterling (GBP),2020-11,7.55,7.55,ok,,
fx.interbank-exchange-rate-pound-sterling-gbp.m,monthly,Interbank Exchange Rate,Pound Sterling (GBP),2020-12,7.69,7.69,ok,,
fx.interbank-exchange-rate-pound-sterling-gbp.m,monthly,Interbank Exchange Rate,Pound Sterling (GBP),2021-01,7.85,7.85,ok,,
fx.interbank-exchange-rate-pound-sterling-gbp.m,monthly,Interbank Exchange Rate,Pound Sterling (GBP),2021-02,7.98,7.98,ok,,
fx.interbank-exchange-rate-pound-sterling-gbp.m,monthly,Interbank Exchange Rate,Pound Sterling (GBP),2021-03,7.94,7.94,ok,,
fx.interbank-exchange-rate-pound-sterling-gbp.m,monthly,Interbank Exchange Rate,Pound Sterling (GBP),2021-04,7.93,7.93,ok,,
fx.interbank-exchange-rate-pound-sterling-gbp.m,monthly,Interbank Exchange Rate,Pound Sterling (GBP),2021-05,8.08,8.08,ok,,
fx.interbank-exchange-rate-pound-sterling-gbp.m,monthly,Interbank Exchange Rate,Pound Sterling (GBP),2021-06,8.07,8.07,ok,,
fx.interbank-exchange-rate-pound-sterling-gbp.m,monthly,Interbank Exchange Rate,Pound Sterling (GBP),2021-07,7.99,7.99,ok,,
fx.interbank-exchange-rate-pound-sterling-gbp.m,monthly,Interbank Exchange Rate,Pound Sterling (GBP),2021-08,8.04,8.04,ok,,
fx.interbank-exchange-rate-pound-sterling-gbp.m,monthly,Interbank Exchange Rate,Pound Sterling (GBP),2021-09,8.05,8.05,ok,,
fx.interbank-exchange-rate-pound-sterling-gbp.m,monthly,Interbank Exchange Rate,Pound Sterling (GBP),2021-10,8.06,8.06,ok,,
fx.interbank-exchange-rate-pound-sterling-gbp.m,monthly,Interbank Exchange Rate,Pound Sterling (GBP),2021-11,7.95,7.95,ok,,
fx.interbank-exchange-rate-pound-sterling-gbp.m,monthly,Interbank Exchange Rate,Pound Sterling (GBP),2021-12,7.91,7.91,ok,,
fx.interbank-exchange-rate-pound-sterling-gbp.m,monthly,Interbank Exchange Rate,Pound Sterling (GBP),2022-01,8.15,8.15,ok,,
fx.interbank-exchange-rate-pound-sterling-gbp.m,monthly,Interbank Exchange Rate,Pound Sterling (GBP),2022-02,8.54,8.54,ok,,
fx.interbank-exchange-rate-pound-sterling-gbp.m,monthly,Interbank Exchange Rate,Pound Sterling (GBP),2022-03,9.28,9.28,ok,,
fx.interbank-exchange-rate-pound-sterling-gbp.m,monthly,Interbank Exchange Rate,Pound Sterling (GBP),2022-04,9.19,9.19,ok,,
fx.interbank-exchange-rate-pound-sterling-gbp.m,monthly,Interbank Exchange Rate,Pound Sterling (GBP),2022-05,8.87,8.87,ok,,
fx.interbank-exchange-rate-pound-sterling-gbp.m,monthly,Interbank Exchange Rate,Pound Sterling (GBP),2022-06,8.86,8.86,ok,,
fx.interbank-exchange-rate-pound-sterling-gbp.m,monthly,Interbank Exchange Rate,Pound Sterling (GBP),2022-07,8.87,8.87,ok,,
fx.interbank-exchange-rate-pound-sterling-gbp.m,monthly,Interbank Exchange Rate,Pound Sterling (GBP),2022-08,9.68,9.68,ok,,
fx.interbank-exchange-rate-pound-sterling-gbp.m,monthly,Interbank Exchange Rate,Pound Sterling (GBP),2022-09,9.89,9.89,ok,,
fx.interbank-exchange-rate-pound-sterling-gbp.m,monthly,Interbank Exchange Rate,Pound Sterling (GBP),2022-10,12.64,12.64,ok,,
fx.interbank-exchange-rate-pound-sterling-gbp.m,monthly,Interbank Exchange Rate,Pound Sterling (GBP),2022-11,15.36,15.36,ok,,
fx.interbank-exchange-rate-pound-sterling-gbp.m,monthly,Interbank Exchange Rate,Pound Sterling (GBP),2022-12,12.24,12.24,ok,,
fx.interbank-exchange-rate-pound-sterling-gbp.m,monthly,Interbank Exchange Rate,Pound Sterling (GBP),2023-01,12.13,12.13,ok,,
fx.interbank-exchange-rate-pound-sterling-gbp.m,monthly,Interbank Exchange Rate,Pound Sterling (GBP),2023-02,13.13,13.13,ok,,
fx.interbank-exchange-rate-pound-sterling-gbp.m,monthly,Interbank Exchange Rate,Pound Sterling (GBP),2023-03,13.38,13.38,ok,,
fx.interbank-exchange-rate-pound-sterling-gbp.m,monthly,Interbank Exchange Rate,Pound Sterling (GBP),2023-04,13.63,13.63,ok,,
fx.interbank-exchange-rate-pound-sterling-gbp.m,monthly,Interbank Exchange Rate,Pound Sterling (GBP),2023-05,13.63,13.63,ok,,
fx.interbank-exchange-rate-pound-sterling-gbp.m,monthly,Interbank Exchange Rate,Pound Sterling (GBP),2023-06,13.88,13.88,ok,,
fx.interbank-exchange-rate-pound-sterling-gbp.m,monthly,Interbank Exchange Rate,Pound Sterling (GBP),2023-07,14.17,14.17,ok,,
fx.interbank-exchange-rate-pound-sterling-gbp.m,monthly,Interbank Exchange Rate,Pound Sterling (GBP),2023-08,13.98,13.98,ok,,
fx.interbank-exchange-rate-pound-sterling-gbp.m,monthly,Interbank Exchange Rate,Pound Sterling (GBP),2023-09,13.71,13.71,ok,,
fx.interbank-exchange-rate-pound-sterling-gbp.m,monthly,Interbank Exchange Rate,Pound Sterling (GBP),2023-10,13.8,13.8,ok,,
fx.interbank-exchange-rate-pound-sterling-gbp.m,monthly,Interbank Exchange Rate,Pound Sterling (GBP),2023-11,14.36,14.36,ok,,
fx.interbank-exchange-rate-pound-sterling-gbp.m,monthly,Interbank Exchange Rate,Pound Sterling (GBP),2023-12,14.74,14.74,ok,,
fx.interbank-exchange-rate-pound-sterling-gbp.m,monthly,Interbank Exchange Rate,Pound Sterling (GBP),2024-01,15.16,15.16,ok,,
fx.interbank-exchange-rate-pound-sterling-gbp.m,monthly,Interbank Exchange Rate,Pound Sterling (GBP),2024-02,15.44,15.44,ok,,
fx.interbank-exchange-rate-pound-sterling-gbp.m,monthly,Interbank Exchange Rate,Pound Sterling (GBP),2024-03,16.11,16.11,ok,,
fx.interbank-exchange-rate-pound-sterling-gbp.m,monthly,Interbank Exchange Rate,Pound Sterling (GBP),2024-04,16.31,16.31,ok,,
fx.interbank-exchange-rate-pound-sterling-gbp.m,monthly,Interbank Exchange Rate,Pound Sterling (GBP),2024-05,17.43,17.43,ok,,
fx.interbank-exchange-rate-pound-sterling-gbp.m,monthly,Interbank Exchange Rate,Pound Sterling (GBP),2024-06,18.22,18.22,ok,,
fx.interbank-exchange-rate-pound-sterling-gbp.m,monthly,Interbank Exchange Rate,Pound Sterling (GBP),2024-07,18.97,18.97,ok,,
fx.interbank-exchange-rate-pound-sterling-gbp.m,monthly,Interbank Exchange Rate,Pound Sterling (GBP),2024-08,19.56,19.56,ok,,
fx.interbank-exchange-rate-euro.m,monthly,Interbank Exchange Rate,Euro,1999-01,0.27,0.27,ok,,
fx.interbank-exchange-rate-euro.m,monthly,Interbank Exchange Rate,Euro,1999-02,0.26,0.26,ok,,
fx.interbank-exchange-rate-euro.m,monthly,Interbank Exchange Rate,Euro,1999-03,0.26,0.26,ok,,
fx.interbank-exchange-rate-euro.m,monthly,Interbank Exchange Rate,Euro,1999-04,0.26,0.26,ok,,
fx.interbank-exchange-rate-euro.m,monthly,Interbank Exchange Rate,Euro,1999-05,0.26,0.26,ok,,
fx.interbank-exchange-rate-euro.m,monthly,Interbank Exchange Rate,Euro,1999-06,0.26,0.26,ok,,
fx.interbank-exchange-rate-euro.m,monthly,Interbank Exchange Rate,Euro,1999-07,0.26,0.26,ok,,
fx.interbank-exchange-rate-euro.m,monthly,Interbank Exchange Rate,Euro,1999-08,0.27,0.27,ok,,
fx.interbank-exchange-rate-euro.m,monthly,Interbank Exchange Rate,Euro,1999-09,0.28,0.28,ok,,
fx.interbank-exchange-rate-euro.m,monthly,Interbank Exchange Rate,Euro,1999-10,0.3,0.3,ok,,
fx.interbank-exchange-rate-euro.m,monthly,Interbank Exchange Rate,Euro,1999-11,0.33,0.33,ok,,
fx.interbank-exchange-rate-euro.m,monthly,Interbank Exchange Rate,Euro,1999-12,0.35,0.35,ok,,
fx.interbank-exchange-rate-euro.m,monthly,Interbank Exchange Rate,Euro,2000-01,0.36,0.36,ok,,
fx.interbank-exchange-rate-euro.m,monthly,Interbank Exchange Rate,Euro,2000-02,0.36,0.36,ok,,
fx.interbank-exchange-rate-euro.m,monthly,Interbank Exchange Rate,Euro,2000-03,0.38,0.38,ok,,
fx.interbank-exchange-rate-euro.m,monthly,Interbank Exchange Rate,Euro,2000-04,0.41,0.41,ok,,
fx.interbank-exchange-rate-euro.m,monthly,Interbank Exchange Rate,Euro,2000-05,0.41,0.41,ok,,
fx.interbank-exchange-rate-euro.m,monthly,Interbank Exchange Rate,Euro,2000-06,0.48,0.48,ok,,
fx.interbank-exchange-rate-euro.m,monthly,Interbank Exchange Rate,Euro,2000-07,0.55,0.55,ok,,
fx.interbank-exchange-rate-euro.m,monthly,Interbank Exchange Rate,Euro,2000-08,0.57,0.57,ok,,
fx.interbank-exchange-rate-euro.m,monthly,Interbank Exchange Rate,Euro,2000-09,0.56,0.56,ok,,
fx.interbank-exchange-rate-euro.m,monthly,Interbank Exchange Rate,Euro,2000-10,0.57,0.57,ok,,
fx.interbank-exchange-rate-euro.m,monthly,Interbank Exchange Rate,Euro,2000-11,0.58,0.58,ok,,
fx.interbank-exchange-rate-euro.m,monthly,Interbank Exchange Rate,Euro,2000-12,0.61,0.61,ok,,
fx.interbank-exchange-rate-euro.m,monthly,Interbank Exchange Rate,Euro,2001-01,0.65,0.65,ok,,
fx.interbank-exchange-rate-euro.m,monthly,Interbank Exchange Rate,Euro,2001-02,0.64,0.64,ok,,
fx.interbank-exchange-rate-euro.m,monthly,Interbank Exchange Rate,Euro,2001-03,0.64,0.64,ok,,
fx.interbank-exchange-rate-euro.m,monthly,Interbank Exchange Rate,Euro,2001-04,0.64,0.64,ok,,
fx.interbank-exchange-rate-euro.m,monthly,Interbank Exchange Rate,Euro,2001-05,0.63,0.63,ok,,
fx.interbank-exchange-rate-euro.m,monthly,Interbank Exchange Rate,Euro,2001-06,0.61,0.61,ok,,
fx.interbank-exchange-rate-euro.m,monthly,Interbank Exchange Rate,Euro,2001-07,0.61,0.61,ok,,
fx.interbank-exchange-rate-euro.m,monthly,Interbank Exchange Rate,Euro,2001-08,0.64,0.64,ok,,
fx.interbank-exchange-rate-euro.m,monthly,Interbank Exchange Rate,Euro,2001-09,0.65,0.65,ok,,
fx.interbank-exchange-rate-euro.m,monthly,Interbank Exchange Rate,Euro,2001-10,0.64,0.64,ok,,
fx.interbank-exchange-rate-euro.m,monthly,Interbank Exchange Rate,Euro,2001-11,0.63,0.63,ok,,
fx.interbank-exchange-rate-euro.m,monthly,Interbank Exchange Rate,Euro,2001-12,0.65,0.65,ok,,
fx.interbank-exchange-rate-euro.m,monthly,Interbank Exchange Rate,Euro,2002-01,0.64,0.64,ok,,
fx.interbank-exchange-rate-euro.m,monthly,Interbank Exchange Rate,Euro,2002-02,0.64,0.64,ok,,
fx.interbank-exchange-rate-euro.m,monthly,Interbank Exchange Rate,Euro,2002-03,0.66,0.66,ok,,
fx.interbank-exchange-rate-euro.m,monthly,Interbank Exchange Rate,Euro,2002-04,0.68,0.68,ok,,
fx.interbank-exchange-rate-euro.m,monthly,Interbank Exchange Rate,Euro,2002-05,0.71,0.71,ok,,
fx.interbank-exchange-rate-euro.m,monthly,Interbank Exchange Rate,Euro,2002-06,0.75,0.75,ok,,
fx.interbank-exchange-rate-euro.m,monthly,Interbank Exchange Rate,Euro,2002-07,0.79,0.79,ok,,
fx.interbank-exchange-rate-euro.m,monthly,Interbank Exchange Rate,Euro,2002-08,0.79,0.79,ok,,
fx.interbank-exchange-rate-euro.m,monthly,Interbank Exchange Rate,Euro,2002-09,0.8,0.8,ok,,
fx.interbank-exchange-rate-euro.m,monthly,Interbank Exchange Rate,Euro,2002-10,0.8,0.8,ok,,
fx.interbank-exchange-rate-euro.m,monthly,Interbank Exchange Rate,Euro,2002-11,0.83,0.83,ok,,
fx.interbank-exchange-rate-euro.m,monthly,Interbank Exchange Rate,Euro,2002-12,0.85,0.85,ok,,
fx.interbank-exchange-rate-euro.m,monthly,Interbank Exchange Rate,Euro,2003-01,0.89,0.89,ok,,
fx.interbank-exchange-rate-euro.m,monthly,Interbank Exchange Rate,Euro,2003-02,0.91,0.91,ok,,
fx.interbank-exchange-rate-euro.m,monthly,Interbank Exchange Rate,Euro,2003-03,0.92,0.92,ok,,
fx.interbank-exchange-rate-euro.m,monthly,Interbank Exchange Rate,Euro,2003-04,0.94,0.94,ok,,
fx.interbank-exchange-rate-euro.m,monthly,Interbank Exchange Rate,Euro,2003-05,1,1,ok,,
fx.interbank-exchange-rate-euro.m,monthly,Interbank Exchange Rate,Euro,2003-06,1.01,1.01,ok,,
fx.interbank-exchange-rate-euro.m,monthly,Interbank Exchange Rate,Euro,2003-07,0.99,0.99,ok,,
fx.interbank-exchange-rate-euro.m,monthly,Interbank Exchange Rate,Euro,2003-08,0.97,0.97,ok,,
fx.interbank-exchange-rate-euro.m,monthly,Interbank Exchange Rate,Euro,2003-09,0.98,0.98,ok,,
fx.interbank-exchange-rate-euro.m,monthly,Interbank Exchange Rate,Euro,2003-10,1.02,1.02,ok,,
fx.interbank-exchange-rate-euro.m,monthly,Interbank Exchange Rate,Euro,2003-11,1.02,1.02,ok,,
fx.interbank-exchange-rate-euro.m,monthly,Interbank Exchange Rate,Euro,2003-12,1.08,1.08,ok,,
fx.interbank-exchange-rate-euro.m,monthly,Interbank Exchange Rate,Euro,2004-01,1.11,1.11,ok,,
fx.interbank-exchange-rate-euro.m,monthly,Interbank Exchange Rate,Euro,2004-02,1.12,1.12,ok,,
fx.interbank-exchange-rate-euro.m,monthly,Interbank Exchange Rate,Euro,2004-03,1.1,1.1,ok,,
fx.interbank-exchange-rate-euro.m,monthly,Interbank Exchange Rate,Euro,2004-04,1.08,1.08,ok,,
fx.interbank-exchange-rate-euro.m,monthly,Interbank Exchange Rate,Euro,2004-05,1.08,1.08,ok,,
fx.interbank-exchange-rate-euro.m,monthly,Interbank Exchange Rate,Euro,2004-06,1.09,1.09,ok,,
fx.interbank-exchange-rate-euro.m,monthly,Interbank Exchange Rate,Euro,2004-07,1.11,1.11,ok,,
fx.interbank-exchange-rate-euro.m,monthly,Interbank Exchange Rate,Euro,2004-08,1.1,1.1,ok,,
fx.interbank-exchange-rate-euro.m,monthly,Interbank Exchange Rate,Euro,2004-09,1.1,1.1,ok,,
fx.interbank-exchange-rate-euro.m,monthly,Interbank Exchange Rate,Euro,2004-10,1.13,1.13,ok,,
fx.interbank-exchange-rate-euro.m,monthly,Interbank Exchange Rate,Euro,2004-11,1.17,1.17,ok,,
fx.interbank-exchange-rate-euro.m,monthly,Interbank Exchange Rate,Euro,2004-12,1.21,1.21,ok,,
fx.interbank-exchange-rate-euro.m,monthly,Interbank Exchange Rate,Euro,2005-01,1.17,1.17,ok,,
fx.interbank-exchange-rate-euro.m,monthly,Interbank Exchange Rate,Euro,2005-02,1.17,1.17,ok,,
fx.interbank-exchange-rate-euro.m,monthly,Interbank Exchange Rate,Euro,2005-03,1.19,1.19,ok,,
fx.interbank-exchange-rate-euro.m,monthly,Interbank Exchange Rate,Euro,2005-04,1.16,1.16,ok,,
fx.interbank-exchange-rate-euro.m,monthly,Interbank Exchange Rate,Euro,2005-05,1.14,1.14,ok,,
fx.interbank-exchange-rate-euro.m,monthly,Interbank Exchange Rate,Euro,2005-06,1.1,1.1,ok,,
fx.interbank-exchange-rate-euro.m,monthly,Interbank Exchange Rate,Euro,2005-07,1.09,1.09,ok,,
fx.interbank-exchange-rate-euro.m,monthly,Interbank Exchange Rate,Euro,2005-08,1.11,1.11,ok,,
fx.interbank-exchange-rate-euro.m,monthly,Interbank Exchange Rate,Euro,2005-09,1.11,1.11,ok,,
fx.interbank-exchange-rate-euro.m,monthly,Interbank Exchange Rate,Euro,2005-10,1.24,1.24,ok,,
fx.interbank-exchange-rate-euro.m,monthly,Interbank Exchange Rate,Euro,2005-11,1.08,1.08,ok,,
fx.interbank-exchange-rate-euro.m,monthly,Interbank Exchange Rate,Euro,2005-12,1.08,1.08,ok,,
fx.interbank-exchange-rate-euro.m,monthly,Interbank Exchange Rate,Euro,2006-01,1.1,1.1,ok,,
fx.interbank-exchange-rate-euro.m,monthly,Interbank Exchange Rate,Euro,2006-02,1.09,1.09,ok,,
fx.interbank-exchange-rate-euro.m,monthly,Interbank Exchange Rate,Euro,2006-03,1.09,1.09,ok,,
fx.interbank-exchange-rate-euro.m,monthly,Interbank Exchange Rate,Euro,2006-04,1.12,1.12,ok,,
fx.interbank-exchange-rate-euro.m,monthly,Interbank Exchange Rate,Euro,2006-05,1.16,1.16,ok,,
fx.interbank-exchange-rate-euro.m,monthly,Interbank Exchange Rate,Euro,2006-06,1.16,1.16,ok,,
fx.interbank-exchange-rate-euro.m,monthly,Interbank Exchange Rate,Euro,2006-07,1.16,1.16,ok,,
fx.interbank-exchange-rate-euro.m,monthly,Interbank Exchange Rate,Euro,2006-08,1.18,1.18,ok,,
fx.interbank-exchange-rate-euro.m,monthly,Interbank Exchange Rate,Euro,2006-09,1.17,1.17,ok,,
fx.interbank-exchange-rate-euro.m,monthly,Interbank Exchange Rate,Euro,2006-10,1.16,1.16,ok,,
fx.interbank-exchange-rate-euro.m,monthly,Interbank Exchange Rate,Euro,2006-11,1.19,1.19,ok,,
fx.interbank-exchange-rate-euro.m,monthly,Interbank Exchange Rate,Euro,2006-12,1.22,1.22,ok,,
fx.interbank-exchange-rate-euro.m,monthly,Interbank Exchange Rate,Euro,2007-01,1.2,1.2,ok,,
fx.interbank-exchange-rate-euro.m,monthly,Interbank Exchange Rate,Euro,2007-02,1.21,1.21,ok,,
fx.interbank-exchange-rate-euro.m,monthly,Interbank Exchange Rate,Euro,2007-03,1.22,1.22,ok,,
fx.interbank-exchange-rate-euro.m,monthly,Interbank Exchange Rate,Euro,2007-04,1.25,1.25,ok,,
fx.interbank-exchange-rate-euro.m,monthly,Interbank Exchange Rate,Euro,2007-05,1.25,1.25,ok,,
fx.interbank-exchange-rate-euro.m,monthly,Interbank Exchange Rate,Euro,2007-06,1.24,1.24,ok,,
fx.interbank-exchange-rate-euro.m,monthly,Interbank Exchange Rate,Euro,2007-07,1.27,1.27,ok,,
fx.interbank-exchange-rate-euro.m,monthly,Interbank Exchange Rate,Euro,2007-08,1.27,1.27,ok,,
fx.interbank-exchange-rate-euro.m,monthly,Interbank Exchange Rate,Euro,2007-09,1.3,1.3,ok,,
fx.interbank-exchange-rate-euro.m,monthly,Interbank Exchange Rate,Euro,2007-10,1.35,1.35,ok,,
fx.interbank-exchange-rate-euro.m,monthly,Interbank Exchange Rate,Euro,2007-11,1.4,1.4,ok,,
fx.interbank-exchange-rate-euro.m,monthly,Interbank Exchange Rate,Euro,2007-12,1.4,1.4,ok,,
fx.interbank-exchange-rate-euro.m,monthly,Interbank Exchange Rate,Euro,2008-01,1.42,1.42,ok,,
fx.interbank-exchange-rate-euro.m,monthly,Interbank Exchange Rate,Euro,2008-02,1.43,1.43,ok,,
fx.interbank-exchange-rate-euro.m,monthly,Interbank Exchange Rate,Euro,2008-03,1.52,1.52,ok,,
fx.interbank-exchange-rate-euro.m,monthly,Interbank Exchange Rate,Euro,2008-04,1.54,1.54,ok,,
fx.interbank-exchange-rate-euro.m,monthly,Interbank Exchange Rate,Euro,2008-05,1.55,1.55,ok,,
fx.interbank-exchange-rate-euro.m,monthly,Interbank Exchange Rate,Euro,2008-06,1.57,1.57,ok,,
fx.interbank-exchange-rate-euro.m,monthly,Interbank Exchange Rate,Euro,2008-07,1.64,1.64,ok,,
fx.interbank-exchange-rate-euro.m,monthly,Interbank Exchange Rate,Euro,2008-08,1.62,1.62,ok,,
fx.interbank-exchange-rate-euro.m,monthly,Interbank Exchange Rate,Euro,2008-09,1.6,1.6,ok,,
fx.interbank-exchange-rate-euro.m,monthly,Interbank Exchange Rate,Euro,2008-10,1.52,1.52,ok,,
fx.interbank-exchange-rate-euro.m,monthly,Interbank Exchange Rate,Euro,2008-11,1.48,1.48,ok,,
fx.interbank-exchange-rate-euro.m,monthly,Interbank Exchange Rate,Euro,2008-12,1.62,1.62,ok,,
fx.interbank-exchange-rate-euro.m,monthly,Interbank Exchange Rate,Euro,2009-01,1.64,1.64,ok,,
fx.interbank-exchange-rate-euro.m,monthly,Interbank Exchange Rate,Euro,2009-02,1.67,1.67,ok,,
fx.interbank-exchange-rate-euro.m,monthly,Interbank Exchange Rate,Euro,2009-03,1.75,1.75,ok,,
fx.interbank-exchange-rate-euro.m,monthly,Interbank Exchange Rate,Euro,2009-04,1.82,1.82,ok,,
fx.interbank-exchange-rate-euro.m,monthly,Interbank Exchange Rate,Euro,2009-05,1.92,1.92,ok,,
fx.interbank-exchange-rate-euro.m,monthly,Interbank Exchange Rate,Euro,2009-06,2.02,2.02,ok,,
fx.interbank-exchange-rate-euro.m,monthly,Interbank Exchange Rate,Euro,2009-07,2.06,2.06,ok,,
fx.interbank-exchange-rate-euro.m,monthly,Interbank Exchange Rate,Euro,2009-08,2.1,2.1,ok,,
fx.interbank-exchange-rate-euro.m,monthly,Interbank Exchange Rate,Euro,2009-09,2.13,2.13,ok,,
fx.interbank-exchange-rate-euro.m,monthly,Interbank Exchange Rate,Euro,2009-10,2.15,2.15,ok,,
fx.interbank-exchange-rate-euro.m,monthly,Interbank Exchange Rate,Euro,2009-11,2.15,2.15,ok,,
fx.interbank-exchange-rate-euro.m,monthly,Interbank Exchange Rate,Euro,2009-12,2.1,2.1,ok,,
fx.interbank-exchange-rate-euro.m,monthly,Interbank Exchange Rate,Euro,2010-01,2.09,2.09,ok,,
fx.interbank-exchange-rate-euro.m,monthly,Interbank Exchange Rate,Euro,2010-02,1.95,1.95,ok,,
fx.interbank-exchange-rate-euro.m,monthly,Interbank Exchange Rate,Euro,2010-03,1.94,1.94,ok,,
fx.interbank-exchange-rate-euro.m,monthly,Interbank Exchange Rate,Euro,2010-04,1.91,1.91,ok,,
fx.interbank-exchange-rate-euro.m,monthly,Interbank Exchange Rate,Euro,2010-05,1.79,1.79,ok,,
fx.interbank-exchange-rate-euro.m,monthly,Interbank Exchange Rate,Euro,2010-06,1.74,1.74,ok,,
fx.interbank-exchange-rate-euro.m,monthly,Interbank Exchange Rate,Euro,2010-07,1.84,1.84,ok,,
fx.interbank-exchange-rate-euro.m,monthly,Interbank Exchange Rate,Euro,2010-08,1.82,1.82,ok,,
fx.interbank-exchange-rate-euro.m,monthly,Interbank Exchange Rate,Euro,2010-09,1.87,1.87,ok,,
fx.interbank-exchange-rate-euro.m,monthly,Interbank Exchange Rate,Euro,2010-10,1.99,1.99,ok,,
fx.interbank-exchange-rate-euro.m,monthly,Interbank Exchange Rate,Euro,2010-11,1.96,1.96,ok,,
fx.interbank-exchange-rate-euro.m,monthly,Interbank Exchange Rate,Euro,2010-12,1.91,1.91,ok,,
fx.interbank-exchange-rate-euro.m,monthly,Interbank Exchange Rate,Euro,2011-01,1.96,1.96,ok,,
fx.interbank-exchange-rate-euro.m,monthly,Interbank Exchange Rate,Euro,2011-02,2.06,2.06,ok,,
fx.interbank-exchange-rate-euro.m,monthly,Interbank Exchange Rate,Euro,2011-03,2.12,2.12,ok,,
fx.interbank-exchange-rate-euro.m,monthly,Interbank Exchange Rate,Euro,2011-04,2.19,2.19,ok,,
fx.interbank-exchange-rate-euro.m,monthly,Interbank Exchange Rate,Euro,2011-05,2.16,2.16,ok,,
fx.interbank-exchange-rate-euro.m,monthly,Interbank Exchange Rate,Euro,2011-06,2.17,2.17,ok,,
fx.interbank-exchange-rate-euro.m,monthly,Interbank Exchange Rate,Euro,2011-07,2.15,2.15,ok,,
fx.interbank-exchange-rate-euro.m,monthly,Interbank Exchange Rate,Euro,2011-08,2.17,2.17,ok,,
fx.interbank-exchange-rate-euro.m,monthly,Interbank Exchange Rate,Euro,2011-09,2.1,2.1,ok,,
fx.interbank-exchange-rate-euro.m,monthly,Interbank Exchange Rate,Euro,2011-10,2.12,2.12,ok,,
fx.interbank-exchange-rate-euro.m,monthly,Interbank Exchange Rate,Euro,2011-11,2.11,2.11,ok,,
fx.interbank-exchange-rate-euro.m,monthly,Interbank Exchange Rate,Euro,2011-12,2.08,2.08,ok,,
fx.interbank-exchange-rate-euro.m,monthly,Interbank Exchange Rate,Euro,2012-01,2.08,2.08,ok,,
fx.interbank-exchange-rate-euro.m,monthly,Interbank Exchange Rate,Euro,2012-02,2.21,2.21,ok,,
fx.interbank-exchange-rate-euro.m,monthly,Interbank Exchange Rate,Euro,2012-03,2.25,2.25,ok,,
fx.interbank-exchange-rate-euro.m,monthly,Interbank Exchange Rate,Euro,2012-04,2.31,2.31,ok,,
fx.interbank-exchange-rate-euro.m,monthly,Interbank Exchange Rate,Euro,2012-05,2.34,2.34,ok,,
fx.interbank-exchange-rate-euro.m,monthly,Interbank Exchange Rate,Euro,2012-06,2.31,2.31,ok,,
fx.interbank-exchange-rate-euro.m,monthly,Interbank Exchange Rate,Euro,2012-07,2.35,2.35,ok,,
fx.interbank-exchange-rate-euro.m,monthly,Interbank Exchange Rate,Euro,2012-08,2.39,2.39,ok,,
fx.interbank-exchange-rate-euro.m,monthly,Interbank Exchange Rate,Euro,2012-09,2.45,2.45,ok,,
fx.interbank-exchange-rate-euro.m,monthly,Interbank Exchange Rate,Euro,2012-10,2.45,2.45,ok,,
fx.interbank-exchange-rate-euro.m,monthly,Interbank Exchange Rate,Euro,2012-11,2.41,2.41,ok,,
fx.interbank-exchange-rate-euro.m,monthly,Interbank Exchange Rate,Euro,2012-12,2.47,2.47,ok,,
fx.interbank-exchange-rate-euro.m,monthly,Interbank Exchange Rate,Euro,2013-01,2.52,2.52,ok,,
fx.interbank-exchange-rate-euro.m,monthly,Interbank Exchange Rate,Euro,2013-02,2.54,2.54,ok,,
fx.interbank-exchange-rate-euro.m,monthly,Interbank Exchange Rate,Euro,2013-03,2.5,2.5,ok,,
fx.interbank-exchange-rate-euro.m,monthly,Interbank Exchange Rate,Euro,2013-04,2.53,2.53,ok,,
fx.interbank-exchange-rate-euro.m,monthly,Interbank Exchange Rate,Euro,2013-05,2.55,2.55,ok,,
fx.interbank-exchange-rate-euro.m,monthly,Interbank Exchange Rate,Euro,2013-06,2.62,2.62,ok,,
fx.interbank-exchange-rate-euro.m,monthly,Interbank Exchange Rate,Euro,2013-07,2.61,2.61,ok,,
fx.interbank-exchange-rate-euro.m,monthly,Interbank Exchange Rate,Euro,2013-08,2.66,2.66,ok,,
fx.interbank-exchange-rate-euro.m,monthly,Interbank Exchange Rate,Euro,2013-09,2.66,2.66,ok,,
fx.interbank-exchange-rate-euro.m,monthly,Interbank Exchange Rate,Euro,2013-10,2.74,2.74,ok,,
fx.interbank-exchange-rate-euro.m,monthly,Interbank Exchange Rate,Euro,2013-11,2.78,2.78,ok,,
fx.interbank-exchange-rate-euro.m,monthly,Interbank Exchange Rate,Euro,2013-12,2.89,2.89,ok,,
fx.interbank-exchange-rate-euro.m,monthly,Interbank Exchange Rate,Euro,2014-01,3.12,3.12,ok,,
fx.interbank-exchange-rate-euro.m,monthly,Interbank Exchange Rate,Euro,2014-02,3.34,3.34,ok,,
fx.interbank-exchange-rate-euro.m,monthly,Interbank Exchange Rate,Euro,2014-03,3.57,3.57,ok,,
fx.interbank-exchange-rate-euro.m,monthly,Interbank Exchange Rate,Euro,2014-04,3.78,3.78,ok,,
fx.interbank-exchange-rate-euro.m,monthly,Interbank Exchange Rate,Euro,2014-05,3.93,3.93,ok,,
fx.interbank-exchange-rate-euro.m,monthly,Interbank Exchange Rate,Euro,2014-06,4.05,4.05,ok,,
fx.interbank-exchange-rate-euro.m,monthly,Interbank Exchange Rate,Euro,2014-07,4.1,4.1,ok,,
fx.interbank-exchange-rate-euro.m,monthly,Interbank Exchange Rate,Euro,2014-08,4.08,4.08,ok,,
fx.interbank-exchange-rate-euro.m,monthly,Interbank Exchange Rate,Euro,2014-09,4.12,4.12,ok,,
fx.interbank-exchange-rate-euro.m,monthly,Interbank Exchange Rate,Euro,2014-10,4.05,4.05,ok,,
fx.interbank-exchange-rate-euro.m,monthly,Interbank Exchange Rate,Euro,2014-11,3.99,3.99,ok,,
fx.interbank-exchange-rate-euro.m,monthly,Interbank Exchange Rate,Euro,2014-12,3.95,3.95,ok,,
fx.interbank-exchange-rate-euro.m,monthly,Interbank Exchange Rate,Euro,2015-01,3.75,3.75,ok,,
fx.interbank-exchange-rate-euro.m,monthly,Interbank Exchange Rate,Euro,2015-02,3.82,3.82,ok,,
fx.interbank-exchange-rate-euro.m,monthly,Interbank Exchange Rate,Euro,2015-03,3.89,3.89,ok,,
fx.interbank-exchange-rate-euro.m,monthly,Interbank Exchange Rate,Euro,2015-04,4.11,4.11,ok,,
fx.interbank-exchange-rate-euro.m,monthly,Interbank Exchange Rate,Euro,2015-05,4.35,4.35,ok,,
fx.interbank-exchange-rate-euro.m,monthly,Interbank Exchange Rate,Euro,2015-06,4.69,4.69,ok,,
fx.interbank-exchange-rate-euro.m,monthly,Interbank Exchange Rate,Euro,2015-07,3.7,3.7,ok,,
fx.interbank-exchange-rate-euro.m,monthly,Interbank Exchange Rate,Euro,2015-08,4.3,4.3,ok,,
fx.interbank-exchange-rate-euro.m,monthly,Interbank Exchange Rate,Euro,2015-09,4.24,4.24,ok,,
fx.interbank-exchange-rate-euro.m,monthly,Interbank Exchange Rate,Euro,2015-10,4.05,4.05,ok,,
fx.interbank-exchange-rate-euro.m,monthly,Interbank Exchange Rate,Euro,2015-11,4.07,4.07,ok,,
fx.interbank-exchange-rate-euro.m,monthly,Interbank Exchange Rate,Euro,2015-12,4.12,4.12,ok,,
fx.interbank-exchange-rate-euro.m,monthly,Interbank Exchange Rate,Euro,2016-01,4.14,4.14,ok,,
fx.interbank-exchange-rate-euro.m,monthly,Interbank Exchange Rate,Euro,2016-02,4.29,4.29,ok,,
fx.interbank-exchange-rate-euro.m,monthly,Interbank Exchange Rate,Euro,2016-03,4.27,4.27,ok,,
fx.interbank-exchange-rate-euro.m,monthly,Interbank Exchange Rate,Euro,2016-04,4.33,4.33,ok,,
fx.interbank-exchange-rate-euro.m,monthly,Interbank Exchange Rate,Euro,2016-05,4.32,4.32,ok,,
fx.interbank-exchange-rate-euro.m,monthly,Interbank Exchange Rate,Euro,2016-06,4.36,4.36,ok,,
fx.interbank-exchange-rate-euro.m,monthly,Interbank Exchange Rate,Euro,2016-07,4.35,4.35,ok,,
fx.interbank-exchange-rate-euro.m,monthly,Interbank Exchange Rate,Euro,2016-08,4.42,4.42,ok,,
fx.interbank-exchange-rate-euro.m,monthly,Interbank Exchange Rate,Euro,2016-09,4.44,4.44,ok,,
fx.interbank-exchange-rate-euro.m,monthly,Interbank Exchange Rate,Euro,2016-10,4.38,4.38,ok,,
fx.interbank-exchange-rate-euro.m,monthly,Interbank Exchange Rate,Euro,2016-11,4.29,4.29,ok,,
fx.interbank-exchange-rate-euro.m,monthly,Interbank Exchange Rate,Euro,2016-12,4.32,4.32,ok,,
fx.interbank-exchange-rate-euro.m,monthly,Interbank Exchange Rate,Euro,2017-01,4.5,4.5,ok,,
fx.interbank-exchange-rate-euro.m,monthly,Interbank Exchange Rate,Euro,2017-02,4.65,4.65,ok,,
fx.interbank-exchange-rate-euro.m,monthly,Interbank Exchange Rate,Euro,2017-03,4.79,4.79,ok,,
fx.interbank-exchange-rate-euro.m,monthly,Interbank Exchange Rate,Euro,2017-04,4.5,4.5,ok,,
fx.interbank-exchange-rate-euro.m,monthly,Interbank Exchange Rate,Euro,2017-05,4.5,4.5,ok,,
fx.interbank-exchange-rate-euro.m,monthly,Interbank Exchange Rate,Euro,2017-06,4.87,4.87,ok,,
fx.interbank-exchange-rate-euro.m,monthly,Interbank Exchange Rate,Euro,2017-07,5.03,5.03,ok,,
fx.interbank-exchange-rate-euro.m,monthly,Interbank Exchange Rate,Euro,2017-08,5.18,5.18,ok,,
fx.interbank-exchange-rate-euro.m,monthly,Interbank Exchange Rate,Euro,2017-09,5.25,5.25,ok,,
fx.interbank-exchange-rate-euro.m,monthly,Interbank Exchange Rate,Euro,2017-10,5.15,5.15,ok,,
fx.interbank-exchange-rate-euro.m,monthly,Interbank Exchange Rate,Euro,2017-11,5.16,5.16,ok,,
fx.interbank-exchange-rate-euro.m,monthly,Interbank Exchange Rate,Euro,2017-12,5.22,5.22,ok,,
fx.interbank-exchange-rate-euro.m,monthly,Interbank Exchange Rate,Euro,2018-01,5.4,5.4,ok,,
fx.interbank-exchange-rate-euro.m,monthly,Interbank Exchange Rate,Euro,2018-02,5.33,5.33,ok,,
fx.interbank-exchange-rate-euro.m,monthly,Interbank Exchange Rate,Euro,2018-03,5.44,5.44,ok,,
fx.interbank-exchange-rate-euro.m,monthly,Interbank Exchange Rate,Euro,2018-04,5.41,5.41,ok,,
fx.interbank-exchange-rate-euro.m,monthly,Interbank Exchange Rate,Euro,2018-05,5.21,5.21,ok,,
fx.interbank-exchange-rate-euro.m,monthly,Interbank Exchange Rate,Euro,2018-06,5.21,5.21,ok,,
fx.interbank-exchange-rate-euro.m,monthly,Interbank Exchange Rate,Euro,2018-07,5.44,5.44,ok,,
fx.interbank-exchange-rate-euro.m,monthly,Interbank Exchange Rate,Euro,2018-08,5.44,5.44,ok,,
fx.interbank-exchange-rate-euro.m,monthly,Interbank Exchange Rate,Euro,2018-09,5.5,5.5,ok,,
fx.interbank-exchange-rate-euro.m,monthly,Interbank Exchange Rate,Euro,2018-10,5.5,5.5,ok,,
fx.interbank-exchange-rate-euro.m,monthly,Interbank Exchange Rate,Euro,2018-11,5.45,5.45,ok,,
fx.interbank-exchange-rate-euro.m,monthly,Interbank Exchange Rate,Euro,2018-12,5.47,5.47,ok,,
fx.interbank-exchange-rate-euro.m,monthly,Interbank Exchange Rate,Euro,2019-01,5.59,5.59,ok,,
fx.interbank-exchange-rate-euro.m,monthly,Interbank Exchange Rate,Euro,2019-02,5.69,5.69,ok,,
fx.interbank-exchange-rate-euro.m,monthly,Interbank Exchange Rate,Euro,2019-03,5.85,5.85,ok,,
fx.interbank-exchange-rate-euro.m,monthly,Interbank Exchange Rate,Euro,2019-04,5.71,5.71,ok,,
fx.interbank-exchange-rate-euro.m,monthly,Interbank Exchange Rate,Euro,2019-05,5.72,5.72,ok,,
fx.interbank-exchange-rate-euro.m,monthly,Interbank Exchange Rate,Euro,2019-06,5.92,5.92,ok,,
fx.interbank-exchange-rate-euro.m,monthly,Interbank Exchange Rate,Euro,2019-07,5.89,5.89,ok,,
fx.interbank-exchange-rate-euro.m,monthly,Interbank Exchange Rate,Euro,2019-08,5.86,5.86,ok,,
fx.interbank-exchange-rate-euro.m,monthly,Interbank Exchange Rate,Euro,2019-09,5.84,5.84,ok,,
fx.interbank-exchange-rate-euro.m,monthly,Interbank Exchange Rate,Euro,2019-10,5.88,5.88,ok,,
fx.interbank-exchange-rate-euro.m,monthly,Interbank Exchange Rate,Euro,2019-11,5.95,5.95,ok,,
fx.interbank-exchange-rate-euro.m,monthly,Interbank Exchange Rate,Euro,2019-12,6.16,6.16,ok,,
fx.interbank-exchange-rate-euro.m,monthly,Interbank Exchange Rate,Euro,2020-01,6.13,6.13,ok,,
fx.interbank-exchange-rate-euro.m,monthly,Interbank Exchange Rate,Euro,2020-02,5.8,5.8,ok,,
fx.interbank-exchange-rate-euro.m,monthly,Interbank Exchange Rate,Euro,2020-03,5.91,5.91,ok,,
fx.interbank-exchange-rate-euro.m,monthly,Interbank Exchange Rate,Euro,2020-04,5.99,5.99,ok,,
fx.interbank-exchange-rate-euro.m,monthly,Interbank Exchange Rate,Euro,2020-05,6.12,6.12,ok,,
fx.interbank-exchange-rate-euro.m,monthly,Interbank Exchange Rate,Euro,2020-06,6.35,6.35,ok,,
fx.interbank-exchange-rate-euro.m,monthly,Interbank Exchange Rate,Euro,2020-07,6.5,6.5,ok,,
fx.interbank-exchange-rate-euro.m,monthly,Interbank Exchange Rate,Euro,2020-08,6.72,6.72,ok,,
fx.interbank-exchange-rate-euro.m,monthly,Interbank Exchange Rate,Euro,2020-09,6.72,6.72,ok,,
fx.interbank-exchange-rate-euro.m,monthly,Interbank Exchange Rate,Euro,2020-10,6.72,6.72,ok,,
fx.interbank-exchange-rate-euro.m,monthly,Interbank Exchange Rate,Euro,2020-11,6.76,6.76,ok,,
fx.interbank-exchange-rate-euro.m,monthly,Interbank Exchange Rate,Euro,2020-12,6.97,6.97,ok,,
fx.interbank-exchange-rate-euro.m,monthly,Interbank Exchange Rate,Euro,2021-01,7,7,ok,,
fx.interbank-exchange-rate-euro.m,monthly,Interbank Exchange Rate,Euro,2021-02,6.96,6.96,ok,,
fx.interbank-exchange-rate-euro.m,monthly,Interbank Exchange Rate,Euro,2021-03,6.81,6.81,ok,,
fx.interbank-exchange-rate-euro.m,monthly,Interbank Exchange Rate,Euro,2021-04,6.87,6.87,ok,,
fx.interbank-exchange-rate-euro.m,monthly,Interbank Exchange Rate,Euro,2021-05,6.97,6.97,ok,,
fx.interbank-exchange-rate-euro.m,monthly,Interbank Exchange Rate,Euro,2021-06,6.93,6.93,ok,,
fx.interbank-exchange-rate-euro.m,monthly,Interbank Exchange Rate,Euro,2021-07,6.84,6.84,ok,,
fx.interbank-exchange-rate-euro.m,monthly,Interbank Exchange Rate,Euro,2021-08,6.85,6.85,ok,,
fx.interbank-exchange-rate-euro.m,monthly,Interbank Exchange Rate,Euro,2021-09,6.9,6.9,ok,,
fx.interbank-exchange-rate-euro.m,monthly,Interbank Exchange Rate,Euro,2021-10,6.82,6.82,ok,,
fx.interbank-exchange-rate-euro.m,monthly,Interbank Exchange Rate,Euro,2021-11,6.74,6.74,ok,,
fx.interbank-exchange-rate-euro.m,monthly,Interbank Exchange Rate,Euro,2021-12,6.72,6.72,ok,,
fx.interbank-exchange-rate-euro.m,monthly,Interbank Exchange Rate,Euro,2022-01,6.8,6.8,ok,,
fx.interbank-exchange-rate-euro.m,monthly,Interbank Exchange Rate,Euro,2022-02,7.15,7.15,ok,,
fx.interbank-exchange-rate-euro.m,monthly,Interbank Exchange Rate,Euro,2022-03,7.77,7.77,ok,,
fx.interbank-exchange-rate-euro.m,monthly,Interbank Exchange Rate,Euro,2022-04,7.68,7.68,ok,,
fx.interbank-exchange-rate-euro.m,monthly,Interbank Exchange Rate,Euro,2022-05,7.54,7.54,ok,,
fx.interbank-exchange-rate-euro.m,monthly,Interbank Exchange Rate,Euro,2022-06,7.6,7.6,ok,,
fx.interbank-exchange-rate-euro.m,monthly,Interbank Exchange Rate,Euro,2022-07,7.53,7.53,ok,,
fx.interbank-exchange-rate-euro.m,monthly,Interbank Exchange Rate,Euro,2022-08,8.16,8.16,ok,,
fx.interbank-exchange-rate-euro.m,monthly,Interbank Exchange Rate,Euro,2022-09,8.65,8.65,ok,,
fx.interbank-exchange-rate-euro.m,monthly,Interbank Exchange Rate,Euro,2022-10,11,11,ok,,
fx.interbank-exchange-rate-euro.m,monthly,Interbank Exchange Rate,Euro,2022-11,13.35,13.35,ok,,
fx.interbank-exchange-rate-euro.m,monthly,Interbank Exchange Rate,Euro,2022-12,10.62,10.62,ok,,
fx.interbank-exchange-rate-euro.m,monthly,Interbank Exchange Rate,Euro,2023-01,10.7,10.7,ok,,
fx.interbank-exchange-rate-euro.m,monthly,Interbank Exchange Rate,Euro,2023-02,11.63,11.63,ok,,
fx.interbank-exchange-rate-euro.m,monthly,Interbank Exchange Rate,Euro,2023-03,11.8,11.8,ok,,
fx.interbank-exchange-rate-euro.m,monthly,Interbank Exchange Rate,Euro,2023-04,12.01,12.01,ok,,
fx.interbank-exchange-rate-euro.m,monthly,Interbank Exchange Rate,Euro,2023-05,11.86,11.86,ok,,
fx.interbank-exchange-rate-euro.m,monthly,Interbank Exchange Rate,Euro,2023-06,11.91,11.91,ok,,
fx.interbank-exchange-rate-euro.m,monthly,Interbank Exchange Rate,Euro,2023-07,12.16,12.16,ok,,
fx.interbank-exchange-rate-euro.m,monthly,Interbank Exchange Rate,Euro,2023-08,12,12,ok,,
fx.interbank-exchange-rate-euro.m,monthly,Interbank Exchange Rate,Euro,2023-09,11.81,11.81,ok,,
fx.interbank-exchange-rate-euro.m,monthly,Interbank Exchange Rate,Euro,2023-10,11.97,11.97,ok,,
fx.interbank-exchange-rate-euro.m,monthly,Interbank Exchange Rate,Euro,2023-11,12.49,12.49,ok,,
fx.interbank-exchange-rate-euro.m,monthly,Interbank Exchange Rate,Euro,2023-12,12.71,12.71,ok,,
fx.interbank-exchange-rate-euro.m,monthly,Interbank Exchange Rate,Euro,2024-01,13,13,ok,,
fx.interbank-exchange-rate-euro.m,monthly,Interbank Exchange Rate,Euro,2024-02,13.2,13.2,ok,,
fx.interbank-exchange-rate-euro.m,monthly,Interbank Exchange Rate,Euro,2024-03,13.78,13.78,ok,,
fx.interbank-exchange-rate-euro.m,monthly,Interbank Exchange Rate,Euro,2024-04,13.96,13.96,ok,,
fx.interbank-exchange-rate-euro.m,monthly,Interbank Exchange Rate,Euro,2024-05,14.91,14.91,ok,,
fx.interbank-exchange-rate-euro.m,monthly,Interbank Exchange Rate,Euro,2024-06,15.42,15.42,ok,,
fx.interbank-exchange-rate-euro.m,monthly,Interbank Exchange Rate,Euro,2024-07,15.99,15.99,ok,,
fx.interbank-exchange-rate-euro.m,monthly,Interbank Exchange Rate,Euro,2024-08,16.65,16.65,ok,,
fx.forex-bureau-exchange-rate-us-dollar-usd.m,monthly,Forex Bureau Exchange Rate,US Dollar (USD),2000-01,0.36,0.36,ok,,
fx.forex-bureau-exchange-rate-us-dollar-usd.m,monthly,Forex Bureau Exchange Rate,US Dollar (USD),2000-02,0.38,0.38,ok,,
fx.forex-bureau-exchange-rate-us-dollar-usd.m,monthly,Forex Bureau Exchange Rate,US Dollar (USD),2000-03,0.4,0.4,ok,,
fx.forex-bureau-exchange-rate-us-dollar-usd.m,monthly,Forex Bureau Exchange Rate,US Dollar (USD),2000-04,0.43,0.43,ok,,
fx.forex-bureau-exchange-rate-us-dollar-usd.m,monthly,Forex Bureau Exchange Rate,US Dollar (USD),2000-05,0.48,0.48,ok,,
fx.forex-bureau-exchange-rate-us-dollar-usd.m,monthly,Forex Bureau Exchange Rate,US Dollar (USD),2000-06,0.52,0.52,ok,,
fx.forex-bureau-exchange-rate-us-dollar-usd.m,monthly,Forex Bureau Exchange Rate,US Dollar (USD),2000-07,0.59,0.59,ok,,
fx.forex-bureau-exchange-rate-us-dollar-usd.m,monthly,Forex Bureau Exchange Rate,US Dollar (USD),2000-08,0.6,0.6,ok,,
fx.forex-bureau-exchange-rate-us-dollar-usd.m,monthly,Forex Bureau Exchange Rate,US Dollar (USD),2000-09,0.64,0.64,ok,,
fx.forex-bureau-exchange-rate-us-dollar-usd.m,monthly,Forex Bureau Exchange Rate,US Dollar (USD),2000-10,0.66,0.66,ok,,
fx.forex-bureau-exchange-rate-us-dollar-usd.m,monthly,Forex Bureau Exchange Rate,US Dollar (USD),2000-11,0.67,0.67,ok,,
fx.forex-bureau-exchange-rate-us-dollar-usd.m,monthly,Forex Bureau Exchange Rate,US Dollar (USD),2000-12,0.68,0.68,ok,,
fx.forex-bureau-exchange-rate-us-dollar-usd.m,monthly,Forex Bureau Exchange Rate,US Dollar (USD),2001-01,0.68,0.68,ok,,
fx.forex-bureau-exchange-rate-us-dollar-usd.m,monthly,Forex Bureau Exchange Rate,US Dollar (USD),2001-02,0.69,0.69,ok,,
fx.forex-bureau-exchange-rate-us-dollar-usd.m,monthly,Forex Bureau Exchange Rate,US Dollar (USD),2001-03,0.71,0.71,ok,,
fx.forex-bureau-exchange-rate-us-dollar-usd.m,monthly,Forex Bureau Exchange Rate,US Dollar (USD),2001-04,0.71,0.71,ok,,
fx.forex-bureau-exchange-rate-us-dollar-usd.m,monthly,Forex Bureau Exchange Rate,US Dollar (USD),2001-05,0.71,0.71,ok,,
fx.forex-bureau-exchange-rate-us-dollar-usd.m,monthly,Forex Bureau Exchange Rate,US Dollar (USD),2001-06,0.71,0.71,ok,,
fx.forex-bureau-exchange-rate-us-dollar-usd.m,monthly,Forex Bureau Exchange Rate,US Dollar (USD),2001-07,0.7,0.7,ok,,
fx.forex-bureau-exchange-rate-us-dollar-usd.m,monthly,Forex Bureau Exchange Rate,US Dollar (USD),2001-08,0.71,0.71,ok,,
fx.forex-bureau-exchange-rate-us-dollar-usd.m,monthly,Forex Bureau Exchange Rate,US Dollar (USD),2001-09,0.71,0.71,ok,,
fx.forex-bureau-exchange-rate-us-dollar-usd.m,monthly,Forex Bureau Exchange Rate,US Dollar (USD),2001-10,0.72,0.72,ok,,
fx.forex-bureau-exchange-rate-us-dollar-usd.m,monthly,Forex Bureau Exchange Rate,US Dollar (USD),2001-11,0.72,0.72,ok,,
fx.forex-bureau-exchange-rate-us-dollar-usd.m,monthly,Forex Bureau Exchange Rate,US Dollar (USD),2001-12,0.73,0.73,ok,,
fx.forex-bureau-exchange-rate-us-dollar-usd.m,monthly,Forex Bureau Exchange Rate,US Dollar (USD),2002-01,0.73,0.73,ok,,
fx.forex-bureau-exchange-rate-us-dollar-usd.m,monthly,Forex Bureau Exchange Rate,US Dollar (USD),2002-02,0.75,0.75,ok,,
fx.forex-bureau-exchange-rate-us-dollar-usd.m,monthly,Forex Bureau Exchange Rate,US Dollar (USD),2002-03,0.77,0.77,ok,,
fx.forex-bureau-exchange-rate-us-dollar-usd.m,monthly,Forex Bureau Exchange Rate,US Dollar (USD),2002-04,0.78,0.78,ok,,
fx.forex-bureau-exchange-rate-us-dollar-usd.m,monthly,Forex Bureau Exchange Rate,US Dollar (USD),2002-05,0.79,0.79,ok,,
fx.forex-bureau-exchange-rate-us-dollar-usd.m,monthly,Forex Bureau Exchange Rate,US Dollar (USD),2002-06,0.79,0.79,ok,,
fx.forex-bureau-exchange-rate-us-dollar-usd.m,monthly,Forex Bureau Exchange Rate,US Dollar (USD),2002-07,0.81,0.81,ok,,
fx.forex-bureau-exchange-rate-us-dollar-usd.m,monthly,Forex Bureau Exchange Rate,US Dollar (USD),2002-08,0.81,0.81,ok,,
fx.forex-bureau-exchange-rate-us-dollar-usd.m,monthly,Forex Bureau Exchange Rate,US Dollar (USD),2002-09,0.82,0.82,ok,,
fx.forex-bureau-exchange-rate-us-dollar-usd.m,monthly,Forex Bureau Exchange Rate,US Dollar (USD),2002-10,0.83,0.83,ok,,
fx.forex-bureau-exchange-rate-us-dollar-usd.m,monthly,Forex Bureau Exchange Rate,US Dollar (USD),2002-11,0.84,0.84,ok,,
fx.forex-bureau-exchange-rate-us-dollar-usd.m,monthly,Forex Bureau Exchange Rate,US Dollar (USD),2002-12,0.87,0.87,ok,,
fx.forex-bureau-exchange-rate-us-dollar-usd.m,monthly,Forex Bureau Exchange Rate,US Dollar (USD),2003-01,0.87,0.87,ok,,
fx.forex-bureau-exchange-rate-us-dollar-usd.m,monthly,Forex Bureau Exchange Rate,US Dollar (USD),2003-02,0.87,0.87,ok,,
fx.forex-bureau-exchange-rate-us-dollar-usd.m,monthly,Forex Bureau Exchange Rate,US Dollar (USD),2003-03,0.87,0.87,ok,,
fx.forex-bureau-exchange-rate-us-dollar-usd.m,monthly,Forex Bureau Exchange Rate,US Dollar (USD),2003-04,0.87,0.87,ok,,
fx.forex-bureau-exchange-rate-us-dollar-usd.m,monthly,Forex Bureau Exchange Rate,US Dollar (USD),2003-05,0.87,0.87,ok,,
fx.forex-bureau-exchange-rate-us-dollar-usd.m,monthly,Forex Bureau Exchange Rate,US Dollar (USD),2003-06,0.88,0.88,ok,,
fx.forex-bureau-exchange-rate-us-dollar-usd.m,monthly,Forex Bureau Exchange Rate,US Dollar (USD),2003-07,0.88,0.88,ok,,
fx.forex-bureau-exchange-rate-us-dollar-usd.m,monthly,Forex Bureau Exchange Rate,US Dollar (USD),2003-08,0.88,0.88,ok,,
fx.forex-bureau-exchange-rate-us-dollar-usd.m,monthly,Forex Bureau Exchange Rate,US Dollar (USD),2003-09,0.89,0.89,ok,,
fx.forex-bureau-exchange-rate-us-dollar-usd.m,monthly,Forex Bureau Exchange Rate,US Dollar (USD),2003-10,0.89,0.89,ok,,
fx.forex-bureau-exchange-rate-us-dollar-usd.m,monthly,Forex Bureau Exchange Rate,US Dollar (USD),2003-11,0.91,0.91,ok,,
fx.forex-bureau-exchange-rate-us-dollar-usd.m,monthly,Forex Bureau Exchange Rate,US Dollar (USD),2003-12,0.91,0.91,ok,,
fx.forex-bureau-exchange-rate-us-dollar-usd.m,monthly,Forex Bureau Exchange Rate,US Dollar (USD),2004-01,0.93,0.93,ok,,
fx.forex-bureau-exchange-rate-us-dollar-usd.m,monthly,Forex Bureau Exchange Rate,US Dollar (USD),2004-02,0.94,0.94,ok,,
fx.forex-bureau-exchange-rate-us-dollar-usd.m,monthly,Forex Bureau Exchange Rate,US Dollar (USD),2004-03,0.92,0.92,ok,,
fx.forex-bureau-exchange-rate-us-dollar-usd.m,monthly,Forex Bureau Exchange Rate,US Dollar (USD),2004-04,0.92,0.92,ok,,
fx.forex-bureau-exchange-rate-us-dollar-usd.m,monthly,Forex Bureau Exchange Rate,US Dollar (USD),2004-05,0.92,0.92,ok,,
fx.forex-bureau-exchange-rate-us-dollar-usd.m,monthly,Forex Bureau Exchange Rate,US Dollar (USD),2004-06,0.93,0.93,ok,,
fx.forex-bureau-exchange-rate-us-dollar-usd.m,monthly,Forex Bureau Exchange Rate,US Dollar (USD),2004-07,0.93,0.93,ok,,
fx.forex-bureau-exchange-rate-us-dollar-usd.m,monthly,Forex Bureau Exchange Rate,US Dollar (USD),2004-08,0.92,0.92,ok,,
fx.forex-bureau-exchange-rate-us-dollar-usd.m,monthly,Forex Bureau Exchange Rate,US Dollar (USD),2004-09,0.92,0.92,ok,,
fx.forex-bureau-exchange-rate-us-dollar-usd.m,monthly,Forex Bureau Exchange Rate,US Dollar (USD),2004-10,0.92,0.92,ok,,
fx.forex-bureau-exchange-rate-us-dollar-usd.m,monthly,Forex Bureau Exchange Rate,US Dollar (USD),2004-11,0.93,0.93,ok,,
fx.forex-bureau-exchange-rate-us-dollar-usd.m,monthly,Forex Bureau Exchange Rate,US Dollar (USD),2004-12,0.93,0.93,ok,,
fx.forex-bureau-exchange-rate-us-dollar-usd.m,monthly,Forex Bureau Exchange Rate,US Dollar (USD),2005-01,0.93,0.93,ok,,
fx.forex-bureau-exchange-rate-us-dollar-usd.m,monthly,Forex Bureau Exchange Rate,US Dollar (USD),2005-02,0.94,0.94,ok,,
fx.forex-bureau-exchange-rate-us-dollar-usd.m,monthly,Forex Bureau Exchange Rate,US Dollar (USD),2005-03,0.92,0.92,ok,,
fx.forex-bureau-exchange-rate-us-dollar-usd.m,monthly,Forex Bureau Exchange Rate,US Dollar (USD),2005-04,0.92,0.92,ok,,
fx.forex-bureau-exchange-rate-us-dollar-usd.m,monthly,Forex Bureau Exchange Rate,US Dollar (USD),2005-05,0.92,0.92,ok,,
fx.forex-bureau-exchange-rate-us-dollar-usd.m,monthly,Forex Bureau Exchange Rate,US Dollar (USD),2005-06,0.92,0.92,ok,,
fx.forex-bureau-exchange-rate-us-dollar-usd.m,monthly,Forex Bureau Exchange Rate,US Dollar (USD),2005-07,0.92,0.92,ok,,
fx.forex-bureau-exchange-rate-us-dollar-usd.m,monthly,Forex Bureau Exchange Rate,US Dollar (USD),2005-08,0.91,0.91,ok,,
fx.forex-bureau-exchange-rate-us-dollar-usd.m,monthly,Forex Bureau Exchange Rate,US Dollar (USD),2005-09,0.92,0.92,ok,,
fx.forex-bureau-exchange-rate-us-dollar-usd.m,monthly,Forex Bureau Exchange Rate,US Dollar (USD),2005-10,0.92,0.92,ok,,
fx.forex-bureau-exchange-rate-us-dollar-usd.m,monthly,Forex Bureau Exchange Rate,US Dollar (USD),2005-11,0.94,0.94,ok,,
fx.forex-bureau-exchange-rate-us-dollar-usd.m,monthly,Forex Bureau Exchange Rate,US Dollar (USD),2005-12,0.94,0.94,ok,,
fx.forex-bureau-exchange-rate-us-dollar-usd.m,monthly,Forex Bureau Exchange Rate,US Dollar (USD),2006-01,0.93,0.93,ok,,
fx.forex-bureau-exchange-rate-us-dollar-usd.m,monthly,Forex Bureau Exchange Rate,US Dollar (USD),2006-02,0.93,0.93,ok,,
fx.forex-bureau-exchange-rate-us-dollar-usd.m,monthly,Forex Bureau Exchange Rate,US Dollar (USD),2006-03,0.93,0.93,ok,,
fx.forex-bureau-exchange-rate-us-dollar-usd.m,monthly,Forex Bureau Exchange Rate,US Dollar (USD),2006-04,0.93,0.93,ok,,
fx.forex-bureau-exchange-rate-us-dollar-usd.m,monthly,Forex Bureau Exchange Rate,US Dollar (USD),2006-05,0.93,0.93,ok,,
fx.forex-bureau-exchange-rate-us-dollar-usd.m,monthly,Forex Bureau Exchange Rate,US Dollar (USD),2006-06,0.93,0.93,ok,,
fx.forex-bureau-exchange-rate-us-dollar-usd.m,monthly,Forex Bureau Exchange Rate,US Dollar (USD),2006-07,0.93,0.93,ok,,
fx.forex-bureau-exchange-rate-us-dollar-usd.m,monthly,Forex Bureau Exchange Rate,US Dollar (USD),2006-08,0.93,0.93,ok,,
fx.forex-bureau-exchange-rate-us-dollar-usd.m,monthly,Forex Bureau Exchange Rate,US Dollar (USD),2006-09,0.93,0.93,ok,,
fx.forex-bureau-exchange-rate-us-dollar-usd.m,monthly,Forex Bureau Exchange Rate,US Dollar (USD),2006-10,0.94,0.94,ok,,
fx.forex-bureau-exchange-rate-us-dollar-usd.m,monthly,Forex Bureau Exchange Rate,US Dollar (USD),2006-11,0.95,0.95,ok,,
fx.forex-bureau-exchange-rate-us-dollar-usd.m,monthly,Forex Bureau Exchange Rate,US Dollar (USD),2006-12,0.94,0.94,ok,,
fx.forex-bureau-exchange-rate-us-dollar-usd.m,monthly,Forex Bureau Exchange Rate,US Dollar (USD),2007-01,0.94,0.94,ok,,
fx.forex-bureau-exchange-rate-us-dollar-usd.m,monthly,Forex Bureau Exchange Rate,US Dollar (USD),2007-02,0.95,0.95,ok,,
fx.forex-bureau-exchange-rate-us-dollar-usd.m,monthly,Forex Bureau Exchange Rate,US Dollar (USD),2007-03,0.94,0.94,ok,,
fx.forex-bureau-exchange-rate-us-dollar-usd.m,monthly,Forex Bureau Exchange Rate,US Dollar (USD),2007-04,0.95,0.95,ok,,
fx.forex-bureau-exchange-rate-us-dollar-usd.m,monthly,Forex Bureau Exchange Rate,US Dollar (USD),2007-05,0.95,0.95,ok,,
fx.forex-bureau-exchange-rate-us-dollar-usd.m,monthly,Forex Bureau Exchange Rate,US Dollar (USD),2007-06,0.95,0.95,ok,,
fx.forex-bureau-exchange-rate-us-dollar-usd.m,monthly,Forex Bureau Exchange Rate,US Dollar (USD),2007-07,0.94,0.94,ok,,
fx.forex-bureau-exchange-rate-us-dollar-usd.m,monthly,Forex Bureau Exchange Rate,US Dollar (USD),2007-08,0.94,0.94,ok,,
fx.forex-bureau-exchange-rate-us-dollar-usd.m,monthly,Forex Bureau Exchange Rate,US Dollar (USD),2007-09,0.95,0.95,ok,,
fx.forex-bureau-exchange-rate-us-dollar-usd.m,monthly,Forex Bureau Exchange Rate,US Dollar (USD),2007-10,0.97,0.97,ok,,
fx.forex-bureau-exchange-rate-us-dollar-usd.m,monthly,Forex Bureau Exchange Rate,US Dollar (USD),2007-11,0.98,0.98,ok,,
fx.forex-bureau-exchange-rate-us-dollar-usd.m,monthly,Forex Bureau Exchange Rate,US Dollar (USD),2007-12,0.99,0.99,ok,,
fx.forex-bureau-exchange-rate-us-dollar-usd.m,monthly,Forex Bureau Exchange Rate,US Dollar (USD),2008-01,0.99,0.99,ok,,
fx.forex-bureau-exchange-rate-us-dollar-usd.m,monthly,Forex Bureau Exchange Rate,US Dollar (USD),2008-02,0.99,0.99,ok,,
fx.forex-bureau-exchange-rate-us-dollar-usd.m,monthly,Forex Bureau Exchange Rate,US Dollar (USD),2008-03,0.99,0.99,ok,,
fx.forex-bureau-exchange-rate-us-dollar-usd.m,monthly,Forex Bureau Exchange Rate,US Dollar (USD),2008-04,0.97,0.97,ok,,
fx.forex-bureau-exchange-rate-us-dollar-usd.m,monthly,Forex Bureau Exchange Rate,US Dollar (USD),2008-05,1.01,1.01,ok,,
fx.forex-bureau-exchange-rate-us-dollar-usd.m,monthly,Forex Bureau Exchange Rate,US Dollar (USD),2008-06,1.05,1.05,ok,,
fx.forex-bureau-exchange-rate-us-dollar-usd.m,monthly,Forex Bureau Exchange Rate,US Dollar (USD),2008-07,1.06,1.06,ok,,
fx.forex-bureau-exchange-rate-us-dollar-usd.m,monthly,Forex Bureau Exchange Rate,US Dollar (USD),2008-08,1.11,1.11,ok,,
fx.forex-bureau-exchange-rate-us-dollar-usd.m,monthly,Forex Bureau Exchange Rate,US Dollar (USD),2008-09,1.14,1.14,ok,,
fx.forex-bureau-exchange-rate-us-dollar-usd.m,monthly,Forex Bureau Exchange Rate,US Dollar (USD),2008-10,1.17,1.17,ok,,
fx.forex-bureau-exchange-rate-us-dollar-usd.m,monthly,Forex Bureau Exchange Rate,US Dollar (USD),2008-11,1.2,1.2,ok,,
fx.forex-bureau-exchange-rate-us-dollar-usd.m,monthly,Forex Bureau Exchange Rate,US Dollar (USD),2008-12,1.22,1.22,ok,,
fx.forex-bureau-exchange-rate-us-dollar-usd.m,monthly,Forex Bureau Exchange Rate,US Dollar (USD),2009-01,1.3,1.3,ok,,
fx.forex-bureau-exchange-rate-us-dollar-usd.m,monthly,Forex Bureau Exchange Rate,US Dollar (USD),2009-02,1.35,1.35,ok,,
fx.forex-bureau-exchange-rate-us-dollar-usd.m,monthly,Forex Bureau Exchange Rate,US Dollar (USD),2009-03,1.4,1.4,ok,,
fx.forex-bureau-exchange-rate-us-dollar-usd.m,monthly,Forex Bureau Exchange Rate,US Dollar (USD),2009-04,1.42,1.42,ok,,
fx.forex-bureau-exchange-rate-us-dollar-usd.m,monthly,Forex Bureau Exchange Rate,US Dollar (USD),2009-05,1.44,1.44,ok,,
fx.forex-bureau-exchange-rate-us-dollar-usd.m,monthly,Forex Bureau Exchange Rate,US Dollar (USD),2009-06,1.47,1.47,ok,,
fx.forex-bureau-exchange-rate-us-dollar-usd.m,monthly,Forex Bureau Exchange Rate,US Dollar (USD),2009-07,1.48,1.48,ok,,
fx.forex-bureau-exchange-rate-us-dollar-usd.m,monthly,Forex Bureau Exchange Rate,US Dollar (USD),2009-08,1.48,1.48,ok,,
fx.forex-bureau-exchange-rate-us-dollar-usd.m,monthly,Forex Bureau Exchange Rate,US Dollar (USD),2009-09,1.48,1.48,ok,,
fx.forex-bureau-exchange-rate-us-dollar-usd.m,monthly,Forex Bureau Exchange Rate,US Dollar (USD),2009-10,1.47,1.47,ok,,
fx.forex-bureau-exchange-rate-us-dollar-usd.m,monthly,Forex Bureau Exchange Rate,US Dollar (USD),2009-11,1.46,1.46,ok,,
fx.forex-bureau-exchange-rate-us-dollar-usd.m,monthly,Forex Bureau Exchange Rate,US Dollar (USD),2009-12,1.46,1.46,ok,,
fx.forex-bureau-exchange-rate-us-dollar-usd.m,monthly,Forex Bureau Exchange Rate,US Dollar (USD),2010-01,1.46,1.46,ok,,
fx.forex-bureau-exchange-rate-us-dollar-usd.m,monthly,Forex Bureau Exchange Rate,US Dollar (USD),2010-02,1.45,1.45,ok,,
fx.forex-bureau-exchange-rate-us-dollar-usd.m,monthly,Forex Bureau Exchange Rate,US Dollar (USD),2010-03,1.45,1.45,ok,,
fx.forex-bureau-exchange-rate-us-dollar-usd.m,monthly,Forex Bureau Exchange Rate,US Dollar (USD),2010-04,1.44,1.44,ok,,
fx.forex-bureau-exchange-rate-us-dollar-usd.m,monthly,Forex Bureau Exchange Rate,US Dollar (USD),2010-05,1.44,1.44,ok,,
fx.forex-bureau-exchange-rate-us-dollar-usd.m,monthly,Forex Bureau Exchange Rate,US Dollar (USD),2010-06,1.44,1.44,ok,,
fx.forex-bureau-exchange-rate-us-dollar-usd.m,monthly,Forex Bureau Exchange Rate,US Dollar (USD),2010-07,1.45,1.45,ok,,
fx.forex-bureau-exchange-rate-us-dollar-usd.m,monthly,Forex Bureau Exchange Rate,US Dollar (USD),2010-08,1.45,1.45,ok,,
fx.forex-bureau-exchange-rate-us-dollar-usd.m,monthly,Forex Bureau Exchange Rate,US Dollar (USD),2010-09,1.45,1.45,ok,,
fx.forex-bureau-exchange-rate-us-dollar-usd.m,monthly,Forex Bureau Exchange Rate,US Dollar (USD),2010-10,1.45,1.45,ok,,
fx.forex-bureau-exchange-rate-us-dollar-usd.m,monthly,Forex Bureau Exchange Rate,US Dollar (USD),2010-11,1.43,1.43,ok,,
fx.forex-bureau-exchange-rate-us-dollar-usd.m,monthly,Forex Bureau Exchange Rate,US Dollar (USD),2010-12,1.46,1.46,ok,,
fx.forex-bureau-exchange-rate-us-dollar-usd.m,monthly,Forex Bureau Exchange Rate,US Dollar (USD),2011-01,1.49,1.49,ok,,
fx.forex-bureau-exchange-rate-us-dollar-usd.m,monthly,Forex Bureau Exchange Rate,US Dollar (USD),2011-02,1.52,1.52,ok,,
fx.forex-bureau-exchange-rate-us-dollar-usd.m,monthly,Forex Bureau Exchange Rate,US Dollar (USD),2011-03,1.56,1.56,ok,,
fx.forex-bureau-exchange-rate-us-dollar-usd.m,monthly,Forex Bureau Exchange Rate,US Dollar (USD),2011-04,1.53,1.53,ok,,
fx.forex-bureau-exchange-rate-us-dollar-usd.m,monthly,Forex Bureau Exchange Rate,US Dollar (USD),2011-05,1.52,1.52,ok,,
fx.forex-bureau-exchange-rate-us-dollar-usd.m,monthly,Forex Bureau Exchange Rate,US Dollar (USD),2011-06,1.52,1.52,ok,,
fx.forex-bureau-exchange-rate-us-dollar-usd.m,monthly,Forex Bureau Exchange Rate,US Dollar (USD),2011-07,1.52,1.52,ok,,
fx.forex-bureau-exchange-rate-us-dollar-usd.m,monthly,Forex Bureau Exchange Rate,US Dollar (USD),2011-08,1.52,1.52,ok,,
fx.forex-bureau-exchange-rate-us-dollar-usd.m,monthly,Forex Bureau Exchange Rate,US Dollar (USD),2011-09,1.53,1.53,ok,,
fx.forex-bureau-exchange-rate-us-dollar-usd.m,monthly,Forex Bureau Exchange Rate,US Dollar (USD),2011-10,1.6,1.6,ok,,
fx.forex-bureau-exchange-rate-us-dollar-usd.m,monthly,Forex Bureau Exchange Rate,US Dollar (USD),2011-11,1.61,1.61,ok,,
fx.forex-bureau-exchange-rate-us-dollar-usd.m,monthly,Forex Bureau Exchange Rate,US Dollar (USD),2011-12,1.65,1.65,ok,,
fx.forex-bureau-exchange-rate-us-dollar-usd.m,monthly,Forex Bureau Exchange Rate,US Dollar (USD),2012-01,1.69,1.69,ok,,
fx.forex-bureau-exchange-rate-us-dollar-usd.m,monthly,Forex Bureau Exchange Rate,US Dollar (USD),2012-02,1.7,1.7,ok,,
fx.forex-bureau-exchange-rate-us-dollar-usd.m,monthly,Forex Bureau Exchange Rate,US Dollar (USD),2012-03,1.72,1.72,ok,,
fx.forex-bureau-exchange-rate-us-dollar-usd.m,monthly,Forex Bureau Exchange Rate,US Dollar (USD),2012-04,1.81,1.81,ok,,
fx.forex-bureau-exchange-rate-us-dollar-usd.m,monthly,Forex Bureau Exchange Rate,US Dollar (USD),2012-05,1.9,1.9,ok,,
fx.forex-bureau-exchange-rate-us-dollar-usd.m,monthly,Forex Bureau Exchange Rate,US Dollar (USD),2012-06,1.94,1.94,ok,,
fx.forex-bureau-exchange-rate-us-dollar-usd.m,monthly,Forex Bureau Exchange Rate,US Dollar (USD),2012-07,2,2,ok,,
fx.forex-bureau-exchange-rate-us-dollar-usd.m,monthly,Forex Bureau Exchange Rate,US Dollar (USD),2012-08,2.03,2.03,ok,,
fx.forex-bureau-exchange-rate-us-dollar-usd.m,monthly,Forex Bureau Exchange Rate,US Dollar (USD),2012-09,1.99,1.99,ok,,
fx.forex-bureau-exchange-rate-us-dollar-usd.m,monthly,Forex Bureau Exchange Rate,US Dollar (USD),2012-10,1.97,1.97,ok,,
fx.forex-bureau-exchange-rate-us-dollar-usd.m,monthly,Forex Bureau Exchange Rate,US Dollar (USD),2012-11,1.95,1.95,ok,,
fx.forex-bureau-exchange-rate-us-dollar-usd.m,monthly,Forex Bureau Exchange Rate,US Dollar (USD),2012-12,1.95,1.95,ok,,
fx.forex-bureau-exchange-rate-us-dollar-usd.m,monthly,Forex Bureau Exchange Rate,US Dollar (USD),2013-01,1.95,1.95,ok,,
fx.forex-bureau-exchange-rate-us-dollar-usd.m,monthly,Forex Bureau Exchange Rate,US Dollar (USD),2013-02,1.93,1.93,ok,,
fx.forex-bureau-exchange-rate-us-dollar-usd.m,monthly,Forex Bureau Exchange Rate,US Dollar (USD),2013-03,1.94,1.94,ok,,
fx.forex-bureau-exchange-rate-us-dollar-usd.m,monthly,Forex Bureau Exchange Rate,US Dollar (USD),2013-04,1.98,1.98,ok,,
fx.forex-bureau-exchange-rate-us-dollar-usd.m,monthly,Forex Bureau Exchange Rate,US Dollar (USD),2013-05,1.98,1.98,ok,,
fx.forex-bureau-exchange-rate-us-dollar-usd.m,monthly,Forex Bureau Exchange Rate,US Dollar (USD),2013-06,2.04,2.04,ok,,
fx.forex-bureau-exchange-rate-us-dollar-usd.m,monthly,Forex Bureau Exchange Rate,US Dollar (USD),2013-07,2.1,2.1,ok,,
fx.forex-bureau-exchange-rate-us-dollar-usd.m,monthly,Forex Bureau Exchange Rate,US Dollar (USD),2013-08,2.12,2.12,ok,,
fx.forex-bureau-exchange-rate-us-dollar-usd.m,monthly,Forex Bureau Exchange Rate,US Dollar (USD),2013-09,2.14,2.14,ok,,
fx.forex-bureau-exchange-rate-us-dollar-usd.m,monthly,Forex Bureau Exchange Rate,US Dollar (USD),2013-10,2.19,2.19,ok,,
fx.forex-bureau-exchange-rate-us-dollar-usd.m,monthly,Forex Bureau Exchange Rate,US Dollar (USD),2013-11,2.28,2.28,ok,,
fx.forex-bureau-exchange-rate-us-dollar-usd.m,monthly,Forex Bureau Exchange Rate,US Dollar (USD),2013-12,2.33,2.33,ok,,
fx.forex-bureau-exchange-rate-us-dollar-usd.m,monthly,Forex Bureau Exchange Rate,US Dollar (USD),2014-01,2.39,2.39,ok,,
fx.forex-bureau-exchange-rate-us-dollar-usd.m,monthly,Forex Bureau Exchange Rate,US Dollar (USD),2014-02,2.55,2.55,ok,,
fx.forex-bureau-exchange-rate-us-dollar-usd.m,monthly,Forex Bureau Exchange Rate,US Dollar (USD),2014-03,2.61,2.61,ok,,
fx.forex-bureau-exchange-rate-us-dollar-usd.m,monthly,Forex Bureau Exchange Rate,US Dollar (USD),2014-04,2.78,2.78,ok,,
fx.forex-bureau-exchange-rate-us-dollar-usd.m,monthly,Forex Bureau Exchange Rate,US Dollar (USD),2014-05,2.98,2.98,ok,,
fx.forex-bureau-exchange-rate-us-dollar-usd.m,monthly,Forex Bureau Exchange Rate,US Dollar (USD),2014-06,3.12,3.12,ok,,
fx.forex-bureau-exchange-rate-us-dollar-usd.m,monthly,Forex Bureau Exchange Rate,US Dollar (USD),2014-07,3.47,3.47,ok,,
fx.forex-bureau-exchange-rate-us-dollar-usd.m,monthly,Forex Bureau Exchange Rate,US Dollar (USD),2014-08,3.76,3.76,ok,,
fx.forex-bureau-exchange-rate-us-dollar-usd.m,monthly,Forex Bureau Exchange Rate,US Dollar (USD),2014-09,3.51,3.51,ok,,
fx.forex-bureau-exchange-rate-us-dollar-usd.m,monthly,Forex Bureau Exchange Rate,US Dollar (USD),2014-10,3.22,3.22,ok,,
fx.forex-bureau-exchange-rate-us-dollar-usd.m,monthly,Forex Bureau Exchange Rate,US Dollar (USD),2014-11,3.22,3.22,ok,,
fx.forex-bureau-exchange-rate-us-dollar-usd.m,monthly,Forex Bureau Exchange Rate,US Dollar (USD),2014-12,3.23,3.23,ok,,
fx.forex-bureau-exchange-rate-us-dollar-usd.m,monthly,Forex Bureau Exchange Rate,US Dollar (USD),2015-01,3.32,3.32,ok,,
fx.forex-bureau-exchange-rate-us-dollar-usd.m,monthly,Forex Bureau Exchange Rate,US Dollar (USD),2015-02,3.43,3.43,ok,,
fx.forex-bureau-exchange-rate-us-dollar-usd.m,monthly,Forex Bureau Exchange Rate,US Dollar (USD),2015-03,3.59,3.59,ok,,
fx.forex-bureau-exchange-rate-us-dollar-usd.m,monthly,Forex Bureau Exchange Rate,US Dollar (USD),2015-04,3.81,3.81,ok,,
fx.forex-bureau-exchange-rate-us-dollar-usd.m,monthly,Forex Bureau Exchange Rate,US Dollar (USD),2015-05,3.94,3.94,ok,,
fx.forex-bureau-exchange-rate-us-dollar-usd.m,monthly,Forex Bureau Exchange Rate,US Dollar (USD),2015-06,4.23,4.23,ok,,
fx.forex-bureau-exchange-rate-us-dollar-usd.m,monthly,Forex Bureau Exchange Rate,US Dollar (USD),2015-07,3.71,3.71,ok,,
fx.forex-bureau-exchange-rate-us-dollar-usd.m,monthly,Forex Bureau Exchange Rate,US Dollar (USD),2015-08,3.97,3.97,ok,,
fx.forex-bureau-exchange-rate-us-dollar-usd.m,monthly,Forex Bureau Exchange Rate,US Dollar (USD),2015-09,3.86,3.86,ok,,
fx.forex-bureau-exchange-rate-us-dollar-usd.m,monthly,Forex Bureau Exchange Rate,US Dollar (USD),2015-10,3.81,3.81,ok,,
fx.forex-bureau-exchange-rate-us-dollar-usd.m,monthly,Forex Bureau Exchange Rate,US Dollar (USD),2015-11,3.87,3.87,ok,,
fx.forex-bureau-exchange-rate-us-dollar-usd.m,monthly,Forex Bureau Exchange Rate,US Dollar (USD),2015-12,3.87,3.87,ok,,
fx.forex-bureau-exchange-rate-us-dollar-usd.m,monthly,Forex Bureau Exchange Rate,US Dollar (USD),2016-01,3.95,3.95,ok,,
fx.forex-bureau-exchange-rate-us-dollar-usd.m,monthly,Forex Bureau Exchange Rate,US Dollar (USD),2016-02,3.99,3.99,ok,,
fx.forex-bureau-exchange-rate-us-dollar-usd.m,monthly,Forex Bureau Exchange Rate,US Dollar (USD),2016-03,3.93,3.93,ok,,
fx.forex-bureau-exchange-rate-us-dollar-usd.m,monthly,Forex Bureau Exchange Rate,US Dollar (USD),2016-04,3.87,3.87,ok,,
fx.forex-bureau-exchange-rate-us-dollar-usd.m,monthly,Forex Bureau Exchange Rate,US Dollar (USD),2016-05,3.85,3.85,ok,,
fx.forex-bureau-exchange-rate-us-dollar-usd.m,monthly,Forex Bureau Exchange Rate,US Dollar (USD),2016-06,3.92,3.92,ok,,
fx.forex-bureau-exchange-rate-us-dollar-usd.m,monthly,Forex Bureau Exchange Rate,US Dollar (USD),2016-07,3.95,3.95,ok,,
fx.forex-bureau-exchange-rate-us-dollar-usd.m,monthly,Forex Bureau Exchange Rate,US Dollar (USD),2016-08,3.96,3.96,ok,,
fx.forex-bureau-exchange-rate-us-dollar-usd.m,monthly,Forex Bureau Exchange Rate,US Dollar (USD),2016-09,3.97,3.97,ok,,
fx.forex-bureau-exchange-rate-us-dollar-usd.m,monthly,Forex Bureau Exchange Rate,US Dollar (USD),2016-10,3.99,3.99,ok,,
fx.forex-bureau-exchange-rate-us-dollar-usd.m,monthly,Forex Bureau Exchange Rate,US Dollar (USD),2016-11,4.09,4.09,ok,,
fx.forex-bureau-exchange-rate-us-dollar-usd.m,monthly,Forex Bureau Exchange Rate,US Dollar (USD),2016-12,4.25,4.25,ok,,
fx.forex-bureau-exchange-rate-us-dollar-usd.m,monthly,Forex Bureau Exchange Rate,US Dollar (USD),2017-01,4.3,4.3,ok,,
fx.forex-bureau-exchange-rate-us-dollar-usd.m,monthly,Forex Bureau Exchange Rate,US Dollar (USD),2017-02,4.42,4.42,ok,,
fx.forex-bureau-exchange-rate-us-dollar-usd.m,monthly,Forex Bureau Exchange Rate,US Dollar (USD),2017-03,4.55,4.55,ok,,
fx.forex-bureau-exchange-rate-us-dollar-usd.m,monthly,Forex Bureau Exchange Rate,US Dollar (USD),2017-04,4.32,4.32,ok,,
fx.forex-bureau-exchange-rate-us-dollar-usd.m,monthly,Forex Bureau Exchange Rate,US Dollar (USD),2017-05,4.35,4.35,ok,,
fx.forex-bureau-exchange-rate-us-dollar-usd.m,monthly,Forex Bureau Exchange Rate,US Dollar (USD),2017-06,4.4,4.4,ok,,
fx.forex-bureau-exchange-rate-us-dollar-usd.m,monthly,Forex Bureau Exchange Rate,US Dollar (USD),2017-07,4.43,4.43,ok,,
fx.forex-bureau-exchange-rate-us-dollar-usd.m,monthly,Forex Bureau Exchange Rate,US Dollar (USD),2017-08,4.44,4.44,ok,,
fx.forex-bureau-exchange-rate-us-dollar-usd.m,monthly,Forex Bureau Exchange Rate,US Dollar (USD),2017-09,4.46,4.46,ok,,
fx.forex-bureau-exchange-rate-us-dollar-usd.m,monthly,Forex Bureau Exchange Rate,US Dollar (USD),2017-10,4.45,4.45,ok,,
fx.forex-bureau-exchange-rate-us-dollar-usd.m,monthly,Forex Bureau Exchange Rate,US Dollar (USD),2017-11,4.53,4.53,ok,,
fx.forex-bureau-exchange-rate-us-dollar-usd.m,monthly,Forex Bureau Exchange Rate,US Dollar (USD),2017-12,4.59,4.59,ok,,
fx.forex-bureau-exchange-rate-us-dollar-usd.m,monthly,Forex Bureau Exchange Rate,US Dollar (USD),2018-01,4.59,4.59,ok,,
fx.forex-bureau-exchange-rate-us-dollar-usd.m,monthly,Forex Bureau Exchange Rate,US Dollar (USD),2018-02,4.53,4.53,ok,,
fx.forex-bureau-exchange-rate-us-dollar-usd.m,monthly,Forex Bureau Exchange Rate,US Dollar (USD),2018-03,4.49,4.49,ok,,
fx.forex-bureau-exchange-rate-us-dollar-usd.m,monthly,Forex Bureau Exchange Rate,US Dollar (USD),2018-04,4.46,4.46,ok,,
fx.forex-bureau-exchange-rate-us-dollar-usd.m,monthly,Forex Bureau Exchange Rate,US Dollar (USD),2018-05,4.57,4.57,ok,,
fx.forex-bureau-exchange-rate-us-dollar-usd.m,monthly,Forex Bureau Exchange Rate,US Dollar (USD),2018-06,4.68,4.68,ok,,
fx.forex-bureau-exchange-rate-us-dollar-usd.m,monthly,Forex Bureau Exchange Rate,US Dollar (USD),2018-07,4.77,4.77,ok,,
fx.forex-bureau-exchange-rate-us-dollar-usd.m,monthly,Forex Bureau Exchange Rate,US Dollar (USD),2018-08,4.81,4.81,ok,,
fx.forex-bureau-exchange-rate-us-dollar-usd.m,monthly,Forex Bureau Exchange Rate,US Dollar (USD),2018-09,4.91,4.91,ok,,
fx.forex-bureau-exchange-rate-us-dollar-usd.m,monthly,Forex Bureau Exchange Rate,US Dollar (USD),2018-10,4.89,4.89,ok,,
fx.forex-bureau-exchange-rate-us-dollar-usd.m,monthly,Forex Bureau Exchange Rate,US Dollar (USD),2018-11,4.88,4.88,ok,,
fx.forex-bureau-exchange-rate-us-dollar-usd.m,monthly,Forex Bureau Exchange Rate,US Dollar (USD),2018-12,4.95,4.95,ok,,
fx.forex-bureau-exchange-rate-us-dollar-usd.m,monthly,Forex Bureau Exchange Rate,US Dollar (USD),2019-01,4.99,4.99,ok,,
fx.forex-bureau-exchange-rate-us-dollar-usd.m,monthly,Forex Bureau Exchange Rate,US Dollar (USD),2019-02,5.14,5.14,ok,,
fx.forex-bureau-exchange-rate-us-dollar-usd.m,monthly,Forex Bureau Exchange Rate,US Dollar (USD),2019-03,5.36,5.36,ok,,
fx.forex-bureau-exchange-rate-us-dollar-usd.m,monthly,Forex Bureau Exchange Rate,US Dollar (USD),2019-04,5.22,5.22,ok,,
fx.forex-bureau-exchange-rate-us-dollar-usd.m,monthly,Forex Bureau Exchange Rate,US Dollar (USD),2019-05,5.25,5.25,ok,,
fx.forex-bureau-exchange-rate-us-dollar-usd.m,monthly,Forex Bureau Exchange Rate,US Dollar (USD),2019-06,5.39,5.39,ok,,
fx.forex-bureau-exchange-rate-us-dollar-usd.m,monthly,Forex Bureau Exchange Rate,US Dollar (USD),2019-07,5.39,5.39,ok,,
fx.forex-bureau-exchange-rate-us-dollar-usd.m,monthly,Forex Bureau Exchange Rate,US Dollar (USD),2019-08,5.42,5.42,ok,,
fx.forex-bureau-exchange-rate-us-dollar-usd.m,monthly,Forex Bureau Exchange Rate,US Dollar (USD),2019-09,5.51,5.51,ok,,
fx.forex-bureau-exchange-rate-us-dollar-usd.m,monthly,Forex Bureau Exchange Rate,US Dollar (USD),2019-10,5.49,5.49,ok,,
fx.forex-bureau-exchange-rate-us-dollar-usd.m,monthly,Forex Bureau Exchange Rate,US Dollar (USD),2019-11,5.57,5.57,ok,,
fx.forex-bureau-exchange-rate-us-dollar-usd.m,monthly,Forex Bureau Exchange Rate,US Dollar (USD),2019-12,5.73,5.73,ok,,
fx.forex-bureau-exchange-rate-us-dollar-usd.m,monthly,Forex Bureau Exchange Rate,US Dollar (USD),2020-01,5.73,5.73,ok,,
fx.forex-bureau-exchange-rate-us-dollar-usd.m,monthly,Forex Bureau Exchange Rate,US Dollar (USD),2020-02,5.44,5.44,ok,,
fx.forex-bureau-exchange-rate-us-dollar-usd.m,monthly,Forex Bureau Exchange Rate,US Dollar (USD),2020-03,5.58,5.58,ok,,
fx.forex-bureau-exchange-rate-us-dollar-usd.m,monthly,Forex Bureau Exchange Rate,US Dollar (USD),2020-04,5.82,5.82,ok,,
fx.forex-bureau-exchange-rate-us-dollar-usd.m,monthly,Forex Bureau Exchange Rate,US Dollar (USD),2020-05,5.89,5.89,ok,,
fx.forex-bureau-exchange-rate-us-dollar-usd.m,monthly,Forex Bureau Exchange Rate,US Dollar (USD),2020-06,5.92,5.92,ok,,
fx.forex-bureau-exchange-rate-us-dollar-usd.m,monthly,Forex Bureau Exchange Rate,US Dollar (USD),2020-07,5.84,5.84,ok,,
fx.forex-bureau-exchange-rate-us-dollar-usd.m,monthly,Forex Bureau Exchange Rate,US Dollar (USD),2020-08,5.81,5.81,ok,,
fx.forex-bureau-exchange-rate-us-dollar-usd.m,monthly,Forex Bureau Exchange Rate,US Dollar (USD),2020-09,5.82,5.82,ok,,
fx.forex-bureau-exchange-rate-us-dollar-usd.m,monthly,Forex Bureau Exchange Rate,US Dollar (USD),2020-10,5.84,5.84,ok,,
fx.forex-bureau-exchange-rate-us-dollar-usd.m,monthly,Forex Bureau Exchange Rate,US Dollar (USD),2020-11,5.89,5.89,ok,,
fx.forex-bureau-exchange-rate-us-dollar-usd.m,monthly,Forex Bureau Exchange Rate,US Dollar (USD),2020-12,5.93,5.93,ok,,
fx.forex-bureau-exchange-rate-us-dollar-usd.m,monthly,Forex Bureau Exchange Rate,US Dollar (USD),2021-01,5.9,5.9,ok,,
fx.forex-bureau-exchange-rate-us-dollar-usd.m,monthly,Forex Bureau Exchange Rate,US Dollar (USD),2021-02,5.83,5.83,ok,,
fx.forex-bureau-exchange-rate-us-dollar-usd.m,monthly,Forex Bureau Exchange Rate,US Dollar (USD),2021-03,5.76,5.76,ok,,
fx.forex-bureau-exchange-rate-us-dollar-usd.m,monthly,Forex Bureau Exchange Rate,US Dollar (USD),2021-04,5.78,5.78,ok,,
fx.forex-bureau-exchange-rate-us-dollar-usd.m,monthly,Forex Bureau Exchange Rate,US Dollar (USD),2021-05,5.79,5.79,ok,,
fx.forex-bureau-exchange-rate-us-dollar-usd.m,monthly,Forex Bureau Exchange Rate,US Dollar (USD),2021-06,5.83,5.83,ok,,
fx.forex-bureau-exchange-rate-us-dollar-usd.m,monthly,Forex Bureau Exchange Rate,US Dollar (USD),2021-07,5.93,5.93,ok,,
fx.forex-bureau-exchange-rate-us-dollar-usd.m,monthly,Forex Bureau Exchange Rate,US Dollar (USD),2021-08,6.01,6.01,ok,,
fx.forex-bureau-exchange-rate-us-dollar-usd.m,monthly,Forex Bureau Exchange Rate,US Dollar (USD),2021-09,6.07,6.07,ok,,
fx.forex-bureau-exchange-rate-us-dollar-usd.m,monthly,Forex Bureau Exchange Rate,US Dollar (USD),2021-10,6.09,6.09,ok,,
fx.forex-bureau-exchange-rate-us-dollar-usd.m,monthly,Forex Bureau Exchange Rate,US Dollar (USD),2021-11,6.24,6.24,ok,,
fx.forex-bureau-exchange-rate-us-dollar-usd.m,monthly,Forex Bureau Exchange Rate,US Dollar (USD),2021-12,6.37,6.37,ok,,
fx.forex-bureau-exchange-rate-us-dollar-usd.m,monthly,Forex Bureau Exchange Rate,US Dollar (USD),2022-01,6.46,6.46,ok,,
fx.forex-bureau-exchange-rate-us-dollar-usd.m,monthly,Forex Bureau Exchange Rate,US Dollar (USD),2022-02,6.83,6.83,ok,,
fx.forex-bureau-exchange-rate-us-dollar-usd.m,monthly,Forex Bureau Exchange Rate,US Dollar (USD),2022-03,7.8,7.8,ok,,
fx.forex-bureau-exchange-rate-us-dollar-usd.m,monthly,Forex Bureau Exchange Rate,US Dollar (USD),2022-04,7.71,7.71,ok,,
fx.forex-bureau-exchange-rate-us-dollar-usd.m,monthly,Forex Bureau Exchange Rate,US Dollar (USD),2022-05,7.8,7.8,ok,,
fx.forex-bureau-exchange-rate-us-dollar-usd.m,monthly,Forex Bureau Exchange Rate,US Dollar (USD),2022-06,8.02,8.02,ok,,
fx.forex-bureau-exchange-rate-us-dollar-usd.m,monthly,Forex Bureau Exchange Rate,US Dollar (USD),2022-07,8.27,8.27,ok,,
fx.forex-bureau-exchange-rate-us-dollar-usd.m,monthly,Forex Bureau Exchange Rate,US Dollar (USD),2022-08,9.5,9.5,ok,,
fx.forex-bureau-exchange-rate-us-dollar-usd.m,monthly,Forex Bureau Exchange Rate,US Dollar (USD),2022-09,10.07,10.07,ok,,
fx.forex-bureau-exchange-rate-us-dollar-usd.m,monthly,Forex Bureau Exchange Rate,US Dollar (USD),2022-10,12.28,12.28,ok,,
fx.forex-bureau-exchange-rate-us-dollar-usd.m,monthly,Forex Bureau Exchange Rate,US Dollar (USD),2022-11,14.18,14.18,ok,,
fx.forex-bureau-exchange-rate-us-dollar-usd.m,monthly,Forex Bureau Exchange Rate,US Dollar (USD),2022-12,11.63,11.63,ok,,
fx.forex-bureau-exchange-rate-us-dollar-usd.m,monthly,Forex Bureau Exchange Rate,US Dollar (USD),2023-01,12.23,12.23,ok,,
fx.forex-bureau-exchange-rate-us-dollar-usd.m,monthly,Forex Bureau Exchange Rate,US Dollar (USD),2023-02,12.6,12.6,ok,,
fx.forex-bureau-exchange-rate-us-dollar-usd.m,monthly,Forex Bureau Exchange Rate,US Dollar (USD),2023-03,12.45,12.45,ok,,
fx.forex-bureau-exchange-rate-us-dollar-usd.m,monthly,Forex Bureau Exchange Rate,US Dollar (USD),2023-04,11.53,11.53,ok,,
fx.forex-bureau-exchange-rate-us-dollar-usd.m,monthly,Forex Bureau Exchange Rate,US Dollar (USD),2023-05,11.56,11.56,ok,,
fx.forex-bureau-exchange-rate-us-dollar-usd.m,monthly,Forex Bureau Exchange Rate,US Dollar (USD),2023-06,11.68,11.68,ok,,
fx.forex-bureau-exchange-rate-us-dollar-usd.m,monthly,Forex Bureau Exchange Rate,US Dollar (USD),2023-07,11.65,11.65,ok,,
fx.forex-bureau-exchange-rate-us-dollar-usd.m,monthly,Forex Bureau Exchange Rate,US Dollar (USD),2023-08,11.42,11.42,ok,,
fx.forex-bureau-exchange-rate-us-dollar-usd.m,monthly,Forex Bureau Exchange Rate,US Dollar (USD),2023-09,11.52,11.52,ok,,
fx.forex-bureau-exchange-rate-us-dollar-usd.m,monthly,Forex Bureau Exchange Rate,US Dollar (USD),2023-10,11.89,11.89,ok,,
fx.forex-bureau-exchange-rate-us-dollar-usd.m,monthly,Forex Bureau Exchange Rate,US Dollar (USD),2023-11,12.07,12.07,ok,,
fx.forex-bureau-exchange-rate-us-dollar-usd.m,monthly,Forex Bureau Exchange Rate,US Dollar (USD),2023-12,12.15,12.15,ok,,
fx.forex-bureau-exchange-rate-us-dollar-usd.m,monthly,Forex Bureau Exchange Rate,US Dollar (USD),2024-01,12.29,12.29,ok,,
fx.forex-bureau-exchange-rate-us-dollar-usd.m,monthly,Forex Bureau Exchange Rate,US Dollar (USD),2024-02,12.59,12.59,ok,,
fx.forex-bureau-exchange-rate-us-dollar-usd.m,monthly,Forex Bureau Exchange Rate,US Dollar (USD),2024-03,13.2,13.2,ok,,
fx.forex-bureau-exchange-rate-us-dollar-usd.m,monthly,Forex Bureau Exchange Rate,US Dollar (USD),2024-04,13.59,13.59,ok,,
fx.forex-bureau-exchange-rate-us-dollar-usd.m,monthly,Forex Bureau Exchange Rate,US Dollar (USD),2024-05,14.69,14.69,ok,,
fx.forex-bureau-exchange-rate-us-dollar-usd.m,monthly,Forex Bureau Exchange Rate,US Dollar (USD),2024-06,15.27,15.27,ok,,
fx.forex-bureau-exchange-rate-us-dollar-usd.m,monthly,Forex Bureau Exchange Rate,US Dollar (USD),2024-07,15.68,15.68,ok,,
fx.forex-bureau-exchange-rate-us-dollar-usd.m,monthly,Forex Bureau Exchange Rate,US Dollar (USD),2024-08,16.15,16.15,ok,,
fx.forex-bureau-exchange-rate-pound-sterling-gbp.m,monthly,Forex Bureau Exchange Rate,Pound Sterling (GBP),2000-01,0.6,0.6,ok,,
fx.forex-bureau-exchange-rate-pound-sterling-gbp.m,monthly,Forex Bureau Exchange Rate,Pound Sterling (GBP),2000-02,0.62,0.62,ok,,
fx.forex-bureau-exchange-rate-pound-sterling-gbp.m,monthly,Forex Bureau Exchange Rate,Pound Sterling (GBP),2000-03,0.64,0.64,ok,,
fx.forex-bureau-exchange-rate-pound-sterling-gbp.m,monthly,Forex Bureau Exchange Rate,Pound Sterling (GBP),2000-04,0.68,0.68,ok,,
fx.forex-bureau-exchange-rate-pound-sterling-gbp.m,monthly,Forex Bureau Exchange Rate,Pound Sterling (GBP),2000-05,0.74,0.74,ok,,
fx.forex-bureau-exchange-rate-pound-sterling-gbp.m,monthly,Forex Bureau Exchange Rate,Pound Sterling (GBP),2000-06,0.79,0.79,ok,,
fx.forex-bureau-exchange-rate-pound-sterling-gbp.m,monthly,Forex Bureau Exchange Rate,Pound Sterling (GBP),2000-07,0.88,0.88,ok,,
fx.forex-bureau-exchange-rate-pound-sterling-gbp.m,monthly,Forex Bureau Exchange Rate,Pound Sterling (GBP),2000-08,0.9,0.9,ok,,
fx.forex-bureau-exchange-rate-pound-sterling-gbp.m,monthly,Forex Bureau Exchange Rate,Pound Sterling (GBP),2000-09,0.94,0.94,ok,,
fx.forex-bureau-exchange-rate-pound-sterling-gbp.m,monthly,Forex Bureau Exchange Rate,Pound Sterling (GBP),2000-10,0.96,0.96,ok,,
fx.forex-bureau-exchange-rate-pound-sterling-gbp.m,monthly,Forex Bureau Exchange Rate,Pound Sterling (GBP),2000-11,0.97,0.97,ok,,
fx.forex-bureau-exchange-rate-pound-sterling-gbp.m,monthly,Forex Bureau Exchange Rate,Pound Sterling (GBP),2000-12,0.97,0.97,ok,,
fx.forex-bureau-exchange-rate-pound-sterling-gbp.m,monthly,Forex Bureau Exchange Rate,Pound Sterling (GBP),2001-01,0.99,0.99,ok,,
fx.forex-bureau-exchange-rate-pound-sterling-gbp.m,monthly,Forex Bureau Exchange Rate,Pound Sterling (GBP),2001-02,1.01,1.01,ok,,
fx.forex-bureau-exchange-rate-pound-sterling-gbp.m,monthly,Forex Bureau Exchange Rate,Pound Sterling (GBP),2001-03,1.02,1.02,ok,,
fx.forex-bureau-exchange-rate-pound-sterling-gbp.m,monthly,Forex Bureau Exchange Rate,Pound Sterling (GBP),2001-04,1.02,1.02,ok,,
fx.forex-bureau-exchange-rate-pound-sterling-gbp.m,monthly,Forex Bureau Exchange Rate,Pound Sterling (GBP),2001-05,1.02,1.02,ok,,
fx.forex-bureau-exchange-rate-pound-sterling-gbp.m,monthly,Forex Bureau Exchange Rate,Pound Sterling (GBP),2001-06,1.01,1.01,ok,,
fx.forex-bureau-exchange-rate-pound-sterling-gbp.m,monthly,Forex Bureau Exchange Rate,Pound Sterling (GBP),2001-07,0.99,0.99,ok,,
fx.forex-bureau-exchange-rate-pound-sterling-gbp.m,monthly,Forex Bureau Exchange Rate,Pound Sterling (GBP),2001-08,1,1,ok,,
fx.forex-bureau-exchange-rate-pound-sterling-gbp.m,monthly,Forex Bureau Exchange Rate,Pound Sterling (GBP),2001-09,1.02,1.02,ok,,
fx.forex-bureau-exchange-rate-pound-sterling-gbp.m,monthly,Forex Bureau Exchange Rate,Pound Sterling (GBP),2001-10,1.03,1.03,ok,,
fx.forex-bureau-exchange-rate-pound-sterling-gbp.m,monthly,Forex Bureau Exchange Rate,Pound Sterling (GBP),2001-11,1.03,1.03,ok,,
fx.forex-bureau-exchange-rate-pound-sterling-gbp.m,monthly,Forex Bureau Exchange Rate,Pound Sterling (GBP),2001-12,1.04,1.04,ok,,
fx.forex-bureau-exchange-rate-pound-sterling-gbp.m,monthly,Forex Bureau Exchange Rate,Pound Sterling (GBP),2002-01,1.04,1.04,ok,,
fx.forex-bureau-exchange-rate-pound-sterling-gbp.m,monthly,Forex Bureau Exchange Rate,Pound Sterling (GBP),2002-02,1.06,1.06,ok,,
fx.forex-bureau-exchange-rate-pound-sterling-gbp.m,monthly,Forex Bureau Exchange Rate,Pound Sterling (GBP),2002-03,1.05,1.05,ok,,
fx.forex-bureau-exchange-rate-pound-sterling-gbp.m,monthly,Forex Bureau Exchange Rate,Pound Sterling (GBP),2002-04,1.09,1.09,ok,,
fx.forex-bureau-exchange-rate-pound-sterling-gbp.m,monthly,Forex Bureau Exchange Rate,Pound Sterling (GBP),2002-05,1.13,1.13,ok,,
fx.forex-bureau-exchange-rate-pound-sterling-gbp.m,monthly,Forex Bureau Exchange Rate,Pound Sterling (GBP),2002-06,1.14,1.14,ok,,
fx.forex-bureau-exchange-rate-pound-sterling-gbp.m,monthly,Forex Bureau Exchange Rate,Pound Sterling (GBP),2002-07,1.22,1.22,ok,,
fx.forex-bureau-exchange-rate-pound-sterling-gbp.m,monthly,Forex Bureau Exchange Rate,Pound Sterling (GBP),2002-08,1.24,1.24,ok,,
fx.forex-bureau-exchange-rate-pound-sterling-gbp.m,monthly,Forex Bureau Exchange Rate,Pound Sterling (GBP),2002-09,1.26,1.26,ok,,
fx.forex-bureau-exchange-rate-pound-sterling-gbp.m,monthly,Forex Bureau Exchange Rate,Pound Sterling (GBP),2002-10,1.28,1.28,ok,,
fx.forex-bureau-exchange-rate-pound-sterling-gbp.m,monthly,Forex Bureau Exchange Rate,Pound Sterling (GBP),2002-11,1.3,1.3,ok,,
fx.forex-bureau-exchange-rate-pound-sterling-gbp.m,monthly,Forex Bureau Exchange Rate,Pound Sterling (GBP),2002-12,1.33,1.33,ok,,
fx.forex-bureau-exchange-rate-pound-sterling-gbp.m,monthly,Forex Bureau Exchange Rate,Pound Sterling (GBP),2003-01,1.35,1.35,ok,,
fx.forex-bureau-exchange-rate-pound-sterling-gbp.m,monthly,Forex Bureau Exchange Rate,Pound Sterling (GBP),2003-02,1.38,1.38,ok,,
fx.forex-bureau-exchange-rate-pound-sterling-gbp.m,monthly,Forex Bureau Exchange Rate,Pound Sterling (GBP),2003-03,1.36,1.36,ok,,
fx.forex-bureau-exchange-rate-pound-sterling-gbp.m,monthly,Forex Bureau Exchange Rate,Pound Sterling (GBP),2003-04,1.35,1.35,ok,,
fx.forex-bureau-exchange-rate-pound-sterling-gbp.m,monthly,Forex Bureau Exchange Rate,Pound Sterling (GBP),2003-05,1.37,1.37,ok,,
fx.forex-bureau-exchange-rate-pound-sterling-gbp.m,monthly,Forex Bureau Exchange Rate,Pound Sterling (GBP),2003-06,1.42,1.42,ok,,
fx.forex-bureau-exchange-rate-pound-sterling-gbp.m,monthly,Forex Bureau Exchange Rate,Pound Sterling (GBP),2003-07,1.43,1.43,ok,,
fx.forex-bureau-exchange-rate-pound-sterling-gbp.m,monthly,Forex Bureau Exchange Rate,Pound Sterling (GBP),2003-08,1.39,1.39,ok,,
fx.forex-bureau-exchange-rate-pound-sterling-gbp.m,monthly,Forex Bureau Exchange Rate,Pound Sterling (GBP),2003-09,1.39,1.39,ok,,
fx.forex-bureau-exchange-rate-pound-sterling-gbp.m,monthly,Forex Bureau Exchange Rate,Pound Sterling (GBP),2003-10,1.44,1.44,ok,,
fx.forex-bureau-exchange-rate-pound-sterling-gbp.m,monthly,Forex Bureau Exchange Rate,Pound Sterling (GBP),2003-11,1.53,1.53,ok,,
fx.forex-bureau-exchange-rate-pound-sterling-gbp.m,monthly,Forex Bureau Exchange Rate,Pound Sterling (GBP),2003-12,1.52,1.52,ok,,
fx.forex-bureau-exchange-rate-pound-sterling-gbp.m,monthly,Forex Bureau Exchange Rate,Pound Sterling (GBP),2004-01,1.63,1.63,ok,,
fx.forex-bureau-exchange-rate-pound-sterling-gbp.m,monthly,Forex Bureau Exchange Rate,Pound Sterling (GBP),2004-02,1.7,1.7,ok,,
fx.forex-bureau-exchange-rate-pound-sterling-gbp.m,monthly,Forex Bureau Exchange Rate,Pound Sterling (GBP),2004-03,1.67,1.67,ok,,
fx.forex-bureau-exchange-rate-pound-sterling-gbp.m,monthly,Forex Bureau Exchange Rate,Pound Sterling (GBP),2004-04,1.65,1.65,ok,,
fx.forex-bureau-exchange-rate-pound-sterling-gbp.m,monthly,Forex Bureau Exchange Rate,Pound Sterling (GBP),2004-05,1.63,1.63,ok,,
fx.forex-bureau-exchange-rate-pound-sterling-gbp.m,monthly,Forex Bureau Exchange Rate,Pound Sterling (GBP),2004-06,1.68,1.68,ok,,
fx.forex-bureau-exchange-rate-pound-sterling-gbp.m,monthly,Forex Bureau Exchange Rate,Pound Sterling (GBP),2004-07,1.69,1.69,ok,,
fx.forex-bureau-exchange-rate-pound-sterling-gbp.m,monthly,Forex Bureau Exchange Rate,Pound Sterling (GBP),2004-08,1.66,1.66,ok,,
fx.forex-bureau-exchange-rate-pound-sterling-gbp.m,monthly,Forex Bureau Exchange Rate,Pound Sterling (GBP),2004-09,1.64,1.64,ok,,
fx.forex-bureau-exchange-rate-pound-sterling-gbp.m,monthly,Forex Bureau Exchange Rate,Pound Sterling (GBP),2004-10,1.64,1.64,ok,,
fx.forex-bureau-exchange-rate-pound-sterling-gbp.m,monthly,Forex Bureau Exchange Rate,Pound Sterling (GBP),2004-11,1.69,1.69,ok,,
fx.forex-bureau-exchange-rate-pound-sterling-gbp.m,monthly,Forex Bureau Exchange Rate,Pound Sterling (GBP),2004-12,1.74,1.74,ok,,
fx.forex-bureau-exchange-rate-pound-sterling-gbp.m,monthly,Forex Bureau Exchange Rate,Pound Sterling (GBP),2005-01,1.73,1.73,ok,,
fx.forex-bureau-exchange-rate-pound-sterling-gbp.m,monthly,Forex Bureau Exchange Rate,Pound Sterling (GBP),2005-02,1.73,1.73,ok,,
fx.forex-bureau-exchange-rate-pound-sterling-gbp.m,monthly,Forex Bureau Exchange Rate,Pound Sterling (GBP),2005-03,1.73,1.73,ok,,
fx.forex-bureau-exchange-rate-pound-sterling-gbp.m,monthly,Forex Bureau Exchange Rate,Pound Sterling (GBP),2005-04,1.72,1.72,ok,,
fx.forex-bureau-exchange-rate-pound-sterling-gbp.m,monthly,Forex Bureau Exchange Rate,Pound Sterling (GBP),2005-05,1.7,1.7,ok,,
fx.forex-bureau-exchange-rate-pound-sterling-gbp.m,monthly,Forex Bureau Exchange Rate,Pound Sterling (GBP),2005-06,1.67,1.67,ok,,
fx.forex-bureau-exchange-rate-pound-sterling-gbp.m,monthly,Forex Bureau Exchange Rate,Pound Sterling (GBP),2005-07,1.61,1.61,ok,,
fx.forex-bureau-exchange-rate-pound-sterling-gbp.m,monthly,Forex Bureau Exchange Rate,Pound Sterling (GBP),2005-08,1.6,1.6,ok,,
fx.forex-bureau-exchange-rate-pound-sterling-gbp.m,monthly,Forex Bureau Exchange Rate,Pound Sterling (GBP),2005-09,1.64,1.64,ok,,
fx.forex-bureau-exchange-rate-pound-sterling-gbp.m,monthly,Forex Bureau Exchange Rate,Pound Sterling (GBP),2005-10,1.61,1.61,ok,,
fx.forex-bureau-exchange-rate-pound-sterling-gbp.m,monthly,Forex Bureau Exchange Rate,Pound Sterling (GBP),2005-11,1.62,1.62,ok,,
fx.forex-bureau-exchange-rate-pound-sterling-gbp.m,monthly,Forex Bureau Exchange Rate,Pound Sterling (GBP),2005-12,1.62,1.62,ok,,
fx.forex-bureau-exchange-rate-pound-sterling-gbp.m,monthly,Forex Bureau Exchange Rate,Pound Sterling (GBP),2006-01,1.61,1.61,ok,,
fx.forex-bureau-exchange-rate-pound-sterling-gbp.m,monthly,Forex Bureau Exchange Rate,Pound Sterling (GBP),2006-02,1.61,1.61,ok,,
fx.forex-bureau-exchange-rate-pound-sterling-gbp.m,monthly,Forex Bureau Exchange Rate,Pound Sterling (GBP),2006-03,1.61,1.61,ok,,
fx.forex-bureau-exchange-rate-pound-sterling-gbp.m,monthly,Forex Bureau Exchange Rate,Pound Sterling (GBP),2006-04,1.61,1.61,ok,,
fx.forex-bureau-exchange-rate-pound-sterling-gbp.m,monthly,Forex Bureau Exchange Rate,Pound Sterling (GBP),2006-05,1.68,1.68,ok,,
fx.forex-bureau-exchange-rate-pound-sterling-gbp.m,monthly,Forex Bureau Exchange Rate,Pound Sterling (GBP),2006-06,1.7,1.7,ok,,
fx.forex-bureau-exchange-rate-pound-sterling-gbp.m,monthly,Forex Bureau Exchange Rate,Pound Sterling (GBP),2006-07,1.69,1.69,ok,,
fx.forex-bureau-exchange-rate-pound-sterling-gbp.m,monthly,Forex Bureau Exchange Rate,Pound Sterling (GBP),2006-08,1.71,1.71,ok,,
fx.forex-bureau-exchange-rate-pound-sterling-gbp.m,monthly,Forex Bureau Exchange Rate,Pound Sterling (GBP),2006-09,1.75,1.75,ok,,
fx.forex-bureau-exchange-rate-pound-sterling-gbp.m,monthly,Forex Bureau Exchange Rate,Pound Sterling (GBP),2006-10,1.75,1.75,ok,,
fx.forex-bureau-exchange-rate-pound-sterling-gbp.m,monthly,Forex Bureau Exchange Rate,Pound Sterling (GBP),2006-11,1.75,1.75,ok,,
fx.forex-bureau-exchange-rate-pound-sterling-gbp.m,monthly,Forex Bureau Exchange Rate,Pound Sterling (GBP),2006-12,1.81,1.81,ok,,
fx.forex-bureau-exchange-rate-pound-sterling-gbp.m,monthly,Forex Bureau Exchange Rate,Pound Sterling (GBP),2007-01,1.82,1.82,ok,,
fx.forex-bureau-exchange-rate-pound-sterling-gbp.m,monthly,Forex Bureau Exchange Rate,Pound Sterling (GBP),2007-02,1.84,1.84,ok,,
fx.forex-bureau-exchange-rate-pound-sterling-gbp.m,monthly,Forex Bureau Exchange Rate,Pound Sterling (GBP),2007-03,1.83,1.83,ok,,
fx.forex-bureau-exchange-rate-pound-sterling-gbp.m,monthly,Forex Bureau Exchange Rate,Pound Sterling (GBP),2007-04,1.85,1.85,ok,,
fx.forex-bureau-exchange-rate-pound-sterling-gbp.m,monthly,Forex Bureau Exchange Rate,Pound Sterling (GBP),2007-05,1.87,1.87,ok,,
fx.forex-bureau-exchange-rate-pound-sterling-gbp.m,monthly,Forex Bureau Exchange Rate,Pound Sterling (GBP),2007-06,1.87,1.87,ok,,
fx.forex-bureau-exchange-rate-pound-sterling-gbp.m,monthly,Forex Bureau Exchange Rate,Pound Sterling (GBP),2007-07,1.88,1.88,ok,,
fx.forex-bureau-exchange-rate-pound-sterling-gbp.m,monthly,Forex Bureau Exchange Rate,Pound Sterling (GBP),2007-08,1.89,1.89,ok,,
fx.forex-bureau-exchange-rate-pound-sterling-gbp.m,monthly,Forex Bureau Exchange Rate,Pound Sterling (GBP),2007-09,1.9,1.9,ok,,
fx.forex-bureau-exchange-rate-pound-sterling-gbp.m,monthly,Forex Bureau Exchange Rate,Pound Sterling (GBP),2007-10,1.95,1.95,ok,,
fx.forex-bureau-exchange-rate-pound-sterling-gbp.m,monthly,Forex Bureau Exchange Rate,Pound Sterling (GBP),2007-11,2.02,2.02,ok,,
fx.forex-bureau-exchange-rate-pound-sterling-gbp.m,monthly,Forex Bureau Exchange Rate,Pound Sterling (GBP),2007-12,2.01,2.01,ok,,
fx.forex-bureau-exchange-rate-pound-sterling-gbp.m,monthly,Forex Bureau Exchange Rate,Pound Sterling (GBP),2008-01,1.94,1.94,ok,,
fx.forex-bureau-exchange-rate-pound-sterling-gbp.m,monthly,Forex Bureau Exchange Rate,Pound Sterling (GBP),2008-02,1.93,1.93,ok,,
fx.forex-bureau-exchange-rate-pound-sterling-gbp.m,monthly,Forex Bureau Exchange Rate,Pound Sterling (GBP),2008-03,1.96,1.96,ok,,
fx.forex-bureau-exchange-rate-pound-sterling-gbp.m,monthly,Forex Bureau Exchange Rate,Pound Sterling (GBP),2008-04,1.96,1.96,ok,,
fx.forex-bureau-exchange-rate-pound-sterling-gbp.m,monthly,Forex Bureau Exchange Rate,Pound Sterling (GBP),2008-05,1.97,1.97,ok,,
fx.forex-bureau-exchange-rate-pound-sterling-gbp.m,monthly,Forex Bureau Exchange Rate,Pound Sterling (GBP),2008-06,2.02,2.02,ok,,
fx.forex-bureau-exchange-rate-pound-sterling-gbp.m,monthly,Forex Bureau Exchange Rate,Pound Sterling (GBP),2008-07,2.09,2.09,ok,,
fx.forex-bureau-exchange-rate-pound-sterling-gbp.m,monthly,Forex Bureau Exchange Rate,Pound Sterling (GBP),2008-08,2.12,2.12,ok,,
fx.forex-bureau-exchange-rate-pound-sterling-gbp.m,monthly,Forex Bureau Exchange Rate,Pound Sterling (GBP),2008-09,2.1,2.1,ok,,
fx.forex-bureau-exchange-rate-pound-sterling-gbp.m,monthly,Forex Bureau Exchange Rate,Pound Sterling (GBP),2008-10,2.03,2.03,ok,,
fx.forex-bureau-exchange-rate-pound-sterling-gbp.m,monthly,Forex Bureau Exchange Rate,Pound Sterling (GBP),2008-11,1.9,1.9,ok,,
fx.forex-bureau-exchange-rate-pound-sterling-gbp.m,monthly,Forex Bureau Exchange Rate,Pound Sterling (GBP),2008-12,1.85,1.85,ok,,
fx.forex-bureau-exchange-rate-pound-sterling-gbp.m,monthly,Forex Bureau Exchange Rate,Pound Sterling (GBP),2009-01,1.89,1.89,ok,,
fx.forex-bureau-exchange-rate-pound-sterling-gbp.m,monthly,Forex Bureau Exchange Rate,Pound Sterling (GBP),2009-02,1.92,1.92,ok,,
fx.forex-bureau-exchange-rate-pound-sterling-gbp.m,monthly,Forex Bureau Exchange Rate,Pound Sterling (GBP),2009-03,1.98,1.98,ok,,
fx.forex-bureau-exchange-rate-pound-sterling-gbp.m,monthly,Forex Bureau Exchange Rate,Pound Sterling (GBP),2009-04,2.03,2.03,ok,,
fx.forex-bureau-exchange-rate-pound-sterling-gbp.m,monthly,Forex Bureau Exchange Rate,Pound Sterling (GBP),2009-05,2.15,2.15,ok,,
fx.forex-bureau-exchange-rate-pound-sterling-gbp.m,monthly,Forex Bureau Exchange Rate,Pound Sterling (GBP),2009-06,2.34,2.34,ok,,
fx.forex-bureau-exchange-rate-pound-sterling-gbp.m,monthly,Forex Bureau Exchange Rate,Pound Sterling (GBP),2009-07,2.38,2.38,ok,,
fx.forex-bureau-exchange-rate-pound-sterling-gbp.m,monthly,Forex Bureau Exchange Rate,Pound Sterling (GBP),2009-08,2.42,2.42,ok,,
fx.forex-bureau-exchange-rate-pound-sterling-gbp.m,monthly,Forex Bureau Exchange Rate,Pound Sterling (GBP),2009-09,2.4,2.4,ok,,
fx.forex-bureau-exchange-rate-pound-sterling-gbp.m,monthly,Forex Bureau Exchange Rate,Pound Sterling (GBP),2009-10,2.37,2.37,ok,,
fx.forex-bureau-exchange-rate-pound-sterling-gbp.m,monthly,Forex Bureau Exchange Rate,Pound Sterling (GBP),2009-11,2.38,2.38,ok,,
fx.forex-bureau-exchange-rate-pound-sterling-gbp.m,monthly,Forex Bureau Exchange Rate,Pound Sterling (GBP),2009-12,2.37,2.37,ok,,
fx.forex-bureau-exchange-rate-pound-sterling-gbp.m,monthly,Forex Bureau Exchange Rate,Pound Sterling (GBP),2010-01,2.33,2.33,ok,,
fx.forex-bureau-exchange-rate-pound-sterling-gbp.m,monthly,Forex Bureau Exchange Rate,Pound Sterling (GBP),2010-02,2.28,2.28,ok,,
fx.forex-bureau-exchange-rate-pound-sterling-gbp.m,monthly,Forex Bureau Exchange Rate,Pound Sterling (GBP),2010-03,2.21,2.21,ok,,
fx.forex-bureau-exchange-rate-pound-sterling-gbp.m,monthly,Forex Bureau Exchange Rate,Pound Sterling (GBP),2010-04,2.18,2.18,ok,,
fx.forex-bureau-exchange-rate-pound-sterling-gbp.m,monthly,Forex Bureau Exchange Rate,Pound Sterling (GBP),2010-05,2.13,2.13,ok,,
fx.forex-bureau-exchange-rate-pound-sterling-gbp.m,monthly,Forex Bureau Exchange Rate,Pound Sterling (GBP),2010-06,2.08,2.08,ok,,
fx.forex-bureau-exchange-rate-pound-sterling-gbp.m,monthly,Forex Bureau Exchange Rate,Pound Sterling (GBP),2010-07,2.17,2.17,ok,,
fx.forex-bureau-exchange-rate-pound-sterling-gbp.m,monthly,Forex Bureau Exchange Rate,Pound Sterling (GBP),2010-08,2.24,2.24,ok,,
fx.forex-bureau-exchange-rate-pound-sterling-gbp.m,monthly,Forex Bureau Exchange Rate,Pound Sterling (GBP),2010-09,2.22,2.22,ok,,
fx.forex-bureau-exchange-rate-pound-sterling-gbp.m,monthly,Forex Bureau Exchange Rate,Pound Sterling (GBP),2010-10,2.25,2.25,ok,,
fx.forex-bureau-exchange-rate-pound-sterling-gbp.m,monthly,Forex Bureau Exchange Rate,Pound Sterling (GBP),2010-11,2.28,2.28,ok,,
fx.forex-bureau-exchange-rate-pound-sterling-gbp.m,monthly,Forex Bureau Exchange Rate,Pound Sterling (GBP),2010-12,2.27,2.27,ok,,
fx.forex-bureau-exchange-rate-pound-sterling-gbp.m,monthly,Forex Bureau Exchange Rate,Pound Sterling (GBP),2011-01,2.3,2.3,ok,,
fx.forex-bureau-exchange-rate-pound-sterling-gbp.m,monthly,Forex Bureau Exchange Rate,Pound Sterling (GBP),2011-02,2.37,2.37,ok,,
fx.forex-bureau-exchange-rate-pound-sterling-gbp.m,monthly,Forex Bureau Exchange Rate,Pound Sterling (GBP),2011-03,2.4,2.4,ok,,
fx.forex-bureau-exchange-rate-pound-sterling-gbp.m,monthly,Forex Bureau Exchange Rate,Pound Sterling (GBP),2011-04,2.43,2.43,ok,,
fx.forex-bureau-exchange-rate-pound-sterling-gbp.m,monthly,Forex Bureau Exchange Rate,Pound Sterling (GBP),2011-05,2.44,2.44,ok,,
fx.forex-bureau-exchange-rate-pound-sterling-gbp.m,monthly,Forex Bureau Exchange Rate,Pound Sterling (GBP),2011-06,2.4,2.4,ok,,
fx.forex-bureau-exchange-rate-pound-sterling-gbp.m,monthly,Forex Bureau Exchange Rate,Pound Sterling (GBP),2011-07,2.43,2.43,ok,,
fx.forex-bureau-exchange-rate-pound-sterling-gbp.m,monthly,Forex Bureau Exchange Rate,Pound Sterling (GBP),2011-08,2.41,2.41,ok,,
fx.forex-bureau-exchange-rate-pound-sterling-gbp.m,monthly,Forex Bureau Exchange Rate,Pound Sterling (GBP),2011-09,2.45,2.45,ok,,
fx.forex-bureau-exchange-rate-pound-sterling-gbp.m,monthly,Forex Bureau Exchange Rate,Pound Sterling (GBP),2011-10,2.48,2.48,ok,,
fx.forex-bureau-exchange-rate-pound-sterling-gbp.m,monthly,Forex Bureau Exchange Rate,Pound Sterling (GBP),2011-11,2.5,2.5,ok,,
fx.forex-bureau-exchange-rate-pound-sterling-gbp.m,monthly,Forex Bureau Exchange Rate,Pound Sterling (GBP),2011-12,2.54,2.54,ok,,
fx.forex-bureau-exchange-rate-pound-sterling-gbp.m,monthly,Forex Bureau Exchange Rate,Pound Sterling (GBP),2012-01,2.6,2.6,ok,,
fx.forex-bureau-exchange-rate-pound-sterling-gbp.m,monthly,Forex Bureau Exchange Rate,Pound Sterling (GBP),2012-02,2.62,2.62,ok,,
fx.forex-bureau-exchange-rate-pound-sterling-gbp.m,monthly,Forex Bureau Exchange Rate,Pound Sterling (GBP),2012-03,2.71,2.71,ok,,
fx.forex-bureau-exchange-rate-pound-sterling-gbp.m,monthly,Forex Bureau Exchange Rate,Pound Sterling (GBP),2012-04,2.85,2.85,ok,,
fx.forex-bureau-exchange-rate-pound-sterling-gbp.m,monthly,Forex Bureau Exchange Rate,Pound Sterling (GBP),2012-05,3.01,3.01,ok,,
fx.forex-bureau-exchange-rate-pound-sterling-gbp.m,monthly,Forex Bureau Exchange Rate,Pound Sterling (GBP),2012-06,2.99,2.99,ok,,
fx.forex-bureau-exchange-rate-pound-sterling-gbp.m,monthly,Forex Bureau Exchange Rate,Pound Sterling (GBP),2012-07,3.09,3.09,ok,,
fx.forex-bureau-exchange-rate-pound-sterling-gbp.m,monthly,Forex Bureau Exchange Rate,Pound Sterling (GBP),2012-08,3.15,3.15,ok,,
fx.forex-bureau-exchange-rate-pound-sterling-gbp.m,monthly,Forex Bureau Exchange Rate,Pound Sterling (GBP),2012-09,3.18,3.18,ok,,
fx.forex-bureau-exchange-rate-pound-sterling-gbp.m,monthly,Forex Bureau Exchange Rate,Pound Sterling (GBP),2012-10,3.08,3.08,ok,,
fx.forex-bureau-exchange-rate-pound-sterling-gbp.m,monthly,Forex Bureau Exchange Rate,Pound Sterling (GBP),2012-11,3.06,3.06,ok,,
fx.forex-bureau-exchange-rate-pound-sterling-gbp.m,monthly,Forex Bureau Exchange Rate,Pound Sterling (GBP),2012-12,3.09,3.09,ok,,
fx.forex-bureau-exchange-rate-pound-sterling-gbp.m,monthly,Forex Bureau Exchange Rate,Pound Sterling (GBP),2013-01,3.1,3.1,ok,,
fx.forex-bureau-exchange-rate-pound-sterling-gbp.m,monthly,Forex Bureau Exchange Rate,Pound Sterling (GBP),2013-02,3.03,3.03,ok,,
fx.forex-bureau-exchange-rate-pound-sterling-gbp.m,monthly,Forex Bureau Exchange Rate,Pound Sterling (GBP),2013-03,2.92,2.92,ok,,
fx.forex-bureau-exchange-rate-pound-sterling-gbp.m,monthly,Forex Bureau Exchange Rate,Pound Sterling (GBP),2013-04,2.97,2.97,ok,,
fx.forex-bureau-exchange-rate-pound-sterling-gbp.m,monthly,Forex Bureau Exchange Rate,Pound Sterling (GBP),2013-05,3.05,3.05,ok,,
fx.forex-bureau-exchange-rate-pound-sterling-gbp.m,monthly,Forex Bureau Exchange Rate,Pound Sterling (GBP),2013-06,3.12,3.12,ok,,
fx.forex-bureau-exchange-rate-pound-sterling-gbp.m,monthly,Forex Bureau Exchange Rate,Pound Sterling (GBP),2013-07,3.17,3.17,ok,,
fx.forex-bureau-exchange-rate-pound-sterling-gbp.m,monthly,Forex Bureau Exchange Rate,Pound Sterling (GBP),2013-08,3.22,3.22,ok,,
fx.forex-bureau-exchange-rate-pound-sterling-gbp.m,monthly,Forex Bureau Exchange Rate,Pound Sterling (GBP),2013-09,3.32,3.32,ok,,
fx.forex-bureau-exchange-rate-pound-sterling-gbp.m,monthly,Forex Bureau Exchange Rate,Pound Sterling (GBP),2013-10,3.47,3.47,ok,,
fx.forex-bureau-exchange-rate-pound-sterling-gbp.m,monthly,Forex Bureau Exchange Rate,Pound Sterling (GBP),2013-11,3.6,3.6,ok,,
fx.forex-bureau-exchange-rate-pound-sterling-gbp.m,monthly,Forex Bureau Exchange Rate,Pound Sterling (GBP),2013-12,3.66,3.66,ok,,
fx.forex-bureau-exchange-rate-pound-sterling-gbp.m,monthly,Forex Bureau Exchange Rate,Pound Sterling (GBP),2014-01,3.86,3.86,ok,,
fx.forex-bureau-exchange-rate-pound-sterling-gbp.m,monthly,Forex Bureau Exchange Rate,Pound Sterling (GBP),2014-02,4.15,4.15,ok,,
fx.forex-bureau-exchange-rate-pound-sterling-gbp.m,monthly,Forex Bureau Exchange Rate,Pound Sterling (GBP),2014-03,4.31,4.31,ok,,
fx.forex-bureau-exchange-rate-pound-sterling-gbp.m,monthly,Forex Bureau Exchange Rate,Pound Sterling (GBP),2014-04,4.58,4.58,ok,,
fx.forex-bureau-exchange-rate-pound-sterling-gbp.m,monthly,Forex Bureau Exchange Rate,Pound Sterling (GBP),2014-05,4.96,4.96,ok,,
fx.forex-bureau-exchange-rate-pound-sterling-gbp.m,monthly,Forex Bureau Exchange Rate,Pound Sterling (GBP),2014-06,5.18,5.18,ok,,
fx.forex-bureau-exchange-rate-pound-sterling-gbp.m,monthly,Forex Bureau Exchange Rate,Pound Sterling (GBP),2014-07,5.8,5.8,ok,,
fx.forex-bureau-exchange-rate-pound-sterling-gbp.m,monthly,Forex Bureau Exchange Rate,Pound Sterling (GBP),2014-08,6.23,6.23,ok,,
fx.forex-bureau-exchange-rate-pound-sterling-gbp.m,monthly,Forex Bureau Exchange Rate,Pound Sterling (GBP),2014-09,5.7,5.7,ok,,
fx.forex-bureau-exchange-rate-pound-sterling-gbp.m,monthly,Forex Bureau Exchange Rate,Pound Sterling (GBP),2014-10,5.14,5.14,ok,,
fx.forex-bureau-exchange-rate-pound-sterling-gbp.m,monthly,Forex Bureau Exchange Rate,Pound Sterling (GBP),2014-11,5.07,5.07,ok,,
fx.forex-bureau-exchange-rate-pound-sterling-gbp.m,monthly,Forex Bureau Exchange Rate,Pound Sterling (GBP),2014-12,5.01,5.01,ok,,
fx.forex-bureau-exchange-rate-pound-sterling-gbp.m,monthly,Forex Bureau Exchange Rate,Pound Sterling (GBP),2015-01,4.98,4.98,ok,,
fx.forex-bureau-exchange-rate-pound-sterling-gbp.m,monthly,Forex Bureau Exchange Rate,Pound Sterling (GBP),2015-02,5.15,5.15,ok,,
fx.forex-bureau-exchange-rate-pound-sterling-gbp.m,monthly,Forex Bureau Exchange Rate,Pound Sterling (GBP),2015-03,5.35,5.35,ok,,
fx.forex-bureau-exchange-rate-pound-sterling-gbp.m,monthly,Forex Bureau Exchange Rate,Pound Sterling (GBP),2015-04,5.61,5.61,ok,,
fx.forex-bureau-exchange-rate-pound-sterling-gbp.m,monthly,Forex Bureau Exchange Rate,Pound Sterling (GBP),2015-05,5.99,5.99,ok,,
fx.forex-bureau-exchange-rate-pound-sterling-gbp.m,monthly,Forex Bureau Exchange Rate,Pound Sterling (GBP),2015-06,6.37,6.37,ok,,
fx.forex-bureau-exchange-rate-pound-sterling-gbp.m,monthly,Forex Bureau Exchange Rate,Pound Sterling (GBP),2015-07,5.6,5.6,ok,,
fx.forex-bureau-exchange-rate-pound-sterling-gbp.m,monthly,Forex Bureau Exchange Rate,Pound Sterling (GBP),2015-08,6.09,6.09,ok,,
fx.forex-bureau-exchange-rate-pound-sterling-gbp.m,monthly,Forex Bureau Exchange Rate,Pound Sterling (GBP),2015-09,5.77,5.77,ok,,
fx.forex-bureau-exchange-rate-pound-sterling-gbp.m,monthly,Forex Bureau Exchange Rate,Pound Sterling (GBP),2015-10,5.76,5.76,ok,,
fx.forex-bureau-exchange-rate-pound-sterling-gbp.m,monthly,Forex Bureau Exchange Rate,Pound Sterling (GBP),2015-11,5.8,5.8,ok,,
fx.forex-bureau-exchange-rate-pound-sterling-gbp.m,monthly,Forex Bureau Exchange Rate,Pound Sterling (GBP),2015-12,5.73,5.73,ok,,
fx.forex-bureau-exchange-rate-pound-sterling-gbp.m,monthly,Forex Bureau Exchange Rate,Pound Sterling (GBP),2016-01,5.66,5.66,ok,,
fx.forex-bureau-exchange-rate-pound-sterling-gbp.m,monthly,Forex Bureau Exchange Rate,Pound Sterling (GBP),2016-02,5.64,5.64,ok,,
fx.forex-bureau-exchange-rate-pound-sterling-gbp.m,monthly,Forex Bureau Exchange Rate,Pound Sterling (GBP),2016-03,5.41,5.41,ok,,
fx.forex-bureau-exchange-rate-pound-sterling-gbp.m,monthly,Forex Bureau Exchange Rate,Pound Sterling (GBP),2016-04,5.4,5.4,ok,,
fx.forex-bureau-exchange-rate-pound-sterling-gbp.m,monthly,Forex Bureau Exchange Rate,Pound Sterling (GBP),2016-05,5.47,5.47,ok,,
fx.forex-bureau-exchange-rate-pound-sterling-gbp.m,monthly,Forex Bureau Exchange Rate,Pound Sterling (GBP),2016-06,5.55,5.55,ok,,
fx.forex-bureau-exchange-rate-pound-sterling-gbp.m,monthly,Forex Bureau Exchange Rate,Pound Sterling (GBP),2016-07,5.29,5.29,ok,,
fx.forex-bureau-exchange-rate-pound-sterling-gbp.m,monthly,Forex Bureau Exchange Rate,Pound Sterling (GBP),2016-08,5.16,5.16,ok,,
fx.forex-bureau-exchange-rate-pound-sterling-gbp.m,monthly,Forex Bureau Exchange Rate,Pound Sterling (GBP),2016-09,5.19,5.19,ok,,
fx.forex-bureau-exchange-rate-pound-sterling-gbp.m,monthly,Forex Bureau Exchange Rate,Pound Sterling (GBP),2016-10,4.97,4.97,ok,,
fx.forex-bureau-exchange-rate-pound-sterling-gbp.m,monthly,Forex Bureau Exchange Rate,Pound Sterling (GBP),2016-11,4.99,4.99,ok,,
fx.forex-bureau-exchange-rate-pound-sterling-gbp.m,monthly,Forex Bureau Exchange Rate,Pound Sterling (GBP),2016-12,5.22,5.22,ok,,
fx.forex-bureau-exchange-rate-pound-sterling-gbp.m,monthly,Forex Bureau Exchange Rate,Pound Sterling (GBP),2017-01,5.25,5.25,ok,,
fx.forex-bureau-exchange-rate-pound-sterling-gbp.m,monthly,Forex Bureau Exchange Rate,Pound Sterling (GBP),2017-02,5.41,5.41,ok,,
fx.forex-bureau-exchange-rate-pound-sterling-gbp.m,monthly,Forex Bureau Exchange Rate,Pound Sterling (GBP),2017-03,5.53,5.53,ok,,
fx.forex-bureau-exchange-rate-pound-sterling-gbp.m,monthly,Forex Bureau Exchange Rate,Pound Sterling (GBP),2017-04,5.34,5.34,ok,,
fx.forex-bureau-exchange-rate-pound-sterling-gbp.m,monthly,Forex Bureau Exchange Rate,Pound Sterling (GBP),2017-05,5.56,5.56,ok,,
fx.forex-bureau-exchange-rate-pound-sterling-gbp.m,monthly,Forex Bureau Exchange Rate,Pound Sterling (GBP),2017-06,5.58,5.58,ok,,
fx.forex-bureau-exchange-rate-pound-sterling-gbp.m,monthly,Forex Bureau Exchange Rate,Pound Sterling (GBP),2017-07,5.68,5.68,ok,,
fx.forex-bureau-exchange-rate-pound-sterling-gbp.m,monthly,Forex Bureau Exchange Rate,Pound Sterling (GBP),2017-08,5.72,5.72,ok,,
fx.forex-bureau-exchange-rate-pound-sterling-gbp.m,monthly,Forex Bureau Exchange Rate,Pound Sterling (GBP),2017-09,5.85,5.85,ok,,
fx.forex-bureau-exchange-rate-pound-sterling-gbp.m,monthly,Forex Bureau Exchange Rate,Pound Sterling (GBP),2017-10,5.82,5.82,ok,,
fx.forex-bureau-exchange-rate-pound-sterling-gbp.m,monthly,Forex Bureau Exchange Rate,Pound Sterling (GBP),2017-11,5.94,5.94,ok,,
fx.forex-bureau-exchange-rate-pound-sterling-gbp.m,monthly,Forex Bureau Exchange Rate,Pound Sterling (GBP),2017-12,6.03,6.03,ok,,
fx.forex-bureau-exchange-rate-pound-sterling-gbp.m,monthly,Forex Bureau Exchange Rate,Pound Sterling (GBP),2018-01,6.15,6.15,ok,,
fx.forex-bureau-exchange-rate-pound-sterling-gbp.m,monthly,Forex Bureau Exchange Rate,Pound Sterling (GBP),2018-02,6.26,6.26,ok,,
fx.forex-bureau-exchange-rate-pound-sterling-gbp.m,monthly,Forex Bureau Exchange Rate,Pound Sterling (GBP),2018-03,6.17,6.17,ok,,
fx.forex-bureau-exchange-rate-pound-sterling-gbp.m,monthly,Forex Bureau Exchange Rate,Pound Sterling (GBP),2018-04,6.22,6.22,ok,,
fx.forex-bureau-exchange-rate-pound-sterling-gbp.m,monthly,Forex Bureau Exchange Rate,Pound Sterling (GBP),2018-05,6.14,6.14,ok,,
fx.forex-bureau-exchange-rate-pound-sterling-gbp.m,monthly,Forex Bureau Exchange Rate,Pound Sterling (GBP),2018-06,6.18,6.18,ok,,
fx.forex-bureau-exchange-rate-pound-sterling-gbp.m,monthly,Forex Bureau Exchange Rate,Pound Sterling (GBP),2018-07,6.24,6.24,ok,,
fx.forex-bureau-exchange-rate-pound-sterling-gbp.m,monthly,Forex Bureau Exchange Rate,Pound Sterling (GBP),2018-08,6.15,6.15,ok,,
fx.forex-bureau-exchange-rate-pound-sterling-gbp.m,monthly,Forex Bureau Exchange Rate,Pound Sterling (GBP),2018-09,6.29,6.29,ok,,
fx.forex-bureau-exchange-rate-pound-sterling-gbp.m,monthly,Forex Bureau Exchange Rate,Pound Sterling (GBP),2018-10,6.32,6.32,ok,,
fx.forex-bureau-exchange-rate-pound-sterling-gbp.m,monthly,Forex Bureau Exchange Rate,Pound Sterling (GBP),2018-11,6.24,6.24,ok,,
fx.forex-bureau-exchange-rate-pound-sterling-gbp.m,monthly,Forex Bureau Exchange Rate,Pound Sterling (GBP),2018-12,6.24,6.24,ok,,
fx.forex-bureau-exchange-rate-pound-sterling-gbp.m,monthly,Forex Bureau Exchange Rate,Pound Sterling (GBP),2019-01,6.31,6.31,ok,,
fx.forex-bureau-exchange-rate-pound-sterling-gbp.m,monthly,Forex Bureau Exchange Rate,Pound Sterling (GBP),2019-02,6.56,6.56,ok,,
fx.forex-bureau-exchange-rate-pound-sterling-gbp.m,monthly,Forex Bureau Exchange Rate,Pound Sterling (GBP),2019-03,6.96,6.96,ok,,
fx.forex-bureau-exchange-rate-pound-sterling-gbp.m,monthly,Forex Bureau Exchange Rate,Pound Sterling (GBP),2019-04,6.8,6.8,ok,,
fx.forex-bureau-exchange-rate-pound-sterling-gbp.m,monthly,Forex Bureau Exchange Rate,Pound Sterling (GBP),2019-05,6.72,6.72,ok,,
fx.forex-bureau-exchange-rate-pound-sterling-gbp.m,monthly,Forex Bureau Exchange Rate,Pound Sterling (GBP),2019-06,6.77,6.77,ok,,
fx.forex-bureau-exchange-rate-pound-sterling-gbp.m,monthly,Forex Bureau Exchange Rate,Pound Sterling (GBP),2019-07,6.75,6.75,ok,,
fx.forex-bureau-exchange-rate-pound-sterling-gbp.m,monthly,Forex Bureau Exchange Rate,Pound Sterling (GBP),2019-08,6.56,6.56,ok,,
fx.forex-bureau-exchange-rate-pound-sterling-gbp.m,monthly,Forex Bureau Exchange Rate,Pound Sterling (GBP),2019-09,6.72,6.72,ok,,
fx.forex-bureau-exchange-rate-pound-sterling-gbp.m,monthly,Forex Bureau Exchange Rate,Pound Sterling (GBP),2019-10,6.8,6.8,ok,,
fx.forex-bureau-exchange-rate-pound-sterling-gbp.m,monthly,Forex Bureau Exchange Rate,Pound Sterling (GBP),2019-11,7.09,7.09,ok,,
fx.forex-bureau-exchange-rate-pound-sterling-gbp.m,monthly,Forex Bureau Exchange Rate,Pound Sterling (GBP),2019-12,7.4,7.4,ok,,
fx.forex-bureau-exchange-rate-pound-sterling-gbp.m,monthly,Forex Bureau Exchange Rate,Pound Sterling (GBP),2020-01,7.36,7.36,ok,,
fx.forex-bureau-exchange-rate-pound-sterling-gbp.m,monthly,Forex Bureau Exchange Rate,Pound Sterling (GBP),2020-02,7,7,ok,,
fx.forex-bureau-exchange-rate-pound-sterling-gbp.m,monthly,Forex Bureau Exchange Rate,Pound Sterling (GBP),2020-03,6.89,6.89,ok,,
fx.forex-bureau-exchange-rate-pound-sterling-gbp.m,monthly,Forex Bureau Exchange Rate,Pound Sterling (GBP),2020-04,6.85,6.85,ok,,
fx.forex-bureau-exchange-rate-pound-sterling-gbp.m,monthly,Forex Bureau Exchange Rate,Pound Sterling (GBP),2020-05,7,7,ok,,
fx.forex-bureau-exchange-rate-pound-sterling-gbp.m,monthly,Forex Bureau Exchange Rate,Pound Sterling (GBP),2020-06,7.18,7.18,ok,,
fx.forex-bureau-exchange-rate-pound-sterling-gbp.m,monthly,Forex Bureau Exchange Rate,Pound Sterling (GBP),2020-07,7.22,7.22,ok,,
fx.forex-bureau-exchange-rate-pound-sterling-gbp.m,monthly,Forex Bureau Exchange Rate,Pound Sterling (GBP),2020-08,7.45,7.45,ok,,
fx.forex-bureau-exchange-rate-pound-sterling-gbp.m,monthly,Forex Bureau Exchange Rate,Pound Sterling (GBP),2020-09,7.52,7.52,ok,,
fx.forex-bureau-exchange-rate-pound-sterling-gbp.m,monthly,Forex Bureau Exchange Rate,Pound Sterling (GBP),2020-10,7.49,7.49,ok,,
fx.forex-bureau-exchange-rate-pound-sterling-gbp.m,monthly,Forex Bureau Exchange Rate,Pound Sterling (GBP),2020-11,7.66,7.66,ok,,
fx.forex-bureau-exchange-rate-pound-sterling-gbp.m,monthly,Forex Bureau Exchange Rate,Pound Sterling (GBP),2020-12,7.83,7.83,ok,,
fx.forex-bureau-exchange-rate-pound-sterling-gbp.m,monthly,Forex Bureau Exchange Rate,Pound Sterling (GBP),2021-01,7.9,7.9,ok,,
fx.forex-bureau-exchange-rate-pound-sterling-gbp.m,monthly,Forex Bureau Exchange Rate,Pound Sterling (GBP),2021-02,7.92,7.92,ok,,
fx.forex-bureau-exchange-rate-pound-sterling-gbp.m,monthly,Forex Bureau Exchange Rate,Pound Sterling (GBP),2021-03,7.89,7.89,ok,,
fx.forex-bureau-exchange-rate-pound-sterling-gbp.m,monthly,Forex Bureau Exchange Rate,Pound Sterling (GBP),2021-04,7.9,7.9,ok,,
fx.forex-bureau-exchange-rate-pound-sterling-gbp.m,monthly,Forex Bureau Exchange Rate,Pound Sterling (GBP),2021-05,8.03,8.03,ok,,
fx.forex-bureau-exchange-rate-pound-sterling-gbp.m,monthly,Forex Bureau Exchange Rate,Pound Sterling (GBP),2021-06,8.13,8.13,ok,,
fx.forex-bureau-exchange-rate-pound-sterling-gbp.m,monthly,Forex Bureau Exchange Rate,Pound Sterling (GBP),2021-07,8.14,8.14,ok,,
fx.forex-bureau-exchange-rate-pound-sterling-gbp.m,monthly,Forex Bureau Exchange Rate,Pound Sterling (GBP),2021-08,8.23,8.23,ok,,
fx.forex-bureau-exchange-rate-pound-sterling-gbp.m,monthly,Forex Bureau Exchange Rate,Pound Sterling (GBP),2021-09,8.27,8.27,ok,,
fx.forex-bureau-exchange-rate-pound-sterling-gbp.m,monthly,Forex Bureau Exchange Rate,Pound Sterling (GBP),2021-10,8.26,8.26,ok,,
fx.forex-bureau-exchange-rate-pound-sterling-gbp.m,monthly,Forex Bureau Exchange Rate,Pound Sterling (GBP),2021-11,8.45,8.45,ok,,
fx.forex-bureau-exchange-rate-pound-sterling-gbp.m,monthly,Forex Bureau Exchange Rate,Pound Sterling (GBP),2021-12,8.44,8.44,ok,,
fx.forex-bureau-exchange-rate-pound-sterling-gbp.m,monthly,Forex Bureau Exchange Rate,Pound Sterling (GBP),2022-01,8.57,8.57,ok,,
fx.forex-bureau-exchange-rate-pound-sterling-gbp.m,monthly,Forex Bureau Exchange Rate,Pound Sterling (GBP),2022-02,9.05,9.05,ok,,
fx.forex-bureau-exchange-rate-pound-sterling-gbp.m,monthly,Forex Bureau Exchange Rate,Pound Sterling (GBP),2022-03,9.98,9.98,ok,,
fx.forex-bureau-exchange-rate-pound-sterling-gbp.m,monthly,Forex Bureau Exchange Rate,Pound Sterling (GBP),2022-04,9.78,9.78,ok,,
fx.forex-bureau-exchange-rate-pound-sterling-gbp.m,monthly,Forex Bureau Exchange Rate,Pound Sterling (GBP),2022-05,9.67,9.67,ok,,
fx.forex-bureau-exchange-rate-pound-sterling-gbp.m,monthly,Forex Bureau Exchange Rate,Pound Sterling (GBP),2022-06,9.91,9.91,ok,,
fx.forex-bureau-exchange-rate-pound-sterling-gbp.m,monthly,Forex Bureau Exchange Rate,Pound Sterling (GBP),2022-07,9.9,9.9,ok,,
fx.forex-bureau-exchange-rate-pound-sterling-gbp.m,monthly,Forex Bureau Exchange Rate,Pound Sterling (GBP),2022-08,11.15,11.15,ok,,
fx.forex-bureau-exchange-rate-pound-sterling-gbp.m,monthly,Forex Bureau Exchange Rate,Pound Sterling (GBP),2022-09,11.4,11.4,ok,,
fx.forex-bureau-exchange-rate-pound-sterling-gbp.m,monthly,Forex Bureau Exchange Rate,Pound Sterling (GBP),2022-10,13.21,13.21,ok,,
fx.forex-bureau-exchange-rate-pound-sterling-gbp.m,monthly,Forex Bureau Exchange Rate,Pound Sterling (GBP),2022-11,16.13,16.13,ok,,
fx.forex-bureau-exchange-rate-pound-sterling-gbp.m,monthly,Forex Bureau Exchange Rate,Pound Sterling (GBP),2022-12,14.02,14.02,ok,,
fx.forex-bureau-exchange-rate-pound-sterling-gbp.m,monthly,Forex Bureau Exchange Rate,Pound Sterling (GBP),2023-01,14.69,14.69,ok,,
fx.forex-bureau-exchange-rate-pound-sterling-gbp.m,monthly,Forex Bureau Exchange Rate,Pound Sterling (GBP),2023-02,15.08,15.08,ok,,
fx.forex-bureau-exchange-rate-pound-sterling-gbp.m,monthly,Forex Bureau Exchange Rate,Pound Sterling (GBP),2023-03,14.94,14.94,ok,,
fx.forex-bureau-exchange-rate-pound-sterling-gbp.m,monthly,Forex Bureau Exchange Rate,Pound Sterling (GBP),2023-04,14.37,14.37,ok,,
fx.forex-bureau-exchange-rate-pound-sterling-gbp.m,monthly,Forex Bureau Exchange Rate,Pound Sterling (GBP),2023-05,14.43,14.43,ok,,
fx.forex-bureau-exchange-rate-pound-sterling-gbp.m,monthly,Forex Bureau Exchange Rate,Pound Sterling (GBP),2023-06,14.67,14.67,ok,,
fx.forex-bureau-exchange-rate-pound-sterling-gbp.m,monthly,Forex Bureau Exchange Rate,Pound Sterling (GBP),2023-07,14.99,14.99,ok,,
fx.forex-bureau-exchange-rate-pound-sterling-gbp.m,monthly,Forex Bureau Exchange Rate,Pound Sterling (GBP),2023-08,14.72,14.72,ok,,
fx.forex-bureau-exchange-rate-pound-sterling-gbp.m,monthly,Forex Bureau Exchange Rate,Pound Sterling (GBP),2023-09,14.62,14.62,ok,,
fx.forex-bureau-exchange-rate-pound-sterling-gbp.m,monthly,Forex Bureau Exchange Rate,Pound Sterling (GBP),2023-10,14.53,14.53,ok,,
fx.forex-bureau-exchange-rate-pound-sterling-gbp.m,monthly,Forex Bureau Exchange Rate,Pound Sterling (GBP),2023-11,14.82,14.82,ok,,
fx.forex-bureau-exchange-rate-pound-sterling-gbp.m,monthly,Forex Bureau Exchange Rate,Pound Sterling (GBP),2023-12,15.22,15.22,ok,,
fx.forex-bureau-exchange-rate-pound-sterling-gbp.m,monthly,Forex Bureau Exchange Rate,Pound Sterling (GBP),2024-01,15.37,15.37,ok,,
fx.forex-bureau-exchange-rate-pound-sterling-gbp.m,monthly,Forex Bureau Exchange Rate,Pound Sterling (GBP),2024-02,15.74,15.74,ok,,
fx.forex-bureau-exchange-rate-pound-sterling-gbp.m,monthly,Forex Bureau Exchange Rate,Pound Sterling (GBP),2024-03,16.49,16.49,ok,,
fx.forex-bureau-exchange-rate-pound-sterling-gbp.m,monthly,Forex Bureau Exchange Rate,Pound Sterling (GBP),2024-04,16.76,16.76,ok,,
fx.forex-bureau-exchange-rate-pound-sterling-gbp.m,monthly,Forex Bureau Exchange Rate,Pound Sterling (GBP),2024-05,18.32,18.32,ok,,
fx.forex-bureau-exchange-rate-pound-sterling-gbp.m,monthly,Forex Bureau Exchange Rate,Pound Sterling (GBP),2024-06,19.27,19.27,ok,,
fx.forex-bureau-exchange-rate-pound-sterling-gbp.m,monthly,Forex Bureau Exchange Rate,Pound Sterling (GBP),2024-07,19.87,19.87,ok,,
fx.forex-bureau-exchange-rate-pound-sterling-gbp.m,monthly,Forex Bureau Exchange Rate,Pound Sterling (GBP),2024-08,20.26,20.26,ok,,
fx.forex-bureau-exchange-rate-euro.m,monthly,Forex Bureau Exchange Rate,Euro,2000-01,0.2,0.2,ok,,
fx.forex-bureau-exchange-rate-euro.m,monthly,Forex Bureau Exchange Rate,Euro,2000-02,0.21,0.21,ok,,
fx.forex-bureau-exchange-rate-euro.m,monthly,Forex Bureau Exchange Rate,Euro,2000-03,0.22,0.22,ok,,
fx.forex-bureau-exchange-rate-euro.m,monthly,Forex Bureau Exchange Rate,Euro,2000-04,0.25,0.25,ok,,
fx.forex-bureau-exchange-rate-euro.m,monthly,Forex Bureau Exchange Rate,Euro,2000-05,0.25,0.25,ok,,
fx.forex-bureau-exchange-rate-euro.m,monthly,Forex Bureau Exchange Rate,Euro,2000-06,0.27,0.27,ok,,
fx.forex-bureau-exchange-rate-euro.m,monthly,Forex Bureau Exchange Rate,Euro,2000-07,0.31,0.31,ok,,
fx.forex-bureau-exchange-rate-euro.m,monthly,Forex Bureau Exchange Rate,Euro,2000-08,0.32,0.32,ok,,
fx.forex-bureau-exchange-rate-euro.m,monthly,Forex Bureau Exchange Rate,Euro,2000-09,0.32,0.32,ok,,
fx.forex-bureau-exchange-rate-euro.m,monthly,Forex Bureau Exchange Rate,Euro,2000-10,0.32,0.32,ok,,
fx.forex-bureau-exchange-rate-euro.m,monthly,Forex Bureau Exchange Rate,Euro,2000-11,0.32,0.32,ok,,
fx.forex-bureau-exchange-rate-euro.m,monthly,Forex Bureau Exchange Rate,Euro,2000-12,0.32,0.32,ok,,
fx.forex-bureau-exchange-rate-euro.m,monthly,Forex Bureau Exchange Rate,Euro,2001-01,0.33,0.33,ok,,
fx.forex-bureau-exchange-rate-euro.m,monthly,Forex Bureau Exchange Rate,Euro,2001-02,0.34,0.34,ok,,
fx.forex-bureau-exchange-rate-euro.m,monthly,Forex Bureau Exchange Rate,Euro,2001-03,0.34,0.34,ok,,
fx.forex-bureau-exchange-rate-euro.m,monthly,Forex Bureau Exchange Rate,Euro,2001-04,0.34,0.34,ok,,
fx.forex-bureau-exchange-rate-euro.m,monthly,Forex Bureau Exchange Rate,Euro,2001-05,0.34,0.34,ok,,
fx.forex-bureau-exchange-rate-euro.m,monthly,Forex Bureau Exchange Rate,Euro,2001-06,0.33,0.33,ok,,
fx.forex-bureau-exchange-rate-euro.m,monthly,Forex Bureau Exchange Rate,Euro,2001-07,0.31,0.31,ok,,
fx.forex-bureau-exchange-rate-euro.m,monthly,Forex Bureau Exchange Rate,Euro,2001-08,0.32,0.32,ok,,
fx.forex-bureau-exchange-rate-euro.m,monthly,Forex Bureau Exchange Rate,Euro,2001-09,0.33,0.33,ok,,
fx.forex-bureau-exchange-rate-euro.m,monthly,Forex Bureau Exchange Rate,Euro,2001-10,0.34,0.34,ok,,
fx.forex-bureau-exchange-rate-euro.m,monthly,Forex Bureau Exchange Rate,Euro,2001-11,0.34,0.34,ok,,
fx.forex-bureau-exchange-rate-euro.m,monthly,Forex Bureau Exchange Rate,Euro,2001-12,0.33,0.33,ok,,
fx.forex-bureau-exchange-rate-euro.m,monthly,Forex Bureau Exchange Rate,Euro,2002-01,0.66,0.66,ok,,
fx.forex-bureau-exchange-rate-euro.m,monthly,Forex Bureau Exchange Rate,Euro,2002-02,0.67,0.67,ok,,
fx.forex-bureau-exchange-rate-euro.m,monthly,Forex Bureau Exchange Rate,Euro,2002-03,0.67,0.67,ok,,
fx.forex-bureau-exchange-rate-euro.m,monthly,Forex Bureau Exchange Rate,Euro,2002-04,0.68,0.68,ok,,
fx.forex-bureau-exchange-rate-euro.m,monthly,Forex Bureau Exchange Rate,Euro,2002-05,0.71,0.71,ok,,
fx.forex-bureau-exchange-rate-euro.m,monthly,Forex Bureau Exchange Rate,Euro,2002-06,0.73,0.73,ok,,
fx.forex-bureau-exchange-rate-euro.m,monthly,Forex Bureau Exchange Rate,Euro,2002-07,0.8,0.8,ok,,
fx.forex-bureau-exchange-rate-euro.m,monthly,Forex Bureau Exchange Rate,Euro,2002-08,0.8,0.8,ok,,
fx.forex-bureau-exchange-rate-euro.m,monthly,Forex Bureau Exchange Rate,Euro,2002-09,0.8,0.8,ok,,
fx.forex-bureau-exchange-rate-euro.m,monthly,Forex Bureau Exchange Rate,Euro,2002-10,0.81,0.81,ok,,
fx.forex-bureau-exchange-rate-euro.m,monthly,Forex Bureau Exchange Rate,Euro,2002-11,0.83,0.83,ok,,
fx.forex-bureau-exchange-rate-euro.m,monthly,Forex Bureau Exchange Rate,Euro,2002-12,0.86,0.86,ok,,
fx.forex-bureau-exchange-rate-euro.m,monthly,Forex Bureau Exchange Rate,Euro,2003-01,0.88,0.88,ok,,
fx.forex-bureau-exchange-rate-euro.m,monthly,Forex Bureau Exchange Rate,Euro,2003-02,0.93,0.93,ok,,
fx.forex-bureau-exchange-rate-euro.m,monthly,Forex Bureau Exchange Rate,Euro,2003-03,0.93,0.93,ok,,
fx.forex-bureau-exchange-rate-euro.m,monthly,Forex Bureau Exchange Rate,Euro,2003-04,0.93,0.93,ok,,
fx.forex-bureau-exchange-rate-euro.m,monthly,Forex Bureau Exchange Rate,Euro,2003-05,0.97,0.97,ok,,
fx.forex-bureau-exchange-rate-euro.m,monthly,Forex Bureau Exchange Rate,Euro,2003-06,1.02,1.02,ok,,
fx.forex-bureau-exchange-rate-euro.m,monthly,Forex Bureau Exchange Rate,Euro,2003-07,1,1,ok,,
fx.forex-bureau-exchange-rate-euro.m,monthly,Forex Bureau Exchange Rate,Euro,2003-08,0.96,0.96,ok,,
fx.forex-bureau-exchange-rate-euro.m,monthly,Forex Bureau Exchange Rate,Euro,2003-09,0.98,0.98,ok,,
fx.forex-bureau-exchange-rate-euro.m,monthly,Forex Bureau Exchange Rate,Euro,2003-10,1.01,1.01,ok,,
fx.forex-bureau-exchange-rate-euro.m,monthly,Forex Bureau Exchange Rate,Euro,2003-11,1.06,1.06,ok,,
fx.forex-bureau-exchange-rate-euro.m,monthly,Forex Bureau Exchange Rate,Euro,2003-12,1.07,1.07,ok,,
fx.forex-bureau-exchange-rate-euro.m,monthly,Forex Bureau Exchange Rate,Euro,2004-01,1.15,1.15,ok,,
fx.forex-bureau-exchange-rate-euro.m,monthly,Forex Bureau Exchange Rate,Euro,2004-02,1.17,1.17,ok,,
fx.forex-bureau-exchange-rate-euro.m,monthly,Forex Bureau Exchange Rate,Euro,2004-03,1.13,1.13,ok,,
fx.forex-bureau-exchange-rate-euro.m,monthly,Forex Bureau Exchange Rate,Euro,2004-04,1.11,1.11,ok,,
fx.forex-bureau-exchange-rate-euro.m,monthly,Forex Bureau Exchange Rate,Euro,2004-05,1.1,1.1,ok,,
fx.forex-bureau-exchange-rate-euro.m,monthly,Forex Bureau Exchange Rate,Euro,2004-06,1.12,1.12,ok,,
fx.forex-bureau-exchange-rate-euro.m,monthly,Forex Bureau Exchange Rate,Euro,2004-07,1.13,1.13,ok,,
fx.forex-bureau-exchange-rate-euro.m,monthly,Forex Bureau Exchange Rate,Euro,2004-08,1.11,1.11,ok,,
fx.forex-bureau-exchange-rate-euro.m,monthly,Forex Bureau Exchange Rate,Euro,2004-09,1.11,1.11,ok,,
fx.forex-bureau-exchange-rate-euro.m,monthly,Forex Bureau Exchange Rate,Euro,2004-10,1.13,1.13,ok,,
fx.forex-bureau-exchange-rate-euro.m,monthly,Forex Bureau Exchange Rate,Euro,2004-11,1.18,1.18,ok,,
fx.forex-bureau-exchange-rate-euro.m,monthly,Forex Bureau Exchange Rate,Euro,2004-12,1.21,1.21,ok,,
fx.forex-bureau-exchange-rate-euro.m,monthly,Forex Bureau Exchange Rate,Euro,2005-01,1.21,1.21,ok,,
fx.forex-bureau-exchange-rate-euro.m,monthly,Forex Bureau Exchange Rate,Euro,2005-02,1.2,1.2,ok,,
fx.forex-bureau-exchange-rate-euro.m,monthly,Forex Bureau Exchange Rate,Euro,2005-03,1.21,1.21,ok,,
fx.forex-bureau-exchange-rate-euro.m,monthly,Forex Bureau Exchange Rate,Euro,2005-04,1.19,1.19,ok,,
fx.forex-bureau-exchange-rate-euro.m,monthly,Forex Bureau Exchange Rate,Euro,2005-05,1.17,1.17,ok,,
fx.forex-bureau-exchange-rate-euro.m,monthly,Forex Bureau Exchange Rate,Euro,2005-06,1.12,1.12,ok,,
fx.forex-bureau-exchange-rate-euro.m,monthly,Forex Bureau Exchange Rate,Euro,2005-07,1.09,1.09,ok,,
fx.forex-bureau-exchange-rate-euro.m,monthly,Forex Bureau Exchange Rate,Euro,2005-08,1.1,1.1,ok,,
fx.forex-bureau-exchange-rate-euro.m,monthly,Forex Bureau Exchange Rate,Euro,2005-09,1.11,1.11,ok,,
fx.forex-bureau-exchange-rate-euro.m,monthly,Forex Bureau Exchange Rate,Euro,2005-10,1.1,1.1,ok,,
fx.forex-bureau-exchange-rate-euro.m,monthly,Forex Bureau Exchange Rate,Euro,2005-11,1.1,1.1,ok,,
fx.forex-bureau-exchange-rate-euro.m,monthly,Forex Bureau Exchange Rate,Euro,2005-12,1.08,1.08,ok,,
fx.forex-bureau-exchange-rate-euro.m,monthly,Forex Bureau Exchange Rate,Euro,2006-01,1.1,1.1,ok,,
fx.forex-bureau-exchange-rate-euro.m,monthly,Forex Bureau Exchange Rate,Euro,2006-02,1.11,1.11,ok,,
fx.forex-bureau-exchange-rate-euro.m,monthly,Forex Bureau Exchange Rate,Euro,2006-03,1.11,1.11,ok,,
fx.forex-bureau-exchange-rate-euro.m,monthly,Forex Bureau Exchange Rate,Euro,2006-04,1.11,1.11,ok,,
fx.forex-bureau-exchange-rate-euro.m,monthly,Forex Bureau Exchange Rate,Euro,2006-05,1.15,1.15,ok,,
fx.forex-bureau-exchange-rate-euro.m,monthly,Forex Bureau Exchange Rate,Euro,2006-06,1.15,1.15,ok,,
fx.forex-bureau-exchange-rate-euro.m,monthly,Forex Bureau Exchange Rate,Euro,2006-07,1.17,1.17,ok,,
fx.forex-bureau-exchange-rate-euro.m,monthly,Forex Bureau Exchange Rate,Euro,2006-08,1.17,1.17,ok,,
fx.forex-bureau-exchange-rate-euro.m,monthly,Forex Bureau Exchange Rate,Euro,2006-09,1.18,1.18,ok,,
fx.forex-bureau-exchange-rate-euro.m,monthly,Forex Bureau Exchange Rate,Euro,2006-10,1.19,1.19,ok,,
fx.forex-bureau-exchange-rate-euro.m,monthly,Forex Bureau Exchange Rate,Euro,2006-11,1.19,1.19,ok,,
fx.forex-bureau-exchange-rate-euro.m,monthly,Forex Bureau Exchange Rate,Euro,2006-12,1.22,1.22,ok,,
fx.forex-bureau-exchange-rate-euro.m,monthly,Forex Bureau Exchange Rate,Euro,2007-01,1.22,1.22,ok,,
fx.forex-bureau-exchange-rate-euro.m,monthly,Forex Bureau Exchange Rate,Euro,2007-02,1.23,1.23,ok,,
fx.forex-bureau-exchange-rate-euro.m,monthly,Forex Bureau Exchange Rate,Euro,2007-03,1.23,1.23,ok,,
fx.forex-bureau-exchange-rate-euro.m,monthly,Forex Bureau Exchange Rate,Euro,2007-04,1.25,1.25,ok,,
fx.forex-bureau-exchange-rate-euro.m,monthly,Forex Bureau Exchange Rate,Euro,2007-05,1.27,1.27,ok,,
fx.forex-bureau-exchange-rate-euro.m,monthly,Forex Bureau Exchange Rate,Euro,2007-06,1.27,1.27,ok,,
fx.forex-bureau-exchange-rate-euro.m,monthly,Forex Bureau Exchange Rate,Euro,2007-07,1.27,1.27,ok,,
fx.forex-bureau-exchange-rate-euro.m,monthly,Forex Bureau Exchange Rate,Euro,2007-08,1.28,1.28,ok,,
fx.forex-bureau-exchange-rate-euro.m,monthly,Forex Bureau Exchange Rate,Euro,2007-09,1.28,1.28,ok,,
fx.forex-bureau-exchange-rate-euro.m,monthly,Forex Bureau Exchange Rate,Euro,2007-10,1.35,1.35,ok,,
fx.forex-bureau-exchange-rate-euro.m,monthly,Forex Bureau Exchange Rate,Euro,2007-11,1.42,1.42,ok,,
fx.forex-bureau-exchange-rate-euro.m,monthly,Forex Bureau Exchange Rate,Euro,2007-12,1.44,1.44,ok,,
fx.forex-bureau-exchange-rate-euro.m,monthly,Forex Bureau Exchange Rate,Euro,2008-01,1.43,1.43,ok,,
fx.forex-bureau-exchange-rate-euro.m,monthly,Forex Bureau Exchange Rate,Euro,2008-02,1.45,1.45,ok,,
fx.forex-bureau-exchange-rate-euro.m,monthly,Forex Bureau Exchange Rate,Euro,2008-03,1.52,1.52,ok,,
fx.forex-bureau-exchange-rate-euro.m,monthly,Forex Bureau Exchange Rate,Euro,2008-04,1.55,1.55,ok,,
fx.forex-bureau-exchange-rate-euro.m,monthly,Forex Bureau Exchange Rate,Euro,2008-05,1.57,1.57,ok,,
fx.forex-bureau-exchange-rate-euro.m,monthly,Forex Bureau Exchange Rate,Euro,2008-06,1.61,1.61,ok,,
fx.forex-bureau-exchange-rate-euro.m,monthly,Forex Bureau Exchange Rate,Euro,2008-07,1.66,1.66,ok,,
fx.forex-bureau-exchange-rate-euro.m,monthly,Forex Bureau Exchange Rate,Euro,2008-08,1.66,1.66,ok,,
fx.forex-bureau-exchange-rate-euro.m,monthly,Forex Bureau Exchange Rate,Euro,2008-09,1.69,1.69,ok,,
fx.forex-bureau-exchange-rate-euro.m,monthly,Forex Bureau Exchange Rate,Euro,2008-10,1.62,1.62,ok,,
fx.forex-bureau-exchange-rate-euro.m,monthly,Forex Bureau Exchange Rate,Euro,2008-11,1.55,1.55,ok,,
fx.forex-bureau-exchange-rate-euro.m,monthly,Forex Bureau Exchange Rate,Euro,2008-12,1.61,1.61,ok,,
fx.forex-bureau-exchange-rate-euro.m,monthly,Forex Bureau Exchange Rate,Euro,2009-01,1.72,1.72,ok,,
fx.forex-bureau-exchange-rate-euro.m,monthly,Forex Bureau Exchange Rate,Euro,2009-02,1.72,1.72,ok,,
fx.forex-bureau-exchange-rate-euro.m,monthly,Forex Bureau Exchange Rate,Euro,2009-03,1.8,1.8,ok,,
fx.forex-bureau-exchange-rate-euro.m,monthly,Forex Bureau Exchange Rate,Euro,2009-04,1.86,1.86,ok,,
fx.forex-bureau-exchange-rate-euro.m,monthly,Forex Bureau Exchange Rate,Euro,2009-05,1.92,1.92,ok,,
fx.forex-bureau-exchange-rate-euro.m,monthly,Forex Bureau Exchange Rate,Euro,2009-06,2.01,2.01,ok,,
fx.forex-bureau-exchange-rate-euro.m,monthly,Forex Bureau Exchange Rate,Euro,2009-07,2.04,2.04,ok,,
fx.forex-bureau-exchange-rate-euro.m,monthly,Forex Bureau Exchange Rate,Euro,2009-08,2.09,2.09,ok,,
fx.forex-bureau-exchange-rate-euro.m,monthly,Forex Bureau Exchange Rate,Euro,2009-09,2.1,2.1,ok,,
fx.forex-bureau-exchange-rate-euro.m,monthly,Forex Bureau Exchange Rate,Euro,2009-10,2.13,2.13,ok,,
fx.forex-bureau-exchange-rate-euro.m,monthly,Forex Bureau Exchange Rate,Euro,2009-11,2.14,2.14,ok,,
fx.forex-bureau-exchange-rate-euro.m,monthly,Forex Bureau Exchange Rate,Euro,2009-12,2.14,2.14,ok,,
fx.forex-bureau-exchange-rate-euro.m,monthly,Forex Bureau Exchange Rate,Euro,2010-01,2.08,2.08,ok,,
fx.forex-bureau-exchange-rate-euro.m,monthly,Forex Bureau Exchange Rate,Euro,2010-02,1.99,1.99,ok,,
fx.forex-bureau-exchange-rate-euro.m,monthly,Forex Bureau Exchange Rate,Euro,2010-03,1.95,1.95,ok,,
fx.forex-bureau-exchange-rate-euro.m,monthly,Forex Bureau Exchange Rate,Euro,2010-04,1.95,1.95,ok,,
fx.forex-bureau-exchange-rate-euro.m,monthly,Forex Bureau Exchange Rate,Euro,2010-05,1.84,1.84,ok,,
fx.forex-bureau-exchange-rate-euro.m,monthly,Forex Bureau Exchange Rate,Euro,2010-06,1.75,1.75,ok,,
fx.forex-bureau-exchange-rate-euro.m,monthly,Forex Bureau Exchange Rate,Euro,2010-07,1.81,1.81,ok,,
fx.forex-bureau-exchange-rate-euro.m,monthly,Forex Bureau Exchange Rate,Euro,2010-08,1.85,1.85,ok,,
fx.forex-bureau-exchange-rate-euro.m,monthly,Forex Bureau Exchange Rate,Euro,2010-09,1.85,1.85,ok,,
fx.forex-bureau-exchange-rate-euro.m,monthly,Forex Bureau Exchange Rate,Euro,2010-10,1.92,1.92,ok,,
fx.forex-bureau-exchange-rate-euro.m,monthly,Forex Bureau Exchange Rate,Euro,2010-11,1.98,1.98,ok,,
fx.forex-bureau-exchange-rate-euro.m,monthly,Forex Bureau Exchange Rate,Euro,2010-12,1.96,1.96,ok,,
fx.forex-bureau-exchange-rate-euro.m,monthly,Forex Bureau Exchange Rate,Euro,2011-01,1.96,1.96,ok,,
fx.forex-bureau-exchange-rate-euro.m,monthly,Forex Bureau Exchange Rate,Euro,2011-02,2.03,2.03,ok,,
fx.forex-bureau-exchange-rate-euro.m,monthly,Forex Bureau Exchange Rate,Euro,2011-03,2.06,2.06,ok,,
fx.forex-bureau-exchange-rate-euro.m,monthly,Forex Bureau Exchange Rate,Euro,2011-04,2.12,2.12,ok,,
fx.forex-bureau-exchange-rate-euro.m,monthly,Forex Bureau Exchange Rate,Euro,2011-05,2.14,2.14,ok,,
fx.forex-bureau-exchange-rate-euro.m,monthly,Forex Bureau Exchange Rate,Euro,2011-06,2.14,2.14,ok,,
fx.forex-bureau-exchange-rate-euro.m,monthly,Forex Bureau Exchange Rate,Euro,2011-07,2.13,2.13,ok,,
fx.forex-bureau-exchange-rate-euro.m,monthly,Forex Bureau Exchange Rate,Euro,2011-08,2.13,2.13,ok,,
fx.forex-bureau-exchange-rate-euro.m,monthly,Forex Bureau Exchange Rate,Euro,2011-09,2.13,2.13,ok,,
fx.forex-bureau-exchange-rate-euro.m,monthly,Forex Bureau Exchange Rate,Euro,2011-10,2.17,2.17,ok,,
fx.forex-bureau-exchange-rate-euro.m,monthly,Forex Bureau Exchange Rate,Euro,2011-11,2.21,2.21,ok,,
fx.forex-bureau-exchange-rate-euro.m,monthly,Forex Bureau Exchange Rate,Euro,2011-12,2.19,2.19,ok,,
fx.forex-bureau-exchange-rate-euro.m,monthly,Forex Bureau Exchange Rate,Euro,2012-01,2.18,2.18,ok,,
fx.forex-bureau-exchange-rate-euro.m,monthly,Forex Bureau Exchange Rate,Euro,2012-02,2.22,2.22,ok,,
fx.forex-bureau-exchange-rate-euro.m,monthly,Forex Bureau Exchange Rate,Euro,2012-03,2.28,2.28,ok,,
fx.forex-bureau-exchange-rate-euro.m,monthly,Forex Bureau Exchange Rate,Euro,2012-04,2.38,2.38,ok,,
fx.forex-bureau-exchange-rate-euro.m,monthly,Forex Bureau Exchange Rate,Euro,2012-05,2.45,2.45,ok,,
fx.forex-bureau-exchange-rate-euro.m,monthly,Forex Bureau Exchange Rate,Euro,2012-06,2.39,2.39,ok,,
fx.forex-bureau-exchange-rate-euro.m,monthly,Forex Bureau Exchange Rate,Euro,2012-07,2.46,2.46,ok,,
fx.forex-bureau-exchange-rate-euro.m,monthly,Forex Bureau Exchange Rate,Euro,2012-08,2.48,2.48,ok,,
fx.forex-bureau-exchange-rate-euro.m,monthly,Forex Bureau Exchange Rate,Euro,2012-09,2.52,2.52,ok,,
fx.forex-bureau-exchange-rate-euro.m,monthly,Forex Bureau Exchange Rate,Euro,2012-10,2.54,2.54,ok,,
fx.forex-bureau-exchange-rate-euro.m,monthly,Forex Bureau Exchange Rate,Euro,2012-11,2.49,2.49,ok,,
fx.forex-bureau-exchange-rate-euro.m,monthly,Forex Bureau Exchange Rate,Euro,2012-12,2.51,2.51,ok,,
fx.forex-bureau-exchange-rate-euro.m,monthly,Forex Bureau Exchange Rate,Euro,2013-01,2.56,2.56,ok,,
fx.forex-bureau-exchange-rate-euro.m,monthly,Forex Bureau Exchange Rate,Euro,2013-02,2.58,2.58,ok,,
fx.forex-bureau-exchange-rate-euro.m,monthly,Forex Bureau Exchange Rate,Euro,2013-03,2.55,2.55,ok,,
fx.forex-bureau-exchange-rate-euro.m,monthly,Forex Bureau Exchange Rate,Euro,2013-04,2.55,2.55,ok,,
fx.forex-bureau-exchange-rate-euro.m,monthly,Forex Bureau Exchange Rate,Euro,2013-05,2.58,2.58,ok,,
fx.forex-bureau-exchange-rate-euro.m,monthly,Forex Bureau Exchange Rate,Euro,2013-06,2.66,2.66,ok,,
fx.forex-bureau-exchange-rate-euro.m,monthly,Forex Bureau Exchange Rate,Euro,2013-07,2.71,2.71,ok,,
fx.forex-bureau-exchange-rate-euro.m,monthly,Forex Bureau Exchange Rate,Euro,2013-08,2.77,2.77,ok,,
fx.forex-bureau-exchange-rate-euro.m,monthly,Forex Bureau Exchange Rate,Euro,2013-09,2.82,2.82,ok,,
fx.forex-bureau-exchange-rate-euro.m,monthly,Forex Bureau Exchange Rate,Euro,2013-10,2.93,2.93,ok,,
fx.forex-bureau-exchange-rate-euro.m,monthly,Forex Bureau Exchange Rate,Euro,2013-11,3.04,3.04,ok,,
fx.forex-bureau-exchange-rate-euro.m,monthly,Forex Bureau Exchange Rate,Euro,2013-12,3.13,3.13,ok,,
fx.forex-bureau-exchange-rate-euro.m,monthly,Forex Bureau Exchange Rate,Euro,2014-01,3.21,3.21,ok,,
fx.forex-bureau-exchange-rate-euro.m,monthly,Forex Bureau Exchange Rate,Euro,2014-02,3.43,3.43,ok,,
fx.forex-bureau-exchange-rate-euro.m,monthly,Forex Bureau Exchange Rate,Euro,2014-03,3.57,3.57,ok,,
fx.forex-bureau-exchange-rate-euro.m,monthly,Forex Bureau Exchange Rate,Euro,2014-04,3.78,3.78,ok,,
fx.forex-bureau-exchange-rate-euro.m,monthly,Forex Bureau Exchange Rate,Euro,2014-05,4.05,4.05,ok,,
fx.forex-bureau-exchange-rate-euro.m,monthly,Forex Bureau Exchange Rate,Euro,2014-06,4.18,4.18,ok,,
fx.forex-bureau-exchange-rate-euro.m,monthly,Forex Bureau Exchange Rate,Euro,2014-07,4.63,4.63,ok,,
fx.forex-bureau-exchange-rate-euro.m,monthly,Forex Bureau Exchange Rate,Euro,2014-08,4.96,4.96,ok,,
fx.forex-bureau-exchange-rate-euro.m,monthly,Forex Bureau Exchange Rate,Euro,2014-09,4.55,4.55,ok,,
fx.forex-bureau-exchange-rate-euro.m,monthly,Forex Bureau Exchange Rate,Euro,2014-10,4.08,4.08,ok,,
fx.forex-bureau-exchange-rate-euro.m,monthly,Forex Bureau Exchange Rate,Euro,2014-11,4.04,4.04,ok,,
fx.forex-bureau-exchange-rate-euro.m,monthly,Forex Bureau Exchange Rate,Euro,2014-12,3.99,3.99,ok,,
fx.forex-bureau-exchange-rate-euro.m,monthly,Forex Bureau Exchange Rate,Euro,2015-01,3.93,3.93,ok,,
fx.forex-bureau-exchange-rate-euro.m,monthly,Forex Bureau Exchange Rate,Euro,2015-02,3.93,3.93,ok,,
fx.forex-bureau-exchange-rate-euro.m,monthly,Forex Bureau Exchange Rate,Euro,2015-03,3.94,3.94,ok,,
fx.forex-bureau-exchange-rate-euro.m,monthly,Forex Bureau Exchange Rate,Euro,2015-04,4.08,4.08,ok,,
fx.forex-bureau-exchange-rate-euro.m,monthly,Forex Bureau Exchange Rate,Euro,2015-05,4.33,4.33,ok,,
fx.forex-bureau-exchange-rate-euro.m,monthly,Forex Bureau Exchange Rate,Euro,2015-06,4.65,4.65,ok,,
fx.forex-bureau-exchange-rate-euro.m,monthly,Forex Bureau Exchange Rate,Euro,2015-07,4.02,4.02,ok,,
fx.forex-bureau-exchange-rate-euro.m,monthly,Forex Bureau Exchange Rate,Euro,2015-08,4.41,4.41,ok,,
fx.forex-bureau-exchange-rate-euro.m,monthly,Forex Bureau Exchange Rate,Euro,2015-09,4.26,4.26,ok,,
fx.forex-bureau-exchange-rate-euro.m,monthly,Forex Bureau Exchange Rate,Euro,2015-10,4.26,4.26,ok,,
fx.forex-bureau-exchange-rate-euro.m,monthly,Forex Bureau Exchange Rate,Euro,2015-11,4.19,4.19,ok,,
fx.forex-bureau-exchange-rate-euro.m,monthly,Forex Bureau Exchange Rate,Euro,2015-12,4.16,4.16,ok,,
fx.forex-bureau-exchange-rate-euro.m,monthly,Forex Bureau Exchange Rate,Euro,2016-01,4.25,4.25,ok,,
fx.forex-bureau-exchange-rate-euro.m,monthly,Forex Bureau Exchange Rate,Euro,2016-02,4.35,4.35,ok,,
fx.forex-bureau-exchange-rate-euro.m,monthly,Forex Bureau Exchange Rate,Euro,2016-03,4.27,4.27,ok,,
fx.forex-bureau-exchange-rate-euro.m,monthly,Forex Bureau Exchange Rate,Euro,2016-04,4.33,4.33,ok,,
fx.forex-bureau-exchange-rate-euro.m,monthly,Forex Bureau Exchange Rate,Euro,2016-05,4.32,4.32,ok,,
fx.forex-bureau-exchange-rate-euro.m,monthly,Forex Bureau Exchange Rate,Euro,2016-06,4.36,4.36,ok,,
fx.forex-bureau-exchange-rate-euro.m,monthly,Forex Bureau Exchange Rate,Euro,2016-07,4.34,4.34,ok,,
fx.forex-bureau-exchange-rate-euro.m,monthly,Forex Bureau Exchange Rate,Euro,2016-08,4.37,4.37,ok,,
fx.forex-bureau-exchange-rate-euro.m,monthly,Forex Bureau Exchange Rate,Euro,2016-09,4.39,4.39,ok,,
fx.forex-bureau-exchange-rate-euro.m,monthly,Forex Bureau Exchange Rate,Euro,2016-10,4.4,4.4,ok,,
fx.forex-bureau-exchange-rate-euro.m,monthly,Forex Bureau Exchange Rate,Euro,2016-11,4.4,4.4,ok,,
fx.forex-bureau-exchange-rate-euro.m,monthly,Forex Bureau Exchange Rate,Euro,2016-12,4.43,4.43,ok,,
fx.forex-bureau-exchange-rate-euro.m,monthly,Forex Bureau Exchange Rate,Euro,2017-01,4.5,4.5,ok,,
fx.forex-bureau-exchange-rate-euro.m,monthly,Forex Bureau Exchange Rate,Euro,2017-02,4.65,4.65,ok,,
fx.forex-bureau-exchange-rate-euro.m,monthly,Forex Bureau Exchange Rate,Euro,2017-03,4.78,4.78,ok,,
fx.forex-bureau-exchange-rate-euro.m,monthly,Forex Bureau Exchange Rate,Euro,2017-04,4.56,4.56,ok,,
fx.forex-bureau-exchange-rate-euro.m,monthly,Forex Bureau Exchange Rate,Euro,2017-05,4.72,4.72,ok,,
fx.forex-bureau-exchange-rate-euro.m,monthly,Forex Bureau Exchange Rate,Euro,2017-06,4.87,4.87,ok,,
fx.forex-bureau-exchange-rate-euro.m,monthly,Forex Bureau Exchange Rate,Euro,2017-07,5,5,ok,,
fx.forex-bureau-exchange-rate-euro.m,monthly,Forex Bureau Exchange Rate,Euro,2017-08,4.18,4.18,ok,,
fx.forex-bureau-exchange-rate-euro.m,monthly,Forex Bureau Exchange Rate,Euro,2017-09,5.28,5.28,ok,,
fx.forex-bureau-exchange-rate-euro.m,monthly,Forex Bureau Exchange Rate,Euro,2017-10,5.21,5.21,ok,,
fx.forex-bureau-exchange-rate-euro.m,monthly,Forex Bureau Exchange Rate,Euro,2017-11,5.3,5.3,ok,,
fx.forex-bureau-exchange-rate-euro.m,monthly,Forex Bureau Exchange Rate,Euro,2017-12,5.38,5.38,ok,,
fx.forex-bureau-exchange-rate-euro.m,monthly,Forex Bureau Exchange Rate,Euro,2018-01,5.5,5.5,ok,,
fx.forex-bureau-exchange-rate-euro.m,monthly,Forex Bureau Exchange Rate,Euro,2018-02,5.52,5.52,ok,,
fx.forex-bureau-exchange-rate-euro.m,monthly,Forex Bureau Exchange Rate,Euro,2018-03,5.48,5.48,ok,,
fx.forex-bureau-exchange-rate-euro.m,monthly,Forex Bureau Exchange Rate,Euro,2018-04,5.47,5.47,ok,,
fx.forex-bureau-exchange-rate-euro.m,monthly,Forex Bureau Exchange Rate,Euro,2018-05,5.42,5.42,ok,,
fx.forex-bureau-exchange-rate-euro.m,monthly,Forex Bureau Exchange Rate,Euro,2018-06,5.44,5.44,ok,,
fx.forex-bureau-exchange-rate-euro.m,monthly,Forex Bureau Exchange Rate,Euro,2018-07,5.51,5.51,ok,,
fx.forex-bureau-exchange-rate-euro.m,monthly,Forex Bureau Exchange Rate,Euro,2018-08,5.51,5.51,ok,,
fx.forex-bureau-exchange-rate-euro.m,monthly,Forex Bureau Exchange Rate,Euro,2018-09,5.63,5.63,ok,,
fx.forex-bureau-exchange-rate-euro.m,monthly,Forex Bureau Exchange Rate,Euro,2018-10,5.58,5.58,ok,,
fx.forex-bureau-exchange-rate-euro.m,monthly,Forex Bureau Exchange Rate,Euro,2018-11,5.51,5.51,ok,,
fx.forex-bureau-exchange-rate-euro.m,monthly,Forex Bureau Exchange Rate,Euro,2018-12,5.56,5.56,ok,,
fx.forex-bureau-exchange-rate-euro.m,monthly,Forex Bureau Exchange Rate,Euro,2019-01,5.61,5.61,ok,,
fx.forex-bureau-exchange-rate-euro.m,monthly,Forex Bureau Exchange Rate,Euro,2019-02,5.72,5.72,ok,,
fx.forex-bureau-exchange-rate-euro.m,monthly,Forex Bureau Exchange Rate,Euro,2019-03,5.92,5.92,ok,,
fx.forex-bureau-exchange-rate-euro.m,monthly,Forex Bureau Exchange Rate,Euro,2019-04,5.8,5.8,ok,,
fx.forex-bureau-exchange-rate-euro.m,monthly,Forex Bureau Exchange Rate,Euro,2019-05,5.82,5.82,ok,,
fx.forex-bureau-exchange-rate-euro.m,monthly,Forex Bureau Exchange Rate,Euro,2019-06,5.96,5.96,ok,,
fx.forex-bureau-exchange-rate-euro.m,monthly,Forex Bureau Exchange Rate,Euro,2019-07,5.98,5.98,ok,,
fx.forex-bureau-exchange-rate-euro.m,monthly,Forex Bureau Exchange Rate,Euro,2019-08,5.95,5.95,ok,,
fx.forex-bureau-exchange-rate-euro.m,monthly,Forex Bureau Exchange Rate,Euro,2019-09,6.03,6.03,ok,,
fx.forex-bureau-exchange-rate-euro.m,monthly,Forex Bureau Exchange Rate,Euro,2019-10,5.97,5.97,ok,,
fx.forex-bureau-exchange-rate-euro.m,monthly,Forex Bureau Exchange Rate,Euro,2019-11,6.1,6.1,ok,,
fx.forex-bureau-exchange-rate-euro.m,monthly,Forex Bureau Exchange Rate,Euro,2019-12,6.29,6.29,ok,,
fx.forex-bureau-exchange-rate-euro.m,monthly,Forex Bureau Exchange Rate,Euro,2020-01,6.27,6.27,ok,,
fx.forex-bureau-exchange-rate-euro.m,monthly,Forex Bureau Exchange Rate,Euro,2020-02,5.92,5.92,ok,,
fx.forex-bureau-exchange-rate-euro.m,monthly,Forex Bureau Exchange Rate,Euro,2020-03,6.07,6.07,ok,,
fx.forex-bureau-exchange-rate-euro.m,monthly,Forex Bureau Exchange Rate,Euro,2020-04,6.16,6.16,ok,,
fx.forex-bureau-exchange-rate-euro.m,monthly,Forex Bureau Exchange Rate,Euro,2020-05,6.26,6.26,ok,,
fx.forex-bureau-exchange-rate-euro.m,monthly,Forex Bureau Exchange Rate,Euro,2020-06,6.39,6.39,ok,,
fx.forex-bureau-exchange-rate-euro.m,monthly,Forex Bureau Exchange Rate,Euro,2020-07,6.47,6.47,ok,,
fx.forex-bureau-exchange-rate-euro.m,monthly,Forex Bureau Exchange Rate,Euro,2020-08,6.7,6.7,ok,,
fx.forex-bureau-exchange-rate-euro.m,monthly,Forex Bureau Exchange Rate,Euro,2020-09,6.77,6.77,ok,,
fx.forex-bureau-exchange-rate-euro.m,monthly,Forex Bureau Exchange Rate,Euro,2020-10,6.79,6.79,ok,,
fx.forex-bureau-exchange-rate-euro.m,monthly,Forex Bureau Exchange Rate,Euro,2020-11,6.89,6.89,ok,,
fx.forex-bureau-exchange-rate-euro.m,monthly,Forex Bureau Exchange Rate,Euro,2020-12,7.03,7.03,ok,,
fx.forex-bureau-exchange-rate-euro.m,monthly,Forex Bureau Exchange Rate,Euro,2021-01,7.1,7.1,ok,,
fx.forex-bureau-exchange-rate-euro.m,monthly,Forex Bureau Exchange Rate,Euro,2021-02,7.02,7.02,ok,,
fx.forex-bureau-exchange-rate-euro.m,monthly,Forex Bureau Exchange Rate,Euro,2021-03,6.85,6.85,ok,,
fx.forex-bureau-exchange-rate-euro.m,monthly,Forex Bureau Exchange Rate,Euro,2021-04,6.84,6.84,ok,,
fx.forex-bureau-exchange-rate-euro.m,monthly,Forex Bureau Exchange Rate,Euro,2021-05,6.95,6.95,ok,,
fx.forex-bureau-exchange-rate-euro.m,monthly,Forex Bureau Exchange Rate,Euro,2021-06,7.01,7.01,ok,,
fx.forex-bureau-exchange-rate-euro.m,monthly,Forex Bureau Exchange Rate,Euro,2021-07,6.96,6.96,ok,,
fx.forex-bureau-exchange-rate-euro.m,monthly,Forex Bureau Exchange Rate,Euro,2021-08,7.03,7.03,ok,,
fx.forex-bureau-exchange-rate-euro.m,monthly,Forex Bureau Exchange Rate,Euro,2021-09,7.1,7.1,ok,,
fx.forex-bureau-exchange-rate-euro.m,monthly,Forex Bureau Exchange Rate,Euro,2021-10,7.05,7.05,ok,,
fx.forex-bureau-exchange-rate-euro.m,monthly,Forex Bureau Exchange Rate,Euro,2021-11,7.17,7.17,ok,,
fx.forex-bureau-exchange-rate-euro.m,monthly,Forex Bureau Exchange Rate,Euro,2021-12,7.19,7.19,ok,,
fx.forex-bureau-exchange-rate-euro.m,monthly,Forex Bureau Exchange Rate,Euro,2022-01,7.21,7.21,ok,,
fx.forex-bureau-exchange-rate-euro.m,monthly,Forex Bureau Exchange Rate,Euro,2022-02,7.61,7.61,ok,,
fx.forex-bureau-exchange-rate-euro.m,monthly,Forex Bureau Exchange Rate,Euro,2022-03,8.28,8.28,ok,,
fx.forex-bureau-exchange-rate-euro.m,monthly,Forex Bureau Exchange Rate,Euro,2022-04,8.21,8.21,ok,,
fx.forex-bureau-exchange-rate-euro.m,monthly,Forex Bureau Exchange Rate,Euro,2022-05,8.19,8.19,ok,,
fx.forex-bureau-exchange-rate-euro.m,monthly,Forex Bureau Exchange Rate,Euro,2022-06,8.42,8.42,ok,,
fx.forex-bureau-exchange-rate-euro.m,monthly,Forex Bureau Exchange Rate,Euro,2022-07,8.42,8.42,ok,,
fx.forex-bureau-exchange-rate-euro.m,monthly,Forex Bureau Exchange Rate,Euro,2022-08,9.48,9.48,ok,,
fx.forex-bureau-exchange-rate-euro.m,monthly,Forex Bureau Exchange Rate,Euro,2022-09,9.97,9.97,ok,,
fx.forex-bureau-exchange-rate-euro.m,monthly,Forex Bureau Exchange Rate,Euro,2022-10,11.62,11.62,ok,,
fx.forex-bureau-exchange-rate-euro.m,monthly,Forex Bureau Exchange Rate,Euro,2022-11,14,14,ok,,
fx.forex-bureau-exchange-rate-euro.m,monthly,Forex Bureau Exchange Rate,Euro,2022-12,12.14,12.14,ok,,
fx.forex-bureau-exchange-rate-euro.m,monthly,Forex Bureau Exchange Rate,Euro,2023-01,12.82,12.82,ok,,
fx.forex-bureau-exchange-rate-euro.m,monthly,Forex Bureau Exchange Rate,Euro,2023-02,13.22,13.22,ok,,
fx.forex-bureau-exchange-rate-euro.m,monthly,Forex Bureau Exchange Rate,Euro,2023-03,13.01,13.01,ok,,
fx.forex-bureau-exchange-rate-euro.m,monthly,Forex Bureau Exchange Rate,Euro,2023-04,12.53,12.53,ok,,
fx.forex-bureau-exchange-rate-euro.m,monthly,Forex Bureau Exchange Rate,Euro,2023-05,12.51,12.51,ok,,
fx.forex-bureau-exchange-rate-euro.m,monthly,Forex Bureau Exchange Rate,Euro,2023-06,12.54,12.54,ok,,
fx.forex-bureau-exchange-rate-euro.m,monthly,Forex Bureau Exchange Rate,Euro,2023-07,12.68,12.68,ok,,
fx.forex-bureau-exchange-rate-euro.m,monthly,Forex Bureau Exchange Rate,Euro,2023-08,12.44,12.44,ok,,
fx.forex-bureau-exchange-rate-euro.m,monthly,Forex Bureau Exchange Rate,Euro,2023-09,12.39,12.39,ok,,
fx.forex-bureau-exchange-rate-euro.m,monthly,Forex Bureau Exchange Rate,Euro,2023-10,12.49,12.49,ok,,
fx.forex-bureau-exchange-rate-euro.m,monthly,Forex Bureau Exchange Rate,Euro,2023-11,13.19,13.19,ok,,
fx.forex-bureau-exchange-rate-euro.m,monthly,Forex Bureau Exchange Rate,Euro,2023-12,13.27,13.27,ok,,
fx.forex-bureau-exchange-rate-euro.m,monthly,Forex Bureau Exchange Rate,Euro,2024-01,13.32,13.32,ok,,
fx.forex-bureau-exchange-rate-euro.m,monthly,Forex Bureau Exchange Rate,Euro,2024-02,13.47,13.47,ok,,
fx.forex-bureau-exchange-rate-euro.m,monthly,Forex Bureau Exchange Rate,Euro,2024-03,14.18,14.18,ok,,
fx.forex-bureau-exchange-rate-euro.m,monthly,Forex Bureau Exchange Rate,Euro,2024-04,14.36,14.36,ok,,
fx.forex-bureau-exchange-rate-euro.m,monthly,Forex Bureau Exchange Rate,Euro,2024-05,15.63,15.63,ok,,
fx.forex-bureau-exchange-rate-euro.m,monthly,Forex Bureau Exchange Rate,Euro,2024-06,16.3,16.3,ok,,
fx.forex-bureau-exchange-rate-euro.m,monthly,Forex Bureau Exchange Rate,Euro,2024-07,16.78,16.78,ok,,
fx.forex-bureau-exchange-rate-euro.m,monthly,Forex Bureau Exchange Rate,Euro,2024-08,17.23,17.23,ok,,
