series,frequency,series,item,period,value,published,status,rules,flags
gdp_a_prod.nominal-gdp-current-prices-overall-gdp.a,annual,Nominal GDP (current prices),Overall GDP,2013,124477578785.6,124477578785.6,ok,,
gdp_a_prod.nominal-gdp-current-prices-overall-gdp.a,annual,Nominal GDP (current prices),Overall GDP,2014,158683994554.3,158683994554.3,ok,,
gdp_a_prod.nominal-gdp-current-prices-overall-gdp.a,annual,Nominal GDP (current prices),Overall GDP,2015,183525640047.2,183525640047.2,ok,,
gdp_a_prod.nominal-gdp-current-prices-overall-gdp.a,annual,Nominal GDP (current prices),Overall GDP,2016,219594595437.9,219594595437.9,ok,,
gdp_a_prod.nominal-gdp-current-prices-overall-gdp.a,annual,Nominal GDP (current prices),Overall GDP,2017,262797966050.6,262797966050.6,ok,,
gdp_a_prod.nominal-gdp-current-prices-overall-gdp.a,annual,Nominal GDP (current prices),Overall GDP,2018,308587395725.9,308587395725.9,ok,,
gdp_a_prod.nominal-gdp-current-prices-overall-gdp.a,annual,Nominal GDP (current prices),Overall GDP,2019,356544265614.7,356544265614.7,ok,,
gdp_a_prod.nominal-gdp-current-prices-overall-gdp.a,annual,Nominal GDP (current prices),Overall GDP,2020,391940733197.5,391940733197.5,ok,,
gdp_a_prod.nominal-gdp-current-prices-overall-gdp.a,annual,Nominal GDP (current prices),Overall GDP,2021,461694936015.4,461694936015.4,ok,,
gdp_a_prod.nominal-gdp-current-prices-overall-gdp.a,annual,Nominal GDP (current prices),Overall GDP,2022,614336252718.4,614336252718.4,ok,,
gdp_a_prod.nominal-gdp-current-prices-overall-gdp.a,annual,Nominal GDP (current prices),Overall GDP,2023,887748123973.2,887748123973.2,ok,,
gdp_a_prod.nominal-gdp-current-prices-overall-gdp.a,annual,Nominal GDP (current prices),Overall GDP,2024,1182799277785.9,1182799277785.9,ok,,provisional*
gdp_a_prod.nominal-gdp-current-prices-overall-gdp.a,annual,Nominal GDP (current prices),Overall GDP,2025,1434114745596.8,1434114745596.8,ok,,provisional**
gdp_a_prod.nominal-gdp-current-prices-agriculture.a,annual,Nominal GDP (current prices),Agriculture,2013,25355886759.9,25355886759.9,ok,,
gdp_a_prod.nominal-gdp-current-prices-agriculture.a,annual,Nominal GDP (current prices),Agriculture,2014,31076313515.8,31076313515.8,ok,,
gdp_a_prod.nominal-gdp-current-prices-agriculture.a,annual,Nominal GDP (current prices),Agriculture,2015,36673287355.8,36673287355.8,ok,,
gdp_a_prod.nominal-gdp-current-prices-agriculture.a,annual,Nominal GDP (current prices),Agriculture,2016,45772940716.5,45772940716.5,ok,,
gdp_a_prod.nominal-gdp-current-prices-agriculture.a,annual,Nominal GDP (current prices),Agriculture,2017,51407775787,51407775787,ok,,
gdp_a_prod.nominal-gdp-current-prices-agriculture.a,annual,Nominal GDP (current prices),Agriculture,2018,55967108328.8,55967108328.8,ok,,
gdp_a_prod.nominal-gdp-current-prices-agriculture.a,annual,Nominal GDP (current prices),Agriculture,2019,61764983869.1,61764983869.1,ok,,
gdp_a_prod.nominal-gdp-current-prices-agriculture.a,annual,Nominal GDP (current prices),Agriculture,2020,73895654015.2,73895654015.2,ok,,
gdp_a_prod.nominal-gdp-current-prices-agriculture.a,annual,Nominal GDP (current prices),Agriculture,2021,90757559793.4,90757559793.4,ok,,
gdp_a_prod.nominal-gdp-current-prices-agriculture.a,annual,Nominal GDP (current prices),Agriculture,2022,119879353736.8,119879353736.8,ok,,
gdp_a_prod.nominal-gdp-current-prices-agriculture.a,annual,Nominal GDP (current prices),Agriculture,2023,185921700246.2,185921700246.2,ok,,
gdp_a_prod.nominal-gdp-current-prices-agriculture.a,annual,Nominal GDP (current prices),Agriculture,2024,243363375363.8,243363375363.8,ok,,provisional*
gdp_a_prod.nominal-gdp-current-prices-agriculture.a,annual,Nominal GDP (current prices),Agriculture,2025,305120294870.7,305120294870.7,ok,,provisional**
gdp_a_prod.nominal-gdp-current-prices-crops.a,annual,Nominal GDP (current prices),Crops,2013,18521356315.7,18521356315.7,ok,,
gdp_a_prod.nominal-gdp-current-prices-crops.a,annual,Nominal GDP (current prices),Crops,2014,22402740342.8,22402740342.8,ok,,
gdp_a_prod.nominal-gdp-current-prices-crops.a,annual,Nominal GDP (current prices),Crops,2015,26573641842.9,26573641842.9,ok,,
gdp_a_prod.nominal-gdp-current-prices-crops.a,annual,Nominal GDP (current prices),Crops,2016,34965470195.5,34965470195.5,ok,,
gdp_a_prod.nominal-gdp-current-prices-crops.a,annual,Nominal GDP (current prices),Crops,2017,39729873786.9,39729873786.9,ok,,
gdp_a_prod.nominal-gdp-current-prices-crops.a,annual,Nominal GDP (current prices),Crops,2018,43801147742.9,43801147742.9,ok,,
gdp_a_prod.nominal-gdp-current-prices-crops.a,annual,Nominal GDP (current prices),Crops,2019,48924595550.3,48924595550.3,ok,,
gdp_a_prod.nominal-gdp-current-prices-crops.a,annual,Nominal GDP (current prices),Crops,2020,59816000000,59816000000,ok,,
gdp_a_prod.nominal-gdp-current-prices-crops.a,annual,Nominal GDP (current prices),Crops,2021,74172860712.4,74172860712.4,ok,,
gdp_a_prod.nominal-gdp-current-prices-crops.a,annual,Nominal GDP (current prices),Crops,2022,101087183736.8,101087183736.8,ok,,
gdp_a_prod.nominal-gdp-current-prices-crops.a,annual,Nominal GDP (current prices),Crops,2023,161839056220.7,161839056220.7,ok,,
gdp_a_prod.nominal-gdp-current-prices-crops.a,annual,Nominal GDP (current prices),Crops,2024,216900597036.3,216900597036.3,ok,,provisional*
gdp_a_prod.nominal-gdp-current-prices-crops.a,annual,Nominal GDP (current prices),Crops,2025,276820501631.9,276820501631.9,ok,,provisional**
gdp_a_prod.nominal-gdp-current-prices-cocoa.a,annual,Nominal GDP (current prices),Cocoa,2013,2597216113.4,2597216113.4,ok,,
gdp_a_prod.nominal-gdp-current-prices-cocoa.a,annual,Nominal GDP (current prices),Cocoa,2014,4267254485.1,4267254485.1,ok,,
gdp_a_prod.nominal-gdp-current-prices-cocoa.a,annual,Nominal GDP (current prices),Cocoa,2015,4781483997.2,4781483997.2,ok,,
gdp_a_prod.nominal-gdp-current-prices-cocoa.a,annual,Nominal GDP (current prices),Cocoa,2016,5028211169.5,5028211169.5,ok,,
gdp_a_prod.nominal-gdp-current-prices-cocoa.a,annual,Nominal GDP (current prices),Cocoa,2017,5490064809.3,5490064809.3,ok,,
gdp_a_prod.nominal-gdp-current-prices-cocoa.a,annual,Nominal GDP (current prices),Cocoa,2018,5694392257.7,5694392257.7,ok,,
gdp_a_prod.nominal-gdp-current-prices-cocoa.a,annual,Nominal GDP (current prices),Cocoa,2019,5792546201.3,5792546201.3,ok,,
gdp_a_prod.nominal-gdp-current-prices-cocoa.a,annual,Nominal GDP (current prices),Cocoa,2020,6626577085.4,6626577085.4,ok,,
gdp_a_prod.nominal-gdp-current-prices-cocoa.a,annual,Nominal GDP (current prices),Cocoa,2021,9364063124.3,9364063124.3,ok,,
gdp_a_prod.nominal-gdp-current-prices-cocoa.a,annual,Nominal GDP (current prices),Cocoa,2022,10643000000,10643000000,ok,,
gdp_a_prod.nominal-gdp-current-prices-cocoa.a,annual,Nominal GDP (current prices),Cocoa,2023,14889864634.9,14889864634.9,ok,,
gdp_a_prod.nominal-gdp-current-prices-cocoa.a,annual,Nominal GDP (current prices),Cocoa,2024,15626144583.8,15626144583.8,ok,,provisional*
gdp_a_prod.nominal-gdp-current-prices-cocoa.a,annual,Nominal GDP (current prices),Cocoa,2025,17845112808.3,17845112808.3,ok,,provisional**
gdp_a_prod.nominal-gdp-current-prices-livestock.a,annual,Nominal GDP (current prices),Livestock,2013,3058436278.1,3058436278.1,ok,,
gdp_a_prod.nominal-gdp-current-prices-livestock.a,annual,Nominal GDP (current prices),Livestock,2014,3914078296.9,3914078296.9,ok,,
gdp_a_prod.nominal-gdp-current-prices-livestock.a,annual,Nominal GDP (current prices),Livestock,2015,4250970659.1,4250970659.1,ok,,
gdp_a_prod.nominal-gdp-current-prices-livestock.a,annual,Nominal GDP (current prices),Livestock,2016,4582672618.6,4582672618.6,ok,,
gdp_a_prod.nominal-gdp-current-prices-livestock.a,annual,Nominal GDP (current prices),Livestock,2017,4987485328.6,4987485328.6,ok,,
gdp_a_prod.nominal-gdp-current-prices-livestock.a,annual,Nominal GDP (current prices),Livestock,2018,5288134726.6,5288134726.6,ok,,
gdp_a_prod.nominal-gdp-current-prices-livestock.a,annual,Nominal GDP (current prices),Livestock,2019,5654642104,5654642104,ok,,
gdp_a_prod.nominal-gdp-current-prices-livestock.a,annual,Nominal GDP (current prices),Livestock,2020,6133781415.6,6133781415.6,ok,,
gdp_a_prod.nominal-gdp-current-prices-livestock.a,annual,Nominal GDP (current prices),Livestock,2021,7080415278.6,7080415278.6,ok,,
gdp_a_prod.nominal-gdp-current-prices-livestock.a,annual,Nominal GDP (current prices),Livestock,2022,7510000000,7510000000,ok,,
gdp_a_prod.nominal-gdp-current-prices-livestock.a,annual,Nominal GDP (current prices),Livestock,2023,10117030000,10117030000,ok,,
gdp_a_prod.nominal-gdp-current-prices-livestock.a,annual,Nominal GDP (current prices),Livestock,2024,10672256491.6,10672256491.6,ok,,provisional*
gdp_a_prod.nominal-gdp-current-prices-livestock.a,annual,Nominal GDP (current prices),Livestock,2025,11610124488.9,11610124488.9,ok,,provisional**
gdp_a_prod.nominal-gdp-current-prices-forestry-and-logging.a,annual,Nominal GDP (current prices),Forestry and logging,2013,2013740341.1,2013740341.1,ok,,
gdp_a_prod.nominal-gdp-current-prices-forestry-and-logging.a,annual,Nominal GDP (current prices),Forestry and logging,2014,2843868557.5,2843868557.5,ok,,
gdp_a_prod.nominal-gdp-current-prices-forestry-and-logging.a,annual,Nominal GDP (current prices),Forestry and logging,2015,3398182505.3,3398182505.3,ok,,
gdp_a_prod.nominal-gdp-current-prices-forestry-and-logging.a,annual,Nominal GDP (current prices),Forestry and logging,2016,3482829588.8,3482829588.8,ok,,
gdp_a_prod.nominal-gdp-current-prices-forestry-and-logging.a,annual,Nominal GDP (current prices),Forestry and logging,2017,3987779889.1,3987779889.1,ok,,
gdp_a_prod.nominal-gdp-current-prices-forestry-and-logging.a,annual,Nominal GDP (current prices),Forestry and logging,2018,4168310334.1,4168310334.1,ok,,
gdp_a_prod.nominal-gdp-current-prices-forestry-and-logging.a,annual,Nominal GDP (current prices),Forestry and logging,2019,4256972339.1,4256972339.1,ok,,
gdp_a_prod.nominal-gdp-current-prices-forestry-and-logging.a,annual,Nominal GDP (current prices),Forestry and logging,2020,4394872599.5,4394872599.5,ok,,
gdp_a_prod.nominal-gdp-current-prices-forestry-and-logging.a,annual,Nominal GDP (current prices),Forestry and logging,2021,4947249824.8,4947249824.8,ok,,
gdp_a_prod.nominal-gdp-current-prices-forestry-and-logging.a,annual,Nominal GDP (current prices),Forestry and logging,2022,5901550000,5901550000,ok,,
gdp_a_prod.nominal-gdp-current-prices-forestry-and-logging.a,annual,Nominal GDP (current prices),Forestry and logging,2023,6955796078.4,6955796078.4,ok,,
gdp_a_prod.nominal-gdp-current-prices-forestry-and-logging.a,annual,Nominal GDP (current prices),Forestry and logging,2024,7829686532.4,7829686532.4,ok,,provisional*
gdp_a_prod.nominal-gdp-current-prices-forestry-and-logging.a,annual,Nominal GDP (current prices),Forestry and logging,2025,7860876041.3,7860876041.3,ok,,provisional**
gdp_a_prod.nominal-gdp-current-prices-fishing.a,annual,Nominal GDP (current prices),Fishing,2013,1762353825,1762353825,ok,,
gdp_a_prod.nominal-gdp-current-prices-fishing.a,annual,Nominal GDP (current prices),Fishing,2014,1915626318.6,1915626318.6,ok,,
gdp_a_prod.nominal-gdp-current-prices-fishing.a,annual,Nominal GDP (current prices),Fishing,2015,2450492348.5,2450492348.5,ok,,
gdp_a_prod.nominal-gdp-current-prices-fishing.a,annual,Nominal GDP (current prices),Fishing,2016,2741968313.5,2741968313.5,ok,,
gdp_a_prod.nominal-gdp-current-prices-fishing.a,annual,Nominal GDP (current prices),Fishing,2017,2702636782.4,2702636782.4,ok,,
gdp_a_prod.nominal-gdp-current-prices-fishing.a,annual,Nominal GDP (current prices),Fishing,2018,2709515525.4,2709515525.4,ok,,
gdp_a_prod.nominal-gdp-current-prices-fishing.a,annual,Nominal GDP (current prices),Fishing,2019,2928773875.7,2928773875.7,ok,,
gdp_a_prod.nominal-gdp-current-prices-fishing.a,annual,Nominal GDP (current prices),Fishing,2020,3551000000,3551000000,ok,,
gdp_a_prod.nominal-gdp-current-prices-fishing.a,annual,Nominal GDP (current prices),Fishing,2021,4557033977.6,4557033977.6,ok,,
gdp_a_prod.nominal-gdp-current-prices-fishing.a,annual,Nominal GDP (current prices),Fishing,2022,5380620000,5380620000,ok,,
gdp_a_prod.nominal-gdp-current-prices-fishing.a,annual,Nominal GDP (current prices),Fishing,2023,7009817947.1,7009817947.1,ok,,
gdp_a_prod.nominal-gdp-current-prices-fishing.a,annual,Nominal GDP (current prices),Fishing,2024,7960835303.5,7960835303.5,ok,,provisional*
gdp_a_prod.nominal-gdp-current-prices-fishing.a,annual,Nominal GDP (current prices),Fishing,2025,8828792708.7,8828792708.7,ok,,provisional**
gdp_a_prod.nominal-gdp-current-prices-industry.a,annual,Nominal GDP (current prices),Industry,2013,42434185343.7,42434185343.7,ok,,
gdp_a_prod.nominal-gdp-current-prices-industry.a,annual,Nominal GDP (current prices),Industry,2014,53791022701.6,53791022701.6,ok,,
gdp_a_prod.nominal-gdp-current-prices-industry.a,annual,Nominal GDP (current prices),Industry,2015,57112040427.9,57112040427.9,ok,,
gdp_a_prod.nominal-gdp-current-prices-industry.a,annual,Nominal GDP (current prices),Industry,2016,60812890547.5,60812890547.5,ok,,
gdp_a_prod.nominal-gdp-current-prices-industry.a,annual,Nominal GDP (current prices),Industry,2017,78713818874.7,78713818874.7,ok,,
gdp_a_prod.nominal-gdp-current-prices-industry.a,annual,Nominal GDP (current prices),Industry,2018,96210587077.5,96210587077.5,ok,,
gdp_a_prod.nominal-gdp-current-prices-industry.a,annual,Nominal GDP (current prices),Industry,2019,110912807364,110912807364,ok,,
gdp_a_prod.nominal-gdp-current-prices-industry.a,annual,Nominal GDP (current prices),Industry,2020,117099169633.7,117099169633.7,ok,,
gdp_a_prod.nominal-gdp-current-prices-industry.a,annual,Nominal GDP (current prices),Industry,2021,131144514316.6,131144514316.6,ok,,
gdp_a_prod.nominal-gdp-current-prices-industry.a,annual,Nominal GDP (current prices),Industry,2022,193331928981.6,193331928981.6,ok,,
gdp_a_prod.nominal-gdp-current-prices-industry.a,annual,Nominal GDP (current prices),Industry,2023,261589387391.1,261589387391.1,ok,,
gdp_a_prod.nominal-gdp-current-prices-industry.a,annual,Nominal GDP (current prices),Industry,2024,345376076390.4,345376076390.4,ok,,provisional*
gdp_a_prod.nominal-gdp-current-prices-industry.a,annual,Nominal GDP (current prices),Industry,2025,419520222801.6,419520222801.6,ok,,provisional**
gdp_a_prod.nominal-gdp-current-prices-mining-and-quarrying.a,annual,Nominal GDP (current prices),Mining and quarrying,2013,15557807132.5,15557807132.5,ok,,
gdp_a_prod.nominal-gdp-current-prices-mining-and-quarrying.a,annual,Nominal GDP (current prices),Mining and quarrying,2014,22265411133.2,22265411133.2,ok,,
gdp_a_prod.nominal-gdp-current-prices-mining-and-quarrying.a,annual,Nominal GDP (current prices),Mining and quarrying,2015,17137183650.3,17137183650.3,ok,,
gdp_a_prod.nominal-gdp-current-prices-mining-and-quarrying.a,annual,Nominal GDP (current prices),Mining and quarrying,2016,16851221867.6,16851221867.6,ok,,
gdp_a_prod.nominal-gdp-current-prices-mining-and-quarrying.a,annual,Nominal GDP (current prices),Mining and quarrying,2017,26267736568.1,26267736568.1,ok,,
gdp_a_prod.nominal-gdp-current-prices-mining-and-quarrying.a,annual,Nominal GDP (current prices),Mining and quarrying,2018,39296179854.9,39296179854.9,ok,,
gdp_a_prod.nominal-gdp-current-prices-mining-and-quarrying.a,annual,Nominal GDP (current prices),Mining and quarrying,2019,47459808578.2,47459808578.2,ok,,
gdp_a_prod.nominal-gdp-current-prices-mining-and-quarrying.a,annual,Nominal GDP (current prices),Mining and quarrying,2020,41714742704.2,41714742704.2,ok,,
gdp_a_prod.nominal-gdp-current-prices-mining-and-quarrying.a,annual,Nominal GDP (current prices),Mining and quarrying,2021,41581581942.9,41581581942.9,ok,,
gdp_a_prod.nominal-gdp-current-prices-mining-and-quarrying.a,annual,Nominal GDP (current prices),Mining and quarrying,2022,77245111912.1,77245111912.1,ok,,
gdp_a_prod.nominal-gdp-current-prices-mining-and-quarrying.a,annual,Nominal GDP (current prices),Mining and quarrying,2023,106417176162.4,106417176162.4,ok,,
gdp_a_prod.nominal-gdp-current-prices-mining-and-quarrying.a,annual,Nominal GDP (current prices),Mining and quarrying,2024,152754293011.2,152754293011.2,ok,,provisional*
gdp_a_prod.nominal-gdp-current-prices-mining-and-quarrying.a,annual,Nominal GDP (current prices),Mining and quarrying,2025,198129238504.1,198129238504.1,ok,,provisional**
gdp_a_prod.nominal-gdp-current-prices-oil-and-gas.a,annual,Nominal GDP (current prices),Oil and gas,2013,6648758909.2,6648758909.2,ok,,
gdp_a_prod.nominal-gdp-current-prices-oil-and-gas.a,annual,Nominal GDP (current prices),Oil and gas,2014,9555807327.8,9555807327.8,ok,,
gdp_a_prod.nominal-gdp-current-prices-oil-and-gas.a,annual,Nominal GDP (current prices),Oil and gas,2015,4691873059.5,4691873059.5,ok,,
gdp_a_prod.nominal-gdp-current-prices-oil-and-gas.a,annual,Nominal GDP (current prices),Oil and gas,2016,1027030736,1027030736,ok,,
gdp_a_prod.nominal-gdp-current-prices-oil-and-gas.a,annual,Nominal GDP (current prices),Oil and gas,2017,9022581622.2,9022581622.2,ok,,
gdp_a_prod.nominal-gdp-current-prices-oil-and-gas.a,annual,Nominal GDP (current prices),Oil and gas,2018,16971082610,16971082610,ok,,
gdp_a_prod.nominal-gdp-current-prices-oil-and-gas.a,annual,Nominal GDP (current prices),Oil and gas,2019,21334682959,21334682959,ok,,
gdp_a_prod.nominal-gdp-current-prices-oil-and-gas.a,annual,Nominal GDP (current prices),Oil and gas,2020,13792815318.9,13792815318.9,ok,,
gdp_a_prod.nominal-gdp-current-prices-oil-and-gas.a,annual,Nominal GDP (current prices),Oil and gas,2021,21081500410.6,21081500410.6,ok,,
gdp_a_prod.nominal-gdp-current-prices-oil-and-gas.a,annual,Nominal GDP (current prices),Oil and gas,2022,32939330465.7,32939330465.7,ok,,
gdp_a_prod.nominal-gdp-current-prices-oil-and-gas.a,annual,Nominal GDP (current prices),Oil and gas,2023,37275073332.7,37275073332.7,ok,,
gdp_a_prod.nominal-gdp-current-prices-oil-and-gas.a,annual,Nominal GDP (current prices),Oil and gas,2024,48014770136.3,48014770136.3,ok,,provisional*
gdp_a_prod.nominal-gdp-current-prices-oil-and-gas.a,annual,Nominal GDP (current prices),Oil and gas,2025,29899562631.6,29899562631.6,ok,,provisional**
gdp_a_prod.nominal-gdp-current-prices-gold.a,annual,Nominal GDP (current prices),Gold,2013,8174493590.7,8174493590.7,ok,,
gdp_a_prod.nominal-gdp-current-prices-gold.a,annual,Nominal GDP (current prices),Gold,2014,11158752473.9,11158752473.9,ok,,
gdp_a_prod.nominal-gdp-current-prices-gold.a,annual,Nominal GDP (current prices),Gold,2015,10647462136.4,10647462136.4,ok,,
gdp_a_prod.nominal-gdp-current-prices-gold.a,annual,Nominal GDP (current prices),Gold,2016,13965436363.1,13965436363.1,ok,,
gdp_a_prod.nominal-gdp-current-prices-gold.a,annual,Nominal GDP (current prices),Gold,2017,15189138330.9,15189138330.9,ok,,
gdp_a_prod.nominal-gdp-current-prices-gold.a,annual,Nominal GDP (current prices),Gold,2018,19773163931,19773163931,ok,,
gdp_a_prod.nominal-gdp-current-prices-gold.a,annual,Nominal GDP (current prices),Gold,2019,22736734982.2,22736734982.2,ok,,
gdp_a_prod.nominal-gdp-current-prices-gold.a,annual,Nominal GDP (current prices),Gold,2020,27233207641.6,27233207641.6,ok,,
gdp_a_prod.nominal-gdp-current-prices-gold.a,annual,Nominal GDP (current prices),Gold,2021,18635611574.7,18635611574.7,ok,,
gdp_a_prod.nominal-gdp-current-prices-gold.a,annual,Nominal GDP (current prices),Gold,2022,42904277562.8,42904277562.8,ok,,
gdp_a_prod.nominal-gdp-current-prices-gold.a,annual,Nominal GDP (current prices),Gold,2023,65579694586.5,65579694586.5,ok,,
gdp_a_prod.nominal-gdp-current-prices-gold.a,annual,Nominal GDP (current prices),Gold,2024,88052089147.4,88052089147.4,ok,,provisional*
gdp_a_prod.nominal-gdp-current-prices-gold.a,annual,Nominal GDP (current prices),Gold,2025,133616049885.6,133616049885.6,ok,,provisional**
gdp_a_prod.nominal-gdp-current-prices-manufacturing.a,annual,Nominal GDP (current prices),Manufacturing,2013,14425143335.1,14425143335.1,ok,,
gdp_a_prod.nominal-gdp-current-prices-manufacturing.a,annual,Nominal GDP (current prices),Manufacturing,2014,17486894971.2,17486894971.2,ok,,
gdp_a_prod.nominal-gdp-current-prices-manufacturing.a,annual,Nominal GDP (current prices),Manufacturing,2015,20368225292,20368225292,ok,,
gdp_a_prod.nominal-gdp-current-prices-manufacturing.a,annual,Nominal GDP (current prices),Manufacturing,2016,23761067602.7,23761067602.7,ok,,
gdp_a_prod.nominal-gdp-current-prices-manufacturing.a,annual,Nominal GDP (current prices),Manufacturing,2017,26679835835.1,26679835835.1,ok,,
gdp_a_prod.nominal-gdp-current-prices-manufacturing.a,annual,Nominal GDP (current prices),Manufacturing,2018,31229455886.9,31229455886.9,ok,,
gdp_a_prod.nominal-gdp-current-prices-manufacturing.a,annual,Nominal GDP (current prices),Manufacturing,2019,36229242651.2,36229242651.2,ok,,
gdp_a_prod.nominal-gdp-current-prices-manufacturing.a,annual,Nominal GDP (current prices),Manufacturing,2020,42929487411.9,42929487411.9,ok,,
gdp_a_prod.nominal-gdp-current-prices-manufacturing.a,annual,Nominal GDP (current prices),Manufacturing,2021,50257458517,50257458517,ok,,
gdp_a_prod.nominal-gdp-current-prices-manufacturing.a,annual,Nominal GDP (current prices),Manufacturing,2022,70553029379.2,70553029379.2,ok,,
gdp_a_prod.nominal-gdp-current-prices-manufacturing.a,annual,Nominal GDP (current prices),Manufacturing,2023,98907802612.9,98907802612.9,ok,,
gdp_a_prod.nominal-gdp-current-prices-manufacturing.a,annual,Nominal GDP (current prices),Manufacturing,2024,125039679991.2,125039679991.2,ok,,provisional*
gdp_a_prod.nominal-gdp-current-prices-manufacturing.a,annual,Nominal GDP (current prices),Manufacturing,2025,144939358569.4,144939358569.4,ok,,provisional**
gdp_a_prod.nominal-gdp-current-prices-electricity.a,annual,Nominal GDP (current prices),Electricity,2013,1340736358.3,1340736358.3,ok,,
gdp_a_prod.nominal-gdp-current-prices-electricity.a,annual,Nominal GDP (current prices),Electricity,2014,1392721211.6,1392721211.6,ok,,
gdp_a_prod.nominal-gdp-current-prices-electricity.a,annual,Nominal GDP (current prices),Electricity,2015,3009478955.6,3009478955.6,ok,,
gdp_a_prod.nominal-gdp-current-prices-electricity.a,annual,Nominal GDP (current prices),Electricity,2016,3521981999.3,3521981999.3,ok,,
gdp_a_prod.nominal-gdp-current-prices-electricity.a,annual,Nominal GDP (current prices),Electricity,2017,4435061042,4435061042,ok,,
gdp_a_prod.nominal-gdp-current-prices-electricity.a,annual,Nominal GDP (current prices),Electricity,2018,4221093194.8,4221093194.8,ok,,
gdp_a_prod.nominal-gdp-current-prices-electricity.a,annual,Nominal GDP (current prices),Electricity,2019,4377333055.5,4377333055.5,ok,,
gdp_a_prod.nominal-gdp-current-prices-electricity.a,annual,Nominal GDP (current prices),Electricity,2020,4808000000,4808000000,ok,,
gdp_a_prod.nominal-gdp-current-prices-electricity.a,annual,Nominal GDP (current prices),Electricity,2021,5457954728.4,5457954728.4,ok,,
gdp_a_prod.nominal-gdp-current-prices-electricity.a,annual,Nominal GDP (current prices),Electricity,2022,5362697690.3,5362697690.3,ok,,
gdp_a_prod.nominal-gdp-current-prices-electricity.a,annual,Nominal GDP (current prices),Electricity,2023,6427774492.5,6427774492.5,ok,,
gdp_a_prod.nominal-gdp-current-prices-electricity.a,annual,Nominal GDP (current prices),Electricity,2024,6835605901.5,6835605901.5,ok,,provisional*
gdp_a_prod.nominal-gdp-current-prices-electricity.a,annual,Nominal GDP (current prices),Electricity,2025,7088045777.2,7088045777.2,ok,,provisional**
gdp_a_prod.nominal-gdp-current-prices-water-and-sewerage.a,annual,Nominal GDP (current prices),Water and sewerage,2013,702617828.5,702617828.5,ok,,
gdp_a_prod.nominal-gdp-current-prices-water-and-sewerage.a,annual,Nominal GDP (current prices),Water and sewerage,2014,729860682.4,729860682.4,ok,,
gdp_a_prod.nominal-gdp-current-prices-water-and-sewerage.a,annual,Nominal GDP (current prices),Water and sewerage,2015,1577128535,1577128535,ok,,
gdp_a_prod.nominal-gdp-current-prices-water-and-sewerage.a,annual,Nominal GDP (current prices),Water and sewerage,2016,1845707643.4,1845707643.4,ok,,
gdp_a_prod.nominal-gdp-current-prices-water-and-sewerage.a,annual,Nominal GDP (current prices),Water and sewerage,2017,2324210080,2324210080,ok,,
gdp_a_prod.nominal-gdp-current-prices-water-and-sewerage.a,annual,Nominal GDP (current prices),Water and sewerage,2018,2212079441.2,2212079441.2,ok,,
gdp_a_prod.nominal-gdp-current-prices-water-and-sewerage.a,annual,Nominal GDP (current prices),Water and sewerage,2019,2293957515.9,2293957515.9,ok,,
gdp_a_prod.nominal-gdp-current-prices-water-and-sewerage.a,annual,Nominal GDP (current prices),Water and sewerage,2020,2539207445.6,2539207445.6,ok,,
gdp_a_prod.nominal-gdp-current-prices-water-and-sewerage.a,annual,Nominal GDP (current prices),Water and sewerage,2021,3931040765,3931040765,ok,,
gdp_a_prod.nominal-gdp-current-prices-water-and-sewerage.a,annual,Nominal GDP (current prices),Water and sewerage,2022,4580990000,4580990000,ok,,
gdp_a_prod.nominal-gdp-current-prices-water-and-sewerage.a,annual,Nominal GDP (current prices),Water and sewerage,2023,6427699179.6,6427699179.6,ok,,
gdp_a_prod.nominal-gdp-current-prices-water-and-sewerage.a,annual,Nominal GDP (current prices),Water and sewerage,2024,6589018074.9,6589018074.9,ok,,provisional*
gdp_a_prod.nominal-gdp-current-prices-water-and-sewerage.a,annual,Nominal GDP (current prices),Water and sewerage,2025,6859124343.8,6859124343.8,ok,,provisional**
gdp_a_prod.nominal-gdp-current-prices-construction.a,annual,Nominal GDP (current prices),Construction,2013,10407880689.2,10407880689.2,ok,,
gdp_a_prod.nominal-gdp-current-prices-construction.a,annual,Nominal GDP (current prices),Construction,2014,11916134703.2,11916134703.2,ok,,
gdp_a_prod.nominal-gdp-current-prices-construction.a,annual,Nominal GDP (current prices),Construction,2015,15020023995,15020023995,ok,,
gdp_a_prod.nominal-gdp-current-prices-construction.a,annual,Nominal GDP (current prices),Construction,2016,14832911434.5,14832911434.5,ok,,
gdp_a_prod.nominal-gdp-current-prices-construction.a,annual,Nominal GDP (current prices),Construction,2017,19006975349.6,19006975349.6,ok,,
gdp_a_prod.nominal-gdp-current-prices-construction.a,annual,Nominal GDP (current prices),Construction,2018,19251778699.7,19251778699.7,ok,,
gdp_a_prod.nominal-gdp-current-prices-construction.a,annual,Nominal GDP (current prices),Construction,2019,20552465563.2,20552465563.2,ok,,
gdp_a_prod.nominal-gdp-current-prices-construction.a,annual,Nominal GDP (current prices),Construction,2020,25107732071.9,25107732071.9,ok,,
gdp_a_prod.nominal-gdp-current-prices-construction.a,annual,Nominal GDP (current prices),Construction,2021,29916478363.3,29916478363.3,ok,,
gdp_a_prod.nominal-gdp-current-prices-construction.a,annual,Nominal GDP (current prices),Construction,2022,35590100000,35590100000,ok,,
gdp_a_prod.nominal-gdp-current-prices-construction.a,annual,Nominal GDP (current prices),Construction,2023,43408934943.7,43408934943.7,ok,,
gdp_a_prod.nominal-gdp-current-prices-construction.a,annual,Nominal GDP (current prices),Construction,2024,54157479411.6,54157479411.6,ok,,provisional*
gdp_a_prod.nominal-gdp-current-prices-construction.a,annual,Nominal GDP (current prices),Construction,2025,62504455607.2,62504455607.2,ok,,provisional**
gdp_a_prod.nominal-gdp-current-prices-services.a,annual,Nominal GDP (current prices),Services,2013,50523645539.3,50523645539.3,ok,,
gdp_a_prod.nominal-gdp-current-prices-services.a,annual,Nominal GDP (current prices),Services,2014,59369527853.4,59369527853.4,ok,,
gdp_a_prod.nominal-gdp-current-prices-services.a,annual,Nominal GDP (current prices),Services,2015,74355899706.8,74355899706.8,ok,,
gdp_a_prod.nominal-gdp-current-prices-services.a,annual,Nominal GDP (current prices),Services,2016,96437001801.7,96437001801.7,ok,,
gdp_a_prod.nominal-gdp-current-prices-services.a,annual,Nominal GDP (current prices),Services,2017,114272074373.3,114272074373.3,ok,,
gdp_a_prod.nominal-gdp-current-prices-services.a,annual,Nominal GDP (current prices),Services,2018,134786424207,134786424207,ok,,
gdp_a_prod.nominal-gdp-current-prices-services.a,annual,Nominal GDP (current prices),Services,2019,160948181606,160948181606,ok,,
gdp_a_prod.nominal-gdp-current-prices-services.a,annual,Nominal GDP (current prices),Services,2020,177110885061.9,177110885061.9,ok,,
gdp_a_prod.nominal-gdp-current-prices-services.a,annual,Nominal GDP (current prices),Services,2021,209249429017.7,209249429017.7,ok,,
gdp_a_prod.nominal-gdp-current-prices-services.a,annual,Nominal GDP (current prices),Services,2022,262788670000,262788670000,ok,,
gdp_a_prod.nominal-gdp-current-prices-services.a,annual,Nominal GDP (current prices),Services,2023,382732799153.1,382732799153.1,ok,,
gdp_a_prod.nominal-gdp-current-prices-services.a,annual,Nominal GDP (current prices),Services,2024,516253231187.6,516253231187.6,ok,,provisional*
gdp_a_prod.nominal-gdp-current-prices-services.a,annual,Nominal GDP (current prices),Services,2025,614856611739.4,614856611739.4,ok,,provisional**
gdp_a_prod.nominal-gdp-current-prices-trade-repair-of-vehicles-household-goods.a,annual,Nominal GDP (current prices),"Trade; repair of vehicles, household goods",2013,13876807337.5,13876807337.5,ok,,
gdp_a_prod.nominal-gdp-current-prices-trade-repair-of-vehicles-household-goods.a,annual,Nominal GDP (current prices),"Trade; repair of vehicles, household goods",2014,16842049841,16842049841,ok,,
gdp_a_prod.nominal-gdp-current-prices-trade-repair-of-vehicles-household-goods.a,annual,Nominal GDP (current prices),"Trade; repair of vehicles, household goods",2015,21644538431.5,21644538431.5,ok,,
gdp_a_prod.nominal-gdp-current-prices-trade-repair-of-vehicles-household-goods.a,annual,Nominal GDP (current prices),"Trade; repair of vehicles, household goods",2016,29504702802,29504702802,ok,,
gdp_a_prod.nominal-gdp-current-prices-trade-repair-of-vehicles-household-goods.a,annual,Nominal GDP (current prices),"Trade; repair of vehicles, household goods",2017,35315398846.4,35315398846.4,ok,,
gdp_a_prod.nominal-gdp-current-prices-trade-repair-of-vehicles-household-goods.a,annual,Nominal GDP (current prices),"Trade; repair of vehicles, household goods",2018,44713177907.6,44713177907.6,ok,,
gdp_a_prod.nominal-gdp-current-prices-trade-repair-of-vehicles-household-goods.a,annual,Nominal GDP (current prices),"Trade; repair of vehicles, household goods",2019,53765596121.5,53765596121.5,ok,,
gdp_a_prod.nominal-gdp-current-prices-trade-repair-of-vehicles-household-goods.a,annual,Nominal GDP (current prices),"Trade; repair of vehicles, household goods",2020,62201000000,62201000000,ok,,
gdp_a_prod.nominal-gdp-current-prices-trade-repair-of-vehicles-household-goods.a,annual,Nominal GDP (current prices),"Trade; repair of vehicles, household goods",2021,73634365722.1,73634365722.1,ok,,
gdp_a_prod.nominal-gdp-current-prices-trade-repair-of-vehicles-household-goods.a,annual,Nominal GDP (current prices),"Trade; repair of vehicles, household goods",2022,99820080000,99820080000,ok,,
gdp_a_prod.nominal-gdp-current-prices-trade-repair-of-vehicles-household-goods.a,annual,Nominal GDP (current prices),"Trade; repair of vehicles, household goods",2023,163890377579.1,163890377579.1,ok,,
gdp_a_prod.nominal-gdp-current-prices-trade-repair-of-vehicles-household-goods.a,annual,Nominal GDP (current prices),"Trade; repair of vehicles, household goods",2024,244962221845.2,244962221845.2,ok,,provisional*
gdp_a_prod.nominal-gdp-current-prices-trade-repair-of-vehicles-household-goods.a,annual,Nominal GDP (current prices),"Trade; repair of vehicles, household goods",2025,294634724990.5,294634724990.5,ok,,provisional**
gdp_a_prod.nominal-gdp-current-prices-accommodation-and-food-service-activities.a,annual,Nominal GDP (current prices),Accommodation and food service activities,2013,4675149156.6,4675149156.6,ok,,
gdp_a_prod.nominal-gdp-current-prices-accommodation-and-food-service-activities.a,annual,Nominal GDP (current prices),Accommodation and food service activities,2014,5384243028,5384243028,ok,,
gdp_a_prod.nominal-gdp-current-prices-accommodation-and-food-service-activities.a,annual,Nominal GDP (current prices),Accommodation and food service activities,2015,5905150661.6,5905150661.6,ok,,
gdp_a_prod.nominal-gdp-current-prices-accommodation-and-food-service-activities.a,annual,Nominal GDP (current prices),Accommodation and food service activities,2016,7417059451.7,7417059451.7,ok,,
gdp_a_prod.nominal-gdp-current-prices-accommodation-and-food-service-activities.a,annual,Nominal GDP (current prices),Accommodation and food service activities,2017,9453082517.1,9453082517.1,ok,,
gdp_a_prod.nominal-gdp-current-prices-accommodation-and-food-service-activities.a,annual,Nominal GDP (current prices),Accommodation and food service activities,2018,10807370810.2,10807370810.2,ok,,
gdp_a_prod.nominal-gdp-current-prices-accommodation-and-food-service-activities.a,annual,Nominal GDP (current prices),Accommodation and food service activities,2019,12473439522.7,12473439522.7,ok,,
gdp_a_prod.nominal-gdp-current-prices-accommodation-and-food-service-activities.a,annual,Nominal GDP (current prices),Accommodation and food service activities,2020,8715924149.8,8715924149.8,ok,,
gdp_a_prod.nominal-gdp-current-prices-accommodation-and-food-service-activities.a,annual,Nominal GDP (current prices),Accommodation and food service activities,2021,10012968835.2,10012968835.2,ok,,
gdp_a_prod.nominal-gdp-current-prices-accommodation-and-food-service-activities.a,annual,Nominal GDP (current prices),Accommodation and food service activities,2022,11822760000,11822760000,ok,,
gdp_a_prod.nominal-gdp-current-prices-accommodation-and-food-service-activities.a,annual,Nominal GDP (current prices),Accommodation and food service activities,2023,15970288011.1,15970288011.1,ok,,
gdp_a_prod.nominal-gdp-current-prices-accommodation-and-food-service-activities.a,annual,Nominal GDP (current prices),Accommodation and food service activities,2024,18730714462.9,18730714462.9,ok,,provisional*
gdp_a_prod.nominal-gdp-current-prices-accommodation-and-food-service-activities.a,annual,Nominal GDP (current prices),Accommodation and food service activities,2025,22000325122.7,22000325122.7,ok,,provisional**
gdp_a_prod.nominal-gdp-current-prices-transport-and-storage.a,annual,Nominal GDP (current prices),Transport and storage,2013,7054711611.1,7054711611.1,ok,,
gdp_a_prod.nominal-gdp-current-prices-transport-and-storage.a,annual,Nominal GDP (current prices),Transport and storage,2014,7801124677.9,7801124677.9,ok,,
gdp_a_prod.nominal-gdp-current-prices-transport-and-storage.a,annual,Nominal GDP (current prices),Transport and storage,2015,10057398527.9,10057398527.9,ok,,
gdp_a_prod.nominal-gdp-current-prices-transport-and-storage.a,annual,Nominal GDP (current prices),Transport and storage,2016,13259331262.6,13259331262.6,ok,,
gdp_a_prod.nominal-gdp-current-prices-transport-and-storage.a,annual,Nominal GDP (current prices),Transport and storage,2017,17294010922.2,17294010922.2,ok,,
gdp_a_prod.nominal-gdp-current-prices-transport-and-storage.a,annual,Nominal GDP (current prices),Transport and storage,2018,21083160292.4,21083160292.4,ok,,
gdp_a_prod.nominal-gdp-current-prices-transport-and-storage.a,annual,Nominal GDP (current prices),Transport and storage,2019,23529685360.2,23529685360.2,ok,,
gdp_a_prod.nominal-gdp-current-prices-transport-and-storage.a,annual,Nominal GDP (current prices),Transport and storage,2020,26567217548.5,26567217548.5,ok,,
gdp_a_prod.nominal-gdp-current-prices-transport-and-storage.a,annual,Nominal GDP (current prices),Transport and storage,2021,32684961506.3,32684961506.3,ok,,
gdp_a_prod.nominal-gdp-current-prices-transport-and-storage.a,annual,Nominal GDP (current prices),Transport and storage,2022,36957910000,36957910000,ok,,
gdp_a_prod.nominal-gdp-current-prices-transport-and-storage.a,annual,Nominal GDP (current prices),Transport and storage,2023,49110387527.6,49110387527.6,ok,,
gdp_a_prod.nominal-gdp-current-prices-transport-and-storage.a,annual,Nominal GDP (current prices),Transport and storage,2024,65918769974.1,65918769974.1,ok,,provisional*
gdp_a_prod.nominal-gdp-current-prices-transport-and-storage.a,annual,Nominal GDP (current prices),Transport and storage,2025,75377545099,75377545099,ok,,provisional**
gdp_a_prod.nominal-gdp-current-prices-information-and-communication.a,annual,Nominal GDP (current prices),Information and communication,2013,1949371194.8,1949371194.8,ok,,
gdp_a_prod.nominal-gdp-current-prices-information-and-communication.a,annual,Nominal GDP (current prices),Information and communication,2014,2890200143.4,2890200143.4,ok,,
gdp_a_prod.nominal-gdp-current-prices-information-and-communication.a,annual,Nominal GDP (current prices),Information and communication,2015,3801035353.1,3801035353.1,ok,,
gdp_a_prod.nominal-gdp-current-prices-information-and-communication.a,annual,Nominal GDP (current prices),Information and communication,2016,4473093521.5,4473093521.5,ok,,
gdp_a_prod.nominal-gdp-current-prices-information-and-communication.a,annual,Nominal GDP (current prices),Information and communication,2017,5237380244.5,5237380244.5,ok,,
gdp_a_prod.nominal-gdp-current-prices-information-and-communication.a,annual,Nominal GDP (current prices),Information and communication,2018,7055765663,7055765663,ok,,
gdp_a_prod.nominal-gdp-current-prices-information-and-communication.a,annual,Nominal GDP (current prices),Information and communication,2019,10176509992.9,10176509992.9,ok,,
gdp_a_prod.nominal-gdp-current-prices-information-and-communication.a,annual,Nominal GDP (current prices),Information and communication,2020,13806872180.8,13806872180.8,ok,,
gdp_a_prod.nominal-gdp-current-prices-information-and-communication.a,annual,Nominal GDP (current prices),Information and communication,2021,17745458446,17745458446,ok,,
gdp_a_prod.nominal-gdp-current-prices-information-and-communication.a,annual,Nominal GDP (current prices),Information and communication,2022,21970200000,21970200000,ok,,
gdp_a_prod.nominal-gdp-current-prices-information-and-communication.a,annual,Nominal GDP (current prices),Information and communication,2023,27184291346,27184291346,ok,,
gdp_a_prod.nominal-gdp-current-prices-information-and-communication.a,annual,Nominal GDP (current prices),Information and communication,2024,31989435747.4,31989435747.4,ok,,provisional*
gdp_a_prod.nominal-gdp-current-prices-information-and-communication.a,annual,Nominal GDP (current prices),Information and communication,2025,39846474033.4,39846474033.4,ok,,provisional**
gdp_a_prod.nominal-gdp-current-prices-financial-and-insurance-activities.a,annual,Nominal GDP (current prices),Financial and insurance activities,2013,5882646400.2,5882646400.2,ok,,
gdp_a_prod.nominal-gdp-current-prices-financial-and-insurance-activities.a,annual,Nominal GDP (current prices),Financial and insurance activities,2014,7109793253.7,7109793253.7,ok,,
gdp_a_prod.nominal-gdp-current-prices-financial-and-insurance-activities.a,annual,Nominal GDP (current prices),Financial and insurance activities,2015,9436520439.1,9436520439.1,ok,,
gdp_a_prod.nominal-gdp-current-prices-financial-and-insurance-activities.a,annual,Nominal GDP (current prices),Financial and insurance activities,2016,13358942325.6,13358942325.6,ok,,
gdp_a_prod.nominal-gdp-current-prices-financial-and-insurance-activities.a,annual,Nominal GDP (current prices),Financial and insurance activities,2017,11875551851.2,11875551851.2,ok,,
gdp_a_prod.nominal-gdp-current-prices-financial-and-insurance-activities.a,annual,Nominal GDP (current prices),Financial and insurance activities,2018,11613226339,11613226339,ok,,
gdp_a_prod.nominal-gdp-current-prices-financial-and-insurance-activities.a,annual,Nominal GDP (current prices),Financial and insurance activities,2019,12636585042.1,12636585042.1,ok,,
gdp_a_prod.nominal-gdp-current-prices-financial-and-insurance-activities.a,annual,Nominal GDP (current prices),Financial and insurance activities,2020,14362742558.9,14362742558.9,ok,,
gdp_a_prod.nominal-gdp-current-prices-financial-and-insurance-activities.a,annual,Nominal GDP (current prices),Financial and insurance activities,2021,15770183231,15770183231,ok,,
gdp_a_prod.nominal-gdp-current-prices-financial-and-insurance-activities.a,annual,Nominal GDP (current prices),Financial and insurance activities,2022,21760480000,21760480000,ok,,
gdp_a_prod.nominal-gdp-current-prices-financial-and-insurance-activities.a,annual,Nominal GDP (current prices),Financial and insurance activities,2023,31365509303.4,31365509303.4,ok,,
gdp_a_prod.nominal-gdp-current-prices-financial-and-insurance-activities.a,annual,Nominal GDP (current prices),Financial and insurance activities,2024,39066983521.4,39066983521.4,ok,,provisional*
gdp_a_prod.nominal-gdp-current-prices-financial-and-insurance-activities.a,annual,Nominal GDP (current prices),Financial and insurance activities,2025,48982672150.9,48982672150.9,ok,,provisional**
gdp_a_prod.nominal-gdp-current-prices-real-estate.a,annual,Nominal GDP (current prices),Real estate,2013,1173306773.9,1173306773.9,ok,,
gdp_a_prod.nominal-gdp-current-prices-real-estate.a,annual,Nominal GDP (current prices),Real estate,2014,1367801039.4,1367801039.4,ok,,
gdp_a_prod.nominal-gdp-current-prices-real-estate.a,annual,Nominal GDP (current prices),Real estate,2015,2227843717.3,2227843717.3,ok,,
gdp_a_prod.nominal-gdp-current-prices-real-estate.a,annual,Nominal GDP (current prices),Real estate,2016,3555518638,3555518638,ok,,
gdp_a_prod.nominal-gdp-current-prices-real-estate.a,annual,Nominal GDP (current prices),Real estate,2017,5699813696.4,5699813696.4,ok,,
gdp_a_prod.nominal-gdp-current-prices-real-estate.a,annual,Nominal GDP (current prices),Real estate,2018,6263297186.9,6263297186.9,ok,,
gdp_a_prod.nominal-gdp-current-prices-real-estate.a,annual,Nominal GDP (current prices),Real estate,2019,9006389495.5,9006389495.5,ok,,
gdp_a_prod.nominal-gdp-current-prices-real-estate.a,annual,Nominal GDP (current prices),Real estate,2020,10086981775.3,10086981775.3,ok,,
gdp_a_prod.nominal-gdp-current-prices-real-estate.a,annual,Nominal GDP (current prices),Real estate,2021,11297419588.4,11297419588.4,ok,,
gdp_a_prod.nominal-gdp-current-prices-real-estate.a,annual,Nominal GDP (current prices),Real estate,2022,11884810000,11884810000,ok,,
gdp_a_prod.nominal-gdp-current-prices-real-estate.a,annual,Nominal GDP (current prices),Real estate,2023,16978910000,16978910000,ok,,
gdp_a_prod.nominal-gdp-current-prices-real-estate.a,annual,Nominal GDP (current prices),Real estate,2024,20599738861.4,20599738861.4,ok,,provisional*
gdp_a_prod.nominal-gdp-current-prices-real-estate.a,annual,Nominal GDP (current prices),Real estate,2025,23433676545.7,23433676545.7,ok,,provisional**
gdp_a_prod.nominal-gdp-current-prices-professional-administrative-and-support-service-activ.a,annual,Nominal GDP (current prices),"Professional, administrative and support service activities",2013,1671197102.7,1671197102.7,ok,,
gdp_a_prod.nominal-gdp-current-prices-professional-administrative-and-support-service-activ.a,annual,Nominal GDP (current prices),"Professional, administrative and support service activities",2014,2192344438.3,2192344438.3,ok,,
gdp_a_prod.nominal-gdp-current-prices-professional-administrative-and-support-service-activ.a,annual,Nominal GDP (current prices),"Professional, administrative and support service activities",2015,2761653478.6,2761653478.6,ok,,
gdp_a_prod.nominal-gdp-current-prices-professional-administrative-and-support-service-activ.a,annual,Nominal GDP (current prices),"Professional, administrative and support service activities",2016,3229057110.6,3229057110.6,ok,,
gdp_a_prod.nominal-gdp-current-prices-professional-administrative-and-support-service-activ.a,annual,Nominal GDP (current prices),"Professional, administrative and support service activities",2017,3813262255.7,3813262255.7,ok,,
gdp_a_prod.nominal-gdp-current-prices-professional-administrative-and-support-service-activ.a,annual,Nominal GDP (current prices),"Professional, administrative and support service activities",2018,4284200997.1,4284200997.1,ok,,
gdp_a_prod.nominal-gdp-current-prices-professional-administrative-and-support-service-activ.a,annual,Nominal GDP (current prices),"Professional, administrative and support service activities",2019,5016446116.4,5016446116.4,ok,,
gdp_a_prod.nominal-gdp-current-prices-professional-administrative-and-support-service-activ.a,annual,Nominal GDP (current prices),"Professional, administrative and support service activities",2020,5169445382.5,5169445382.5,ok,,
gdp_a_prod.nominal-gdp-current-prices-professional-administrative-and-support-service-activ.a,annual,Nominal GDP (current prices),"Professional, administrative and support service activities",2021,5986178846,5986178846,ok,,
gdp_a_prod.nominal-gdp-current-prices-professional-administrative-and-support-service-activ.a,annual,Nominal GDP (current prices),"Professional, administrative and support service activities",2022,7171550000,7171550000,ok,,
gdp_a_prod.nominal-gdp-current-prices-professional-administrative-and-support-service-activ.a,annual,Nominal GDP (current prices),"Professional, administrative and support service activities",2023,10502090000,10502090000,ok,,
gdp_a_prod.nominal-gdp-current-prices-professional-administrative-and-support-service-activ.a,annual,Nominal GDP (current prices),"Professional, administrative and support service activities",2024,12705564556.4,12705564556.4,ok,,provisional*
gdp_a_prod.nominal-gdp-current-prices-professional-administrative-and-support-service-activ.a,annual,Nominal GDP (current prices),"Professional, administrative and support service activities",2025,14650985193,14650985193,ok,,provisional**
gdp_a_prod.nominal-gdp-current-prices-public-administration-and-defence-social-security.a,annual,Nominal GDP (current prices),Public administration and defence; social security,2013,4585019083.3,4585019083.3,ok,,
gdp_a_prod.nominal-gdp-current-prices-public-administration-and-defence-social-security.a,annual,Nominal GDP (current prices),Public administration and defence; social security,2014,4891099072,4891099072,ok,,
gdp_a_prod.nominal-gdp-current-prices-public-administration-and-defence-social-security.a,annual,Nominal GDP (current prices),Public administration and defence; social security,2015,5630132236.1,5630132236.1,ok,,
gdp_a_prod.nominal-gdp-current-prices-public-administration-and-defence-social-security.a,annual,Nominal GDP (current prices),Public administration and defence; social security,2016,6990256341.2,6990256341.2,ok,,
gdp_a_prod.nominal-gdp-current-prices-public-administration-and-defence-social-security.a,annual,Nominal GDP (current prices),Public administration and defence; social security,2017,8435671040.5,8435671040.5,ok,,
gdp_a_prod.nominal-gdp-current-prices-public-administration-and-defence-social-security.a,annual,Nominal GDP (current prices),Public administration and defence; social security,2018,9942124106.6,9942124106.6,ok,,
gdp_a_prod.nominal-gdp-current-prices-public-administration-and-defence-social-security.a,annual,Nominal GDP (current prices),Public administration and defence; social security,2019,11642617573,11642617573,ok,,
gdp_a_prod.nominal-gdp-current-prices-public-administration-and-defence-social-security.a,annual,Nominal GDP (current prices),Public administration and defence; social security,2020,14237230000,14237230000,ok,,
gdp_a_prod.nominal-gdp-current-prices-public-administration-and-defence-social-security.a,annual,Nominal GDP (current prices),Public administration and defence; social security,2021,18698399017.1,18698399017.1,ok,,
gdp_a_prod.nominal-gdp-current-prices-public-administration-and-defence-social-security.a,annual,Nominal GDP (current prices),Public administration and defence; social security,2022,21862990000,21862990000,ok,,
gdp_a_prod.nominal-gdp-current-prices-public-administration-and-defence-social-security.a,annual,Nominal GDP (current prices),Public administration and defence; social security,2023,29204381560,29204381560,ok,,
gdp_a_prod.nominal-gdp-current-prices-public-administration-and-defence-social-security.a,annual,Nominal GDP (current prices),Public administration and defence; social security,2024,35721507065.6,35721507065.6,ok,,provisional*
gdp_a_prod.nominal-gdp-current-prices-public-administration-and-defence-social-security.a,annual,Nominal GDP (current prices),Public administration and defence; social security,2025,42423791289.8,42423791289.8,ok,,provisional**
gdp_a_prod.nominal-gdp-current-prices-education.a,annual,Nominal GDP (current prices),Education,2013,5325056977.7,5325056977.7,ok,,
gdp_a_prod.nominal-gdp-current-prices-education.a,annual,Nominal GDP (current prices),Education,2014,5888355856.1,5888355856.1,ok,,
gdp_a_prod.nominal-gdp-current-prices-education.a,annual,Nominal GDP (current prices),Education,2015,7125091066.4,7125091066.4,ok,,
gdp_a_prod.nominal-gdp-current-prices-education.a,annual,Nominal GDP (current prices),Education,2016,7826431473.1,7826431473.1,ok,,
gdp_a_prod.nominal-gdp-current-prices-education.a,annual,Nominal GDP (current prices),Education,2017,9129091501,9129091501,ok,,
gdp_a_prod.nominal-gdp-current-prices-education.a,annual,Nominal GDP (current prices),Education,2018,10076319145.3,10076319145.3,ok,,
gdp_a_prod.nominal-gdp-current-prices-education.a,annual,Nominal GDP (current prices),Education,2019,12155081792.4,12155081792.4,ok,,
gdp_a_prod.nominal-gdp-current-prices-education.a,annual,Nominal GDP (current prices),Education,2020,11254825563,11254825563,ok,,
gdp_a_prod.nominal-gdp-current-prices-education.a,annual,Nominal GDP (current prices),Education,2021,10986785612,10986785612,ok,,
gdp_a_prod.nominal-gdp-current-prices-education.a,annual,Nominal GDP (current prices),Education,2022,13269660000,13269660000,ok,,
gdp_a_prod.nominal-gdp-current-prices-education.a,annual,Nominal GDP (current prices),Education,2023,16835098150.1,16835098150.1,ok,,
gdp_a_prod.nominal-gdp-current-prices-education.a,annual,Nominal GDP (current prices),Education,2024,20400872109.5,20400872109.5,ok,,provisional*
gdp_a_prod.nominal-gdp-current-prices-education.a,annual,Nominal GDP (current prices),Education,2025,24486175618.3,24486175618.3,ok,,provisional**
gdp_a_prod.nominal-gdp-current-prices-health-and-social-work.a,annual,Nominal GDP (current prices),Health and social work,2013,2700226396.3,2700226396.3,ok,,
gdp_a_prod.nominal-gdp-current-prices-health-and-social-work.a,annual,Nominal GDP (current prices),Health and social work,2014,3213821324.2,3213821324.2,ok,,
gdp_a_prod.nominal-gdp-current-prices-health-and-social-work.a,annual,Nominal GDP (current prices),Health and social work,2015,3554507182.9,3554507182.9,ok,,
gdp_a_prod.nominal-gdp-current-prices-health-and-social-work.a,annual,Nominal GDP (current prices),Health and social work,2016,4112130028.6,4112130028.6,ok,,
gdp_a_prod.nominal-gdp-current-prices-health-and-social-work.a,annual,Nominal GDP (current prices),Health and social work,2017,5101309434.9,5101309434.9,ok,,
gdp_a_prod.nominal-gdp-current-prices-health-and-social-work.a,annual,Nominal GDP (current prices),Health and social work,2018,5999316135.6,5999316135.6,ok,,
gdp_a_prod.nominal-gdp-current-prices-health-and-social-work.a,annual,Nominal GDP (current prices),Health and social work,2019,7233701045,7233701045,ok,,
gdp_a_prod.nominal-gdp-current-prices-health-and-social-work.a,annual,Nominal GDP (current prices),Health and social work,2020,7703808920.2,7703808920.2,ok,,
gdp_a_prod.nominal-gdp-current-prices-health-and-social-work.a,annual,Nominal GDP (current prices),Health and social work,2021,8860111132.9,8860111132.9,ok,,
gdp_a_prod.nominal-gdp-current-prices-health-and-social-work.a,annual,Nominal GDP (current prices),Health and social work,2022,11665540000,11665540000,ok,,
gdp_a_prod.nominal-gdp-current-prices-health-and-social-work.a,annual,Nominal GDP (current prices),Health and social work,2023,15722284720.7,15722284720.7,ok,,
gdp_a_prod.nominal-gdp-current-prices-health-and-social-work.a,annual,Nominal GDP (current prices),Health and social work,2024,19134297663.8,19134297663.8,ok,,provisional*
gdp_a_prod.nominal-gdp-current-prices-health-and-social-work.a,annual,Nominal GDP (current prices),Health and social work,2025,21065972396.1,21065972396.1,ok,,provisional**
gdp_a_prod.nominal-gdp-current-prices-other-personal-service-activities.a,annual,Nominal GDP (current prices),Other personal service activities,2013,1630153505.1,1630153505.1,ok,,
gdp_a_prod.nominal-gdp-current-prices-other-personal-service-activities.a,annual,Nominal GDP (current prices),Other personal service activities,2014,1788695179.5,1788695179.5,ok,,
gdp_a_prod.nominal-gdp-current-prices-other-personal-service-activities.a,annual,Nominal GDP (current prices),Other personal service activities,2015,2212028612.2,2212028612.2,ok,,
gdp_a_prod.nominal-gdp-current-prices-other-personal-service-activities.a,annual,Nominal GDP (current prices),Other personal service activities,2016,2710478846.9,2710478846.9,ok,,
gdp_a_prod.nominal-gdp-current-prices-other-personal-service-activities.a,annual,Nominal GDP (current prices),Other personal service activities,2017,2917502063.4,2917502063.4,ok,,
gdp_a_prod.nominal-gdp-current-prices-other-personal-service-activities.a,annual,Nominal GDP (current prices),Other personal service activities,2018,2948465623.2,2948465623.2,ok,,
gdp_a_prod.nominal-gdp-current-prices-other-personal-service-activities.a,annual,Nominal GDP (current prices),Other personal service activities,2019,3312129544.3,3312129544.3,ok,,
gdp_a_prod.nominal-gdp-current-prices-other-personal-service-activities.a,annual,Nominal GDP (current prices),Other personal service activities,2020,3004836983.1,3004836983.1,ok,,
gdp_a_prod.nominal-gdp-current-prices-other-personal-service-activities.a,annual,Nominal GDP (current prices),Other personal service activities,2021,3572597080.6,3572597080.6,ok,,
gdp_a_prod.nominal-gdp-current-prices-other-personal-service-activities.a,annual,Nominal GDP (current prices),Other personal service activities,2022,4602690000,4602690000,ok,,
gdp_a_prod.nominal-gdp-current-prices-other-personal-service-activities.a,annual,Nominal GDP (current prices),Other personal service activities,2023,5969180955.1,5969180955.1,ok,,
gdp_a_prod.nominal-gdp-current-prices-other-personal-service-activities.a,annual,Nominal GDP (current prices),Other personal service activities,2024,7023125380,7023125380,ok,,provisional*
gdp_a_prod.nominal-gdp-current-prices-other-personal-service-activities.a,annual,Nominal GDP (current prices),Other personal service activities,2025,7954269300,7954269300,ok,,provisional**
gdp_a_prod.nominal-gdp-current-prices-net-indirect-taxes.a,annual,Nominal GDP (current prices),Net indirect taxes,2013,6163861142.8,6163861142.8,ok,,
gdp_a_prod.nominal-gdp-current-prices-net-indirect-taxes.a,annual,Nominal GDP (current prices),Net indirect taxes,2014,14447130483.6,14447130483.6,ok,,
gdp_a_prod.nominal-gdp-current-prices-net-indirect-taxes.a,annual,Nominal GDP (current prices),Net indirect taxes,2015,15384412556.7,15384412556.7,ok,,
gdp_a_prod.nominal-gdp-current-prices-net-indirect-taxes.a,annual,Nominal GDP (current prices),Net indirect taxes,2016,16571762372.2,16571762372.2,ok,,
gdp_a_prod.nominal-gdp-current-prices-net-indirect-taxes.a,annual,Nominal GDP (current prices),Net indirect taxes,2017,18404297015.7,18404297015.7,ok,,
gdp_a_prod.nominal-gdp-current-prices-net-indirect-taxes.a,annual,Nominal GDP (current prices),Net indirect taxes,2018,21623276112.6,21623276112.6,ok,,
gdp_a_prod.nominal-gdp-current-prices-net-indirect-taxes.a,annual,Nominal GDP (current prices),Net indirect taxes,2019,22918292775.6,22918292775.6,ok,,
gdp_a_prod.nominal-gdp-current-prices-net-indirect-taxes.a,annual,Nominal GDP (current prices),Net indirect taxes,2020,23835024486.7,23835024486.7,ok,,
gdp_a_prod.nominal-gdp-current-prices-net-indirect-taxes.a,annual,Nominal GDP (current prices),Net indirect taxes,2021,30543432887.9,30543432887.9,ok,,
gdp_a_prod.nominal-gdp-current-prices-net-indirect-taxes.a,annual,Nominal GDP (current prices),Net indirect taxes,2022,38336300000,38336300000,ok,,
gdp_a_prod.nominal-gdp-current-prices-net-indirect-taxes.a,annual,Nominal GDP (current prices),Net indirect taxes,2023,57504237182.8,57504237182.8,ok,,
gdp_a_prod.nominal-gdp-current-prices-net-indirect-taxes.a,annual,Nominal GDP (current prices),Net indirect taxes,2024,77806594844,77806594844,ok,,provisional*
gdp_a_prod.nominal-gdp-current-prices-net-indirect-taxes.a,annual,Nominal GDP (current prices),Net indirect taxes,2025,94617616185.2,94617616185.2,ok,,provisional**
gdp_a_prod.nominal-gdp-current-prices-informal-gdp.a,annual,Nominal GDP (current prices),Informal GDP,2013,36119602672.9,36119602672.9,warn,X1_time_sum,
gdp_a_prod.nominal-gdp-current-prices-informal-gdp.a,annual,Nominal GDP (current prices),Informal GDP,2014,43736870669.4,43736870669.4,warn,X1_time_sum,
gdp_a_prod.nominal-gdp-current-prices-informal-gdp.a,annual,Nominal GDP (current prices),Informal GDP,2015,51571222636.5,51571222636.5,warn,X1_time_sum,
gdp_a_prod.nominal-gdp-current-prices-informal-gdp.a,annual,Nominal GDP (current prices),Informal GDP,2016,64478521434,64478521434,warn,X1_time_sum,
gdp_a_prod.nominal-gdp-current-prices-informal-gdp.a,annual,Nominal GDP (current prices),Informal GDP,2017,73501322348.9,73501322348.9,warn,X1_time_sum,
gdp_a_prod.nominal-gdp-current-prices-informal-gdp.a,annual,Nominal GDP (current prices),Informal GDP,2018,72914633024.8,72914633024.8,warn,X1_time_sum,
gdp_a_prod.nominal-gdp-current-prices-informal-gdp.a,annual,Nominal GDP (current prices),Informal GDP,2019,89582438409.3,89582438409.3,warn,X1_time_sum,
gdp_a_prod.nominal-gdp-current-prices-informal-gdp.a,annual,Nominal GDP (current prices),Informal GDP,2020,101413853979.4,101413853979.4,ok,,
gdp_a_prod.nominal-gdp-current-prices-informal-gdp.a,annual,Nominal GDP (current prices),Informal GDP,2021,118879236247,118879236247,ok,,
gdp_a_prod.nominal-gdp-current-prices-informal-gdp.a,annual,Nominal GDP (current prices),Informal GDP,2022,162258794593.8,162258794593.8,warn,X1_time_sum,
gdp_a_prod.nominal-gdp-current-prices-informal-gdp.a,annual,Nominal GDP (current prices),Informal GDP,2023,241171144713,241171144713,ok,,
gdp_a_prod.nominal-gdp-current-prices-informal-gdp.a,annual,Nominal GDP (current prices),Informal GDP,2024,318848220887.6,318848220887.6,ok,,provisional*
gdp_a_prod.nominal-gdp-current-prices-informal-gdp.a,annual,Nominal GDP (current prices),Informal GDP,2025,397134677538.6,397134677538.6,ok,,provisional**
gdp_a_prod.nominal-gdp-current-prices-non-oil-gdp.a,annual,Nominal GDP (current prices),Non-oil GDP,2013,117828819876.5,117828819876.5,ok,,
gdp_a_prod.nominal-gdp-current-prices-non-oil-gdp.a,annual,Nominal GDP (current prices),Non-oil GDP,2014,149128187226.5,149128187226.5,ok,,
gdp_a_prod.nominal-gdp-current-prices-non-oil-gdp.a,annual,Nominal GDP (current prices),Non-oil GDP,2015,178833766987.7,178833766987.7,ok,,
gdp_a_prod.nominal-gdp-current-prices-non-oil-gdp.a,annual,Nominal GDP (current prices),Non-oil GDP,2016,218567564701.9,218567564701.9,ok,,
gdp_a_prod.nominal-gdp-current-prices-non-oil-gdp.a,annual,Nominal GDP (current prices),Non-oil GDP,2017,253775384428.3,253775384428.3,ok,,
gdp_a_prod.nominal-gdp-current-prices-non-oil-gdp.a,annual,Nominal GDP (current prices),Non-oil GDP,2018,291616313115.9,291616313115.9,ok,,
gdp_a_prod.nominal-gdp-current-prices-non-oil-gdp.a,annual,Nominal GDP (current prices),Non-oil GDP,2019,335209582655.7,335209582655.7,ok,,
gdp_a_prod.nominal-gdp-current-prices-non-oil-gdp.a,annual,Nominal GDP (current prices),Non-oil GDP,2020,378147917878.5,378147917878.5,ok,,
gdp_a_prod.nominal-gdp-current-prices-non-oil-gdp.a,annual,Nominal GDP (current prices),Non-oil GDP,2021,440613435604.9,440613435604.9,ok,,
gdp_a_prod.nominal-gdp-current-prices-non-oil-gdp.a,annual,Nominal GDP (current prices),Non-oil GDP,2022,581396922252.7,581396922252.7,ok,,
gdp_a_prod.nominal-gdp-current-prices-non-oil-gdp.a,annual,Nominal GDP (current prices),Non-oil GDP,2023,850473050640.5,850473050640.5,ok,,
gdp_a_prod.nominal-gdp-current-prices-non-oil-gdp.a,annual,Nominal GDP (current prices),Non-oil GDP,2024,1134784507649.5,1134784507649.5,ok,,provisional*
gdp_a_prod.nominal-gdp-current-prices-non-oil-gdp.a,annual,Nominal GDP (current prices),Non-oil GDP,2025,1404215182965.2,1404215182965.2,ok,,provisional**
gdp_a_prod.nominal-gdp-current-prices-non-gold-gdp.a,annual,Nominal GDP (current prices),Non-gold GDP,2013,116303085195,116303085195,ok,,
gdp_a_prod.nominal-gdp-current-prices-non-gold-gdp.a,annual,Nominal GDP (current prices),Non-gold GDP,2014,147525242080.4,147525242080.4,ok,,
gdp_a_prod.nominal-gdp-current-prices-non-gold-gdp.a,annual,Nominal GDP (current prices),Non-gold GDP,2015,172878177910.9,172878177910.9,ok,,
gdp_a_prod.nominal-gdp-current-prices-non-gold-gdp.a,annual,Nominal GDP (current prices),Non-gold GDP,2016,205629159074.8,205629159074.8,ok,,
gdp_a_prod.nominal-gdp-current-prices-non-gold-gdp.a,annual,Nominal GDP (current prices),Non-gold GDP,2017,247608827719.7,247608827719.7,ok,,
gdp_a_prod.nominal-gdp-current-prices-non-gold-gdp.a,annual,Nominal GDP (current prices),Non-gold GDP,2018,288814231794.9,288814231794.9,ok,,
gdp_a_prod.nominal-gdp-current-prices-non-gold-gdp.a,annual,Nominal GDP (current prices),Non-gold GDP,2019,333807530632.5,333807530632.5,ok,,
gdp_a_prod.nominal-gdp-current-prices-non-gold-gdp.a,annual,Nominal GDP (current prices),Non-gold GDP,2020,364707525555.8,364707525555.8,ok,,
gdp_a_prod.nominal-gdp-current-prices-non-gold-gdp.a,annual,Nominal GDP (current prices),Non-gold GDP,2021,443059324440.7,443059324440.7,ok,,
gdp_a_prod.nominal-gdp-current-prices-non-gold-gdp.a,annual,Nominal GDP (current prices),Non-gold GDP,2022,571431975155.6,571431975155.6,ok,,
gdp_a_prod.nominal-gdp-current-prices-non-gold-gdp.a,annual,Nominal GDP (current prices),Non-gold GDP,2023,822168429386.7,822168429386.7,ok,,
gdp_a_prod.nominal-gdp-current-prices-non-gold-gdp.a,annual,Nominal GDP (current prices),Non-gold GDP,2024,1094747188638.5,1094747188638.5,ok,,provisional*
gdp_a_prod.nominal-gdp-current-prices-non-gold-gdp.a,annual,Nominal GDP (current prices),Non-gold GDP,2025,1300498695711.2,1300498695711.2,ok,,provisional**
gdp_a_prod.nominal-gdp-current-prices-per-capita-gdp.a,annual,Nominal GDP (current prices),Per capita GDP,2013,4710.1,4710.1,ok,,
gdp_a_prod.nominal-gdp-current-prices-per-capita-gdp.a,annual,Nominal GDP (current prices),Per capita GDP,2014,5868.5,5868.5,ok,,
gdp_a_prod.nominal-gdp-current-prices-per-capita-gdp.a,annual,Nominal GDP (current prices),Per capita GDP,2015,6632.7,6632.7,ok,,
gdp_a_prod.nominal-gdp-current-prices-per-capita-gdp.a,annual,Nominal GDP (current prices),Per capita GDP,2016,7756.8,7756.8,ok,,
gdp_a_prod.nominal-gdp-current-prices-per-capita-gdp.a,annual,Nominal GDP (current prices),Per capita GDP,2017,9074.5,9074.5,ok,,
gdp_a_prod.nominal-gdp-current-prices-per-capita-gdp.a,annual,Nominal GDP (current prices),Per capita GDP,2018,10420.2,10420.2,ok,,
gdp_a_prod.nominal-gdp-current-prices-per-capita-gdp.a,annual,Nominal GDP (current prices),Per capita GDP,2019,11774.6,11774.6,ok,,
gdp_a_prod.nominal-gdp-current-prices-per-capita-gdp.a,annual,Nominal GDP (current prices),Per capita GDP,2020,12718.5,12718.5,ok,,
gdp_a_prod.nominal-gdp-current-prices-per-capita-gdp.a,annual,Nominal GDP (current prices),Per capita GDP,2021,14974.5,14974.5,ok,,
gdp_a_prod.nominal-gdp-current-prices-per-capita-gdp.a,annual,Nominal GDP (current prices),Per capita GDP,2022,19595.8,19595.8,ok,,
gdp_a_prod.nominal-gdp-current-prices-per-capita-gdp.a,annual,Nominal GDP (current prices),Per capita GDP,2023,28317,28317,ok,,
gdp_a_prod.nominal-gdp-current-prices-per-capita-gdp.a,annual,Nominal GDP (current prices),Per capita GDP,2024,35834.1,35834.1,ok,,provisional*
gdp_a_prod.nominal-gdp-current-prices-per-capita-gdp.a,annual,Nominal GDP (current prices),Per capita GDP,2025,42501.9,42501.9,ok,,provisional**
gdp_a_prod.real-gdp-constant-2013-prices-overall-gdp.a,annual,Real GDP (constant 2013 prices),Overall GDP,2013,124477578785.6,124477578785.6,ok,,
gdp_a_prod.real-gdp-constant-2013-prices-overall-gdp.a,annual,Real GDP (constant 2013 prices),Overall GDP,2014,128032957429.6,128032957429.6,ok,,
gdp_a_prod.real-gdp-constant-2013-prices-overall-gdp.a,annual,Real GDP (constant 2013 prices),Overall GDP,2015,130748228294.2,130748228294.2,ok,,
gdp_a_prod.real-gdp-constant-2013-prices-overall-gdp.a,annual,Real GDP (constant 2013 prices),Overall GDP,2016,135158974961.3,135158974961.3,ok,,
gdp_a_prod.real-gdp-constant-2013-prices-overall-gdp.a,annual,Real GDP (constant 2013 prices),Overall GDP,2017,146145906005.2,146145906005.2,ok,,
gdp_a_prod.real-gdp-constant-2013-prices-overall-gdp.a,annual,Real GDP (constant 2013 prices),Overall GDP,2018,155207065691.7,155207065691.7,ok,,
gdp_a_prod.real-gdp-constant-2013-prices-overall-gdp.a,annual,Real GDP (constant 2013 prices),Overall GDP,2019,165307591981.3,165307591981.3,ok,,
gdp_a_prod.real-gdp-constant-2013-prices-overall-gdp.a,annual,Real GDP (constant 2013 prices),Overall GDP,2020,166157176563.1,166157176563.1,ok,,
gdp_a_prod.real-gdp-constant-2013-prices-overall-gdp.a,annual,Real GDP (constant 2013 prices),Overall GDP,2021,174592089915.2,174592089915.2,ok,,
gdp_a_prod.real-gdp-constant-2013-prices-overall-gdp.a,annual,Real GDP (constant 2013 prices),Overall GDP,2022,181235056651.6,181235056651.6,ok,,
gdp_a_prod.real-gdp-constant-2013-prices-overall-gdp.a,annual,Real GDP (constant 2013 prices),Overall GDP,2023,186926002355.8,186926002355.8,ok,,
gdp_a_prod.real-gdp-constant-2013-prices-overall-gdp.a,annual,Real GDP (constant 2013 prices),Overall GDP,2024,197856441541.9,197856441541.9,ok,,provisional*
gdp_a_prod.real-gdp-constant-2013-prices-overall-gdp.a,annual,Real GDP (constant 2013 prices),Overall GDP,2025,209637639424.6,209637639424.6,ok,,provisional**
gdp_a_prod.real-gdp-constant-2013-prices-agriculture.a,annual,Real GDP (constant 2013 prices),Agriculture,2013,25355886759.9,25355886759.9,ok,,
gdp_a_prod.real-gdp-constant-2013-prices-agriculture.a,annual,Real GDP (constant 2013 prices),Agriculture,2014,25584208209.5,25584208209.5,ok,,
gdp_a_prod.real-gdp-constant-2013-prices-agriculture.a,annual,Real GDP (constant 2013 prices),Agriculture,2015,26110539288.2,26110539288.2,ok,,
gdp_a_prod.real-gdp-constant-2013-prices-agriculture.a,annual,Real GDP (constant 2013 prices),Agriculture,2016,26824149256,26824149256,ok,,
gdp_a_prod.real-gdp-constant-2013-prices-agriculture.a,annual,Real GDP (constant 2013 prices),Agriculture,2017,28490958804.4,28490958804.4,ok,,
gdp_a_prod.real-gdp-constant-2013-prices-agriculture.a,annual,Real GDP (constant 2013 prices),Agriculture,2018,29880099351.9,29880099351.9,ok,,
gdp_a_prod.real-gdp-constant-2013-prices-agriculture.a,annual,Real GDP (constant 2013 prices),Agriculture,2019,31271050337.9,31271050337.9,ok,,
gdp_a_prod.real-gdp-constant-2013-prices-agriculture.a,annual,Real GDP (constant 2013 prices),Agriculture,2020,33548743231.2,33548743231.2,ok,,
gdp_a_prod.real-gdp-constant-2013-prices-agriculture.a,annual,Real GDP (constant 2013 prices),Agriculture,2021,36385909689.3,36385909689.3,ok,,
gdp_a_prod.real-gdp-constant-2013-prices-agriculture.a,annual,Real GDP (constant 2013 prices),Agriculture,2022,37899734570.7,37899734570.7,ok,,
gdp_a_prod.real-gdp-constant-2013-prices-agriculture.a,annual,Real GDP (constant 2013 prices),Agriculture,2023,40123901987.8,40123901987.8,ok,,
gdp_a_prod.real-gdp-constant-2013-prices-agriculture.a,annual,Real GDP (constant 2013 prices),Agriculture,2024,41219334731.6,41219334731.6,ok,,provisional*
gdp_a_prod.real-gdp-constant-2013-prices-agriculture.a,annual,Real GDP (constant 2013 prices),Agriculture,2025,44013390876.5,44013390876.5,ok,,provisional**
gdp_a_prod.real-gdp-constant-2013-prices-crops.a,annual,Real GDP (constant 2013 prices),Crops,2013,18521356315.7,18521356315.7,ok,,
gdp_a_prod.real-gdp-constant-2013-prices-crops.a,annual,Real GDP (constant 2013 prices),Crops,2014,19035399676.5,19035399676.5,ok,,
gdp_a_prod.real-gdp-constant-2013-prices-crops.a,annual,Real GDP (constant 2013 prices),Crops,2015,19355409262.2,19355409262.2,ok,,
gdp_a_prod.real-gdp-constant-2013-prices-crops.a,annual,Real GDP (constant 2013 prices),Crops,2016,19787856741.2,19787856741.2,ok,,
gdp_a_prod.real-gdp-constant-2013-prices-crops.a,annual,Real GDP (constant 2013 prices),Crops,2017,21206817224.1,21206817224.1,ok,,
gdp_a_prod.real-gdp-constant-2013-prices-crops.a,annual,Real GDP (constant 2013 prices),Crops,2018,22446938551.8,22446938551.8,ok,,
gdp_a_prod.real-gdp-constant-2013-prices-crops.a,annual,Real GDP (constant 2013 prices),Crops,2019,23635593823.7,23635593823.7,ok,,
gdp_a_prod.real-gdp-constant-2013-prices-crops.a,annual,Real GDP (constant 2013 prices),Crops,2020,25677325932.7,25677325932.7,ok,,
gdp_a_prod.real-gdp-constant-2013-prices-crops.a,annual,Real GDP (constant 2013 prices),Crops,2021,27962745465,27962745465,ok,,
gdp_a_prod.real-gdp-constant-2013-prices-crops.a,annual,Real GDP (constant 2013 prices),Crops,2022,29024634570.7,29024634570.7,ok,,
gdp_a_prod.real-gdp-constant-2013-prices-crops.a,annual,Real GDP (constant 2013 prices),Crops,2023,30968813569.9,30968813569.9,ok,,
gdp_a_prod.real-gdp-constant-2013-prices-crops.a,annual,Real GDP (constant 2013 prices),Crops,2024,31935357983.1,31935357983.1,ok,,provisional*
gdp_a_prod.real-gdp-constant-2013-prices-crops.a,annual,Real GDP (constant 2013 prices),Crops,2025,34266437217.2,34266437217.2,ok,,provisional**
gdp_a_prod.real-gdp-constant-2013-prices-cocoa.a,annual,Real GDP (constant 2013 prices),Cocoa,2013,2597216113.4,2597216113.4,ok,,
gdp_a_prod.real-gdp-constant-2013-prices-cocoa.a,annual,Real GDP (constant 2013 prices),Cocoa,2014,2708778934,2708778934,ok,,
gdp_a_prod.real-gdp-constant-2013-prices-cocoa.a,annual,Real GDP (constant 2013 prices),Cocoa,2015,2493202370,2493202370,ok,,
gdp_a_prod.real-gdp-constant-2013-prices-cocoa.a,annual,Real GDP (constant 2013 prices),Cocoa,2016,2318269991.8,2318269991.8,ok,,
gdp_a_prod.real-gdp-constant-2013-prices-cocoa.a,annual,Real GDP (constant 2013 prices),Cocoa,2017,2531208827.8,2531208827.8,ok,,
gdp_a_prod.real-gdp-constant-2013-prices-cocoa.a,annual,Real GDP (constant 2013 prices),Cocoa,2018,2625414535.6,2625414535.6,ok,,
gdp_a_prod.real-gdp-constant-2013-prices-cocoa.a,annual,Real GDP (constant 2013 prices),Cocoa,2019,2768095530.5,2768095530.5,ok,,
gdp_a_prod.real-gdp-constant-2013-prices-cocoa.a,annual,Real GDP (constant 2013 prices),Cocoa,2020,2807052592.7,2807052592.7,ok,,
gdp_a_prod.real-gdp-constant-2013-prices-cocoa.a,annual,Real GDP (constant 2013 prices),Cocoa,2021,3098582140.1,3098582140.1,ok,,
gdp_a_prod.real-gdp-constant-2013-prices-cocoa.a,annual,Real GDP (constant 2013 prices),Cocoa,2022,3126700000,3126700000,ok,,
gdp_a_prod.real-gdp-constant-2013-prices-cocoa.a,annual,Real GDP (constant 2013 prices),Cocoa,2023,3116258540.4,3116258540.4,ok,,
gdp_a_prod.real-gdp-constant-2013-prices-cocoa.a,annual,Real GDP (constant 2013 prices),Cocoa,2024,2446870783.4,2446870783.4,ok,,provisional*
gdp_a_prod.real-gdp-constant-2013-prices-cocoa.a,annual,Real GDP (constant 2013 prices),Cocoa,2025,2797935936.3,2797935936.3,ok,,provisional**
gdp_a_prod.real-gdp-constant-2013-prices-livestock.a,annual,Real GDP (constant 2013 prices),Livestock,2013,3058436278.1,3058436278.1,ok,,
gdp_a_prod.real-gdp-constant-2013-prices-livestock.a,annual,Real GDP (constant 2013 prices),Livestock,2014,3214293539.7,3214293539.7,ok,,
gdp_a_prod.real-gdp-constant-2013-prices-livestock.a,annual,Real GDP (constant 2013 prices),Livestock,2015,3383018206.9,3383018206.9,ok,,
gdp_a_prod.real-gdp-constant-2013-prices-livestock.a,annual,Real GDP (constant 2013 prices),Livestock,2016,3564222206.9,3564222206.9,ok,,
gdp_a_prod.real-gdp-constant-2013-prices-livestock.a,annual,Real GDP (constant 2013 prices),Livestock,2017,3766209081.6,3766209081.6,ok,,
gdp_a_prod.real-gdp-constant-2013-prices-livestock.a,annual,Real GDP (constant 2013 prices),Livestock,2018,3968669594.7,3968669594.7,ok,,
gdp_a_prod.real-gdp-constant-2013-prices-livestock.a,annual,Real GDP (constant 2013 prices),Livestock,2019,4183716331.2,4183716331.2,ok,,
gdp_a_prod.real-gdp-constant-2013-prices-livestock.a,annual,Real GDP (constant 2013 prices),Livestock,2020,4411644047.5,4411644047.5,ok,,
gdp_a_prod.real-gdp-constant-2013-prices-livestock.a,annual,Real GDP (constant 2013 prices),Livestock,2021,4653245040.4,4653245040.4,ok,,
gdp_a_prod.real-gdp-constant-2013-prices-livestock.a,annual,Real GDP (constant 2013 prices),Livestock,2022,4909300000,4909300000,ok,,
gdp_a_prod.real-gdp-constant-2013-prices-livestock.a,annual,Real GDP (constant 2013 prices),Livestock,2023,5227869749.8,5227869749.8,ok,,
gdp_a_prod.real-gdp-constant-2013-prices-livestock.a,annual,Real GDP (constant 2013 prices),Livestock,2024,5411397287.2,5411397287.2,ok,,provisional*
gdp_a_prod.real-gdp-constant-2013-prices-livestock.a,annual,Real GDP (constant 2013 prices),Livestock,2025,5714481582.1,5714481582.1,ok,,provisional**
gdp_a_prod.real-gdp-constant-2013-prices-forestry-and-logging.a,annual,Real GDP (constant 2013 prices),Forestry and logging,2013,2013740341.1,2013740341.1,ok,,
gdp_a_prod.real-gdp-constant-2013-prices-forestry-and-logging.a,annual,Real GDP (constant 2013 prices),Forestry and logging,2014,1982731172.3,1982731172.3,ok,,
gdp_a_prod.real-gdp-constant-2013-prices-forestry-and-logging.a,annual,Real GDP (constant 2013 prices),Forestry and logging,2015,1905014874.9,1905014874.9,ok,,
gdp_a_prod.real-gdp-constant-2013-prices-forestry-and-logging.a,annual,Real GDP (constant 2013 prices),Forestry and logging,2016,1959512564.6,1959512564.6,ok,,
gdp_a_prod.real-gdp-constant-2013-prices-forestry-and-logging.a,annual,Real GDP (constant 2013 prices),Forestry and logging,2017,2025848381.1,2025848381.1,ok,,
gdp_a_prod.real-gdp-constant-2013-prices-forestry-and-logging.a,annual,Real GDP (constant 2013 prices),Forestry and logging,2018,2073478032.4,2073478032.4,ok,,
gdp_a_prod.real-gdp-constant-2013-prices-forestry-and-logging.a,annual,Real GDP (constant 2013 prices),Forestry and logging,2019,2037353226.2,2037353226.2,ok,,
gdp_a_prod.real-gdp-constant-2013-prices-forestry-and-logging.a,annual,Real GDP (constant 2013 prices),Forestry and logging,2020,1845926762.3,1845926762.3,ok,,
gdp_a_prod.real-gdp-constant-2013-prices-forestry-and-logging.a,annual,Real GDP (constant 2013 prices),Forestry and logging,2021,1926766470.3,1926766470.3,ok,,
gdp_a_prod.real-gdp-constant-2013-prices-forestry-and-logging.a,annual,Real GDP (constant 2013 prices),Forestry and logging,2022,1959900000,1959900000,ok,,
gdp_a_prod.real-gdp-constant-2013-prices-forestry-and-logging.a,annual,Real GDP (constant 2013 prices),Forestry and logging,2023,1838968380,1838968380,ok,,
gdp_a_prod.real-gdp-constant-2013-prices-forestry-and-logging.a,annual,Real GDP (constant 2013 prices),Forestry and logging,2024,1732150563,1732150563,ok,,provisional*
gdp_a_prod.real-gdp-constant-2013-prices-forestry-and-logging.a,annual,Real GDP (constant 2013 prices),Forestry and logging,2025,1689756449.1,1689756449.1,ok,,provisional**
gdp_a_prod.real-gdp-constant-2013-prices-fishing.a,annual,Real GDP (constant 2013 prices),Fishing,2013,1762353825,1762353825,ok,,
gdp_a_prod.real-gdp-constant-2013-prices-fishing.a,annual,Real GDP (constant 2013 prices),Fishing,2014,1351783820.9,1351783820.9,ok,,
gdp_a_prod.real-gdp-constant-2013-prices-fishing.a,annual,Real GDP (constant 2013 prices),Fishing,2015,1467096944.1,1467096944.1,ok,,
gdp_a_prod.real-gdp-constant-2013-prices-fishing.a,annual,Real GDP (constant 2013 prices),Fishing,2016,1512557743.3,1512557743.3,ok,,
gdp_a_prod.real-gdp-constant-2013-prices-fishing.a,annual,Real GDP (constant 2013 prices),Fishing,2017,1492084117.5,1492084117.5,ok,,
gdp_a_prod.real-gdp-constant-2013-prices-fishing.a,annual,Real GDP (constant 2013 prices),Fishing,2018,1391013173,1391013173,ok,,
gdp_a_prod.real-gdp-constant-2013-prices-fishing.a,annual,Real GDP (constant 2013 prices),Fishing,2019,1414386956.8,1414386956.8,ok,,
gdp_a_prod.real-gdp-constant-2013-prices-fishing.a,annual,Real GDP (constant 2013 prices),Fishing,2020,1613846488.7,1613846488.7,ok,,
gdp_a_prod.real-gdp-constant-2013-prices-fishing.a,annual,Real GDP (constant 2013 prices),Fishing,2021,1843152713.5,1843152713.5,ok,,
gdp_a_prod.real-gdp-constant-2013-prices-fishing.a,annual,Real GDP (constant 2013 prices),Fishing,2022,2005900000,2005900000,ok,,
gdp_a_prod.real-gdp-constant-2013-prices-fishing.a,annual,Real GDP (constant 2013 prices),Fishing,2023,2088250288.1,2088250288.1,ok,,
gdp_a_prod.real-gdp-constant-2013-prices-fishing.a,annual,Real GDP (constant 2013 prices),Fishing,2024,2140428898.3,2140428898.3,ok,,provisional*
gdp_a_prod.real-gdp-constant-2013-prices-fishing.a,annual,Real GDP (constant 2013 prices),Fishing,2025,2342715628.1,2342715628.1,ok,,provisional**
gdp_a_prod.real-gdp-constant-2013-prices-industry.a,annual,Real GDP (constant 2013 prices),Industry,2013,42434185343.7,42434185343.7,ok,,
gdp_a_prod.real-gdp-constant-2013-prices-industry.a,annual,Real GDP (constant 2013 prices),Industry,2014,42914094642.9,42914094642.9,ok,,
gdp_a_prod.real-gdp-constant-2013-prices-industry.a,annual,Real GDP (constant 2013 prices),Industry,2015,43408165411,43408165411,ok,,
gdp_a_prod.real-gdp-constant-2013-prices-industry.a,annual,Real GDP (constant 2013 prices),Industry,2016,45284564702.9,45284564702.9,ok,,
gdp_a_prod.real-gdp-constant-2013-prices-industry.a,annual,Real GDP (constant 2013 prices),Industry,2017,52355486999.6,52355486999.6,ok,,
gdp_a_prod.real-gdp-constant-2013-prices-industry.a,annual,Real GDP (constant 2013 prices),Industry,2018,57854380653.3,57854380653.3,ok,,
gdp_a_prod.real-gdp-constant-2013-prices-industry.a,annual,Real GDP (constant 2013 prices),Industry,2019,61537281840.1,61537281840.1,ok,,
gdp_a_prod.real-gdp-constant-2013-prices-industry.a,annual,Real GDP (constant 2013 prices),Industry,2020,60001224065.9,60001224065.9,ok,,
gdp_a_prod.real-gdp-constant-2013-prices-industry.a,annual,Real GDP (constant 2013 prices),Industry,2021,59714104724.6,59714104724.6,ok,,
gdp_a_prod.real-gdp-constant-2013-prices-industry.a,annual,Real GDP (constant 2013 prices),Industry,2022,60068513751.9,60068513751.9,ok,,
gdp_a_prod.real-gdp-constant-2013-prices-industry.a,annual,Real GDP (constant 2013 prices),Industry,2023,59019980250.4,59019980250.4,ok,,
gdp_a_prod.real-gdp-constant-2013-prices-industry.a,annual,Real GDP (constant 2013 prices),Industry,2024,63266717396.4,63266717396.4,ok,,provisional*
gdp_a_prod.real-gdp-constant-2013-prices-industry.a,annual,Real GDP (constant 2013 prices),Industry,2025,64724776177.6,64724776177.6,ok,,provisional**
gdp_a_prod.real-gdp-constant-2013-prices-mining-and-quarrying.a,annual,Real GDP (constant 2013 prices),Mining and quarrying,2013,15557807132.5,15557807132.5,ok,,
gdp_a_prod.real-gdp-constant-2013-prices-mining-and-quarrying.a,annual,Real GDP (constant 2013 prices),Mining and quarrying,2014,16393878295,16393878295,ok,,
gdp_a_prod.real-gdp-constant-2013-prices-mining-and-quarrying.a,annual,Real GDP (constant 2013 prices),Mining and quarrying,2015,15040286553.7,15040286553.7,ok,,
gdp_a_prod.real-gdp-constant-2013-prices-mining-and-quarrying.a,annual,Real GDP (constant 2013 prices),Mining and quarrying,2016,15004412548.5,15004412548.5,ok,,
gdp_a_prod.real-gdp-constant-2013-prices-mining-and-quarrying.a,annual,Real GDP (constant 2013 prices),Mining and quarrying,2017,19618627747.3,19618627747.3,ok,,
gdp_a_prod.real-gdp-constant-2013-prices-mining-and-quarrying.a,annual,Real GDP (constant 2013 prices),Mining and quarrying,2018,24191798483.1,24191798483.1,ok,,
gdp_a_prod.real-gdp-constant-2013-prices-mining-and-quarrying.a,annual,Real GDP (constant 2013 prices),Mining and quarrying,2019,27240320658.3,27240320658.3,ok,,
gdp_a_prod.real-gdp-constant-2013-prices-mining-and-quarrying.a,annual,Real GDP (constant 2013 prices),Mining and quarrying,2020,24737070228.9,24737070228.9,ok,,
gdp_a_prod.real-gdp-constant-2013-prices-mining-and-quarrying.a,annual,Real GDP (constant 2013 prices),Mining and quarrying,2021,21722303298.9,21722303298.9,ok,,
gdp_a_prod.real-gdp-constant-2013-prices-mining-and-quarrying.a,annual,Real GDP (constant 2013 prices),Mining and quarrying,2022,23651300000,23651300000,ok,,
gdp_a_prod.real-gdp-constant-2013-prices-mining-and-quarrying.a,annual,Real GDP (constant 2013 prices),Mining and quarrying,2023,24057018900.4,24057018900.4,ok,,
gdp_a_prod.real-gdp-constant-2013-prices-mining-and-quarrying.a,annual,Real GDP (constant 2013 prices),Mining and quarrying,2024,26317477407.2,26317477407.2,ok,,provisional*
gdp_a_prod.real-gdp-constant-2013-prices-mining-and-quarrying.a,annual,Real GDP (constant 2013 prices),Mining and quarrying,2025,26073987755.7,26073987755.7,ok,,provisional**
gdp_a_prod.real-gdp-constant-2013-prices-oil-and-gas.a,annual,Real GDP (constant 2013 prices),Oil and gas,2013,6648758909.2,6648758909.2,ok,,
gdp_a_prod.real-gdp-constant-2013-prices-oil-and-gas.a,annual,Real GDP (constant 2013 prices),Oil and gas,2014,7266279155.3,7266279155.3,ok,,
gdp_a_prod.real-gdp-constant-2013-prices-oil-and-gas.a,annual,Real GDP (constant 2013 prices),Oil and gas,2015,7412407155.9,7412407155.9,ok,,
gdp_a_prod.real-gdp-constant-2013-prices-oil-and-gas.a,annual,Real GDP (constant 2013 prices),Oil and gas,2016,6254619936.8,6254619936.8,ok,,
gdp_a_prod.real-gdp-constant-2013-prices-oil-and-gas.a,annual,Real GDP (constant 2013 prices),Oil and gas,2017,11278506824.3,11278506824.3,ok,,
gdp_a_prod.real-gdp-constant-2013-prices-oil-and-gas.a,annual,Real GDP (constant 2013 prices),Oil and gas,2018,12174737495.2,12174737495.2,ok,,
gdp_a_prod.real-gdp-constant-2013-prices-oil-and-gas.a,annual,Real GDP (constant 2013 prices),Oil and gas,2019,13932441589.4,13932441589.4,ok,,
gdp_a_prod.real-gdp-constant-2013-prices-oil-and-gas.a,annual,Real GDP (constant 2013 prices),Oil and gas,2020,13287963409.3,13287963409.3,ok,,
gdp_a_prod.real-gdp-constant-2013-prices-oil-and-gas.a,annual,Real GDP (constant 2013 prices),Oil and gas,2021,11617042921.7,11617042921.7,ok,,
gdp_a_prod.real-gdp-constant-2013-prices-oil-and-gas.a,annual,Real GDP (constant 2013 prices),Oil and gas,2022,10626600000,10626600000,ok,,
gdp_a_prod.real-gdp-constant-2013-prices-oil-and-gas.a,annual,Real GDP (constant 2013 prices),Oil and gas,2023,10254649733,10254649733,ok,,
gdp_a_prod.real-gdp-constant-2013-prices-oil-and-gas.a,annual,Real GDP (constant 2013 prices),Oil and gas,2024,10368872747.4,10368872747.4,ok,,provisional*
gdp_a_prod.real-gdp-constant-2013-prices-oil-and-gas.a,annual,Real GDP (constant 2013 prices),Oil and gas,2025,7962256768.3,7962256768.3,ok,,provisional**
gdp_a_prod.real-gdp-constant-2013-prices-gold.a,annual,Real GDP (constant 2013 prices),Gold,2013,8421798293.2,8421798293.2,ok,,
gdp_a_prod.real-gdp-constant-2013-prices-gold.a,annual,Real GDP (constant 2013 prices),Gold,2014,8564163964.5,8564163964.5,ok,,
gdp_a_prod.real-gdp-constant-2013-prices-gold.a,annual,Real GDP (constant 2013 prices),Gold,2015,6940356064.2,6940356064.2,ok,,
gdp_a_prod.real-gdp-constant-2013-prices-gold.a,annual,Real GDP (constant 2013 prices),Gold,2016,8133664852.6,8133664852.6,ok,,
gdp_a_prod.real-gdp-constant-2013-prices-gold.a,annual,Real GDP (constant 2013 prices),Gold,2017,7834541883.5,7834541883.5,ok,,
gdp_a_prod.real-gdp-constant-2013-prices-gold.a,annual,Real GDP (constant 2013 prices),Gold,2018,9701344517.3,9701344517.3,ok,,
gdp_a_prod.real-gdp-constant-2013-prices-gold.a,annual,Real GDP (constant 2013 prices),Gold,2019,9814915287.1,9814915287.1,ok,,
gdp_a_prod.real-gdp-constant-2013-prices-gold.a,annual,Real GDP (constant 2013 prices),Gold,2020,8620645687.8,8620645687.8,ok,,
gdp_a_prod.real-gdp-constant-2013-prices-gold.a,annual,Real GDP (constant 2013 prices),Gold,2021,5927312705.9,5927312705.9,ok,,
gdp_a_prod.real-gdp-constant-2013-prices-gold.a,annual,Real GDP (constant 2013 prices),Gold,2022,7841628124.5,7841628124.5,ok,,
gdp_a_prod.real-gdp-constant-2013-prices-gold.a,annual,Real GDP (constant 2013 prices),Gold,2023,8366429660.7,8366429660.7,ok,,
gdp_a_prod.real-gdp-constant-2013-prices-gold.a,annual,Real GDP (constant 2013 prices),Gold,2024,9967779281.1,9967779281.1,ok,,provisional*
gdp_a_prod.real-gdp-constant-2013-prices-gold.a,annual,Real GDP (constant 2013 prices),Gold,2025,11925945010,11925945010,ok,,provisional**
gdp_a_prod.real-gdp-constant-2013-prices-manufacturing.a,annual,Real GDP (constant 2013 prices),Manufacturing,2013,14425143335.1,14425143335.1,ok,,
gdp_a_prod.real-gdp-constant-2013-prices-manufacturing.a,annual,Real GDP (constant 2013 prices),Manufacturing,2014,14054737795.8,14054737795.8,ok,,
gdp_a_prod.real-gdp-constant-2013-prices-manufacturing.a,annual,Real GDP (constant 2013 prices),Manufacturing,2015,14569082402.8,14569082402.8,ok,,
gdp_a_prod.real-gdp-constant-2013-prices-manufacturing.a,annual,Real GDP (constant 2013 prices),Manufacturing,2016,15722818799.2,15722818799.2,ok,,
gdp_a_prod.real-gdp-constant-2013-prices-manufacturing.a,annual,Real GDP (constant 2013 prices),Manufacturing,2017,17219028083.3,17219028083.3,ok,,
gdp_a_prod.real-gdp-constant-2013-prices-manufacturing.a,annual,Real GDP (constant 2013 prices),Manufacturing,2018,17932727508.9,17932727508.9,ok,,
gdp_a_prod.real-gdp-constant-2013-prices-manufacturing.a,annual,Real GDP (constant 2013 prices),Manufacturing,2019,19066332743.9,19066332743.9,ok,,
gdp_a_prod.real-gdp-constant-2013-prices-manufacturing.a,annual,Real GDP (constant 2013 prices),Manufacturing,2020,19431133793,19431133793,ok,,
gdp_a_prod.real-gdp-constant-2013-prices-manufacturing.a,annual,Real GDP (constant 2013 prices),Manufacturing,2021,21013216706.4,21013216706.4,ok,,
gdp_a_prod.real-gdp-constant-2013-prices-manufacturing.a,annual,Real GDP (constant 2013 prices),Manufacturing,2022,20491675195.9,20491675195.9,ok,,
gdp_a_prod.real-gdp-constant-2013-prices-manufacturing.a,annual,Real GDP (constant 2013 prices),Manufacturing,2023,20684305436,20684305436,ok,,
gdp_a_prod.real-gdp-constant-2013-prices-manufacturing.a,annual,Real GDP (constant 2013 prices),Manufacturing,2024,21553046264.3,21553046264.3,ok,,provisional*
gdp_a_prod.real-gdp-constant-2013-prices-manufacturing.a,annual,Real GDP (constant 2013 prices),Manufacturing,2025,22791029867.1,22791029867.1,ok,,provisional**
gdp_a_prod.real-gdp-constant-2013-prices-electricity.a,annual,Real GDP (constant 2013 prices),Electricity,2013,1340736358.3,1340736358.3,ok,,
gdp_a_prod.real-gdp-constant-2013-prices-electricity.a,annual,Real GDP (constant 2013 prices),Electricity,2014,1358126520.3,1358126520.3,ok,,
gdp_a_prod.real-gdp-constant-2013-prices-electricity.a,annual,Real GDP (constant 2013 prices),Electricity,2015,1598192753.1,1598192753.1,ok,,
gdp_a_prod.real-gdp-constant-2013-prices-electricity.a,annual,Real GDP (constant 2013 prices),Electricity,2016,1506090343.5,1506090343.5,ok,,
gdp_a_prod.real-gdp-constant-2013-prices-electricity.a,annual,Real GDP (constant 2013 prices),Electricity,2017,1798555328.2,1798555328.2,ok,,
gdp_a_prod.real-gdp-constant-2013-prices-electricity.a,annual,Real GDP (constant 2013 prices),Electricity,2018,1898155415.2,1898155415.2,ok,,
gdp_a_prod.real-gdp-constant-2013-prices-electricity.a,annual,Real GDP (constant 2013 prices),Electricity,2019,2011604480.6,2011604480.6,ok,,
gdp_a_prod.real-gdp-constant-2013-prices-electricity.a,annual,Real GDP (constant 2013 prices),Electricity,2020,2210105270.1,2210105270.1,ok,,
gdp_a_prod.real-gdp-constant-2013-prices-electricity.a,annual,Real GDP (constant 2013 prices),Electricity,2021,2384570980.1,2384570980.1,ok,,
gdp_a_prod.real-gdp-constant-2013-prices-electricity.a,annual,Real GDP (constant 2013 prices),Electricity,2022,2301400000,2301400000,ok,,
gdp_a_prod.real-gdp-constant-2013-prices-electricity.a,annual,Real GDP (constant 2013 prices),Electricity,2023,2052110278.5,2052110278.5,ok,,
gdp_a_prod.real-gdp-constant-2013-prices-electricity.a,annual,Real GDP (constant 2013 prices),Electricity,2024,2093520889,2093520889,ok,,provisional*
gdp_a_prod.real-gdp-constant-2013-prices-electricity.a,annual,Real GDP (constant 2013 prices),Electricity,2025,2169673978,2169673978,ok,,provisional**
gdp_a_prod.real-gdp-constant-2013-prices-water-and-sewerage.a,annual,Real GDP (constant 2013 prices),Water and sewerage,2013,702617828.5,702617828.5,ok,,
gdp_a_prod.real-gdp-constant-2013-prices-water-and-sewerage.a,annual,Real GDP (constant 2013 prices),Water and sewerage,2014,744345450,744345450,ok,,
gdp_a_prod.real-gdp-constant-2013-prices-water-and-sewerage.a,annual,Real GDP (constant 2013 prices),Water and sewerage,2015,848107781.9,848107781.9,ok,,
gdp_a_prod.real-gdp-constant-2013-prices-water-and-sewerage.a,annual,Real GDP (constant 2013 prices),Water and sewerage,2016,747988007.9,747988007.9,ok,,
gdp_a_prod.real-gdp-constant-2013-prices-water-and-sewerage.a,annual,Real GDP (constant 2013 prices),Water and sewerage,2017,793352043.4,793352043.4,ok,,
gdp_a_prod.real-gdp-constant-2013-prices-water-and-sewerage.a,annual,Real GDP (constant 2013 prices),Water and sewerage,2018,764849714.3,764849714.3,ok,,
gdp_a_prod.real-gdp-constant-2013-prices-water-and-sewerage.a,annual,Real GDP (constant 2013 prices),Water and sewerage,2019,731207651.8,731207651.8,ok,,
gdp_a_prod.real-gdp-constant-2013-prices-water-and-sewerage.a,annual,Real GDP (constant 2013 prices),Water and sewerage,2020,746972405.8,746972405.8,ok,,
gdp_a_prod.real-gdp-constant-2013-prices-water-and-sewerage.a,annual,Real GDP (constant 2013 prices),Water and sewerage,2021,940904924,940904924,ok,,
gdp_a_prod.real-gdp-constant-2013-prices-water-and-sewerage.a,annual,Real GDP (constant 2013 prices),Water and sewerage,2022,895338556,895338556,ok,,
gdp_a_prod.real-gdp-constant-2013-prices-water-and-sewerage.a,annual,Real GDP (constant 2013 prices),Water and sewerage,2023,917475743.2,917475743.2,ok,,
gdp_a_prod.real-gdp-constant-2013-prices-water-and-sewerage.a,annual,Real GDP (constant 2013 prices),Water and sewerage,2024,909172173.9,909172173.9,ok,,provisional*
gdp_a_prod.real-gdp-constant-2013-prices-water-and-sewerage.a,annual,Real GDP (constant 2013 prices),Water and sewerage,2025,906797873.2,906797873.2,ok,,provisional**
gdp_a_prod.real-gdp-constant-2013-prices-construction.a,annual,Real GDP (constant 2013 prices),Construction,2013,10407880689.2,10407880689.2,ok,,
gdp_a_prod.real-gdp-constant-2013-prices-construction.a,annual,Real GDP (constant 2013 prices),Construction,2014,10363006581.7,10363006581.7,ok,,
gdp_a_prod.real-gdp-constant-2013-prices-construction.a,annual,Real GDP (constant 2013 prices),Construction,2015,11352495919.5,11352495919.5,ok,,
gdp_a_prod.real-gdp-constant-2013-prices-construction.a,annual,Real GDP (constant 2013 prices),Construction,2016,12303255003.8,12303255003.8,ok,,
gdp_a_prod.real-gdp-constant-2013-prices-construction.a,annual,Real GDP (constant 2013 prices),Construction,2017,12925923797.5,12925923797.5,ok,,
gdp_a_prod.real-gdp-constant-2013-prices-construction.a,annual,Real GDP (constant 2013 prices),Construction,2018,13066849531.8,13066849531.8,ok,,
gdp_a_prod.real-gdp-constant-2013-prices-construction.a,annual,Real GDP (constant 2013 prices),Construction,2019,12487816305.4,12487816305.4,ok,,
gdp_a_prod.real-gdp-constant-2013-prices-construction.a,annual,Real GDP (constant 2013 prices),Construction,2020,12875942368.2,12875942368.2,ok,,
gdp_a_prod.real-gdp-constant-2013-prices-construction.a,annual,Real GDP (constant 2013 prices),Construction,2021,13653108815.2,13653108815.2,ok,,
gdp_a_prod.real-gdp-constant-2013-prices-construction.a,annual,Real GDP (constant 2013 prices),Construction,2022,12728800000,12728800000,ok,,
gdp_a_prod.real-gdp-constant-2013-prices-construction.a,annual,Real GDP (constant 2013 prices),Construction,2023,11309069892.2,11309069892.2,ok,,
gdp_a_prod.real-gdp-constant-2013-prices-construction.a,annual,Real GDP (constant 2013 prices),Construction,2024,12393500661.9,12393500661.9,ok,,provisional*
gdp_a_prod.real-gdp-constant-2013-prices-construction.a,annual,Real GDP (constant 2013 prices),Construction,2025,12783286703.6,12783286703.6,ok,,provisional**
gdp_a_prod.real-gdp-constant-2013-prices-services.a,annual,Real GDP (constant 2013 prices),Services,2013,50523645539.3,50523645539.3,ok,,
gdp_a_prod.real-gdp-constant-2013-prices-services.a,annual,Real GDP (constant 2013 prices),Services,2014,53154195359.7,53154195359.7,ok,,
gdp_a_prod.real-gdp-constant-2013-prices-services.a,annual,Real GDP (constant 2013 prices),Services,2015,54682740362.5,54682740362.5,ok,,
gdp_a_prod.real-gdp-constant-2013-prices-services.a,annual,Real GDP (constant 2013 prices),Services,2016,56191069602.5,56191069602.5,ok,,
gdp_a_prod.real-gdp-constant-2013-prices-services.a,annual,Real GDP (constant 2013 prices),Services,2017,58127919006.4,58127919006.4,ok,,
gdp_a_prod.real-gdp-constant-2013-prices-services.a,annual,Real GDP (constant 2013 prices),Services,2018,59761371488.4,59761371488.4,ok,,
gdp_a_prod.real-gdp-constant-2013-prices-services.a,annual,Real GDP (constant 2013 prices),Services,2019,64316771411.9,64316771411.9,ok,,
gdp_a_prod.real-gdp-constant-2013-prices-services.a,annual,Real GDP (constant 2013 prices),Services,2020,64754396581.7,64754396581.7,ok,,
gdp_a_prod.real-gdp-constant-2013-prices-services.a,annual,Real GDP (constant 2013 prices),Services,2021,70819700200.4,70819700200.4,ok,,
gdp_a_prod.real-gdp-constant-2013-prices-services.a,annual,Real GDP (constant 2013 prices),Services,2022,75259339476.5,75259339476.5,ok,,
gdp_a_prod.real-gdp-constant-2013-prices-services.a,annual,Real GDP (constant 2013 prices),Services,2023,79559568237.7,79559568237.7,ok,,
gdp_a_prod.real-gdp-constant-2013-prices-services.a,annual,Real GDP (constant 2013 prices),Services,2024,84505326304.6,84505326304.6,ok,,provisional*
gdp_a_prod.real-gdp-constant-2013-prices-services.a,annual,Real GDP (constant 2013 prices),Services,2025,91366164741.3,91366164741.3,ok,,provisional**
gdp_a_prod.real-gdp-constant-2013-prices-trade-repair-of-vehicles-household-goods.a,annual,Real GDP (constant 2013 prices),"Trade; repair of vehicles, household goods",2013,13876807337.5,13876807337.5,ok,,
gdp_a_prod.real-gdp-constant-2013-prices-trade-repair-of-vehicles-household-goods.a,annual,Real GDP (constant 2013 prices),"Trade; repair of vehicles, household goods",2014,14160448241.5,14160448241.5,ok,,
gdp_a_prod.real-gdp-constant-2013-prices-trade-repair-of-vehicles-household-goods.a,annual,Real GDP (constant 2013 prices),"Trade; repair of vehicles, household goods",2015,14232367195.6,14232367195.6,ok,,
gdp_a_prod.real-gdp-constant-2013-prices-trade-repair-of-vehicles-household-goods.a,annual,Real GDP (constant 2013 prices),"Trade; repair of vehicles, household goods",2016,14168348770.1,14168348770.1,ok,,
gdp_a_prod.real-gdp-constant-2013-prices-trade-repair-of-vehicles-household-goods.a,annual,Real GDP (constant 2013 prices),"Trade; repair of vehicles, household goods",2017,15330719604.4,15330719604.4,ok,,
gdp_a_prod.real-gdp-constant-2013-prices-trade-repair-of-vehicles-household-goods.a,annual,Real GDP (constant 2013 prices),"Trade; repair of vehicles, household goods",2018,15753936795.3,15753936795.3,ok,,
gdp_a_prod.real-gdp-constant-2013-prices-trade-repair-of-vehicles-household-goods.a,annual,Real GDP (constant 2013 prices),"Trade; repair of vehicles, household goods",2019,16329877514.3,16329877514.3,ok,,
gdp_a_prod.real-gdp-constant-2013-prices-trade-repair-of-vehicles-household-goods.a,annual,Real GDP (constant 2013 prices),"Trade; repair of vehicles, household goods",2020,15856311066.4,15856311066.4,ok,,
gdp_a_prod.real-gdp-constant-2013-prices-trade-repair-of-vehicles-household-goods.a,annual,Real GDP (constant 2013 prices),"Trade; repair of vehicles, household goods",2021,16860574794.8,16860574794.8,ok,,
gdp_a_prod.real-gdp-constant-2013-prices-trade-repair-of-vehicles-household-goods.a,annual,Real GDP (constant 2013 prices),"Trade; repair of vehicles, household goods",2022,17086600000,17086600000,ok,,
gdp_a_prod.real-gdp-constant-2013-prices-trade-repair-of-vehicles-household-goods.a,annual,Real GDP (constant 2013 prices),"Trade; repair of vehicles, household goods",2023,17130903333.9,17130903333.9,ok,,
gdp_a_prod.real-gdp-constant-2013-prices-trade-repair-of-vehicles-household-goods.a,annual,Real GDP (constant 2013 prices),"Trade; repair of vehicles, household goods",2024,17825012942.1,17825012942.1,ok,,provisional*
gdp_a_prod.real-gdp-constant-2013-prices-trade-repair-of-vehicles-household-goods.a,annual,Real GDP (constant 2013 prices),"Trade; repair of vehicles, household goods",2025,18496476668.6,18496476668.6,ok,,provisional**
gdp_a_prod.real-gdp-constant-2013-prices-accommodation-and-food-service-activities.a,annual,Real GDP (constant 2013 prices),Accommodation and food service activities,2013,4675149156.6,4675149156.6,ok,,
gdp_a_prod.real-gdp-constant-2013-prices-accommodation-and-food-service-activities.a,annual,Real GDP (constant 2013 prices),Accommodation and food service activities,2014,4746295606.6,4746295606.6,ok,,
gdp_a_prod.real-gdp-constant-2013-prices-accommodation-and-food-service-activities.a,annual,Real GDP (constant 2013 prices),Accommodation and food service activities,2015,4938980762.8,4938980762.8,ok,,
gdp_a_prod.real-gdp-constant-2013-prices-accommodation-and-food-service-activities.a,annual,Real GDP (constant 2013 prices),Accommodation and food service activities,2016,5052319526.5,5052319526.5,ok,,
gdp_a_prod.real-gdp-constant-2013-prices-accommodation-and-food-service-activities.a,annual,Real GDP (constant 2013 prices),Accommodation and food service activities,2017,5438562226.2,5438562226.2,ok,,
gdp_a_prod.real-gdp-constant-2013-prices-accommodation-and-food-service-activities.a,annual,Real GDP (constant 2013 prices),Accommodation and food service activities,2018,5612384554,5612384554,ok,,
gdp_a_prod.real-gdp-constant-2013-prices-accommodation-and-food-service-activities.a,annual,Real GDP (constant 2013 prices),Accommodation and food service activities,2019,5949544502.9,5949544502.9,ok,,
gdp_a_prod.real-gdp-constant-2013-prices-accommodation-and-food-service-activities.a,annual,Real GDP (constant 2013 prices),Accommodation and food service activities,2020,3748721107.7,3748721107.7,ok,,
gdp_a_prod.real-gdp-constant-2013-prices-accommodation-and-food-service-activities.a,annual,Real GDP (constant 2013 prices),Accommodation and food service activities,2021,3924948487,3924948487,ok,,
gdp_a_prod.real-gdp-constant-2013-prices-accommodation-and-food-service-activities.a,annual,Real GDP (constant 2013 prices),Accommodation and food service activities,2022,3925700000,3925700000,ok,,
gdp_a_prod.real-gdp-constant-2013-prices-accommodation-and-food-service-activities.a,annual,Real GDP (constant 2013 prices),Accommodation and food service activities,2023,4083750201.6,4083750201.6,ok,,
gdp_a_prod.real-gdp-constant-2013-prices-accommodation-and-food-service-activities.a,annual,Real GDP (constant 2013 prices),Accommodation and food service activities,2024,4288081811.6,4288081811.6,ok,,provisional*
gdp_a_prod.real-gdp-constant-2013-prices-accommodation-and-food-service-activities.a,annual,Real GDP (constant 2013 prices),Accommodation and food service activities,2025,4366831183.5,4366831183.5,ok,,provisional**
gdp_a_prod.real-gdp-constant-2013-prices-transport-and-storage.a,annual,Real GDP (constant 2013 prices),Transport and storage,2013,7054711611.1,7054711611.1,ok,,
gdp_a_prod.real-gdp-constant-2013-prices-transport-and-storage.a,annual,Real GDP (constant 2013 prices),Transport and storage,2014,7463362825.7,7463362825.7,ok,,
gdp_a_prod.real-gdp-constant-2013-prices-transport-and-storage.a,annual,Real GDP (constant 2013 prices),Transport and storage,2015,7659123376,7659123376,ok,,
gdp_a_prod.real-gdp-constant-2013-prices-transport-and-storage.a,annual,Real GDP (constant 2013 prices),Transport and storage,2016,7746558982.1,7746558982.1,ok,,
gdp_a_prod.real-gdp-constant-2013-prices-transport-and-storage.a,annual,Real GDP (constant 2013 prices),Transport and storage,2017,8439793388.9,8439793388.9,ok,,
gdp_a_prod.real-gdp-constant-2013-prices-transport-and-storage.a,annual,Real GDP (constant 2013 prices),Transport and storage,2018,8532944977.7,8532944977.7,ok,,
gdp_a_prod.real-gdp-constant-2013-prices-transport-and-storage.a,annual,Real GDP (constant 2013 prices),Transport and storage,2019,8903471756.9,8903471756.9,ok,,
gdp_a_prod.real-gdp-constant-2013-prices-transport-and-storage.a,annual,Real GDP (constant 2013 prices),Transport and storage,2020,9269726330.7,9269726330.7,ok,,
gdp_a_prod.real-gdp-constant-2013-prices-transport-and-storage.a,annual,Real GDP (constant 2013 prices),Transport and storage,2021,9932602861.4,9932602861.4,ok,,
gdp_a_prod.real-gdp-constant-2013-prices-transport-and-storage.a,annual,Real GDP (constant 2013 prices),Transport and storage,2022,10329700000,10329700000,ok,,
gdp_a_prod.real-gdp-constant-2013-prices-transport-and-storage.a,annual,Real GDP (constant 2013 prices),Transport and storage,2023,10736008122.7,10736008122.7,ok,,
gdp_a_prod.real-gdp-constant-2013-prices-transport-and-storage.a,annual,Real GDP (constant 2013 prices),Transport and storage,2024,11534906431.6,11534906431.6,ok,,provisional*
gdp_a_prod.real-gdp-constant-2013-prices-transport-and-storage.a,annual,Real GDP (constant 2013 prices),Transport and storage,2025,12531767039.4,12531767039.4,ok,,provisional**
gdp_a_prod.real-gdp-constant-2013-prices-information-and-communication.a,annual,Real GDP (constant 2013 prices),Information and communication,2013,1949371194.8,1949371194.8,ok,,
gdp_a_prod.real-gdp-constant-2013-prices-information-and-communication.a,annual,Real GDP (constant 2013 prices),Information and communication,2014,2527517836,2527517836,ok,,
gdp_a_prod.real-gdp-constant-2013-prices-information-and-communication.a,annual,Real GDP (constant 2013 prices),Information and communication,2015,2829550240.8,2829550240.8,ok,,
gdp_a_prod.real-gdp-constant-2013-prices-information-and-communication.a,annual,Real GDP (constant 2013 prices),Information and communication,2016,2986840236.2,2986840236.2,ok,,
gdp_a_prod.real-gdp-constant-2013-prices-information-and-communication.a,annual,Real GDP (constant 2013 prices),Information and communication,2017,3111638999.2,3111638999.2,ok,,
gdp_a_prod.real-gdp-constant-2013-prices-information-and-communication.a,annual,Real GDP (constant 2013 prices),Information and communication,2018,3520002158.4,3520002158.4,ok,,
gdp_a_prod.real-gdp-constant-2013-prices-information-and-communication.a,annual,Real GDP (constant 2013 prices),Information and communication,2019,5157889151.3,5157889151.3,ok,,
gdp_a_prod.real-gdp-constant-2013-prices-information-and-communication.a,annual,Real GDP (constant 2013 prices),Information and communication,2020,6266835318.8,6266835318.8,ok,,
gdp_a_prod.real-gdp-constant-2013-prices-information-and-communication.a,annual,Real GDP (constant 2013 prices),Information and communication,2021,8252243673.9,8252243673.9,ok,,
gdp_a_prod.real-gdp-constant-2013-prices-information-and-communication.a,annual,Real GDP (constant 2013 prices),Information and communication,2022,9999200000,9999200000,ok,,
gdp_a_prod.real-gdp-constant-2013-prices-information-and-communication.a,annual,Real GDP (constant 2013 prices),Information and communication,2023,11950579933.2,11950579933.2,ok,,
gdp_a_prod.real-gdp-constant-2013-prices-information-and-communication.a,annual,Real GDP (constant 2013 prices),Information and communication,2024,13842962146,13842962146,ok,,provisional*
gdp_a_prod.real-gdp-constant-2013-prices-information-and-communication.a,annual,Real GDP (constant 2013 prices),Information and communication,2025,16635323874.4,16635323874.4,ok,,provisional**
gdp_a_prod.real-gdp-constant-2013-prices-financial-and-insurance-activities.a,annual,Real GDP (constant 2013 prices),Financial and insurance activities,2013,5882646400.2,5882646400.2,ok,,
gdp_a_prod.real-gdp-constant-2013-prices-financial-and-insurance-activities.a,annual,Real GDP (constant 2013 prices),Financial and insurance activities,2014,7140658068.7,7140658068.7,ok,,
gdp_a_prod.real-gdp-constant-2013-prices-financial-and-insurance-activities.a,annual,Real GDP (constant 2013 prices),Financial and insurance activities,2015,8062269745.8,8062269745.8,ok,,
gdp_a_prod.real-gdp-constant-2013-prices-financial-and-insurance-activities.a,annual,Real GDP (constant 2013 prices),Financial and insurance activities,2016,8706988348.5,8706988348.5,ok,,
gdp_a_prod.real-gdp-constant-2013-prices-financial-and-insurance-activities.a,annual,Real GDP (constant 2013 prices),Financial and insurance activities,2017,7165316922.1,7165316922.1,ok,,
gdp_a_prod.real-gdp-constant-2013-prices-financial-and-insurance-activities.a,annual,Real GDP (constant 2013 prices),Financial and insurance activities,2018,6577481582.1,6577481582.1,ok,,
gdp_a_prod.real-gdp-constant-2013-prices-financial-and-insurance-activities.a,annual,Real GDP (constant 2013 prices),Financial and insurance activities,2019,6680587451.8,6680587451.8,ok,,
gdp_a_prod.real-gdp-constant-2013-prices-financial-and-insurance-activities.a,annual,Real GDP (constant 2013 prices),Financial and insurance activities,2020,7299009356,7299009356,ok,,
gdp_a_prod.real-gdp-constant-2013-prices-financial-and-insurance-activities.a,annual,Real GDP (constant 2013 prices),Financial and insurance activities,2021,7473594173.8,7473594173.8,ok,,
gdp_a_prod.real-gdp-constant-2013-prices-financial-and-insurance-activities.a,annual,Real GDP (constant 2013 prices),Financial and insurance activities,2022,8205400000,8205400000,ok,,
gdp_a_prod.real-gdp-constant-2013-prices-financial-and-insurance-activities.a,annual,Real GDP (constant 2013 prices),Financial and insurance activities,2023,8648304883.4,8648304883.4,ok,,
gdp_a_prod.real-gdp-constant-2013-prices-financial-and-insurance-activities.a,annual,Real GDP (constant 2013 prices),Financial and insurance activities,2024,9318942568.6,9318942568.6,ok,,provisional*
gdp_a_prod.real-gdp-constant-2013-prices-financial-and-insurance-activities.a,annual,Real GDP (constant 2013 prices),Financial and insurance activities,2025,9953004761.8,9953004761.8,ok,,provisional**
gdp_a_prod.real-gdp-constant-2013-prices-real-estate.a,annual,Real GDP (constant 2013 prices),Real estate,2013,1173306773.9,1173306773.9,ok,,
gdp_a_prod.real-gdp-constant-2013-prices-real-estate.a,annual,Real GDP (constant 2013 prices),Real estate,2014,1170308211.1,1170308211.1,ok,,
gdp_a_prod.real-gdp-constant-2013-prices-real-estate.a,annual,Real GDP (constant 2013 prices),Real estate,2015,1206632216.6,1206632216.6,ok,,
gdp_a_prod.real-gdp-constant-2013-prices-real-estate.a,annual,Real GDP (constant 2013 prices),Real estate,2016,1244736909.1,1244736909.1,ok,,
gdp_a_prod.real-gdp-constant-2013-prices-real-estate.a,annual,Real GDP (constant 2013 prices),Real estate,2017,1292276556,1292276556,ok,,
gdp_a_prod.real-gdp-constant-2013-prices-real-estate.a,annual,Real GDP (constant 2013 prices),Real estate,2018,1208330729.3,1208330729.3,ok,,
gdp_a_prod.real-gdp-constant-2013-prices-real-estate.a,annual,Real GDP (constant 2013 prices),Real estate,2019,1448200109.2,1448200109.2,ok,,
gdp_a_prod.real-gdp-constant-2013-prices-real-estate.a,annual,Real GDP (constant 2013 prices),Real estate,2020,1617016779.4,1617016779.4,ok,,
gdp_a_prod.real-gdp-constant-2013-prices-real-estate.a,annual,Real GDP (constant 2013 prices),Real estate,2021,1761529569,1761529569,ok,,
gdp_a_prod.real-gdp-constant-2013-prices-real-estate.a,annual,Real GDP (constant 2013 prices),Real estate,2022,1692200000,1692200000,ok,,
gdp_a_prod.real-gdp-constant-2013-prices-real-estate.a,annual,Real GDP (constant 2013 prices),Real estate,2023,1761498718,1761498718,ok,,
gdp_a_prod.real-gdp-constant-2013-prices-real-estate.a,annual,Real GDP (constant 2013 prices),Real estate,2024,1788291364,1788291364,ok,,provisional*
gdp_a_prod.real-gdp-constant-2013-prices-real-estate.a,annual,Real GDP (constant 2013 prices),Real estate,2025,1779606177.4,1779606177.4,ok,,provisional**
gdp_a_prod.real-gdp-constant-2013-prices-professional-administrative-and-support-service-ac.a,annual,Real GDP (constant 2013 prices),"Professional, administrative and support service activities",2013,1671197102.7,1671197102.7,ok,,
gdp_a_prod.real-gdp-constant-2013-prices-professional-administrative-and-support-service-ac.a,annual,Real GDP (constant 2013 prices),"Professional, administrative and support service activities",2014,1784919970.8,1784919970.8,ok,,
gdp_a_prod.real-gdp-constant-2013-prices-professional-administrative-and-support-service-ac.a,annual,Real GDP (constant 2013 prices),"Professional, administrative and support service activities",2015,1810046931.9,1810046931.9,ok,,
gdp_a_prod.real-gdp-constant-2013-prices-professional-administrative-and-support-service-ac.a,annual,Real GDP (constant 2013 prices),"Professional, administrative and support service activities",2016,1733617058.6,1733617058.6,ok,,
gdp_a_prod.real-gdp-constant-2013-prices-professional-administrative-and-support-service-ac.a,annual,Real GDP (constant 2013 prices),"Professional, administrative and support service activities",2017,1783615658.1,1783615658.1,ok,,
gdp_a_prod.real-gdp-constant-2013-prices-professional-administrative-and-support-service-ac.a,annual,Real GDP (constant 2013 prices),"Professional, administrative and support service activities",2018,1788404916.6,1788404916.6,ok,,
gdp_a_prod.real-gdp-constant-2013-prices-professional-administrative-and-support-service-ac.a,annual,Real GDP (constant 2013 prices),"Professional, administrative and support service activities",2019,1879323816.5,1879323816.5,ok,,
gdp_a_prod.real-gdp-constant-2013-prices-professional-administrative-and-support-service-ac.a,annual,Real GDP (constant 2013 prices),"Professional, administrative and support service activities",2020,1763663053.1,1763663053.1,ok,,
gdp_a_prod.real-gdp-constant-2013-prices-professional-administrative-and-support-service-ac.a,annual,Real GDP (constant 2013 prices),"Professional, administrative and support service activities",2021,1954561942,1954561942,ok,,
gdp_a_prod.real-gdp-constant-2013-prices-professional-administrative-and-support-service-ac.a,annual,Real GDP (constant 2013 prices),"Professional, administrative and support service activities",2022,1802700000,1802700000,ok,,
gdp_a_prod.real-gdp-constant-2013-prices-professional-administrative-and-support-service-ac.a,annual,Real GDP (constant 2013 prices),"Professional, administrative and support service activities",2023,1879274087,1879274087,ok,,
gdp_a_prod.real-gdp-constant-2013-prices-professional-administrative-and-support-service-ac.a,annual,Real GDP (constant 2013 prices),"Professional, administrative and support service activities",2024,1900648049.9,1900648049.9,ok,,provisional*
gdp_a_prod.real-gdp-constant-2013-prices-professional-administrative-and-support-service-ac.a,annual,Real GDP (constant 2013 prices),"Professional, administrative and support service activities",2025,1959245389,1959245389,ok,,provisional**
gdp_a_prod.real-gdp-constant-2013-prices-public-administration-and-defence-social-security.a,annual,Real GDP (constant 2013 prices),Public administration and defence; social security,2013,4585019083.3,4585019083.3,ok,,
gdp_a_prod.real-gdp-constant-2013-prices-public-administration-and-defence-social-security.a,annual,Real GDP (constant 2013 prices),Public administration and defence; social security,2014,4424440075.9,4424440075.9,ok,,
gdp_a_prod.real-gdp-constant-2013-prices-public-administration-and-defence-social-security.a,annual,Real GDP (constant 2013 prices),Public administration and defence; social security,2015,4310910286.7,4310910286.7,ok,,
gdp_a_prod.real-gdp-constant-2013-prices-public-administration-and-defence-social-security.a,annual,Real GDP (constant 2013 prices),Public administration and defence; social security,2016,4692944572.7,4692944572.7,ok,,
gdp_a_prod.real-gdp-constant-2013-prices-public-administration-and-defence-social-security.a,annual,Real GDP (constant 2013 prices),Public administration and defence; social security,2017,4888579441.7,4888579441.7,ok,,
gdp_a_prod.real-gdp-constant-2013-prices-public-administration-and-defence-social-security.a,annual,Real GDP (constant 2013 prices),Public administration and defence; social security,2018,5098638187.4,5098638187.4,ok,,
gdp_a_prod.real-gdp-constant-2013-prices-public-administration-and-defence-social-security.a,annual,Real GDP (constant 2013 prices),Public administration and defence; social security,2019,5286922296.9,5286922296.9,ok,,
gdp_a_prod.real-gdp-constant-2013-prices-public-administration-and-defence-social-security.a,annual,Real GDP (constant 2013 prices),Public administration and defence; social security,2020,5816261880.2,5816261880.2,ok,,
gdp_a_prod.real-gdp-constant-2013-prices-public-administration-and-defence-social-security.a,annual,Real GDP (constant 2013 prices),Public administration and defence; social security,2021,7301254092.9,7301254092.9,ok,,
gdp_a_prod.real-gdp-constant-2013-prices-public-administration-and-defence-social-security.a,annual,Real GDP (constant 2013 prices),Public administration and defence; social security,2022,7746100000,7746100000,ok,,
gdp_a_prod.real-gdp-constant-2013-prices-public-administration-and-defence-social-security.a,annual,Real GDP (constant 2013 prices),Public administration and defence; social security,2023,8095101606.2,8095101606.2,ok,,
gdp_a_prod.real-gdp-constant-2013-prices-public-administration-and-defence-social-security.a,annual,Real GDP (constant 2013 prices),Public administration and defence; social security,2024,8311646319,8311646319,ok,,provisional*
gdp_a_prod.real-gdp-constant-2013-prices-public-administration-and-defence-social-security.a,annual,Real GDP (constant 2013 prices),Public administration and defence; social security,2025,8858082041.4,8858082041.4,ok,,provisional**
gdp_a_prod.real-gdp-constant-2013-prices-education.a,annual,Real GDP (constant 2013 prices),Education,2013,5325056977.7,5325056977.7,ok,,
gdp_a_prod.real-gdp-constant-2013-prices-education.a,annual,Real GDP (constant 2013 prices),Education,2014,5309278448.2,5309278448.2,ok,,
gdp_a_prod.real-gdp-constant-2013-prices-education.a,annual,Real GDP (constant 2013 prices),Education,2015,5285178959.4,5285178959.4,ok,,
gdp_a_prod.real-gdp-constant-2013-prices-education.a,annual,Real GDP (constant 2013 prices),Education,2016,5406309602.8,5406309602.8,ok,,
gdp_a_prod.real-gdp-constant-2013-prices-education.a,annual,Real GDP (constant 2013 prices),Education,2017,5746574568,5746574568,ok,,
gdp_a_prod.real-gdp-constant-2013-prices-education.a,annual,Real GDP (constant 2013 prices),Education,2018,5972890939.8,5972890939.8,ok,,
gdp_a_prod.real-gdp-constant-2013-prices-education.a,annual,Real GDP (constant 2013 prices),Education,2019,6534570020.7,6534570020.7,ok,,
gdp_a_prod.real-gdp-constant-2013-prices-education.a,annual,Real GDP (constant 2013 prices),Education,2020,7044966999.2,7044966999.2,ok,,
gdp_a_prod.real-gdp-constant-2013-prices-education.a,annual,Real GDP (constant 2013 prices),Education,2021,6771874873.9,6771874873.9,ok,,
gdp_a_prod.real-gdp-constant-2013-prices-education.a,annual,Real GDP (constant 2013 prices),Education,2022,7460752681.1,7460752681.1,ok,,
gdp_a_prod.real-gdp-constant-2013-prices-education.a,annual,Real GDP (constant 2013 prices),Education,2023,7786415353.4,7786415353.4,ok,,
gdp_a_prod.real-gdp-constant-2013-prices-education.a,annual,Real GDP (constant 2013 prices),Education,2024,7994415882.4,7994415882.4,ok,,provisional*
gdp_a_prod.real-gdp-constant-2013-prices-education.a,annual,Real GDP (constant 2013 prices),Education,2025,8920585269.5,8920585269.5,ok,,provisional**
gdp_a_prod.real-gdp-constant-2013-prices-health-and-social-work.a,annual,Real GDP (constant 2013 prices),Health and social work,2013,2700226396.3,2700226396.3,ok,,
gdp_a_prod.real-gdp-constant-2013-prices-health-and-social-work.a,annual,Real GDP (constant 2013 prices),Health and social work,2014,2773424665.5,2773424665.5,ok,,
gdp_a_prod.real-gdp-constant-2013-prices-health-and-social-work.a,annual,Real GDP (constant 2013 prices),Health and social work,2015,2650221588.6,2650221588.6,ok,,
gdp_a_prod.real-gdp-constant-2013-prices-health-and-social-work.a,annual,Real GDP (constant 2013 prices),Health and social work,2016,2756482983.1,2756482983.1,ok,,
gdp_a_prod.real-gdp-constant-2013-prices-health-and-social-work.a,annual,Real GDP (constant 2013 prices),Health and social work,2017,3144716455.5,3144716455.5,ok,,
gdp_a_prod.real-gdp-constant-2013-prices-health-and-social-work.a,annual,Real GDP (constant 2013 prices),Health and social work,2018,3854104459.3,3854104459.3,ok,,
gdp_a_prod.real-gdp-constant-2013-prices-health-and-social-work.a,annual,Real GDP (constant 2013 prices),Health and social work,2019,4256172254.1,4256172254.1,ok,,
gdp_a_prod.real-gdp-constant-2013-prices-health-and-social-work.a,annual,Real GDP (constant 2013 prices),Health and social work,2020,4507148004.6,4507148004.6,ok,,
gdp_a_prod.real-gdp-constant-2013-prices-health-and-social-work.a,annual,Real GDP (constant 2013 prices),Health and social work,2021,4847483026.8,4847483026.8,ok,,
gdp_a_prod.real-gdp-constant-2013-prices-health-and-social-work.a,annual,Real GDP (constant 2013 prices),Health and social work,2022,5294653439.5,5294653439.5,ok,,
gdp_a_prod.real-gdp-constant-2013-prices-health-and-social-work.a,annual,Real GDP (constant 2013 prices),Health and social work,2023,5736228024.8,5736228024.8,ok,,
gdp_a_prod.real-gdp-constant-2013-prices-health-and-social-work.a,annual,Real GDP (constant 2013 prices),Health and social work,2024,5986375189.4,5986375189.4,ok,,provisional*
gdp_a_prod.real-gdp-constant-2013-prices-health-and-social-work.a,annual,Real GDP (constant 2013 prices),Health and social work,2025,6198981444.5,6198981444.5,ok,,provisional**
gdp_a_prod.real-gdp-constant-2013-prices-other-personal-service-activities.a,annual,Real GDP (constant 2013 prices),Other personal service activities,2013,1630153505.1,1630153505.1,ok,,
gdp_a_prod.real-gdp-constant-2013-prices-other-personal-service-activities.a,annual,Real GDP (constant 2013 prices),Other personal service activities,2014,1653541409.8,1653541409.8,ok,,
gdp_a_prod.real-gdp-constant-2013-prices-other-personal-service-activities.a,annual,Real GDP (constant 2013 prices),Other personal service activities,2015,1697459058.5,1697459058.5,ok,,
gdp_a_prod.real-gdp-constant-2013-prices-other-personal-service-activities.a,annual,Real GDP (constant 2013 prices),Other personal service activities,2016,1695922612.8,1695922612.8,ok,,
gdp_a_prod.real-gdp-constant-2013-prices-other-personal-service-activities.a,annual,Real GDP (constant 2013 prices),Other personal service activities,2017,1786125186.4,1786125186.4,ok,,
gdp_a_prod.real-gdp-constant-2013-prices-other-personal-service-activities.a,annual,Real GDP (constant 2013 prices),Other personal service activities,2018,1842252188.5,1842252188.5,ok,,
gdp_a_prod.real-gdp-constant-2013-prices-other-personal-service-activities.a,annual,Real GDP (constant 2013 prices),Other personal service activities,2019,1890212537.2,1890212537.2,ok,,
gdp_a_prod.real-gdp-constant-2013-prices-other-personal-service-activities.a,annual,Real GDP (constant 2013 prices),Other personal service activities,2020,1564736685.5,1564736685.5,ok,,
gdp_a_prod.real-gdp-constant-2013-prices-other-personal-service-activities.a,annual,Real GDP (constant 2013 prices),Other personal service activities,2021,1739032704.9,1739032704.9,ok,,
gdp_a_prod.real-gdp-constant-2013-prices-other-personal-service-activities.a,annual,Real GDP (constant 2013 prices),Other personal service activities,2022,1716333355.8,1716333355.8,ok,,
gdp_a_prod.real-gdp-constant-2013-prices-other-personal-service-activities.a,annual,Real GDP (constant 2013 prices),Other personal service activities,2023,1751503973.6,1751503973.6,ok,,
gdp_a_prod.real-gdp-constant-2013-prices-other-personal-service-activities.a,annual,Real GDP (constant 2013 prices),Other personal service activities,2024,1714043600,1714043600,ok,,provisional*
gdp_a_prod.real-gdp-constant-2013-prices-other-personal-service-activities.a,annual,Real GDP (constant 2013 prices),Other personal service activities,2025,1666260891.9,1666260891.9,ok,,provisional**
gdp_a_prod.real-gdp-constant-2013-prices-net-indirect-taxes.a,annual,Real GDP (constant 2013 prices),Net indirect taxes,2013,6163861142.8,6163861142.8,ok,,
gdp_a_prod.real-gdp-constant-2013-prices-net-indirect-taxes.a,annual,Real GDP (constant 2013 prices),Net indirect taxes,2014,6380459217.5,6380459217.5,ok,,
gdp_a_prod.real-gdp-constant-2013-prices-net-indirect-taxes.a,annual,Real GDP (constant 2013 prices),Net indirect taxes,2015,6546783232.5,6546783232.5,ok,,
gdp_a_prod.real-gdp-constant-2013-prices-net-indirect-taxes.a,annual,Real GDP (constant 2013 prices),Net indirect taxes,2016,6859191399.9,6859191399.9,ok,,
gdp_a_prod.real-gdp-constant-2013-prices-net-indirect-taxes.a,annual,Real GDP (constant 2013 prices),Net indirect taxes,2017,7171541194.9,7171541194.9,ok,,
gdp_a_prod.real-gdp-constant-2013-prices-net-indirect-taxes.a,annual,Real GDP (constant 2013 prices),Net indirect taxes,2018,7711214198.2,7711214198.2,ok,,
gdp_a_prod.real-gdp-constant-2013-prices-net-indirect-taxes.a,annual,Real GDP (constant 2013 prices),Net indirect taxes,2019,8182488391.4,8182488391.4,ok,,
gdp_a_prod.real-gdp-constant-2013-prices-net-indirect-taxes.a,annual,Real GDP (constant 2013 prices),Net indirect taxes,2020,7852812684.3,7852812684.3,ok,,
gdp_a_prod.real-gdp-constant-2013-prices-net-indirect-taxes.a,annual,Real GDP (constant 2013 prices),Net indirect taxes,2021,7672375301,7672375301,ok,,
gdp_a_prod.real-gdp-constant-2013-prices-net-indirect-taxes.a,annual,Real GDP (constant 2013 prices),Net indirect taxes,2022,8007468852.5,8007468852.5,ok,,
gdp_a_prod.real-gdp-constant-2013-prices-net-indirect-taxes.a,annual,Real GDP (constant 2013 prices),Net indirect taxes,2023,8222551879.9,8222551879.9,ok,,
gdp_a_prod.real-gdp-constant-2013-prices-net-indirect-taxes.a,annual,Real GDP (constant 2013 prices),Net indirect taxes,2024,8865063109.2,8865063109.2,ok,,provisional*
gdp_a_prod.real-gdp-constant-2013-prices-net-indirect-taxes.a,annual,Real GDP (constant 2013 prices),Net indirect taxes,2025,9533307629.2,9533307629.2,ok,,provisional**
gdp_a_prod.real-gdp-constant-2013-prices-informal-gdp.a,annual,Real GDP (constant 2013 prices),Informal GDP,2013,36119602672.9,36119602672.9,warn,X1_time_sum,
gdp_a_prod.real-gdp-constant-2013-prices-informal-gdp.a,annual,Real GDP (constant 2013 prices),Informal GDP,2014,37085651242.5,37085651242.5,warn,X1_time_sum,
gdp_a_prod.real-gdp-constant-2013-prices-informal-gdp.a,annual,Real GDP (constant 2013 prices),Informal GDP,2015,38119064424.8,38119064424.8,warn,X1_time_sum,
gdp_a_prod.real-gdp-constant-2013-prices-informal-gdp.a,annual,Real GDP (constant 2013 prices),Informal GDP,2016,39156039083.2,39156039083.2,warn,X1_time_sum,
gdp_a_prod.real-gdp-constant-2013-prices-informal-gdp.a,annual,Real GDP (constant 2013 prices),Informal GDP,2017,41562492619.7,41562492619.7,warn,X1_time_sum,
gdp_a_prod.real-gdp-constant-2013-prices-informal-gdp.a,annual,Real GDP (constant 2013 prices),Informal GDP,2018,42647775978.8,42647775978.8,warn,X1_time_sum,
gdp_a_prod.real-gdp-constant-2013-prices-informal-gdp.a,annual,Real GDP (constant 2013 prices),Informal GDP,2019,45155829859.3,45155829859.3,warn,X1_time_sum,
gdp_a_prod.real-gdp-constant-2013-prices-informal-gdp.a,annual,Real GDP (constant 2013 prices),Informal GDP,2020,44805324495.6,44805324495.6,warn,X1_time_sum,
gdp_a_prod.real-gdp-constant-2013-prices-informal-gdp.a,annual,Real GDP (constant 2013 prices),Informal GDP,2021,46830760229.5,46830760229.5,ok,,
gdp_a_prod.real-gdp-constant-2013-prices-informal-gdp.a,annual,Real GDP (constant 2013 prices),Informal GDP,2022,48855113607.3,48855113607.3,ok,,
gdp_a_prod.real-gdp-constant-2013-prices-informal-gdp.a,annual,Real GDP (constant 2013 prices),Informal GDP,2023,51583344295.2,51583344295.2,ok,,
gdp_a_prod.real-gdp-constant-2013-prices-informal-gdp.a,annual,Real GDP (constant 2013 prices),Informal GDP,2024,53658036507.4,53658036507.4,ok,,provisional*
gdp_a_prod.real-gdp-constant-2013-prices-informal-gdp.a,annual,Real GDP (constant 2013 prices),Informal GDP,2025,57353697076,57353697076,ok,,provisional**
gdp_a_prod.real-gdp-constant-2013-prices-non-oil-gdp.a,annual,Real GDP (constant 2013 prices),Non-oil GDP,2013,117828819876.5,117828819876.5,ok,,
gdp_a_prod.real-gdp-constant-2013-prices-non-oil-gdp.a,annual,Real GDP (constant 2013 prices),Non-oil GDP,2014,120766678274.2,120766678274.2,ok,,
gdp_a_prod.real-gdp-constant-2013-prices-non-oil-gdp.a,annual,Real GDP (constant 2013 prices),Non-oil GDP,2015,123335821138.3,123335821138.3,ok,,
gdp_a_prod.real-gdp-constant-2013-prices-non-oil-gdp.a,annual,Real GDP (constant 2013 prices),Non-oil GDP,2016,128904355024.5,128904355024.5,ok,,
gdp_a_prod.real-gdp-constant-2013-prices-non-oil-gdp.a,annual,Real GDP (constant 2013 prices),Non-oil GDP,2017,134867399180.9,134867399180.9,ok,,
gdp_a_prod.real-gdp-constant-2013-prices-non-oil-gdp.a,annual,Real GDP (constant 2013 prices),Non-oil GDP,2018,143032328196.5,143032328196.5,ok,,
gdp_a_prod.real-gdp-constant-2013-prices-non-oil-gdp.a,annual,Real GDP (constant 2013 prices),Non-oil GDP,2019,151375150391.9,151375150391.9,ok,,
gdp_a_prod.real-gdp-constant-2013-prices-non-oil-gdp.a,annual,Real GDP (constant 2013 prices),Non-oil GDP,2020,152869213153.8,152869213153.8,ok,,
gdp_a_prod.real-gdp-constant-2013-prices-non-oil-gdp.a,annual,Real GDP (constant 2013 prices),Non-oil GDP,2021,162975046993.5,162975046993.5,ok,,
gdp_a_prod.real-gdp-constant-2013-prices-non-oil-gdp.a,annual,Real GDP (constant 2013 prices),Non-oil GDP,2022,170608456651.6,170608456651.6,ok,,
gdp_a_prod.real-gdp-constant-2013-prices-non-oil-gdp.a,annual,Real GDP (constant 2013 prices),Non-oil GDP,2023,176671352622.8,176671352622.8,ok,,
gdp_a_prod.real-gdp-constant-2013-prices-non-oil-gdp.a,annual,Real GDP (constant 2013 prices),Non-oil GDP,2024,187487568794.5,187487568794.5,ok,,provisional*
gdp_a_prod.real-gdp-constant-2013-prices-non-oil-gdp.a,annual,Real GDP (constant 2013 prices),Non-oil GDP,2025,201675382656.3,201675382656.3,ok,,provisional**
gdp_a_prod.real-gdp-constant-2013-prices-non-gold-gdp.a,annual,Real GDP (constant 2013 prices),Non-gold GDP,2013,116055780492.4,116055780492.4,ok,,
gdp_a_prod.real-gdp-constant-2013-prices-non-gold-gdp.a,annual,Real GDP (constant 2013 prices),Non-gold GDP,2014,119468793465.1,119468793465.1,ok,,
gdp_a_prod.real-gdp-constant-2013-prices-non-gold-gdp.a,annual,Real GDP (constant 2013 prices),Non-gold GDP,2015,123807872230,123807872230,ok,,
gdp_a_prod.real-gdp-constant-2013-prices-non-gold-gdp.a,annual,Real GDP (constant 2013 prices),Non-gold GDP,2016,127025310108.7,127025310108.7,ok,,
gdp_a_prod.real-gdp-constant-2013-prices-non-gold-gdp.a,annual,Real GDP (constant 2013 prices),Non-gold GDP,2017,138311364121.7,138311364121.7,ok,,
gdp_a_prod.real-gdp-constant-2013-prices-non-gold-gdp.a,annual,Real GDP (constant 2013 prices),Non-gold GDP,2018,145505721174.4,145505721174.4,ok,,
gdp_a_prod.real-gdp-constant-2013-prices-non-gold-gdp.a,annual,Real GDP (constant 2013 prices),Non-gold GDP,2019,155492676694.2,155492676694.2,ok,,
gdp_a_prod.real-gdp-constant-2013-prices-non-gold-gdp.a,annual,Real GDP (constant 2013 prices),Non-gold GDP,2020,157536530875.4,157536530875.4,ok,,
gdp_a_prod.real-gdp-constant-2013-prices-non-gold-gdp.a,annual,Real GDP (constant 2013 prices),Non-gold GDP,2021,168664777209.3,168664777209.3,ok,,
gdp_a_prod.real-gdp-constant-2013-prices-non-gold-gdp.a,annual,Real GDP (constant 2013 prices),Non-gold GDP,2022,173393428527.1,173393428527.1,ok,,
gdp_a_prod.real-gdp-constant-2013-prices-non-gold-gdp.a,annual,Real GDP (constant 2013 prices),Non-gold GDP,2023,178559572695.1,178559572695.1,ok,,
gdp_a_prod.real-gdp-constant-2013-prices-non-gold-gdp.a,annual,Real GDP (constant 2013 prices),Non-gold GDP,2024,187888662260.7,187888662260.7,ok,,provisional*
gdp_a_prod.real-gdp-constant-2013-prices-non-gold-gdp.a,annual,Real GDP (constant 2013 prices),Non-gold GDP,2025,197711694414.6,197711694414.6,ok,,provisional**
gdp_a_prod.real-gdp-growth-rate-year-on-year-overall-gdp.a,annual,Real GDP growth rate (year-on-year %),Overall GDP,2014,2.9,2.9,ok,,
gdp_a_prod.real-gdp-growth-rate-year-on-year-overall-gdp.a,annual,Real GDP growth rate (year-on-year %),Overall GDP,2015,2.1,2.1,ok,,
gdp_a_prod.real-gdp-growth-rate-year-on-year-overall-gdp.a,annual,Real GDP growth rate (year-on-year %),Overall GDP,2016,3.4,3.4,ok,,
gdp_a_prod.real-gdp-growth-rate-year-on-year-overall-gdp.a,annual,Real GDP growth rate (year-on-year %),Overall GDP,2017,8.1,8.1,ok,,
gdp_a_prod.real-gdp-growth-rate-year-on-year-overall-gdp.a,annual,Real GDP growth rate (year-on-year %),Overall GDP,2018,6.2,6.2,ok,,
gdp_a_prod.real-gdp-growth-rate-year-on-year-overall-gdp.a,annual,Real GDP growth rate (year-on-year %),Overall GDP,2019,6.5,6.5,ok,,
gdp_a_prod.real-gdp-growth-rate-year-on-year-overall-gdp.a,annual,Real GDP growth rate (year-on-year %),Overall GDP,2020,0.5,0.5,ok,,
gdp_a_prod.real-gdp-growth-rate-year-on-year-overall-gdp.a,annual,Real GDP growth rate (year-on-year %),Overall GDP,2021,5.1,5.1,ok,,
gdp_a_prod.real-gdp-growth-rate-year-on-year-overall-gdp.a,annual,Real GDP growth rate (year-on-year %),Overall GDP,2022,3.8,3.8,ok,,
gdp_a_prod.real-gdp-growth-rate-year-on-year-overall-gdp.a,annual,Real GDP growth rate (year-on-year %),Overall GDP,2023,3.1,3.1,ok,,
gdp_a_prod.real-gdp-growth-rate-year-on-year-overall-gdp.a,annual,Real GDP growth rate (year-on-year %),Overall GDP,2024,5.9,5.9,ok,,provisional*
gdp_a_prod.real-gdp-growth-rate-year-on-year-overall-gdp.a,annual,Real GDP growth rate (year-on-year %),Overall GDP,2025,6,6,ok,,provisional**
gdp_a_prod.real-gdp-growth-rate-year-on-year-agriculture.a,annual,Real GDP growth rate (year-on-year %),Agriculture,2014,0.9,0.9,ok,,
gdp_a_prod.real-gdp-growth-rate-year-on-year-agriculture.a,annual,Real GDP growth rate (year-on-year %),Agriculture,2015,2.1,2.1,ok,,
gdp_a_prod.real-gdp-growth-rate-year-on-year-agriculture.a,annual,Real GDP growth rate (year-on-year %),Agriculture,2016,2.7,2.7,ok,,
gdp_a_prod.real-gdp-growth-rate-year-on-year-agriculture.a,annual,Real GDP growth rate (year-on-year %),Agriculture,2017,6.2,6.2,ok,,
gdp_a_prod.real-gdp-growth-rate-year-on-year-agriculture.a,annual,Real GDP growth rate (year-on-year %),Agriculture,2018,4.9,4.9,ok,,
gdp_a_prod.real-gdp-growth-rate-year-on-year-agriculture.a,annual,Real GDP growth rate (year-on-year %),Agriculture,2019,4.7,4.7,ok,,
gdp_a_prod.real-gdp-growth-rate-year-on-year-agriculture.a,annual,Real GDP growth rate (year-on-year %),Agriculture,2020,7.3,7.3,ok,,
gdp_a_prod.real-gdp-growth-rate-year-on-year-agriculture.a,annual,Real GDP growth rate (year-on-year %),Agriculture,2021,8.5,8.5,ok,,
gdp_a_prod.real-gdp-growth-rate-year-on-year-agriculture.a,annual,Real GDP growth rate (year-on-year %),Agriculture,2022,4.2,4.2,ok,,
gdp_a_prod.real-gdp-growth-rate-year-on-year-agriculture.a,annual,Real GDP growth rate (year-on-year %),Agriculture,2023,5.9,5.9,ok,,
gdp_a_prod.real-gdp-growth-rate-year-on-year-agriculture.a,annual,Real GDP growth rate (year-on-year %),Agriculture,2024,2.7,2.7,ok,,provisional*
gdp_a_prod.real-gdp-growth-rate-year-on-year-agriculture.a,annual,Real GDP growth rate (year-on-year %),Agriculture,2025,6.8,6.8,ok,,provisional**
gdp_a_prod.real-gdp-growth-rate-year-on-year-crops.a,annual,Real GDP growth rate (year-on-year %),Crops,2014,2.8,2.8,ok,,
gdp_a_prod.real-gdp-growth-rate-year-on-year-crops.a,annual,Real GDP growth rate (year-on-year %),Crops,2015,1.7,1.7,ok,,
gdp_a_prod.real-gdp-growth-rate-year-on-year-crops.a,annual,Real GDP growth rate (year-on-year %),Crops,2016,2.2,2.2,ok,,
gdp_a_prod.real-gdp-growth-rate-year-on-year-crops.a,annual,Real GDP growth rate (year-on-year %),Crops,2017,7.2,7.2,ok,,
gdp_a_prod.real-gdp-growth-rate-year-on-year-crops.a,annual,Real GDP growth rate (year-on-year %),Crops,2018,5.9,5.9,ok,,
gdp_a_prod.real-gdp-growth-rate-year-on-year-crops.a,annual,Real GDP growth rate (year-on-year %),Crops,2019,5.3,5.3,ok,,
gdp_a_prod.real-gdp-growth-rate-year-on-year-crops.a,annual,Real GDP growth rate (year-on-year %),Crops,2020,8.6,8.6,ok,,
gdp_a_prod.real-gdp-growth-rate-year-on-year-crops.a,annual,Real GDP growth rate (year-on-year %),Crops,2021,8.9,8.9,ok,,
gdp_a_prod.real-gdp-growth-rate-year-on-year-crops.a,annual,Real GDP growth rate (year-on-year %),Crops,2022,3.8,3.8,ok,,
gdp_a_prod.real-gdp-growth-rate-year-on-year-crops.a,annual,Real GDP growth rate (year-on-year %),Crops,2023,6.7,6.7,ok,,
gdp_a_prod.real-gdp-growth-rate-year-on-year-crops.a,annual,Real GDP growth rate (year-on-year %),Crops,2024,3.1,3.1,ok,,provisional*
gdp_a_prod.real-gdp-growth-rate-year-on-year-crops.a,annual,Real GDP growth rate (year-on-year %),Crops,2025,7.3,7.3,ok,,provisional**
gdp_a_prod.real-gdp-growth-rate-year-on-year-cocoa.a,annual,Real GDP growth rate (year-on-year %),Cocoa,2014,4.3,4.3,ok,,
gdp_a_prod.real-gdp-growth-rate-year-on-year-cocoa.a,annual,Real GDP growth rate (year-on-year %),Cocoa,2015,-8,-8,ok,,
gdp_a_prod.real-gdp-growth-rate-year-on-year-cocoa.a,annual,Real GDP growth rate (year-on-year %),Cocoa,2016,-7,-7,ok,,
gdp_a_prod.real-gdp-growth-rate-year-on-year-cocoa.a,annual,Real GDP growth rate (year-on-year %),Cocoa,2017,9.2,9.2,ok,,
gdp_a_prod.real-gdp-growth-rate-year-on-year-cocoa.a,annual,Real GDP growth rate (year-on-year %),Cocoa,2018,3.7,3.7,ok,,
gdp_a_prod.real-gdp-growth-rate-year-on-year-cocoa.a,annual,Real GDP growth rate (year-on-year %),Cocoa,2019,5.4,5.4,ok,,
gdp_a_prod.real-gdp-growth-rate-year-on-year-cocoa.a,annual,Real GDP growth rate (year-on-year %),Cocoa,2020,1.4,1.4,ok,,
gdp_a_prod.real-gdp-growth-rate-year-on-year-cocoa.a,annual,Real GDP growth rate (year-on-year %),Cocoa,2021,10.4,10.4,ok,,
gdp_a_prod.real-gdp-growth-rate-year-on-year-cocoa.a,annual,Real GDP growth rate (year-on-year %),Cocoa,2022,0.9,0.9,ok,,
gdp_a_prod.real-gdp-growth-rate-year-on-year-cocoa.a,annual,Real GDP growth rate (year-on-year %),Cocoa,2023,-0.3,-0.3,ok,,
gdp_a_prod.real-gdp-growth-rate-year-on-year-cocoa.a,annual,Real GDP growth rate (year-on-year %),Cocoa,2024,-21.5,-21.5,ok,,provisional*
gdp_a_prod.real-gdp-growth-rate-year-on-year-cocoa.a,annual,Real GDP growth rate (year-on-year %),Cocoa,2025,14.4,14.4,ok,,provisional**
gdp_a_prod.real-gdp-growth-rate-year-on-year-livestock.a,annual,Real GDP growth rate (year-on-year %),Livestock,2014,5.1,5.1,ok,,
gdp_a_prod.real-gdp-growth-rate-year-on-year-livestock.a,annual,Real GDP growth rate (year-on-year %),Livestock,2015,5.3,5.3,ok,,
gdp_a_prod.real-gdp-growth-rate-year-on-year-livestock.a,annual,Real GDP growth rate (year-on-year %),Livestock,2016,5.4,5.4,ok,,
gdp_a_prod.real-gdp-growth-rate-year-on-year-livestock.a,annual,Real GDP growth rate (year-on-year %),Livestock,2017,5.7,5.7,ok,,
gdp_a_prod.real-gdp-growth-rate-year-on-year-livestock.a,annual,Real GDP growth rate (year-on-year %),Livestock,2018,5.4,5.4,ok,,
gdp_a_prod.real-gdp-growth-rate-year-on-year-livestock.a,annual,Real GDP growth rate (year-on-year %),Livestock,2019,5.4,5.4,ok,,
gdp_a_prod.real-gdp-growth-rate-year-on-year-livestock.a,annual,Real GDP growth rate (year-on-year %),Livestock,2020,5.5,5.5,ok,,
gdp_a_prod.real-gdp-growth-rate-year-on-year-livestock.a,annual,Real GDP growth rate (year-on-year %),Livestock,2021,5.5,5.5,ok,,
gdp_a_prod.real-gdp-growth-rate-year-on-year-livestock.a,annual,Real GDP growth rate (year-on-year %),Livestock,2022,5.5,5.5,ok,,
gdp_a_prod.real-gdp-growth-rate-year-on-year-livestock.a,annual,Real GDP growth rate (year-on-year %),Livestock,2023,6.5,6.5,ok,,
gdp_a_prod.real-gdp-growth-rate-year-on-year-livestock.a,annual,Real GDP growth rate (year-on-year %),Livestock,2024,3.5,3.5,ok,,provisional*
gdp_a_prod.real-gdp-growth-rate-year-on-year-livestock.a,annual,Real GDP growth rate (year-on-year %),Livestock,2025,5.6,5.6,ok,,provisional**
gdp_a_prod.real-gdp-growth-rate-year-on-year-forestry-and-logging.a,annual,Real GDP growth rate (year-on-year %),Forestry and logging,2014,-1.5,-1.5,ok,,
gdp_a_prod.real-gdp-growth-rate-year-on-year-forestry-and-logging.a,annual,Real GDP growth rate (year-on-year %),Forestry and logging,2015,-3.9,-3.9,ok,,
gdp_a_prod.real-gdp-growth-rate-year-on-year-forestry-and-logging.a,annual,Real GDP growth rate (year-on-year %),Forestry and logging,2016,2.9,2.9,ok,,
gdp_a_prod.real-gdp-growth-rate-year-on-year-forestry-and-logging.a,annual,Real GDP growth rate (year-on-year %),Forestry and logging,2017,3.4,3.4,ok,,
gdp_a_prod.real-gdp-growth-rate-year-on-year-forestry-and-logging.a,annual,Real GDP growth rate (year-on-year %),Forestry and logging,2018,2.4,2.4,ok,,
gdp_a_prod.real-gdp-growth-rate-year-on-year-forestry-and-logging.a,annual,Real GDP growth rate (year-on-year %),Forestry and logging,2019,-1.7,-1.7,ok,,
gdp_a_prod.real-gdp-growth-rate-year-on-year-forestry-and-logging.a,annual,Real GDP growth rate (year-on-year %),Forestry and logging,2020,-9.4,-9.4,ok,,
gdp_a_prod.real-gdp-growth-rate-year-on-year-forestry-and-logging.a,annual,Real GDP growth rate (year-on-year %),Forestry and logging,2021,4.4,4.4,ok,,
gdp_a_prod.real-gdp-growth-rate-year-on-year-forestry-and-logging.a,annual,Real GDP growth rate (year-on-year %),Forestry and logging,2022,1.7,1.7,ok,,
gdp_a_prod.real-gdp-growth-rate-year-on-year-forestry-and-logging.a,annual,Real GDP growth rate (year-on-year %),Forestry and logging,2023,-6.2,-6.2,ok,,
gdp_a_prod.real-gdp-growth-rate-year-on-year-forestry-and-logging.a,annual,Real GDP growth rate (year-on-year %),Forestry and logging,2024,-5.8,-5.8,ok,,provisional*
gdp_a_prod.real-gdp-growth-rate-year-on-year-forestry-and-logging.a,annual,Real GDP growth rate (year-on-year %),Forestry and logging,2025,-2.5,-2.5,ok,,provisional**
gdp_a_prod.real-gdp-growth-rate-year-on-year-fishing.a,annual,Real GDP growth rate (year-on-year %),Fishing,2014,-23.3,-23.3,ok,,
gdp_a_prod.real-gdp-growth-rate-year-on-year-fishing.a,annual,Real GDP growth rate (year-on-year %),Fishing,2015,8.5,8.5,ok,,
gdp_a_prod.real-gdp-growth-rate-year-on-year-fishing.a,annual,Real GDP growth rate (year-on-year %),Fishing,2016,3.1,3.1,ok,,
gdp_a_prod.real-gdp-growth-rate-year-on-year-fishing.a,annual,Real GDP growth rate (year-on-year %),Fishing,2017,-1.4,-1.4,ok,,
gdp_a_prod.real-gdp-growth-rate-year-on-year-fishing.a,annual,Real GDP growth rate (year-on-year %),Fishing,2018,-6.8,-6.8,ok,,
gdp_a_prod.real-gdp-growth-rate-year-on-year-fishing.a,annual,Real GDP growth rate (year-on-year %),Fishing,2019,1.7,1.7,ok,,
gdp_a_prod.real-gdp-growth-rate-year-on-year-fishing.a,annual,Real GDP growth rate (year-on-year %),Fishing,2020,14.1,14.1,ok,,
gdp_a_prod.real-gdp-growth-rate-year-on-year-fishing.a,annual,Real GDP growth rate (year-on-year %),Fishing,2021,14.2,14.2,ok,,
gdp_a_prod.real-gdp-growth-rate-year-on-year-fishing.a,annual,Real GDP growth rate (year-on-year %),Fishing,2022,8.8,8.8,ok,,
gdp_a_prod.real-gdp-growth-rate-year-on-year-fishing.a,annual,Real GDP growth rate (year-on-year %),Fishing,2023,4.1,4.1,ok,,
gdp_a_prod.real-gdp-growth-rate-year-on-year-fishing.a,annual,Real GDP growth rate (year-on-year %),Fishing,2024,2.5,2.5,ok,,provisional*
gdp_a_prod.real-gdp-growth-rate-year-on-year-fishing.a,annual,Real GDP growth rate (year-on-year %),Fishing,2025,9.5,9.5,ok,,provisional**
gdp_a_prod.real-gdp-growth-rate-year-on-year-industry.a,annual,Real GDP growth rate (year-on-year %),Industry,2014,1.1,1.1,ok,,
gdp_a_prod.real-gdp-growth-rate-year-on-year-industry.a,annual,Real GDP growth rate (year-on-year %),Industry,2015,1.2,1.2,ok,,
gdp_a_prod.real-gdp-growth-rate-year-on-year-industry.a,annual,Real GDP growth rate (year-on-year %),Industry,2016,4.3,4.3,ok,,
gdp_a_prod.real-gdp-growth-rate-year-on-year-industry.a,annual,Real GDP growth rate (year-on-year %),Industry,2017,15.6,15.6,ok,,
gdp_a_prod.real-gdp-growth-rate-year-on-year-industry.a,annual,Real GDP growth rate (year-on-year %),Industry,2018,10.5,10.5,ok,,
gdp_a_prod.real-gdp-growth-rate-year-on-year-industry.a,annual,Real GDP growth rate (year-on-year %),Industry,2019,6.4,6.4,ok,,
gdp_a_prod.real-gdp-growth-rate-year-on-year-industry.a,annual,Real GDP growth rate (year-on-year %),Industry,2020,-2.5,-2.5,ok,,
gdp_a_prod.real-gdp-growth-rate-year-on-year-industry.a,annual,Real GDP growth rate (year-on-year %),Industry,2021,-0.5,-0.5,ok,,
gdp_a_prod.real-gdp-growth-rate-year-on-year-industry.a,annual,Real GDP growth rate (year-on-year %),Industry,2022,0.6,0.6,ok,,
gdp_a_prod.real-gdp-growth-rate-year-on-year-industry.a,annual,Real GDP growth rate (year-on-year %),Industry,2023,-1.8,-1.8,ok,,
gdp_a_prod.real-gdp-growth-rate-year-on-year-industry.a,annual,Real GDP growth rate (year-on-year %),Industry,2024,7.2,7.2,ok,,provisional*
gdp_a_prod.real-gdp-growth-rate-year-on-year-industry.a,annual,Real GDP growth rate (year-on-year %),Industry,2025,2.3,2.3,ok,,provisional**
gdp_a_prod.real-gdp-growth-rate-year-on-year-mining-and-quarrying.a,annual,Real GDP growth rate (year-on-year %),Mining and quarrying,2014,5.4,5.4,ok,,
gdp_a_prod.real-gdp-growth-rate-year-on-year-mining-and-quarrying.a,annual,Real GDP growth rate (year-on-year %),Mining and quarrying,2015,-8.3,-8.3,ok,,
gdp_a_prod.real-gdp-growth-rate-year-on-year-mining-and-quarrying.a,annual,Real GDP growth rate (year-on-year %),Mining and quarrying,2016,-0.2,-0.2,ok,,
gdp_a_prod.real-gdp-growth-rate-year-on-year-mining-and-quarrying.a,annual,Real GDP growth rate (year-on-year %),Mining and quarrying,2017,30.8,30.8,ok,,
gdp_a_prod.real-gdp-growth-rate-year-on-year-mining-and-quarrying.a,annual,Real GDP growth rate (year-on-year %),Mining and quarrying,2018,23.3,23.3,ok,,
gdp_a_prod.real-gdp-growth-rate-year-on-year-mining-and-quarrying.a,annual,Real GDP growth rate (year-on-year %),Mining and quarrying,2019,12.6,12.6,ok,,
gdp_a_prod.real-gdp-growth-rate-year-on-year-mining-and-quarrying.a,annual,Real GDP growth rate (year-on-year %),Mining and quarrying,2020,-9.2,-9.2,ok,,
gdp_a_prod.real-gdp-growth-rate-year-on-year-mining-and-quarrying.a,annual,Real GDP growth rate (year-on-year %),Mining and quarrying,2021,-12.2,-12.2,ok,,
gdp_a_prod.real-gdp-growth-rate-year-on-year-mining-and-quarrying.a,annual,Real GDP growth rate (year-on-year %),Mining and quarrying,2022,8.9,8.9,ok,,
gdp_a_prod.real-gdp-growth-rate-year-on-year-mining-and-quarrying.a,annual,Real GDP growth rate (year-on-year %),Mining and quarrying,2023,1.7,1.7,ok,,
gdp_a_prod.real-gdp-growth-rate-year-on-year-mining-and-quarrying.a,annual,Real GDP growth rate (year-on-year %),Mining and quarrying,2024,9.4,9.4,ok,,provisional*
gdp_a_prod.real-gdp-growth-rate-year-on-year-mining-and-quarrying.a,annual,Real GDP growth rate (year-on-year %),Mining and quarrying,2025,-0.9,-0.9,ok,,provisional**
gdp_a_prod.real-gdp-growth-rate-year-on-year-oil-and-gas.a,annual,Real GDP growth rate (year-on-year %),Oil and gas,2014,9.3,9.3,ok,,
gdp_a_prod.real-gdp-growth-rate-year-on-year-oil-and-gas.a,annual,Real GDP growth rate (year-on-year %),Oil and gas,2015,2,2,ok,,
gdp_a_prod.real-gdp-growth-rate-year-on-year-oil-and-gas.a,annual,Real GDP growth rate (year-on-year %),Oil and gas,2016,-15.6,-15.6,ok,,
gdp_a_prod.real-gdp-growth-rate-year-on-year-oil-and-gas.a,annual,Real GDP growth rate (year-on-year %),Oil and gas,2017,80.3,80.3,ok,,
gdp_a_prod.real-gdp-growth-rate-year-on-year-oil-and-gas.a,annual,Real GDP growth rate (year-on-year %),Oil and gas,2018,8,8,ok,,
gdp_a_prod.real-gdp-growth-rate-year-on-year-oil-and-gas.a,annual,Real GDP growth rate (year-on-year %),Oil and gas,2019,14.4,14.4,ok,,
gdp_a_prod.real-gdp-growth-rate-year-on-year-oil-and-gas.a,annual,Real GDP growth rate (year-on-year %),Oil and gas,2020,-4.6,-4.6,ok,,
gdp_a_prod.real-gdp-growth-rate-year-on-year-oil-and-gas.a,annual,Real GDP growth rate (year-on-year %),Oil and gas,2021,-12.6,-12.6,ok,,
gdp_a_prod.real-gdp-growth-rate-year-on-year-oil-and-gas.a,annual,Real GDP growth rate (year-on-year %),Oil and gas,2022,-8.5,-8.5,ok,,
gdp_a_prod.real-gdp-growth-rate-year-on-year-oil-and-gas.a,annual,Real GDP growth rate (year-on-year %),Oil and gas,2023,-3.5,-3.5,ok,,
gdp_a_prod.real-gdp-growth-rate-year-on-year-oil-and-gas.a,annual,Real GDP growth rate (year-on-year %),Oil and gas,2024,1.1,1.1,ok,,provisional*
gdp_a_prod.real-gdp-growth-rate-year-on-year-oil-and-gas.a,annual,Real GDP growth rate (year-on-year %),Oil and gas,2025,-23.2,-23.2,ok,,provisional**
gdp_a_prod.real-gdp-growth-rate-year-on-year-gold.a,annual,Real GDP growth rate (year-on-year %),Gold,2014,1.7,1.7,ok,,
gdp_a_prod.real-gdp-growth-rate-year-on-year-gold.a,annual,Real GDP growth rate (year-on-year %),Gold,2015,-19,-19,ok,,
gdp_a_prod.real-gdp-growth-rate-year-on-year-gold.a,annual,Real GDP growth rate (year-on-year %),Gold,2016,17.2,17.2,ok,,
gdp_a_prod.real-gdp-growth-rate-year-on-year-gold.a,annual,Real GDP growth rate (year-on-year %),Gold,2017,-3.7,-3.7,ok,,
gdp_a_prod.real-gdp-growth-rate-year-on-year-gold.a,annual,Real GDP growth rate (year-on-year %),Gold,2018,23.8,23.8,ok,,
gdp_a_prod.real-gdp-growth-rate-year-on-year-gold.a,annual,Real GDP growth rate (year-on-year %),Gold,2019,1.2,1.2,ok,,
gdp_a_prod.real-gdp-growth-rate-year-on-year-gold.a,annual,Real GDP growth rate (year-on-year %),Gold,2020,-12.2,-12.2,ok,,
gdp_a_prod.real-gdp-growth-rate-year-on-year-gold.a,annual,Real GDP growth rate (year-on-year %),Gold,2021,-31.2,-31.2,ok,,
gdp_a_prod.real-gdp-growth-rate-year-on-year-gold.a,annual,Real GDP growth rate (year-on-year %),Gold,2022,32.3,32.3,ok,,
gdp_a_prod.real-gdp-growth-rate-year-on-year-gold.a,annual,Real GDP growth rate (year-on-year %),Gold,2023,6.7,6.7,ok,,
gdp_a_prod.real-gdp-growth-rate-year-on-year-gold.a,annual,Real GDP growth rate (year-on-year %),Gold,2024,19.1,19.1,ok,,provisional*
gdp_a_prod.real-gdp-growth-rate-year-on-year-gold.a,annual,Real GDP growth rate (year-on-year %),Gold,2025,19.6,19.6,ok,,provisional**
gdp_a_prod.real-gdp-growth-rate-year-on-year-manufacturing.a,annual,Real GDP growth rate (year-on-year %),Manufacturing,2014,-2.6,-2.6,ok,,
gdp_a_prod.real-gdp-growth-rate-year-on-year-manufacturing.a,annual,Real GDP growth rate (year-on-year %),Manufacturing,2015,3.7,3.7,ok,,
gdp_a_prod.real-gdp-growth-rate-year-on-year-manufacturing.a,annual,Real GDP growth rate (year-on-year %),Manufacturing,2016,7.9,7.9,ok,,
gdp_a_prod.real-gdp-growth-rate-year-on-year-manufacturing.a,annual,Real GDP growth rate (year-on-year %),Manufacturing,2017,9.5,9.5,ok,,
gdp_a_prod.real-gdp-growth-rate-year-on-year-manufacturing.a,annual,Real GDP growth rate (year-on-year %),Manufacturing,2018,4.1,4.1,ok,,
gdp_a_prod.real-gdp-growth-rate-year-on-year-manufacturing.a,annual,Real GDP growth rate (year-on-year %),Manufacturing,2019,6.3,6.3,ok,,
gdp_a_prod.real-gdp-growth-rate-year-on-year-manufacturing.a,annual,Real GDP growth rate (year-on-year %),Manufacturing,2020,1.9,1.9,ok,,
gdp_a_prod.real-gdp-growth-rate-year-on-year-manufacturing.a,annual,Real GDP growth rate (year-on-year %),Manufacturing,2021,8.1,8.1,ok,,
gdp_a_prod.real-gdp-growth-rate-year-on-year-manufacturing.a,annual,Real GDP growth rate (year-on-year %),Manufacturing,2022,-2.5,-2.5,ok,,
gdp_a_prod.real-gdp-growth-rate-year-on-year-manufacturing.a,annual,Real GDP growth rate (year-on-year %),Manufacturing,2023,0.9,0.9,ok,,
gdp_a_prod.real-gdp-growth-rate-year-on-year-manufacturing.a,annual,Real GDP growth rate (year-on-year %),Manufacturing,2024,4.2,4.2,ok,,provisional*
gdp_a_prod.real-gdp-growth-rate-year-on-year-manufacturing.a,annual,Real GDP growth rate (year-on-year %),Manufacturing,2025,5.7,5.7,ok,,provisional**
gdp_a_prod.real-gdp-growth-rate-year-on-year-electricity.a,annual,Real GDP growth rate (year-on-year %),Electricity,2014,1.3,1.3,ok,,
gdp_a_prod.real-gdp-growth-rate-year-on-year-electricity.a,annual,Real GDP growth rate (year-on-year %),Electricity,2015,17.7,17.7,ok,,
gdp_a_prod.real-gdp-growth-rate-year-on-year-electricity.a,annual,Real GDP growth rate (year-on-year %),Electricity,2016,-5.8,-5.8,ok,,
gdp_a_prod.real-gdp-growth-rate-year-on-year-electricity.a,annual,Real GDP growth rate (year-on-year %),Electricity,2017,19.4,19.4,ok,,
gdp_a_prod.real-gdp-growth-rate-year-on-year-electricity.a,annual,Real GDP growth rate (year-on-year %),Electricity,2018,5.5,5.5,ok,,
gdp_a_prod.real-gdp-growth-rate-year-on-year-electricity.a,annual,Real GDP growth rate (year-on-year %),Electricity,2019,6,6,ok,,
gdp_a_prod.real-gdp-growth-rate-year-on-year-electricity.a,annual,Real GDP growth rate (year-on-year %),Electricity,2020,9.9,9.9,ok,,
gdp_a_prod.real-gdp-growth-rate-year-on-year-electricity.a,annual,Real GDP growth rate (year-on-year %),Electricity,2021,7.9,7.9,ok,,
gdp_a_prod.real-gdp-growth-rate-year-on-year-electricity.a,annual,Real GDP growth rate (year-on-year %),Electricity,2022,-3.5,-3.5,ok,,
gdp_a_prod.real-gdp-growth-rate-year-on-year-electricity.a,annual,Real GDP growth rate (year-on-year %),Electricity,2023,-10.8,-10.8,ok,,
gdp_a_prod.real-gdp-growth-rate-year-on-year-electricity.a,annual,Real GDP growth rate (year-on-year %),Electricity,2024,2,2,ok,,provisional*
gdp_a_prod.real-gdp-growth-rate-year-on-year-electricity.a,annual,Real GDP growth rate (year-on-year %),Electricity,2025,3.6,3.6,ok,,provisional**
gdp_a_prod.real-gdp-growth-rate-year-on-year-water-and-sewerage.a,annual,Real GDP growth rate (year-on-year %),Water and sewerage,2014,5.9,5.9,ok,,
gdp_a_prod.real-gdp-growth-rate-year-on-year-water-and-sewerage.a,annual,Real GDP growth rate (year-on-year %),Water and sewerage,2015,13.9,13.9,ok,,
gdp_a_prod.real-gdp-growth-rate-year-on-year-water-and-sewerage.a,annual,Real GDP growth rate (year-on-year %),Water and sewerage,2016,-11.8,-11.8,ok,,
gdp_a_prod.real-gdp-growth-rate-year-on-year-water-and-sewerage.a,annual,Real GDP growth rate (year-on-year %),Water and sewerage,2017,6.1,6.1,ok,,
gdp_a_prod.real-gdp-growth-rate-year-on-year-water-and-sewerage.a,annual,Real GDP growth rate (year-on-year %),Water and sewerage,2018,-3.6,-3.6,ok,,
gdp_a_prod.real-gdp-growth-rate-year-on-year-water-and-sewerage.a,annual,Real GDP growth rate (year-on-year %),Water and sewerage,2019,-4.4,-4.4,ok,,
gdp_a_prod.real-gdp-growth-rate-year-on-year-water-and-sewerage.a,annual,Real GDP growth rate (year-on-year %),Water and sewerage,2020,2.2,2.2,ok,,
gdp_a_prod.real-gdp-growth-rate-year-on-year-water-and-sewerage.a,annual,Real GDP growth rate (year-on-year %),Water and sewerage,2021,26,26,ok,,
gdp_a_prod.real-gdp-growth-rate-year-on-year-water-and-sewerage.a,annual,Real GDP growth rate (year-on-year %),Water and sewerage,2022,-4.8,-4.8,ok,,
gdp_a_prod.real-gdp-growth-rate-year-on-year-water-and-sewerage.a,annual,Real GDP growth rate (year-on-year %),Water and sewerage,2023,2.5,2.5,ok,,
gdp_a_prod.real-gdp-growth-rate-year-on-year-water-and-sewerage.a,annual,Real GDP growth rate (year-on-year %),Water and sewerage,2024,-0.9,-0.9,ok,,provisional*
gdp_a_prod.real-gdp-growth-rate-year-on-year-water-and-sewerage.a,annual,Real GDP growth rate (year-on-year %),Water and sewerage,2025,-0.3,-0.3,ok,,provisional**
gdp_a_prod.real-gdp-growth-rate-year-on-year-construction.a,annual,Real GDP growth rate (year-on-year %),Construction,2014,-0.4,-0.4,ok,,
gdp_a_prod.real-gdp-growth-rate-year-on-year-construction.a,annual,Real GDP growth rate (year-on-year %),Construction,2015,9.6,9.6,ok,,
gdp_a_prod.real-gdp-growth-rate-year-on-year-construction.a,annual,Real GDP growth rate (year-on-year %),Construction,2016,8.4,8.4,ok,,
gdp_a_prod.real-gdp-growth-rate-year-on-year-construction.a,annual,Real GDP growth rate (year-on-year %),Construction,2017,5.1,5.1,ok,,
gdp_a_prod.real-gdp-growth-rate-year-on-year-construction.a,annual,Real GDP growth rate (year-on-year %),Construction,2018,1.1,1.1,ok,,
gdp_a_prod.real-gdp-growth-rate-year-on-year-construction.a,annual,Real GDP growth rate (year-on-year %),Construction,2019,-4.4,-4.4,ok,,
gdp_a_prod.real-gdp-growth-rate-year-on-year-construction.a,annual,Real GDP growth rate (year-on-year %),Construction,2020,3.1,3.1,ok,,
gdp_a_prod.real-gdp-growth-rate-year-on-year-construction.a,annual,Real GDP growth rate (year-on-year %),Construction,2021,6,6,ok,,
gdp_a_prod.real-gdp-growth-rate-year-on-year-construction.a,annual,Real GDP growth rate (year-on-year %),Construction,2022,-6.8,-6.8,ok,,
gdp_a_prod.real-gdp-growth-rate-year-on-year-construction.a,annual,Real GDP growth rate (year-on-year %),Construction,2023,-11.2,-11.2,ok,,
gdp_a_prod.real-gdp-growth-rate-year-on-year-construction.a,annual,Real GDP growth rate (year-on-year %),Construction,2024,9.6,9.6,ok,,provisional*
gdp_a_prod.real-gdp-growth-rate-year-on-year-construction.a,annual,Real GDP growth rate (year-on-year %),Construction,2025,3.2,3.2,ok,,provisional**
gdp_a_prod.real-gdp-growth-rate-year-on-year-services.a,annual,Real GDP growth rate (year-on-year %),Services,2014,5.2,5.2,ok,,
gdp_a_prod.real-gdp-growth-rate-year-on-year-services.a,annual,Real GDP growth rate (year-on-year %),Services,2015,2.9,2.9,ok,,
gdp_a_prod.real-gdp-growth-rate-year-on-year-services.a,annual,Real GDP growth rate (year-on-year %),Services,2016,2.8,2.8,ok,,
gdp_a_prod.real-gdp-growth-rate-year-on-year-services.a,annual,Real GDP growth rate (year-on-year %),Services,2017,3.5,3.5,ok,,
gdp_a_prod.real-gdp-growth-rate-year-on-year-services.a,annual,Real GDP growth rate (year-on-year %),Services,2018,2.8,2.8,ok,,
gdp_a_prod.real-gdp-growth-rate-year-on-year-services.a,annual,Real GDP growth rate (year-on-year %),Services,2019,7.6,7.6,ok,,
gdp_a_prod.real-gdp-growth-rate-year-on-year-services.a,annual,Real GDP growth rate (year-on-year %),Services,2020,0.7,0.7,ok,,
gdp_a_prod.real-gdp-growth-rate-year-on-year-services.a,annual,Real GDP growth rate (year-on-year %),Services,2021,9.4,9.4,ok,,
gdp_a_prod.real-gdp-growth-rate-year-on-year-services.a,annual,Real GDP growth rate (year-on-year %),Services,2022,6.3,6.3,ok,,
gdp_a_prod.real-gdp-growth-rate-year-on-year-services.a,annual,Real GDP growth rate (year-on-year %),Services,2023,5.7,5.7,ok,,
gdp_a_prod.real-gdp-growth-rate-year-on-year-services.a,annual,Real GDP growth rate (year-on-year %),Services,2024,6.2,6.2,ok,,provisional*
gdp_a_prod.real-gdp-growth-rate-year-on-year-services.a,annual,Real GDP growth rate (year-on-year %),Services,2025,8.1,8.1,ok,,provisional**
gdp_a_prod.real-gdp-growth-rate-year-on-year-trade-repair-of-vehicles-household-goods.a,annual,Real GDP growth rate (year-on-year %),"Trade; repair of vehicles, household goods",2014,2,2,ok,,
gdp_a_prod.real-gdp-growth-rate-year-on-year-trade-repair-of-vehicles-household-goods.a,annual,Real GDP growth rate (year-on-year %),"Trade; repair of vehicles, household goods",2015,0.5,0.5,ok,,
gdp_a_prod.real-gdp-growth-rate-year-on-year-trade-repair-of-vehicles-household-goods.a,annual,Real GDP growth rate (year-on-year %),"Trade; repair of vehicles, household goods",2016,-0.5,-0.5,ok,,
gdp_a_prod.real-gdp-growth-rate-year-on-year-trade-repair-of-vehicles-household-goods.a,annual,Real GDP growth rate (year-on-year %),"Trade; repair of vehicles, household goods",2017,8.2,8.2,ok,,
gdp_a_prod.real-gdp-growth-rate-year-on-year-trade-repair-of-vehicles-household-goods.a,annual,Real GDP growth rate (year-on-year %),"Trade; repair of vehicles, household goods",2018,2.8,2.8,ok,,
gdp_a_prod.real-gdp-growth-rate-year-on-year-trade-repair-of-vehicles-household-goods.a,annual,Real GDP growth rate (year-on-year %),"Trade; repair of vehicles, household goods",2019,3.7,3.7,ok,,
gdp_a_prod.real-gdp-growth-rate-year-on-year-trade-repair-of-vehicles-household-goods.a,annual,Real GDP growth rate (year-on-year %),"Trade; repair of vehicles, household goods",2020,-2.9,-2.9,ok,,
gdp_a_prod.real-gdp-growth-rate-year-on-year-trade-repair-of-vehicles-household-goods.a,annual,Real GDP growth rate (year-on-year %),"Trade; repair of vehicles, household goods",2021,6.3,6.3,ok,,
gdp_a_prod.real-gdp-growth-rate-year-on-year-trade-repair-of-vehicles-household-goods.a,annual,Real GDP growth rate (year-on-year %),"Trade; repair of vehicles, household goods",2022,1.3,1.3,ok,,
gdp_a_prod.real-gdp-growth-rate-year-on-year-trade-repair-of-vehicles-household-goods.a,annual,Real GDP growth rate (year-on-year %),"Trade; repair of vehicles, household goods",2023,0.3,0.3,ok,,
gdp_a_prod.real-gdp-growth-rate-year-on-year-trade-repair-of-vehicles-household-goods.a,annual,Real GDP growth rate (year-on-year %),"Trade; repair of vehicles, household goods",2024,4.1,4.1,ok,,provisional*
gdp_a_prod.real-gdp-growth-rate-year-on-year-trade-repair-of-vehicles-household-goods.a,annual,Real GDP growth rate (year-on-year %),"Trade; repair of vehicles, household goods",2025,3.8,3.8,ok,,provisional**
gdp_a_prod.real-gdp-growth-rate-year-on-year-accommodation-and-food-service-activities.a,annual,Real GDP growth rate (year-on-year %),Accommodation and food service activities,2014,1.5,1.5,ok,,
gdp_a_prod.real-gdp-growth-rate-year-on-year-accommodation-and-food-service-activities.a,annual,Real GDP growth rate (year-on-year %),Accommodation and food service activities,2015,4.1,4.1,ok,,
gdp_a_prod.real-gdp-growth-rate-year-on-year-accommodation-and-food-service-activities.a,annual,Real GDP growth rate (year-on-year %),Accommodation and food service activities,2016,2.3,2.3,ok,,
gdp_a_prod.real-gdp-growth-rate-year-on-year-accommodation-and-food-service-activities.a,annual,Real GDP growth rate (year-on-year %),Accommodation and food service activities,2017,7.6,7.6,ok,,
gdp_a_prod.real-gdp-growth-rate-year-on-year-accommodation-and-food-service-activities.a,annual,Real GDP growth rate (year-on-year %),Accommodation and food service activities,2018,3.2,3.2,ok,,
gdp_a_prod.real-gdp-growth-rate-year-on-year-accommodation-and-food-service-activities.a,annual,Real GDP growth rate (year-on-year %),Accommodation and food service activities,2019,6,6,ok,,
gdp_a_prod.real-gdp-growth-rate-year-on-year-accommodation-and-food-service-activities.a,annual,Real GDP growth rate (year-on-year %),Accommodation and food service activities,2020,-37,-37,ok,,
gdp_a_prod.real-gdp-growth-rate-year-on-year-accommodation-and-food-service-activities.a,annual,Real GDP growth rate (year-on-year %),Accommodation and food service activities,2021,4.7,4.7,ok,,
gdp_a_prod.real-gdp-growth-rate-year-on-year-accommodation-and-food-service-activities.a,annual,Real GDP growth rate (year-on-year %),Accommodation and food service activities,2022,0,0,ok,,
gdp_a_prod.real-gdp-growth-rate-year-on-year-accommodation-and-food-service-activities.a,annual,Real GDP growth rate (year-on-year %),Accommodation and food service activities,2023,4,4,ok,,
gdp_a_prod.real-gdp-growth-rate-year-on-year-accommodation-and-food-service-activities.a,annual,Real GDP growth rate (year-on-year %),Accommodation and food service activities,2024,5,5,ok,,provisional*
gdp_a_prod.real-gdp-growth-rate-year-on-year-accommodation-and-food-service-activities.a,annual,Real GDP growth rate (year-on-year %),Accommodation and food service activities,2025,1.8,1.8,ok,,provisional**
gdp_a_prod.real-gdp-growth-rate-year-on-year-transport-and-storage.a,annual,Real GDP growth rate (year-on-year %),Transport and storage,2014,5.8,5.8,ok,,
gdp_a_prod.real-gdp-growth-rate-year-on-year-transport-and-storage.a,annual,Real GDP growth rate (year-on-year %),Transport and storage,2015,2.6,2.6,ok,,
gdp_a_prod.real-gdp-growth-rate-year-on-year-transport-and-storage.a,annual,Real GDP growth rate (year-on-year %),Transport and storage,2016,1.1,1.1,ok,,
gdp_a_prod.real-gdp-growth-rate-year-on-year-transport-and-storage.a,annual,Real GDP growth rate (year-on-year %),Transport and storage,2017,9,9,ok,,
gdp_a_prod.real-gdp-growth-rate-year-on-year-transport-and-storage.a,annual,Real GDP growth rate (year-on-year %),Transport and storage,2018,1.1,1.1,ok,,
gdp_a_prod.real-gdp-growth-rate-year-on-year-transport-and-storage.a,annual,Real GDP growth rate (year-on-year %),Transport and storage,2019,4.3,4.3,ok,,
gdp_a_prod.real-gdp-growth-rate-year-on-year-transport-and-storage.a,annual,Real GDP growth rate (year-on-year %),Transport and storage,2020,4.1,4.1,ok,,
gdp_a_prod.real-gdp-growth-rate-year-on-year-transport-and-storage.a,annual,Real GDP growth rate (year-on-year %),Transport and storage,2021,7.2,7.2,ok,,
gdp_a_prod.real-gdp-growth-rate-year-on-year-transport-and-storage.a,annual,Real GDP growth rate (year-on-year %),Transport and storage,2022,4,4,ok,,
gdp_a_prod.real-gdp-growth-rate-year-on-year-transport-and-storage.a,annual,Real GDP growth rate (year-on-year %),Transport and storage,2023,3.9,3.9,ok,,
gdp_a_prod.real-gdp-growth-rate-year-on-year-transport-and-storage.a,annual,Real GDP growth rate (year-on-year %),Transport and storage,2024,7.4,7.4,ok,,provisional*
gdp_a_prod.real-gdp-growth-rate-year-on-year-transport-and-storage.a,annual,Real GDP growth rate (year-on-year %),Transport and storage,2025,8.6,8.6,ok,,provisional**
gdp_a_prod.real-gdp-growth-rate-year-on-year-information-and-communication.a,annual,Real GDP growth rate (year-on-year %),Information and communication,2014,29.7,29.7,ok,,
gdp_a_prod.real-gdp-growth-rate-year-on-year-information-and-communication.a,annual,Real GDP growth rate (year-on-year %),Information and communication,2015,12,12,ok,,
gdp_a_prod.real-gdp-growth-rate-year-on-year-information-and-communication.a,annual,Real GDP growth rate (year-on-year %),Information and communication,2016,5.6,5.6,ok,,
gdp_a_prod.real-gdp-growth-rate-year-on-year-information-and-communication.a,annual,Real GDP growth rate (year-on-year %),Information and communication,2017,4.2,4.2,ok,,
gdp_a_prod.real-gdp-growth-rate-year-on-year-information-and-communication.a,annual,Real GDP growth rate (year-on-year %),Information and communication,2018,13.1,13.1,ok,,
gdp_a_prod.real-gdp-growth-rate-year-on-year-information-and-communication.a,annual,Real GDP growth rate (year-on-year %),Information and communication,2019,46.5,46.5,ok,,
gdp_a_prod.real-gdp-growth-rate-year-on-year-information-and-communication.a,annual,Real GDP growth rate (year-on-year %),Information and communication,2020,21.5,21.5,ok,,
gdp_a_prod.real-gdp-growth-rate-year-on-year-information-and-communication.a,annual,Real GDP growth rate (year-on-year %),Information and communication,2021,31.7,31.7,ok,,
gdp_a_prod.real-gdp-growth-rate-year-on-year-information-and-communication.a,annual,Real GDP growth rate (year-on-year %),Information and communication,2022,21.2,21.2,ok,,
gdp_a_prod.real-gdp-growth-rate-year-on-year-information-and-communication.a,annual,Real GDP growth rate (year-on-year %),Information and communication,2023,19.5,19.5,ok,,
gdp_a_prod.real-gdp-growth-rate-year-on-year-information-and-communication.a,annual,Real GDP growth rate (year-on-year %),Information and communication,2024,15.8,15.8,ok,,provisional*
gdp_a_prod.real-gdp-growth-rate-year-on-year-information-and-communication.a,annual,Real GDP growth rate (year-on-year %),Information and communication,2025,20.2,20.2,ok,,provisional**
gdp_a_prod.real-gdp-growth-rate-year-on-year-financial-and-insurance-activities.a,annual,Real GDP growth rate (year-on-year %),Financial and insurance activities,2014,21.4,21.4,ok,,
gdp_a_prod.real-gdp-growth-rate-year-on-year-financial-and-insurance-activities.a,annual,Real GDP growth rate (year-on-year %),Financial and insurance activities,2015,12.9,12.9,ok,,
gdp_a_prod.real-gdp-growth-rate-year-on-year-financial-and-insurance-activities.a,annual,Real GDP growth rate (year-on-year %),Financial and insurance activities,2016,8,8,ok,,
gdp_a_prod.real-gdp-growth-rate-year-on-year-financial-and-insurance-activities.a,annual,Real GDP growth rate (year-on-year %),Financial and insurance activities,2017,-17.7,-17.7,ok,,
gdp_a_prod.real-gdp-growth-rate-year-on-year-financial-and-insurance-activities.a,annual,Real GDP growth rate (year-on-year %),Financial and insurance activities,2018,-8.2,-8.2,ok,,
gdp_a_prod.real-gdp-growth-rate-year-on-year-financial-and-insurance-activities.a,annual,Real GDP growth rate (year-on-year %),Financial and insurance activities,2019,1.6,1.6,ok,,
gdp_a_prod.real-gdp-growth-rate-year-on-year-financial-and-insurance-activities.a,annual,Real GDP growth rate (year-on-year %),Financial and insurance activities,2020,9.3,9.3,ok,,
gdp_a_prod.real-gdp-growth-rate-year-on-year-financial-and-insurance-activities.a,annual,Real GDP growth rate (year-on-year %),Financial and insurance activities,2021,2.4,2.4,ok,,
gdp_a_prod.real-gdp-growth-rate-year-on-year-financial-and-insurance-activities.a,annual,Real GDP growth rate (year-on-year %),Financial and insurance activities,2022,9.8,9.8,ok,,
gdp_a_prod.real-gdp-growth-rate-year-on-year-financial-and-insurance-activities.a,annual,Real GDP growth rate (year-on-year %),Financial and insurance activities,2023,5.4,5.4,ok,,
gdp_a_prod.real-gdp-growth-rate-year-on-year-financial-and-insurance-activities.a,annual,Real GDP growth rate (year-on-year %),Financial and insurance activities,2024,7.8,7.8,ok,,provisional*
gdp_a_prod.real-gdp-growth-rate-year-on-year-financial-and-insurance-activities.a,annual,Real GDP growth rate (year-on-year %),Financial and insurance activities,2025,6.8,6.8,ok,,provisional**
gdp_a_prod.real-gdp-growth-rate-year-on-year-real-estate.a,annual,Real GDP growth rate (year-on-year %),Real estate,2014,-0.3,-0.3,ok,,
gdp_a_prod.real-gdp-growth-rate-year-on-year-real-estate.a,annual,Real GDP growth rate (year-on-year %),Real estate,2015,3.1,3.1,ok,,
gdp_a_prod.real-gdp-growth-rate-year-on-year-real-estate.a,annual,Real GDP growth rate (year-on-year %),Real estate,2016,3.2,3.2,ok,,
gdp_a_prod.real-gdp-growth-rate-year-on-year-real-estate.a,annual,Real GDP growth rate (year-on-year %),Real estate,2017,3.8,3.8,ok,,
gdp_a_prod.real-gdp-growth-rate-year-on-year-real-estate.a,annual,Real GDP growth rate (year-on-year %),Real estate,2018,-6.5,-6.5,ok,,
gdp_a_prod.real-gdp-growth-rate-year-on-year-real-estate.a,annual,Real GDP growth rate (year-on-year %),Real estate,2019,19.9,19.9,ok,,
gdp_a_prod.real-gdp-growth-rate-year-on-year-real-estate.a,annual,Real GDP growth rate (year-on-year %),Real estate,2020,11.7,11.7,ok,,
gdp_a_prod.real-gdp-growth-rate-year-on-year-real-estate.a,annual,Real GDP growth rate (year-on-year %),Real estate,2021,8.9,8.9,ok,,
gdp_a_prod.real-gdp-growth-rate-year-on-year-real-estate.a,annual,Real GDP growth rate (year-on-year %),Real estate,2022,-3.9,-3.9,ok,,
gdp_a_prod.real-gdp-growth-rate-year-on-year-real-estate.a,annual,Real GDP growth rate (year-on-year %),Real estate,2023,4.1,4.1,ok,,
gdp_a_prod.real-gdp-growth-rate-year-on-year-real-estate.a,annual,Real GDP growth rate (year-on-year %),Real estate,2024,1.5,1.5,ok,,provisional*
gdp_a_prod.real-gdp-growth-rate-year-on-year-real-estate.a,annual,Real GDP growth rate (year-on-year %),Real estate,2025,-0.5,-0.5,ok,,provisional**
gdp_a_prod.real-gdp-growth-rate-year-on-year-professional-administrative-and-support-servic.a,annual,Real GDP growth rate (year-on-year %),"Professional, administrative and support service activities",2014,6.8,6.8,ok,,
gdp_a_prod.real-gdp-growth-rate-year-on-year-professional-administrative-and-support-servic.a,annual,Real GDP growth rate (year-on-year %),"Professional, administrative and support service activities",2015,1.4,1.4,ok,,
gdp_a_prod.real-gdp-growth-rate-year-on-year-professional-administrative-and-support-servic.a,annual,Real GDP growth rate (year-on-year %),"Professional, administrative and support service activities",2016,-4.2,-4.2,ok,,
gdp_a_prod.real-gdp-growth-rate-year-on-year-professional-administrative-and-support-servic.a,annual,Real GDP growth rate (year-on-year %),"Professional, administrative and support service activities",2017,2.9,2.9,ok,,
gdp_a_prod.real-gdp-growth-rate-year-on-year-professional-administrative-and-support-servic.a,annual,Real GDP growth rate (year-on-year %),"Professional, administrative and support service activities",2018,0.3,0.3,ok,,
gdp_a_prod.real-gdp-growth-rate-year-on-year-professional-administrative-and-support-servic.a,annual,Real GDP growth rate (year-on-year %),"Professional, administrative and support service activities",2019,5.1,5.1,ok,,
gdp_a_prod.real-gdp-growth-rate-year-on-year-professional-administrative-and-support-servic.a,annual,Real GDP growth rate (year-on-year %),"Professional, administrative and support service activities",2020,-6.2,-6.2,ok,,
gdp_a_prod.real-gdp-growth-rate-year-on-year-professional-administrative-and-support-servic.a,annual,Real GDP growth rate (year-on-year %),"Professional, administrative and support service activities",2021,10.8,10.8,ok,,
gdp_a_prod.real-gdp-growth-rate-year-on-year-professional-administrative-and-support-servic.a,annual,Real GDP growth rate (year-on-year %),"Professional, administrative and support service activities",2022,-7.8,-7.8,ok,,
gdp_a_prod.real-gdp-growth-rate-year-on-year-professional-administrative-and-support-servic.a,annual,Real GDP growth rate (year-on-year %),"Professional, administrative and support service activities",2023,4.3,4.3,ok,,
gdp_a_prod.real-gdp-growth-rate-year-on-year-professional-administrative-and-support-servic.a,annual,Real GDP growth rate (year-on-year %),"Professional, administrative and support service activities",2024,1.1,1.1,ok,,provisional*
gdp_a_prod.real-gdp-growth-rate-year-on-year-professional-administrative-and-support-servic.a,annual,Real GDP growth rate (year-on-year %),"Professional, administrative and support service activities",2025,3.1,3.1,ok,,provisional**
gdp_a_prod.real-gdp-growth-rate-year-on-year-public-administration-and-defence-social-secur.a,annual,Real GDP growth rate (year-on-year %),Public administration and defence; social security,2014,-3.5,-3.5,ok,,
gdp_a_prod.real-gdp-growth-rate-year-on-year-public-administration-and-defence-social-secur.a,annual,Real GDP growth rate (year-on-year %),Public administration and defence; social security,2015,-2.6,-2.6,ok,,
gdp_a_prod.real-gdp-growth-rate-year-on-year-public-administration-and-defence-social-secur.a,annual,Real GDP growth rate (year-on-year %),Public administration and defence; social security,2016,8.9,8.9,ok,,
gdp_a_prod.real-gdp-growth-rate-year-on-year-public-administration-and-defence-social-secur.a,annual,Real GDP growth rate (year-on-year %),Public administration and defence; social security,2017,4.2,4.2,ok,,
gdp_a_prod.real-gdp-growth-rate-year-on-year-public-administration-and-defence-social-secur.a,annual,Real GDP growth rate (year-on-year %),Public administration and defence; social security,2018,4.3,4.3,ok,,
gdp_a_prod.real-gdp-growth-rate-year-on-year-public-administration-and-defence-social-secur.a,annual,Real GDP growth rate (year-on-year %),Public administration and defence; social security,2019,3.7,3.7,ok,,
gdp_a_prod.real-gdp-growth-rate-year-on-year-public-administration-and-defence-social-secur.a,annual,Real GDP growth rate (year-on-year %),Public administration and defence; social security,2020,10,10,ok,,
gdp_a_prod.real-gdp-growth-rate-year-on-year-public-administration-and-defence-social-secur.a,annual,Real GDP growth rate (year-on-year %),Public administration and defence; social security,2021,25.5,25.5,ok,,
gdp_a_prod.real-gdp-growth-rate-year-on-year-public-administration-and-defence-social-secur.a,annual,Real GDP growth rate (year-on-year %),Public administration and defence; social security,2022,6.1,6.1,ok,,
gdp_a_prod.real-gdp-growth-rate-year-on-year-public-administration-and-defence-social-secur.a,annual,Real GDP growth rate (year-on-year %),Public administration and defence; social security,2023,4.5,4.5,ok,,
gdp_a_prod.real-gdp-growth-rate-year-on-year-public-administration-and-defence-social-secur.a,annual,Real GDP growth rate (year-on-year %),Public administration and defence; social security,2024,2.7,2.7,ok,,provisional*
gdp_a_prod.real-gdp-growth-rate-year-on-year-public-administration-and-defence-social-secur.a,annual,Real GDP growth rate (year-on-year %),Public administration and defence; social security,2025,6.6,6.6,ok,,provisional**
gdp_a_prod.real-gdp-growth-rate-year-on-year-education.a,annual,Real GDP growth rate (year-on-year %),Education,2014,-0.3,-0.3,ok,,
gdp_a_prod.real-gdp-growth-rate-year-on-year-education.a,annual,Real GDP growth rate (year-on-year %),Education,2015,-0.5,-0.5,ok,,
gdp_a_prod.real-gdp-growth-rate-year-on-year-education.a,annual,Real GDP growth rate (year-on-year %),Education,2016,2.3,2.3,ok,,
gdp_a_prod.real-gdp-growth-rate-year-on-year-education.a,annual,Real GDP growth rate (year-on-year %),Education,2017,6.3,6.3,ok,,
gdp_a_prod.real-gdp-growth-rate-year-on-year-education.a,annual,Real GDP growth rate (year-on-year %),Education,2018,3.9,3.9,ok,,
gdp_a_prod.real-gdp-growth-rate-year-on-year-education.a,annual,Real GDP growth rate (year-on-year %),Education,2019,9.4,9.4,ok,,
gdp_a_prod.real-gdp-growth-rate-year-on-year-education.a,annual,Real GDP growth rate (year-on-year %),Education,2020,7.8,7.8,ok,,
gdp_a_prod.real-gdp-growth-rate-year-on-year-education.a,annual,Real GDP growth rate (year-on-year %),Education,2021,-3.9,-3.9,ok,,
gdp_a_prod.real-gdp-growth-rate-year-on-year-education.a,annual,Real GDP growth rate (year-on-year %),Education,2022,10.2,10.2,ok,,
gdp_a_prod.real-gdp-growth-rate-year-on-year-education.a,annual,Real GDP growth rate (year-on-year %),Education,2023,4.4,4.4,ok,,
gdp_a_prod.real-gdp-growth-rate-year-on-year-education.a,annual,Real GDP growth rate (year-on-year %),Education,2024,2.7,2.7,ok,,provisional*
gdp_a_prod.real-gdp-growth-rate-year-on-year-education.a,annual,Real GDP growth rate (year-on-year %),Education,2025,11.6,11.6,ok,,provisional**
gdp_a_prod.real-gdp-growth-rate-year-on-year-health-and-social-work.a,annual,Real GDP growth rate (year-on-year %),Health and social work,2014,2.7,2.7,ok,,
gdp_a_prod.real-gdp-growth-rate-year-on-year-health-and-social-work.a,annual,Real GDP growth rate (year-on-year %),Health and social work,2015,-4.4,-4.4,ok,,
gdp_a_prod.real-gdp-growth-rate-year-on-year-health-and-social-work.a,annual,Real GDP growth rate (year-on-year %),Health and social work,2016,4,4,ok,,
gdp_a_prod.real-gdp-growth-rate-year-on-year-health-and-social-work.a,annual,Real GDP growth rate (year-on-year %),Health and social work,2017,14.1,14.1,ok,,
gdp_a_prod.real-gdp-growth-rate-year-on-year-health-and-social-work.a,annual,Real GDP growth rate (year-on-year %),Health and social work,2018,22.6,22.6,ok,,
gdp_a_prod.real-gdp-growth-rate-year-on-year-health-and-social-work.a,annual,Real GDP growth rate (year-on-year %),Health and social work,2019,10.4,10.4,ok,,
gdp_a_prod.real-gdp-growth-rate-year-on-year-health-and-social-work.a,annual,Real GDP growth rate (year-on-year %),Health and social work,2020,5.9,5.9,ok,,
gdp_a_prod.real-gdp-growth-rate-year-on-year-health-and-social-work.a,annual,Real GDP growth rate (year-on-year %),Health and social work,2021,7.6,7.6,ok,,
gdp_a_prod.real-gdp-growth-rate-year-on-year-health-and-social-work.a,annual,Real GDP growth rate (year-on-year %),Health and social work,2022,9.2,9.2,ok,,
gdp_a_prod.real-gdp-growth-rate-year-on-year-health-and-social-work.a,annual,Real GDP growth rate (year-on-year %),Health and social work,2023,8.3,8.3,ok,,
gdp_a_prod.real-gdp-growth-rate-year-on-year-health-and-social-work.a,annual,Real GDP growth rate (year-on-year %),Health and social work,2024,4.4,4.4,ok,,provisional*
gdp_a_prod.real-gdp-growth-rate-year-on-year-health-and-social-work.a,annual,Real GDP growth rate (year-on-year %),Health and social work,2025,3.6,3.6,ok,,provisional**
gdp_a_prod.real-gdp-growth-rate-year-on-year-other-personal-service-activities.a,annual,Real GDP growth rate (year-on-year %),Other personal service activities,2014,1.4,1.4,ok,,
gdp_a_prod.real-gdp-growth-rate-year-on-year-other-personal-service-activities.a,annual,Real GDP growth rate (year-on-year %),Other personal service activities,2015,2.7,2.7,ok,,
gdp_a_prod.real-gdp-growth-rate-year-on-year-other-personal-service-activities.a,annual,Real GDP growth rate (year-on-year %),Other personal service activities,2016,-0.1,-0.1,ok,,
gdp_a_prod.real-gdp-growth-rate-year-on-year-other-personal-service-activities.a,annual,Real GDP growth rate (year-on-year %),Other personal service activities,2017,5.3,5.3,ok,,
gdp_a_prod.real-gdp-growth-rate-year-on-year-other-personal-service-activities.a,annual,Real GDP growth rate (year-on-year %),Other personal service activities,2018,3.1,3.1,ok,,
gdp_a_prod.real-gdp-growth-rate-year-on-year-other-personal-service-activities.a,annual,Real GDP growth rate (year-on-year %),Other personal service activities,2019,2.6,2.6,ok,,
gdp_a_prod.real-gdp-growth-rate-year-on-year-other-personal-service-activities.a,annual,Real GDP growth rate (year-on-year %),Other personal service activities,2020,-17.2,-17.2,ok,,
gdp_a_prod.real-gdp-growth-rate-year-on-year-other-personal-service-activities.a,annual,Real GDP growth rate (year-on-year %),Other personal service activities,2021,11.1,11.1,ok,,
gdp_a_prod.real-gdp-growth-rate-year-on-year-other-personal-service-activities.a,annual,Real GDP growth rate (year-on-year %),Other personal service activities,2022,-1.3,-1.3,ok,,
gdp_a_prod.real-gdp-growth-rate-year-on-year-other-personal-service-activities.a,annual,Real GDP growth rate (year-on-year %),Other personal service activities,2023,2.1,2.1,ok,,
gdp_a_prod.real-gdp-growth-rate-year-on-year-other-personal-service-activities.a,annual,Real GDP growth rate (year-on-year %),Other personal service activities,2024,-2.1,-2.1,ok,,provisional*
gdp_a_prod.real-gdp-growth-rate-year-on-year-other-personal-service-activities.a,annual,Real GDP growth rate (year-on-year %),Other personal service activities,2025,-2.8,-2.8,ok,,provisional**
gdp_a_prod.real-gdp-growth-rate-year-on-year-net-indirect-taxes.a,annual,Real GDP growth rate (year-on-year %),Net indirect taxes,2014,3.5,3.5,ok,,
gdp_a_prod.real-gdp-growth-rate-year-on-year-net-indirect-taxes.a,annual,Real GDP growth rate (year-on-year %),Net indirect taxes,2015,2.6,2.6,ok,,
gdp_a_prod.real-gdp-growth-rate-year-on-year-net-indirect-taxes.a,annual,Real GDP growth rate (year-on-year %),Net indirect taxes,2016,4.8,4.8,ok,,
gdp_a_prod.real-gdp-growth-rate-year-on-year-net-indirect-taxes.a,annual,Real GDP growth rate (year-on-year %),Net indirect taxes,2017,4.6,4.6,ok,,
gdp_a_prod.real-gdp-growth-rate-year-on-year-net-indirect-taxes.a,annual,Real GDP growth rate (year-on-year %),Net indirect taxes,2018,7.5,7.5,ok,,
gdp_a_prod.real-gdp-growth-rate-year-on-year-net-indirect-taxes.a,annual,Real GDP growth rate (year-on-year %),Net indirect taxes,2019,6.1,6.1,ok,,
gdp_a_prod.real-gdp-growth-rate-year-on-year-net-indirect-taxes.a,annual,Real GDP growth rate (year-on-year %),Net indirect taxes,2020,-4,-4,ok,,
gdp_a_prod.real-gdp-growth-rate-year-on-year-net-indirect-taxes.a,annual,Real GDP growth rate (year-on-year %),Net indirect taxes,2021,-2.3,-2.3,ok,,
gdp_a_prod.real-gdp-growth-rate-year-on-year-net-indirect-taxes.a,annual,Real GDP growth rate (year-on-year %),Net indirect taxes,2022,4.4,4.4,ok,,
gdp_a_prod.real-gdp-growth-rate-year-on-year-net-indirect-taxes.a,annual,Real GDP growth rate (year-on-year %),Net indirect taxes,2023,2.7,2.7,ok,,
gdp_a_prod.real-gdp-growth-rate-year-on-year-net-indirect-taxes.a,annual,Real GDP growth rate (year-on-year %),Net indirect taxes,2024,7.8,7.8,ok,,provisional*
gdp_a_prod.real-gdp-growth-rate-year-on-year-net-indirect-taxes.a,annual,Real GDP growth rate (year-on-year %),Net indirect taxes,2025,7.5,7.5,ok,,provisional**
gdp_a_prod.real-gdp-growth-rate-year-on-year-informal-gdp.a,annual,Real GDP growth rate (year-on-year %),Informal GDP,2014,2.7,2.7,ok,,
gdp_a_prod.real-gdp-growth-rate-year-on-year-informal-gdp.a,annual,Real GDP growth rate (year-on-year %),Informal GDP,2015,2.8,2.8,ok,,
gdp_a_prod.real-gdp-growth-rate-year-on-year-informal-gdp.a,annual,Real GDP growth rate (year-on-year %),Informal GDP,2016,2.7,2.7,ok,,
gdp_a_prod.real-gdp-growth-rate-year-on-year-informal-gdp.a,annual,Real GDP growth rate (year-on-year %),Informal GDP,2017,6.2,6.2,ok,,
gdp_a_prod.real-gdp-growth-rate-year-on-year-informal-gdp.a,annual,Real GDP growth rate (year-on-year %),Informal GDP,2018,2.6,2.6,ok,,
gdp_a_prod.real-gdp-growth-rate-year-on-year-informal-gdp.a,annual,Real GDP growth rate (year-on-year %),Informal GDP,2019,5.9,5.9,ok,,
gdp_a_prod.real-gdp-growth-rate-year-on-year-informal-gdp.a,annual,Real GDP growth rate (year-on-year %),Informal GDP,2020,-0.8,-0.8,ok,,
gdp_a_prod.real-gdp-growth-rate-year-on-year-informal-gdp.a,annual,Real GDP growth rate (year-on-year %),Informal GDP,2021,4.5,4.5,ok,,
gdp_a_prod.real-gdp-growth-rate-year-on-year-informal-gdp.a,annual,Real GDP growth rate (year-on-year %),Informal GDP,2022,4.3,4.3,ok,,
gdp_a_prod.real-gdp-growth-rate-year-on-year-informal-gdp.a,annual,Real GDP growth rate (year-on-year %),Informal GDP,2023,5.6,5.6,ok,,
gdp_a_prod.real-gdp-growth-rate-year-on-year-informal-gdp.a,annual,Real GDP growth rate (year-on-year %),Informal GDP,2024,4,4,ok,,provisional*
gdp_a_prod.real-gdp-growth-rate-year-on-year-informal-gdp.a,annual,Real GDP growth rate (year-on-year %),Informal GDP,2025,6.9,6.9,ok,,provisional**
gdp_a_prod.real-gdp-growth-rate-year-on-year-non-oil-gdp.a,annual,Real GDP growth rate (year-on-year %),Non-oil GDP,2014,2.5,2.5,ok,,
gdp_a_prod.real-gdp-growth-rate-year-on-year-non-oil-gdp.a,annual,Real GDP growth rate (year-on-year %),Non-oil GDP,2015,2.1,2.1,ok,,
gdp_a_prod.real-gdp-growth-rate-year-on-year-non-oil-gdp.a,annual,Real GDP growth rate (year-on-year %),Non-oil GDP,2016,4.5,4.5,ok,,
gdp_a_prod.real-gdp-growth-rate-year-on-year-non-oil-gdp.a,annual,Real GDP growth rate (year-on-year %),Non-oil GDP,2017,4.6,4.6,ok,,
gdp_a_prod.real-gdp-growth-rate-year-on-year-non-oil-gdp.a,annual,Real GDP growth rate (year-on-year %),Non-oil GDP,2018,6.1,6.1,ok,,
gdp_a_prod.real-gdp-growth-rate-year-on-year-non-oil-gdp.a,annual,Real GDP growth rate (year-on-year %),Non-oil GDP,2019,5.8,5.8,ok,,
gdp_a_prod.real-gdp-growth-rate-year-on-year-non-oil-gdp.a,annual,Real GDP growth rate (year-on-year %),Non-oil GDP,2020,1,1,ok,,
gdp_a_prod.real-gdp-growth-rate-year-on-year-non-oil-gdp.a,annual,Real GDP growth rate (year-on-year %),Non-oil GDP,2021,6.6,6.6,ok,,
gdp_a_prod.real-gdp-growth-rate-year-on-year-non-oil-gdp.a,annual,Real GDP growth rate (year-on-year %),Non-oil GDP,2022,4.7,4.7,ok,,
gdp_a_prod.real-gdp-growth-rate-year-on-year-non-oil-gdp.a,annual,Real GDP growth rate (year-on-year %),Non-oil GDP,2023,3.6,3.6,ok,,
gdp_a_prod.real-gdp-growth-rate-year-on-year-non-oil-gdp.a,annual,Real GDP growth rate (year-on-year %),Non-oil GDP,2024,6.1,6.1,ok,,provisional*
gdp_a_prod.real-gdp-growth-rate-year-on-year-non-oil-gdp.a,annual,Real GDP growth rate (year-on-year %),Non-oil GDP,2025,7.6,7.6,ok,,provisional**
gdp_a_prod.real-gdp-growth-rate-year-on-year-non-gold-gdp.a,annual,Real GDP growth rate (year-on-year %),Non-gold GDP,2014,2.9,2.9,ok,,
gdp_a_prod.real-gdp-growth-rate-year-on-year-non-gold-gdp.a,annual,Real GDP growth rate (year-on-year %),Non-gold GDP,2015,3.6,3.6,ok,,
gdp_a_prod.real-gdp-growth-rate-year-on-year-non-gold-gdp.a,annual,Real GDP growth rate (year-on-year %),Non-gold GDP,2016,2.6,2.6,ok,,
gdp_a_prod.real-gdp-growth-rate-year-on-year-non-gold-gdp.a,annual,Real GDP growth rate (year-on-year %),Non-gold GDP,2017,8.9,8.9,ok,,
gdp_a_prod.real-gdp-growth-rate-year-on-year-non-gold-gdp.a,annual,Real GDP growth rate (year-on-year %),Non-gold GDP,2018,5.2,5.2,ok,,
gdp_a_prod.real-gdp-growth-rate-year-on-year-non-gold-gdp.a,annual,Real GDP growth rate (year-on-year %),Non-gold GDP,2019,6.9,6.9,ok,,
gdp_a_prod.real-gdp-growth-rate-year-on-year-non-gold-gdp.a,annual,Real GDP growth rate (year-on-year %),Non-gold GDP,2020,1.3,1.3,ok,,
gdp_a_prod.real-gdp-growth-rate-year-on-year-non-gold-gdp.a,annual,Real GDP growth rate (year-on-year %),Non-gold GDP,2021,7.1,7.1,ok,,
gdp_a_prod.real-gdp-growth-rate-year-on-year-non-gold-gdp.a,annual,Real GDP growth rate (year-on-year %),Non-gold GDP,2022,2.8,2.8,ok,,
gdp_a_prod.real-gdp-growth-rate-year-on-year-non-gold-gdp.a,annual,Real GDP growth rate (year-on-year %),Non-gold GDP,2023,3,3,ok,,
gdp_a_prod.real-gdp-growth-rate-year-on-year-non-gold-gdp.a,annual,Real GDP growth rate (year-on-year %),Non-gold GDP,2024,5.2,5.2,ok,,provisional*
gdp_a_prod.real-gdp-growth-rate-year-on-year-non-gold-gdp.a,annual,Real GDP growth rate (year-on-year %),Non-gold GDP,2025,5.2,5.2,ok,,provisional**
gdp_a_prod.gdp-share-basic-prices-overall-gdp.a,annual,GDP share (basic prices),Overall GDP,2013,100,100,ok,,
gdp_a_prod.gdp-share-basic-prices-overall-gdp.a,annual,GDP share (basic prices),Overall GDP,2014,100,100,ok,,
gdp_a_prod.gdp-share-basic-prices-overall-gdp.a,annual,GDP share (basic prices),Overall GDP,2015,100,100,ok,,
gdp_a_prod.gdp-share-basic-prices-overall-gdp.a,annual,GDP share (basic prices),Overall GDP,2016,100,100,ok,,
gdp_a_prod.gdp-share-basic-prices-overall-gdp.a,annual,GDP share (basic prices),Overall GDP,2017,100,100,ok,,
gdp_a_prod.gdp-share-basic-prices-overall-gdp.a,annual,GDP share (basic prices),Overall GDP,2018,100,100,ok,,
gdp_a_prod.gdp-share-basic-prices-overall-gdp.a,annual,GDP share (basic prices),Overall GDP,2019,100,100,ok,,
gdp_a_prod.gdp-share-basic-prices-overall-gdp.a,annual,GDP share (basic prices),Overall GDP,2020,100,100,ok,,
gdp_a_prod.gdp-share-basic-prices-overall-gdp.a,annual,GDP share (basic prices),Overall GDP,2021,100,100,ok,,
gdp_a_prod.gdp-share-basic-prices-overall-gdp.a,annual,GDP share (basic prices),Overall GDP,2022,100,100,ok,,
gdp_a_prod.gdp-share-basic-prices-overall-gdp.a,annual,GDP share (basic prices),Overall GDP,2023,100,100,ok,,
gdp_a_prod.gdp-share-basic-prices-overall-gdp.a,annual,GDP share (basic prices),Overall GDP,2024,100,100,ok,,provisional*
gdp_a_prod.gdp-share-basic-prices-overall-gdp.a,annual,GDP share (basic prices),Overall GDP,2025,100,100,ok,,provisional**
gdp_a_prod.gdp-share-basic-prices-agriculture.a,annual,GDP share (basic prices),Agriculture,2013,21.4,21.4,ok,,
gdp_a_prod.gdp-share-basic-prices-agriculture.a,annual,GDP share (basic prices),Agriculture,2014,21.6,21.6,ok,,
gdp_a_prod.gdp-share-basic-prices-agriculture.a,annual,GDP share (basic prices),Agriculture,2015,21.8,21.8,ok,,
gdp_a_prod.gdp-share-basic-prices-agriculture.a,annual,GDP share (basic prices),Agriculture,2016,22.6,22.6,ok,,
gdp_a_prod.gdp-share-basic-prices-agriculture.a,annual,GDP share (basic prices),Agriculture,2017,21,21,ok,,
gdp_a_prod.gdp-share-basic-prices-agriculture.a,annual,GDP share (basic prices),Agriculture,2018,19.5,19.5,ok,,
gdp_a_prod.gdp-share-basic-prices-agriculture.a,annual,GDP share (basic prices),Agriculture,2019,18.5,18.5,ok,,
gdp_a_prod.gdp-share-basic-prices-agriculture.a,annual,GDP share (basic prices),Agriculture,2020,20.1,20.1,ok,,
gdp_a_prod.gdp-share-basic-prices-agriculture.a,annual,GDP share (basic prices),Agriculture,2021,21.1,21.1,ok,,
gdp_a_prod.gdp-share-basic-prices-agriculture.a,annual,GDP share (basic prices),Agriculture,2022,20.8,20.8,ok,,
gdp_a_prod.gdp-share-basic-prices-agriculture.a,annual,GDP share (basic prices),Agriculture,2023,22.4,22.4,ok,,
gdp_a_prod.gdp-share-basic-prices-agriculture.a,annual,GDP share (basic prices),Agriculture,2024,22,22,ok,,provisional*
gdp_a_prod.gdp-share-basic-prices-agriculture.a,annual,GDP share (basic prices),Agriculture,2025,22.8,22.8,ok,,provisional**
gdp_a_prod.gdp-share-basic-prices-crops.a,annual,GDP share (basic prices),Crops,2013,15.7,15.7,ok,,
gdp_a_prod.gdp-share-basic-prices-crops.a,annual,GDP share (basic prices),Crops,2014,15.5,15.5,ok,,
gdp_a_prod.gdp-share-basic-prices-crops.a,annual,GDP share (basic prices),Crops,2015,15.8,15.8,ok,,
gdp_a_prod.gdp-share-basic-prices-crops.a,annual,GDP share (basic prices),Crops,2016,17.2,17.2,ok,,
gdp_a_prod.gdp-share-basic-prices-crops.a,annual,GDP share (basic prices),Crops,2017,16.3,16.3,ok,,
gdp_a_prod.gdp-share-basic-prices-crops.a,annual,GDP share (basic prices),Crops,2018,15.3,15.3,ok,,
gdp_a_prod.gdp-share-basic-prices-crops.a,annual,GDP share (basic prices),Crops,2019,14.7,14.7,ok,,
gdp_a_prod.gdp-share-basic-prices-crops.a,annual,GDP share (basic prices),Crops,2020,16.3,16.3,ok,,
gdp_a_prod.gdp-share-basic-prices-crops.a,annual,GDP share (basic prices),Crops,2021,17.2,17.2,ok,,
gdp_a_prod.gdp-share-basic-prices-crops.a,annual,GDP share (basic prices),Crops,2022,17.6,17.6,ok,,
gdp_a_prod.gdp-share-basic-prices-crops.a,annual,GDP share (basic prices),Crops,2023,19.5,19.5,ok,,
gdp_a_prod.gdp-share-basic-prices-crops.a,annual,GDP share (basic prices),Crops,2024,19.6,19.6,ok,,provisional*
gdp_a_prod.gdp-share-basic-prices-crops.a,annual,GDP share (basic prices),Crops,2025,20.7,20.7,ok,,provisional**
gdp_a_prod.gdp-share-basic-prices-cocoa.a,annual,GDP share (basic prices),Cocoa,2013,2.2,2.2,ok,,
gdp_a_prod.gdp-share-basic-prices-cocoa.a,annual,GDP share (basic prices),Cocoa,2014,3,3,ok,,
gdp_a_prod.gdp-share-basic-prices-cocoa.a,annual,GDP share (basic prices),Cocoa,2015,2.8,2.8,ok,,
gdp_a_prod.gdp-share-basic-prices-cocoa.a,annual,GDP share (basic prices),Cocoa,2016,2.5,2.5,ok,,
gdp_a_prod.gdp-share-basic-prices-cocoa.a,annual,GDP share (basic prices),Cocoa,2017,2.3,2.3,ok,,
gdp_a_prod.gdp-share-basic-prices-cocoa.a,annual,GDP share (basic prices),Cocoa,2018,2,2,ok,,
gdp_a_prod.gdp-share-basic-prices-cocoa.a,annual,GDP share (basic prices),Cocoa,2019,1.7,1.7,ok,,
gdp_a_prod.gdp-share-basic-prices-cocoa.a,annual,GDP share (basic prices),Cocoa,2020,1.8,1.8,ok,,
gdp_a_prod.gdp-share-basic-prices-cocoa.a,annual,GDP share (basic prices),Cocoa,2021,2.2,2.2,ok,,
gdp_a_prod.gdp-share-basic-prices-cocoa.a,annual,GDP share (basic prices),Cocoa,2022,1.9,1.9,ok,,
gdp_a_prod.gdp-share-basic-prices-cocoa.a,annual,GDP share (basic prices),Cocoa,2023,1.8,1.8,ok,,
gdp_a_prod.gdp-share-basic-prices-cocoa.a,annual,GDP share (basic prices),Cocoa,2024,1.4,1.4,ok,,provisional*
gdp_a_prod.gdp-share-basic-prices-cocoa.a,annual,GDP share (basic prices),Cocoa,2025,1.3,1.3,ok,,provisional**
gdp_a_prod.gdp-share-basic-prices-livestock.a,annual,GDP share (basic prices),Livestock,2013,2.6,2.6,ok,,
gdp_a_prod.gdp-share-basic-prices-livestock.a,annual,GDP share (basic prices),Livestock,2014,2.7,2.7,ok,,
gdp_a_prod.gdp-share-basic-prices-livestock.a,annual,GDP share (basic prices),Livestock,2015,2.5,2.5,ok,,
gdp_a_prod.gdp-share-basic-prices-livestock.a,annual,GDP share (basic prices),Livestock,2016,2.3,2.3,ok,,
gdp_a_prod.gdp-share-basic-prices-livestock.a,annual,GDP share (basic prices),Livestock,2017,2,2,ok,,
gdp_a_prod.gdp-share-basic-prices-livestock.a,annual,GDP share (basic prices),Livestock,2018,1.8,1.8,ok,,
gdp_a_prod.gdp-share-basic-prices-livestock.a,annual,GDP share (basic prices),Livestock,2019,1.7,1.7,ok,,
gdp_a_prod.gdp-share-basic-prices-livestock.a,annual,GDP share (basic prices),Livestock,2020,1.7,1.7,ok,,
gdp_a_prod.gdp-share-basic-prices-livestock.a,annual,GDP share (basic prices),Livestock,2021,1.6,1.6,ok,,
gdp_a_prod.gdp-share-basic-prices-livestock.a,annual,GDP share (basic prices),Livestock,2022,1.3,1.3,ok,,
gdp_a_prod.gdp-share-basic-prices-livestock.a,annual,GDP share (basic prices),Livestock,2023,1.2,1.2,ok,,
gdp_a_prod.gdp-share-basic-prices-livestock.a,annual,GDP share (basic prices),Livestock,2024,1,1,ok,,provisional*
gdp_a_prod.gdp-share-basic-prices-livestock.a,annual,GDP share (basic prices),Livestock,2025,0.9,0.9,ok,,provisional**
gdp_a_prod.gdp-share-basic-prices-forestry-and-logging.a,annual,GDP share (basic prices),Forestry and logging,2013,1.7,1.7,ok,,
gdp_a_prod.gdp-share-basic-prices-forestry-and-logging.a,annual,GDP share (basic prices),Forestry and logging,2014,2,2,ok,,
gdp_a_prod.gdp-share-basic-prices-forestry-and-logging.a,annual,GDP share (basic prices),Forestry and logging,2015,2,2,ok,,
gdp_a_prod.gdp-share-basic-prices-forestry-and-logging.a,annual,GDP share (basic prices),Forestry and logging,2016,1.7,1.7,ok,,
gdp_a_prod.gdp-share-basic-prices-forestry-and-logging.a,annual,GDP share (basic prices),Forestry and logging,2017,1.6,1.6,ok,,
gdp_a_prod.gdp-share-basic-prices-forestry-and-logging.a,annual,GDP share (basic prices),Forestry and logging,2018,1.5,1.5,ok,,
gdp_a_prod.gdp-share-basic-prices-forestry-and-logging.a,annual,GDP share (basic prices),Forestry and logging,2019,1.3,1.3,ok,,
gdp_a_prod.gdp-share-basic-prices-forestry-and-logging.a,annual,GDP share (basic prices),Forestry and logging,2020,1.2,1.2,ok,,
gdp_a_prod.gdp-share-basic-prices-forestry-and-logging.a,annual,GDP share (basic prices),Forestry and logging,2021,1.2,1.2,ok,,
gdp_a_prod.gdp-share-basic-prices-forestry-and-logging.a,annual,GDP share (basic prices),Forestry and logging,2022,1,1,ok,,
gdp_a_prod.gdp-share-basic-prices-forestry-and-logging.a,annual,GDP share (basic prices),Forestry and logging,2023,0.8,0.8,ok,,
gdp_a_prod.gdp-share-basic-prices-forestry-and-logging.a,annual,GDP share (basic prices),Forestry and logging,2024,0.7,0.7,ok,,provisional*
gdp_a_prod.gdp-share-basic-prices-forestry-and-logging.a,annual,GDP share (basic prices),Forestry and logging,2025,0.6,0.6,ok,,provisional**
gdp_a_prod.gdp-share-basic-prices-fishing.a,annual,GDP share (basic prices),Fishing,2013,1.5,1.5,ok,,
gdp_a_prod.gdp-share-basic-prices-fishing.a,annual,GDP share (basic prices),Fishing,2014,1.3,1.3,ok,,
gdp_a_prod.gdp-share-basic-prices-fishing.a,annual,GDP share (basic prices),Fishing,2015,1.5,1.5,ok,,
gdp_a_prod.gdp-share-basic-prices-fishing.a,annual,GDP share (basic prices),Fishing,2016,1.4,1.4,ok,,
gdp_a_prod.gdp-share-basic-prices-fishing.a,annual,GDP share (basic prices),Fishing,2017,1.1,1.1,ok,,
gdp_a_prod.gdp-share-basic-prices-fishing.a,annual,GDP share (basic prices),Fishing,2018,0.9,0.9,ok,,
gdp_a_prod.gdp-share-basic-prices-fishing.a,annual,GDP share (basic prices),Fishing,2019,0.9,0.9,ok,,
gdp_a_prod.gdp-share-basic-prices-fishing.a,annual,GDP share (basic prices),Fishing,2020,1,1,ok,,
gdp_a_prod.gdp-share-basic-prices-fishing.a,annual,GDP share (basic prices),Fishing,2021,1.1,1.1,ok,,
gdp_a_prod.gdp-share-basic-prices-fishing.a,annual,GDP share (basic prices),Fishing,2022,0.9,0.9,ok,,
gdp_a_prod.gdp-share-basic-prices-fishing.a,annual,GDP share (basic prices),Fishing,2023,0.8,0.8,ok,,
gdp_a_prod.gdp-share-basic-prices-fishing.a,annual,GDP share (basic prices),Fishing,2024,0.7,0.7,ok,,provisional*
gdp_a_prod.gdp-share-basic-prices-fishing.a,annual,GDP share (basic prices),Fishing,2025,0.7,0.7,ok,,provisional**
gdp_a_prod.gdp-share-basic-prices-industry.a,annual,GDP share (basic prices),Industry,2013,35.9,35.9,ok,,
gdp_a_prod.gdp-share-basic-prices-industry.a,annual,GDP share (basic prices),Industry,2014,37.3,37.3,ok,,
gdp_a_prod.gdp-share-basic-prices-industry.a,annual,GDP share (basic prices),Industry,2015,34,34,ok,,
gdp_a_prod.gdp-share-basic-prices-industry.a,annual,GDP share (basic prices),Industry,2016,30,30,ok,,
gdp_a_prod.gdp-share-basic-prices-industry.a,annual,GDP share (basic prices),Industry,2017,32.2,32.2,ok,,
gdp_a_prod.gdp-share-basic-prices-industry.a,annual,GDP share (basic prices),Industry,2018,33.5,33.5,ok,,
gdp_a_prod.gdp-share-basic-prices-industry.a,annual,GDP share (basic prices),Industry,2019,33.2,33.2,ok,,
gdp_a_prod.gdp-share-basic-prices-industry.a,annual,GDP share (basic prices),Industry,2020,31.8,31.8,ok,,
gdp_a_prod.gdp-share-basic-prices-industry.a,annual,GDP share (basic prices),Industry,2021,30.4,30.4,ok,,
gdp_a_prod.gdp-share-basic-prices-industry.a,annual,GDP share (basic prices),Industry,2022,33.6,33.6,ok,,
gdp_a_prod.gdp-share-basic-prices-industry.a,annual,GDP share (basic prices),Industry,2023,31.5,31.5,ok,,
gdp_a_prod.gdp-share-basic-prices-industry.a,annual,GDP share (basic prices),Industry,2024,31.3,31.3,ok,,provisional*
gdp_a_prod.gdp-share-basic-prices-industry.a,annual,GDP share (basic prices),Industry,2025,31.3,31.3,ok,,provisional**
gdp_a_prod.gdp-share-basic-prices-mining-and-quarrying.a,annual,GDP share (basic prices),Mining and quarrying,2013,13.2,13.2,ok,,
gdp_a_prod.gdp-share-basic-prices-mining-and-quarrying.a,annual,GDP share (basic prices),Mining and quarrying,2014,15.4,15.4,ok,,
gdp_a_prod.gdp-share-basic-prices-mining-and-quarrying.a,annual,GDP share (basic prices),Mining and quarrying,2015,10.2,10.2,ok,,
gdp_a_prod.gdp-share-basic-prices-mining-and-quarrying.a,annual,GDP share (basic prices),Mining and quarrying,2016,8.3,8.3,ok,,
gdp_a_prod.gdp-share-basic-prices-mining-and-quarrying.a,annual,GDP share (basic prices),Mining and quarrying,2017,10.8,10.8,ok,,
gdp_a_prod.gdp-share-basic-prices-mining-and-quarrying.a,annual,GDP share (basic prices),Mining and quarrying,2018,13.7,13.7,ok,,
gdp_a_prod.gdp-share-basic-prices-mining-and-quarrying.a,annual,GDP share (basic prices),Mining and quarrying,2019,14.2,14.2,ok,,
gdp_a_prod.gdp-share-basic-prices-mining-and-quarrying.a,annual,GDP share (basic prices),Mining and quarrying,2020,11.3,11.3,ok,,
gdp_a_prod.gdp-share-basic-prices-mining-and-quarrying.a,annual,GDP share (basic prices),Mining and quarrying,2021,9.6,9.6,ok,,
gdp_a_prod.gdp-share-basic-prices-mining-and-quarrying.a,annual,GDP share (basic prices),Mining and quarrying,2022,13.4,13.4,ok,,
gdp_a_prod.gdp-share-basic-prices-mining-and-quarrying.a,annual,GDP share (basic prices),Mining and quarrying,2023,12.8,12.8,ok,,
gdp_a_prod.gdp-share-basic-prices-mining-and-quarrying.a,annual,GDP share (basic prices),Mining and quarrying,2024,13.8,13.8,ok,,provisional*
gdp_a_prod.gdp-share-basic-prices-mining-and-quarrying.a,annual,GDP share (basic prices),Mining and quarrying,2025,14.8,14.8,ok,,provisional**
gdp_a_prod.gdp-share-basic-prices-oil-and-gas.a,annual,GDP share (basic prices),Oil and gas,2013,5.6,5.6,ok,,
gdp_a_prod.gdp-share-basic-prices-oil-and-gas.a,annual,GDP share (basic prices),Oil and gas,2014,6.6,6.6,ok,,
gdp_a_prod.gdp-share-basic-prices-oil-and-gas.a,annual,GDP share (basic prices),Oil and gas,2015,2.8,2.8,ok,,
gdp_a_prod.gdp-share-basic-prices-oil-and-gas.a,annual,GDP share (basic prices),Oil and gas,2016,0.5,0.5,ok,,
gdp_a_prod.gdp-share-basic-prices-oil-and-gas.a,annual,GDP share (basic prices),Oil and gas,2017,3.7,3.7,ok,,
gdp_a_prod.gdp-share-basic-prices-oil-and-gas.a,annual,GDP share (basic prices),Oil and gas,2018,5.9,5.9,ok,,
gdp_a_prod.gdp-share-basic-prices-oil-and-gas.a,annual,GDP share (basic prices),Oil and gas,2019,6.4,6.4,ok,,
gdp_a_prod.gdp-share-basic-prices-oil-and-gas.a,annual,GDP share (basic prices),Oil and gas,2020,3.8,3.8,ok,,
gdp_a_prod.gdp-share-basic-prices-oil-and-gas.a,annual,GDP share (basic prices),Oil and gas,2021,4.9,4.9,ok,,
gdp_a_prod.gdp-share-basic-prices-oil-and-gas.a,annual,GDP share (basic prices),Oil and gas,2022,5.7,5.7,ok,,
gdp_a_prod.gdp-share-basic-prices-oil-and-gas.a,annual,GDP share (basic prices),Oil and gas,2023,4.5,4.5,ok,,
gdp_a_prod.gdp-share-basic-prices-oil-and-gas.a,annual,GDP share (basic prices),Oil and gas,2024,4.4,4.4,ok,,provisional*
gdp_a_prod.gdp-share-basic-prices-oil-and-gas.a,annual,GDP share (basic prices),Oil and gas,2025,2.2,2.2,ok,,provisional**
gdp_a_prod.gdp-share-basic-prices-gold.a,annual,GDP share (basic prices),Gold,2013,6.9,6.9,ok,,
gdp_a_prod.gdp-share-basic-prices-gold.a,annual,GDP share (basic prices),Gold,2014,7.7,7.7,ok,,
gdp_a_prod.gdp-share-basic-prices-gold.a,annual,GDP share (basic prices),Gold,2015,6.3,6.3,ok,,
gdp_a_prod.gdp-share-basic-prices-gold.a,annual,GDP share (basic prices),Gold,2016,6.9,6.9,ok,,
gdp_a_prod.gdp-share-basic-prices-gold.a,annual,GDP share (basic prices),Gold,2017,6.2,6.2,ok,,
gdp_a_prod.gdp-share-basic-prices-gold.a,annual,GDP share (basic prices),Gold,2018,6.9,6.9,ok,,
gdp_a_prod.gdp-share-basic-prices-gold.a,annual,GDP share (basic prices),Gold,2019,6.8,6.8,ok,,
gdp_a_prod.gdp-share-basic-prices-gold.a,annual,GDP share (basic prices),Gold,2020,7.4,7.4,ok,,
gdp_a_prod.gdp-share-basic-prices-gold.a,annual,GDP share (basic prices),Gold,2021,4.3,4.3,ok,,
gdp_a_prod.gdp-share-basic-prices-gold.a,annual,GDP share (basic prices),Gold,2022,7.5,7.5,ok,,
gdp_a_prod.gdp-share-basic-prices-gold.a,annual,GDP share (basic prices),Gold,2023,7.9,7.9,ok,,
gdp_a_prod.gdp-share-basic-prices-gold.a,annual,GDP share (basic prices),Gold,2024,8,8,ok,,provisional*
gdp_a_prod.gdp-share-basic-prices-gold.a,annual,GDP share (basic prices),Gold,2025,10,10,ok,,provisional**
gdp_a_prod.gdp-share-basic-prices-manufacturing.a,annual,GDP share (basic prices),Manufacturing,2013,12.2,12.2,ok,,
gdp_a_prod.gdp-share-basic-prices-manufacturing.a,annual,GDP share (basic prices),Manufacturing,2014,12.1,12.1,ok,,
gdp_a_prod.gdp-share-basic-prices-manufacturing.a,annual,GDP share (basic prices),Manufacturing,2015,12.1,12.1,ok,,
gdp_a_prod.gdp-share-basic-prices-manufacturing.a,annual,GDP share (basic prices),Manufacturing,2016,11.7,11.7,ok,,
gdp_a_prod.gdp-share-basic-prices-manufacturing.a,annual,GDP share (basic prices),Manufacturing,2017,10.9,10.9,ok,,
gdp_a_prod.gdp-share-basic-prices-manufacturing.a,annual,GDP share (basic prices),Manufacturing,2018,10.9,10.9,ok,,
gdp_a_prod.gdp-share-basic-prices-manufacturing.a,annual,GDP share (basic prices),Manufacturing,2019,10.9,10.9,ok,,
gdp_a_prod.gdp-share-basic-prices-manufacturing.a,annual,GDP share (basic prices),Manufacturing,2020,11.7,11.7,ok,,
gdp_a_prod.gdp-share-basic-prices-manufacturing.a,annual,GDP share (basic prices),Manufacturing,2021,11.7,11.7,ok,,
gdp_a_prod.gdp-share-basic-prices-manufacturing.a,annual,GDP share (basic prices),Manufacturing,2022,12.3,12.3,ok,,
gdp_a_prod.gdp-share-basic-prices-manufacturing.a,annual,GDP share (basic prices),Manufacturing,2023,11.9,11.9,ok,,
gdp_a_prod.gdp-share-basic-prices-manufacturing.a,annual,GDP share (basic prices),Manufacturing,2024,11.3,11.3,ok,,provisional*
gdp_a_prod.gdp-share-basic-prices-manufacturing.a,annual,GDP share (basic prices),Manufacturing,2025,10.8,10.8,ok,,provisional**
gdp_a_prod.gdp-share-basic-prices-electricity.a,annual,GDP share (basic prices),Electricity,2013,1.1,1.1,ok,,
gdp_a_prod.gdp-share-basic-prices-electricity.a,annual,GDP share (basic prices),Electricity,2014,1,1,ok,,
gdp_a_prod.gdp-share-basic-prices-electricity.a,annual,GDP share (basic prices),Electricity,2015,1.8,1.8,ok,,
gdp_a_prod.gdp-share-basic-prices-electricity.a,annual,GDP share (basic prices),Electricity,2016,1.7,1.7,ok,,
gdp_a_prod.gdp-share-basic-prices-electricity.a,annual,GDP share (basic prices),Electricity,2017,1.8,1.8,ok,,
gdp_a_prod.gdp-share-basic-prices-electricity.a,annual,GDP share (basic prices),Electricity,2018,1.5,1.5,ok,,
gdp_a_prod.gdp-share-basic-prices-electricity.a,annual,GDP share (basic prices),Electricity,2019,1.3,1.3,ok,,
gdp_a_prod.gdp-share-basic-prices-electricity.a,annual,GDP share (basic prices),Electricity,2020,1.3,1.3,ok,,
gdp_a_prod.gdp-share-basic-prices-electricity.a,annual,GDP share (basic prices),Electricity,2021,1.3,1.3,ok,,
gdp_a_prod.gdp-share-basic-prices-electricity.a,annual,GDP share (basic prices),Electricity,2022,0.9,0.9,ok,,
gdp_a_prod.gdp-share-basic-prices-electricity.a,annual,GDP share (basic prices),Electricity,2023,0.8,0.8,ok,,
gdp_a_prod.gdp-share-basic-prices-electricity.a,annual,GDP share (basic prices),Electricity,2024,0.6,0.6,ok,,provisional*
gdp_a_prod.gdp-share-basic-prices-electricity.a,annual,GDP share (basic prices),Electricity,2025,0.5,0.5,ok,,provisional**
gdp_a_prod.gdp-share-basic-prices-water-and-sewerage.a,annual,GDP share (basic prices),Water and sewerage,2013,0.6,0.6,ok,,
gdp_a_prod.gdp-share-basic-prices-water-and-sewerage.a,annual,GDP share (basic prices),Water and sewerage,2014,0.5,0.5,ok,,
gdp_a_prod.gdp-share-basic-prices-water-and-sewerage.a,annual,GDP share (basic prices),Water and sewerage,2015,0.9,0.9,ok,,
gdp_a_prod.gdp-share-basic-prices-water-and-sewerage.a,annual,GDP share (basic prices),Water and sewerage,2016,0.9,0.9,ok,,
gdp_a_prod.gdp-share-basic-prices-water-and-sewerage.a,annual,GDP share (basic prices),Water and sewerage,2017,1,1,ok,,
gdp_a_prod.gdp-share-basic-prices-water-and-sewerage.a,annual,GDP share (basic prices),Water and sewerage,2018,0.8,0.8,ok,,
gdp_a_prod.gdp-share-basic-prices-water-and-sewerage.a,annual,GDP share (basic prices),Water and sewerage,2019,0.7,0.7,ok,,
gdp_a_prod.gdp-share-basic-prices-water-and-sewerage.a,annual,GDP share (basic prices),Water and sewerage,2020,0.7,0.7,ok,,
gdp_a_prod.gdp-share-basic-prices-water-and-sewerage.a,annual,GDP share (basic prices),Water and sewerage,2021,0.9,0.9,ok,,
gdp_a_prod.gdp-share-basic-prices-water-and-sewerage.a,annual,GDP share (basic prices),Water and sewerage,2022,0.8,0.8,ok,,
gdp_a_prod.gdp-share-basic-prices-water-and-sewerage.a,annual,GDP share (basic prices),Water and sewerage,2023,0.8,0.8,ok,,
gdp_a_prod.gdp-share-basic-prices-water-and-sewerage.a,annual,GDP share (basic prices),Water and sewerage,2024,0.6,0.6,ok,,provisional*
gdp_a_prod.gdp-share-basic-prices-water-and-sewerage.a,annual,GDP share (basic prices),Water and sewerage,2025,0.5,0.5,ok,,provisional**
gdp_a_prod.gdp-share-basic-prices-construction.a,annual,GDP share (basic prices),Construction,2013,8.8,8.8,ok,,
gdp_a_prod.gdp-share-basic-prices-construction.a,annual,GDP share (basic prices),Construction,2014,8.3,8.3,ok,,
gdp_a_prod.gdp-share-basic-prices-construction.a,annual,GDP share (basic prices),Construction,2015,8.9,8.9,ok,,
gdp_a_prod.gdp-share-basic-prices-construction.a,annual,GDP share (basic prices),Construction,2016,7.3,7.3,ok,,
gdp_a_prod.gdp-share-basic-prices-construction.a,annual,GDP share (basic prices),Construction,2017,7.8,7.8,ok,,
gdp_a_prod.gdp-share-basic-prices-construction.a,annual,GDP share (basic prices),Construction,2018,6.7,6.7,ok,,
gdp_a_prod.gdp-share-basic-prices-construction.a,annual,GDP share (basic prices),Construction,2019,6.2,6.2,ok,,
gdp_a_prod.gdp-share-basic-prices-construction.a,annual,GDP share (basic prices),Construction,2020,6.8,6.8,ok,,
gdp_a_prod.gdp-share-basic-prices-construction.a,annual,GDP share (basic prices),Construction,2021,6.9,6.9,ok,,
gdp_a_prod.gdp-share-basic-prices-construction.a,annual,GDP share (basic prices),Construction,2022,6.2,6.2,ok,,
gdp_a_prod.gdp-share-basic-prices-construction.a,annual,GDP share (basic prices),Construction,2023,5.2,5.2,ok,,
gdp_a_prod.gdp-share-basic-prices-construction.a,annual,GDP share (basic prices),Construction,2024,4.9,4.9,ok,,provisional*
gdp_a_prod.gdp-share-basic-prices-construction.a,annual,GDP share (basic prices),Construction,2025,4.7,4.7,ok,,provisional**
gdp_a_prod.gdp-share-basic-prices-services.a,annual,GDP share (basic prices),Services,2013,42.7,42.7,ok,,
gdp_a_prod.gdp-share-basic-prices-services.a,annual,GDP share (basic prices),Services,2014,41.2,41.2,ok,,
gdp_a_prod.gdp-share-basic-prices-services.a,annual,GDP share (basic prices),Services,2015,44.2,44.2,ok,,
gdp_a_prod.gdp-share-basic-prices-services.a,annual,GDP share (basic prices),Services,2016,47.5,47.5,ok,,
gdp_a_prod.gdp-share-basic-prices-services.a,annual,GDP share (basic prices),Services,2017,46.8,46.8,ok,,
gdp_a_prod.gdp-share-basic-prices-services.a,annual,GDP share (basic prices),Services,2018,47,47,ok,,
gdp_a_prod.gdp-share-basic-prices-services.a,annual,GDP share (basic prices),Services,2019,48.2,48.2,ok,,
gdp_a_prod.gdp-share-basic-prices-services.a,annual,GDP share (basic prices),Services,2020,48.1,48.1,ok,,
gdp_a_prod.gdp-share-basic-prices-services.a,annual,GDP share (basic prices),Services,2021,48.5,48.5,ok,,
gdp_a_prod.gdp-share-basic-prices-services.a,annual,GDP share (basic prices),Services,2022,45.6,45.6,ok,,
gdp_a_prod.gdp-share-basic-prices-services.a,annual,GDP share (basic prices),Services,2023,46.1,46.1,ok,,
gdp_a_prod.gdp-share-basic-prices-services.a,annual,GDP share (basic prices),Services,2024,46.7,46.7,ok,,provisional*
gdp_a_prod.gdp-share-basic-prices-services.a,annual,GDP share (basic prices),Services,2025,45.9,45.9,ok,,provisional**
gdp_a_prod.gdp-share-basic-prices-trade-repair-of-vehicles-household-goods.a,annual,GDP share (basic prices),"Trade; repair of vehicles, household goods",2013,11.7,11.7,ok,,
gdp_a_prod.gdp-share-basic-prices-trade-repair-of-vehicles-household-goods.a,annual,GDP share (basic prices),"Trade; repair of vehicles, household goods",2014,11.7,11.7,ok,,
gdp_a_prod.gdp-share-basic-prices-trade-repair-of-vehicles-household-goods.a,annual,GDP share (basic prices),"Trade; repair of vehicles, household goods",2015,12.9,12.9,ok,,
gdp_a_prod.gdp-share-basic-prices-trade-repair-of-vehicles-household-goods.a,annual,GDP share (basic prices),"Trade; repair of vehicles, household goods",2016,14.5,14.5,ok,,
gdp_a_prod.gdp-share-basic-prices-trade-repair-of-vehicles-household-goods.a,annual,GDP share (basic prices),"Trade; repair of vehicles, household goods",2017,14.5,14.5,ok,,
gdp_a_prod.gdp-share-basic-prices-trade-repair-of-vehicles-household-goods.a,annual,GDP share (basic prices),"Trade; repair of vehicles, household goods",2018,15.6,15.6,ok,,
gdp_a_prod.gdp-share-basic-prices-trade-repair-of-vehicles-household-goods.a,annual,GDP share (basic prices),"Trade; repair of vehicles, household goods",2019,16.1,16.1,ok,,
gdp_a_prod.gdp-share-basic-prices-trade-repair-of-vehicles-household-goods.a,annual,GDP share (basic prices),"Trade; repair of vehicles, household goods",2020,16.9,16.9,ok,,
gdp_a_prod.gdp-share-basic-prices-trade-repair-of-vehicles-household-goods.a,annual,GDP share (basic prices),"Trade; repair of vehicles, household goods",2021,17.1,17.1,ok,,
gdp_a_prod.gdp-share-basic-prices-trade-repair-of-vehicles-household-goods.a,annual,GDP share (basic prices),"Trade; repair of vehicles, household goods",2022,17.3,17.3,ok,,
gdp_a_prod.gdp-share-basic-prices-trade-repair-of-vehicles-household-goods.a,annual,GDP share (basic prices),"Trade; repair of vehicles, household goods",2023,19.7,19.7,ok,,
gdp_a_prod.gdp-share-basic-prices-trade-repair-of-vehicles-household-goods.a,annual,GDP share (basic prices),"Trade; repair of vehicles, household goods",2024,22.2,22.2,ok,,provisional*
gdp_a_prod.gdp-share-basic-prices-trade-repair-of-vehicles-household-goods.a,annual,GDP share (basic prices),"Trade; repair of vehicles, household goods",2025,22,22,ok,,provisional**
gdp_a_prod.gdp-share-basic-prices-accommodation-and-food-service-activities.a,annual,GDP share (basic prices),Accommodation and food service activities,2013,4,4,ok,,
gdp_a_prod.gdp-share-basic-prices-accommodation-and-food-service-activities.a,annual,GDP share (basic prices),Accommodation and food service activities,2014,3.7,3.7,ok,,
gdp_a_prod.gdp-share-basic-prices-accommodation-and-food-service-activities.a,annual,GDP share (basic prices),Accommodation and food service activities,2015,3.5,3.5,ok,,
gdp_a_prod.gdp-share-basic-prices-accommodation-and-food-service-activities.a,annual,GDP share (basic prices),Accommodation and food service activities,2016,3.7,3.7,ok,,
gdp_a_prod.gdp-share-basic-prices-accommodation-and-food-service-activities.a,annual,GDP share (basic prices),Accommodation and food service activities,2017,3.9,3.9,ok,,
gdp_a_prod.gdp-share-basic-prices-accommodation-and-food-service-activities.a,annual,GDP share (basic prices),Accommodation and food service activities,2018,3.8,3.8,ok,,
gdp_a_prod.gdp-share-basic-prices-accommodation-and-food-service-activities.a,annual,GDP share (basic prices),Accommodation and food service activities,2019,3.7,3.7,ok,,
gdp_a_prod.gdp-share-basic-prices-accommodation-and-food-service-activities.a,annual,GDP share (basic prices),Accommodation and food service activities,2020,2.4,2.4,ok,,
gdp_a_prod.gdp-share-basic-prices-accommodation-and-food-service-activities.a,annual,GDP share (basic prices),Accommodation and food service activities,2021,2.3,2.3,ok,,
gdp_a_prod.gdp-share-basic-prices-accommodation-and-food-service-activities.a,annual,GDP share (basic prices),Accommodation and food service activities,2022,2.1,2.1,ok,,
gdp_a_prod.gdp-share-basic-prices-accommodation-and-food-service-activities.a,annual,GDP share (basic prices),Accommodation and food service activities,2023,1.9,1.9,ok,,
gdp_a_prod.gdp-share-basic-prices-accommodation-and-food-service-activities.a,annual,GDP share (basic prices),Accommodation and food service activities,2024,1.7,1.7,ok,,provisional*
gdp_a_prod.gdp-share-basic-prices-accommodation-and-food-service-activities.a,annual,GDP share (basic prices),Accommodation and food service activities,2025,1.6,1.6,ok,,provisional**
gdp_a_prod.gdp-share-basic-prices-transport-and-storage.a,annual,GDP share (basic prices),Transport and storage,2013,6,6,ok,,
gdp_a_prod.gdp-share-basic-prices-transport-and-storage.a,annual,GDP share (basic prices),Transport and storage,2014,5.4,5.4,ok,,
gdp_a_prod.gdp-share-basic-prices-transport-and-storage.a,annual,GDP share (basic prices),Transport and storage,2015,6,6,ok,,
gdp_a_prod.gdp-share-basic-prices-transport-and-storage.a,annual,GDP share (basic prices),Transport and storage,2016,6.5,6.5,ok,,
gdp_a_prod.gdp-share-basic-prices-transport-and-storage.a,annual,GDP share (basic prices),Transport and storage,2017,7.1,7.1,ok,,
gdp_a_prod.gdp-share-basic-prices-transport-and-storage.a,annual,GDP share (basic prices),Transport and storage,2018,7.4,7.4,ok,,
gdp_a_prod.gdp-share-basic-prices-transport-and-storage.a,annual,GDP share (basic prices),Transport and storage,2019,7.1,7.1,ok,,
gdp_a_prod.gdp-share-basic-prices-transport-and-storage.a,annual,GDP share (basic prices),Transport and storage,2020,7.2,7.2,ok,,
gdp_a_prod.gdp-share-basic-prices-transport-and-storage.a,annual,GDP share (basic prices),Transport and storage,2021,7.6,7.6,ok,,
gdp_a_prod.gdp-share-basic-prices-transport-and-storage.a,annual,GDP share (basic prices),Transport and storage,2022,6.4,6.4,ok,,
gdp_a_prod.gdp-share-basic-prices-transport-and-storage.a,annual,GDP share (basic prices),Transport and storage,2023,5.9,5.9,ok,,
gdp_a_prod.gdp-share-basic-prices-transport-and-storage.a,annual,GDP share (basic prices),Transport and storage,2024,6,6,ok,,provisional*
gdp_a_prod.gdp-share-basic-prices-transport-and-storage.a,annual,GDP share (basic prices),Transport and storage,2025,5.6,5.6,ok,,provisional**
gdp_a_prod.gdp-share-basic-prices-information-and-communication.a,annual,GDP share (basic prices),Information and communication,2013,1.7,1.7,ok,,
gdp_a_prod.gdp-share-basic-prices-information-and-communication.a,annual,GDP share (basic prices),Information and communication,2014,2,2,ok,,
gdp_a_prod.gdp-share-basic-prices-information-and-communication.a,annual,GDP share (basic prices),Information and communication,2015,2.3,2.3,ok,,
gdp_a_prod.gdp-share-basic-prices-information-and-communication.a,annual,GDP share (basic prices),Information and communication,2016,2.2,2.2,ok,,
gdp_a_prod.gdp-share-basic-prices-information-and-communication.a,annual,GDP share (basic prices),Information and communication,2017,2.1,2.1,ok,,
gdp_a_prod.gdp-share-basic-prices-information-and-communication.a,annual,GDP share (basic prices),Information and communication,2018,2.5,2.5,ok,,
gdp_a_prod.gdp-share-basic-prices-information-and-communication.a,annual,GDP share (basic prices),Information and communication,2019,3.1,3.1,ok,,
gdp_a_prod.gdp-share-basic-prices-information-and-communication.a,annual,GDP share (basic prices),Information and communication,2020,3.8,3.8,ok,,
gdp_a_prod.gdp-share-basic-prices-information-and-communication.a,annual,GDP share (basic prices),Information and communication,2021,4.1,4.1,ok,,
gdp_a_prod.gdp-share-basic-prices-information-and-communication.a,annual,GDP share (basic prices),Information and communication,2022,3.8,3.8,ok,,
gdp_a_prod.gdp-share-basic-prices-information-and-communication.a,annual,GDP share (basic prices),Information and communication,2023,3.3,3.3,ok,,
gdp_a_prod.gdp-share-basic-prices-information-and-communication.a,annual,GDP share (basic prices),Information and communication,2024,2.9,2.9,ok,,provisional*
gdp_a_prod.gdp-share-basic-prices-information-and-communication.a,annual,GDP share (basic prices),Information and communication,2025,3,3,ok,,provisional**
gdp_a_prod.gdp-share-basic-prices-financial-and-insurance-activities.a,annual,GDP share (basic prices),Financial and insurance activities,2013,5,5,ok,,
gdp_a_prod.gdp-share-basic-prices-financial-and-insurance-activities.a,annual,GDP share (basic prices),Financial and insurance activities,2014,4.9,4.9,ok,,
gdp_a_prod.gdp-share-basic-prices-financial-and-insurance-activities.a,annual,GDP share (basic prices),Financial and insurance activities,2015,5.6,5.6,ok,,
gdp_a_prod.gdp-share-basic-prices-financial-and-insurance-activities.a,annual,GDP share (basic prices),Financial and insurance activities,2016,6.6,6.6,ok,,
gdp_a_prod.gdp-share-basic-prices-financial-and-insurance-activities.a,annual,GDP share (basic prices),Financial and insurance activities,2017,4.9,4.9,ok,,
gdp_a_prod.gdp-share-basic-prices-financial-and-insurance-activities.a,annual,GDP share (basic prices),Financial and insurance activities,2018,4.1,4.1,ok,,
gdp_a_prod.gdp-share-basic-prices-financial-and-insurance-activities.a,annual,GDP share (basic prices),Financial and insurance activities,2019,3.8,3.8,ok,,
gdp_a_prod.gdp-share-basic-prices-financial-and-insurance-activities.a,annual,GDP share (basic prices),Financial and insurance activities,2020,3.9,3.9,ok,,
gdp_a_prod.gdp-share-basic-prices-financial-and-insurance-activities.a,annual,GDP share (basic prices),Financial and insurance activities,2021,3.7,3.7,ok,,
gdp_a_prod.gdp-share-basic-prices-financial-and-insurance-activities.a,annual,GDP share (basic prices),Financial and insurance activities,2022,3.8,3.8,ok,,
gdp_a_prod.gdp-share-basic-prices-financial-and-insurance-activities.a,annual,GDP share (basic prices),Financial and insurance activities,2023,3.8,3.8,ok,,
gdp_a_prod.gdp-share-basic-prices-financial-and-insurance-activities.a,annual,GDP share (basic prices),Financial and insurance activities,2024,3.5,3.5,ok,,provisional*
gdp_a_prod.gdp-share-basic-prices-financial-and-insurance-activities.a,annual,GDP share (basic prices),Financial and insurance activities,2025,3.7,3.7,ok,,provisional**
gdp_a_prod.gdp-share-basic-prices-real-estate.a,annual,GDP share (basic prices),Real estate,2013,1,1,ok,,
gdp_a_prod.gdp-share-basic-prices-real-estate.a,annual,GDP share (basic prices),Real estate,2014,1,1,ok,,
gdp_a_prod.gdp-share-basic-prices-real-estate.a,annual,GDP share (basic prices),Real estate,2015,1.3,1.3,ok,,
gdp_a_prod.gdp-share-basic-prices-real-estate.a,annual,GDP share (basic prices),Real estate,2016,1.8,1.8,ok,,
gdp_a_prod.gdp-share-basic-prices-real-estate.a,annual,GDP share (basic prices),Real estate,2017,2.3,2.3,ok,,
gdp_a_prod.gdp-share-basic-prices-real-estate.a,annual,GDP share (basic prices),Real estate,2018,2.2,2.2,ok,,
gdp_a_prod.gdp-share-basic-prices-real-estate.a,annual,GDP share (basic prices),Real estate,2019,2.7,2.7,ok,,
gdp_a_prod.gdp-share-basic-prices-real-estate.a,annual,GDP share (basic prices),Real estate,2020,2.7,2.7,ok,,
gdp_a_prod.gdp-share-basic-prices-real-estate.a,annual,GDP share (basic prices),Real estate,2021,2.6,2.6,ok,,
gdp_a_prod.gdp-share-basic-prices-real-estate.a,annual,GDP share (basic prices),Real estate,2022,2.1,2.1,ok,,
gdp_a_prod.gdp-share-basic-prices-real-estate.a,annual,GDP share (basic prices),Real estate,2023,2.1,2.1,ok,,
gdp_a_prod.gdp-share-basic-prices-real-estate.a,annual,GDP share (basic prices),Real estate,2024,1.9,1.9,ok,,provisional*
gdp_a_prod.gdp-share-basic-prices-real-estate.a,annual,GDP share (basic prices),Real estate,2025,1.8,1.8,ok,,provisional**
gdp_a_prod.gdp-share-basic-prices-professional-administrative-and-support-service-activitie.a,annual,GDP share (basic prices),"Professional, administrative and support service activities",2013,1.4,1.4,ok,,
gdp_a_prod.gdp-share-basic-prices-professional-administrative-and-support-service-activitie.a,annual,GDP share (basic prices),"Professional, administrative and support service activities",2014,1.5,1.5,ok,,
gdp_a_prod.gdp-share-basic-prices-professional-administrative-and-support-service-activitie.a,annual,GDP share (basic prices),"Professional, administrative and support service activities",2015,1.6,1.6,ok,,
gdp_a_prod.gdp-share-basic-prices-professional-administrative-and-support-service-activitie.a,annual,GDP share (basic prices),"Professional, administrative and support service activities",2016,1.6,1.6,ok,,
gdp_a_prod.gdp-share-basic-prices-professional-administrative-and-support-service-activitie.a,annual,GDP share (basic prices),"Professional, administrative and support service activities",2017,1.6,1.6,ok,,
gdp_a_prod.gdp-share-basic-prices-professional-administrative-and-support-service-activitie.a,annual,GDP share (basic prices),"Professional, administrative and support service activities",2018,1.5,1.5,ok,,
gdp_a_prod.gdp-share-basic-prices-professional-administrative-and-support-service-activitie.a,annual,GDP share (basic prices),"Professional, administrative and support service activities",2019,1.5,1.5,ok,,
gdp_a_prod.gdp-share-basic-prices-professional-administrative-and-support-service-activitie.a,annual,GDP share (basic prices),"Professional, administrative and support service activities",2020,1.4,1.4,ok,,
gdp_a_prod.gdp-share-basic-prices-professional-administrative-and-support-service-activitie.a,annual,GDP share (basic prices),"Professional, administrative and support service activities",2021,1.4,1.4,ok,,
gdp_a_prod.gdp-share-basic-prices-professional-administrative-and-support-service-activitie.a,annual,GDP share (basic prices),"Professional, administrative and support service activities",2022,1.3,1.3,ok,,
gdp_a_prod.gdp-share-basic-prices-professional-administrative-and-support-service-activitie.a,annual,GDP share (basic prices),"Professional, administrative and support service activities",2023,1.3,1.3,ok,,
gdp_a_prod.gdp-share-basic-prices-professional-administrative-and-support-service-activitie.a,annual,GDP share (basic prices),"Professional, administrative and support service activities",2024,1.2,1.2,ok,,provisional*
gdp_a_prod.gdp-share-basic-prices-professional-administrative-and-support-service-activitie.a,annual,GDP share (basic prices),"Professional, administrative and support service activities",2025,1.1,1.1,ok,,provisional**
gdp_a_prod.gdp-share-basic-prices-public-administration-and-defence-social-security.a,annual,GDP share (basic prices),Public administration and defence; social security,2013,3.9,3.9,ok,,
gdp_a_prod.gdp-share-basic-prices-public-administration-and-defence-social-security.a,annual,GDP share (basic prices),Public administration and defence; social security,2014,3.4,3.4,ok,,
gdp_a_prod.gdp-share-basic-prices-public-administration-and-defence-social-security.a,annual,GDP share (basic prices),Public administration and defence; social security,2015,3.4,3.4,ok,,
gdp_a_prod.gdp-share-basic-prices-public-administration-and-defence-social-security.a,annual,GDP share (basic prices),Public administration and defence; social security,2016,3.4,3.4,ok,,
gdp_a_prod.gdp-share-basic-prices-public-administration-and-defence-social-security.a,annual,GDP share (basic prices),Public administration and defence; social security,2017,3.5,3.5,ok,,
gdp_a_prod.gdp-share-basic-prices-public-administration-and-defence-social-security.a,annual,GDP share (basic prices),Public administration and defence; social security,2018,3.5,3.5,ok,,
gdp_a_prod.gdp-share-basic-prices-public-administration-and-defence-social-security.a,annual,GDP share (basic prices),Public administration and defence; social security,2019,3.5,3.5,ok,,
gdp_a_prod.gdp-share-basic-prices-public-administration-and-defence-social-security.a,annual,GDP share (basic prices),Public administration and defence; social security,2020,3.9,3.9,ok,,
gdp_a_prod.gdp-share-basic-prices-public-administration-and-defence-social-security.a,annual,GDP share (basic prices),Public administration and defence; social security,2021,4.3,4.3,ok,,
gdp_a_prod.gdp-share-basic-prices-public-administration-and-defence-social-security.a,annual,GDP share (basic prices),Public administration and defence; social security,2022,3.8,3.8,ok,,
gdp_a_prod.gdp-share-basic-prices-public-administration-and-defence-social-security.a,annual,GDP share (basic prices),Public administration and defence; social security,2023,3.5,3.5,ok,,
gdp_a_prod.gdp-share-basic-prices-public-administration-and-defence-social-security.a,annual,GDP share (basic prices),Public administration and defence; social security,2024,3.2,3.2,ok,,provisional*
gdp_a_prod.gdp-share-basic-prices-public-administration-and-defence-social-security.a,annual,GDP share (basic prices),Public administration and defence; social security,2025,3.2,3.2,ok,,provisional**
gdp_a_prod.gdp-share-basic-prices-education.a,annual,GDP share (basic prices),Education,2013,4.5,4.5,ok,,
gdp_a_prod.gdp-share-basic-prices-education.a,annual,GDP share (basic prices),Education,2014,4.1,4.1,ok,,
gdp_a_prod.gdp-share-basic-prices-education.a,annual,GDP share (basic prices),Education,2015,4.2,4.2,ok,,
gdp_a_prod.gdp-share-basic-prices-education.a,annual,GDP share (basic prices),Education,2016,3.9,3.9,ok,,
gdp_a_prod.gdp-share-basic-prices-education.a,annual,GDP share (basic prices),Education,2017,3.7,3.7,ok,,
gdp_a_prod.gdp-share-basic-prices-education.a,annual,GDP share (basic prices),Education,2018,3.5,3.5,ok,,
gdp_a_prod.gdp-share-basic-prices-education.a,annual,GDP share (basic prices),Education,2019,3.6,3.6,ok,,
gdp_a_prod.gdp-share-basic-prices-education.a,annual,GDP share (basic prices),Education,2020,3.1,3.1,ok,,
gdp_a_prod.gdp-share-basic-prices-education.a,annual,GDP share (basic prices),Education,2021,2.6,2.6,ok,,
gdp_a_prod.gdp-share-basic-prices-education.a,annual,GDP share (basic prices),Education,2022,2.3,2.3,ok,,
gdp_a_prod.gdp-share-basic-prices-education.a,annual,GDP share (basic prices),Education,2023,2,2,ok,,
gdp_a_prod.gdp-share-basic-prices-education.a,annual,GDP share (basic prices),Education,2024,1.9,1.9,ok,,provisional*
gdp_a_prod.gdp-share-basic-prices-education.a,annual,GDP share (basic prices),Education,2025,1.8,1.8,ok,,provisional**
gdp_a_prod.gdp-share-basic-prices-health-and-social-work.a,annual,GDP share (basic prices),Health and social work,2013,2.3,2.3,ok,,
gdp_a_prod.gdp-share-basic-prices-health-and-social-work.a,annual,GDP share (basic prices),Health and social work,2014,2.2,2.2,ok,,
gdp_a_prod.gdp-share-basic-prices-health-and-social-work.a,annual,GDP share (basic prices),Health and social work,2015,2.1,2.1,ok,,
gdp_a_prod.gdp-share-basic-prices-health-and-social-work.a,annual,GDP share (basic prices),Health and social work,2016,2,2,ok,,
gdp_a_prod.gdp-share-basic-prices-health-and-social-work.a,annual,GDP share (basic prices),Health and social work,2017,2.1,2.1,ok,,
gdp_a_prod.gdp-share-basic-prices-health-and-social-work.a,annual,GDP share (basic prices),Health and social work,2018,2.1,2.1,ok,,
gdp_a_prod.gdp-share-basic-prices-health-and-social-work.a,annual,GDP share (basic prices),Health and social work,2019,2.2,2.2,ok,,
gdp_a_prod.gdp-share-basic-prices-health-and-social-work.a,annual,GDP share (basic prices),Health and social work,2020,2.1,2.1,ok,,
gdp_a_prod.gdp-share-basic-prices-health-and-social-work.a,annual,GDP share (basic prices),Health and social work,2021,2.1,2.1,ok,,
gdp_a_prod.gdp-share-basic-prices-health-and-social-work.a,annual,GDP share (basic prices),Health and social work,2022,2,2,ok,,
gdp_a_prod.gdp-share-basic-prices-health-and-social-work.a,annual,GDP share (basic prices),Health and social work,2023,1.9,1.9,ok,,
gdp_a_prod.gdp-share-basic-prices-health-and-social-work.a,annual,GDP share (basic prices),Health and social work,2024,1.7,1.7,ok,,provisional*
gdp_a_prod.gdp-share-basic-prices-health-and-social-work.a,annual,GDP share (basic prices),Health and social work,2025,1.6,1.6,ok,,provisional**
gdp_a_prod.gdp-share-basic-prices-other-personal-service-activities.a,annual,GDP share (basic prices),Other personal service activities,2013,1.4,1.4,ok,,
gdp_a_prod.gdp-share-basic-prices-other-personal-service-activities.a,annual,GDP share (basic prices),Other personal service activities,2014,1.2,1.2,ok,,
gdp_a_prod.gdp-share-basic-prices-other-personal-service-activities.a,annual,GDP share (basic prices),Other personal service activities,2015,1.3,1.3,ok,,
gdp_a_prod.gdp-share-basic-prices-other-personal-service-activities.a,annual,GDP share (basic prices),Other personal service activities,2016,1.3,1.3,ok,,
gdp_a_prod.gdp-share-basic-prices-other-personal-service-activities.a,annual,GDP share (basic prices),Other personal service activities,2017,1.2,1.2,ok,,
gdp_a_prod.gdp-share-basic-prices-other-personal-service-activities.a,annual,GDP share (basic prices),Other personal service activities,2018,1,1,ok,,
gdp_a_prod.gdp-share-basic-prices-other-personal-service-activities.a,annual,GDP share (basic prices),Other personal service activities,2019,1,1,ok,,
gdp_a_prod.gdp-share-basic-prices-other-personal-service-activities.a,annual,GDP share (basic prices),Other personal service activities,2020,0.8,0.8,ok,,
gdp_a_prod.gdp-share-basic-prices-other-personal-service-activities.a,annual,GDP share (basic prices),Other personal service activities,2021,0.8,0.8,ok,,
gdp_a_prod.gdp-share-basic-prices-other-personal-service-activities.a,annual,GDP share (basic prices),Other personal service activities,2022,0.8,0.8,ok,,
gdp_a_prod.gdp-share-basic-prices-other-personal-service-activities.a,annual,GDP share (basic prices),Other personal service activities,2023,0.7,0.7,ok,,
gdp_a_prod.gdp-share-basic-prices-other-personal-service-activities.a,annual,GDP share (basic prices),Other personal service activities,2024,0.6,0.6,ok,,provisional*
gdp_a_prod.gdp-share-basic-prices-other-personal-service-activities.a,annual,GDP share (basic prices),Other personal service activities,2025,0.6,0.6,ok,,provisional**
gdp_a_prod.gdp-share-basic-prices-net-indirect-taxes.a,annual,GDP share (basic prices),Net indirect taxes,2013,5,5,ok,,
gdp_a_prod.gdp-share-basic-prices-net-indirect-taxes.a,annual,GDP share (basic prices),Net indirect taxes,2014,9.1,9.1,ok,,
gdp_a_prod.gdp-share-basic-prices-net-indirect-taxes.a,annual,GDP share (basic prices),Net indirect taxes,2015,8.4,8.4,ok,,
gdp_a_prod.gdp-share-basic-prices-net-indirect-taxes.a,annual,GDP share (basic prices),Net indirect taxes,2016,7.6,7.6,ok,,
gdp_a_prod.gdp-share-basic-prices-net-indirect-taxes.a,annual,GDP share (basic prices),Net indirect taxes,2017,7,7,ok,,
gdp_a_prod.gdp-share-basic-prices-net-indirect-taxes.a,annual,GDP share (basic prices),Net indirect taxes,2018,7,7,ok,,
gdp_a_prod.gdp-share-basic-prices-net-indirect-taxes.a,annual,GDP share (basic prices),Net indirect taxes,2019,6.4,6.4,ok,,
gdp_a_prod.gdp-share-basic-prices-net-indirect-taxes.a,annual,GDP share (basic prices),Net indirect taxes,2020,6.1,6.1,ok,,
gdp_a_prod.gdp-share-basic-prices-net-indirect-taxes.a,annual,GDP share (basic prices),Net indirect taxes,2021,6.6,6.6,ok,,
gdp_a_prod.gdp-share-basic-prices-net-indirect-taxes.a,annual,GDP share (basic prices),Net indirect taxes,2022,6.2,6.2,ok,,
gdp_a_prod.gdp-share-basic-prices-net-indirect-taxes.a,annual,GDP share (basic prices),Net indirect taxes,2023,6.5,6.5,ok,,
gdp_a_prod.gdp-share-basic-prices-net-indirect-taxes.a,annual,GDP share (basic prices),Net indirect taxes,2024,6.6,6.6,ok,,provisional*
gdp_a_prod.gdp-share-basic-prices-net-indirect-taxes.a,annual,GDP share (basic prices),Net indirect taxes,2025,6.6,6.6,ok,,provisional**
gdp_a_prod.gdp-share-basic-prices-informal-gdp.a,annual,GDP share (basic prices),Informal GDP,2013,29,29,ok,,
gdp_a_prod.gdp-share-basic-prices-informal-gdp.a,annual,GDP share (basic prices),Informal GDP,2014,27.6,27.6,ok,,
gdp_a_prod.gdp-share-basic-prices-informal-gdp.a,annual,GDP share (basic prices),Informal GDP,2015,28.1,28.1,ok,,
gdp_a_prod.gdp-share-basic-prices-informal-gdp.a,annual,GDP share (basic prices),Informal GDP,2016,29.4,29.4,ok,,
gdp_a_prod.gdp-share-basic-prices-informal-gdp.a,annual,GDP share (basic prices),Informal GDP,2017,28,28,ok,,
gdp_a_prod.gdp-share-basic-prices-informal-gdp.a,annual,GDP share (basic prices),Informal GDP,2018,23.6,23.6,ok,,
gdp_a_prod.gdp-share-basic-prices-informal-gdp.a,annual,GDP share (basic prices),Informal GDP,2019,25.1,25.1,ok,,
gdp_a_prod.gdp-share-basic-prices-informal-gdp.a,annual,GDP share (basic prices),Informal GDP,2020,25.9,25.9,ok,,
gdp_a_prod.gdp-share-basic-prices-informal-gdp.a,annual,GDP share (basic prices),Informal GDP,2021,25.8,25.8,ok,,
gdp_a_prod.gdp-share-basic-prices-informal-gdp.a,annual,GDP share (basic prices),Informal GDP,2022,26.4,26.4,ok,,
gdp_a_prod.gdp-share-basic-prices-informal-gdp.a,annual,GDP share (basic prices),Informal GDP,2023,27.2,27.2,ok,,
gdp_a_prod.gdp-share-basic-prices-informal-gdp.a,annual,GDP share (basic prices),Informal GDP,2024,27,27,ok,,provisional*
gdp_a_prod.gdp-share-basic-prices-informal-gdp.a,annual,GDP share (basic prices),Informal GDP,2025,27.7,27.7,ok,,provisional**
