series,frequency,measure,sector,period,value,published,status,rules,flags
iip.index-of-industrial-production-all-industries.q,quarterly,Index of Industrial Production,All industries,2022-Q1,91.8,91.8,ok,,
iip.index-of-industrial-production-all-industries.q,quarterly,Index of Industrial Production,All industries,2022-Q2,93.5,93.5,ok,,
iip.index-of-industrial-production-all-industries.q,quarterly,Index of Industrial Production,All industries,2022-Q3,91.7,91.7,ok,,
iip.index-of-industrial-production-all-industries.q,quarterly,Index of Industrial Production,All industries,2022-Q4,98,98,ok,,
iip.index-of-industrial-production-all-industries.q,quarterly,Index of Industrial Production,All industries,2023-Q1,92.5,92.5,ok,,
iip.index-of-industrial-production-all-industries.q,quarterly,Index of Industrial Production,All industries,2023-Q2,92.2,92.2,ok,,
iip.index-of-industrial-production-all-industries.q,quarterly,Index of Industrial Production,All industries,2023-Q3,93.5,93.5,ok,,
iip.index-of-industrial-production-all-industries.q,quarterly,Index of Industrial Production,All industries,2023-Q4,99,99,ok,,
iip.index-of-industrial-production-all-industries.q,quarterly,Index of Industrial Production,All industries,2024-Q1,99.5,99.5,ok,,
iip.index-of-industrial-production-all-industries.q,quarterly,Index of Industrial Production,All industries,2024-Q2,99.8,99.8,ok,,
iip.index-of-industrial-production-all-industries.q,quarterly,Index of Industrial Production,All industries,2024-Q3,100.6,100.6,ok,,
iip.index-of-industrial-production-all-industries.q,quarterly,Index of Industrial Production,All industries,2024-Q4,100.7,100.7,ok,,
iip.index-of-industrial-production-all-industries.q,quarterly,Index of Industrial Production,All industries,2025-Q1,102.4,102.4,ok,,
iip.index-of-industrial-production-all-industries.q,quarterly,Index of Industrial Production,All industries,2025-Q2,102.1,102.1,ok,,
iip.index-of-industrial-production-all-industries.q,quarterly,Index of Industrial Production,All industries,2025-Q3,102.6,102.6,ok,,
iip.index-of-industrial-production-mining-and-quarrying.q,quarterly,Index of Industrial Production,Mining and quarrying,2022-Q1,86.3,86.3,ok,,
iip.index-of-industrial-production-mining-and-quarrying.q,quarterly,Index of Industrial Production,Mining and quarrying,2022-Q2,87.5,87.5,ok,,
iip.index-of-industrial-production-mining-and-quarrying.q,quarterly,Index of Industrial Production,Mining and quarrying,2022-Q3,87,87,ok,,
iip.index-of-industrial-production-mining-and-quarrying.q,quarterly,Index of Industrial Production,Mining and quarrying,2022-Q4,94.5,94.5,ok,,
iip.index-of-industrial-production-mining-and-quarrying.q,quarterly,Index of Industrial Production,Mining and quarrying,2023-Q1,90,90,ok,,
iip.index-of-industrial-production-mining-and-quarrying.q,quarterly,Index of Industrial Production,Mining and quarrying,2023-Q2,88.9,88.9,ok,,
iip.index-of-industrial-production-mining-and-quarrying.q,quarterly,Index of Industrial Production,Mining and quarrying,2023-Q3,86.2,86.2,ok,,
iip.index-of-industrial-production-mining-and-quarrying.q,quarterly,Index of Industrial Production,Mining and quarrying,2023-Q4,95.7,95.7,ok,,
iip.index-of-industrial-production-mining-and-quarrying.q,quarterly,Index of Industrial Production,Mining and quarrying,2024-Q1,96.8,96.8,ok,,
iip.index-of-industrial-production-mining-and-quarrying.q,quarterly,Index of Industrial Production,Mining and quarrying,2024-Q2,97.1,97.1,ok,,
iip.index-of-industrial-production-mining-and-quarrying.q,quarterly,Index of Industrial Production,Mining and quarrying,2024-Q3,97.8,97.8,ok,,
iip.index-of-industrial-production-mining-and-quarrying.q,quarterly,Index of Industrial Production,Mining and quarrying,2024-Q4,94.6,94.6,ok,,
iip.index-of-industrial-production-mining-and-quarrying.q,quarterly,Index of Industrial Production,Mining and quarrying,2025-Q1,97.1,97.1,ok,,
iip.index-of-industrial-production-mining-and-quarrying.q,quarterly,Index of Industrial Production,Mining and quarrying,2025-Q2,96.6,96.6,ok,,
iip.index-of-industrial-production-mining-and-quarrying.q,quarterly,Index of Industrial Production,Mining and quarrying,2025-Q3,98,98,ok,,
iip.index-of-industrial-production-extraction-of-crude-petroleum-and-natural-gas.q,quarterly,Index of Industrial Production,Extraction of crude petroleum and natural gas,2022-Q1,99.7,99.7,ok,,
iip.index-of-industrial-production-extraction-of-crude-petroleum-and-natural-gas.q,quarterly,Index of Industrial Production,Extraction of crude petroleum and natural gas,2022-Q2,89.1,89.1,ok,,
iip.index-of-industrial-production-extraction-of-crude-petroleum-and-natural-gas.q,quarterly,Index of Industrial Production,Extraction of crude petroleum and natural gas,2022-Q3,96.8,96.8,ok,,
iip.index-of-industrial-production-extraction-of-crude-petroleum-and-natural-gas.q,quarterly,Index of Industrial Production,Extraction of crude petroleum and natural gas,2022-Q4,92.3,92.3,ok,,
iip.index-of-industrial-production-extraction-of-crude-petroleum-and-natural-gas.q,quarterly,Index of Industrial Production,Extraction of crude petroleum and natural gas,2023-Q1,83.3,83.3,ok,,
iip.index-of-industrial-production-extraction-of-crude-petroleum-and-natural-gas.q,quarterly,Index of Industrial Production,Extraction of crude petroleum and natural gas,2023-Q2,84.1,84.1,ok,,
iip.index-of-industrial-production-extraction-of-crude-petroleum-and-natural-gas.q,quarterly,Index of Industrial Production,Extraction of crude petroleum and natural gas,2023-Q3,91.9,91.9,ok,,
iip.index-of-industrial-production-extraction-of-crude-petroleum-and-natural-gas.q,quarterly,Index of Industrial Production,Extraction of crude petroleum and natural gas,2023-Q4,91.5,91.5,ok,,
iip.index-of-industrial-production-extraction-of-crude-petroleum-and-natural-gas.q,quarterly,Index of Industrial Production,Extraction of crude petroleum and natural gas,2024-Q1,92.1,92.1,ok,,
iip.index-of-industrial-production-extraction-of-crude-petroleum-and-natural-gas.q,quarterly,Index of Industrial Production,Extraction of crude petroleum and natural gas,2024-Q2,88.1,88.1,ok,,
iip.index-of-industrial-production-extraction-of-crude-petroleum-and-natural-gas.q,quarterly,Index of Industrial Production,Extraction of crude petroleum and natural gas,2024-Q3,87.3,87.3,ok,,
iip.index-of-industrial-production-extraction-of-crude-petroleum-and-natural-gas.q,quarterly,Index of Industrial Production,Extraction of crude petroleum and natural gas,2024-Q4,85,85,ok,,
iip.index-of-industrial-production-extraction-of-crude-petroleum-and-natural-gas.q,quarterly,Index of Industrial Production,Extraction of crude petroleum and natural gas,2025-Q1,82.7,82.7,ok,,
iip.index-of-industrial-production-extraction-of-crude-petroleum-and-natural-gas.q,quarterly,Index of Industrial Production,Extraction of crude petroleum and natural gas,2025-Q2,76.4,76.4,ok,,
iip.index-of-industrial-production-extraction-of-crude-petroleum-and-natural-gas.q,quarterly,Index of Industrial Production,Extraction of crude petroleum and natural gas,2025-Q3,79.1,79.1,ok,,
iip.index-of-industrial-production-mining-of-metal-ores.q,quarterly,Index of Industrial Production,Mining of metal ores,2022-Q1,74,74,ok,,
iip.index-of-industrial-production-mining-of-metal-ores.q,quarterly,Index of Industrial Production,Mining of metal ores,2022-Q2,84.1,84.1,ok,,
iip.index-of-industrial-production-mining-of-metal-ores.q,quarterly,Index of Industrial Production,Mining of metal ores,2022-Q3,79.5,79.5,ok,,
iip.index-of-industrial-production-mining-of-metal-ores.q,quarterly,Index of Industrial Production,Mining of metal ores,2022-Q4,95.9,95.9,ok,,
iip.index-of-industrial-production-mining-of-metal-ores.q,quarterly,Index of Industrial Production,Mining of metal ores,2023-Q1,95.6,95.6,ok,,
iip.index-of-industrial-production-mining-of-metal-ores.q,quarterly,Index of Industrial Production,Mining of metal ores,2023-Q2,92.5,92.5,ok,,
iip.index-of-industrial-production-mining-of-metal-ores.q,quarterly,Index of Industrial Production,Mining of metal ores,2023-Q3,79.8,79.8,ok,,
iip.index-of-industrial-production-mining-of-metal-ores.q,quarterly,Index of Industrial Production,Mining of metal ores,2023-Q4,98.5,98.5,ok,,
iip.index-of-industrial-production-mining-of-metal-ores.q,quarterly,Index of Industrial Production,Mining of metal ores,2024-Q1,100.4,100.4,ok,,
iip.index-of-industrial-production-mining-of-metal-ores.q,quarterly,Index of Industrial Production,Mining of metal ores,2024-Q2,103.6,103.6,ok,,
iip.index-of-industrial-production-mining-of-metal-ores.q,quarterly,Index of Industrial Production,Mining of metal ores,2024-Q3,106.2,106.2,ok,,
iip.index-of-industrial-production-mining-of-metal-ores.q,quarterly,Index of Industrial Production,Mining of metal ores,2024-Q4,102.9,102.9,ok,,
iip.index-of-industrial-production-mining-of-metal-ores.q,quarterly,Index of Industrial Production,Mining of metal ores,2025-Q1,110.8,110.8,ok,,
iip.index-of-industrial-production-mining-of-metal-ores.q,quarterly,Index of Industrial Production,Mining of metal ores,2025-Q2,116,116,ok,,
iip.index-of-industrial-production-mining-of-metal-ores.q,quarterly,Index of Industrial Production,Mining of metal ores,2025-Q3,115.6,115.6,ok,,
iip.index-of-industrial-production-other-mining-and-quarrying.q,quarterly,Index of Industrial Production,Other mining and quarrying,2022-Q1,120.3,120.3,ok,,
iip.index-of-industrial-production-other-mining-and-quarrying.q,quarterly,Index of Industrial Production,Other mining and quarrying,2022-Q2,116,116,ok,,
iip.index-of-industrial-production-other-mining-and-quarrying.q,quarterly,Index of Industrial Production,Other mining and quarrying,2022-Q3,83,83,ok,,
iip.index-of-industrial-production-other-mining-and-quarrying.q,quarterly,Index of Industrial Production,Other mining and quarrying,2022-Q4,100.8,100.8,ok,,
iip.index-of-industrial-production-other-mining-and-quarrying.q,quarterly,Index of Industrial Production,Other mining and quarrying,2023-Q1,98.5,98.5,ok,,
iip.index-of-industrial-production-other-mining-and-quarrying.q,quarterly,Index of Industrial Production,Other mining and quarrying,2023-Q2,101.4,101.4,ok,,
iip.index-of-industrial-production-other-mining-and-quarrying.q,quarterly,Index of Industrial Production,Other mining and quarrying,2023-Q3,110.3,110.3,ok,,
iip.index-of-industrial-production-other-mining-and-quarrying.q,quarterly,Index of Industrial Production,Other mining and quarrying,2023-Q4,109.8,109.8,ok,,
iip.index-of-industrial-production-other-mining-and-quarrying.q,quarterly,Index of Industrial Production,Other mining and quarrying,2024-Q1,105.7,105.7,ok,,
iip.index-of-industrial-production-other-mining-and-quarrying.q,quarterly,Index of Industrial Production,Other mining and quarrying,2024-Q2,126.6,126.6,ok,,
iip.index-of-industrial-production-other-mining-and-quarrying.q,quarterly,Index of Industrial Production,Other mining and quarrying,2024-Q3,123.8,123.8,ok,,
iip.index-of-industrial-production-other-mining-and-quarrying.q,quarterly,Index of Industrial Production,Other mining and quarrying,2024-Q4,107.4,107.4,ok,,
iip.index-of-industrial-production-other-mining-and-quarrying.q,quarterly,Index of Industrial Production,Other mining and quarrying,2025-Q1,109.7,109.7,ok,,
iip.index-of-industrial-production-other-mining-and-quarrying.q,quarterly,Index of Industrial Production,Other mining and quarrying,2025-Q2,129.8,129.8,ok,,
iip.index-of-industrial-production-other-mining-and-quarrying.q,quarterly,Index of Industrial Production,Other mining and quarrying,2025-Q3,131.1,131.1,ok,,
iip.index-of-industrial-production-manfacturing.q,quarterly,Index of Industrial Production,Manfacturing,2022-Q1,100.5,100.5,ok,,
iip.index-of-industrial-production-manfacturing.q,quarterly,Index of Industrial Production,Manfacturing,2022-Q2,103.7,103.7,ok,,
iip.index-of-industrial-production-manfacturing.q,quarterly,Index of Industrial Production,Manfacturing,2022-Q3,99.6,99.6,ok,,
iip.index-of-industrial-production-manfacturing.q,quarterly,Index of Industrial Production,Manfacturing,2022-Q4,103.5,103.5,ok,,
iip.index-of-industrial-production-manfacturing.q,quarterly,Index of Industrial Production,Manfacturing,2023-Q1,96.3,96.3,ok,,
iip.index-of-industrial-production-manfacturing.q,quarterly,Index of Industrial Production,Manfacturing,2023-Q2,96.9,96.9,ok,,
iip.index-of-industrial-production-manfacturing.q,quarterly,Index of Industrial Production,Manfacturing,2023-Q3,104.4,104.4,ok,,
iip.index-of-industrial-production-manfacturing.q,quarterly,Index of Industrial Production,Manfacturing,2023-Q4,104.6,104.6,ok,,
iip.index-of-industrial-production-manfacturing.q,quarterly,Index of Industrial Production,Manfacturing,2024-Q1,104.2,104.2,ok,,
iip.index-of-industrial-production-manfacturing.q,quarterly,Index of Industrial Production,Manfacturing,2024-Q2,104.9,104.9,ok,,
iip.index-of-industrial-production-manfacturing.q,quarterly,Index of Industrial Production,Manfacturing,2024-Q3,106.6,106.6,ok,,
iip.index-of-industrial-production-manfacturing.q,quarterly,Index of Industrial Production,Manfacturing,2024-Q4,109.9,109.9,ok,,
iip.index-of-industrial-production-manfacturing.q,quarterly,Index of Industrial Production,Manfacturing,2025-Q1,110,110,ok,,
iip.index-of-industrial-production-manfacturing.q,quarterly,Index of Industrial Production,Manfacturing,2025-Q2,110.2,110.2,ok,,
iip.index-of-industrial-production-manfacturing.q,quarterly,Index of Industrial Production,Manfacturing,2025-Q3,111.1,111.1,ok,,
iip.index-of-industrial-production-manufacture-of-food-products.q,quarterly,Index of Industrial Production,Manufacture of food products,2022-Q1,89.3,89.3,ok,,
iip.index-of-industrial-production-manufacture-of-food-products.q,quarterly,Index of Industrial Production,Manufacture of food products,2022-Q2,101.9,101.9,ok,,
iip.index-of-industrial-production-manufacture-of-food-products.q,quarterly,Index of Industrial Production,Manufacture of food products,2022-Q3,98.3,98.3,ok,,
iip.index-of-industrial-production-manufacture-of-food-products.q,quarterly,Index of Industrial Production,Manufacture of food products,2022-Q4,101.4,101.4,ok,,
iip.index-of-industrial-production-manufacture-of-food-products.q,quarterly,Index of Industrial Production,Manufacture of food products,2023-Q1,100.8,100.8,ok,,
iip.index-of-industrial-production-manufacture-of-food-products.q,quarterly,Index of Industrial Production,Manufacture of food products,2023-Q2,91.4,91.4,ok,,
iip.index-of-industrial-production-manufacture-of-food-products.q,quarterly,Index of Industrial Production,Manufacture of food products,2023-Q3,110.7,110.7,ok,,
iip.index-of-industrial-production-manufacture-of-food-products.q,quarterly,Index of Industrial Production,Manufacture of food products,2023-Q4,111.6,111.6,ok,,
iip.index-of-industrial-production-manufacture-of-food-products.q,quarterly,Index of Industrial Production,Manufacture of food products,2024-Q1,109.1,109.1,ok,,
iip.index-of-industrial-production-manufacture-of-food-products.q,quarterly,Index of Industrial Production,Manufacture of food products,2024-Q2,95.7,95.7,ok,,
iip.index-of-industrial-production-manufacture-of-food-products.q,quarterly,Index of Industrial Production,Manufacture of food products,2024-Q3,96.2,96.2,ok,,
iip.index-of-industrial-production-manufacture-of-food-products.q,quarterly,Index of Industrial Production,Manufacture of food products,2024-Q4,98.6,98.6,ok,,
iip.index-of-industrial-production-manufacture-of-food-products.q,quarterly,Index of Industrial Production,Manufacture of food products,2025-Q1,112.9,112.9,ok,,
iip.index-of-industrial-production-manufacture-of-food-products.q,quarterly,Index of Industrial Production,Manufacture of food products,2025-Q2,99.4,99.4,ok,,
iip.index-of-industrial-production-manufacture-of-food-products.q,quarterly,Index of Industrial Production,Manufacture of food products,2025-Q3,98.9,98.9,ok,,
iip.index-of-industrial-production-manufacture-of-beverages.q,quarterly,Index of Industrial Production,Manufacture of beverages,2022-Q1,112.6,112.6,ok,,
iip.index-of-industrial-production-manufacture-of-beverages.q,quarterly,Index of Industrial Production,Manufacture of beverages,2022-Q2,113.9,113.9,ok,,
iip.index-of-industrial-production-manufacture-of-beverages.q,quarterly,Index of Industrial Production,Manufacture of beverages,2022-Q3,111.3,111.3,ok,,
iip.index-of-industrial-production-manufacture-of-beverages.q,quarterly,Index of Industrial Production,Manufacture of beverages,2022-Q4,122.1,122.1,ok,,
iip.index-of-industrial-production-manufacture-of-beverages.q,quarterly,Index of Industrial Production,Manufacture of beverages,2023-Q1,111.9,111.9,ok,,
iip.index-of-industrial-production-manufacture-of-beverages.q,quarterly,Index of Industrial Production,Manufacture of beverages,2023-Q2,116.3,116.3,ok,,
iip.index-of-industrial-production-manufacture-of-beverages.q,quarterly,Index of Industrial Production,Manufacture of beverages,2023-Q3,124.9,124.9,ok,,
iip.index-of-industrial-production-manufacture-of-beverages.q,quarterly,Index of Industrial Production,Manufacture of beverages,2023-Q4,111.3,111.3,ok,,
iip.index-of-industrial-production-manufacture-of-beverages.q,quarterly,Index of Industrial Production,Manufacture of beverages,2024-Q1,113.4,113.4,ok,,
iip.index-of-industrial-production-manufacture-of-beverages.q,quarterly,Index of Industrial Production,Manufacture of beverages,2024-Q2,118.6,118.6,ok,,
iip.index-of-industrial-production-manufacture-of-beverages.q,quarterly,Index of Industrial Production,Manufacture of beverages,2024-Q3,113.9,113.9,ok,,
iip.index-of-industrial-production-manufacture-of-beverages.q,quarterly,Index of Industrial Production,Manufacture of beverages,2024-Q4,120.3,120.3,ok,,
iip.index-of-industrial-production-manufacture-of-beverages.q,quarterly,Index of Industrial Production,Manufacture of beverages,2025-Q1,116.5,116.5,ok,,
iip.index-of-industrial-production-manufacture-of-beverages.q,quarterly,Index of Industrial Production,Manufacture of beverages,2025-Q2,119.5,119.5,ok,,
iip.index-of-industrial-production-manufacture-of-beverages.q,quarterly,Index of Industrial Production,Manufacture of beverages,2025-Q3,114.3,114.3,ok,,
iip.index-of-industrial-production-manufacture-of-textiles.q,quarterly,Index of Industrial Production,Manufacture of textiles,2022-Q1,116.8,116.8,ok,,
iip.index-of-industrial-production-manufacture-of-textiles.q,quarterly,Index of Industrial Production,Manufacture of textiles,2022-Q2,115.7,115.7,ok,,
iip.index-of-industrial-production-manufacture-of-textiles.q,quarterly,Index of Industrial Production,Manufacture of textiles,2022-Q3,108.6,108.6,ok,,
iip.index-of-industrial-production-manufacture-of-textiles.q,quarterly,Index of Industrial Production,Manufacture of textiles,2022-Q4,114,114,ok,,
iip.index-of-industrial-production-manufacture-of-textiles.q,quarterly,Index of Industrial Production,Manufacture of textiles,2023-Q1,92.6,92.6,ok,,
iip.index-of-industrial-production-manufacture-of-textiles.q,quarterly,Index of Industrial Production,Manufacture of textiles,2023-Q2,90.4,90.4,ok,,
iip.index-of-industrial-production-manufacture-of-textiles.q,quarterly,Index of Industrial Production,Manufacture of textiles,2023-Q3,101.8,101.8,ok,,
iip.index-of-industrial-production-manufacture-of-textiles.q,quarterly,Index of Industrial Production,Manufacture of textiles,2023-Q4,105.9,105.9,ok,,
iip.index-of-industrial-production-manufacture-of-textiles.q,quarterly,Index of Industrial Production,Manufacture of textiles,2024-Q1,95.9,95.9,ok,,
iip.index-of-industrial-production-manufacture-of-textiles.q,quarterly,Index of Industrial Production,Manufacture of textiles,2024-Q2,96.6,96.6,ok,,
iip.index-of-industrial-production-manufacture-of-textiles.q,quarterly,Index of Industrial Production,Manufacture of textiles,2024-Q3,105.1,105.1,ok,,
iip.index-of-industrial-production-manufacture-of-textiles.q,quarterly,Index of Industrial Production,Manufacture of textiles,2024-Q4,112,112,ok,,
iip.index-of-industrial-production-manufacture-of-textiles.q,quarterly,Index of Industrial Production,Manufacture of textiles,2025-Q1,97.7,97.7,ok,,
iip.index-of-industrial-production-manufacture-of-textiles.q,quarterly,Index of Industrial Production,Manufacture of textiles,2025-Q2,94.3,94.3,ok,,
iip.index-of-industrial-production-manufacture-of-textiles.q,quarterly,Index of Industrial Production,Manufacture of textiles,2025-Q3,104.7,104.7,ok,,
iip.index-of-industrial-production-manufacture-of-wearing-apparel.q,quarterly,Index of Industrial Production,Manufacture of wearing apparel,2022-Q1,96.9,96.9,ok,,
iip.index-of-industrial-production-manufacture-of-wearing-apparel.q,quarterly,Index of Industrial Production,Manufacture of wearing apparel,2022-Q2,102.6,102.6,ok,,
iip.index-of-industrial-production-manufacture-of-wearing-apparel.q,quarterly,Index of Industrial Production,Manufacture of wearing apparel,2022-Q3,95,95,ok,,
iip.index-of-industrial-production-manufacture-of-wearing-apparel.q,quarterly,Index of Industrial Production,Manufacture of wearing apparel,2022-Q4,93.4,93.4,ok,,
iip.index-of-industrial-production-manufacture-of-wearing-apparel.q,quarterly,Index of Industrial Production,Manufacture of wearing apparel,2023-Q1,97.7,97.7,ok,,
iip.index-of-industrial-production-manufacture-of-wearing-apparel.q,quarterly,Index of Industrial Production,Manufacture of wearing apparel,2023-Q2,106.4,106.4,ok,,
iip.index-of-industrial-production-manufacture-of-wearing-apparel.q,quarterly,Index of Industrial Production,Manufacture of wearing apparel,2023-Q3,107.8,107.8,ok,,
iip.index-of-industrial-production-manufacture-of-wearing-apparel.q,quarterly,Index of Industrial Production,Manufacture of wearing apparel,2023-Q4,102.1,102.1,ok,,
iip.index-of-industrial-production-manufacture-of-wearing-apparel.q,quarterly,Index of Industrial Production,Manufacture of wearing apparel,2024-Q1,105.8,105.8,ok,,
iip.index-of-industrial-production-manufacture-of-wearing-apparel.q,quarterly,Index of Industrial Production,Manufacture of wearing apparel,2024-Q2,109.8,109.8,ok,,
iip.index-of-industrial-production-manufacture-of-wearing-apparel.q,quarterly,Index of Industrial Production,Manufacture of wearing apparel,2024-Q3,112.6,112.6,ok,,
iip.index-of-industrial-production-manufacture-of-wearing-apparel.q,quarterly,Index of Industrial Production,Manufacture of wearing apparel,2024-Q4,111,111,ok,,
iip.index-of-industrial-production-manufacture-of-wearing-apparel.q,quarterly,Index of Industrial Production,Manufacture of wearing apparel,2025-Q1,97.1,97.1,ok,,
iip.index-of-industrial-production-manufacture-of-wearing-apparel.q,quarterly,Index of Industrial Production,Manufacture of wearing apparel,2025-Q2,112.2,112.2,ok,,
iip.index-of-industrial-production-manufacture-of-wearing-apparel.q,quarterly,Index of Industrial Production,Manufacture of wearing apparel,2025-Q3,113.6,113.6,ok,,
iip.index-of-industrial-production-manufacture-of-leather-and-related-products.q,quarterly,Index of Industrial Production,Manufacture of leather and related products,2022-Q1,80.8,80.8,ok,,
iip.index-of-industrial-production-manufacture-of-leather-and-related-products.q,quarterly,Index of Industrial Production,Manufacture of leather and related products,2022-Q2,83.3,83.3,ok,,
iip.index-of-industrial-production-manufacture-of-leather-and-related-products.q,quarterly,Index of Industrial Production,Manufacture of leather and related products,2022-Q3,82.2,82.2,ok,,
iip.index-of-industrial-production-manufacture-of-leather-and-related-products.q,quarterly,Index of Industrial Production,Manufacture of leather and related products,2022-Q4,82.5,82.5,ok,,
iip.index-of-industrial-production-manufacture-of-leather-and-related-products.q,quarterly,Index of Industrial Production,Manufacture of leather and related products,2023-Q1,79.9,79.9,ok,,
iip.index-of-industrial-production-manufacture-of-leather-and-related-products.q,quarterly,Index of Industrial Production,Manufacture of leather and related products,2023-Q2,81.4,81.4,ok,,
iip.index-of-industrial-production-manufacture-of-leather-and-related-products.q,quarterly,Index of Industrial Production,Manufacture of leather and related products,2023-Q3,72.4,72.4,ok,,
iip.index-of-industrial-production-manufacture-of-leather-and-related-products.q,quarterly,Index of Industrial Production,Manufacture of leather and related products,2023-Q4,76.8,76.8,ok,,
iip.index-of-industrial-production-manufacture-of-leather-and-related-products.q,quarterly,Index of Industrial Production,Manufacture of leather and related products,2024-Q1,83.9,83.9,ok,,
iip.index-of-industrial-production-manufacture-of-leather-and-related-products.q,quarterly,Index of Industrial Production,Manufacture of leather and related products,2024-Q2,90.8,90.8,ok,,
iip.index-of-industrial-production-manufacture-of-leather-and-related-products.q,quarterly,Index of Industrial Production,Manufacture of leather and related products,2024-Q3,82.8,82.8,ok,,
iip.index-of-industrial-production-manufacture-of-leather-and-related-products.q,quarterly,Index of Industrial Production,Manufacture of leather and related products,2024-Q4,86.9,86.9,ok,,
iip.index-of-industrial-production-manufacture-of-leather-and-related-products.q,quarterly,Index of Industrial Production,Manufacture of leather and related products,2025-Q1,90.1,90.1,ok,,
iip.index-of-industrial-production-manufacture-of-leather-and-related-products.q,quarterly,Index of Industrial Production,Manufacture of leather and related products,2025-Q2,100.6,100.6,ok,,
iip.index-of-industrial-production-manufacture-of-leather-and-related-products.q,quarterly,Index of Industrial Production,Manufacture of leather and related products,2025-Q3,86,86,ok,,
iip.index-of-industrial-production-manufacture-of-wood-and-of-products-of-wood-and-c.q,quarterly,Index of Industrial Production,Manufacture of wood and of products of wood and cork,2022-Q1,111.7,111.7,ok,,
iip.index-of-industrial-production-manufacture-of-wood-and-of-products-of-wood-and-c.q,quarterly,Index of Industrial Production,Manufacture of wood and of products of wood and cork,2022-Q2,110.9,110.9,ok,,
iip.index-of-industrial-production-manufacture-of-wood-and-of-products-of-wood-and-c.q,quarterly,Index of Industrial Production,Manufacture of wood and of products of wood and cork,2022-Q3,106.1,106.1,ok,,
iip.index-of-industrial-production-manufacture-of-wood-and-of-products-of-wood-and-c.q,quarterly,Index of Industrial Production,Manufacture of wood and of products of wood and cork,2022-Q4,111.5,111.5,ok,,
iip.index-of-industrial-production-manufacture-of-wood-and-of-products-of-wood-and-c.q,quarterly,Index of Industrial Production,Manufacture of wood and of products of wood and cork,2023-Q1,106,106,ok,,
iip.index-of-industrial-production-manufacture-of-wood-and-of-products-of-wood-and-c.q,quarterly,Index of Industrial Production,Manufacture of wood and of products of wood and cork,2023-Q2,103.8,103.8,ok,,
iip.index-of-industrial-production-manufacture-of-wood-and-of-products-of-wood-and-c.q,quarterly,Index of Industrial Production,Manufacture of wood and of products of wood and cork,2023-Q3,114.6,114.6,ok,,
iip.index-of-industrial-production-manufacture-of-wood-and-of-products-of-wood-and-c.q,quarterly,Index of Industrial Production,Manufacture of wood and of products of wood and cork,2023-Q4,121.8,121.8,ok,,
iip.index-of-industrial-production-manufacture-of-wood-and-of-products-of-wood-and-c.q,quarterly,Index of Industrial Production,Manufacture of wood and of products of wood and cork,2024-Q1,107.9,107.9,ok,,
iip.index-of-industrial-production-manufacture-of-wood-and-of-products-of-wood-and-c.q,quarterly,Index of Industrial Production,Manufacture of wood and of products of wood and cork,2024-Q2,109.1,109.1,ok,,
iip.index-of-industrial-production-manufacture-of-wood-and-of-products-of-wood-and-c.q,quarterly,Index of Industrial Production,Manufacture of wood and of products of wood and cork,2024-Q3,115.5,115.5,ok,,
iip.index-of-industrial-production-manufacture-of-wood-and-of-products-of-wood-and-c.q,quarterly,Index of Industrial Production,Manufacture of wood and of products of wood and cork,2024-Q4,124.7,124.7,ok,,
iip.index-of-industrial-production-manufacture-of-wood-and-of-products-of-wood-and-c.q,quarterly,Index of Industrial Production,Manufacture of wood and of products of wood and cork,2025-Q1,112.9,112.9,ok,,
iip.index-of-industrial-production-manufacture-of-wood-and-of-products-of-wood-and-c.q,quarterly,Index of Industrial Production,Manufacture of wood and of products of wood and cork,2025-Q2,122.1,122.1,ok,,
iip.index-of-industrial-production-manufacture-of-wood-and-of-products-of-wood-and-c.q,quarterly,Index of Industrial Production,Manufacture of wood and of products of wood and cork,2025-Q3,122.8,122.8,ok,,
iip.index-of-industrial-production-manufacture-of-paper-and-paper-products.q,quarterly,Index of Industrial Production,Manufacture of paper and paper products,2022-Q1,82.2,82.2,ok,,
iip.index-of-industrial-production-manufacture-of-paper-and-paper-products.q,quarterly,Index of Industrial Production,Manufacture of paper and paper products,2022-Q2,86.3,86.3,ok,,
iip.index-of-industrial-production-manufacture-of-paper-and-paper-products.q,quarterly,Index of Industrial Production,Manufacture of paper and paper products,2022-Q3,85.9,85.9,ok,,
iip.index-of-industrial-production-manufacture-of-paper-and-paper-products.q,quarterly,Index of Industrial Production,Manufacture of paper and paper products,2022-Q4,85.2,85.2,ok,,
iip.index-of-industrial-production-manufacture-of-paper-and-paper-products.q,quarterly,Index of Industrial Production,Manufacture of paper and paper products,2023-Q1,78.2,78.2,ok,,
iip.index-of-industrial-production-manufacture-of-paper-and-paper-products.q,quarterly,Index of Industrial Production,Manufacture of paper and paper products,2023-Q2,80.1,80.1,ok,,
iip.index-of-industrial-production-manufacture-of-paper-and-paper-products.q,quarterly,Index of Industrial Production,Manufacture of paper and paper products,2023-Q3,97.4,97.4,ok,,
iip.index-of-industrial-production-manufacture-of-paper-and-paper-products.q,quarterly,Index of Industrial Production,Manufacture of paper and paper products,2023-Q4,86.9,86.9,ok,,
iip.index-of-industrial-production-manufacture-of-paper-and-paper-products.q,quarterly,Index of Industrial Production,Manufacture of paper and paper products,2024-Q1,83.9,83.9,ok,,
iip.index-of-industrial-production-manufacture-of-paper-and-paper-products.q,quarterly,Index of Industrial Production,Manufacture of paper and paper products,2024-Q2,90.3,90.3,ok,,
iip.index-of-industrial-production-manufacture-of-paper-and-paper-products.q,quarterly,Index of Industrial Production,Manufacture of paper and paper products,2024-Q3,120.9,120.9,ok,,
iip.index-of-industrial-production-manufacture-of-paper-and-paper-products.q,quarterly,Index of Industrial Production,Manufacture of paper and paper products,2024-Q4,122.1,122.1,ok,,
iip.index-of-industrial-production-manufacture-of-paper-and-paper-products.q,quarterly,Index of Industrial Production,Manufacture of paper and paper products,2025-Q1,94.3,94.3,ok,,
iip.index-of-industrial-production-manufacture-of-paper-and-paper-products.q,quarterly,Index of Industrial Production,Manufacture of paper and paper products,2025-Q2,108.2,108.2,ok,,
iip.index-of-industrial-production-manufacture-of-paper-and-paper-products.q,quarterly,Index of Industrial Production,Manufacture of paper and paper products,2025-Q3,128.1,128.1,ok,,
iip.index-of-industrial-production-printing-and-reproduction-of-recorded-media.q,quarterly,Index of Industrial Production,Printing and reproduction of recorded media,2022-Q1,86.8,86.8,ok,,
iip.index-of-industrial-production-printing-and-reproduction-of-recorded-media.q,quarterly,Index of Industrial Production,Printing and reproduction of recorded media,2022-Q2,78.2,78.2,ok,,
iip.index-of-industrial-production-printing-and-reproduction-of-recorded-media.q,quarterly,Index of Industrial Production,Printing and reproduction of recorded media,2022-Q3,96.1,96.1,ok,,
iip.index-of-industrial-production-printing-and-reproduction-of-recorded-media.q,quarterly,Index of Industrial Production,Printing and reproduction of recorded media,2022-Q4,110.8,110.8,ok,,
iip.index-of-industrial-production-printing-and-reproduction-of-recorded-media.q,quarterly,Index of Industrial Production,Printing and reproduction of recorded media,2023-Q1,101.9,101.9,ok,,
iip.index-of-industrial-production-printing-and-reproduction-of-recorded-media.q,quarterly,Index of Industrial Production,Printing and reproduction of recorded media,2023-Q2,101.9,101.9,ok,,
iip.index-of-industrial-production-printing-and-reproduction-of-recorded-media.q,quarterly,Index of Industrial Production,Printing and reproduction of recorded media,2023-Q3,108.2,108.2,ok,,
iip.index-of-industrial-production-printing-and-reproduction-of-recorded-media.q,quarterly,Index of Industrial Production,Printing and reproduction of recorded media,2023-Q4,115.4,115.4,ok,,
iip.index-of-industrial-production-printing-and-reproduction-of-recorded-media.q,quarterly,Index of Industrial Production,Printing and reproduction of recorded media,2024-Q1,116,116,ok,,
iip.index-of-industrial-production-printing-and-reproduction-of-recorded-media.q,quarterly,Index of Industrial Production,Printing and reproduction of recorded media,2024-Q2,119.2,119.2,ok,,
iip.index-of-industrial-production-printing-and-reproduction-of-recorded-media.q,quarterly,Index of Industrial Production,Printing and reproduction of recorded media,2024-Q3,137.9,137.9,ok,,
iip.index-of-industrial-production-printing-and-reproduction-of-recorded-media.q,quarterly,Index of Industrial Production,Printing and reproduction of recorded media,2024-Q4,148.3,148.3,ok,,
iip.index-of-industrial-production-printing-and-reproduction-of-recorded-media.q,quarterly,Index of Industrial Production,Printing and reproduction of recorded media,2025-Q1,128.8,128.8,ok,,
iip.index-of-industrial-production-printing-and-reproduction-of-recorded-media.q,quarterly,Index of Industrial Production,Printing and reproduction of recorded media,2025-Q2,127.4,127.4,ok,,
iip.index-of-industrial-production-printing-and-reproduction-of-recorded-media.q,quarterly,Index of Industrial Production,Printing and reproduction of recorded media,2025-Q3,151.4,151.4,ok,,
iip.index-of-industrial-production-manufacture-of-coke-and-refined-petroleum-product.q,quarterly,Index of Industrial Production,Manufacture of coke and refined petroleum products,2022-Q1,105.7,105.7,ok,,
iip.index-of-industrial-production-manufacture-of-coke-and-refined-petroleum-product.q,quarterly,Index of Industrial Production,Manufacture of coke and refined petroleum products,2022-Q2,103.3,103.3,ok,,
iip.index-of-industrial-production-manufacture-of-coke-and-refined-petroleum-product.q,quarterly,Index of Industrial Production,Manufacture of coke and refined petroleum products,2022-Q3,99.5,99.5,ok,,
iip.index-of-industrial-production-manufacture-of-coke-and-refined-petroleum-product.q,quarterly,Index of Industrial Production,Manufacture of coke and refined petroleum products,2022-Q4,110.6,110.6,ok,,
iip.index-of-industrial-production-manufacture-of-coke-and-refined-petroleum-product.q,quarterly,Index of Industrial Production,Manufacture of coke and refined petroleum products,2023-Q1,101.5,101.5,ok,,
iip.index-of-industrial-production-manufacture-of-coke-and-refined-petroleum-product.q,quarterly,Index of Industrial Production,Manufacture of coke and refined petroleum products,2023-Q2,129.4,129.4,ok,,
iip.index-of-industrial-production-manufacture-of-coke-and-refined-petroleum-product.q,quarterly,Index of Industrial Production,Manufacture of coke and refined petroleum products,2023-Q3,130.3,130.3,ok,,
iip.index-of-industrial-production-manufacture-of-coke-and-refined-petroleum-product.q,quarterly,Index of Industrial Production,Manufacture of coke and refined petroleum products,2023-Q4,129.4,129.4,ok,,
iip.index-of-industrial-production-manufacture-of-coke-and-refined-petroleum-product.q,quarterly,Index of Industrial Production,Manufacture of coke and refined petroleum products,2024-Q1,117.3,117.3,ok,,
iip.index-of-industrial-production-manufacture-of-coke-and-refined-petroleum-product.q,quarterly,Index of Industrial Production,Manufacture of coke and refined petroleum products,2024-Q2,127.1,127.1,ok,,
iip.index-of-industrial-production-manufacture-of-coke-and-refined-petroleum-product.q,quarterly,Index of Industrial Production,Manufacture of coke and refined petroleum products,2024-Q3,139.6,139.6,ok,,
iip.index-of-industrial-production-manufacture-of-coke-and-refined-petroleum-product.q,quarterly,Index of Industrial Production,Manufacture of coke and refined petroleum products,2024-Q4,141.2,141.2,ok,,
iip.index-of-industrial-production-manufacture-of-coke-and-refined-petroleum-product.q,quarterly,Index of Industrial Production,Manufacture of coke and refined petroleum products,2025-Q1,123.8,123.8,ok,,
iip.index-of-industrial-production-manufacture-of-coke-and-refined-petroleum-product.q,quarterly,Index of Industrial Production,Manufacture of coke and refined petroleum products,2025-Q2,139,139,ok,,
iip.index-of-industrial-production-manufacture-of-coke-and-refined-petroleum-product.q,quarterly,Index of Industrial Production,Manufacture of coke and refined petroleum products,2025-Q3,148.7,148.7,ok,,
iip.index-of-industrial-production-manufacture-of-chemicals-and-chemical-products.q,quarterly,Index of Industrial Production,Manufacture of chemicals and chemical products,2022-Q1,119.1,119.1,ok,,
iip.index-of-industrial-production-manufacture-of-chemicals-and-chemical-products.q,quarterly,Index of Industrial Production,Manufacture of chemicals and chemical products,2022-Q2,116.3,116.3,ok,,
iip.index-of-industrial-production-manufacture-of-chemicals-and-chemical-products.q,quarterly,Index of Industrial Production,Manufacture of chemicals and chemical products,2022-Q3,99.1,99.1,ok,,
iip.index-of-industrial-production-manufacture-of-chemicals-and-chemical-products.q,quarterly,Index of Industrial Production,Manufacture of chemicals and chemical products,2022-Q4,99.5,99.5,ok,,
iip.index-of-industrial-production-manufacture-of-chemicals-and-chemical-products.q,quarterly,Index of Industrial Production,Manufacture of chemicals and chemical products,2023-Q1,87.6,87.6,ok,,
iip.index-of-industrial-production-manufacture-of-chemicals-and-chemical-products.q,quarterly,Index of Industrial Production,Manufacture of chemicals and chemical products,2023-Q2,85.3,85.3,ok,,
iip.index-of-industrial-production-manufacture-of-chemicals-and-chemical-products.q,quarterly,Index of Industrial Production,Manufacture of chemicals and chemical products,2023-Q3,107.4,107.4,ok,,
iip.index-of-industrial-production-manufacture-of-chemicals-and-chemical-products.q,quarterly,Index of Industrial Production,Manufacture of chemicals and chemical products,2023-Q4,108.7,108.7,ok,,
iip.index-of-industrial-production-manufacture-of-chemicals-and-chemical-products.q,quarterly,Index of Industrial Production,Manufacture of chemicals and chemical products,2024-Q1,96.9,96.9,ok,,
iip.index-of-industrial-production-manufacture-of-chemicals-and-chemical-products.q,quarterly,Index of Industrial Production,Manufacture of chemicals and chemical products,2024-Q2,90.4,90.4,ok,,
iip.index-of-industrial-production-manufacture-of-chemicals-and-chemical-products.q,quarterly,Index of Industrial Production,Manufacture of chemicals and chemical products,2024-Q3,98.3,98.3,ok,,
iip.index-of-industrial-production-manufacture-of-chemicals-and-chemical-products.q,quarterly,Index of Industrial Production,Manufacture of chemicals and chemical products,2024-Q4,111.4,111.4,ok,,
iip.index-of-industrial-production-manufacture-of-chemicals-and-chemical-products.q,quarterly,Index of Industrial Production,Manufacture of chemicals and chemical products,2025-Q1,98,98,ok,,
iip.index-of-industrial-production-manufacture-of-chemicals-and-chemical-products.q,quarterly,Index of Industrial Production,Manufacture of chemicals and chemical products,2025-Q2,96.7,96.7,ok,,
iip.index-of-industrial-production-manufacture-of-chemicals-and-chemical-products.q,quarterly,Index of Industrial Production,Manufacture of chemicals and chemical products,2025-Q3,98.5,98.5,ok,,
iip.index-of-industrial-production-manufacture-of-pharmaceuticals-medicinal-chemical.q,quarterly,Index of Industrial Production,"Manufacture of pharmaceuticals, medicinal chemical and botanical products",2022-Q1,102,102,ok,,
iip.index-of-industrial-production-manufacture-of-pharmaceuticals-medicinal-chemical.q,quarterly,Index of Industrial Production,"Manufacture of pharmaceuticals, medicinal chemical and botanical products",2022-Q2,107.7,107.7,ok,,
iip.index-of-industrial-production-manufacture-of-pharmaceuticals-medicinal-chemical.q,quarterly,Index of Industrial Production,"Manufacture of pharmaceuticals, medicinal chemical and botanical products",2022-Q3,101.7,101.7,ok,,
iip.index-of-industrial-production-manufacture-of-pharmaceuticals-medicinal-chemical.q,quarterly,Index of Industrial Production,"Manufacture of pharmaceuticals, medicinal chemical and botanical products",2022-Q4,110.1,110.1,ok,,
iip.index-of-industrial-production-manufacture-of-pharmaceuticals-medicinal-chemical.q,quarterly,Index of Industrial Production,"Manufacture of pharmaceuticals, medicinal chemical and botanical products",2023-Q1,88.2,88.2,ok,,
iip.index-of-industrial-production-manufacture-of-pharmaceuticals-medicinal-chemical.q,quarterly,Index of Industrial Production,"Manufacture of pharmaceuticals, medicinal chemical and botanical products",2023-Q2,90.5,90.5,ok,,
iip.index-of-industrial-production-manufacture-of-pharmaceuticals-medicinal-chemical.q,quarterly,Index of Industrial Production,"Manufacture of pharmaceuticals, medicinal chemical and botanical products",2023-Q3,108.4,108.4,ok,,
iip.index-of-industrial-production-manufacture-of-pharmaceuticals-medicinal-chemical.q,quarterly,Index of Industrial Production,"Manufacture of pharmaceuticals, medicinal chemical and botanical products",2023-Q4,113.3,113.3,ok,,
iip.index-of-industrial-production-manufacture-of-pharmaceuticals-medicinal-chemical.q,quarterly,Index of Industrial Production,"Manufacture of pharmaceuticals, medicinal chemical and botanical products",2024-Q1,100.2,100.2,ok,,
iip.index-of-industrial-production-manufacture-of-pharmaceuticals-medicinal-chemical.q,quarterly,Index of Industrial Production,"Manufacture of pharmaceuticals, medicinal chemical and botanical products",2024-Q2,99.3,99.3,ok,,
iip.index-of-industrial-production-manufacture-of-pharmaceuticals-medicinal-chemical.q,quarterly,Index of Industrial Production,"Manufacture of pharmaceuticals, medicinal chemical and botanical products",2024-Q3,111,111,ok,,
iip.index-of-industrial-production-manufacture-of-pharmaceuticals-medicinal-chemical.q,quarterly,Index of Industrial Production,"Manufacture of pharmaceuticals, medicinal chemical and botanical products",2024-Q4,118.9,118.9,ok,,
iip.index-of-industrial-production-manufacture-of-pharmaceuticals-medicinal-chemical.q,quarterly,Index of Industrial Production,"Manufacture of pharmaceuticals, medicinal chemical and botanical products",2025-Q1,103.4,103.4,ok,,
iip.index-of-industrial-production-manufacture-of-pharmaceuticals-medicinal-chemical.q,quarterly,Index of Industrial Production,"Manufacture of pharmaceuticals, medicinal chemical and botanical products",2025-Q2,102.8,102.8,ok,,
iip.index-of-industrial-production-manufacture-of-pharmaceuticals-medicinal-chemical.q,quarterly,Index of Industrial Production,"Manufacture of pharmaceuticals, medicinal chemical and botanical products",2025-Q3,118,118,ok,,
iip.index-of-industrial-production-manufacture-of-rubber-and-plastics-products.q,quarterly,Index of Industrial Production,Manufacture of rubber and plastics products,2022-Q1,120.3,120.3,ok,,
iip.index-of-industrial-production-manufacture-of-rubber-and-plastics-products.q,quarterly,Index of Industrial Production,Manufacture of rubber and plastics products,2022-Q2,124.7,124.7,ok,,
iip.index-of-industrial-production-manufacture-of-rubber-and-plastics-products.q,quarterly,Index of Industrial Production,Manufacture of rubber and plastics products,2022-Q3,121.9,121.9,ok,,
iip.index-of-industrial-production-manufacture-of-rubber-and-plastics-products.q,quarterly,Index of Industrial Production,Manufacture of rubber and plastics products,2022-Q4,129.4,129.4,ok,,
iip.index-of-industrial-production-manufacture-of-rubber-and-plastics-products.q,quarterly,Index of Industrial Production,Manufacture of rubber and plastics products,2023-Q1,129.2,129.2,ok,,
iip.index-of-industrial-production-manufacture-of-rubber-and-plastics-products.q,quarterly,Index of Industrial Production,Manufacture of rubber and plastics products,2023-Q2,135.4,135.4,ok,,
iip.index-of-industrial-production-manufacture-of-rubber-and-plastics-products.q,quarterly,Index of Industrial Production,Manufacture of rubber and plastics products,2023-Q3,138.2,138.2,ok,,
iip.index-of-industrial-production-manufacture-of-rubber-and-plastics-products.q,quarterly,Index of Industrial Production,Manufacture of rubber and plastics products,2023-Q4,131.3,131.3,ok,,
iip.index-of-industrial-production-manufacture-of-rubber-and-plastics-products.q,quarterly,Index of Industrial Production,Manufacture of rubber and plastics products,2024-Q1,133.8,133.8,ok,,
iip.index-of-industrial-production-manufacture-of-rubber-and-plastics-products.q,quarterly,Index of Industrial Production,Manufacture of rubber and plastics products,2024-Q2,151.3,151.3,ok,,
iip.index-of-industrial-production-manufacture-of-rubber-and-plastics-products.q,quarterly,Index of Industrial Production,Manufacture of rubber and plastics products,2024-Q3,161,161,ok,,
iip.index-of-industrial-production-manufacture-of-rubber-and-plastics-products.q,quarterly,Index of Industrial Production,Manufacture of rubber and plastics products,2024-Q4,152.6,152.6,ok,,
iip.index-of-industrial-production-manufacture-of-rubber-and-plastics-products.q,quarterly,Index of Industrial Production,Manufacture of rubber and plastics products,2025-Q1,143.2,143.2,ok,,
iip.index-of-industrial-production-manufacture-of-rubber-and-plastics-products.q,quarterly,Index of Industrial Production,Manufacture of rubber and plastics products,2025-Q2,137.4,137.4,ok,,
iip.index-of-industrial-production-manufacture-of-rubber-and-plastics-products.q,quarterly,Index of Industrial Production,Manufacture of rubber and plastics products,2025-Q3,150.2,150.2,ok,,
iip.index-of-industrial-production-manufacture-of-other-non-metallic-mineral-product.q,quarterly,Index of Industrial Production,Manufacture of other non-metallic mineral products,2022-Q1,113.3,113.3,ok,,
iip.index-of-industrial-production-manufacture-of-other-non-metallic-mineral-product.q,quarterly,Index of Industrial Production,Manufacture of other non-metallic mineral products,2022-Q2,114.8,114.8,ok,,
iip.index-of-industrial-production-manufacture-of-other-non-metallic-mineral-product.q,quarterly,Index of Industrial Production,Manufacture of other non-metallic mineral products,2022-Q3,111.5,111.5,ok,,
iip.index-of-industrial-production-manufacture-of-other-non-metallic-mineral-product.q,quarterly,Index of Industrial Production,Manufacture of other non-metallic mineral products,2022-Q4,120.4,120.4,ok,,
iip.index-of-industrial-production-manufacture-of-other-non-metallic-mineral-product.q,quarterly,Index of Industrial Production,Manufacture of other non-metallic mineral products,2023-Q1,108.5,108.5,ok,,
iip.index-of-industrial-production-manufacture-of-other-non-metallic-mineral-product.q,quarterly,Index of Industrial Production,Manufacture of other non-metallic mineral products,2023-Q2,123.9,123.9,ok,,
iip.index-of-industrial-production-manufacture-of-other-non-metallic-mineral-product.q,quarterly,Index of Industrial Production,Manufacture of other non-metallic mineral products,2023-Q3,111.7,111.7,ok,,
iip.index-of-industrial-production-manufacture-of-other-non-metallic-mineral-product.q,quarterly,Index of Industrial Production,Manufacture of other non-metallic mineral products,2023-Q4,112.8,112.8,ok,,
iip.index-of-industrial-production-manufacture-of-other-non-metallic-mineral-product.q,quarterly,Index of Industrial Production,Manufacture of other non-metallic mineral products,2024-Q1,114.5,114.5,ok,,
iip.index-of-industrial-production-manufacture-of-other-non-metallic-mineral-product.q,quarterly,Index of Industrial Production,Manufacture of other non-metallic mineral products,2024-Q2,132.6,132.6,ok,,
iip.index-of-industrial-production-manufacture-of-other-non-metallic-mineral-product.q,quarterly,Index of Industrial Production,Manufacture of other non-metallic mineral products,2024-Q3,132.6,132.6,ok,,
iip.index-of-industrial-production-manufacture-of-other-non-metallic-mineral-product.q,quarterly,Index of Industrial Production,Manufacture of other non-metallic mineral products,2024-Q4,133,133,ok,,
iip.index-of-industrial-production-manufacture-of-other-non-metallic-mineral-product.q,quarterly,Index of Industrial Production,Manufacture of other non-metallic mineral products,2025-Q1,122.7,122.7,ok,,
iip.index-of-industrial-production-manufacture-of-other-non-metallic-mineral-product.q,quarterly,Index of Industrial Production,Manufacture of other non-metallic mineral products,2025-Q2,133.8,133.8,ok,,
iip.index-of-industrial-production-manufacture-of-other-non-metallic-mineral-product.q,quarterly,Index of Industrial Production,Manufacture of other non-metallic mineral products,2025-Q3,136.7,136.7,ok,,
iip.index-of-industrial-production-manufacture-of-basic-metals.q,quarterly,Index of Industrial Production,Manufacture of basic metals,2022-Q1,116.5,116.5,ok,,
iip.index-of-industrial-production-manufacture-of-basic-metals.q,quarterly,Index of Industrial Production,Manufacture of basic metals,2022-Q2,118.3,118.3,ok,,
iip.index-of-industrial-production-manufacture-of-basic-metals.q,quarterly,Index of Industrial Production,Manufacture of basic metals,2022-Q3,107.6,107.6,ok,,
iip.index-of-industrial-production-manufacture-of-basic-metals.q,quarterly,Index of Industrial Production,Manufacture of basic metals,2022-Q4,114,114,ok,,
iip.index-of-industrial-production-manufacture-of-basic-metals.q,quarterly,Index of Industrial Production,Manufacture of basic metals,2023-Q1,109.3,109.3,ok,,
iip.index-of-industrial-production-manufacture-of-basic-metals.q,quarterly,Index of Industrial Production,Manufacture of basic metals,2023-Q2,110.6,110.6,ok,,
iip.index-of-industrial-production-manufacture-of-basic-metals.q,quarterly,Index of Industrial Production,Manufacture of basic metals,2023-Q3,105.9,105.9,ok,,
iip.index-of-industrial-production-manufacture-of-basic-metals.q,quarterly,Index of Industrial Production,Manufacture of basic metals,2023-Q4,110.4,110.4,ok,,
iip.index-of-industrial-production-manufacture-of-basic-metals.q,quarterly,Index of Industrial Production,Manufacture of basic metals,2024-Q1,108.3,108.3,ok,,
iip.index-of-industrial-production-manufacture-of-basic-metals.q,quarterly,Index of Industrial Production,Manufacture of basic metals,2024-Q2,128.4,128.4,ok,,
iip.index-of-industrial-production-manufacture-of-basic-metals.q,quarterly,Index of Industrial Production,Manufacture of basic metals,2024-Q3,113.6,113.6,ok,,
iip.index-of-industrial-production-manufacture-of-basic-metals.q,quarterly,Index of Industrial Production,Manufacture of basic metals,2024-Q4,118.7,118.7,ok,,
iip.index-of-industrial-production-manufacture-of-basic-metals.q,quarterly,Index of Industrial Production,Manufacture of basic metals,2025-Q1,119.7,119.7,ok,,
iip.index-of-industrial-production-manufacture-of-basic-metals.q,quarterly,Index of Industrial Production,Manufacture of basic metals,2025-Q2,135.7,135.7,ok,,
iip.index-of-industrial-production-manufacture-of-basic-metals.q,quarterly,Index of Industrial Production,Manufacture of basic metals,2025-Q3,123.7,123.7,ok,,
iip.index-of-industrial-production-manufacture-of-fabricated-metal-products-except-m.q,quarterly,Index of Industrial Production,"Manufacture of fabricated metal products, except machinery and equipment",2022-Q1,114.5,114.5,ok,,
iip.index-of-industrial-production-manufacture-of-fabricated-metal-products-except-m.q,quarterly,Index of Industrial Production,"Manufacture of fabricated metal products, except machinery and equipment",2022-Q2,117.1,117.1,ok,,
iip.index-of-industrial-production-manufacture-of-fabricated-metal-products-except-m.q,quarterly,Index of Industrial Production,"Manufacture of fabricated metal products, except machinery and equipment",2022-Q3,112.4,112.4,ok,,
iip.index-of-industrial-production-manufacture-of-fabricated-metal-products-except-m.q,quarterly,Index of Industrial Production,"Manufacture of fabricated metal products, except machinery and equipment",2022-Q4,120.3,120.3,ok,,
iip.index-of-industrial-production-manufacture-of-fabricated-metal-products-except-m.q,quarterly,Index of Industrial Production,"Manufacture of fabricated metal products, except machinery and equipment",2023-Q1,97.9,97.9,ok,,
iip.index-of-industrial-production-manufacture-of-fabricated-metal-products-except-m.q,quarterly,Index of Industrial Production,"Manufacture of fabricated metal products, except machinery and equipment",2023-Q2,98.6,98.6,ok,,
iip.index-of-industrial-production-manufacture-of-fabricated-metal-products-except-m.q,quarterly,Index of Industrial Production,"Manufacture of fabricated metal products, except machinery and equipment",2023-Q3,100.3,100.3,ok,,
iip.index-of-industrial-production-manufacture-of-fabricated-metal-products-except-m.q,quarterly,Index of Industrial Production,"Manufacture of fabricated metal products, except machinery and equipment",2023-Q4,100.5,100.5,ok,,
iip.index-of-industrial-production-manufacture-of-fabricated-metal-products-except-m.q,quarterly,Index of Industrial Production,"Manufacture of fabricated metal products, except machinery and equipment",2024-Q1,107,107,ok,,
iip.index-of-industrial-production-manufacture-of-fabricated-metal-products-except-m.q,quarterly,Index of Industrial Production,"Manufacture of fabricated metal products, except machinery and equipment",2024-Q2,107.4,107.4,ok,,
iip.index-of-industrial-production-manufacture-of-fabricated-metal-products-except-m.q,quarterly,Index of Industrial Production,"Manufacture of fabricated metal products, except machinery and equipment",2024-Q3,101.5,101.5,ok,,
iip.index-of-industrial-production-manufacture-of-fabricated-metal-products-except-m.q,quarterly,Index of Industrial Production,"Manufacture of fabricated metal products, except machinery and equipment",2024-Q4,104.5,104.5,ok,,
iip.index-of-industrial-production-manufacture-of-fabricated-metal-products-except-m.q,quarterly,Index of Industrial Production,"Manufacture of fabricated metal products, except machinery and equipment",2025-Q1,110.8,110.8,ok,,
iip.index-of-industrial-production-manufacture-of-fabricated-metal-products-except-m.q,quarterly,Index of Industrial Production,"Manufacture of fabricated metal products, except machinery and equipment",2025-Q2,112.8,112.8,ok,,
iip.index-of-industrial-production-manufacture-of-fabricated-metal-products-except-m.q,quarterly,Index of Industrial Production,"Manufacture of fabricated metal products, except machinery and equipment",2025-Q3,109.8,109.8,ok,,
iip.index-of-industrial-production-manufacture-of-computer-electronic-and-optical-pr.q,quarterly,Index of Industrial Production,"Manufacture of computer, electronic and optical products",2022-Q1,107.8,107.8,ok,,
iip.index-of-industrial-production-manufacture-of-computer-electronic-and-optical-pr.q,quarterly,Index of Industrial Production,"Manufacture of computer, electronic and optical products",2022-Q2,109.1,109.1,ok,,
iip.index-of-industrial-production-manufacture-of-computer-electronic-and-optical-pr.q,quarterly,Index of Industrial Production,"Manufacture of computer, electronic and optical products",2022-Q3,106.2,106.2,ok,,
iip.index-of-industrial-production-manufacture-of-computer-electronic-and-optical-pr.q,quarterly,Index of Industrial Production,"Manufacture of computer, electronic and optical products",2022-Q4,117.6,117.6,ok,,
iip.index-of-industrial-production-manufacture-of-computer-electronic-and-optical-pr.q,quarterly,Index of Industrial Production,"Manufacture of computer, electronic and optical products",2023-Q1,106.7,106.7,ok,,
iip.index-of-industrial-production-manufacture-of-computer-electronic-and-optical-pr.q,quarterly,Index of Industrial Production,"Manufacture of computer, electronic and optical products",2023-Q2,112.5,112.5,ok,,
iip.index-of-industrial-production-manufacture-of-computer-electronic-and-optical-pr.q,quarterly,Index of Industrial Production,"Manufacture of computer, electronic and optical products",2023-Q3,115.4,115.4,ok,,
iip.index-of-industrial-production-manufacture-of-computer-electronic-and-optical-pr.q,quarterly,Index of Industrial Production,"Manufacture of computer, electronic and optical products",2023-Q4,108.4,108.4,ok,,
iip.index-of-industrial-production-manufacture-of-computer-electronic-and-optical-pr.q,quarterly,Index of Industrial Production,"Manufacture of computer, electronic and optical products",2024-Q1,108.3,108.3,ok,,
iip.index-of-industrial-production-manufacture-of-computer-electronic-and-optical-pr.q,quarterly,Index of Industrial Production,"Manufacture of computer, electronic and optical products",2024-Q2,117.3,117.3,ok,,
iip.index-of-industrial-production-manufacture-of-computer-electronic-and-optical-pr.q,quarterly,Index of Industrial Production,"Manufacture of computer, electronic and optical products",2024-Q3,115.3,115.3,ok,,
iip.index-of-industrial-production-manufacture-of-computer-electronic-and-optical-pr.q,quarterly,Index of Industrial Production,"Manufacture of computer, electronic and optical products",2024-Q4,115.4,115.4,ok,,
iip.index-of-industrial-production-manufacture-of-computer-electronic-and-optical-pr.q,quarterly,Index of Industrial Production,"Manufacture of computer, electronic and optical products",2025-Q1,109.3,109.3,ok,,
iip.index-of-industrial-production-manufacture-of-computer-electronic-and-optical-pr.q,quarterly,Index of Industrial Production,"Manufacture of computer, electronic and optical products",2025-Q2,123,123,ok,,
iip.index-of-industrial-production-manufacture-of-computer-electronic-and-optical-pr.q,quarterly,Index of Industrial Production,"Manufacture of computer, electronic and optical products",2025-Q3,118.8,118.8,ok,,
iip.index-of-industrial-production-manufacture-of-electrical-equipment.q,quarterly,Index of Industrial Production,Manufacture of electrical equipment,2022-Q1,102.3,102.3,ok,,
iip.index-of-industrial-production-manufacture-of-electrical-equipment.q,quarterly,Index of Industrial Production,Manufacture of electrical equipment,2022-Q2,105.9,105.9,ok,,
iip.index-of-industrial-production-manufacture-of-electrical-equipment.q,quarterly,Index of Industrial Production,Manufacture of electrical equipment,2022-Q3,101.3,101.3,ok,,
iip.index-of-industrial-production-manufacture-of-electrical-equipment.q,quarterly,Index of Industrial Production,Manufacture of electrical equipment,2022-Q4,108.4,108.4,ok,,
iip.index-of-industrial-production-manufacture-of-electrical-equipment.q,quarterly,Index of Industrial Production,Manufacture of electrical equipment,2023-Q1,95.4,95.4,ok,,
iip.index-of-industrial-production-manufacture-of-electrical-equipment.q,quarterly,Index of Industrial Production,Manufacture of electrical equipment,2023-Q2,102.2,102.2,ok,,
iip.index-of-industrial-production-manufacture-of-electrical-equipment.q,quarterly,Index of Industrial Production,Manufacture of electrical equipment,2023-Q3,85.9,85.9,ok,,
iip.index-of-industrial-production-manufacture-of-electrical-equipment.q,quarterly,Index of Industrial Production,Manufacture of electrical equipment,2023-Q4,89.4,89.4,ok,,
iip.index-of-industrial-production-manufacture-of-electrical-equipment.q,quarterly,Index of Industrial Production,Manufacture of electrical equipment,2024-Q1,101.1,101.1,ok,,
iip.index-of-industrial-production-manufacture-of-electrical-equipment.q,quarterly,Index of Industrial Production,Manufacture of electrical equipment,2024-Q2,106.4,106.4,ok,,
iip.index-of-industrial-production-manufacture-of-electrical-equipment.q,quarterly,Index of Industrial Production,Manufacture of electrical equipment,2024-Q3,105.9,105.9,ok,,
iip.index-of-industrial-production-manufacture-of-electrical-equipment.q,quarterly,Index of Industrial Production,Manufacture of electrical equipment,2024-Q4,109.1,109.1,ok,,
iip.index-of-industrial-production-manufacture-of-electrical-equipment.q,quarterly,Index of Industrial Production,Manufacture of electrical equipment,2025-Q1,123.3,123.3,ok,,
iip.index-of-industrial-production-manufacture-of-electrical-equipment.q,quarterly,Index of Industrial Production,Manufacture of electrical equipment,2025-Q2,122.2,122.2,ok,,
iip.index-of-industrial-production-manufacture-of-electrical-equipment.q,quarterly,Index of Industrial Production,Manufacture of electrical equipment,2025-Q3,115,115,ok,,
iip.index-of-industrial-production-manufacture-of-machinery-and-equipment-n-e-c.q,quarterly,Index of Industrial Production,Manufacture of machinery and equipment n.e.c.,2022-Q1,85.9,85.9,ok,,
iip.index-of-industrial-production-manufacture-of-machinery-and-equipment-n-e-c.q,quarterly,Index of Industrial Production,Manufacture of machinery and equipment n.e.c.,2022-Q2,91.2,91.2,ok,,
iip.index-of-industrial-production-manufacture-of-machinery-and-equipment-n-e-c.q,quarterly,Index of Industrial Production,Manufacture of machinery and equipment n.e.c.,2022-Q3,87.1,87.1,ok,,
iip.index-of-industrial-production-manufacture-of-machinery-and-equipment-n-e-c.q,quarterly,Index of Industrial Production,Manufacture of machinery and equipment n.e.c.,2022-Q4,87.5,87.5,ok,,
iip.index-of-industrial-production-manufacture-of-machinery-and-equipment-n-e-c.q,quarterly,Index of Industrial Production,Manufacture of machinery and equipment n.e.c.,2023-Q1,90.9,90.9,ok,,
iip.index-of-industrial-production-manufacture-of-machinery-and-equipment-n-e-c.q,quarterly,Index of Industrial Production,Manufacture of machinery and equipment n.e.c.,2023-Q2,97.3,97.3,ok,,
iip.index-of-industrial-production-manufacture-of-machinery-and-equipment-n-e-c.q,quarterly,Index of Industrial Production,Manufacture of machinery and equipment n.e.c.,2023-Q3,99,99,ok,,
iip.index-of-industrial-production-manufacture-of-machinery-and-equipment-n-e-c.q,quarterly,Index of Industrial Production,Manufacture of machinery and equipment n.e.c.,2023-Q4,100.3,100.3,ok,,
iip.index-of-industrial-production-manufacture-of-machinery-and-equipment-n-e-c.q,quarterly,Index of Industrial Production,Manufacture of machinery and equipment n.e.c.,2024-Q1,103,103,ok,,
iip.index-of-industrial-production-manufacture-of-machinery-and-equipment-n-e-c.q,quarterly,Index of Industrial Production,Manufacture of machinery and equipment n.e.c.,2024-Q2,110.9,110.9,ok,,
iip.index-of-industrial-production-manufacture-of-machinery-and-equipment-n-e-c.q,quarterly,Index of Industrial Production,Manufacture of machinery and equipment n.e.c.,2024-Q3,111.4,111.4,ok,,
iip.index-of-industrial-production-manufacture-of-machinery-and-equipment-n-e-c.q,quarterly,Index of Industrial Production,Manufacture of machinery and equipment n.e.c.,2024-Q4,114.1,114.1,ok,,
iip.index-of-industrial-production-manufacture-of-machinery-and-equipment-n-e-c.q,quarterly,Index of Industrial Production,Manufacture of machinery and equipment n.e.c.,2025-Q1,123,123,ok,,
iip.index-of-industrial-production-manufacture-of-machinery-and-equipment-n-e-c.q,quarterly,Index of Industrial Production,Manufacture of machinery and equipment n.e.c.,2025-Q2,127.5,127.5,ok,,
iip.index-of-industrial-production-manufacture-of-machinery-and-equipment-n-e-c.q,quarterly,Index of Industrial Production,Manufacture of machinery and equipment n.e.c.,2025-Q3,128.9,128.9,ok,,
iip.index-of-industrial-production-manufacture-of-motor-vehicles-trailers-and-semi-t.q,quarterly,Index of Industrial Production,"Manufacture of motor vehicles, trailers and semi-trailers",2022-Q1,88.7,88.7,ok,,
iip.index-of-industrial-production-manufacture-of-motor-vehicles-trailers-and-semi-t.q,quarterly,Index of Industrial Production,"Manufacture of motor vehicles, trailers and semi-trailers",2022-Q2,88.1,88.1,ok,,
iip.index-of-industrial-production-manufacture-of-motor-vehicles-trailers-and-semi-t.q,quarterly,Index of Industrial Production,"Manufacture of motor vehicles, trailers and semi-trailers",2022-Q3,80.1,80.1,ok,,
iip.index-of-industrial-production-manufacture-of-motor-vehicles-trailers-and-semi-t.q,quarterly,Index of Industrial Production,"Manufacture of motor vehicles, trailers and semi-trailers",2022-Q4,68.3,68.3,ok,,
iip.index-of-industrial-production-manufacture-of-motor-vehicles-trailers-and-semi-t.q,quarterly,Index of Industrial Production,"Manufacture of motor vehicles, trailers and semi-trailers",2023-Q1,78.9,78.9,ok,,
iip.index-of-industrial-production-manufacture-of-motor-vehicles-trailers-and-semi-t.q,quarterly,Index of Industrial Production,"Manufacture of motor vehicles, trailers and semi-trailers",2023-Q2,67.2,67.2,ok,,
iip.index-of-industrial-production-manufacture-of-motor-vehicles-trailers-and-semi-t.q,quarterly,Index of Industrial Production,"Manufacture of motor vehicles, trailers and semi-trailers",2023-Q3,75.8,75.8,ok,,
iip.index-of-industrial-production-manufacture-of-motor-vehicles-trailers-and-semi-t.q,quarterly,Index of Industrial Production,"Manufacture of motor vehicles, trailers and semi-trailers",2023-Q4,69.8,69.8,ok,,
iip.index-of-industrial-production-manufacture-of-motor-vehicles-trailers-and-semi-t.q,quarterly,Index of Industrial Production,"Manufacture of motor vehicles, trailers and semi-trailers",2024-Q1,73.7,73.7,ok,,
iip.index-of-industrial-production-manufacture-of-motor-vehicles-trailers-and-semi-t.q,quarterly,Index of Industrial Production,"Manufacture of motor vehicles, trailers and semi-trailers",2024-Q2,70.6,70.6,ok,,
iip.index-of-industrial-production-manufacture-of-motor-vehicles-trailers-and-semi-t.q,quarterly,Index of Industrial Production,"Manufacture of motor vehicles, trailers and semi-trailers",2024-Q3,76.5,76.5,ok,,
iip.index-of-industrial-production-manufacture-of-motor-vehicles-trailers-and-semi-t.q,quarterly,Index of Industrial Production,"Manufacture of motor vehicles, trailers and semi-trailers",2024-Q4,61.1,61.1,ok,,
iip.index-of-industrial-production-manufacture-of-motor-vehicles-trailers-and-semi-t.q,quarterly,Index of Industrial Production,"Manufacture of motor vehicles, trailers and semi-trailers",2025-Q1,53.2,53.2,ok,,
iip.index-of-industrial-production-manufacture-of-motor-vehicles-trailers-and-semi-t.q,quarterly,Index of Industrial Production,"Manufacture of motor vehicles, trailers and semi-trailers",2025-Q2,58.8,58.8,ok,,
iip.index-of-industrial-production-manufacture-of-motor-vehicles-trailers-and-semi-t.q,quarterly,Index of Industrial Production,"Manufacture of motor vehicles, trailers and semi-trailers",2025-Q3,64.9,64.9,ok,,
iip.index-of-industrial-production-manufacture-of-other-transport-equipment.q,quarterly,Index of Industrial Production,Manufacture of other transport equipment,2022-Q1,102.9,102.9,ok,,
iip.index-of-industrial-production-manufacture-of-other-transport-equipment.q,quarterly,Index of Industrial Production,Manufacture of other transport equipment,2022-Q2,108.1,108.1,ok,,
iip.index-of-industrial-production-manufacture-of-other-transport-equipment.q,quarterly,Index of Industrial Production,Manufacture of other transport equipment,2022-Q3,103.3,103.3,ok,,
iip.index-of-industrial-production-manufacture-of-other-transport-equipment.q,quarterly,Index of Industrial Production,Manufacture of other transport equipment,2022-Q4,108.2,108.2,ok,,
iip.index-of-industrial-production-manufacture-of-other-transport-equipment.q,quarterly,Index of Industrial Production,Manufacture of other transport equipment,2023-Q1,88.1,88.1,ok,,
iip.index-of-industrial-production-manufacture-of-other-transport-equipment.q,quarterly,Index of Industrial Production,Manufacture of other transport equipment,2023-Q2,94.5,94.5,ok,,
iip.index-of-industrial-production-manufacture-of-other-transport-equipment.q,quarterly,Index of Industrial Production,Manufacture of other transport equipment,2023-Q3,96.6,96.6,ok,,
iip.index-of-industrial-production-manufacture-of-other-transport-equipment.q,quarterly,Index of Industrial Production,Manufacture of other transport equipment,2023-Q4,97.9,97.9,ok,,
iip.index-of-industrial-production-manufacture-of-other-transport-equipment.q,quarterly,Index of Industrial Production,Manufacture of other transport equipment,2024-Q1,110.8,110.8,ok,,
iip.index-of-industrial-production-manufacture-of-other-transport-equipment.q,quarterly,Index of Industrial Production,Manufacture of other transport equipment,2024-Q2,114.2,114.2,ok,,
iip.index-of-industrial-production-manufacture-of-other-transport-equipment.q,quarterly,Index of Industrial Production,Manufacture of other transport equipment,2024-Q3,129,129,ok,,
iip.index-of-industrial-production-manufacture-of-other-transport-equipment.q,quarterly,Index of Industrial Production,Manufacture of other transport equipment,2024-Q4,122.1,122.1,ok,,
iip.index-of-industrial-production-manufacture-of-other-transport-equipment.q,quarterly,Index of Industrial Production,Manufacture of other transport equipment,2025-Q1,153.1,153.1,ok,,
iip.index-of-industrial-production-manufacture-of-other-transport-equipment.q,quarterly,Index of Industrial Production,Manufacture of other transport equipment,2025-Q2,135.8,135.8,ok,,
iip.index-of-industrial-production-manufacture-of-other-transport-equipment.q,quarterly,Index of Industrial Production,Manufacture of other transport equipment,2025-Q3,132.3,132.3,ok,,
iip.index-of-industrial-production-manufacture-of-furniture.q,quarterly,Index of Industrial Production,Manufacture of furniture,2022-Q1,96.8,96.8,ok,,
iip.index-of-industrial-production-manufacture-of-furniture.q,quarterly,Index of Industrial Production,Manufacture of furniture,2022-Q2,99.3,99.3,ok,,
iip.index-of-industrial-production-manufacture-of-furniture.q,quarterly,Index of Industrial Production,Manufacture of furniture,2022-Q3,111.7,111.7,ok,,
iip.index-of-industrial-production-manufacture-of-furniture.q,quarterly,Index of Industrial Production,Manufacture of furniture,2022-Q4,121.7,121.7,ok,,
iip.index-of-industrial-production-manufacture-of-furniture.q,quarterly,Index of Industrial Production,Manufacture of furniture,2023-Q1,105.5,105.5,ok,,
iip.index-of-industrial-production-manufacture-of-furniture.q,quarterly,Index of Industrial Production,Manufacture of furniture,2023-Q2,103.9,103.9,ok,,
iip.index-of-industrial-production-manufacture-of-furniture.q,quarterly,Index of Industrial Production,Manufacture of furniture,2023-Q3,112.7,112.7,ok,,
iip.index-of-industrial-production-manufacture-of-furniture.q,quarterly,Index of Industrial Production,Manufacture of furniture,2023-Q4,107.5,107.5,ok,,
iip.index-of-industrial-production-manufacture-of-furniture.q,quarterly,Index of Industrial Production,Manufacture of furniture,2024-Q1,111,111,ok,,
iip.index-of-industrial-production-manufacture-of-furniture.q,quarterly,Index of Industrial Production,Manufacture of furniture,2024-Q2,119.2,119.2,ok,,
iip.index-of-industrial-production-manufacture-of-furniture.q,quarterly,Index of Industrial Production,Manufacture of furniture,2024-Q3,130.7,130.7,ok,,
iip.index-of-industrial-production-manufacture-of-furniture.q,quarterly,Index of Industrial Production,Manufacture of furniture,2024-Q4,124.1,124.1,ok,,
iip.index-of-industrial-production-manufacture-of-furniture.q,quarterly,Index of Industrial Production,Manufacture of furniture,2025-Q1,122.3,122.3,ok,,
iip.index-of-industrial-production-manufacture-of-furniture.q,quarterly,Index of Industrial Production,Manufacture of furniture,2025-Q2,130.5,130.5,ok,,
iip.index-of-industrial-production-manufacture-of-furniture.q,quarterly,Index of Industrial Production,Manufacture of furniture,2025-Q3,139.3,139.3,ok,,
iip.index-of-industrial-production-other-manufacturing.q,quarterly,Index of Industrial Production,Other manufacturing,2022-Q1,86.9,86.9,ok,,
iip.index-of-industrial-production-other-manufacturing.q,quarterly,Index of Industrial Production,Other manufacturing,2022-Q2,83.3,83.3,ok,,
iip.index-of-industrial-production-other-manufacturing.q,quarterly,Index of Industrial Production,Other manufacturing,2022-Q3,76.9,76.9,ok,,
iip.index-of-industrial-production-other-manufacturing.q,quarterly,Index of Industrial Production,Other manufacturing,2022-Q4,67.8,67.8,ok,,
iip.index-of-industrial-production-other-manufacturing.q,quarterly,Index of Industrial Production,Other manufacturing,2023-Q1,63.3,63.3,ok,,
iip.index-of-industrial-production-other-manufacturing.q,quarterly,Index of Industrial Production,Other manufacturing,2023-Q2,65.3,65.3,ok,,
iip.index-of-industrial-production-other-manufacturing.q,quarterly,Index of Industrial Production,Other manufacturing,2023-Q3,62.6,62.6,ok,,
iip.index-of-industrial-production-other-manufacturing.q,quarterly,Index of Industrial Production,Other manufacturing,2023-Q4,63.5,63.5,ok,,
iip.index-of-industrial-production-other-manufacturing.q,quarterly,Index of Industrial Production,Other manufacturing,2024-Q1,71.3,71.3,ok,,
iip.index-of-industrial-production-other-manufacturing.q,quarterly,Index of Industrial Production,Other manufacturing,2024-Q2,71.7,71.7,ok,,
iip.index-of-industrial-production-other-manufacturing.q,quarterly,Index of Industrial Production,Other manufacturing,2024-Q3,67.9,67.9,ok,,
iip.index-of-industrial-production-other-manufacturing.q,quarterly,Index of Industrial Production,Other manufacturing,2024-Q4,68.3,68.3,ok,,
iip.index-of-industrial-production-other-manufacturing.q,quarterly,Index of Industrial Production,Other manufacturing,2025-Q1,75.1,75.1,ok,,
iip.index-of-industrial-production-other-manufacturing.q,quarterly,Index of Industrial Production,Other manufacturing,2025-Q2,80.3,80.3,ok,,
iip.index-of-industrial-production-other-manufacturing.q,quarterly,Index of Industrial Production,Other manufacturing,2025-Q3,77.8,77.8,ok,,
iip.index-of-industrial-production-repair-and-installation-of-machinery-and-equipmen.q,quarterly,Index of Industrial Production,Repair and installation of machinery and equipment,2022-Q1,74.1,74.1,ok,,
iip.index-of-industrial-production-repair-and-installation-of-machinery-and-equipmen.q,quarterly,Index of Industrial Production,Repair and installation of machinery and equipment,2022-Q2,77.6,77.6,ok,,
iip.index-of-industrial-production-repair-and-installation-of-machinery-and-equipmen.q,quarterly,Index of Industrial Production,Repair and installation of machinery and equipment,2022-Q3,71.8,71.8,ok,,
iip.index-of-industrial-production-repair-and-installation-of-machinery-and-equipmen.q,quarterly,Index of Industrial Production,Repair and installation of machinery and equipment,2022-Q4,70.8,70.8,ok,,
iip.index-of-industrial-production-repair-and-installation-of-machinery-and-equipmen.q,quarterly,Index of Industrial Production,Repair and installation of machinery and equipment,2023-Q1,81.8,81.8,ok,,
iip.index-of-industrial-production-repair-and-installation-of-machinery-and-equipmen.q,quarterly,Index of Industrial Production,Repair and installation of machinery and equipment,2023-Q2,83.2,83.2,ok,,
iip.index-of-industrial-production-repair-and-installation-of-machinery-and-equipmen.q,quarterly,Index of Industrial Production,Repair and installation of machinery and equipment,2023-Q3,92.9,92.9,ok,,
iip.index-of-industrial-production-repair-and-installation-of-machinery-and-equipmen.q,quarterly,Index of Industrial Production,Repair and installation of machinery and equipment,2023-Q4,95.6,95.6,ok,,
iip.index-of-industrial-production-repair-and-installation-of-machinery-and-equipmen.q,quarterly,Index of Industrial Production,Repair and installation of machinery and equipment,2024-Q1,102.5,102.5,ok,,
iip.index-of-industrial-production-repair-and-installation-of-machinery-and-equipmen.q,quarterly,Index of Industrial Production,Repair and installation of machinery and equipment,2024-Q2,97.4,97.4,ok,,
iip.index-of-industrial-production-repair-and-installation-of-machinery-and-equipmen.q,quarterly,Index of Industrial Production,Repair and installation of machinery and equipment,2024-Q3,95.7,95.7,ok,,
iip.index-of-industrial-production-repair-and-installation-of-machinery-and-equipmen.q,quarterly,Index of Industrial Production,Repair and installation of machinery and equipment,2024-Q4,97.7,97.7,ok,,
iip.index-of-industrial-production-repair-and-installation-of-machinery-and-equipmen.q,quarterly,Index of Industrial Production,Repair and installation of machinery and equipment,2025-Q1,113.4,113.4,ok,,
iip.index-of-industrial-production-repair-and-installation-of-machinery-and-equipmen.q,quarterly,Index of Industrial Production,Repair and installation of machinery and equipment,2025-Q2,106.2,106.2,ok,,
iip.index-of-industrial-production-repair-and-installation-of-machinery-and-equipmen.q,quarterly,Index of Industrial Production,Repair and installation of machinery and equipment,2025-Q3,94.1,94.1,ok,,
iip.index-of-industrial-production-electricity-and-gas.q,quarterly,Index of Industrial Production,Electricity and gas,2022-Q1,88.1,88.1,ok,,
iip.index-of-industrial-production-electricity-and-gas.q,quarterly,Index of Industrial Production,Electricity and gas,2022-Q2,86.3,86.3,ok,,
iip.index-of-industrial-production-electricity-and-gas.q,quarterly,Index of Industrial Production,Electricity and gas,2022-Q3,83.1,83.1,ok,,
iip.index-of-industrial-production-electricity-and-gas.q,quarterly,Index of Industrial Production,Electricity and gas,2022-Q4,95.1,95.1,ok,,
iip.index-of-industrial-production-electricity-and-gas.q,quarterly,Index of Industrial Production,Electricity and gas,2023-Q1,98.1,98.1,ok,,
iip.index-of-industrial-production-electricity-and-gas.q,quarterly,Index of Industrial Production,Electricity and gas,2023-Q2,98,98,ok,,
iip.index-of-industrial-production-electricity-and-gas.q,quarterly,Index of Industrial Production,Electricity and gas,2023-Q3,92.1,92.1,ok,,
iip.index-of-industrial-production-electricity-and-gas.q,quarterly,Index of Industrial Production,Electricity and gas,2023-Q4,94.6,94.6,ok,,
iip.index-of-industrial-production-electricity-and-gas.q,quarterly,Index of Industrial Production,Electricity and gas,2024-Q1,101,101,ok,,
iip.index-of-industrial-production-electricity-and-gas.q,quarterly,Index of Industrial Production,Electricity and gas,2024-Q2,96.6,96.6,ok,,
iip.index-of-industrial-production-electricity-and-gas.q,quarterly,Index of Industrial Production,Electricity and gas,2024-Q3,90.3,90.3,ok,,
iip.index-of-industrial-production-electricity-and-gas.q,quarterly,Index of Industrial Production,Electricity and gas,2024-Q4,100.6,100.6,ok,,
iip.index-of-industrial-production-electricity-and-gas.q,quarterly,Index of Industrial Production,Electricity and gas,2025-Q1,111.6,111.6,ok,,
iip.index-of-industrial-production-electricity-and-gas.q,quarterly,Index of Industrial Production,Electricity and gas,2025-Q2,108.7,108.7,ok,,
iip.index-of-industrial-production-electricity-and-gas.q,quarterly,Index of Industrial Production,Electricity and gas,2025-Q3,92.8,92.8,ok,,
iip.index-of-industrial-production-electricity-gas-steam-and-air-conditioning-supply.q,quarterly,Index of Industrial Production,"Electricity, gas, steam and air conditioning supply",2022-Q1,88.1,88.1,ok,,
iip.index-of-industrial-production-electricity-gas-steam-and-air-conditioning-supply.q,quarterly,Index of Industrial Production,"Electricity, gas, steam and air conditioning supply",2022-Q2,86.3,86.3,ok,,
iip.index-of-industrial-production-electricity-gas-steam-and-air-conditioning-supply.q,quarterly,Index of Industrial Production,"Electricity, gas, steam and air conditioning supply",2022-Q3,83.1,83.1,ok,,
iip.index-of-industrial-production-electricity-gas-steam-and-air-conditioning-supply.q,quarterly,Index of Industrial Production,"Electricity, gas, steam and air conditioning supply",2022-Q4,95.1,95.1,ok,,
iip.index-of-industrial-production-electricity-gas-steam-and-air-conditioning-supply.q,quarterly,Index of Industrial Production,"Electricity, gas, steam and air conditioning supply",2023-Q1,98.1,98.1,ok,,
iip.index-of-industrial-production-electricity-gas-steam-and-air-conditioning-supply.q,quarterly,Index of Industrial Production,"Electricity, gas, steam and air conditioning supply",2023-Q2,98,98,ok,,
iip.index-of-industrial-production-electricity-gas-steam-and-air-conditioning-supply.q,quarterly,Index of Industrial Production,"Electricity, gas, steam and air conditioning supply",2023-Q3,92.1,92.1,ok,,
iip.index-of-industrial-production-electricity-gas-steam-and-air-conditioning-supply.q,quarterly,Index of Industrial Production,"Electricity, gas, steam and air conditioning supply",2023-Q4,94.6,94.6,ok,,
iip.index-of-industrial-production-electricity-gas-steam-and-air-conditioning-supply.q,quarterly,Index of Industrial Production,"Electricity, gas, steam and air conditioning supply",2024-Q1,101,101,ok,,
iip.index-of-industrial-production-electricity-gas-steam-and-air-conditioning-supply.q,quarterly,Index of Industrial Production,"Electricity, gas, steam and air conditioning supply",2024-Q2,96.6,96.6,ok,,
iip.index-of-industrial-production-electricity-gas-steam-and-air-conditioning-supply.q,quarterly,Index of Industrial Production,"Electricity, gas, steam and air conditioning supply",2024-Q3,90.3,90.3,ok,,
iip.index-of-industrial-production-electricity-gas-steam-and-air-conditioning-supply.q,quarterly,Index of Industrial Production,"Electricity, gas, steam and air conditioning supply",2024-Q4,100.6,100.6,ok,,
iip.index-of-industrial-production-electricity-gas-steam-and-air-conditioning-supply.q,quarterly,Index of Industrial Production,"Electricity, gas, steam and air conditioning supply",2025-Q1,111.6,111.6,ok,,
iip.index-of-industrial-production-electricity-gas-steam-and-air-conditioning-supply.q,quarterly,Index of Industrial Production,"Electricity, gas, steam and air conditioning supply",2025-Q2,108.7,108.7,ok,,
iip.index-of-industrial-production-electricity-gas-steam-and-air-conditioning-supply.q,quarterly,Index of Industrial Production,"Electricity, gas, steam and air conditioning supply",2025-Q3,92.8,92.8,ok,,
iip.index-of-industrial-production-water-supply-sewage-and-waste-management.q,quarterly,Index of Industrial Production,"Water supply, sewage and waste management",2022-Q1,75.7,75.7,ok,,
iip.index-of-industrial-production-water-supply-sewage-and-waste-management.q,quarterly,Index of Industrial Production,"Water supply, sewage and waste management",2022-Q2,73.1,73.1,ok,,
iip.index-of-industrial-production-water-supply-sewage-and-waste-management.q,quarterly,Index of Industrial Production,"Water supply, sewage and waste management",2022-Q3,81.8,81.8,ok,,
iip.index-of-industrial-production-water-supply-sewage-and-waste-management.q,quarterly,Index of Industrial Production,"Water supply, sewage and waste management",2022-Q4,86.4,86.4,ok,,
iip.index-of-industrial-production-water-supply-sewage-and-waste-management.q,quarterly,Index of Industrial Production,"Water supply, sewage and waste management",2023-Q1,61.2,61.2,ok,,
iip.index-of-industrial-production-water-supply-sewage-and-waste-management.q,quarterly,Index of Industrial Production,"Water supply, sewage and waste management",2023-Q2,67.6,67.6,ok,,
iip.index-of-industrial-production-water-supply-sewage-and-waste-management.q,quarterly,Index of Industrial Production,"Water supply, sewage and waste management",2023-Q3,85.1,85.1,ok,,
iip.index-of-industrial-production-water-supply-sewage-and-waste-management.q,quarterly,Index of Industrial Production,"Water supply, sewage and waste management",2023-Q4,84.9,84.9,ok,,
iip.index-of-industrial-production-water-supply-sewage-and-waste-management.q,quarterly,Index of Industrial Production,"Water supply, sewage and waste management",2024-Q1,66.6,66.6,ok,,
iip.index-of-industrial-production-water-supply-sewage-and-waste-management.q,quarterly,Index of Industrial Production,"Water supply, sewage and waste management",2024-Q2,68.4,68.4,ok,,
iip.index-of-industrial-production-water-supply-sewage-and-waste-management.q,quarterly,Index of Industrial Production,"Water supply, sewage and waste management",2024-Q3,77.8,77.8,ok,,
iip.index-of-industrial-production-water-supply-sewage-and-waste-management.q,quarterly,Index of Industrial Production,"Water supply, sewage and waste management",2024-Q4,79.8,79.8,ok,,
iip.index-of-industrial-production-water-supply-sewage-and-waste-management.q,quarterly,Index of Industrial Production,"Water supply, sewage and waste management",2025-Q1,64,64,ok,,
iip.index-of-industrial-production-water-supply-sewage-and-waste-management.q,quarterly,Index of Industrial Production,"Water supply, sewage and waste management",2025-Q2,68.7,68.7,ok,,
iip.index-of-industrial-production-water-supply-sewage-and-waste-management.q,quarterly,Index of Industrial Production,"Water supply, sewage and waste management",2025-Q3,78.8,78.8,ok,,
iip.index-of-industrial-production-water-collection-treatment-and-supply.q,quarterly,Index of Industrial Production,"Water collection, treatment and supply",2022-Q1,94.2,94.2,ok,,
iip.index-of-industrial-production-water-collection-treatment-and-supply.q,quarterly,Index of Industrial Production,"Water collection, treatment and supply",2022-Q2,97.7,97.7,ok,,
iip.index-of-industrial-production-water-collection-treatment-and-supply.q,quarterly,Index of Industrial Production,"Water collection, treatment and supply",2022-Q3,104.4,104.4,ok,,
iip.index-of-industrial-production-water-collection-treatment-and-supply.q,quarterly,Index of Industrial Production,"Water collection, treatment and supply",2022-Q4,103.5,103.5,ok,,
iip.index-of-industrial-production-water-collection-treatment-and-supply.q,quarterly,Index of Industrial Production,"Water collection, treatment and supply",2023-Q1,102.5,102.5,ok,,
iip.index-of-industrial-production-water-collection-treatment-and-supply.q,quarterly,Index of Industrial Production,"Water collection, treatment and supply",2023-Q2,103.3,103.3,ok,,
iip.index-of-industrial-production-water-collection-treatment-and-supply.q,quarterly,Index of Industrial Production,"Water collection, treatment and supply",2023-Q3,108.5,108.5,ok,,
iip.index-of-industrial-production-water-collection-treatment-and-supply.q,quarterly,Index of Industrial Production,"Water collection, treatment and supply",2023-Q4,110.1,110.1,ok,,
iip.index-of-industrial-production-water-collection-treatment-and-supply.q,quarterly,Index of Industrial Production,"Water collection, treatment and supply",2024-Q1,111.1,111.1,ok,,
iip.index-of-industrial-production-water-collection-treatment-and-supply.q,quarterly,Index of Industrial Production,"Water collection, treatment and supply",2024-Q2,105.8,105.8,ok,,
iip.index-of-industrial-production-water-collection-treatment-and-supply.q,quarterly,Index of Industrial Production,"Water collection, treatment and supply",2024-Q3,106.6,106.6,ok,,
iip.index-of-industrial-production-water-collection-treatment-and-supply.q,quarterly,Index of Industrial Production,"Water collection, treatment and supply",2024-Q4,109.5,109.5,ok,,
iip.index-of-industrial-production-water-collection-treatment-and-supply.q,quarterly,Index of Industrial Production,"Water collection, treatment and supply",2025-Q1,108.1,108.1,ok,,
iip.index-of-industrial-production-water-collection-treatment-and-supply.q,quarterly,Index of Industrial Production,"Water collection, treatment and supply",2025-Q2,107.9,107.9,ok,,
iip.index-of-industrial-production-water-collection-treatment-and-supply.q,quarterly,Index of Industrial Production,"Water collection, treatment and supply",2025-Q3,107.8,107.8,ok,,
iip.index-of-industrial-production-waste-collection-treatment-and-disposal-activitie.q,quarterly,Index of Industrial Production,"Waste collection, treatment and disposal activities; materials recovery",2022-Q1,79.8,79.8,ok,,
iip.index-of-industrial-production-waste-collection-treatment-and-disposal-activitie.q,quarterly,Index of Industrial Production,"Waste collection, treatment and disposal activities; materials recovery",2022-Q2,74.6,74.6,ok,,
iip.index-of-industrial-production-waste-collection-treatment-and-disposal-activitie.q,quarterly,Index of Industrial Production,"Waste collection, treatment and disposal activities; materials recovery",2022-Q3,78.8,78.8,ok,,
iip.index-of-industrial-production-waste-collection-treatment-and-disposal-activitie.q,quarterly,Index of Industrial Production,"Waste collection, treatment and disposal activities; materials recovery",2022-Q4,83.8,83.8,ok,,
iip.index-of-industrial-production-waste-collection-treatment-and-disposal-activitie.q,quarterly,Index of Industrial Production,"Waste collection, treatment and disposal activities; materials recovery",2023-Q1,59.9,59.9,ok,,
iip.index-of-industrial-production-waste-collection-treatment-and-disposal-activitie.q,quarterly,Index of Industrial Production,"Waste collection, treatment and disposal activities; materials recovery",2023-Q2,65.7,65.7,ok,,
iip.index-of-industrial-production-waste-collection-treatment-and-disposal-activitie.q,quarterly,Index of Industrial Production,"Waste collection, treatment and disposal activities; materials recovery",2023-Q3,79.2,79.2,ok,,
iip.index-of-industrial-production-waste-collection-treatment-and-disposal-activitie.q,quarterly,Index of Industrial Production,"Waste collection, treatment and disposal activities; materials recovery",2023-Q4,77.9,77.9,ok,,
iip.index-of-industrial-production-waste-collection-treatment-and-disposal-activitie.q,quarterly,Index of Industrial Production,"Waste collection, treatment and disposal activities; materials recovery",2024-Q1,60.7,60.7,ok,,
iip.index-of-industrial-production-waste-collection-treatment-and-disposal-activitie.q,quarterly,Index of Industrial Production,"Waste collection, treatment and disposal activities; materials recovery",2024-Q2,65.1,65.1,ok,,
iip.index-of-industrial-production-waste-collection-treatment-and-disposal-activitie.q,quarterly,Index of Industrial Production,"Waste collection, treatment and disposal activities; materials recovery",2024-Q3,73.5,73.5,ok,,
iip.index-of-industrial-production-waste-collection-treatment-and-disposal-activitie.q,quarterly,Index of Industrial Production,"Waste collection, treatment and disposal activities; materials recovery",2024-Q4,73.7,73.7,ok,,
iip.index-of-industrial-production-waste-collection-treatment-and-disposal-activitie.q,quarterly,Index of Industrial Production,"Waste collection, treatment and disposal activities; materials recovery",2025-Q1,59.7,59.7,ok,,
iip.index-of-industrial-production-waste-collection-treatment-and-disposal-activitie.q,quarterly,Index of Industrial Production,"Waste collection, treatment and disposal activities; materials recovery",2025-Q2,64.2,64.2,ok,,
iip.index-of-industrial-production-waste-collection-treatment-and-disposal-activitie.q,quarterly,Index of Industrial Production,"Waste collection, treatment and disposal activities; materials recovery",2025-Q3,73.7,73.7,ok,,
iip.year-on-year-iip-change-all-industries.q,quarterly,Year-on-year IIP change (%),All industries,2023-Q1,0.7,0.7,ok,,
iip.year-on-year-iip-change-all-industries.q,quarterly,Year-on-year IIP change (%),All industries,2023-Q2,-1.4,-1.4,ok,,
iip.year-on-year-iip-change-all-industries.q,quarterly,Year-on-year IIP change (%),All industries,2023-Q3,2,2,ok,,
iip.year-on-year-iip-change-all-industries.q,quarterly,Year-on-year IIP change (%),All industries,2023-Q4,1.1,1.1,ok,,
iip.year-on-year-iip-change-all-industries.q,quarterly,Year-on-year IIP change (%),All industries,2024-Q1,7.6,7.6,ok,,
iip.year-on-year-iip-change-all-industries.q,quarterly,Year-on-year IIP change (%),All industries,2024-Q2,8.2,8.2,ok,,
iip.year-on-year-iip-change-all-industries.q,quarterly,Year-on-year IIP change (%),All industries,2024-Q3,7.6,7.6,ok,,
iip.year-on-year-iip-change-all-industries.q,quarterly,Year-on-year IIP change (%),All industries,2024-Q4,1.7,1.7,ok,,
iip.year-on-year-iip-change-all-industries.q,quarterly,Year-on-year IIP change (%),All industries,2025-Q1,2.9,2.9,ok,,
iip.year-on-year-iip-change-all-industries.q,quarterly,Year-on-year IIP change (%),All industries,2025-Q2,2.3,2.3,ok,,
iip.year-on-year-iip-change-all-industries.q,quarterly,Year-on-year IIP change (%),All industries,2025-Q3,1.9,1.9,ok,,
iip.year-on-year-iip-change-mining-and-quarrying.q,quarterly,Year-on-year IIP change (%),Mining and quarrying,2023-Q1,4.2,4.2,ok,,
iip.year-on-year-iip-change-mining-and-quarrying.q,quarterly,Year-on-year IIP change (%),Mining and quarrying,2023-Q2,1.6,1.6,ok,,
iip.year-on-year-iip-change-mining-and-quarrying.q,quarterly,Year-on-year IIP change (%),Mining and quarrying,2023-Q3,-0.9,-0.9,ok,,
iip.year-on-year-iip-change-mining-and-quarrying.q,quarterly,Year-on-year IIP change (%),Mining and quarrying,2023-Q4,1.3,1.3,ok,,
iip.year-on-year-iip-change-mining-and-quarrying.q,quarterly,Year-on-year IIP change (%),Mining and quarrying,2024-Q1,7.6,7.6,ok,,
iip.year-on-year-iip-change-mining-and-quarrying.q,quarterly,Year-on-year IIP change (%),Mining and quarrying,2024-Q2,9.2,9.2,ok,,
iip.year-on-year-iip-change-mining-and-quarrying.q,quarterly,Year-on-year IIP change (%),Mining and quarrying,2024-Q3,13.5,13.5,ok,,
iip.year-on-year-iip-change-mining-and-quarrying.q,quarterly,Year-on-year IIP change (%),Mining and quarrying,2024-Q4,-1.1,-1.1,ok,,
iip.year-on-year-iip-change-mining-and-quarrying.q,quarterly,Year-on-year IIP change (%),Mining and quarrying,2025-Q1,0.4,0.4,ok,,
iip.year-on-year-iip-change-mining-and-quarrying.q,quarterly,Year-on-year IIP change (%),Mining and quarrying,2025-Q2,-0.5,-0.5,ok,,
iip.year-on-year-iip-change-mining-and-quarrying.q,quarterly,Year-on-year IIP change (%),Mining and quarrying,2025-Q3,0.1,0.1,ok,,
iip.year-on-year-iip-change-extraction-of-crude-petroleum-and-natural-gas.q,quarterly,Year-on-year IIP change (%),Extraction of crude petroleum and natural gas,2023-Q1,-16.4,-16.4,ok,,
iip.year-on-year-iip-change-extraction-of-crude-petroleum-and-natural-gas.q,quarterly,Year-on-year IIP change (%),Extraction of crude petroleum and natural gas,2023-Q2,-5.7,-5.7,ok,,
iip.year-on-year-iip-change-extraction-of-crude-petroleum-and-natural-gas.q,quarterly,Year-on-year IIP change (%),Extraction of crude petroleum and natural gas,2023-Q3,-5.1,-5.1,ok,,
iip.year-on-year-iip-change-extraction-of-crude-petroleum-and-natural-gas.q,quarterly,Year-on-year IIP change (%),Extraction of crude petroleum and natural gas,2023-Q4,-0.9,-0.9,ok,,
iip.year-on-year-iip-change-extraction-of-crude-petroleum-and-natural-gas.q,quarterly,Year-on-year IIP change (%),Extraction of crude petroleum and natural gas,2024-Q1,10.6,10.6,ok,,
iip.year-on-year-iip-change-extraction-of-crude-petroleum-and-natural-gas.q,quarterly,Year-on-year IIP change (%),Extraction of crude petroleum and natural gas,2024-Q2,4.7,4.7,ok,,
iip.year-on-year-iip-change-extraction-of-crude-petroleum-and-natural-gas.q,quarterly,Year-on-year IIP change (%),Extraction of crude petroleum and natural gas,2024-Q3,-5,-5,ok,,
iip.year-on-year-iip-change-extraction-of-crude-petroleum-and-natural-gas.q,quarterly,Year-on-year IIP change (%),Extraction of crude petroleum and natural gas,2024-Q4,-7.1,-7.1,ok,,
iip.year-on-year-iip-change-extraction-of-crude-petroleum-and-natural-gas.q,quarterly,Year-on-year IIP change (%),Extraction of crude petroleum and natural gas,2025-Q1,-10.2,-10.2,ok,,
iip.year-on-year-iip-change-extraction-of-crude-petroleum-and-natural-gas.q,quarterly,Year-on-year IIP change (%),Extraction of crude petroleum and natural gas,2025-Q2,-13.2,-13.2,ok,,
iip.year-on-year-iip-change-extraction-of-crude-petroleum-and-natural-gas.q,quarterly,Year-on-year IIP change (%),Extraction of crude petroleum and natural gas,2025-Q3,-9.4,-9.4,ok,,
iip.year-on-year-iip-change-mining-of-metal-ores.q,quarterly,Year-on-year IIP change (%),Mining of metal ores,2023-Q1,29.2,29.2,ok,,
iip.year-on-year-iip-change-mining-of-metal-ores.q,quarterly,Year-on-year IIP change (%),Mining of metal ores,2023-Q2,9.9,9.9,ok,,
iip.year-on-year-iip-change-mining-of-metal-ores.q,quarterly,Year-on-year IIP change (%),Mining of metal ores,2023-Q3,0.5,0.5,ok,,
iip.year-on-year-iip-change-mining-of-metal-ores.q,quarterly,Year-on-year IIP change (%),Mining of metal ores,2023-Q4,2.7,2.7,ok,,
iip.year-on-year-iip-change-mining-of-metal-ores.q,quarterly,Year-on-year IIP change (%),Mining of metal ores,2024-Q1,5,5,ok,,
iip.year-on-year-iip-change-mining-of-metal-ores.q,quarterly,Year-on-year IIP change (%),Mining of metal ores,2024-Q2,12.1,12.1,ok,,
iip.year-on-year-iip-change-mining-of-metal-ores.q,quarterly,Year-on-year IIP change (%),Mining of metal ores,2024-Q3,33,33,ok,,
iip.year-on-year-iip-change-mining-of-metal-ores.q,quarterly,Year-on-year IIP change (%),Mining of metal ores,2024-Q4,4.6,4.6,ok,,
iip.year-on-year-iip-change-mining-of-metal-ores.q,quarterly,Year-on-year IIP change (%),Mining of metal ores,2025-Q1,10.4,10.4,ok,,
iip.year-on-year-iip-change-mining-of-metal-ores.q,quarterly,Year-on-year IIP change (%),Mining of metal ores,2025-Q2,11.9,11.9,ok,,
iip.year-on-year-iip-change-mining-of-metal-ores.q,quarterly,Year-on-year IIP change (%),Mining of metal ores,2025-Q3,8.9,8.9,ok,,
iip.year-on-year-iip-change-other-mining-and-quarrying.q,quarterly,Year-on-year IIP change (%),Other mining and quarrying,2023-Q1,-18.1,-18.1,ok,,
iip.year-on-year-iip-change-other-mining-and-quarrying.q,quarterly,Year-on-year IIP change (%),Other mining and quarrying,2023-Q2,-12.6,-12.6,ok,,
iip.year-on-year-iip-change-other-mining-and-quarrying.q,quarterly,Year-on-year IIP change (%),Other mining and quarrying,2023-Q3,32.9,32.9,ok,,
iip.year-on-year-iip-change-other-mining-and-quarrying.q,quarterly,Year-on-year IIP change (%),Other mining and quarrying,2023-Q4,8.9,8.9,ok,,
iip.year-on-year-iip-change-other-mining-and-quarrying.q,quarterly,Year-on-year IIP change (%),Other mining and quarrying,2024-Q1,7.4,7.4,ok,,
iip.year-on-year-iip-change-other-mining-and-quarrying.q,quarterly,Year-on-year IIP change (%),Other mining and quarrying,2024-Q2,24.8,24.8,ok,,
iip.year-on-year-iip-change-other-mining-and-quarrying.q,quarterly,Year-on-year IIP change (%),Other mining and quarrying,2024-Q3,12.3,12.3,ok,,
iip.year-on-year-iip-change-other-mining-and-quarrying.q,quarterly,Year-on-year IIP change (%),Other mining and quarrying,2024-Q4,-2.2,-2.2,ok,,
iip.year-on-year-iip-change-other-mining-and-quarrying.q,quarterly,Year-on-year IIP change (%),Other mining and quarrying,2025-Q1,3.8,3.8,ok,,
iip.year-on-year-iip-change-other-mining-and-quarrying.q,quarterly,Year-on-year IIP change (%),Other mining and quarrying,2025-Q2,2.5,2.5,ok,,
iip.year-on-year-iip-change-other-mining-and-quarrying.q,quarterly,Year-on-year IIP change (%),Other mining and quarrying,2025-Q3,5.9,5.9,ok,,
iip.year-on-year-iip-change-manfacturing.q,quarterly,Year-on-year IIP change (%),Manfacturing,2023-Q1,-4.2,-4.2,ok,,
iip.year-on-year-iip-change-manfacturing.q,quarterly,Year-on-year IIP change (%),Manfacturing,2023-Q2,-6.6,-6.6,ok,,
iip.year-on-year-iip-change-manfacturing.q,quarterly,Year-on-year IIP change (%),Manfacturing,2023-Q3,4.8,4.8,ok,,
iip.year-on-year-iip-change-manfacturing.q,quarterly,Year-on-year IIP change (%),Manfacturing,2023-Q4,1.1,1.1,ok,,
iip.year-on-year-iip-change-manfacturing.q,quarterly,Year-on-year IIP change (%),Manfacturing,2024-Q1,8.1,8.1,ok,,
iip.year-on-year-iip-change-manfacturing.q,quarterly,Year-on-year IIP change (%),Manfacturing,2024-Q2,8.3,8.3,ok,,
iip.year-on-year-iip-change-manfacturing.q,quarterly,Year-on-year IIP change (%),Manfacturing,2024-Q3,2,2,ok,,
iip.year-on-year-iip-change-manfacturing.q,quarterly,Year-on-year IIP change (%),Manfacturing,2024-Q4,5.1,5.1,ok,,
iip.year-on-year-iip-change-manfacturing.q,quarterly,Year-on-year IIP change (%),Manfacturing,2025-Q1,5.6,5.6,ok,,
iip.year-on-year-iip-change-manfacturing.q,quarterly,Year-on-year IIP change (%),Manfacturing,2025-Q2,5,5,ok,,
iip.year-on-year-iip-change-manfacturing.q,quarterly,Year-on-year IIP change (%),Manfacturing,2025-Q3,4.3,4.3,ok,,
iip.year-on-year-iip-change-manufacture-of-food-products.q,quarterly,Year-on-year IIP change (%),Manufacture of food products,2023-Q1,12.9,12.9,ok,,
iip.year-on-year-iip-change-manufacture-of-food-products.q,quarterly,Year-on-year IIP change (%),Manufacture of food products,2023-Q2,-10.3,-10.3,ok,,
iip.year-on-year-iip-change-manufacture-of-food-products.q,quarterly,Year-on-year IIP change (%),Manufacture of food products,2023-Q3,12.6,12.6,ok,,
iip.year-on-year-iip-change-manufacture-of-food-products.q,quarterly,Year-on-year IIP change (%),Manufacture of food products,2023-Q4,10,10,ok,,
iip.year-on-year-iip-change-manufacture-of-food-products.q,quarterly,Year-on-year IIP change (%),Manufacture of food products,2024-Q1,8.2,8.2,ok,,
iip.year-on-year-iip-change-manufacture-of-food-products.q,quarterly,Year-on-year IIP change (%),Manufacture of food products,2024-Q2,4.7,4.7,ok,,
iip.year-on-year-iip-change-manufacture-of-food-products.q,quarterly,Year-on-year IIP change (%),Manufacture of food products,2024-Q3,-13.1,-13.1,ok,,
iip.year-on-year-iip-change-manufacture-of-food-products.q,quarterly,Year-on-year IIP change (%),Manufacture of food products,2024-Q4,-11.6,-11.6,ok,,
iip.year-on-year-iip-change-manufacture-of-food-products.q,quarterly,Year-on-year IIP change (%),Manufacture of food products,2025-Q1,3.6,3.6,ok,,
iip.year-on-year-iip-change-manufacture-of-food-products.q,quarterly,Year-on-year IIP change (%),Manufacture of food products,2025-Q2,3.9,3.9,ok,,
iip.year-on-year-iip-change-manufacture-of-food-products.q,quarterly,Year-on-year IIP change (%),Manufacture of food products,2025-Q3,2.9,2.9,ok,,
iip.year-on-year-iip-change-manufacture-of-beverages.q,quarterly,Year-on-year IIP change (%),Manufacture of beverages,2023-Q1,-0.6,-0.6,ok,,
iip.year-on-year-iip-change-manufacture-of-beverages.q,quarterly,Year-on-year IIP change (%),Manufacture of beverages,2023-Q2,2.1,2.1,ok,,
iip.year-on-year-iip-change-manufacture-of-beverages.q,quarterly,Year-on-year IIP change (%),Manufacture of beverages,2023-Q3,12.2,12.2,ok,,
iip.year-on-year-iip-change-manufacture-of-beverages.q,quarterly,Year-on-year IIP change (%),Manufacture of beverages,2023-Q4,-8.9,-8.9,ok,,
iip.year-on-year-iip-change-manufacture-of-beverages.q,quarterly,Year-on-year IIP change (%),Manufacture of beverages,2024-Q1,1.3,1.3,ok,,
iip.year-on-year-iip-change-manufacture-of-beverages.q,quarterly,Year-on-year IIP change (%),Manufacture of beverages,2024-Q2,2.1,2.1,ok,,
iip.year-on-year-iip-change-manufacture-of-beverages.q,quarterly,Year-on-year IIP change (%),Manufacture of beverages,2024-Q3,-8.8,-8.8,ok,,
iip.year-on-year-iip-change-manufacture-of-beverages.q,quarterly,Year-on-year IIP change (%),Manufacture of beverages,2024-Q4,8.1,8.1,ok,,
iip.year-on-year-iip-change-manufacture-of-beverages.q,quarterly,Year-on-year IIP change (%),Manufacture of beverages,2025-Q1,2.7,2.7,ok,,
iip.year-on-year-iip-change-manufacture-of-beverages.q,quarterly,Year-on-year IIP change (%),Manufacture of beverages,2025-Q2,0.7,0.7,ok,,
iip.year-on-year-iip-change-manufacture-of-beverages.q,quarterly,Year-on-year IIP change (%),Manufacture of beverages,2025-Q3,0.3,0.3,ok,,
iip.year-on-year-iip-change-manufacture-of-textiles.q,quarterly,Year-on-year IIP change (%),Manufacture of textiles,2023-Q1,-20.7,-20.7,ok,,
iip.year-on-year-iip-change-manufacture-of-textiles.q,quarterly,Year-on-year IIP change (%),Manufacture of textiles,2023-Q2,-21.9,-21.9,ok,,
iip.year-on-year-iip-change-manufacture-of-textiles.q,quarterly,Year-on-year IIP change (%),Manufacture of textiles,2023-Q3,-6.2,-6.2,ok,,
iip.year-on-year-iip-change-manufacture-of-textiles.q,quarterly,Year-on-year IIP change (%),Manufacture of textiles,2023-Q4,-7.1,-7.1,ok,,
iip.year-on-year-iip-change-manufacture-of-textiles.q,quarterly,Year-on-year IIP change (%),Manufacture of textiles,2024-Q1,3.5,3.5,ok,,
iip.year-on-year-iip-change-manufacture-of-textiles.q,quarterly,Year-on-year IIP change (%),Manufacture of textiles,2024-Q2,6.8,6.8,ok,,
iip.year-on-year-iip-change-manufacture-of-textiles.q,quarterly,Year-on-year IIP change (%),Manufacture of textiles,2024-Q3,3.3,3.3,ok,,
iip.year-on-year-iip-change-manufacture-of-textiles.q,quarterly,Year-on-year IIP change (%),Manufacture of textiles,2024-Q4,5.8,5.8,ok,,
iip.year-on-year-iip-change-manufacture-of-textiles.q,quarterly,Year-on-year IIP change (%),Manufacture of textiles,2025-Q1,1.9,1.9,ok,,
iip.year-on-year-iip-change-manufacture-of-textiles.q,quarterly,Year-on-year IIP change (%),Manufacture of textiles,2025-Q2,-2.4,-2.4,ok,,
iip.year-on-year-iip-change-manufacture-of-textiles.q,quarterly,Year-on-year IIP change (%),Manufacture of textiles,2025-Q3,-0.4,-0.4,ok,,
iip.year-on-year-iip-change-manufacture-of-wearing-apparel.q,quarterly,Year-on-year IIP change (%),Manufacture of wearing apparel,2023-Q1,0.8,0.8,ok,,
iip.year-on-year-iip-change-manufacture-of-wearing-apparel.q,quarterly,Year-on-year IIP change (%),Manufacture of wearing apparel,2023-Q2,3.7,3.7,ok,,
iip.year-on-year-iip-change-manufacture-of-wearing-apparel.q,quarterly,Year-on-year IIP change (%),Manufacture of wearing apparel,2023-Q3,13.5,13.5,ok,,
iip.year-on-year-iip-change-manufacture-of-wearing-apparel.q,quarterly,Year-on-year IIP change (%),Manufacture of wearing apparel,2023-Q4,9.3,9.3,ok,,
iip.year-on-year-iip-change-manufacture-of-wearing-apparel.q,quarterly,Year-on-year IIP change (%),Manufacture of wearing apparel,2024-Q1,8.3,8.3,ok,,
iip.year-on-year-iip-change-manufacture-of-wearing-apparel.q,quarterly,Year-on-year IIP change (%),Manufacture of wearing apparel,2024-Q2,3.2,3.2,ok,,
iip.year-on-year-iip-change-manufacture-of-wearing-apparel.q,quarterly,Year-on-year IIP change (%),Manufacture of wearing apparel,2024-Q3,4.5,4.5,ok,,
iip.year-on-year-iip-change-manufacture-of-wearing-apparel.q,quarterly,Year-on-year IIP change (%),Manufacture of wearing apparel,2024-Q4,8.7,8.7,ok,,
iip.year-on-year-iip-change-manufacture-of-wearing-apparel.q,quarterly,Year-on-year IIP change (%),Manufacture of wearing apparel,2025-Q1,-8.2,-8.2,ok,,
iip.year-on-year-iip-change-manufacture-of-wearing-apparel.q,quarterly,Year-on-year IIP change (%),Manufacture of wearing apparel,2025-Q2,2.2,2.2,ok,,
iip.year-on-year-iip-change-manufacture-of-wearing-apparel.q,quarterly,Year-on-year IIP change (%),Manufacture of wearing apparel,2025-Q3,0.9,0.9,ok,,
iip.year-on-year-iip-change-manufacture-of-leather-and-related-products.q,quarterly,Year-on-year IIP change (%),Manufacture of leather and related products,2023-Q1,-1.1,-1.1,ok,,
iip.year-on-year-iip-change-manufacture-of-leather-and-related-products.q,quarterly,Year-on-year IIP change (%),Manufacture of leather and related products,2023-Q2,-2.3,-2.3,ok,,
iip.year-on-year-iip-change-manufacture-of-leather-and-related-products.q,quarterly,Year-on-year IIP change (%),Manufacture of leather and related products,2023-Q3,-12,-12,ok,,
iip.year-on-year-iip-change-manufacture-of-leather-and-related-products.q,quarterly,Year-on-year IIP change (%),Manufacture of leather and related products,2023-Q4,-6.9,-6.9,ok,,
iip.year-on-year-iip-change-manufacture-of-leather-and-related-products.q,quarterly,Year-on-year IIP change (%),Manufacture of leather and related products,2024-Q1,5.1,5.1,ok,,
iip.year-on-year-iip-change-manufacture-of-leather-and-related-products.q,quarterly,Year-on-year IIP change (%),Manufacture of leather and related products,2024-Q2,11.5,11.5,ok,,
iip.year-on-year-iip-change-manufacture-of-leather-and-related-products.q,quarterly,Year-on-year IIP change (%),Manufacture of leather and related products,2024-Q3,14.4,14.4,ok,,
iip.year-on-year-iip-change-manufacture-of-leather-and-related-products.q,quarterly,Year-on-year IIP change (%),Manufacture of leather and related products,2024-Q4,13.1,13.1,ok,,
iip.year-on-year-iip-change-manufacture-of-leather-and-related-products.q,quarterly,Year-on-year IIP change (%),Manufacture of leather and related products,2025-Q1,7.3,7.3,ok,,
iip.year-on-year-iip-change-manufacture-of-leather-and-related-products.q,quarterly,Year-on-year IIP change (%),Manufacture of leather and related products,2025-Q2,10.7,10.7,ok,,
iip.year-on-year-iip-change-manufacture-of-leather-and-related-products.q,quarterly,Year-on-year IIP change (%),Manufacture of leather and related products,2025-Q3,3.9,3.9,ok,,
iip.year-on-year-iip-change-manufacture-of-wood-and-of-products-of-wood-and-cork.q,quarterly,Year-on-year IIP change (%),Manufacture of wood and of products of wood and cork,2023-Q1,-5.1,-5.1,ok,,
iip.year-on-year-iip-change-manufacture-of-wood-and-of-products-of-wood-and-cork.q,quarterly,Year-on-year IIP change (%),Manufacture of wood and of products of wood and cork,2023-Q2,-6.4,-6.4,ok,,
iip.year-on-year-iip-change-manufacture-of-wood-and-of-products-of-wood-and-cork.q,quarterly,Year-on-year IIP change (%),Manufacture of wood and of products of wood and cork,2023-Q3,7.9,7.9,ok,,
iip.year-on-year-iip-change-manufacture-of-wood-and-of-products-of-wood-and-cork.q,quarterly,Year-on-year IIP change (%),Manufacture of wood and of products of wood and cork,2023-Q4,9.2,9.2,ok,,
iip.year-on-year-iip-change-manufacture-of-wood-and-of-products-of-wood-and-cork.q,quarterly,Year-on-year IIP change (%),Manufacture of wood and of products of wood and cork,2024-Q1,1.7,1.7,ok,,
iip.year-on-year-iip-change-manufacture-of-wood-and-of-products-of-wood-and-cork.q,quarterly,Year-on-year IIP change (%),Manufacture of wood and of products of wood and cork,2024-Q2,5.2,5.2,ok,,
iip.year-on-year-iip-change-manufacture-of-wood-and-of-products-of-wood-and-cork.q,quarterly,Year-on-year IIP change (%),Manufacture of wood and of products of wood and cork,2024-Q3,0.8,0.8,ok,,
iip.year-on-year-iip-change-manufacture-of-wood-and-of-products-of-wood-and-cork.q,quarterly,Year-on-year IIP change (%),Manufacture of wood and of products of wood and cork,2024-Q4,2.4,2.4,ok,,
iip.year-on-year-iip-change-manufacture-of-wood-and-of-products-of-wood-and-cork.q,quarterly,Year-on-year IIP change (%),Manufacture of wood and of products of wood and cork,2025-Q1,4.7,4.7,ok,,
iip.year-on-year-iip-change-manufacture-of-wood-and-of-products-of-wood-and-cork.q,quarterly,Year-on-year IIP change (%),Manufacture of wood and of products of wood and cork,2025-Q2,11.9,11.9,ok,,
iip.year-on-year-iip-change-manufacture-of-wood-and-of-products-of-wood-and-cork.q,quarterly,Year-on-year IIP change (%),Manufacture of wood and of products of wood and cork,2025-Q3,6.3,6.3,ok,,
iip.year-on-year-iip-change-manufacture-of-paper-and-paper-products.q,quarterly,Year-on-year IIP change (%),Manufacture of paper and paper products,2023-Q1,-4.8,-4.8,ok,,
iip.year-on-year-iip-change-manufacture-of-paper-and-paper-products.q,quarterly,Year-on-year IIP change (%),Manufacture of paper and paper products,2023-Q2,-7.2,-7.2,ok,,
iip.year-on-year-iip-change-manufacture-of-paper-and-paper-products.q,quarterly,Year-on-year IIP change (%),Manufacture of paper and paper products,2023-Q3,13.3,13.3,ok,,
iip.year-on-year-iip-change-manufacture-of-paper-and-paper-products.q,quarterly,Year-on-year IIP change (%),Manufacture of paper and paper products,2023-Q4,2,2,ok,,
iip.year-on-year-iip-change-manufacture-of-paper-and-paper-products.q,quarterly,Year-on-year IIP change (%),Manufacture of paper and paper products,2024-Q1,7.3,7.3,ok,,
iip.year-on-year-iip-change-manufacture-of-paper-and-paper-products.q,quarterly,Year-on-year IIP change (%),Manufacture of paper and paper products,2024-Q2,12.8,12.8,ok,,
iip.year-on-year-iip-change-manufacture-of-paper-and-paper-products.q,quarterly,Year-on-year IIP change (%),Manufacture of paper and paper products,2024-Q3,24.2,24.2,ok,,
iip.year-on-year-iip-change-manufacture-of-paper-and-paper-products.q,quarterly,Year-on-year IIP change (%),Manufacture of paper and paper products,2024-Q4,40.5,40.5,ok,,
iip.year-on-year-iip-change-manufacture-of-paper-and-paper-products.q,quarterly,Year-on-year IIP change (%),Manufacture of paper and paper products,2025-Q1,12.3,12.3,ok,,
iip.year-on-year-iip-change-manufacture-of-paper-and-paper-products.q,quarterly,Year-on-year IIP change (%),Manufacture of paper and paper products,2025-Q2,19.8,19.8,ok,,
iip.year-on-year-iip-change-manufacture-of-paper-and-paper-products.q,quarterly,Year-on-year IIP change (%),Manufacture of paper and paper products,2025-Q3,5.9,5.9,ok,,
iip.year-on-year-iip-change-printing-and-reproduction-of-recorded-media.q,quarterly,Year-on-year IIP change (%),Printing and reproduction of recorded media,2023-Q1,17.3,17.3,ok,,
iip.year-on-year-iip-change-printing-and-reproduction-of-recorded-media.q,quarterly,Year-on-year IIP change (%),Printing and reproduction of recorded media,2023-Q2,30.4,30.4,ok,,
iip.year-on-year-iip-change-printing-and-reproduction-of-recorded-media.q,quarterly,Year-on-year IIP change (%),Printing and reproduction of recorded media,2023-Q3,12.6,12.6,ok,,
iip.year-on-year-iip-change-printing-and-reproduction-of-recorded-media.q,quarterly,Year-on-year IIP change (%),Printing and reproduction of recorded media,2023-Q4,4.1,4.1,ok,,
iip.year-on-year-iip-change-printing-and-reproduction-of-recorded-media.q,quarterly,Year-on-year IIP change (%),Printing and reproduction of recorded media,2024-Q1,13.8,13.8,ok,,
iip.year-on-year-iip-change-printing-and-reproduction-of-recorded-media.q,quarterly,Year-on-year IIP change (%),Printing and reproduction of recorded media,2024-Q2,16.9,16.9,ok,,
iip.year-on-year-iip-change-printing-and-reproduction-of-recorded-media.q,quarterly,Year-on-year IIP change (%),Printing and reproduction of recorded media,2024-Q3,27.5,27.5,ok,,
iip.year-on-year-iip-change-printing-and-reproduction-of-recorded-media.q,quarterly,Year-on-year IIP change (%),Printing and reproduction of recorded media,2024-Q4,28.5,28.5,ok,,
iip.year-on-year-iip-change-printing-and-reproduction-of-recorded-media.q,quarterly,Year-on-year IIP change (%),Printing and reproduction of recorded media,2025-Q1,11.1,11.1,ok,,
iip.year-on-year-iip-change-printing-and-reproduction-of-recorded-media.q,quarterly,Year-on-year IIP change (%),Printing and reproduction of recorded media,2025-Q2,6.9,6.9,ok,,
iip.year-on-year-iip-change-printing-and-reproduction-of-recorded-media.q,quarterly,Year-on-year IIP change (%),Printing and reproduction of recorded media,2025-Q3,9.7,9.7,ok,,
iip.year-on-year-iip-change-manufacture-of-coke-and-refined-petroleum-products.q,quarterly,Year-on-year IIP change (%),Manufacture of coke and refined petroleum products,2023-Q1,-4,-4,ok,,
iip.year-on-year-iip-change-manufacture-of-coke-and-refined-petroleum-products.q,quarterly,Year-on-year IIP change (%),Manufacture of coke and refined petroleum products,2023-Q2,25.3,25.3,ok,,
iip.year-on-year-iip-change-manufacture-of-coke-and-refined-petroleum-products.q,quarterly,Year-on-year IIP change (%),Manufacture of coke and refined petroleum products,2023-Q3,30.9,30.9,ok,,
iip.year-on-year-iip-change-manufacture-of-coke-and-refined-petroleum-products.q,quarterly,Year-on-year IIP change (%),Manufacture of coke and refined petroleum products,2023-Q4,17,17,ok,,
iip.year-on-year-iip-change-manufacture-of-coke-and-refined-petroleum-products.q,quarterly,Year-on-year IIP change (%),Manufacture of coke and refined petroleum products,2024-Q1,15.6,15.6,ok,,
iip.year-on-year-iip-change-manufacture-of-coke-and-refined-petroleum-products.q,quarterly,Year-on-year IIP change (%),Manufacture of coke and refined petroleum products,2024-Q2,-1.8,-1.8,ok,,
iip.year-on-year-iip-change-manufacture-of-coke-and-refined-petroleum-products.q,quarterly,Year-on-year IIP change (%),Manufacture of coke and refined petroleum products,2024-Q3,7.1,7.1,ok,,
iip.year-on-year-iip-change-manufacture-of-coke-and-refined-petroleum-products.q,quarterly,Year-on-year IIP change (%),Manufacture of coke and refined petroleum products,2024-Q4,9.1,9.1,ok,,
iip.year-on-year-iip-change-manufacture-of-coke-and-refined-petroleum-products.q,quarterly,Year-on-year IIP change (%),Manufacture of coke and refined petroleum products,2025-Q1,5.6,5.6,ok,,
iip.year-on-year-iip-change-manufacture-of-coke-and-refined-petroleum-products.q,quarterly,Year-on-year IIP change (%),Manufacture of coke and refined petroleum products,2025-Q2,9.4,9.4,ok,,
iip.year-on-year-iip-change-manufacture-of-coke-and-refined-petroleum-products.q,quarterly,Year-on-year IIP change (%),Manufacture of coke and refined petroleum products,2025-Q3,6.6,6.6,ok,,
iip.year-on-year-iip-change-manufacture-of-chemicals-and-chemical-products.q,quarterly,Year-on-year IIP change (%),Manufacture of chemicals and chemical products,2023-Q1,-26.4,-26.4,ok,,
iip.year-on-year-iip-change-manufacture-of-chemicals-and-chemical-products.q,quarterly,Year-on-year IIP change (%),Manufacture of chemicals and chemical products,2023-Q2,-26.7,-26.7,ok,,
iip.year-on-year-iip-change-manufacture-of-chemicals-and-chemical-products.q,quarterly,Year-on-year IIP change (%),Manufacture of chemicals and chemical products,2023-Q3,8.3,8.3,ok,,
iip.year-on-year-iip-change-manufacture-of-chemicals-and-chemical-products.q,quarterly,Year-on-year IIP change (%),Manufacture of chemicals and chemical products,2023-Q4,9.2,9.2,ok,,
iip.year-on-year-iip-change-manufacture-of-chemicals-and-chemical-products.q,quarterly,Year-on-year IIP change (%),Manufacture of chemicals and chemical products,2024-Q1,10.5,10.5,ok,,
iip.year-on-year-iip-change-manufacture-of-chemicals-and-chemical-products.q,quarterly,Year-on-year IIP change (%),Manufacture of chemicals and chemical products,2024-Q2,6,6,ok,,
iip.year-on-year-iip-change-manufacture-of-chemicals-and-chemical-products.q,quarterly,Year-on-year IIP change (%),Manufacture of chemicals and chemical products,2024-Q3,-8.4,-8.4,ok,,
iip.year-on-year-iip-change-manufacture-of-chemicals-and-chemical-products.q,quarterly,Year-on-year IIP change (%),Manufacture of chemicals and chemical products,2024-Q4,2.5,2.5,ok,,
iip.year-on-year-iip-change-manufacture-of-chemicals-and-chemical-products.q,quarterly,Year-on-year IIP change (%),Manufacture of chemicals and chemical products,2025-Q1,1.2,1.2,ok,,
iip.year-on-year-iip-change-manufacture-of-chemicals-and-chemical-products.q,quarterly,Year-on-year IIP change (%),Manufacture of chemicals and chemical products,2025-Q2,6.9,6.9,ok,,
iip.year-on-year-iip-change-manufacture-of-chemicals-and-chemical-products.q,quarterly,Year-on-year IIP change (%),Manufacture of chemicals and chemical products,2025-Q3,0.2,0.2,ok,,
iip.year-on-year-iip-change-manufacture-of-pharmaceuticals-medicinal-chemical-and-bo.q,quarterly,Year-on-year IIP change (%),"Manufacture of pharmaceuticals, medicinal chemical and botanical products",2023-Q1,-13.5,-13.5,ok,,
iip.year-on-year-iip-change-manufacture-of-pharmaceuticals-medicinal-chemical-and-bo.q,quarterly,Year-on-year IIP change (%),"Manufacture of pharmaceuticals, medicinal chemical and botanical products",2023-Q2,-16,-16,ok,,
iip.year-on-year-iip-change-manufacture-of-pharmaceuticals-medicinal-chemical-and-bo.q,quarterly,Year-on-year IIP change (%),"Manufacture of pharmaceuticals, medicinal chemical and botanical products",2023-Q3,6.6,6.6,ok,,
iip.year-on-year-iip-change-manufacture-of-pharmaceuticals-medicinal-chemical-and-bo.q,quarterly,Year-on-year IIP change (%),"Manufacture of pharmaceuticals, medicinal chemical and botanical products",2023-Q4,2.9,2.9,ok,,
iip.year-on-year-iip-change-manufacture-of-pharmaceuticals-medicinal-chemical-and-bo.q,quarterly,Year-on-year IIP change (%),"Manufacture of pharmaceuticals, medicinal chemical and botanical products",2024-Q1,13.6,13.6,ok,,
iip.year-on-year-iip-change-manufacture-of-pharmaceuticals-medicinal-chemical-and-bo.q,quarterly,Year-on-year IIP change (%),"Manufacture of pharmaceuticals, medicinal chemical and botanical products",2024-Q2,9.7,9.7,ok,,
iip.year-on-year-iip-change-manufacture-of-pharmaceuticals-medicinal-chemical-and-bo.q,quarterly,Year-on-year IIP change (%),"Manufacture of pharmaceuticals, medicinal chemical and botanical products",2024-Q3,2.4,2.4,ok,,
iip.year-on-year-iip-change-manufacture-of-pharmaceuticals-medicinal-chemical-and-bo.q,quarterly,Year-on-year IIP change (%),"Manufacture of pharmaceuticals, medicinal chemical and botanical products",2024-Q4,5,5,ok,,
iip.year-on-year-iip-change-manufacture-of-pharmaceuticals-medicinal-chemical-and-bo.q,quarterly,Year-on-year IIP change (%),"Manufacture of pharmaceuticals, medicinal chemical and botanical products",2025-Q1,3.2,3.2,ok,,
iip.year-on-year-iip-change-manufacture-of-pharmaceuticals-medicinal-chemical-and-bo.q,quarterly,Year-on-year IIP change (%),"Manufacture of pharmaceuticals, medicinal chemical and botanical products",2025-Q2,3.5,3.5,ok,,
iip.year-on-year-iip-change-manufacture-of-pharmaceuticals-medicinal-chemical-and-bo.q,quarterly,Year-on-year IIP change (%),"Manufacture of pharmaceuticals, medicinal chemical and botanical products",2025-Q3,6.3,6.3,ok,,
iip.year-on-year-iip-change-manufacture-of-rubber-and-plastics-products.q,quarterly,Year-on-year IIP change (%),Manufacture of rubber and plastics products,2023-Q1,7.3,7.3,ok,,
iip.year-on-year-iip-change-manufacture-of-rubber-and-plastics-products.q,quarterly,Year-on-year IIP change (%),Manufacture of rubber and plastics products,2023-Q2,8.6,8.6,ok,,
iip.year-on-year-iip-change-manufacture-of-rubber-and-plastics-products.q,quarterly,Year-on-year IIP change (%),Manufacture of rubber and plastics products,2023-Q3,13.4,13.4,ok,,
iip.year-on-year-iip-change-manufacture-of-rubber-and-plastics-products.q,quarterly,Year-on-year IIP change (%),Manufacture of rubber and plastics products,2023-Q4,1.4,1.4,ok,,
iip.year-on-year-iip-change-manufacture-of-rubber-and-plastics-products.q,quarterly,Year-on-year IIP change (%),Manufacture of rubber and plastics products,2024-Q1,3.6,3.6,ok,,
iip.year-on-year-iip-change-manufacture-of-rubber-and-plastics-products.q,quarterly,Year-on-year IIP change (%),Manufacture of rubber and plastics products,2024-Q2,11.8,11.8,ok,,
iip.year-on-year-iip-change-manufacture-of-rubber-and-plastics-products.q,quarterly,Year-on-year IIP change (%),Manufacture of rubber and plastics products,2024-Q3,16.5,16.5,ok,,
iip.year-on-year-iip-change-manufacture-of-rubber-and-plastics-products.q,quarterly,Year-on-year IIP change (%),Manufacture of rubber and plastics products,2024-Q4,16.3,16.3,ok,,
iip.year-on-year-iip-change-manufacture-of-rubber-and-plastics-products.q,quarterly,Year-on-year IIP change (%),Manufacture of rubber and plastics products,2025-Q1,7,7,ok,,
iip.year-on-year-iip-change-manufacture-of-rubber-and-plastics-products.q,quarterly,Year-on-year IIP change (%),Manufacture of rubber and plastics products,2025-Q2,-9.2,-9.2,ok,,
iip.year-on-year-iip-change-manufacture-of-rubber-and-plastics-products.q,quarterly,Year-on-year IIP change (%),Manufacture of rubber and plastics products,2025-Q3,-6.7,-6.7,ok,,
iip.year-on-year-iip-change-manufacture-of-other-non-metallic-mineral-products.q,quarterly,Year-on-year IIP change (%),Manufacture of other non-metallic mineral products,2023-Q1,-4.3,-4.3,ok,,
iip.year-on-year-iip-change-manufacture-of-other-non-metallic-mineral-products.q,quarterly,Year-on-year IIP change (%),Manufacture of other non-metallic mineral products,2023-Q2,7.9,7.9,ok,,
iip.year-on-year-iip-change-manufacture-of-other-non-metallic-mineral-products.q,quarterly,Year-on-year IIP change (%),Manufacture of other non-metallic mineral products,2023-Q3,0.1,0.1,ok,,
iip.year-on-year-iip-change-manufacture-of-other-non-metallic-mineral-products.q,quarterly,Year-on-year IIP change (%),Manufacture of other non-metallic mineral products,2023-Q4,-6.3,-6.3,ok,,
iip.year-on-year-iip-change-manufacture-of-other-non-metallic-mineral-products.q,quarterly,Year-on-year IIP change (%),Manufacture of other non-metallic mineral products,2024-Q1,5.6,5.6,ok,,
iip.year-on-year-iip-change-manufacture-of-other-non-metallic-mineral-products.q,quarterly,Year-on-year IIP change (%),Manufacture of other non-metallic mineral products,2024-Q2,7.1,7.1,ok,,
iip.year-on-year-iip-change-manufacture-of-other-non-metallic-mineral-products.q,quarterly,Year-on-year IIP change (%),Manufacture of other non-metallic mineral products,2024-Q3,18.8,18.8,ok,,
iip.year-on-year-iip-change-manufacture-of-other-non-metallic-mineral-products.q,quarterly,Year-on-year IIP change (%),Manufacture of other non-metallic mineral products,2024-Q4,17.9,17.9,ok,,
iip.year-on-year-iip-change-manufacture-of-other-non-metallic-mineral-products.q,quarterly,Year-on-year IIP change (%),Manufacture of other non-metallic mineral products,2025-Q1,7.1,7.1,ok,,
iip.year-on-year-iip-change-manufacture-of-other-non-metallic-mineral-products.q,quarterly,Year-on-year IIP change (%),Manufacture of other non-metallic mineral products,2025-Q2,0.9,0.9,ok,,
iip.year-on-year-iip-change-manufacture-of-other-non-metallic-mineral-products.q,quarterly,Year-on-year IIP change (%),Manufacture of other non-metallic mineral products,2025-Q3,3.1,3.1,ok,,
iip.year-on-year-iip-change-manufacture-of-basic-metals.q,quarterly,Year-on-year IIP change (%),Manufacture of basic metals,2023-Q1,-6.2,-6.2,ok,,
iip.year-on-year-iip-change-manufacture-of-basic-metals.q,quarterly,Year-on-year IIP change (%),Manufacture of basic metals,2023-Q2,-6.5,-6.5,ok,,
iip.year-on-year-iip-change-manufacture-of-basic-metals.q,quarterly,Year-on-year IIP change (%),Manufacture of basic metals,2023-Q3,-1.6,-1.6,ok,,
iip.year-on-year-iip-change-manufacture-of-basic-metals.q,quarterly,Year-on-year IIP change (%),Manufacture of basic metals,2023-Q4,-3.2,-3.2,ok,,
iip.year-on-year-iip-change-manufacture-of-basic-metals.q,quarterly,Year-on-year IIP change (%),Manufacture of basic metals,2024-Q1,-0.9,-0.9,ok,,
iip.year-on-year-iip-change-manufacture-of-basic-metals.q,quarterly,Year-on-year IIP change (%),Manufacture of basic metals,2024-Q2,16.1,16.1,ok,,
iip.year-on-year-iip-change-manufacture-of-basic-metals.q,quarterly,Year-on-year IIP change (%),Manufacture of basic metals,2024-Q3,7.2,7.2,ok,,
iip.year-on-year-iip-change-manufacture-of-basic-metals.q,quarterly,Year-on-year IIP change (%),Manufacture of basic metals,2024-Q4,7.6,7.6,ok,,
iip.year-on-year-iip-change-manufacture-of-basic-metals.q,quarterly,Year-on-year IIP change (%),Manufacture of basic metals,2025-Q1,10.5,10.5,ok,,
iip.year-on-year-iip-change-manufacture-of-basic-metals.q,quarterly,Year-on-year IIP change (%),Manufacture of basic metals,2025-Q2,5.7,5.7,ok,,
iip.year-on-year-iip-change-manufacture-of-basic-metals.q,quarterly,Year-on-year IIP change (%),Manufacture of basic metals,2025-Q3,8.9,8.9,ok,,
iip.year-on-year-iip-change-manufacture-of-fabricated-metal-products-except-machiner.q,quarterly,Year-on-year IIP change (%),"Manufacture of fabricated metal products, except machinery and equipment",2023-Q1,-14.5,-14.5,ok,,
iip.year-on-year-iip-change-manufacture-of-fabricated-metal-products-except-machiner.q,quarterly,Year-on-year IIP change (%),"Manufacture of fabricated metal products, except machinery and equipment",2023-Q2,-15.8,-15.8,ok,,
iip.year-on-year-iip-change-manufacture-of-fabricated-metal-products-except-machiner.q,quarterly,Year-on-year IIP change (%),"Manufacture of fabricated metal products, except machinery and equipment",2023-Q3,-10.8,-10.8,ok,,
iip.year-on-year-iip-change-manufacture-of-fabricated-metal-products-except-machiner.q,quarterly,Year-on-year IIP change (%),"Manufacture of fabricated metal products, except machinery and equipment",2023-Q4,-16.4,-16.4,ok,,
iip.year-on-year-iip-change-manufacture-of-fabricated-metal-products-except-machiner.q,quarterly,Year-on-year IIP change (%),"Manufacture of fabricated metal products, except machinery and equipment",2024-Q1,9.2,9.2,ok,,
iip.year-on-year-iip-change-manufacture-of-fabricated-metal-products-except-machiner.q,quarterly,Year-on-year IIP change (%),"Manufacture of fabricated metal products, except machinery and equipment",2024-Q2,9,9,ok,,
iip.year-on-year-iip-change-manufacture-of-fabricated-metal-products-except-machiner.q,quarterly,Year-on-year IIP change (%),"Manufacture of fabricated metal products, except machinery and equipment",2024-Q3,1.2,1.2,ok,,
iip.year-on-year-iip-change-manufacture-of-fabricated-metal-products-except-machiner.q,quarterly,Year-on-year IIP change (%),"Manufacture of fabricated metal products, except machinery and equipment",2024-Q4,4,4,ok,,
iip.year-on-year-iip-change-manufacture-of-fabricated-metal-products-except-machiner.q,quarterly,Year-on-year IIP change (%),"Manufacture of fabricated metal products, except machinery and equipment",2025-Q1,3.5,3.5,ok,,
iip.year-on-year-iip-change-manufacture-of-fabricated-metal-products-except-machiner.q,quarterly,Year-on-year IIP change (%),"Manufacture of fabricated metal products, except machinery and equipment",2025-Q2,5,5,ok,,
iip.year-on-year-iip-change-manufacture-of-fabricated-metal-products-except-machiner.q,quarterly,Year-on-year IIP change (%),"Manufacture of fabricated metal products, except machinery and equipment",2025-Q3,8.2,8.2,ok,,
iip.year-on-year-iip-change-manufacture-of-computer-electronic-and-optical-products.q,quarterly,Year-on-year IIP change (%),"Manufacture of computer, electronic and optical products",2023-Q1,-1,-1,ok,,
iip.year-on-year-iip-change-manufacture-of-computer-electronic-and-optical-products.q,quarterly,Year-on-year IIP change (%),"Manufacture of computer, electronic and optical products",2023-Q2,3.1,3.1,ok,,
iip.year-on-year-iip-change-manufacture-of-computer-electronic-and-optical-products.q,quarterly,Year-on-year IIP change (%),"Manufacture of computer, electronic and optical products",2023-Q3,8.7,8.7,ok,,
iip.year-on-year-iip-change-manufacture-of-computer-electronic-and-optical-products.q,quarterly,Year-on-year IIP change (%),"Manufacture of computer, electronic and optical products",2023-Q4,-7.8,-7.8,ok,,
iip.year-on-year-iip-change-manufacture-of-computer-electronic-and-optical-products.q,quarterly,Year-on-year IIP change (%),"Manufacture of computer, electronic and optical products",2024-Q1,1.5,1.5,ok,,
iip.year-on-year-iip-change-manufacture-of-computer-electronic-and-optical-products.q,quarterly,Year-on-year IIP change (%),"Manufacture of computer, electronic and optical products",2024-Q2,4.2,4.2,ok,,
iip.year-on-year-iip-change-manufacture-of-computer-electronic-and-optical-products.q,quarterly,Year-on-year IIP change (%),"Manufacture of computer, electronic and optical products",2024-Q3,-0.1,-0.1,ok,,
iip.year-on-year-iip-change-manufacture-of-computer-electronic-and-optical-products.q,quarterly,Year-on-year IIP change (%),"Manufacture of computer, electronic and optical products",2024-Q4,6.4,6.4,ok,,
iip.year-on-year-iip-change-manufacture-of-computer-electronic-and-optical-products.q,quarterly,Year-on-year IIP change (%),"Manufacture of computer, electronic and optical products",2025-Q1,0.9,0.9,ok,,
iip.year-on-year-iip-change-manufacture-of-computer-electronic-and-optical-products.q,quarterly,Year-on-year IIP change (%),"Manufacture of computer, electronic and optical products",2025-Q2,4.9,4.9,ok,,
iip.year-on-year-iip-change-manufacture-of-computer-electronic-and-optical-products.q,quarterly,Year-on-year IIP change (%),"Manufacture of computer, electronic and optical products",2025-Q3,3.1,3.1,ok,,
iip.year-on-year-iip-change-manufacture-of-electrical-equipment.q,quarterly,Year-on-year IIP change (%),Manufacture of electrical equipment,2023-Q1,-6.8,-6.8,ok,,
iip.year-on-year-iip-change-manufacture-of-electrical-equipment.q,quarterly,Year-on-year IIP change (%),Manufacture of electrical equipment,2023-Q2,-3.5,-3.5,ok,,
iip.year-on-year-iip-change-manufacture-of-electrical-equipment.q,quarterly,Year-on-year IIP change (%),Manufacture of electrical equipment,2023-Q3,-15.2,-15.2,ok,,
iip.year-on-year-iip-change-manufacture-of-electrical-equipment.q,quarterly,Year-on-year IIP change (%),Manufacture of electrical equipment,2023-Q4,-17.5,-17.5,ok,,
iip.year-on-year-iip-change-manufacture-of-electrical-equipment.q,quarterly,Year-on-year IIP change (%),Manufacture of electrical equipment,2024-Q1,6,6,ok,,
iip.year-on-year-iip-change-manufacture-of-electrical-equipment.q,quarterly,Year-on-year IIP change (%),Manufacture of electrical equipment,2024-Q2,4.1,4.1,ok,,
iip.year-on-year-iip-change-manufacture-of-electrical-equipment.q,quarterly,Year-on-year IIP change (%),Manufacture of electrical equipment,2024-Q3,23.2,23.2,ok,,
iip.year-on-year-iip-change-manufacture-of-electrical-equipment.q,quarterly,Year-on-year IIP change (%),Manufacture of electrical equipment,2024-Q4,22,22,ok,,
iip.year-on-year-iip-change-manufacture-of-electrical-equipment.q,quarterly,Year-on-year IIP change (%),Manufacture of electrical equipment,2025-Q1,21.9,21.9,ok,,
iip.year-on-year-iip-change-manufacture-of-electrical-equipment.q,quarterly,Year-on-year IIP change (%),Manufacture of electrical equipment,2025-Q2,14.9,14.9,ok,,
iip.year-on-year-iip-change-manufacture-of-electrical-equipment.q,quarterly,Year-on-year IIP change (%),Manufacture of electrical equipment,2025-Q3,8.7,8.7,ok,,
iip.year-on-year-iip-change-manufacture-of-machinery-and-equipment-n-e-c.q,quarterly,Year-on-year IIP change (%),Manufacture of machinery and equipment n.e.c.,2023-Q1,5.8,5.8,ok,,
iip.year-on-year-iip-change-manufacture-of-machinery-and-equipment-n-e-c.q,quarterly,Year-on-year IIP change (%),Manufacture of machinery and equipment n.e.c.,2023-Q2,6.7,6.7,ok,,
iip.year-on-year-iip-change-manufacture-of-machinery-and-equipment-n-e-c.q,quarterly,Year-on-year IIP change (%),Manufacture of machinery and equipment n.e.c.,2023-Q3,13.7,13.7,ok,,
iip.year-on-year-iip-change-manufacture-of-machinery-and-equipment-n-e-c.q,quarterly,Year-on-year IIP change (%),Manufacture of machinery and equipment n.e.c.,2023-Q4,14.6,14.6,ok,,
iip.year-on-year-iip-change-manufacture-of-machinery-and-equipment-n-e-c.q,quarterly,Year-on-year IIP change (%),Manufacture of machinery and equipment n.e.c.,2024-Q1,13.3,13.3,ok,,
iip.year-on-year-iip-change-manufacture-of-machinery-and-equipment-n-e-c.q,quarterly,Year-on-year IIP change (%),Manufacture of machinery and equipment n.e.c.,2024-Q2,14,14,ok,,
iip.year-on-year-iip-change-manufacture-of-machinery-and-equipment-n-e-c.q,quarterly,Year-on-year IIP change (%),Manufacture of machinery and equipment n.e.c.,2024-Q3,12.5,12.5,ok,,
iip.year-on-year-iip-change-manufacture-of-machinery-and-equipment-n-e-c.q,quarterly,Year-on-year IIP change (%),Manufacture of machinery and equipment n.e.c.,2024-Q4,13.8,13.8,ok,,
iip.year-on-year-iip-change-manufacture-of-machinery-and-equipment-n-e-c.q,quarterly,Year-on-year IIP change (%),Manufacture of machinery and equipment n.e.c.,2025-Q1,19.5,19.5,ok,,
iip.year-on-year-iip-change-manufacture-of-machinery-and-equipment-n-e-c.q,quarterly,Year-on-year IIP change (%),Manufacture of machinery and equipment n.e.c.,2025-Q2,15,15,ok,,
iip.year-on-year-iip-change-manufacture-of-machinery-and-equipment-n-e-c.q,quarterly,Year-on-year IIP change (%),Manufacture of machinery and equipment n.e.c.,2025-Q3,15.7,15.7,ok,,
iip.year-on-year-iip-change-manufacture-of-motor-vehicles-trailers-and-semi-trailers.q,quarterly,Year-on-year IIP change (%),"Manufacture of motor vehicles, trailers and semi-trailers",2023-Q1,-11.1,-11.1,ok,,
iip.year-on-year-iip-change-manufacture-of-motor-vehicles-trailers-and-semi-trailers.q,quarterly,Year-on-year IIP change (%),"Manufacture of motor vehicles, trailers and semi-trailers",2023-Q2,-23.7,-23.7,ok,,
iip.year-on-year-iip-change-manufacture-of-motor-vehicles-trailers-and-semi-trailers.q,quarterly,Year-on-year IIP change (%),"Manufacture of motor vehicles, trailers and semi-trailers",2023-Q3,-5.4,-5.4,ok,,
iip.year-on-year-iip-change-manufacture-of-motor-vehicles-trailers-and-semi-trailers.q,quarterly,Year-on-year IIP change (%),"Manufacture of motor vehicles, trailers and semi-trailers",2023-Q4,2.3,2.3,ok,,
iip.year-on-year-iip-change-manufacture-of-motor-vehicles-trailers-and-semi-trailers.q,quarterly,Year-on-year IIP change (%),"Manufacture of motor vehicles, trailers and semi-trailers",2024-Q1,-6.6,-6.6,ok,,
iip.year-on-year-iip-change-manufacture-of-motor-vehicles-trailers-and-semi-trailers.q,quarterly,Year-on-year IIP change (%),"Manufacture of motor vehicles, trailers and semi-trailers",2024-Q2,5,5,ok,,
iip.year-on-year-iip-change-manufacture-of-motor-vehicles-trailers-and-semi-trailers.q,quarterly,Year-on-year IIP change (%),"Manufacture of motor vehicles, trailers and semi-trailers",2024-Q3,1,1,ok,,
iip.year-on-year-iip-change-manufacture-of-motor-vehicles-trailers-and-semi-trailers.q,quarterly,Year-on-year IIP change (%),"Manufacture of motor vehicles, trailers and semi-trailers",2024-Q4,-12.5,-12.5,ok,,
iip.year-on-year-iip-change-manufacture-of-motor-vehicles-trailers-and-semi-trailers.q,quarterly,Year-on-year IIP change (%),"Manufacture of motor vehicles, trailers and semi-trailers",2025-Q1,-27.8,-27.8,ok,,
iip.year-on-year-iip-change-manufacture-of-motor-vehicles-trailers-and-semi-trailers.q,quarterly,Year-on-year IIP change (%),"Manufacture of motor vehicles, trailers and semi-trailers",2025-Q2,-16.7,-16.7,ok,,
iip.year-on-year-iip-change-manufacture-of-motor-vehicles-trailers-and-semi-trailers.q,quarterly,Year-on-year IIP change (%),"Manufacture of motor vehicles, trailers and semi-trailers",2025-Q3,-15.2,-15.2,ok,,
iip.year-on-year-iip-change-manufacture-of-other-transport-equipment.q,quarterly,Year-on-year IIP change (%),Manufacture of other transport equipment,2023-Q1,-14.4,-14.4,ok,,
iip.year-on-year-iip-change-manufacture-of-other-transport-equipment.q,quarterly,Year-on-year IIP change (%),Manufacture of other transport equipment,2023-Q2,-12.6,-12.6,ok,,
iip.year-on-year-iip-change-manufacture-of-other-transport-equipment.q,quarterly,Year-on-year IIP change (%),Manufacture of other transport equipment,2023-Q3,-6.5,-6.5,ok,,
iip.year-on-year-iip-change-manufacture-of-other-transport-equipment.q,quarterly,Year-on-year IIP change (%),Manufacture of other transport equipment,2023-Q4,-9.5,-9.5,ok,,
iip.year-on-year-iip-change-manufacture-of-other-transport-equipment.q,quarterly,Year-on-year IIP change (%),Manufacture of other transport equipment,2024-Q1,25.8,25.8,ok,,
iip.year-on-year-iip-change-manufacture-of-other-transport-equipment.q,quarterly,Year-on-year IIP change (%),Manufacture of other transport equipment,2024-Q2,20.9,20.9,ok,,
iip.year-on-year-iip-change-manufacture-of-other-transport-equipment.q,quarterly,Year-on-year IIP change (%),Manufacture of other transport equipment,2024-Q3,33.5,33.5,ok,,
iip.year-on-year-iip-change-manufacture-of-other-transport-equipment.q,quarterly,Year-on-year IIP change (%),Manufacture of other transport equipment,2024-Q4,24.7,24.7,ok,,
iip.year-on-year-iip-change-manufacture-of-other-transport-equipment.q,quarterly,Year-on-year IIP change (%),Manufacture of other transport equipment,2025-Q1,38.2,38.2,ok,,
iip.year-on-year-iip-change-manufacture-of-other-transport-equipment.q,quarterly,Year-on-year IIP change (%),Manufacture of other transport equipment,2025-Q2,18.9,18.9,ok,,
iip.year-on-year-iip-change-manufacture-of-other-transport-equipment.q,quarterly,Year-on-year IIP change (%),Manufacture of other transport equipment,2025-Q3,2.5,2.5,ok,,
iip.year-on-year-iip-change-manufacture-of-furniture.q,quarterly,Year-on-year IIP change (%),Manufacture of furniture,2023-Q1,9,9,ok,,
iip.year-on-year-iip-change-manufacture-of-furniture.q,quarterly,Year-on-year IIP change (%),Manufacture of furniture,2023-Q2,4.6,4.6,ok,,
iip.year-on-year-iip-change-manufacture-of-furniture.q,quarterly,Year-on-year IIP change (%),Manufacture of furniture,2023-Q3,1,1,ok,,
iip.year-on-year-iip-change-manufacture-of-furniture.q,quarterly,Year-on-year IIP change (%),Manufacture of furniture,2023-Q4,-11.7,-11.7,ok,,
iip.year-on-year-iip-change-manufacture-of-furniture.q,quarterly,Year-on-year IIP change (%),Manufacture of furniture,2024-Q1,5.2,5.2,ok,,
iip.year-on-year-iip-change-manufacture-of-furniture.q,quarterly,Year-on-year IIP change (%),Manufacture of furniture,2024-Q2,14.7,14.7,ok,,
iip.year-on-year-iip-change-manufacture-of-furniture.q,quarterly,Year-on-year IIP change (%),Manufacture of furniture,2024-Q3,15.9,15.9,ok,,
iip.year-on-year-iip-change-manufacture-of-furniture.q,quarterly,Year-on-year IIP change (%),Manufacture of furniture,2024-Q4,15.5,15.5,ok,,
iip.year-on-year-iip-change-manufacture-of-furniture.q,quarterly,Year-on-year IIP change (%),Manufacture of furniture,2025-Q1,10.2,10.2,ok,,
iip.year-on-year-iip-change-manufacture-of-furniture.q,quarterly,Year-on-year IIP change (%),Manufacture of furniture,2025-Q2,9.5,9.5,ok,,
iip.year-on-year-iip-change-manufacture-of-furniture.q,quarterly,Year-on-year IIP change (%),Manufacture of furniture,2025-Q3,6.6,6.6,ok,,
iip.year-on-year-iip-change-other-manufacturing.q,quarterly,Year-on-year IIP change (%),Other manufacturing,2023-Q1,-27.1,-27.1,ok,,
iip.year-on-year-iip-change-other-manufacturing.q,quarterly,Year-on-year IIP change (%),Other manufacturing,2023-Q2,-21.6,-21.6,ok,,
iip.year-on-year-iip-change-other-manufacturing.q,quarterly,Year-on-year IIP change (%),Other manufacturing,2023-Q3,-18.6,-18.6,ok,,
iip.year-on-year-iip-change-other-manufacturing.q,quarterly,Year-on-year IIP change (%),Other manufacturing,2023-Q4,-6.5,-6.5,ok,,
iip.year-on-year-iip-change-other-manufacturing.q,quarterly,Year-on-year IIP change (%),Other manufacturing,2024-Q1,12.6,12.6,ok,,
iip.year-on-year-iip-change-other-manufacturing.q,quarterly,Year-on-year IIP change (%),Other manufacturing,2024-Q2,9.8,9.8,ok,,
iip.year-on-year-iip-change-other-manufacturing.q,quarterly,Year-on-year IIP change (%),Other manufacturing,2024-Q3,8.4,8.4,ok,,
iip.year-on-year-iip-change-other-manufacturing.q,quarterly,Year-on-year IIP change (%),Other manufacturing,2024-Q4,7.7,7.7,ok,,
iip.year-on-year-iip-change-other-manufacturing.q,quarterly,Year-on-year IIP change (%),Other manufacturing,2025-Q1,5.4,5.4,ok,,
iip.year-on-year-iip-change-other-manufacturing.q,quarterly,Year-on-year IIP change (%),Other manufacturing,2025-Q2,12,12,ok,,
iip.year-on-year-iip-change-other-manufacturing.q,quarterly,Year-on-year IIP change (%),Other manufacturing,2025-Q3,14.6,14.6,ok,,
iip.year-on-year-iip-change-repair-and-installation-of-machinery-and-equipment.q,quarterly,Year-on-year IIP change (%),Repair and installation of machinery and equipment,2023-Q1,10.4,10.4,ok,,
iip.year-on-year-iip-change-repair-and-installation-of-machinery-and-equipment.q,quarterly,Year-on-year IIP change (%),Repair and installation of machinery and equipment,2023-Q2,7.2,7.2,ok,,
iip.year-on-year-iip-change-repair-and-installation-of-machinery-and-equipment.q,quarterly,Year-on-year IIP change (%),Repair and installation of machinery and equipment,2023-Q3,29.3,29.3,ok,,
iip.year-on-year-iip-change-repair-and-installation-of-machinery-and-equipment.q,quarterly,Year-on-year IIP change (%),Repair and installation of machinery and equipment,2023-Q4,35.1,35.1,ok,,
iip.year-on-year-iip-change-repair-and-installation-of-machinery-and-equipment.q,quarterly,Year-on-year IIP change (%),Repair and installation of machinery and equipment,2024-Q1,25.2,25.2,ok,,
iip.year-on-year-iip-change-repair-and-installation-of-machinery-and-equipment.q,quarterly,Year-on-year IIP change (%),Repair and installation of machinery and equipment,2024-Q2,17.1,17.1,ok,,
iip.year-on-year-iip-change-repair-and-installation-of-machinery-and-equipment.q,quarterly,Year-on-year IIP change (%),Repair and installation of machinery and equipment,2024-Q3,3.1,3.1,ok,,
iip.year-on-year-iip-change-repair-and-installation-of-machinery-and-equipment.q,quarterly,Year-on-year IIP change (%),Repair and installation of machinery and equipment,2024-Q4,2.1,2.1,ok,,
iip.year-on-year-iip-change-repair-and-installation-of-machinery-and-equipment.q,quarterly,Year-on-year IIP change (%),Repair and installation of machinery and equipment,2025-Q1,10.7,10.7,ok,,
iip.year-on-year-iip-change-repair-and-installation-of-machinery-and-equipment.q,quarterly,Year-on-year IIP change (%),Repair and installation of machinery and equipment,2025-Q2,9.1,9.1,ok,,
iip.year-on-year-iip-change-repair-and-installation-of-machinery-and-equipment.q,quarterly,Year-on-year IIP change (%),Repair and installation of machinery and equipment,2025-Q3,-1.8,-1.8,ok,,
iip.year-on-year-iip-change-electricity-and-gas.q,quarterly,Year-on-year IIP change (%),Electricity and gas,2023-Q1,11.3,11.3,ok,,
iip.year-on-year-iip-change-electricity-and-gas.q,quarterly,Year-on-year IIP change (%),Electricity and gas,2023-Q2,13.5,13.5,ok,,
iip.year-on-year-iip-change-electricity-and-gas.q,quarterly,Year-on-year IIP change (%),Electricity and gas,2023-Q3,10.8,10.8,ok,,
iip.year-on-year-iip-change-electricity-and-gas.q,quarterly,Year-on-year IIP change (%),Electricity and gas,2023-Q4,-0.6,-0.6,ok,,
iip.year-on-year-iip-change-electricity-and-gas.q,quarterly,Year-on-year IIP change (%),Electricity and gas,2024-Q1,2.9,2.9,ok,,
iip.year-on-year-iip-change-electricity-and-gas.q,quarterly,Year-on-year IIP change (%),Electricity and gas,2024-Q2,-1.4,-1.4,ok,,
iip.year-on-year-iip-change-electricity-and-gas.q,quarterly,Year-on-year IIP change (%),Electricity and gas,2024-Q3,-1.9,-1.9,ok,,
iip.year-on-year-iip-change-electricity-and-gas.q,quarterly,Year-on-year IIP change (%),Electricity and gas,2024-Q4,6.4,6.4,ok,,
iip.year-on-year-iip-change-electricity-and-gas.q,quarterly,Year-on-year IIP change (%),Electricity and gas,2025-Q1,10.5,10.5,ok,,
iip.year-on-year-iip-change-electricity-and-gas.q,quarterly,Year-on-year IIP change (%),Electricity and gas,2025-Q2,12.6,12.6,ok,,
iip.year-on-year-iip-change-electricity-and-gas.q,quarterly,Year-on-year IIP change (%),Electricity and gas,2025-Q3,2.8,2.8,ok,,
iip.year-on-year-iip-change-electricity-gas-steam-and-air-conditioning-supply.q,quarterly,Year-on-year IIP change (%),"Electricity, gas, steam and air conditioning supply",2023-Q1,11.3,11.3,ok,,
iip.year-on-year-iip-change-electricity-gas-steam-and-air-conditioning-supply.q,quarterly,Year-on-year IIP change (%),"Electricity, gas, steam and air conditioning supply",2023-Q2,13.5,13.5,ok,,
iip.year-on-year-iip-change-electricity-gas-steam-and-air-conditioning-supply.q,quarterly,Year-on-year IIP change (%),"Electricity, gas, steam and air conditioning supply",2023-Q3,10.8,10.8,ok,,
iip.year-on-year-iip-change-electricity-gas-steam-and-air-conditioning-supply.q,quarterly,Year-on-year IIP change (%),"Electricity, gas, steam and air conditioning supply",2023-Q4,-0.6,-0.6,ok,,
iip.year-on-year-iip-change-electricity-gas-steam-and-air-conditioning-supply.q,quarterly,Year-on-year IIP change (%),"Electricity, gas, steam and air conditioning supply",2024-Q1,2.9,2.9,ok,,
iip.year-on-year-iip-change-electricity-gas-steam-and-air-conditioning-supply.q,quarterly,Year-on-year IIP change (%),"Electricity, gas, steam and air conditioning supply",2024-Q2,-1.4,-1.4,ok,,
iip.year-on-year-iip-change-electricity-gas-steam-and-air-conditioning-supply.q,quarterly,Year-on-year IIP change (%),"Electricity, gas, steam and air conditioning supply",2024-Q3,-1.9,-1.9,ok,,
iip.year-on-year-iip-change-electricity-gas-steam-and-air-conditioning-supply.q,quarterly,Year-on-year IIP change (%),"Electricity, gas, steam and air conditioning supply",2024-Q4,6.4,6.4,ok,,
iip.year-on-year-iip-change-electricity-gas-steam-and-air-conditioning-supply.q,quarterly,Year-on-year IIP change (%),"Electricity, gas, steam and air conditioning supply",2025-Q1,10.5,10.5,ok,,
iip.year-on-year-iip-change-electricity-gas-steam-and-air-conditioning-supply.q,quarterly,Year-on-year IIP change (%),"Electricity, gas, steam and air conditioning supply",2025-Q2,12.6,12.6,ok,,
iip.year-on-year-iip-change-electricity-gas-steam-and-air-conditioning-supply.q,quarterly,Year-on-year IIP change (%),"Electricity, gas, steam and air conditioning supply",2025-Q3,2.8,2.8,ok,,
iip.year-on-year-iip-change-water-supply-sewage-and-waste-management.q,quarterly,Year-on-year IIP change (%),"Water supply, sewage and waste management",2023-Q1,-19.1,-19.1,ok,,
iip.year-on-year-iip-change-water-supply-sewage-and-waste-management.q,quarterly,Year-on-year IIP change (%),"Water supply, sewage and waste management",2023-Q2,-7.5,-7.5,ok,,
iip.year-on-year-iip-change-water-supply-sewage-and-waste-management.q,quarterly,Year-on-year IIP change (%),"Water supply, sewage and waste management",2023-Q3,3.9,3.9,ok,,
iip.year-on-year-iip-change-water-supply-sewage-and-waste-management.q,quarterly,Year-on-year IIP change (%),"Water supply, sewage and waste management",2023-Q4,-1.8,-1.8,ok,,
iip.year-on-year-iip-change-water-supply-sewage-and-waste-management.q,quarterly,Year-on-year IIP change (%),"Water supply, sewage and waste management",2024-Q1,8.7,8.7,ok,,
iip.year-on-year-iip-change-water-supply-sewage-and-waste-management.q,quarterly,Year-on-year IIP change (%),"Water supply, sewage and waste management",2024-Q2,1.2,1.2,ok,,
iip.year-on-year-iip-change-water-supply-sewage-and-waste-management.q,quarterly,Year-on-year IIP change (%),"Water supply, sewage and waste management",2024-Q3,-8.6,-8.6,ok,,
iip.year-on-year-iip-change-water-supply-sewage-and-waste-management.q,quarterly,Year-on-year IIP change (%),"Water supply, sewage and waste management",2024-Q4,-5.9,-5.9,ok,,
iip.year-on-year-iip-change-water-supply-sewage-and-waste-management.q,quarterly,Year-on-year IIP change (%),"Water supply, sewage and waste management",2025-Q1,-3.9,-3.9,ok,,
iip.year-on-year-iip-change-water-supply-sewage-and-waste-management.q,quarterly,Year-on-year IIP change (%),"Water supply, sewage and waste management",2025-Q2,0.4,0.4,ok,,
iip.year-on-year-iip-change-water-supply-sewage-and-waste-management.q,quarterly,Year-on-year IIP change (%),"Water supply, sewage and waste management",2025-Q3,1.4,1.4,ok,,
iip.year-on-year-iip-change-water-collection-treatment-and-supply.q,quarterly,Year-on-year IIP change (%),"Water collection, treatment and supply",2023-Q1,8.8,8.8,ok,,
iip.year-on-year-iip-change-water-collection-treatment-and-supply.q,quarterly,Year-on-year IIP change (%),"Water collection, treatment and supply",2023-Q2,5.7,5.7,ok,,
iip.year-on-year-iip-change-water-collection-treatment-and-supply.q,quarterly,Year-on-year IIP change (%),"Water collection, treatment and supply",2023-Q3,3.9,3.9,ok,,
iip.year-on-year-iip-change-water-collection-treatment-and-supply.q,quarterly,Year-on-year IIP change (%),"Water collection, treatment and supply",2023-Q4,6.4,6.4,ok,,
iip.year-on-year-iip-change-water-collection-treatment-and-supply.q,quarterly,Year-on-year IIP change (%),"Water collection, treatment and supply",2024-Q1,8.4,8.4,ok,,
iip.year-on-year-iip-change-water-collection-treatment-and-supply.q,quarterly,Year-on-year IIP change (%),"Water collection, treatment and supply",2024-Q2,2.4,2.4,ok,,
iip.year-on-year-iip-change-water-collection-treatment-and-supply.q,quarterly,Year-on-year IIP change (%),"Water collection, treatment and supply",2024-Q3,-1.7,-1.7,ok,,
iip.year-on-year-iip-change-water-collection-treatment-and-supply.q,quarterly,Year-on-year IIP change (%),"Water collection, treatment and supply",2024-Q4,-0.6,-0.6,ok,,
iip.year-on-year-iip-change-water-collection-treatment-and-supply.q,quarterly,Year-on-year IIP change (%),"Water collection, treatment and supply",2025-Q1,-2.7,-2.7,ok,,
iip.year-on-year-iip-change-water-collection-treatment-and-supply.q,quarterly,Year-on-year IIP change (%),"Water collection, treatment and supply",2025-Q2,2,2,ok,,
iip.year-on-year-iip-change-water-collection-treatment-and-supply.q,quarterly,Year-on-year IIP change (%),"Water collection, treatment and supply",2025-Q3,1.2,1.2,ok,,
iip.year-on-year-iip-change-waste-collection-treatment-and-disposal-activities-mater.q,quarterly,Year-on-year IIP change (%),"Waste collection, treatment and disposal activities; materials recovery",2023-Q1,-25,-25,ok,,
iip.year-on-year-iip-change-waste-collection-treatment-and-disposal-activities-mater.q,quarterly,Year-on-year IIP change (%),"Waste collection, treatment and disposal activities; materials recovery",2023-Q2,-11.9,-11.9,ok,,
iip.year-on-year-iip-change-waste-collection-treatment-and-disposal-activities-mater.q,quarterly,Year-on-year IIP change (%),"Waste collection, treatment and disposal activities; materials recovery",2023-Q3,0.5,0.5,ok,,
iip.year-on-year-iip-change-waste-collection-treatment-and-disposal-activities-mater.q,quarterly,Year-on-year IIP change (%),"Waste collection, treatment and disposal activities; materials recovery",2023-Q4,-7,-7,ok,,
iip.year-on-year-iip-change-waste-collection-treatment-and-disposal-activities-mater.q,quarterly,Year-on-year IIP change (%),"Waste collection, treatment and disposal activities; materials recovery",2024-Q1,1.3,1.3,ok,,
iip.year-on-year-iip-change-waste-collection-treatment-and-disposal-activities-mater.q,quarterly,Year-on-year IIP change (%),"Waste collection, treatment and disposal activities; materials recovery",2024-Q2,-0.9,-0.9,ok,,
iip.year-on-year-iip-change-waste-collection-treatment-and-disposal-activities-mater.q,quarterly,Year-on-year IIP change (%),"Waste collection, treatment and disposal activities; materials recovery",2024-Q3,-7.2,-7.2,ok,,
iip.year-on-year-iip-change-waste-collection-treatment-and-disposal-activities-mater.q,quarterly,Year-on-year IIP change (%),"Waste collection, treatment and disposal activities; materials recovery",2024-Q4,-5.5,-5.5,ok,,
iip.year-on-year-iip-change-waste-collection-treatment-and-disposal-activities-mater.q,quarterly,Year-on-year IIP change (%),"Waste collection, treatment and disposal activities; materials recovery",2025-Q1,-1.5,-1.5,ok,,
iip.year-on-year-iip-change-waste-collection-treatment-and-disposal-activities-mater.q,quarterly,Year-on-year IIP change (%),"Waste collection, treatment and disposal activities; materials recovery",2025-Q2,-1.4,-1.4,ok,,
iip.year-on-year-iip-change-waste-collection-treatment-and-disposal-activities-mater.q,quarterly,Year-on-year IIP change (%),"Waste collection, treatment and disposal activities; materials recovery",2025-Q3,0.4,0.4,ok,,
iip.quarter-on-quarter-iip-change-all-industries.q,quarterly,Quarter-on-quarter IIP change (%),All industries,2022-Q2,1.9,1.9,ok,,
iip.quarter-on-quarter-iip-change-all-industries.q,quarterly,Quarter-on-quarter IIP change (%),All industries,2022-Q3,-1.9,-1.9,ok,,
iip.quarter-on-quarter-iip-change-all-industries.q,quarterly,Quarter-on-quarter IIP change (%),All industries,2022-Q4,6.9,6.9,ok,,
iip.quarter-on-quarter-iip-change-all-industries.q,quarterly,Quarter-on-quarter IIP change (%),All industries,2023-Q1,-5.6,-5.6,ok,,
iip.quarter-on-quarter-iip-change-all-industries.q,quarterly,Quarter-on-quarter IIP change (%),All industries,2023-Q2,-0.3,-0.3,ok,,
iip.quarter-on-quarter-iip-change-all-industries.q,quarterly,Quarter-on-quarter IIP change (%),All industries,2023-Q3,1.4,1.4,ok,,
iip.quarter-on-quarter-iip-change-all-industries.q,quarterly,Quarter-on-quarter IIP change (%),All industries,2023-Q4,6,6,ok,,
iip.quarter-on-quarter-iip-change-all-industries.q,quarterly,Quarter-on-quarter IIP change (%),All industries,2024-Q1,0.4,0.4,ok,,
iip.quarter-on-quarter-iip-change-all-industries.q,quarterly,Quarter-on-quarter IIP change (%),All industries,2024-Q2,0.3,0.3,ok,,
iip.quarter-on-quarter-iip-change-all-industries.q,quarterly,Quarter-on-quarter IIP change (%),All industries,2024-Q3,0.9,0.9,ok,,
iip.quarter-on-quarter-iip-change-all-industries.q,quarterly,Quarter-on-quarter IIP change (%),All industries,2024-Q4,0.1,0.1,ok,,
iip.quarter-on-quarter-iip-change-all-industries.q,quarterly,Quarter-on-quarter IIP change (%),All industries,2025-Q1,1.7,1.7,ok,,
iip.quarter-on-quarter-iip-change-all-industries.q,quarterly,Quarter-on-quarter IIP change (%),All industries,2025-Q2,-0.3,-0.3,ok,,
iip.quarter-on-quarter-iip-change-all-industries.q,quarterly,Quarter-on-quarter IIP change (%),All industries,2025-Q3,0.5,0.5,ok,,
iip.quarter-on-quarter-iip-change-mining-and-quarrying.q,quarterly,Quarter-on-quarter IIP change (%),Mining and quarrying,2022-Q2,1.4,1.4,ok,,
iip.quarter-on-quarter-iip-change-mining-and-quarrying.q,quarterly,Quarter-on-quarter IIP change (%),Mining and quarrying,2022-Q3,-0.6,-0.6,ok,,
iip.quarter-on-quarter-iip-change-mining-and-quarrying.q,quarterly,Quarter-on-quarter IIP change (%),Mining and quarrying,2022-Q4,8.6,8.6,ok,,
iip.quarter-on-quarter-iip-change-mining-and-quarrying.q,quarterly,Quarter-on-quarter IIP change (%),Mining and quarrying,2023-Q1,-4.8,-4.8,ok,,
iip.quarter-on-quarter-iip-change-mining-and-quarrying.q,quarterly,Quarter-on-quarter IIP change (%),Mining and quarrying,2023-Q2,-1.2,-1.2,ok,,
iip.quarter-on-quarter-iip-change-mining-and-quarrying.q,quarterly,Quarter-on-quarter IIP change (%),Mining and quarrying,2023-Q3,-3.1,-3.1,ok,,
iip.quarter-on-quarter-iip-change-mining-and-quarrying.q,quarterly,Quarter-on-quarter IIP change (%),Mining and quarrying,2023-Q4,11,11,ok,,
iip.quarter-on-quarter-iip-change-mining-and-quarrying.q,quarterly,Quarter-on-quarter IIP change (%),Mining and quarrying,2024-Q1,1.2,1.2,ok,,
iip.quarter-on-quarter-iip-change-mining-and-quarrying.q,quarterly,Quarter-on-quarter IIP change (%),Mining and quarrying,2024-Q2,0.3,0.3,ok,,
iip.quarter-on-quarter-iip-change-mining-and-quarrying.q,quarterly,Quarter-on-quarter IIP change (%),Mining and quarrying,2024-Q3,0.7,0.7,ok,,
iip.quarter-on-quarter-iip-change-mining-and-quarrying.q,quarterly,Quarter-on-quarter IIP change (%),Mining and quarrying,2024-Q4,-3.3,-3.3,ok,,
iip.quarter-on-quarter-iip-change-mining-and-quarrying.q,quarterly,Quarter-on-quarter IIP change (%),Mining and quarrying,2025-Q1,2.7,2.7,ok,,
iip.quarter-on-quarter-iip-change-mining-and-quarrying.q,quarterly,Quarter-on-quarter IIP change (%),Mining and quarrying,2025-Q2,-0.6,-0.6,ok,,
iip.quarter-on-quarter-iip-change-mining-and-quarrying.q,quarterly,Quarter-on-quarter IIP change (%),Mining and quarrying,2025-Q3,1.4,1.4,ok,,
iip.quarter-on-quarter-iip-change-extraction-of-crude-petroleum-and-natural-gas.q,quarterly,Quarter-on-quarter IIP change (%),Extraction of crude petroleum and natural gas,2022-Q2,-10.6,-10.6,ok,,
iip.quarter-on-quarter-iip-change-extraction-of-crude-petroleum-and-natural-gas.q,quarterly,Quarter-on-quarter IIP change (%),Extraction of crude petroleum and natural gas,2022-Q3,8.6,8.6,ok,,
iip.quarter-on-quarter-iip-change-extraction-of-crude-petroleum-and-natural-gas.q,quarterly,Quarter-on-quarter IIP change (%),Extraction of crude petroleum and natural gas,2022-Q4,-4.6,-4.6,ok,,
iip.quarter-on-quarter-iip-change-extraction-of-crude-petroleum-and-natural-gas.q,quarterly,Quarter-on-quarter IIP change (%),Extraction of crude petroleum and natural gas,2023-Q1,-9.8,-9.8,ok,,
iip.quarter-on-quarter-iip-change-extraction-of-crude-petroleum-and-natural-gas.q,quarterly,Quarter-on-quarter IIP change (%),Extraction of crude petroleum and natural gas,2023-Q2,0.9,0.9,ok,,
iip.quarter-on-quarter-iip-change-extraction-of-crude-petroleum-and-natural-gas.q,quarterly,Quarter-on-quarter IIP change (%),Extraction of crude petroleum and natural gas,2023-Q3,9.3,9.3,ok,,
iip.quarter-on-quarter-iip-change-extraction-of-crude-petroleum-and-natural-gas.q,quarterly,Quarter-on-quarter IIP change (%),Extraction of crude petroleum and natural gas,2023-Q4,-0.4,-0.4,ok,,
iip.quarter-on-quarter-iip-change-extraction-of-crude-petroleum-and-natural-gas.q,quarterly,Quarter-on-quarter IIP change (%),Extraction of crude petroleum and natural gas,2024-Q1,0.7,0.7,ok,,
iip.quarter-on-quarter-iip-change-extraction-of-crude-petroleum-and-natural-gas.q,quarterly,Quarter-on-quarter IIP change (%),Extraction of crude petroleum and natural gas,2024-Q2,-4.4,-4.4,ok,,
iip.quarter-on-quarter-iip-change-extraction-of-crude-petroleum-and-natural-gas.q,quarterly,Quarter-on-quarter IIP change (%),Extraction of crude petroleum and natural gas,2024-Q3,-0.9,-0.9,ok,,
iip.quarter-on-quarter-iip-change-extraction-of-crude-petroleum-and-natural-gas.q,quarterly,Quarter-on-quarter IIP change (%),Extraction of crude petroleum and natural gas,2024-Q4,-2.6,-2.6,ok,,
iip.quarter-on-quarter-iip-change-extraction-of-crude-petroleum-and-natural-gas.q,quarterly,Quarter-on-quarter IIP change (%),Extraction of crude petroleum and natural gas,2025-Q1,-2.7,-2.7,ok,,
iip.quarter-on-quarter-iip-change-extraction-of-crude-petroleum-and-natural-gas.q,quarterly,Quarter-on-quarter IIP change (%),Extraction of crude petroleum and natural gas,2025-Q2,-7.6,-7.6,ok,,
iip.quarter-on-quarter-iip-change-extraction-of-crude-petroleum-and-natural-gas.q,quarterly,Quarter-on-quarter IIP change (%),Extraction of crude petroleum and natural gas,2025-Q3,3.5,3.5,ok,,
iip.quarter-on-quarter-iip-change-mining-of-metal-ores.q,quarterly,Quarter-on-quarter IIP change (%),Mining of metal ores,2022-Q2,13.7,13.7,ok,,
iip.quarter-on-quarter-iip-change-mining-of-metal-ores.q,quarterly,Quarter-on-quarter IIP change (%),Mining of metal ores,2022-Q3,-5.5,-5.5,ok,,
iip.quarter-on-quarter-iip-change-mining-of-metal-ores.q,quarterly,Quarter-on-quarter IIP change (%),Mining of metal ores,2022-Q4,20.7,20.7,ok,,
iip.quarter-on-quarter-iip-change-mining-of-metal-ores.q,quarterly,Quarter-on-quarter IIP change (%),Mining of metal ores,2023-Q1,-0.3,-0.3,ok,,
iip.quarter-on-quarter-iip-change-mining-of-metal-ores.q,quarterly,Quarter-on-quarter IIP change (%),Mining of metal ores,2023-Q2,-3.3,-3.3,ok,,
iip.quarter-on-quarter-iip-change-mining-of-metal-ores.q,quarterly,Quarter-on-quarter IIP change (%),Mining of metal ores,2023-Q3,-13.6,-13.6,ok,,
iip.quarter-on-quarter-iip-change-mining-of-metal-ores.q,quarterly,Quarter-on-quarter IIP change (%),Mining of metal ores,2023-Q4,23.3,23.3,ok,,
iip.quarter-on-quarter-iip-change-mining-of-metal-ores.q,quarterly,Quarter-on-quarter IIP change (%),Mining of metal ores,2024-Q1,1.9,1.9,ok,,
iip.quarter-on-quarter-iip-change-mining-of-metal-ores.q,quarterly,Quarter-on-quarter IIP change (%),Mining of metal ores,2024-Q2,3.3,3.3,ok,,
iip.quarter-on-quarter-iip-change-mining-of-metal-ores.q,quarterly,Quarter-on-quarter IIP change (%),Mining of metal ores,2024-Q3,2.4,2.4,ok,,
iip.quarter-on-quarter-iip-change-mining-of-metal-ores.q,quarterly,Quarter-on-quarter IIP change (%),Mining of metal ores,2024-Q4,-3.1,-3.1,ok,,
iip.quarter-on-quarter-iip-change-mining-of-metal-ores.q,quarterly,Quarter-on-quarter IIP change (%),Mining of metal ores,2025-Q1,7.7,7.7,ok,,
iip.quarter-on-quarter-iip-change-mining-of-metal-ores.q,quarterly,Quarter-on-quarter IIP change (%),Mining of metal ores,2025-Q2,4.6,4.6,ok,,
iip.quarter-on-quarter-iip-change-mining-of-metal-ores.q,quarterly,Quarter-on-quarter IIP change (%),Mining of metal ores,2025-Q3,-0.3,-0.3,ok,,
iip.quarter-on-quarter-iip-change-other-mining-and-quarrying.q,quarterly,Quarter-on-quarter IIP change (%),Other mining and quarrying,2022-Q2,-3.6,-3.6,ok,,
iip.quarter-on-quarter-iip-change-other-mining-and-quarrying.q,quarterly,Quarter-on-quarter IIP change (%),Other mining and quarrying,2022-Q3,-28.5,-28.5,ok,,
iip.quarter-on-quarter-iip-change-other-mining-and-quarrying.q,quarterly,Quarter-on-quarter IIP change (%),Other mining and quarrying,2022-Q4,21.5,21.5,ok,,
iip.quarter-on-quarter-iip-change-other-mining-and-quarrying.q,quarterly,Quarter-on-quarter IIP change (%),Other mining and quarrying,2023-Q1,-2.3,-2.3,ok,,
iip.quarter-on-quarter-iip-change-other-mining-and-quarrying.q,quarterly,Quarter-on-quarter IIP change (%),Other mining and quarrying,2023-Q2,3,3,ok,,
iip.quarter-on-quarter-iip-change-other-mining-and-quarrying.q,quarterly,Quarter-on-quarter IIP change (%),Other mining and quarrying,2023-Q3,8.7,8.7,ok,,
iip.quarter-on-quarter-iip-change-other-mining-and-quarrying.q,quarterly,Quarter-on-quarter IIP change (%),Other mining and quarrying,2023-Q4,-0.4,-0.4,ok,,
iip.quarter-on-quarter-iip-change-other-mining-and-quarrying.q,quarterly,Quarter-on-quarter IIP change (%),Other mining and quarrying,2024-Q1,-3.7,-3.7,ok,,
iip.quarter-on-quarter-iip-change-other-mining-and-quarrying.q,quarterly,Quarter-on-quarter IIP change (%),Other mining and quarrying,2024-Q2,19.7,19.7,ok,,
iip.quarter-on-quarter-iip-change-other-mining-and-quarrying.q,quarterly,Quarter-on-quarter IIP change (%),Other mining and quarrying,2024-Q3,-2.2,-2.2,ok,,
iip.quarter-on-quarter-iip-change-other-mining-and-quarrying.q,quarterly,Quarter-on-quarter IIP change (%),Other mining and quarrying,2024-Q4,-13.2,-13.2,ok,,
iip.quarter-on-quarter-iip-change-other-mining-and-quarrying.q,quarterly,Quarter-on-quarter IIP change (%),Other mining and quarrying,2025-Q1,2.2,2.2,ok,,
iip.quarter-on-quarter-iip-change-other-mining-and-quarrying.q,quarterly,Quarter-on-quarter IIP change (%),Other mining and quarrying,2025-Q2,18.3,18.3,ok,,
iip.quarter-on-quarter-iip-change-other-mining-and-quarrying.q,quarterly,Quarter-on-quarter IIP change (%),Other mining and quarrying,2025-Q3,1,1,ok,,
iip.quarter-on-quarter-iip-change-manfacturing.q,quarterly,Quarter-on-quarter IIP change (%),Manfacturing,2022-Q2,3.2,3.2,ok,,
iip.quarter-on-quarter-iip-change-manfacturing.q,quarterly,Quarter-on-quarter IIP change (%),Manfacturing,2022-Q3,-3.9,-3.9,ok,,
iip.quarter-on-quarter-iip-change-manfacturing.q,quarterly,Quarter-on-quarter IIP change (%),Manfacturing,2022-Q4,3.9,3.9,ok,,
iip.quarter-on-quarter-iip-change-manfacturing.q,quarterly,Quarter-on-quarter IIP change (%),Manfacturing,2023-Q1,-6.9,-6.9,ok,,
iip.quarter-on-quarter-iip-change-manfacturing.q,quarterly,Quarter-on-quarter IIP change (%),Manfacturing,2023-Q2,0.6,0.6,ok,,
iip.quarter-on-quarter-iip-change-manfacturing.q,quarterly,Quarter-on-quarter IIP change (%),Manfacturing,2023-Q3,7.8,7.8,ok,,
iip.quarter-on-quarter-iip-change-manfacturing.q,quarterly,Quarter-on-quarter IIP change (%),Manfacturing,2023-Q4,0.2,0.2,ok,,
iip.quarter-on-quarter-iip-change-manfacturing.q,quarterly,Quarter-on-quarter IIP change (%),Manfacturing,2024-Q1,-0.5,-0.5,ok,,
iip.quarter-on-quarter-iip-change-manfacturing.q,quarterly,Quarter-on-quarter IIP change (%),Manfacturing,2024-Q2,0.7,0.7,ok,,
iip.quarter-on-quarter-iip-change-manfacturing.q,quarterly,Quarter-on-quarter IIP change (%),Manfacturing,2024-Q3,1.6,1.6,ok,,
iip.quarter-on-quarter-iip-change-manfacturing.q,quarterly,Quarter-on-quarter IIP change (%),Manfacturing,2024-Q4,3.2,3.2,ok,,
iip.quarter-on-quarter-iip-change-manfacturing.q,quarterly,Quarter-on-quarter IIP change (%),Manfacturing,2025-Q1,0.1,0.1,ok,,
iip.quarter-on-quarter-iip-change-manfacturing.q,quarterly,Quarter-on-quarter IIP change (%),Manfacturing,2025-Q2,0.2,0.2,ok,,
iip.quarter-on-quarter-iip-change-manfacturing.q,quarterly,Quarter-on-quarter IIP change (%),Manfacturing,2025-Q3,0.8,0.8,ok,,
iip.quarter-on-quarter-iip-change-manufacture-of-food-products.q,quarterly,Quarter-on-quarter IIP change (%),Manufacture of food products,2022-Q2,14.1,14.1,ok,,
iip.quarter-on-quarter-iip-change-manufacture-of-food-products.q,quarterly,Quarter-on-quarter IIP change (%),Manufacture of food products,2022-Q3,-3.5,-3.5,ok,,
iip.quarter-on-quarter-iip-change-manufacture-of-food-products.q,quarterly,Quarter-on-quarter IIP change (%),Manufacture of food products,2022-Q4,3.2,3.2,ok,,
iip.quarter-on-quarter-iip-change-manufacture-of-food-products.q,quarterly,Quarter-on-quarter IIP change (%),Manufacture of food products,2023-Q1,-0.6,-0.6,ok,,
iip.quarter-on-quarter-iip-change-manufacture-of-food-products.q,quarterly,Quarter-on-quarter IIP change (%),Manufacture of food products,2023-Q2,-9.3,-9.3,ok,,
iip.quarter-on-quarter-iip-change-manufacture-of-food-products.q,quarterly,Quarter-on-quarter IIP change (%),Manufacture of food products,2023-Q3,21.1,21.1,ok,,
iip.quarter-on-quarter-iip-change-manufacture-of-food-products.q,quarterly,Quarter-on-quarter IIP change (%),Manufacture of food products,2023-Q4,0.8,0.8,ok,,
iip.quarter-on-quarter-iip-change-manufacture-of-food-products.q,quarterly,Quarter-on-quarter IIP change (%),Manufacture of food products,2024-Q1,-2.3,-2.3,ok,,
iip.quarter-on-quarter-iip-change-manufacture-of-food-products.q,quarterly,Quarter-on-quarter IIP change (%),Manufacture of food products,2024-Q2,-12.3,-12.3,ok,,
iip.quarter-on-quarter-iip-change-manufacture-of-food-products.q,quarterly,Quarter-on-quarter IIP change (%),Manufacture of food products,2024-Q3,0.5,0.5,ok,,
iip.quarter-on-quarter-iip-change-manufacture-of-food-products.q,quarterly,Quarter-on-quarter IIP change (%),Manufacture of food products,2024-Q4,2.6,2.6,ok,,
iip.quarter-on-quarter-iip-change-manufacture-of-food-products.q,quarterly,Quarter-on-quarter IIP change (%),Manufacture of food products,2025-Q1,14.5,14.5,ok,,
iip.quarter-on-quarter-iip-change-manufacture-of-food-products.q,quarterly,Quarter-on-quarter IIP change (%),Manufacture of food products,2025-Q2,-12,-12,ok,,
iip.quarter-on-quarter-iip-change-manufacture-of-food-products.q,quarterly,Quarter-on-quarter IIP change (%),Manufacture of food products,2025-Q3,-0.5,-0.5,ok,,
iip.quarter-on-quarter-iip-change-manufacture-of-beverages.q,quarterly,Quarter-on-quarter IIP change (%),Manufacture of beverages,2022-Q2,1.1,1.1,ok,,
iip.quarter-on-quarter-iip-change-manufacture-of-beverages.q,quarterly,Quarter-on-quarter IIP change (%),Manufacture of beverages,2022-Q3,-2.3,-2.3,ok,,
iip.quarter-on-quarter-iip-change-manufacture-of-beverages.q,quarterly,Quarter-on-quarter IIP change (%),Manufacture of beverages,2022-Q4,9.7,9.7,ok,,
iip.quarter-on-quarter-iip-change-manufacture-of-beverages.q,quarterly,Quarter-on-quarter IIP change (%),Manufacture of beverages,2023-Q1,-8.3,-8.3,ok,,
iip.quarter-on-quarter-iip-change-manufacture-of-beverages.q,quarterly,Quarter-on-quarter IIP change (%),Manufacture of beverages,2023-Q2,3.8,3.8,ok,,
iip.quarter-on-quarter-iip-change-manufacture-of-beverages.q,quarterly,Quarter-on-quarter IIP change (%),Manufacture of beverages,2023-Q3,7.4,7.4,ok,,
iip.quarter-on-quarter-iip-change-manufacture-of-beverages.q,quarterly,Quarter-on-quarter IIP change (%),Manufacture of beverages,2023-Q4,-10.9,-10.9,ok,,
iip.quarter-on-quarter-iip-change-manufacture-of-beverages.q,quarterly,Quarter-on-quarter IIP change (%),Manufacture of beverages,2024-Q1,1.9,1.9,ok,,
iip.quarter-on-quarter-iip-change-manufacture-of-beverages.q,quarterly,Quarter-on-quarter IIP change (%),Manufacture of beverages,2024-Q2,4.6,4.6,ok,,
iip.quarter-on-quarter-iip-change-manufacture-of-beverages.q,quarterly,Quarter-on-quarter IIP change (%),Manufacture of beverages,2024-Q3,-4,-4,ok,,
iip.quarter-on-quarter-iip-change-manufacture-of-beverages.q,quarterly,Quarter-on-quarter IIP change (%),Manufacture of beverages,2024-Q4,5.6,5.6,ok,,
iip.quarter-on-quarter-iip-change-manufacture-of-beverages.q,quarterly,Quarter-on-quarter IIP change (%),Manufacture of beverages,2025-Q1,-3.1,-3.1,ok,,
iip.quarter-on-quarter-iip-change-manufacture-of-beverages.q,quarterly,Quarter-on-quarter IIP change (%),Manufacture of beverages,2025-Q2,2.6,2.6,ok,,
iip.quarter-on-quarter-iip-change-manufacture-of-beverages.q,quarterly,Quarter-on-quarter IIP change (%),Manufacture of beverages,2025-Q3,-4.3,-4.3,ok,,
iip.quarter-on-quarter-iip-change-manufacture-of-textiles.q,quarterly,Quarter-on-quarter IIP change (%),Manufacture of textiles,2022-Q2,-0.9,-0.9,ok,,
iip.quarter-on-quarter-iip-change-manufacture-of-textiles.q,quarterly,Quarter-on-quarter IIP change (%),Manufacture of textiles,2022-Q3,-6.2,-6.2,ok,,
iip.quarter-on-quarter-iip-change-manufacture-of-textiles.q,quarterly,Quarter-on-quarter IIP change (%),Manufacture of textiles,2022-Q4,5,5,ok,,
iip.quarter-on-quarter-iip-change-manufacture-of-textiles.q,quarterly,Quarter-on-quarter IIP change (%),Manufacture of textiles,2023-Q1,-18.7,-18.7,ok,,
iip.quarter-on-quarter-iip-change-manufacture-of-textiles.q,quarterly,Quarter-on-quarter IIP change (%),Manufacture of textiles,2023-Q2,-2.4,-2.4,ok,,
iip.quarter-on-quarter-iip-change-manufacture-of-textiles.q,quarterly,Quarter-on-quarter IIP change (%),Manufacture of textiles,2023-Q3,12.6,12.6,ok,,
iip.quarter-on-quarter-iip-change-manufacture-of-textiles.q,quarterly,Quarter-on-quarter IIP change (%),Manufacture of textiles,2023-Q4,4.1,4.1,ok,,
iip.quarter-on-quarter-iip-change-manufacture-of-textiles.q,quarterly,Quarter-on-quarter IIP change (%),Manufacture of textiles,2024-Q1,-9.5,-9.5,ok,,
iip.quarter-on-quarter-iip-change-manufacture-of-textiles.q,quarterly,Quarter-on-quarter IIP change (%),Manufacture of textiles,2024-Q2,0.8,0.8,ok,,
iip.quarter-on-quarter-iip-change-manufacture-of-textiles.q,quarterly,Quarter-on-quarter IIP change (%),Manufacture of textiles,2024-Q3,8.8,8.8,ok,,
iip.quarter-on-quarter-iip-change-manufacture-of-textiles.q,quarterly,Quarter-on-quarter IIP change (%),Manufacture of textiles,2024-Q4,6.6,6.6,ok,,
iip.quarter-on-quarter-iip-change-manufacture-of-textiles.q,quarterly,Quarter-on-quarter IIP change (%),Manufacture of textiles,2025-Q1,-12.8,-12.8,ok,,
iip.quarter-on-quarter-iip-change-manufacture-of-textiles.q,quarterly,Quarter-on-quarter IIP change (%),Manufacture of textiles,2025-Q2,-3.5,-3.5,ok,,
iip.quarter-on-quarter-iip-change-manufacture-of-textiles.q,quarterly,Quarter-on-quarter IIP change (%),Manufacture of textiles,2025-Q3,11.1,11.1,ok,,
iip.quarter-on-quarter-iip-change-manufacture-of-wearing-apparel.q,quarterly,Quarter-on-quarter IIP change (%),Manufacture of wearing apparel,2022-Q2,5.9,5.9,ok,,
iip.quarter-on-quarter-iip-change-manufacture-of-wearing-apparel.q,quarterly,Quarter-on-quarter IIP change (%),Manufacture of wearing apparel,2022-Q3,-7.5,-7.5,ok,,
iip.quarter-on-quarter-iip-change-manufacture-of-wearing-apparel.q,quarterly,Quarter-on-quarter IIP change (%),Manufacture of wearing apparel,2022-Q4,-1.6,-1.6,ok,,
iip.quarter-on-quarter-iip-change-manufacture-of-wearing-apparel.q,quarterly,Quarter-on-quarter IIP change (%),Manufacture of wearing apparel,2023-Q1,4.6,4.6,ok,,
iip.quarter-on-quarter-iip-change-manufacture-of-wearing-apparel.q,quarterly,Quarter-on-quarter IIP change (%),Manufacture of wearing apparel,2023-Q2,8.9,8.9,ok,,
iip.quarter-on-quarter-iip-change-manufacture-of-wearing-apparel.q,quarterly,Quarter-on-quarter IIP change (%),Manufacture of wearing apparel,2023-Q3,1.3,1.3,ok,,
iip.quarter-on-quarter-iip-change-manufacture-of-wearing-apparel.q,quarterly,Quarter-on-quarter IIP change (%),Manufacture of wearing apparel,2023-Q4,-5.3,-5.3,ok,,
iip.quarter-on-quarter-iip-change-manufacture-of-wearing-apparel.q,quarterly,Quarter-on-quarter IIP change (%),Manufacture of wearing apparel,2024-Q1,3.6,3.6,ok,,
iip.quarter-on-quarter-iip-change-manufacture-of-wearing-apparel.q,quarterly,Quarter-on-quarter IIP change (%),Manufacture of wearing apparel,2024-Q2,3.8,3.8,ok,,
iip.quarter-on-quarter-iip-change-manufacture-of-wearing-apparel.q,quarterly,Quarter-on-quarter IIP change (%),Manufacture of wearing apparel,2024-Q3,2.5,2.5,ok,,
iip.quarter-on-quarter-iip-change-manufacture-of-wearing-apparel.q,quarterly,Quarter-on-quarter IIP change (%),Manufacture of wearing apparel,2024-Q4,-1.4,-1.4,ok,,
iip.quarter-on-quarter-iip-change-manufacture-of-wearing-apparel.q,quarterly,Quarter-on-quarter IIP change (%),Manufacture of wearing apparel,2025-Q1,-12.5,-12.5,ok,,
iip.quarter-on-quarter-iip-change-manufacture-of-wearing-apparel.q,quarterly,Quarter-on-quarter IIP change (%),Manufacture of wearing apparel,2025-Q2,15.6,15.6,ok,,
iip.quarter-on-quarter-iip-change-manufacture-of-wearing-apparel.q,quarterly,Quarter-on-quarter IIP change (%),Manufacture of wearing apparel,2025-Q3,1.2,1.2,ok,,
iip.quarter-on-quarter-iip-change-manufacture-of-leather-and-related-products.q,quarterly,Quarter-on-quarter IIP change (%),Manufacture of leather and related products,2022-Q2,3.2,3.2,ok,,
iip.quarter-on-quarter-iip-change-manufacture-of-leather-and-related-products.q,quarterly,Quarter-on-quarter IIP change (%),Manufacture of leather and related products,2022-Q3,-1.4,-1.4,ok,,
iip.quarter-on-quarter-iip-change-manufacture-of-leather-and-related-products.q,quarterly,Quarter-on-quarter IIP change (%),Manufacture of leather and related products,2022-Q4,0.3,0.3,ok,,
iip.quarter-on-quarter-iip-change-manufacture-of-leather-and-related-products.q,quarterly,Quarter-on-quarter IIP change (%),Manufacture of leather and related products,2023-Q1,-3.1,-3.1,ok,,
iip.quarter-on-quarter-iip-change-manufacture-of-leather-and-related-products.q,quarterly,Quarter-on-quarter IIP change (%),Manufacture of leather and related products,2023-Q2,1.9,1.9,ok,,
iip.quarter-on-quarter-iip-change-manufacture-of-leather-and-related-products.q,quarterly,Quarter-on-quarter IIP change (%),Manufacture of leather and related products,2023-Q3,-11.1,-11.1,ok,,
iip.quarter-on-quarter-iip-change-manufacture-of-leather-and-related-products.q,quarterly,Quarter-on-quarter IIP change (%),Manufacture of leather and related products,2023-Q4,6.2,6.2,ok,,
iip.quarter-on-quarter-iip-change-manufacture-of-leather-and-related-products.q,quarterly,Quarter-on-quarter IIP change (%),Manufacture of leather and related products,2024-Q1,9.3,9.3,ok,,
iip.quarter-on-quarter-iip-change-manufacture-of-leather-and-related-products.q,quarterly,Quarter-on-quarter IIP change (%),Manufacture of leather and related products,2024-Q2,8.2,8.2,ok,,
iip.quarter-on-quarter-iip-change-manufacture-of-leather-and-related-products.q,quarterly,Quarter-on-quarter IIP change (%),Manufacture of leather and related products,2024-Q3,-8.8,-8.8,ok,,
iip.quarter-on-quarter-iip-change-manufacture-of-leather-and-related-products.q,quarterly,Quarter-on-quarter IIP change (%),Manufacture of leather and related products,2024-Q4,5,5,ok,,
iip.quarter-on-quarter-iip-change-manufacture-of-leather-and-related-products.q,quarterly,Quarter-on-quarter IIP change (%),Manufacture of leather and related products,2025-Q1,3.7,3.7,ok,,
iip.quarter-on-quarter-iip-change-manufacture-of-leather-and-related-products.q,quarterly,Quarter-on-quarter IIP change (%),Manufacture of leather and related products,2025-Q2,11.6,11.6,ok,,
iip.quarter-on-quarter-iip-change-manufacture-of-leather-and-related-products.q,quarterly,Quarter-on-quarter IIP change (%),Manufacture of leather and related products,2025-Q3,-14.5,-14.5,ok,,
iip.quarter-on-quarter-iip-change-manufacture-of-wood-and-of-products-of-wood-and-co.q,quarterly,Quarter-on-quarter IIP change (%),Manufacture of wood and of products of wood and cork,2022-Q2,-0.7,-0.7,ok,,
iip.quarter-on-quarter-iip-change-manufacture-of-wood-and-of-products-of-wood-and-co.q,quarterly,Quarter-on-quarter IIP change (%),Manufacture of wood and of products of wood and cork,2022-Q3,-4.3,-4.3,ok,,
iip.quarter-on-quarter-iip-change-manufacture-of-wood-and-of-products-of-wood-and-co.q,quarterly,Quarter-on-quarter IIP change (%),Manufacture of wood and of products of wood and cork,2022-Q4,5,5,ok,,
iip.quarter-on-quarter-iip-change-manufacture-of-wood-and-of-products-of-wood-and-co.q,quarterly,Quarter-on-quarter IIP change (%),Manufacture of wood and of products of wood and cork,2023-Q1,-4.9,-4.9,ok,,
iip.quarter-on-quarter-iip-change-manufacture-of-wood-and-of-products-of-wood-and-co.q,quarterly,Quarter-on-quarter IIP change (%),Manufacture of wood and of products of wood and cork,2023-Q2,-2.1,-2.1,ok,,
iip.quarter-on-quarter-iip-change-manufacture-of-wood-and-of-products-of-wood-and-co.q,quarterly,Quarter-on-quarter IIP change (%),Manufacture of wood and of products of wood and cork,2023-Q3,10.4,10.4,ok,,
iip.quarter-on-quarter-iip-change-manufacture-of-wood-and-of-products-of-wood-and-co.q,quarterly,Quarter-on-quarter IIP change (%),Manufacture of wood and of products of wood and cork,2023-Q4,6.3,6.3,ok,,
iip.quarter-on-quarter-iip-change-manufacture-of-wood-and-of-products-of-wood-and-co.q,quarterly,Quarter-on-quarter IIP change (%),Manufacture of wood and of products of wood and cork,2024-Q1,-11.4,-11.4,ok,,
iip.quarter-on-quarter-iip-change-manufacture-of-wood-and-of-products-of-wood-and-co.q,quarterly,Quarter-on-quarter IIP change (%),Manufacture of wood and of products of wood and cork,2024-Q2,1.2,1.2,ok,,
iip.quarter-on-quarter-iip-change-manufacture-of-wood-and-of-products-of-wood-and-co.q,quarterly,Quarter-on-quarter IIP change (%),Manufacture of wood and of products of wood and cork,2024-Q3,5.9,5.9,ok,,
iip.quarter-on-quarter-iip-change-manufacture-of-wood-and-of-products-of-wood-and-co.q,quarterly,Quarter-on-quarter IIP change (%),Manufacture of wood and of products of wood and cork,2024-Q4,8,8,ok,,
iip.quarter-on-quarter-iip-change-manufacture-of-wood-and-of-products-of-wood-and-co.q,quarterly,Quarter-on-quarter IIP change (%),Manufacture of wood and of products of wood and cork,2025-Q1,-9.5,-9.5,ok,,
iip.quarter-on-quarter-iip-change-manufacture-of-wood-and-of-products-of-wood-and-co.q,quarterly,Quarter-on-quarter IIP change (%),Manufacture of wood and of products of wood and cork,2025-Q2,8.2,8.2,ok,,
iip.quarter-on-quarter-iip-change-manufacture-of-wood-and-of-products-of-wood-and-co.q,quarterly,Quarter-on-quarter IIP change (%),Manufacture of wood and of products of wood and cork,2025-Q3,0.6,0.6,ok,,
iip.quarter-on-quarter-iip-change-manufacture-of-paper-and-paper-products.q,quarterly,Quarter-on-quarter IIP change (%),Manufacture of paper and paper products,2022-Q2,5,5,ok,,
iip.quarter-on-quarter-iip-change-manufacture-of-paper-and-paper-products.q,quarterly,Quarter-on-quarter IIP change (%),Manufacture of paper and paper products,2022-Q3,-0.4,-0.4,ok,,
iip.quarter-on-quarter-iip-change-manufacture-of-paper-and-paper-products.q,quarterly,Quarter-on-quarter IIP change (%),Manufacture of paper and paper products,2022-Q4,-0.8,-0.8,ok,,
iip.quarter-on-quarter-iip-change-manufacture-of-paper-and-paper-products.q,quarterly,Quarter-on-quarter IIP change (%),Manufacture of paper and paper products,2023-Q1,-8.2,-8.2,ok,,
iip.quarter-on-quarter-iip-change-manufacture-of-paper-and-paper-products.q,quarterly,Quarter-on-quarter IIP change (%),Manufacture of paper and paper products,2023-Q2,2.4,2.4,ok,,
iip.quarter-on-quarter-iip-change-manufacture-of-paper-and-paper-products.q,quarterly,Quarter-on-quarter IIP change (%),Manufacture of paper and paper products,2023-Q3,21.5,21.5,ok,,
iip.quarter-on-quarter-iip-change-manufacture-of-paper-and-paper-products.q,quarterly,Quarter-on-quarter IIP change (%),Manufacture of paper and paper products,2023-Q4,-10.8,-10.8,ok,,
iip.quarter-on-quarter-iip-change-manufacture-of-paper-and-paper-products.q,quarterly,Quarter-on-quarter IIP change (%),Manufacture of paper and paper products,2024-Q1,-3.4,-3.4,ok,,
iip.quarter-on-quarter-iip-change-manufacture-of-paper-and-paper-products.q,quarterly,Quarter-on-quarter IIP change (%),Manufacture of paper and paper products,2024-Q2,7.7,7.7,ok,,
iip.quarter-on-quarter-iip-change-manufacture-of-paper-and-paper-products.q,quarterly,Quarter-on-quarter IIP change (%),Manufacture of paper and paper products,2024-Q3,33.9,33.9,ok,,
iip.quarter-on-quarter-iip-change-manufacture-of-paper-and-paper-products.q,quarterly,Quarter-on-quarter IIP change (%),Manufacture of paper and paper products,2024-Q4,1,1,ok,,
iip.quarter-on-quarter-iip-change-manufacture-of-paper-and-paper-products.q,quarterly,Quarter-on-quarter IIP change (%),Manufacture of paper and paper products,2025-Q1,-22.8,-22.8,ok,,
iip.quarter-on-quarter-iip-change-manufacture-of-paper-and-paper-products.q,quarterly,Quarter-on-quarter IIP change (%),Manufacture of paper and paper products,2025-Q2,14.8,14.8,ok,,
iip.quarter-on-quarter-iip-change-manufacture-of-paper-and-paper-products.q,quarterly,Quarter-on-quarter IIP change (%),Manufacture of paper and paper products,2025-Q3,18.4,18.4,ok,,
iip.quarter-on-quarter-iip-change-printing-and-reproduction-of-recorded-media.q,quarterly,Quarter-on-quarter IIP change (%),Printing and reproduction of recorded media,2022-Q2,-10,-10,ok,,
iip.quarter-on-quarter-iip-change-printing-and-reproduction-of-recorded-media.q,quarterly,Quarter-on-quarter IIP change (%),Printing and reproduction of recorded media,2022-Q3,22.9,22.9,ok,,
iip.quarter-on-quarter-iip-change-printing-and-reproduction-of-recorded-media.q,quarterly,Quarter-on-quarter IIP change (%),Printing and reproduction of recorded media,2022-Q4,15.4,15.4,ok,,
iip.quarter-on-quarter-iip-change-printing-and-reproduction-of-recorded-media.q,quarterly,Quarter-on-quarter IIP change (%),Printing and reproduction of recorded media,2023-Q1,-8.1,-8.1,ok,,
iip.quarter-on-quarter-iip-change-printing-and-reproduction-of-recorded-media.q,quarterly,Quarter-on-quarter IIP change (%),Printing and reproduction of recorded media,2023-Q2,0.1,0.1,ok,,
iip.quarter-on-quarter-iip-change-printing-and-reproduction-of-recorded-media.q,quarterly,Quarter-on-quarter IIP change (%),Printing and reproduction of recorded media,2023-Q3,6.1,6.1,ok,,
iip.quarter-on-quarter-iip-change-printing-and-reproduction-of-recorded-media.q,quarterly,Quarter-on-quarter IIP change (%),Printing and reproduction of recorded media,2023-Q4,6.7,6.7,ok,,
iip.quarter-on-quarter-iip-change-printing-and-reproduction-of-recorded-media.q,quarterly,Quarter-on-quarter IIP change (%),Printing and reproduction of recorded media,2024-Q1,0.5,0.5,ok,,
iip.quarter-on-quarter-iip-change-printing-and-reproduction-of-recorded-media.q,quarterly,Quarter-on-quarter IIP change (%),Printing and reproduction of recorded media,2024-Q2,2.8,2.8,ok,,
iip.quarter-on-quarter-iip-change-printing-and-reproduction-of-recorded-media.q,quarterly,Quarter-on-quarter IIP change (%),Printing and reproduction of recorded media,2024-Q3,15.8,15.8,ok,,
iip.quarter-on-quarter-iip-change-printing-and-reproduction-of-recorded-media.q,quarterly,Quarter-on-quarter IIP change (%),Printing and reproduction of recorded media,2024-Q4,7.5,7.5,ok,,
iip.quarter-on-quarter-iip-change-printing-and-reproduction-of-recorded-media.q,quarterly,Quarter-on-quarter IIP change (%),Printing and reproduction of recorded media,2025-Q1,-13.1,-13.1,ok,,
iip.quarter-on-quarter-iip-change-printing-and-reproduction-of-recorded-media.q,quarterly,Quarter-on-quarter IIP change (%),Printing and reproduction of recorded media,2025-Q2,-1.1,-1.1,ok,,
iip.quarter-on-quarter-iip-change-printing-and-reproduction-of-recorded-media.q,quarterly,Quarter-on-quarter IIP change (%),Printing and reproduction of recorded media,2025-Q3,18.8,18.8,ok,,
iip.quarter-on-quarter-iip-change-manufacture-of-coke-and-refined-petroleum-products.q,quarterly,Quarter-on-quarter IIP change (%),Manufacture of coke and refined petroleum products,2022-Q2,-2.2,-2.2,ok,,
iip.quarter-on-quarter-iip-change-manufacture-of-coke-and-refined-petroleum-products.q,quarterly,Quarter-on-quarter IIP change (%),Manufacture of coke and refined petroleum products,2022-Q3,-3.7,-3.7,ok,,
iip.quarter-on-quarter-iip-change-manufacture-of-coke-and-refined-petroleum-products.q,quarterly,Quarter-on-quarter IIP change (%),Manufacture of coke and refined petroleum products,2022-Q4,11.1,11.1,ok,,
iip.quarter-on-quarter-iip-change-manufacture-of-coke-and-refined-petroleum-products.q,quarterly,Quarter-on-quarter IIP change (%),Manufacture of coke and refined petroleum products,2023-Q1,-8.2,-8.2,ok,,
iip.quarter-on-quarter-iip-change-manufacture-of-coke-and-refined-petroleum-products.q,quarterly,Quarter-on-quarter IIP change (%),Manufacture of coke and refined petroleum products,2023-Q2,27.5,27.5,ok,,
iip.quarter-on-quarter-iip-change-manufacture-of-coke-and-refined-petroleum-products.q,quarterly,Quarter-on-quarter IIP change (%),Manufacture of coke and refined petroleum products,2023-Q3,0.7,0.7,ok,,
iip.quarter-on-quarter-iip-change-manufacture-of-coke-and-refined-petroleum-products.q,quarterly,Quarter-on-quarter IIP change (%),Manufacture of coke and refined petroleum products,2023-Q4,-0.7,-0.7,ok,,
iip.quarter-on-quarter-iip-change-manufacture-of-coke-and-refined-petroleum-products.q,quarterly,Quarter-on-quarter IIP change (%),Manufacture of coke and refined petroleum products,2024-Q1,-9.3,-9.3,ok,,
iip.quarter-on-quarter-iip-change-manufacture-of-coke-and-refined-petroleum-products.q,quarterly,Quarter-on-quarter IIP change (%),Manufacture of coke and refined petroleum products,2024-Q2,8.3,8.3,ok,,
iip.quarter-on-quarter-iip-change-manufacture-of-coke-and-refined-petroleum-products.q,quarterly,Quarter-on-quarter IIP change (%),Manufacture of coke and refined petroleum products,2024-Q3,9.9,9.9,ok,,
iip.quarter-on-quarter-iip-change-manufacture-of-coke-and-refined-petroleum-products.q,quarterly,Quarter-on-quarter IIP change (%),Manufacture of coke and refined petroleum products,2024-Q4,1.1,1.1,ok,,
iip.quarter-on-quarter-iip-change-manufacture-of-coke-and-refined-petroleum-products.q,quarterly,Quarter-on-quarter IIP change (%),Manufacture of coke and refined petroleum products,2025-Q1,-12.3,-12.3,ok,,
iip.quarter-on-quarter-iip-change-manufacture-of-coke-and-refined-petroleum-products.q,quarterly,Quarter-on-quarter IIP change (%),Manufacture of coke and refined petroleum products,2025-Q2,12.3,12.3,ok,,
iip.quarter-on-quarter-iip-change-manufacture-of-coke-and-refined-petroleum-products.q,quarterly,Quarter-on-quarter IIP change (%),Manufacture of coke and refined petroleum products,2025-Q3,7,7,ok,,
iip.quarter-on-quarter-iip-change-manufacture-of-chemicals-and-chemical-products.q,quarterly,Quarter-on-quarter IIP change (%),Manufacture of chemicals and chemical products,2022-Q2,-2.3,-2.3,ok,,
iip.quarter-on-quarter-iip-change-manufacture-of-chemicals-and-chemical-products.q,quarterly,Quarter-on-quarter IIP change (%),Manufacture of chemicals and chemical products,2022-Q3,-14.8,-14.8,ok,,
iip.quarter-on-quarter-iip-change-manufacture-of-chemicals-and-chemical-products.q,quarterly,Quarter-on-quarter IIP change (%),Manufacture of chemicals and chemical products,2022-Q4,0.4,0.4,ok,,
iip.quarter-on-quarter-iip-change-manufacture-of-chemicals-and-chemical-products.q,quarterly,Quarter-on-quarter IIP change (%),Manufacture of chemicals and chemical products,2023-Q1,-12,-12,ok,,
iip.quarter-on-quarter-iip-change-manufacture-of-chemicals-and-chemical-products.q,quarterly,Quarter-on-quarter IIP change (%),Manufacture of chemicals and chemical products,2023-Q2,-2.7,-2.7,ok,,
iip.quarter-on-quarter-iip-change-manufacture-of-chemicals-and-chemical-products.q,quarterly,Quarter-on-quarter IIP change (%),Manufacture of chemicals and chemical products,2023-Q3,25.8,25.8,ok,,
iip.quarter-on-quarter-iip-change-manufacture-of-chemicals-and-chemical-products.q,quarterly,Quarter-on-quarter IIP change (%),Manufacture of chemicals and chemical products,2023-Q4,1.2,1.2,ok,,
iip.quarter-on-quarter-iip-change-manufacture-of-chemicals-and-chemical-products.q,quarterly,Quarter-on-quarter IIP change (%),Manufacture of chemicals and chemical products,2024-Q1,-10.9,-10.9,ok,,
iip.quarter-on-quarter-iip-change-manufacture-of-chemicals-and-chemical-products.q,quarterly,Quarter-on-quarter IIP change (%),Manufacture of chemicals and chemical products,2024-Q2,-6.6,-6.6,ok,,
iip.quarter-on-quarter-iip-change-manufacture-of-chemicals-and-chemical-products.q,quarterly,Quarter-on-quarter IIP change (%),Manufacture of chemicals and chemical products,2024-Q3,8.7,8.7,ok,,
iip.quarter-on-quarter-iip-change-manufacture-of-chemicals-and-chemical-products.q,quarterly,Quarter-on-quarter IIP change (%),Manufacture of chemicals and chemical products,2024-Q4,13.3,13.3,ok,,
iip.quarter-on-quarter-iip-change-manufacture-of-chemicals-and-chemical-products.q,quarterly,Quarter-on-quarter IIP change (%),Manufacture of chemicals and chemical products,2025-Q1,-12,-12,ok,,
iip.quarter-on-quarter-iip-change-manufacture-of-chemicals-and-chemical-products.q,quarterly,Quarter-on-quarter IIP change (%),Manufacture of chemicals and chemical products,2025-Q2,-1.4,-1.4,ok,,
iip.quarter-on-quarter-iip-change-manufacture-of-chemicals-and-chemical-products.q,quarterly,Quarter-on-quarter IIP change (%),Manufacture of chemicals and chemical products,2025-Q3,1.9,1.9,ok,,
iip.quarter-on-quarter-iip-change-manufacture-of-pharmaceuticals-medicinal-chemical-.q,quarterly,Quarter-on-quarter IIP change (%),"Manufacture of pharmaceuticals, medicinal chemical and botanical products",2022-Q2,5.6,5.6,ok,,
iip.quarter-on-quarter-iip-change-manufacture-of-pharmaceuticals-medicinal-chemical-.q,quarterly,Quarter-on-quarter IIP change (%),"Manufacture of pharmaceuticals, medicinal chemical and botanical products",2022-Q3,-5.6,-5.6,ok,,
iip.quarter-on-quarter-iip-change-manufacture-of-pharmaceuticals-medicinal-chemical-.q,quarterly,Quarter-on-quarter IIP change (%),"Manufacture of pharmaceuticals, medicinal chemical and botanical products",2022-Q4,8.2,8.2,ok,,
iip.quarter-on-quarter-iip-change-manufacture-of-pharmaceuticals-medicinal-chemical-.q,quarterly,Quarter-on-quarter IIP change (%),"Manufacture of pharmaceuticals, medicinal chemical and botanical products",2023-Q1,-19.8,-19.8,ok,,
iip.quarter-on-quarter-iip-change-manufacture-of-pharmaceuticals-medicinal-chemical-.q,quarterly,Quarter-on-quarter IIP change (%),"Manufacture of pharmaceuticals, medicinal chemical and botanical products",2023-Q2,2.6,2.6,ok,,
iip.quarter-on-quarter-iip-change-manufacture-of-pharmaceuticals-medicinal-chemical-.q,quarterly,Quarter-on-quarter IIP change (%),"Manufacture of pharmaceuticals, medicinal chemical and botanical products",2023-Q3,19.8,19.8,ok,,
iip.quarter-on-quarter-iip-change-manufacture-of-pharmaceuticals-medicinal-chemical-.q,quarterly,Quarter-on-quarter IIP change (%),"Manufacture of pharmaceuticals, medicinal chemical and botanical products",2023-Q4,4.5,4.5,ok,,
iip.quarter-on-quarter-iip-change-manufacture-of-pharmaceuticals-medicinal-chemical-.q,quarterly,Quarter-on-quarter IIP change (%),"Manufacture of pharmaceuticals, medicinal chemical and botanical products",2024-Q1,-11.5,-11.5,ok,,
iip.quarter-on-quarter-iip-change-manufacture-of-pharmaceuticals-medicinal-chemical-.q,quarterly,Quarter-on-quarter IIP change (%),"Manufacture of pharmaceuticals, medicinal chemical and botanical products",2024-Q2,-0.9,-0.9,ok,,
iip.quarter-on-quarter-iip-change-manufacture-of-pharmaceuticals-medicinal-chemical-.q,quarterly,Quarter-on-quarter IIP change (%),"Manufacture of pharmaceuticals, medicinal chemical and botanical products",2024-Q3,11.8,11.8,ok,,
iip.quarter-on-quarter-iip-change-manufacture-of-pharmaceuticals-medicinal-chemical-.q,quarterly,Quarter-on-quarter IIP change (%),"Manufacture of pharmaceuticals, medicinal chemical and botanical products",2024-Q4,7.2,7.2,ok,,
iip.quarter-on-quarter-iip-change-manufacture-of-pharmaceuticals-medicinal-chemical-.q,quarterly,Quarter-on-quarter IIP change (%),"Manufacture of pharmaceuticals, medicinal chemical and botanical products",2025-Q1,-13.1,-13.1,ok,,
iip.quarter-on-quarter-iip-change-manufacture-of-pharmaceuticals-medicinal-chemical-.q,quarterly,Quarter-on-quarter IIP change (%),"Manufacture of pharmaceuticals, medicinal chemical and botanical products",2025-Q2,-0.6,-0.6,ok,,
iip.quarter-on-quarter-iip-change-manufacture-of-pharmaceuticals-medicinal-chemical-.q,quarterly,Quarter-on-quarter IIP change (%),"Manufacture of pharmaceuticals, medicinal chemical and botanical products",2025-Q3,14.8,14.8,ok,,
iip.quarter-on-quarter-iip-change-manufacture-of-rubber-and-plastics-products.q,quarterly,Quarter-on-quarter IIP change (%),Manufacture of rubber and plastics products,2022-Q2,3.6,3.6,ok,,
iip.quarter-on-quarter-iip-change-manufacture-of-rubber-and-plastics-products.q,quarterly,Quarter-on-quarter IIP change (%),Manufacture of rubber and plastics products,2022-Q3,-2.3,-2.3,ok,,
iip.quarter-on-quarter-iip-change-manufacture-of-rubber-and-plastics-products.q,quarterly,Quarter-on-quarter IIP change (%),Manufacture of rubber and plastics products,2022-Q4,6.1,6.1,ok,,
iip.quarter-on-quarter-iip-change-manufacture-of-rubber-and-plastics-products.q,quarterly,Quarter-on-quarter IIP change (%),Manufacture of rubber and plastics products,2023-Q1,-0.2,-0.2,ok,,
iip.quarter-on-quarter-iip-change-manufacture-of-rubber-and-plastics-products.q,quarterly,Quarter-on-quarter IIP change (%),Manufacture of rubber and plastics products,2023-Q2,4.8,4.8,ok,,
iip.quarter-on-quarter-iip-change-manufacture-of-rubber-and-plastics-products.q,quarterly,Quarter-on-quarter IIP change (%),Manufacture of rubber and plastics products,2023-Q3,2.1,2.1,ok,,
iip.quarter-on-quarter-iip-change-manufacture-of-rubber-and-plastics-products.q,quarterly,Quarter-on-quarter IIP change (%),Manufacture of rubber and plastics products,2023-Q4,-5,-5,ok,,
iip.quarter-on-quarter-iip-change-manufacture-of-rubber-and-plastics-products.q,quarterly,Quarter-on-quarter IIP change (%),Manufacture of rubber and plastics products,2024-Q1,1.9,1.9,ok,,
iip.quarter-on-quarter-iip-change-manufacture-of-rubber-and-plastics-products.q,quarterly,Quarter-on-quarter IIP change (%),Manufacture of rubber and plastics products,2024-Q2,13.1,13.1,ok,,
iip.quarter-on-quarter-iip-change-manufacture-of-rubber-and-plastics-products.q,quarterly,Quarter-on-quarter IIP change (%),Manufacture of rubber and plastics products,2024-Q3,6.4,6.4,ok,,
iip.quarter-on-quarter-iip-change-manufacture-of-rubber-and-plastics-products.q,quarterly,Quarter-on-quarter IIP change (%),Manufacture of rubber and plastics products,2024-Q4,-5.2,-5.2,ok,,
iip.quarter-on-quarter-iip-change-manufacture-of-rubber-and-plastics-products.q,quarterly,Quarter-on-quarter IIP change (%),Manufacture of rubber and plastics products,2025-Q1,-6.2,-6.2,ok,,
iip.quarter-on-quarter-iip-change-manufacture-of-rubber-and-plastics-products.q,quarterly,Quarter-on-quarter IIP change (%),Manufacture of rubber and plastics products,2025-Q2,-4,-4,ok,,
iip.quarter-on-quarter-iip-change-manufacture-of-rubber-and-plastics-products.q,quarterly,Quarter-on-quarter IIP change (%),Manufacture of rubber and plastics products,2025-Q3,9.3,9.3,ok,,
iip.quarter-on-quarter-iip-change-manufacture-of-other-non-metallic-mineral-products.q,quarterly,Quarter-on-quarter IIP change (%),Manufacture of other non-metallic mineral products,2022-Q2,1.3,1.3,ok,,
iip.quarter-on-quarter-iip-change-manufacture-of-other-non-metallic-mineral-products.q,quarterly,Quarter-on-quarter IIP change (%),Manufacture of other non-metallic mineral products,2022-Q3,-2.9,-2.9,ok,,
iip.quarter-on-quarter-iip-change-manufacture-of-other-non-metallic-mineral-products.q,quarterly,Quarter-on-quarter IIP change (%),Manufacture of other non-metallic mineral products,2022-Q4,8,8,ok,,
iip.quarter-on-quarter-iip-change-manufacture-of-other-non-metallic-mineral-products.q,quarterly,Quarter-on-quarter IIP change (%),Manufacture of other non-metallic mineral products,2023-Q1,-9.9,-9.9,ok,,
iip.quarter-on-quarter-iip-change-manufacture-of-other-non-metallic-mineral-products.q,quarterly,Quarter-on-quarter IIP change (%),Manufacture of other non-metallic mineral products,2023-Q2,14.2,14.2,ok,,
iip.quarter-on-quarter-iip-change-manufacture-of-other-non-metallic-mineral-products.q,quarterly,Quarter-on-quarter IIP change (%),Manufacture of other non-metallic mineral products,2023-Q3,-9.8,-9.8,ok,,
iip.quarter-on-quarter-iip-change-manufacture-of-other-non-metallic-mineral-products.q,quarterly,Quarter-on-quarter IIP change (%),Manufacture of other non-metallic mineral products,2023-Q4,1,1,ok,,
iip.quarter-on-quarter-iip-change-manufacture-of-other-non-metallic-mineral-products.q,quarterly,Quarter-on-quarter IIP change (%),Manufacture of other non-metallic mineral products,2024-Q1,1.5,1.5,ok,,
iip.quarter-on-quarter-iip-change-manufacture-of-other-non-metallic-mineral-products.q,quarterly,Quarter-on-quarter IIP change (%),Manufacture of other non-metallic mineral products,2024-Q2,15.8,15.8,ok,,
iip.quarter-on-quarter-iip-change-manufacture-of-other-non-metallic-mineral-products.q,quarterly,Quarter-on-quarter IIP change (%),Manufacture of other non-metallic mineral products,2024-Q3,0,0,ok,,
iip.quarter-on-quarter-iip-change-manufacture-of-other-non-metallic-mineral-products.q,quarterly,Quarter-on-quarter IIP change (%),Manufacture of other non-metallic mineral products,2024-Q4,0.3,0.3,ok,,
iip.quarter-on-quarter-iip-change-manufacture-of-other-non-metallic-mineral-products.q,quarterly,Quarter-on-quarter IIP change (%),Manufacture of other non-metallic mineral products,2025-Q1,-7.8,-7.8,ok,,
iip.quarter-on-quarter-iip-change-manufacture-of-other-non-metallic-mineral-products.q,quarterly,Quarter-on-quarter IIP change (%),Manufacture of other non-metallic mineral products,2025-Q2,9.1,9.1,ok,,
iip.quarter-on-quarter-iip-change-manufacture-of-other-non-metallic-mineral-products.q,quarterly,Quarter-on-quarter IIP change (%),Manufacture of other non-metallic mineral products,2025-Q3,2.2,2.2,ok,,
iip.quarter-on-quarter-iip-change-manufacture-of-basic-metals.q,quarterly,Quarter-on-quarter IIP change (%),Manufacture of basic metals,2022-Q2,1.5,1.5,ok,,
iip.quarter-on-quarter-iip-change-manufacture-of-basic-metals.q,quarterly,Quarter-on-quarter IIP change (%),Manufacture of basic metals,2022-Q3,-9,-9,ok,,
iip.quarter-on-quarter-iip-change-manufacture-of-basic-metals.q,quarterly,Quarter-on-quarter IIP change (%),Manufacture of basic metals,2022-Q4,5.9,5.9,ok,,
iip.quarter-on-quarter-iip-change-manufacture-of-basic-metals.q,quarterly,Quarter-on-quarter IIP change (%),Manufacture of basic metals,2023-Q1,-4.1,-4.1,ok,,
iip.quarter-on-quarter-iip-change-manufacture-of-basic-metals.q,quarterly,Quarter-on-quarter IIP change (%),Manufacture of basic metals,2023-Q2,1.2,1.2,ok,,
iip.quarter-on-quarter-iip-change-manufacture-of-basic-metals.q,quarterly,Quarter-on-quarter IIP change (%),Manufacture of basic metals,2023-Q3,-4.2,-4.2,ok,,
iip.quarter-on-quarter-iip-change-manufacture-of-basic-metals.q,quarterly,Quarter-on-quarter IIP change (%),Manufacture of basic metals,2023-Q4,4.2,4.2,ok,,
iip.quarter-on-quarter-iip-change-manufacture-of-basic-metals.q,quarterly,Quarter-on-quarter IIP change (%),Manufacture of basic metals,2024-Q1,-1.8,-1.8,ok,,
iip.quarter-on-quarter-iip-change-manufacture-of-basic-metals.q,quarterly,Quarter-on-quarter IIP change (%),Manufacture of basic metals,2024-Q2,18.5,18.5,ok,,
iip.quarter-on-quarter-iip-change-manufacture-of-basic-metals.q,quarterly,Quarter-on-quarter IIP change (%),Manufacture of basic metals,2024-Q3,-11.6,-11.6,ok,,
iip.quarter-on-quarter-iip-change-manufacture-of-basic-metals.q,quarterly,Quarter-on-quarter IIP change (%),Manufacture of basic metals,2024-Q4,4.5,4.5,ok,,
iip.quarter-on-quarter-iip-change-manufacture-of-basic-metals.q,quarterly,Quarter-on-quarter IIP change (%),Manufacture of basic metals,2025-Q1,0.9,0.9,ok,,
iip.quarter-on-quarter-iip-change-manufacture-of-basic-metals.q,quarterly,Quarter-on-quarter IIP change (%),Manufacture of basic metals,2025-Q2,13.3,13.3,ok,,
iip.quarter-on-quarter-iip-change-manufacture-of-basic-metals.q,quarterly,Quarter-on-quarter IIP change (%),Manufacture of basic metals,2025-Q3,-8.8,-8.8,ok,,
iip.quarter-on-quarter-iip-change-manufacture-of-fabricated-metal-products-except-ma.q,quarterly,Quarter-on-quarter IIP change (%),"Manufacture of fabricated metal products, except machinery and equipment",2022-Q2,2.3,2.3,ok,,
iip.quarter-on-quarter-iip-change-manufacture-of-fabricated-metal-products-except-ma.q,quarterly,Quarter-on-quarter IIP change (%),"Manufacture of fabricated metal products, except machinery and equipment",2022-Q3,-4,-4,ok,,
iip.quarter-on-quarter-iip-change-manufacture-of-fabricated-metal-products-except-ma.q,quarterly,Quarter-on-quarter IIP change (%),"Manufacture of fabricated metal products, except machinery and equipment",2022-Q4,7,7,ok,,
iip.quarter-on-quarter-iip-change-manufacture-of-fabricated-metal-products-except-ma.q,quarterly,Quarter-on-quarter IIP change (%),"Manufacture of fabricated metal products, except machinery and equipment",2023-Q1,-18.6,-18.6,ok,,
iip.quarter-on-quarter-iip-change-manufacture-of-fabricated-metal-products-except-ma.q,quarterly,Quarter-on-quarter IIP change (%),"Manufacture of fabricated metal products, except machinery and equipment",2023-Q2,0.7,0.7,ok,,
iip.quarter-on-quarter-iip-change-manufacture-of-fabricated-metal-products-except-ma.q,quarterly,Quarter-on-quarter IIP change (%),"Manufacture of fabricated metal products, except machinery and equipment",2023-Q3,1.7,1.7,ok,,
iip.quarter-on-quarter-iip-change-manufacture-of-fabricated-metal-products-except-ma.q,quarterly,Quarter-on-quarter IIP change (%),"Manufacture of fabricated metal products, except machinery and equipment",2023-Q4,0.2,0.2,ok,,
iip.quarter-on-quarter-iip-change-manufacture-of-fabricated-metal-products-except-ma.q,quarterly,Quarter-on-quarter IIP change (%),"Manufacture of fabricated metal products, except machinery and equipment",2024-Q1,6.4,6.4,ok,,
iip.quarter-on-quarter-iip-change-manufacture-of-fabricated-metal-products-except-ma.q,quarterly,Quarter-on-quarter IIP change (%),"Manufacture of fabricated metal products, except machinery and equipment",2024-Q2,0.4,0.4,ok,,
iip.quarter-on-quarter-iip-change-manufacture-of-fabricated-metal-products-except-ma.q,quarterly,Quarter-on-quarter IIP change (%),"Manufacture of fabricated metal products, except machinery and equipment",2024-Q3,-5.5,-5.5,ok,,
iip.quarter-on-quarter-iip-change-manufacture-of-fabricated-metal-products-except-ma.q,quarterly,Quarter-on-quarter IIP change (%),"Manufacture of fabricated metal products, except machinery and equipment",2024-Q4,3,3,ok,,
iip.quarter-on-quarter-iip-change-manufacture-of-fabricated-metal-products-except-ma.q,quarterly,Quarter-on-quarter IIP change (%),"Manufacture of fabricated metal products, except machinery and equipment",2025-Q1,6,6,ok,,
iip.quarter-on-quarter-iip-change-manufacture-of-fabricated-metal-products-except-ma.q,quarterly,Quarter-on-quarter IIP change (%),"Manufacture of fabricated metal products, except machinery and equipment",2025-Q2,1.8,1.8,ok,,
iip.quarter-on-quarter-iip-change-manufacture-of-fabricated-metal-products-except-ma.q,quarterly,Quarter-on-quarter IIP change (%),"Manufacture of fabricated metal products, except machinery and equipment",2025-Q3,-2.7,-2.7,ok,,
iip.quarter-on-quarter-iip-change-manufacture-of-computer-electronic-and-optical-pro.q,quarterly,Quarter-on-quarter IIP change (%),"Manufacture of computer, electronic and optical products",2022-Q2,1.3,1.3,ok,,
iip.quarter-on-quarter-iip-change-manufacture-of-computer-electronic-and-optical-pro.q,quarterly,Quarter-on-quarter IIP change (%),"Manufacture of computer, electronic and optical products",2022-Q3,-2.7,-2.7,ok,,
iip.quarter-on-quarter-iip-change-manufacture-of-computer-electronic-and-optical-pro.q,quarterly,Quarter-on-quarter IIP change (%),"Manufacture of computer, electronic and optical products",2022-Q4,10.8,10.8,ok,,
iip.quarter-on-quarter-iip-change-manufacture-of-computer-electronic-and-optical-pro.q,quarterly,Quarter-on-quarter IIP change (%),"Manufacture of computer, electronic and optical products",2023-Q1,-9.3,-9.3,ok,,
iip.quarter-on-quarter-iip-change-manufacture-of-computer-electronic-and-optical-pro.q,quarterly,Quarter-on-quarter IIP change (%),"Manufacture of computer, electronic and optical products",2023-Q2,5.5,5.5,ok,,
iip.quarter-on-quarter-iip-change-manufacture-of-computer-electronic-and-optical-pro.q,quarterly,Quarter-on-quarter IIP change (%),"Manufacture of computer, electronic and optical products",2023-Q3,2.6,2.6,ok,,
iip.quarter-on-quarter-iip-change-manufacture-of-computer-electronic-and-optical-pro.q,quarterly,Quarter-on-quarter IIP change (%),"Manufacture of computer, electronic and optical products",2023-Q4,-6.1,-6.1,ok,,
iip.quarter-on-quarter-iip-change-manufacture-of-computer-electronic-and-optical-pro.q,quarterly,Quarter-on-quarter IIP change (%),"Manufacture of computer, electronic and optical products",2024-Q1,-0.1,-0.1,ok,,
iip.quarter-on-quarter-iip-change-manufacture-of-computer-electronic-and-optical-pro.q,quarterly,Quarter-on-quarter IIP change (%),"Manufacture of computer, electronic and optical products",2024-Q2,8.3,8.3,ok,,
iip.quarter-on-quarter-iip-change-manufacture-of-computer-electronic-and-optical-pro.q,quarterly,Quarter-on-quarter IIP change (%),"Manufacture of computer, electronic and optical products",2024-Q3,-1.7,-1.7,ok,,
iip.quarter-on-quarter-iip-change-manufacture-of-computer-electronic-and-optical-pro.q,quarterly,Quarter-on-quarter IIP change (%),"Manufacture of computer, electronic and optical products",2024-Q4,0.1,0.1,ok,,
iip.quarter-on-quarter-iip-change-manufacture-of-computer-electronic-and-optical-pro.q,quarterly,Quarter-on-quarter IIP change (%),"Manufacture of computer, electronic and optical products",2025-Q1,-5.3,-5.3,ok,,
iip.quarter-on-quarter-iip-change-manufacture-of-computer-electronic-and-optical-pro.q,quarterly,Quarter-on-quarter IIP change (%),"Manufacture of computer, electronic and optical products",2025-Q2,12.5,12.5,ok,,
iip.quarter-on-quarter-iip-change-manufacture-of-computer-electronic-and-optical-pro.q,quarterly,Quarter-on-quarter IIP change (%),"Manufacture of computer, electronic and optical products",2025-Q3,-3.4,-3.4,ok,,
iip.quarter-on-quarter-iip-change-manufacture-of-electrical-equipment.q,quarterly,Quarter-on-quarter IIP change (%),Manufacture of electrical equipment,2022-Q2,3.5,3.5,ok,,
iip.quarter-on-quarter-iip-change-manufacture-of-electrical-equipment.q,quarterly,Quarter-on-quarter IIP change (%),Manufacture of electrical equipment,2022-Q3,-4.4,-4.4,ok,,
iip.quarter-on-quarter-iip-change-manufacture-of-electrical-equipment.q,quarterly,Quarter-on-quarter IIP change (%),Manufacture of electrical equipment,2022-Q4,7,7,ok,,
iip.quarter-on-quarter-iip-change-manufacture-of-electrical-equipment.q,quarterly,Quarter-on-quarter IIP change (%),Manufacture of electrical equipment,2023-Q1,-12,-12,ok,,
iip.quarter-on-quarter-iip-change-manufacture-of-electrical-equipment.q,quarterly,Quarter-on-quarter IIP change (%),Manufacture of electrical equipment,2023-Q2,7.1,7.1,ok,,
iip.quarter-on-quarter-iip-change-manufacture-of-electrical-equipment.q,quarterly,Quarter-on-quarter IIP change (%),Manufacture of electrical equipment,2023-Q3,-15.9,-15.9,ok,,
iip.quarter-on-quarter-iip-change-manufacture-of-electrical-equipment.q,quarterly,Quarter-on-quarter IIP change (%),Manufacture of electrical equipment,2023-Q4,4.1,4.1,ok,,
iip.quarter-on-quarter-iip-change-manufacture-of-electrical-equipment.q,quarterly,Quarter-on-quarter IIP change (%),Manufacture of electrical equipment,2024-Q1,13.1,13.1,ok,,
iip.quarter-on-quarter-iip-change-manufacture-of-electrical-equipment.q,quarterly,Quarter-on-quarter IIP change (%),Manufacture of electrical equipment,2024-Q2,5.2,5.2,ok,,
iip.quarter-on-quarter-iip-change-manufacture-of-electrical-equipment.q,quarterly,Quarter-on-quarter IIP change (%),Manufacture of electrical equipment,2024-Q3,-0.5,-0.5,ok,,
iip.quarter-on-quarter-iip-change-manufacture-of-electrical-equipment.q,quarterly,Quarter-on-quarter IIP change (%),Manufacture of electrical equipment,2024-Q4,3.1,3.1,ok,,
iip.quarter-on-quarter-iip-change-manufacture-of-electrical-equipment.q,quarterly,Quarter-on-quarter IIP change (%),Manufacture of electrical equipment,2025-Q1,13,13,ok,,
iip.quarter-on-quarter-iip-change-manufacture-of-electrical-equipment.q,quarterly,Quarter-on-quarter IIP change (%),Manufacture of electrical equipment,2025-Q2,-0.9,-0.9,ok,,
iip.quarter-on-quarter-iip-change-manufacture-of-electrical-equipment.q,quarterly,Quarter-on-quarter IIP change (%),Manufacture of electrical equipment,2025-Q3,-5.9,-5.9,ok,,
iip.quarter-on-quarter-iip-change-manufacture-of-machinery-and-equipment-n-e-c.q,quarterly,Quarter-on-quarter IIP change (%),Manufacture of machinery and equipment n.e.c.,2022-Q2,6.1,6.1,ok,,
iip.quarter-on-quarter-iip-change-manufacture-of-machinery-and-equipment-n-e-c.q,quarterly,Quarter-on-quarter IIP change (%),Manufacture of machinery and equipment n.e.c.,2022-Q3,-4.5,-4.5,ok,,
iip.quarter-on-quarter-iip-change-manufacture-of-machinery-and-equipment-n-e-c.q,quarterly,Quarter-on-quarter IIP change (%),Manufacture of machinery and equipment n.e.c.,2022-Q4,0.5,0.5,ok,,
iip.quarter-on-quarter-iip-change-manufacture-of-machinery-and-equipment-n-e-c.q,quarterly,Quarter-on-quarter IIP change (%),Manufacture of machinery and equipment n.e.c.,2023-Q1,3.9,3.9,ok,,
iip.quarter-on-quarter-iip-change-manufacture-of-machinery-and-equipment-n-e-c.q,quarterly,Quarter-on-quarter IIP change (%),Manufacture of machinery and equipment n.e.c.,2023-Q2,7,7,ok,,
iip.quarter-on-quarter-iip-change-manufacture-of-machinery-and-equipment-n-e-c.q,quarterly,Quarter-on-quarter IIP change (%),Manufacture of machinery and equipment n.e.c.,2023-Q3,1.8,1.8,ok,,
iip.quarter-on-quarter-iip-change-manufacture-of-machinery-and-equipment-n-e-c.q,quarterly,Quarter-on-quarter IIP change (%),Manufacture of machinery and equipment n.e.c.,2023-Q4,1.3,1.3,ok,,
iip.quarter-on-quarter-iip-change-manufacture-of-machinery-and-equipment-n-e-c.q,quarterly,Quarter-on-quarter IIP change (%),Manufacture of machinery and equipment n.e.c.,2024-Q1,2.7,2.7,ok,,
iip.quarter-on-quarter-iip-change-manufacture-of-machinery-and-equipment-n-e-c.q,quarterly,Quarter-on-quarter IIP change (%),Manufacture of machinery and equipment n.e.c.,2024-Q2,7.7,7.7,ok,,
iip.quarter-on-quarter-iip-change-manufacture-of-machinery-and-equipment-n-e-c.q,quarterly,Quarter-on-quarter IIP change (%),Manufacture of machinery and equipment n.e.c.,2024-Q3,0.4,0.4,ok,,
iip.quarter-on-quarter-iip-change-manufacture-of-machinery-and-equipment-n-e-c.q,quarterly,Quarter-on-quarter IIP change (%),Manufacture of machinery and equipment n.e.c.,2024-Q4,2.5,2.5,ok,,
iip.quarter-on-quarter-iip-change-manufacture-of-machinery-and-equipment-n-e-c.q,quarterly,Quarter-on-quarter IIP change (%),Manufacture of machinery and equipment n.e.c.,2025-Q1,7.8,7.8,ok,,
iip.quarter-on-quarter-iip-change-manufacture-of-machinery-and-equipment-n-e-c.q,quarterly,Quarter-on-quarter IIP change (%),Manufacture of machinery and equipment n.e.c.,2025-Q2,3.7,3.7,ok,,
iip.quarter-on-quarter-iip-change-manufacture-of-machinery-and-equipment-n-e-c.q,quarterly,Quarter-on-quarter IIP change (%),Manufacture of machinery and equipment n.e.c.,2025-Q3,1,1,ok,,
iip.quarter-on-quarter-iip-change-manufacture-of-motor-vehicles-trailers-and-semi-tr.q,quarterly,Quarter-on-quarter IIP change (%),"Manufacture of motor vehicles, trailers and semi-trailers",2022-Q2,-0.7,-0.7,ok,,
iip.quarter-on-quarter-iip-change-manufacture-of-motor-vehicles-trailers-and-semi-tr.q,quarterly,Quarter-on-quarter IIP change (%),"Manufacture of motor vehicles, trailers and semi-trailers",2022-Q3,-9.1,-9.1,ok,,
iip.quarter-on-quarter-iip-change-manufacture-of-motor-vehicles-trailers-and-semi-tr.q,quarterly,Quarter-on-quarter IIP change (%),"Manufacture of motor vehicles, trailers and semi-trailers",2022-Q4,-14.8,-14.8,ok,,
iip.quarter-on-quarter-iip-change-manufacture-of-motor-vehicles-trailers-and-semi-tr.q,quarterly,Quarter-on-quarter IIP change (%),"Manufacture of motor vehicles, trailers and semi-trailers",2023-Q1,15.6,15.6,ok,,
iip.quarter-on-quarter-iip-change-manufacture-of-motor-vehicles-trailers-and-semi-tr.q,quarterly,Quarter-on-quarter IIP change (%),"Manufacture of motor vehicles, trailers and semi-trailers",2023-Q2,-14.8,-14.8,ok,,
iip.quarter-on-quarter-iip-change-manufacture-of-motor-vehicles-trailers-and-semi-tr.q,quarterly,Quarter-on-quarter IIP change (%),"Manufacture of motor vehicles, trailers and semi-trailers",2023-Q3,12.7,12.7,ok,,
iip.quarter-on-quarter-iip-change-manufacture-of-motor-vehicles-trailers-and-semi-tr.q,quarterly,Quarter-on-quarter IIP change (%),"Manufacture of motor vehicles, trailers and semi-trailers",2023-Q4,-7.9,-7.9,ok,,
iip.quarter-on-quarter-iip-change-manufacture-of-motor-vehicles-trailers-and-semi-tr.q,quarterly,Quarter-on-quarter IIP change (%),"Manufacture of motor vehicles, trailers and semi-trailers",2024-Q1,5.6,5.6,ok,,
iip.quarter-on-quarter-iip-change-manufacture-of-motor-vehicles-trailers-and-semi-tr.q,quarterly,Quarter-on-quarter IIP change (%),"Manufacture of motor vehicles, trailers and semi-trailers",2024-Q2,-4.2,-4.2,ok,,
iip.quarter-on-quarter-iip-change-manufacture-of-motor-vehicles-trailers-and-semi-tr.q,quarterly,Quarter-on-quarter IIP change (%),"Manufacture of motor vehicles, trailers and semi-trailers",2024-Q3,8.4,8.4,ok,,
iip.quarter-on-quarter-iip-change-manufacture-of-motor-vehicles-trailers-and-semi-tr.q,quarterly,Quarter-on-quarter IIP change (%),"Manufacture of motor vehicles, trailers and semi-trailers",2024-Q4,-20.2,-20.2,ok,,
iip.quarter-on-quarter-iip-change-manufacture-of-motor-vehicles-trailers-and-semi-tr.q,quarterly,Quarter-on-quarter IIP change (%),"Manufacture of motor vehicles, trailers and semi-trailers",2025-Q1,-12.9,-12.9,ok,,
iip.quarter-on-quarter-iip-change-manufacture-of-motor-vehicles-trailers-and-semi-tr.q,quarterly,Quarter-on-quarter IIP change (%),"Manufacture of motor vehicles, trailers and semi-trailers",2025-Q2,10.5,10.5,ok,,
iip.quarter-on-quarter-iip-change-manufacture-of-motor-vehicles-trailers-and-semi-tr.q,quarterly,Quarter-on-quarter IIP change (%),"Manufacture of motor vehicles, trailers and semi-trailers",2025-Q3,10.5,10.5,ok,,
iip.quarter-on-quarter-iip-change-manufacture-of-other-transport-equipment.q,quarterly,Quarter-on-quarter IIP change (%),Manufacture of other transport equipment,2022-Q2,5,5,ok,,
iip.quarter-on-quarter-iip-change-manufacture-of-other-transport-equipment.q,quarterly,Quarter-on-quarter IIP change (%),Manufacture of other transport equipment,2022-Q3,-4.4,-4.4,ok,,
iip.quarter-on-quarter-iip-change-manufacture-of-other-transport-equipment.q,quarterly,Quarter-on-quarter IIP change (%),Manufacture of other transport equipment,2022-Q4,4.7,4.7,ok,,
iip.quarter-on-quarter-iip-change-manufacture-of-other-transport-equipment.q,quarterly,Quarter-on-quarter IIP change (%),Manufacture of other transport equipment,2023-Q1,-18.6,-18.6,ok,,
iip.quarter-on-quarter-iip-change-manufacture-of-other-transport-equipment.q,quarterly,Quarter-on-quarter IIP change (%),Manufacture of other transport equipment,2023-Q2,7.3,7.3,ok,,
iip.quarter-on-quarter-iip-change-manufacture-of-other-transport-equipment.q,quarterly,Quarter-on-quarter IIP change (%),Manufacture of other transport equipment,2023-Q3,2.3,2.3,ok,,
iip.quarter-on-quarter-iip-change-manufacture-of-other-transport-equipment.q,quarterly,Quarter-on-quarter IIP change (%),Manufacture of other transport equipment,2023-Q4,1.3,1.3,ok,,
iip.quarter-on-quarter-iip-change-manufacture-of-other-transport-equipment.q,quarterly,Quarter-on-quarter IIP change (%),Manufacture of other transport equipment,2024-Q1,13.1,13.1,ok,,
iip.quarter-on-quarter-iip-change-manufacture-of-other-transport-equipment.q,quarterly,Quarter-on-quarter IIP change (%),Manufacture of other transport equipment,2024-Q2,3.1,3.1,ok,,
iip.quarter-on-quarter-iip-change-manufacture-of-other-transport-equipment.q,quarterly,Quarter-on-quarter IIP change (%),Manufacture of other transport equipment,2024-Q3,12.9,12.9,ok,,
iip.quarter-on-quarter-iip-change-manufacture-of-other-transport-equipment.q,quarterly,Quarter-on-quarter IIP change (%),Manufacture of other transport equipment,2024-Q4,-5.4,-5.4,ok,,
iip.quarter-on-quarter-iip-change-manufacture-of-other-transport-equipment.q,quarterly,Quarter-on-quarter IIP change (%),Manufacture of other transport equipment,2025-Q1,25.4,25.4,ok,,
iip.quarter-on-quarter-iip-change-manufacture-of-other-transport-equipment.q,quarterly,Quarter-on-quarter IIP change (%),Manufacture of other transport equipment,2025-Q2,-11.3,-11.3,ok,,
iip.quarter-on-quarter-iip-change-manufacture-of-other-transport-equipment.q,quarterly,Quarter-on-quarter IIP change (%),Manufacture of other transport equipment,2025-Q3,-2.6,-2.6,ok,,
iip.quarter-on-quarter-iip-change-manufacture-of-furniture.q,quarterly,Quarter-on-quarter IIP change (%),Manufacture of furniture,2022-Q2,2.6,2.6,ok,,
iip.quarter-on-quarter-iip-change-manufacture-of-furniture.q,quarterly,Quarter-on-quarter IIP change (%),Manufacture of furniture,2022-Q3,12.4,12.4,ok,,
iip.quarter-on-quarter-iip-change-manufacture-of-furniture.q,quarterly,Quarter-on-quarter IIP change (%),Manufacture of furniture,2022-Q4,9,9,ok,,
iip.quarter-on-quarter-iip-change-manufacture-of-furniture.q,quarterly,Quarter-on-quarter IIP change (%),Manufacture of furniture,2023-Q1,-13.3,-13.3,ok,,
iip.quarter-on-quarter-iip-change-manufacture-of-furniture.q,quarterly,Quarter-on-quarter IIP change (%),Manufacture of furniture,2023-Q2,-1.5,-1.5,ok,,
iip.quarter-on-quarter-iip-change-manufacture-of-furniture.q,quarterly,Quarter-on-quarter IIP change (%),Manufacture of furniture,2023-Q3,8.5,8.5,ok,,
iip.quarter-on-quarter-iip-change-manufacture-of-furniture.q,quarterly,Quarter-on-quarter IIP change (%),Manufacture of furniture,2023-Q4,-4.7,-4.7,ok,,
iip.quarter-on-quarter-iip-change-manufacture-of-furniture.q,quarterly,Quarter-on-quarter IIP change (%),Manufacture of furniture,2024-Q1,3.3,3.3,ok,,
iip.quarter-on-quarter-iip-change-manufacture-of-furniture.q,quarterly,Quarter-on-quarter IIP change (%),Manufacture of furniture,2024-Q2,7.4,7.4,ok,,
iip.quarter-on-quarter-iip-change-manufacture-of-furniture.q,quarterly,Quarter-on-quarter IIP change (%),Manufacture of furniture,2024-Q3,9.6,9.6,ok,,
iip.quarter-on-quarter-iip-change-manufacture-of-furniture.q,quarterly,Quarter-on-quarter IIP change (%),Manufacture of furniture,2024-Q4,-5,-5,ok,,
iip.quarter-on-quarter-iip-change-manufacture-of-furniture.q,quarterly,Quarter-on-quarter IIP change (%),Manufacture of furniture,2025-Q1,-1.5,-1.5,ok,,
iip.quarter-on-quarter-iip-change-manufacture-of-furniture.q,quarterly,Quarter-on-quarter IIP change (%),Manufacture of furniture,2025-Q2,6.8,6.8,ok,,
iip.quarter-on-quarter-iip-change-manufacture-of-furniture.q,quarterly,Quarter-on-quarter IIP change (%),Manufacture of furniture,2025-Q3,6.7,6.7,ok,,
iip.quarter-on-quarter-iip-change-other-manufacturing.q,quarterly,Quarter-on-quarter IIP change (%),Other manufacturing,2022-Q2,-4.2,-4.2,ok,,
iip.quarter-on-quarter-iip-change-other-manufacturing.q,quarterly,Quarter-on-quarter IIP change (%),Other manufacturing,2022-Q3,-7.7,-7.7,ok,,
iip.quarter-on-quarter-iip-change-other-manufacturing.q,quarterly,Quarter-on-quarter IIP change (%),Other manufacturing,2022-Q4,-11.8,-11.8,ok,,
iip.quarter-on-quarter-iip-change-other-manufacturing.q,quarterly,Quarter-on-quarter IIP change (%),Other manufacturing,2023-Q1,-6.7,-6.7,ok,,
iip.quarter-on-quarter-iip-change-other-manufacturing.q,quarterly,Quarter-on-quarter IIP change (%),Other manufacturing,2023-Q2,3.2,3.2,ok,,
iip.quarter-on-quarter-iip-change-other-manufacturing.q,quarterly,Quarter-on-quarter IIP change (%),Other manufacturing,2023-Q3,-4.2,-4.2,ok,,
iip.quarter-on-quarter-iip-change-other-manufacturing.q,quarterly,Quarter-on-quarter IIP change (%),Other manufacturing,2023-Q4,1.4,1.4,ok,,
iip.quarter-on-quarter-iip-change-other-manufacturing.q,quarterly,Quarter-on-quarter IIP change (%),Other manufacturing,2024-Q1,12.3,12.3,ok,,
iip.quarter-on-quarter-iip-change-other-manufacturing.q,quarterly,Quarter-on-quarter IIP change (%),Other manufacturing,2024-Q2,0.7,0.7,ok,,
iip.quarter-on-quarter-iip-change-other-manufacturing.q,quarterly,Quarter-on-quarter IIP change (%),Other manufacturing,2024-Q3,-5.4,-5.4,ok,,
iip.quarter-on-quarter-iip-change-other-manufacturing.q,quarterly,Quarter-on-quarter IIP change (%),Other manufacturing,2024-Q4,0.7,0.7,ok,,
iip.quarter-on-quarter-iip-change-other-manufacturing.q,quarterly,Quarter-on-quarter IIP change (%),Other manufacturing,2025-Q1,9.9,9.9,ok,,
iip.quarter-on-quarter-iip-change-other-manufacturing.q,quarterly,Quarter-on-quarter IIP change (%),Other manufacturing,2025-Q2,7,7,ok,,
iip.quarter-on-quarter-iip-change-other-manufacturing.q,quarterly,Quarter-on-quarter IIP change (%),Other manufacturing,2025-Q3,-3.2,-3.2,ok,,
iip.quarter-on-quarter-iip-change-repair-and-installation-of-machinery-and-equipment.q,quarterly,Quarter-on-quarter IIP change (%),Repair and installation of machinery and equipment,2022-Q2,4.7,4.7,ok,,
iip.quarter-on-quarter-iip-change-repair-and-installation-of-machinery-and-equipment.q,quarterly,Quarter-on-quarter IIP change (%),Repair and installation of machinery and equipment,2022-Q3,-7.4,-7.4,ok,,
iip.quarter-on-quarter-iip-change-repair-and-installation-of-machinery-and-equipment.q,quarterly,Quarter-on-quarter IIP change (%),Repair and installation of machinery and equipment,2022-Q4,-1.5,-1.5,ok,,
iip.quarter-on-quarter-iip-change-repair-and-installation-of-machinery-and-equipment.q,quarterly,Quarter-on-quarter IIP change (%),Repair and installation of machinery and equipment,2023-Q1,15.6,15.6,ok,,
iip.quarter-on-quarter-iip-change-repair-and-installation-of-machinery-and-equipment.q,quarterly,Quarter-on-quarter IIP change (%),Repair and installation of machinery and equipment,2023-Q2,1.6,1.6,ok,,
iip.quarter-on-quarter-iip-change-repair-and-installation-of-machinery-and-equipment.q,quarterly,Quarter-on-quarter IIP change (%),Repair and installation of machinery and equipment,2023-Q3,11.7,11.7,ok,,
iip.quarter-on-quarter-iip-change-repair-and-installation-of-machinery-and-equipment.q,quarterly,Quarter-on-quarter IIP change (%),Repair and installation of machinery and equipment,2023-Q4,3,3,ok,,
iip.quarter-on-quarter-iip-change-repair-and-installation-of-machinery-and-equipment.q,quarterly,Quarter-on-quarter IIP change (%),Repair and installation of machinery and equipment,2024-Q1,7.2,7.2,ok,,
iip.quarter-on-quarter-iip-change-repair-and-installation-of-machinery-and-equipment.q,quarterly,Quarter-on-quarter IIP change (%),Repair and installation of machinery and equipment,2024-Q2,-5,-5,ok,,
iip.quarter-on-quarter-iip-change-repair-and-installation-of-machinery-and-equipment.q,quarterly,Quarter-on-quarter IIP change (%),Repair and installation of machinery and equipment,2024-Q3,-1.7,-1.7,ok,,
iip.quarter-on-quarter-iip-change-repair-and-installation-of-machinery-and-equipment.q,quarterly,Quarter-on-quarter IIP change (%),Repair and installation of machinery and equipment,2024-Q4,2,2,ok,,
iip.quarter-on-quarter-iip-change-repair-and-installation-of-machinery-and-equipment.q,quarterly,Quarter-on-quarter IIP change (%),Repair and installation of machinery and equipment,2025-Q1,16.1,16.1,ok,,
iip.quarter-on-quarter-iip-change-repair-and-installation-of-machinery-and-equipment.q,quarterly,Quarter-on-quarter IIP change (%),Repair and installation of machinery and equipment,2025-Q2,-6.3,-6.3,ok,,
iip.quarter-on-quarter-iip-change-repair-and-installation-of-machinery-and-equipment.q,quarterly,Quarter-on-quarter IIP change (%),Repair and installation of machinery and equipment,2025-Q3,-11.5,-11.5,ok,,
iip.quarter-on-quarter-iip-change-electricity-and-gas.q,quarterly,Quarter-on-quarter IIP change (%),Electricity and gas,2022-Q2,-2.1,-2.1,ok,,
iip.quarter-on-quarter-iip-change-electricity-and-gas.q,quarterly,Quarter-on-quarter IIP change (%),Electricity and gas,2022-Q3,-3.8,-3.8,ok,,
iip.quarter-on-quarter-iip-change-electricity-and-gas.q,quarterly,Quarter-on-quarter IIP change (%),Electricity and gas,2022-Q4,14.5,14.5,ok,,
iip.quarter-on-quarter-iip-change-electricity-and-gas.q,quarterly,Quarter-on-quarter IIP change (%),Electricity and gas,2023-Q1,3.1,3.1,ok,,
iip.quarter-on-quarter-iip-change-electricity-and-gas.q,quarterly,Quarter-on-quarter IIP change (%),Electricity and gas,2023-Q2,-0.2,-0.2,ok,,
iip.quarter-on-quarter-iip-change-electricity-and-gas.q,quarterly,Quarter-on-quarter IIP change (%),Electricity and gas,2023-Q3,-6,-6,ok,,
iip.quarter-on-quarter-iip-change-electricity-and-gas.q,quarterly,Quarter-on-quarter IIP change (%),Electricity and gas,2023-Q4,2.7,2.7,ok,,
iip.quarter-on-quarter-iip-change-electricity-and-gas.q,quarterly,Quarter-on-quarter IIP change (%),Electricity and gas,2024-Q1,6.7,6.7,ok,,
iip.quarter-on-quarter-iip-change-electricity-and-gas.q,quarterly,Quarter-on-quarter IIP change (%),Electricity and gas,2024-Q2,-4.3,-4.3,ok,,
iip.quarter-on-quarter-iip-change-electricity-and-gas.q,quarterly,Quarter-on-quarter IIP change (%),Electricity and gas,2024-Q3,-6.5,-6.5,ok,,
iip.quarter-on-quarter-iip-change-electricity-and-gas.q,quarterly,Quarter-on-quarter IIP change (%),Electricity and gas,2024-Q4,11.4,11.4,ok,,
iip.quarter-on-quarter-iip-change-electricity-and-gas.q,quarterly,Quarter-on-quarter IIP change (%),Electricity and gas,2025-Q1,10.9,10.9,ok,,
iip.quarter-on-quarter-iip-change-electricity-and-gas.q,quarterly,Quarter-on-quarter IIP change (%),Electricity and gas,2025-Q2,-2.6,-2.6,ok,,
iip.quarter-on-quarter-iip-change-electricity-and-gas.q,quarterly,Quarter-on-quarter IIP change (%),Electricity and gas,2025-Q3,-14.6,-14.6,ok,,
iip.quarter-on-quarter-iip-change-electricity-gas-steam-and-air-conditioning-supply.q,quarterly,Quarter-on-quarter IIP change (%),"Electricity, gas, steam and air conditioning supply",2022-Q2,-2.1,-2.1,ok,,
iip.quarter-on-quarter-iip-change-electricity-gas-steam-and-air-conditioning-supply.q,quarterly,Quarter-on-quarter IIP change (%),"Electricity, gas, steam and air conditioning supply",2022-Q3,-3.8,-3.8,ok,,
iip.quarter-on-quarter-iip-change-electricity-gas-steam-and-air-conditioning-supply.q,quarterly,Quarter-on-quarter IIP change (%),"Electricity, gas, steam and air conditioning supply",2022-Q4,14.5,14.5,ok,,
iip.quarter-on-quarter-iip-change-electricity-gas-steam-and-air-conditioning-supply.q,quarterly,Quarter-on-quarter IIP change (%),"Electricity, gas, steam and air conditioning supply",2023-Q1,3.1,3.1,ok,,
iip.quarter-on-quarter-iip-change-electricity-gas-steam-and-air-conditioning-supply.q,quarterly,Quarter-on-quarter IIP change (%),"Electricity, gas, steam and air conditioning supply",2023-Q2,-0.2,-0.2,ok,,
iip.quarter-on-quarter-iip-change-electricity-gas-steam-and-air-conditioning-supply.q,quarterly,Quarter-on-quarter IIP change (%),"Electricity, gas, steam and air conditioning supply",2023-Q3,-6,-6,ok,,
iip.quarter-on-quarter-iip-change-electricity-gas-steam-and-air-conditioning-supply.q,quarterly,Quarter-on-quarter IIP change (%),"Electricity, gas, steam and air conditioning supply",2023-Q4,2.7,2.7,ok,,
iip.quarter-on-quarter-iip-change-electricity-gas-steam-and-air-conditioning-supply.q,quarterly,Quarter-on-quarter IIP change (%),"Electricity, gas, steam and air conditioning supply",2024-Q1,6.7,6.7,ok,,
iip.quarter-on-quarter-iip-change-electricity-gas-steam-and-air-conditioning-supply.q,quarterly,Quarter-on-quarter IIP change (%),"Electricity, gas, steam and air conditioning supply",2024-Q2,-4.3,-4.3,ok,,
iip.quarter-on-quarter-iip-change-electricity-gas-steam-and-air-conditioning-supply.q,quarterly,Quarter-on-quarter IIP change (%),"Electricity, gas, steam and air conditioning supply",2024-Q3,-6.5,-6.5,ok,,
iip.quarter-on-quarter-iip-change-electricity-gas-steam-and-air-conditioning-supply.q,quarterly,Quarter-on-quarter IIP change (%),"Electricity, gas, steam and air conditioning supply",2024-Q4,11.4,11.4,ok,,
iip.quarter-on-quarter-iip-change-electricity-gas-steam-and-air-conditioning-supply.q,quarterly,Quarter-on-quarter IIP change (%),"Electricity, gas, steam and air conditioning supply",2025-Q1,10.9,10.9,ok,,
iip.quarter-on-quarter-iip-change-electricity-gas-steam-and-air-conditioning-supply.q,quarterly,Quarter-on-quarter IIP change (%),"Electricity, gas, steam and air conditioning supply",2025-Q2,-2.6,-2.6,ok,,
iip.quarter-on-quarter-iip-change-electricity-gas-steam-and-air-conditioning-supply.q,quarterly,Quarter-on-quarter IIP change (%),"Electricity, gas, steam and air conditioning supply",2025-Q3,-14.6,-14.6,ok,,
iip.quarter-on-quarter-iip-change-water-supply-sewage-and-waste-management.q,quarterly,Quarter-on-quarter IIP change (%),"Water supply, sewage and waste management",2022-Q2,-3.4,-3.4,ok,,
iip.quarter-on-quarter-iip-change-water-supply-sewage-and-waste-management.q,quarterly,Quarter-on-quarter IIP change (%),"Water supply, sewage and waste management",2022-Q3,12,12,ok,,
iip.quarter-on-quarter-iip-change-water-supply-sewage-and-waste-management.q,quarterly,Quarter-on-quarter IIP change (%),"Water supply, sewage and waste management",2022-Q4,5.5,5.5,ok,,
iip.quarter-on-quarter-iip-change-water-supply-sewage-and-waste-management.q,quarterly,Quarter-on-quarter IIP change (%),"Water supply, sewage and waste management",2023-Q1,-29.1,-29.1,ok,,
iip.quarter-on-quarter-iip-change-water-supply-sewage-and-waste-management.q,quarterly,Quarter-on-quarter IIP change (%),"Water supply, sewage and waste management",2023-Q2,10.4,10.4,ok,,
iip.quarter-on-quarter-iip-change-water-supply-sewage-and-waste-management.q,quarterly,Quarter-on-quarter IIP change (%),"Water supply, sewage and waste management",2023-Q3,25.8,25.8,ok,,
iip.quarter-on-quarter-iip-change-water-supply-sewage-and-waste-management.q,quarterly,Quarter-on-quarter IIP change (%),"Water supply, sewage and waste management",2023-Q4,-0.3,-0.3,ok,,
iip.quarter-on-quarter-iip-change-water-supply-sewage-and-waste-management.q,quarterly,Quarter-on-quarter IIP change (%),"Water supply, sewage and waste management",2024-Q1,-21.5,-21.5,ok,,
iip.quarter-on-quarter-iip-change-water-supply-sewage-and-waste-management.q,quarterly,Quarter-on-quarter IIP change (%),"Water supply, sewage and waste management",2024-Q2,2.8,2.8,ok,,
iip.quarter-on-quarter-iip-change-water-supply-sewage-and-waste-management.q,quarterly,Quarter-on-quarter IIP change (%),"Water supply, sewage and waste management",2024-Q3,13.7,13.7,ok,,
iip.quarter-on-quarter-iip-change-water-supply-sewage-and-waste-management.q,quarterly,Quarter-on-quarter IIP change (%),"Water supply, sewage and waste management",2024-Q4,2.6,2.6,ok,,
iip.quarter-on-quarter-iip-change-water-supply-sewage-and-waste-management.q,quarterly,Quarter-on-quarter IIP change (%),"Water supply, sewage and waste management",2025-Q1,-19.8,-19.8,ok,,
iip.quarter-on-quarter-iip-change-water-supply-sewage-and-waste-management.q,quarterly,Quarter-on-quarter IIP change (%),"Water supply, sewage and waste management",2025-Q2,7.4,7.4,ok,,
iip.quarter-on-quarter-iip-change-water-supply-sewage-and-waste-management.q,quarterly,Quarter-on-quarter IIP change (%),"Water supply, sewage and waste management",2025-Q3,14.8,14.8,ok,,
iip.quarter-on-quarter-iip-change-water-collection-treatment-and-supply.q,quarterly,Quarter-on-quarter IIP change (%),"Water collection, treatment and supply",2022-Q2,3.7,3.7,ok,,
iip.quarter-on-quarter-iip-change-water-collection-treatment-and-supply.q,quarterly,Quarter-on-quarter IIP change (%),"Water collection, treatment and supply",2022-Q3,6.9,6.9,ok,,
iip.quarter-on-quarter-iip-change-water-collection-treatment-and-supply.q,quarterly,Quarter-on-quarter IIP change (%),"Water collection, treatment and supply",2022-Q4,-0.8,-0.8,ok,,
iip.quarter-on-quarter-iip-change-water-collection-treatment-and-supply.q,quarterly,Quarter-on-quarter IIP change (%),"Water collection, treatment and supply",2023-Q1,-1,-1,ok,,
iip.quarter-on-quarter-iip-change-water-collection-treatment-and-supply.q,quarterly,Quarter-on-quarter IIP change (%),"Water collection, treatment and supply",2023-Q2,0.7,0.7,ok,,
iip.quarter-on-quarter-iip-change-water-collection-treatment-and-supply.q,quarterly,Quarter-on-quarter IIP change (%),"Water collection, treatment and supply",2023-Q3,5.1,5.1,ok,,
iip.quarter-on-quarter-iip-change-water-collection-treatment-and-supply.q,quarterly,Quarter-on-quarter IIP change (%),"Water collection, treatment and supply",2023-Q4,1.5,1.5,ok,,
iip.quarter-on-quarter-iip-change-water-collection-treatment-and-supply.q,quarterly,Quarter-on-quarter IIP change (%),"Water collection, treatment and supply",2024-Q1,0.9,0.9,ok,,
iip.quarter-on-quarter-iip-change-water-collection-treatment-and-supply.q,quarterly,Quarter-on-quarter IIP change (%),"Water collection, treatment and supply",2024-Q2,-4.8,-4.8,ok,,
iip.quarter-on-quarter-iip-change-water-collection-treatment-and-supply.q,quarterly,Quarter-on-quarter IIP change (%),"Water collection, treatment and supply",2024-Q3,0.8,0.8,ok,,
iip.quarter-on-quarter-iip-change-water-collection-treatment-and-supply.q,quarterly,Quarter-on-quarter IIP change (%),"Water collection, treatment and supply",2024-Q4,2.7,2.7,ok,,
iip.quarter-on-quarter-iip-change-water-collection-treatment-and-supply.q,quarterly,Quarter-on-quarter IIP change (%),"Water collection, treatment and supply",2025-Q1,-1.3,-1.3,ok,,
iip.quarter-on-quarter-iip-change-water-collection-treatment-and-supply.q,quarterly,Quarter-on-quarter IIP change (%),"Water collection, treatment and supply",2025-Q2,-0.2,-0.2,ok,,
iip.quarter-on-quarter-iip-change-water-collection-treatment-and-supply.q,quarterly,Quarter-on-quarter IIP change (%),"Water collection, treatment and supply",2025-Q3,0,0,ok,,
iip.quarter-on-quarter-iip-change-waste-collection-treatment-and-disposal-activities.q,quarterly,Quarter-on-quarter IIP change (%),"Waste collection, treatment and disposal activities; materials recovery",2022-Q2,-6.5,-6.5,ok,,
iip.quarter-on-quarter-iip-change-waste-collection-treatment-and-disposal-activities.q,quarterly,Quarter-on-quarter IIP change (%),"Waste collection, treatment and disposal activities; materials recovery",2022-Q3,5.6,5.6,ok,,
iip.quarter-on-quarter-iip-change-waste-collection-treatment-and-disposal-activities.q,quarterly,Quarter-on-quarter IIP change (%),"Waste collection, treatment and disposal activities; materials recovery",2022-Q4,6.3,6.3,ok,,
iip.quarter-on-quarter-iip-change-waste-collection-treatment-and-disposal-activities.q,quarterly,Quarter-on-quarter IIP change (%),"Waste collection, treatment and disposal activities; materials recovery",2023-Q1,-28.5,-28.5,ok,,
iip.quarter-on-quarter-iip-change-waste-collection-treatment-and-disposal-activities.q,quarterly,Quarter-on-quarter IIP change (%),"Waste collection, treatment and disposal activities; materials recovery",2023-Q2,9.7,9.7,ok,,
iip.quarter-on-quarter-iip-change-waste-collection-treatment-and-disposal-activities.q,quarterly,Quarter-on-quarter IIP change (%),"Waste collection, treatment and disposal activities; materials recovery",2023-Q3,20.4,20.4,ok,,
iip.quarter-on-quarter-iip-change-waste-collection-treatment-and-disposal-activities.q,quarterly,Quarter-on-quarter IIP change (%),"Waste collection, treatment and disposal activities; materials recovery",2023-Q4,-1.6,-1.6,ok,,
iip.quarter-on-quarter-iip-change-waste-collection-treatment-and-disposal-activities.q,quarterly,Quarter-on-quarter IIP change (%),"Waste collection, treatment and disposal activities; materials recovery",2024-Q1,-22.2,-22.2,ok,,
iip.quarter-on-quarter-iip-change-waste-collection-treatment-and-disposal-activities.q,quarterly,Quarter-on-quarter IIP change (%),"Waste collection, treatment and disposal activities; materials recovery",2024-Q2,7.4,7.4,ok,,
iip.quarter-on-quarter-iip-change-waste-collection-treatment-and-disposal-activities.q,quarterly,Quarter-on-quarter IIP change (%),"Waste collection, treatment and disposal activities; materials recovery",2024-Q3,12.8,12.8,ok,,
iip.quarter-on-quarter-iip-change-waste-collection-treatment-and-disposal-activities.q,quarterly,Quarter-on-quarter IIP change (%),"Waste collection, treatment and disposal activities; materials recovery",2024-Q4,0.2,0.2,ok,,
iip.quarter-on-quarter-iip-change-waste-collection-treatment-and-disposal-activities.q,quarterly,Quarter-on-quarter IIP change (%),"Waste collection, treatment and disposal activities; materials recovery",2025-Q1,-18.9,-18.9,ok,,
iip.quarter-on-quarter-iip-change-waste-collection-treatment-and-disposal-activities.q,quarterly,Quarter-on-quarter IIP change (%),"Waste collection, treatment and disposal activities; materials recovery",2025-Q2,7.5,7.5,ok,,
iip.quarter-on-quarter-iip-change-waste-collection-treatment-and-disposal-activities.q,quarterly,Quarter-on-quarter IIP change (%),"Waste collection, treatment and disposal activities; materials recovery",2025-Q3,14.8,14.8,ok,,
