source,indicator,region,product,split,period,value,status,rules
gss.cpi,Consumer Price Index,Bono,"Alcoholic beverages, tobacco and narcotics",All sources,2021-01,95.7,ok,
gss.cpi,Consumer Price Index,Bono,"Alcoholic beverages, tobacco and narcotics",All sources,2021-02,97.3,ok,
gss.cpi,Consumer Price Index,Bono,"Alcoholic beverages, tobacco and narcotics",All sources,2021-03,97.4,ok,
gss.cpi,Consumer Price Index,Bono,"Alcoholic beverages, tobacco and narcotics",All sources,2021-04,97.4,ok,
gss.cpi,Consumer Price Index,Bono,"Alcoholic beverages, tobacco and narcotics",All sources,2021-05,97.3,ok,
gss.cpi,Consumer Price Index,Bono,"Alcoholic beverages, tobacco and narcotics",All sources,2021-06,97.4,ok,
gss.cpi,Consumer Price Index,Bono,"Alcoholic beverages, tobacco and narcotics",All sources,2021-07,97.8,ok,
gss.cpi,Consumer Price Index,Bono,"Alcoholic beverages, tobacco and narcotics",All sources,2021-08,101.5,ok,
gss.cpi,Consumer Price Index,Bono,"Alcoholic beverages, tobacco and narcotics",All sources,2021-09,101.3,ok,
gss.cpi,Consumer Price Index,Bono,"Alcoholic beverages, tobacco and narcotics",All sources,2021-10,104.3,ok,
gss.cpi,Consumer Price Index,Bono,"Alcoholic beverages, tobacco and narcotics",All sources,2021-11,105.8,ok,
gss.cpi,Consumer Price Index,Bono,"Alcoholic beverages, tobacco and narcotics",All sources,2021-12,106.8,ok,
gss.cpi,Consumer Price Index,Bono,"Alcoholic beverages, tobacco and narcotics",All sources,2022-01,106.6,ok,
gss.cpi,Consumer Price Index,Bono,"Alcoholic beverages, tobacco and narcotics",All sources,2022-02,108.1,ok,
gss.cpi,Consumer Price Index,Bono,"Alcoholic beverages, tobacco and narcotics",All sources,2022-03,109.2,ok,
gss.cpi,Consumer Price Index,Bono,"Alcoholic beverages, tobacco and narcotics",All sources,2022-04,112.3,ok,
gss.cpi,Consumer Price Index,Bono,"Alcoholic beverages, tobacco and narcotics",All sources,2022-05,112.3,ok,
gss.cpi,Consumer Price Index,Bono,"Alcoholic beverages, tobacco and narcotics",All sources,2022-06,113.1,ok,
gss.cpi,Consumer Price Index,Bono,"Alcoholic beverages, tobacco and narcotics",All sources,2022-07,113.3,ok,
gss.cpi,Consumer Price Index,Bono,"Alcoholic beverages, tobacco and narcotics",All sources,2022-08,117.2,ok,
gss.cpi,Consumer Price Index,Bono,"Alcoholic beverages, tobacco and narcotics",All sources,2022-09,116.8,ok,
gss.cpi,Consumer Price Index,Bono,"Alcoholic beverages, tobacco and narcotics",All sources,2022-10,130.0,ok,
gss.cpi,Consumer Price Index,Bono,"Alcoholic beverages, tobacco and narcotics",All sources,2022-11,143.7,ok,
gss.cpi,Consumer Price Index,Bono,"Alcoholic beverages, tobacco and narcotics",All sources,2022-12,146.8,ok,
gss.cpi,Consumer Price Index,Bono,"Alcoholic beverages, tobacco and narcotics",All sources,2023-01,150.3,ok,
gss.cpi,Consumer Price Index,Bono,"Alcoholic beverages, tobacco and narcotics",All sources,2023-02,152.5,ok,
gss.cpi,Consumer Price Index,Bono,"Alcoholic beverages, tobacco and narcotics",All sources,2023-03,152.5,ok,
gss.cpi,Consumer Price Index,Bono,"Alcoholic beverages, tobacco and narcotics",All sources,2023-04,152.6,ok,
gss.cpi,Consumer Price Index,Bono,"Alcoholic beverages, tobacco and narcotics",All sources,2023-05,155.8,ok,
gss.cpi,Consumer Price Index,Bono,"Alcoholic beverages, tobacco and narcotics",All sources,2023-06,160.1,ok,
gss.cpi,Consumer Price Index,Bono,"Alcoholic beverages, tobacco and narcotics",All sources,2023-07,161.7,ok,
gss.cpi,Consumer Price Index,Bono,"Alcoholic beverages, tobacco and narcotics",All sources,2023-08,164.5,ok,
gss.cpi,Consumer Price Index,Bono,"Alcoholic beverages, tobacco and narcotics",All sources,2023-09,164.0,ok,
gss.cpi,Consumer Price Index,Bono,"Alcoholic beverages, tobacco and narcotics",All sources,2023-10,162.6,ok,
gss.cpi,Consumer Price Index,Bono,"Alcoholic beverages, tobacco and narcotics",All sources,2023-11,164.8,ok,
gss.cpi,Consumer Price Index,Bono,"Alcoholic beverages, tobacco and narcotics",All sources,2023-12,171.2,ok,
gss.cpi,Consumer Price Index,Bono,"Alcoholic beverages, tobacco and narcotics",All sources,2024-01,180.9,ok,
gss.cpi,Consumer Price Index,Bono,"Alcoholic beverages, tobacco and narcotics",All sources,2024-02,190.5,ok,
gss.cpi,Consumer Price Index,Bono,"Alcoholic beverages, tobacco and narcotics",All sources,2024-03,194.3,ok,
gss.cpi,Consumer Price Index,Bono,"Alcoholic beverages, tobacco and narcotics",All sources,2024-04,212.2,ok,
gss.cpi,Consumer Price Index,Bono,"Alcoholic beverages, tobacco and narcotics",All sources,2024-05,231.5,ok,
gss.cpi,Consumer Price Index,Bono,"Alcoholic beverages, tobacco and narcotics",All sources,2024-06,234.2,ok,
gss.cpi,Consumer Price Index,Bono,"Alcoholic beverages, tobacco and narcotics",All sources,2024-07,254.2,ok,
gss.cpi,Consumer Price Index,Bono,"Alcoholic beverages, tobacco and narcotics",All sources,2024-08,254.3,ok,
gss.cpi,Consumer Price Index,Bono,"Alcoholic beverages, tobacco and narcotics",All sources,2024-09,255.9,ok,
gss.cpi,Consumer Price Index,Bono,"Alcoholic beverages, tobacco and narcotics",All sources,2024-10,260.9,ok,
gss.cpi,Consumer Price Index,Bono,"Alcoholic beverages, tobacco and narcotics",All sources,2024-11,289.5,ok,
gss.cpi,Consumer Price Index,Bono,"Alcoholic beverages, tobacco and narcotics",All sources,2024-12,290.1,ok,
gss.cpi,Consumer Price Index,Bono,"Alcoholic beverages, tobacco and narcotics",All sources,2025-01,294.1,ok,
gss.cpi,Consumer Price Index,Bono,"Alcoholic beverages, tobacco and narcotics",All sources,2025-02,298.0,ok,
gss.cpi,Consumer Price Index,Bono,"Alcoholic beverages, tobacco and narcotics",All sources,2025-03,300.0,ok,
gss.cpi,Consumer Price Index,Bono,"Alcoholic beverages, tobacco and narcotics",All sources,2025-04,303.7,ok,
gss.cpi,Consumer Price Index,Bono,"Alcoholic beverages, tobacco and narcotics",All sources,2025-05,311.5,ok,
gss.cpi,Consumer Price Index,Bono,"Alcoholic beverages, tobacco and narcotics",All sources,2025-06,297.6,ok,
gss.cpi,Consumer Price Index,Bono,"Alcoholic beverages, tobacco and narcotics",All sources,2025-07,305.7,ok,
gss.cpi,Consumer Price Index,Bono,"Alcoholic beverages, tobacco and narcotics",All sources,2025-08,304.4,ok,
gss.cpi,Consumer Price Index,Bono,"Alcoholic beverages, tobacco and narcotics",All sources,2025-09,294.7,ok,
gss.cpi,Consumer Price Index,Bono,"Alcoholic beverages, tobacco and narcotics",All sources,2025-10,315.4,ok,
gss.cpi,Consumer Price Index,Bono,"Alcoholic beverages, tobacco and narcotics",All sources,2025-11,334.9,ok,
gss.cpi,Consumer Price Index,Bono,"Alcoholic beverages, tobacco and narcotics",All sources,2025-12,340.9,ok,
gss.cpi,Consumer Price Index,Bono,"Alcoholic beverages, tobacco and narcotics",All sources,2026-01,339.3,ok,
gss.cpi,Consumer Price Index,Bono,All products,All sources,2021-01,97.8,ok,
gss.cpi,Consumer Price Index,Bono,All products,All sources,2021-02,98.2,ok,
gss.cpi,Consumer Price Index,Bono,All products,All sources,2021-03,98.4,ok,
gss.cpi,Consumer Price Index,Bono,All products,All sources,2021-04,98.5,ok,
gss.cpi,Consumer Price Index,Bono,All products,All sources,2021-05,98.8,ok,
gss.cpi,Consumer Price Index,Bono,All products,All sources,2021-06,98.7,ok,
gss.cpi,Consumer Price Index,Bono,All products,All sources,2021-07,99.0,ok,
gss.cpi,Consumer Price Index,Bono,All products,All sources,2021-08,101.8,ok,
gss.cpi,Consumer Price Index,Bono,All products,All sources,2021-09,101.8,ok,
gss.cpi,Consumer Price Index,Bono,All products,All sources,2021-10,102.0,ok,
gss.cpi,Consumer Price Index,Bono,All products,All sources,2021-11,102.3,ok,
gss.cpi,Consumer Price Index,Bono,All products,All sources,2021-12,102.7,ok,
gss.cpi,Consumer Price Index,Bono,All products,All sources,2022-01,105.0,ok,
gss.cpi,Consumer Price Index,Bono,All products,All sources,2022-02,108.8,ok,
gss.cpi,Consumer Price Index,Bono,All products,All sources,2022-03,113.1,ok,
gss.cpi,Consumer Price Index,Bono,All products,All sources,2022-04,118.5,ok,
gss.cpi,Consumer Price Index,Bono,All products,All sources,2022-05,126.0,ok,
gss.cpi,Consumer Price Index,Bono,All products,All sources,2022-06,128.8,ok,
gss.cpi,Consumer Price Index,Bono,All products,All sources,2022-07,132.4,ok,
gss.cpi,Consumer Price Index,Bono,All products,All sources,2022-08,134.9,ok,
gss.cpi,Consumer Price Index,Bono,All products,All sources,2022-09,137.6,ok,
gss.cpi,Consumer Price Index,Bono,All products,All sources,2022-10,145.2,ok,
gss.cpi,Consumer Price Index,Bono,All products,All sources,2022-11,157.1,ok,
gss.cpi,Consumer Price Index,Bono,All products,All sources,2022-12,164.7,ok,
gss.cpi,Consumer Price Index,Bono,All products,All sources,2023-01,167.7,ok,
gss.cpi,Consumer Price Index,Bono,All products,All sources,2023-02,173.8,ok,
gss.cpi,Consumer Price Index,Bono,All products,All sources,2023-03,171.2,ok,
gss.cpi,Consumer Price Index,Bono,All products,All sources,2023-04,177.6,ok,
gss.cpi,Consumer Price Index,Bono,All products,All sources,2023-05,184.8,ok,
gss.cpi,Consumer Price Index,Bono,All products,All sources,2023-06,190.1,ok,
gss.cpi,Consumer Price Index,Bono,All products,All sources,2023-07,196.3,ok,
gss.cpi,Consumer Price Index,Bono,All products,All sources,2023-08,198.4,ok,
gss.cpi,Consumer Price Index,Bono,All products,All sources,2023-09,201.6,ok,
gss.cpi,Consumer Price Index,Bono,All products,All sources,2023-10,201.9,ok,
gss.cpi,Consumer Price Index,Bono,All products,All sources,2023-11,206.3,ok,
gss.cpi,Consumer Price Index,Bono,All products,All sources,2023-12,209.7,ok,
gss.cpi,Consumer Price Index,Bono,All products,All sources,2024-01,212.4,ok,
gss.cpi,Consumer Price Index,Bono,All products,All sources,2024-02,213.7,ok,
gss.cpi,Consumer Price Index,Bono,All products,All sources,2024-03,216.3,ok,
gss.cpi,Consumer Price Index,Bono,All products,All sources,2024-04,219.1,ok,
gss.cpi,Consumer Price Index,Bono,All products,All sources,2024-05,224.9,ok,
gss.cpi,Consumer Price Index,Bono,All products,All sources,2024-06,232.7,ok,
gss.cpi,Consumer Price Index,Bono,All products,All sources,2024-07,235.1,ok,
gss.cpi,Consumer Price Index,Bono,All products,All sources,2024-08,235.4,ok,
gss.cpi,Consumer Price Index,Bono,All products,All sources,2024-09,240.3,ok,
gss.cpi,Consumer Price Index,Bono,All products,All sources,2024-10,243.7,ok,
gss.cpi,Consumer Price Index,Bono,All products,All sources,2024-11,250.5,ok,
gss.cpi,Consumer Price Index,Bono,All products,All sources,2024-12,254.9,ok,
gss.cpi,Consumer Price Index,Bono,All products,All sources,2025-01,259.4,ok,
gss.cpi,Consumer Price Index,Bono,All products,All sources,2025-02,262.4,ok,
gss.cpi,Consumer Price Index,Bono,All products,All sources,2025-03,266.4,ok,
gss.cpi,Consumer Price Index,Bono,All products,All sources,2025-04,271.7,ok,
gss.cpi,Consumer Price Index,Bono,All products,All sources,2025-05,275.2,ok,
gss.cpi,Consumer Price Index,Bono,All products,All sources,2025-06,264.8,ok,
gss.cpi,Consumer Price Index,Bono,All products,All sources,2025-07,265.6,ok,
gss.cpi,Consumer Price Index,Bono,All products,All sources,2025-08,264.0,ok,
gss.cpi,Consumer Price Index,Bono,All products,All sources,2025-09,258.0,ok,
gss.cpi,Consumer Price Index,Bono,All products,All sources,2025-10,261.3,ok,
gss.cpi,Consumer Price Index,Bono,All products,All sources,2025-11,264.8,ok,
gss.cpi,Consumer Price Index,Bono,All products,All sources,2025-12,265.4,ok,
gss.cpi,Consumer Price Index,Bono,All products,All sources,2026-01,267.4,ok,
gss.cpi,Consumer Price Index,Bono,Clothing and footwear,All sources,2021-01,98.5,ok,
gss.cpi,Consumer Price Index,Bono,Clothing and footwear,All sources,2021-02,98.5,ok,
gss.cpi,Consumer Price Index,Bono,Clothing and footwear,All sources,2021-03,98.5,ok,
gss.cpi,Consumer Price Index,Bono,Clothing and footwear,All sources,2021-04,98.7,ok,
gss.cpi,Consumer Price Index,Bono,Clothing and footwear,All sources,2021-05,98.9,ok,
gss.cpi,Consumer Price Index,Bono,Clothing and footwear,All sources,2021-06,98.9,ok,
gss.cpi,Consumer Price Index,Bono,Clothing and footwear,All sources,2021-07,98.9,ok,
gss.cpi,Consumer Price Index,Bono,Clothing and footwear,All sources,2021-08,101.6,ok,
gss.cpi,Consumer Price Index,Bono,Clothing and footwear,All sources,2021-09,101.7,ok,
gss.cpi,Consumer Price Index,Bono,Clothing and footwear,All sources,2021-10,101.7,ok,
gss.cpi,Consumer Price Index,Bono,Clothing and footwear,All sources,2021-11,102.0,ok,
gss.cpi,Consumer Price Index,Bono,Clothing and footwear,All sources,2021-12,102.1,ok,
gss.cpi,Consumer Price Index,Bono,Clothing and footwear,All sources,2022-01,102.8,ok,
gss.cpi,Consumer Price Index,Bono,Clothing and footwear,All sources,2022-02,103.8,ok,
gss.cpi,Consumer Price Index,Bono,Clothing and footwear,All sources,2022-03,105.8,ok,
gss.cpi,Consumer Price Index,Bono,Clothing and footwear,All sources,2022-04,107.2,ok,
gss.cpi,Consumer Price Index,Bono,Clothing and footwear,All sources,2022-05,114.0,ok,
gss.cpi,Consumer Price Index,Bono,Clothing and footwear,All sources,2022-06,116.9,ok,
gss.cpi,Consumer Price Index,Bono,Clothing and footwear,All sources,2022-07,125.1,ok,
gss.cpi,Consumer Price Index,Bono,Clothing and footwear,All sources,2022-08,129.6,ok,
gss.cpi,Consumer Price Index,Bono,Clothing and footwear,All sources,2022-09,140.5,ok,
gss.cpi,Consumer Price Index,Bono,Clothing and footwear,All sources,2022-10,147.0,ok,
gss.cpi,Consumer Price Index,Bono,Clothing and footwear,All sources,2022-11,154.0,ok,
gss.cpi,Consumer Price Index,Bono,Clothing and footwear,All sources,2022-12,157.2,ok,
gss.cpi,Consumer Price Index,Bono,Clothing and footwear,All sources,2023-01,158.3,ok,
gss.cpi,Consumer Price Index,Bono,Clothing and footwear,All sources,2023-02,162.0,ok,
gss.cpi,Consumer Price Index,Bono,Clothing and footwear,All sources,2023-03,158.5,ok,
gss.cpi,Consumer Price Index,Bono,Clothing and footwear,All sources,2023-04,159.6,ok,
gss.cpi,Consumer Price Index,Bono,Clothing and footwear,All sources,2023-05,165.4,ok,
gss.cpi,Consumer Price Index,Bono,Clothing and footwear,All sources,2023-06,171.6,ok,
gss.cpi,Consumer Price Index,Bono,Clothing and footwear,All sources,2023-07,180.5,ok,
gss.cpi,Consumer Price Index,Bono,Clothing and footwear,All sources,2023-08,186.8,ok,
gss.cpi,Consumer Price Index,Bono,Clothing and footwear,All sources,2023-09,193.6,ok,
gss.cpi,Consumer Price Index,Bono,Clothing and footwear,All sources,2023-10,194.2,ok,
gss.cpi,Consumer Price Index,Bono,Clothing and footwear,All sources,2023-11,200.4,ok,
gss.cpi,Consumer Price Index,Bono,Clothing and footwear,All sources,2023-12,204.3,ok,
gss.cpi,Consumer Price Index,Bono,Clothing and footwear,All sources,2024-01,205.6,ok,
gss.cpi,Consumer Price Index,Bono,Clothing and footwear,All sources,2024-02,206.0,ok,
gss.cpi,Consumer Price Index,Bono,Clothing and footwear,All sources,2024-03,206.1,ok,
gss.cpi,Consumer Price Index,Bono,Clothing and footwear,All sources,2024-04,204.2,ok,
gss.cpi,Consumer Price Index,Bono,Clothing and footwear,All sources,2024-05,207.0,ok,
gss.cpi,Consumer Price Index,Bono,Clothing and footwear,All sources,2024-06,211.7,ok,
gss.cpi,Consumer Price Index,Bono,Clothing and footwear,All sources,2024-07,220.6,ok,
gss.cpi,Consumer Price Index,Bono,Clothing and footwear,All sources,2024-08,226.9,ok,
gss.cpi,Consumer Price Index,Bono,Clothing and footwear,All sources,2024-09,231.2,ok,
gss.cpi,Consumer Price Index,Bono,Clothing and footwear,All sources,2024-10,241.2,ok,
gss.cpi,Consumer Price Index,Bono,Clothing and footwear,All sources,2024-11,251.3,ok,
gss.cpi,Consumer Price Index,Bono,Clothing and footwear,All sources,2024-12,253.2,ok,
gss.cpi,Consumer Price Index,Bono,Clothing and footwear,All sources,2025-01,259.2,ok,
gss.cpi,Consumer Price Index,Bono,Clothing and footwear,All sources,2025-02,262.7,ok,
gss.cpi,Consumer Price Index,Bono,Clothing and footwear,All sources,2025-03,264.0,ok,
gss.cpi,Consumer Price Index,Bono,Clothing and footwear,All sources,2025-04,265.8,ok,
gss.cpi,Consumer Price Index,Bono,Clothing and footwear,All sources,2025-05,270.5,ok,
gss.cpi,Consumer Price Index,Bono,Clothing and footwear,All sources,2025-06,267.5,ok,
gss.cpi,Consumer Price Index,Bono,Clothing and footwear,All sources,2025-07,275.4,ok,
gss.cpi,Consumer Price Index,Bono,Clothing and footwear,All sources,2025-08,275.6,ok,
gss.cpi,Consumer Price Index,Bono,Clothing and footwear,All sources,2025-09,266.5,ok,
gss.cpi,Consumer Price Index,Bono,Clothing and footwear,All sources,2025-10,277.8,ok,
gss.cpi,Consumer Price Index,Bono,Clothing and footwear,All sources,2025-11,281.8,ok,
gss.cpi,Consumer Price Index,Bono,Clothing and footwear,All sources,2025-12,280.2,ok,
gss.cpi,Consumer Price Index,Bono,Clothing and footwear,All sources,2026-01,282.0,ok,
gss.cpi,Consumer Price Index,Bono,Education services,All sources,2021-01,99.8,ok,
gss.cpi,Consumer Price Index,Bono,Education services,All sources,2021-02,99.8,ok,
gss.cpi,Consumer Price Index,Bono,Education services,All sources,2021-03,99.8,ok,
gss.cpi,Consumer Price Index,Bono,Education services,All sources,2021-04,99.8,ok,
gss.cpi,Consumer Price Index,Bono,Education services,All sources,2021-05,99.8,ok,
gss.cpi,Consumer Price Index,Bono,Education services,All sources,2021-06,99.8,ok,
gss.cpi,Consumer Price Index,Bono,Education services,All sources,2021-07,99.8,ok,
gss.cpi,Consumer Price Index,Bono,Education services,All sources,2021-08,99.8,ok,
gss.cpi,Consumer Price Index,Bono,Education services,All sources,2021-09,99.8,ok,
gss.cpi,Consumer Price Index,Bono,Education services,All sources,2021-10,99.8,ok,
gss.cpi,Consumer Price Index,Bono,Education services,All sources,2021-11,100.6,ok,
gss.cpi,Consumer Price Index,Bono,Education services,All sources,2021-12,101.3,ok,
gss.cpi,Consumer Price Index,Bono,Education services,All sources,2022-01,99.0,ok,
gss.cpi,Consumer Price Index,Bono,Education services,All sources,2022-02,102.8,ok,
gss.cpi,Consumer Price Index,Bono,Education services,All sources,2022-03,108.7,ok,
gss.cpi,Consumer Price Index,Bono,Education services,All sources,2022-04,109.5,ok,
gss.cpi,Consumer Price Index,Bono,Education services,All sources,2022-05,110.2,ok,
gss.cpi,Consumer Price Index,Bono,Education services,All sources,2022-06,111.0,ok,
gss.cpi,Consumer Price Index,Bono,Education services,All sources,2022-07,111.7,ok,
gss.cpi,Consumer Price Index,Bono,Education services,All sources,2022-08,111.7,ok,
gss.cpi,Consumer Price Index,Bono,Education services,All sources,2022-09,111.7,ok,
gss.cpi,Consumer Price Index,Bono,Education services,All sources,2022-10,111.7,ok,
gss.cpi,Consumer Price Index,Bono,Education services,All sources,2022-11,111.7,ok,
gss.cpi,Consumer Price Index,Bono,Education services,All sources,2022-12,112.9,ok,
gss.cpi,Consumer Price Index,Bono,Education services,All sources,2023-01,114.7,ok,
gss.cpi,Consumer Price Index,Bono,Education services,All sources,2023-02,123.6,ok,
gss.cpi,Consumer Price Index,Bono,Education services,All sources,2023-03,123.4,ok,
gss.cpi,Consumer Price Index,Bono,Education services,All sources,2023-04,127.9,ok,
gss.cpi,Consumer Price Index,Bono,Education services,All sources,2023-05,135.5,ok,
gss.cpi,Consumer Price Index,Bono,Education services,All sources,2023-06,143.1,ok,
gss.cpi,Consumer Price Index,Bono,Education services,All sources,2023-07,151.0,ok,
gss.cpi,Consumer Price Index,Bono,Education services,All sources,2023-08,154.5,ok,
gss.cpi,Consumer Price Index,Bono,Education services,All sources,2023-09,154.5,ok,
gss.cpi,Consumer Price Index,Bono,Education services,All sources,2023-10,166.8,ok,
gss.cpi,Consumer Price Index,Bono,Education services,All sources,2023-11,173.7,ok,
gss.cpi,Consumer Price Index,Bono,Education services,All sources,2023-12,174.6,ok,
gss.cpi,Consumer Price Index,Bono,Education services,All sources,2024-01,174.6,ok,
gss.cpi,Consumer Price Index,Bono,Education services,All sources,2024-02,174.9,ok,
gss.cpi,Consumer Price Index,Bono,Education services,All sources,2024-03,174.9,ok,
gss.cpi,Consumer Price Index,Bono,Education services,All sources,2024-04,174.9,ok,
gss.cpi,Consumer Price Index,Bono,Education services,All sources,2024-05,177.6,ok,
gss.cpi,Consumer Price Index,Bono,Education services,All sources,2024-06,177.6,ok,
gss.cpi,Consumer Price Index,Bono,Education services,All sources,2024-07,183.0,ok,
gss.cpi,Consumer Price Index,Bono,Education services,All sources,2024-08,183.0,ok,
gss.cpi,Consumer Price Index,Bono,Education services,All sources,2024-09,183.0,ok,
gss.cpi,Consumer Price Index,Bono,Education services,All sources,2024-10,183.0,ok,
gss.cpi,Consumer Price Index,Bono,Education services,All sources,2024-11,183.0,ok,
gss.cpi,Consumer Price Index,Bono,Education services,All sources,2024-12,183.0,ok,
gss.cpi,Consumer Price Index,Bono,Education services,All sources,2025-01,183.0,ok,
gss.cpi,Consumer Price Index,Bono,Education services,All sources,2025-02,183.0,ok,
gss.cpi,Consumer Price Index,Bono,Education services,All sources,2025-03,185.0,ok,
gss.cpi,Consumer Price Index,Bono,Education services,All sources,2025-04,190.6,ok,
gss.cpi,Consumer Price Index,Bono,Education services,All sources,2025-05,192.4,ok,
gss.cpi,Consumer Price Index,Bono,Education services,All sources,2025-06,192.4,ok,
gss.cpi,Consumer Price Index,Bono,Education services,All sources,2025-07,192.4,ok,
gss.cpi,Consumer Price Index,Bono,Education services,All sources,2025-08,192.4,ok,
gss.cpi,Consumer Price Index,Bono,Education services,All sources,2025-09,192.4,ok,
gss.cpi,Consumer Price Index,Bono,Education services,All sources,2025-10,192.4,ok,
gss.cpi,Consumer Price Index,Bono,Education services,All sources,2025-11,192.4,ok,
gss.cpi,Consumer Price Index,Bono,Education services,All sources,2025-12,192.4,ok,
gss.cpi,Consumer Price Index,Bono,Education services,All sources,2026-01,192.4,ok,
gss.cpi,Consumer Price Index,Bono,Food,All sources,2021-01,98.2,ok,
gss.cpi,Consumer Price Index,Bono,Food,All sources,2021-02,98.6,ok,
gss.cpi,Consumer Price Index,Bono,Food,All sources,2021-03,98.7,ok,
gss.cpi,Consumer Price Index,Bono,Food,All sources,2021-04,98.5,ok,
gss.cpi,Consumer Price Index,Bono,Food,All sources,2021-05,98.6,ok,
gss.cpi,Consumer Price Index,Bono,Food,All sources,2021-06,98.0,ok,
gss.cpi,Consumer Price Index,Bono,Food,All sources,2021-07,98.5,ok,
gss.cpi,Consumer Price Index,Bono,Food,All sources,2021-08,102.5,ok,
gss.cpi,Consumer Price Index,Bono,Food,All sources,2021-09,102.2,ok,
gss.cpi,Consumer Price Index,Bono,Food,All sources,2021-10,101.8,ok,
gss.cpi,Consumer Price Index,Bono,Food,All sources,2021-11,101.7,ok,
gss.cpi,Consumer Price Index,Bono,Food,All sources,2021-12,102.7,ok,
gss.cpi,Consumer Price Index,Bono,Food,All sources,2022-01,107.5,ok,
gss.cpi,Consumer Price Index,Bono,Food,All sources,2022-02,113.4,ok,
gss.cpi,Consumer Price Index,Bono,Food,All sources,2022-03,118.8,ok,
gss.cpi,Consumer Price Index,Bono,Food,All sources,2022-04,125.9,ok,
gss.cpi,Consumer Price Index,Bono,Food,All sources,2022-05,135.2,ok,
gss.cpi,Consumer Price Index,Bono,Food,All sources,2022-06,138.4,ok,
gss.cpi,Consumer Price Index,Bono,Food,All sources,2022-07,140.6,ok,
gss.cpi,Consumer Price Index,Bono,Food,All sources,2022-08,145.3,ok,
gss.cpi,Consumer Price Index,Bono,Food,All sources,2022-09,146.4,ok,
gss.cpi,Consumer Price Index,Bono,Food,All sources,2022-10,157.8,ok,
gss.cpi,Consumer Price Index,Bono,Food,All sources,2022-11,172.6,ok,
gss.cpi,Consumer Price Index,Bono,Food,All sources,2022-12,181.0,ok,
gss.cpi,Consumer Price Index,Bono,Food,All sources,2023-01,185.9,ok,
gss.cpi,Consumer Price Index,Bono,Food,All sources,2023-02,192.6,ok,
gss.cpi,Consumer Price Index,Bono,Food,All sources,2023-03,190.7,ok,
gss.cpi,Consumer Price Index,Bono,Food,All sources,2023-04,205.2,ok,
gss.cpi,Consumer Price Index,Bono,Food,All sources,2023-05,218.8,ok,
gss.cpi,Consumer Price Index,Bono,Food,All sources,2023-06,228.2,ok,
gss.cpi,Consumer Price Index,Bono,Food,All sources,2023-07,237.3,ok,
gss.cpi,Consumer Price Index,Bono,Food,All sources,2023-08,236.9,ok,
gss.cpi,Consumer Price Index,Bono,Food,All sources,2023-09,237.2,ok,
gss.cpi,Consumer Price Index,Bono,Food,All sources,2023-10,234.3,ok,
gss.cpi,Consumer Price Index,Bono,Food,All sources,2023-11,240.4,ok,
gss.cpi,Consumer Price Index,Bono,Food,All sources,2023-12,239.8,ok,
gss.cpi,Consumer Price Index,Bono,Food,All sources,2024-01,242.0,ok,
gss.cpi,Consumer Price Index,Bono,Food,All sources,2024-02,243.8,ok,
gss.cpi,Consumer Price Index,Bono,Food,All sources,2024-03,247.9,ok,
gss.cpi,Consumer Price Index,Bono,Food,All sources,2024-04,249.5,ok,
gss.cpi,Consumer Price Index,Bono,Food,All sources,2024-05,258.3,ok,
gss.cpi,Consumer Price Index,Bono,Food,All sources,2024-06,275.3,ok,
gss.cpi,Consumer Price Index,Bono,Food,All sources,2024-07,273.8,ok,
gss.cpi,Consumer Price Index,Bono,Food,All sources,2024-08,273.7,ok,
gss.cpi,Consumer Price Index,Bono,Food,All sources,2024-09,282.9,ok,
gss.cpi,Consumer Price Index,Bono,Food,All sources,2024-10,285.8,ok,
gss.cpi,Consumer Price Index,Bono,Food,All sources,2024-11,294.2,ok,
gss.cpi,Consumer Price Index,Bono,Food,All sources,2024-12,302.9,ok,
gss.cpi,Consumer Price Index,Bono,Food,All sources,2025-01,310.6,ok,
gss.cpi,Consumer Price Index,Bono,Food,All sources,2025-02,314.0,ok,
gss.cpi,Consumer Price Index,Bono,Food,All sources,2025-03,322.0,ok,
gss.cpi,Consumer Price Index,Bono,Food,All sources,2025-04,331.9,ok,
gss.cpi,Consumer Price Index,Bono,Food,All sources,2025-05,336.7,ok,
gss.cpi,Consumer Price Index,Bono,Food,All sources,2025-06,316.6,ok,
gss.cpi,Consumer Price Index,Bono,Food,All sources,2025-07,315.4,ok,
gss.cpi,Consumer Price Index,Bono,Food,All sources,2025-08,313.5,ok,
gss.cpi,Consumer Price Index,Bono,Food,All sources,2025-09,301.2,ok,
gss.cpi,Consumer Price Index,Bono,Food,All sources,2025-10,303.2,ok,
gss.cpi,Consumer Price Index,Bono,Food,All sources,2025-11,311.0,ok,
gss.cpi,Consumer Price Index,Bono,Food,All sources,2025-12,315.4,ok,
gss.cpi,Consumer Price Index,Bono,Food,All sources,2026-01,321.1,ok,
gss.cpi,Consumer Price Index,Bono,Food and non-alcoholic beverages,All sources,2021-01,98.2,ok,
gss.cpi,Consumer Price Index,Bono,Food and non-alcoholic beverages,All sources,2021-02,98.6,ok,
gss.cpi,Consumer Price Index,Bono,Food and non-alcoholic beverages,All sources,2021-03,98.7,ok,
gss.cpi,Consumer Price Index,Bono,Food and non-alcoholic beverages,All sources,2021-04,98.5,ok,
gss.cpi,Consumer Price Index,Bono,Food and non-alcoholic beverages,All sources,2021-05,98.6,ok,
gss.cpi,Consumer Price Index,Bono,Food and non-alcoholic beverages,All sources,2021-06,98.0,ok,
gss.cpi,Consumer Price Index,Bono,Food and non-alcoholic beverages,All sources,2021-07,98.5,ok,
gss.cpi,Consumer Price Index,Bono,Food and non-alcoholic beverages,All sources,2021-08,102.5,ok,
gss.cpi,Consumer Price Index,Bono,Food and non-alcoholic beverages,All sources,2021-09,102.2,ok,
gss.cpi,Consumer Price Index,Bono,Food and non-alcoholic beverages,All sources,2021-10,101.8,ok,
gss.cpi,Consumer Price Index,Bono,Food and non-alcoholic beverages,All sources,2021-11,101.7,ok,
gss.cpi,Consumer Price Index,Bono,Food and non-alcoholic beverages,All sources,2021-12,102.7,ok,
gss.cpi,Consumer Price Index,Bono,Food and non-alcoholic beverages,All sources,2022-01,107.5,ok,
gss.cpi,Consumer Price Index,Bono,Food and non-alcoholic beverages,All sources,2022-02,113.4,ok,
gss.cpi,Consumer Price Index,Bono,Food and non-alcoholic beverages,All sources,2022-03,118.8,ok,
gss.cpi,Consumer Price Index,Bono,Food and non-alcoholic beverages,All sources,2022-04,125.9,ok,
gss.cpi,Consumer Price Index,Bono,Food and non-alcoholic beverages,All sources,2022-05,135.2,ok,
gss.cpi,Consumer Price Index,Bono,Food and non-alcoholic beverages,All sources,2022-06,138.4,ok,
gss.cpi,Consumer Price Index,Bono,Food and non-alcoholic beverages,All sources,2022-07,140.6,ok,
gss.cpi,Consumer Price Index,Bono,Food and non-alcoholic beverages,All sources,2022-08,145.3,ok,
gss.cpi,Consumer Price Index,Bono,Food and non-alcoholic beverages,All sources,2022-09,146.4,ok,
gss.cpi,Consumer Price Index,Bono,Food and non-alcoholic beverages,All sources,2022-10,157.8,ok,
gss.cpi,Consumer Price Index,Bono,Food and non-alcoholic beverages,All sources,2022-11,172.6,ok,
gss.cpi,Consumer Price Index,Bono,Food and non-alcoholic beverages,All sources,2022-12,181.0,ok,
gss.cpi,Consumer Price Index,Bono,Food and non-alcoholic beverages,All sources,2023-01,185.9,ok,
gss.cpi,Consumer Price Index,Bono,Food and non-alcoholic beverages,All sources,2023-02,192.6,ok,
gss.cpi,Consumer Price Index,Bono,Food and non-alcoholic beverages,All sources,2023-03,190.7,ok,
gss.cpi,Consumer Price Index,Bono,Food and non-alcoholic beverages,All sources,2023-04,205.2,ok,
gss.cpi,Consumer Price Index,Bono,Food and non-alcoholic beverages,All sources,2023-05,218.8,ok,
gss.cpi,Consumer Price Index,Bono,Food and non-alcoholic beverages,All sources,2023-06,228.2,ok,
gss.cpi,Consumer Price Index,Bono,Food and non-alcoholic beverages,All sources,2023-07,237.3,ok,
gss.cpi,Consumer Price Index,Bono,Food and non-alcoholic beverages,All sources,2023-08,236.9,ok,
gss.cpi,Consumer Price Index,Bono,Food and non-alcoholic beverages,All sources,2023-09,237.2,ok,
gss.cpi,Consumer Price Index,Bono,Food and non-alcoholic beverages,All sources,2023-10,234.3,ok,
gss.cpi,Consumer Price Index,Bono,Food and non-alcoholic beverages,All sources,2023-11,240.4,ok,
gss.cpi,Consumer Price Index,Bono,Food and non-alcoholic beverages,All sources,2023-12,239.8,ok,
gss.cpi,Consumer Price Index,Bono,Food and non-alcoholic beverages,All sources,2024-01,242.0,ok,
gss.cpi,Consumer Price Index,Bono,Food and non-alcoholic beverages,All sources,2024-02,243.8,ok,
gss.cpi,Consumer Price Index,Bono,Food and non-alcoholic beverages,All sources,2024-03,247.9,ok,
gss.cpi,Consumer Price Index,Bono,Food and non-alcoholic beverages,All sources,2024-04,249.5,ok,
gss.cpi,Consumer Price Index,Bono,Food and non-alcoholic beverages,All sources,2024-05,258.3,ok,
gss.cpi,Consumer Price Index,Bono,Food and non-alcoholic beverages,All sources,2024-06,275.3,ok,
gss.cpi,Consumer Price Index,Bono,Food and non-alcoholic beverages,All sources,2024-07,273.8,ok,
gss.cpi,Consumer Price Index,Bono,Food and non-alcoholic beverages,All sources,2024-08,273.7,ok,
gss.cpi,Consumer Price Index,Bono,Food and non-alcoholic beverages,All sources,2024-09,282.9,ok,
gss.cpi,Consumer Price Index,Bono,Food and non-alcoholic beverages,All sources,2024-10,285.8,ok,
gss.cpi,Consumer Price Index,Bono,Food and non-alcoholic beverages,All sources,2024-11,294.2,ok,
gss.cpi,Consumer Price Index,Bono,Food and non-alcoholic beverages,All sources,2024-12,302.9,ok,
gss.cpi,Consumer Price Index,Bono,Food and non-alcoholic beverages,All sources,2025-01,310.6,ok,
gss.cpi,Consumer Price Index,Bono,Food and non-alcoholic beverages,All sources,2025-02,314.0,ok,
gss.cpi,Consumer Price Index,Bono,Food and non-alcoholic beverages,All sources,2025-03,322.0,ok,
gss.cpi,Consumer Price Index,Bono,Food and non-alcoholic beverages,All sources,2025-04,331.9,ok,
gss.cpi,Consumer Price Index,Bono,Food and non-alcoholic beverages,All sources,2025-05,336.7,ok,
gss.cpi,Consumer Price Index,Bono,Food and non-alcoholic beverages,All sources,2025-06,316.6,ok,
gss.cpi,Consumer Price Index,Bono,Food and non-alcoholic beverages,All sources,2025-07,315.4,ok,
gss.cpi,Consumer Price Index,Bono,Food and non-alcoholic beverages,All sources,2025-08,313.5,ok,
gss.cpi,Consumer Price Index,Bono,Food and non-alcoholic beverages,All sources,2025-09,301.2,ok,
gss.cpi,Consumer Price Index,Bono,Food and non-alcoholic beverages,All sources,2025-10,303.2,ok,
gss.cpi,Consumer Price Index,Bono,Food and non-alcoholic beverages,All sources,2025-11,311.0,ok,
gss.cpi,Consumer Price Index,Bono,Food and non-alcoholic beverages,All sources,2025-12,315.4,ok,
gss.cpi,Consumer Price Index,Bono,Food and non-alcoholic beverages,All sources,2026-01,321.1,ok,
gss.cpi,Consumer Price Index,Bono,"Furnishings, household equipment and routine household maintenance",All sources,2021-01,98.0,ok,
gss.cpi,Consumer Price Index,Bono,"Furnishings, household equipment and routine household maintenance",All sources,2021-02,98.2,ok,
gss.cpi,Consumer Price Index,Bono,"Furnishings, household equipment and routine household maintenance",All sources,2021-03,98.2,ok,
gss.cpi,Consumer Price Index,Bono,"Furnishings, household equipment and routine household maintenance",All sources,2021-04,98.3,ok,
gss.cpi,Consumer Price Index,Bono,"Furnishings, household equipment and routine household maintenance",All sources,2021-05,98.3,ok,
gss.cpi,Consumer Price Index,Bono,"Furnishings, household equipment and routine household maintenance",All sources,2021-06,98.3,ok,
gss.cpi,Consumer Price Index,Bono,"Furnishings, household equipment and routine household maintenance",All sources,2021-07,98.3,ok,
gss.cpi,Consumer Price Index,Bono,"Furnishings, household equipment and routine household maintenance",All sources,2021-08,102.2,ok,
gss.cpi,Consumer Price Index,Bono,"Furnishings, household equipment and routine household maintenance",All sources,2021-09,102.2,ok,
gss.cpi,Consumer Price Index,Bono,"Furnishings, household equipment and routine household maintenance",All sources,2021-10,102.4,ok,
gss.cpi,Consumer Price Index,Bono,"Furnishings, household equipment and routine household maintenance",All sources,2021-11,103.0,ok,
gss.cpi,Consumer Price Index,Bono,"Furnishings, household equipment and routine household maintenance",All sources,2021-12,102.5,ok,
gss.cpi,Consumer Price Index,Bono,"Furnishings, household equipment and routine household maintenance",All sources,2022-01,101.8,ok,
gss.cpi,Consumer Price Index,Bono,"Furnishings, household equipment and routine household maintenance",All sources,2022-02,106.9,ok,
gss.cpi,Consumer Price Index,Bono,"Furnishings, household equipment and routine household maintenance",All sources,2022-03,110.6,ok,
gss.cpi,Consumer Price Index,Bono,"Furnishings, household equipment and routine household maintenance",All sources,2022-04,117.4,ok,
gss.cpi,Consumer Price Index,Bono,"Furnishings, household equipment and routine household maintenance",All sources,2022-05,126.7,ok,
gss.cpi,Consumer Price Index,Bono,"Furnishings, household equipment and routine household maintenance",All sources,2022-06,133.4,ok,
gss.cpi,Consumer Price Index,Bono,"Furnishings, household equipment and routine household maintenance",All sources,2022-07,141.5,ok,
gss.cpi,Consumer Price Index,Bono,"Furnishings, household equipment and routine household maintenance",All sources,2022-08,144.7,ok,
gss.cpi,Consumer Price Index,Bono,"Furnishings, household equipment and routine household maintenance",All sources,2022-09,143.2,ok,
gss.cpi,Consumer Price Index,Bono,"Furnishings, household equipment and routine household maintenance",All sources,2022-10,147.8,ok,
gss.cpi,Consumer Price Index,Bono,"Furnishings, household equipment and routine household maintenance",All sources,2022-11,161.1,ok,
gss.cpi,Consumer Price Index,Bono,"Furnishings, household equipment and routine household maintenance",All sources,2022-12,172.1,ok,
gss.cpi,Consumer Price Index,Bono,"Furnishings, household equipment and routine household maintenance",All sources,2023-01,177.9,ok,
gss.cpi,Consumer Price Index,Bono,"Furnishings, household equipment and routine household maintenance",All sources,2023-02,180.2,ok,
gss.cpi,Consumer Price Index,Bono,"Furnishings, household equipment and routine household maintenance",All sources,2023-03,179.6,ok,
gss.cpi,Consumer Price Index,Bono,"Furnishings, household equipment and routine household maintenance",All sources,2023-04,185.8,ok,
gss.cpi,Consumer Price Index,Bono,"Furnishings, household equipment and routine household maintenance",All sources,2023-05,196.3,ok,
gss.cpi,Consumer Price Index,Bono,"Furnishings, household equipment and routine household maintenance",All sources,2023-06,207.4,ok,
gss.cpi,Consumer Price Index,Bono,"Furnishings, household equipment and routine household maintenance",All sources,2023-07,215.2,ok,
gss.cpi,Consumer Price Index,Bono,"Furnishings, household equipment and routine household maintenance",All sources,2023-08,220.1,ok,
gss.cpi,Consumer Price Index,Bono,"Furnishings, household equipment and routine household maintenance",All sources,2023-09,230.8,ok,
gss.cpi,Consumer Price Index,Bono,"Furnishings, household equipment and routine household maintenance",All sources,2023-10,233.3,ok,
gss.cpi,Consumer Price Index,Bono,"Furnishings, household equipment and routine household maintenance",All sources,2023-11,236.4,ok,
gss.cpi,Consumer Price Index,Bono,"Furnishings, household equipment and routine household maintenance",All sources,2023-12,238.4,ok,
gss.cpi,Consumer Price Index,Bono,"Furnishings, household equipment and routine household maintenance",All sources,2024-01,235.4,ok,
gss.cpi,Consumer Price Index,Bono,"Furnishings, household equipment and routine household maintenance",All sources,2024-02,238.4,ok,
gss.cpi,Consumer Price Index,Bono,"Furnishings, household equipment and routine household maintenance",All sources,2024-03,238.0,ok,
gss.cpi,Consumer Price Index,Bono,"Furnishings, household equipment and routine household maintenance",All sources,2024-04,238.0,ok,
gss.cpi,Consumer Price Index,Bono,"Furnishings, household equipment and routine household maintenance",All sources,2024-05,240.0,ok,
gss.cpi,Consumer Price Index,Bono,"Furnishings, household equipment and routine household maintenance",All sources,2024-06,243.7,ok,
gss.cpi,Consumer Price Index,Bono,"Furnishings, household equipment and routine household maintenance",All sources,2024-07,247.4,ok,
gss.cpi,Consumer Price Index,Bono,"Furnishings, household equipment and routine household maintenance",All sources,2024-08,247.4,ok,
gss.cpi,Consumer Price Index,Bono,"Furnishings, household equipment and routine household maintenance",All sources,2024-09,254.1,ok,
gss.cpi,Consumer Price Index,Bono,"Furnishings, household equipment and routine household maintenance",All sources,2024-10,260.6,ok,
gss.cpi,Consumer Price Index,Bono,"Furnishings, household equipment and routine household maintenance",All sources,2024-11,263.4,ok,
gss.cpi,Consumer Price Index,Bono,"Furnishings, household equipment and routine household maintenance",All sources,2024-12,265.2,ok,
gss.cpi,Consumer Price Index,Bono,"Furnishings, household equipment and routine household maintenance",All sources,2025-01,271.8,ok,
gss.cpi,Consumer Price Index,Bono,"Furnishings, household equipment and routine household maintenance",All sources,2025-02,272.8,ok,
gss.cpi,Consumer Price Index,Bono,"Furnishings, household equipment and routine household maintenance",All sources,2025-03,273.9,ok,
gss.cpi,Consumer Price Index,Bono,"Furnishings, household equipment and routine household maintenance",All sources,2025-04,277.2,ok,
gss.cpi,Consumer Price Index,Bono,"Furnishings, household equipment and routine household maintenance",All sources,2025-05,278.4,ok,
gss.cpi,Consumer Price Index,Bono,"Furnishings, household equipment and routine household maintenance",All sources,2025-06,274.3,ok,
gss.cpi,Consumer Price Index,Bono,"Furnishings, household equipment and routine household maintenance",All sources,2025-07,275.9,ok,
gss.cpi,Consumer Price Index,Bono,"Furnishings, household equipment and routine household maintenance",All sources,2025-08,268.2,ok,
gss.cpi,Consumer Price Index,Bono,"Furnishings, household equipment and routine household maintenance",All sources,2025-09,272.8,ok,
gss.cpi,Consumer Price Index,Bono,"Furnishings, household equipment and routine household maintenance",All sources,2025-10,273.2,ok,
gss.cpi,Consumer Price Index,Bono,"Furnishings, household equipment and routine household maintenance",All sources,2025-11,274.9,ok,
gss.cpi,Consumer Price Index,Bono,"Furnishings, household equipment and routine household maintenance",All sources,2025-12,275.8,ok,
gss.cpi,Consumer Price Index,Bono,"Furnishings, household equipment and routine household maintenance",All sources,2026-01,277.0,ok,
gss.cpi,Consumer Price Index,Bono,Health,All sources,2021-01,98.7,ok,
gss.cpi,Consumer Price Index,Bono,Health,All sources,2021-02,98.9,ok,
gss.cpi,Consumer Price Index,Bono,Health,All sources,2021-03,98.9,ok,
gss.cpi,Consumer Price Index,Bono,Health,All sources,2021-04,98.9,ok,
gss.cpi,Consumer Price Index,Bono,Health,All sources,2021-05,98.9,ok,
gss.cpi,Consumer Price Index,Bono,Health,All sources,2021-06,98.9,ok,
gss.cpi,Consumer Price Index,Bono,Health,All sources,2021-07,98.9,ok,
gss.cpi,Consumer Price Index,Bono,Health,All sources,2021-08,99.7,ok,
gss.cpi,Consumer Price Index,Bono,Health,All sources,2021-09,100.0,ok,
gss.cpi,Consumer Price Index,Bono,Health,All sources,2021-10,102.7,ok,
gss.cpi,Consumer Price Index,Bono,Health,All sources,2021-11,102.7,ok,
gss.cpi,Consumer Price Index,Bono,Health,All sources,2021-12,102.8,ok,
gss.cpi,Consumer Price Index,Bono,Health,All sources,2022-01,100.2,ok,
gss.cpi,Consumer Price Index,Bono,Health,All sources,2022-02,104.6,ok,
gss.cpi,Consumer Price Index,Bono,Health,All sources,2022-03,105.4,ok,
gss.cpi,Consumer Price Index,Bono,Health,All sources,2022-04,107.1,ok,
gss.cpi,Consumer Price Index,Bono,Health,All sources,2022-05,109.9,ok,
gss.cpi,Consumer Price Index,Bono,Health,All sources,2022-06,112.1,ok,
gss.cpi,Consumer Price Index,Bono,Health,All sources,2022-07,116.9,ok,
gss.cpi,Consumer Price Index,Bono,Health,All sources,2022-08,117.5,ok,
gss.cpi,Consumer Price Index,Bono,Health,All sources,2022-09,118.0,ok,
gss.cpi,Consumer Price Index,Bono,Health,All sources,2022-10,127.5,ok,
gss.cpi,Consumer Price Index,Bono,Health,All sources,2022-11,138.8,ok,
gss.cpi,Consumer Price Index,Bono,Health,All sources,2022-12,141.9,ok,
gss.cpi,Consumer Price Index,Bono,Health,All sources,2023-01,142.9,ok,
gss.cpi,Consumer Price Index,Bono,Health,All sources,2023-02,147.4,ok,
gss.cpi,Consumer Price Index,Bono,Health,All sources,2023-03,140.8,ok,
gss.cpi,Consumer Price Index,Bono,Health,All sources,2023-04,148.4,ok,
gss.cpi,Consumer Price Index,Bono,Health,All sources,2023-05,160.1,ok,
gss.cpi,Consumer Price Index,Bono,Health,All sources,2023-06,169.2,ok,
gss.cpi,Consumer Price Index,Bono,Health,All sources,2023-07,179.2,ok,
gss.cpi,Consumer Price Index,Bono,Health,All sources,2023-08,182.5,ok,
gss.cpi,Consumer Price Index,Bono,Health,All sources,2023-09,188.0,ok,
gss.cpi,Consumer Price Index,Bono,Health,All sources,2023-10,186.3,ok,
gss.cpi,Consumer Price Index,Bono,Health,All sources,2023-11,188.1,ok,
gss.cpi,Consumer Price Index,Bono,Health,All sources,2023-12,186.9,ok,
gss.cpi,Consumer Price Index,Bono,Health,All sources,2024-01,186.5,ok,
gss.cpi,Consumer Price Index,Bono,Health,All sources,2024-02,186.9,ok,
gss.cpi,Consumer Price Index,Bono,Health,All sources,2024-03,187.0,ok,
gss.cpi,Consumer Price Index,Bono,Health,All sources,2024-04,188.5,ok,
gss.cpi,Consumer Price Index,Bono,Health,All sources,2024-05,190.1,ok,
gss.cpi,Consumer Price Index,Bono,Health,All sources,2024-06,193.4,ok,
gss.cpi,Consumer Price Index,Bono,Health,All sources,2024-07,195.9,ok,
gss.cpi,Consumer Price Index,Bono,Health,All sources,2024-08,195.6,ok,
gss.cpi,Consumer Price Index,Bono,Health,All sources,2024-09,207.0,ok,
gss.cpi,Consumer Price Index,Bono,Health,All sources,2024-10,218.3,ok,
gss.cpi,Consumer Price Index,Bono,Health,All sources,2024-11,218.6,ok,
gss.cpi,Consumer Price Index,Bono,Health,All sources,2024-12,221.4,ok,
gss.cpi,Consumer Price Index,Bono,Health,All sources,2025-01,223.9,ok,
gss.cpi,Consumer Price Index,Bono,Health,All sources,2025-02,223.3,ok,
gss.cpi,Consumer Price Index,Bono,Health,All sources,2025-03,223.7,ok,
gss.cpi,Consumer Price Index,Bono,Health,All sources,2025-04,230.2,ok,
gss.cpi,Consumer Price Index,Bono,Health,All sources,2025-05,235.5,ok,
gss.cpi,Consumer Price Index,Bono,Health,All sources,2025-06,234.4,ok,
gss.cpi,Consumer Price Index,Bono,Health,All sources,2025-07,236.3,ok,
gss.cpi,Consumer Price Index,Bono,Health,All sources,2025-08,238.1,ok,
gss.cpi,Consumer Price Index,Bono,Health,All sources,2025-09,228.3,ok,
gss.cpi,Consumer Price Index,Bono,Health,All sources,2025-10,238.0,ok,
gss.cpi,Consumer Price Index,Bono,Health,All sources,2025-11,239.1,ok,
gss.cpi,Consumer Price Index,Bono,Health,All sources,2025-12,237.8,ok,
gss.cpi,Consumer Price Index,Bono,Health,All sources,2026-01,237.4,ok,
gss.cpi,Consumer Price Index,Bono,"Housing, water, electricity, gas and other fuels",All sources,2021-01,97.5,ok,
gss.cpi,Consumer Price Index,Bono,"Housing, water, electricity, gas and other fuels",All sources,2021-02,97.9,ok,
gss.cpi,Consumer Price Index,Bono,"Housing, water, electricity, gas and other fuels",All sources,2021-03,98.2,ok,
gss.cpi,Consumer Price Index,Bono,"Housing, water, electricity, gas and other fuels",All sources,2021-04,100.6,ok,
gss.cpi,Consumer Price Index,Bono,"Housing, water, electricity, gas and other fuels",All sources,2021-05,99.8,ok,
gss.cpi,Consumer Price Index,Bono,"Housing, water, electricity, gas and other fuels",All sources,2021-06,100.2,ok,
gss.cpi,Consumer Price Index,Bono,"Housing, water, electricity, gas and other fuels",All sources,2021-07,100.8,ok,
gss.cpi,Consumer Price Index,Bono,"Housing, water, electricity, gas and other fuels",All sources,2021-08,100.4,ok,
gss.cpi,Consumer Price Index,Bono,"Housing, water, electricity, gas and other fuels",All sources,2021-09,100.4,ok,
gss.cpi,Consumer Price Index,Bono,"Housing, water, electricity, gas and other fuels",All sources,2021-10,101.2,ok,
gss.cpi,Consumer Price Index,Bono,"Housing, water, electricity, gas and other fuels",All sources,2021-11,101.5,ok,
gss.cpi,Consumer Price Index,Bono,"Housing, water, electricity, gas and other fuels",All sources,2021-12,101.6,ok,
gss.cpi,Consumer Price Index,Bono,"Housing, water, electricity, gas and other fuels",All sources,2022-01,102.4,ok,
gss.cpi,Consumer Price Index,Bono,"Housing, water, electricity, gas and other fuels",All sources,2022-02,106.5,ok,
gss.cpi,Consumer Price Index,Bono,"Housing, water, electricity, gas and other fuels",All sources,2022-03,110.1,ok,
gss.cpi,Consumer Price Index,Bono,"Housing, water, electricity, gas and other fuels",All sources,2022-04,112.8,ok,
gss.cpi,Consumer Price Index,Bono,"Housing, water, electricity, gas and other fuels",All sources,2022-05,122.5,ok,
gss.cpi,Consumer Price Index,Bono,"Housing, water, electricity, gas and other fuels",All sources,2022-06,126.4,ok,
gss.cpi,Consumer Price Index,Bono,"Housing, water, electricity, gas and other fuels",All sources,2022-07,127.8,ok,
gss.cpi,Consumer Price Index,Bono,"Housing, water, electricity, gas and other fuels",All sources,2022-08,130.2,ok,
gss.cpi,Consumer Price Index,Bono,"Housing, water, electricity, gas and other fuels",All sources,2022-09,135.4,ok,
gss.cpi,Consumer Price Index,Bono,"Housing, water, electricity, gas and other fuels",All sources,2022-10,143.4,ok,
gss.cpi,Consumer Price Index,Bono,"Housing, water, electricity, gas and other fuels",All sources,2022-11,151.1,ok,
gss.cpi,Consumer Price Index,Bono,"Housing, water, electricity, gas and other fuels",All sources,2022-12,156.7,ok,
gss.cpi,Consumer Price Index,Bono,"Housing, water, electricity, gas and other fuels",All sources,2023-01,158.0,ok,
gss.cpi,Consumer Price Index,Bono,"Housing, water, electricity, gas and other fuels",All sources,2023-02,157.2,ok,
gss.cpi,Consumer Price Index,Bono,"Housing, water, electricity, gas and other fuels",All sources,2023-03,157.3,ok,
gss.cpi,Consumer Price Index,Bono,"Housing, water, electricity, gas and other fuels",All sources,2023-04,158.8,ok,
gss.cpi,Consumer Price Index,Bono,"Housing, water, electricity, gas and other fuels",All sources,2023-05,155.4,ok,
gss.cpi,Consumer Price Index,Bono,"Housing, water, electricity, gas and other fuels",All sources,2023-06,150.3,ok,
gss.cpi,Consumer Price Index,Bono,"Housing, water, electricity, gas and other fuels",All sources,2023-07,150.8,ok,
gss.cpi,Consumer Price Index,Bono,"Housing, water, electricity, gas and other fuels",All sources,2023-08,150.0,ok,
gss.cpi,Consumer Price Index,Bono,"Housing, water, electricity, gas and other fuels",All sources,2023-09,157.2,ok,
gss.cpi,Consumer Price Index,Bono,"Housing, water, electricity, gas and other fuels",All sources,2023-10,163.4,ok,
gss.cpi,Consumer Price Index,Bono,"Housing, water, electricity, gas and other fuels",All sources,2023-11,169.7,ok,
gss.cpi,Consumer Price Index,Bono,"Housing, water, electricity, gas and other fuels",All sources,2023-12,173.2,ok,
gss.cpi,Consumer Price Index,Bono,"Housing, water, electricity, gas and other fuels",All sources,2024-01,173.3,ok,
gss.cpi,Consumer Price Index,Bono,"Housing, water, electricity, gas and other fuels",All sources,2024-02,173.5,ok,
gss.cpi,Consumer Price Index,Bono,"Housing, water, electricity, gas and other fuels",All sources,2024-03,172.5,ok,
gss.cpi,Consumer Price Index,Bono,"Housing, water, electricity, gas and other fuels",All sources,2024-04,178.2,ok,
gss.cpi,Consumer Price Index,Bono,"Housing, water, electricity, gas and other fuels",All sources,2024-05,185.2,ok,
gss.cpi,Consumer Price Index,Bono,"Housing, water, electricity, gas and other fuels",All sources,2024-06,186.1,ok,
gss.cpi,Consumer Price Index,Bono,"Housing, water, electricity, gas and other fuels",All sources,2024-07,186.9,ok,
gss.cpi,Consumer Price Index,Bono,"Housing, water, electricity, gas and other fuels",All sources,2024-08,185.6,ok,
gss.cpi,Consumer Price Index,Bono,"Housing, water, electricity, gas and other fuels",All sources,2024-09,186.8,ok,
gss.cpi,Consumer Price Index,Bono,"Housing, water, electricity, gas and other fuels",All sources,2024-10,190.5,ok,
gss.cpi,Consumer Price Index,Bono,"Housing, water, electricity, gas and other fuels",All sources,2024-11,199.5,ok,
gss.cpi,Consumer Price Index,Bono,"Housing, water, electricity, gas and other fuels",All sources,2024-12,202.0,ok,
gss.cpi,Consumer Price Index,Bono,"Housing, water, electricity, gas and other fuels",All sources,2025-01,202.6,ok,
gss.cpi,Consumer Price Index,Bono,"Housing, water, electricity, gas and other fuels",All sources,2025-02,213.6,ok,
gss.cpi,Consumer Price Index,Bono,"Housing, water, electricity, gas and other fuels",All sources,2025-03,216.1,ok,
gss.cpi,Consumer Price Index,Bono,"Housing, water, electricity, gas and other fuels",All sources,2025-04,224.7,ok,
gss.cpi,Consumer Price Index,Bono,"Housing, water, electricity, gas and other fuels",All sources,2025-05,236.2,ok,
gss.cpi,Consumer Price Index,Bono,"Housing, water, electricity, gas and other fuels",All sources,2025-06,244.2,ok,
gss.cpi,Consumer Price Index,Bono,"Housing, water, electricity, gas and other fuels",All sources,2025-07,248.7,ok,
gss.cpi,Consumer Price Index,Bono,"Housing, water, electricity, gas and other fuels",All sources,2025-08,237.8,ok,
gss.cpi,Consumer Price Index,Bono,"Housing, water, electricity, gas and other fuels",All sources,2025-09,232.0,ok,
gss.cpi,Consumer Price Index,Bono,"Housing, water, electricity, gas and other fuels",All sources,2025-10,229.6,ok,
gss.cpi,Consumer Price Index,Bono,"Housing, water, electricity, gas and other fuels",All sources,2025-11,223.3,ok,
gss.cpi,Consumer Price Index,Bono,"Housing, water, electricity, gas and other fuels",All sources,2025-12,215.6,ok,
gss.cpi,Consumer Price Index,Bono,"Housing, water, electricity, gas and other fuels",All sources,2026-01,216.3,ok,
gss.cpi,Consumer Price Index,Bono,Information and communication,All sources,2021-01,100.0,ok,
gss.cpi,Consumer Price Index,Bono,Information and communication,All sources,2021-02,100.0,ok,
gss.cpi,Consumer Price Index,Bono,Information and communication,All sources,2021-03,100.0,ok,
gss.cpi,Consumer Price Index,Bono,Information and communication,All sources,2021-04,100.0,ok,
gss.cpi,Consumer Price Index,Bono,Information and communication,All sources,2021-05,100.0,ok,
gss.cpi,Consumer Price Index,Bono,Information and communication,All sources,2021-06,100.0,ok,
gss.cpi,Consumer Price Index,Bono,Information and communication,All sources,2021-07,100.0,ok,
gss.cpi,Consumer Price Index,Bono,Information and communication,All sources,2021-08,100.0,ok,
gss.cpi,Consumer Price Index,Bono,Information and communication,All sources,2021-09,100.0,ok,
gss.cpi,Consumer Price Index,Bono,Information and communication,All sources,2021-10,100.0,ok,
gss.cpi,Consumer Price Index,Bono,Information and communication,All sources,2021-11,100.1,ok,
gss.cpi,Consumer Price Index,Bono,Information and communication,All sources,2021-12,100.1,ok,
gss.cpi,Consumer Price Index,Bono,Information and communication,All sources,2022-01,103.6,ok,
gss.cpi,Consumer Price Index,Bono,Information and communication,All sources,2022-02,101.0,ok,
gss.cpi,Consumer Price Index,Bono,Information and communication,All sources,2022-03,101.2,ok,
gss.cpi,Consumer Price Index,Bono,Information and communication,All sources,2022-04,101.2,ok,
gss.cpi,Consumer Price Index,Bono,Information and communication,All sources,2022-05,101.6,ok,
gss.cpi,Consumer Price Index,Bono,Information and communication,All sources,2022-06,102.1,ok,
gss.cpi,Consumer Price Index,Bono,Information and communication,All sources,2022-07,104.4,ok,
gss.cpi,Consumer Price Index,Bono,Information and communication,All sources,2022-08,105.1,ok,
gss.cpi,Consumer Price Index,Bono,Information and communication,All sources,2022-09,106.2,ok,
gss.cpi,Consumer Price Index,Bono,Information and communication,All sources,2022-10,107.3,ok,
gss.cpi,Consumer Price Index,Bono,Information and communication,All sources,2022-11,108.5,ok,
gss.cpi,Consumer Price Index,Bono,Information and communication,All sources,2022-12,110.0,ok,
gss.cpi,Consumer Price Index,Bono,Information and communication,All sources,2023-01,110.4,ok,
gss.cpi,Consumer Price Index,Bono,Information and communication,All sources,2023-02,111.4,ok,
gss.cpi,Consumer Price Index,Bono,Information and communication,All sources,2023-03,110.1,ok,
gss.cpi,Consumer Price Index,Bono,Information and communication,All sources,2023-04,110.8,ok,
gss.cpi,Consumer Price Index,Bono,Information and communication,All sources,2023-05,112.6,ok,
gss.cpi,Consumer Price Index,Bono,Information and communication,All sources,2023-06,113.9,ok,
gss.cpi,Consumer Price Index,Bono,Information and communication,All sources,2023-07,115.8,ok,
gss.cpi,Consumer Price Index,Bono,Information and communication,All sources,2023-08,115.5,ok,
gss.cpi,Consumer Price Index,Bono,Information and communication,All sources,2023-09,115.7,ok,
gss.cpi,Consumer Price Index,Bono,Information and communication,All sources,2023-10,115.4,ok,
gss.cpi,Consumer Price Index,Bono,Information and communication,All sources,2023-11,116.6,ok,
gss.cpi,Consumer Price Index,Bono,Information and communication,All sources,2023-12,118.6,ok,
gss.cpi,Consumer Price Index,Bono,Information and communication,All sources,2024-01,119.9,ok,
gss.cpi,Consumer Price Index,Bono,Information and communication,All sources,2024-02,120.7,ok,
gss.cpi,Consumer Price Index,Bono,Information and communication,All sources,2024-03,120.6,ok,
gss.cpi,Consumer Price Index,Bono,Information and communication,All sources,2024-04,122.9,ok,
gss.cpi,Consumer Price Index,Bono,Information and communication,All sources,2024-05,124.4,ok,
gss.cpi,Consumer Price Index,Bono,Information and communication,All sources,2024-06,124.7,ok,
gss.cpi,Consumer Price Index,Bono,Information and communication,All sources,2024-07,129.4,ok,
gss.cpi,Consumer Price Index,Bono,Information and communication,All sources,2024-08,134.1,ok,
gss.cpi,Consumer Price Index,Bono,Information and communication,All sources,2024-09,134.2,ok,
gss.cpi,Consumer Price Index,Bono,Information and communication,All sources,2024-10,136.6,ok,
gss.cpi,Consumer Price Index,Bono,Information and communication,All sources,2024-11,138.2,ok,
gss.cpi,Consumer Price Index,Bono,Information and communication,All sources,2024-12,142.0,ok,
gss.cpi,Consumer Price Index,Bono,Information and communication,All sources,2025-01,144.0,ok,
gss.cpi,Consumer Price Index,Bono,Information and communication,All sources,2025-02,144.1,ok,
gss.cpi,Consumer Price Index,Bono,Information and communication,All sources,2025-03,144.4,ok,
gss.cpi,Consumer Price Index,Bono,Information and communication,All sources,2025-04,144.8,ok,
gss.cpi,Consumer Price Index,Bono,Information and communication,All sources,2025-05,148.4,ok,
gss.cpi,Consumer Price Index,Bono,Information and communication,All sources,2025-06,151.3,ok,
gss.cpi,Consumer Price Index,Bono,Information and communication,All sources,2025-07,150.6,ok,
gss.cpi,Consumer Price Index,Bono,Information and communication,All sources,2025-08,146.8,ok,
gss.cpi,Consumer Price Index,Bono,Information and communication,All sources,2025-09,148.5,ok,
gss.cpi,Consumer Price Index,Bono,Information and communication,All sources,2025-10,150.5,ok,
gss.cpi,Consumer Price Index,Bono,Information and communication,All sources,2025-11,150.7,ok,
gss.cpi,Consumer Price Index,Bono,Information and communication,All sources,2025-12,150.8,ok,
gss.cpi,Consumer Price Index,Bono,Information and communication,All sources,2026-01,151.0,ok,
gss.cpi,Consumer Price Index,Bono,Insurance and financial services,All sources,2021-01,100.0,ok,
gss.cpi,Consumer Price Index,Bono,Insurance and financial services,All sources,2021-02,100.0,ok,
gss.cpi,Consumer Price Index,Bono,Insurance and financial services,All sources,2021-03,100.0,ok,
gss.cpi,Consumer Price Index,Bono,Insurance and financial services,All sources,2021-04,100.0,ok,
gss.cpi,Consumer Price Index,Bono,Insurance and financial services,All sources,2021-05,100.0,ok,
gss.cpi,Consumer Price Index,Bono,Insurance and financial services,All sources,2021-06,100.0,ok,
gss.cpi,Consumer Price Index,Bono,Insurance and financial services,All sources,2021-07,100.0,ok,
gss.cpi,Consumer Price Index,Bono,Insurance and financial services,All sources,2021-08,100.0,ok,
gss.cpi,Consumer Price Index,Bono,Insurance and financial services,All sources,2021-09,100.0,ok,
gss.cpi,Consumer Price Index,Bono,Insurance and financial services,All sources,2021-10,100.0,ok,
gss.cpi,Consumer Price Index,Bono,Insurance and financial services,All sources,2021-11,100.0,ok,
gss.cpi,Consumer Price Index,Bono,Insurance and financial services,All sources,2021-12,100.0,ok,
gss.cpi,Consumer Price Index,Bono,Insurance and financial services,All sources,2022-01,100.4,ok,
gss.cpi,Consumer Price Index,Bono,Insurance and financial services,All sources,2022-02,100.4,ok,
gss.cpi,Consumer Price Index,Bono,Insurance and financial services,All sources,2022-03,100.4,ok,
gss.cpi,Consumer Price Index,Bono,Insurance and financial services,All sources,2022-04,100.4,ok,
gss.cpi,Consumer Price Index,Bono,Insurance and financial services,All sources,2022-05,98.4,ok,
gss.cpi,Consumer Price Index,Bono,Insurance and financial services,All sources,2022-06,98.0,ok,
gss.cpi,Consumer Price Index,Bono,Insurance and financial services,All sources,2022-07,98.0,ok,
gss.cpi,Consumer Price Index,Bono,Insurance and financial services,All sources,2022-08,98.0,ok,
gss.cpi,Consumer Price Index,Bono,Insurance and financial services,All sources,2022-09,98.0,ok,
gss.cpi,Consumer Price Index,Bono,Insurance and financial services,All sources,2022-10,98.0,ok,
gss.cpi,Consumer Price Index,Bono,Insurance and financial services,All sources,2022-11,98.0,ok,
gss.cpi,Consumer Price Index,Bono,Insurance and financial services,All sources,2022-12,98.0,ok,
gss.cpi,Consumer Price Index,Bono,Insurance and financial services,All sources,2023-01,98.0,ok,
gss.cpi,Consumer Price Index,Bono,Insurance and financial services,All sources,2023-02,103.9,ok,
gss.cpi,Consumer Price Index,Bono,Insurance and financial services,All sources,2023-03,101.9,ok,
gss.cpi,Consumer Price Index,Bono,Insurance and financial services,All sources,2023-04,102.8,ok,
gss.cpi,Consumer Price Index,Bono,Insurance and financial services,All sources,2023-05,105.5,ok,
gss.cpi,Consumer Price Index,Bono,Insurance and financial services,All sources,2023-06,107.1,ok,
gss.cpi,Consumer Price Index,Bono,Insurance and financial services,All sources,2023-07,108.6,ok,
gss.cpi,Consumer Price Index,Bono,Insurance and financial services,All sources,2023-08,114.3,ok,
gss.cpi,Consumer Price Index,Bono,Insurance and financial services,All sources,2023-09,114.3,ok,
gss.cpi,Consumer Price Index,Bono,Insurance and financial services,All sources,2023-10,114.9,ok,
gss.cpi,Consumer Price Index,Bono,Insurance and financial services,All sources,2023-11,117.0,ok,
gss.cpi,Consumer Price Index,Bono,Insurance and financial services,All sources,2023-12,117.0,ok,
gss.cpi,Consumer Price Index,Bono,Insurance and financial services,All sources,2024-01,117.0,ok,
gss.cpi,Consumer Price Index,Bono,Insurance and financial services,All sources,2024-02,125.1,ok,
gss.cpi,Consumer Price Index,Bono,Insurance and financial services,All sources,2024-03,125.1,ok,
gss.cpi,Consumer Price Index,Bono,Insurance and financial services,All sources,2024-04,125.2,ok,
gss.cpi,Consumer Price Index,Bono,Insurance and financial services,All sources,2024-05,125.2,ok,
gss.cpi,Consumer Price Index,Bono,Insurance and financial services,All sources,2024-06,125.1,ok,
gss.cpi,Consumer Price Index,Bono,Insurance and financial services,All sources,2024-07,125.1,ok,
gss.cpi,Consumer Price Index,Bono,Insurance and financial services,All sources,2024-08,125.1,ok,
gss.cpi,Consumer Price Index,Bono,Insurance and financial services,All sources,2024-09,125.1,ok,
gss.cpi,Consumer Price Index,Bono,Insurance and financial services,All sources,2024-10,125.1,ok,
gss.cpi,Consumer Price Index,Bono,Insurance and financial services,All sources,2024-11,125.1,ok,
gss.cpi,Consumer Price Index,Bono,Insurance and financial services,All sources,2024-12,125.1,ok,
gss.cpi,Consumer Price Index,Bono,Insurance and financial services,All sources,2025-01,125.1,ok,
gss.cpi,Consumer Price Index,Bono,Insurance and financial services,All sources,2025-02,125.1,ok,
gss.cpi,Consumer Price Index,Bono,Insurance and financial services,All sources,2025-03,125.7,ok,
gss.cpi,Consumer Price Index,Bono,Insurance and financial services,All sources,2025-04,127.9,ok,
gss.cpi,Consumer Price Index,Bono,Insurance and financial services,All sources,2025-05,130.3,ok,
gss.cpi,Consumer Price Index,Bono,Insurance and financial services,All sources,2025-06,130.3,ok,
gss.cpi,Consumer Price Index,Bono,Insurance and financial services,All sources,2025-07,130.3,ok,
gss.cpi,Consumer Price Index,Bono,Insurance and financial services,All sources,2025-08,130.3,ok,
gss.cpi,Consumer Price Index,Bono,Insurance and financial services,All sources,2025-09,130.3,ok,
gss.cpi,Consumer Price Index,Bono,Insurance and financial services,All sources,2025-10,130.3,ok,
gss.cpi,Consumer Price Index,Bono,Insurance and financial services,All sources,2025-11,130.3,ok,
gss.cpi,Consumer Price Index,Bono,Insurance and financial services,All sources,2025-12,130.3,ok,
gss.cpi,Consumer Price Index,Bono,Insurance and financial services,All sources,2026-01,130.3,ok,
gss.cpi,Consumer Price Index,Bono,Non-food,All sources,2021-01,97.6,ok,
gss.cpi,Consumer Price Index,Bono,Non-food,All sources,2021-02,97.9,ok,
gss.cpi,Consumer Price Index,Bono,Non-food,All sources,2021-03,98.2,ok,
gss.cpi,Consumer Price Index,Bono,Non-food,All sources,2021-04,98.6,ok,
gss.cpi,Consumer Price Index,Bono,Non-food,All sources,2021-05,98.9,ok,
gss.cpi,Consumer Price Index,Bono,Non-food,All sources,2021-06,99.1,ok,
gss.cpi,Consumer Price Index,Bono,Non-food,All sources,2021-07,99.4,ok,
gss.cpi,Consumer Price Index,Bono,Non-food,All sources,2021-08,101.4,ok,
gss.cpi,Consumer Price Index,Bono,Non-food,All sources,2021-09,101.5,ok,
gss.cpi,Consumer Price Index,Bono,Non-food,All sources,2021-10,102.1,ok,
gss.cpi,Consumer Price Index,Bono,Non-food,All sources,2021-11,102.7,ok,
gss.cpi,Consumer Price Index,Bono,Non-food,All sources,2021-12,102.8,ok,
gss.cpi,Consumer Price Index,Bono,Non-food,All sources,2022-01,103.4,ok,
gss.cpi,Consumer Price Index,Bono,Non-food,All sources,2022-02,105.8,ok,
gss.cpi,Consumer Price Index,Bono,Non-food,All sources,2022-03,109.4,warn,rebase_discontinuity
gss.cpi,Consumer Price Index,Bono,Non-food,All sources,2022-04,113.5,warn,rebase_discontinuity
gss.cpi,Consumer Price Index,Bono,Non-food,All sources,2022-05,119.9,warn,rebase_discontinuity
gss.cpi,Consumer Price Index,Bono,Non-food,All sources,2022-06,122.3,ok,
gss.cpi,Consumer Price Index,Bono,Non-food,All sources,2022-07,126.8,ok,
gss.cpi,Consumer Price Index,Bono,Non-food,All sources,2022-08,127.9,ok,
gss.cpi,Consumer Price Index,Bono,Non-food,All sources,2022-09,131.7,ok,
gss.cpi,Consumer Price Index,Bono,Non-food,All sources,2022-10,136.9,ok,
gss.cpi,Consumer Price Index,Bono,Non-food,All sources,2022-11,146.8,ok,
gss.cpi,Consumer Price Index,Bono,Non-food,All sources,2022-12,153.8,ok,
gss.cpi,Consumer Price Index,Bono,Non-food,All sources,2023-01,155.5,ok,
gss.cpi,Consumer Price Index,Bono,Non-food,All sources,2023-02,161.1,ok,
gss.cpi,Consumer Price Index,Bono,Non-food,All sources,2023-03,158.2,ok,
gss.cpi,Consumer Price Index,Bono,Non-food,All sources,2023-04,159.1,ok,
gss.cpi,Consumer Price Index,Bono,Non-food,All sources,2023-05,162.0,ok,
gss.cpi,Consumer Price Index,Bono,Non-food,All sources,2023-06,164.5,ok,
gss.cpi,Consumer Price Index,Bono,Non-food,All sources,2023-07,168.9,ok,
gss.cpi,Consumer Price Index,Bono,Non-food,All sources,2023-08,172.6,ok,
gss.cpi,Consumer Price Index,Bono,Non-food,All sources,2023-09,177.8,ok,
gss.cpi,Consumer Price Index,Bono,Non-food,All sources,2023-10,180.3,ok,
gss.cpi,Consumer Price Index,Bono,Non-food,All sources,2023-11,183.4,ok,
gss.cpi,Consumer Price Index,Bono,Non-food,All sources,2023-12,189.6,ok,
gss.cpi,Consumer Price Index,Bono,Non-food,All sources,2024-01,192.5,ok,
gss.cpi,Consumer Price Index,Bono,Non-food,All sources,2024-02,193.5,ok,
gss.cpi,Consumer Price Index,Bono,Non-food,All sources,2024-03,195.1,ok,
gss.cpi,Consumer Price Index,Bono,Non-food,All sources,2024-04,198.7,ok,
gss.cpi,Consumer Price Index,Bono,Non-food,All sources,2024-05,202.5,ok,
gss.cpi,Consumer Price Index,Bono,Non-food,All sources,2024-06,204.1,ok,
gss.cpi,Consumer Price Index,Bono,Non-food,All sources,2024-07,209.2,ok,
gss.cpi,Consumer Price Index,Bono,Non-food,All sources,2024-08,209.7,ok,
gss.cpi,Consumer Price Index,Bono,Non-food,All sources,2024-09,211.8,ok,
gss.cpi,Consumer Price Index,Bono,Non-food,All sources,2024-10,215.5,ok,
gss.cpi,Consumer Price Index,Bono,Non-food,All sources,2024-11,221.2,ok,
gss.cpi,Consumer Price Index,Bono,Non-food,All sources,2024-12,222.8,ok,
gss.cpi,Consumer Price Index,Bono,Non-food,All sources,2025-01,225.1,ok,
gss.cpi,Consumer Price Index,Bono,Non-food,All sources,2025-02,227.9,ok,
gss.cpi,Consumer Price Index,Bono,Non-food,All sources,2025-03,229.2,ok,
gss.cpi,Consumer Price Index,Bono,Non-food,All sources,2025-04,231.3,ok,
gss.cpi,Consumer Price Index,Bono,Non-food,All sources,2025-05,234.0,ok,
gss.cpi,Consumer Price Index,Bono,Non-food,All sources,2025-06,231.2,ok,
gss.cpi,Consumer Price Index,Bono,Non-food,All sources,2025-07,,held,regional_nonfood
gss.cpi,Consumer Price Index,Bono,Non-food,All sources,2025-08,231.9,ok,
gss.cpi,Consumer Price Index,Bono,Non-food,All sources,2025-09,230.0,ok,
gss.cpi,Consumer Price Index,Bono,Non-food,All sources,2025-10,,held,regional_nonfood
gss.cpi,Consumer Price Index,Bono,Non-food,All sources,2025-11,234.9,ok,
gss.cpi,Consumer Price Index,Bono,Non-food,All sources,2025-12,232.9,ok,
gss.cpi,Consumer Price Index,Bono,Non-food,All sources,2026-01,232.6,ok,
gss.cpi,Consumer Price Index,Bono,"Personal care, social protection and miscellaneous goods and services",All sources,2021-01,98.1,ok,
gss.cpi,Consumer Price Index,Bono,"Personal care, social protection and miscellaneous goods and services",All sources,2021-02,98.1,ok,
gss.cpi,Consumer Price Index,Bono,"Personal care, social protection and miscellaneous goods and services",All sources,2021-03,98.1,ok,
gss.cpi,Consumer Price Index,Bono,"Personal care, social protection and miscellaneous goods and services",All sources,2021-04,98.1,ok,
gss.cpi,Consumer Price Index,Bono,"Personal care, social protection and miscellaneous goods and services",All sources,2021-05,98.1,ok,
gss.cpi,Consumer Price Index,Bono,"Personal care, social protection and miscellaneous goods and services",All sources,2021-06,98.3,ok,
gss.cpi,Consumer Price Index,Bono,"Personal care, social protection and miscellaneous goods and services",All sources,2021-07,98.7,ok,
gss.cpi,Consumer Price Index,Bono,"Personal care, social protection and miscellaneous goods and services",All sources,2021-08,101.7,ok,
gss.cpi,Consumer Price Index,Bono,"Personal care, social protection and miscellaneous goods and services",All sources,2021-09,101.8,ok,
gss.cpi,Consumer Price Index,Bono,"Personal care, social protection and miscellaneous goods and services",All sources,2021-10,102.3,ok,
gss.cpi,Consumer Price Index,Bono,"Personal care, social protection and miscellaneous goods and services",All sources,2021-11,102.9,ok,
gss.cpi,Consumer Price Index,Bono,"Personal care, social protection and miscellaneous goods and services",All sources,2021-12,103.6,ok,
gss.cpi,Consumer Price Index,Bono,"Personal care, social protection and miscellaneous goods and services",All sources,2022-01,106.5,ok,
gss.cpi,Consumer Price Index,Bono,"Personal care, social protection and miscellaneous goods and services",All sources,2022-02,111.8,ok,
gss.cpi,Consumer Price Index,Bono,"Personal care, social protection and miscellaneous goods and services",All sources,2022-03,115.8,ok,
gss.cpi,Consumer Price Index,Bono,"Personal care, social protection and miscellaneous goods and services",All sources,2022-04,120.4,ok,
gss.cpi,Consumer Price Index,Bono,"Personal care, social protection and miscellaneous goods and services",All sources,2022-05,124.3,ok,
gss.cpi,Consumer Price Index,Bono,"Personal care, social protection and miscellaneous goods and services",All sources,2022-06,129.8,ok,
gss.cpi,Consumer Price Index,Bono,"Personal care, social protection and miscellaneous goods and services",All sources,2022-07,135.4,ok,
gss.cpi,Consumer Price Index,Bono,"Personal care, social protection and miscellaneous goods and services",All sources,2022-08,138.0,ok,
gss.cpi,Consumer Price Index,Bono,"Personal care, social protection and miscellaneous goods and services",All sources,2022-09,143.0,ok,
gss.cpi,Consumer Price Index,Bono,"Personal care, social protection and miscellaneous goods and services",All sources,2022-10,153.4,ok,
gss.cpi,Consumer Price Index,Bono,"Personal care, social protection and miscellaneous goods and services",All sources,2022-11,168.8,ok,
gss.cpi,Consumer Price Index,Bono,"Personal care, social protection and miscellaneous goods and services",All sources,2022-12,177.0,ok,
gss.cpi,Consumer Price Index,Bono,"Personal care, social protection and miscellaneous goods and services",All sources,2023-01,180.8,ok,
gss.cpi,Consumer Price Index,Bono,"Personal care, social protection and miscellaneous goods and services",All sources,2023-02,185.4,ok,
gss.cpi,Consumer Price Index,Bono,"Personal care, social protection and miscellaneous goods and services",All sources,2023-03,181.4,ok,
gss.cpi,Consumer Price Index,Bono,"Personal care, social protection and miscellaneous goods and services",All sources,2023-04,183.2,ok,
gss.cpi,Consumer Price Index,Bono,"Personal care, social protection and miscellaneous goods and services",All sources,2023-05,194.4,ok,
gss.cpi,Consumer Price Index,Bono,"Personal care, social protection and miscellaneous goods and services",All sources,2023-06,202.1,ok,
gss.cpi,Consumer Price Index,Bono,"Personal care, social protection and miscellaneous goods and services",All sources,2023-07,213.2,ok,
gss.cpi,Consumer Price Index,Bono,"Personal care, social protection and miscellaneous goods and services",All sources,2023-08,216.3,ok,
gss.cpi,Consumer Price Index,Bono,"Personal care, social protection and miscellaneous goods and services",All sources,2023-09,224.0,ok,
gss.cpi,Consumer Price Index,Bono,"Personal care, social protection and miscellaneous goods and services",All sources,2023-10,224.9,ok,
gss.cpi,Consumer Price Index,Bono,"Personal care, social protection and miscellaneous goods and services",All sources,2023-11,229.6,ok,
gss.cpi,Consumer Price Index,Bono,"Personal care, social protection and miscellaneous goods and services",All sources,2023-12,231.3,ok,
gss.cpi,Consumer Price Index,Bono,"Personal care, social protection and miscellaneous goods and services",All sources,2024-01,233.4,ok,
gss.cpi,Consumer Price Index,Bono,"Personal care, social protection and miscellaneous goods and services",All sources,2024-02,234.5,ok,
gss.cpi,Consumer Price Index,Bono,"Personal care, social protection and miscellaneous goods and services",All sources,2024-03,235.7,ok,
gss.cpi,Consumer Price Index,Bono,"Personal care, social protection and miscellaneous goods and services",All sources,2024-04,237.7,ok,
gss.cpi,Consumer Price Index,Bono,"Personal care, social protection and miscellaneous goods and services",All sources,2024-05,239.5,ok,
gss.cpi,Consumer Price Index,Bono,"Personal care, social protection and miscellaneous goods and services",All sources,2024-06,242.3,ok,
gss.cpi,Consumer Price Index,Bono,"Personal care, social protection and miscellaneous goods and services",All sources,2024-07,248.2,ok,
gss.cpi,Consumer Price Index,Bono,"Personal care, social protection and miscellaneous goods and services",All sources,2024-08,244.7,ok,
gss.cpi,Consumer Price Index,Bono,"Personal care, social protection and miscellaneous goods and services",All sources,2024-09,248.0,ok,
gss.cpi,Consumer Price Index,Bono,"Personal care, social protection and miscellaneous goods and services",All sources,2024-10,253.7,ok,
gss.cpi,Consumer Price Index,Bono,"Personal care, social protection and miscellaneous goods and services",All sources,2024-11,256.4,ok,
gss.cpi,Consumer Price Index,Bono,"Personal care, social protection and miscellaneous goods and services",All sources,2024-12,258.7,ok,
gss.cpi,Consumer Price Index,Bono,"Personal care, social protection and miscellaneous goods and services",All sources,2025-01,261.1,ok,
gss.cpi,Consumer Price Index,Bono,"Personal care, social protection and miscellaneous goods and services",All sources,2025-02,261.6,ok,
gss.cpi,Consumer Price Index,Bono,"Personal care, social protection and miscellaneous goods and services",All sources,2025-03,264.2,ok,
gss.cpi,Consumer Price Index,Bono,"Personal care, social protection and miscellaneous goods and services",All sources,2025-04,267.0,ok,
gss.cpi,Consumer Price Index,Bono,"Personal care, social protection and miscellaneous goods and services",All sources,2025-05,268.8,ok,
gss.cpi,Consumer Price Index,Bono,"Personal care, social protection and miscellaneous goods and services",All sources,2025-06,257.1,ok,
gss.cpi,Consumer Price Index,Bono,"Personal care, social protection and miscellaneous goods and services",All sources,2025-07,260.8,ok,
gss.cpi,Consumer Price Index,Bono,"Personal care, social protection and miscellaneous goods and services",All sources,2025-08,258.9,ok,
gss.cpi,Consumer Price Index,Bono,"Personal care, social protection and miscellaneous goods and services",All sources,2025-09,255.2,ok,
gss.cpi,Consumer Price Index,Bono,"Personal care, social protection and miscellaneous goods and services",All sources,2025-10,260.6,ok,
gss.cpi,Consumer Price Index,Bono,"Personal care, social protection and miscellaneous goods and services",All sources,2025-11,261.4,ok,
gss.cpi,Consumer Price Index,Bono,"Personal care, social protection and miscellaneous goods and services",All sources,2025-12,263.2,ok,
gss.cpi,Consumer Price Index,Bono,"Personal care, social protection and miscellaneous goods and services",All sources,2026-01,263.6,ok,
gss.cpi,Consumer Price Index,Bono,"Recreation, sport and culture",All sources,2021-01,99.7,ok,
gss.cpi,Consumer Price Index,Bono,"Recreation, sport and culture",All sources,2021-02,99.7,ok,
gss.cpi,Consumer Price Index,Bono,"Recreation, sport and culture",All sources,2021-03,99.7,ok,
gss.cpi,Consumer Price Index,Bono,"Recreation, sport and culture",All sources,2021-04,99.7,ok,
gss.cpi,Consumer Price Index,Bono,"Recreation, sport and culture",All sources,2021-05,99.7,ok,
gss.cpi,Consumer Price Index,Bono,"Recreation, sport and culture",All sources,2021-06,99.7,ok,
gss.cpi,Consumer Price Index,Bono,"Recreation, sport and culture",All sources,2021-07,99.8,ok,
gss.cpi,Consumer Price Index,Bono,"Recreation, sport and culture",All sources,2021-08,100.4,ok,
gss.cpi,Consumer Price Index,Bono,"Recreation, sport and culture",All sources,2021-09,100.4,ok,
gss.cpi,Consumer Price Index,Bono,"Recreation, sport and culture",All sources,2021-10,100.4,ok,
gss.cpi,Consumer Price Index,Bono,"Recreation, sport and culture",All sources,2021-11,100.4,ok,
gss.cpi,Consumer Price Index,Bono,"Recreation, sport and culture",All sources,2021-12,100.4,ok,
gss.cpi,Consumer Price Index,Bono,"Recreation, sport and culture",All sources,2022-01,100.5,ok,
gss.cpi,Consumer Price Index,Bono,"Recreation, sport and culture",All sources,2022-02,104.0,ok,
gss.cpi,Consumer Price Index,Bono,"Recreation, sport and culture",All sources,2022-03,112.1,ok,
gss.cpi,Consumer Price Index,Bono,"Recreation, sport and culture",All sources,2022-04,115.5,ok,
gss.cpi,Consumer Price Index,Bono,"Recreation, sport and culture",All sources,2022-05,118.2,ok,
gss.cpi,Consumer Price Index,Bono,"Recreation, sport and culture",All sources,2022-06,127.3,ok,
gss.cpi,Consumer Price Index,Bono,"Recreation, sport and culture",All sources,2022-07,133.2,ok,
gss.cpi,Consumer Price Index,Bono,"Recreation, sport and culture",All sources,2022-08,136.5,ok,
gss.cpi,Consumer Price Index,Bono,"Recreation, sport and culture",All sources,2022-09,141.6,ok,
gss.cpi,Consumer Price Index,Bono,"Recreation, sport and culture",All sources,2022-10,152.6,ok,
gss.cpi,Consumer Price Index,Bono,"Recreation, sport and culture",All sources,2022-11,172.1,ok,
gss.cpi,Consumer Price Index,Bono,"Recreation, sport and culture",All sources,2022-12,175.1,ok,
gss.cpi,Consumer Price Index,Bono,"Recreation, sport and culture",All sources,2023-01,182.5,ok,
gss.cpi,Consumer Price Index,Bono,"Recreation, sport and culture",All sources,2023-02,186.6,ok,
gss.cpi,Consumer Price Index,Bono,"Recreation, sport and culture",All sources,2023-03,180.8,ok,
gss.cpi,Consumer Price Index,Bono,"Recreation, sport and culture",All sources,2023-04,181.0,ok,
gss.cpi,Consumer Price Index,Bono,"Recreation, sport and culture",All sources,2023-05,191.8,ok,
gss.cpi,Consumer Price Index,Bono,"Recreation, sport and culture",All sources,2023-06,199.3,ok,
gss.cpi,Consumer Price Index,Bono,"Recreation, sport and culture",All sources,2023-07,214.8,ok,
gss.cpi,Consumer Price Index,Bono,"Recreation, sport and culture",All sources,2023-08,219.6,ok,
gss.cpi,Consumer Price Index,Bono,"Recreation, sport and culture",All sources,2023-09,220.4,ok,
gss.cpi,Consumer Price Index,Bono,"Recreation, sport and culture",All sources,2023-10,220.4,ok,
gss.cpi,Consumer Price Index,Bono,"Recreation, sport and culture",All sources,2023-11,221.0,ok,
gss.cpi,Consumer Price Index,Bono,"Recreation, sport and culture",All sources,2023-12,220.5,ok,
gss.cpi,Consumer Price Index,Bono,"Recreation, sport and culture",All sources,2024-01,219.7,ok,
gss.cpi,Consumer Price Index,Bono,"Recreation, sport and culture",All sources,2024-02,220.2,ok,
gss.cpi,Consumer Price Index,Bono,"Recreation, sport and culture",All sources,2024-03,220.2,ok,
gss.cpi,Consumer Price Index,Bono,"Recreation, sport and culture",All sources,2024-04,220.7,ok,
gss.cpi,Consumer Price Index,Bono,"Recreation, sport and culture",All sources,2024-05,228.4,ok,
gss.cpi,Consumer Price Index,Bono,"Recreation, sport and culture",All sources,2024-06,234.9,ok,
gss.cpi,Consumer Price Index,Bono,"Recreation, sport and culture",All sources,2024-07,230.5,ok,
gss.cpi,Consumer Price Index,Bono,"Recreation, sport and culture",All sources,2024-08,237.1,ok,
gss.cpi,Consumer Price Index,Bono,"Recreation, sport and culture",All sources,2024-09,237.5,ok,
gss.cpi,Consumer Price Index,Bono,"Recreation, sport and culture",All sources,2024-10,240.1,ok,
gss.cpi,Consumer Price Index,Bono,"Recreation, sport and culture",All sources,2024-11,239.9,ok,
gss.cpi,Consumer Price Index,Bono,"Recreation, sport and culture",All sources,2024-12,241.1,ok,
gss.cpi,Consumer Price Index,Bono,"Recreation, sport and culture",All sources,2025-01,242.1,ok,
gss.cpi,Consumer Price Index,Bono,"Recreation, sport and culture",All sources,2025-02,244.3,ok,
gss.cpi,Consumer Price Index,Bono,"Recreation, sport and culture",All sources,2025-03,246.0,ok,
gss.cpi,Consumer Price Index,Bono,"Recreation, sport and culture",All sources,2025-04,248.2,ok,
gss.cpi,Consumer Price Index,Bono,"Recreation, sport and culture",All sources,2025-05,249.1,ok,
gss.cpi,Consumer Price Index,Bono,"Recreation, sport and culture",All sources,2025-06,249.0,ok,
gss.cpi,Consumer Price Index,Bono,"Recreation, sport and culture",All sources,2025-07,249.3,ok,
gss.cpi,Consumer Price Index,Bono,"Recreation, sport and culture",All sources,2025-08,249.3,ok,
gss.cpi,Consumer Price Index,Bono,"Recreation, sport and culture",All sources,2025-09,242.0,ok,
gss.cpi,Consumer Price Index,Bono,"Recreation, sport and culture",All sources,2025-10,245.1,ok,
gss.cpi,Consumer Price Index,Bono,"Recreation, sport and culture",All sources,2025-11,245.6,ok,
gss.cpi,Consumer Price Index,Bono,"Recreation, sport and culture",All sources,2025-12,245.6,ok,
gss.cpi,Consumer Price Index,Bono,"Recreation, sport and culture",All sources,2026-01,248.0,ok,
gss.cpi,Consumer Price Index,Bono,Restaurants and accommodation services,All sources,2021-01,100.0,ok,
gss.cpi,Consumer Price Index,Bono,Restaurants and accommodation services,All sources,2021-02,100.0,ok,
gss.cpi,Consumer Price Index,Bono,Restaurants and accommodation services,All sources,2021-03,100.0,ok,
gss.cpi,Consumer Price Index,Bono,Restaurants and accommodation services,All sources,2021-04,100.0,ok,
gss.cpi,Consumer Price Index,Bono,Restaurants and accommodation services,All sources,2021-05,100.0,ok,
gss.cpi,Consumer Price Index,Bono,Restaurants and accommodation services,All sources,2021-06,100.0,ok,
gss.cpi,Consumer Price Index,Bono,Restaurants and accommodation services,All sources,2021-07,100.0,ok,
gss.cpi,Consumer Price Index,Bono,Restaurants and accommodation services,All sources,2021-08,100.0,ok,
gss.cpi,Consumer Price Index,Bono,Restaurants and accommodation services,All sources,2021-09,100.0,ok,
gss.cpi,Consumer Price Index,Bono,Restaurants and accommodation services,All sources,2021-10,100.0,ok,
gss.cpi,Consumer Price Index,Bono,Restaurants and accommodation services,All sources,2021-11,100.0,ok,
gss.cpi,Consumer Price Index,Bono,Restaurants and accommodation services,All sources,2021-12,100.0,ok,
gss.cpi,Consumer Price Index,Bono,Restaurants and accommodation services,All sources,2022-01,100.0,ok,
gss.cpi,Consumer Price Index,Bono,Restaurants and accommodation services,All sources,2022-02,100.0,ok,
gss.cpi,Consumer Price Index,Bono,Restaurants and accommodation services,All sources,2022-03,100.0,ok,
gss.cpi,Consumer Price Index,Bono,Restaurants and accommodation services,All sources,2022-04,100.0,ok,
gss.cpi,Consumer Price Index,Bono,Restaurants and accommodation services,All sources,2022-05,100.0,ok,
gss.cpi,Consumer Price Index,Bono,Restaurants and accommodation services,All sources,2022-06,100.0,ok,
gss.cpi,Consumer Price Index,Bono,Restaurants and accommodation services,All sources,2022-07,100.0,ok,
gss.cpi,Consumer Price Index,Bono,Restaurants and accommodation services,All sources,2022-08,100.0,ok,
gss.cpi,Consumer Price Index,Bono,Restaurants and accommodation services,All sources,2022-09,100.0,ok,
gss.cpi,Consumer Price Index,Bono,Restaurants and accommodation services,All sources,2022-10,100.0,ok,
gss.cpi,Consumer Price Index,Bono,Restaurants and accommodation services,All sources,2022-11,100.0,ok,
gss.cpi,Consumer Price Index,Bono,Restaurants and accommodation services,All sources,2022-12,100.0,ok,
gss.cpi,Consumer Price Index,Bono,Restaurants and accommodation services,All sources,2023-01,100.0,ok,
gss.cpi,Consumer Price Index,Bono,Restaurants and accommodation services,All sources,2023-02,123.2,ok,
gss.cpi,Consumer Price Index,Bono,Restaurants and accommodation services,All sources,2023-03,123.2,ok,
gss.cpi,Consumer Price Index,Bono,Restaurants and accommodation services,All sources,2023-04,123.2,ok,
gss.cpi,Consumer Price Index,Bono,Restaurants and accommodation services,All sources,2023-05,123.2,ok,
gss.cpi,Consumer Price Index,Bono,Restaurants and accommodation services,All sources,2023-06,122.2,ok,
gss.cpi,Consumer Price Index,Bono,Restaurants and accommodation services,All sources,2023-07,122.2,ok,
gss.cpi,Consumer Price Index,Bono,Restaurants and accommodation services,All sources,2023-08,140.0,ok,
gss.cpi,Consumer Price Index,Bono,Restaurants and accommodation services,All sources,2023-09,153.2,ok,
gss.cpi,Consumer Price Index,Bono,Restaurants and accommodation services,All sources,2023-10,153.2,ok,
gss.cpi,Consumer Price Index,Bono,Restaurants and accommodation services,All sources,2023-11,153.2,ok,
gss.cpi,Consumer Price Index,Bono,Restaurants and accommodation services,All sources,2023-12,187.2,ok,
gss.cpi,Consumer Price Index,Bono,Restaurants and accommodation services,All sources,2024-01,215.7,ok,
gss.cpi,Consumer Price Index,Bono,Restaurants and accommodation services,All sources,2024-02,215.7,ok,
gss.cpi,Consumer Price Index,Bono,Restaurants and accommodation services,All sources,2024-03,225.8,ok,
gss.cpi,Consumer Price Index,Bono,Restaurants and accommodation services,All sources,2024-04,225.8,ok,
gss.cpi,Consumer Price Index,Bono,Restaurants and accommodation services,All sources,2024-05,238.8,ok,
gss.cpi,Consumer Price Index,Bono,Restaurants and accommodation services,All sources,2024-06,238.8,ok,
gss.cpi,Consumer Price Index,Bono,Restaurants and accommodation services,All sources,2024-07,249.9,ok,
gss.cpi,Consumer Price Index,Bono,Restaurants and accommodation services,All sources,2024-08,268.5,ok,
gss.cpi,Consumer Price Index,Bono,Restaurants and accommodation services,All sources,2024-09,268.5,ok,
gss.cpi,Consumer Price Index,Bono,Restaurants and accommodation services,All sources,2024-10,268.5,ok,
gss.cpi,Consumer Price Index,Bono,Restaurants and accommodation services,All sources,2024-11,268.5,ok,
gss.cpi,Consumer Price Index,Bono,Restaurants and accommodation services,All sources,2024-12,268.5,ok,
gss.cpi,Consumer Price Index,Bono,Restaurants and accommodation services,All sources,2025-01,268.5,ok,
gss.cpi,Consumer Price Index,Bono,Restaurants and accommodation services,All sources,2025-02,268.5,ok,
gss.cpi,Consumer Price Index,Bono,Restaurants and accommodation services,All sources,2025-03,268.5,ok,
gss.cpi,Consumer Price Index,Bono,Restaurants and accommodation services,All sources,2025-04,268.5,ok,
gss.cpi,Consumer Price Index,Bono,Restaurants and accommodation services,All sources,2025-05,268.5,ok,
gss.cpi,Consumer Price Index,Bono,Restaurants and accommodation services,All sources,2025-06,268.5,ok,
gss.cpi,Consumer Price Index,Bono,Restaurants and accommodation services,All sources,2025-07,268.5,ok,
gss.cpi,Consumer Price Index,Bono,Restaurants and accommodation services,All sources,2025-08,269.1,ok,
gss.cpi,Consumer Price Index,Bono,Restaurants and accommodation services,All sources,2025-09,268.5,ok,
gss.cpi,Consumer Price Index,Bono,Restaurants and accommodation services,All sources,2025-10,283.9,ok,
gss.cpi,Consumer Price Index,Bono,Restaurants and accommodation services,All sources,2025-11,283.9,ok,
gss.cpi,Consumer Price Index,Bono,Restaurants and accommodation services,All sources,2025-12,283.9,ok,
gss.cpi,Consumer Price Index,Bono,Restaurants and accommodation services,All sources,2026-01,283.9,ok,
gss.cpi,Consumer Price Index,Bono,Transport,All sources,2021-01,93.9,ok,
gss.cpi,Consumer Price Index,Bono,Transport,All sources,2021-02,94.5,ok,
gss.cpi,Consumer Price Index,Bono,Transport,All sources,2021-03,95.7,ok,
gss.cpi,Consumer Price Index,Bono,Transport,All sources,2021-04,95.7,ok,
gss.cpi,Consumer Price Index,Bono,Transport,All sources,2021-05,97.4,ok,
gss.cpi,Consumer Price Index,Bono,Transport,All sources,2021-06,98.0,ok,
gss.cpi,Consumer Price Index,Bono,Transport,All sources,2021-07,98.8,ok,
gss.cpi,Consumer Price Index,Bono,Transport,All sources,2021-08,103.8,ok,
gss.cpi,Consumer Price Index,Bono,Transport,All sources,2021-09,104.1,ok,
gss.cpi,Consumer Price Index,Bono,Transport,All sources,2021-10,105.6,ok,
gss.cpi,Consumer Price Index,Bono,Transport,All sources,2021-11,106.5,ok,
gss.cpi,Consumer Price Index,Bono,Transport,All sources,2021-12,106.1,ok,
gss.cpi,Consumer Price Index,Bono,Transport,All sources,2022-01,107.0,ok,
gss.cpi,Consumer Price Index,Bono,Transport,All sources,2022-02,109.8,ok,
gss.cpi,Consumer Price Index,Bono,Transport,All sources,2022-03,116.0,ok,
gss.cpi,Consumer Price Index,Bono,Transport,All sources,2022-04,127.5,ok,
gss.cpi,Consumer Price Index,Bono,Transport,All sources,2022-05,141.7,ok,
gss.cpi,Consumer Price Index,Bono,Transport,All sources,2022-06,142.9,ok,
gss.cpi,Consumer Price Index,Bono,Transport,All sources,2022-07,151.7,ok,
gss.cpi,Consumer Price Index,Bono,Transport,All sources,2022-08,148.8,ok,
gss.cpi,Consumer Price Index,Bono,Transport,All sources,2022-09,153.9,ok,
gss.cpi,Consumer Price Index,Bono,Transport,All sources,2022-10,158.4,ok,
gss.cpi,Consumer Price Index,Bono,Transport,All sources,2022-11,179.7,ok,
gss.cpi,Consumer Price Index,Bono,Transport,All sources,2022-12,198.0,ok,
gss.cpi,Consumer Price Index,Bono,Transport,All sources,2023-01,198.9,ok,
gss.cpi,Consumer Price Index,Bono,Transport,All sources,2023-02,206.1,ok,
gss.cpi,Consumer Price Index,Bono,Transport,All sources,2023-03,197.6,ok,
gss.cpi,Consumer Price Index,Bono,Transport,All sources,2023-04,194.9,ok,
gss.cpi,Consumer Price Index,Bono,Transport,All sources,2023-05,193.8,ok,
gss.cpi,Consumer Price Index,Bono,Transport,All sources,2023-06,193.5,ok,
gss.cpi,Consumer Price Index,Bono,Transport,All sources,2023-07,195.0,ok,
gss.cpi,Consumer Price Index,Bono,Transport,All sources,2023-08,196.5,ok,
gss.cpi,Consumer Price Index,Bono,Transport,All sources,2023-09,200.6,ok,
gss.cpi,Consumer Price Index,Bono,Transport,All sources,2023-10,200.6,ok,
gss.cpi,Consumer Price Index,Bono,Transport,All sources,2023-11,199.9,ok,
gss.cpi,Consumer Price Index,Bono,Transport,All sources,2023-12,206.7,ok,
gss.cpi,Consumer Price Index,Bono,Transport,All sources,2024-01,205.7,ok,
gss.cpi,Consumer Price Index,Bono,Transport,All sources,2024-02,205.8,ok,
gss.cpi,Consumer Price Index,Bono,Transport,All sources,2024-03,208.6,ok,
gss.cpi,Consumer Price Index,Bono,Transport,All sources,2024-04,216.5,ok,
gss.cpi,Consumer Price Index,Bono,Transport,All sources,2024-05,213.9,ok,
gss.cpi,Consumer Price Index,Bono,Transport,All sources,2024-06,214.6,ok,
gss.cpi,Consumer Price Index,Bono,Transport,All sources,2024-07,215.8,ok,
gss.cpi,Consumer Price Index,Bono,Transport,All sources,2024-08,206.9,ok,
gss.cpi,Consumer Price Index,Bono,Transport,All sources,2024-09,209.0,ok,
gss.cpi,Consumer Price Index,Bono,Transport,All sources,2024-10,211.2,ok,
gss.cpi,Consumer Price Index,Bono,Transport,All sources,2024-11,215.8,ok,
gss.cpi,Consumer Price Index,Bono,Transport,All sources,2024-12,217.1,ok,
gss.cpi,Consumer Price Index,Bono,Transport,All sources,2025-01,219.6,ok,
gss.cpi,Consumer Price Index,Bono,Transport,All sources,2025-02,220.8,ok,
gss.cpi,Consumer Price Index,Bono,Transport,All sources,2025-03,221.2,ok,
gss.cpi,Consumer Price Index,Bono,Transport,All sources,2025-04,217.8,ok,
gss.cpi,Consumer Price Index,Bono,Transport,All sources,2025-05,213.8,ok,
gss.cpi,Consumer Price Index,Bono,Transport,All sources,2025-06,204.2,ok,
gss.cpi,Consumer Price Index,Bono,Transport,All sources,2025-07,202.7,ok,
gss.cpi,Consumer Price Index,Bono,Transport,All sources,2025-08,208.1,ok,
gss.cpi,Consumer Price Index,Bono,Transport,All sources,2025-09,211.6,ok,
gss.cpi,Consumer Price Index,Bono,Transport,All sources,2025-10,211.6,ok,
gss.cpi,Consumer Price Index,Bono,Transport,All sources,2025-11,211.6,ok,
gss.cpi,Consumer Price Index,Bono,Transport,All sources,2025-12,206.5,ok,
gss.cpi,Consumer Price Index,Bono,Transport,All sources,2026-01,203.1,ok,
gss.cpi,Month-on-month inflation (%),Bono,"Alcoholic beverages, tobacco and narcotics",All sources,2021-02,1.7,ok,
gss.cpi,Month-on-month inflation (%),Bono,"Alcoholic beverages, tobacco and narcotics",All sources,2021-03,0.1,ok,
gss.cpi,Month-on-month inflation (%),Bono,"Alcoholic beverages, tobacco and narcotics",All sources,2021-04,0.1,ok,
gss.cpi,Month-on-month inflation (%),Bono,"Alcoholic beverages, tobacco and narcotics",All sources,2021-05,-0.1,ok,
gss.cpi,Month-on-month inflation (%),Bono,"Alcoholic beverages, tobacco and narcotics",All sources,2021-06,0.0,ok,
gss.cpi,Month-on-month inflation (%),Bono,"Alcoholic beverages, tobacco and narcotics",All sources,2021-07,0.4,ok,
gss.cpi,Month-on-month inflation (%),Bono,"Alcoholic beverages, tobacco and narcotics",All sources,2021-08,3.8,ok,
gss.cpi,Month-on-month inflation (%),Bono,"Alcoholic beverages, tobacco and narcotics",All sources,2021-09,-0.2,ok,
gss.cpi,Month-on-month inflation (%),Bono,"Alcoholic beverages, tobacco and narcotics",All sources,2021-10,3.0,ok,
gss.cpi,Month-on-month inflation (%),Bono,"Alcoholic beverages, tobacco and narcotics",All sources,2021-11,1.5,ok,
gss.cpi,Month-on-month inflation (%),Bono,"Alcoholic beverages, tobacco and narcotics",All sources,2021-12,0.9,ok,
gss.cpi,Month-on-month inflation (%),Bono,"Alcoholic beverages, tobacco and narcotics",All sources,2022-01,-0.2,ok,
gss.cpi,Month-on-month inflation (%),Bono,"Alcoholic beverages, tobacco and narcotics",All sources,2022-02,1.5,ok,
gss.cpi,Month-on-month inflation (%),Bono,"Alcoholic beverages, tobacco and narcotics",All sources,2022-03,0.9,ok,
gss.cpi,Month-on-month inflation (%),Bono,"Alcoholic beverages, tobacco and narcotics",All sources,2022-04,2.9,ok,
gss.cpi,Month-on-month inflation (%),Bono,"Alcoholic beverages, tobacco and narcotics",All sources,2022-05,0.0,ok,
gss.cpi,Month-on-month inflation (%),Bono,"Alcoholic beverages, tobacco and narcotics",All sources,2022-06,0.7,ok,
gss.cpi,Month-on-month inflation (%),Bono,"Alcoholic beverages, tobacco and narcotics",All sources,2022-07,0.2,ok,
gss.cpi,Month-on-month inflation (%),Bono,"Alcoholic beverages, tobacco and narcotics",All sources,2022-08,3.4,ok,
gss.cpi,Month-on-month inflation (%),Bono,"Alcoholic beverages, tobacco and narcotics",All sources,2022-09,-0.3,ok,
gss.cpi,Month-on-month inflation (%),Bono,"Alcoholic beverages, tobacco and narcotics",All sources,2022-10,11.3,ok,
gss.cpi,Month-on-month inflation (%),Bono,"Alcoholic beverages, tobacco and narcotics",All sources,2022-11,10.5,ok,
gss.cpi,Month-on-month inflation (%),Bono,"Alcoholic beverages, tobacco and narcotics",All sources,2022-12,2.2,ok,
gss.cpi,Month-on-month inflation (%),Bono,"Alcoholic beverages, tobacco and narcotics",All sources,2023-01,2.4,ok,
gss.cpi,Month-on-month inflation (%),Bono,"Alcoholic beverages, tobacco and narcotics",All sources,2023-02,1.4,ok,
gss.cpi,Month-on-month inflation (%),Bono,"Alcoholic beverages, tobacco and narcotics",All sources,2023-03,0.0,ok,
gss.cpi,Month-on-month inflation (%),Bono,"Alcoholic beverages, tobacco and narcotics",All sources,2023-04,0.1,ok,
gss.cpi,Month-on-month inflation (%),Bono,"Alcoholic beverages, tobacco and narcotics",All sources,2023-05,2.1,ok,
gss.cpi,Month-on-month inflation (%),Bono,"Alcoholic beverages, tobacco and narcotics",All sources,2023-06,2.8,ok,
gss.cpi,Month-on-month inflation (%),Bono,"Alcoholic beverages, tobacco and narcotics",All sources,2023-07,1.0,ok,
gss.cpi,Month-on-month inflation (%),Bono,"Alcoholic beverages, tobacco and narcotics",All sources,2023-08,1.7,ok,
gss.cpi,Month-on-month inflation (%),Bono,"Alcoholic beverages, tobacco and narcotics",All sources,2023-09,-0.3,ok,
gss.cpi,Month-on-month inflation (%),Bono,"Alcoholic beverages, tobacco and narcotics",All sources,2023-10,-0.8,ok,
gss.cpi,Month-on-month inflation (%),Bono,"Alcoholic beverages, tobacco and narcotics",All sources,2023-11,1.3,ok,
gss.cpi,Month-on-month inflation (%),Bono,"Alcoholic beverages, tobacco and narcotics",All sources,2023-12,3.9,ok,
gss.cpi,Month-on-month inflation (%),Bono,"Alcoholic beverages, tobacco and narcotics",All sources,2024-01,5.7,ok,
gss.cpi,Month-on-month inflation (%),Bono,"Alcoholic beverages, tobacco and narcotics",All sources,2024-02,5.3,ok,
gss.cpi,Month-on-month inflation (%),Bono,"Alcoholic beverages, tobacco and narcotics",All sources,2024-03,2.0,ok,
gss.cpi,Month-on-month inflation (%),Bono,"Alcoholic beverages, tobacco and narcotics",All sources,2024-04,9.2,ok,
gss.cpi,Month-on-month inflation (%),Bono,"Alcoholic beverages, tobacco and narcotics",All sources,2024-05,9.1,ok,
gss.cpi,Month-on-month inflation (%),Bono,"Alcoholic beverages, tobacco and narcotics",All sources,2024-06,1.1,ok,
gss.cpi,Month-on-month inflation (%),Bono,"Alcoholic beverages, tobacco and narcotics",All sources,2024-07,8.6,ok,
gss.cpi,Month-on-month inflation (%),Bono,"Alcoholic beverages, tobacco and narcotics",All sources,2024-08,0.0,ok,
gss.cpi,Month-on-month inflation (%),Bono,"Alcoholic beverages, tobacco and narcotics",All sources,2024-09,0.6,ok,
gss.cpi,Month-on-month inflation (%),Bono,"Alcoholic beverages, tobacco and narcotics",All sources,2024-10,2.0,ok,
gss.cpi,Month-on-month inflation (%),Bono,"Alcoholic beverages, tobacco and narcotics",All sources,2024-11,11.0,ok,
gss.cpi,Month-on-month inflation (%),Bono,"Alcoholic beverages, tobacco and narcotics",All sources,2024-12,0.2,ok,
gss.cpi,Month-on-month inflation (%),Bono,"Alcoholic beverages, tobacco and narcotics",All sources,2025-01,1.4,ok,
gss.cpi,Month-on-month inflation (%),Bono,"Alcoholic beverages, tobacco and narcotics",All sources,2025-02,1.3,ok,
gss.cpi,Month-on-month inflation (%),Bono,"Alcoholic beverages, tobacco and narcotics",All sources,2025-03,0.7,ok,
gss.cpi,Month-on-month inflation (%),Bono,"Alcoholic beverages, tobacco and narcotics",All sources,2025-04,1.2,ok,
gss.cpi,Month-on-month inflation (%),Bono,"Alcoholic beverages, tobacco and narcotics",All sources,2025-05,2.6,ok,
gss.cpi,Month-on-month inflation (%),Bono,"Alcoholic beverages, tobacco and narcotics",All sources,2025-06,-4.5,ok,
gss.cpi,Month-on-month inflation (%),Bono,"Alcoholic beverages, tobacco and narcotics",All sources,2025-07,2.7,ok,
gss.cpi,Month-on-month inflation (%),Bono,"Alcoholic beverages, tobacco and narcotics",All sources,2025-08,-0.4,ok,
gss.cpi,Month-on-month inflation (%),Bono,"Alcoholic beverages, tobacco and narcotics",All sources,2025-09,-3.2,ok,
gss.cpi,Month-on-month inflation (%),Bono,"Alcoholic beverages, tobacco and narcotics",All sources,2025-10,7.0,ok,
gss.cpi,Month-on-month inflation (%),Bono,"Alcoholic beverages, tobacco and narcotics",All sources,2025-11,6.2,ok,
gss.cpi,Month-on-month inflation (%),Bono,"Alcoholic beverages, tobacco and narcotics",All sources,2025-12,1.8,ok,
gss.cpi,Month-on-month inflation (%),Bono,"Alcoholic beverages, tobacco and narcotics",All sources,2026-01,-0.5,ok,
gss.cpi,Month-on-month inflation (%),Bono,All products,All sources,2021-02,0.4,ok,
gss.cpi,Month-on-month inflation (%),Bono,All products,All sources,2021-03,0.2,ok,
gss.cpi,Month-on-month inflation (%),Bono,All products,All sources,2021-04,0.2,ok,
gss.cpi,Month-on-month inflation (%),Bono,All products,All sources,2021-05,0.2,ok,
gss.cpi,Month-on-month inflation (%),Bono,All products,All sources,2021-06,-0.1,ok,
gss.cpi,Month-on-month inflation (%),Bono,All products,All sources,2021-07,0.4,ok,
gss.cpi,Month-on-month inflation (%),Bono,All products,All sources,2021-08,2.9,ok,
gss.cpi,Month-on-month inflation (%),Bono,All products,All sources,2021-09,-0.1,ok,
gss.cpi,Month-on-month inflation (%),Bono,All products,All sources,2021-10,0.2,ok,
gss.cpi,Month-on-month inflation (%),Bono,All products,All sources,2021-11,0.2,ok,
gss.cpi,Month-on-month inflation (%),Bono,All products,All sources,2021-12,0.5,ok,
gss.cpi,Month-on-month inflation (%),Bono,All products,All sources,2022-01,2.2,ok,
gss.cpi,Month-on-month inflation (%),Bono,All products,All sources,2022-02,3.6,ok,
gss.cpi,Month-on-month inflation (%),Bono,All products,All sources,2022-03,3.9,ok,
gss.cpi,Month-on-month inflation (%),Bono,All products,All sources,2022-04,4.7,ok,
gss.cpi,Month-on-month inflation (%),Bono,All products,All sources,2022-05,6.4,ok,
gss.cpi,Month-on-month inflation (%),Bono,All products,All sources,2022-06,2.2,ok,
gss.cpi,Month-on-month inflation (%),Bono,All products,All sources,2022-07,2.8,ok,
gss.cpi,Month-on-month inflation (%),Bono,All products,All sources,2022-08,1.9,ok,
gss.cpi,Month-on-month inflation (%),Bono,All products,All sources,2022-09,2.0,ok,
gss.cpi,Month-on-month inflation (%),Bono,All products,All sources,2022-10,5.5,ok,
gss.cpi,Month-on-month inflation (%),Bono,All products,All sources,2022-11,8.2,ok,
gss.cpi,Month-on-month inflation (%),Bono,All products,All sources,2022-12,4.8,ok,
gss.cpi,Month-on-month inflation (%),Bono,All products,All sources,2023-01,1.8,ok,
gss.cpi,Month-on-month inflation (%),Bono,All products,All sources,2023-02,3.6,ok,
gss.cpi,Month-on-month inflation (%),Bono,All products,All sources,2023-03,-1.5,ok,
gss.cpi,Month-on-month inflation (%),Bono,All products,All sources,2023-04,3.7,ok,
gss.cpi,Month-on-month inflation (%),Bono,All products,All sources,2023-05,4.1,ok,
gss.cpi,Month-on-month inflation (%),Bono,All products,All sources,2023-06,2.8,ok,
gss.cpi,Month-on-month inflation (%),Bono,All products,All sources,2023-07,3.3,ok,
gss.cpi,Month-on-month inflation (%),Bono,All products,All sources,2023-08,1.0,ok,
gss.cpi,Month-on-month inflation (%),Bono,All products,All sources,2023-09,1.6,ok,
gss.cpi,Month-on-month inflation (%),Bono,All products,All sources,2023-10,0.1,ok,
gss.cpi,Month-on-month inflation (%),Bono,All products,All sources,2023-11,2.1,ok,
gss.cpi,Month-on-month inflation (%),Bono,All products,All sources,2023-12,1.7,ok,
gss.cpi,Month-on-month inflation (%),Bono,All products,All sources,2024-01,1.3,ok,
gss.cpi,Month-on-month inflation (%),Bono,All products,All sources,2024-02,0.6,ok,
gss.cpi,Month-on-month inflation (%),Bono,All products,All sources,2024-03,1.2,ok,
gss.cpi,Month-on-month inflation (%),Bono,All products,All sources,2024-04,1.3,ok,
gss.cpi,Month-on-month inflation (%),Bono,All products,All sources,2024-05,2.6,ok,
gss.cpi,Month-on-month inflation (%),Bono,All products,All sources,2024-06,3.5,ok,
gss.cpi,Month-on-month inflation (%),Bono,All products,All sources,2024-07,1.0,ok,
gss.cpi,Month-on-month inflation (%),Bono,All products,All sources,2024-08,0.1,ok,
gss.cpi,Month-on-month inflation (%),Bono,All products,All sources,2024-09,2.1,ok,
gss.cpi,Month-on-month inflation (%),Bono,All products,All sources,2024-10,1.4,ok,
gss.cpi,Month-on-month inflation (%),Bono,All products,All sources,2024-11,2.8,ok,
gss.cpi,Month-on-month inflation (%),Bono,All products,All sources,2024-12,1.8,ok,
gss.cpi,Month-on-month inflation (%),Bono,All products,All sources,2025-01,1.8,ok,
gss.cpi,Month-on-month inflation (%),Bono,All products,All sources,2025-02,1.2,ok,
gss.cpi,Month-on-month inflation (%),Bono,All products,All sources,2025-03,1.5,ok,
gss.cpi,Month-on-month inflation (%),Bono,All products,All sources,2025-04,2.0,ok,
gss.cpi,Month-on-month inflation (%),Bono,All products,All sources,2025-05,1.3,ok,
gss.cpi,Month-on-month inflation (%),Bono,All products,All sources,2025-06,-3.8,ok,
gss.cpi,Month-on-month inflation (%),Bono,All products,All sources,2025-07,0.3,ok,
gss.cpi,Month-on-month inflation (%),Bono,All products,All sources,2025-08,-0.6,ok,
gss.cpi,Month-on-month inflation (%),Bono,All products,All sources,2025-09,-2.3,ok,
gss.cpi,Month-on-month inflation (%),Bono,All products,All sources,2025-10,1.3,ok,
gss.cpi,Month-on-month inflation (%),Bono,All products,All sources,2025-11,1.3,ok,
gss.cpi,Month-on-month inflation (%),Bono,All products,All sources,2025-12,0.2,ok,
gss.cpi,Month-on-month inflation (%),Bono,All products,All sources,2026-01,0.8,ok,
gss.cpi,Month-on-month inflation (%),Bono,Clothing and footwear,All sources,2021-02,0.0,ok,
gss.cpi,Month-on-month inflation (%),Bono,Clothing and footwear,All sources,2021-03,0.0,ok,
gss.cpi,Month-on-month inflation (%),Bono,Clothing and footwear,All sources,2021-04,0.1,ok,
gss.cpi,Month-on-month inflation (%),Bono,Clothing and footwear,All sources,2021-05,0.2,ok,
gss.cpi,Month-on-month inflation (%),Bono,Clothing and footwear,All sources,2021-06,0.0,ok,
gss.cpi,Month-on-month inflation (%),Bono,Clothing and footwear,All sources,2021-07,0.0,ok,
gss.cpi,Month-on-month inflation (%),Bono,Clothing and footwear,All sources,2021-08,2.8,ok,
gss.cpi,Month-on-month inflation (%),Bono,Clothing and footwear,All sources,2021-09,0.0,ok,
gss.cpi,Month-on-month inflation (%),Bono,Clothing and footwear,All sources,2021-10,0.0,ok,
gss.cpi,Month-on-month inflation (%),Bono,Clothing and footwear,All sources,2021-11,0.3,ok,
gss.cpi,Month-on-month inflation (%),Bono,Clothing and footwear,All sources,2021-12,0.1,ok,
gss.cpi,Month-on-month inflation (%),Bono,Clothing and footwear,All sources,2022-01,0.7,ok,
gss.cpi,Month-on-month inflation (%),Bono,Clothing and footwear,All sources,2022-02,1.0,ok,
gss.cpi,Month-on-month inflation (%),Bono,Clothing and footwear,All sources,2022-03,2.0,ok,
gss.cpi,Month-on-month inflation (%),Bono,Clothing and footwear,All sources,2022-04,1.3,ok,
gss.cpi,Month-on-month inflation (%),Bono,Clothing and footwear,All sources,2022-05,6.3,ok,
gss.cpi,Month-on-month inflation (%),Bono,Clothing and footwear,All sources,2022-06,2.6,ok,
gss.cpi,Month-on-month inflation (%),Bono,Clothing and footwear,All sources,2022-07,7.0,ok,
gss.cpi,Month-on-month inflation (%),Bono,Clothing and footwear,All sources,2022-08,3.6,ok,
gss.cpi,Month-on-month inflation (%),Bono,Clothing and footwear,All sources,2022-09,8.4,ok,
gss.cpi,Month-on-month inflation (%),Bono,Clothing and footwear,All sources,2022-10,4.6,ok,
gss.cpi,Month-on-month inflation (%),Bono,Clothing and footwear,All sources,2022-11,4.8,ok,
gss.cpi,Month-on-month inflation (%),Bono,Clothing and footwear,All sources,2022-12,2.1,ok,
gss.cpi,Month-on-month inflation (%),Bono,Clothing and footwear,All sources,2023-01,0.7,ok,
gss.cpi,Month-on-month inflation (%),Bono,Clothing and footwear,All sources,2023-02,2.4,ok,
gss.cpi,Month-on-month inflation (%),Bono,Clothing and footwear,All sources,2023-03,-2.2,ok,
gss.cpi,Month-on-month inflation (%),Bono,Clothing and footwear,All sources,2023-04,0.7,ok,
gss.cpi,Month-on-month inflation (%),Bono,Clothing and footwear,All sources,2023-05,3.6,ok,
gss.cpi,Month-on-month inflation (%),Bono,Clothing and footwear,All sources,2023-06,3.8,ok,
gss.cpi,Month-on-month inflation (%),Bono,Clothing and footwear,All sources,2023-07,5.2,ok,
gss.cpi,Month-on-month inflation (%),Bono,Clothing and footwear,All sources,2023-08,3.5,ok,
gss.cpi,Month-on-month inflation (%),Bono,Clothing and footwear,All sources,2023-09,3.7,ok,
gss.cpi,Month-on-month inflation (%),Bono,Clothing and footwear,All sources,2023-10,0.3,ok,
gss.cpi,Month-on-month inflation (%),Bono,Clothing and footwear,All sources,2023-11,3.2,ok,
gss.cpi,Month-on-month inflation (%),Bono,Clothing and footwear,All sources,2023-12,1.9,ok,
gss.cpi,Month-on-month inflation (%),Bono,Clothing and footwear,All sources,2024-01,0.6,ok,
gss.cpi,Month-on-month inflation (%),Bono,Clothing and footwear,All sources,2024-02,0.2,ok,
gss.cpi,Month-on-month inflation (%),Bono,Clothing and footwear,All sources,2024-03,0.1,ok,
gss.cpi,Month-on-month inflation (%),Bono,Clothing and footwear,All sources,2024-04,-0.9,ok,
gss.cpi,Month-on-month inflation (%),Bono,Clothing and footwear,All sources,2024-05,1.4,ok,
gss.cpi,Month-on-month inflation (%),Bono,Clothing and footwear,All sources,2024-06,2.2,ok,
gss.cpi,Month-on-month inflation (%),Bono,Clothing and footwear,All sources,2024-07,4.2,ok,
gss.cpi,Month-on-month inflation (%),Bono,Clothing and footwear,All sources,2024-08,2.9,ok,
gss.cpi,Month-on-month inflation (%),Bono,Clothing and footwear,All sources,2024-09,1.9,ok,
gss.cpi,Month-on-month inflation (%),Bono,Clothing and footwear,All sources,2024-10,4.3,ok,
gss.cpi,Month-on-month inflation (%),Bono,Clothing and footwear,All sources,2024-11,4.2,ok,
gss.cpi,Month-on-month inflation (%),Bono,Clothing and footwear,All sources,2024-12,0.8,ok,
gss.cpi,Month-on-month inflation (%),Bono,Clothing and footwear,All sources,2025-01,2.4,ok,
gss.cpi,Month-on-month inflation (%),Bono,Clothing and footwear,All sources,2025-02,1.3,ok,
gss.cpi,Month-on-month inflation (%),Bono,Clothing and footwear,All sources,2025-03,0.5,ok,
gss.cpi,Month-on-month inflation (%),Bono,Clothing and footwear,All sources,2025-04,0.7,ok,
gss.cpi,Month-on-month inflation (%),Bono,Clothing and footwear,All sources,2025-05,1.8,ok,
gss.cpi,Month-on-month inflation (%),Bono,Clothing and footwear,All sources,2025-06,-1.1,ok,
gss.cpi,Month-on-month inflation (%),Bono,Clothing and footwear,All sources,2025-07,2.9,ok,
gss.cpi,Month-on-month inflation (%),Bono,Clothing and footwear,All sources,2025-08,0.1,ok,
gss.cpi,Month-on-month inflation (%),Bono,Clothing and footwear,All sources,2025-09,-3.3,ok,
gss.cpi,Month-on-month inflation (%),Bono,Clothing and footwear,All sources,2025-10,4.2,ok,
gss.cpi,Month-on-month inflation (%),Bono,Clothing and footwear,All sources,2025-11,1.4,ok,
gss.cpi,Month-on-month inflation (%),Bono,Clothing and footwear,All sources,2025-12,-0.6,ok,
gss.cpi,Month-on-month inflation (%),Bono,Clothing and footwear,All sources,2026-01,0.6,ok,
gss.cpi,Month-on-month inflation (%),Bono,Education services,All sources,2021-02,0.0,ok,
gss.cpi,Month-on-month inflation (%),Bono,Education services,All sources,2021-03,0.0,ok,
gss.cpi,Month-on-month inflation (%),Bono,Education services,All sources,2021-04,0.0,ok,
gss.cpi,Month-on-month inflation (%),Bono,Education services,All sources,2021-05,0.0,ok,
gss.cpi,Month-on-month inflation (%),Bono,Education services,All sources,2021-06,0.0,ok,
gss.cpi,Month-on-month inflation (%),Bono,Education services,All sources,2021-07,0.0,ok,
gss.cpi,Month-on-month inflation (%),Bono,Education services,All sources,2021-08,0.0,ok,
gss.cpi,Month-on-month inflation (%),Bono,Education services,All sources,2021-09,0.0,ok,
gss.cpi,Month-on-month inflation (%),Bono,Education services,All sources,2021-10,0.0,ok,
gss.cpi,Month-on-month inflation (%),Bono,Education services,All sources,2021-11,0.7,ok,
gss.cpi,Month-on-month inflation (%),Bono,Education services,All sources,2021-12,0.7,ok,
gss.cpi,Month-on-month inflation (%),Bono,Education services,All sources,2022-01,-2.2,ok,
gss.cpi,Month-on-month inflation (%),Bono,Education services,All sources,2022-02,3.8,ok,
gss.cpi,Month-on-month inflation (%),Bono,Education services,All sources,2022-03,5.8,ok,
gss.cpi,Month-on-month inflation (%),Bono,Education services,All sources,2022-04,0.7,ok,
gss.cpi,Month-on-month inflation (%),Bono,Education services,All sources,2022-05,0.7,ok,
gss.cpi,Month-on-month inflation (%),Bono,Education services,All sources,2022-06,0.7,ok,
gss.cpi,Month-on-month inflation (%),Bono,Education services,All sources,2022-07,0.7,ok,
gss.cpi,Month-on-month inflation (%),Bono,Education services,All sources,2022-08,0.0,ok,
gss.cpi,Month-on-month inflation (%),Bono,Education services,All sources,2022-09,0.0,ok,
gss.cpi,Month-on-month inflation (%),Bono,Education services,All sources,2022-10,0.0,ok,
gss.cpi,Month-on-month inflation (%),Bono,Education services,All sources,2022-11,0.0,ok,
gss.cpi,Month-on-month inflation (%),Bono,Education services,All sources,2022-12,1.1,ok,
gss.cpi,Month-on-month inflation (%),Bono,Education services,All sources,2023-01,1.6,ok,
gss.cpi,Month-on-month inflation (%),Bono,Education services,All sources,2023-02,7.8,ok,
gss.cpi,Month-on-month inflation (%),Bono,Education services,All sources,2023-03,-0.2,ok,
gss.cpi,Month-on-month inflation (%),Bono,Education services,All sources,2023-04,3.7,ok,
gss.cpi,Month-on-month inflation (%),Bono,Education services,All sources,2023-05,5.9,ok,
gss.cpi,Month-on-month inflation (%),Bono,Education services,All sources,2023-06,5.6,ok,
gss.cpi,Month-on-month inflation (%),Bono,Education services,All sources,2023-07,5.5,ok,
gss.cpi,Month-on-month inflation (%),Bono,Education services,All sources,2023-08,2.3,ok,
gss.cpi,Month-on-month inflation (%),Bono,Education services,All sources,2023-09,0.0,ok,
gss.cpi,Month-on-month inflation (%),Bono,Education services,All sources,2023-10,7.9,ok,
gss.cpi,Month-on-month inflation (%),Bono,Education services,All sources,2023-11,4.2,ok,
gss.cpi,Month-on-month inflation (%),Bono,Education services,All sources,2023-12,0.5,ok,
gss.cpi,Month-on-month inflation (%),Bono,Education services,All sources,2024-01,0.0,ok,
gss.cpi,Month-on-month inflation (%),Bono,Education services,All sources,2024-02,0.2,ok,
gss.cpi,Month-on-month inflation (%),Bono,Education services,All sources,2024-03,0.0,ok,
gss.cpi,Month-on-month inflation (%),Bono,Education services,All sources,2024-04,0.0,ok,
gss.cpi,Month-on-month inflation (%),Bono,Education services,All sources,2024-05,1.5,ok,
gss.cpi,Month-on-month inflation (%),Bono,Education services,All sources,2024-06,0.0,ok,
gss.cpi,Month-on-month inflation (%),Bono,Education services,All sources,2024-07,3.1,ok,
gss.cpi,Month-on-month inflation (%),Bono,Education services,All sources,2024-08,0.0,ok,
gss.cpi,Month-on-month inflation (%),Bono,Education services,All sources,2024-09,0.0,ok,
gss.cpi,Month-on-month inflation (%),Bono,Education services,All sources,2024-10,0.0,ok,
gss.cpi,Month-on-month inflation (%),Bono,Education services,All sources,2024-11,0.0,ok,
gss.cpi,Month-on-month inflation (%),Bono,Education services,All sources,2024-12,0.0,ok,
gss.cpi,Month-on-month inflation (%),Bono,Education services,All sources,2025-01,0.0,ok,
gss.cpi,Month-on-month inflation (%),Bono,Education services,All sources,2025-02,0.0,ok,
gss.cpi,Month-on-month inflation (%),Bono,Education services,All sources,2025-03,1.1,ok,
gss.cpi,Month-on-month inflation (%),Bono,Education services,All sources,2025-04,3.0,ok,
gss.cpi,Month-on-month inflation (%),Bono,Education services,All sources,2025-05,0.9,ok,
gss.cpi,Month-on-month inflation (%),Bono,Education services,All sources,2025-06,0.0,ok,
gss.cpi,Month-on-month inflation (%),Bono,Education services,All sources,2025-07,0.0,ok,
gss.cpi,Month-on-month inflation (%),Bono,Education services,All sources,2025-08,0.0,ok,
gss.cpi,Month-on-month inflation (%),Bono,Education services,All sources,2025-09,0.0,ok,
gss.cpi,Month-on-month inflation (%),Bono,Education services,All sources,2025-10,0.0,ok,
gss.cpi,Month-on-month inflation (%),Bono,Education services,All sources,2025-11,0.0,ok,
gss.cpi,Month-on-month inflation (%),Bono,Education services,All sources,2025-12,0.0,ok,
gss.cpi,Month-on-month inflation (%),Bono,Education services,All sources,2026-01,0.0,ok,
gss.cpi,Month-on-month inflation (%),Bono,Food,All sources,2021-02,0.5,ok,
gss.cpi,Month-on-month inflation (%),Bono,Food,All sources,2021-03,0.0,ok,
gss.cpi,Month-on-month inflation (%),Bono,Food,All sources,2021-04,-0.2,ok,
gss.cpi,Month-on-month inflation (%),Bono,Food,All sources,2021-05,0.1,ok,
gss.cpi,Month-on-month inflation (%),Bono,Food,All sources,2021-06,-0.6,ok,
gss.cpi,Month-on-month inflation (%),Bono,Food,All sources,2021-07,0.5,ok,
gss.cpi,Month-on-month inflation (%),Bono,Food,All sources,2021-08,4.1,ok,
gss.cpi,Month-on-month inflation (%),Bono,Food,All sources,2021-09,-0.2,ok,
gss.cpi,Month-on-month inflation (%),Bono,Food,All sources,2021-10,-0.4,ok,
gss.cpi,Month-on-month inflation (%),Bono,Food,All sources,2021-11,-0.2,ok,
gss.cpi,Month-on-month inflation (%),Bono,Food,All sources,2021-12,1.0,ok,
gss.cpi,Month-on-month inflation (%),Bono,Food,All sources,2022-01,4.7,ok,
gss.cpi,Month-on-month inflation (%),Bono,Food,All sources,2022-02,5.4,ok,
gss.cpi,Month-on-month inflation (%),Bono,Food,All sources,2022-03,4.8,ok,
gss.cpi,Month-on-month inflation (%),Bono,Food,All sources,2022-04,6.0,ok,
gss.cpi,Month-on-month inflation (%),Bono,Food,All sources,2022-05,7.4,ok,
gss.cpi,Month-on-month inflation (%),Bono,Food,All sources,2022-06,2.4,ok,
gss.cpi,Month-on-month inflation (%),Bono,Food,All sources,2022-07,1.6,ok,
gss.cpi,Month-on-month inflation (%),Bono,Food,All sources,2022-08,3.3,ok,
gss.cpi,Month-on-month inflation (%),Bono,Food,All sources,2022-09,0.8,ok,
gss.cpi,Month-on-month inflation (%),Bono,Food,All sources,2022-10,7.7,ok,
gss.cpi,Month-on-month inflation (%),Bono,Food,All sources,2022-11,9.4,ok,
gss.cpi,Month-on-month inflation (%),Bono,Food,All sources,2022-12,4.9,ok,
gss.cpi,Month-on-month inflation (%),Bono,Food,All sources,2023-01,2.7,ok,
gss.cpi,Month-on-month inflation (%),Bono,Food,All sources,2023-02,3.6,ok,
gss.cpi,Month-on-month inflation (%),Bono,Food,All sources,2023-03,-1.0,ok,
gss.cpi,Month-on-month inflation (%),Bono,Food,All sources,2023-04,7.6,ok,
gss.cpi,Month-on-month inflation (%),Bono,Food,All sources,2023-05,6.6,ok,
gss.cpi,Month-on-month inflation (%),Bono,Food,All sources,2023-06,4.3,ok,
gss.cpi,Month-on-month inflation (%),Bono,Food,All sources,2023-07,4.0,ok,
gss.cpi,Month-on-month inflation (%),Bono,Food,All sources,2023-08,-0.2,ok,
gss.cpi,Month-on-month inflation (%),Bono,Food,All sources,2023-09,0.1,ok,
gss.cpi,Month-on-month inflation (%),Bono,Food,All sources,2023-10,-1.2,ok,
gss.cpi,Month-on-month inflation (%),Bono,Food,All sources,2023-11,2.6,ok,
gss.cpi,Month-on-month inflation (%),Bono,Food,All sources,2023-12,-0.2,ok,
gss.cpi,Month-on-month inflation (%),Bono,Food,All sources,2024-01,0.9,ok,
gss.cpi,Month-on-month inflation (%),Bono,Food,All sources,2024-02,0.7,ok,
gss.cpi,Month-on-month inflation (%),Bono,Food,All sources,2024-03,1.7,ok,
gss.cpi,Month-on-month inflation (%),Bono,Food,All sources,2024-04,0.6,ok,
gss.cpi,Month-on-month inflation (%),Bono,Food,All sources,2024-05,3.5,ok,
gss.cpi,Month-on-month inflation (%),Bono,Food,All sources,2024-06,6.6,ok,
gss.cpi,Month-on-month inflation (%),Bono,Food,All sources,2024-07,-0.5,ok,
gss.cpi,Month-on-month inflation (%),Bono,Food,All sources,2024-08,-0.1,ok,
gss.cpi,Month-on-month inflation (%),Bono,Food,All sources,2024-09,3.4,ok,
gss.cpi,Month-on-month inflation (%),Bono,Food,All sources,2024-10,1.0,ok,
gss.cpi,Month-on-month inflation (%),Bono,Food,All sources,2024-11,3.0,ok,
gss.cpi,Month-on-month inflation (%),Bono,Food,All sources,2024-12,3.0,ok,
gss.cpi,Month-on-month inflation (%),Bono,Food,All sources,2025-01,2.5,ok,
gss.cpi,Month-on-month inflation (%),Bono,Food,All sources,2025-02,1.1,ok,
gss.cpi,Month-on-month inflation (%),Bono,Food,All sources,2025-03,2.5,ok,
gss.cpi,Month-on-month inflation (%),Bono,Food,All sources,2025-04,3.1,ok,
gss.cpi,Month-on-month inflation (%),Bono,Food,All sources,2025-05,1.4,ok,
gss.cpi,Month-on-month inflation (%),Bono,Food,All sources,2025-06,-6.0,warn,mom_band
gss.cpi,Month-on-month inflation (%),Bono,Food,All sources,2025-07,-0.4,ok,
gss.cpi,Month-on-month inflation (%),Bono,Food,All sources,2025-08,-0.6,ok,
gss.cpi,Month-on-month inflation (%),Bono,Food,All sources,2025-09,-3.9,ok,
gss.cpi,Month-on-month inflation (%),Bono,Food,All sources,2025-10,0.7,ok,
gss.cpi,Month-on-month inflation (%),Bono,Food,All sources,2025-11,2.6,ok,
gss.cpi,Month-on-month inflation (%),Bono,Food,All sources,2025-12,1.4,ok,
gss.cpi,Month-on-month inflation (%),Bono,Food,All sources,2026-01,1.8,ok,
gss.cpi,Month-on-month inflation (%),Bono,Food and non-alcoholic beverages,All sources,2021-02,0.5,ok,
gss.cpi,Month-on-month inflation (%),Bono,Food and non-alcoholic beverages,All sources,2021-03,0.0,ok,
gss.cpi,Month-on-month inflation (%),Bono,Food and non-alcoholic beverages,All sources,2021-04,-0.2,ok,
gss.cpi,Month-on-month inflation (%),Bono,Food and non-alcoholic beverages,All sources,2021-05,0.1,ok,
gss.cpi,Month-on-month inflation (%),Bono,Food and non-alcoholic beverages,All sources,2021-06,-0.6,ok,
gss.cpi,Month-on-month inflation (%),Bono,Food and non-alcoholic beverages,All sources,2021-07,0.5,ok,
gss.cpi,Month-on-month inflation (%),Bono,Food and non-alcoholic beverages,All sources,2021-08,4.1,ok,
gss.cpi,Month-on-month inflation (%),Bono,Food and non-alcoholic beverages,All sources,2021-09,-0.2,ok,
gss.cpi,Month-on-month inflation (%),Bono,Food and non-alcoholic beverages,All sources,2021-10,-0.4,ok,
gss.cpi,Month-on-month inflation (%),Bono,Food and non-alcoholic beverages,All sources,2021-11,-0.2,ok,
gss.cpi,Month-on-month inflation (%),Bono,Food and non-alcoholic beverages,All sources,2021-12,1.0,ok,
gss.cpi,Month-on-month inflation (%),Bono,Food and non-alcoholic beverages,All sources,2022-01,4.7,ok,
gss.cpi,Month-on-month inflation (%),Bono,Food and non-alcoholic beverages,All sources,2022-02,5.4,ok,
gss.cpi,Month-on-month inflation (%),Bono,Food and non-alcoholic beverages,All sources,2022-03,4.8,ok,
gss.cpi,Month-on-month inflation (%),Bono,Food and non-alcoholic beverages,All sources,2022-04,6.0,ok,
gss.cpi,Month-on-month inflation (%),Bono,Food and non-alcoholic beverages,All sources,2022-05,7.4,ok,
gss.cpi,Month-on-month inflation (%),Bono,Food and non-alcoholic beverages,All sources,2022-06,2.4,ok,
gss.cpi,Month-on-month inflation (%),Bono,Food and non-alcoholic beverages,All sources,2022-07,1.6,ok,
gss.cpi,Month-on-month inflation (%),Bono,Food and non-alcoholic beverages,All sources,2022-08,3.3,ok,
gss.cpi,Month-on-month inflation (%),Bono,Food and non-alcoholic beverages,All sources,2022-09,0.8,ok,
gss.cpi,Month-on-month inflation (%),Bono,Food and non-alcoholic beverages,All sources,2022-10,7.7,ok,
gss.cpi,Month-on-month inflation (%),Bono,Food and non-alcoholic beverages,All sources,2022-11,9.4,ok,
gss.cpi,Month-on-month inflation (%),Bono,Food and non-alcoholic beverages,All sources,2022-12,4.9,ok,
gss.cpi,Month-on-month inflation (%),Bono,Food and non-alcoholic beverages,All sources,2023-01,2.7,ok,
gss.cpi,Month-on-month inflation (%),Bono,Food and non-alcoholic beverages,All sources,2023-02,3.6,ok,
gss.cpi,Month-on-month inflation (%),Bono,Food and non-alcoholic beverages,All sources,2023-03,-1.0,ok,
gss.cpi,Month-on-month inflation (%),Bono,Food and non-alcoholic beverages,All sources,2023-04,7.6,ok,
gss.cpi,Month-on-month inflation (%),Bono,Food and non-alcoholic beverages,All sources,2023-05,6.6,ok,
gss.cpi,Month-on-month inflation (%),Bono,Food and non-alcoholic beverages,All sources,2023-06,4.3,ok,
gss.cpi,Month-on-month inflation (%),Bono,Food and non-alcoholic beverages,All sources,2023-07,4.0,ok,
gss.cpi,Month-on-month inflation (%),Bono,Food and non-alcoholic beverages,All sources,2023-08,-0.2,ok,
gss.cpi,Month-on-month inflation (%),Bono,Food and non-alcoholic beverages,All sources,2023-09,0.1,ok,
gss.cpi,Month-on-month inflation (%),Bono,Food and non-alcoholic beverages,All sources,2023-10,-1.2,ok,
gss.cpi,Month-on-month inflation (%),Bono,Food and non-alcoholic beverages,All sources,2023-11,2.6,ok,
gss.cpi,Month-on-month inflation (%),Bono,Food and non-alcoholic beverages,All sources,2023-12,-0.2,ok,
gss.cpi,Month-on-month inflation (%),Bono,Food and non-alcoholic beverages,All sources,2024-01,0.9,ok,
gss.cpi,Month-on-month inflation (%),Bono,Food and non-alcoholic beverages,All sources,2024-02,0.7,ok,
gss.cpi,Month-on-month inflation (%),Bono,Food and non-alcoholic beverages,All sources,2024-03,1.7,ok,
gss.cpi,Month-on-month inflation (%),Bono,Food and non-alcoholic beverages,All sources,2024-04,0.6,ok,
gss.cpi,Month-on-month inflation (%),Bono,Food and non-alcoholic beverages,All sources,2024-05,3.5,ok,
gss.cpi,Month-on-month inflation (%),Bono,Food and non-alcoholic beverages,All sources,2024-06,6.6,ok,
gss.cpi,Month-on-month inflation (%),Bono,Food and non-alcoholic beverages,All sources,2024-07,-0.5,ok,
gss.cpi,Month-on-month inflation (%),Bono,Food and non-alcoholic beverages,All sources,2024-08,-0.1,ok,
gss.cpi,Month-on-month inflation (%),Bono,Food and non-alcoholic beverages,All sources,2024-09,3.4,ok,
gss.cpi,Month-on-month inflation (%),Bono,Food and non-alcoholic beverages,All sources,2024-10,1.0,ok,
gss.cpi,Month-on-month inflation (%),Bono,Food and non-alcoholic beverages,All sources,2024-11,3.0,ok,
gss.cpi,Month-on-month inflation (%),Bono,Food and non-alcoholic beverages,All sources,2024-12,3.0,ok,
gss.cpi,Month-on-month inflation (%),Bono,Food and non-alcoholic beverages,All sources,2025-01,2.5,ok,
gss.cpi,Month-on-month inflation (%),Bono,Food and non-alcoholic beverages,All sources,2025-02,1.1,ok,
gss.cpi,Month-on-month inflation (%),Bono,Food and non-alcoholic beverages,All sources,2025-03,2.5,ok,
gss.cpi,Month-on-month inflation (%),Bono,Food and non-alcoholic beverages,All sources,2025-04,3.1,ok,
gss.cpi,Month-on-month inflation (%),Bono,Food and non-alcoholic beverages,All sources,2025-05,1.4,ok,
gss.cpi,Month-on-month inflation (%),Bono,Food and non-alcoholic beverages,All sources,2025-06,-6.0,warn,mom_band
gss.cpi,Month-on-month inflation (%),Bono,Food and non-alcoholic beverages,All sources,2025-07,-0.4,ok,
gss.cpi,Month-on-month inflation (%),Bono,Food and non-alcoholic beverages,All sources,2025-08,-0.6,ok,
gss.cpi,Month-on-month inflation (%),Bono,Food and non-alcoholic beverages,All sources,2025-09,-3.9,ok,
gss.cpi,Month-on-month inflation (%),Bono,Food and non-alcoholic beverages,All sources,2025-10,0.7,ok,
gss.cpi,Month-on-month inflation (%),Bono,Food and non-alcoholic beverages,All sources,2025-11,2.6,ok,
gss.cpi,Month-on-month inflation (%),Bono,Food and non-alcoholic beverages,All sources,2025-12,1.4,ok,
gss.cpi,Month-on-month inflation (%),Bono,Food and non-alcoholic beverages,All sources,2026-01,1.8,ok,
gss.cpi,Month-on-month inflation (%),Bono,"Furnishings, household equipment and routine household maintenance",All sources,2021-02,0.1,ok,
gss.cpi,Month-on-month inflation (%),Bono,"Furnishings, household equipment and routine household maintenance",All sources,2021-03,0.0,ok,
gss.cpi,Month-on-month inflation (%),Bono,"Furnishings, household equipment and routine household maintenance",All sources,2021-04,0.1,ok,
gss.cpi,Month-on-month inflation (%),Bono,"Furnishings, household equipment and routine household maintenance",All sources,2021-05,0.0,ok,
gss.cpi,Month-on-month inflation (%),Bono,"Furnishings, household equipment and routine household maintenance",All sources,2021-06,0.0,ok,
gss.cpi,Month-on-month inflation (%),Bono,"Furnishings, household equipment and routine household maintenance",All sources,2021-07,0.0,ok,
gss.cpi,Month-on-month inflation (%),Bono,"Furnishings, household equipment and routine household maintenance",All sources,2021-08,4.0,ok,
gss.cpi,Month-on-month inflation (%),Bono,"Furnishings, household equipment and routine household maintenance",All sources,2021-09,0.0,ok,
gss.cpi,Month-on-month inflation (%),Bono,"Furnishings, household equipment and routine household maintenance",All sources,2021-10,0.1,ok,
gss.cpi,Month-on-month inflation (%),Bono,"Furnishings, household equipment and routine household maintenance",All sources,2021-11,0.7,ok,
gss.cpi,Month-on-month inflation (%),Bono,"Furnishings, household equipment and routine household maintenance",All sources,2021-12,-0.5,ok,
gss.cpi,Month-on-month inflation (%),Bono,"Furnishings, household equipment and routine household maintenance",All sources,2022-01,-0.7,ok,
gss.cpi,Month-on-month inflation (%),Bono,"Furnishings, household equipment and routine household maintenance",All sources,2022-02,5.1,ok,
gss.cpi,Month-on-month inflation (%),Bono,"Furnishings, household equipment and routine household maintenance",All sources,2022-03,3.4,ok,
gss.cpi,Month-on-month inflation (%),Bono,"Furnishings, household equipment and routine household maintenance",All sources,2022-04,6.1,ok,
gss.cpi,Month-on-month inflation (%),Bono,"Furnishings, household equipment and routine household maintenance",All sources,2022-05,8.0,ok,
gss.cpi,Month-on-month inflation (%),Bono,"Furnishings, household equipment and routine household maintenance",All sources,2022-06,5.3,ok,
gss.cpi,Month-on-month inflation (%),Bono,"Furnishings, household equipment and routine household maintenance",All sources,2022-07,6.1,ok,
gss.cpi,Month-on-month inflation (%),Bono,"Furnishings, household equipment and routine household maintenance",All sources,2022-08,2.3,ok,
gss.cpi,Month-on-month inflation (%),Bono,"Furnishings, household equipment and routine household maintenance",All sources,2022-09,-1.0,ok,
gss.cpi,Month-on-month inflation (%),Bono,"Furnishings, household equipment and routine household maintenance",All sources,2022-10,3.2,ok,
gss.cpi,Month-on-month inflation (%),Bono,"Furnishings, household equipment and routine household maintenance",All sources,2022-11,9.0,ok,
gss.cpi,Month-on-month inflation (%),Bono,"Furnishings, household equipment and routine household maintenance",All sources,2022-12,6.9,ok,
gss.cpi,Month-on-month inflation (%),Bono,"Furnishings, household equipment and routine household maintenance",All sources,2023-01,3.3,ok,
gss.cpi,Month-on-month inflation (%),Bono,"Furnishings, household equipment and routine household maintenance",All sources,2023-02,1.3,ok,
gss.cpi,Month-on-month inflation (%),Bono,"Furnishings, household equipment and routine household maintenance",All sources,2023-03,-0.3,ok,
gss.cpi,Month-on-month inflation (%),Bono,"Furnishings, household equipment and routine household maintenance",All sources,2023-04,3.5,ok,
gss.cpi,Month-on-month inflation (%),Bono,"Furnishings, household equipment and routine household maintenance",All sources,2023-05,5.6,ok,
gss.cpi,Month-on-month inflation (%),Bono,"Furnishings, household equipment and routine household maintenance",All sources,2023-06,5.7,ok,
gss.cpi,Month-on-month inflation (%),Bono,"Furnishings, household equipment and routine household maintenance",All sources,2023-07,3.7,ok,
gss.cpi,Month-on-month inflation (%),Bono,"Furnishings, household equipment and routine household maintenance",All sources,2023-08,2.3,ok,
gss.cpi,Month-on-month inflation (%),Bono,"Furnishings, household equipment and routine household maintenance",All sources,2023-09,4.8,ok,
gss.cpi,Month-on-month inflation (%),Bono,"Furnishings, household equipment and routine household maintenance",All sources,2023-10,1.1,ok,
gss.cpi,Month-on-month inflation (%),Bono,"Furnishings, household equipment and routine household maintenance",All sources,2023-11,1.3,ok,
gss.cpi,Month-on-month inflation (%),Bono,"Furnishings, household equipment and routine household maintenance",All sources,2023-12,0.9,ok,
gss.cpi,Month-on-month inflation (%),Bono,"Furnishings, household equipment and routine household maintenance",All sources,2024-01,-1.3,ok,
gss.cpi,Month-on-month inflation (%),Bono,"Furnishings, household equipment and routine household maintenance",All sources,2024-02,1.3,ok,
gss.cpi,Month-on-month inflation (%),Bono,"Furnishings, household equipment and routine household maintenance",All sources,2024-03,-0.2,ok,
gss.cpi,Month-on-month inflation (%),Bono,"Furnishings, household equipment and routine household maintenance",All sources,2024-04,0.0,ok,
gss.cpi,Month-on-month inflation (%),Bono,"Furnishings, household equipment and routine household maintenance",All sources,2024-05,0.8,ok,
gss.cpi,Month-on-month inflation (%),Bono,"Furnishings, household equipment and routine household maintenance",All sources,2024-06,1.6,ok,
gss.cpi,Month-on-month inflation (%),Bono,"Furnishings, household equipment and routine household maintenance",All sources,2024-07,1.5,ok,
gss.cpi,Month-on-month inflation (%),Bono,"Furnishings, household equipment and routine household maintenance",All sources,2024-08,0.0,ok,
gss.cpi,Month-on-month inflation (%),Bono,"Furnishings, household equipment and routine household maintenance",All sources,2024-09,2.7,ok,
gss.cpi,Month-on-month inflation (%),Bono,"Furnishings, household equipment and routine household maintenance",All sources,2024-10,2.6,ok,
gss.cpi,Month-on-month inflation (%),Bono,"Furnishings, household equipment and routine household maintenance",All sources,2024-11,1.1,ok,
gss.cpi,Month-on-month inflation (%),Bono,"Furnishings, household equipment and routine household maintenance",All sources,2024-12,0.7,ok,
gss.cpi,Month-on-month inflation (%),Bono,"Furnishings, household equipment and routine household maintenance",All sources,2025-01,2.5,ok,
gss.cpi,Month-on-month inflation (%),Bono,"Furnishings, household equipment and routine household maintenance",All sources,2025-02,0.4,ok,
gss.cpi,Month-on-month inflation (%),Bono,"Furnishings, household equipment and routine household maintenance",All sources,2025-03,0.4,ok,
gss.cpi,Month-on-month inflation (%),Bono,"Furnishings, household equipment and routine household maintenance",All sources,2025-04,1.2,ok,
gss.cpi,Month-on-month inflation (%),Bono,"Furnishings, household equipment and routine household maintenance",All sources,2025-05,0.4,ok,
gss.cpi,Month-on-month inflation (%),Bono,"Furnishings, household equipment and routine household maintenance",All sources,2025-06,-1.5,ok,
gss.cpi,Month-on-month inflation (%),Bono,"Furnishings, household equipment and routine household maintenance",All sources,2025-07,0.6,ok,
gss.cpi,Month-on-month inflation (%),Bono,"Furnishings, household equipment and routine household maintenance",All sources,2025-08,-2.8,ok,
gss.cpi,Month-on-month inflation (%),Bono,"Furnishings, household equipment and routine household maintenance",All sources,2025-09,1.7,ok,
gss.cpi,Month-on-month inflation (%),Bono,"Furnishings, household equipment and routine household maintenance",All sources,2025-10,0.1,ok,
gss.cpi,Month-on-month inflation (%),Bono,"Furnishings, household equipment and routine household maintenance",All sources,2025-11,0.6,ok,
gss.cpi,Month-on-month inflation (%),Bono,"Furnishings, household equipment and routine household maintenance",All sources,2025-12,0.3,ok,
gss.cpi,Month-on-month inflation (%),Bono,"Furnishings, household equipment and routine household maintenance",All sources,2026-01,0.4,ok,
gss.cpi,Month-on-month inflation (%),Bono,Health,All sources,2021-02,0.2,ok,
gss.cpi,Month-on-month inflation (%),Bono,Health,All sources,2021-03,0.0,ok,
gss.cpi,Month-on-month inflation (%),Bono,Health,All sources,2021-04,0.0,ok,
gss.cpi,Month-on-month inflation (%),Bono,Health,All sources,2021-05,0.0,ok,
gss.cpi,Month-on-month inflation (%),Bono,Health,All sources,2021-06,0.0,ok,
gss.cpi,Month-on-month inflation (%),Bono,Health,All sources,2021-07,0.0,ok,
gss.cpi,Month-on-month inflation (%),Bono,Health,All sources,2021-08,0.8,ok,
gss.cpi,Month-on-month inflation (%),Bono,Health,All sources,2021-09,0.4,ok,
gss.cpi,Month-on-month inflation (%),Bono,Health,All sources,2021-10,2.7,ok,
gss.cpi,Month-on-month inflation (%),Bono,Health,All sources,2021-11,0.1,ok,
gss.cpi,Month-on-month inflation (%),Bono,Health,All sources,2021-12,0.0,ok,
gss.cpi,Month-on-month inflation (%),Bono,Health,All sources,2022-01,-2.5,ok,
gss.cpi,Month-on-month inflation (%),Bono,Health,All sources,2022-02,4.4,ok,
gss.cpi,Month-on-month inflation (%),Bono,Health,All sources,2022-03,0.8,ok,
gss.cpi,Month-on-month inflation (%),Bono,Health,All sources,2022-04,1.5,ok,
gss.cpi,Month-on-month inflation (%),Bono,Health,All sources,2022-05,2.6,ok,
gss.cpi,Month-on-month inflation (%),Bono,Health,All sources,2022-06,2.0,ok,
gss.cpi,Month-on-month inflation (%),Bono,Health,All sources,2022-07,4.3,ok,
gss.cpi,Month-on-month inflation (%),Bono,Health,All sources,2022-08,0.5,ok,
gss.cpi,Month-on-month inflation (%),Bono,Health,All sources,2022-09,0.5,ok,
gss.cpi,Month-on-month inflation (%),Bono,Health,All sources,2022-10,8.0,ok,
gss.cpi,Month-on-month inflation (%),Bono,Health,All sources,2022-11,8.9,ok,
gss.cpi,Month-on-month inflation (%),Bono,Health,All sources,2022-12,2.2,ok,
gss.cpi,Month-on-month inflation (%),Bono,Health,All sources,2023-01,0.7,ok,
gss.cpi,Month-on-month inflation (%),Bono,Health,All sources,2023-02,3.1,ok,
gss.cpi,Month-on-month inflation (%),Bono,Health,All sources,2023-03,-4.5,ok,
gss.cpi,Month-on-month inflation (%),Bono,Health,All sources,2023-04,5.4,ok,
gss.cpi,Month-on-month inflation (%),Bono,Health,All sources,2023-05,7.9,ok,
gss.cpi,Month-on-month inflation (%),Bono,Health,All sources,2023-06,5.7,ok,
gss.cpi,Month-on-month inflation (%),Bono,Health,All sources,2023-07,5.9,ok,
gss.cpi,Month-on-month inflation (%),Bono,Health,All sources,2023-08,1.8,ok,
gss.cpi,Month-on-month inflation (%),Bono,Health,All sources,2023-09,3.0,ok,
gss.cpi,Month-on-month inflation (%),Bono,Health,All sources,2023-10,-0.9,ok,
gss.cpi,Month-on-month inflation (%),Bono,Health,All sources,2023-11,1.0,ok,
gss.cpi,Month-on-month inflation (%),Bono,Health,All sources,2023-12,-0.7,ok,
gss.cpi,Month-on-month inflation (%),Bono,Health,All sources,2024-01,-0.2,ok,
gss.cpi,Month-on-month inflation (%),Bono,Health,All sources,2024-02,0.2,ok,
gss.cpi,Month-on-month inflation (%),Bono,Health,All sources,2024-03,0.1,ok,
gss.cpi,Month-on-month inflation (%),Bono,Health,All sources,2024-04,0.8,ok,
gss.cpi,Month-on-month inflation (%),Bono,Health,All sources,2024-05,0.9,ok,
gss.cpi,Month-on-month inflation (%),Bono,Health,All sources,2024-06,1.7,ok,
gss.cpi,Month-on-month inflation (%),Bono,Health,All sources,2024-07,1.3,ok,
gss.cpi,Month-on-month inflation (%),Bono,Health,All sources,2024-08,-0.1,ok,
gss.cpi,Month-on-month inflation (%),Bono,Health,All sources,2024-09,5.8,ok,
gss.cpi,Month-on-month inflation (%),Bono,Health,All sources,2024-10,5.4,ok,
gss.cpi,Month-on-month inflation (%),Bono,Health,All sources,2024-11,0.1,ok,
gss.cpi,Month-on-month inflation (%),Bono,Health,All sources,2024-12,1.3,ok,
gss.cpi,Month-on-month inflation (%),Bono,Health,All sources,2025-01,1.1,ok,
gss.cpi,Month-on-month inflation (%),Bono,Health,All sources,2025-02,-0.3,ok,
gss.cpi,Month-on-month inflation (%),Bono,Health,All sources,2025-03,0.2,ok,
gss.cpi,Month-on-month inflation (%),Bono,Health,All sources,2025-04,2.9,ok,
gss.cpi,Month-on-month inflation (%),Bono,Health,All sources,2025-05,2.3,ok,
gss.cpi,Month-on-month inflation (%),Bono,Health,All sources,2025-06,-0.4,ok,
gss.cpi,Month-on-month inflation (%),Bono,Health,All sources,2025-07,0.8,ok,
gss.cpi,Month-on-month inflation (%),Bono,Health,All sources,2025-08,0.8,ok,
gss.cpi,Month-on-month inflation (%),Bono,Health,All sources,2025-09,-4.1,ok,
gss.cpi,Month-on-month inflation (%),Bono,Health,All sources,2025-10,4.2,ok,
gss.cpi,Month-on-month inflation (%),Bono,Health,All sources,2025-11,0.5,ok,
gss.cpi,Month-on-month inflation (%),Bono,Health,All sources,2025-12,-0.6,ok,
gss.cpi,Month-on-month inflation (%),Bono,Health,All sources,2026-01,-0.1,ok,
gss.cpi,Month-on-month inflation (%),Bono,"Housing, water, electricity, gas and other fuels",All sources,2021-02,0.4,ok,
gss.cpi,Month-on-month inflation (%),Bono,"Housing, water, electricity, gas and other fuels",All sources,2021-03,0.4,ok,
gss.cpi,Month-on-month inflation (%),Bono,"Housing, water, electricity, gas and other fuels",All sources,2021-04,2.4,ok,
gss.cpi,Month-on-month inflation (%),Bono,"Housing, water, electricity, gas and other fuels",All sources,2021-05,-0.7,ok,
gss.cpi,Month-on-month inflation (%),Bono,"Housing, water, electricity, gas and other fuels",All sources,2021-06,0.3,ok,
gss.cpi,Month-on-month inflation (%),Bono,"Housing, water, electricity, gas and other fuels",All sources,2021-07,0.6,ok,
gss.cpi,Month-on-month inflation (%),Bono,"Housing, water, electricity, gas and other fuels",All sources,2021-08,-0.4,ok,
gss.cpi,Month-on-month inflation (%),Bono,"Housing, water, electricity, gas and other fuels",All sources,2021-09,0.0,ok,
gss.cpi,Month-on-month inflation (%),Bono,"Housing, water, electricity, gas and other fuels",All sources,2021-10,0.8,ok,
gss.cpi,Month-on-month inflation (%),Bono,"Housing, water, electricity, gas and other fuels",All sources,2021-11,0.4,ok,
gss.cpi,Month-on-month inflation (%),Bono,"Housing, water, electricity, gas and other fuels",All sources,2021-12,0.1,ok,
gss.cpi,Month-on-month inflation (%),Bono,"Housing, water, electricity, gas and other fuels",All sources,2022-01,0.7,ok,
gss.cpi,Month-on-month inflation (%),Bono,"Housing, water, electricity, gas and other fuels",All sources,2022-02,4.0,ok,
gss.cpi,Month-on-month inflation (%),Bono,"Housing, water, electricity, gas and other fuels",All sources,2022-03,3.4,ok,
gss.cpi,Month-on-month inflation (%),Bono,"Housing, water, electricity, gas and other fuels",All sources,2022-04,2.5,ok,
gss.cpi,Month-on-month inflation (%),Bono,"Housing, water, electricity, gas and other fuels",All sources,2022-05,8.5,ok,
gss.cpi,Month-on-month inflation (%),Bono,"Housing, water, electricity, gas and other fuels",All sources,2022-06,3.2,ok,
gss.cpi,Month-on-month inflation (%),Bono,"Housing, water, electricity, gas and other fuels",All sources,2022-07,1.1,ok,
gss.cpi,Month-on-month inflation (%),Bono,"Housing, water, electricity, gas and other fuels",All sources,2022-08,1.9,ok,
gss.cpi,Month-on-month inflation (%),Bono,"Housing, water, electricity, gas and other fuels",All sources,2022-09,4.0,ok,
gss.cpi,Month-on-month inflation (%),Bono,"Housing, water, electricity, gas and other fuels",All sources,2022-10,5.9,ok,
gss.cpi,Month-on-month inflation (%),Bono,"Housing, water, electricity, gas and other fuels",All sources,2022-11,5.3,ok,
gss.cpi,Month-on-month inflation (%),Bono,"Housing, water, electricity, gas and other fuels",All sources,2022-12,3.7,ok,
gss.cpi,Month-on-month inflation (%),Bono,"Housing, water, electricity, gas and other fuels",All sources,2023-01,0.8,ok,
gss.cpi,Month-on-month inflation (%),Bono,"Housing, water, electricity, gas and other fuels",All sources,2023-02,-0.5,ok,
gss.cpi,Month-on-month inflation (%),Bono,"Housing, water, electricity, gas and other fuels",All sources,2023-03,0.1,ok,
gss.cpi,Month-on-month inflation (%),Bono,"Housing, water, electricity, gas and other fuels",All sources,2023-04,0.9,ok,
gss.cpi,Month-on-month inflation (%),Bono,"Housing, water, electricity, gas and other fuels",All sources,2023-05,-2.1,ok,
gss.cpi,Month-on-month inflation (%),Bono,"Housing, water, electricity, gas and other fuels",All sources,2023-06,-3.3,ok,
gss.cpi,Month-on-month inflation (%),Bono,"Housing, water, electricity, gas and other fuels",All sources,2023-07,0.3,ok,
gss.cpi,Month-on-month inflation (%),Bono,"Housing, water, electricity, gas and other fuels",All sources,2023-08,-0.5,ok,
gss.cpi,Month-on-month inflation (%),Bono,"Housing, water, electricity, gas and other fuels",All sources,2023-09,4.8,ok,
gss.cpi,Month-on-month inflation (%),Bono,"Housing, water, electricity, gas and other fuels",All sources,2023-10,3.9,ok,
gss.cpi,Month-on-month inflation (%),Bono,"Housing, water, electricity, gas and other fuels",All sources,2023-11,3.9,ok,
gss.cpi,Month-on-month inflation (%),Bono,"Housing, water, electricity, gas and other fuels",All sources,2023-12,2.1,ok,
gss.cpi,Month-on-month inflation (%),Bono,"Housing, water, electricity, gas and other fuels",All sources,2024-01,0.1,ok,
gss.cpi,Month-on-month inflation (%),Bono,"Housing, water, electricity, gas and other fuels",All sources,2024-02,0.1,ok,
gss.cpi,Month-on-month inflation (%),Bono,"Housing, water, electricity, gas and other fuels",All sources,2024-03,-0.6,ok,
gss.cpi,Month-on-month inflation (%),Bono,"Housing, water, electricity, gas and other fuels",All sources,2024-04,3.3,ok,
gss.cpi,Month-on-month inflation (%),Bono,"Housing, water, electricity, gas and other fuels",All sources,2024-05,3.9,ok,
gss.cpi,Month-on-month inflation (%),Bono,"Housing, water, electricity, gas and other fuels",All sources,2024-06,0.5,ok,
gss.cpi,Month-on-month inflation (%),Bono,"Housing, water, electricity, gas and other fuels",All sources,2024-07,0.4,ok,
gss.cpi,Month-on-month inflation (%),Bono,"Housing, water, electricity, gas and other fuels",All sources,2024-08,-0.7,ok,
gss.cpi,Month-on-month inflation (%),Bono,"Housing, water, electricity, gas and other fuels",All sources,2024-09,0.6,ok,
gss.cpi,Month-on-month inflation (%),Bono,"Housing, water, electricity, gas and other fuels",All sources,2024-10,2.0,ok,
gss.cpi,Month-on-month inflation (%),Bono,"Housing, water, electricity, gas and other fuels",All sources,2024-11,4.7,ok,
gss.cpi,Month-on-month inflation (%),Bono,"Housing, water, electricity, gas and other fuels",All sources,2024-12,1.3,ok,
gss.cpi,Month-on-month inflation (%),Bono,"Housing, water, electricity, gas and other fuels",All sources,2025-01,0.3,ok,
gss.cpi,Month-on-month inflation (%),Bono,"Housing, water, electricity, gas and other fuels",All sources,2025-02,5.4,ok,
gss.cpi,Month-on-month inflation (%),Bono,"Housing, water, electricity, gas and other fuels",All sources,2025-03,1.2,ok,
gss.cpi,Month-on-month inflation (%),Bono,"Housing, water, electricity, gas and other fuels",All sources,2025-04,4.0,ok,
gss.cpi,Month-on-month inflation (%),Bono,"Housing, water, electricity, gas and other fuels",All sources,2025-05,5.1,ok,
gss.cpi,Month-on-month inflation (%),Bono,"Housing, water, electricity, gas and other fuels",All sources,2025-06,3.4,ok,
gss.cpi,Month-on-month inflation (%),Bono,"Housing, water, electricity, gas and other fuels",All sources,2025-07,1.8,ok,
gss.cpi,Month-on-month inflation (%),Bono,"Housing, water, electricity, gas and other fuels",All sources,2025-08,-4.4,ok,
gss.cpi,Month-on-month inflation (%),Bono,"Housing, water, electricity, gas and other fuels",All sources,2025-09,-2.4,ok,
gss.cpi,Month-on-month inflation (%),Bono,"Housing, water, electricity, gas and other fuels",All sources,2025-10,-1.0,ok,
gss.cpi,Month-on-month inflation (%),Bono,"Housing, water, electricity, gas and other fuels",All sources,2025-11,-2.7,ok,
gss.cpi,Month-on-month inflation (%),Bono,"Housing, water, electricity, gas and other fuels",All sources,2025-12,-3.5,ok,
gss.cpi,Month-on-month inflation (%),Bono,"Housing, water, electricity, gas and other fuels",All sources,2026-01,0.4,ok,
gss.cpi,Month-on-month inflation (%),Bono,Information and communication,All sources,2021-02,0.0,ok,
gss.cpi,Month-on-month inflation (%),Bono,Information and communication,All sources,2021-03,0.0,ok,
gss.cpi,Month-on-month inflation (%),Bono,Information and communication,All sources,2021-04,0.0,ok,
gss.cpi,Month-on-month inflation (%),Bono,Information and communication,All sources,2021-05,0.0,ok,
gss.cpi,Month-on-month inflation (%),Bono,Information and communication,All sources,2021-06,0.0,ok,
gss.cpi,Month-on-month inflation (%),Bono,Information and communication,All sources,2021-07,0.0,ok,
gss.cpi,Month-on-month inflation (%),Bono,Information and communication,All sources,2021-08,0.0,ok,
gss.cpi,Month-on-month inflation (%),Bono,Information and communication,All sources,2021-09,0.0,ok,
gss.cpi,Month-on-month inflation (%),Bono,Information and communication,All sources,2021-10,0.1,ok,
gss.cpi,Month-on-month inflation (%),Bono,Information and communication,All sources,2021-11,0.0,ok,
gss.cpi,Month-on-month inflation (%),Bono,Information and communication,All sources,2021-12,0.0,ok,
gss.cpi,Month-on-month inflation (%),Bono,Information and communication,All sources,2022-01,3.5,ok,
gss.cpi,Month-on-month inflation (%),Bono,Information and communication,All sources,2022-02,-2.5,ok,
gss.cpi,Month-on-month inflation (%),Bono,Information and communication,All sources,2022-03,0.2,ok,
gss.cpi,Month-on-month inflation (%),Bono,Information and communication,All sources,2022-04,0.1,ok,
gss.cpi,Month-on-month inflation (%),Bono,Information and communication,All sources,2022-05,0.3,ok,
gss.cpi,Month-on-month inflation (%),Bono,Information and communication,All sources,2022-06,0.6,ok,
gss.cpi,Month-on-month inflation (%),Bono,Information and communication,All sources,2022-07,2.2,ok,
gss.cpi,Month-on-month inflation (%),Bono,Information and communication,All sources,2022-08,0.7,ok,
gss.cpi,Month-on-month inflation (%),Bono,Information and communication,All sources,2022-09,1.1,ok,
gss.cpi,Month-on-month inflation (%),Bono,Information and communication,All sources,2022-10,1.0,ok,
gss.cpi,Month-on-month inflation (%),Bono,Information and communication,All sources,2022-11,1.2,ok,
gss.cpi,Month-on-month inflation (%),Bono,Information and communication,All sources,2022-12,1.3,ok,
gss.cpi,Month-on-month inflation (%),Bono,Information and communication,All sources,2023-01,0.4,ok,
gss.cpi,Month-on-month inflation (%),Bono,Information and communication,All sources,2023-02,0.9,ok,
gss.cpi,Month-on-month inflation (%),Bono,Information and communication,All sources,2023-03,-1.2,ok,
gss.cpi,Month-on-month inflation (%),Bono,Information and communication,All sources,2023-04,0.7,ok,
gss.cpi,Month-on-month inflation (%),Bono,Information and communication,All sources,2023-05,1.6,ok,
gss.cpi,Month-on-month inflation (%),Bono,Information and communication,All sources,2023-06,1.1,ok,
gss.cpi,Month-on-month inflation (%),Bono,Information and communication,All sources,2023-07,1.7,ok,
gss.cpi,Month-on-month inflation (%),Bono,Information and communication,All sources,2023-08,-0.3,ok,
gss.cpi,Month-on-month inflation (%),Bono,Information and communication,All sources,2023-09,0.2,ok,
gss.cpi,Month-on-month inflation (%),Bono,Information and communication,All sources,2023-10,-0.2,ok,
gss.cpi,Month-on-month inflation (%),Bono,Information and communication,All sources,2023-11,1.0,ok,
gss.cpi,Month-on-month inflation (%),Bono,Information and communication,All sources,2023-12,1.8,ok,
gss.cpi,Month-on-month inflation (%),Bono,Information and communication,All sources,2024-01,1.1,ok,
gss.cpi,Month-on-month inflation (%),Bono,Information and communication,All sources,2024-02,0.7,ok,
gss.cpi,Month-on-month inflation (%),Bono,Information and communication,All sources,2024-03,0.0,ok,
gss.cpi,Month-on-month inflation (%),Bono,Information and communication,All sources,2024-04,1.8,ok,
gss.cpi,Month-on-month inflation (%),Bono,Information and communication,All sources,2024-05,1.2,ok,
gss.cpi,Month-on-month inflation (%),Bono,Information and communication,All sources,2024-06,0.3,ok,
gss.cpi,Month-on-month inflation (%),Bono,Information and communication,All sources,2024-07,3.8,ok,
gss.cpi,Month-on-month inflation (%),Bono,Information and communication,All sources,2024-08,3.6,ok,
gss.cpi,Month-on-month inflation (%),Bono,Information and communication,All sources,2024-09,0.1,ok,
gss.cpi,Month-on-month inflation (%),Bono,Information and communication,All sources,2024-10,1.7,ok,
gss.cpi,Month-on-month inflation (%),Bono,Information and communication,All sources,2024-11,1.2,ok,
gss.cpi,Month-on-month inflation (%),Bono,Information and communication,All sources,2024-12,2.7,ok,
gss.cpi,Month-on-month inflation (%),Bono,Information and communication,All sources,2025-01,1.4,ok,
gss.cpi,Month-on-month inflation (%),Bono,Information and communication,All sources,2025-02,0.1,ok,
gss.cpi,Month-on-month inflation (%),Bono,Information and communication,All sources,2025-03,0.2,ok,
gss.cpi,Month-on-month inflation (%),Bono,Information and communication,All sources,2025-04,0.2,ok,
gss.cpi,Month-on-month inflation (%),Bono,Information and communication,All sources,2025-05,2.5,ok,
gss.cpi,Month-on-month inflation (%),Bono,Information and communication,All sources,2025-06,2.0,ok,
gss.cpi,Month-on-month inflation (%),Bono,Information and communication,All sources,2025-07,-0.5,ok,
gss.cpi,Month-on-month inflation (%),Bono,Information and communication,All sources,2025-08,-2.5,ok,
gss.cpi,Month-on-month inflation (%),Bono,Information and communication,All sources,2025-09,1.2,ok,
gss.cpi,Month-on-month inflation (%),Bono,Information and communication,All sources,2025-10,1.3,ok,
gss.cpi,Month-on-month inflation (%),Bono,Information and communication,All sources,2025-11,0.1,ok,
gss.cpi,Month-on-month inflation (%),Bono,Information and communication,All sources,2025-12,0.1,ok,
gss.cpi,Month-on-month inflation (%),Bono,Information and communication,All sources,2026-01,0.1,ok,
gss.cpi,Month-on-month inflation (%),Bono,Insurance and financial services,All sources,2021-02,0.0,ok,
gss.cpi,Month-on-month inflation (%),Bono,Insurance and financial services,All sources,2021-03,0.0,ok,
gss.cpi,Month-on-month inflation (%),Bono,Insurance and financial services,All sources,2021-04,0.0,ok,
gss.cpi,Month-on-month inflation (%),Bono,Insurance and financial services,All sources,2021-05,0.0,ok,
gss.cpi,Month-on-month inflation (%),Bono,Insurance and financial services,All sources,2021-06,0.0,ok,
gss.cpi,Month-on-month inflation (%),Bono,Insurance and financial services,All sources,2021-07,0.0,ok,
gss.cpi,Month-on-month inflation (%),Bono,Insurance and financial services,All sources,2021-08,0.0,ok,
gss.cpi,Month-on-month inflation (%),Bono,Insurance and financial services,All sources,2021-09,0.0,ok,
gss.cpi,Month-on-month inflation (%),Bono,Insurance and financial services,All sources,2021-10,0.0,ok,
gss.cpi,Month-on-month inflation (%),Bono,Insurance and financial services,All sources,2021-11,0.0,ok,
gss.cpi,Month-on-month inflation (%),Bono,Insurance and financial services,All sources,2021-12,0.0,ok,
gss.cpi,Month-on-month inflation (%),Bono,Insurance and financial services,All sources,2022-01,0.4,ok,
gss.cpi,Month-on-month inflation (%),Bono,Insurance and financial services,All sources,2022-02,0.0,ok,
gss.cpi,Month-on-month inflation (%),Bono,Insurance and financial services,All sources,2022-03,0.0,ok,
gss.cpi,Month-on-month inflation (%),Bono,Insurance and financial services,All sources,2022-04,0.0,ok,
gss.cpi,Month-on-month inflation (%),Bono,Insurance and financial services,All sources,2022-05,-2.0,ok,
gss.cpi,Month-on-month inflation (%),Bono,Insurance and financial services,All sources,2022-06,-0.4,ok,
gss.cpi,Month-on-month inflation (%),Bono,Insurance and financial services,All sources,2022-07,0.0,ok,
gss.cpi,Month-on-month inflation (%),Bono,Insurance and financial services,All sources,2022-08,0.0,ok,
gss.cpi,Month-on-month inflation (%),Bono,Insurance and financial services,All sources,2022-09,0.0,ok,
gss.cpi,Month-on-month inflation (%),Bono,Insurance and financial services,All sources,2022-10,0.0,ok,
gss.cpi,Month-on-month inflation (%),Bono,Insurance and financial services,All sources,2022-11,0.0,ok,
gss.cpi,Month-on-month inflation (%),Bono,Insurance and financial services,All sources,2022-12,0.0,ok,
gss.cpi,Month-on-month inflation (%),Bono,Insurance and financial services,All sources,2023-01,0.0,ok,
gss.cpi,Month-on-month inflation (%),Bono,Insurance and financial services,All sources,2023-02,6.0,ok,
gss.cpi,Month-on-month inflation (%),Bono,Insurance and financial services,All sources,2023-03,-1.9,ok,
gss.cpi,Month-on-month inflation (%),Bono,Insurance and financial services,All sources,2023-04,0.8,ok,
gss.cpi,Month-on-month inflation (%),Bono,Insurance and financial services,All sources,2023-05,2.7,ok,
gss.cpi,Month-on-month inflation (%),Bono,Insurance and financial services,All sources,2023-06,1.5,ok,
gss.cpi,Month-on-month inflation (%),Bono,Insurance and financial services,All sources,2023-07,1.4,ok,
gss.cpi,Month-on-month inflation (%),Bono,Insurance and financial services,All sources,2023-08,5.2,ok,
gss.cpi,Month-on-month inflation (%),Bono,Insurance and financial services,All sources,2023-09,0.0,ok,
gss.cpi,Month-on-month inflation (%),Bono,Insurance and financial services,All sources,2023-10,0.6,ok,
gss.cpi,Month-on-month inflation (%),Bono,Insurance and financial services,All sources,2023-11,1.8,ok,
gss.cpi,Month-on-month inflation (%),Bono,Insurance and financial services,All sources,2023-12,0.0,ok,
gss.cpi,Month-on-month inflation (%),Bono,Insurance and financial services,All sources,2024-01,0.0,ok,
gss.cpi,Month-on-month inflation (%),Bono,Insurance and financial services,All sources,2024-02,6.9,ok,
gss.cpi,Month-on-month inflation (%),Bono,Insurance and financial services,All sources,2024-03,0.0,ok,
gss.cpi,Month-on-month inflation (%),Bono,Insurance and financial services,All sources,2024-04,0.0,ok,
gss.cpi,Month-on-month inflation (%),Bono,Insurance and financial services,All sources,2024-05,0.0,ok,
gss.cpi,Month-on-month inflation (%),Bono,Insurance and financial services,All sources,2024-06,0.0,ok,
gss.cpi,Month-on-month inflation (%),Bono,Insurance and financial services,All sources,2024-07,0.0,ok,
gss.cpi,Month-on-month inflation (%),Bono,Insurance and financial services,All sources,2024-08,0.0,ok,
gss.cpi,Month-on-month inflation (%),Bono,Insurance and financial services,All sources,2024-09,0.0,ok,
gss.cpi,Month-on-month inflation (%),Bono,Insurance and financial services,All sources,2024-10,0.0,ok,
gss.cpi,Month-on-month inflation (%),Bono,Insurance and financial services,All sources,2024-11,0.0,ok,
gss.cpi,Month-on-month inflation (%),Bono,Insurance and financial services,All sources,2024-12,0.0,ok,
gss.cpi,Month-on-month inflation (%),Bono,Insurance and financial services,All sources,2025-01,0.0,ok,
gss.cpi,Month-on-month inflation (%),Bono,Insurance and financial services,All sources,2025-02,0.0,ok,
gss.cpi,Month-on-month inflation (%),Bono,Insurance and financial services,All sources,2025-03,0.4,ok,
gss.cpi,Month-on-month inflation (%),Bono,Insurance and financial services,All sources,2025-04,1.7,ok,
gss.cpi,Month-on-month inflation (%),Bono,Insurance and financial services,All sources,2025-05,1.9,ok,
gss.cpi,Month-on-month inflation (%),Bono,Insurance and financial services,All sources,2025-06,0.0,ok,
gss.cpi,Month-on-month inflation (%),Bono,Insurance and financial services,All sources,2025-07,0.0,ok,
gss.cpi,Month-on-month inflation (%),Bono,Insurance and financial services,All sources,2025-08,0.0,ok,
gss.cpi,Month-on-month inflation (%),Bono,Insurance and financial services,All sources,2025-09,0.0,ok,
gss.cpi,Month-on-month inflation (%),Bono,Insurance and financial services,All sources,2025-10,0.0,ok,
gss.cpi,Month-on-month inflation (%),Bono,Insurance and financial services,All sources,2025-11,0.0,ok,
gss.cpi,Month-on-month inflation (%),Bono,Insurance and financial services,All sources,2025-12,0.0,ok,
gss.cpi,Month-on-month inflation (%),Bono,Insurance and financial services,All sources,2026-01,0.0,ok,
gss.cpi,Month-on-month inflation (%),Bono,Non-food,All sources,2021-02,-0.3,warn,mom_consistency
gss.cpi,Month-on-month inflation (%),Bono,Non-food,All sources,2021-03,-0.5,warn,mom_consistency
gss.cpi,Month-on-month inflation (%),Bono,Non-food,All sources,2021-04,-0.1,warn,mom_consistency
gss.cpi,Month-on-month inflation (%),Bono,Non-food,All sources,2021-05,0.4,ok,
gss.cpi,Month-on-month inflation (%),Bono,Non-food,All sources,2021-06,0.5,warn,mom_consistency
gss.cpi,Month-on-month inflation (%),Bono,Non-food,All sources,2021-07,1.3,warn,mom_consistency
gss.cpi,Month-on-month inflation (%),Bono,Non-food,All sources,2021-08,3.0,warn,mom_consistency
gss.cpi,Month-on-month inflation (%),Bono,Non-food,All sources,2021-09,,held,mom_consistency
gss.cpi,Month-on-month inflation (%),Bono,Non-food,All sources,2021-10,-0.1,warn,mom_consistency
gss.cpi,Month-on-month inflation (%),Bono,Non-food,All sources,2021-11,0.8,warn,mom_consistency
gss.cpi,Month-on-month inflation (%),Bono,Non-food,All sources,2021-12,,held,mom_consistency
gss.cpi,Month-on-month inflation (%),Bono,Non-food,All sources,2022-01,0.7,ok,
gss.cpi,Month-on-month inflation (%),Bono,Non-food,All sources,2022-02,,held,mom_consistency
gss.cpi,Month-on-month inflation (%),Bono,Non-food,All sources,2022-03,,held,mom_consistency
gss.cpi,Month-on-month inflation (%),Bono,Non-food,All sources,2022-04,,held,mom_consistency
gss.cpi,Month-on-month inflation (%),Bono,Non-food,All sources,2022-05,,held,mom_consistency
gss.cpi,Month-on-month inflation (%),Bono,Non-food,All sources,2022-06,,held,mom_band;mom_consistency
gss.cpi,Month-on-month inflation (%),Bono,Non-food,All sources,2022-07,,held,mom_band;mom_consistency
gss.cpi,Month-on-month inflation (%),Bono,Non-food,All sources,2022-08,,held,mom_band;mom_consistency
gss.cpi,Month-on-month inflation (%),Bono,Non-food,All sources,2022-09,,held,mom_band;mom_consistency
gss.cpi,Month-on-month inflation (%),Bono,Non-food,All sources,2022-10,,held,mom_band;mom_consistency
gss.cpi,Month-on-month inflation (%),Bono,Non-food,All sources,2022-11,,held,mom_band;mom_consistency
gss.cpi,Month-on-month inflation (%),Bono,Non-food,All sources,2022-12,,held,mom_band;mom_consistency
gss.cpi,Month-on-month inflation (%),Bono,Non-food,All sources,2023-01,,held,mom_band;mom_consistency
gss.cpi,Month-on-month inflation (%),Bono,Non-food,All sources,2023-02,,held,mom_band;mom_consistency
gss.cpi,Month-on-month inflation (%),Bono,Non-food,All sources,2023-03,,held,mom_band;mom_consistency
gss.cpi,Month-on-month inflation (%),Bono,Non-food,All sources,2023-04,,held,mom_band;mom_consistency
gss.cpi,Month-on-month inflation (%),Bono,Non-food,All sources,2023-05,,held,mom_band;mom_consistency
gss.cpi,Month-on-month inflation (%),Bono,Non-food,All sources,2023-06,,held,mom_band;mom_consistency
gss.cpi,Month-on-month inflation (%),Bono,Non-food,All sources,2023-07,,held,mom_band;mom_consistency
gss.cpi,Month-on-month inflation (%),Bono,Non-food,All sources,2023-08,,held,mom_band;mom_consistency
gss.cpi,Month-on-month inflation (%),Bono,Non-food,All sources,2023-09,,held,mom_band;mom_consistency
gss.cpi,Month-on-month inflation (%),Bono,Non-food,All sources,2023-10,,held,mom_band;mom_consistency
gss.cpi,Month-on-month inflation (%),Bono,Non-food,All sources,2023-11,,held,mom_band;mom_consistency
gss.cpi,Month-on-month inflation (%),Bono,Non-food,All sources,2023-12,,held,mom_band;mom_consistency
gss.cpi,Month-on-month inflation (%),Bono,Non-food,All sources,2024-01,,held,mom_band;mom_consistency
gss.cpi,Month-on-month inflation (%),Bono,Non-food,All sources,2024-02,,held,mom_band;mom_consistency
gss.cpi,Month-on-month inflation (%),Bono,Non-food,All sources,2024-03,,held,mom_band;mom_consistency
gss.cpi,Month-on-month inflation (%),Bono,Non-food,All sources,2024-04,,held,mom_band;mom_consistency
gss.cpi,Month-on-month inflation (%),Bono,Non-food,All sources,2024-05,,held,mom_band;mom_consistency
gss.cpi,Month-on-month inflation (%),Bono,Non-food,All sources,2024-06,,held,mom_band;mom_consistency
gss.cpi,Month-on-month inflation (%),Bono,Non-food,All sources,2024-07,,held,mom_band;mom_consistency
gss.cpi,Month-on-month inflation (%),Bono,Non-food,All sources,2024-08,,held,mom_band;mom_consistency
gss.cpi,Month-on-month inflation (%),Bono,Non-food,All sources,2024-09,,held,mom_band;mom_consistency
gss.cpi,Month-on-month inflation (%),Bono,Non-food,All sources,2024-10,,held,mom_band;mom_consistency
gss.cpi,Month-on-month inflation (%),Bono,Non-food,All sources,2024-11,,held,mom_band;mom_consistency
gss.cpi,Month-on-month inflation (%),Bono,Non-food,All sources,2024-12,,held,mom_band;mom_consistency
gss.cpi,Month-on-month inflation (%),Bono,Non-food,All sources,2025-01,,held,mom_band;mom_consistency
gss.cpi,Month-on-month inflation (%),Bono,Non-food,All sources,2025-02,,held,mom_band;mom_consistency
gss.cpi,Month-on-month inflation (%),Bono,Non-food,All sources,2025-03,,held,mom_band;mom_consistency
gss.cpi,Month-on-month inflation (%),Bono,Non-food,All sources,2025-04,,held,mom_band;mom_consistency
gss.cpi,Month-on-month inflation (%),Bono,Non-food,All sources,2025-05,,held,mom_band;mom_consistency
gss.cpi,Month-on-month inflation (%),Bono,Non-food,All sources,2025-06,,held,mom_band;mom_consistency
gss.cpi,Month-on-month inflation (%),Bono,Non-food,All sources,2025-07,,held,mom_band;mom_consistency;regional_nonfood
gss.cpi,Month-on-month inflation (%),Bono,Non-food,All sources,2025-08,,held,mom_band;mom_consistency
gss.cpi,Month-on-month inflation (%),Bono,Non-food,All sources,2025-09,,held,mom_band;mom_consistency
gss.cpi,Month-on-month inflation (%),Bono,Non-food,All sources,2025-10,,held,mom_band;mom_consistency;regional_nonfood
gss.cpi,Month-on-month inflation (%),Bono,Non-food,All sources,2025-11,,held,mom_band;mom_consistency
gss.cpi,Month-on-month inflation (%),Bono,Non-food,All sources,2025-12,,held,mom_band;mom_consistency
gss.cpi,Month-on-month inflation (%),Bono,Non-food,All sources,2026-01,,held,mom_band;mom_consistency
gss.cpi,Month-on-month inflation (%),Bono,"Personal care, social protection and miscellaneous goods and services",All sources,2021-02,0.0,ok,
gss.cpi,Month-on-month inflation (%),Bono,"Personal care, social protection and miscellaneous goods and services",All sources,2021-03,0.0,ok,
gss.cpi,Month-on-month inflation (%),Bono,"Personal care, social protection and miscellaneous goods and services",All sources,2021-04,0.0,ok,
gss.cpi,Month-on-month inflation (%),Bono,"Personal care, social protection and miscellaneous goods and services",All sources,2021-05,0.0,ok,
gss.cpi,Month-on-month inflation (%),Bono,"Personal care, social protection and miscellaneous goods and services",All sources,2021-06,0.2,ok,
gss.cpi,Month-on-month inflation (%),Bono,"Personal care, social protection and miscellaneous goods and services",All sources,2021-07,0.4,ok,
gss.cpi,Month-on-month inflation (%),Bono,"Personal care, social protection and miscellaneous goods and services",All sources,2021-08,3.1,ok,
gss.cpi,Month-on-month inflation (%),Bono,"Personal care, social protection and miscellaneous goods and services",All sources,2021-09,0.1,ok,
gss.cpi,Month-on-month inflation (%),Bono,"Personal care, social protection and miscellaneous goods and services",All sources,2021-10,0.5,ok,
gss.cpi,Month-on-month inflation (%),Bono,"Personal care, social protection and miscellaneous goods and services",All sources,2021-11,0.6,ok,
gss.cpi,Month-on-month inflation (%),Bono,"Personal care, social protection and miscellaneous goods and services",All sources,2021-12,0.7,ok,
gss.cpi,Month-on-month inflation (%),Bono,"Personal care, social protection and miscellaneous goods and services",All sources,2022-01,2.8,ok,
gss.cpi,Month-on-month inflation (%),Bono,"Personal care, social protection and miscellaneous goods and services",All sources,2022-02,5.0,ok,
gss.cpi,Month-on-month inflation (%),Bono,"Personal care, social protection and miscellaneous goods and services",All sources,2022-03,3.6,ok,
gss.cpi,Month-on-month inflation (%),Bono,"Personal care, social protection and miscellaneous goods and services",All sources,2022-04,3.9,ok,
gss.cpi,Month-on-month inflation (%),Bono,"Personal care, social protection and miscellaneous goods and services",All sources,2022-05,3.2,ok,
gss.cpi,Month-on-month inflation (%),Bono,"Personal care, social protection and miscellaneous goods and services",All sources,2022-06,4.4,ok,
gss.cpi,Month-on-month inflation (%),Bono,"Personal care, social protection and miscellaneous goods and services",All sources,2022-07,4.3,ok,
gss.cpi,Month-on-month inflation (%),Bono,"Personal care, social protection and miscellaneous goods and services",All sources,2022-08,2.0,ok,
gss.cpi,Month-on-month inflation (%),Bono,"Personal care, social protection and miscellaneous goods and services",All sources,2022-09,3.6,ok,
gss.cpi,Month-on-month inflation (%),Bono,"Personal care, social protection and miscellaneous goods and services",All sources,2022-10,7.2,ok,
gss.cpi,Month-on-month inflation (%),Bono,"Personal care, social protection and miscellaneous goods and services",All sources,2022-11,10.1,ok,
gss.cpi,Month-on-month inflation (%),Bono,"Personal care, social protection and miscellaneous goods and services",All sources,2022-12,4.8,ok,
gss.cpi,Month-on-month inflation (%),Bono,"Personal care, social protection and miscellaneous goods and services",All sources,2023-01,2.1,ok,
gss.cpi,Month-on-month inflation (%),Bono,"Personal care, social protection and miscellaneous goods and services",All sources,2023-02,2.5,ok,
gss.cpi,Month-on-month inflation (%),Bono,"Personal care, social protection and miscellaneous goods and services",All sources,2023-03,-2.1,ok,
gss.cpi,Month-on-month inflation (%),Bono,"Personal care, social protection and miscellaneous goods and services",All sources,2023-04,1.0,ok,
gss.cpi,Month-on-month inflation (%),Bono,"Personal care, social protection and miscellaneous goods and services",All sources,2023-05,6.1,ok,
gss.cpi,Month-on-month inflation (%),Bono,"Personal care, social protection and miscellaneous goods and services",All sources,2023-06,4.0,ok,
gss.cpi,Month-on-month inflation (%),Bono,"Personal care, social protection and miscellaneous goods and services",All sources,2023-07,5.5,ok,
gss.cpi,Month-on-month inflation (%),Bono,"Personal care, social protection and miscellaneous goods and services",All sources,2023-08,1.5,ok,
gss.cpi,Month-on-month inflation (%),Bono,"Personal care, social protection and miscellaneous goods and services",All sources,2023-09,3.6,ok,
gss.cpi,Month-on-month inflation (%),Bono,"Personal care, social protection and miscellaneous goods and services",All sources,2023-10,0.4,ok,
gss.cpi,Month-on-month inflation (%),Bono,"Personal care, social protection and miscellaneous goods and services",All sources,2023-11,2.1,ok,
gss.cpi,Month-on-month inflation (%),Bono,"Personal care, social protection and miscellaneous goods and services",All sources,2023-12,0.8,ok,
gss.cpi,Month-on-month inflation (%),Bono,"Personal care, social protection and miscellaneous goods and services",All sources,2024-01,0.9,ok,
gss.cpi,Month-on-month inflation (%),Bono,"Personal care, social protection and miscellaneous goods and services",All sources,2024-02,0.5,ok,
gss.cpi,Month-on-month inflation (%),Bono,"Personal care, social protection and miscellaneous goods and services",All sources,2024-03,0.5,ok,
gss.cpi,Month-on-month inflation (%),Bono,"Personal care, social protection and miscellaneous goods and services",All sources,2024-04,0.8,ok,
gss.cpi,Month-on-month inflation (%),Bono,"Personal care, social protection and miscellaneous goods and services",All sources,2024-05,0.8,ok,
gss.cpi,Month-on-month inflation (%),Bono,"Personal care, social protection and miscellaneous goods and services",All sources,2024-06,1.2,ok,
gss.cpi,Month-on-month inflation (%),Bono,"Personal care, social protection and miscellaneous goods and services",All sources,2024-07,2.4,ok,
gss.cpi,Month-on-month inflation (%),Bono,"Personal care, social protection and miscellaneous goods and services",All sources,2024-08,-1.4,ok,
gss.cpi,Month-on-month inflation (%),Bono,"Personal care, social protection and miscellaneous goods and services",All sources,2024-09,1.4,ok,
gss.cpi,Month-on-month inflation (%),Bono,"Personal care, social protection and miscellaneous goods and services",All sources,2024-10,2.3,ok,
gss.cpi,Month-on-month inflation (%),Bono,"Personal care, social protection and miscellaneous goods and services",All sources,2024-11,1.1,ok,
gss.cpi,Month-on-month inflation (%),Bono,"Personal care, social protection and miscellaneous goods and services",All sources,2024-12,0.9,ok,
gss.cpi,Month-on-month inflation (%),Bono,"Personal care, social protection and miscellaneous goods and services",All sources,2025-01,0.9,ok,
gss.cpi,Month-on-month inflation (%),Bono,"Personal care, social protection and miscellaneous goods and services",All sources,2025-02,0.2,ok,
gss.cpi,Month-on-month inflation (%),Bono,"Personal care, social protection and miscellaneous goods and services",All sources,2025-03,1.0,ok,
gss.cpi,Month-on-month inflation (%),Bono,"Personal care, social protection and miscellaneous goods and services",All sources,2025-04,1.0,ok,
gss.cpi,Month-on-month inflation (%),Bono,"Personal care, social protection and miscellaneous goods and services",All sources,2025-05,0.7,ok,
gss.cpi,Month-on-month inflation (%),Bono,"Personal care, social protection and miscellaneous goods and services",All sources,2025-06,-4.4,ok,
gss.cpi,Month-on-month inflation (%),Bono,"Personal care, social protection and miscellaneous goods and services",All sources,2025-07,1.4,ok,
gss.cpi,Month-on-month inflation (%),Bono,"Personal care, social protection and miscellaneous goods and services",All sources,2025-08,-0.7,ok,
gss.cpi,Month-on-month inflation (%),Bono,"Personal care, social protection and miscellaneous goods and services",All sources,2025-09,-1.4,ok,
gss.cpi,Month-on-month inflation (%),Bono,"Personal care, social protection and miscellaneous goods and services",All sources,2025-10,2.1,ok,
gss.cpi,Month-on-month inflation (%),Bono,"Personal care, social protection and miscellaneous goods and services",All sources,2025-11,0.3,ok,
gss.cpi,Month-on-month inflation (%),Bono,"Personal care, social protection and miscellaneous goods and services",All sources,2025-12,0.7,ok,
gss.cpi,Month-on-month inflation (%),Bono,"Personal care, social protection and miscellaneous goods and services",All sources,2026-01,0.1,ok,
gss.cpi,Month-on-month inflation (%),Bono,"Recreation, sport and culture",All sources,2021-02,0.0,ok,
gss.cpi,Month-on-month inflation (%),Bono,"Recreation, sport and culture",All sources,2021-03,0.0,ok,
gss.cpi,Month-on-month inflation (%),Bono,"Recreation, sport and culture",All sources,2021-04,0.0,ok,
gss.cpi,Month-on-month inflation (%),Bono,"Recreation, sport and culture",All sources,2021-05,0.0,ok,
gss.cpi,Month-on-month inflation (%),Bono,"Recreation, sport and culture",All sources,2021-06,0.0,ok,
gss.cpi,Month-on-month inflation (%),Bono,"Recreation, sport and culture",All sources,2021-07,0.1,ok,
gss.cpi,Month-on-month inflation (%),Bono,"Recreation, sport and culture",All sources,2021-08,0.7,ok,
gss.cpi,Month-on-month inflation (%),Bono,"Recreation, sport and culture",All sources,2021-09,0.0,ok,
gss.cpi,Month-on-month inflation (%),Bono,"Recreation, sport and culture",All sources,2021-10,0.0,ok,
gss.cpi,Month-on-month inflation (%),Bono,"Recreation, sport and culture",All sources,2021-11,0.0,ok,
gss.cpi,Month-on-month inflation (%),Bono,"Recreation, sport and culture",All sources,2021-12,0.0,ok,
gss.cpi,Month-on-month inflation (%),Bono,"Recreation, sport and culture",All sources,2022-01,0.0,ok,
gss.cpi,Month-on-month inflation (%),Bono,"Recreation, sport and culture",All sources,2022-02,3.5,ok,
gss.cpi,Month-on-month inflation (%),Bono,"Recreation, sport and culture",All sources,2022-03,7.8,ok,
gss.cpi,Month-on-month inflation (%),Bono,"Recreation, sport and culture",All sources,2022-04,3.1,ok,
gss.cpi,Month-on-month inflation (%),Bono,"Recreation, sport and culture",All sources,2022-05,2.3,ok,
gss.cpi,Month-on-month inflation (%),Bono,"Recreation, sport and culture",All sources,2022-06,7.7,ok,
gss.cpi,Month-on-month inflation (%),Bono,"Recreation, sport and culture",All sources,2022-07,4.7,ok,
gss.cpi,Month-on-month inflation (%),Bono,"Recreation, sport and culture",All sources,2022-08,2.4,ok,
gss.cpi,Month-on-month inflation (%),Bono,"Recreation, sport and culture",All sources,2022-09,3.8,ok,
gss.cpi,Month-on-month inflation (%),Bono,"Recreation, sport and culture",All sources,2022-10,7.8,ok,
gss.cpi,Month-on-month inflation (%),Bono,"Recreation, sport and culture",All sources,2022-11,12.7,ok,
gss.cpi,Month-on-month inflation (%),Bono,"Recreation, sport and culture",All sources,2022-12,1.8,ok,
gss.cpi,Month-on-month inflation (%),Bono,"Recreation, sport and culture",All sources,2023-01,4.2,ok,
gss.cpi,Month-on-month inflation (%),Bono,"Recreation, sport and culture",All sources,2023-02,2.2,ok,
gss.cpi,Month-on-month inflation (%),Bono,"Recreation, sport and culture",All sources,2023-03,-3.1,ok,
gss.cpi,Month-on-month inflation (%),Bono,"Recreation, sport and culture",All sources,2023-04,0.1,ok,
gss.cpi,Month-on-month inflation (%),Bono,"Recreation, sport and culture",All sources,2023-05,6.0,ok,
gss.cpi,Month-on-month inflation (%),Bono,"Recreation, sport and culture",All sources,2023-06,3.9,ok,
gss.cpi,Month-on-month inflation (%),Bono,"Recreation, sport and culture",All sources,2023-07,7.8,ok,
gss.cpi,Month-on-month inflation (%),Bono,"Recreation, sport and culture",All sources,2023-08,2.2,ok,
gss.cpi,Month-on-month inflation (%),Bono,"Recreation, sport and culture",All sources,2023-09,0.4,ok,
gss.cpi,Month-on-month inflation (%),Bono,"Recreation, sport and culture",All sources,2023-10,0.0,ok,
gss.cpi,Month-on-month inflation (%),Bono,"Recreation, sport and culture",All sources,2023-11,0.3,ok,
gss.cpi,Month-on-month inflation (%),Bono,"Recreation, sport and culture",All sources,2023-12,-0.2,ok,
gss.cpi,Month-on-month inflation (%),Bono,"Recreation, sport and culture",All sources,2024-01,-0.4,ok,
gss.cpi,Month-on-month inflation (%),Bono,"Recreation, sport and culture",All sources,2024-02,0.2,ok,
gss.cpi,Month-on-month inflation (%),Bono,"Recreation, sport and culture",All sources,2024-03,0.0,ok,
gss.cpi,Month-on-month inflation (%),Bono,"Recreation, sport and culture",All sources,2024-04,0.3,ok,
gss.cpi,Month-on-month inflation (%),Bono,"Recreation, sport and culture",All sources,2024-05,3.4,ok,
gss.cpi,Month-on-month inflation (%),Bono,"Recreation, sport and culture",All sources,2024-06,2.9,ok,
gss.cpi,Month-on-month inflation (%),Bono,"Recreation, sport and culture",All sources,2024-07,-1.9,ok,
gss.cpi,Month-on-month inflation (%),Bono,"Recreation, sport and culture",All sources,2024-08,2.9,ok,
gss.cpi,Month-on-month inflation (%),Bono,"Recreation, sport and culture",All sources,2024-09,0.2,ok,
gss.cpi,Month-on-month inflation (%),Bono,"Recreation, sport and culture",All sources,2024-10,1.1,ok,
gss.cpi,Month-on-month inflation (%),Bono,"Recreation, sport and culture",All sources,2024-11,-0.1,ok,
gss.cpi,Month-on-month inflation (%),Bono,"Recreation, sport and culture",All sources,2024-12,0.5,ok,
gss.cpi,Month-on-month inflation (%),Bono,"Recreation, sport and culture",All sources,2025-01,0.4,ok,
gss.cpi,Month-on-month inflation (%),Bono,"Recreation, sport and culture",All sources,2025-02,0.9,ok,
gss.cpi,Month-on-month inflation (%),Bono,"Recreation, sport and culture",All sources,2025-03,0.7,ok,
gss.cpi,Month-on-month inflation (%),Bono,"Recreation, sport and culture",All sources,2025-04,0.9,ok,
gss.cpi,Month-on-month inflation (%),Bono,"Recreation, sport and culture",All sources,2025-05,0.4,ok,
gss.cpi,Month-on-month inflation (%),Bono,"Recreation, sport and culture",All sources,2025-06,-0.1,ok,
gss.cpi,Month-on-month inflation (%),Bono,"Recreation, sport and culture",All sources,2025-07,0.2,ok,
gss.cpi,Month-on-month inflation (%),Bono,"Recreation, sport and culture",All sources,2025-08,0.0,ok,
gss.cpi,Month-on-month inflation (%),Bono,"Recreation, sport and culture",All sources,2025-09,-2.9,ok,
gss.cpi,Month-on-month inflation (%),Bono,"Recreation, sport and culture",All sources,2025-10,1.3,ok,
gss.cpi,Month-on-month inflation (%),Bono,"Recreation, sport and culture",All sources,2025-11,0.2,ok,
gss.cpi,Month-on-month inflation (%),Bono,"Recreation, sport and culture",All sources,2025-12,0.0,ok,
gss.cpi,Month-on-month inflation (%),Bono,"Recreation, sport and culture",All sources,2026-01,1.0,ok,
gss.cpi,Month-on-month inflation (%),Bono,Restaurants and accommodation services,All sources,2021-02,0.0,ok,
gss.cpi,Month-on-month inflation (%),Bono,Restaurants and accommodation services,All sources,2021-03,0.0,ok,
gss.cpi,Month-on-month inflation (%),Bono,Restaurants and accommodation services,All sources,2021-04,0.0,ok,
gss.cpi,Month-on-month inflation (%),Bono,Restaurants and accommodation services,All sources,2021-05,0.0,ok,
gss.cpi,Month-on-month inflation (%),Bono,Restaurants and accommodation services,All sources,2021-06,0.0,ok,
gss.cpi,Month-on-month inflation (%),Bono,Restaurants and accommodation services,All sources,2021-07,0.0,ok,
gss.cpi,Month-on-month inflation (%),Bono,Restaurants and accommodation services,All sources,2021-08,0.0,ok,
gss.cpi,Month-on-month inflation (%),Bono,Restaurants and accommodation services,All sources,2021-09,0.0,ok,
gss.cpi,Month-on-month inflation (%),Bono,Restaurants and accommodation services,All sources,2021-10,0.0,ok,
gss.cpi,Month-on-month inflation (%),Bono,Restaurants and accommodation services,All sources,2021-11,0.0,ok,
gss.cpi,Month-on-month inflation (%),Bono,Restaurants and accommodation services,All sources,2021-12,0.0,ok,
gss.cpi,Month-on-month inflation (%),Bono,Restaurants and accommodation services,All sources,2022-01,0.0,ok,
gss.cpi,Month-on-month inflation (%),Bono,Restaurants and accommodation services,All sources,2022-02,0.0,ok,
gss.cpi,Month-on-month inflation (%),Bono,Restaurants and accommodation services,All sources,2022-03,0.0,ok,
gss.cpi,Month-on-month inflation (%),Bono,Restaurants and accommodation services,All sources,2022-04,0.0,ok,
gss.cpi,Month-on-month inflation (%),Bono,Restaurants and accommodation services,All sources,2022-05,0.0,ok,
gss.cpi,Month-on-month inflation (%),Bono,Restaurants and accommodation services,All sources,2022-06,0.0,ok,
gss.cpi,Month-on-month inflation (%),Bono,Restaurants and accommodation services,All sources,2022-07,0.0,ok,
gss.cpi,Month-on-month inflation (%),Bono,Restaurants and accommodation services,All sources,2022-08,0.0,ok,
gss.cpi,Month-on-month inflation (%),Bono,Restaurants and accommodation services,All sources,2022-09,0.0,ok,
gss.cpi,Month-on-month inflation (%),Bono,Restaurants and accommodation services,All sources,2022-10,0.0,ok,
gss.cpi,Month-on-month inflation (%),Bono,Restaurants and accommodation services,All sources,2022-11,0.0,ok,
gss.cpi,Month-on-month inflation (%),Bono,Restaurants and accommodation services,All sources,2022-12,0.0,ok,
gss.cpi,Month-on-month inflation (%),Bono,Restaurants and accommodation services,All sources,2023-01,0.0,ok,
gss.cpi,Month-on-month inflation (%),Bono,Restaurants and accommodation services,All sources,2023-02,23.2,warn,mom_band
gss.cpi,Month-on-month inflation (%),Bono,Restaurants and accommodation services,All sources,2023-03,0.0,ok,
gss.cpi,Month-on-month inflation (%),Bono,Restaurants and accommodation services,All sources,2023-04,0.0,ok,
gss.cpi,Month-on-month inflation (%),Bono,Restaurants and accommodation services,All sources,2023-05,0.0,ok,
gss.cpi,Month-on-month inflation (%),Bono,Restaurants and accommodation services,All sources,2023-06,-0.8,ok,
gss.cpi,Month-on-month inflation (%),Bono,Restaurants and accommodation services,All sources,2023-07,0.0,ok,
gss.cpi,Month-on-month inflation (%),Bono,Restaurants and accommodation services,All sources,2023-08,14.6,ok,
gss.cpi,Month-on-month inflation (%),Bono,Restaurants and accommodation services,All sources,2023-09,9.4,ok,
gss.cpi,Month-on-month inflation (%),Bono,Restaurants and accommodation services,All sources,2023-10,0.0,ok,
gss.cpi,Month-on-month inflation (%),Bono,Restaurants and accommodation services,All sources,2023-11,0.0,ok,
gss.cpi,Month-on-month inflation (%),Bono,Restaurants and accommodation services,All sources,2023-12,22.1,warn,mom_band
gss.cpi,Month-on-month inflation (%),Bono,Restaurants and accommodation services,All sources,2024-01,15.3,warn,mom_band
gss.cpi,Month-on-month inflation (%),Bono,Restaurants and accommodation services,All sources,2024-02,0.0,ok,
gss.cpi,Month-on-month inflation (%),Bono,Restaurants and accommodation services,All sources,2024-03,4.7,ok,
gss.cpi,Month-on-month inflation (%),Bono,Restaurants and accommodation services,All sources,2024-04,0.0,ok,
gss.cpi,Month-on-month inflation (%),Bono,Restaurants and accommodation services,All sources,2024-05,5.7,ok,
gss.cpi,Month-on-month inflation (%),Bono,Restaurants and accommodation services,All sources,2024-06,0.0,ok,
gss.cpi,Month-on-month inflation (%),Bono,Restaurants and accommodation services,All sources,2024-07,4.7,ok,
gss.cpi,Month-on-month inflation (%),Bono,Restaurants and accommodation services,All sources,2024-08,7.5,ok,
gss.cpi,Month-on-month inflation (%),Bono,Restaurants and accommodation services,All sources,2024-09,0.0,ok,
gss.cpi,Month-on-month inflation (%),Bono,Restaurants and accommodation services,All sources,2024-10,0.0,ok,
gss.cpi,Month-on-month inflation (%),Bono,Restaurants and accommodation services,All sources,2024-11,0.0,ok,
gss.cpi,Month-on-month inflation (%),Bono,Restaurants and accommodation services,All sources,2024-12,0.0,ok,
gss.cpi,Month-on-month inflation (%),Bono,Restaurants and accommodation services,All sources,2025-01,0.0,ok,
gss.cpi,Month-on-month inflation (%),Bono,Restaurants and accommodation services,All sources,2025-02,0.0,ok,
gss.cpi,Month-on-month inflation (%),Bono,Restaurants and accommodation services,All sources,2025-03,0.0,ok,
gss.cpi,Month-on-month inflation (%),Bono,Restaurants and accommodation services,All sources,2025-04,0.0,ok,
gss.cpi,Month-on-month inflation (%),Bono,Restaurants and accommodation services,All sources,2025-05,0.0,ok,
gss.cpi,Month-on-month inflation (%),Bono,Restaurants and accommodation services,All sources,2025-06,0.0,ok,
gss.cpi,Month-on-month inflation (%),Bono,Restaurants and accommodation services,All sources,2025-07,0.0,ok,
gss.cpi,Month-on-month inflation (%),Bono,Restaurants and accommodation services,All sources,2025-08,0.2,ok,
gss.cpi,Month-on-month inflation (%),Bono,Restaurants and accommodation services,All sources,2025-09,-0.2,ok,
gss.cpi,Month-on-month inflation (%),Bono,Restaurants and accommodation services,All sources,2025-10,5.7,ok,
gss.cpi,Month-on-month inflation (%),Bono,Restaurants and accommodation services,All sources,2025-11,0.0,ok,
gss.cpi,Month-on-month inflation (%),Bono,Restaurants and accommodation services,All sources,2025-12,0.0,ok,
gss.cpi,Month-on-month inflation (%),Bono,Restaurants and accommodation services,All sources,2026-01,0.0,ok,
gss.cpi,Month-on-month inflation (%),Bono,Transport,All sources,2021-02,0.7,ok,
gss.cpi,Month-on-month inflation (%),Bono,Transport,All sources,2021-03,1.3,ok,
gss.cpi,Month-on-month inflation (%),Bono,Transport,All sources,2021-04,-0.1,ok,
gss.cpi,Month-on-month inflation (%),Bono,Transport,All sources,2021-05,1.9,ok,
gss.cpi,Month-on-month inflation (%),Bono,Transport,All sources,2021-06,0.6,ok,
gss.cpi,Month-on-month inflation (%),Bono,Transport,All sources,2021-07,0.7,ok,
gss.cpi,Month-on-month inflation (%),Bono,Transport,All sources,2021-08,5.1,ok,
gss.cpi,Month-on-month inflation (%),Bono,Transport,All sources,2021-09,0.3,ok,
gss.cpi,Month-on-month inflation (%),Bono,Transport,All sources,2021-10,1.4,ok,
gss.cpi,Month-on-month inflation (%),Bono,Transport,All sources,2021-11,0.8,ok,
gss.cpi,Month-on-month inflation (%),Bono,Transport,All sources,2021-12,-0.3,ok,
gss.cpi,Month-on-month inflation (%),Bono,Transport,All sources,2022-01,0.8,ok,
gss.cpi,Month-on-month inflation (%),Bono,Transport,All sources,2022-02,2.6,ok,
gss.cpi,Month-on-month inflation (%),Bono,Transport,All sources,2022-03,5.7,ok,
gss.cpi,Month-on-month inflation (%),Bono,Transport,All sources,2022-04,9.9,ok,
gss.cpi,Month-on-month inflation (%),Bono,Transport,All sources,2022-05,11.1,ok,
gss.cpi,Month-on-month inflation (%),Bono,Transport,All sources,2022-06,0.9,ok,
gss.cpi,Month-on-month inflation (%),Bono,Transport,All sources,2022-07,6.2,ok,
gss.cpi,Month-on-month inflation (%),Bono,Transport,All sources,2022-08,-1.9,ok,
gss.cpi,Month-on-month inflation (%),Bono,Transport,All sources,2022-09,3.4,ok,
gss.cpi,Month-on-month inflation (%),Bono,Transport,All sources,2022-10,2.9,ok,
gss.cpi,Month-on-month inflation (%),Bono,Transport,All sources,2022-11,13.4,ok,
gss.cpi,Month-on-month inflation (%),Bono,Transport,All sources,2022-12,10.2,ok,
gss.cpi,Month-on-month inflation (%),Bono,Transport,All sources,2023-01,0.5,ok,
gss.cpi,Month-on-month inflation (%),Bono,Transport,All sources,2023-02,3.6,ok,
gss.cpi,Month-on-month inflation (%),Bono,Transport,All sources,2023-03,-4.1,ok,
gss.cpi,Month-on-month inflation (%),Bono,Transport,All sources,2023-04,-1.4,ok,
gss.cpi,Month-on-month inflation (%),Bono,Transport,All sources,2023-05,-0.5,ok,
gss.cpi,Month-on-month inflation (%),Bono,Transport,All sources,2023-06,-0.2,ok,
gss.cpi,Month-on-month inflation (%),Bono,Transport,All sources,2023-07,0.8,ok,
gss.cpi,Month-on-month inflation (%),Bono,Transport,All sources,2023-08,0.7,ok,
gss.cpi,Month-on-month inflation (%),Bono,Transport,All sources,2023-09,2.1,ok,
gss.cpi,Month-on-month inflation (%),Bono,Transport,All sources,2023-10,0.0,ok,
gss.cpi,Month-on-month inflation (%),Bono,Transport,All sources,2023-11,-0.4,ok,
gss.cpi,Month-on-month inflation (%),Bono,Transport,All sources,2023-12,3.4,ok,
gss.cpi,Month-on-month inflation (%),Bono,Transport,All sources,2024-01,-0.5,ok,
gss.cpi,Month-on-month inflation (%),Bono,Transport,All sources,2024-02,0.0,ok,
gss.cpi,Month-on-month inflation (%),Bono,Transport,All sources,2024-03,1.4,ok,
gss.cpi,Month-on-month inflation (%),Bono,Transport,All sources,2024-04,3.8,ok,
gss.cpi,Month-on-month inflation (%),Bono,Transport,All sources,2024-05,-1.2,ok,
gss.cpi,Month-on-month inflation (%),Bono,Transport,All sources,2024-06,0.4,ok,
gss.cpi,Month-on-month inflation (%),Bono,Transport,All sources,2024-07,0.6,ok,
gss.cpi,Month-on-month inflation (%),Bono,Transport,All sources,2024-08,-4.1,ok,
gss.cpi,Month-on-month inflation (%),Bono,Transport,All sources,2024-09,1.0,ok,
gss.cpi,Month-on-month inflation (%),Bono,Transport,All sources,2024-10,1.1,ok,
gss.cpi,Month-on-month inflation (%),Bono,Transport,All sources,2024-11,2.2,ok,
gss.cpi,Month-on-month inflation (%),Bono,Transport,All sources,2024-12,0.6,ok,
gss.cpi,Month-on-month inflation (%),Bono,Transport,All sources,2025-01,1.1,ok,
gss.cpi,Month-on-month inflation (%),Bono,Transport,All sources,2025-02,0.6,ok,
gss.cpi,Month-on-month inflation (%),Bono,Transport,All sources,2025-03,0.2,ok,
gss.cpi,Month-on-month inflation (%),Bono,Transport,All sources,2025-04,-1.6,ok,
gss.cpi,Month-on-month inflation (%),Bono,Transport,All sources,2025-05,-1.8,ok,
gss.cpi,Month-on-month inflation (%),Bono,Transport,All sources,2025-06,-4.5,ok,
gss.cpi,Month-on-month inflation (%),Bono,Transport,All sources,2025-07,-0.8,ok,
gss.cpi,Month-on-month inflation (%),Bono,Transport,All sources,2025-08,2.7,ok,
gss.cpi,Month-on-month inflation (%),Bono,Transport,All sources,2025-09,1.7,ok,
gss.cpi,Month-on-month inflation (%),Bono,Transport,All sources,2025-10,0.0,ok,
gss.cpi,Month-on-month inflation (%),Bono,Transport,All sources,2025-11,0.0,ok,
gss.cpi,Month-on-month inflation (%),Bono,Transport,All sources,2025-12,-2.4,ok,
gss.cpi,Month-on-month inflation (%),Bono,Transport,All sources,2026-01,-1.7,ok,
gss.cpi,Year-on-year inflation (%),Bono,"Alcoholic beverages, tobacco and narcotics",All sources,2022-01,11.3,ok,
gss.cpi,Year-on-year inflation (%),Bono,"Alcoholic beverages, tobacco and narcotics",All sources,2022-02,11.1,ok,
gss.cpi,Year-on-year inflation (%),Bono,"Alcoholic beverages, tobacco and narcotics",All sources,2022-03,12.1,ok,
gss.cpi,Year-on-year inflation (%),Bono,"Alcoholic beverages, tobacco and narcotics",All sources,2022-04,15.3,ok,
gss.cpi,Year-on-year inflation (%),Bono,"Alcoholic beverages, tobacco and narcotics",All sources,2022-05,15.4,ok,
gss.cpi,Year-on-year inflation (%),Bono,"Alcoholic beverages, tobacco and narcotics",All sources,2022-06,16.1,ok,
gss.cpi,Year-on-year inflation (%),Bono,"Alcoholic beverages, tobacco and narcotics",All sources,2022-07,15.9,ok,
gss.cpi,Year-on-year inflation (%),Bono,"Alcoholic beverages, tobacco and narcotics",All sources,2022-08,15.5,ok,
gss.cpi,Year-on-year inflation (%),Bono,"Alcoholic beverages, tobacco and narcotics",All sources,2022-09,15.4,ok,
gss.cpi,Year-on-year inflation (%),Bono,"Alcoholic beverages, tobacco and narcotics",All sources,2022-10,24.6,ok,
gss.cpi,Year-on-year inflation (%),Bono,"Alcoholic beverages, tobacco and narcotics",All sources,2022-11,35.8,ok,
gss.cpi,Year-on-year inflation (%),Bono,"Alcoholic beverages, tobacco and narcotics",All sources,2022-12,37.5,ok,
gss.cpi,Year-on-year inflation (%),Bono,"Alcoholic beverages, tobacco and narcotics",All sources,2023-01,41.1,ok,
gss.cpi,Year-on-year inflation (%),Bono,"Alcoholic beverages, tobacco and narcotics",All sources,2023-02,41.0,ok,
gss.cpi,Year-on-year inflation (%),Bono,"Alcoholic beverages, tobacco and narcotics",All sources,2023-03,39.7,ok,
gss.cpi,Year-on-year inflation (%),Bono,"Alcoholic beverages, tobacco and narcotics",All sources,2023-04,35.9,ok,
gss.cpi,Year-on-year inflation (%),Bono,"Alcoholic beverages, tobacco and narcotics",All sources,2023-05,38.7,ok,
gss.cpi,Year-on-year inflation (%),Bono,"Alcoholic beverages, tobacco and narcotics",All sources,2023-06,41.6,ok,
gss.cpi,Year-on-year inflation (%),Bono,"Alcoholic beverages, tobacco and narcotics",All sources,2023-07,42.7,ok,
gss.cpi,Year-on-year inflation (%),Bono,"Alcoholic beverages, tobacco and narcotics",All sources,2023-08,40.3,ok,
gss.cpi,Year-on-year inflation (%),Bono,"Alcoholic beverages, tobacco and narcotics",All sources,2023-09,40.4,ok,
gss.cpi,Year-on-year inflation (%),Bono,"Alcoholic beverages, tobacco and narcotics",All sources,2023-10,25.1,ok,
gss.cpi,Year-on-year inflation (%),Bono,"Alcoholic beverages, tobacco and narcotics",All sources,2023-11,14.7,ok,
gss.cpi,Year-on-year inflation (%),Bono,"Alcoholic beverages, tobacco and narcotics",All sources,2023-12,16.6,ok,
gss.cpi,Year-on-year inflation (%),Bono,"Alcoholic beverages, tobacco and narcotics",All sources,2024-01,20.3,ok,
gss.cpi,Year-on-year inflation (%),Bono,"Alcoholic beverages, tobacco and narcotics",All sources,2024-02,25.0,ok,
gss.cpi,Year-on-year inflation (%),Bono,"Alcoholic beverages, tobacco and narcotics",All sources,2024-03,27.4,ok,
gss.cpi,Year-on-year inflation (%),Bono,"Alcoholic beverages, tobacco and narcotics",All sources,2024-04,39.0,ok,
gss.cpi,Year-on-year inflation (%),Bono,"Alcoholic beverages, tobacco and narcotics",All sources,2024-05,48.5,ok,
gss.cpi,Year-on-year inflation (%),Bono,"Alcoholic beverages, tobacco and narcotics",All sources,2024-06,46.2,ok,
gss.cpi,Year-on-year inflation (%),Bono,"Alcoholic beverages, tobacco and narcotics",All sources,2024-07,57.2,ok,
gss.cpi,Year-on-year inflation (%),Bono,"Alcoholic beverages, tobacco and narcotics",All sources,2024-08,54.6,ok,
gss.cpi,Year-on-year inflation (%),Bono,"Alcoholic beverages, tobacco and narcotics",All sources,2024-09,56.0,ok,
gss.cpi,Year-on-year inflation (%),Bono,"Alcoholic beverages, tobacco and narcotics",All sources,2024-10,60.4,ok,
gss.cpi,Year-on-year inflation (%),Bono,"Alcoholic beverages, tobacco and narcotics",All sources,2024-11,75.7,ok,
gss.cpi,Year-on-year inflation (%),Bono,"Alcoholic beverages, tobacco and narcotics",All sources,2024-12,69.5,ok,
gss.cpi,Year-on-year inflation (%),Bono,"Alcoholic beverages, tobacco and narcotics",All sources,2025-01,62.6,ok,
gss.cpi,Year-on-year inflation (%),Bono,"Alcoholic beverages, tobacco and narcotics",All sources,2025-02,56.4,ok,
gss.cpi,Year-on-year inflation (%),Bono,"Alcoholic beverages, tobacco and narcotics",All sources,2025-03,54.4,ok,
gss.cpi,Year-on-year inflation (%),Bono,"Alcoholic beverages, tobacco and narcotics",All sources,2025-04,43.1,ok,
gss.cpi,Year-on-year inflation (%),Bono,"Alcoholic beverages, tobacco and narcotics",All sources,2025-05,34.5,ok,
gss.cpi,Year-on-year inflation (%),Bono,"Alcoholic beverages, tobacco and narcotics",All sources,2025-06,27.1,ok,
gss.cpi,Year-on-year inflation (%),Bono,"Alcoholic beverages, tobacco and narcotics",All sources,2025-07,20.3,ok,
gss.cpi,Year-on-year inflation (%),Bono,"Alcoholic beverages, tobacco and narcotics",All sources,2025-08,19.7,ok,
gss.cpi,Year-on-year inflation (%),Bono,"Alcoholic beverages, tobacco and narcotics",All sources,2025-09,15.2,ok,
gss.cpi,Year-on-year inflation (%),Bono,"Alcoholic beverages, tobacco and narcotics",All sources,2025-10,20.9,ok,
gss.cpi,Year-on-year inflation (%),Bono,"Alcoholic beverages, tobacco and narcotics",All sources,2025-11,15.7,ok,
gss.cpi,Year-on-year inflation (%),Bono,"Alcoholic beverages, tobacco and narcotics",All sources,2025-12,17.5,ok,
gss.cpi,Year-on-year inflation (%),Bono,"Alcoholic beverages, tobacco and narcotics",All sources,2026-01,15.3,ok,
gss.cpi,Year-on-year inflation (%),Bono,All products,All sources,2022-01,7.4,ok,
gss.cpi,Year-on-year inflation (%),Bono,All products,All sources,2022-02,10.8,ok,
gss.cpi,Year-on-year inflation (%),Bono,All products,All sources,2022-03,15.0,ok,
gss.cpi,Year-on-year inflation (%),Bono,All products,All sources,2022-04,20.2,ok,
gss.cpi,Year-on-year inflation (%),Bono,All products,All sources,2022-05,27.6,ok,
gss.cpi,Year-on-year inflation (%),Bono,All products,All sources,2022-06,30.5,ok,
gss.cpi,Year-on-year inflation (%),Bono,All products,All sources,2022-07,33.7,ok,
gss.cpi,Year-on-year inflation (%),Bono,All products,All sources,2022-08,32.4,ok,
gss.cpi,Year-on-year inflation (%),Bono,All products,All sources,2022-09,35.2,ok,
gss.cpi,Year-on-year inflation (%),Bono,All products,All sources,2022-10,42.4,ok,
gss.cpi,Year-on-year inflation (%),Bono,All products,All sources,2022-11,53.6,ok,
gss.cpi,Year-on-year inflation (%),Bono,All products,All sources,2022-12,60.3,ok,
gss.cpi,Year-on-year inflation (%),Bono,All products,All sources,2023-01,59.6,ok,
gss.cpi,Year-on-year inflation (%),Bono,All products,All sources,2023-02,59.7,ok,
gss.cpi,Year-on-year inflation (%),Bono,All products,All sources,2023-03,51.3,ok,
gss.cpi,Year-on-year inflation (%),Bono,All products,All sources,2023-04,49.9,ok,
gss.cpi,Year-on-year inflation (%),Bono,All products,All sources,2023-05,46.6,ok,
gss.cpi,Year-on-year inflation (%),Bono,All products,All sources,2023-06,47.6,ok,
gss.cpi,Year-on-year inflation (%),Bono,All products,All sources,2023-07,48.3,ok,
gss.cpi,Year-on-year inflation (%),Bono,All products,All sources,2023-08,47.1,ok,
gss.cpi,Year-on-year inflation (%),Bono,All products,All sources,2023-09,46.5,ok,
gss.cpi,Year-on-year inflation (%),Bono,All products,All sources,2023-10,39.0,ok,
gss.cpi,Year-on-year inflation (%),Bono,All products,All sources,2023-11,31.3,ok,
gss.cpi,Year-on-year inflation (%),Bono,All products,All sources,2023-12,27.4,ok,
gss.cpi,Year-on-year inflation (%),Bono,All products,All sources,2024-01,26.7,ok,
gss.cpi,Year-on-year inflation (%),Bono,All products,All sources,2024-02,23.0,ok,
gss.cpi,Year-on-year inflation (%),Bono,All products,All sources,2024-03,26.3,ok,
gss.cpi,Year-on-year inflation (%),Bono,All products,All sources,2024-04,23.4,ok,
gss.cpi,Year-on-year inflation (%),Bono,All products,All sources,2024-05,21.7,ok,
gss.cpi,Year-on-year inflation (%),Bono,All products,All sources,2024-06,22.4,ok,
gss.cpi,Year-on-year inflation (%),Bono,All products,All sources,2024-07,19.7,ok,
gss.cpi,Year-on-year inflation (%),Bono,All products,All sources,2024-08,18.6,ok,
gss.cpi,Year-on-year inflation (%),Bono,All products,All sources,2024-09,19.2,ok,
gss.cpi,Year-on-year inflation (%),Bono,All products,All sources,2024-10,20.7,ok,
gss.cpi,Year-on-year inflation (%),Bono,All products,All sources,2024-11,21.4,ok,
gss.cpi,Year-on-year inflation (%),Bono,All products,All sources,2024-12,21.5,ok,
gss.cpi,Year-on-year inflation (%),Bono,All products,All sources,2025-01,22.2,ok,
gss.cpi,Year-on-year inflation (%),Bono,All products,All sources,2025-02,22.8,ok,
gss.cpi,Year-on-year inflation (%),Bono,All products,All sources,2025-03,23.2,ok,
gss.cpi,Year-on-year inflation (%),Bono,All products,All sources,2025-04,24.0,ok,
gss.cpi,Year-on-year inflation (%),Bono,All products,All sources,2025-05,22.4,ok,
gss.cpi,Year-on-year inflation (%),Bono,All products,All sources,2025-06,13.8,ok,
gss.cpi,Year-on-year inflation (%),Bono,All products,All sources,2025-07,13.0,ok,
gss.cpi,Year-on-year inflation (%),Bono,All products,All sources,2025-08,12.2,ok,
gss.cpi,Year-on-year inflation (%),Bono,All products,All sources,2025-09,7.4,ok,
gss.cpi,Year-on-year inflation (%),Bono,All products,All sources,2025-10,7.2,ok,
gss.cpi,Year-on-year inflation (%),Bono,All products,All sources,2025-11,5.7,ok,
gss.cpi,Year-on-year inflation (%),Bono,All products,All sources,2025-12,4.1,ok,
gss.cpi,Year-on-year inflation (%),Bono,All products,All sources,2026-01,3.1,ok,
gss.cpi,Year-on-year inflation (%),Bono,Clothing and footwear,All sources,2022-01,4.3,ok,
gss.cpi,Year-on-year inflation (%),Bono,Clothing and footwear,All sources,2022-02,5.3,ok,
gss.cpi,Year-on-year inflation (%),Bono,Clothing and footwear,All sources,2022-03,7.4,ok,
gss.cpi,Year-on-year inflation (%),Bono,Clothing and footwear,All sources,2022-04,8.7,ok,
gss.cpi,Year-on-year inflation (%),Bono,Clothing and footwear,All sources,2022-05,15.2,ok,
gss.cpi,Year-on-year inflation (%),Bono,Clothing and footwear,All sources,2022-06,18.2,ok,
gss.cpi,Year-on-year inflation (%),Bono,Clothing and footwear,All sources,2022-07,26.5,ok,
gss.cpi,Year-on-year inflation (%),Bono,Clothing and footwear,All sources,2022-08,27.5,ok,
gss.cpi,Year-on-year inflation (%),Bono,Clothing and footwear,All sources,2022-09,38.2,ok,
gss.cpi,Year-on-year inflation (%),Bono,Clothing and footwear,All sources,2022-10,44.6,ok,
gss.cpi,Year-on-year inflation (%),Bono,Clothing and footwear,All sources,2022-11,51.0,ok,
gss.cpi,Year-on-year inflation (%),Bono,Clothing and footwear,All sources,2022-12,54.0,ok,
gss.cpi,Year-on-year inflation (%),Bono,Clothing and footwear,All sources,2023-01,54.0,ok,
gss.cpi,Year-on-year inflation (%),Bono,Clothing and footwear,All sources,2023-02,56.2,ok,
gss.cpi,Year-on-year inflation (%),Bono,Clothing and footwear,All sources,2023-03,49.7,ok,
gss.cpi,Year-on-year inflation (%),Bono,Clothing and footwear,All sources,2023-04,48.9,ok,
gss.cpi,Year-on-year inflation (%),Bono,Clothing and footwear,All sources,2023-05,45.1,ok,
gss.cpi,Year-on-year inflation (%),Bono,Clothing and footwear,All sources,2023-06,46.8,ok,
gss.cpi,Year-on-year inflation (%),Bono,Clothing and footwear,All sources,2023-07,44.3,ok,
gss.cpi,Year-on-year inflation (%),Bono,Clothing and footwear,All sources,2023-08,44.1,ok,
gss.cpi,Year-on-year inflation (%),Bono,Clothing and footwear,All sources,2023-09,37.8,ok,
gss.cpi,Year-on-year inflation (%),Bono,Clothing and footwear,All sources,2023-10,32.1,ok,
gss.cpi,Year-on-year inflation (%),Bono,Clothing and footwear,All sources,2023-11,30.1,ok,
gss.cpi,Year-on-year inflation (%),Bono,Clothing and footwear,All sources,2023-12,30.0,ok,
gss.cpi,Year-on-year inflation (%),Bono,Clothing and footwear,All sources,2024-01,29.9,ok,
gss.cpi,Year-on-year inflation (%),Bono,Clothing and footwear,All sources,2024-02,27.1,ok,
gss.cpi,Year-on-year inflation (%),Bono,Clothing and footwear,All sources,2024-03,30.1,ok,
gss.cpi,Year-on-year inflation (%),Bono,Clothing and footwear,All sources,2024-04,27.9,ok,
gss.cpi,Year-on-year inflation (%),Bono,Clothing and footwear,All sources,2024-05,25.2,ok,
gss.cpi,Year-on-year inflation (%),Bono,Clothing and footwear,All sources,2024-06,23.4,ok,
gss.cpi,Year-on-year inflation (%),Bono,Clothing and footwear,All sources,2024-07,22.2,ok,
gss.cpi,Year-on-year inflation (%),Bono,Clothing and footwear,All sources,2024-08,21.5,ok,
gss.cpi,Year-on-year inflation (%),Bono,Clothing and footwear,All sources,2024-09,19.4,ok,
gss.cpi,Year-on-year inflation (%),Bono,Clothing and footwear,All sources,2024-10,24.2,ok,
gss.cpi,Year-on-year inflation (%),Bono,Clothing and footwear,All sources,2024-11,25.4,ok,
gss.cpi,Year-on-year inflation (%),Bono,Clothing and footwear,All sources,2024-12,23.9,ok,
gss.cpi,Year-on-year inflation (%),Bono,Clothing and footwear,All sources,2025-01,26.1,ok,
gss.cpi,Year-on-year inflation (%),Bono,Clothing and footwear,All sources,2025-02,27.5,ok,
gss.cpi,Year-on-year inflation (%),Bono,Clothing and footwear,All sources,2025-03,28.1,ok,
gss.cpi,Year-on-year inflation (%),Bono,Clothing and footwear,All sources,2025-04,30.1,ok,
gss.cpi,Year-on-year inflation (%),Bono,Clothing and footwear,All sources,2025-05,30.7,ok,
gss.cpi,Year-on-year inflation (%),Bono,Clothing and footwear,All sources,2025-06,26.4,ok,
gss.cpi,Year-on-year inflation (%),Bono,Clothing and footwear,All sources,2025-07,24.8,ok,
gss.cpi,Year-on-year inflation (%),Bono,Clothing and footwear,All sources,2025-08,21.5,ok,
gss.cpi,Year-on-year inflation (%),Bono,Clothing and footwear,All sources,2025-09,15.3,ok,
gss.cpi,Year-on-year inflation (%),Bono,Clothing and footwear,All sources,2025-10,15.2,ok,
gss.cpi,Year-on-year inflation (%),Bono,Clothing and footwear,All sources,2025-11,12.1,ok,
gss.cpi,Year-on-year inflation (%),Bono,Clothing and footwear,All sources,2025-12,10.7,ok,
gss.cpi,Year-on-year inflation (%),Bono,Clothing and footwear,All sources,2026-01,8.8,ok,
gss.cpi,Year-on-year inflation (%),Bono,Education services,All sources,2022-01,-0.8,ok,
gss.cpi,Year-on-year inflation (%),Bono,Education services,All sources,2022-02,3.0,ok,
gss.cpi,Year-on-year inflation (%),Bono,Education services,All sources,2022-03,8.9,ok,
gss.cpi,Year-on-year inflation (%),Bono,Education services,All sources,2022-04,9.7,ok,
gss.cpi,Year-on-year inflation (%),Bono,Education services,All sources,2022-05,10.4,ok,
gss.cpi,Year-on-year inflation (%),Bono,Education services,All sources,2022-06,11.2,ok,
gss.cpi,Year-on-year inflation (%),Bono,Education services,All sources,2022-07,11.9,ok,
gss.cpi,Year-on-year inflation (%),Bono,Education services,All sources,2022-08,11.9,ok,
gss.cpi,Year-on-year inflation (%),Bono,Education services,All sources,2022-09,11.9,ok,
gss.cpi,Year-on-year inflation (%),Bono,Education services,All sources,2022-10,11.9,ok,
gss.cpi,Year-on-year inflation (%),Bono,Education services,All sources,2022-11,11.1,ok,
gss.cpi,Year-on-year inflation (%),Bono,Education services,All sources,2022-12,11.4,ok,
gss.cpi,Year-on-year inflation (%),Bono,Education services,All sources,2023-01,15.8,ok,
gss.cpi,Year-on-year inflation (%),Bono,Education services,All sources,2023-02,20.3,ok,
gss.cpi,Year-on-year inflation (%),Bono,Education services,All sources,2023-03,13.5,ok,
gss.cpi,Year-on-year inflation (%),Bono,Education services,All sources,2023-04,16.9,ok,
gss.cpi,Year-on-year inflation (%),Bono,Education services,All sources,2023-05,23.0,ok,
gss.cpi,Year-on-year inflation (%),Bono,Education services,All sources,2023-06,28.9,ok,
gss.cpi,Year-on-year inflation (%),Bono,Education services,All sources,2023-07,35.2,ok,
gss.cpi,Year-on-year inflation (%),Bono,Education services,All sources,2023-08,38.3,ok,
gss.cpi,Year-on-year inflation (%),Bono,Education services,All sources,2023-09,38.3,ok,
gss.cpi,Year-on-year inflation (%),Bono,Education services,All sources,2023-10,49.3,ok,
gss.cpi,Year-on-year inflation (%),Bono,Education services,All sources,2023-11,55.5,ok,
gss.cpi,Year-on-year inflation (%),Bono,Education services,All sources,2023-12,54.6,ok,
gss.cpi,Year-on-year inflation (%),Bono,Education services,All sources,2024-01,52.2,ok,
gss.cpi,Year-on-year inflation (%),Bono,Education services,All sources,2024-02,41.4,ok,
gss.cpi,Year-on-year inflation (%),Bono,Education services,All sources,2024-03,41.7,ok,
gss.cpi,Year-on-year inflation (%),Bono,Education services,All sources,2024-04,36.7,ok,
gss.cpi,Year-on-year inflation (%),Bono,Education services,All sources,2024-05,31.0,ok,
gss.cpi,Year-on-year inflation (%),Bono,Education services,All sources,2024-06,24.1,ok,
gss.cpi,Year-on-year inflation (%),Bono,Education services,All sources,2024-07,21.2,ok,
gss.cpi,Year-on-year inflation (%),Bono,Education services,All sources,2024-08,18.4,ok,
gss.cpi,Year-on-year inflation (%),Bono,Education services,All sources,2024-09,18.4,ok,
gss.cpi,Year-on-year inflation (%),Bono,Education services,All sources,2024-10,9.7,ok,
gss.cpi,Year-on-year inflation (%),Bono,Education services,All sources,2024-11,5.4,ok,
gss.cpi,Year-on-year inflation (%),Bono,Education services,All sources,2024-12,4.8,ok,
gss.cpi,Year-on-year inflation (%),Bono,Education services,All sources,2025-01,4.8,ok,
gss.cpi,Year-on-year inflation (%),Bono,Education services,All sources,2025-02,4.6,ok,
gss.cpi,Year-on-year inflation (%),Bono,Education services,All sources,2025-03,5.8,ok,
gss.cpi,Year-on-year inflation (%),Bono,Education services,All sources,2025-04,9.0,ok,
gss.cpi,Year-on-year inflation (%),Bono,Education services,All sources,2025-05,8.3,ok,
gss.cpi,Year-on-year inflation (%),Bono,Education services,All sources,2025-06,8.3,ok,
gss.cpi,Year-on-year inflation (%),Bono,Education services,All sources,2025-07,5.1,ok,
gss.cpi,Year-on-year inflation (%),Bono,Education services,All sources,2025-08,5.1,ok,
gss.cpi,Year-on-year inflation (%),Bono,Education services,All sources,2025-09,5.1,ok,
gss.cpi,Year-on-year inflation (%),Bono,Education services,All sources,2025-10,5.1,ok,
gss.cpi,Year-on-year inflation (%),Bono,Education services,All sources,2025-11,5.1,ok,
gss.cpi,Year-on-year inflation (%),Bono,Education services,All sources,2025-12,5.1,ok,
gss.cpi,Year-on-year inflation (%),Bono,Education services,All sources,2026-01,5.1,ok,
gss.cpi,Year-on-year inflation (%),Bono,Food,All sources,2022-01,9.5,ok,
gss.cpi,Year-on-year inflation (%),Bono,Food,All sources,2022-02,14.9,ok,
gss.cpi,Year-on-year inflation (%),Bono,Food,All sources,2022-03,20.4,ok,
gss.cpi,Year-on-year inflation (%),Bono,Food,All sources,2022-04,27.8,ok,
gss.cpi,Year-on-year inflation (%),Bono,Food,All sources,2022-05,37.2,ok,
gss.cpi,Year-on-year inflation (%),Bono,Food,All sources,2022-06,41.2,ok,
gss.cpi,Year-on-year inflation (%),Bono,Food,All sources,2022-07,42.8,ok,
gss.cpi,Year-on-year inflation (%),Bono,Food,All sources,2022-08,41.7,ok,
gss.cpi,Year-on-year inflation (%),Bono,Food,All sources,2022-09,43.2,ok,
gss.cpi,Year-on-year inflation (%),Bono,Food,All sources,2022-10,54.9,ok,
gss.cpi,Year-on-year inflation (%),Bono,Food,All sources,2022-11,69.7,ok,
gss.cpi,Year-on-year inflation (%),Bono,Food,All sources,2022-12,76.3,ok,
gss.cpi,Year-on-year inflation (%),Bono,Food,All sources,2023-01,72.9,ok,
gss.cpi,Year-on-year inflation (%),Bono,Food,All sources,2023-02,69.9,ok,
gss.cpi,Year-on-year inflation (%),Bono,Food,All sources,2023-03,60.5,ok,
gss.cpi,Year-on-year inflation (%),Bono,Food,All sources,2023-04,63.0,ok,
gss.cpi,Year-on-year inflation (%),Bono,Food,All sources,2023-05,61.8,ok,
gss.cpi,Year-on-year inflation (%),Bono,Food,All sources,2023-06,64.9,ok,
gss.cpi,Year-on-year inflation (%),Bono,Food,All sources,2023-07,68.8,ok,
gss.cpi,Year-on-year inflation (%),Bono,Food,All sources,2023-08,63.1,ok,
gss.cpi,Year-on-year inflation (%),Bono,Food,All sources,2023-09,62.0,ok,
gss.cpi,Year-on-year inflation (%),Bono,Food,All sources,2023-10,48.5,ok,
gss.cpi,Year-on-year inflation (%),Bono,Food,All sources,2023-11,39.3,ok,
gss.cpi,Year-on-year inflation (%),Bono,Food,All sources,2023-12,32.5,ok,
gss.cpi,Year-on-year inflation (%),Bono,Food,All sources,2024-01,30.2,ok,
gss.cpi,Year-on-year inflation (%),Bono,Food,All sources,2024-02,26.6,ok,
gss.cpi,Year-on-year inflation (%),Bono,Food,All sources,2024-03,30.0,ok,
gss.cpi,Year-on-year inflation (%),Bono,Food,All sources,2024-04,21.6,ok,
gss.cpi,Year-on-year inflation (%),Bono,Food,All sources,2024-05,18.1,ok,
gss.cpi,Year-on-year inflation (%),Bono,Food,All sources,2024-06,20.6,ok,
gss.cpi,Year-on-year inflation (%),Bono,Food,All sources,2024-07,15.4,ok,
gss.cpi,Year-on-year inflation (%),Bono,Food,All sources,2024-08,15.5,ok,
gss.cpi,Year-on-year inflation (%),Bono,Food,All sources,2024-09,19.3,ok,
gss.cpi,Year-on-year inflation (%),Bono,Food,All sources,2024-10,22.0,ok,
gss.cpi,Year-on-year inflation (%),Bono,Food,All sources,2024-11,22.4,ok,
gss.cpi,Year-on-year inflation (%),Bono,Food,All sources,2024-12,26.3,ok,
gss.cpi,Year-on-year inflation (%),Bono,Food,All sources,2025-01,28.4,ok,
gss.cpi,Year-on-year inflation (%),Bono,Food,All sources,2025-02,28.8,ok,
gss.cpi,Year-on-year inflation (%),Bono,Food,All sources,2025-03,29.9,ok,
gss.cpi,Year-on-year inflation (%),Bono,Food,All sources,2025-04,33.1,ok,
gss.cpi,Year-on-year inflation (%),Bono,Food,All sources,2025-05,30.3,ok,
gss.cpi,Year-on-year inflation (%),Bono,Food,All sources,2025-06,15.0,ok,
gss.cpi,Year-on-year inflation (%),Bono,Food,All sources,2025-07,15.2,ok,
gss.cpi,Year-on-year inflation (%),Bono,Food,All sources,2025-08,14.5,ok,
gss.cpi,Year-on-year inflation (%),Bono,Food,All sources,2025-09,6.5,ok,
gss.cpi,Year-on-year inflation (%),Bono,Food,All sources,2025-10,6.1,ok,
gss.cpi,Year-on-year inflation (%),Bono,Food,All sources,2025-11,5.7,ok,
gss.cpi,Year-on-year inflation (%),Bono,Food,All sources,2025-12,4.1,ok,
gss.cpi,Year-on-year inflation (%),Bono,Food,All sources,2026-01,3.4,ok,
gss.cpi,Year-on-year inflation (%),Bono,Food and non-alcoholic beverages,All sources,2022-01,9.5,ok,
gss.cpi,Year-on-year inflation (%),Bono,Food and non-alcoholic beverages,All sources,2022-02,14.9,ok,
gss.cpi,Year-on-year inflation (%),Bono,Food and non-alcoholic beverages,All sources,2022-03,20.4,ok,
gss.cpi,Year-on-year inflation (%),Bono,Food and non-alcoholic beverages,All sources,2022-04,27.8,ok,
gss.cpi,Year-on-year inflation (%),Bono,Food and non-alcoholic beverages,All sources,2022-05,37.2,ok,
gss.cpi,Year-on-year inflation (%),Bono,Food and non-alcoholic beverages,All sources,2022-06,41.2,ok,
gss.cpi,Year-on-year inflation (%),Bono,Food and non-alcoholic beverages,All sources,2022-07,42.8,ok,
gss.cpi,Year-on-year inflation (%),Bono,Food and non-alcoholic beverages,All sources,2022-08,41.7,ok,
gss.cpi,Year-on-year inflation (%),Bono,Food and non-alcoholic beverages,All sources,2022-09,43.2,ok,
gss.cpi,Year-on-year inflation (%),Bono,Food and non-alcoholic beverages,All sources,2022-10,54.9,ok,
gss.cpi,Year-on-year inflation (%),Bono,Food and non-alcoholic beverages,All sources,2022-11,69.7,ok,
gss.cpi,Year-on-year inflation (%),Bono,Food and non-alcoholic beverages,All sources,2022-12,76.3,ok,
gss.cpi,Year-on-year inflation (%),Bono,Food and non-alcoholic beverages,All sources,2023-01,72.9,ok,
gss.cpi,Year-on-year inflation (%),Bono,Food and non-alcoholic beverages,All sources,2023-02,69.9,ok,
gss.cpi,Year-on-year inflation (%),Bono,Food and non-alcoholic beverages,All sources,2023-03,60.5,ok,
gss.cpi,Year-on-year inflation (%),Bono,Food and non-alcoholic beverages,All sources,2023-04,63.0,ok,
gss.cpi,Year-on-year inflation (%),Bono,Food and non-alcoholic beverages,All sources,2023-05,61.8,ok,
gss.cpi,Year-on-year inflation (%),Bono,Food and non-alcoholic beverages,All sources,2023-06,64.9,ok,
gss.cpi,Year-on-year inflation (%),Bono,Food and non-alcoholic beverages,All sources,2023-07,68.8,ok,
gss.cpi,Year-on-year inflation (%),Bono,Food and non-alcoholic beverages,All sources,2023-08,63.1,ok,
gss.cpi,Year-on-year inflation (%),Bono,Food and non-alcoholic beverages,All sources,2023-09,62.0,ok,
gss.cpi,Year-on-year inflation (%),Bono,Food and non-alcoholic beverages,All sources,2023-10,48.5,ok,
gss.cpi,Year-on-year inflation (%),Bono,Food and non-alcoholic beverages,All sources,2023-11,39.3,ok,
gss.cpi,Year-on-year inflation (%),Bono,Food and non-alcoholic beverages,All sources,2023-12,32.5,ok,
gss.cpi,Year-on-year inflation (%),Bono,Food and non-alcoholic beverages,All sources,2024-01,30.2,ok,
gss.cpi,Year-on-year inflation (%),Bono,Food and non-alcoholic beverages,All sources,2024-02,26.6,ok,
gss.cpi,Year-on-year inflation (%),Bono,Food and non-alcoholic beverages,All sources,2024-03,30.0,ok,
gss.cpi,Year-on-year inflation (%),Bono,Food and non-alcoholic beverages,All sources,2024-04,21.6,ok,
gss.cpi,Year-on-year inflation (%),Bono,Food and non-alcoholic beverages,All sources,2024-05,18.1,ok,
gss.cpi,Year-on-year inflation (%),Bono,Food and non-alcoholic beverages,All sources,2024-06,20.6,ok,
gss.cpi,Year-on-year inflation (%),Bono,Food and non-alcoholic beverages,All sources,2024-07,15.4,ok,
gss.cpi,Year-on-year inflation (%),Bono,Food and non-alcoholic beverages,All sources,2024-08,15.5,ok,
gss.cpi,Year-on-year inflation (%),Bono,Food and non-alcoholic beverages,All sources,2024-09,19.3,ok,
gss.cpi,Year-on-year inflation (%),Bono,Food and non-alcoholic beverages,All sources,2024-10,22.0,ok,
gss.cpi,Year-on-year inflation (%),Bono,Food and non-alcoholic beverages,All sources,2024-11,22.4,ok,
gss.cpi,Year-on-year inflation (%),Bono,Food and non-alcoholic beverages,All sources,2024-12,26.3,ok,
gss.cpi,Year-on-year inflation (%),Bono,Food and non-alcoholic beverages,All sources,2025-01,28.4,ok,
gss.cpi,Year-on-year inflation (%),Bono,Food and non-alcoholic beverages,All sources,2025-02,28.8,ok,
gss.cpi,Year-on-year inflation (%),Bono,Food and non-alcoholic beverages,All sources,2025-03,29.9,ok,
gss.cpi,Year-on-year inflation (%),Bono,Food and non-alcoholic beverages,All sources,2025-04,33.1,ok,
gss.cpi,Year-on-year inflation (%),Bono,Food and non-alcoholic beverages,All sources,2025-05,30.3,ok,
gss.cpi,Year-on-year inflation (%),Bono,Food and non-alcoholic beverages,All sources,2025-06,15.0,ok,
gss.cpi,Year-on-year inflation (%),Bono,Food and non-alcoholic beverages,All sources,2025-07,15.2,ok,
gss.cpi,Year-on-year inflation (%),Bono,Food and non-alcoholic beverages,All sources,2025-08,14.5,ok,
gss.cpi,Year-on-year inflation (%),Bono,Food and non-alcoholic beverages,All sources,2025-09,6.5,ok,
gss.cpi,Year-on-year inflation (%),Bono,Food and non-alcoholic beverages,All sources,2025-10,6.1,ok,
gss.cpi,Year-on-year inflation (%),Bono,Food and non-alcoholic beverages,All sources,2025-11,5.7,ok,
gss.cpi,Year-on-year inflation (%),Bono,Food and non-alcoholic beverages,All sources,2025-12,4.1,ok,
gss.cpi,Year-on-year inflation (%),Bono,Food and non-alcoholic beverages,All sources,2026-01,3.4,ok,
gss.cpi,Year-on-year inflation (%),Bono,"Furnishings, household equipment and routine household maintenance",All sources,2022-01,3.8,ok,
gss.cpi,Year-on-year inflation (%),Bono,"Furnishings, household equipment and routine household maintenance",All sources,2022-02,8.9,ok,
gss.cpi,Year-on-year inflation (%),Bono,"Furnishings, household equipment and routine household maintenance",All sources,2022-03,12.7,ok,
gss.cpi,Year-on-year inflation (%),Bono,"Furnishings, household equipment and routine household maintenance",All sources,2022-04,19.4,ok,
gss.cpi,Year-on-year inflation (%),Bono,"Furnishings, household equipment and routine household maintenance",All sources,2022-05,28.9,ok,
gss.cpi,Year-on-year inflation (%),Bono,"Furnishings, household equipment and routine household maintenance",All sources,2022-06,35.7,ok,
gss.cpi,Year-on-year inflation (%),Bono,"Furnishings, household equipment and routine household maintenance",All sources,2022-07,43.9,ok,
gss.cpi,Year-on-year inflation (%),Bono,"Furnishings, household equipment and routine household maintenance",All sources,2022-08,41.6,ok,
gss.cpi,Year-on-year inflation (%),Bono,"Furnishings, household equipment and routine household maintenance",All sources,2022-09,40.1,ok,
gss.cpi,Year-on-year inflation (%),Bono,"Furnishings, household equipment and routine household maintenance",All sources,2022-10,44.4,ok,
gss.cpi,Year-on-year inflation (%),Bono,"Furnishings, household equipment and routine household maintenance",All sources,2022-11,56.3,ok,
gss.cpi,Year-on-year inflation (%),Bono,"Furnishings, household equipment and routine household maintenance",All sources,2022-12,68.0,ok,
gss.cpi,Year-on-year inflation (%),Bono,"Furnishings, household equipment and routine household maintenance",All sources,2023-01,74.8,ok,
gss.cpi,Year-on-year inflation (%),Bono,"Furnishings, household equipment and routine household maintenance",All sources,2023-02,68.5,ok,
gss.cpi,Year-on-year inflation (%),Bono,"Furnishings, household equipment and routine household maintenance",All sources,2023-03,62.4,ok,
gss.cpi,Year-on-year inflation (%),Bono,"Furnishings, household equipment and routine household maintenance",All sources,2023-04,58.3,ok,
gss.cpi,Year-on-year inflation (%),Bono,"Furnishings, household equipment and routine household maintenance",All sources,2023-05,54.9,ok,
gss.cpi,Year-on-year inflation (%),Bono,"Furnishings, household equipment and routine household maintenance",All sources,2023-06,55.4,ok,
gss.cpi,Year-on-year inflation (%),Bono,"Furnishings, household equipment and routine household maintenance",All sources,2023-07,52.1,ok,
gss.cpi,Year-on-year inflation (%),Bono,"Furnishings, household equipment and routine household maintenance",All sources,2023-08,52.1,ok,
gss.cpi,Year-on-year inflation (%),Bono,"Furnishings, household equipment and routine household maintenance",All sources,2023-09,61.1,ok,
gss.cpi,Year-on-year inflation (%),Bono,"Furnishings, household equipment and routine household maintenance",All sources,2023-10,57.8,ok,
gss.cpi,Year-on-year inflation (%),Bono,"Furnishings, household equipment and routine household maintenance",All sources,2023-11,46.8,ok,
gss.cpi,Year-on-year inflation (%),Bono,"Furnishings, household equipment and routine household maintenance",All sources,2023-12,38.5,ok,
gss.cpi,Year-on-year inflation (%),Bono,"Furnishings, household equipment and routine household maintenance",All sources,2024-01,32.3,ok,
gss.cpi,Year-on-year inflation (%),Bono,"Furnishings, household equipment and routine household maintenance",All sources,2024-02,32.3,ok,
gss.cpi,Year-on-year inflation (%),Bono,"Furnishings, household equipment and routine household maintenance",All sources,2024-03,32.5,ok,
gss.cpi,Year-on-year inflation (%),Bono,"Furnishings, household equipment and routine household maintenance",All sources,2024-04,28.0,ok,
gss.cpi,Year-on-year inflation (%),Bono,"Furnishings, household equipment and routine household maintenance",All sources,2024-05,22.2,ok,
gss.cpi,Year-on-year inflation (%),Bono,"Furnishings, household equipment and routine household maintenance",All sources,2024-06,17.5,ok,
gss.cpi,Year-on-year inflation (%),Bono,"Furnishings, household equipment and routine household maintenance",All sources,2024-07,15.0,ok,
gss.cpi,Year-on-year inflation (%),Bono,"Furnishings, household equipment and routine household maintenance",All sources,2024-08,12.4,ok,
gss.cpi,Year-on-year inflation (%),Bono,"Furnishings, household equipment and routine household maintenance",All sources,2024-09,10.1,ok,
gss.cpi,Year-on-year inflation (%),Bono,"Furnishings, household equipment and routine household maintenance",All sources,2024-10,11.7,ok,
gss.cpi,Year-on-year inflation (%),Bono,"Furnishings, household equipment and routine household maintenance",All sources,2024-11,11.4,ok,
gss.cpi,Year-on-year inflation (%),Bono,"Furnishings, household equipment and routine household maintenance",All sources,2024-12,11.2,ok,
gss.cpi,Year-on-year inflation (%),Bono,"Furnishings, household equipment and routine household maintenance",All sources,2025-01,15.4,ok,
gss.cpi,Year-on-year inflation (%),Bono,"Furnishings, household equipment and routine household maintenance",All sources,2025-02,14.5,ok,
gss.cpi,Year-on-year inflation (%),Bono,"Furnishings, household equipment and routine household maintenance",All sources,2025-03,15.1,ok,
gss.cpi,Year-on-year inflation (%),Bono,"Furnishings, household equipment and routine household maintenance",All sources,2025-04,16.5,ok,
gss.cpi,Year-on-year inflation (%),Bono,"Furnishings, household equipment and routine household maintenance",All sources,2025-05,16.0,ok,
gss.cpi,Year-on-year inflation (%),Bono,"Furnishings, household equipment and routine household maintenance",All sources,2025-06,12.5,ok,
gss.cpi,Year-on-year inflation (%),Bono,"Furnishings, household equipment and routine household maintenance",All sources,2025-07,11.5,ok,
gss.cpi,Year-on-year inflation (%),Bono,"Furnishings, household equipment and routine household maintenance",All sources,2025-08,8.4,ok,
gss.cpi,Year-on-year inflation (%),Bono,"Furnishings, household equipment and routine household maintenance",All sources,2025-09,7.4,ok,
gss.cpi,Year-on-year inflation (%),Bono,"Furnishings, household equipment and routine household maintenance",All sources,2025-10,4.8,ok,
gss.cpi,Year-on-year inflation (%),Bono,"Furnishings, household equipment and routine household maintenance",All sources,2025-11,4.4,ok,
gss.cpi,Year-on-year inflation (%),Bono,"Furnishings, household equipment and routine household maintenance",All sources,2025-12,4.0,ok,
gss.cpi,Year-on-year inflation (%),Bono,"Furnishings, household equipment and routine household maintenance",All sources,2026-01,1.9,ok,
gss.cpi,Year-on-year inflation (%),Bono,Health,All sources,2022-01,1.5,ok,
gss.cpi,Year-on-year inflation (%),Bono,Health,All sources,2022-02,5.8,ok,
gss.cpi,Year-on-year inflation (%),Bono,Health,All sources,2022-03,6.6,ok,
gss.cpi,Year-on-year inflation (%),Bono,Health,All sources,2022-04,8.3,ok,
gss.cpi,Year-on-year inflation (%),Bono,Health,All sources,2022-05,11.1,ok,
gss.cpi,Year-on-year inflation (%),Bono,Health,All sources,2022-06,13.3,ok,
gss.cpi,Year-on-year inflation (%),Bono,Health,All sources,2022-07,18.2,ok,
gss.cpi,Year-on-year inflation (%),Bono,Health,All sources,2022-08,17.9,ok,
gss.cpi,Year-on-year inflation (%),Bono,Health,All sources,2022-09,18.0,ok,
gss.cpi,Year-on-year inflation (%),Bono,Health,All sources,2022-10,24.2,ok,
gss.cpi,Year-on-year inflation (%),Bono,Health,All sources,2022-11,35.1,ok,
gss.cpi,Year-on-year inflation (%),Bono,Health,All sources,2022-12,38.1,ok,
gss.cpi,Year-on-year inflation (%),Bono,Health,All sources,2023-01,42.6,ok,
gss.cpi,Year-on-year inflation (%),Bono,Health,All sources,2023-02,40.9,ok,
gss.cpi,Year-on-year inflation (%),Bono,Health,All sources,2023-03,33.5,ok,
gss.cpi,Year-on-year inflation (%),Bono,Health,All sources,2023-04,38.6,ok,
gss.cpi,Year-on-year inflation (%),Bono,Health,All sources,2023-05,45.7,ok,
gss.cpi,Year-on-year inflation (%),Bono,Health,All sources,2023-06,50.9,ok,
gss.cpi,Year-on-year inflation (%),Bono,Health,All sources,2023-07,53.3,ok,
gss.cpi,Year-on-year inflation (%),Bono,Health,All sources,2023-08,55.3,ok,
gss.cpi,Year-on-year inflation (%),Bono,Health,All sources,2023-09,59.3,ok,
gss.cpi,Year-on-year inflation (%),Bono,Health,All sources,2023-10,46.2,ok,
gss.cpi,Year-on-year inflation (%),Bono,Health,All sources,2023-11,35.5,ok,
gss.cpi,Year-on-year inflation (%),Bono,Health,All sources,2023-12,31.7,ok,
gss.cpi,Year-on-year inflation (%),Bono,Health,All sources,2024-01,30.5,ok,
gss.cpi,Year-on-year inflation (%),Bono,Health,All sources,2024-02,26.8,ok,
gss.cpi,Year-on-year inflation (%),Bono,Health,All sources,2024-03,32.8,ok,
gss.cpi,Year-on-year inflation (%),Bono,Health,All sources,2024-04,27.0,ok,
gss.cpi,Year-on-year inflation (%),Bono,Health,All sources,2024-05,18.8,ok,
gss.cpi,Year-on-year inflation (%),Bono,Health,All sources,2024-06,14.3,ok,
gss.cpi,Year-on-year inflation (%),Bono,Health,All sources,2024-07,9.3,ok,
gss.cpi,Year-on-year inflation (%),Bono,Health,All sources,2024-08,7.2,ok,
gss.cpi,Year-on-year inflation (%),Bono,Health,All sources,2024-09,10.1,ok,
gss.cpi,Year-on-year inflation (%),Bono,Health,All sources,2024-10,17.1,ok,
gss.cpi,Year-on-year inflation (%),Bono,Health,All sources,2024-11,16.2,ok,
gss.cpi,Year-on-year inflation (%),Bono,Health,All sources,2024-12,18.5,ok,
gss.cpi,Year-on-year inflation (%),Bono,Health,All sources,2025-01,20.0,ok,
gss.cpi,Year-on-year inflation (%),Bono,Health,All sources,2025-02,19.5,ok,
gss.cpi,Year-on-year inflation (%),Bono,Health,All sources,2025-03,19.7,ok,
gss.cpi,Year-on-year inflation (%),Bono,Health,All sources,2025-04,22.1,ok,
gss.cpi,Year-on-year inflation (%),Bono,Health,All sources,2025-05,23.9,ok,
gss.cpi,Year-on-year inflation (%),Bono,Health,All sources,2025-06,21.2,ok,
gss.cpi,Year-on-year inflation (%),Bono,Health,All sources,2025-07,20.6,ok,
gss.cpi,Year-on-year inflation (%),Bono,Health,All sources,2025-08,21.7,ok,
gss.cpi,Year-on-year inflation (%),Bono,Health,All sources,2025-09,10.3,ok,
gss.cpi,Year-on-year inflation (%),Bono,Health,All sources,2025-10,9.0,ok,
gss.cpi,Year-on-year inflation (%),Bono,Health,All sources,2025-11,9.4,ok,
gss.cpi,Year-on-year inflation (%),Bono,Health,All sources,2025-12,7.4,ok,
gss.cpi,Year-on-year inflation (%),Bono,Health,All sources,2026-01,6.0,ok,
gss.cpi,Year-on-year inflation (%),Bono,"Housing, water, electricity, gas and other fuels",All sources,2022-01,5.0,ok,
gss.cpi,Year-on-year inflation (%),Bono,"Housing, water, electricity, gas and other fuels",All sources,2022-02,8.8,ok,
gss.cpi,Year-on-year inflation (%),Bono,"Housing, water, electricity, gas and other fuels",All sources,2022-03,12.1,ok,
gss.cpi,Year-on-year inflation (%),Bono,"Housing, water, electricity, gas and other fuels",All sources,2022-04,12.2,ok,
gss.cpi,Year-on-year inflation (%),Bono,"Housing, water, electricity, gas and other fuels",All sources,2022-05,22.7,ok,
gss.cpi,Year-on-year inflation (%),Bono,"Housing, water, electricity, gas and other fuels",All sources,2022-06,26.2,ok,
gss.cpi,Year-on-year inflation (%),Bono,"Housing, water, electricity, gas and other fuels",All sources,2022-07,26.8,ok,
gss.cpi,Year-on-year inflation (%),Bono,"Housing, water, electricity, gas and other fuels",All sources,2022-08,29.7,ok,
gss.cpi,Year-on-year inflation (%),Bono,"Housing, water, electricity, gas and other fuels",All sources,2022-09,34.9,ok,
gss.cpi,Year-on-year inflation (%),Bono,"Housing, water, electricity, gas and other fuels",All sources,2022-10,41.7,ok,
gss.cpi,Year-on-year inflation (%),Bono,"Housing, water, electricity, gas and other fuels",All sources,2022-11,48.8,ok,
gss.cpi,Year-on-year inflation (%),Bono,"Housing, water, electricity, gas and other fuels",All sources,2022-12,54.2,ok,
gss.cpi,Year-on-year inflation (%),Bono,"Housing, water, electricity, gas and other fuels",All sources,2023-01,54.4,ok,
gss.cpi,Year-on-year inflation (%),Bono,"Housing, water, electricity, gas and other fuels",All sources,2023-02,47.6,ok,
gss.cpi,Year-on-year inflation (%),Bono,"Housing, water, electricity, gas and other fuels",All sources,2023-03,42.9,ok,
gss.cpi,Year-on-year inflation (%),Bono,"Housing, water, electricity, gas and other fuels",All sources,2023-04,40.7,ok,
gss.cpi,Year-on-year inflation (%),Bono,"Housing, water, electricity, gas and other fuels",All sources,2023-05,26.9,ok,
gss.cpi,Year-on-year inflation (%),Bono,"Housing, water, electricity, gas and other fuels",All sources,2023-06,18.9,ok,
gss.cpi,Year-on-year inflation (%),Bono,"Housing, water, electricity, gas and other fuels",All sources,2023-07,18.0,ok,
gss.cpi,Year-on-year inflation (%),Bono,"Housing, water, electricity, gas and other fuels",All sources,2023-08,15.2,ok,
gss.cpi,Year-on-year inflation (%),Bono,"Housing, water, electricity, gas and other fuels",All sources,2023-09,16.0,ok,
gss.cpi,Year-on-year inflation (%),Bono,"Housing, water, electricity, gas and other fuels",All sources,2023-10,13.9,ok,
gss.cpi,Year-on-year inflation (%),Bono,"Housing, water, electricity, gas and other fuels",All sources,2023-11,12.3,ok,
gss.cpi,Year-on-year inflation (%),Bono,"Housing, water, electricity, gas and other fuels",All sources,2023-12,10.6,ok,
gss.cpi,Year-on-year inflation (%),Bono,"Housing, water, electricity, gas and other fuels",All sources,2024-01,9.7,ok,
gss.cpi,Year-on-year inflation (%),Bono,"Housing, water, electricity, gas and other fuels",All sources,2024-02,10.3,ok,
gss.cpi,Year-on-year inflation (%),Bono,"Housing, water, electricity, gas and other fuels",All sources,2024-03,9.7,ok,
gss.cpi,Year-on-year inflation (%),Bono,"Housing, water, electricity, gas and other fuels",All sources,2024-04,12.3,ok,
gss.cpi,Year-on-year inflation (%),Bono,"Housing, water, electricity, gas and other fuels",All sources,2024-05,19.2,ok,
gss.cpi,Year-on-year inflation (%),Bono,"Housing, water, electricity, gas and other fuels",All sources,2024-06,23.8,ok,
gss.cpi,Year-on-year inflation (%),Bono,"Housing, water, electricity, gas and other fuels",All sources,2024-07,24.0,ok,
gss.cpi,Year-on-year inflation (%),Bono,"Housing, water, electricity, gas and other fuels",All sources,2024-08,23.7,ok,
gss.cpi,Year-on-year inflation (%),Bono,"Housing, water, electricity, gas and other fuels",All sources,2024-09,18.8,ok,
gss.cpi,Year-on-year inflation (%),Bono,"Housing, water, electricity, gas and other fuels",All sources,2024-10,16.6,ok,
gss.cpi,Year-on-year inflation (%),Bono,"Housing, water, electricity, gas and other fuels",All sources,2024-11,17.6,ok,
gss.cpi,Year-on-year inflation (%),Bono,"Housing, water, electricity, gas and other fuels",All sources,2024-12,16.6,ok,
gss.cpi,Year-on-year inflation (%),Bono,"Housing, water, electricity, gas and other fuels",All sources,2025-01,16.9,ok,
gss.cpi,Year-on-year inflation (%),Bono,"Housing, water, electricity, gas and other fuels",All sources,2025-02,23.1,ok,
gss.cpi,Year-on-year inflation (%),Bono,"Housing, water, electricity, gas and other fuels",All sources,2025-03,25.2,ok,
gss.cpi,Year-on-year inflation (%),Bono,"Housing, water, electricity, gas and other fuels",All sources,2025-04,26.0,ok,
gss.cpi,Year-on-year inflation (%),Bono,"Housing, water, electricity, gas and other fuels",All sources,2025-05,27.5,ok,
gss.cpi,Year-on-year inflation (%),Bono,"Housing, water, electricity, gas and other fuels",All sources,2025-06,31.2,ok,
gss.cpi,Year-on-year inflation (%),Bono,"Housing, water, electricity, gas and other fuels",All sources,2025-07,33.1,ok,
gss.cpi,Year-on-year inflation (%),Bono,"Housing, water, electricity, gas and other fuels",All sources,2025-08,28.1,ok,
gss.cpi,Year-on-year inflation (%),Bono,"Housing, water, electricity, gas and other fuels",All sources,2025-09,24.2,ok,
gss.cpi,Year-on-year inflation (%),Bono,"Housing, water, electricity, gas and other fuels",All sources,2025-10,20.5,ok,
gss.cpi,Year-on-year inflation (%),Bono,"Housing, water, electricity, gas and other fuels",All sources,2025-11,11.9,ok,
gss.cpi,Year-on-year inflation (%),Bono,"Housing, water, electricity, gas and other fuels",All sources,2025-12,6.7,ok,
gss.cpi,Year-on-year inflation (%),Bono,"Housing, water, electricity, gas and other fuels",All sources,2026-01,6.8,ok,
gss.cpi,Year-on-year inflation (%),Bono,Information and communication,All sources,2022-01,3.6,ok,
gss.cpi,Year-on-year inflation (%),Bono,Information and communication,All sources,2022-02,1.0,ok,
gss.cpi,Year-on-year inflation (%),Bono,Information and communication,All sources,2022-03,1.2,ok,
gss.cpi,Year-on-year inflation (%),Bono,Information and communication,All sources,2022-04,1.3,ok,
gss.cpi,Year-on-year inflation (%),Bono,Information and communication,All sources,2022-05,1.6,ok,
gss.cpi,Year-on-year inflation (%),Bono,Information and communication,All sources,2022-06,2.2,ok,
gss.cpi,Year-on-year inflation (%),Bono,Information and communication,All sources,2022-07,4.4,ok,
gss.cpi,Year-on-year inflation (%),Bono,Information and communication,All sources,2022-08,5.1,ok,
gss.cpi,Year-on-year inflation (%),Bono,Information and communication,All sources,2022-09,6.3,ok,
gss.cpi,Year-on-year inflation (%),Bono,Information and communication,All sources,2022-10,7.3,ok,
gss.cpi,Year-on-year inflation (%),Bono,Information and communication,All sources,2022-11,8.5,ok,
gss.cpi,Year-on-year inflation (%),Bono,Information and communication,All sources,2022-12,9.8,ok,
gss.cpi,Year-on-year inflation (%),Bono,Information and communication,All sources,2023-01,6.6,ok,
gss.cpi,Year-on-year inflation (%),Bono,Information and communication,All sources,2023-02,10.3,ok,
gss.cpi,Year-on-year inflation (%),Bono,Information and communication,All sources,2023-03,8.8,ok,
gss.cpi,Year-on-year inflation (%),Bono,Information and communication,All sources,2023-04,9.5,ok,
gss.cpi,Year-on-year inflation (%),Bono,Information and communication,All sources,2023-05,10.9,ok,
gss.cpi,Year-on-year inflation (%),Bono,Information and communication,All sources,2023-06,11.5,ok,
gss.cpi,Year-on-year inflation (%),Bono,Information and communication,All sources,2023-07,11.0,ok,
gss.cpi,Year-on-year inflation (%),Bono,Information and communication,All sources,2023-08,9.8,ok,
gss.cpi,Year-on-year inflation (%),Bono,Information and communication,All sources,2023-09,8.9,ok,
gss.cpi,Year-on-year inflation (%),Bono,Information and communication,All sources,2023-10,7.6,ok,
gss.cpi,Year-on-year inflation (%),Bono,Information and communication,All sources,2023-11,7.4,ok,
gss.cpi,Year-on-year inflation (%),Bono,Information and communication,All sources,2023-12,7.9,ok,
gss.cpi,Year-on-year inflation (%),Bono,Information and communication,All sources,2024-01,8.6,ok,
gss.cpi,Year-on-year inflation (%),Bono,Information and communication,All sources,2024-02,8.3,ok,
gss.cpi,Year-on-year inflation (%),Bono,Information and communication,All sources,2024-03,9.6,ok,
gss.cpi,Year-on-year inflation (%),Bono,Information and communication,All sources,2024-04,10.8,ok,
gss.cpi,Year-on-year inflation (%),Bono,Information and communication,All sources,2024-05,10.5,ok,
gss.cpi,Year-on-year inflation (%),Bono,Information and communication,All sources,2024-06,9.5,ok,
gss.cpi,Year-on-year inflation (%),Bono,Information and communication,All sources,2024-07,11.8,ok,
gss.cpi,Year-on-year inflation (%),Bono,Information and communication,All sources,2024-08,16.1,ok,
gss.cpi,Year-on-year inflation (%),Bono,Information and communication,All sources,2024-09,16.0,ok,
gss.cpi,Year-on-year inflation (%),Bono,Information and communication,All sources,2024-10,18.3,ok,
gss.cpi,Year-on-year inflation (%),Bono,Information and communication,All sources,2024-11,18.6,ok,
gss.cpi,Year-on-year inflation (%),Bono,Information and communication,All sources,2024-12,19.7,ok,
gss.cpi,Year-on-year inflation (%),Bono,Information and communication,All sources,2025-01,20.1,ok,
gss.cpi,Year-on-year inflation (%),Bono,Information and communication,All sources,2025-02,19.4,ok,
gss.cpi,Year-on-year inflation (%),Bono,Information and communication,All sources,2025-03,19.7,ok,
gss.cpi,Year-on-year inflation (%),Bono,Information and communication,All sources,2025-04,17.8,ok,
gss.cpi,Year-on-year inflation (%),Bono,Information and communication,All sources,2025-05,19.3,ok,
gss.cpi,Year-on-year inflation (%),Bono,Information and communication,All sources,2025-06,21.3,ok,
gss.cpi,Year-on-year inflation (%),Bono,Information and communication,All sources,2025-07,16.3,ok,
gss.cpi,Year-on-year inflation (%),Bono,Information and communication,All sources,2025-08,9.5,ok,
gss.cpi,Year-on-year inflation (%),Bono,Information and communication,All sources,2025-09,10.6,ok,
gss.cpi,Year-on-year inflation (%),Bono,Information and communication,All sources,2025-10,10.2,ok,
gss.cpi,Year-on-year inflation (%),Bono,Information and communication,All sources,2025-11,9.0,ok,
gss.cpi,Year-on-year inflation (%),Bono,Information and communication,All sources,2025-12,6.2,ok,
gss.cpi,Year-on-year inflation (%),Bono,Information and communication,All sources,2026-01,4.8,ok,
gss.cpi,Year-on-year inflation (%),Bono,Insurance and financial services,All sources,2022-01,0.4,ok,
gss.cpi,Year-on-year inflation (%),Bono,Insurance and financial services,All sources,2022-02,0.4,ok,
gss.cpi,Year-on-year inflation (%),Bono,Insurance and financial services,All sources,2022-03,0.4,ok,
gss.cpi,Year-on-year inflation (%),Bono,Insurance and financial services,All sources,2022-04,0.4,ok,
gss.cpi,Year-on-year inflation (%),Bono,Insurance and financial services,All sources,2022-05,-1.6,ok,
gss.cpi,Year-on-year inflation (%),Bono,Insurance and financial services,All sources,2022-06,-2.0,ok,
gss.cpi,Year-on-year inflation (%),Bono,Insurance and financial services,All sources,2022-07,-2.0,ok,
gss.cpi,Year-on-year inflation (%),Bono,Insurance and financial services,All sources,2022-08,-2.0,ok,
gss.cpi,Year-on-year inflation (%),Bono,Insurance and financial services,All sources,2022-09,-2.0,ok,
gss.cpi,Year-on-year inflation (%),Bono,Insurance and financial services,All sources,2022-10,-2.0,ok,
gss.cpi,Year-on-year inflation (%),Bono,Insurance and financial services,All sources,2022-11,-2.0,ok,
gss.cpi,Year-on-year inflation (%),Bono,Insurance and financial services,All sources,2022-12,-2.0,ok,
gss.cpi,Year-on-year inflation (%),Bono,Insurance and financial services,All sources,2023-01,-2.5,ok,
gss.cpi,Year-on-year inflation (%),Bono,Insurance and financial services,All sources,2023-02,3.4,ok,
gss.cpi,Year-on-year inflation (%),Bono,Insurance and financial services,All sources,2023-03,1.5,ok,
gss.cpi,Year-on-year inflation (%),Bono,Insurance and financial services,All sources,2023-04,2.3,ok,
gss.cpi,Year-on-year inflation (%),Bono,Insurance and financial services,All sources,2023-05,7.2,ok,
gss.cpi,Year-on-year inflation (%),Bono,Insurance and financial services,All sources,2023-06,9.3,ok,
gss.cpi,Year-on-year inflation (%),Bono,Insurance and financial services,All sources,2023-07,10.9,ok,
gss.cpi,Year-on-year inflation (%),Bono,Insurance and financial services,All sources,2023-08,16.6,ok,
gss.cpi,Year-on-year inflation (%),Bono,Insurance and financial services,All sources,2023-09,16.6,ok,
gss.cpi,Year-on-year inflation (%),Bono,Insurance and financial services,All sources,2023-10,17.3,ok,
gss.cpi,Year-on-year inflation (%),Bono,Insurance and financial services,All sources,2023-11,19.4,ok,
gss.cpi,Year-on-year inflation (%),Bono,Insurance and financial services,All sources,2023-12,19.4,ok,
gss.cpi,Year-on-year inflation (%),Bono,Insurance and financial services,All sources,2024-01,19.4,ok,
gss.cpi,Year-on-year inflation (%),Bono,Insurance and financial services,All sources,2024-02,20.5,ok,
gss.cpi,Year-on-year inflation (%),Bono,Insurance and financial services,All sources,2024-03,22.8,ok,
gss.cpi,Year-on-year inflation (%),Bono,Insurance and financial services,All sources,2024-04,21.8,ok,
gss.cpi,Year-on-year inflation (%),Bono,Insurance and financial services,All sources,2024-05,18.7,ok,
gss.cpi,Year-on-year inflation (%),Bono,Insurance and financial services,All sources,2024-06,16.8,ok,
gss.cpi,Year-on-year inflation (%),Bono,Insurance and financial services,All sources,2024-07,15.2,ok,
gss.cpi,Year-on-year inflation (%),Bono,Insurance and financial services,All sources,2024-08,9.5,ok,
gss.cpi,Year-on-year inflation (%),Bono,Insurance and financial services,All sources,2024-09,9.5,ok,
gss.cpi,Year-on-year inflation (%),Bono,Insurance and financial services,All sources,2024-10,8.9,ok,
gss.cpi,Year-on-year inflation (%),Bono,Insurance and financial services,All sources,2024-11,6.9,ok,
gss.cpi,Year-on-year inflation (%),Bono,Insurance and financial services,All sources,2024-12,6.9,ok,
gss.cpi,Year-on-year inflation (%),Bono,Insurance and financial services,All sources,2025-01,6.9,ok,
gss.cpi,Year-on-year inflation (%),Bono,Insurance and financial services,All sources,2025-02,0.0,ok,
gss.cpi,Year-on-year inflation (%),Bono,Insurance and financial services,All sources,2025-03,0.4,ok,
gss.cpi,Year-on-year inflation (%),Bono,Insurance and financial services,All sources,2025-04,2.1,ok,
gss.cpi,Year-on-year inflation (%),Bono,Insurance and financial services,All sources,2025-05,4.1,ok,
gss.cpi,Year-on-year inflation (%),Bono,Insurance and financial services,All sources,2025-06,4.1,ok,
gss.cpi,Year-on-year inflation (%),Bono,Insurance and financial services,All sources,2025-07,4.1,ok,
gss.cpi,Year-on-year inflation (%),Bono,Insurance and financial services,All sources,2025-08,4.1,ok,
gss.cpi,Year-on-year inflation (%),Bono,Insurance and financial services,All sources,2025-09,4.1,ok,
gss.cpi,Year-on-year inflation (%),Bono,Insurance and financial services,All sources,2025-10,4.1,ok,
gss.cpi,Year-on-year inflation (%),Bono,Insurance and financial services,All sources,2025-11,4.1,ok,
gss.cpi,Year-on-year inflation (%),Bono,Insurance and financial services,All sources,2025-12,4.1,ok,
gss.cpi,Year-on-year inflation (%),Bono,Insurance and financial services,All sources,2026-01,4.1,ok,
gss.cpi,Year-on-year inflation (%),Bono,Non-food,All sources,2021-07,1.8,ok,
gss.cpi,Year-on-year inflation (%),Bono,Non-food,All sources,2021-08,3.6,ok,
gss.cpi,Year-on-year inflation (%),Bono,Non-food,All sources,2021-09,3.3,ok,
gss.cpi,Year-on-year inflation (%),Bono,Non-food,All sources,2021-10,3.6,ok,
gss.cpi,Year-on-year inflation (%),Bono,Non-food,All sources,2021-11,3.8,ok,
gss.cpi,Year-on-year inflation (%),Bono,Non-food,All sources,2021-12,3.7,ok,
gss.cpi,Year-on-year inflation (%),Bono,Non-food,All sources,2022-01,,held,yoy_consistency
gss.cpi,Year-on-year inflation (%),Bono,Non-food,All sources,2022-02,,held,yoy_consistency
gss.cpi,Year-on-year inflation (%),Bono,Non-food,All sources,2022-03,,held,yoy_consistency
gss.cpi,Year-on-year inflation (%),Bono,Non-food,All sources,2022-04,,held,yoy_consistency
gss.cpi,Year-on-year inflation (%),Bono,Non-food,All sources,2022-05,,held,yoy_consistency
gss.cpi,Year-on-year inflation (%),Bono,Non-food,All sources,2022-06,,held,yoy_consistency
gss.cpi,Year-on-year inflation (%),Bono,Non-food,All sources,2022-07,,held,yoy_consistency
gss.cpi,Year-on-year inflation (%),Bono,Non-food,All sources,2022-08,,held,yoy_consistency
gss.cpi,Year-on-year inflation (%),Bono,Non-food,All sources,2022-09,,held,yoy_consistency
gss.cpi,Year-on-year inflation (%),Bono,Non-food,All sources,2022-10,,held,yoy_consistency
gss.cpi,Year-on-year inflation (%),Bono,Non-food,All sources,2022-11,,held,yoy_consistency
gss.cpi,Year-on-year inflation (%),Bono,Non-food,All sources,2022-12,,held,yoy_consistency
gss.cpi,Year-on-year inflation (%),Bono,Non-food,All sources,2023-01,,held,yoy_consistency
gss.cpi,Year-on-year inflation (%),Bono,Non-food,All sources,2023-02,,held,yoy_consistency
gss.cpi,Year-on-year inflation (%),Bono,Non-food,All sources,2023-03,,held,yoy_consistency
gss.cpi,Year-on-year inflation (%),Bono,Non-food,All sources,2023-04,,held,yoy_consistency
gss.cpi,Year-on-year inflation (%),Bono,Non-food,All sources,2023-05,,held,yoy_consistency
gss.cpi,Year-on-year inflation (%),Bono,Non-food,All sources,2023-06,,held,yoy_consistency
gss.cpi,Year-on-year inflation (%),Bono,Non-food,All sources,2023-07,,held,yoy_consistency
gss.cpi,Year-on-year inflation (%),Bono,Non-food,All sources,2023-08,,held,yoy_consistency
gss.cpi,Year-on-year inflation (%),Bono,Non-food,All sources,2023-09,,held,yoy_consistency
gss.cpi,Year-on-year inflation (%),Bono,Non-food,All sources,2023-10,,held,yoy_consistency
gss.cpi,Year-on-year inflation (%),Bono,Non-food,All sources,2023-11,,held,yoy_consistency
gss.cpi,Year-on-year inflation (%),Bono,Non-food,All sources,2023-12,,held,yoy_consistency
gss.cpi,Year-on-year inflation (%),Bono,Non-food,All sources,2024-01,,held,yoy_consistency
gss.cpi,Year-on-year inflation (%),Bono,Non-food,All sources,2024-02,,held,yoy_consistency
gss.cpi,Year-on-year inflation (%),Bono,Non-food,All sources,2024-03,,held,yoy_consistency
gss.cpi,Year-on-year inflation (%),Bono,Non-food,All sources,2024-04,,held,yoy_consistency
gss.cpi,Year-on-year inflation (%),Bono,Non-food,All sources,2024-05,,held,yoy_consistency
gss.cpi,Year-on-year inflation (%),Bono,Non-food,All sources,2024-06,,held,yoy_consistency
gss.cpi,Year-on-year inflation (%),Bono,Non-food,All sources,2024-07,,held,yoy_consistency
gss.cpi,Year-on-year inflation (%),Bono,Non-food,All sources,2024-08,,held,yoy_consistency
gss.cpi,Year-on-year inflation (%),Bono,Non-food,All sources,2024-09,,held,yoy_consistency
gss.cpi,Year-on-year inflation (%),Bono,Non-food,All sources,2024-10,,held,yoy_consistency
gss.cpi,Year-on-year inflation (%),Bono,Non-food,All sources,2024-11,,held,yoy_consistency
gss.cpi,Year-on-year inflation (%),Bono,Non-food,All sources,2024-12,,held,yoy_consistency
gss.cpi,Year-on-year inflation (%),Bono,Non-food,All sources,2025-01,,held,yoy_consistency
gss.cpi,Year-on-year inflation (%),Bono,Non-food,All sources,2025-02,,held,yoy_consistency
gss.cpi,Year-on-year inflation (%),Bono,Non-food,All sources,2025-03,,held,yoy_consistency
gss.cpi,Year-on-year inflation (%),Bono,Non-food,All sources,2025-04,,held,yoy_consistency
gss.cpi,Year-on-year inflation (%),Bono,Non-food,All sources,2025-05,,held,yoy_consistency
gss.cpi,Year-on-year inflation (%),Bono,Non-food,All sources,2025-06,,held,yoy_consistency
gss.cpi,Year-on-year inflation (%),Bono,Non-food,All sources,2025-07,,held,regional_nonfood;yoy_consistency
gss.cpi,Year-on-year inflation (%),Bono,Non-food,All sources,2025-08,,held,yoy_consistency
gss.cpi,Year-on-year inflation (%),Bono,Non-food,All sources,2025-09,,held,yoy_consistency
gss.cpi,Year-on-year inflation (%),Bono,Non-food,All sources,2025-10,,held,regional_nonfood;yoy_consistency
gss.cpi,Year-on-year inflation (%),Bono,Non-food,All sources,2025-11,,held,yoy_consistency
gss.cpi,Year-on-year inflation (%),Bono,Non-food,All sources,2025-12,,held,yoy_consistency
gss.cpi,Year-on-year inflation (%),Bono,Non-food,All sources,2026-01,,held,yoy_band;yoy_consistency
gss.cpi,Year-on-year inflation (%),Bono,"Personal care, social protection and miscellaneous goods and services",All sources,2022-01,8.5,ok,
gss.cpi,Year-on-year inflation (%),Bono,"Personal care, social protection and miscellaneous goods and services",All sources,2022-02,13.9,ok,
gss.cpi,Year-on-year inflation (%),Bono,"Personal care, social protection and miscellaneous goods and services",All sources,2022-03,18.0,ok,
gss.cpi,Year-on-year inflation (%),Bono,"Personal care, social protection and miscellaneous goods and services",All sources,2022-04,22.6,ok,
gss.cpi,Year-on-year inflation (%),Bono,"Personal care, social protection and miscellaneous goods and services",All sources,2022-05,26.6,ok,
gss.cpi,Year-on-year inflation (%),Bono,"Personal care, social protection and miscellaneous goods and services",All sources,2022-06,32.0,ok,
gss.cpi,Year-on-year inflation (%),Bono,"Personal care, social protection and miscellaneous goods and services",All sources,2022-07,37.1,ok,
gss.cpi,Year-on-year inflation (%),Bono,"Personal care, social protection and miscellaneous goods and services",All sources,2022-08,35.7,ok,
gss.cpi,Year-on-year inflation (%),Bono,"Personal care, social protection and miscellaneous goods and services",All sources,2022-09,40.5,ok,
gss.cpi,Year-on-year inflation (%),Bono,"Personal care, social protection and miscellaneous goods and services",All sources,2022-10,49.9,ok,
gss.cpi,Year-on-year inflation (%),Bono,"Personal care, social protection and miscellaneous goods and services",All sources,2022-11,64.1,ok,
gss.cpi,Year-on-year inflation (%),Bono,"Personal care, social protection and miscellaneous goods and services",All sources,2022-12,70.9,ok,
gss.cpi,Year-on-year inflation (%),Bono,"Personal care, social protection and miscellaneous goods and services",All sources,2023-01,69.7,ok,
gss.cpi,Year-on-year inflation (%),Bono,"Personal care, social protection and miscellaneous goods and services",All sources,2023-02,65.8,ok,
gss.cpi,Year-on-year inflation (%),Bono,"Personal care, social protection and miscellaneous goods and services",All sources,2023-03,56.7,ok,
gss.cpi,Year-on-year inflation (%),Bono,"Personal care, social protection and miscellaneous goods and services",All sources,2023-04,52.2,ok,
gss.cpi,Year-on-year inflation (%),Bono,"Personal care, social protection and miscellaneous goods and services",All sources,2023-05,56.4,ok,
gss.cpi,Year-on-year inflation (%),Bono,"Personal care, social protection and miscellaneous goods and services",All sources,2023-06,55.7,ok,
gss.cpi,Year-on-year inflation (%),Bono,"Personal care, social protection and miscellaneous goods and services",All sources,2023-07,57.5,ok,
gss.cpi,Year-on-year inflation (%),Bono,"Personal care, social protection and miscellaneous goods and services",All sources,2023-08,56.7,ok,
gss.cpi,Year-on-year inflation (%),Bono,"Personal care, social protection and miscellaneous goods and services",All sources,2023-09,56.6,ok,
gss.cpi,Year-on-year inflation (%),Bono,"Personal care, social protection and miscellaneous goods and services",All sources,2023-10,46.6,ok,
gss.cpi,Year-on-year inflation (%),Bono,"Personal care, social protection and miscellaneous goods and services",All sources,2023-11,36.0,ok,
gss.cpi,Year-on-year inflation (%),Bono,"Personal care, social protection and miscellaneous goods and services",All sources,2023-12,30.7,ok,
gss.cpi,Year-on-year inflation (%),Bono,"Personal care, social protection and miscellaneous goods and services",All sources,2024-01,29.1,ok,
gss.cpi,Year-on-year inflation (%),Bono,"Personal care, social protection and miscellaneous goods and services",All sources,2024-02,26.5,ok,
gss.cpi,Year-on-year inflation (%),Bono,"Personal care, social protection and miscellaneous goods and services",All sources,2024-03,29.9,ok,
gss.cpi,Year-on-year inflation (%),Bono,"Personal care, social protection and miscellaneous goods and services",All sources,2024-04,29.8,ok,
gss.cpi,Year-on-year inflation (%),Bono,"Personal care, social protection and miscellaneous goods and services",All sources,2024-05,23.2,ok,
gss.cpi,Year-on-year inflation (%),Bono,"Personal care, social protection and miscellaneous goods and services",All sources,2024-06,19.9,ok,
gss.cpi,Year-on-year inflation (%),Bono,"Personal care, social protection and miscellaneous goods and services",All sources,2024-07,16.4,ok,
gss.cpi,Year-on-year inflation (%),Bono,"Personal care, social protection and miscellaneous goods and services",All sources,2024-08,13.1,ok,
gss.cpi,Year-on-year inflation (%),Bono,"Personal care, social protection and miscellaneous goods and services",All sources,2024-09,10.7,ok,
gss.cpi,Year-on-year inflation (%),Bono,"Personal care, social protection and miscellaneous goods and services",All sources,2024-10,12.8,ok,
gss.cpi,Year-on-year inflation (%),Bono,"Personal care, social protection and miscellaneous goods and services",All sources,2024-11,11.7,ok,
gss.cpi,Year-on-year inflation (%),Bono,"Personal care, social protection and miscellaneous goods and services",All sources,2024-12,11.8,ok,
gss.cpi,Year-on-year inflation (%),Bono,"Personal care, social protection and miscellaneous goods and services",All sources,2025-01,11.9,ok,
gss.cpi,Year-on-year inflation (%),Bono,"Personal care, social protection and miscellaneous goods and services",All sources,2025-02,11.6,ok,
gss.cpi,Year-on-year inflation (%),Bono,"Personal care, social protection and miscellaneous goods and services",All sources,2025-03,12.1,ok,
gss.cpi,Year-on-year inflation (%),Bono,"Personal care, social protection and miscellaneous goods and services",All sources,2025-04,12.3,ok,
gss.cpi,Year-on-year inflation (%),Bono,"Personal care, social protection and miscellaneous goods and services",All sources,2025-05,12.2,ok,
gss.cpi,Year-on-year inflation (%),Bono,"Personal care, social protection and miscellaneous goods and services",All sources,2025-06,6.1,ok,
gss.cpi,Year-on-year inflation (%),Bono,"Personal care, social protection and miscellaneous goods and services",All sources,2025-07,5.1,ok,
gss.cpi,Year-on-year inflation (%),Bono,"Personal care, social protection and miscellaneous goods and services",All sources,2025-08,5.8,ok,
gss.cpi,Year-on-year inflation (%),Bono,"Personal care, social protection and miscellaneous goods and services",All sources,2025-09,2.9,ok,
gss.cpi,Year-on-year inflation (%),Bono,"Personal care, social protection and miscellaneous goods and services",All sources,2025-10,2.7,ok,
gss.cpi,Year-on-year inflation (%),Bono,"Personal care, social protection and miscellaneous goods and services",All sources,2025-11,1.9,ok,
gss.cpi,Year-on-year inflation (%),Bono,"Personal care, social protection and miscellaneous goods and services",All sources,2025-12,1.8,ok,
gss.cpi,Year-on-year inflation (%),Bono,"Personal care, social protection and miscellaneous goods and services",All sources,2026-01,1.0,ok,
gss.cpi,Year-on-year inflation (%),Bono,"Recreation, sport and culture",All sources,2022-01,0.8,ok,
gss.cpi,Year-on-year inflation (%),Bono,"Recreation, sport and culture",All sources,2022-02,4.3,ok,
gss.cpi,Year-on-year inflation (%),Bono,"Recreation, sport and culture",All sources,2022-03,12.5,ok,
gss.cpi,Year-on-year inflation (%),Bono,"Recreation, sport and culture",All sources,2022-04,15.9,ok,
gss.cpi,Year-on-year inflation (%),Bono,"Recreation, sport and culture",All sources,2022-05,18.6,ok,
gss.cpi,Year-on-year inflation (%),Bono,"Recreation, sport and culture",All sources,2022-06,27.7,ok,
gss.cpi,Year-on-year inflation (%),Bono,"Recreation, sport and culture",All sources,2022-07,33.5,ok,
gss.cpi,Year-on-year inflation (%),Bono,"Recreation, sport and culture",All sources,2022-08,35.9,ok,
gss.cpi,Year-on-year inflation (%),Bono,"Recreation, sport and culture",All sources,2022-09,41.0,ok,
gss.cpi,Year-on-year inflation (%),Bono,"Recreation, sport and culture",All sources,2022-10,52.0,ok,
gss.cpi,Year-on-year inflation (%),Bono,"Recreation, sport and culture",All sources,2022-11,71.3,ok,
gss.cpi,Year-on-year inflation (%),Bono,"Recreation, sport and culture",All sources,2022-12,74.3,ok,
gss.cpi,Year-on-year inflation (%),Bono,"Recreation, sport and culture",All sources,2023-01,81.6,ok,
gss.cpi,Year-on-year inflation (%),Bono,"Recreation, sport and culture",All sources,2023-02,79.4,ok,
gss.cpi,Year-on-year inflation (%),Bono,"Recreation, sport and culture",All sources,2023-03,61.2,ok,
gss.cpi,Year-on-year inflation (%),Bono,"Recreation, sport and culture",All sources,2023-04,56.6,ok,
gss.cpi,Year-on-year inflation (%),Bono,"Recreation, sport and culture",All sources,2023-05,62.3,ok,
gss.cpi,Year-on-year inflation (%),Bono,"Recreation, sport and culture",All sources,2023-06,56.6,ok,
gss.cpi,Year-on-year inflation (%),Bono,"Recreation, sport and culture",All sources,2023-07,61.2,ok,
gss.cpi,Year-on-year inflation (%),Bono,"Recreation, sport and culture",All sources,2023-08,61.0,ok,
gss.cpi,Year-on-year inflation (%),Bono,"Recreation, sport and culture",All sources,2023-09,55.6,ok,
gss.cpi,Year-on-year inflation (%),Bono,"Recreation, sport and culture",All sources,2023-10,44.4,ok,
gss.cpi,Year-on-year inflation (%),Bono,"Recreation, sport and culture",All sources,2023-11,28.4,ok,
gss.cpi,Year-on-year inflation (%),Bono,"Recreation, sport and culture",All sources,2023-12,25.9,ok,
gss.cpi,Year-on-year inflation (%),Bono,"Recreation, sport and culture",All sources,2024-01,20.4,ok,
gss.cpi,Year-on-year inflation (%),Bono,"Recreation, sport and culture",All sources,2024-02,18.0,ok,
gss.cpi,Year-on-year inflation (%),Bono,"Recreation, sport and culture",All sources,2024-03,21.8,ok,
gss.cpi,Year-on-year inflation (%),Bono,"Recreation, sport and culture",All sources,2024-04,22.0,ok,
gss.cpi,Year-on-year inflation (%),Bono,"Recreation, sport and culture",All sources,2024-05,19.1,ok,
gss.cpi,Year-on-year inflation (%),Bono,"Recreation, sport and culture",All sources,2024-06,17.8,ok,
gss.cpi,Year-on-year inflation (%),Bono,"Recreation, sport and culture",All sources,2024-07,7.3,ok,
gss.cpi,Year-on-year inflation (%),Bono,"Recreation, sport and culture",All sources,2024-08,8.0,ok,
gss.cpi,Year-on-year inflation (%),Bono,"Recreation, sport and culture",All sources,2024-09,7.8,ok,
gss.cpi,Year-on-year inflation (%),Bono,"Recreation, sport and culture",All sources,2024-10,8.9,ok,
gss.cpi,Year-on-year inflation (%),Bono,"Recreation, sport and culture",All sources,2024-11,8.6,ok,
gss.cpi,Year-on-year inflation (%),Bono,"Recreation, sport and culture",All sources,2024-12,9.3,ok,
gss.cpi,Year-on-year inflation (%),Bono,"Recreation, sport and culture",All sources,2025-01,10.2,ok,
gss.cpi,Year-on-year inflation (%),Bono,"Recreation, sport and culture",All sources,2025-02,10.9,ok,
gss.cpi,Year-on-year inflation (%),Bono,"Recreation, sport and culture",All sources,2025-03,11.7,ok,
gss.cpi,Year-on-year inflation (%),Bono,"Recreation, sport and culture",All sources,2025-04,12.4,ok,
gss.cpi,Year-on-year inflation (%),Bono,"Recreation, sport and culture",All sources,2025-05,9.1,ok,
gss.cpi,Year-on-year inflation (%),Bono,"Recreation, sport and culture",All sources,2025-06,6.0,ok,
gss.cpi,Year-on-year inflation (%),Bono,"Recreation, sport and culture",All sources,2025-07,8.2,ok,
gss.cpi,Year-on-year inflation (%),Bono,"Recreation, sport and culture",All sources,2025-08,5.1,ok,
gss.cpi,Year-on-year inflation (%),Bono,"Recreation, sport and culture",All sources,2025-09,1.9,ok,
gss.cpi,Year-on-year inflation (%),Bono,"Recreation, sport and culture",All sources,2025-10,2.1,ok,
gss.cpi,Year-on-year inflation (%),Bono,"Recreation, sport and culture",All sources,2025-11,2.4,ok,
gss.cpi,Year-on-year inflation (%),Bono,"Recreation, sport and culture",All sources,2025-12,1.9,ok,
gss.cpi,Year-on-year inflation (%),Bono,"Recreation, sport and culture",All sources,2026-01,2.4,ok,
gss.cpi,Year-on-year inflation (%),Bono,Restaurants and accommodation services,All sources,2022-01,0.0,ok,
gss.cpi,Year-on-year inflation (%),Bono,Restaurants and accommodation services,All sources,2022-02,0.0,ok,
gss.cpi,Year-on-year inflation (%),Bono,Restaurants and accommodation services,All sources,2022-03,0.0,ok,
gss.cpi,Year-on-year inflation (%),Bono,Restaurants and accommodation services,All sources,2022-04,0.0,ok,
gss.cpi,Year-on-year inflation (%),Bono,Restaurants and accommodation services,All sources,2022-05,0.0,ok,
gss.cpi,Year-on-year inflation (%),Bono,Restaurants and accommodation services,All sources,2022-06,0.0,ok,
gss.cpi,Year-on-year inflation (%),Bono,Restaurants and accommodation services,All sources,2022-07,0.0,ok,
gss.cpi,Year-on-year inflation (%),Bono,Restaurants and accommodation services,All sources,2022-08,0.0,ok,
gss.cpi,Year-on-year inflation (%),Bono,Restaurants and accommodation services,All sources,2022-09,0.0,ok,
gss.cpi,Year-on-year inflation (%),Bono,Restaurants and accommodation services,All sources,2022-10,0.0,ok,
gss.cpi,Year-on-year inflation (%),Bono,Restaurants and accommodation services,All sources,2022-11,0.0,ok,
gss.cpi,Year-on-year inflation (%),Bono,Restaurants and accommodation services,All sources,2022-12,0.0,ok,
gss.cpi,Year-on-year inflation (%),Bono,Restaurants and accommodation services,All sources,2023-01,0.0,ok,
gss.cpi,Year-on-year inflation (%),Bono,Restaurants and accommodation services,All sources,2023-02,23.2,ok,
gss.cpi,Year-on-year inflation (%),Bono,Restaurants and accommodation services,All sources,2023-03,23.2,ok,
gss.cpi,Year-on-year inflation (%),Bono,Restaurants and accommodation services,All sources,2023-04,23.2,ok,
gss.cpi,Year-on-year inflation (%),Bono,Restaurants and accommodation services,All sources,2023-05,23.2,ok,
gss.cpi,Year-on-year inflation (%),Bono,Restaurants and accommodation services,All sources,2023-06,22.2,ok,
gss.cpi,Year-on-year inflation (%),Bono,Restaurants and accommodation services,All sources,2023-07,22.2,ok,
gss.cpi,Year-on-year inflation (%),Bono,Restaurants and accommodation services,All sources,2023-08,40.0,ok,
gss.cpi,Year-on-year inflation (%),Bono,Restaurants and accommodation services,All sources,2023-09,53.2,ok,
gss.cpi,Year-on-year inflation (%),Bono,Restaurants and accommodation services,All sources,2023-10,53.2,ok,
gss.cpi,Year-on-year inflation (%),Bono,Restaurants and accommodation services,All sources,2023-11,53.2,ok,
gss.cpi,Year-on-year inflation (%),Bono,Restaurants and accommodation services,All sources,2023-12,87.2,ok,
gss.cpi,Year-on-year inflation (%),Bono,Restaurants and accommodation services,All sources,2024-01,115.7,ok,
gss.cpi,Year-on-year inflation (%),Bono,Restaurants and accommodation services,All sources,2024-02,75.1,ok,
gss.cpi,Year-on-year inflation (%),Bono,Restaurants and accommodation services,All sources,2024-03,83.3,ok,
gss.cpi,Year-on-year inflation (%),Bono,Restaurants and accommodation services,All sources,2024-04,83.3,ok,
gss.cpi,Year-on-year inflation (%),Bono,Restaurants and accommodation services,All sources,2024-05,93.8,ok,
gss.cpi,Year-on-year inflation (%),Bono,Restaurants and accommodation services,All sources,2024-06,95.4,ok,
gss.cpi,Year-on-year inflation (%),Bono,Restaurants and accommodation services,All sources,2024-07,104.5,ok,
gss.cpi,Year-on-year inflation (%),Bono,Restaurants and accommodation services,All sources,2024-08,91.8,ok,
gss.cpi,Year-on-year inflation (%),Bono,Restaurants and accommodation services,All sources,2024-09,75.3,ok,
gss.cpi,Year-on-year inflation (%),Bono,Restaurants and accommodation services,All sources,2024-10,75.3,ok,
gss.cpi,Year-on-year inflation (%),Bono,Restaurants and accommodation services,All sources,2024-11,75.3,ok,
gss.cpi,Year-on-year inflation (%),Bono,Restaurants and accommodation services,All sources,2024-12,43.5,ok,
gss.cpi,Year-on-year inflation (%),Bono,Restaurants and accommodation services,All sources,2025-01,24.5,ok,
gss.cpi,Year-on-year inflation (%),Bono,Restaurants and accommodation services,All sources,2025-02,24.5,ok,
gss.cpi,Year-on-year inflation (%),Bono,Restaurants and accommodation services,All sources,2025-03,18.9,ok,
gss.cpi,Year-on-year inflation (%),Bono,Restaurants and accommodation services,All sources,2025-04,18.9,ok,
gss.cpi,Year-on-year inflation (%),Bono,Restaurants and accommodation services,All sources,2025-05,12.5,ok,
gss.cpi,Year-on-year inflation (%),Bono,Restaurants and accommodation services,All sources,2025-06,12.5,ok,
gss.cpi,Year-on-year inflation (%),Bono,Restaurants and accommodation services,All sources,2025-07,7.5,ok,
gss.cpi,Year-on-year inflation (%),Bono,Restaurants and accommodation services,All sources,2025-08,0.2,ok,
gss.cpi,Year-on-year inflation (%),Bono,Restaurants and accommodation services,All sources,2025-09,0.0,ok,
gss.cpi,Year-on-year inflation (%),Bono,Restaurants and accommodation services,All sources,2025-10,5.7,ok,
gss.cpi,Year-on-year inflation (%),Bono,Restaurants and accommodation services,All sources,2025-11,5.7,ok,
gss.cpi,Year-on-year inflation (%),Bono,Restaurants and accommodation services,All sources,2025-12,5.7,ok,
gss.cpi,Year-on-year inflation (%),Bono,Restaurants and accommodation services,All sources,2026-01,5.7,ok,
gss.cpi,Year-on-year inflation (%),Bono,Transport,All sources,2022-01,13.9,ok,
gss.cpi,Year-on-year inflation (%),Bono,Transport,All sources,2022-02,16.1,ok,
gss.cpi,Year-on-year inflation (%),Bono,Transport,All sources,2022-03,21.2,ok,
gss.cpi,Year-on-year inflation (%),Bono,Transport,All sources,2022-04,33.3,ok,
gss.cpi,Year-on-year inflation (%),Bono,Transport,All sources,2022-05,45.4,ok,
gss.cpi,Year-on-year inflation (%),Bono,Transport,All sources,2022-06,45.7,ok,
gss.cpi,Year-on-year inflation (%),Bono,Transport,All sources,2022-07,53.6,ok,
gss.cpi,Year-on-year inflation (%),Bono,Transport,All sources,2022-08,43.4,ok,
gss.cpi,Year-on-year inflation (%),Bono,Transport,All sources,2022-09,47.8,ok,
gss.cpi,Year-on-year inflation (%),Bono,Transport,All sources,2022-10,50.0,ok,
gss.cpi,Year-on-year inflation (%),Bono,Transport,All sources,2022-11,68.8,ok,
gss.cpi,Year-on-year inflation (%),Bono,Transport,All sources,2022-12,86.6,ok,
gss.cpi,Year-on-year inflation (%),Bono,Transport,All sources,2023-01,85.9,ok,
gss.cpi,Year-on-year inflation (%),Bono,Transport,All sources,2023-02,87.8,ok,
gss.cpi,Year-on-year inflation (%),Bono,Transport,All sources,2023-03,70.3,ok,
gss.cpi,Year-on-year inflation (%),Bono,Transport,All sources,2023-04,52.8,ok,
gss.cpi,Year-on-year inflation (%),Bono,Transport,All sources,2023-05,36.8,ok,
gss.cpi,Year-on-year inflation (%),Bono,Transport,All sources,2023-06,35.4,ok,
gss.cpi,Year-on-year inflation (%),Bono,Transport,All sources,2023-07,28.5,ok,
gss.cpi,Year-on-year inflation (%),Bono,Transport,All sources,2023-08,32.0,ok,
gss.cpi,Year-on-year inflation (%),Bono,Transport,All sources,2023-09,30.3,ok,
gss.cpi,Year-on-year inflation (%),Bono,Transport,All sources,2023-10,26.6,ok,
gss.cpi,Year-on-year inflation (%),Bono,Transport,All sources,2023-11,11.2,ok,
gss.cpi,Year-on-year inflation (%),Bono,Transport,All sources,2023-12,4.4,ok,
gss.cpi,Year-on-year inflation (%),Bono,Transport,All sources,2024-01,3.4,ok,
gss.cpi,Year-on-year inflation (%),Bono,Transport,All sources,2024-02,-0.2,ok,
gss.cpi,Year-on-year inflation (%),Bono,Transport,All sources,2024-03,5.6,ok,
gss.cpi,Year-on-year inflation (%),Bono,Transport,All sources,2024-04,11.1,ok,
gss.cpi,Year-on-year inflation (%),Bono,Transport,All sources,2024-05,10.3,ok,
gss.cpi,Year-on-year inflation (%),Bono,Transport,All sources,2024-06,10.9,ok,
gss.cpi,Year-on-year inflation (%),Bono,Transport,All sources,2024-07,10.7,ok,
gss.cpi,Year-on-year inflation (%),Bono,Transport,All sources,2024-08,5.3,ok,
gss.cpi,Year-on-year inflation (%),Bono,Transport,All sources,2024-09,4.2,ok,
gss.cpi,Year-on-year inflation (%),Bono,Transport,All sources,2024-10,5.3,ok,
gss.cpi,Year-on-year inflation (%),Bono,Transport,All sources,2024-11,8.0,ok,
gss.cpi,Year-on-year inflation (%),Bono,Transport,All sources,2024-12,5.1,ok,
gss.cpi,Year-on-year inflation (%),Bono,Transport,All sources,2025-01,6.7,ok,
gss.cpi,Year-on-year inflation (%),Bono,Transport,All sources,2025-02,7.3,ok,
gss.cpi,Year-on-year inflation (%),Bono,Transport,All sources,2025-03,6.0,ok,
gss.cpi,Year-on-year inflation (%),Bono,Transport,All sources,2025-04,0.6,ok,
gss.cpi,Year-on-year inflation (%),Bono,Transport,All sources,2025-05,0.0,ok,
gss.cpi,Year-on-year inflation (%),Bono,Transport,All sources,2025-06,-4.8,ok,
gss.cpi,Year-on-year inflation (%),Bono,Transport,All sources,2025-07,-6.1,ok,
gss.cpi,Year-on-year inflation (%),Bono,Transport,All sources,2025-08,0.6,ok,
gss.cpi,Year-on-year inflation (%),Bono,Transport,All sources,2025-09,1.3,ok,
gss.cpi,Year-on-year inflation (%),Bono,Transport,All sources,2025-10,0.2,ok,
gss.cpi,Year-on-year inflation (%),Bono,Transport,All sources,2025-11,-2.0,ok,
gss.cpi,Year-on-year inflation (%),Bono,Transport,All sources,2025-12,-4.9,ok,
gss.cpi,Year-on-year inflation (%),Bono,Transport,All sources,2026-01,-7.5,ok,
