date,pair,currency,rate,published,published_unit,ghs_per_unit,ghs_per_unit_of,status,rules
1999-01-04,USDGHS,US Dollar,Buying,"2,330.7300",GH¢ per USD,0.233073,GH¢ per USD,ok,
1999-01-04,USDGHS,US Dollar,Selling,"2,362.1800",GH¢ per USD,0.236218,GH¢ per USD,ok,
1999-01-04,USDGHS,US Dollar,Mid Rate,"2,346.4550",GH¢ per USD,0.2346455,GH¢ per USD,ok,
1999-01-04,AUDGHS,Australian Dollar,Buying,198.9000,GH¢ per AUD,0.01989,GH¢ per AUD,ok,
1999-01-04,AUDGHS,Australian Dollar,Selling,"1,460.5100",GH¢ per AUD,0.146051,GH¢ per AUD,ok,
1999-01-04,AUDGHS,Australian Dollar,Mid Rate,829.7050,GH¢ per AUD,0.0829705,GH¢ per AUD,ok,
1999-01-04,CADGHS,Canadian Dollar,Buying,"1,516.8700",GH¢ per CAD,0.151687,GH¢ per CAD,ok,
1999-01-04,CADGHS,Canadian Dollar,Selling,"1,535.8300",GH¢ per CAD,0.153583,GH¢ per CAD,ok,
1999-01-04,CADGHS,Canadian Dollar,Mid Rate,"1,526.3500",GH¢ per CAD,0.152635,GH¢ per CAD,ok,
1999-01-04,CHFGHS,Swiss Franc,Buying,"1,712.7800",GH¢ per CHF,0.171278,GH¢ per CHF,ok,
1999-01-04,CHFGHS,Swiss Franc,Selling,"1,734.1200",GH¢ per CHF,0.173412,GH¢ per CHF,ok,
1999-01-04,CHFGHS,Swiss Franc,Mid Rate,"1,723.4500",GH¢ per CHF,0.172345,GH¢ per CHF,ok,
1999-01-04,DKKGHS,Danish Krone,Buying,368.6000,GH¢ per DKK,0.03686,GH¢ per DKK,ok,
1999-01-04,DKKGHS,Danish Krone,Selling,373.2900,GH¢ per DKK,0.037329,GH¢ per DKK,ok,
1999-01-04,DKKGHS,Danish Krone,Mid Rate,370.9450,GH¢ per DKK,0.0370945,GH¢ per DKK,ok,
1999-01-04,GBPGHS,Pound Sterling,Buying,"3,888.3600",GH¢ per GBP,0.388836,GH¢ per GBP,ok,
1999-01-04,GBPGHS,Pound Sterling,Selling,"3,942.0100",GH¢ per GBP,0.394201,GH¢ per GBP,ok,
1999-01-04,GBPGHS,Pound Sterling,Mid Rate,"3,915.1850",GH¢ per GBP,0.3915185,GH¢ per GBP,ok,
1999-01-04,JPYGHS,Japanese yen,Buying,20.5300,GH¢ per JPY,0.002053,GH¢ per JPY,ok,
1999-01-04,JPYGHS,Japanese yen,Selling,20.8000,GH¢ per JPY,0.00208,GH¢ per JPY,ok,
1999-01-04,JPYGHS,Japanese yen,Mid Rate,20.6650,GH¢ per JPY,0.0020665,GH¢ per JPY,ok,
1999-01-04,NOKGHS,Norwegian Krone,Buying,310.0900,GH¢ per NOK,0.031009,GH¢ per NOK,ok,
1999-01-04,NOKGHS,Norwegian Krone,Selling,314.0700,GH¢ per NOK,0.031407,GH¢ per NOK,ok,
1999-01-04,NOKGHS,Norwegian Krone,Mid Rate,312.0800,GH¢ per NOK,0.031208,GH¢ per NOK,ok,
1999-01-04,SEKGHS,Swedish Krona,Buying,288.8100,GH¢ per SEK,0.028881,GH¢ per SEK,ok,
1999-01-04,SEKGHS,Swedish Krona,Selling,292.5200,GH¢ per SEK,0.029252,GH¢ per SEK,ok,
1999-01-04,SEKGHS,Swedish Krona,Mid Rate,290.6650,GH¢ per SEK,0.0290665,GH¢ per SEK,ok,
1999-01-05,USDGHS,US Dollar,Buying,"2,331.1800",GH¢ per USD,0.233118,GH¢ per USD,ok,
1999-01-05,USDGHS,US Dollar,Selling,"2,362.6400",GH¢ per USD,0.236264,GH¢ per USD,ok,
1999-01-05,USDGHS,US Dollar,Mid Rate,"2,346.9100",GH¢ per USD,0.234691,GH¢ per USD,ok,
1999-01-05,AUDGHS,Australian Dollar,Buying,200.2000,GH¢ per AUD,0.02002,GH¢ per AUD,ok,
1999-01-05,AUDGHS,Australian Dollar,Selling,"1,475.7000",GH¢ per AUD,0.14757,GH¢ per AUD,ok,
1999-01-05,AUDGHS,Australian Dollar,Mid Rate,837.9500,GH¢ per AUD,0.083795,GH¢ per AUD,ok,
1999-01-05,CADGHS,Canadian Dollar,Buying,"1,526.9200",GH¢ per CAD,0.152692,GH¢ per CAD,ok,
1999-01-05,CADGHS,Canadian Dollar,Selling,"1,546.5600",GH¢ per CAD,0.154656,GH¢ per CAD,ok,
1999-01-05,CADGHS,Canadian Dollar,Mid Rate,"1,536.7400",GH¢ per CAD,0.153674,GH¢ per CAD,ok,
1999-01-05,CHFGHS,Swiss Franc,Buying,"1,706.8500",GH¢ per CHF,0.170685,GH¢ per CHF,ok,
1999-01-05,CHFGHS,Swiss Franc,Selling,"1,728.5600",GH¢ per CHF,0.172856,GH¢ per CHF,ok,
1999-01-05,CHFGHS,Swiss Franc,Mid Rate,"1,717.7050",GH¢ per CHF,0.1717705,GH¢ per CHF,ok,
1999-01-05,DKKGHS,Danish Krone,Buying,370.0800,GH¢ per DKK,0.037008,GH¢ per DKK,ok,
1999-01-05,DKKGHS,Danish Krone,Selling,374.7100,GH¢ per DKK,0.037471,GH¢ per DKK,ok,
1999-01-05,DKKGHS,Danish Krone,Mid Rate,372.3950,GH¢ per DKK,0.0372395,GH¢ per DKK,ok,
1999-01-05,GBPGHS,Pound Sterling,Buying,"3,855.7700",GH¢ per GBP,0.385577,GH¢ per GBP,ok,
1999-01-05,GBPGHS,Pound Sterling,Selling,"3,910.1700",GH¢ per GBP,0.391017,GH¢ per GBP,ok,
1999-01-05,GBPGHS,Pound Sterling,Mid Rate,"3,882.9700",GH¢ per GBP,0.388297,GH¢ per GBP,ok,
1999-01-05,JPYGHS,Japanese yen,Buying,20.9400,GH¢ per JPY,0.002094,GH¢ per JPY,ok,
1999-01-05,JPYGHS,Japanese yen,Selling,21.2300,GH¢ per JPY,0.002123,GH¢ per JPY,ok,
1999-01-05,JPYGHS,Japanese yen,Mid Rate,21.0850,GH¢ per JPY,0.0021085,GH¢ per JPY,ok,
1999-01-05,NOKGHS,Norwegian Krone,Buying,313.0800,GH¢ per NOK,0.031308,GH¢ per NOK,ok,
1999-01-05,NOKGHS,Norwegian Krone,Selling,316.8800,GH¢ per NOK,0.031688,GH¢ per NOK,ok,
1999-01-05,NOKGHS,Norwegian Krone,Mid Rate,314.9800,GH¢ per NOK,0.031498,GH¢ per NOK,ok,
1999-01-05,SEKGHS,Swedish Krona,Buying,291.2300,GH¢ per SEK,0.029123,GH¢ per SEK,ok,
1999-01-05,SEKGHS,Swedish Krona,Selling,294.7900,GH¢ per SEK,0.029479,GH¢ per SEK,ok,
1999-01-05,SEKGHS,Swedish Krona,Mid Rate,293.0100,GH¢ per SEK,0.029301,GH¢ per SEK,ok,
1999-01-06,USDGHS,US Dollar,Buying,"2,331.7300",GH¢ per USD,0.233173,GH¢ per USD,ok,
1999-01-06,USDGHS,US Dollar,Selling,"2,363.3600",GH¢ per USD,0.236336,GH¢ per USD,ok,
1999-01-06,USDGHS,US Dollar,Mid Rate,"2,347.5450",GH¢ per USD,0.2347545,GH¢ per USD,ok,
1999-01-06,AUDGHS,Australian Dollar,Buying,200.2100,GH¢ per AUD,0.020021,GH¢ per AUD,ok,
1999-01-06,AUDGHS,Australian Dollar,Selling,"1,473.7400",GH¢ per AUD,0.147374,GH¢ per AUD,ok,
1999-01-06,AUDGHS,Australian Dollar,Mid Rate,836.9750,GH¢ per AUD,0.0836975,GH¢ per AUD,ok,
1999-01-06,CADGHS,Canadian Dollar,Buying,"1,542.5300",GH¢ per CAD,0.154253,GH¢ per CAD,ok,
1999-01-06,CADGHS,Canadian Dollar,Selling,"1,561.9300",GH¢ per CAD,0.156193,GH¢ per CAD,ok,
1999-01-06,CADGHS,Canadian Dollar,Mid Rate,"1,552.2300",GH¢ per CAD,0.155223,GH¢ per CAD,ok,
1999-01-06,CHFGHS,Swiss Franc,Buying,"1,675.8500",GH¢ per CHF,0.167585,GH¢ per CHF,ok,
1999-01-06,CHFGHS,Swiss Franc,Selling,"1,697.9800",GH¢ per CHF,0.169798,GH¢ per CHF,ok,
1999-01-06,CHFGHS,Swiss Franc,Mid Rate,"1,686.9150",GH¢ per CHF,0.1686915,GH¢ per CHF,ok,
1999-01-06,DKKGHS,Danish Krone,Buying,364.6500,GH¢ per DKK,0.036465,GH¢ per DKK,ok,
1999-01-06,DKKGHS,Danish Krone,Selling,369.4200,GH¢ per DKK,0.036942,GH¢ per DKK,ok,
1999-01-06,DKKGHS,Danish Krone,Mid Rate,367.0350,GH¢ per DKK,0.0367035,GH¢ per DKK,ok,
1999-01-06,GBPGHS,Pound Sterling,Buying,"3,851.5500",GH¢ per GBP,0.385155,GH¢ per GBP,ok,
1999-01-06,GBPGHS,Pound Sterling,Selling,"3,904.9800",GH¢ per GBP,0.390498,GH¢ per GBP,ok,
1999-01-06,GBPGHS,Pound Sterling,Mid Rate,"3,878.2650",GH¢ per GBP,0.3878265,GH¢ per GBP,ok,
1999-01-06,JPYGHS,Japanese yen,Buying,21.0300,GH¢ per JPY,0.002103,GH¢ per JPY,ok,
1999-01-06,JPYGHS,Japanese yen,Selling,21.3200,GH¢ per JPY,0.002132,GH¢ per JPY,ok,
1999-01-06,JPYGHS,Japanese yen,Mid Rate,21.1750,GH¢ per JPY,0.0021175,GH¢ per JPY,ok,
1999-01-06,NOKGHS,Norwegian Krone,Buying,314.3600,GH¢ per NOK,0.031436,GH¢ per NOK,ok,
1999-01-06,NOKGHS,Norwegian Krone,Selling,318.2000,GH¢ per NOK,0.03182,GH¢ per NOK,ok,
1999-01-06,NOKGHS,Norwegian Krone,Mid Rate,316.2800,GH¢ per NOK,0.031628,GH¢ per NOK,ok,
1999-01-06,SEKGHS,Swedish Krona,Buying,293.4800,GH¢ per SEK,0.029348,GH¢ per SEK,ok,
1999-01-06,SEKGHS,Swedish Krona,Selling,297.2700,GH¢ per SEK,0.029727,GH¢ per SEK,ok,
1999-01-06,SEKGHS,Swedish Krona,Mid Rate,295.3750,GH¢ per SEK,0.0295375,GH¢ per SEK,ok,
1999-01-07,USDGHS,US Dollar,Buying,"2,331.8200",GH¢ per USD,0.233182,GH¢ per USD,ok,
1999-01-07,USDGHS,US Dollar,Selling,"2,363.4500",GH¢ per USD,0.236345,GH¢ per USD,ok,
1999-01-07,USDGHS,US Dollar,Mid Rate,"2,347.6350",GH¢ per USD,0.2347635,GH¢ per USD,ok,
1999-01-07,AUDGHS,Australian Dollar,Buying,197.1900,GH¢ per AUD,0.019719,GH¢ per AUD,ok,
1999-01-07,AUDGHS,Australian Dollar,Selling,"1,487.0500",GH¢ per AUD,0.148705,GH¢ per AUD,ok,
1999-01-07,AUDGHS,Australian Dollar,Mid Rate,842.1200,GH¢ per AUD,0.084212,GH¢ per AUD,ok,
1999-01-07,CADGHS,Canadian Dollar,Buying,"1,541.6700",GH¢ per CAD,0.154167,GH¢ per CAD,ok,
1999-01-07,CADGHS,Canadian Dollar,Selling,"1,561.5300",GH¢ per CAD,0.156153,GH¢ per CAD,ok,
1999-01-07,CADGHS,Canadian Dollar,Mid Rate,"1,551.6000",GH¢ per CAD,0.15516,GH¢ per CAD,ok,
1999-01-07,CHFGHS,Swiss Franc,Buying,"1,675.8500",GH¢ per CHF,0.167585,GH¢ per CHF,ok,
1999-01-07,CHFGHS,Swiss Franc,Selling,"1,697.9800",GH¢ per CHF,0.169798,GH¢ per CHF,ok,
1999-01-07,CHFGHS,Swiss Franc,Mid Rate,"1,686.9150",GH¢ per CHF,0.1686915,GH¢ per CHF,ok,
1999-01-07,DKKGHS,Danish Krone,Buying,364.6500,GH¢ per DKK,0.036465,GH¢ per DKK,ok,
1999-01-07,DKKGHS,Danish Krone,Selling,369.4200,GH¢ per DKK,0.036942,GH¢ per DKK,ok,
1999-01-07,DKKGHS,Danish Krone,Mid Rate,367.0350,GH¢ per DKK,0.0367035,GH¢ per DKK,ok,
1999-01-07,GBPGHS,Pound Sterling,Buying,"3,862.6600",GH¢ per GBP,0.386266,GH¢ per GBP,ok,
1999-01-07,GBPGHS,Pound Sterling,Selling,"3,917.4200",GH¢ per GBP,0.391742,GH¢ per GBP,ok,
1999-01-07,GBPGHS,Pound Sterling,Mid Rate,"3,890.0400",GH¢ per GBP,0.389004,GH¢ per GBP,ok,
1999-01-07,JPYGHS,Japanese yen,Buying,21.0300,GH¢ per JPY,0.002103,GH¢ per JPY,ok,
1999-01-07,JPYGHS,Japanese yen,Selling,21.3200,GH¢ per JPY,0.002132,GH¢ per JPY,ok,
1999-01-07,JPYGHS,Japanese yen,Mid Rate,21.1750,GH¢ per JPY,0.0021175,GH¢ per JPY,ok,
1999-01-07,NOKGHS,Norwegian Krone,Buying,314.3600,GH¢ per NOK,0.031436,GH¢ per NOK,ok,
1999-01-07,NOKGHS,Norwegian Krone,Selling,318.2000,GH¢ per NOK,0.03182,GH¢ per NOK,ok,
1999-01-07,NOKGHS,Norwegian Krone,Mid Rate,316.2800,GH¢ per NOK,0.031628,GH¢ per NOK,ok,
1999-01-07,SEKGHS,Swedish Krona,Buying,293.4800,GH¢ per SEK,0.029348,GH¢ per SEK,ok,
1999-01-07,SEKGHS,Swedish Krona,Selling,297.2700,GH¢ per SEK,0.029727,GH¢ per SEK,ok,
1999-01-07,SEKGHS,Swedish Krona,Mid Rate,295.3750,GH¢ per SEK,0.0295375,GH¢ per SEK,ok,
1999-01-08,USDGHS,US Dollar,Buying,"2,331.8200",GH¢ per USD,0.233182,GH¢ per USD,ok,
1999-01-08,USDGHS,US Dollar,Selling,"2,363.4500",GH¢ per USD,0.236345,GH¢ per USD,ok,
1999-01-08,USDGHS,US Dollar,Mid Rate,"2,347.6350",GH¢ per USD,0.2347635,GH¢ per USD,ok,
1999-01-08,AUDGHS,Australian Dollar,Buying,197.7600,GH¢ per AUD,0.019776,GH¢ per AUD,ok,
1999-01-08,AUDGHS,Australian Dollar,Selling,"1,498.3700",GH¢ per AUD,0.149837,GH¢ per AUD,ok,
1999-01-08,AUDGHS,Australian Dollar,Mid Rate,848.0650,GH¢ per AUD,0.0848065,GH¢ per AUD,ok,
1999-01-08,CADGHS,Canadian Dollar,Buying,"1,541.2700",GH¢ per CAD,0.154127,GH¢ per CAD,ok,
1999-01-08,CADGHS,Canadian Dollar,Selling,"1,561.1800",GH¢ per CAD,0.156118,GH¢ per CAD,ok,
1999-01-08,CADGHS,Canadian Dollar,Mid Rate,"1,551.2250",GH¢ per CAD,0.1551225,GH¢ per CAD,ok,
1999-01-08,CHFGHS,Swiss Franc,Buying,"1,686.3600",GH¢ per CHF,0.168636,GH¢ per CHF,ok,
1999-01-08,CHFGHS,Swiss Franc,Selling,"1,707.9400",GH¢ per CHF,0.170794,GH¢ per CHF,ok,
1999-01-08,CHFGHS,Swiss Franc,Mid Rate,"1,697.1500",GH¢ per CHF,0.169715,GH¢ per CHF,ok,
1999-01-08,DKKGHS,Danish Krone,Buying,365.5500,GH¢ per DKK,0.036555,GH¢ per DKK,ok,
1999-01-08,DKKGHS,Danish Krone,Selling,370.3400,GH¢ per DKK,0.037034,GH¢ per DKK,ok,
1999-01-08,DKKGHS,Danish Krone,Mid Rate,367.9450,GH¢ per DKK,0.0367945,GH¢ per DKK,ok,
1999-01-08,GBPGHS,Pound Sterling,Buying,"3,826.5200",GH¢ per GBP,0.382652,GH¢ per GBP,ok,
1999-01-08,GBPGHS,Pound Sterling,Selling,"3,880.7800",GH¢ per GBP,0.388078,GH¢ per GBP,ok,
1999-01-08,GBPGHS,Pound Sterling,Mid Rate,"3,853.6500",GH¢ per GBP,0.385365,GH¢ per GBP,ok,
1999-01-08,JPYGHS,Japanese yen,Buying,20.9400,GH¢ per JPY,0.002094,GH¢ per JPY,ok,
1999-01-08,JPYGHS,Japanese yen,Selling,21.2300,GH¢ per JPY,0.002123,GH¢ per JPY,ok,
1999-01-08,JPYGHS,Japanese yen,Mid Rate,21.0850,GH¢ per JPY,0.0021085,GH¢ per JPY,ok,
1999-01-08,NOKGHS,Norwegian Krone,Buying,317.6900,GH¢ per NOK,0.031769,GH¢ per NOK,ok,
1999-01-08,NOKGHS,Norwegian Krone,Selling,321.8900,GH¢ per NOK,0.032189,GH¢ per NOK,ok,
1999-01-08,NOKGHS,Norwegian Krone,Mid Rate,319.7900,GH¢ per NOK,0.031979,GH¢ per NOK,ok,
1999-01-08,SEKGHS,Swedish Krona,Buying,296.9800,GH¢ per SEK,0.029698,GH¢ per SEK,ok,
1999-01-08,SEKGHS,Swedish Krona,Selling,300.8100,GH¢ per SEK,0.030081,GH¢ per SEK,ok,
1999-01-08,SEKGHS,Swedish Krona,Mid Rate,298.8950,GH¢ per SEK,0.0298895,GH¢ per SEK,ok,
1999-01-11,USDGHS,US Dollar,Buying,"2,333.6400",GH¢ per USD,0.233364,GH¢ per USD,ok,
1999-01-11,USDGHS,US Dollar,Selling,"2,365.2700",GH¢ per USD,0.236527,GH¢ per USD,ok,
1999-01-11,USDGHS,US Dollar,Mid Rate,"2,349.4550",GH¢ per USD,0.2349455,GH¢ per USD,ok,
1999-01-11,AUDGHS,Australian Dollar,Buying,196.8100,GH¢ per AUD,0.019681,GH¢ per AUD,ok,
1999-01-11,AUDGHS,Australian Dollar,Selling,"1,501.2100",GH¢ per AUD,0.150121,GH¢ per AUD,ok,
1999-01-11,AUDGHS,Australian Dollar,Mid Rate,849.0100,GH¢ per AUD,0.084901,GH¢ per AUD,ok,
1999-01-11,CADGHS,Canadian Dollar,Buying,"1,543.4300",GH¢ per CAD,0.154343,GH¢ per CAD,ok,
1999-01-11,CADGHS,Canadian Dollar,Selling,"1,563.2900",GH¢ per CAD,0.156329,GH¢ per CAD,ok,
1999-01-11,CADGHS,Canadian Dollar,Mid Rate,"1,553.3600",GH¢ per CAD,0.155336,GH¢ per CAD,ok,
1999-01-11,CHFGHS,Swiss Franc,Buying,"1,678.3700",GH¢ per CHF,0.167837,GH¢ per CHF,ok,
1999-01-11,CHFGHS,Swiss Franc,Selling,"1,699.9200",GH¢ per CHF,0.169992,GH¢ per CHF,ok,
1999-01-11,CHFGHS,Swiss Franc,Mid Rate,"1,689.1450",GH¢ per CHF,0.1689145,GH¢ per CHF,ok,
1999-01-11,DKKGHS,Danish Krone,Buying,363.8600,GH¢ per DKK,0.036386,GH¢ per DKK,ok,
1999-01-11,DKKGHS,Danish Krone,Selling,368.5600,GH¢ per DKK,0.036856,GH¢ per DKK,ok,
1999-01-11,DKKGHS,Danish Krone,Mid Rate,366.2100,GH¢ per DKK,0.036621,GH¢ per DKK,ok,
1999-01-11,GBPGHS,Pound Sterling,Buying,"3,827.8700",GH¢ per GBP,0.382787,GH¢ per GBP,ok,
1999-01-11,GBPGHS,Pound Sterling,Selling,"3,882.1200",GH¢ per GBP,0.388212,GH¢ per GBP,ok,
1999-01-11,GBPGHS,Pound Sterling,Mid Rate,"3,854.9950",GH¢ per GBP,0.3854995,GH¢ per GBP,ok,
1999-01-11,JPYGHS,Japanese yen,Buying,21.1900,GH¢ per JPY,0.002119,GH¢ per JPY,ok,
1999-01-11,JPYGHS,Japanese yen,Selling,21.4800,GH¢ per JPY,0.002148,GH¢ per JPY,ok,
1999-01-11,JPYGHS,Japanese yen,Mid Rate,21.3350,GH¢ per JPY,0.0021335,GH¢ per JPY,ok,
1999-01-11,NOKGHS,Norwegian Krone,Buying,315.6300,GH¢ per NOK,0.031563,GH¢ per NOK,ok,
1999-01-11,NOKGHS,Norwegian Krone,Selling,319.6900,GH¢ per NOK,0.031969,GH¢ per NOK,ok,
1999-01-11,NOKGHS,Norwegian Krone,Mid Rate,317.6600,GH¢ per NOK,0.031766,GH¢ per NOK,ok,
1999-01-11,SEKGHS,Swedish Krona,Buying,295.3500,GH¢ per SEK,0.029535,GH¢ per SEK,ok,
1999-01-11,SEKGHS,Swedish Krona,Selling,299.1600,GH¢ per SEK,0.029916,GH¢ per SEK,ok,
1999-01-11,SEKGHS,Swedish Krona,Mid Rate,297.2550,GH¢ per SEK,0.0297255,GH¢ per SEK,ok,
1999-01-12,USDGHS,US Dollar,Buying,"2,334.7300",GH¢ per USD,0.233473,GH¢ per USD,ok,
1999-01-12,USDGHS,US Dollar,Selling,"2,367.0000",GH¢ per USD,0.2367,GH¢ per USD,ok,
1999-01-12,USDGHS,US Dollar,Mid Rate,"2,350.8650",GH¢ per USD,0.2350865,GH¢ per USD,ok,
1999-01-12,AUDGHS,Australian Dollar,Buying,194.9000,GH¢ per AUD,0.01949,GH¢ per AUD,ok,
1999-01-12,AUDGHS,Australian Dollar,Selling,"1,510.9200",GH¢ per AUD,0.151092,GH¢ per AUD,ok,
1999-01-12,AUDGHS,Australian Dollar,Mid Rate,852.9100,GH¢ per AUD,0.085291,GH¢ per AUD,ok,
1999-01-12,CADGHS,Canadian Dollar,Buying,"1,550.5000",GH¢ per CAD,0.15505,GH¢ per CAD,ok,
1999-01-12,CADGHS,Canadian Dollar,Selling,"1,570.9100",GH¢ per CAD,0.157091,GH¢ per CAD,ok,
1999-01-12,CADGHS,Canadian Dollar,Mid Rate,"1,560.7050",GH¢ per CAD,0.1560705,GH¢ per CAD,ok,
1999-01-12,CHFGHS,Swiss Franc,Buying,"1,665.7800",GH¢ per CHF,0.166578,GH¢ per CHF,ok,
1999-01-12,CHFGHS,Swiss Franc,Selling,"1,687.5500",GH¢ per CHF,0.168755,GH¢ per CHF,ok,
1999-01-12,CHFGHS,Swiss Franc,Mid Rate,"1,676.6650",GH¢ per CHF,0.1676665,GH¢ per CHF,ok,
1999-01-12,DKKGHS,Danish Krone,Buying,360.4100,GH¢ per DKK,0.036041,GH¢ per DKK,ok,
1999-01-12,DKKGHS,Danish Krone,Selling,365.2200,GH¢ per DKK,0.036522,GH¢ per DKK,ok,
1999-01-12,DKKGHS,Danish Krone,Mid Rate,362.8150,GH¢ per DKK,0.0362815,GH¢ per DKK,ok,
1999-01-12,GBPGHS,Pound Sterling,Buying,"3,806.3100",GH¢ per GBP,0.380631,GH¢ per GBP,ok,
1999-01-12,GBPGHS,Pound Sterling,Selling,"3,861.2900",GH¢ per GBP,0.386129,GH¢ per GBP,ok,
1999-01-12,GBPGHS,Pound Sterling,Mid Rate,"3,833.8000",GH¢ per GBP,0.38338,GH¢ per GBP,ok,
1999-01-12,JPYGHS,Japanese yen,Buying,20.7400,GH¢ per JPY,0.002074,GH¢ per JPY,ok,
1999-01-12,JPYGHS,Japanese yen,Selling,21.0300,GH¢ per JPY,0.002103,GH¢ per JPY,ok,
1999-01-12,JPYGHS,Japanese yen,Mid Rate,20.8850,GH¢ per JPY,0.0020885,GH¢ per JPY,ok,
1999-01-12,NOKGHS,Norwegian Krone,Buying,313.4900,GH¢ per NOK,0.031349,GH¢ per NOK,ok,
1999-01-12,NOKGHS,Norwegian Krone,Selling,317.4000,GH¢ per NOK,0.03174,GH¢ per NOK,ok,
1999-01-12,NOKGHS,Norwegian Krone,Mid Rate,315.4450,GH¢ per NOK,0.0315445,GH¢ per NOK,ok,
1999-01-12,SEKGHS,Swedish Krona,Buying,296.5100,GH¢ per SEK,0.029651,GH¢ per SEK,ok,
1999-01-12,SEKGHS,Swedish Krona,Selling,300.4200,GH¢ per SEK,0.030042,GH¢ per SEK,ok,
1999-01-12,SEKGHS,Swedish Krona,Mid Rate,298.4650,GH¢ per SEK,0.0298465,GH¢ per SEK,ok,
1999-01-13,USDGHS,US Dollar,Buying,"2,335.2700",GH¢ per USD,0.233527,GH¢ per USD,ok,
1999-01-13,USDGHS,US Dollar,Selling,"2,368.3600",GH¢ per USD,0.236836,GH¢ per USD,ok,
1999-01-13,USDGHS,US Dollar,Mid Rate,"2,351.8150",GH¢ per USD,0.2351815,GH¢ per USD,ok,
1999-01-13,AUDGHS,Australian Dollar,Buying,196.9900,GH¢ per AUD,0.019699,GH¢ per AUD,ok,
1999-01-13,AUDGHS,Australian Dollar,Selling,"1,508.8300",GH¢ per AUD,0.150883,GH¢ per AUD,ok,
1999-01-13,AUDGHS,Australian Dollar,Mid Rate,852.9100,GH¢ per AUD,0.085291,GH¢ per AUD,ok,
1999-01-13,CADGHS,Canadian Dollar,Buying,"1,537.9400",GH¢ per CAD,0.153794,GH¢ per CAD,ok,
1999-01-13,CADGHS,Canadian Dollar,Selling,"1,559.4300",GH¢ per CAD,0.155943,GH¢ per CAD,ok,
1999-01-13,CADGHS,Canadian Dollar,Mid Rate,"1,548.6850",GH¢ per CAD,0.1548685,GH¢ per CAD,ok,
1999-01-13,CHFGHS,Swiss Franc,Buying,"1,697.3600",GH¢ per CHF,0.169736,GH¢ per CHF,ok,
1999-01-13,CHFGHS,Swiss Franc,Selling,"1,720.1700",GH¢ per CHF,0.172017,GH¢ per CHF,ok,
1999-01-13,CHFGHS,Swiss Franc,Mid Rate,"1,708.7650",GH¢ per CHF,0.1708765,GH¢ per CHF,ok,
1999-01-13,DKKGHS,Danish Krone,Buying,364.6400,GH¢ per DKK,0.036464,GH¢ per DKK,ok,
1999-01-13,DKKGHS,Danish Krone,Selling,369.2400,GH¢ per DKK,0.036924,GH¢ per DKK,ok,
1999-01-13,DKKGHS,Danish Krone,Mid Rate,366.9400,GH¢ per DKK,0.036694,GH¢ per DKK,ok,
1999-01-13,GBPGHS,Pound Sterling,Buying,"3,825.1700",GH¢ per GBP,0.382517,GH¢ per GBP,ok,
1999-01-13,GBPGHS,Pound Sterling,Selling,"3,881.7400",GH¢ per GBP,0.388174,GH¢ per GBP,ok,
1999-01-13,GBPGHS,Pound Sterling,Mid Rate,"3,853.4550",GH¢ per GBP,0.3853455,GH¢ per GBP,ok,
1999-01-13,JPYGHS,Japanese yen,Buying,20.9300,GH¢ per JPY,0.002093,GH¢ per JPY,ok,
1999-01-13,JPYGHS,Japanese yen,Selling,21.2300,GH¢ per JPY,0.002123,GH¢ per JPY,ok,
1999-01-13,JPYGHS,Japanese yen,Mid Rate,21.0800,GH¢ per JPY,0.002108,GH¢ per JPY,ok,
1999-01-13,NOKGHS,Norwegian Krone,Buying,313.5600,GH¢ per NOK,0.031356,GH¢ per NOK,ok,
1999-01-13,NOKGHS,Norwegian Krone,Selling,317.5800,GH¢ per NOK,0.031758,GH¢ per NOK,ok,
1999-01-13,NOKGHS,Norwegian Krone,Mid Rate,315.5700,GH¢ per NOK,0.031557,GH¢ per NOK,ok,
1999-01-13,SEKGHS,Swedish Krona,Buying,299.4300,GH¢ per SEK,0.029943,GH¢ per SEK,ok,
1999-01-13,SEKGHS,Swedish Krona,Selling,303.2800,GH¢ per SEK,0.030328,GH¢ per SEK,ok,
1999-01-13,SEKGHS,Swedish Krona,Mid Rate,301.3550,GH¢ per SEK,0.0301355,GH¢ per SEK,ok,
1999-01-14,USDGHS,US Dollar,Buying,"2,335.2700",GH¢ per USD,0.233527,GH¢ per USD,ok,
1999-01-14,USDGHS,US Dollar,Selling,"2,368.4500",GH¢ per USD,0.236845,GH¢ per USD,ok,
1999-01-14,USDGHS,US Dollar,Mid Rate,"2,351.8600",GH¢ per USD,0.235186,GH¢ per USD,ok,
1999-01-14,AUDGHS,Australian Dollar,Buying,197.4300,GH¢ per AUD,0.019743,GH¢ per AUD,ok,
1999-01-14,AUDGHS,Australian Dollar,Selling,"1,499.5400",GH¢ per AUD,0.149954,GH¢ per AUD,ok,
1999-01-14,AUDGHS,Australian Dollar,Mid Rate,848.4850,GH¢ per AUD,0.0848485,GH¢ per AUD,ok,
1999-01-14,CADGHS,Canadian Dollar,Buying,"1,533.2200",GH¢ per CAD,0.153322,GH¢ per CAD,ok,
1999-01-14,CADGHS,Canadian Dollar,Selling,"1,553.5500",GH¢ per CAD,0.155355,GH¢ per CAD,ok,
1999-01-14,CADGHS,Canadian Dollar,Mid Rate,"1,543.3850",GH¢ per CAD,0.1543385,GH¢ per CAD,ok,
1999-01-14,CHFGHS,Swiss Franc,Buying,"1,708.9600",GH¢ per CHF,0.170896,GH¢ per CHF,ok,
1999-01-14,CHFGHS,Swiss Franc,Selling,"1,731.4600",GH¢ per CHF,0.173146,GH¢ per CHF,ok,
1999-01-14,CHFGHS,Swiss Franc,Mid Rate,"1,720.2100",GH¢ per CHF,0.172021,GH¢ per CHF,ok,
1999-01-14,DKKGHS,Danish Krone,Buying,365.3000,GH¢ per DKK,0.03653,GH¢ per DKK,ok,
1999-01-14,DKKGHS,Danish Krone,Selling,369.8000,GH¢ per DKK,0.03698,GH¢ per DKK,ok,
1999-01-14,DKKGHS,Danish Krone,Mid Rate,367.5500,GH¢ per DKK,0.036755,GH¢ per DKK,ok,
1999-01-14,GBPGHS,Pound Sterling,Buying,"3,839.1800",GH¢ per GBP,0.383918,GH¢ per GBP,ok,
1999-01-14,GBPGHS,Pound Sterling,Selling,"3,894.9200",GH¢ per GBP,0.389492,GH¢ per GBP,ok,
1999-01-14,GBPGHS,Pound Sterling,Mid Rate,"3,867.0500",GH¢ per GBP,0.386705,GH¢ per GBP,ok,
1999-01-14,JPYGHS,Japanese yen,Buying,20.5800,GH¢ per JPY,0.002058,GH¢ per JPY,ok,
1999-01-14,JPYGHS,Japanese yen,Selling,20.8700,GH¢ per JPY,0.002087,GH¢ per JPY,ok,
1999-01-14,JPYGHS,Japanese yen,Mid Rate,20.7250,GH¢ per JPY,0.0020725,GH¢ per JPY,ok,
1999-01-14,NOKGHS,Norwegian Krone,Buying,313.0200,GH¢ per NOK,0.031302,GH¢ per NOK,ok,
1999-01-14,NOKGHS,Norwegian Krone,Selling,316.9500,GH¢ per NOK,0.031695,GH¢ per NOK,ok,
1999-01-14,NOKGHS,Norwegian Krone,Mid Rate,314.9850,GH¢ per NOK,0.0314985,GH¢ per NOK,ok,
1999-01-14,SEKGHS,Swedish Krona,Buying,299.7400,GH¢ per SEK,0.029974,GH¢ per SEK,ok,
1999-01-14,SEKGHS,Swedish Krona,Selling,303.5200,GH¢ per SEK,0.030352,GH¢ per SEK,ok,
1999-01-14,SEKGHS,Swedish Krona,Mid Rate,301.6300,GH¢ per SEK,0.030163,GH¢ per SEK,ok,
1999-01-15,USDGHS,US Dollar,Buying,"2,336.1800",GH¢ per USD,0.233618,GH¢ per USD,ok,
1999-01-15,USDGHS,US Dollar,Selling,"2,370.0000",GH¢ per USD,0.237,GH¢ per USD,ok,
1999-01-15,USDGHS,US Dollar,Mid Rate,"2,353.0900",GH¢ per USD,0.235309,GH¢ per USD,ok,
1999-01-15,AUDGHS,Australian Dollar,Buying,199.4300,GH¢ per AUD,0.019943,GH¢ per AUD,ok,
1999-01-15,AUDGHS,Australian Dollar,Selling,"1,493.8000",GH¢ per AUD,0.14938,GH¢ per AUD,ok,
1999-01-15,AUDGHS,Australian Dollar,Mid Rate,846.6150,GH¢ per AUD,0.0846615,GH¢ per AUD,ok,
1999-01-15,CADGHS,Canadian Dollar,Buying,"1,519.7600",GH¢ per CAD,0.151976,GH¢ per CAD,ok,
1999-01-15,CADGHS,Canadian Dollar,Selling,"1,540.7600",GH¢ per CAD,0.154076,GH¢ per CAD,ok,
1999-01-15,CADGHS,Canadian Dollar,Mid Rate,"1,530.2600",GH¢ per CAD,0.153026,GH¢ per CAD,ok,
1999-01-15,CHFGHS,Swiss Franc,Buying,"1,730.8400",GH¢ per CHF,0.173084,GH¢ per CHF,ok,
1999-01-15,CHFGHS,Swiss Franc,Selling,"1,754.6000",GH¢ per CHF,0.17546,GH¢ per CHF,ok,
1999-01-15,CHFGHS,Swiss Franc,Mid Rate,"1,742.7200",GH¢ per CHF,0.174272,GH¢ per CHF,ok,
1999-01-15,DKKGHS,Danish Krone,Buying,368.6500,GH¢ per DKK,0.036865,GH¢ per DKK,ok,
1999-01-15,DKKGHS,Danish Krone,Selling,373.7500,GH¢ per DKK,0.037375,GH¢ per DKK,ok,
1999-01-15,DKKGHS,Danish Krone,Mid Rate,371.2000,GH¢ per DKK,0.03712,GH¢ per DKK,ok,
1999-01-15,GBPGHS,Pound Sterling,Buying,"3,886.9400",GH¢ per GBP,0.388694,GH¢ per GBP,ok,
1999-01-15,GBPGHS,Pound Sterling,Selling,"3,945.5800",GH¢ per GBP,0.394558,GH¢ per GBP,ok,
1999-01-15,GBPGHS,Pound Sterling,Mid Rate,"3,916.2600",GH¢ per GBP,0.391626,GH¢ per GBP,ok,
1999-01-15,JPYGHS,Japanese yen,Buying,20.7800,GH¢ per JPY,0.002078,GH¢ per JPY,ok,
1999-01-15,JPYGHS,Japanese yen,Selling,21.0800,GH¢ per JPY,0.002108,GH¢ per JPY,ok,
1999-01-15,JPYGHS,Japanese yen,Mid Rate,20.9300,GH¢ per JPY,0.002093,GH¢ per JPY,ok,
1999-01-15,NOKGHS,Norwegian Krone,Buying,313.3500,GH¢ per NOK,0.031335,GH¢ per NOK,ok,
1999-01-15,NOKGHS,Norwegian Krone,Selling,317.6800,GH¢ per NOK,0.031768,GH¢ per NOK,ok,
1999-01-15,NOKGHS,Norwegian Krone,Mid Rate,315.5150,GH¢ per NOK,0.0315515,GH¢ per NOK,ok,
1999-01-15,SEKGHS,Swedish Krona,Buying,299.7000,GH¢ per SEK,0.02997,GH¢ per SEK,ok,
1999-01-15,SEKGHS,Swedish Krona,Selling,303.8400,GH¢ per SEK,0.030384,GH¢ per SEK,ok,
1999-01-15,SEKGHS,Swedish Krona,Mid Rate,301.7700,GH¢ per SEK,0.030177,GH¢ per SEK,ok,
1999-01-18,USDGHS,US Dollar,Buying,"2,336.5000",GH¢ per USD,0.23365,GH¢ per USD,ok,
1999-01-18,USDGHS,US Dollar,Selling,"2,370.1800",GH¢ per USD,0.237018,GH¢ per USD,ok,
1999-01-18,USDGHS,US Dollar,Mid Rate,"2,353.3400",GH¢ per USD,0.235334,GH¢ per USD,ok,
1999-01-18,AUDGHS,Australian Dollar,Buying,196.7300,GH¢ per AUD,0.019673,GH¢ per AUD,ok,
1999-01-18,AUDGHS,Australian Dollar,Selling,"1,506.5600",GH¢ per AUD,0.150656,GH¢ per AUD,ok,
1999-01-18,AUDGHS,Australian Dollar,Mid Rate,851.6450,GH¢ per AUD,0.0851645,GH¢ per AUD,ok,
1999-01-18,CADGHS,Canadian Dollar,Buying,"1,533.2500",GH¢ per CAD,0.153325,GH¢ per CAD,ok,
1999-01-18,CADGHS,Canadian Dollar,Selling,"1,553.9400",GH¢ per CAD,0.155394,GH¢ per CAD,ok,
1999-01-18,CADGHS,Canadian Dollar,Mid Rate,"1,543.5950",GH¢ per CAD,0.1543595,GH¢ per CAD,ok,
1999-01-18,CHFGHS,Swiss Franc,Buying,"1,694.3600",GH¢ per CHF,0.169436,GH¢ per CHF,ok,
1999-01-18,CHFGHS,Swiss Franc,Selling,"1,717.0900",GH¢ per CHF,0.171709,GH¢ per CHF,ok,
1999-01-18,CHFGHS,Swiss Franc,Mid Rate,"1,705.7250",GH¢ per CHF,0.1705725,GH¢ per CHF,ok,
1999-01-18,DKKGHS,Danish Krone,Buying,363.8000,GH¢ per DKK,0.03638,GH¢ per DKK,ok,
1999-01-18,DKKGHS,Danish Krone,Selling,368.7800,GH¢ per DKK,0.036878,GH¢ per DKK,ok,
1999-01-18,DKKGHS,Danish Krone,Mid Rate,366.2900,GH¢ per DKK,0.036629,GH¢ per DKK,ok,
1999-01-18,GBPGHS,Pound Sterling,Buying,"3,863.4900",GH¢ per GBP,0.386349,GH¢ per GBP,ok,
1999-01-18,GBPGHS,Pound Sterling,Selling,"3,920.2800",GH¢ per GBP,0.392028,GH¢ per GBP,ok,
1999-01-18,GBPGHS,Pound Sterling,Mid Rate,"3,891.8850",GH¢ per GBP,0.3891885,GH¢ per GBP,ok,
1999-01-18,JPYGHS,Japanese yen,Buying,20.4600,GH¢ per JPY,0.002046,GH¢ per JPY,ok,
1999-01-18,JPYGHS,Japanese yen,Selling,20.7500,GH¢ per JPY,0.002075,GH¢ per JPY,ok,
1999-01-18,JPYGHS,Japanese yen,Mid Rate,20.6050,GH¢ per JPY,0.0020605,GH¢ per JPY,ok,
1999-01-18,NOKGHS,Norwegian Krone,Buying,313.6300,GH¢ per NOK,0.031363,GH¢ per NOK,ok,
1999-01-18,NOKGHS,Norwegian Krone,Selling,317.7200,GH¢ per NOK,0.031772,GH¢ per NOK,ok,
1999-01-18,NOKGHS,Norwegian Krone,Mid Rate,315.6750,GH¢ per NOK,0.0315675,GH¢ per NOK,ok,
1999-01-18,SEKGHS,Swedish Krona,Buying,298.6400,GH¢ per SEK,0.029864,GH¢ per SEK,ok,
1999-01-18,SEKGHS,Swedish Krona,Selling,302.5500,GH¢ per SEK,0.030255,GH¢ per SEK,ok,
1999-01-18,SEKGHS,Swedish Krona,Mid Rate,300.5950,GH¢ per SEK,0.0300595,GH¢ per SEK,ok,
1999-01-20,USDGHS,US Dollar,Buying,"2,336.7300",GH¢ per USD,0.233673,GH¢ per USD,ok,
1999-01-20,USDGHS,US Dollar,Selling,"2,370.1800",GH¢ per USD,0.237018,GH¢ per USD,ok,
1999-01-20,USDGHS,US Dollar,Mid Rate,"2,353.4550",GH¢ per USD,0.2353455,GH¢ per USD,ok,
1999-01-20,AUDGHS,Australian Dollar,Buying,196.4700,GH¢ per AUD,0.019647,GH¢ per AUD,ok,
1999-01-20,AUDGHS,Australian Dollar,Selling,"1,516.6400",GH¢ per AUD,0.151664,GH¢ per AUD,ok,
1999-01-20,AUDGHS,Australian Dollar,Mid Rate,856.5550,GH¢ per AUD,0.0856555,GH¢ per AUD,ok,
1999-01-20,CADGHS,Canadian Dollar,Buying,"1,528.3600",GH¢ per CAD,0.152836,GH¢ per CAD,ok,
1999-01-20,CADGHS,Canadian Dollar,Selling,"1,549.1200",GH¢ per CAD,0.154912,GH¢ per CAD,ok,
1999-01-20,CADGHS,Canadian Dollar,Mid Rate,"1,538.7400",GH¢ per CAD,0.153874,GH¢ per CAD,ok,
1999-01-20,CHFGHS,Swiss Franc,Buying,"1,691.5700",GH¢ per CHF,0.169157,GH¢ per CHF,ok,
1999-01-20,CHFGHS,Swiss Franc,Selling,"1,715.0700",GH¢ per CHF,0.171507,GH¢ per CHF,ok,
1999-01-20,CHFGHS,Swiss Franc,Mid Rate,"1,703.3200",GH¢ per CHF,0.170332,GH¢ per CHF,ok,
1999-01-20,DKKGHS,Danish Krone,Buying,363.4700,GH¢ per DKK,0.036347,GH¢ per DKK,ok,
1999-01-20,DKKGHS,Danish Krone,Selling,368.6000,GH¢ per DKK,0.03686,GH¢ per DKK,ok,
1999-01-20,DKKGHS,Danish Krone,Mid Rate,366.0350,GH¢ per DKK,0.0366035,GH¢ per DKK,ok,
1999-01-20,GBPGHS,Pound Sterling,Buying,"3,863.5500",GH¢ per GBP,0.386355,GH¢ per GBP,ok,
1999-01-20,GBPGHS,Pound Sterling,Selling,"3,920.9900",GH¢ per GBP,0.392099,GH¢ per GBP,ok,
1999-01-20,GBPGHS,Pound Sterling,Mid Rate,"3,892.2700",GH¢ per GBP,0.389227,GH¢ per GBP,ok,
1999-01-20,JPYGHS,Japanese yen,Buying,20.6100,GH¢ per JPY,0.002061,GH¢ per JPY,ok,
1999-01-20,JPYGHS,Japanese yen,Selling,20.9100,GH¢ per JPY,0.002091,GH¢ per JPY,ok,
1999-01-20,JPYGHS,Japanese yen,Mid Rate,20.7600,GH¢ per JPY,0.002076,GH¢ per JPY,ok,
1999-01-20,NOKGHS,Norwegian Krone,Buying,313.8400,GH¢ per NOK,0.031384,GH¢ per NOK,ok,
1999-01-20,NOKGHS,Norwegian Krone,Selling,318.1200,GH¢ per NOK,0.031812,GH¢ per NOK,ok,
1999-01-20,NOKGHS,Norwegian Krone,Mid Rate,315.9800,GH¢ per NOK,0.031598,GH¢ per NOK,ok,
1999-01-20,SEKGHS,Swedish Krona,Buying,301.7500,GH¢ per SEK,0.030175,GH¢ per SEK,ok,
1999-01-20,SEKGHS,Swedish Krona,Selling,305.6700,GH¢ per SEK,0.030567,GH¢ per SEK,ok,
1999-01-20,SEKGHS,Swedish Krona,Mid Rate,303.7100,GH¢ per SEK,0.030371,GH¢ per SEK,ok,
1999-01-21,USDGHS,US Dollar,Buying,"2,337.2700",GH¢ per USD,0.233727,GH¢ per USD,ok,
1999-01-21,USDGHS,US Dollar,Selling,"2,370.1800",GH¢ per USD,0.237018,GH¢ per USD,ok,
1999-01-21,USDGHS,US Dollar,Mid Rate,"2,353.7250",GH¢ per USD,0.2353725,GH¢ per USD,ok,
1999-01-21,AUDGHS,Australian Dollar,Buying,196.7300,GH¢ per AUD,0.019673,GH¢ per AUD,ok,
1999-01-21,AUDGHS,Australian Dollar,Selling,"1,511.9200",GH¢ per AUD,0.151192,GH¢ per AUD,ok,
1999-01-21,AUDGHS,Australian Dollar,Mid Rate,854.3250,GH¢ per AUD,0.0854325,GH¢ per AUD,ok,
1999-01-21,CADGHS,Canadian Dollar,Buying,"1,535.6900",GH¢ per CAD,0.153569,GH¢ per CAD,ok,
1999-01-21,CADGHS,Canadian Dollar,Selling,"1,556.2300",GH¢ per CAD,0.155623,GH¢ per CAD,ok,
1999-01-21,CADGHS,Canadian Dollar,Mid Rate,"1,545.9600",GH¢ per CAD,0.154596,GH¢ per CAD,ok,
1999-01-21,CHFGHS,Swiss Franc,Buying,"1,687.2800",GH¢ per CHF,0.168728,GH¢ per CHF,ok,
1999-01-21,CHFGHS,Swiss Franc,Selling,"1,709.8200",GH¢ per CHF,0.170982,GH¢ per CHF,ok,
1999-01-21,CHFGHS,Swiss Franc,Mid Rate,"1,698.5500",GH¢ per CHF,0.169855,GH¢ per CHF,ok,
1999-01-21,DKKGHS,Danish Krone,Buying,363.9700,GH¢ per DKK,0.036397,GH¢ per DKK,ok,
1999-01-21,DKKGHS,Danish Krone,Selling,368.8100,GH¢ per DKK,0.036881,GH¢ per DKK,ok,
1999-01-21,DKKGHS,Danish Krone,Mid Rate,366.3900,GH¢ per DKK,0.036639,GH¢ per DKK,ok,
1999-01-21,GBPGHS,Pound Sterling,Buying,"3,850.8900",GH¢ per GBP,0.385089,GH¢ per GBP,ok,
1999-01-21,GBPGHS,Pound Sterling,Selling,"3,906.7700",GH¢ per GBP,0.390677,GH¢ per GBP,ok,
1999-01-21,GBPGHS,Pound Sterling,Mid Rate,"3,878.8300",GH¢ per GBP,0.387883,GH¢ per GBP,ok,
1999-01-21,JPYGHS,Japanese yen,Buying,20.6800,GH¢ per JPY,0.002068,GH¢ per JPY,ok,
1999-01-21,JPYGHS,Japanese yen,Selling,20.9600,GH¢ per JPY,0.002096,GH¢ per JPY,ok,
1999-01-21,JPYGHS,Japanese yen,Mid Rate,20.8200,GH¢ per JPY,0.002082,GH¢ per JPY,ok,
1999-01-21,NOKGHS,Norwegian Krone,Buying,314.1700,GH¢ per NOK,0.031417,GH¢ per NOK,ok,
1999-01-21,NOKGHS,Norwegian Krone,Selling,318.1700,GH¢ per NOK,0.031817,GH¢ per NOK,ok,
1999-01-21,NOKGHS,Norwegian Krone,Mid Rate,316.1700,GH¢ per NOK,0.031617,GH¢ per NOK,ok,
1999-01-21,SEKGHS,Swedish Krona,Buying,302.0700,GH¢ per SEK,0.030207,GH¢ per SEK,ok,
1999-01-21,SEKGHS,Swedish Krona,Selling,306.1300,GH¢ per SEK,0.030613,GH¢ per SEK,ok,
1999-01-21,SEKGHS,Swedish Krona,Mid Rate,304.1000,GH¢ per SEK,0.03041,GH¢ per SEK,ok,
1999-01-22,USDGHS,US Dollar,Buying,"2,338.1800",GH¢ per USD,0.233818,GH¢ per USD,ok,
1999-01-22,USDGHS,US Dollar,Selling,"2,370.8200",GH¢ per USD,0.237082,GH¢ per USD,ok,
1999-01-22,USDGHS,US Dollar,Mid Rate,"2,354.5000",GH¢ per USD,0.23545,GH¢ per USD,ok,
1999-01-22,AUDGHS,Australian Dollar,Buying,197.3500,GH¢ per AUD,0.019735,GH¢ per AUD,ok,
1999-01-22,AUDGHS,Australian Dollar,Selling,"1,517.2300",GH¢ per AUD,0.151723,GH¢ per AUD,ok,
1999-01-22,AUDGHS,Australian Dollar,Mid Rate,857.2900,GH¢ per AUD,0.085729,GH¢ per AUD,ok,
1999-01-22,CADGHS,Canadian Dollar,Buying,"1,547.4400",GH¢ per CAD,0.154744,GH¢ per CAD,ok,
1999-01-22,CADGHS,Canadian Dollar,Selling,"1,568.0100",GH¢ per CAD,0.156801,GH¢ per CAD,ok,
1999-01-22,CADGHS,Canadian Dollar,Mid Rate,"1,557.7250",GH¢ per CAD,0.1557725,GH¢ per CAD,ok,
1999-01-22,CHFGHS,Swiss Franc,Buying,"1,694.0500",GH¢ per CHF,0.169405,GH¢ per CHF,ok,
1999-01-22,CHFGHS,Swiss Franc,Selling,"1,716.4900",GH¢ per CHF,0.171649,GH¢ per CHF,ok,
1999-01-22,CHFGHS,Swiss Franc,Mid Rate,"1,705.2700",GH¢ per CHF,0.170527,GH¢ per CHF,ok,
1999-01-22,DKKGHS,Danish Krone,Buying,365.1600,GH¢ per DKK,0.036516,GH¢ per DKK,ok,
1999-01-22,DKKGHS,Danish Krone,Selling,370.0200,GH¢ per DKK,0.037002,GH¢ per DKK,ok,
1999-01-22,DKKGHS,Danish Krone,Mid Rate,367.5900,GH¢ per DKK,0.036759,GH¢ per DKK,ok,
1999-01-22,GBPGHS,Pound Sterling,Buying,"3,867.3500",GH¢ per GBP,0.386735,GH¢ per GBP,ok,
1999-01-22,GBPGHS,Pound Sterling,Selling,"3,922.5200",GH¢ per GBP,0.392252,GH¢ per GBP,ok,
1999-01-22,GBPGHS,Pound Sterling,Mid Rate,"3,894.9350",GH¢ per GBP,0.3894935,GH¢ per GBP,ok,
1999-01-22,JPYGHS,Japanese yen,Buying,20.5900,GH¢ per JPY,0.002059,GH¢ per JPY,ok,
1999-01-22,JPYGHS,Japanese yen,Selling,20.8700,GH¢ per JPY,0.002087,GH¢ per JPY,ok,
1999-01-22,JPYGHS,Japanese yen,Mid Rate,20.7300,GH¢ per JPY,0.002073,GH¢ per JPY,ok,
1999-01-22,NOKGHS,Norwegian Krone,Buying,314.7200,GH¢ per NOK,0.031472,GH¢ per NOK,ok,
1999-01-22,NOKGHS,Norwegian Krone,Selling,318.8900,GH¢ per NOK,0.031889,GH¢ per NOK,ok,
1999-01-22,NOKGHS,Norwegian Krone,Mid Rate,316.8050,GH¢ per NOK,0.0316805,GH¢ per NOK,ok,
1999-01-22,SEKGHS,Swedish Krona,Buying,301.1400,GH¢ per SEK,0.030114,GH¢ per SEK,ok,
1999-01-22,SEKGHS,Swedish Krona,Selling,305.1500,GH¢ per SEK,0.030515,GH¢ per SEK,ok,
1999-01-22,SEKGHS,Swedish Krona,Mid Rate,303.1450,GH¢ per SEK,0.0303145,GH¢ per SEK,ok,
1999-01-25,USDGHS,US Dollar,Buying,"2,338.2700",GH¢ per USD,0.233827,GH¢ per USD,ok,
1999-01-25,USDGHS,US Dollar,Selling,"2,370.9100",GH¢ per USD,0.237091,GH¢ per USD,ok,
1999-01-25,USDGHS,US Dollar,Mid Rate,"2,354.5900",GH¢ per USD,0.235459,GH¢ per USD,ok,
1999-01-25,AUDGHS,Australian Dollar,Buying,197.1500,GH¢ per AUD,0.019715,GH¢ per AUD,ok,
1999-01-25,AUDGHS,Australian Dollar,Selling,"1,497.0300",GH¢ per AUD,0.149703,GH¢ per AUD,ok,
1999-01-25,AUDGHS,Australian Dollar,Mid Rate,847.0900,GH¢ per AUD,0.084709,GH¢ per AUD,ok,
1999-01-25,CADGHS,Canadian Dollar,Buying,"1,537.0900",GH¢ per CAD,0.153709,GH¢ per CAD,ok,
1999-01-25,CADGHS,Canadian Dollar,Selling,"1,557.5100",GH¢ per CAD,0.155751,GH¢ per CAD,ok,
1999-01-25,CADGHS,Canadian Dollar,Mid Rate,"1,547.3000",GH¢ per CAD,0.15473,GH¢ per CAD,ok,
1999-01-25,CHFGHS,Swiss Franc,Buying,"1,700.4500",GH¢ per CHF,0.170045,GH¢ per CHF,ok,
1999-01-25,CHFGHS,Swiss Franc,Selling,"1,722.8800",GH¢ per CHF,0.172288,GH¢ per CHF,ok,
1999-01-25,CHFGHS,Swiss Franc,Mid Rate,"1,711.6650",GH¢ per CHF,0.1711665,GH¢ per CHF,ok,
1999-01-25,DKKGHS,Danish Krone,Buying,365.3100,GH¢ per DKK,0.036531,GH¢ per DKK,ok,
1999-01-25,DKKGHS,Danish Krone,Selling,369.8400,GH¢ per DKK,0.036984,GH¢ per DKK,ok,
1999-01-25,DKKGHS,Danish Krone,Mid Rate,367.5750,GH¢ per DKK,0.0367575,GH¢ per DKK,ok,
1999-01-25,GBPGHS,Pound Sterling,Buying,"3,876.8500",GH¢ per GBP,0.387685,GH¢ per GBP,ok,
1999-01-25,GBPGHS,Pound Sterling,Selling,"3,933.3400",GH¢ per GBP,0.393334,GH¢ per GBP,ok,
1999-01-25,GBPGHS,Pound Sterling,Mid Rate,"3,905.0950",GH¢ per GBP,0.3905095,GH¢ per GBP,ok,
1999-01-25,JPYGHS,Japanese yen,Buying,20.4300,GH¢ per JPY,0.002043,GH¢ per JPY,ok,
1999-01-25,JPYGHS,Japanese yen,Selling,20.7200,GH¢ per JPY,0.002072,GH¢ per JPY,ok,
1999-01-25,JPYGHS,Japanese yen,Mid Rate,20.5750,GH¢ per JPY,0.0020575,GH¢ per JPY,ok,
1999-01-25,NOKGHS,Norwegian Krone,Buying,315.2500,GH¢ per NOK,0.031525,GH¢ per NOK,ok,
1999-01-25,NOKGHS,Norwegian Krone,Selling,319.2200,GH¢ per NOK,0.031922,GH¢ per NOK,ok,
1999-01-25,NOKGHS,Norwegian Krone,Mid Rate,317.2350,GH¢ per NOK,0.0317235,GH¢ per NOK,ok,
1999-01-25,SEKGHS,Swedish Krona,Buying,304.0600,GH¢ per SEK,0.030406,GH¢ per SEK,ok,
1999-01-25,SEKGHS,Swedish Krona,Selling,308.1000,GH¢ per SEK,0.03081,GH¢ per SEK,ok,
1999-01-25,SEKGHS,Swedish Krona,Mid Rate,306.0800,GH¢ per SEK,0.030608,GH¢ per SEK,ok,
1999-01-26,USDGHS,US Dollar,Buying,"2,339.1800",GH¢ per USD,0.233918,GH¢ per USD,ok,
1999-01-26,USDGHS,US Dollar,Selling,"2,371.8200",GH¢ per USD,0.237182,GH¢ per USD,ok,
1999-01-26,USDGHS,US Dollar,Mid Rate,"2,355.5000",GH¢ per USD,0.23555,GH¢ per USD,ok,
1999-01-26,AUDGHS,Australian Dollar,Buying,196.5500,GH¢ per AUD,0.019655,GH¢ per AUD,ok,
1999-01-26,AUDGHS,Australian Dollar,Selling,"1,501.2600",GH¢ per AUD,0.150126,GH¢ per AUD,ok,
1999-01-26,AUDGHS,Australian Dollar,Mid Rate,848.9050,GH¢ per AUD,0.0848905,GH¢ per AUD,ok,
1999-01-26,CADGHS,Canadian Dollar,Buying,"1,542.9200",GH¢ per CAD,0.154292,GH¢ per CAD,ok,
1999-01-26,CADGHS,Canadian Dollar,Selling,"1,563.4900",GH¢ per CAD,0.156349,GH¢ per CAD,ok,
1999-01-26,CADGHS,Canadian Dollar,Mid Rate,"1,553.2050",GH¢ per CAD,0.1553205,GH¢ per CAD,ok,
1999-01-26,CHFGHS,Swiss Franc,Buying,"1,687.3300",GH¢ per CHF,0.168733,GH¢ per CHF,ok,
1999-01-26,CHFGHS,Swiss Franc,Selling,"1,709.0900",GH¢ per CHF,0.170909,GH¢ per CHF,ok,
1999-01-26,CHFGHS,Swiss Franc,Mid Rate,"1,698.2100",GH¢ per CHF,0.169821,GH¢ per CHF,ok,
1999-01-26,DKKGHS,Danish Krone,Buying,363.7600,GH¢ per DKK,0.036376,GH¢ per DKK,ok,
1999-01-26,DKKGHS,Danish Krone,Selling,368.4400,GH¢ per DKK,0.036844,GH¢ per DKK,ok,
1999-01-26,DKKGHS,Danish Krone,Mid Rate,366.1000,GH¢ per DKK,0.03661,GH¢ per DKK,ok,
1999-01-26,GBPGHS,Pound Sterling,Buying,"3,884.9100",GH¢ per GBP,0.388491,GH¢ per GBP,ok,
1999-01-26,GBPGHS,Pound Sterling,Selling,"3,940.3000",GH¢ per GBP,0.39403,GH¢ per GBP,ok,
1999-01-26,GBPGHS,Pound Sterling,Mid Rate,"3,912.6050",GH¢ per GBP,0.3912605,GH¢ per GBP,ok,
1999-01-26,JPYGHS,Japanese yen,Buying,20.6200,GH¢ per JPY,0.002062,GH¢ per JPY,ok,
1999-01-26,JPYGHS,Japanese yen,Selling,20.9000,GH¢ per JPY,0.00209,GH¢ per JPY,ok,
1999-01-26,JPYGHS,Japanese yen,Mid Rate,20.7600,GH¢ per JPY,0.002076,GH¢ per JPY,ok,
1999-01-26,NOKGHS,Norwegian Krone,Buying,314.3900,GH¢ per NOK,0.031439,GH¢ per NOK,ok,
1999-01-26,NOKGHS,Norwegian Krone,Selling,318.2600,GH¢ per NOK,0.031826,GH¢ per NOK,ok,
1999-01-26,NOKGHS,Norwegian Krone,Mid Rate,316.3250,GH¢ per NOK,0.0316325,GH¢ per NOK,ok,
1999-01-26,SEKGHS,Swedish Krona,Buying,303.4000,GH¢ per SEK,0.03034,GH¢ per SEK,ok,
1999-01-26,SEKGHS,Swedish Krona,Selling,307.1400,GH¢ per SEK,0.030714,GH¢ per SEK,ok,
1999-01-26,SEKGHS,Swedish Krona,Mid Rate,305.2700,GH¢ per SEK,0.030527,GH¢ per SEK,ok,
1999-01-27,USDGHS,US Dollar,Buying,"1,679.3300",GH¢ per USD,,GH¢ per USD,held,FX1_outlier
1999-01-27,USDGHS,US Dollar,Selling,"1,701.5700",GH¢ per USD,,GH¢ per USD,held,FX1_outlier
1999-01-27,USDGHS,US Dollar,Mid Rate,"1,690.4500",GH¢ per USD,,GH¢ per USD,held,FX1_outlier
1999-01-27,AUDGHS,Australian Dollar,Buying,196.0800,GH¢ per AUD,0.019608,GH¢ per AUD,ok,
1999-01-27,AUDGHS,Australian Dollar,Selling,"1,498.4300",GH¢ per AUD,0.149843,GH¢ per AUD,ok,
1999-01-27,AUDGHS,Australian Dollar,Mid Rate,847.2550,GH¢ per AUD,0.0847255,GH¢ per AUD,ok,
1999-01-27,CADGHS,Canadian Dollar,Buying,"1,538.7000",GH¢ per CAD,0.15387,GH¢ per CAD,ok,
1999-01-27,CADGHS,Canadian Dollar,Selling,"1,559.1900",GH¢ per CAD,0.155919,GH¢ per CAD,ok,
1999-01-27,CADGHS,Canadian Dollar,Mid Rate,"1,548.9450",GH¢ per CAD,0.1548945,GH¢ per CAD,ok,
1999-01-27,DKKGHS,Danish Krone,Buying,362.8900,GH¢ per DKK,0.036289,GH¢ per DKK,ok,
1999-01-27,DKKGHS,Danish Krone,Selling,367.8400,GH¢ per DKK,0.036784,GH¢ per DKK,ok,
1999-01-27,DKKGHS,Danish Krone,Mid Rate,365.3650,GH¢ per DKK,0.0365365,GH¢ per DKK,ok,
1999-01-27,GBPGHS,Pound Sterling,Buying,"3,873.3600",GH¢ per GBP,0.387336,GH¢ per GBP,ok,
1999-01-27,GBPGHS,Pound Sterling,Selling,"3,929.7800",GH¢ per GBP,0.392978,GH¢ per GBP,ok,
1999-01-27,GBPGHS,Pound Sterling,Mid Rate,"3,901.5700",GH¢ per GBP,0.390157,GH¢ per GBP,ok,
1999-01-27,JPYGHS,Japanese yen,Buying,20.5600,GH¢ per JPY,0.002056,GH¢ per JPY,ok,
1999-01-27,JPYGHS,Japanese yen,Selling,20.8500,GH¢ per JPY,0.002085,GH¢ per JPY,ok,
1999-01-27,JPYGHS,Japanese yen,Mid Rate,20.7050,GH¢ per JPY,0.0020705,GH¢ per JPY,ok,
1999-01-27,NOKGHS,Norwegian Krone,Buying,313.7700,GH¢ per NOK,0.031377,GH¢ per NOK,ok,
1999-01-27,NOKGHS,Norwegian Krone,Selling,317.9400,GH¢ per NOK,0.031794,GH¢ per NOK,ok,
1999-01-27,NOKGHS,Norwegian Krone,Mid Rate,315.8550,GH¢ per NOK,0.0315855,GH¢ per NOK,ok,
1999-01-27,SEKGHS,Swedish Krona,Buying,303.6300,GH¢ per SEK,0.030363,GH¢ per SEK,ok,
1999-01-27,SEKGHS,Swedish Krona,Selling,307.4700,GH¢ per SEK,0.030747,GH¢ per SEK,ok,
1999-01-27,SEKGHS,Swedish Krona,Mid Rate,305.5500,GH¢ per SEK,0.030555,GH¢ per SEK,ok,
1999-01-28,USDGHS,US Dollar,Buying,"2,340.1800",GH¢ per USD,0.234018,GH¢ per USD,ok,
1999-01-28,USDGHS,US Dollar,Selling,"2,372.8200",GH¢ per USD,0.237282,GH¢ per USD,ok,
1999-01-28,USDGHS,US Dollar,Mid Rate,"2,356.5000",GH¢ per USD,0.23565,GH¢ per USD,ok,
1999-01-28,AUDGHS,Australian Dollar,Buying,194.8700,GH¢ per AUD,0.019487,GH¢ per AUD,ok,
1999-01-28,AUDGHS,Australian Dollar,Selling,"1,488.6300",GH¢ per AUD,0.148863,GH¢ per AUD,ok,
1999-01-28,AUDGHS,Australian Dollar,Mid Rate,841.7500,GH¢ per AUD,0.084175,GH¢ per AUD,ok,
1999-01-28,CADGHS,Canadian Dollar,Buying,"1,539.8900",GH¢ per CAD,0.153989,GH¢ per CAD,ok,
1999-01-28,CADGHS,Canadian Dollar,Selling,"1,560.3800",GH¢ per CAD,0.156038,GH¢ per CAD,ok,
1999-01-28,CADGHS,Canadian Dollar,Mid Rate,"1,550.1350",GH¢ per CAD,0.1550135,GH¢ per CAD,ok,
1999-01-28,CHFGHS,Swiss Franc,Buying,"1,663.9800",GH¢ per CHF,0.166398,GH¢ per CHF,ok,
1999-01-28,CHFGHS,Swiss Franc,Selling,"1,685.9500",GH¢ per CHF,0.168595,GH¢ per CHF,ok,
1999-01-28,CHFGHS,Swiss Franc,Mid Rate,"1,674.9650",GH¢ per CHF,0.1674965,GH¢ per CHF,ok,
1999-01-28,DKKGHS,Danish Krone,Buying,360.7300,GH¢ per DKK,0.036073,GH¢ per DKK,ok,
1999-01-28,DKKGHS,Danish Krone,Selling,365.5900,GH¢ per DKK,0.036559,GH¢ per DKK,ok,
1999-01-28,DKKGHS,Danish Krone,Mid Rate,363.1600,GH¢ per DKK,0.036316,GH¢ per DKK,ok,
1999-01-28,GBPGHS,Pound Sterling,Buying,"3,853.1100",GH¢ per GBP,0.385311,GH¢ per GBP,ok,
1999-01-28,GBPGHS,Pound Sterling,Selling,"3,909.2200",GH¢ per GBP,0.390922,GH¢ per GBP,ok,
1999-01-28,GBPGHS,Pound Sterling,Mid Rate,"3,881.1650",GH¢ per GBP,0.3881165,GH¢ per GBP,ok,
1999-01-28,JPYGHS,Japanese yen,Buying,20.2800,GH¢ per JPY,0.002028,GH¢ per JPY,ok,
1999-01-28,JPYGHS,Japanese yen,Selling,20.5600,GH¢ per JPY,0.002056,GH¢ per JPY,ok,
1999-01-28,JPYGHS,Japanese yen,Mid Rate,20.4200,GH¢ per JPY,0.002042,GH¢ per JPY,ok,
1999-01-28,NOKGHS,Norwegian Krone,Buying,313.8500,GH¢ per NOK,0.031385,GH¢ per NOK,ok,
1999-01-28,NOKGHS,Norwegian Krone,Selling,318.0100,GH¢ per NOK,0.031801,GH¢ per NOK,ok,
1999-01-28,NOKGHS,Norwegian Krone,Mid Rate,315.9300,GH¢ per NOK,0.031593,GH¢ per NOK,ok,
1999-01-28,SEKGHS,Swedish Krona,Buying,303.4700,GH¢ per SEK,0.030347,GH¢ per SEK,ok,
1999-01-28,SEKGHS,Swedish Krona,Selling,307.3000,GH¢ per SEK,0.03073,GH¢ per SEK,ok,
1999-01-28,SEKGHS,Swedish Krona,Mid Rate,305.3850,GH¢ per SEK,0.0305385,GH¢ per SEK,ok,
1999-01-29,USDGHS,US Dollar,Buying,"2,341.6400",GH¢ per USD,0.234164,GH¢ per USD,ok,
1999-01-29,USDGHS,US Dollar,Selling,"2,374.0000",GH¢ per USD,0.2374,GH¢ per USD,ok,
1999-01-29,USDGHS,US Dollar,Mid Rate,"2,357.8200",GH¢ per USD,0.235782,GH¢ per USD,ok,
1999-01-29,AUDGHS,Australian Dollar,Buying,194.1600,GH¢ per AUD,0.019416,GH¢ per AUD,ok,
1999-01-29,AUDGHS,Australian Dollar,Selling,"1,496.2900",GH¢ per AUD,0.149629,GH¢ per AUD,ok,
1999-01-29,AUDGHS,Australian Dollar,Mid Rate,845.2250,GH¢ per AUD,0.0845225,GH¢ per AUD,ok,
1999-01-29,CADGHS,Canadian Dollar,Buying,"1,544.7000",GH¢ per CAD,0.15447,GH¢ per CAD,ok,
1999-01-29,CADGHS,Canadian Dollar,Selling,"1,565.0200",GH¢ per CAD,0.156502,GH¢ per CAD,ok,
1999-01-29,CADGHS,Canadian Dollar,Mid Rate,"1,554.8600",GH¢ per CAD,0.155486,GH¢ per CAD,ok,
1999-01-29,CHFGHS,Swiss Franc,Buying,"1,658.4900",GH¢ per CHF,0.165849,GH¢ per CHF,ok,
1999-01-29,CHFGHS,Swiss Franc,Selling,"1,680.1900",GH¢ per CHF,0.168019,GH¢ per CHF,ok,
1999-01-29,CHFGHS,Swiss Franc,Mid Rate,"1,669.3400",GH¢ per CHF,0.166934,GH¢ per CHF,ok,
1999-01-29,DKKGHS,Danish Krone,Buying,359.6800,GH¢ per DKK,0.035968,GH¢ per DKK,ok,
1999-01-29,DKKGHS,Danish Krone,Selling,364.1000,GH¢ per DKK,0.03641,GH¢ per DKK,ok,
1999-01-29,DKKGHS,Danish Krone,Mid Rate,361.8900,GH¢ per DKK,0.036189,GH¢ per DKK,ok,
1999-01-29,GBPGHS,Pound Sterling,Buying,"3,854.3400",GH¢ per GBP,0.385434,GH¢ per GBP,ok,
1999-01-29,GBPGHS,Pound Sterling,Selling,"3,908.7900",GH¢ per GBP,0.390879,GH¢ per GBP,ok,
1999-01-29,GBPGHS,Pound Sterling,Mid Rate,"3,881.5650",GH¢ per GBP,0.3881565,GH¢ per GBP,ok,
1999-01-29,JPYGHS,Japanese yen,Buying,20.2100,GH¢ per JPY,0.002021,GH¢ per JPY,ok,
1999-01-29,JPYGHS,Japanese yen,Selling,20.4800,GH¢ per JPY,0.002048,GH¢ per JPY,ok,
1999-01-29,JPYGHS,Japanese yen,Mid Rate,20.3450,GH¢ per JPY,0.0020345,GH¢ per JPY,ok,
1999-01-29,NOKGHS,Norwegian Krone,Buying,312.4700,GH¢ per NOK,0.031247,GH¢ per NOK,ok,
1999-01-29,NOKGHS,Norwegian Krone,Selling,316.3600,GH¢ per NOK,0.031636,GH¢ per NOK,ok,
1999-01-29,NOKGHS,Norwegian Krone,Mid Rate,314.4150,GH¢ per NOK,0.0314415,GH¢ per NOK,ok,
1999-01-29,SEKGHS,Swedish Krona,Buying,301.0700,GH¢ per SEK,0.030107,GH¢ per SEK,ok,
1999-01-29,SEKGHS,Swedish Krona,Selling,305.0300,GH¢ per SEK,0.030503,GH¢ per SEK,ok,
1999-01-29,SEKGHS,Swedish Krona,Mid Rate,303.0500,GH¢ per SEK,0.030305,GH¢ per SEK,ok,
1999-02-01,USDGHS,US Dollar,Buying,"2,341.8200",GH¢ per USD,0.234182,GH¢ per USD,ok,
1999-02-01,USDGHS,US Dollar,Selling,"2,374.1800",GH¢ per USD,0.237418,GH¢ per USD,ok,
1999-02-01,USDGHS,US Dollar,Mid Rate,"2,358.0000",GH¢ per USD,0.2358,GH¢ per USD,ok,
1999-02-01,AUDGHS,Australian Dollar,Buying,193.5500,GH¢ per AUD,0.019355,GH¢ per AUD,ok,
1999-02-01,AUDGHS,Australian Dollar,Selling,"1,502.2600",GH¢ per AUD,0.150226,GH¢ per AUD,ok,
1999-02-01,AUDGHS,Australian Dollar,Mid Rate,847.9050,GH¢ per AUD,0.0847905,GH¢ per AUD,ok,
1999-02-01,CADGHS,Canadian Dollar,Buying,"1,547.7600",GH¢ per CAD,0.154776,GH¢ per CAD,ok,
1999-02-01,CADGHS,Canadian Dollar,Selling,"1,568.0900",GH¢ per CAD,0.156809,GH¢ per CAD,ok,
1999-02-01,CADGHS,Canadian Dollar,Mid Rate,"1,557.9250",GH¢ per CAD,0.1557925,GH¢ per CAD,ok,
1999-02-01,CHFGHS,Swiss Franc,Buying,"1,657.5500",GH¢ per CHF,0.165755,GH¢ per CHF,ok,
1999-02-01,CHFGHS,Swiss Franc,Selling,"1,679.2300",GH¢ per CHF,0.167923,GH¢ per CHF,ok,
1999-02-01,CHFGHS,Swiss Franc,Mid Rate,"1,668.3900",GH¢ per CHF,0.166839,GH¢ per CHF,ok,
1999-02-01,DKKGHS,Danish Krone,Buying,358.1300,GH¢ per DKK,0.035813,GH¢ per DKK,ok,
1999-02-01,DKKGHS,Danish Krone,Selling,362.9100,GH¢ per DKK,0.036291,GH¢ per DKK,ok,
1999-02-01,DKKGHS,Danish Krone,Mid Rate,360.5200,GH¢ per DKK,0.036052,GH¢ per DKK,ok,
1999-02-01,GBPGHS,Pound Sterling,Buying,"3,853.4600",GH¢ per GBP,0.385346,GH¢ per GBP,ok,
1999-02-01,GBPGHS,Pound Sterling,Selling,"3,909.0900",GH¢ per GBP,0.390909,GH¢ per GBP,ok,
1999-02-01,GBPGHS,Pound Sterling,Mid Rate,"3,881.2750",GH¢ per GBP,0.3881275,GH¢ per GBP,ok,
1999-02-01,JPYGHS,Japanese yen,Buying,20.2900,GH¢ per JPY,0.002029,GH¢ per JPY,ok,
1999-02-01,JPYGHS,Japanese yen,Selling,20.5700,GH¢ per JPY,0.002057,GH¢ per JPY,ok,
1999-02-01,JPYGHS,Japanese yen,Mid Rate,20.4300,GH¢ per JPY,0.002043,GH¢ per JPY,ok,
1999-02-01,NOKGHS,Norwegian Krone,Buying,311.7900,GH¢ per NOK,0.031179,GH¢ per NOK,ok,
1999-02-01,NOKGHS,Norwegian Krone,Selling,315.6800,GH¢ per NOK,0.031568,GH¢ per NOK,ok,
1999-02-01,NOKGHS,Norwegian Krone,Mid Rate,313.7350,GH¢ per NOK,0.0313735,GH¢ per NOK,ok,
1999-02-01,SEKGHS,Swedish Krona,Buying,300.0300,GH¢ per SEK,0.030003,GH¢ per SEK,ok,
1999-02-01,SEKGHS,Swedish Krona,Selling,303.7800,GH¢ per SEK,0.030378,GH¢ per SEK,ok,
1999-02-01,SEKGHS,Swedish Krona,Mid Rate,301.9050,GH¢ per SEK,0.0301905,GH¢ per SEK,ok,
1999-02-02,USDGHS,US Dollar,Buying,"2,341.8200",GH¢ per USD,0.234182,GH¢ per USD,ok,
1999-02-02,USDGHS,US Dollar,Selling,"2,374.1800",GH¢ per USD,0.237418,GH¢ per USD,ok,
1999-02-02,USDGHS,US Dollar,Mid Rate,"2,358.0000",GH¢ per USD,0.2358,GH¢ per USD,ok,
1999-02-02,AUDGHS,Australian Dollar,Buying,193.0000,GH¢ per AUD,0.0193,GH¢ per AUD,ok,
1999-02-02,AUDGHS,Australian Dollar,Selling,"1,514.5600",GH¢ per AUD,0.151456,GH¢ per AUD,ok,
1999-02-02,AUDGHS,Australian Dollar,Mid Rate,853.7800,GH¢ per AUD,0.085378,GH¢ per AUD,ok,
1999-02-02,CADGHS,Canadian Dollar,Buying,"1,554.6900",GH¢ per CAD,0.155469,GH¢ per CAD,ok,
1999-02-02,CADGHS,Canadian Dollar,Selling,"1,574.6200",GH¢ per CAD,0.157462,GH¢ per CAD,ok,
1999-02-02,CADGHS,Canadian Dollar,Mid Rate,"1,564.6550",GH¢ per CAD,0.1564655,GH¢ per CAD,ok,
1999-02-02,CHFGHS,Swiss Franc,Buying,"1,654.0500",GH¢ per CHF,0.165405,GH¢ per CHF,ok,
1999-02-02,CHFGHS,Swiss Franc,Selling,"1,675.1800",GH¢ per CHF,0.167518,GH¢ per CHF,ok,
1999-02-02,CHFGHS,Swiss Franc,Mid Rate,"1,664.6150",GH¢ per CHF,0.1664615,GH¢ per CHF,ok,
1999-02-02,DKKGHS,Danish Krone,Buying,357.2700,GH¢ per DKK,0.035727,GH¢ per DKK,ok,
1999-02-02,DKKGHS,Danish Krone,Selling,361.8700,GH¢ per DKK,0.036187,GH¢ per DKK,ok,
1999-02-02,DKKGHS,Danish Krone,Mid Rate,359.5700,GH¢ per DKK,0.035957,GH¢ per DKK,ok,
1999-02-02,GBPGHS,Pound Sterling,Buying,"3,851.1200",GH¢ per GBP,0.385112,GH¢ per GBP,ok,
1999-02-02,GBPGHS,Pound Sterling,Selling,"3,905.5300",GH¢ per GBP,0.390553,GH¢ per GBP,ok,
1999-02-02,GBPGHS,Pound Sterling,Mid Rate,"3,878.3250",GH¢ per GBP,0.3878325,GH¢ per GBP,ok,
1999-02-02,JPYGHS,Japanese yen,Buying,20.6500,GH¢ per JPY,0.002065,GH¢ per JPY,ok,
1999-02-02,JPYGHS,Japanese yen,Selling,20.9300,GH¢ per JPY,0.002093,GH¢ per JPY,ok,
1999-02-02,JPYGHS,Japanese yen,Mid Rate,20.7900,GH¢ per JPY,0.002079,GH¢ per JPY,ok,
1999-02-02,NOKGHS,Norwegian Krone,Buying,309.1100,GH¢ per NOK,0.030911,GH¢ per NOK,ok,
1999-02-02,NOKGHS,Norwegian Krone,Selling,312.8700,GH¢ per NOK,0.031287,GH¢ per NOK,ok,
1999-02-02,NOKGHS,Norwegian Krone,Mid Rate,310.9900,GH¢ per NOK,0.031099,GH¢ per NOK,ok,
1999-02-02,SEKGHS,Swedish Krona,Buying,298.7400,GH¢ per SEK,0.029874,GH¢ per SEK,ok,
1999-02-02,SEKGHS,Swedish Krona,Selling,302.3900,GH¢ per SEK,0.030239,GH¢ per SEK,ok,
1999-02-02,SEKGHS,Swedish Krona,Mid Rate,300.5650,GH¢ per SEK,0.0300565,GH¢ per SEK,ok,
1999-02-03,USDGHS,US Dollar,Buying,"2,342.2700",GH¢ per USD,0.234227,GH¢ per USD,ok,
1999-02-03,USDGHS,US Dollar,Selling,"2,374.6400",GH¢ per USD,0.237464,GH¢ per USD,ok,
1999-02-03,USDGHS,US Dollar,Mid Rate,"2,358.4550",GH¢ per USD,0.2358455,GH¢ per USD,ok,
1999-02-03,AUDGHS,Australian Dollar,Buying,192.9400,GH¢ per AUD,0.019294,GH¢ per AUD,ok,
1999-02-03,AUDGHS,Australian Dollar,Selling,"1,524.2700",GH¢ per AUD,0.152427,GH¢ per AUD,ok,
1999-02-03,AUDGHS,Australian Dollar,Mid Rate,858.6050,GH¢ per AUD,0.0858605,GH¢ per AUD,ok,
1999-02-03,CADGHS,Canadian Dollar,Buying,"1,550.1300",GH¢ per CAD,0.155013,GH¢ per CAD,ok,
1999-02-03,CADGHS,Canadian Dollar,Selling,"1,570.5400",GH¢ per CAD,0.157054,GH¢ per CAD,ok,
1999-02-03,CADGHS,Canadian Dollar,Mid Rate,"1,560.3350",GH¢ per CAD,0.1560335,GH¢ per CAD,ok,
1999-02-03,CHFGHS,Swiss Franc,Buying,"1,660.2500",GH¢ per CHF,0.166025,GH¢ per CHF,ok,
1999-02-03,CHFGHS,Swiss Franc,Selling,"1,681.9600",GH¢ per CHF,0.168196,GH¢ per CHF,ok,
1999-02-03,CHFGHS,Swiss Franc,Mid Rate,"1,671.1050",GH¢ per CHF,0.1671105,GH¢ per CHF,ok,
1999-02-03,DKKGHS,Danish Krone,Buying,357.1600,GH¢ per DKK,0.035716,GH¢ per DKK,ok,
1999-02-03,DKKGHS,Danish Krone,Selling,361.9300,GH¢ per DKK,0.036193,GH¢ per DKK,ok,
1999-02-03,DKKGHS,Danish Krone,Mid Rate,359.5450,GH¢ per DKK,0.0359545,GH¢ per DKK,ok,
1999-02-03,GBPGHS,Pound Sterling,Buying,"3,828.2100",GH¢ per GBP,0.382821,GH¢ per GBP,ok,
1999-02-03,GBPGHS,Pound Sterling,Selling,"3,883.4900",GH¢ per GBP,0.388349,GH¢ per GBP,ok,
1999-02-03,GBPGHS,Pound Sterling,Mid Rate,"3,855.8500",GH¢ per GBP,0.385585,GH¢ per GBP,ok,
1999-02-03,JPYGHS,Japanese yen,Buying,20.8500,GH¢ per JPY,0.002085,GH¢ per JPY,ok,
1999-02-03,JPYGHS,Japanese yen,Selling,21.1400,GH¢ per JPY,0.002114,GH¢ per JPY,ok,
1999-02-03,JPYGHS,Japanese yen,Mid Rate,20.9950,GH¢ per JPY,0.0020995,GH¢ per JPY,ok,
1999-02-03,NOKGHS,Norwegian Krone,Buying,308.7600,GH¢ per NOK,0.030876,GH¢ per NOK,ok,
1999-02-03,NOKGHS,Norwegian Krone,Selling,312.6200,GH¢ per NOK,0.031262,GH¢ per NOK,ok,
1999-02-03,NOKGHS,Norwegian Krone,Mid Rate,310.6900,GH¢ per NOK,0.031069,GH¢ per NOK,ok,
1999-02-03,SEKGHS,Swedish Krona,Buying,298.4700,GH¢ per SEK,0.029847,GH¢ per SEK,ok,
1999-02-03,SEKGHS,Swedish Krona,Selling,302.4100,GH¢ per SEK,0.030241,GH¢ per SEK,ok,
1999-02-03,SEKGHS,Swedish Krona,Mid Rate,300.4400,GH¢ per SEK,0.030044,GH¢ per SEK,ok,
1999-02-04,USDGHS,US Dollar,Buying,"2,342.2700",GH¢ per USD,0.234227,GH¢ per USD,ok,
1999-02-04,USDGHS,US Dollar,Selling,"2,375.1800",GH¢ per USD,0.237518,GH¢ per USD,ok,
1999-02-04,USDGHS,US Dollar,Mid Rate,"2,358.7250",GH¢ per USD,0.2358725,GH¢ per USD,ok,
1999-02-04,AUDGHS,Australian Dollar,Buying,192.5900,GH¢ per AUD,0.019259,GH¢ per AUD,ok,
1999-02-04,AUDGHS,Australian Dollar,Selling,"1,520.0900",GH¢ per AUD,0.152009,GH¢ per AUD,ok,
1999-02-04,AUDGHS,Australian Dollar,Mid Rate,856.3400,GH¢ per AUD,0.085634,GH¢ per AUD,ok,
1999-02-04,CADGHS,Canadian Dollar,Buying,"1,552.1900",GH¢ per CAD,0.155219,GH¢ per CAD,ok,
1999-02-04,CADGHS,Canadian Dollar,Selling,"1,572.9900",GH¢ per CAD,0.157299,GH¢ per CAD,ok,
1999-02-04,CADGHS,Canadian Dollar,Mid Rate,"1,562.5900",GH¢ per CAD,0.156259,GH¢ per CAD,ok,
1999-02-04,CHFGHS,Swiss Franc,Buying,"1,652.4100",GH¢ per CHF,0.165241,GH¢ per CHF,ok,
1999-02-04,CHFGHS,Swiss Franc,Selling,"1,674.4200",GH¢ per CHF,0.167442,GH¢ per CHF,ok,
1999-02-04,CHFGHS,Swiss Franc,Mid Rate,"1,663.4150",GH¢ per CHF,0.1663415,GH¢ per CHF,ok,
1999-02-04,DKKGHS,Danish Krone,Buying,356.4300,GH¢ per DKK,0.035643,GH¢ per DKK,ok,
1999-02-04,DKKGHS,Danish Krone,Selling,361.2200,GH¢ per DKK,0.036122,GH¢ per DKK,ok,
1999-02-04,DKKGHS,Danish Krone,Mid Rate,358.8250,GH¢ per DKK,0.0358825,GH¢ per DKK,ok,
1999-02-04,GBPGHS,Pound Sterling,Buying,"3,836.4000",GH¢ per GBP,0.38364,GH¢ per GBP,ok,
1999-02-04,GBPGHS,Pound Sterling,Selling,"3,892.6800",GH¢ per GBP,0.389268,GH¢ per GBP,ok,
1999-02-04,GBPGHS,Pound Sterling,Mid Rate,"3,864.5400",GH¢ per GBP,0.386454,GH¢ per GBP,ok,
1999-02-04,JPYGHS,Japanese yen,Buying,20.6000,GH¢ per JPY,0.00206,GH¢ per JPY,ok,
1999-02-04,JPYGHS,Japanese yen,Selling,20.8900,GH¢ per JPY,0.002089,GH¢ per JPY,ok,
1999-02-04,JPYGHS,Japanese yen,Mid Rate,20.7450,GH¢ per JPY,0.0020745,GH¢ per JPY,ok,
1999-02-04,NOKGHS,Norwegian Krone,Buying,306.8800,GH¢ per NOK,0.030688,GH¢ per NOK,ok,
1999-02-04,NOKGHS,Norwegian Krone,Selling,310.7900,GH¢ per NOK,0.031079,GH¢ per NOK,ok,
1999-02-04,NOKGHS,Norwegian Krone,Mid Rate,308.8350,GH¢ per NOK,0.0308835,GH¢ per NOK,ok,
1999-02-04,SEKGHS,Swedish Krona,Buying,297.3000,GH¢ per SEK,0.02973,GH¢ per SEK,ok,
1999-02-04,SEKGHS,Swedish Krona,Selling,301.0900,GH¢ per SEK,0.030109,GH¢ per SEK,ok,
1999-02-04,SEKGHS,Swedish Krona,Mid Rate,299.1950,GH¢ per SEK,0.0299195,GH¢ per SEK,ok,
1999-02-05,USDGHS,US Dollar,Buying,"2,343.1800",GH¢ per USD,0.234318,GH¢ per USD,ok,
1999-02-05,USDGHS,US Dollar,Selling,"2,375.1800",GH¢ per USD,0.237518,GH¢ per USD,ok,
1999-02-05,USDGHS,US Dollar,Mid Rate,"2,359.1800",GH¢ per USD,0.235918,GH¢ per USD,ok,
1999-02-05,AUDGHS,Australian Dollar,Buying,193.2900,GH¢ per AUD,0.019329,GH¢ per AUD,ok,
1999-02-05,AUDGHS,Australian Dollar,Selling,"1,547.7100",GH¢ per AUD,0.154771,GH¢ per AUD,ok,
1999-02-05,AUDGHS,Australian Dollar,Mid Rate,870.5000,GH¢ per AUD,0.08705,GH¢ per AUD,ok,
1999-02-05,CADGHS,Canadian Dollar,Buying,"1,573.7300",GH¢ per CAD,0.157373,GH¢ per CAD,ok,
1999-02-05,CADGHS,Canadian Dollar,Selling,"1,593.6900",GH¢ per CAD,0.159369,GH¢ per CAD,ok,
1999-02-05,CADGHS,Canadian Dollar,Mid Rate,"1,583.7100",GH¢ per CAD,0.158371,GH¢ per CAD,ok,
1999-02-05,CHFGHS,Swiss Franc,Buying,"1,663.7300",GH¢ per CHF,0.166373,GH¢ per CHF,ok,
1999-02-05,CHFGHS,Swiss Franc,Selling,"1,684.7100",GH¢ per CHF,0.168471,GH¢ per CHF,ok,
1999-02-05,CHFGHS,Swiss Franc,Mid Rate,"1,674.2200",GH¢ per CHF,0.167422,GH¢ per CHF,ok,
1999-02-05,DKKGHS,Danish Krone,Buying,357.7500,GH¢ per DKK,0.035775,GH¢ per DKK,ok,
1999-02-05,DKKGHS,Danish Krone,Selling,362.3100,GH¢ per DKK,0.036231,GH¢ per DKK,ok,
1999-02-05,DKKGHS,Danish Krone,Mid Rate,360.0300,GH¢ per DKK,0.036003,GH¢ per DKK,ok,
1999-02-05,GBPGHS,Pound Sterling,Buying,"3,854.5300",GH¢ per GBP,0.385453,GH¢ per GBP,ok,
1999-02-05,GBPGHS,Pound Sterling,Selling,"3,908.3600",GH¢ per GBP,0.390836,GH¢ per GBP,ok,
1999-02-05,GBPGHS,Pound Sterling,Mid Rate,"3,881.4450",GH¢ per GBP,0.3881445,GH¢ per GBP,ok,
1999-02-05,JPYGHS,Japanese yen,Buying,20.9500,GH¢ per JPY,0.002095,GH¢ per JPY,ok,
1999-02-05,JPYGHS,Japanese yen,Selling,21.2200,GH¢ per JPY,0.002122,GH¢ per JPY,ok,
1999-02-05,JPYGHS,Japanese yen,Mid Rate,21.0850,GH¢ per JPY,0.0021085,GH¢ per JPY,ok,
1999-02-05,NOKGHS,Norwegian Krone,Buying,306.6600,GH¢ per NOK,0.030666,GH¢ per NOK,ok,
1999-02-05,NOKGHS,Norwegian Krone,Selling,310.3400,GH¢ per NOK,0.031034,GH¢ per NOK,ok,
1999-02-05,NOKGHS,Norwegian Krone,Mid Rate,308.5000,GH¢ per NOK,0.03085,GH¢ per NOK,ok,
1999-02-05,SEKGHS,Swedish Krona,Buying,299.5800,GH¢ per SEK,0.029958,GH¢ per SEK,ok,
1999-02-05,SEKGHS,Swedish Krona,Selling,303.1900,GH¢ per SEK,0.030319,GH¢ per SEK,ok,
1999-02-05,SEKGHS,Swedish Krona,Mid Rate,301.3850,GH¢ per SEK,0.0301385,GH¢ per SEK,ok,
1999-02-08,USDGHS,US Dollar,Buying,"2,343.4500",GH¢ per USD,0.234345,GH¢ per USD,ok,
1999-02-08,USDGHS,US Dollar,Selling,"2,375.4500",GH¢ per USD,0.237545,GH¢ per USD,ok,
1999-02-08,USDGHS,US Dollar,Mid Rate,"2,359.4500",GH¢ per USD,0.235945,GH¢ per USD,ok,
1999-02-08,AUDGHS,Australian Dollar,Buying,191.5600,GH¢ per AUD,0.019156,GH¢ per AUD,ok,
1999-02-08,AUDGHS,Australian Dollar,Selling,"1,548.6900",GH¢ per AUD,0.154869,GH¢ per AUD,ok,
1999-02-08,AUDGHS,Australian Dollar,Mid Rate,870.1250,GH¢ per AUD,0.0870125,GH¢ per AUD,ok,
1999-02-08,CADGHS,Canadian Dollar,Buying,"1,575.9600",GH¢ per CAD,0.157596,GH¢ per CAD,ok,
1999-02-08,CADGHS,Canadian Dollar,Selling,"1,596.3900",GH¢ per CAD,0.159639,GH¢ per CAD,ok,
1999-02-08,CADGHS,Canadian Dollar,Mid Rate,"1,586.1750",GH¢ per CAD,0.1586175,GH¢ per CAD,ok,
1999-02-08,CHFGHS,Swiss Franc,Buying,"1,647.4100",GH¢ per CHF,0.164741,GH¢ per CHF,ok,
1999-02-08,CHFGHS,Swiss Franc,Selling,"1,668.7700",GH¢ per CHF,0.166877,GH¢ per CHF,ok,
1999-02-08,CHFGHS,Swiss Franc,Mid Rate,"1,658.0900",GH¢ per CHF,0.165809,GH¢ per CHF,ok,
1999-02-08,DKKGHS,Danish Krone,Buying,354.7600,GH¢ per DKK,0.035476,GH¢ per DKK,ok,
1999-02-08,DKKGHS,Danish Krone,Selling,359.0900,GH¢ per DKK,0.035909,GH¢ per DKK,ok,
1999-02-08,DKKGHS,Danish Krone,Mid Rate,356.9250,GH¢ per DKK,0.0356925,GH¢ per DKK,ok,
1999-02-08,GBPGHS,Pound Sterling,Buying,"3,829.9000",GH¢ per GBP,0.38299,GH¢ per GBP,ok,
1999-02-08,GBPGHS,Pound Sterling,Selling,"3,883.3900",GH¢ per GBP,0.388339,GH¢ per GBP,ok,
1999-02-08,GBPGHS,Pound Sterling,Mid Rate,"3,856.6450",GH¢ per GBP,0.3856645,GH¢ per GBP,ok,
1999-02-08,JPYGHS,Japanese yen,Buying,20.6500,GH¢ per JPY,0.002065,GH¢ per JPY,ok,
1999-02-08,JPYGHS,Japanese yen,Selling,20.9200,GH¢ per JPY,0.002092,GH¢ per JPY,ok,
1999-02-08,JPYGHS,Japanese yen,Mid Rate,20.7850,GH¢ per JPY,0.0020785,GH¢ per JPY,ok,
1999-02-08,NOKGHS,Norwegian Krone,Buying,304.7800,GH¢ per NOK,0.030478,GH¢ per NOK,ok,
1999-02-08,NOKGHS,Norwegian Krone,Selling,308.5400,GH¢ per NOK,0.030854,GH¢ per NOK,ok,
1999-02-08,NOKGHS,Norwegian Krone,Mid Rate,306.6600,GH¢ per NOK,0.030666,GH¢ per NOK,ok,
1999-02-08,SEKGHS,Swedish Krona,Buying,297.6800,GH¢ per SEK,0.029768,GH¢ per SEK,ok,
1999-02-08,SEKGHS,Swedish Krona,Selling,301.3600,GH¢ per SEK,0.030136,GH¢ per SEK,ok,
1999-02-08,SEKGHS,Swedish Krona,Mid Rate,299.5200,GH¢ per SEK,0.029952,GH¢ per SEK,ok,
1999-02-09,USDGHS,US Dollar,Buying,"2,345.7300",GH¢ per USD,0.234573,GH¢ per USD,ok,
1999-02-09,USDGHS,US Dollar,Selling,"2,377.2700",GH¢ per USD,0.237727,GH¢ per USD,ok,
1999-02-09,USDGHS,US Dollar,Mid Rate,"2,361.5000",GH¢ per USD,0.23615,GH¢ per USD,ok,
1999-02-09,AUDGHS,Australian Dollar,Buying,192.9500,GH¢ per AUD,0.019295,GH¢ per AUD,ok,
1999-02-09,AUDGHS,Australian Dollar,Selling,"1,540.3700",GH¢ per AUD,0.154037,GH¢ per AUD,ok,
1999-02-09,AUDGHS,Australian Dollar,Mid Rate,866.6600,GH¢ per AUD,0.086666,GH¢ per AUD,ok,
1999-02-09,CADGHS,Canadian Dollar,Buying,"1,572.2900",GH¢ per CAD,0.157229,GH¢ per CAD,ok,
1999-02-09,CADGHS,Canadian Dollar,Selling,"1,592.3500",GH¢ per CAD,0.159235,GH¢ per CAD,ok,
1999-02-09,CADGHS,Canadian Dollar,Mid Rate,"1,582.3200",GH¢ per CAD,0.158232,GH¢ per CAD,ok,
1999-02-09,CHFGHS,Swiss Franc,Buying,"1,654.5900",GH¢ per CHF,0.165459,GH¢ per CHF,ok,
1999-02-09,CHFGHS,Swiss Franc,Selling,"1,675.6900",GH¢ per CHF,0.167569,GH¢ per CHF,ok,
1999-02-09,CHFGHS,Swiss Franc,Mid Rate,"1,665.1400",GH¢ per CHF,0.166514,GH¢ per CHF,ok,
1999-02-09,DKKGHS,Danish Krone,Buying,357.0800,GH¢ per DKK,0.035708,GH¢ per DKK,ok,
1999-02-09,DKKGHS,Danish Krone,Selling,361.6700,GH¢ per DKK,0.036167,GH¢ per DKK,ok,
1999-02-09,DKKGHS,Danish Krone,Mid Rate,359.3750,GH¢ per DKK,0.0359375,GH¢ per DKK,ok,
1999-02-09,GBPGHS,Pound Sterling,Buying,"3,846.7600",GH¢ per GBP,0.384676,GH¢ per GBP,ok,
1999-02-09,GBPGHS,Pound Sterling,Selling,"3,899.6700",GH¢ per GBP,0.389967,GH¢ per GBP,ok,
1999-02-09,GBPGHS,Pound Sterling,Mid Rate,"3,873.2150",GH¢ per GBP,0.3873215,GH¢ per GBP,ok,
1999-02-09,JPYGHS,Japanese yen,Buying,20.4700,GH¢ per JPY,0.002047,GH¢ per JPY,ok,
1999-02-09,JPYGHS,Japanese yen,Selling,20.7400,GH¢ per JPY,0.002074,GH¢ per JPY,ok,
1999-02-09,JPYGHS,Japanese yen,Mid Rate,20.6050,GH¢ per JPY,0.0020605,GH¢ per JPY,ok,
1999-02-09,NOKGHS,Norwegian Krone,Buying,307.0400,GH¢ per NOK,0.030704,GH¢ per NOK,ok,
1999-02-09,NOKGHS,Norwegian Krone,Selling,310.7700,GH¢ per NOK,0.031077,GH¢ per NOK,ok,
1999-02-09,NOKGHS,Norwegian Krone,Mid Rate,308.9050,GH¢ per NOK,0.0308905,GH¢ per NOK,ok,
1999-02-09,SEKGHS,Swedish Krona,Buying,298.7900,GH¢ per SEK,0.029879,GH¢ per SEK,ok,
1999-02-09,SEKGHS,Swedish Krona,Selling,302.4200,GH¢ per SEK,0.030242,GH¢ per SEK,ok,
1999-02-09,SEKGHS,Swedish Krona,Mid Rate,300.6050,GH¢ per SEK,0.0300605,GH¢ per SEK,ok,
1999-02-10,USDGHS,US Dollar,Buying,"2,346.0000",GH¢ per USD,0.2346,GH¢ per USD,ok,
1999-02-10,USDGHS,US Dollar,Selling,"2,377.4500",GH¢ per USD,0.237745,GH¢ per USD,ok,
1999-02-10,USDGHS,US Dollar,Mid Rate,"2,361.7250",GH¢ per USD,0.2361725,GH¢ per USD,ok,
1999-02-10,AUDGHS,Australian Dollar,Buying,192.4100,GH¢ per AUD,0.019241,GH¢ per AUD,ok,
1999-02-10,AUDGHS,Australian Dollar,Selling,"1,533.9400",GH¢ per AUD,0.153394,GH¢ per AUD,ok,
1999-02-10,AUDGHS,Australian Dollar,Mid Rate,863.1750,GH¢ per AUD,0.0863175,GH¢ per AUD,ok,
1999-02-10,CADGHS,Canadian Dollar,Buying,"1,569.8400",GH¢ per CAD,0.156984,GH¢ per CAD,ok,
1999-02-10,CADGHS,Canadian Dollar,Selling,"1,589.8400",GH¢ per CAD,0.158984,GH¢ per CAD,ok,
1999-02-10,CADGHS,Canadian Dollar,Mid Rate,"1,579.8400",GH¢ per CAD,0.157984,GH¢ per CAD,ok,
1999-02-10,CHFGHS,Swiss Franc,Buying,"1,654.2300",GH¢ per CHF,0.165423,GH¢ per CHF,ok,
1999-02-10,CHFGHS,Swiss Franc,Selling,"1,675.2700",GH¢ per CHF,0.167527,GH¢ per CHF,ok,
1999-02-10,CHFGHS,Swiss Franc,Mid Rate,"1,664.7500",GH¢ per CHF,0.166475,GH¢ per CHF,ok,
1999-02-10,DKKGHS,Danish Krone,Buying,356.1400,GH¢ per DKK,0.035614,GH¢ per DKK,ok,
1999-02-10,DKKGHS,Danish Krone,Selling,360.7000,GH¢ per DKK,0.03607,GH¢ per DKK,ok,
1999-02-10,DKKGHS,Danish Krone,Mid Rate,358.4200,GH¢ per DKK,0.035842,GH¢ per DKK,ok,
1999-02-10,GBPGHS,Pound Sterling,Buying,"3,827.7300",GH¢ per GBP,0.382773,GH¢ per GBP,ok,
1999-02-10,GBPGHS,Pound Sterling,Selling,"3,881.4200",GH¢ per GBP,0.388142,GH¢ per GBP,ok,
1999-02-10,GBPGHS,Pound Sterling,Mid Rate,"3,854.5750",GH¢ per GBP,0.3854575,GH¢ per GBP,ok,
1999-02-10,JPYGHS,Japanese yen,Buying,20.3500,GH¢ per JPY,0.002035,GH¢ per JPY,ok,
1999-02-10,JPYGHS,Japanese yen,Selling,20.6200,GH¢ per JPY,0.002062,GH¢ per JPY,ok,
1999-02-10,JPYGHS,Japanese yen,Mid Rate,20.4850,GH¢ per JPY,0.0020485,GH¢ per JPY,ok,
1999-02-10,NOKGHS,Norwegian Krone,Buying,306.3800,GH¢ per NOK,0.030638,GH¢ per NOK,ok,
1999-02-10,NOKGHS,Norwegian Krone,Selling,310.1400,GH¢ per NOK,0.031014,GH¢ per NOK,ok,
1999-02-10,NOKGHS,Norwegian Krone,Mid Rate,308.2600,GH¢ per NOK,0.030826,GH¢ per NOK,ok,
1999-02-10,SEKGHS,Swedish Krona,Buying,297.3700,GH¢ per SEK,0.029737,GH¢ per SEK,ok,
1999-02-10,SEKGHS,Swedish Krona,Selling,301.2200,GH¢ per SEK,0.030122,GH¢ per SEK,ok,
1999-02-10,SEKGHS,Swedish Krona,Mid Rate,299.2950,GH¢ per SEK,0.0299295,GH¢ per SEK,ok,
1999-02-11,USDGHS,US Dollar,Buying,"2,347.2700",GH¢ per USD,0.234727,GH¢ per USD,ok,
1999-02-11,USDGHS,US Dollar,Selling,"2,377.6450",GH¢ per USD,0.2377645,GH¢ per USD,ok,
1999-02-11,USDGHS,US Dollar,Mid Rate,"2,362.4575",GH¢ per USD,0.23624575,GH¢ per USD,ok,
1999-02-11,AUDGHS,Australian Dollar,Buying,193.0400,GH¢ per AUD,0.019304,GH¢ per AUD,ok,
1999-02-11,AUDGHS,Australian Dollar,Selling,"1,536.3300",GH¢ per AUD,0.153633,GH¢ per AUD,ok,
1999-02-11,AUDGHS,Australian Dollar,Mid Rate,864.6850,GH¢ per AUD,0.0864685,GH¢ per AUD,ok,
1999-02-11,CADGHS,Canadian Dollar,Buying,"1,573.9000",GH¢ per CAD,0.15739,GH¢ per CAD,ok,
1999-02-11,CADGHS,Canadian Dollar,Selling,"1,593.2400",GH¢ per CAD,0.159324,GH¢ per CAD,ok,
1999-02-11,CADGHS,Canadian Dollar,Mid Rate,"1,583.5700",GH¢ per CAD,0.158357,GH¢ per CAD,ok,
1999-02-11,CHFGHS,Swiss Franc,Buying,"1,664.7300",GH¢ per CHF,0.166473,GH¢ per CHF,ok,
1999-02-11,CHFGHS,Swiss Franc,Selling,"1,684.5800",GH¢ per CHF,0.168458,GH¢ per CHF,ok,
1999-02-11,CHFGHS,Swiss Franc,Mid Rate,"1,674.6550",GH¢ per CHF,0.1674655,GH¢ per CHF,ok,
1999-02-11,DKKGHS,Danish Krone,Buying,357.3600,GH¢ per DKK,0.035736,GH¢ per DKK,ok,
1999-02-11,DKKGHS,Danish Krone,Selling,361.7000,GH¢ per DKK,0.03617,GH¢ per DKK,ok,
1999-02-11,DKKGHS,Danish Krone,Mid Rate,359.5300,GH¢ per DKK,0.035953,GH¢ per DKK,ok,
1999-02-11,GBPGHS,Pound Sterling,Buying,"3,807.7400",GH¢ per GBP,0.380774,GH¢ per GBP,ok,
1999-02-11,GBPGHS,Pound Sterling,Selling,"3,858.2000",GH¢ per GBP,0.38582,GH¢ per GBP,ok,
1999-02-11,GBPGHS,Pound Sterling,Mid Rate,"3,832.9700",GH¢ per GBP,0.383297,GH¢ per GBP,ok,
1999-02-11,JPYGHS,Japanese yen,Buying,20.5700,GH¢ per JPY,0.002057,GH¢ per JPY,ok,
1999-02-11,JPYGHS,Japanese yen,Selling,20.8300,GH¢ per JPY,0.002083,GH¢ per JPY,ok,
1999-02-11,JPYGHS,Japanese yen,Mid Rate,20.7000,GH¢ per JPY,0.00207,GH¢ per JPY,ok,
1999-02-11,NOKGHS,Norwegian Krone,Buying,307.9400,GH¢ per NOK,0.030794,GH¢ per NOK,ok,
1999-02-11,NOKGHS,Norwegian Krone,Selling,311.6200,GH¢ per NOK,0.031162,GH¢ per NOK,ok,
1999-02-11,NOKGHS,Norwegian Krone,Mid Rate,309.7800,GH¢ per NOK,0.030978,GH¢ per NOK,ok,
1999-02-11,SEKGHS,Swedish Krona,Buying,297.8800,GH¢ per SEK,0.029788,GH¢ per SEK,ok,
1999-02-11,SEKGHS,Swedish Krona,Selling,301.4500,GH¢ per SEK,0.030145,GH¢ per SEK,ok,
1999-02-11,SEKGHS,Swedish Krona,Mid Rate,299.6650,GH¢ per SEK,0.0299665,GH¢ per SEK,ok,
1999-02-12,USDGHS,US Dollar,Buying,"2,347.9100",GH¢ per USD,0.234791,GH¢ per USD,ok,
1999-02-12,USDGHS,US Dollar,Selling,"2,378.6400",GH¢ per USD,0.237864,GH¢ per USD,ok,
1999-02-12,USDGHS,US Dollar,Mid Rate,"2,363.2750",GH¢ per USD,0.2363275,GH¢ per USD,ok,
1999-02-12,AUDGHS,Australian Dollar,Buying,191.9400,GH¢ per AUD,0.019194,GH¢ per AUD,ok,
1999-02-12,AUDGHS,Australian Dollar,Selling,"1,535.1400",GH¢ per AUD,0.153514,GH¢ per AUD,ok,
1999-02-12,AUDGHS,Australian Dollar,Mid Rate,863.5400,GH¢ per AUD,0.086354,GH¢ per AUD,ok,
1999-02-12,CADGHS,Canadian Dollar,Buying,"1,576.3200",GH¢ per CAD,0.157632,GH¢ per CAD,ok,
1999-02-12,CADGHS,Canadian Dollar,Selling,"1,595.8500",GH¢ per CAD,0.159585,GH¢ per CAD,ok,
1999-02-12,CADGHS,Canadian Dollar,Mid Rate,"1,586.0850",GH¢ per CAD,0.1586085,GH¢ per CAD,ok,
1999-02-12,CHFGHS,Swiss Franc,Buying,"1,649.4000",GH¢ per CHF,0.16494,GH¢ per CHF,ok,
1999-02-12,CHFGHS,Swiss Franc,Selling,"1,669.8400",GH¢ per CHF,0.166984,GH¢ per CHF,ok,
1999-02-12,CHFGHS,Swiss Franc,Mid Rate,"1,659.6200",GH¢ per CHF,0.165962,GH¢ per CHF,ok,
1999-02-12,DKKGHS,Danish Krone,Buying,355.1500,GH¢ per DKK,0.035515,GH¢ per DKK,ok,
1999-02-12,DKKGHS,Danish Krone,Selling,359.6400,GH¢ per DKK,0.035964,GH¢ per DKK,ok,
1999-02-12,DKKGHS,Danish Krone,Mid Rate,357.3950,GH¢ per DKK,0.0357395,GH¢ per DKK,ok,
1999-02-12,GBPGHS,Pound Sterling,Buying,"3,809.9500",GH¢ per GBP,0.380995,GH¢ per GBP,ok,
1999-02-12,GBPGHS,Pound Sterling,Selling,"3,861.0100",GH¢ per GBP,0.386101,GH¢ per GBP,ok,
1999-02-12,GBPGHS,Pound Sterling,Mid Rate,"3,835.4800",GH¢ per GBP,0.383548,GH¢ per GBP,ok,
1999-02-12,JPYGHS,Japanese yen,Buying,20.5200,GH¢ per JPY,0.002052,GH¢ per JPY,ok,
1999-02-12,JPYGHS,Japanese yen,Selling,20.7900,GH¢ per JPY,0.002079,GH¢ per JPY,ok,
1999-02-12,JPYGHS,Japanese yen,Mid Rate,20.6550,GH¢ per JPY,0.0020655,GH¢ per JPY,ok,
1999-02-12,NOKGHS,Norwegian Krone,Buying,306.2600,GH¢ per NOK,0.030626,GH¢ per NOK,ok,
1999-02-12,NOKGHS,Norwegian Krone,Selling,309.8600,GH¢ per NOK,0.030986,GH¢ per NOK,ok,
1999-02-12,NOKGHS,Norwegian Krone,Mid Rate,308.0600,GH¢ per NOK,0.030806,GH¢ per NOK,ok,
1999-02-12,SEKGHS,Swedish Krona,Buying,295.8800,GH¢ per SEK,0.029588,GH¢ per SEK,ok,
1999-02-12,SEKGHS,Swedish Krona,Selling,299.3700,GH¢ per SEK,0.029937,GH¢ per SEK,ok,
1999-02-12,SEKGHS,Swedish Krona,Mid Rate,297.6250,GH¢ per SEK,0.0297625,GH¢ per SEK,ok,
1999-02-15,USDGHS,US Dollar,Buying,"2,349.0000",GH¢ per USD,0.2349,GH¢ per USD,ok,
1999-02-15,USDGHS,US Dollar,Selling,"2,379.6400",GH¢ per USD,0.237964,GH¢ per USD,ok,
1999-02-15,USDGHS,US Dollar,Mid Rate,"2,364.3200",GH¢ per USD,0.236432,GH¢ per USD,ok,
1999-02-15,AUDGHS,Australian Dollar,Buying,192.6600,GH¢ per AUD,0.019266,GH¢ per AUD,ok,
1999-02-15,AUDGHS,Australian Dollar,Selling,"1,545.7100",GH¢ per AUD,0.154571,GH¢ per AUD,ok,
1999-02-15,AUDGHS,Australian Dollar,Mid Rate,869.1850,GH¢ per AUD,0.0869185,GH¢ per AUD,ok,
1999-02-15,CADGHS,Canadian Dollar,Buying,"1,574.8900",GH¢ per CAD,0.157489,GH¢ per CAD,ok,
1999-02-15,CADGHS,Canadian Dollar,Selling,"1,594.3200",GH¢ per CAD,0.159432,GH¢ per CAD,ok,
1999-02-15,CADGHS,Canadian Dollar,Mid Rate,"1,584.6050",GH¢ per CAD,0.1584605,GH¢ per CAD,ok,
1999-02-15,CHFGHS,Swiss Franc,Buying,"1,658.6600",GH¢ per CHF,0.165866,GH¢ per CHF,ok,
1999-02-15,CHFGHS,Swiss Franc,Selling,"1,679.3600",GH¢ per CHF,0.167936,GH¢ per CHF,ok,
1999-02-15,CHFGHS,Swiss Franc,Mid Rate,"1,669.0100",GH¢ per CHF,0.166901,GH¢ per CHF,ok,
1999-02-15,DKKGHS,Danish Krone,Buying,356.5500,GH¢ per DKK,0.035655,GH¢ per DKK,ok,
1999-02-15,DKKGHS,Danish Krone,Selling,360.9300,GH¢ per DKK,0.036093,GH¢ per DKK,ok,
1999-02-15,DKKGHS,Danish Krone,Mid Rate,358.7400,GH¢ per DKK,0.035874,GH¢ per DKK,ok,
1999-02-15,GBPGHS,Pound Sterling,Buying,"3,826.5200",GH¢ per GBP,0.382652,GH¢ per GBP,ok,
1999-02-15,GBPGHS,Pound Sterling,Selling,"3,878.8100",GH¢ per GBP,0.387881,GH¢ per GBP,ok,
1999-02-15,GBPGHS,Pound Sterling,Mid Rate,"3,852.6650",GH¢ per GBP,0.3852665,GH¢ per GBP,ok,
1999-02-15,JPYGHS,Japanese yen,Buying,20.5900,GH¢ per JPY,0.002059,GH¢ per JPY,ok,
1999-02-15,JPYGHS,Japanese yen,Selling,20.8500,GH¢ per JPY,0.002085,GH¢ per JPY,ok,
1999-02-15,JPYGHS,Japanese yen,Mid Rate,20.7200,GH¢ per JPY,0.002072,GH¢ per JPY,ok,
1999-02-15,NOKGHS,Norwegian Krone,Buying,308.7200,GH¢ per NOK,0.030872,GH¢ per NOK,ok,
1999-02-15,NOKGHS,Norwegian Krone,Selling,312.3400,GH¢ per NOK,0.031234,GH¢ per NOK,ok,
1999-02-15,NOKGHS,Norwegian Krone,Mid Rate,310.5300,GH¢ per NOK,0.031053,GH¢ per NOK,ok,
1999-02-15,SEKGHS,Swedish Krona,Buying,298.2900,GH¢ per SEK,0.029829,GH¢ per SEK,ok,
1999-02-15,SEKGHS,Swedish Krona,Selling,301.8000,GH¢ per SEK,0.03018,GH¢ per SEK,ok,
1999-02-15,SEKGHS,Swedish Krona,Mid Rate,300.0450,GH¢ per SEK,0.0300045,GH¢ per SEK,ok,
1999-02-16,USDGHS,US Dollar,Buying,"2,350.2700",GH¢ per USD,0.235027,GH¢ per USD,ok,
1999-02-16,USDGHS,US Dollar,Selling,"2,381.2700",GH¢ per USD,0.238127,GH¢ per USD,ok,
1999-02-16,USDGHS,US Dollar,Mid Rate,"2,365.7700",GH¢ per USD,0.236577,GH¢ per USD,ok,
1999-02-16,AUDGHS,Australian Dollar,Buying,191.5200,GH¢ per AUD,0.019152,GH¢ per AUD,ok,
1999-02-16,AUDGHS,Australian Dollar,Selling,"1,527.5800",GH¢ per AUD,0.152758,GH¢ per AUD,ok,
1999-02-16,AUDGHS,Australian Dollar,Mid Rate,859.5500,GH¢ per AUD,0.085955,GH¢ per AUD,ok,
1999-02-16,CADGHS,Canadian Dollar,Buying,"1,571.2300",GH¢ per CAD,0.157123,GH¢ per CAD,ok,
1999-02-16,CADGHS,Canadian Dollar,Selling,"1,590.9400",GH¢ per CAD,0.159094,GH¢ per CAD,ok,
1999-02-16,CADGHS,Canadian Dollar,Mid Rate,"1,581.0850",GH¢ per CAD,0.1581085,GH¢ per CAD,ok,
1999-02-16,CHFGHS,Swiss Franc,Buying,"1,650.2300",GH¢ per CHF,0.165023,GH¢ per CHF,ok,
1999-02-16,CHFGHS,Swiss Franc,Selling,"1,670.8400",GH¢ per CHF,0.167084,GH¢ per CHF,ok,
1999-02-16,CHFGHS,Swiss Franc,Mid Rate,"1,660.5350",GH¢ per CHF,0.1660535,GH¢ per CHF,ok,
1999-02-16,DKKGHS,Danish Krone,Buying,354.5900,GH¢ per DKK,0.035459,GH¢ per DKK,ok,
1999-02-16,DKKGHS,Danish Krone,Selling,359.0500,GH¢ per DKK,0.035905,GH¢ per DKK,ok,
1999-02-16,DKKGHS,Danish Krone,Mid Rate,356.8200,GH¢ per DKK,0.035682,GH¢ per DKK,ok,
1999-02-16,GBPGHS,Pound Sterling,Buying,"3,820.1300",GH¢ per GBP,0.382013,GH¢ per GBP,ok,
1999-02-16,GBPGHS,Pound Sterling,Selling,"3,872.1800",GH¢ per GBP,0.387218,GH¢ per GBP,ok,
1999-02-16,GBPGHS,Pound Sterling,Mid Rate,"3,846.1550",GH¢ per GBP,0.3846155,GH¢ per GBP,ok,
1999-02-16,JPYGHS,Japanese yen,Buying,20.1300,GH¢ per JPY,0.002013,GH¢ per JPY,ok,
1999-02-16,JPYGHS,Japanese yen,Selling,20.3900,GH¢ per JPY,0.002039,GH¢ per JPY,ok,
1999-02-16,JPYGHS,Japanese yen,Mid Rate,20.2600,GH¢ per JPY,0.002026,GH¢ per JPY,ok,
1999-02-16,NOKGHS,Norwegian Krone,Buying,306.6600,GH¢ per NOK,0.030666,GH¢ per NOK,ok,
1999-02-16,NOKGHS,Norwegian Krone,Selling,310.3000,GH¢ per NOK,0.03103,GH¢ per NOK,ok,
1999-02-16,NOKGHS,Norwegian Krone,Mid Rate,308.4800,GH¢ per NOK,0.030848,GH¢ per NOK,ok,
1999-02-16,SEKGHS,Swedish Krona,Buying,297.3000,GH¢ per SEK,0.02973,GH¢ per SEK,ok,
1999-02-16,SEKGHS,Swedish Krona,Selling,300.8400,GH¢ per SEK,0.030084,GH¢ per SEK,ok,
1999-02-16,SEKGHS,Swedish Krona,Mid Rate,299.0700,GH¢ per SEK,0.029907,GH¢ per SEK,ok,
1999-02-17,USDGHS,US Dollar,Buying,"2,350.9100",GH¢ per USD,0.235091,GH¢ per USD,ok,
1999-02-17,USDGHS,US Dollar,Selling,"2,381.8200",GH¢ per USD,0.238182,GH¢ per USD,ok,
1999-02-17,USDGHS,US Dollar,Mid Rate,"2,366.3650",GH¢ per USD,0.2366365,GH¢ per USD,ok,
1999-02-17,AUDGHS,Australian Dollar,Buying,191.5900,GH¢ per AUD,0.019159,GH¢ per AUD,ok,
1999-02-17,AUDGHS,Australian Dollar,Selling,"1,514.6700",GH¢ per AUD,0.151467,GH¢ per AUD,ok,
1999-02-17,AUDGHS,Australian Dollar,Mid Rate,853.1300,GH¢ per AUD,0.085313,GH¢ per AUD,ok,
1999-02-17,CADGHS,Canadian Dollar,Buying,"1,572.6900",GH¢ per CAD,0.157269,GH¢ per CAD,ok,
1999-02-17,CADGHS,Canadian Dollar,Selling,"1,592.3600",GH¢ per CAD,0.159236,GH¢ per CAD,ok,
1999-02-17,CADGHS,Canadian Dollar,Mid Rate,"1,582.5250",GH¢ per CAD,0.1582525,GH¢ per CAD,ok,
1999-02-17,CHFGHS,Swiss Franc,Buying,"1,650.0800",GH¢ per CHF,0.165008,GH¢ per CHF,ok,
1999-02-17,CHFGHS,Swiss Franc,Selling,"1,670.0600",GH¢ per CHF,0.167006,GH¢ per CHF,ok,
1999-02-17,CHFGHS,Swiss Franc,Mid Rate,"1,660.0700",GH¢ per CHF,0.166007,GH¢ per CHF,ok,
1999-02-17,DKKGHS,Danish Krone,Buying,354.4900,GH¢ per DKK,0.035449,GH¢ per DKK,ok,
1999-02-17,DKKGHS,Danish Krone,Selling,358.8800,GH¢ per DKK,0.035888,GH¢ per DKK,ok,
1999-02-17,DKKGHS,Danish Krone,Mid Rate,356.6850,GH¢ per DKK,0.0356685,GH¢ per DKK,ok,
1999-02-17,GBPGHS,Pound Sterling,Buying,"3,843.0300",GH¢ per GBP,0.384303,GH¢ per GBP,ok,
1999-02-17,GBPGHS,Pound Sterling,Selling,"3,894.7500",GH¢ per GBP,0.389475,GH¢ per GBP,ok,
1999-02-17,GBPGHS,Pound Sterling,Mid Rate,"3,868.8900",GH¢ per GBP,0.386889,GH¢ per GBP,ok,
1999-02-17,JPYGHS,Japanese yen,Buying,19.8400,GH¢ per JPY,0.001984,GH¢ per JPY,ok,
1999-02-17,JPYGHS,Japanese yen,Selling,20.0900,GH¢ per JPY,0.002009,GH¢ per JPY,ok,
1999-02-17,JPYGHS,Japanese yen,Mid Rate,19.9650,GH¢ per JPY,0.0019965,GH¢ per JPY,ok,
1999-02-17,NOKGHS,Norwegian Krone,Buying,304.2000,GH¢ per NOK,0.03042,GH¢ per NOK,ok,
1999-02-17,NOKGHS,Norwegian Krone,Selling,304.7100,GH¢ per NOK,0.030471,GH¢ per NOK,ok,
1999-02-17,NOKGHS,Norwegian Krone,Mid Rate,304.4550,GH¢ per NOK,0.0304455,GH¢ per NOK,ok,
1999-02-17,SEKGHS,Swedish Krona,Buying,296.4000,GH¢ per SEK,0.02964,GH¢ per SEK,ok,
1999-02-17,SEKGHS,Swedish Krona,Selling,299.8300,GH¢ per SEK,0.029983,GH¢ per SEK,ok,
1999-02-17,SEKGHS,Swedish Krona,Mid Rate,298.1150,GH¢ per SEK,0.0298115,GH¢ per SEK,ok,
1999-02-18,USDGHS,US Dollar,Buying,"2,351.0900",GH¢ per USD,0.235109,GH¢ per USD,ok,
1999-02-18,USDGHS,US Dollar,Selling,"2,382.0000",GH¢ per USD,0.2382,GH¢ per USD,ok,
1999-02-18,USDGHS,US Dollar,Mid Rate,"2,366.5450",GH¢ per USD,0.2366545,GH¢ per USD,ok,
1999-02-18,AUDGHS,Australian Dollar,Buying,192.6100,GH¢ per AUD,0.019261,GH¢ per AUD,ok,
1999-02-18,AUDGHS,Australian Dollar,Selling,"1,519.1000",GH¢ per AUD,0.15191,GH¢ per AUD,ok,
1999-02-18,AUDGHS,Australian Dollar,Mid Rate,855.8550,GH¢ per AUD,0.0855855,GH¢ per AUD,ok,
1999-02-18,CADGHS,Canadian Dollar,Buying,"1,573.5400",GH¢ per CAD,0.157354,GH¢ per CAD,ok,
1999-02-18,CADGHS,Canadian Dollar,Selling,"1,593.6400",GH¢ per CAD,0.159364,GH¢ per CAD,ok,
1999-02-18,CADGHS,Canadian Dollar,Mid Rate,"1,583.5900",GH¢ per CAD,0.158359,GH¢ per CAD,ok,
1999-02-18,CHFGHS,Swiss Franc,Buying,"1,658.8300",GH¢ per CHF,0.165883,GH¢ per CHF,ok,
1999-02-18,CHFGHS,Swiss Franc,Selling,"1,680.5800",GH¢ per CHF,0.168058,GH¢ per CHF,ok,
1999-02-18,CHFGHS,Swiss Franc,Mid Rate,"1,669.7050",GH¢ per CHF,0.1669705,GH¢ per CHF,ok,
1999-02-18,DKKGHS,Danish Krone,Buying,356.8000,GH¢ per DKK,0.03568,GH¢ per DKK,ok,
1999-02-18,DKKGHS,Danish Krone,Selling,361.0800,GH¢ per DKK,0.036108,GH¢ per DKK,ok,
1999-02-18,DKKGHS,Danish Krone,Mid Rate,358.9400,GH¢ per DKK,0.035894,GH¢ per DKK,ok,
1999-02-18,GBPGHS,Pound Sterling,Buying,"3,850.1400",GH¢ per GBP,0.385014,GH¢ per GBP,ok,
1999-02-18,GBPGHS,Pound Sterling,Selling,"3,903.1500",GH¢ per GBP,0.390315,GH¢ per GBP,ok,
1999-02-18,GBPGHS,Pound Sterling,Mid Rate,"3,876.6450",GH¢ per GBP,0.3876645,GH¢ per GBP,ok,
1999-02-18,JPYGHS,Japanese yen,Buying,19.8100,GH¢ per JPY,0.001981,GH¢ per JPY,ok,
1999-02-18,JPYGHS,Japanese yen,Selling,20.0700,GH¢ per JPY,0.002007,GH¢ per JPY,ok,
1999-02-18,JPYGHS,Japanese yen,Mid Rate,19.9400,GH¢ per JPY,0.001994,GH¢ per JPY,ok,
1999-02-18,NOKGHS,Norwegian Krone,Buying,304.2400,GH¢ per NOK,0.030424,GH¢ per NOK,ok,
1999-02-18,NOKGHS,Norwegian Krone,Selling,307.9300,GH¢ per NOK,0.030793,GH¢ per NOK,ok,
1999-02-18,NOKGHS,Norwegian Krone,Mid Rate,306.0850,GH¢ per NOK,0.0306085,GH¢ per NOK,ok,
1999-02-18,SEKGHS,Swedish Krona,Buying,296.6000,GH¢ per SEK,0.02966,GH¢ per SEK,ok,
1999-02-18,SEKGHS,Swedish Krona,Selling,300.2100,GH¢ per SEK,0.030021,GH¢ per SEK,ok,
1999-02-18,SEKGHS,Swedish Krona,Mid Rate,298.4050,GH¢ per SEK,0.0298405,GH¢ per SEK,ok,
1999-02-19,USDGHS,US Dollar,Buying,"2,352.0000",GH¢ per USD,0.2352,GH¢ per USD,ok,
1999-02-19,USDGHS,US Dollar,Selling,"2,382.9100",GH¢ per USD,0.238291,GH¢ per USD,ok,
1999-02-19,USDGHS,US Dollar,Mid Rate,"2,367.4550",GH¢ per USD,0.2367455,GH¢ per USD,ok,
1999-02-19,AUDGHS,Australian Dollar,Buying,191.4100,GH¢ per AUD,0.019141,GH¢ per AUD,ok,
1999-02-19,AUDGHS,Australian Dollar,Selling,"1,523.7600",GH¢ per AUD,0.152376,GH¢ per AUD,ok,
1999-02-19,AUDGHS,Australian Dollar,Mid Rate,857.5850,GH¢ per AUD,0.0857585,GH¢ per AUD,ok,
1999-02-19,CADGHS,Canadian Dollar,Buying,"1,581.1600",GH¢ per CAD,0.158116,GH¢ per CAD,ok,
1999-02-19,CADGHS,Canadian Dollar,Selling,"1,600.8800",GH¢ per CAD,0.160088,GH¢ per CAD,ok,
1999-02-19,CADGHS,Canadian Dollar,Mid Rate,"1,591.0200",GH¢ per CAD,0.159102,GH¢ per CAD,ok,
1999-02-19,CHFGHS,Swiss Franc,Buying,"1,645.9900",GH¢ per CHF,0.164599,GH¢ per CHF,ok,
1999-02-19,CHFGHS,Swiss Franc,Selling,"1,666.5000",GH¢ per CHF,0.16665,GH¢ per CHF,ok,
1999-02-19,CHFGHS,Swiss Franc,Mid Rate,"1,656.2450",GH¢ per CHF,0.1656245,GH¢ per CHF,ok,
1999-02-19,DKKGHS,Danish Krone,Buying,354.2500,GH¢ per DKK,0.035425,GH¢ per DKK,ok,
1999-02-19,DKKGHS,Danish Krone,Selling,358.6900,GH¢ per DKK,0.035869,GH¢ per DKK,ok,
1999-02-19,DKKGHS,Danish Krone,Mid Rate,356.4700,GH¢ per DKK,0.035647,GH¢ per DKK,ok,
1999-02-19,GBPGHS,Pound Sterling,Buying,"3,842.2300",GH¢ per GBP,0.384223,GH¢ per GBP,ok,
1999-02-19,GBPGHS,Pound Sterling,Selling,"3,895.1000",GH¢ per GBP,0.38951,GH¢ per GBP,ok,
1999-02-19,GBPGHS,Pound Sterling,Mid Rate,"3,868.6650",GH¢ per GBP,0.3868665,GH¢ per GBP,ok,
1999-02-19,JPYGHS,Japanese yen,Buying,19.6100,GH¢ per JPY,0.001961,GH¢ per JPY,ok,
1999-02-19,JPYGHS,Japanese yen,Selling,19.8700,GH¢ per JPY,0.001987,GH¢ per JPY,ok,
1999-02-19,JPYGHS,Japanese yen,Mid Rate,19.7400,GH¢ per JPY,0.001974,GH¢ per JPY,ok,
1999-02-19,NOKGHS,Norwegian Krone,Buying,301.8300,GH¢ per NOK,0.030183,GH¢ per NOK,ok,
1999-02-19,NOKGHS,Norwegian Krone,Selling,305.7900,GH¢ per NOK,0.030579,GH¢ per NOK,ok,
1999-02-19,NOKGHS,Norwegian Krone,Mid Rate,303.8100,GH¢ per NOK,0.030381,GH¢ per NOK,ok,
1999-02-19,SEKGHS,Swedish Krona,Buying,295.1800,GH¢ per SEK,0.029518,GH¢ per SEK,ok,
1999-02-19,SEKGHS,Swedish Krona,Selling,298.7800,GH¢ per SEK,0.029878,GH¢ per SEK,ok,
1999-02-19,SEKGHS,Swedish Krona,Mid Rate,296.9800,GH¢ per SEK,0.029698,GH¢ per SEK,ok,
1999-02-22,USDGHS,US Dollar,Buying,"2,352.0900",GH¢ per USD,0.235209,GH¢ per USD,ok,
1999-02-22,USDGHS,US Dollar,Selling,"2,383.0000",GH¢ per USD,0.2383,GH¢ per USD,ok,
1999-02-22,USDGHS,US Dollar,Mid Rate,"2,367.5450",GH¢ per USD,0.2367545,GH¢ per USD,ok,
1999-02-22,AUDGHS,Australian Dollar,Buying,188.6000,GH¢ per AUD,0.01886,GH¢ per AUD,ok,
1999-02-22,AUDGHS,Australian Dollar,Selling,"1,519.2400",GH¢ per AUD,0.151924,GH¢ per AUD,ok,
1999-02-22,AUDGHS,Australian Dollar,Mid Rate,853.9200,GH¢ per AUD,0.085392,GH¢ per AUD,ok,
1999-02-22,CADGHS,Canadian Dollar,Buying,"1,580.7400",GH¢ per CAD,0.158074,GH¢ per CAD,ok,
1999-02-22,CADGHS,Canadian Dollar,Selling,"1,601.4400",GH¢ per CAD,0.160144,GH¢ per CAD,ok,
1999-02-22,CADGHS,Canadian Dollar,Mid Rate,"1,591.0900",GH¢ per CAD,0.159109,GH¢ per CAD,ok,
1999-02-22,CHFGHS,Swiss Franc,Buying,"1,621.5700",GH¢ per CHF,0.162157,GH¢ per CHF,ok,
1999-02-22,CHFGHS,Swiss Franc,Selling,"1,642.8400",GH¢ per CHF,0.164284,GH¢ per CHF,ok,
1999-02-22,CHFGHS,Swiss Franc,Mid Rate,"1,632.2050",GH¢ per CHF,0.1632205,GH¢ per CHF,ok,
1999-02-22,DKKGHS,Danish Krone,Buying,349.4000,GH¢ per DKK,0.03494,GH¢ per DKK,ok,
1999-02-22,DKKGHS,Danish Krone,Selling,353.5700,GH¢ per DKK,0.035357,GH¢ per DKK,ok,
1999-02-22,DKKGHS,Danish Krone,Mid Rate,351.4850,GH¢ per DKK,0.0351485,GH¢ per DKK,ok,
1999-02-22,GBPGHS,Pound Sterling,Buying,"3,811.3300",GH¢ per GBP,0.381133,GH¢ per GBP,ok,
1999-02-22,GBPGHS,Pound Sterling,Selling,"3,863.8000",GH¢ per GBP,0.38638,GH¢ per GBP,ok,
1999-02-22,GBPGHS,Pound Sterling,Mid Rate,"3,837.5650",GH¢ per GBP,0.3837565,GH¢ per GBP,ok,
1999-02-22,JPYGHS,Japanese yen,Buying,19.2800,GH¢ per JPY,0.001928,GH¢ per JPY,ok,
1999-02-22,JPYGHS,Japanese yen,Selling,19.5400,GH¢ per JPY,0.001954,GH¢ per JPY,ok,
1999-02-22,JPYGHS,Japanese yen,Mid Rate,19.4100,GH¢ per JPY,0.001941,GH¢ per JPY,ok,
1999-02-22,NOKGHS,Norwegian Krone,Buying,299.3800,GH¢ per NOK,0.029938,GH¢ per NOK,ok,
1999-02-22,NOKGHS,Norwegian Krone,Selling,303.0200,GH¢ per NOK,0.030302,GH¢ per NOK,ok,
1999-02-22,NOKGHS,Norwegian Krone,Mid Rate,301.2000,GH¢ per NOK,0.03012,GH¢ per NOK,ok,
1999-02-22,SEKGHS,Swedish Krona,Buying,292.4700,GH¢ per SEK,0.029247,GH¢ per SEK,ok,
1999-02-22,SEKGHS,Swedish Krona,Selling,296.0400,GH¢ per SEK,0.029604,GH¢ per SEK,ok,
1999-02-22,SEKGHS,Swedish Krona,Mid Rate,294.2550,GH¢ per SEK,0.0294255,GH¢ per SEK,ok,
1999-02-23,USDGHS,US Dollar,Buying,"2,353.0900",GH¢ per USD,0.235309,GH¢ per USD,ok,
1999-02-23,USDGHS,US Dollar,Selling,"2,383.4500",GH¢ per USD,0.238345,GH¢ per USD,ok,
1999-02-23,USDGHS,US Dollar,Mid Rate,"2,368.2700",GH¢ per USD,0.236827,GH¢ per USD,ok,
1999-02-23,AUDGHS,Australian Dollar,Buying,189.0200,GH¢ per AUD,0.018902,GH¢ per AUD,ok,
1999-02-23,AUDGHS,Australian Dollar,Selling,"1,523.9900",GH¢ per AUD,0.152399,GH¢ per AUD,ok,
1999-02-23,AUDGHS,Australian Dollar,Mid Rate,856.5050,GH¢ per AUD,0.0856505,GH¢ per AUD,ok,
1999-02-23,CADGHS,Canadian Dollar,Buying,"1,573.1200",GH¢ per CAD,0.157312,GH¢ per CAD,ok,
1999-02-23,CADGHS,Canadian Dollar,Selling,"1,591.8700",GH¢ per CAD,0.159187,GH¢ per CAD,ok,
1999-02-23,CADGHS,Canadian Dollar,Mid Rate,"1,582.4950",GH¢ per CAD,0.1582495,GH¢ per CAD,ok,
1999-02-23,CHFGHS,Swiss Franc,Buying,"1,628.6300",GH¢ per CHF,0.162863,GH¢ per CHF,ok,
1999-02-23,CHFGHS,Swiss Franc,Selling,"1,647.9700",GH¢ per CHF,0.164797,GH¢ per CHF,ok,
1999-02-23,CHFGHS,Swiss Franc,Mid Rate,"1,638.3000",GH¢ per CHF,0.16383,GH¢ per CHF,ok,
1999-02-23,DKKGHS,Danish Krone,Buying,349.8100,GH¢ per DKK,0.034981,GH¢ per DKK,warn,FX2_spread
1999-02-23,DKKGHS,Danish Krone,Selling,345.0000,GH¢ per DKK,0.0345,GH¢ per DKK,warn,FX2_spread
1999-02-23,DKKGHS,Danish Krone,Mid Rate,347.4050,GH¢ per DKK,0.0347405,GH¢ per DKK,ok,
1999-02-23,GBPGHS,Pound Sterling,Buying,"3,821.4200",GH¢ per GBP,0.382142,GH¢ per GBP,ok,
1999-02-23,GBPGHS,Pound Sterling,Selling,"3,871.9100",GH¢ per GBP,0.387191,GH¢ per GBP,ok,
1999-02-23,GBPGHS,Pound Sterling,Mid Rate,"3,846.6650",GH¢ per GBP,0.3846665,GH¢ per GBP,ok,
1999-02-23,JPYGHS,Japanese yen,Buying,19.5600,GH¢ per JPY,0.001956,GH¢ per JPY,ok,
1999-02-23,JPYGHS,Japanese yen,Selling,19.8100,GH¢ per JPY,0.001981,GH¢ per JPY,ok,
1999-02-23,JPYGHS,Japanese yen,Mid Rate,19.6850,GH¢ per JPY,0.0019685,GH¢ per JPY,ok,
1999-02-23,NOKGHS,Norwegian Krone,Buying,299.8100,GH¢ per NOK,0.029981,GH¢ per NOK,ok,
1999-02-23,NOKGHS,Norwegian Krone,Selling,303.2000,GH¢ per NOK,0.03032,GH¢ per NOK,ok,
1999-02-23,NOKGHS,Norwegian Krone,Mid Rate,301.5050,GH¢ per NOK,0.0301505,GH¢ per NOK,ok,
1999-02-23,SEKGHS,Swedish Krona,Buying,291.1700,GH¢ per SEK,0.029117,GH¢ per SEK,ok,
1999-02-23,SEKGHS,Swedish Krona,Selling,294.4800,GH¢ per SEK,0.029448,GH¢ per SEK,ok,
1999-02-23,SEKGHS,Swedish Krona,Mid Rate,292.8250,GH¢ per SEK,0.0292825,GH¢ per SEK,ok,
1999-02-24,USDGHS,US Dollar,Buying,"2,353.0900",GH¢ per USD,0.235309,GH¢ per USD,ok,
1999-02-24,USDGHS,US Dollar,Selling,"2,383.4500",GH¢ per USD,0.238345,GH¢ per USD,ok,
1999-02-24,USDGHS,US Dollar,Mid Rate,"2,368.2700",GH¢ per USD,0.236827,GH¢ per USD,ok,
1999-02-24,AUDGHS,Australian Dollar,Buying,187.5200,GH¢ per AUD,0.018752,GH¢ per AUD,ok,
1999-02-24,AUDGHS,Australian Dollar,Selling,"1,513.8400",GH¢ per AUD,0.151384,GH¢ per AUD,ok,
1999-02-24,AUDGHS,Australian Dollar,Mid Rate,850.6800,GH¢ per AUD,0.085068,GH¢ per AUD,ok,
1999-02-24,CADGHS,Canadian Dollar,Buying,"1,573.7500",GH¢ per CAD,0.157375,GH¢ per CAD,ok,
1999-02-24,CADGHS,Canadian Dollar,Selling,"1,592.9900",GH¢ per CAD,0.159299,GH¢ per CAD,ok,
1999-02-24,CADGHS,Canadian Dollar,Mid Rate,"1,583.3700",GH¢ per CAD,0.158337,GH¢ per CAD,ok,
1999-02-24,CHFGHS,Swiss Franc,Buying,"1,621.0500",GH¢ per CHF,0.162105,GH¢ per CHF,ok,
1999-02-24,CHFGHS,Swiss Franc,Selling,"1,640.8100",GH¢ per CHF,0.164081,GH¢ per CHF,ok,
1999-02-24,CHFGHS,Swiss Franc,Mid Rate,"1,630.9300",GH¢ per CHF,0.163093,GH¢ per CHF,ok,
1999-02-24,DKKGHS,Danish Krone,Buying,347.0200,GH¢ per DKK,0.034702,GH¢ per DKK,ok,
1999-02-24,DKKGHS,Danish Krone,Selling,351.3400,GH¢ per DKK,0.035134,GH¢ per DKK,ok,
1999-02-24,DKKGHS,Danish Krone,Mid Rate,349.1800,GH¢ per DKK,0.034918,GH¢ per DKK,ok,
1999-02-24,GBPGHS,Pound Sterling,Buying,"3,786.1200",GH¢ per GBP,0.378612,GH¢ per GBP,ok,
1999-02-24,GBPGHS,Pound Sterling,Selling,"3,837.3500",GH¢ per GBP,0.383735,GH¢ per GBP,ok,
1999-02-24,GBPGHS,Pound Sterling,Mid Rate,"3,811.7350",GH¢ per GBP,0.3811735,GH¢ per GBP,ok,
1999-02-24,JPYGHS,Japanese yen,Buying,19.3900,GH¢ per JPY,0.001939,GH¢ per JPY,ok,
1999-02-24,JPYGHS,Japanese yen,Selling,19.6400,GH¢ per JPY,0.001964,GH¢ per JPY,ok,
1999-02-24,JPYGHS,Japanese yen,Mid Rate,19.5150,GH¢ per JPY,0.0019515,GH¢ per JPY,ok,
1999-02-24,NOKGHS,Norwegian Krone,Buying,298.4500,GH¢ per NOK,0.029845,GH¢ per NOK,ok,
1999-02-24,NOKGHS,Norwegian Krone,Selling,301.9100,GH¢ per NOK,0.030191,GH¢ per NOK,ok,
1999-02-24,NOKGHS,Norwegian Krone,Mid Rate,300.1800,GH¢ per NOK,0.030018,GH¢ per NOK,ok,
1999-02-24,SEKGHS,Swedish Krona,Buying,289.9300,GH¢ per SEK,0.028993,GH¢ per SEK,ok,
1999-02-24,SEKGHS,Swedish Krona,Selling,293.3100,GH¢ per SEK,0.029331,GH¢ per SEK,ok,
1999-02-24,SEKGHS,Swedish Krona,Mid Rate,291.6200,GH¢ per SEK,0.029162,GH¢ per SEK,ok,
1999-02-25,USDGHS,US Dollar,Buying,"2,353.3600",GH¢ per USD,0.235336,GH¢ per USD,ok,
1999-02-25,USDGHS,US Dollar,Selling,"2,383.9100",GH¢ per USD,0.238391,GH¢ per USD,ok,
1999-02-25,USDGHS,US Dollar,Mid Rate,"2,368.6350",GH¢ per USD,0.2368635,GH¢ per USD,ok,
1999-02-25,AUDGHS,Australian Dollar,Buying,188.6500,GH¢ per AUD,0.018865,GH¢ per AUD,ok,
1999-02-25,AUDGHS,Australian Dollar,Selling,"1,501.0900",GH¢ per AUD,0.150109,GH¢ per AUD,ok,
1999-02-25,AUDGHS,Australian Dollar,Mid Rate,844.8700,GH¢ per AUD,0.084487,GH¢ per AUD,ok,
1999-02-25,CADGHS,Canadian Dollar,Buying,"1,571.4000",GH¢ per CAD,0.15714,GH¢ per CAD,ok,
1999-02-25,CADGHS,Canadian Dollar,Selling,"1,591.2600",GH¢ per CAD,0.159126,GH¢ per CAD,ok,
1999-02-25,CADGHS,Canadian Dollar,Mid Rate,"1,581.3300",GH¢ per CAD,0.158133,GH¢ per CAD,ok,
1999-02-25,CHFGHS,Swiss Franc,Buying,"1,629.2700",GH¢ per CHF,0.162927,GH¢ per CHF,ok,
1999-02-25,CHFGHS,Swiss Franc,Selling,"1,649.3100",GH¢ per CHF,0.164931,GH¢ per CHF,ok,
1999-02-25,CHFGHS,Swiss Franc,Mid Rate,"1,639.2900",GH¢ per CHF,0.163929,GH¢ per CHF,ok,
1999-02-25,DKKGHS,Danish Krone,Buying,348.9800,GH¢ per DKK,0.034898,GH¢ per DKK,ok,
1999-02-25,DKKGHS,Danish Krone,Selling,353.3500,GH¢ per DKK,0.035335,GH¢ per DKK,ok,
1999-02-25,DKKGHS,Danish Krone,Mid Rate,351.1650,GH¢ per DKK,0.0351165,GH¢ per DKK,ok,
1999-02-25,GBPGHS,Pound Sterling,Buying,"3,764.4300",GH¢ per GBP,0.376443,GH¢ per GBP,ok,
1999-02-25,GBPGHS,Pound Sterling,Selling,"3,815.6900",GH¢ per GBP,0.381569,GH¢ per GBP,ok,
1999-02-25,GBPGHS,Pound Sterling,Mid Rate,"3,790.0600",GH¢ per GBP,0.379006,GH¢ per GBP,ok,
1999-02-25,JPYGHS,Japanese yen,Buying,19.4700,GH¢ per JPY,0.001947,GH¢ per JPY,ok,
1999-02-25,JPYGHS,Japanese yen,Selling,19.7300,GH¢ per JPY,0.001973,GH¢ per JPY,ok,
1999-02-25,JPYGHS,Japanese yen,Mid Rate,19.6000,GH¢ per JPY,0.00196,GH¢ per JPY,ok,
1999-02-25,NOKGHS,Norwegian Krone,Buying,298.8200,GH¢ per NOK,0.029882,GH¢ per NOK,ok,
1999-02-25,NOKGHS,Norwegian Krone,Selling,302.3200,GH¢ per NOK,0.030232,GH¢ per NOK,ok,
1999-02-25,NOKGHS,Norwegian Krone,Mid Rate,300.5700,GH¢ per NOK,0.030057,GH¢ per NOK,ok,
1999-02-25,SEKGHS,Swedish Krona,Buying,289.5600,GH¢ per SEK,0.028956,GH¢ per SEK,ok,
1999-02-25,SEKGHS,Swedish Krona,Selling,292.9500,GH¢ per SEK,0.029295,GH¢ per SEK,ok,
1999-02-25,SEKGHS,Swedish Krona,Mid Rate,291.2550,GH¢ per SEK,0.0291255,GH¢ per SEK,ok,
1999-02-26,USDGHS,US Dollar,Buying,"2,354.4500",GH¢ per USD,0.235445,GH¢ per USD,ok,
1999-02-26,USDGHS,US Dollar,Selling,"2,384.9100",GH¢ per USD,0.238491,GH¢ per USD,ok,
1999-02-26,USDGHS,US Dollar,Mid Rate,"2,369.6800",GH¢ per USD,0.236968,GH¢ per USD,ok,
1999-02-26,AUDGHS,Australian Dollar,Buying,188.1600,GH¢ per AUD,0.018816,GH¢ per AUD,ok,
1999-02-26,AUDGHS,Australian Dollar,Selling,"1,487.7700",GH¢ per AUD,0.148777,GH¢ per AUD,ok,
1999-02-26,AUDGHS,Australian Dollar,Mid Rate,837.9650,GH¢ per AUD,0.0837965,GH¢ per AUD,ok,
1999-02-26,CADGHS,Canadian Dollar,Buying,"1,558.2100",GH¢ per CAD,0.155821,GH¢ per CAD,ok,
1999-02-26,CADGHS,Canadian Dollar,Selling,"1,577.8500",GH¢ per CAD,0.157785,GH¢ per CAD,ok,
1999-02-26,CADGHS,Canadian Dollar,Mid Rate,"1,568.0300",GH¢ per CAD,0.156803,GH¢ per CAD,ok,
1999-02-26,CHFGHS,Swiss Franc,Buying,"1,629.7200",GH¢ per CHF,0.162972,GH¢ per CHF,ok,
1999-02-26,CHFGHS,Swiss Franc,Selling,"1,650.7700",GH¢ per CHF,0.165077,GH¢ per CHF,ok,
1999-02-26,CHFGHS,Swiss Franc,Mid Rate,"1,640.2450",GH¢ per CHF,0.1640245,GH¢ per CHF,ok,
1999-02-26,DKKGHS,Danish Krone,Buying,348.4000,GH¢ per DKK,0.03484,GH¢ per DKK,ok,
1999-02-26,DKKGHS,Danish Krone,Selling,352.9700,GH¢ per DKK,0.035297,GH¢ per DKK,ok,
1999-02-26,DKKGHS,Danish Krone,Mid Rate,350.6850,GH¢ per DKK,0.0350685,GH¢ per DKK,ok,
1999-02-26,GBPGHS,Pound Sterling,Buying,"3,767.5900",GH¢ per GBP,0.376759,GH¢ per GBP,ok,
1999-02-26,GBPGHS,Pound Sterling,Selling,"3,818.7200",GH¢ per GBP,0.381872,GH¢ per GBP,ok,
1999-02-26,GBPGHS,Pound Sterling,Mid Rate,"3,793.1550",GH¢ per GBP,0.3793155,GH¢ per GBP,ok,
1999-02-26,JPYGHS,Japanese yen,Buying,19.5300,GH¢ per JPY,0.001953,GH¢ per JPY,ok,
1999-02-26,JPYGHS,Japanese yen,Selling,19.7800,GH¢ per JPY,0.001978,GH¢ per JPY,ok,
1999-02-26,JPYGHS,Japanese yen,Mid Rate,19.6550,GH¢ per JPY,0.0019655,GH¢ per JPY,ok,
1999-02-26,NOKGHS,Norwegian Krone,Buying,297.7300,GH¢ per NOK,0.029773,GH¢ per NOK,ok,
1999-02-26,NOKGHS,Norwegian Krone,Selling,301.4900,GH¢ per NOK,0.030149,GH¢ per NOK,ok,
1999-02-26,NOKGHS,Norwegian Krone,Mid Rate,299.6100,GH¢ per NOK,0.029961,GH¢ per NOK,ok,
1999-02-26,SEKGHS,Swedish Krona,Buying,288.2900,GH¢ per SEK,0.028829,GH¢ per SEK,ok,
1999-02-26,SEKGHS,Swedish Krona,Selling,291.7500,GH¢ per SEK,0.029175,GH¢ per SEK,ok,
1999-02-26,SEKGHS,Swedish Krona,Mid Rate,290.0200,GH¢ per SEK,0.029002,GH¢ per SEK,ok,
1999-03-01,USDGHS,US Dollar,Buying,"2,355.1800",GH¢ per USD,0.235518,GH¢ per USD,ok,
1999-03-01,USDGHS,US Dollar,Selling,"2,385.8200",GH¢ per USD,0.238582,GH¢ per USD,ok,
1999-03-01,USDGHS,US Dollar,Mid Rate,"2,370.5000",GH¢ per USD,0.23705,GH¢ per USD,ok,
1999-03-01,AUDGHS,Australian Dollar,Buying,188.1100,GH¢ per AUD,0.018811,GH¢ per AUD,ok,
1999-03-01,AUDGHS,Australian Dollar,Selling,"1,476.8700",GH¢ per AUD,0.147687,GH¢ per AUD,ok,
1999-03-01,AUDGHS,Australian Dollar,Mid Rate,832.4900,GH¢ per AUD,0.083249,GH¢ per AUD,ok,
1999-03-01,CADGHS,Canadian Dollar,Buying,"1,560.8200",GH¢ per CAD,0.156082,GH¢ per CAD,ok,
1999-03-01,CADGHS,Canadian Dollar,Selling,"1,580.6100",GH¢ per CAD,0.158061,GH¢ per CAD,ok,
1999-03-01,CADGHS,Canadian Dollar,Mid Rate,"1,570.7150",GH¢ per CAD,0.1570715,GH¢ per CAD,ok,
1999-03-01,CHFGHS,Swiss Franc,Buying,"1,624.5900",GH¢ per CHF,0.162459,GH¢ per CHF,ok,
1999-03-01,CHFGHS,Swiss Franc,Selling,"1,645.1200",GH¢ per CHF,0.164512,GH¢ per CHF,ok,
1999-03-01,CHFGHS,Swiss Franc,Mid Rate,"1,634.8550",GH¢ per CHF,0.1634855,GH¢ per CHF,ok,
1999-03-01,DKKGHS,Danish Krone,Buying,348.2700,GH¢ per DKK,0.034827,GH¢ per DKK,ok,
1999-03-01,DKKGHS,Danish Krone,Selling,352.7500,GH¢ per DKK,0.035275,GH¢ per DKK,ok,
1999-03-01,DKKGHS,Danish Krone,Mid Rate,350.5100,GH¢ per DKK,0.035051,GH¢ per DKK,ok,
1999-03-01,GBPGHS,Pound Sterling,Buying,"3,769.7000",GH¢ per GBP,0.37697,GH¢ per GBP,ok,
1999-03-01,GBPGHS,Pound Sterling,Selling,"3,821.1300",GH¢ per GBP,0.382113,GH¢ per GBP,ok,
1999-03-01,GBPGHS,Pound Sterling,Mid Rate,"3,795.4150",GH¢ per GBP,0.3795415,GH¢ per GBP,ok,
1999-03-01,JPYGHS,Japanese yen,Buying,19.7500,GH¢ per JPY,0.001975,GH¢ per JPY,ok,
1999-03-01,JPYGHS,Japanese yen,Selling,20.0100,GH¢ per JPY,0.002001,GH¢ per JPY,ok,
1999-03-01,JPYGHS,Japanese yen,Mid Rate,19.8800,GH¢ per JPY,0.001988,GH¢ per JPY,ok,
1999-03-01,NOKGHS,Norwegian Krone,Buying,298.0900,GH¢ per NOK,0.029809,GH¢ per NOK,ok,
1999-03-01,NOKGHS,Norwegian Krone,Selling,301.5800,GH¢ per NOK,0.030158,GH¢ per NOK,ok,
1999-03-01,NOKGHS,Norwegian Krone,Mid Rate,299.8350,GH¢ per NOK,0.0299835,GH¢ per NOK,ok,
1999-03-01,SEKGHS,Swedish Krona,Buying,288.4100,GH¢ per SEK,0.028841,GH¢ per SEK,ok,
1999-03-01,SEKGHS,Swedish Krona,Selling,291.8800,GH¢ per SEK,0.029188,GH¢ per SEK,ok,
1999-03-01,SEKGHS,Swedish Krona,Mid Rate,290.1450,GH¢ per SEK,0.0290145,GH¢ per SEK,ok,
1999-03-02,USDGHS,US Dollar,Buying,"2,356.0000",GH¢ per USD,0.2356,GH¢ per USD,ok,
1999-03-02,USDGHS,US Dollar,Selling,"2,386.3600",GH¢ per USD,0.238636,GH¢ per USD,ok,
1999-03-02,USDGHS,US Dollar,Mid Rate,"2,371.1800",GH¢ per USD,0.237118,GH¢ per USD,ok,
1999-03-02,AUDGHS,Australian Dollar,Buying,186.4000,GH¢ per AUD,0.01864,GH¢ per AUD,ok,
1999-03-02,AUDGHS,Australian Dollar,Selling,"1,485.1800",GH¢ per AUD,0.148518,GH¢ per AUD,ok,
1999-03-02,AUDGHS,Australian Dollar,Mid Rate,835.7900,GH¢ per AUD,0.083579,GH¢ per AUD,ok,
1999-03-02,CADGHS,Canadian Dollar,Buying,"1,547.3500",GH¢ per CAD,0.154735,GH¢ per CAD,ok,
1999-03-02,CADGHS,Canadian Dollar,Selling,"1,566.2500",GH¢ per CAD,0.156625,GH¢ per CAD,ok,
1999-03-02,CADGHS,Canadian Dollar,Mid Rate,"1,556.8000",GH¢ per CAD,0.15568,GH¢ per CAD,ok,
1999-03-02,CHFGHS,Swiss Franc,Buying,"1,612.8100",GH¢ per CHF,0.161281,GH¢ per CHF,ok,
1999-03-02,CHFGHS,Swiss Franc,Selling,"1,632.5100",GH¢ per CHF,0.163251,GH¢ per CHF,ok,
1999-03-02,CHFGHS,Swiss Franc,Mid Rate,"1,622.6600",GH¢ per CHF,0.162266,GH¢ per CHF,ok,
1999-03-02,DKKGHS,Danish Krone,Buying,344.8200,GH¢ per DKK,0.034482,GH¢ per DKK,ok,
1999-03-02,DKKGHS,Danish Krone,Selling,348.9600,GH¢ per DKK,0.034896,GH¢ per DKK,ok,
1999-03-02,DKKGHS,Danish Krone,Mid Rate,346.8900,GH¢ per DKK,0.034689,GH¢ per DKK,ok,
1999-03-02,GBPGHS,Pound Sterling,Buying,"3,789.6300",GH¢ per GBP,0.378963,GH¢ per GBP,ok,
1999-03-02,GBPGHS,Pound Sterling,Selling,"3,839.6500",GH¢ per GBP,0.383965,GH¢ per GBP,ok,
1999-03-02,GBPGHS,Pound Sterling,Mid Rate,"3,814.6400",GH¢ per GBP,0.381464,GH¢ per GBP,ok,
1999-03-02,JPYGHS,Japanese yen,Buying,19.6200,GH¢ per JPY,0.001962,GH¢ per JPY,ok,
1999-03-02,JPYGHS,Japanese yen,Selling,19.8600,GH¢ per JPY,0.001986,GH¢ per JPY,ok,
1999-03-02,JPYGHS,Japanese yen,Mid Rate,19.7400,GH¢ per JPY,0.001974,GH¢ per JPY,ok,
1999-03-02,NOKGHS,Norwegian Krone,Buying,296.2500,GH¢ per NOK,0.029625,GH¢ per NOK,ok,
1999-03-02,NOKGHS,Norwegian Krone,Selling,299.7000,GH¢ per NOK,0.02997,GH¢ per NOK,ok,
1999-03-02,NOKGHS,Norwegian Krone,Mid Rate,297.9750,GH¢ per NOK,0.0297975,GH¢ per NOK,ok,
1999-03-02,SEKGHS,Swedish Krona,Buying,284.7800,GH¢ per SEK,0.028478,GH¢ per SEK,ok,
1999-03-02,SEKGHS,Swedish Krona,Selling,288.1000,GH¢ per SEK,0.02881,GH¢ per SEK,ok,
1999-03-02,SEKGHS,Swedish Krona,Mid Rate,286.4400,GH¢ per SEK,0.028644,GH¢ per SEK,ok,
1999-03-03,USDGHS,US Dollar,Buying,"2,358.3600",GH¢ per USD,0.235836,GH¢ per USD,ok,
1999-03-03,USDGHS,US Dollar,Selling,"2,389.6400",GH¢ per USD,0.238964,GH¢ per USD,ok,
1999-03-03,USDGHS,US Dollar,Mid Rate,"2,374.0000",GH¢ per USD,0.2374,GH¢ per USD,ok,
1999-03-03,AUDGHS,Australian Dollar,Buying,187.4500,GH¢ per AUD,0.018745,GH¢ per AUD,ok,
1999-03-03,AUDGHS,Australian Dollar,Selling,"1,496.1900",GH¢ per AUD,0.149619,GH¢ per AUD,ok,
1999-03-03,AUDGHS,Australian Dollar,Mid Rate,841.8200,GH¢ per AUD,0.084182,GH¢ per AUD,ok,
1999-03-03,CADGHS,Canadian Dollar,Buying,"1,551.7800",GH¢ per CAD,0.155178,GH¢ per CAD,ok,
1999-03-03,CADGHS,Canadian Dollar,Selling,"1,571.3200",GH¢ per CAD,0.157132,GH¢ per CAD,ok,
1999-03-03,CADGHS,Canadian Dollar,Mid Rate,"1,561.5500",GH¢ per CAD,0.156155,GH¢ per CAD,ok,
1999-03-03,CHFGHS,Swiss Franc,Buying,"1,619.8600",GH¢ per CHF,0.161986,GH¢ per CHF,ok,
1999-03-03,CHFGHS,Swiss Franc,Selling,"1,640.8100",GH¢ per CHF,0.164081,GH¢ per CHF,ok,
1999-03-03,CHFGHS,Swiss Franc,Mid Rate,"1,630.3350",GH¢ per CHF,0.1630335,GH¢ per CHF,ok,
1999-03-03,DKKGHS,Danish Krone,Buying,346.9700,GH¢ per DKK,0.034697,GH¢ per DKK,ok,
1999-03-03,DKKGHS,Danish Krone,Selling,351.3700,GH¢ per DKK,0.035137,GH¢ per DKK,ok,
1999-03-03,DKKGHS,Danish Krone,Mid Rate,349.1700,GH¢ per DKK,0.034917,GH¢ per DKK,ok,
1999-03-03,GBPGHS,Pound Sterling,Buying,"3,810.4000",GH¢ per GBP,0.38104,GH¢ per GBP,ok,
1999-03-03,GBPGHS,Pound Sterling,Selling,"3,862.1400",GH¢ per GBP,0.386214,GH¢ per GBP,ok,
1999-03-03,GBPGHS,Pound Sterling,Mid Rate,"3,836.2700",GH¢ per GBP,0.383627,GH¢ per GBP,ok,
1999-03-03,JPYGHS,Japanese yen,Buying,19.4900,GH¢ per JPY,0.001949,GH¢ per JPY,ok,
1999-03-03,JPYGHS,Japanese yen,Selling,19.7400,GH¢ per JPY,0.001974,GH¢ per JPY,ok,
1999-03-03,JPYGHS,Japanese yen,Mid Rate,19.6150,GH¢ per JPY,0.0019615,GH¢ per JPY,ok,
1999-03-03,NOKGHS,Norwegian Krone,Buying,289.3200,GH¢ per NOK,0.028932,GH¢ per NOK,ok,
1999-03-03,NOKGHS,Norwegian Krone,Selling,302.0500,GH¢ per NOK,0.030205,GH¢ per NOK,ok,
1999-03-03,NOKGHS,Norwegian Krone,Mid Rate,295.6850,GH¢ per NOK,0.0295685,GH¢ per NOK,ok,
1999-03-03,SEKGHS,Swedish Krona,Buying,286.3500,GH¢ per SEK,0.028635,GH¢ per SEK,ok,
1999-03-03,SEKGHS,Swedish Krona,Selling,289.7900,GH¢ per SEK,0.028979,GH¢ per SEK,ok,
1999-03-03,SEKGHS,Swedish Krona,Mid Rate,288.0700,GH¢ per SEK,0.028807,GH¢ per SEK,ok,
1999-03-04,USDGHS,US Dollar,Buying,"2,359.8200",GH¢ per USD,0.235982,GH¢ per USD,ok,
1999-03-04,USDGHS,US Dollar,Selling,"2,391.1800",GH¢ per USD,0.239118,GH¢ per USD,ok,
1999-03-04,USDGHS,US Dollar,Mid Rate,"2,375.5000",GH¢ per USD,0.23755,GH¢ per USD,ok,
1999-03-04,AUDGHS,Australian Dollar,Buying,186.4400,GH¢ per AUD,0.018644,GH¢ per AUD,ok,
1999-03-04,AUDGHS,Australian Dollar,Selling,"1,487.0200",GH¢ per AUD,0.148702,GH¢ per AUD,ok,
1999-03-04,AUDGHS,Australian Dollar,Mid Rate,836.7300,GH¢ per AUD,0.083673,GH¢ per AUD,ok,
1999-03-04,CADGHS,Canadian Dollar,Buying,"1,546.9700",GH¢ per CAD,0.154697,GH¢ per CAD,ok,
1999-03-04,CADGHS,Canadian Dollar,Selling,"1,566.5400",GH¢ per CAD,0.156654,GH¢ per CAD,ok,
1999-03-04,CADGHS,Canadian Dollar,Mid Rate,"1,556.7550",GH¢ per CAD,0.1556755,GH¢ per CAD,ok,
1999-03-04,CHFGHS,Swiss Franc,Buying,"1,614.0900",GH¢ per CHF,0.161409,GH¢ per CHF,ok,
1999-03-04,CHFGHS,Swiss Franc,Selling,"1,634.3800",GH¢ per CHF,0.163438,GH¢ per CHF,ok,
1999-03-04,CHFGHS,Swiss Franc,Mid Rate,"1,624.2350",GH¢ per CHF,0.1624235,GH¢ per CHF,ok,
1999-03-04,DKKGHS,Danish Krone,Buying,345.1100,GH¢ per DKK,0.034511,GH¢ per DKK,ok,
1999-03-04,DKKGHS,Danish Krone,Selling,349.4400,GH¢ per DKK,0.034944,GH¢ per DKK,ok,
1999-03-04,DKKGHS,Danish Krone,Mid Rate,347.2750,GH¢ per DKK,0.0347275,GH¢ per DKK,ok,
1999-03-04,GBPGHS,Pound Sterling,Buying,"3,801.6700",GH¢ per GBP,0.380167,GH¢ per GBP,ok,
1999-03-04,GBPGHS,Pound Sterling,Selling,"3,853.3900",GH¢ per GBP,0.385339,GH¢ per GBP,ok,
1999-03-04,GBPGHS,Pound Sterling,Mid Rate,"3,827.5300",GH¢ per GBP,0.382753,GH¢ per GBP,ok,
1999-03-04,JPYGHS,Japanese yen,Buying,19.2700,GH¢ per JPY,0.001927,GH¢ per JPY,ok,
1999-03-04,JPYGHS,Japanese yen,Selling,19.5200,GH¢ per JPY,0.001952,GH¢ per JPY,ok,
1999-03-04,JPYGHS,Japanese yen,Mid Rate,19.3950,GH¢ per JPY,0.0019395,GH¢ per JPY,ok,
1999-03-04,NOKGHS,Norwegian Krone,Buying,296.9800,GH¢ per NOK,0.029698,GH¢ per NOK,ok,
1999-03-04,NOKGHS,Norwegian Krone,Selling,300.7000,GH¢ per NOK,0.03007,GH¢ per NOK,ok,
1999-03-04,NOKGHS,Norwegian Krone,Mid Rate,298.8400,GH¢ per NOK,0.029884,GH¢ per NOK,ok,
1999-03-04,SEKGHS,Swedish Krona,Buying,285.3000,GH¢ per SEK,0.02853,GH¢ per SEK,ok,
1999-03-04,SEKGHS,Swedish Krona,Selling,288.9100,GH¢ per SEK,0.028891,GH¢ per SEK,ok,
1999-03-04,SEKGHS,Swedish Krona,Mid Rate,287.1050,GH¢ per SEK,0.0287105,GH¢ per SEK,ok,
1999-03-05,USDGHS,US Dollar,Buying,"2,360.9100",GH¢ per USD,0.236091,GH¢ per USD,ok,
1999-03-05,USDGHS,US Dollar,Selling,"2,392.1800",GH¢ per USD,0.239218,GH¢ per USD,ok,
1999-03-05,USDGHS,US Dollar,Mid Rate,"2,376.5450",GH¢ per USD,0.2376545,GH¢ per USD,ok,
1999-03-05,AUDGHS,Australian Dollar,Buying,185.8400,GH¢ per AUD,0.018584,GH¢ per AUD,ok,
1999-03-05,AUDGHS,Australian Dollar,Selling,"1,503.3100",GH¢ per AUD,0.150331,GH¢ per AUD,ok,
1999-03-05,AUDGHS,Australian Dollar,Mid Rate,844.5750,GH¢ per AUD,0.0844575,GH¢ per AUD,ok,
1999-03-05,CADGHS,Canadian Dollar,Buying,"1,551.7600",GH¢ per CAD,0.155176,GH¢ per CAD,ok,
1999-03-05,CADGHS,Canadian Dollar,Selling,"1,570.8100",GH¢ per CAD,0.157081,GH¢ per CAD,ok,
1999-03-05,CADGHS,Canadian Dollar,Mid Rate,"1,561.2850",GH¢ per CAD,0.1561285,GH¢ per CAD,ok,
1999-03-05,CHFGHS,Swiss Franc,Buying,"1,609.0700",GH¢ per CHF,0.160907,GH¢ per CHF,ok,
1999-03-05,CHFGHS,Swiss Franc,Selling,"1,628.7500",GH¢ per CHF,0.162875,GH¢ per CHF,ok,
1999-03-05,CHFGHS,Swiss Franc,Mid Rate,"1,618.9100",GH¢ per CHF,0.161891,GH¢ per CHF,ok,
1999-03-05,DKKGHS,Danish Krone,Buying,344.0800,GH¢ per DKK,0.034408,GH¢ per DKK,ok,
1999-03-05,DKKGHS,Danish Krone,Selling,348.3800,GH¢ per DKK,0.034838,GH¢ per DKK,ok,
1999-03-05,DKKGHS,Danish Krone,Mid Rate,346.2300,GH¢ per DKK,0.034623,GH¢ per DKK,ok,
1999-03-05,GBPGHS,Pound Sterling,Buying,"3,799.1800",GH¢ per GBP,0.379918,GH¢ per GBP,ok,
1999-03-05,GBPGHS,Pound Sterling,Selling,"3,850.6900",GH¢ per GBP,0.385069,GH¢ per GBP,ok,
1999-03-05,GBPGHS,Pound Sterling,Mid Rate,"3,824.9350",GH¢ per GBP,0.3824935,GH¢ per GBP,ok,
1999-03-05,JPYGHS,Japanese yen,Buying,19.2600,GH¢ per JPY,0.001926,GH¢ per JPY,ok,
1999-03-05,JPYGHS,Japanese yen,Selling,19.5100,GH¢ per JPY,0.001951,GH¢ per JPY,ok,
1999-03-05,JPYGHS,Japanese yen,Mid Rate,19.3850,GH¢ per JPY,0.0019385,GH¢ per JPY,ok,
1999-03-05,NOKGHS,Norwegian Krone,Buying,297.9000,GH¢ per NOK,0.02979,GH¢ per NOK,ok,
1999-03-05,NOKGHS,Norwegian Krone,Selling,301.4500,GH¢ per NOK,0.030145,GH¢ per NOK,ok,
1999-03-05,NOKGHS,Norwegian Krone,Mid Rate,299.6750,GH¢ per NOK,0.0299675,GH¢ per NOK,ok,
1999-03-05,SEKGHS,Swedish Krona,Buying,285.6900,GH¢ per SEK,0.028569,GH¢ per SEK,ok,
1999-03-05,SEKGHS,Swedish Krona,Selling,289.1000,GH¢ per SEK,0.02891,GH¢ per SEK,ok,
1999-03-05,SEKGHS,Swedish Krona,Mid Rate,287.3950,GH¢ per SEK,0.0287395,GH¢ per SEK,ok,
1999-03-08,USDGHS,US Dollar,Buying,"2,362.4500",GH¢ per USD,0.236245,GH¢ per USD,ok,
1999-03-08,USDGHS,US Dollar,Selling,"2,393.8200",GH¢ per USD,0.239382,GH¢ per USD,ok,
1999-03-08,USDGHS,US Dollar,Mid Rate,"2,378.1350",GH¢ per USD,0.2378135,GH¢ per USD,ok,
1999-03-08,AUDGHS,Australian Dollar,Buying,186.4200,GH¢ per AUD,0.018642,GH¢ per AUD,ok,
1999-03-08,AUDGHS,Australian Dollar,Selling,"1,504.0100",GH¢ per AUD,0.150401,GH¢ per AUD,ok,
1999-03-08,AUDGHS,Australian Dollar,Mid Rate,845.2150,GH¢ per AUD,0.0845215,GH¢ per AUD,ok,
1999-03-08,CADGHS,Canadian Dollar,Buying,"1,556.1100",GH¢ per CAD,0.155611,GH¢ per CAD,ok,
1999-03-08,CADGHS,Canadian Dollar,Selling,"1,575.7100",GH¢ per CAD,0.157571,GH¢ per CAD,ok,
1999-03-08,CADGHS,Canadian Dollar,Mid Rate,"1,565.9100",GH¢ per CAD,0.156591,GH¢ per CAD,ok,
1999-03-08,CHFGHS,Swiss Franc,Buying,"1,611.0400",GH¢ per CHF,0.161104,GH¢ per CHF,ok,
1999-03-08,CHFGHS,Swiss Franc,Selling,"1,631.3400",GH¢ per CHF,0.163134,GH¢ per CHF,ok,
1999-03-08,CHFGHS,Swiss Franc,Mid Rate,"1,621.1900",GH¢ per CHF,0.162119,GH¢ per CHF,ok,
1999-03-08,DKKGHS,Danish Krone,Buying,345.1800,GH¢ per DKK,0.034518,GH¢ per DKK,ok,
1999-03-08,DKKGHS,Danish Krone,Selling,349.6100,GH¢ per DKK,0.034961,GH¢ per DKK,ok,
1999-03-08,DKKGHS,Danish Krone,Mid Rate,347.3950,GH¢ per DKK,0.0347395,GH¢ per DKK,ok,
1999-03-08,GBPGHS,Pound Sterling,Buying,"3,788.1900",GH¢ per GBP,0.378819,GH¢ per GBP,ok,
1999-03-08,GBPGHS,Pound Sterling,Selling,"3,839.6900",GH¢ per GBP,0.383969,GH¢ per GBP,ok,
1999-03-08,GBPGHS,Pound Sterling,Mid Rate,"3,813.9400",GH¢ per GBP,0.381394,GH¢ per GBP,ok,
1999-03-08,JPYGHS,Japanese yen,Buying,19.4300,GH¢ per JPY,0.001943,GH¢ per JPY,ok,
1999-03-08,JPYGHS,Japanese yen,Selling,19.6800,GH¢ per JPY,0.001968,GH¢ per JPY,ok,
1999-03-08,JPYGHS,Japanese yen,Mid Rate,19.5550,GH¢ per JPY,0.0019555,GH¢ per JPY,ok,
1999-03-08,NOKGHS,Norwegian Krone,Buying,299.2300,GH¢ per NOK,0.029923,GH¢ per NOK,ok,
1999-03-08,NOKGHS,Norwegian Krone,Selling,302.9800,GH¢ per NOK,0.030298,GH¢ per NOK,ok,
1999-03-08,NOKGHS,Norwegian Krone,Mid Rate,301.1050,GH¢ per NOK,0.0301105,GH¢ per NOK,ok,
1999-03-08,SEKGHS,Swedish Krona,Buying,286.8400,GH¢ per SEK,0.028684,GH¢ per SEK,ok,
1999-03-08,SEKGHS,Swedish Krona,Selling,290.3000,GH¢ per SEK,0.02903,GH¢ per SEK,ok,
1999-03-08,SEKGHS,Swedish Krona,Mid Rate,288.5700,GH¢ per SEK,0.028857,GH¢ per SEK,ok,
1999-03-09,USDGHS,US Dollar,Buying,"2,364.0900",GH¢ per USD,0.236409,GH¢ per USD,ok,
1999-03-09,USDGHS,US Dollar,Selling,"2,394.6400",GH¢ per USD,0.239464,GH¢ per USD,ok,
1999-03-09,USDGHS,US Dollar,Mid Rate,"2,379.3650",GH¢ per USD,0.2379365,GH¢ per USD,ok,
1999-03-09,AUDGHS,Australian Dollar,Buying,187.1400,GH¢ per AUD,0.018714,GH¢ per AUD,ok,
1999-03-09,AUDGHS,Australian Dollar,Selling,"1,511.1400",GH¢ per AUD,0.151114,GH¢ per AUD,ok,
1999-03-09,AUDGHS,Australian Dollar,Mid Rate,849.1400,GH¢ per AUD,0.084914,GH¢ per AUD,ok,
1999-03-09,CADGHS,Canadian Dollar,Buying,"1,560.2500",GH¢ per CAD,0.156025,GH¢ per CAD,ok,
1999-03-09,CADGHS,Canadian Dollar,Selling,"1,579.6100",GH¢ per CAD,0.157961,GH¢ per CAD,ok,
1999-03-09,CADGHS,Canadian Dollar,Mid Rate,"1,569.9300",GH¢ per CAD,0.156993,GH¢ per CAD,ok,
1999-03-09,CHFGHS,Swiss Franc,Buying,"1,616.9100",GH¢ per CHF,0.161691,GH¢ per CHF,ok,
1999-03-09,CHFGHS,Swiss Franc,Selling,"1,636.9200",GH¢ per CHF,0.163692,GH¢ per CHF,ok,
1999-03-09,CHFGHS,Swiss Franc,Mid Rate,"1,626.9150",GH¢ per CHF,0.1626915,GH¢ per CHF,ok,
1999-03-09,DKKGHS,Danish Krone,Buying,346.3900,GH¢ per DKK,0.034639,GH¢ per DKK,ok,
1999-03-09,DKKGHS,Danish Krone,Selling,350.7600,GH¢ per DKK,0.035076,GH¢ per DKK,ok,
1999-03-09,DKKGHS,Danish Krone,Mid Rate,348.5750,GH¢ per DKK,0.0348575,GH¢ per DKK,ok,
1999-03-09,GBPGHS,Pound Sterling,Buying,"3,802.1700",GH¢ per GBP,0.380217,GH¢ per GBP,ok,
1999-03-09,GBPGHS,Pound Sterling,Selling,"3,852.9800",GH¢ per GBP,0.385298,GH¢ per GBP,ok,
1999-03-09,GBPGHS,Pound Sterling,Mid Rate,"3,827.5750",GH¢ per GBP,0.3827575,GH¢ per GBP,ok,
1999-03-09,JPYGHS,Japanese yen,Buying,19.4400,GH¢ per JPY,0.001944,GH¢ per JPY,ok,
1999-03-09,JPYGHS,Japanese yen,Selling,19.6900,GH¢ per JPY,0.001969,GH¢ per JPY,ok,
1999-03-09,JPYGHS,Japanese yen,Mid Rate,19.5650,GH¢ per JPY,0.0019565,GH¢ per JPY,ok,
1999-03-09,NOKGHS,Norwegian Krone,Buying,300.8900,GH¢ per NOK,0.030089,GH¢ per NOK,ok,
1999-03-09,NOKGHS,Norwegian Krone,Selling,304.5800,GH¢ per NOK,0.030458,GH¢ per NOK,ok,
1999-03-09,NOKGHS,Norwegian Krone,Mid Rate,302.7350,GH¢ per NOK,0.0302735,GH¢ per NOK,ok,
1999-03-09,SEKGHS,Swedish Krona,Buying,287.9900,GH¢ per SEK,0.028799,GH¢ per SEK,ok,
1999-03-09,SEKGHS,Swedish Krona,Selling,291.3900,GH¢ per SEK,0.029139,GH¢ per SEK,ok,
1999-03-09,SEKGHS,Swedish Krona,Mid Rate,289.6900,GH¢ per SEK,0.028969,GH¢ per SEK,ok,
1999-03-10,USDGHS,US Dollar,Buying,"2,364.4500",GH¢ per USD,0.236445,GH¢ per USD,ok,
1999-03-10,USDGHS,US Dollar,Selling,"2,394.9100",GH¢ per USD,0.239491,GH¢ per USD,ok,
1999-03-10,USDGHS,US Dollar,Mid Rate,"2,379.6800",GH¢ per USD,0.237968,GH¢ per USD,ok,
1999-03-10,AUDGHS,Australian Dollar,Buying,187.1600,GH¢ per AUD,0.018716,GH¢ per AUD,ok,
1999-03-10,AUDGHS,Australian Dollar,Selling,"1,525.4100",GH¢ per AUD,0.152541,GH¢ per AUD,ok,
1999-03-10,AUDGHS,Australian Dollar,Mid Rate,856.2850,GH¢ per AUD,0.0856285,GH¢ per AUD,ok,
1999-03-10,CADGHS,Canadian Dollar,Buying,"1,558.5200",GH¢ per CAD,0.155852,GH¢ per CAD,ok,
1999-03-10,CADGHS,Canadian Dollar,Selling,"1,577.5500",GH¢ per CAD,0.157755,GH¢ per CAD,ok,
1999-03-10,CADGHS,Canadian Dollar,Mid Rate,"1,568.0350",GH¢ per CAD,0.1568035,GH¢ per CAD,ok,
1999-03-10,CHFGHS,Swiss Franc,Buying,"1,610.9600",GH¢ per CHF,0.161096,GH¢ per CHF,ok,
1999-03-10,CHFGHS,Swiss Franc,Selling,"1,631.1800",GH¢ per CHF,0.163118,GH¢ per CHF,ok,
1999-03-10,CHFGHS,Swiss Franc,Mid Rate,"1,621.0700",GH¢ per CHF,0.162107,GH¢ per CHF,ok,
1999-03-10,DKKGHS,Danish Krone,Buying,346.3300,GH¢ per DKK,0.034633,GH¢ per DKK,ok,
1999-03-10,DKKGHS,Danish Krone,Selling,350.6400,GH¢ per DKK,0.035064,GH¢ per DKK,ok,
1999-03-10,DKKGHS,Danish Krone,Mid Rate,348.4850,GH¢ per DKK,0.0348485,GH¢ per DKK,ok,
1999-03-10,GBPGHS,Pound Sterling,Buying,"3,821.1900",GH¢ per GBP,0.382119,GH¢ per GBP,ok,
1999-03-10,GBPGHS,Pound Sterling,Selling,"3,871.6100",GH¢ per GBP,0.387161,GH¢ per GBP,ok,
1999-03-10,GBPGHS,Pound Sterling,Mid Rate,"3,846.4000",GH¢ per GBP,0.38464,GH¢ per GBP,ok,
1999-03-10,JPYGHS,Japanese yen,Buying,19.5200,GH¢ per JPY,0.001952,GH¢ per JPY,ok,
1999-03-10,JPYGHS,Japanese yen,Selling,19.7700,GH¢ per JPY,0.001977,GH¢ per JPY,ok,
1999-03-10,JPYGHS,Japanese yen,Mid Rate,19.6450,GH¢ per JPY,0.0019645,GH¢ per JPY,ok,
1999-03-10,NOKGHS,Norwegian Krone,Buying,300.9000,GH¢ per NOK,0.03009,GH¢ per NOK,ok,
1999-03-10,NOKGHS,Norwegian Krone,Selling,304.5400,GH¢ per NOK,0.030454,GH¢ per NOK,ok,
1999-03-10,NOKGHS,Norwegian Krone,Mid Rate,302.7200,GH¢ per NOK,0.030272,GH¢ per NOK,ok,
1999-03-10,SEKGHS,Swedish Krona,Buying,288.4200,GH¢ per SEK,0.028842,GH¢ per SEK,ok,
1999-03-10,SEKGHS,Swedish Krona,Selling,291.7800,GH¢ per SEK,0.029178,GH¢ per SEK,ok,
1999-03-10,SEKGHS,Swedish Krona,Mid Rate,290.1000,GH¢ per SEK,0.02901,GH¢ per SEK,ok,
1999-03-11,USDGHS,US Dollar,Buying,"2,365.8200",GH¢ per USD,0.236582,GH¢ per USD,ok,
1999-03-11,USDGHS,US Dollar,Selling,"2,397.6400",GH¢ per USD,0.239764,GH¢ per USD,ok,
1999-03-11,USDGHS,US Dollar,Mid Rate,"2,381.7300",GH¢ per USD,0.238173,GH¢ per USD,ok,
1999-03-11,AUDGHS,Australian Dollar,Buying,188.1900,GH¢ per AUD,0.018819,GH¢ per AUD,ok,
1999-03-11,AUDGHS,Australian Dollar,Selling,"1,526.6600",GH¢ per AUD,0.152666,GH¢ per AUD,ok,
1999-03-11,AUDGHS,Australian Dollar,Mid Rate,857.4250,GH¢ per AUD,0.0857425,GH¢ per AUD,ok,
1999-03-11,CADGHS,Canadian Dollar,Buying,"1,554.3300",GH¢ per CAD,0.155433,GH¢ per CAD,ok,
1999-03-11,CADGHS,Canadian Dollar,Selling,"1,574.6700",GH¢ per CAD,0.157467,GH¢ per CAD,ok,
1999-03-11,CADGHS,Canadian Dollar,Mid Rate,"1,564.5000",GH¢ per CAD,0.15645,GH¢ per CAD,ok,
1999-03-11,CHFGHS,Swiss Franc,Buying,"1,622.3300",GH¢ per CHF,0.162233,GH¢ per CHF,ok,
1999-03-11,CHFGHS,Swiss Franc,Selling,"1,643.5600",GH¢ per CHF,0.164356,GH¢ per CHF,ok,
1999-03-11,CHFGHS,Swiss Franc,Mid Rate,"1,632.9450",GH¢ per CHF,0.1632945,GH¢ per CHF,ok,
1999-03-11,DKKGHS,Danish Krone,Buying,348.4000,GH¢ per DKK,0.03484,GH¢ per DKK,ok,
1999-03-11,DKKGHS,Danish Krone,Selling,352.7800,GH¢ per DKK,0.035278,GH¢ per DKK,ok,
1999-03-11,DKKGHS,Danish Krone,Mid Rate,350.5900,GH¢ per DKK,0.035059,GH¢ per DKK,ok,
1999-03-11,GBPGHS,Pound Sterling,Buying,"3,845.4000",GH¢ per GBP,0.38454,GH¢ per GBP,ok,
1999-03-11,GBPGHS,Pound Sterling,Selling,"3,899.5200",GH¢ per GBP,0.389952,GH¢ per GBP,ok,
1999-03-11,GBPGHS,Pound Sterling,Mid Rate,"3,872.4600",GH¢ per GBP,0.387246,GH¢ per GBP,ok,
1999-03-11,JPYGHS,Japanese yen,Buying,19.7700,GH¢ per JPY,0.001977,GH¢ per JPY,ok,
1999-03-11,JPYGHS,Japanese yen,Selling,20.0400,GH¢ per JPY,0.002004,GH¢ per JPY,ok,
1999-03-11,JPYGHS,Japanese yen,Mid Rate,19.9050,GH¢ per JPY,0.0019905,GH¢ per JPY,ok,
1999-03-11,NOKGHS,Norwegian Krone,Buying,303.7400,GH¢ per NOK,0.030374,GH¢ per NOK,ok,
1999-03-11,NOKGHS,Norwegian Krone,Selling,307.6800,GH¢ per NOK,0.030768,GH¢ per NOK,ok,
1999-03-11,NOKGHS,Norwegian Krone,Mid Rate,305.7100,GH¢ per NOK,0.030571,GH¢ per NOK,ok,
1999-03-11,SEKGHS,Swedish Krona,Buying,292.3700,GH¢ per SEK,0.029237,GH¢ per SEK,ok,
1999-03-11,SEKGHS,Swedish Krona,Selling,296.0300,GH¢ per SEK,0.029603,GH¢ per SEK,ok,
1999-03-11,SEKGHS,Swedish Krona,Mid Rate,294.2000,GH¢ per SEK,0.02942,GH¢ per SEK,ok,
1999-03-12,USDGHS,US Dollar,Buying,"2,369.9100",GH¢ per USD,0.236991,GH¢ per USD,ok,
1999-03-12,USDGHS,US Dollar,Selling,"2,401.6400",GH¢ per USD,0.240164,GH¢ per USD,ok,
1999-03-12,USDGHS,US Dollar,Mid Rate,"2,385.7750",GH¢ per USD,0.2385775,GH¢ per USD,ok,
1999-03-12,AUDGHS,Australian Dollar,Buying,189.5600,GH¢ per AUD,0.018956,GH¢ per AUD,ok,
1999-03-12,AUDGHS,Australian Dollar,Selling,"1,523.1800",GH¢ per AUD,0.152318,GH¢ per AUD,ok,
1999-03-12,AUDGHS,Australian Dollar,Mid Rate,856.3700,GH¢ per AUD,0.085637,GH¢ per AUD,ok,
1999-03-12,CADGHS,Canadian Dollar,Buying,"1,555.8800",GH¢ per CAD,0.155588,GH¢ per CAD,ok,
1999-03-12,CADGHS,Canadian Dollar,Selling,"1,576.1500",GH¢ per CAD,0.157615,GH¢ per CAD,ok,
1999-03-12,CADGHS,Canadian Dollar,Mid Rate,"1,566.0150",GH¢ per CAD,0.1566015,GH¢ per CAD,ok,
1999-03-12,CHFGHS,Swiss Franc,Buying,"1,628.0400",GH¢ per CHF,0.162804,GH¢ per CHF,ok,
1999-03-12,CHFGHS,Swiss Franc,Selling,"1,649.8100",GH¢ per CHF,0.164981,GH¢ per CHF,ok,
1999-03-12,CHFGHS,Swiss Franc,Mid Rate,"1,638.9250",GH¢ per CHF,0.1638925,GH¢ per CHF,ok,
1999-03-12,DKKGHS,Danish Krone,Buying,350.9500,GH¢ per DKK,0.035095,GH¢ per DKK,ok,
1999-03-12,DKKGHS,Danish Krone,Selling,355.6000,GH¢ per DKK,0.03556,GH¢ per DKK,ok,
1999-03-12,DKKGHS,Danish Krone,Mid Rate,353.2750,GH¢ per DKK,0.0353275,GH¢ per DKK,ok,
1999-03-12,GBPGHS,Pound Sterling,Buying,"3,871.4800",GH¢ per GBP,0.387148,GH¢ per GBP,ok,
1999-03-12,GBPGHS,Pound Sterling,Selling,"3,925.7200",GH¢ per GBP,0.392572,GH¢ per GBP,ok,
1999-03-12,GBPGHS,Pound Sterling,Mid Rate,"3,898.6000",GH¢ per GBP,0.38986,GH¢ per GBP,ok,
1999-03-12,JPYGHS,Japanese yen,Buying,19.7700,GH¢ per JPY,0.001977,GH¢ per JPY,ok,
1999-03-12,JPYGHS,Japanese yen,Selling,20.0400,GH¢ per JPY,0.002004,GH¢ per JPY,ok,
1999-03-12,JPYGHS,Japanese yen,Mid Rate,19.9050,GH¢ per JPY,0.0019905,GH¢ per JPY,ok,
1999-03-12,NOKGHS,Norwegian Krone,Buying,304.6400,GH¢ per NOK,0.030464,GH¢ per NOK,ok,
1999-03-12,NOKGHS,Norwegian Krone,Selling,308.5700,GH¢ per NOK,0.030857,GH¢ per NOK,ok,
1999-03-12,NOKGHS,Norwegian Krone,Mid Rate,306.6050,GH¢ per NOK,0.0306605,GH¢ per NOK,ok,
1999-03-12,SEKGHS,Swedish Krona,Buying,293.3800,GH¢ per SEK,0.029338,GH¢ per SEK,ok,
1999-03-12,SEKGHS,Swedish Krona,Selling,297.0300,GH¢ per SEK,0.029703,GH¢ per SEK,ok,
1999-03-12,SEKGHS,Swedish Krona,Mid Rate,295.2050,GH¢ per SEK,0.0295205,GH¢ per SEK,ok,
1999-03-15,USDGHS,US Dollar,Buying,"2,373.7300",GH¢ per USD,0.237373,GH¢ per USD,ok,
1999-03-15,USDGHS,US Dollar,Selling,"2,404.1800",GH¢ per USD,0.240418,GH¢ per USD,ok,
1999-03-15,USDGHS,US Dollar,Mid Rate,"2,388.9550",GH¢ per USD,0.2388955,GH¢ per USD,ok,
1999-03-15,AUDGHS,Australian Dollar,Buying,188.5300,GH¢ per AUD,0.018853,GH¢ per AUD,ok,
1999-03-15,AUDGHS,Australian Dollar,Selling,"1,523.0900",GH¢ per AUD,0.152309,GH¢ per AUD,ok,
1999-03-15,AUDGHS,Australian Dollar,Mid Rate,855.8100,GH¢ per AUD,0.085581,GH¢ per AUD,ok,
1999-03-15,CADGHS,Canadian Dollar,Buying,"1,556.1200",GH¢ per CAD,0.155612,GH¢ per CAD,ok,
1999-03-15,CADGHS,Canadian Dollar,Selling,"1,575.7400",GH¢ per CAD,0.157574,GH¢ per CAD,ok,
1999-03-15,CADGHS,Canadian Dollar,Mid Rate,"1,565.9300",GH¢ per CAD,0.156593,GH¢ per CAD,ok,
1999-03-15,CHFGHS,Swiss Franc,Buying,"1,622.9500",GH¢ per CHF,0.162295,GH¢ per CHF,ok,
1999-03-15,CHFGHS,Swiss Franc,Selling,"1,643.3300",GH¢ per CHF,0.164333,GH¢ per CHF,ok,
1999-03-15,CHFGHS,Swiss Franc,Mid Rate,"1,633.1400",GH¢ per CHF,0.163314,GH¢ per CHF,ok,
1999-03-15,DKKGHS,Danish Krone,Buying,348.9200,GH¢ per DKK,0.034892,GH¢ per DKK,ok,
1999-03-15,DKKGHS,Danish Krone,Selling,353.3900,GH¢ per DKK,0.035339,GH¢ per DKK,ok,
1999-03-15,DKKGHS,Danish Krone,Mid Rate,351.1550,GH¢ per DKK,0.0351155,GH¢ per DKK,ok,
1999-03-15,GBPGHS,Pound Sterling,Buying,"3,861.8200",GH¢ per GBP,0.386182,GH¢ per GBP,ok,
1999-03-15,GBPGHS,Pound Sterling,Selling,"3,915.3900",GH¢ per GBP,0.391539,GH¢ per GBP,ok,
1999-03-15,GBPGHS,Pound Sterling,Mid Rate,"3,888.6050",GH¢ per GBP,0.3888605,GH¢ per GBP,ok,
1999-03-15,JPYGHS,Japanese yen,Buying,20.0400,GH¢ per JPY,0.002004,GH¢ per JPY,ok,
1999-03-15,JPYGHS,Japanese yen,Selling,20.3100,GH¢ per JPY,0.002031,GH¢ per JPY,ok,
1999-03-15,JPYGHS,Japanese yen,Mid Rate,20.1750,GH¢ per JPY,0.0020175,GH¢ per JPY,ok,
1999-03-15,NOKGHS,Norwegian Krone,Buying,304.4600,GH¢ per NOK,0.030446,GH¢ per NOK,ok,
1999-03-15,NOKGHS,Norwegian Krone,Selling,308.2600,GH¢ per NOK,0.030826,GH¢ per NOK,ok,
1999-03-15,NOKGHS,Norwegian Krone,Mid Rate,306.3600,GH¢ per NOK,0.030636,GH¢ per NOK,ok,
1999-03-15,SEKGHS,Swedish Krona,Buying,292.1200,GH¢ per SEK,0.029212,GH¢ per SEK,ok,
1999-03-15,SEKGHS,Swedish Krona,Selling,295.6200,GH¢ per SEK,0.029562,GH¢ per SEK,ok,
1999-03-15,SEKGHS,Swedish Krona,Mid Rate,293.8700,GH¢ per SEK,0.029387,GH¢ per SEK,ok,
1999-03-16,USDGHS,US Dollar,Buying,"2,379.9100",GH¢ per USD,0.237991,GH¢ per USD,ok,
1999-03-16,USDGHS,US Dollar,Selling,"2,411.3600",GH¢ per USD,0.241136,GH¢ per USD,ok,
1999-03-16,USDGHS,US Dollar,Mid Rate,"2,395.6350",GH¢ per USD,0.2395635,GH¢ per USD,ok,
1999-03-16,AUDGHS,Australian Dollar,Buying,187.5000,GH¢ per AUD,0.01875,GH¢ per AUD,ok,
1999-03-16,AUDGHS,Australian Dollar,Selling,"1,515.8700",GH¢ per AUD,0.151587,GH¢ per AUD,ok,
1999-03-16,AUDGHS,Australian Dollar,Mid Rate,851.6850,GH¢ per AUD,0.0851685,GH¢ per AUD,ok,
1999-03-16,CADGHS,Canadian Dollar,Buying,"1,560.2700",GH¢ per CAD,0.156027,GH¢ per CAD,ok,
1999-03-16,CADGHS,Canadian Dollar,Selling,"1,580.8400",GH¢ per CAD,0.158084,GH¢ per CAD,ok,
1999-03-16,CADGHS,Canadian Dollar,Mid Rate,"1,570.5550",GH¢ per CAD,0.1570555,GH¢ per CAD,ok,
1999-03-16,CHFGHS,Swiss Franc,Buying,"1,615.7400",GH¢ per CHF,0.161574,GH¢ per CHF,ok,
1999-03-16,CHFGHS,Swiss Franc,Selling,"1,636.4600",GH¢ per CHF,0.163646,GH¢ per CHF,ok,
1999-03-16,CHFGHS,Swiss Franc,Mid Rate,"1,626.1000",GH¢ per CHF,0.16261,GH¢ per CHF,ok,
1999-03-16,DKKGHS,Danish Krone,Buying,347.1700,GH¢ per DKK,0.034717,GH¢ per DKK,ok,
1999-03-16,DKKGHS,Danish Krone,Selling,351.4500,GH¢ per DKK,0.035145,GH¢ per DKK,ok,
1999-03-16,DKKGHS,Danish Krone,Mid Rate,349.3100,GH¢ per DKK,0.034931,GH¢ per DKK,ok,
1999-03-16,GBPGHS,Pound Sterling,Buying,"3,853.5500",GH¢ per GBP,0.385355,GH¢ per GBP,ok,
1999-03-16,GBPGHS,Pound Sterling,Selling,"3,906.8900",GH¢ per GBP,0.390689,GH¢ per GBP,ok,
1999-03-16,GBPGHS,Pound Sterling,Mid Rate,"3,880.2200",GH¢ per GBP,0.388022,GH¢ per GBP,ok,
1999-03-16,JPYGHS,Japanese yen,Buying,20.2400,GH¢ per JPY,0.002024,GH¢ per JPY,ok,
1999-03-16,JPYGHS,Japanese yen,Selling,20.5100,GH¢ per JPY,0.002051,GH¢ per JPY,ok,
1999-03-16,JPYGHS,Japanese yen,Mid Rate,20.3750,GH¢ per JPY,0.0020375,GH¢ per JPY,ok,
1999-03-16,NOKGHS,Norwegian Krone,Buying,302.0100,GH¢ per NOK,0.030201,GH¢ per NOK,ok,
1999-03-16,NOKGHS,Norwegian Krone,Selling,305.7100,GH¢ per NOK,0.030571,GH¢ per NOK,ok,
1999-03-16,NOKGHS,Norwegian Krone,Mid Rate,303.8600,GH¢ per NOK,0.030386,GH¢ per NOK,ok,
1999-03-16,SEKGHS,Swedish Krona,Buying,289.0500,GH¢ per SEK,0.028905,GH¢ per SEK,ok,
1999-03-16,SEKGHS,Swedish Krona,Selling,292.6100,GH¢ per SEK,0.029261,GH¢ per SEK,ok,
1999-03-16,SEKGHS,Swedish Krona,Mid Rate,290.8300,GH¢ per SEK,0.029083,GH¢ per SEK,ok,
1999-03-17,USDGHS,US Dollar,Buying,"2,381.9100",GH¢ per USD,0.238191,GH¢ per USD,ok,
1999-03-17,USDGHS,US Dollar,Selling,"2,413.2700",GH¢ per USD,0.241327,GH¢ per USD,ok,
1999-03-17,USDGHS,US Dollar,Mid Rate,"2,397.5900",GH¢ per USD,0.239759,GH¢ per USD,ok,
1999-03-17,AUDGHS,Australian Dollar,Buying,190.3900,GH¢ per AUD,0.019039,GH¢ per AUD,ok,
1999-03-17,AUDGHS,Australian Dollar,Selling,"1,512.6800",GH¢ per AUD,0.151268,GH¢ per AUD,ok,
1999-03-17,AUDGHS,Australian Dollar,Mid Rate,851.5350,GH¢ per AUD,0.0851535,GH¢ per AUD,ok,
1999-03-17,CADGHS,Canadian Dollar,Buying,"1,563.4800",GH¢ per CAD,0.156348,GH¢ per CAD,ok,
1999-03-17,CADGHS,Canadian Dollar,Selling,"1,583.0200",GH¢ per CAD,0.158302,GH¢ per CAD,ok,
1999-03-17,CADGHS,Canadian Dollar,Mid Rate,"1,573.2500",GH¢ per CAD,0.157325,GH¢ per CAD,ok,
1999-03-17,CHFGHS,Swiss Franc,Buying,"1,638.0600",GH¢ per CHF,0.163806,GH¢ per CHF,ok,
1999-03-17,CHFGHS,Swiss Franc,Selling,"1,659.0800",GH¢ per CHF,0.165908,GH¢ per CHF,ok,
1999-03-17,CHFGHS,Swiss Franc,Mid Rate,"1,648.5700",GH¢ per CHF,0.164857,GH¢ per CHF,ok,
1999-03-17,DKKGHS,Danish Krone,Buying,352.4200,GH¢ per DKK,0.035242,GH¢ per DKK,ok,
1999-03-17,DKKGHS,Danish Krone,Selling,356.8500,GH¢ per DKK,0.035685,GH¢ per DKK,ok,
1999-03-17,DKKGHS,Danish Krone,Mid Rate,354.6350,GH¢ per DKK,0.0354635,GH¢ per DKK,ok,
1999-03-17,GBPGHS,Pound Sterling,Buying,"3,876.8000",GH¢ per GBP,0.38768,GH¢ per GBP,ok,
1999-03-17,GBPGHS,Pound Sterling,Selling,"3,929.0400",GH¢ per GBP,0.392904,GH¢ per GBP,ok,
1999-03-17,GBPGHS,Pound Sterling,Mid Rate,"3,902.9200",GH¢ per GBP,0.390292,GH¢ per GBP,ok,
1999-03-17,JPYGHS,Japanese yen,Buying,20.0800,GH¢ per JPY,0.002008,GH¢ per JPY,ok,
1999-03-17,JPYGHS,Japanese yen,Selling,20.3400,GH¢ per JPY,0.002034,GH¢ per JPY,ok,
1999-03-17,JPYGHS,Japanese yen,Mid Rate,20.2100,GH¢ per JPY,0.002021,GH¢ per JPY,ok,
1999-03-17,NOKGHS,Norwegian Krone,Buying,306.3200,GH¢ per NOK,0.030632,GH¢ per NOK,ok,
1999-03-17,NOKGHS,Norwegian Krone,Selling,310.1100,GH¢ per NOK,0.031011,GH¢ per NOK,ok,
1999-03-17,NOKGHS,Norwegian Krone,Mid Rate,308.2150,GH¢ per NOK,0.0308215,GH¢ per NOK,ok,
1999-03-17,SEKGHS,Swedish Krona,Buying,291.4700,GH¢ per SEK,0.029147,GH¢ per SEK,ok,
1999-03-17,SEKGHS,Swedish Krona,Selling,294.9500,GH¢ per SEK,0.029495,GH¢ per SEK,ok,
1999-03-17,SEKGHS,Swedish Krona,Mid Rate,293.2100,GH¢ per SEK,0.029321,GH¢ per SEK,ok,
1999-03-18,USDGHS,US Dollar,Buying,"2,388.0000",GH¢ per USD,0.2388,GH¢ per USD,ok,
1999-03-18,USDGHS,US Dollar,Selling,"2,418.1800",GH¢ per USD,0.241818,GH¢ per USD,ok,
1999-03-18,USDGHS,US Dollar,Mid Rate,"2,403.0900",GH¢ per USD,0.240309,GH¢ per USD,ok,
1999-03-18,AUDGHS,Australian Dollar,Buying,191.6700,GH¢ per AUD,0.019167,GH¢ per AUD,ok,
1999-03-18,AUDGHS,Australian Dollar,Selling,"1,524.2500",GH¢ per AUD,0.152425,GH¢ per AUD,ok,
1999-03-18,AUDGHS,Australian Dollar,Mid Rate,857.9600,GH¢ per AUD,0.085796,GH¢ per AUD,ok,
1999-03-18,CADGHS,Canadian Dollar,Buying,"1,570.1500",GH¢ per CAD,0.157015,GH¢ per CAD,ok,
1999-03-18,CADGHS,Canadian Dollar,Selling,"1,588.9100",GH¢ per CAD,0.158891,GH¢ per CAD,ok,
1999-03-18,CADGHS,Canadian Dollar,Mid Rate,"1,579.5300",GH¢ per CAD,0.157953,GH¢ per CAD,ok,
1999-03-18,CHFGHS,Swiss Franc,Buying,"1,650.5800",GH¢ per CHF,0.165058,GH¢ per CHF,ok,
1999-03-18,CHFGHS,Swiss Franc,Selling,"1,670.2700",GH¢ per CHF,0.167027,GH¢ per CHF,ok,
1999-03-18,CHFGHS,Swiss Franc,Mid Rate,"1,660.4250",GH¢ per CHF,0.1660425,GH¢ per CHF,ok,
1999-03-18,DKKGHS,Danish Krone,Buying,354.9600,GH¢ per DKK,0.035496,GH¢ per DKK,ok,
1999-03-18,DKKGHS,Danish Krone,Selling,359.2900,GH¢ per DKK,0.035929,GH¢ per DKK,ok,
1999-03-18,DKKGHS,Danish Krone,Mid Rate,357.1250,GH¢ per DKK,0.0357125,GH¢ per DKK,ok,
1999-03-18,GBPGHS,Pound Sterling,Buying,"3,889.1000",GH¢ per GBP,0.38891,GH¢ per GBP,ok,
1999-03-18,GBPGHS,Pound Sterling,Selling,"3,940.6700",GH¢ per GBP,0.394067,GH¢ per GBP,ok,
1999-03-18,GBPGHS,Pound Sterling,Mid Rate,"3,914.8850",GH¢ per GBP,0.3914885,GH¢ per GBP,ok,
1999-03-18,JPYGHS,Japanese yen,Buying,20.1300,GH¢ per JPY,0.002013,GH¢ per JPY,ok,
1999-03-18,JPYGHS,Japanese yen,Selling,20.3900,GH¢ per JPY,0.002039,GH¢ per JPY,ok,
1999-03-18,JPYGHS,Japanese yen,Mid Rate,20.2600,GH¢ per JPY,0.002026,GH¢ per JPY,ok,
1999-03-18,NOKGHS,Norwegian Krone,Buying,309.6500,GH¢ per NOK,0.030965,GH¢ per NOK,ok,
1999-03-18,NOKGHS,Norwegian Krone,Selling,313.3600,GH¢ per NOK,0.031336,GH¢ per NOK,ok,
1999-03-18,NOKGHS,Norwegian Krone,Mid Rate,311.5050,GH¢ per NOK,0.0311505,GH¢ per NOK,ok,
1999-03-18,SEKGHS,Swedish Krona,Buying,292.6300,GH¢ per SEK,0.029263,GH¢ per SEK,ok,
1999-03-18,SEKGHS,Swedish Krona,Selling,295.9700,GH¢ per SEK,0.029597,GH¢ per SEK,ok,
1999-03-18,SEKGHS,Swedish Krona,Mid Rate,294.3000,GH¢ per SEK,0.02943,GH¢ per SEK,ok,
1999-03-19,USDGHS,US Dollar,Buying,"2,390.3600",GH¢ per USD,0.239036,GH¢ per USD,ok,
1999-03-19,USDGHS,US Dollar,Selling,"2,421.6400",GH¢ per USD,0.242164,GH¢ per USD,ok,
1999-03-19,USDGHS,US Dollar,Mid Rate,"2,406.0000",GH¢ per USD,0.2406,GH¢ per USD,ok,
1999-03-19,AUDGHS,Australian Dollar,Buying,190.0300,GH¢ per AUD,0.019003,GH¢ per AUD,ok,
1999-03-19,AUDGHS,Australian Dollar,Selling,"1,521.4800",GH¢ per AUD,0.152148,GH¢ per AUD,ok,
1999-03-19,AUDGHS,Australian Dollar,Mid Rate,855.7550,GH¢ per AUD,0.0855755,GH¢ per AUD,ok,
1999-03-19,CADGHS,Canadian Dollar,Buying,"1,574.8900",GH¢ per CAD,0.157489,GH¢ per CAD,ok,
1999-03-19,CADGHS,Canadian Dollar,Selling,"1,594.9300",GH¢ per CAD,0.159493,GH¢ per CAD,ok,
1999-03-19,CADGHS,Canadian Dollar,Mid Rate,"1,584.9100",GH¢ per CAD,0.158491,GH¢ per CAD,ok,
1999-03-19,CHFGHS,Swiss Franc,Buying,"1,636.5900",GH¢ per CHF,0.163659,GH¢ per CHF,ok,
1999-03-19,CHFGHS,Swiss Franc,Selling,"1,657.4200",GH¢ per CHF,0.165742,GH¢ per CHF,ok,
1999-03-19,CHFGHS,Swiss Franc,Mid Rate,"1,647.0050",GH¢ per CHF,0.1647005,GH¢ per CHF,ok,
1999-03-19,DKKGHS,Danish Krone,Buying,352.2000,GH¢ per DKK,0.03522,GH¢ per DKK,ok,
1999-03-19,DKKGHS,Danish Krone,Selling,356.3900,GH¢ per DKK,0.035639,GH¢ per DKK,ok,
1999-03-19,DKKGHS,Danish Krone,Mid Rate,354.2950,GH¢ per DKK,0.0354295,GH¢ per DKK,ok,
1999-03-19,GBPGHS,Pound Sterling,Buying,"3,889.3500",GH¢ per GBP,0.388935,GH¢ per GBP,ok,
1999-03-19,GBPGHS,Pound Sterling,Selling,"3,942.6700",GH¢ per GBP,0.394267,GH¢ per GBP,ok,
1999-03-19,GBPGHS,Pound Sterling,Mid Rate,"3,916.0100",GH¢ per GBP,0.391601,GH¢ per GBP,ok,
1999-03-19,JPYGHS,Japanese yen,Buying,20.3500,GH¢ per JPY,0.002035,GH¢ per JPY,ok,
1999-03-19,JPYGHS,Japanese yen,Selling,20.6100,GH¢ per JPY,0.002061,GH¢ per JPY,ok,
1999-03-19,JPYGHS,Japanese yen,Mid Rate,20.4800,GH¢ per JPY,0.002048,GH¢ per JPY,ok,
1999-03-19,NOKGHS,Norwegian Krone,Buying,309.0800,GH¢ per NOK,0.030908,GH¢ per NOK,ok,
1999-03-19,NOKGHS,Norwegian Krone,Selling,312.9700,GH¢ per NOK,0.031297,GH¢ per NOK,ok,
1999-03-19,NOKGHS,Norwegian Krone,Mid Rate,311.0250,GH¢ per NOK,0.0311025,GH¢ per NOK,ok,
1999-03-19,SEKGHS,Swedish Krona,Buying,293.7200,GH¢ per SEK,0.029372,GH¢ per SEK,ok,
1999-03-19,SEKGHS,Swedish Krona,Selling,297.2900,GH¢ per SEK,0.029729,GH¢ per SEK,ok,
1999-03-19,SEKGHS,Swedish Krona,Mid Rate,295.5050,GH¢ per SEK,0.0295505,GH¢ per SEK,ok,
1999-03-22,USDGHS,US Dollar,Buying,"2,390.7300",GH¢ per USD,0.239073,GH¢ per USD,ok,
1999-03-22,USDGHS,US Dollar,Selling,"2,422.1800",GH¢ per USD,0.242218,GH¢ per USD,ok,
1999-03-22,USDGHS,US Dollar,Mid Rate,"2,406.4550",GH¢ per USD,0.2406455,GH¢ per USD,ok,
1999-03-22,AUDGHS,Australian Dollar,Buying,188.7800,GH¢ per AUD,0.018878,GH¢ per AUD,ok,
1999-03-22,AUDGHS,Australian Dollar,Selling,"1,528.6700",GH¢ per AUD,0.152867,GH¢ per AUD,ok,
1999-03-22,AUDGHS,Australian Dollar,Mid Rate,858.7250,GH¢ per AUD,0.0858725,GH¢ per AUD,ok,
1999-03-22,CADGHS,Canadian Dollar,Buying,"1,580.1200",GH¢ per CAD,0.158012,GH¢ per CAD,ok,
1999-03-22,CADGHS,Canadian Dollar,Selling,"1,600.0400",GH¢ per CAD,0.160004,GH¢ per CAD,ok,
1999-03-22,CADGHS,Canadian Dollar,Mid Rate,"1,590.0800",GH¢ per CAD,0.159008,GH¢ per CAD,ok,
1999-03-22,CHFGHS,Swiss Franc,Buying,"1,627.4100",GH¢ per CHF,0.162741,GH¢ per CHF,ok,
1999-03-22,CHFGHS,Swiss Franc,Selling,"1,647.8700",GH¢ per CHF,0.164787,GH¢ per CHF,ok,
1999-03-22,CHFGHS,Swiss Franc,Mid Rate,"1,637.6400",GH¢ per CHF,0.163764,GH¢ per CHF,ok,
1999-03-22,DKKGHS,Danish Krone,Buying,349.7300,GH¢ per DKK,0.034973,GH¢ per DKK,ok,
1999-03-22,DKKGHS,Danish Krone,Selling,354.1700,GH¢ per DKK,0.035417,GH¢ per DKK,ok,
1999-03-22,DKKGHS,Danish Krone,Mid Rate,351.9500,GH¢ per DKK,0.035195,GH¢ per DKK,ok,
1999-03-22,GBPGHS,Pound Sterling,Buying,"3,888.5200",GH¢ per GBP,0.388852,GH¢ per GBP,ok,
1999-03-22,GBPGHS,Pound Sterling,Selling,"3,940.8900",GH¢ per GBP,0.394089,GH¢ per GBP,ok,
1999-03-22,GBPGHS,Pound Sterling,Mid Rate,"3,914.7050",GH¢ per GBP,0.3914705,GH¢ per GBP,ok,
1999-03-22,JPYGHS,Japanese yen,Buying,20.3400,GH¢ per JPY,0.002034,GH¢ per JPY,ok,
1999-03-22,JPYGHS,Japanese yen,Selling,20.6000,GH¢ per JPY,0.00206,GH¢ per JPY,ok,
1999-03-22,JPYGHS,Japanese yen,Mid Rate,20.4700,GH¢ per JPY,0.002047,GH¢ per JPY,ok,
1999-03-22,NOKGHS,Norwegian Krone,Buying,308.1800,GH¢ per NOK,0.030818,GH¢ per NOK,ok,
1999-03-22,NOKGHS,Norwegian Krone,Selling,312.0300,GH¢ per NOK,0.031203,GH¢ per NOK,ok,
1999-03-22,NOKGHS,Norwegian Krone,Mid Rate,310.1050,GH¢ per NOK,0.0310105,GH¢ per NOK,ok,
1999-03-22,SEKGHS,Swedish Krona,Buying,291.2000,GH¢ per SEK,0.02912,GH¢ per SEK,ok,
1999-03-22,SEKGHS,Swedish Krona,Selling,294.7100,GH¢ per SEK,0.029471,GH¢ per SEK,ok,
1999-03-22,SEKGHS,Swedish Krona,Mid Rate,292.9550,GH¢ per SEK,0.0292955,GH¢ per SEK,ok,
1999-03-23,USDGHS,US Dollar,Buying,"2,395.1800",GH¢ per USD,0.239518,GH¢ per USD,ok,
1999-03-23,USDGHS,US Dollar,Selling,"2,427.0000",GH¢ per USD,0.2427,GH¢ per USD,ok,
1999-03-23,USDGHS,US Dollar,Mid Rate,"2,411.0900",GH¢ per USD,0.241109,GH¢ per USD,ok,
1999-03-23,AUDGHS,Australian Dollar,Buying,189.4000,GH¢ per AUD,0.01894,GH¢ per AUD,ok,
1999-03-23,AUDGHS,Australian Dollar,Selling,"1,546.9700",GH¢ per AUD,0.154697,GH¢ per AUD,ok,
1999-03-23,AUDGHS,Australian Dollar,Mid Rate,868.1850,GH¢ per AUD,0.0868185,GH¢ per AUD,ok,
1999-03-23,CADGHS,Canadian Dollar,Buying,"1,591.9300",GH¢ per CAD,0.159193,GH¢ per CAD,ok,
1999-03-23,CADGHS,Canadian Dollar,Selling,"1,612.4900",GH¢ per CAD,0.161249,GH¢ per CAD,ok,
1999-03-23,CADGHS,Canadian Dollar,Mid Rate,"1,602.2100",GH¢ per CAD,0.160221,GH¢ per CAD,ok,
1999-03-23,CHFGHS,Swiss Franc,Buying,"1,632.8100",GH¢ per CHF,0.163281,GH¢ per CHF,ok,
1999-03-23,CHFGHS,Swiss Franc,Selling,"1,654.4800",GH¢ per CHF,0.165448,GH¢ per CHF,ok,
1999-03-23,CHFGHS,Swiss Franc,Mid Rate,"1,643.6450",GH¢ per CHF,0.1643645,GH¢ per CHF,ok,
1999-03-23,DKKGHS,Danish Krone,Buying,350.8900,GH¢ per DKK,0.035089,GH¢ per DKK,ok,
1999-03-23,DKKGHS,Danish Krone,Selling,355.5000,GH¢ per DKK,0.03555,GH¢ per DKK,ok,
1999-03-23,DKKGHS,Danish Krone,Mid Rate,353.1950,GH¢ per DKK,0.0353195,GH¢ per DKK,ok,
1999-03-23,GBPGHS,Pound Sterling,Buying,"3,897.2000",GH¢ per GBP,0.38972,GH¢ per GBP,ok,
1999-03-23,GBPGHS,Pound Sterling,Selling,"3,951.4000",GH¢ per GBP,0.39514,GH¢ per GBP,ok,
1999-03-23,GBPGHS,Pound Sterling,Mid Rate,"3,924.3000",GH¢ per GBP,0.39243,GH¢ per GBP,ok,
1999-03-23,JPYGHS,Japanese yen,Buying,20.2000,GH¢ per JPY,0.00202,GH¢ per JPY,ok,
1999-03-23,JPYGHS,Japanese yen,Selling,20.4700,GH¢ per JPY,0.002047,GH¢ per JPY,ok,
1999-03-23,JPYGHS,Japanese yen,Mid Rate,20.3350,GH¢ per JPY,0.0020335,GH¢ per JPY,ok,
1999-03-23,NOKGHS,Norwegian Krone,Buying,309.0100,GH¢ per NOK,0.030901,GH¢ per NOK,ok,
1999-03-23,NOKGHS,Norwegian Krone,Selling,313.0100,GH¢ per NOK,0.031301,GH¢ per NOK,ok,
1999-03-23,NOKGHS,Norwegian Krone,Mid Rate,311.0100,GH¢ per NOK,0.031101,GH¢ per NOK,ok,
1999-03-23,SEKGHS,Swedish Krona,Buying,292.6300,GH¢ per SEK,0.029263,GH¢ per SEK,ok,
1999-03-23,SEKGHS,Swedish Krona,Selling,296.2500,GH¢ per SEK,0.029625,GH¢ per SEK,ok,
1999-03-23,SEKGHS,Swedish Krona,Mid Rate,294.4400,GH¢ per SEK,0.029444,GH¢ per SEK,ok,
1999-03-24,USDGHS,US Dollar,Buying,"2,397.3600",GH¢ per USD,0.239736,GH¢ per USD,ok,
1999-03-24,USDGHS,US Dollar,Selling,"2,428.8200",GH¢ per USD,0.242882,GH¢ per USD,ok,
1999-03-24,USDGHS,US Dollar,Mid Rate,"2,413.0900",GH¢ per USD,0.241309,GH¢ per USD,ok,
1999-03-24,AUDGHS,Australian Dollar,Buying,190.2100,GH¢ per AUD,0.019021,GH¢ per AUD,ok,
1999-03-24,AUDGHS,Australian Dollar,Selling,"1,553.7800",GH¢ per AUD,0.155378,GH¢ per AUD,ok,
1999-03-24,AUDGHS,Australian Dollar,Mid Rate,871.9950,GH¢ per AUD,0.0871995,GH¢ per AUD,ok,
1999-03-24,CADGHS,Canadian Dollar,Buying,"1,589.8200",GH¢ per CAD,0.158982,GH¢ per CAD,ok,
1999-03-24,CADGHS,Canadian Dollar,Selling,"1,609.6500",GH¢ per CAD,0.160965,GH¢ per CAD,ok,
1999-03-24,CADGHS,Canadian Dollar,Mid Rate,"1,599.7350",GH¢ per CAD,0.1599735,GH¢ per CAD,ok,
1999-03-24,CHFGHS,Swiss Franc,Buying,"1,643.9000",GH¢ per CHF,0.16439,GH¢ per CHF,ok,
1999-03-24,CHFGHS,Swiss Franc,Selling,"1,664.3300",GH¢ per CHF,0.166433,GH¢ per CHF,ok,
1999-03-24,CHFGHS,Swiss Franc,Mid Rate,"1,654.1150",GH¢ per CHF,0.1654115,GH¢ per CHF,ok,
1999-03-24,DKKGHS,Danish Krone,Buying,352.1800,GH¢ per DKK,0.035218,GH¢ per DKK,ok,
1999-03-24,DKKGHS,Danish Krone,Selling,356.6500,GH¢ per DKK,0.035665,GH¢ per DKK,ok,
1999-03-24,DKKGHS,Danish Krone,Mid Rate,354.4150,GH¢ per DKK,0.0354415,GH¢ per DKK,ok,
1999-03-24,GBPGHS,Pound Sterling,Buying,"3,924.0000",GH¢ per GBP,0.3924,GH¢ per GBP,ok,
1999-03-24,GBPGHS,Pound Sterling,Selling,"3,977.9200",GH¢ per GBP,0.397792,GH¢ per GBP,ok,
1999-03-24,GBPGHS,Pound Sterling,Mid Rate,"3,950.9600",GH¢ per GBP,0.395096,GH¢ per GBP,ok,
1999-03-24,JPYGHS,Japanese yen,Buying,20.4000,GH¢ per JPY,0.00204,GH¢ per JPY,ok,
1999-03-24,JPYGHS,Japanese yen,Selling,20.6700,GH¢ per JPY,0.002067,GH¢ per JPY,ok,
1999-03-24,JPYGHS,Japanese yen,Mid Rate,20.5350,GH¢ per JPY,0.0020535,GH¢ per JPY,ok,
1999-03-24,NOKGHS,Norwegian Krone,Buying,310.1100,GH¢ per NOK,0.031011,GH¢ per NOK,ok,
1999-03-24,NOKGHS,Norwegian Krone,Selling,313.7800,GH¢ per NOK,0.031378,GH¢ per NOK,ok,
1999-03-24,NOKGHS,Norwegian Krone,Mid Rate,311.9450,GH¢ per NOK,0.0311945,GH¢ per NOK,ok,
1999-03-24,SEKGHS,Swedish Krona,Buying,292.1300,GH¢ per SEK,0.029213,GH¢ per SEK,ok,
1999-03-24,SEKGHS,Swedish Krona,Selling,295.6000,GH¢ per SEK,0.02956,GH¢ per SEK,ok,
1999-03-24,SEKGHS,Swedish Krona,Mid Rate,293.8650,GH¢ per SEK,0.0293865,GH¢ per SEK,ok,
1999-03-25,USDGHS,US Dollar,Buying,"2,398.4500",GH¢ per USD,0.239845,GH¢ per USD,ok,
1999-03-25,USDGHS,US Dollar,Selling,"2,429.0000",GH¢ per USD,0.2429,GH¢ per USD,ok,
1999-03-25,USDGHS,US Dollar,Mid Rate,"2,413.7250",GH¢ per USD,0.2413725,GH¢ per USD,ok,
1999-03-25,AUDGHS,Australian Dollar,Buying,189.8100,GH¢ per AUD,0.018981,GH¢ per AUD,ok,
1999-03-25,AUDGHS,Australian Dollar,Selling,"1,546.8000",GH¢ per AUD,0.15468,GH¢ per AUD,ok,
1999-03-25,AUDGHS,Australian Dollar,Mid Rate,868.3050,GH¢ per AUD,0.0868305,GH¢ per AUD,ok,
1999-03-25,CADGHS,Canadian Dollar,Buying,"1,589.2300",GH¢ per CAD,0.158923,GH¢ per CAD,ok,
1999-03-25,CADGHS,Canadian Dollar,Selling,"1,608.8900",GH¢ per CAD,0.160889,GH¢ per CAD,ok,
1999-03-25,CADGHS,Canadian Dollar,Mid Rate,"1,599.0600",GH¢ per CAD,0.159906,GH¢ per CAD,ok,
1999-03-25,CHFGHS,Swiss Franc,Buying,"1,640.5500",GH¢ per CHF,0.164055,GH¢ per CHF,ok,
1999-03-25,CHFGHS,Swiss Franc,Selling,"1,660.7900",GH¢ per CHF,0.166079,GH¢ per CHF,ok,
1999-03-25,CHFGHS,Swiss Franc,Mid Rate,"1,650.6700",GH¢ per CHF,0.165067,GH¢ per CHF,ok,
1999-03-25,DKKGHS,Danish Krone,Buying,351.4300,GH¢ per DKK,0.035143,GH¢ per DKK,ok,
1999-03-25,DKKGHS,Danish Krone,Selling,355.8100,GH¢ per DKK,0.035581,GH¢ per DKK,ok,
1999-03-25,DKKGHS,Danish Krone,Mid Rate,353.6200,GH¢ per DKK,0.035362,GH¢ per DKK,ok,
1999-03-25,GBPGHS,Pound Sterling,Buying,"3,926.9800",GH¢ per GBP,0.392698,GH¢ per GBP,ok,
1999-03-25,GBPGHS,Pound Sterling,Selling,"3,979.4300",GH¢ per GBP,0.397943,GH¢ per GBP,ok,
1999-03-25,GBPGHS,Pound Sterling,Mid Rate,"3,953.2050",GH¢ per GBP,0.3953205,GH¢ per GBP,ok,
1999-03-25,JPYGHS,Japanese yen,Buying,20.3000,GH¢ per JPY,0.00203,GH¢ per JPY,ok,
1999-03-25,JPYGHS,Japanese yen,Selling,20.5500,GH¢ per JPY,0.002055,GH¢ per JPY,ok,
1999-03-25,JPYGHS,Japanese yen,Mid Rate,20.4250,GH¢ per JPY,0.0020425,GH¢ per JPY,ok,
1999-03-25,NOKGHS,Norwegian Krone,Buying,308.5800,GH¢ per NOK,0.030858,GH¢ per NOK,ok,
1999-03-25,NOKGHS,Norwegian Krone,Selling,312.3700,GH¢ per NOK,0.031237,GH¢ per NOK,ok,
1999-03-25,NOKGHS,Norwegian Krone,Mid Rate,310.4750,GH¢ per NOK,0.0310475,GH¢ per NOK,ok,
1999-03-25,SEKGHS,Swedish Krona,Buying,290.2600,GH¢ per SEK,0.029026,GH¢ per SEK,ok,
1999-03-25,SEKGHS,Swedish Krona,Selling,293.7000,GH¢ per SEK,0.02937,GH¢ per SEK,ok,
1999-03-25,SEKGHS,Swedish Krona,Mid Rate,291.9800,GH¢ per SEK,0.029198,GH¢ per SEK,ok,
1999-03-26,USDGHS,US Dollar,Buying,"2,399.1800",GH¢ per USD,0.239918,GH¢ per USD,ok,
1999-03-26,USDGHS,US Dollar,Selling,"2,429.2700",GH¢ per USD,0.242927,GH¢ per USD,ok,
1999-03-26,USDGHS,US Dollar,Mid Rate,"2,414.2250",GH¢ per USD,0.2414225,GH¢ per USD,ok,
1999-03-26,AUDGHS,Australian Dollar,Buying,189.4000,GH¢ per AUD,0.01894,GH¢ per AUD,ok,
1999-03-26,AUDGHS,Australian Dollar,Selling,"1,553.1400",GH¢ per AUD,0.155314,GH¢ per AUD,ok,
1999-03-26,AUDGHS,Australian Dollar,Mid Rate,871.2700,GH¢ per AUD,0.087127,GH¢ per AUD,ok,
1999-03-26,CADGHS,Canadian Dollar,Buying,"1,591.6800",GH¢ per CAD,0.159168,GH¢ per CAD,ok,
1999-03-26,CADGHS,Canadian Dollar,Selling,"1,610.6000",GH¢ per CAD,0.16106,GH¢ per CAD,ok,
1999-03-26,CADGHS,Canadian Dollar,Mid Rate,"1,601.1400",GH¢ per CAD,0.160114,GH¢ per CAD,ok,
1999-03-26,CHFGHS,Swiss Franc,Buying,"1,633.8400",GH¢ per CHF,0.163384,GH¢ per CHF,ok,
1999-03-26,CHFGHS,Swiss Franc,Selling,"1,653.2700",GH¢ per CHF,0.165327,GH¢ per CHF,ok,
1999-03-26,CHFGHS,Swiss Franc,Mid Rate,"1,643.5550",GH¢ per CHF,0.1643555,GH¢ per CHF,ok,
1999-03-26,DKKGHS,Danish Krone,Buying,350.7400,GH¢ per DKK,0.035074,GH¢ per DKK,ok,
1999-03-26,DKKGHS,Danish Krone,Selling,354.9300,GH¢ per DKK,0.035493,GH¢ per DKK,ok,
1999-03-26,DKKGHS,Danish Krone,Mid Rate,352.8350,GH¢ per DKK,0.0352835,GH¢ per DKK,ok,
1999-03-26,GBPGHS,Pound Sterling,Buying,"3,898.6700",GH¢ per GBP,0.389867,GH¢ per GBP,ok,
1999-03-26,GBPGHS,Pound Sterling,Selling,"3,949.9900",GH¢ per GBP,0.394999,GH¢ per GBP,ok,
1999-03-26,GBPGHS,Pound Sterling,Mid Rate,"3,924.3300",GH¢ per GBP,0.392433,GH¢ per GBP,ok,
1999-03-26,JPYGHS,Japanese yen,Buying,20.2000,GH¢ per JPY,0.00202,GH¢ per JPY,ok,
1999-03-26,JPYGHS,Japanese yen,Selling,20.4600,GH¢ per JPY,0.002046,GH¢ per JPY,ok,
1999-03-26,JPYGHS,Japanese yen,Mid Rate,20.3300,GH¢ per JPY,0.002033,GH¢ per JPY,ok,
1999-03-26,NOKGHS,Norwegian Krone,Buying,309.4900,GH¢ per NOK,0.030949,GH¢ per NOK,ok,
1999-03-26,NOKGHS,Norwegian Krone,Selling,313.1700,GH¢ per NOK,0.031317,GH¢ per NOK,ok,
1999-03-26,NOKGHS,Norwegian Krone,Mid Rate,311.3300,GH¢ per NOK,0.031133,GH¢ per NOK,ok,
1999-03-26,SEKGHS,Swedish Krona,Buying,290.7000,GH¢ per SEK,0.02907,GH¢ per SEK,ok,
1999-03-26,SEKGHS,Swedish Krona,Selling,293.9900,GH¢ per SEK,0.029399,GH¢ per SEK,ok,
1999-03-26,SEKGHS,Swedish Krona,Mid Rate,292.3450,GH¢ per SEK,0.0292345,GH¢ per SEK,ok,
1999-03-29,USDGHS,US Dollar,Buying,"2,400.1800",GH¢ per USD,0.240018,GH¢ per USD,ok,
1999-03-29,USDGHS,US Dollar,Selling,"2,430.1800",GH¢ per USD,0.243018,GH¢ per USD,ok,
1999-03-29,USDGHS,US Dollar,Mid Rate,"2,415.1800",GH¢ per USD,0.241518,GH¢ per USD,ok,
1999-03-29,AUDGHS,Australian Dollar,Buying,187.8400,GH¢ per AUD,0.018784,GH¢ per AUD,ok,
1999-03-29,AUDGHS,Australian Dollar,Selling,"1,542.9600",GH¢ per AUD,0.154296,GH¢ per AUD,ok,
1999-03-29,AUDGHS,Australian Dollar,Mid Rate,865.4000,GH¢ per AUD,0.08654,GH¢ per AUD,ok,
1999-03-29,CADGHS,Canadian Dollar,Buying,"1,588.1700",GH¢ per CAD,0.158817,GH¢ per CAD,ok,
1999-03-29,CADGHS,Canadian Dollar,Selling,"1,606.9200",GH¢ per CAD,0.160692,GH¢ per CAD,ok,
1999-03-29,CADGHS,Canadian Dollar,Mid Rate,"1,597.5450",GH¢ per CAD,0.1597545,GH¢ per CAD,ok,
1999-03-29,CHFGHS,Swiss Franc,Buying,"1,622.0500",GH¢ per CHF,0.162205,GH¢ per CHF,ok,
1999-03-29,CHFGHS,Swiss Franc,Selling,"1,641.2200",GH¢ per CHF,0.164122,GH¢ per CHF,ok,
1999-03-29,CHFGHS,Swiss Franc,Mid Rate,"1,631.6350",GH¢ per CHF,0.1631635,GH¢ per CHF,ok,
1999-03-29,DKKGHS,Danish Krone,Buying,347.7800,GH¢ per DKK,0.034778,GH¢ per DKK,ok,
1999-03-29,DKKGHS,Danish Krone,Selling,351.9300,GH¢ per DKK,0.035193,GH¢ per DKK,ok,
1999-03-29,DKKGHS,Danish Krone,Mid Rate,349.8550,GH¢ per DKK,0.0349855,GH¢ per DKK,ok,
1999-03-29,GBPGHS,Pound Sterling,Buying,"3,893.0900",GH¢ per GBP,0.389309,GH¢ per GBP,ok,
1999-03-29,GBPGHS,Pound Sterling,Selling,"3,944.1800",GH¢ per GBP,0.394418,GH¢ per GBP,ok,
1999-03-29,GBPGHS,Pound Sterling,Mid Rate,"3,918.6350",GH¢ per GBP,0.3918635,GH¢ per GBP,ok,
1999-03-29,JPYGHS,Japanese yen,Buying,19.9800,GH¢ per JPY,0.001998,GH¢ per JPY,ok,
1999-03-29,JPYGHS,Japanese yen,Selling,20.2300,GH¢ per JPY,0.002023,GH¢ per JPY,ok,
1999-03-29,JPYGHS,Japanese yen,Mid Rate,20.1050,GH¢ per JPY,0.0020105,GH¢ per JPY,ok,
1999-03-29,NOKGHS,Norwegian Krone,Buying,309.3600,GH¢ per NOK,0.030936,GH¢ per NOK,ok,
1999-03-29,NOKGHS,Norwegian Krone,Selling,312.9900,GH¢ per NOK,0.031299,GH¢ per NOK,ok,
1999-03-29,NOKGHS,Norwegian Krone,Mid Rate,311.1750,GH¢ per NOK,0.0311175,GH¢ per NOK,ok,
1999-03-29,SEKGHS,Swedish Krona,Buying,289.4200,GH¢ per SEK,0.028942,GH¢ per SEK,ok,
1999-03-29,SEKGHS,Swedish Krona,Selling,292.6900,GH¢ per SEK,0.029269,GH¢ per SEK,ok,
1999-03-29,SEKGHS,Swedish Krona,Mid Rate,291.0550,GH¢ per SEK,0.0291055,GH¢ per SEK,ok,
1999-03-30,USDGHS,US Dollar,Buying,"2,400.7300",GH¢ per USD,0.240073,GH¢ per USD,ok,
1999-03-30,USDGHS,US Dollar,Selling,"2,430.7300",GH¢ per USD,0.243073,GH¢ per USD,ok,
1999-03-30,USDGHS,US Dollar,Mid Rate,"2,415.7300",GH¢ per USD,0.241573,GH¢ per USD,ok,
1999-03-30,AUDGHS,Australian Dollar,Buying,187.5700,GH¢ per AUD,0.018757,GH¢ per AUD,ok,
1999-03-30,AUDGHS,Australian Dollar,Selling,"1,528.5200",GH¢ per AUD,0.152852,GH¢ per AUD,ok,
1999-03-30,AUDGHS,Australian Dollar,Mid Rate,858.0450,GH¢ per AUD,0.0858045,GH¢ per AUD,ok,
1999-03-30,CADGHS,Canadian Dollar,Buying,"1,585.7100",GH¢ per CAD,0.158571,GH¢ per CAD,ok,
1999-03-30,CADGHS,Canadian Dollar,Selling,"1,604.4900",GH¢ per CAD,0.160449,GH¢ per CAD,ok,
1999-03-30,CADGHS,Canadian Dollar,Mid Rate,"1,595.1000",GH¢ per CAD,0.15951,GH¢ per CAD,ok,
1999-03-30,CHFGHS,Swiss Franc,Buying,"1,617.3500",GH¢ per CHF,0.161735,GH¢ per CHF,ok,
1999-03-30,CHFGHS,Swiss Franc,Selling,"1,636.4700",GH¢ per CHF,0.163647,GH¢ per CHF,ok,
1999-03-30,CHFGHS,Swiss Franc,Mid Rate,"1,626.9100",GH¢ per CHF,0.162691,GH¢ per CHF,ok,
1999-03-30,DKKGHS,Danish Krone,Buying,347.3300,GH¢ per DKK,0.034733,GH¢ per DKK,ok,
1999-03-30,DKKGHS,Danish Krone,Selling,351.4700,GH¢ per DKK,0.035147,GH¢ per DKK,ok,
1999-03-30,DKKGHS,Danish Krone,Mid Rate,349.4000,GH¢ per DKK,0.03494,GH¢ per DKK,ok,
1999-03-30,GBPGHS,Pound Sterling,Buying,"3,882.4600",GH¢ per GBP,0.388246,GH¢ per GBP,ok,
1999-03-30,GBPGHS,Pound Sterling,Selling,"3,933.4100",GH¢ per GBP,0.393341,GH¢ per GBP,ok,
1999-03-30,GBPGHS,Pound Sterling,Mid Rate,"3,907.9350",GH¢ per GBP,0.3907935,GH¢ per GBP,ok,
1999-03-30,JPYGHS,Japanese yen,Buying,19.9800,GH¢ per JPY,0.001998,GH¢ per JPY,ok,
1999-03-30,JPYGHS,Japanese yen,Selling,20.2300,GH¢ per JPY,0.002023,GH¢ per JPY,ok,
1999-03-30,JPYGHS,Japanese yen,Mid Rate,20.1050,GH¢ per JPY,0.0020105,GH¢ per JPY,ok,
1999-03-30,NOKGHS,Norwegian Krone,Buying,309.1000,GH¢ per NOK,0.03091,GH¢ per NOK,ok,
1999-03-30,NOKGHS,Norwegian Krone,Selling,312.7200,GH¢ per NOK,0.031272,GH¢ per NOK,ok,
1999-03-30,NOKGHS,Norwegian Krone,Mid Rate,310.9100,GH¢ per NOK,0.031091,GH¢ per NOK,ok,
1999-03-30,SEKGHS,Swedish Krona,Buying,288.8200,GH¢ per SEK,0.028882,GH¢ per SEK,ok,
1999-03-30,SEKGHS,Swedish Krona,Selling,292.0700,GH¢ per SEK,0.029207,GH¢ per SEK,ok,
1999-03-30,SEKGHS,Swedish Krona,Mid Rate,290.4450,GH¢ per SEK,0.0290445,GH¢ per SEK,ok,
1999-03-31,USDGHS,US Dollar,Buying,"2,401.0900",GH¢ per USD,0.240109,GH¢ per USD,ok,
1999-03-31,USDGHS,US Dollar,Selling,"2,431.0000",GH¢ per USD,0.2431,GH¢ per USD,ok,
1999-03-31,USDGHS,US Dollar,Mid Rate,"2,416.0450",GH¢ per USD,0.2416045,GH¢ per USD,ok,
1999-03-31,AUDGHS,Australian Dollar,Buying,187.0400,GH¢ per AUD,0.018704,GH¢ per AUD,ok,
1999-03-31,AUDGHS,Australian Dollar,Selling,"1,532.5500",GH¢ per AUD,0.153255,GH¢ per AUD,ok,
1999-03-31,AUDGHS,Australian Dollar,Mid Rate,859.7950,GH¢ per AUD,0.0859795,GH¢ per AUD,ok,
1999-03-31,CADGHS,Canadian Dollar,Buying,"1,589.5800",GH¢ per CAD,0.158958,GH¢ per CAD,ok,
1999-03-31,CADGHS,Canadian Dollar,Selling,"1,608.3300",GH¢ per CAD,0.160833,GH¢ per CAD,ok,
1999-03-31,CADGHS,Canadian Dollar,Mid Rate,"1,598.9550",GH¢ per CAD,0.1598955,GH¢ per CAD,ok,
1999-03-31,CHFGHS,Swiss Franc,Buying,"1,612.7700",GH¢ per CHF,0.161277,GH¢ per CHF,ok,
1999-03-31,CHFGHS,Swiss Franc,Selling,"1,631.7600",GH¢ per CHF,0.163176,GH¢ per CHF,ok,
1999-03-31,CHFGHS,Swiss Franc,Mid Rate,"1,622.2650",GH¢ per CHF,0.1622265,GH¢ per CHF,ok,
1999-03-31,DKKGHS,Danish Krone,Buying,346.5700,GH¢ per DKK,0.034657,GH¢ per DKK,ok,
1999-03-31,DKKGHS,Danish Krone,Selling,350.4300,GH¢ per DKK,0.035043,GH¢ per DKK,ok,
1999-03-31,DKKGHS,Danish Krone,Mid Rate,348.5000,GH¢ per DKK,0.03485,GH¢ per DKK,ok,
1999-03-31,GBPGHS,Pound Sterling,Buying,"3,858.0700",GH¢ per GBP,0.385807,GH¢ per GBP,ok,
1999-03-31,GBPGHS,Pound Sterling,Selling,"3,908.5600",GH¢ per GBP,0.390856,GH¢ per GBP,ok,
1999-03-31,GBPGHS,Pound Sterling,Mid Rate,"3,883.3150",GH¢ per GBP,0.3883315,GH¢ per GBP,ok,
1999-03-31,JPYGHS,Japanese yen,Buying,19.9600,GH¢ per JPY,0.001996,GH¢ per JPY,ok,
1999-03-31,JPYGHS,Japanese yen,Selling,20.2100,GH¢ per JPY,0.002021,GH¢ per JPY,ok,
1999-03-31,JPYGHS,Japanese yen,Mid Rate,20.0850,GH¢ per JPY,0.0020085,GH¢ per JPY,ok,
1999-03-31,NOKGHS,Norwegian Krone,Buying,308.4900,GH¢ per NOK,0.030849,GH¢ per NOK,ok,
1999-03-31,NOKGHS,Norwegian Krone,Selling,312.0900,GH¢ per NOK,0.031209,GH¢ per NOK,ok,
1999-03-31,NOKGHS,Norwegian Krone,Mid Rate,310.2900,GH¢ per NOK,0.031029,GH¢ per NOK,ok,
1999-03-31,SEKGHS,Swedish Krona,Buying,288.7600,GH¢ per SEK,0.028876,GH¢ per SEK,ok,
1999-03-31,SEKGHS,Swedish Krona,Selling,292.0000,GH¢ per SEK,0.0292,GH¢ per SEK,ok,
1999-03-31,SEKGHS,Swedish Krona,Mid Rate,290.3800,GH¢ per SEK,0.029038,GH¢ per SEK,ok,
1999-04-01,USDGHS,US Dollar,Buying,"2,403.8200",GH¢ per USD,0.240382,GH¢ per USD,ok,
1999-04-01,USDGHS,US Dollar,Selling,"2,433.2700",GH¢ per USD,0.243327,GH¢ per USD,ok,
1999-04-01,USDGHS,US Dollar,Mid Rate,"2,418.5450",GH¢ per USD,0.2418545,GH¢ per USD,ok,
1999-04-01,AUDGHS,Australian Dollar,Buying,187.4700,GH¢ per AUD,0.018747,GH¢ per AUD,ok,
1999-04-01,AUDGHS,Australian Dollar,Selling,"1,546.2500",GH¢ per AUD,0.154625,GH¢ per AUD,ok,
1999-04-01,AUDGHS,Australian Dollar,Mid Rate,866.8600,GH¢ per AUD,0.086686,GH¢ per AUD,ok,
1999-04-01,CADGHS,Canadian Dollar,Buying,"1,595.4800",GH¢ per CAD,0.159548,GH¢ per CAD,ok,
1999-04-01,CADGHS,Canadian Dollar,Selling,"1,614.4300",GH¢ per CAD,0.161443,GH¢ per CAD,ok,
1999-04-01,CADGHS,Canadian Dollar,Mid Rate,"1,604.9550",GH¢ per CAD,0.1604955,GH¢ per CAD,ok,
1999-04-01,CHFGHS,Swiss Franc,Buying,"1,616.9400",GH¢ per CHF,0.161694,GH¢ per CHF,ok,
1999-04-01,CHFGHS,Swiss Franc,Selling,"1,636.1300",GH¢ per CHF,0.163613,GH¢ per CHF,ok,
1999-04-01,CHFGHS,Swiss Franc,Mid Rate,"1,626.5350",GH¢ per CHF,0.1626535,GH¢ per CHF,ok,
1999-04-01,DKKGHS,Danish Krone,Buying,347.1900,GH¢ per DKK,0.034719,GH¢ per DKK,ok,
1999-04-01,DKKGHS,Danish Krone,Selling,351.3500,GH¢ per DKK,0.035135,GH¢ per DKK,ok,
1999-04-01,DKKGHS,Danish Krone,Mid Rate,349.2700,GH¢ per DKK,0.034927,GH¢ per DKK,ok,
1999-04-01,GBPGHS,Pound Sterling,Buying,"3,869.6700",GH¢ per GBP,0.386967,GH¢ per GBP,ok,
1999-04-01,GBPGHS,Pound Sterling,Selling,"3,919.5100",GH¢ per GBP,0.391951,GH¢ per GBP,ok,
1999-04-01,GBPGHS,Pound Sterling,Mid Rate,"3,894.5900",GH¢ per GBP,0.389459,GH¢ per GBP,ok,
1999-04-01,JPYGHS,Japanese yen,Buying,20.2300,GH¢ per JPY,0.002023,GH¢ per JPY,ok,
1999-04-01,JPYGHS,Japanese yen,Selling,20.4700,GH¢ per JPY,0.002047,GH¢ per JPY,ok,
1999-04-01,JPYGHS,Japanese yen,Mid Rate,20.3500,GH¢ per JPY,0.002035,GH¢ per JPY,ok,
1999-04-01,NOKGHS,Norwegian Krone,Buying,309.2600,GH¢ per NOK,0.030926,GH¢ per NOK,ok,
1999-04-01,NOKGHS,Norwegian Krone,Selling,312.9000,GH¢ per NOK,0.03129,GH¢ per NOK,ok,
1999-04-01,NOKGHS,Norwegian Krone,Mid Rate,311.0800,GH¢ per NOK,0.031108,GH¢ per NOK,ok,
1999-04-01,SEKGHS,Swedish Krona,Buying,290.1100,GH¢ per SEK,0.029011,GH¢ per SEK,ok,
1999-04-01,SEKGHS,Swedish Krona,Selling,293.3100,GH¢ per SEK,0.029331,GH¢ per SEK,ok,
1999-04-01,SEKGHS,Swedish Krona,Mid Rate,291.7100,GH¢ per SEK,0.029171,GH¢ per SEK,ok,
1999-04-06,USDGHS,US Dollar,Buying,"2,404.0900",GH¢ per USD,0.240409,GH¢ per USD,ok,
1999-04-06,USDGHS,US Dollar,Selling,"2,433.4500",GH¢ per USD,0.243345,GH¢ per USD,ok,
1999-04-06,USDGHS,US Dollar,Mid Rate,"2,418.7700",GH¢ per USD,0.241877,GH¢ per USD,ok,
1999-04-06,AUDGHS,Australian Dollar,Buying,187.5600,GH¢ per AUD,0.018756,GH¢ per AUD,ok,
1999-04-06,AUDGHS,Australian Dollar,Selling,"1,534.7300",GH¢ per AUD,0.153473,GH¢ per AUD,ok,
1999-04-06,AUDGHS,Australian Dollar,Mid Rate,861.1450,GH¢ per AUD,0.0861145,GH¢ per AUD,ok,
1999-04-06,CADGHS,Canadian Dollar,Buying,"1,600.9600",GH¢ per CAD,0.160096,GH¢ per CAD,ok,
1999-04-06,CADGHS,Canadian Dollar,Selling,"1,619.9000",GH¢ per CAD,0.16199,GH¢ per CAD,ok,
1999-04-06,CADGHS,Canadian Dollar,Mid Rate,"1,610.4300",GH¢ per CAD,0.161043,GH¢ per CAD,ok,
1999-04-06,CHFGHS,Swiss Franc,Buying,"1,616.9900",GH¢ per CHF,0.161699,GH¢ per CHF,ok,
1999-04-06,CHFGHS,Swiss Franc,Selling,"1,636.1700",GH¢ per CHF,0.163617,GH¢ per CHF,ok,
1999-04-06,CHFGHS,Swiss Franc,Mid Rate,"1,626.5800",GH¢ per CHF,0.162658,GH¢ per CHF,ok,
1999-04-06,DKKGHS,Danish Krone,Buying,347.2100,GH¢ per DKK,0.034721,GH¢ per DKK,ok,
1999-04-06,DKKGHS,Danish Krone,Selling,351.4100,GH¢ per DKK,0.035141,GH¢ per DKK,ok,
1999-04-06,DKKGHS,Danish Krone,Mid Rate,349.3100,GH¢ per DKK,0.034931,GH¢ per DKK,ok,
1999-04-06,GBPGHS,Pound Sterling,Buying,"3,843.9000",GH¢ per GBP,0.38439,GH¢ per GBP,ok,
1999-04-06,GBPGHS,Pound Sterling,Selling,"3,893.2800",GH¢ per GBP,0.389328,GH¢ per GBP,ok,
1999-04-06,GBPGHS,Pound Sterling,Mid Rate,"3,868.5900",GH¢ per GBP,0.386859,GH¢ per GBP,ok,
1999-04-06,JPYGHS,Japanese yen,Buying,19.8800,GH¢ per JPY,0.001988,GH¢ per JPY,ok,
1999-04-06,JPYGHS,Japanese yen,Selling,20.1200,GH¢ per JPY,0.002012,GH¢ per JPY,ok,
1999-04-06,JPYGHS,Japanese yen,Mid Rate,20.0000,GH¢ per JPY,0.002,GH¢ per JPY,ok,
1999-04-06,NOKGHS,Norwegian Krone,Buying,309.2900,GH¢ per NOK,0.030929,GH¢ per NOK,ok,
1999-04-06,NOKGHS,Norwegian Krone,Selling,312.9200,GH¢ per NOK,0.031292,GH¢ per NOK,ok,
1999-04-06,NOKGHS,Norwegian Krone,Mid Rate,311.1050,GH¢ per NOK,0.0311105,GH¢ per NOK,ok,
1999-04-06,SEKGHS,Swedish Krona,Buying,290.6100,GH¢ per SEK,0.029061,GH¢ per SEK,ok,
1999-04-06,SEKGHS,Swedish Krona,Selling,293.8900,GH¢ per SEK,0.029389,GH¢ per SEK,ok,
1999-04-06,SEKGHS,Swedish Krona,Mid Rate,292.2500,GH¢ per SEK,0.029225,GH¢ per SEK,ok,
1999-04-07,USDGHS,US Dollar,Buying,"2,405.0000",GH¢ per USD,0.2405,GH¢ per USD,ok,
1999-04-07,USDGHS,US Dollar,Selling,"2,434.3600",GH¢ per USD,0.243436,GH¢ per USD,ok,
1999-04-07,USDGHS,US Dollar,Mid Rate,"2,419.6800",GH¢ per USD,0.241968,GH¢ per USD,ok,
1999-04-07,AUDGHS,Australian Dollar,Buying,188.7200,GH¢ per AUD,0.018872,GH¢ per AUD,ok,
1999-04-07,AUDGHS,Australian Dollar,Selling,"1,535.6700",GH¢ per AUD,0.153567,GH¢ per AUD,ok,
1999-04-07,AUDGHS,Australian Dollar,Mid Rate,862.1950,GH¢ per AUD,0.0862195,GH¢ per AUD,ok,
1999-04-07,CADGHS,Canadian Dollar,Buying,"1,600.2500",GH¢ per CAD,0.160025,GH¢ per CAD,ok,
1999-04-07,CADGHS,Canadian Dollar,Selling,"1,619.7800",GH¢ per CAD,0.161978,GH¢ per CAD,ok,
1999-04-07,CADGHS,Canadian Dollar,Mid Rate,"1,610.0150",GH¢ per CAD,0.1610015,GH¢ per CAD,ok,
1999-04-07,CHFGHS,Swiss Franc,Buying,"1,627.8400",GH¢ per CHF,0.162784,GH¢ per CHF,ok,
1999-04-07,CHFGHS,Swiss Franc,Selling,"1,647.7000",GH¢ per CHF,0.16477,GH¢ per CHF,ok,
1999-04-07,CHFGHS,Swiss Franc,Mid Rate,"1,637.7700",GH¢ per CHF,0.163777,GH¢ per CHF,ok,
1999-04-07,DKKGHS,Danish Krone,Buying,349.7800,GH¢ per DKK,0.034978,GH¢ per DKK,ok,
1999-04-07,DKKGHS,Danish Krone,Selling,353.6600,GH¢ per DKK,0.035366,GH¢ per DKK,ok,
1999-04-07,DKKGHS,Danish Krone,Mid Rate,351.7200,GH¢ per DKK,0.035172,GH¢ per DKK,ok,
1999-04-07,GBPGHS,Pound Sterling,Buying,"3,822.9900",GH¢ per GBP,0.382299,GH¢ per GBP,ok,
1999-04-07,GBPGHS,Pound Sterling,Selling,"3,872.0900",GH¢ per GBP,0.387209,GH¢ per GBP,ok,
1999-04-07,GBPGHS,Pound Sterling,Mid Rate,"3,847.5400",GH¢ per GBP,0.384754,GH¢ per GBP,ok,
1999-04-07,JPYGHS,Japanese yen,Buying,19.9100,GH¢ per JPY,0.001991,GH¢ per JPY,ok,
1999-04-07,JPYGHS,Japanese yen,Selling,20.1500,GH¢ per JPY,0.002015,GH¢ per JPY,ok,
1999-04-07,JPYGHS,Japanese yen,Mid Rate,20.0300,GH¢ per JPY,0.002003,GH¢ per JPY,ok,
1999-04-07,NOKGHS,Norwegian Krone,Buying,310.7400,GH¢ per NOK,0.031074,GH¢ per NOK,ok,
1999-04-07,NOKGHS,Norwegian Krone,Selling,314.3900,GH¢ per NOK,0.031439,GH¢ per NOK,ok,
1999-04-07,NOKGHS,Norwegian Krone,Mid Rate,312.5650,GH¢ per NOK,0.0312565,GH¢ per NOK,ok,
1999-04-07,SEKGHS,Swedish Krona,Buying,290.9300,GH¢ per SEK,0.029093,GH¢ per SEK,ok,
1999-04-07,SEKGHS,Swedish Krona,Selling,294.2200,GH¢ per SEK,0.029422,GH¢ per SEK,ok,
1999-04-07,SEKGHS,Swedish Krona,Mid Rate,292.5750,GH¢ per SEK,0.0292575,GH¢ per SEK,ok,
1999-04-08,USDGHS,US Dollar,Buying,"2,405.5500",GH¢ per USD,0.240555,GH¢ per USD,ok,
1999-04-08,USDGHS,US Dollar,Selling,"2,435.0000",GH¢ per USD,0.2435,GH¢ per USD,ok,
1999-04-08,USDGHS,US Dollar,Mid Rate,"2,420.2750",GH¢ per USD,0.2420275,GH¢ per USD,ok,
1999-04-08,AUDGHS,Australian Dollar,Buying,188.6900,GH¢ per AUD,0.018869,GH¢ per AUD,ok,
1999-04-08,AUDGHS,Australian Dollar,Selling,"1,519.7700",GH¢ per AUD,0.151977,GH¢ per AUD,ok,
1999-04-08,AUDGHS,Australian Dollar,Mid Rate,854.2300,GH¢ per AUD,0.085423,GH¢ per AUD,ok,
1999-04-08,CADGHS,Canadian Dollar,Buying,"1,604.7700",GH¢ per CAD,0.160477,GH¢ per CAD,ok,
1999-04-08,CADGHS,Canadian Dollar,Selling,"1,624.3500",GH¢ per CAD,0.162435,GH¢ per CAD,ok,
1999-04-08,CADGHS,Canadian Dollar,Mid Rate,"1,614.5600",GH¢ per CAD,0.161456,GH¢ per CAD,ok,
1999-04-08,CHFGHS,Swiss Franc,Buying,"1,627.2100",GH¢ per CHF,0.162721,GH¢ per CHF,ok,
1999-04-08,CHFGHS,Swiss Franc,Selling,"1,646.5600",GH¢ per CHF,0.164656,GH¢ per CHF,ok,
1999-04-08,CHFGHS,Swiss Franc,Mid Rate,"1,636.8850",GH¢ per CHF,0.1636885,GH¢ per CHF,ok,
1999-04-08,DKKGHS,Danish Krone,Buying,349.3100,GH¢ per DKK,0.034931,GH¢ per DKK,ok,
1999-04-08,DKKGHS,Danish Krone,Selling,353.5400,GH¢ per DKK,0.035354,GH¢ per DKK,ok,
1999-04-08,DKKGHS,Danish Krone,Mid Rate,351.4250,GH¢ per DKK,0.0351425,GH¢ per DKK,ok,
1999-04-08,GBPGHS,Pound Sterling,Buying,"3,852.2500",GH¢ per GBP,0.385225,GH¢ per GBP,ok,
1999-04-08,GBPGHS,Pound Sterling,Selling,"3,901.8400",GH¢ per GBP,0.390184,GH¢ per GBP,ok,
1999-04-08,GBPGHS,Pound Sterling,Mid Rate,"3,877.0450",GH¢ per GBP,0.3877045,GH¢ per GBP,ok,
1999-04-08,JPYGHS,Japanese yen,Buying,19.9300,GH¢ per JPY,0.001993,GH¢ per JPY,ok,
1999-04-08,JPYGHS,Japanese yen,Selling,20.1700,GH¢ per JPY,0.002017,GH¢ per JPY,ok,
1999-04-08,JPYGHS,Japanese yen,Mid Rate,20.0500,GH¢ per JPY,0.002005,GH¢ per JPY,ok,
1999-04-08,NOKGHS,Norwegian Krone,Buying,308.4800,GH¢ per NOK,0.030848,GH¢ per NOK,ok,
1999-04-08,NOKGHS,Norwegian Krone,Selling,312.1200,GH¢ per NOK,0.031212,GH¢ per NOK,ok,
1999-04-08,NOKGHS,Norwegian Krone,Mid Rate,310.3000,GH¢ per NOK,0.03103,GH¢ per NOK,ok,
1999-04-08,SEKGHS,Swedish Krona,Buying,290.2600,GH¢ per SEK,0.029026,GH¢ per SEK,ok,
1999-04-08,SEKGHS,Swedish Krona,Selling,293.5500,GH¢ per SEK,0.029355,GH¢ per SEK,ok,
1999-04-08,SEKGHS,Swedish Krona,Mid Rate,291.9050,GH¢ per SEK,0.0291905,GH¢ per SEK,ok,
1999-04-09,USDGHS,US Dollar,Buying,"2,406.5500",GH¢ per USD,0.240655,GH¢ per USD,ok,
1999-04-09,USDGHS,US Dollar,Selling,"2,435.5500",GH¢ per USD,0.243555,GH¢ per USD,ok,
1999-04-09,USDGHS,US Dollar,Mid Rate,"2,421.0500",GH¢ per USD,0.242105,GH¢ per USD,ok,
1999-04-09,AUDGHS,Australian Dollar,Buying,188.3800,GH¢ per AUD,0.018838,GH¢ per AUD,ok,
1999-04-09,AUDGHS,Australian Dollar,Selling,"1,532.5100",GH¢ per AUD,0.153251,GH¢ per AUD,ok,
1999-04-09,AUDGHS,Australian Dollar,Mid Rate,860.4450,GH¢ per AUD,0.0860445,GH¢ per AUD,ok,
1999-04-09,CADGHS,Canadian Dollar,Buying,"1,607.8000",GH¢ per CAD,0.16078,GH¢ per CAD,ok,
1999-04-09,CADGHS,Canadian Dollar,Selling,"1,626.0600",GH¢ per CAD,0.162606,GH¢ per CAD,ok,
1999-04-09,CADGHS,Canadian Dollar,Mid Rate,"1,616.9300",GH¢ per CAD,0.161693,GH¢ per CAD,ok,
1999-04-09,CHFGHS,Swiss Franc,Buying,"1,624.6400",GH¢ per CHF,0.162464,GH¢ per CHF,ok,
1999-04-09,CHFGHS,Swiss Franc,Selling,"1,643.0700",GH¢ per CHF,0.164307,GH¢ per CHF,ok,
1999-04-09,CHFGHS,Swiss Franc,Mid Rate,"1,633.8550",GH¢ per CHF,0.1633855,GH¢ per CHF,ok,
1999-04-09,DKKGHS,Danish Krone,Buying,348.8200,GH¢ per DKK,0.034882,GH¢ per DKK,ok,
1999-04-09,DKKGHS,Danish Krone,Selling,352.8700,GH¢ per DKK,0.035287,GH¢ per DKK,ok,
1999-04-09,DKKGHS,Danish Krone,Mid Rate,350.8450,GH¢ per DKK,0.0350845,GH¢ per DKK,ok,
1999-04-09,GBPGHS,Pound Sterling,Buying,"3,864.2000",GH¢ per GBP,0.38642,GH¢ per GBP,ok,
1999-04-09,GBPGHS,Pound Sterling,Selling,"3,912.4700",GH¢ per GBP,0.391247,GH¢ per GBP,ok,
1999-04-09,GBPGHS,Pound Sterling,Mid Rate,"3,888.3350",GH¢ per GBP,0.3888335,GH¢ per GBP,ok,
1999-04-09,JPYGHS,Japanese yen,Buying,19.9200,GH¢ per JPY,0.001992,GH¢ per JPY,ok,
1999-04-09,JPYGHS,Japanese yen,Selling,20.1600,GH¢ per JPY,0.002016,GH¢ per JPY,ok,
1999-04-09,JPYGHS,Japanese yen,Mid Rate,20.0400,GH¢ per JPY,0.002004,GH¢ per JPY,ok,
1999-04-09,NOKGHS,Norwegian Krone,Buying,308.6300,GH¢ per NOK,0.030863,GH¢ per NOK,ok,
1999-04-09,NOKGHS,Norwegian Krone,Selling,312.1100,GH¢ per NOK,0.031211,GH¢ per NOK,ok,
1999-04-09,NOKGHS,Norwegian Krone,Mid Rate,310.3700,GH¢ per NOK,0.031037,GH¢ per NOK,ok,
1999-04-09,SEKGHS,Swedish Krona,Buying,290.0500,GH¢ per SEK,0.029005,GH¢ per SEK,ok,
1999-04-09,SEKGHS,Swedish Krona,Selling,293.1900,GH¢ per SEK,0.029319,GH¢ per SEK,ok,
1999-04-09,SEKGHS,Swedish Krona,Mid Rate,291.6200,GH¢ per SEK,0.029162,GH¢ per SEK,ok,
1999-04-12,USDGHS,US Dollar,Buying,"2,406.6400",GH¢ per USD,0.240664,GH¢ per USD,ok,
1999-04-12,USDGHS,US Dollar,Selling,"2,435.6400",GH¢ per USD,0.243564,GH¢ per USD,ok,
1999-04-12,USDGHS,US Dollar,Mid Rate,"2,421.1400",GH¢ per USD,0.242114,GH¢ per USD,ok,
1999-04-12,AUDGHS,Australian Dollar,Buying,189.5800,GH¢ per AUD,0.018958,GH¢ per AUD,ok,
1999-04-12,AUDGHS,Australian Dollar,Selling,"1,549.3100",GH¢ per AUD,0.154931,GH¢ per AUD,ok,
1999-04-12,AUDGHS,Australian Dollar,Mid Rate,869.4450,GH¢ per AUD,0.0869445,GH¢ per AUD,ok,
1999-04-12,CADGHS,Canadian Dollar,Buying,"1,605.5900",GH¢ per CAD,0.160559,GH¢ per CAD,ok,
1999-04-12,CADGHS,Canadian Dollar,Selling,"1,623.8600",GH¢ per CAD,0.162386,GH¢ per CAD,ok,
1999-04-12,CADGHS,Canadian Dollar,Mid Rate,"1,614.7250",GH¢ per CAD,0.1614725,GH¢ per CAD,ok,
1999-04-12,CHFGHS,Swiss Franc,Buying,"1,628.1200",GH¢ per CHF,0.162812,GH¢ per CHF,ok,
1999-04-12,CHFGHS,Swiss Franc,Selling,"1,647.1700",GH¢ per CHF,0.164717,GH¢ per CHF,ok,
1999-04-12,CHFGHS,Swiss Franc,Mid Rate,"1,637.6450",GH¢ per CHF,0.1637645,GH¢ per CHF,ok,
1999-04-12,DKKGHS,Danish Krone,Buying,350.7800,GH¢ per DKK,0.035078,GH¢ per DKK,ok,
1999-04-12,DKKGHS,Danish Krone,Selling,355.0600,GH¢ per DKK,0.035506,GH¢ per DKK,ok,
1999-04-12,DKKGHS,Danish Krone,Mid Rate,352.9200,GH¢ per DKK,0.035292,GH¢ per DKK,ok,
1999-04-12,GBPGHS,Pound Sterling,Buying,"3,886.0000",GH¢ per GBP,0.3886,GH¢ per GBP,ok,
1999-04-12,GBPGHS,Pound Sterling,Selling,"3,935.2600",GH¢ per GBP,0.393526,GH¢ per GBP,ok,
1999-04-12,GBPGHS,Pound Sterling,Mid Rate,"3,910.6300",GH¢ per GBP,0.391063,GH¢ per GBP,ok,
1999-04-12,JPYGHS,Japanese yen,Buying,19.9800,GH¢ per JPY,0.001998,GH¢ per JPY,ok,
1999-04-12,JPYGHS,Japanese yen,Selling,20.2200,GH¢ per JPY,0.002022,GH¢ per JPY,ok,
1999-04-12,JPYGHS,Japanese yen,Mid Rate,20.1000,GH¢ per JPY,0.00201,GH¢ per JPY,ok,
1999-04-12,NOKGHS,Norwegian Krone,Buying,311.1200,GH¢ per NOK,0.031112,GH¢ per NOK,ok,
1999-04-12,NOKGHS,Norwegian Krone,Selling,314.6200,GH¢ per NOK,0.031462,GH¢ per NOK,ok,
1999-04-12,NOKGHS,Norwegian Krone,Mid Rate,312.8700,GH¢ per NOK,0.031287,GH¢ per NOK,ok,
1999-04-12,SEKGHS,Swedish Krona,Buying,291.0600,GH¢ per SEK,0.029106,GH¢ per SEK,ok,
1999-04-12,SEKGHS,Swedish Krona,Selling,294.2600,GH¢ per SEK,0.029426,GH¢ per SEK,ok,
1999-04-12,SEKGHS,Swedish Krona,Mid Rate,292.6600,GH¢ per SEK,0.029266,GH¢ per SEK,ok,
1999-04-13,USDGHS,US Dollar,Buying,"2,408.0000",GH¢ per USD,0.2408,GH¢ per USD,ok,
1999-04-13,USDGHS,US Dollar,Selling,"2,437.0000",GH¢ per USD,0.2437,GH¢ per USD,ok,
1999-04-13,USDGHS,US Dollar,Mid Rate,"2,422.5000",GH¢ per USD,0.24225,GH¢ per USD,ok,
1999-04-13,AUDGHS,Australian Dollar,Buying,189.2800,GH¢ per AUD,0.018928,GH¢ per AUD,ok,
1999-04-13,AUDGHS,Australian Dollar,Selling,"1,552.2400",GH¢ per AUD,0.155224,GH¢ per AUD,ok,
1999-04-13,AUDGHS,Australian Dollar,Mid Rate,870.7600,GH¢ per AUD,0.087076,GH¢ per AUD,ok,
1999-04-13,CADGHS,Canadian Dollar,Buying,"1,614.6000",GH¢ per CAD,0.16146,GH¢ per CAD,ok,
1999-04-13,CADGHS,Canadian Dollar,Selling,"1,632.9500",GH¢ per CAD,0.163295,GH¢ per CAD,ok,
1999-04-13,CADGHS,Canadian Dollar,Mid Rate,"1,623.7750",GH¢ per CAD,0.1623775,GH¢ per CAD,ok,
1999-04-13,CHFGHS,Swiss Franc,Buying,"1,622.6200",GH¢ per CHF,0.162262,GH¢ per CHF,ok,
1999-04-13,CHFGHS,Swiss Franc,Selling,"1,641.0500",GH¢ per CHF,0.164105,GH¢ per CHF,ok,
1999-04-13,CHFGHS,Swiss Franc,Mid Rate,"1,631.8350",GH¢ per CHF,0.1631835,GH¢ per CHF,ok,
1999-04-13,DKKGHS,Danish Krone,Buying,350.4100,GH¢ per DKK,0.035041,GH¢ per DKK,ok,
1999-04-13,DKKGHS,Danish Krone,Selling,354.4700,GH¢ per DKK,0.035447,GH¢ per DKK,ok,
1999-04-13,DKKGHS,Danish Krone,Mid Rate,352.4400,GH¢ per DKK,0.035244,GH¢ per DKK,ok,
1999-04-13,GBPGHS,Pound Sterling,Buying,"3,888.4400",GH¢ per GBP,0.388844,GH¢ per GBP,ok,
1999-04-13,GBPGHS,Pound Sterling,Selling,"3,937.7000",GH¢ per GBP,0.39377,GH¢ per GBP,ok,
1999-04-13,GBPGHS,Pound Sterling,Mid Rate,"3,913.0700",GH¢ per GBP,0.391307,GH¢ per GBP,ok,
1999-04-13,JPYGHS,Japanese yen,Buying,20.0000,GH¢ per JPY,0.002,GH¢ per JPY,ok,
1999-04-13,JPYGHS,Japanese yen,Selling,20.2400,GH¢ per JPY,0.002024,GH¢ per JPY,ok,
1999-04-13,JPYGHS,Japanese yen,Mid Rate,20.1200,GH¢ per JPY,0.002012,GH¢ per JPY,ok,
1999-04-13,NOKGHS,Norwegian Krone,Buying,311.0500,GH¢ per NOK,0.031105,GH¢ per NOK,ok,
1999-04-13,NOKGHS,Norwegian Krone,Selling,314.5500,GH¢ per NOK,0.031455,GH¢ per NOK,ok,
1999-04-13,NOKGHS,Norwegian Krone,Mid Rate,312.8000,GH¢ per NOK,0.03128,GH¢ per NOK,ok,
1999-04-13,SEKGHS,Swedish Krona,Buying,290.6500,GH¢ per SEK,0.029065,GH¢ per SEK,ok,
1999-04-13,SEKGHS,Swedish Krona,Selling,293.7900,GH¢ per SEK,0.029379,GH¢ per SEK,ok,
1999-04-13,SEKGHS,Swedish Krona,Mid Rate,292.2200,GH¢ per SEK,0.029222,GH¢ per SEK,ok,
1999-04-14,USDGHS,US Dollar,Buying,"2,407.6400",GH¢ per USD,0.240764,GH¢ per USD,ok,
1999-04-14,USDGHS,US Dollar,Selling,"2,436.5500",GH¢ per USD,0.243655,GH¢ per USD,ok,
1999-04-14,USDGHS,US Dollar,Mid Rate,"2,422.0950",GH¢ per USD,0.2422095,GH¢ per USD,ok,
1999-04-14,AUDGHS,Australian Dollar,Buying,189.1700,GH¢ per AUD,0.018917,GH¢ per AUD,ok,
1999-04-14,AUDGHS,Australian Dollar,Selling,"1,560.1400",GH¢ per AUD,0.156014,GH¢ per AUD,ok,
1999-04-14,AUDGHS,Australian Dollar,Mid Rate,874.6550,GH¢ per AUD,0.0874655,GH¢ per AUD,ok,
1999-04-14,CADGHS,Canadian Dollar,Buying,"1,615.2700",GH¢ per CAD,0.161527,GH¢ per CAD,ok,
1999-04-14,CADGHS,Canadian Dollar,Selling,"1,634.1200",GH¢ per CAD,0.163412,GH¢ per CAD,ok,
1999-04-14,CADGHS,Canadian Dollar,Mid Rate,"1,624.6950",GH¢ per CAD,0.1624695,GH¢ per CAD,ok,
1999-04-14,CHFGHS,Swiss Franc,Buying,"1,622.4700",GH¢ per CHF,0.162247,GH¢ per CHF,ok,
1999-04-14,CHFGHS,Swiss Franc,Selling,"1,640.8400",GH¢ per CHF,0.164084,GH¢ per CHF,ok,
1999-04-14,CHFGHS,Swiss Franc,Mid Rate,"1,631.6550",GH¢ per CHF,0.1631655,GH¢ per CHF,ok,
1999-04-14,DKKGHS,Danish Krone,Buying,350.2400,GH¢ per DKK,0.035024,GH¢ per DKK,ok,
1999-04-14,DKKGHS,Danish Krone,Selling,354.2400,GH¢ per DKK,0.035424,GH¢ per DKK,ok,
1999-04-14,DKKGHS,Danish Krone,Mid Rate,352.2400,GH¢ per DKK,0.035224,GH¢ per DKK,ok,
1999-04-14,GBPGHS,Pound Sterling,Buying,"3,897.4900",GH¢ per GBP,0.389749,GH¢ per GBP,ok,
1999-04-14,GBPGHS,Pound Sterling,Selling,"3,946.7200",GH¢ per GBP,0.394672,GH¢ per GBP,ok,
1999-04-14,GBPGHS,Pound Sterling,Mid Rate,"3,922.1050",GH¢ per GBP,0.3922105,GH¢ per GBP,ok,
1999-04-14,JPYGHS,Japanese yen,Buying,20.1900,GH¢ per JPY,0.002019,GH¢ per JPY,ok,
1999-04-14,JPYGHS,Japanese yen,Selling,20.4400,GH¢ per JPY,0.002044,GH¢ per JPY,ok,
1999-04-14,JPYGHS,Japanese yen,Mid Rate,20.3150,GH¢ per JPY,0.0020315,GH¢ per JPY,ok,
1999-04-14,NOKGHS,Norwegian Krone,Buying,311.7300,GH¢ per NOK,0.031173,GH¢ per NOK,ok,
1999-04-14,NOKGHS,Norwegian Krone,Selling,315.2300,GH¢ per NOK,0.031523,GH¢ per NOK,ok,
1999-04-14,NOKGHS,Norwegian Krone,Mid Rate,313.4800,GH¢ per NOK,0.031348,GH¢ per NOK,ok,
1999-04-14,SEKGHS,Swedish Krona,Buying,291.6200,GH¢ per SEK,0.029162,GH¢ per SEK,ok,
1999-04-14,SEKGHS,Swedish Krona,Selling,294.7700,GH¢ per SEK,0.029477,GH¢ per SEK,ok,
1999-04-14,SEKGHS,Swedish Krona,Mid Rate,293.1950,GH¢ per SEK,0.0293195,GH¢ per SEK,ok,
1999-04-15,USDGHS,US Dollar,Buying,"2,408.5500",GH¢ per USD,0.240855,GH¢ per USD,ok,
1999-04-15,USDGHS,US Dollar,Selling,"2,437.4500",GH¢ per USD,0.243745,GH¢ per USD,ok,
1999-04-15,USDGHS,US Dollar,Mid Rate,"2,423.0000",GH¢ per USD,0.2423,GH¢ per USD,ok,
1999-04-15,AUDGHS,Australian Dollar,Buying,188.9300,GH¢ per AUD,0.018893,GH¢ per AUD,ok,
1999-04-15,AUDGHS,Australian Dollar,Selling,"1,548.0400",GH¢ per AUD,0.154804,GH¢ per AUD,ok,
1999-04-15,AUDGHS,Australian Dollar,Mid Rate,868.4850,GH¢ per AUD,0.0868485,GH¢ per AUD,ok,
1999-04-15,CADGHS,Canadian Dollar,Buying,"1,610.2900",GH¢ per CAD,0.161029,GH¢ per CAD,ok,
1999-04-15,CADGHS,Canadian Dollar,Selling,"1,629.0700",GH¢ per CAD,0.162907,GH¢ per CAD,ok,
1999-04-15,CADGHS,Canadian Dollar,Mid Rate,"1,619.6800",GH¢ per CAD,0.161968,GH¢ per CAD,ok,
1999-04-15,CHFGHS,Swiss Franc,Buying,"1,622.0500",GH¢ per CHF,0.162205,GH¢ per CHF,ok,
1999-04-15,CHFGHS,Swiss Franc,Selling,"1,640.4100",GH¢ per CHF,0.164041,GH¢ per CHF,ok,
1999-04-15,CHFGHS,Swiss Franc,Mid Rate,"1,631.2300",GH¢ per CHF,0.163123,GH¢ per CHF,ok,
1999-04-15,DKKGHS,Danish Krone,Buying,349.7500,GH¢ per DKK,0.034975,GH¢ per DKK,ok,
1999-04-15,DKKGHS,Danish Krone,Selling,353.7900,GH¢ per DKK,0.035379,GH¢ per DKK,ok,
1999-04-15,DKKGHS,Danish Krone,Mid Rate,351.7700,GH¢ per DKK,0.035177,GH¢ per DKK,ok,
1999-04-15,GBPGHS,Pound Sterling,Buying,"3,885.9500",GH¢ per GBP,0.388595,GH¢ per GBP,ok,
1999-04-15,GBPGHS,Pound Sterling,Selling,"3,935.0200",GH¢ per GBP,0.393502,GH¢ per GBP,ok,
1999-04-15,GBPGHS,Pound Sterling,Mid Rate,"3,910.4850",GH¢ per GBP,0.3910485,GH¢ per GBP,ok,
1999-04-15,JPYGHS,Japanese yen,Buying,20.2800,GH¢ per JPY,0.002028,GH¢ per JPY,ok,
1999-04-15,JPYGHS,Japanese yen,Selling,20.5200,GH¢ per JPY,0.002052,GH¢ per JPY,ok,
1999-04-15,JPYGHS,Japanese yen,Mid Rate,20.4000,GH¢ per JPY,0.00204,GH¢ per JPY,ok,
1999-04-15,NOKGHS,Norwegian Krone,Buying,311.7700,GH¢ per NOK,0.031177,GH¢ per NOK,ok,
1999-04-15,NOKGHS,Norwegian Krone,Selling,315.2600,GH¢ per NOK,0.031526,GH¢ per NOK,ok,
1999-04-15,NOKGHS,Norwegian Krone,Mid Rate,313.5150,GH¢ per NOK,0.0313515,GH¢ per NOK,ok,
1999-04-15,SEKGHS,Swedish Krona,Buying,291.4100,GH¢ per SEK,0.029141,GH¢ per SEK,ok,
1999-04-15,SEKGHS,Swedish Krona,Selling,294.5600,GH¢ per SEK,0.029456,GH¢ per SEK,ok,
1999-04-15,SEKGHS,Swedish Krona,Mid Rate,292.9850,GH¢ per SEK,0.0292985,GH¢ per SEK,ok,
1999-04-16,USDGHS,US Dollar,Buying,"2,411.2700",GH¢ per USD,0.241127,GH¢ per USD,ok,
1999-04-16,USDGHS,US Dollar,Selling,"2,440.6400",GH¢ per USD,0.244064,GH¢ per USD,ok,
1999-04-16,USDGHS,US Dollar,Mid Rate,"2,425.9550",GH¢ per USD,0.2425955,GH¢ per USD,ok,
1999-04-16,AUDGHS,Australian Dollar,Buying,187.2000,GH¢ per AUD,0.01872,GH¢ per AUD,ok,
1999-04-16,AUDGHS,Australian Dollar,Selling,"1,548.4200",GH¢ per AUD,0.154842,GH¢ per AUD,ok,
1999-04-16,AUDGHS,Australian Dollar,Mid Rate,867.8100,GH¢ per AUD,0.086781,GH¢ per AUD,ok,
1999-04-16,CADGHS,Canadian Dollar,Buying,"1,623.0900",GH¢ per CAD,0.162309,GH¢ per CAD,ok,
1999-04-16,CADGHS,Canadian Dollar,Selling,"1,641.0300",GH¢ per CAD,0.164103,GH¢ per CAD,ok,
1999-04-16,CADGHS,Canadian Dollar,Mid Rate,"1,632.0600",GH¢ per CAD,0.163206,GH¢ per CAD,ok,
1999-04-16,CHFGHS,Swiss Franc,Buying,"1,607.1800",GH¢ per CHF,0.160718,GH¢ per CHF,ok,
1999-04-16,CHFGHS,Swiss Franc,Selling,"1,625.5100",GH¢ per CHF,0.162551,GH¢ per CHF,ok,
1999-04-16,CHFGHS,Swiss Franc,Mid Rate,"1,616.3450",GH¢ per CHF,0.1616345,GH¢ per CHF,ok,
1999-04-16,DKKGHS,Danish Krone,Buying,346.4600,GH¢ per DKK,0.034646,GH¢ per DKK,ok,
1999-04-16,DKKGHS,Danish Krone,Selling,350.3800,GH¢ per DKK,0.035038,GH¢ per DKK,ok,
1999-04-16,DKKGHS,Danish Krone,Mid Rate,348.4200,GH¢ per DKK,0.034842,GH¢ per DKK,ok,
1999-04-16,GBPGHS,Pound Sterling,Buying,"3,869.1200",GH¢ per GBP,0.386912,GH¢ per GBP,ok,
1999-04-16,GBPGHS,Pound Sterling,Selling,"3,916.9800",GH¢ per GBP,0.391698,GH¢ per GBP,ok,
1999-04-16,GBPGHS,Pound Sterling,Mid Rate,"3,893.0500",GH¢ per GBP,0.389305,GH¢ per GBP,ok,
1999-04-16,JPYGHS,Japanese yen,Buying,20.3900,GH¢ per JPY,0.002039,GH¢ per JPY,ok,
1999-04-16,JPYGHS,Japanese yen,Selling,20.6300,GH¢ per JPY,0.002063,GH¢ per JPY,ok,
1999-04-16,JPYGHS,Japanese yen,Mid Rate,20.5100,GH¢ per JPY,0.002051,GH¢ per JPY,ok,
1999-04-16,NOKGHS,Norwegian Krone,Buying,310.7300,GH¢ per NOK,0.031073,GH¢ per NOK,ok,
1999-04-16,NOKGHS,Norwegian Krone,Selling,314.1300,GH¢ per NOK,0.031413,GH¢ per NOK,ok,
1999-04-16,NOKGHS,Norwegian Krone,Mid Rate,312.4300,GH¢ per NOK,0.031243,GH¢ per NOK,ok,
1999-04-16,SEKGHS,Swedish Krona,Buying,290.1200,GH¢ per SEK,0.029012,GH¢ per SEK,ok,
1999-04-16,SEKGHS,Swedish Krona,Selling,293.2200,GH¢ per SEK,0.029322,GH¢ per SEK,ok,
1999-04-16,SEKGHS,Swedish Krona,Mid Rate,291.6700,GH¢ per SEK,0.029167,GH¢ per SEK,ok,
1999-04-19,USDGHS,US Dollar,Buying,"2,413.3600",GH¢ per USD,0.241336,GH¢ per USD,ok,
1999-04-19,USDGHS,US Dollar,Selling,"2,442.3600",GH¢ per USD,0.244236,GH¢ per USD,ok,
1999-04-19,USDGHS,US Dollar,Mid Rate,"2,427.8600",GH¢ per USD,0.242786,GH¢ per USD,ok,
1999-04-19,AUDGHS,Australian Dollar,Buying,186.9000,GH¢ per AUD,0.01869,GH¢ per AUD,ok,
1999-04-19,AUDGHS,Australian Dollar,Selling,"1,586.8200",GH¢ per AUD,0.158682,GH¢ per AUD,ok,
1999-04-19,AUDGHS,Australian Dollar,Mid Rate,886.8600,GH¢ per AUD,0.088686,GH¢ per AUD,ok,
1999-04-19,CADGHS,Canadian Dollar,Buying,"1,631.3100",GH¢ per CAD,0.163131,GH¢ per CAD,ok,
1999-04-19,CADGHS,Canadian Dollar,Selling,"1,650.9000",GH¢ per CAD,0.16509,GH¢ per CAD,ok,
1999-04-19,CADGHS,Canadian Dollar,Mid Rate,"1,641.1050",GH¢ per CAD,0.1641105,GH¢ per CAD,ok,
1999-04-19,CHFGHS,Swiss Franc,Buying,"1,605.7900",GH¢ per CHF,0.160579,GH¢ per CHF,ok,
1999-04-19,CHFGHS,Swiss Franc,Selling,"1,624.5600",GH¢ per CHF,0.162456,GH¢ per CHF,ok,
1999-04-19,CHFGHS,Swiss Franc,Mid Rate,"1,615.1750",GH¢ per CHF,0.1615175,GH¢ per CHF,ok,
1999-04-19,DKKGHS,Danish Krone,Buying,346.0900,GH¢ per DKK,0.034609,GH¢ per DKK,ok,
1999-04-19,DKKGHS,Danish Krone,Selling,349.9200,GH¢ per DKK,0.034992,GH¢ per DKK,ok,
1999-04-19,DKKGHS,Danish Krone,Mid Rate,348.0050,GH¢ per DKK,0.0348005,GH¢ per DKK,ok,
1999-04-19,GBPGHS,Pound Sterling,Buying,"3,900.9600",GH¢ per GBP,0.390096,GH¢ per GBP,ok,
1999-04-19,GBPGHS,Pound Sterling,Selling,"3,950.2700",GH¢ per GBP,0.395027,GH¢ per GBP,ok,
1999-04-19,GBPGHS,Pound Sterling,Mid Rate,"3,925.6150",GH¢ per GBP,0.3925615,GH¢ per GBP,ok,
1999-04-19,JPYGHS,Japanese yen,Buying,20.4400,GH¢ per JPY,0.002044,GH¢ per JPY,ok,
1999-04-19,JPYGHS,Japanese yen,Selling,20.6800,GH¢ per JPY,0.002068,GH¢ per JPY,ok,
1999-04-19,JPYGHS,Japanese yen,Mid Rate,20.5600,GH¢ per JPY,0.002056,GH¢ per JPY,ok,
1999-04-19,NOKGHS,Norwegian Krone,Buying,311.1600,GH¢ per NOK,0.031116,GH¢ per NOK,ok,
1999-04-19,NOKGHS,Norwegian Krone,Selling,314.7600,GH¢ per NOK,0.031476,GH¢ per NOK,ok,
1999-04-19,NOKGHS,Norwegian Krone,Mid Rate,312.9600,GH¢ per NOK,0.031296,GH¢ per NOK,ok,
1999-04-19,SEKGHS,Swedish Krona,Buying,289.5800,GH¢ per SEK,0.028958,GH¢ per SEK,ok,
1999-04-19,SEKGHS,Swedish Krona,Selling,292.8000,GH¢ per SEK,0.02928,GH¢ per SEK,ok,
1999-04-19,SEKGHS,Swedish Krona,Mid Rate,291.1900,GH¢ per SEK,0.029119,GH¢ per SEK,ok,
1999-04-20,USDGHS,US Dollar,Buying,"2,415.3600",GH¢ per USD,0.241536,GH¢ per USD,ok,
1999-04-20,USDGHS,US Dollar,Selling,"2,445.1800",GH¢ per USD,0.244518,GH¢ per USD,ok,
1999-04-20,USDGHS,US Dollar,Mid Rate,"2,430.2700",GH¢ per USD,0.243027,GH¢ per USD,ok,
1999-04-20,AUDGHS,Australian Dollar,Buying,187.2400,GH¢ per AUD,0.018724,GH¢ per AUD,ok,
1999-04-20,AUDGHS,Australian Dollar,Selling,"1,587.3900",GH¢ per AUD,0.158739,GH¢ per AUD,ok,
1999-04-20,AUDGHS,Australian Dollar,Mid Rate,887.3150,GH¢ per AUD,0.0887315,GH¢ per AUD,ok,
1999-04-20,CADGHS,Canadian Dollar,Buying,"1,626.2900",GH¢ per CAD,0.162629,GH¢ per CAD,ok,
1999-04-20,CADGHS,Canadian Dollar,Selling,"1,644.7600",GH¢ per CAD,0.164476,GH¢ per CAD,ok,
1999-04-20,CADGHS,Canadian Dollar,Mid Rate,"1,635.5250",GH¢ per CAD,0.1635525,GH¢ per CAD,ok,
1999-04-20,CHFGHS,Swiss Franc,Buying,"1,609.5800",GH¢ per CHF,0.160958,GH¢ per CHF,ok,
1999-04-20,CHFGHS,Swiss Franc,Selling,"1,627.8700",GH¢ per CHF,0.162787,GH¢ per CHF,ok,
1999-04-20,CHFGHS,Swiss Franc,Mid Rate,"1,618.7250",GH¢ per CHF,0.1618725,GH¢ per CHF,ok,
1999-04-20,DKKGHS,Danish Krone,Buying,346.7500,GH¢ per DKK,0.034675,GH¢ per DKK,ok,
1999-04-20,DKKGHS,Danish Krone,Selling,350.4800,GH¢ per DKK,0.035048,GH¢ per DKK,ok,
1999-04-20,DKKGHS,Danish Krone,Mid Rate,348.6150,GH¢ per DKK,0.0348615,GH¢ per DKK,ok,
1999-04-20,GBPGHS,Pound Sterling,Buying,"3,898.3900",GH¢ per GBP,0.389839,GH¢ per GBP,ok,
1999-04-20,GBPGHS,Pound Sterling,Selling,"3,947.7400",GH¢ per GBP,0.394774,GH¢ per GBP,ok,
1999-04-20,GBPGHS,Pound Sterling,Mid Rate,"3,923.0650",GH¢ per GBP,0.3923065,GH¢ per GBP,ok,
1999-04-20,JPYGHS,Japanese yen,Buying,20.4700,GH¢ per JPY,0.002047,GH¢ per JPY,ok,
1999-04-20,JPYGHS,Japanese yen,Selling,20.7100,GH¢ per JPY,0.002071,GH¢ per JPY,ok,
1999-04-20,JPYGHS,Japanese yen,Mid Rate,20.5900,GH¢ per JPY,0.002059,GH¢ per JPY,ok,
1999-04-20,NOKGHS,Norwegian Krone,Buying,311.0000,GH¢ per NOK,0.0311,GH¢ per NOK,ok,
1999-04-20,NOKGHS,Norwegian Krone,Selling,314.5000,GH¢ per NOK,0.03145,GH¢ per NOK,ok,
1999-04-20,NOKGHS,Norwegian Krone,Mid Rate,312.7500,GH¢ per NOK,0.031275,GH¢ per NOK,ok,
1999-04-20,SEKGHS,Swedish Krona,Buying,289.4100,GH¢ per SEK,0.028941,GH¢ per SEK,ok,
1999-04-20,SEKGHS,Swedish Krona,Selling,292.5400,GH¢ per SEK,0.029254,GH¢ per SEK,ok,
1999-04-20,SEKGHS,Swedish Krona,Mid Rate,290.9750,GH¢ per SEK,0.0290975,GH¢ per SEK,ok,
1999-04-21,USDGHS,US Dollar,Buying,"2,417.3600",GH¢ per USD,0.241736,GH¢ per USD,ok,
1999-04-21,USDGHS,US Dollar,Selling,"2,449.5500",GH¢ per USD,0.244955,GH¢ per USD,ok,
1999-04-21,USDGHS,US Dollar,Mid Rate,"2,433.4550",GH¢ per USD,0.2433455,GH¢ per USD,ok,
1999-04-21,AUDGHS,Australian Dollar,Buying,186.5900,GH¢ per AUD,0.018659,GH¢ per AUD,ok,
1999-04-21,AUDGHS,Australian Dollar,Selling,"1,590.9200",GH¢ per AUD,0.159092,GH¢ per AUD,ok,
1999-04-21,AUDGHS,Australian Dollar,Mid Rate,888.7550,GH¢ per AUD,0.0888755,GH¢ per AUD,ok,
1999-04-21,CADGHS,Canadian Dollar,Buying,"1,623.3900",GH¢ per CAD,0.162339,GH¢ per CAD,ok,
1999-04-21,CADGHS,Canadian Dollar,Selling,"1,644.4500",GH¢ per CAD,0.164445,GH¢ per CAD,ok,
1999-04-21,CADGHS,Canadian Dollar,Mid Rate,"1,633.9200",GH¢ per CAD,0.163392,GH¢ per CAD,ok,
1999-04-21,CHFGHS,Swiss Franc,Buying,"1,603.2200",GH¢ per CHF,0.160322,GH¢ per CHF,ok,
1999-04-21,CHFGHS,Swiss Franc,Selling,"1,623.5000",GH¢ per CHF,0.16235,GH¢ per CHF,ok,
1999-04-21,CHFGHS,Swiss Franc,Mid Rate,"1,613.3600",GH¢ per CHF,0.161336,GH¢ per CHF,ok,
1999-04-21,DKKGHS,Danish Krone,Buying,345.8600,GH¢ per DKK,0.034586,GH¢ per DKK,ok,
1999-04-21,DKKGHS,Danish Krone,Selling,350.0300,GH¢ per DKK,0.035003,GH¢ per DKK,ok,
1999-04-21,DKKGHS,Danish Krone,Mid Rate,347.9450,GH¢ per DKK,0.0347945,GH¢ per DKK,ok,
1999-04-21,GBPGHS,Pound Sterling,Buying,"3,896.3000",GH¢ per GBP,0.38963,GH¢ per GBP,ok,
1999-04-21,GBPGHS,Pound Sterling,Selling,"3,950.6300",GH¢ per GBP,0.395063,GH¢ per GBP,ok,
1999-04-21,GBPGHS,Pound Sterling,Mid Rate,"3,923.4650",GH¢ per GBP,0.3923465,GH¢ per GBP,ok,
1999-04-21,JPYGHS,Japanese yen,Buying,20.3200,GH¢ per JPY,0.002032,GH¢ per JPY,ok,
1999-04-21,JPYGHS,Japanese yen,Selling,20.5900,GH¢ per JPY,0.002059,GH¢ per JPY,ok,
1999-04-21,JPYGHS,Japanese yen,Mid Rate,20.4550,GH¢ per JPY,0.0020455,GH¢ per JPY,ok,
1999-04-21,NOKGHS,Norwegian Krone,Buying,310.6800,GH¢ per NOK,0.031068,GH¢ per NOK,ok,
1999-04-21,NOKGHS,Norwegian Krone,Selling,314.4100,GH¢ per NOK,0.031441,GH¢ per NOK,ok,
1999-04-21,NOKGHS,Norwegian Krone,Mid Rate,312.5450,GH¢ per NOK,0.0312545,GH¢ per NOK,ok,
1999-04-21,SEKGHS,Swedish Krona,Buying,288.7800,GH¢ per SEK,0.028878,GH¢ per SEK,ok,
1999-04-21,SEKGHS,Swedish Krona,Selling,292.2800,GH¢ per SEK,0.029228,GH¢ per SEK,ok,
1999-04-21,SEKGHS,Swedish Krona,Mid Rate,290.5300,GH¢ per SEK,0.029053,GH¢ per SEK,ok,
1999-04-22,USDGHS,US Dollar,Buying,"2,418.9100",GH¢ per USD,0.241891,GH¢ per USD,ok,
1999-04-22,USDGHS,US Dollar,Selling,"2,453.1800",GH¢ per USD,0.245318,GH¢ per USD,ok,
1999-04-22,USDGHS,US Dollar,Mid Rate,"2,436.0450",GH¢ per USD,0.2436045,GH¢ per USD,ok,
1999-04-22,AUDGHS,Australian Dollar,Buying,187.1800,GH¢ per AUD,0.018718,GH¢ per AUD,ok,
1999-04-22,AUDGHS,Australian Dollar,Selling,"1,590.7000",GH¢ per AUD,0.15907,GH¢ per AUD,ok,
1999-04-22,AUDGHS,Australian Dollar,Mid Rate,888.9400,GH¢ per AUD,0.088894,GH¢ per AUD,ok,
1999-04-22,CADGHS,Canadian Dollar,Buying,"1,628.0200",GH¢ per CAD,0.162802,GH¢ per CAD,ok,
1999-04-22,CADGHS,Canadian Dollar,Selling,"1,650.5200",GH¢ per CAD,0.165052,GH¢ per CAD,ok,
1999-04-22,CADGHS,Canadian Dollar,Mid Rate,"1,639.2700",GH¢ per CAD,0.163927,GH¢ per CAD,ok,
1999-04-22,CHFGHS,Swiss Franc,Buying,"1,607.8700",GH¢ per CHF,0.160787,GH¢ per CHF,ok,
1999-04-22,CHFGHS,Swiss Franc,Selling,"1,629.5700",GH¢ per CHF,0.162957,GH¢ per CHF,ok,
1999-04-22,CHFGHS,Swiss Franc,Mid Rate,"1,618.7200",GH¢ per CHF,0.161872,GH¢ per CHF,ok,
1999-04-22,DKKGHS,Danish Krone,Buying,346.4500,GH¢ per DKK,0.034645,GH¢ per DKK,ok,
1999-04-22,DKKGHS,Danish Krone,Selling,351.2100,GH¢ per DKK,0.035121,GH¢ per DKK,ok,
1999-04-22,DKKGHS,Danish Krone,Mid Rate,348.8300,GH¢ per DKK,0.034883,GH¢ per DKK,ok,
1999-04-22,GBPGHS,Pound Sterling,Buying,"3,883.8000",GH¢ per GBP,0.38838,GH¢ per GBP,ok,
1999-04-22,GBPGHS,Pound Sterling,Selling,"3,941.2800",GH¢ per GBP,0.394128,GH¢ per GBP,ok,
1999-04-22,GBPGHS,Pound Sterling,Mid Rate,"3,912.5400",GH¢ per GBP,0.391254,GH¢ per GBP,ok,
1999-04-22,JPYGHS,Japanese yen,Buying,20.1600,GH¢ per JPY,0.002016,GH¢ per JPY,ok,
1999-04-22,JPYGHS,Japanese yen,Selling,20.4400,GH¢ per JPY,0.002044,GH¢ per JPY,ok,
1999-04-22,JPYGHS,Japanese yen,Mid Rate,20.3000,GH¢ per JPY,0.00203,GH¢ per JPY,ok,
1999-04-22,NOKGHS,Norwegian Krone,Buying,311.6900,GH¢ per NOK,0.031169,GH¢ per NOK,ok,
1999-04-22,NOKGHS,Norwegian Krone,Selling,315.8700,GH¢ per NOK,0.031587,GH¢ per NOK,ok,
1999-04-22,NOKGHS,Norwegian Krone,Mid Rate,313.7800,GH¢ per NOK,0.031378,GH¢ per NOK,ok,
1999-04-22,SEKGHS,Swedish Krona,Buying,289.1300,GH¢ per SEK,0.028913,GH¢ per SEK,ok,
1999-04-22,SEKGHS,Swedish Krona,Selling,292.8800,GH¢ per SEK,0.029288,GH¢ per SEK,ok,
1999-04-22,SEKGHS,Swedish Krona,Mid Rate,291.0050,GH¢ per SEK,0.0291005,GH¢ per SEK,ok,
1999-04-23,USDGHS,US Dollar,Buying,"2,419.7300",GH¢ per USD,0.241973,GH¢ per USD,ok,
1999-04-23,USDGHS,US Dollar,Selling,"2,454.8200",GH¢ per USD,0.245482,GH¢ per USD,ok,
1999-04-23,USDGHS,US Dollar,Mid Rate,"2,437.2750",GH¢ per USD,0.2437275,GH¢ per USD,ok,
1999-04-23,AUDGHS,Australian Dollar,Buying,187.7400,GH¢ per AUD,0.018774,GH¢ per AUD,ok,
1999-04-23,AUDGHS,Australian Dollar,Selling,"1,608.0200",GH¢ per AUD,0.160802,GH¢ per AUD,ok,
1999-04-23,AUDGHS,Australian Dollar,Mid Rate,897.8800,GH¢ per AUD,0.089788,GH¢ per AUD,ok,
1999-04-23,CADGHS,Canadian Dollar,Buying,"1,635.9500",GH¢ per CAD,0.163595,GH¢ per CAD,ok,
1999-04-23,CADGHS,Canadian Dollar,Selling,"1,659.1000",GH¢ per CAD,0.16591,GH¢ per CAD,ok,
1999-04-23,CADGHS,Canadian Dollar,Mid Rate,"1,647.5250",GH¢ per CAD,0.1647525,GH¢ per CAD,ok,
1999-04-23,CHFGHS,Swiss Franc,Buying,"1,613.1500",GH¢ per CHF,0.161315,GH¢ per CHF,ok,
1999-04-23,CHFGHS,Swiss Franc,Selling,"1,636.0100",GH¢ per CHF,0.163601,GH¢ per CHF,ok,
1999-04-23,CHFGHS,Swiss Franc,Mid Rate,"1,624.5800",GH¢ per CHF,0.162458,GH¢ per CHF,ok,
1999-04-23,DKKGHS,Danish Krone,Buying,347.8100,GH¢ per DKK,0.034781,GH¢ per DKK,ok,
1999-04-23,DKKGHS,Danish Krone,Selling,352.7000,GH¢ per DKK,0.03527,GH¢ per DKK,ok,
1999-04-23,DKKGHS,Danish Krone,Mid Rate,350.2550,GH¢ per DKK,0.0350255,GH¢ per DKK,ok,
1999-04-23,GBPGHS,Pound Sterling,Buying,"3,913.1900",GH¢ per GBP,0.391319,GH¢ per GBP,ok,
1999-04-23,GBPGHS,Pound Sterling,Selling,"3,972.3900",GH¢ per GBP,0.397239,GH¢ per GBP,ok,
1999-04-23,GBPGHS,Pound Sterling,Mid Rate,"3,942.7900",GH¢ per GBP,0.394279,GH¢ per GBP,ok,
1999-04-23,JPYGHS,Japanese yen,Buying,20.2500,GH¢ per JPY,0.002025,GH¢ per JPY,ok,
1999-04-23,JPYGHS,Japanese yen,Selling,20.5400,GH¢ per JPY,0.002054,GH¢ per JPY,ok,
1999-04-23,JPYGHS,Japanese yen,Mid Rate,20.3950,GH¢ per JPY,0.0020395,GH¢ per JPY,ok,
1999-04-23,NOKGHS,Norwegian Krone,Buying,311.6400,GH¢ per NOK,0.031164,GH¢ per NOK,ok,
1999-04-23,NOKGHS,Norwegian Krone,Selling,316.0200,GH¢ per NOK,0.031602,GH¢ per NOK,ok,
1999-04-23,NOKGHS,Norwegian Krone,Mid Rate,313.8300,GH¢ per NOK,0.031383,GH¢ per NOK,ok,
1999-04-23,SEKGHS,Swedish Krona,Buying,290.3300,GH¢ per SEK,0.029033,GH¢ per SEK,ok,
1999-04-23,SEKGHS,Swedish Krona,Selling,294.1800,GH¢ per SEK,0.029418,GH¢ per SEK,ok,
1999-04-23,SEKGHS,Swedish Krona,Mid Rate,292.2550,GH¢ per SEK,0.0292255,GH¢ per SEK,ok,
1999-04-26,USDGHS,US Dollar,Buying,"2,419.8200",GH¢ per USD,0.241982,GH¢ per USD,ok,
1999-04-26,USDGHS,US Dollar,Selling,"2,453.1800",GH¢ per USD,0.245318,GH¢ per USD,ok,
1999-04-26,USDGHS,US Dollar,Mid Rate,"2,436.5000",GH¢ per USD,0.24365,GH¢ per USD,ok,
1999-04-26,AUDGHS,Australian Dollar,Buying,186.9200,GH¢ per AUD,0.018692,GH¢ per AUD,ok,
1999-04-26,AUDGHS,Australian Dollar,Selling,"1,602.4800",GH¢ per AUD,0.160248,GH¢ per AUD,ok,
1999-04-26,AUDGHS,Australian Dollar,Mid Rate,894.7000,GH¢ per AUD,0.08947,GH¢ per AUD,ok,
1999-04-26,CADGHS,Canadian Dollar,Buying,"1,639.6700",GH¢ per CAD,0.163967,GH¢ per CAD,ok,
1999-04-26,CADGHS,Canadian Dollar,Selling,"1,660.6300",GH¢ per CAD,0.166063,GH¢ per CAD,ok,
1999-04-26,CADGHS,Canadian Dollar,Mid Rate,"1,650.1500",GH¢ per CAD,0.165015,GH¢ per CAD,ok,
1999-04-26,CHFGHS,Swiss Franc,Buying,"1,604.8700",GH¢ per CHF,0.160487,GH¢ per CHF,ok,
1999-04-26,CHFGHS,Swiss Franc,Selling,"1,625.9600",GH¢ per CHF,0.162596,GH¢ per CHF,ok,
1999-04-26,CHFGHS,Swiss Franc,Mid Rate,"1,615.4150",GH¢ per CHF,0.1615415,GH¢ per CHF,ok,
1999-04-26,DKKGHS,Danish Krone,Buying,345.7400,GH¢ per DKK,0.034574,GH¢ per DKK,ok,
1999-04-26,DKKGHS,Danish Krone,Selling,350.2000,GH¢ per DKK,0.03502,GH¢ per DKK,ok,
1999-04-26,DKKGHS,Danish Krone,Mid Rate,347.9700,GH¢ per DKK,0.034797,GH¢ per DKK,ok,
1999-04-26,GBPGHS,Pound Sterling,Buying,"3,908.4900",GH¢ per GBP,0.390849,GH¢ per GBP,ok,
1999-04-26,GBPGHS,Pound Sterling,Selling,"3,963.6000",GH¢ per GBP,0.39636,GH¢ per GBP,ok,
1999-04-26,GBPGHS,Pound Sterling,Mid Rate,"3,936.0450",GH¢ per GBP,0.3936045,GH¢ per GBP,ok,
1999-04-26,JPYGHS,Japanese yen,Buying,20.3600,GH¢ per JPY,0.002036,GH¢ per JPY,ok,
1999-04-26,JPYGHS,Japanese yen,Selling,20.6400,GH¢ per JPY,0.002064,GH¢ per JPY,ok,
1999-04-26,JPYGHS,Japanese yen,Mid Rate,20.5000,GH¢ per JPY,0.00205,GH¢ per JPY,ok,
1999-04-26,NOKGHS,Norwegian Krone,Buying,310.1900,GH¢ per NOK,0.031019,GH¢ per NOK,ok,
1999-04-26,NOKGHS,Norwegian Krone,Selling,314.2300,GH¢ per NOK,0.031423,GH¢ per NOK,ok,
1999-04-26,NOKGHS,Norwegian Krone,Mid Rate,312.2100,GH¢ per NOK,0.031221,GH¢ per NOK,ok,
1999-04-26,SEKGHS,Swedish Krona,Buying,289.2400,GH¢ per SEK,0.028924,GH¢ per SEK,ok,
1999-04-26,SEKGHS,Swedish Krona,Selling,292.8800,GH¢ per SEK,0.029288,GH¢ per SEK,ok,
1999-04-26,SEKGHS,Swedish Krona,Mid Rate,291.0600,GH¢ per SEK,0.029106,GH¢ per SEK,ok,
1999-04-27,USDGHS,US Dollar,Buying,"2,419.8200",GH¢ per USD,0.241982,GH¢ per USD,ok,
1999-04-27,USDGHS,US Dollar,Selling,"2,453.5500",GH¢ per USD,0.245355,GH¢ per USD,ok,
1999-04-27,USDGHS,US Dollar,Mid Rate,"2,436.6850",GH¢ per USD,0.2436685,GH¢ per USD,ok,
1999-04-27,AUDGHS,Australian Dollar,Buying,187.1700,GH¢ per AUD,0.018717,GH¢ per AUD,ok,
1999-04-27,AUDGHS,Australian Dollar,Selling,"1,589.0700",GH¢ per AUD,0.158907,GH¢ per AUD,ok,
1999-04-27,AUDGHS,Australian Dollar,Mid Rate,888.1200,GH¢ per AUD,0.088812,GH¢ per AUD,ok,
1999-04-27,CADGHS,Canadian Dollar,Buying,"1,638.4800",GH¢ per CAD,0.163848,GH¢ per CAD,ok,
1999-04-27,CADGHS,Canadian Dollar,Selling,"1,660.1600",GH¢ per CAD,0.166016,GH¢ per CAD,ok,
1999-04-27,CADGHS,Canadian Dollar,Mid Rate,"1,649.3200",GH¢ per CAD,0.164932,GH¢ per CAD,ok,
1999-04-27,CHFGHS,Swiss Franc,Buying,"1,605.1800",GH¢ per CHF,0.160518,GH¢ per CHF,ok,
1999-04-27,CHFGHS,Swiss Franc,Selling,"1,626.4600",GH¢ per CHF,0.162646,GH¢ per CHF,ok,
1999-04-27,CHFGHS,Swiss Franc,Mid Rate,"1,615.8200",GH¢ per CHF,0.161582,GH¢ per CHF,ok,
1999-04-27,DKKGHS,Danish Krone,Buying,346.3200,GH¢ per DKK,0.034632,GH¢ per DKK,ok,
1999-04-27,DKKGHS,Danish Krone,Selling,350.9500,GH¢ per DKK,0.035095,GH¢ per DKK,ok,
1999-04-27,DKKGHS,Danish Krone,Mid Rate,348.6350,GH¢ per DKK,0.0348635,GH¢ per DKK,ok,
1999-04-27,GBPGHS,Pound Sterling,Buying,"3,902.2000",GH¢ per GBP,0.39022,GH¢ per GBP,ok,
1999-04-27,GBPGHS,Pound Sterling,Selling,"3,957.8200",GH¢ per GBP,0.395782,GH¢ per GBP,ok,
1999-04-27,GBPGHS,Pound Sterling,Mid Rate,"3,930.0100",GH¢ per GBP,0.393001,GH¢ per GBP,ok,
1999-04-27,JPYGHS,Japanese yen,Buying,20.2700,GH¢ per JPY,0.002027,GH¢ per JPY,ok,
1999-04-27,JPYGHS,Japanese yen,Selling,20.5400,GH¢ per JPY,0.002054,GH¢ per JPY,ok,
1999-04-27,JPYGHS,Japanese yen,Mid Rate,20.4050,GH¢ per JPY,0.0020405,GH¢ per JPY,ok,
1999-04-27,NOKGHS,Norwegian Krone,Buying,310.8500,GH¢ per NOK,0.031085,GH¢ per NOK,ok,
1999-04-27,NOKGHS,Norwegian Krone,Selling,314.9500,GH¢ per NOK,0.031495,GH¢ per NOK,ok,
1999-04-27,NOKGHS,Norwegian Krone,Mid Rate,312.9000,GH¢ per NOK,0.03129,GH¢ per NOK,ok,
1999-04-27,SEKGHS,Swedish Krona,Buying,289.4300,GH¢ per SEK,0.028943,GH¢ per SEK,ok,
1999-04-27,SEKGHS,Swedish Krona,Selling,293.1200,GH¢ per SEK,0.029312,GH¢ per SEK,ok,
1999-04-27,SEKGHS,Swedish Krona,Mid Rate,291.2750,GH¢ per SEK,0.0291275,GH¢ per SEK,ok,
1999-04-28,USDGHS,US Dollar,Buying,"2,419.8200",GH¢ per USD,0.241982,GH¢ per USD,ok,
1999-04-28,USDGHS,US Dollar,Selling,"2,453.6400",GH¢ per USD,0.245364,GH¢ per USD,ok,
1999-04-28,USDGHS,US Dollar,Mid Rate,"2,436.7300",GH¢ per USD,0.243673,GH¢ per USD,ok,
1999-04-28,AUDGHS,Australian Dollar,Buying,187.9000,GH¢ per AUD,0.01879,GH¢ per AUD,ok,
1999-04-28,AUDGHS,Australian Dollar,Selling,"1,602.8800",GH¢ per AUD,0.160288,GH¢ per AUD,ok,
1999-04-28,AUDGHS,Australian Dollar,Mid Rate,895.3900,GH¢ per AUD,0.089539,GH¢ per AUD,ok,
1999-04-28,CADGHS,Canadian Dollar,Buying,"1,639.1800",GH¢ per CAD,0.163918,GH¢ per CAD,ok,
1999-04-28,CADGHS,Canadian Dollar,Selling,"1,661.3500",GH¢ per CAD,0.166135,GH¢ per CAD,ok,
1999-04-28,CADGHS,Canadian Dollar,Mid Rate,"1,650.2650",GH¢ per CAD,0.1650265,GH¢ per CAD,ok,
1999-04-28,CHFGHS,Swiss Franc,Buying,"1,607.7500",GH¢ per CHF,0.160775,GH¢ per CHF,ok,
1999-04-28,CHFGHS,Swiss Franc,Selling,"1,628.9200",GH¢ per CHF,0.162892,GH¢ per CHF,ok,
1999-04-28,CHFGHS,Swiss Franc,Mid Rate,"1,618.3350",GH¢ per CHF,0.1618335,GH¢ per CHF,ok,
1999-04-28,DKKGHS,Danish Krone,Buying,347.7400,GH¢ per DKK,0.034774,GH¢ per DKK,ok,
1999-04-28,DKKGHS,Danish Krone,Selling,352.3500,GH¢ per DKK,0.035235,GH¢ per DKK,ok,
1999-04-28,DKKGHS,Danish Krone,Mid Rate,350.0450,GH¢ per DKK,0.0350045,GH¢ per DKK,ok,
1999-04-28,GBPGHS,Pound Sterling,Buying,"3,915.9900",GH¢ per GBP,0.391599,GH¢ per GBP,ok,
1999-04-28,GBPGHS,Pound Sterling,Selling,"3,971.4600",GH¢ per GBP,0.397146,GH¢ per GBP,ok,
1999-04-28,GBPGHS,Pound Sterling,Mid Rate,"3,943.7250",GH¢ per GBP,0.3943725,GH¢ per GBP,ok,
1999-04-28,JPYGHS,Japanese yen,Buying,20.3200,GH¢ per JPY,0.002032,GH¢ per JPY,ok,
1999-04-28,JPYGHS,Japanese yen,Selling,20.5900,GH¢ per JPY,0.002059,GH¢ per JPY,ok,
1999-04-28,JPYGHS,Japanese yen,Mid Rate,20.4550,GH¢ per JPY,0.0020455,GH¢ per JPY,ok,
1999-04-28,NOKGHS,Norwegian Krone,Buying,311.9300,GH¢ per NOK,0.031193,GH¢ per NOK,ok,
1999-04-28,NOKGHS,Norwegian Krone,Selling,316.0100,GH¢ per NOK,0.031601,GH¢ per NOK,ok,
1999-04-28,NOKGHS,Norwegian Krone,Mid Rate,313.9700,GH¢ per NOK,0.031397,GH¢ per NOK,ok,
1999-04-28,SEKGHS,Swedish Krona,Buying,290.5500,GH¢ per SEK,0.029055,GH¢ per SEK,ok,
1999-04-28,SEKGHS,Swedish Krona,Selling,294.2200,GH¢ per SEK,0.029422,GH¢ per SEK,ok,
1999-04-28,SEKGHS,Swedish Krona,Mid Rate,292.3850,GH¢ per SEK,0.0292385,GH¢ per SEK,ok,
1999-04-29,USDGHS,US Dollar,Buying,"2,421.1800",GH¢ per USD,0.242118,GH¢ per USD,ok,
1999-04-29,USDGHS,US Dollar,Selling,"2,456.4500",GH¢ per USD,0.245645,GH¢ per USD,ok,
1999-04-29,USDGHS,US Dollar,Mid Rate,"2,438.8150",GH¢ per USD,0.2438815,GH¢ per USD,ok,
1999-04-29,AUDGHS,Australian Dollar,Buying,187.0000,GH¢ per AUD,0.0187,GH¢ per AUD,ok,
1999-04-29,AUDGHS,Australian Dollar,Selling,"1,607.5000",GH¢ per AUD,0.16075,GH¢ per AUD,ok,
1999-04-29,AUDGHS,Australian Dollar,Mid Rate,897.2500,GH¢ per AUD,0.089725,GH¢ per AUD,ok,
1999-04-29,CADGHS,Canadian Dollar,Buying,"1,643.8600",GH¢ per CAD,0.164386,GH¢ per CAD,ok,
1999-04-29,CADGHS,Canadian Dollar,Selling,"1,667.3700",GH¢ per CAD,0.166737,GH¢ per CAD,ok,
1999-04-29,CADGHS,Canadian Dollar,Mid Rate,"1,655.6150",GH¢ per CAD,0.1655615,GH¢ per CAD,ok,
1999-04-29,CHFGHS,Swiss Franc,Buying,"1,601.0300",GH¢ per CHF,0.160103,GH¢ per CHF,ok,
1999-04-29,CHFGHS,Swiss Franc,Selling,"1,623.9600",GH¢ per CHF,0.162396,GH¢ per CHF,ok,
1999-04-29,CHFGHS,Swiss Franc,Mid Rate,"1,612.4950",GH¢ per CHF,0.1612495,GH¢ per CHF,ok,
1999-04-29,DKKGHS,Danish Krone,Buying,346.3100,GH¢ per DKK,0.034631,GH¢ per DKK,ok,
1999-04-29,DKKGHS,Danish Krone,Selling,351.3000,GH¢ per DKK,0.03513,GH¢ per DKK,ok,
1999-04-29,DKKGHS,Danish Krone,Mid Rate,348.8050,GH¢ per DKK,0.0348805,GH¢ per DKK,ok,
1999-04-29,GBPGHS,Pound Sterling,Buying,"3,907.7800",GH¢ per GBP,0.390778,GH¢ per GBP,ok,
1999-04-29,GBPGHS,Pound Sterling,Selling,"3,967.1700",GH¢ per GBP,0.396717,GH¢ per GBP,ok,
1999-04-29,GBPGHS,Pound Sterling,Mid Rate,"3,937.4750",GH¢ per GBP,0.3937475,GH¢ per GBP,ok,
1999-04-29,JPYGHS,Japanese yen,Buying,20.3400,GH¢ per JPY,0.002034,GH¢ per JPY,ok,
1999-04-29,JPYGHS,Japanese yen,Selling,20.6400,GH¢ per JPY,0.002064,GH¢ per JPY,ok,
1999-04-29,JPYGHS,Japanese yen,Mid Rate,20.4900,GH¢ per JPY,0.002049,GH¢ per JPY,ok,
1999-04-29,NOKGHS,Norwegian Krone,Buying,310.8300,GH¢ per NOK,0.031083,GH¢ per NOK,ok,
1999-04-29,NOKGHS,Norwegian Krone,Selling,315.2900,GH¢ per NOK,0.031529,GH¢ per NOK,ok,
1999-04-29,NOKGHS,Norwegian Krone,Mid Rate,313.0600,GH¢ per NOK,0.031306,GH¢ per NOK,ok,
1999-04-29,SEKGHS,Swedish Krona,Buying,288.7000,GH¢ per SEK,0.02887,GH¢ per SEK,ok,
1999-04-29,SEKGHS,Swedish Krona,Selling,292.6800,GH¢ per SEK,0.029268,GH¢ per SEK,ok,
1999-04-29,SEKGHS,Swedish Krona,Mid Rate,290.6900,GH¢ per SEK,0.029069,GH¢ per SEK,ok,
1999-04-30,USDGHS,US Dollar,Buying,"2,423.0900",GH¢ per USD,0.242309,GH¢ per USD,ok,
1999-04-30,USDGHS,US Dollar,Selling,"2,457.4500",GH¢ per USD,0.245745,GH¢ per USD,ok,
1999-04-30,USDGHS,US Dollar,Mid Rate,"2,440.2700",GH¢ per USD,0.244027,GH¢ per USD,ok,
1999-04-30,AUDGHS,Australian Dollar,Buying,186.9200,GH¢ per AUD,0.018692,GH¢ per AUD,ok,
1999-04-30,AUDGHS,Australian Dollar,Selling,"1,619.8200",GH¢ per AUD,0.161982,GH¢ per AUD,ok,
1999-04-30,AUDGHS,Australian Dollar,Mid Rate,903.3700,GH¢ per AUD,0.090337,GH¢ per AUD,ok,
1999-04-30,CADGHS,Canadian Dollar,Buying,"1,655.3500",GH¢ per CAD,0.165535,GH¢ per CAD,ok,
1999-04-30,CADGHS,Canadian Dollar,Selling,"1,677.6400",GH¢ per CAD,0.167764,GH¢ per CAD,ok,
1999-04-30,CADGHS,Canadian Dollar,Mid Rate,"1,666.4950",GH¢ per CAD,0.1666495,GH¢ per CAD,ok,
1999-04-30,CHFGHS,Swiss Franc,Buying,"1,594.9700",GH¢ per CHF,0.159497,GH¢ per CHF,ok,
1999-04-30,CHFGHS,Swiss Franc,Selling,"1,616.5100",GH¢ per CHF,0.161651,GH¢ per CHF,ok,
1999-04-30,CHFGHS,Swiss Franc,Mid Rate,"1,605.7400",GH¢ per CHF,0.160574,GH¢ per CHF,ok,
1999-04-30,DKKGHS,Danish Krone,Buying,346.3400,GH¢ per DKK,0.034634,GH¢ per DKK,ok,
1999-04-30,DKKGHS,Danish Krone,Selling,350.8100,GH¢ per DKK,0.035081,GH¢ per DKK,ok,
1999-04-30,DKKGHS,Danish Krone,Mid Rate,348.5750,GH¢ per DKK,0.0348575,GH¢ per DKK,ok,
1999-04-30,GBPGHS,Pound Sterling,Buying,"3,904.8100",GH¢ per GBP,0.390481,GH¢ per GBP,ok,
1999-04-30,GBPGHS,Pound Sterling,Selling,"3,961.4100",GH¢ per GBP,0.396141,GH¢ per GBP,ok,
1999-04-30,GBPGHS,Pound Sterling,Mid Rate,"3,933.1100",GH¢ per GBP,0.393311,GH¢ per GBP,ok,
1999-04-30,JPYGHS,Japanese yen,Buying,20.3100,GH¢ per JPY,0.002031,GH¢ per JPY,ok,
1999-04-30,JPYGHS,Japanese yen,Selling,20.6000,GH¢ per JPY,0.00206,GH¢ per JPY,ok,
1999-04-30,JPYGHS,Japanese yen,Mid Rate,20.4550,GH¢ per JPY,0.0020455,GH¢ per JPY,ok,
1999-04-30,NOKGHS,Norwegian Krone,Buying,311.7100,GH¢ per NOK,0.031171,GH¢ per NOK,ok,
1999-04-30,NOKGHS,Norwegian Krone,Selling,315.8900,GH¢ per NOK,0.031589,GH¢ per NOK,ok,
1999-04-30,NOKGHS,Norwegian Krone,Mid Rate,313.8000,GH¢ per NOK,0.03138,GH¢ per NOK,ok,
1999-04-30,SEKGHS,Swedish Krona,Buying,289.1300,GH¢ per SEK,0.028913,GH¢ per SEK,ok,
1999-04-30,SEKGHS,Swedish Krona,Selling,292.8800,GH¢ per SEK,0.029288,GH¢ per SEK,ok,
1999-04-30,SEKGHS,Swedish Krona,Mid Rate,291.0050,GH¢ per SEK,0.0291005,GH¢ per SEK,ok,
1999-05-03,USDGHS,US Dollar,Buying,"2,423.5500",GH¢ per USD,0.242355,GH¢ per USD,ok,
1999-05-03,USDGHS,US Dollar,Selling,"2,458.0000",GH¢ per USD,0.2458,GH¢ per USD,ok,
1999-05-03,USDGHS,US Dollar,Mid Rate,"2,440.7750",GH¢ per USD,0.2440775,GH¢ per USD,ok,
1999-05-03,AUDGHS,Australian Dollar,Buying,186.4700,GH¢ per AUD,0.018647,GH¢ per AUD,ok,
1999-05-03,AUDGHS,Australian Dollar,Selling,"1,632.7300",GH¢ per AUD,0.163273,GH¢ per AUD,ok,
1999-05-03,AUDGHS,Australian Dollar,Mid Rate,909.6000,GH¢ per AUD,0.09096,GH¢ per AUD,ok,
1999-05-03,CADGHS,Canadian Dollar,Buying,"1,663.5000",GH¢ per CAD,0.16635,GH¢ per CAD,ok,
1999-05-03,CADGHS,Canadian Dollar,Selling,"1,686.0200",GH¢ per CAD,0.168602,GH¢ per CAD,ok,
1999-05-03,CADGHS,Canadian Dollar,Mid Rate,"1,674.7600",GH¢ per CAD,0.167476,GH¢ per CAD,ok,
1999-05-03,CHFGHS,Swiss Franc,Buying,"1,592.8800",GH¢ per CHF,0.159288,GH¢ per CHF,ok,
1999-05-03,CHFGHS,Swiss Franc,Selling,"1,614.4400",GH¢ per CHF,0.161444,GH¢ per CHF,ok,
1999-05-03,CHFGHS,Swiss Franc,Mid Rate,"1,603.6600",GH¢ per CHF,0.160366,GH¢ per CHF,ok,
1999-05-03,DKKGHS,Danish Krone,Buying,345.4900,GH¢ per DKK,0.034549,GH¢ per DKK,ok,
1999-05-03,DKKGHS,Danish Krone,Selling,349.9600,GH¢ per DKK,0.034996,GH¢ per DKK,ok,
1999-05-03,DKKGHS,Danish Krone,Mid Rate,347.7250,GH¢ per DKK,0.0347725,GH¢ per DKK,ok,
1999-05-03,GBPGHS,Pound Sterling,Buying,"3,902.4000",GH¢ per GBP,0.39024,GH¢ per GBP,ok,
1999-05-03,GBPGHS,Pound Sterling,Selling,"3,959.1000",GH¢ per GBP,0.39591,GH¢ per GBP,ok,
1999-05-03,GBPGHS,Pound Sterling,Mid Rate,"3,930.7500",GH¢ per GBP,0.393075,GH¢ per GBP,ok,
1999-05-03,JPYGHS,Japanese yen,Buying,20.2400,GH¢ per JPY,0.002024,GH¢ per JPY,ok,
1999-05-03,JPYGHS,Japanese yen,Selling,20.5200,GH¢ per JPY,0.002052,GH¢ per JPY,ok,
1999-05-03,JPYGHS,Japanese yen,Mid Rate,20.3800,GH¢ per JPY,0.002038,GH¢ per JPY,ok,
1999-05-03,NOKGHS,Norwegian Krone,Buying,310.8500,GH¢ per NOK,0.031085,GH¢ per NOK,ok,
1999-05-03,NOKGHS,Norwegian Krone,Selling,315.0300,GH¢ per NOK,0.031503,GH¢ per NOK,ok,
1999-05-03,NOKGHS,Norwegian Krone,Mid Rate,312.9400,GH¢ per NOK,0.031294,GH¢ per NOK,ok,
1999-05-03,SEKGHS,Swedish Krona,Buying,288.0400,GH¢ per SEK,0.028804,GH¢ per SEK,ok,
1999-05-03,SEKGHS,Swedish Krona,Selling,291.7800,GH¢ per SEK,0.029178,GH¢ per SEK,ok,
1999-05-03,SEKGHS,Swedish Krona,Mid Rate,289.9100,GH¢ per SEK,0.028991,GH¢ per SEK,ok,
1999-05-04,USDGHS,US Dollar,Buying,"2,423.6400",GH¢ per USD,0.242364,GH¢ per USD,ok,
1999-05-04,USDGHS,US Dollar,Selling,"2,458.0900",GH¢ per USD,0.245809,GH¢ per USD,ok,
1999-05-04,USDGHS,US Dollar,Mid Rate,"2,440.8650",GH¢ per USD,0.2440865,GH¢ per USD,ok,
1999-05-04,AUDGHS,Australian Dollar,Buying,186.4800,GH¢ per AUD,0.018648,GH¢ per AUD,ok,
1999-05-04,AUDGHS,Australian Dollar,Selling,"1,623.5100",GH¢ per AUD,0.162351,GH¢ per AUD,ok,
1999-05-04,AUDGHS,Australian Dollar,Mid Rate,904.9950,GH¢ per AUD,0.0904995,GH¢ per AUD,ok,
1999-05-04,CADGHS,Canadian Dollar,Buying,"1,671.8500",GH¢ per CAD,0.167185,GH¢ per CAD,ok,
1999-05-04,CADGHS,Canadian Dollar,Selling,"1,693.8900",GH¢ per CAD,0.169389,GH¢ per CAD,ok,
1999-05-04,CADGHS,Canadian Dollar,Mid Rate,"1,682.8700",GH¢ per CAD,0.168287,GH¢ per CAD,ok,
1999-05-04,CHFGHS,Swiss Franc,Buying,"1,591.8600",GH¢ per CHF,0.159186,GH¢ per CHF,ok,
1999-05-04,CHFGHS,Swiss Franc,Selling,"1,612.9500",GH¢ per CHF,0.161295,GH¢ per CHF,ok,
1999-05-04,CHFGHS,Swiss Franc,Mid Rate,"1,602.4050",GH¢ per CHF,0.1602405,GH¢ per CHF,ok,
1999-05-04,DKKGHS,Danish Krone,Buying,345.4700,GH¢ per DKK,0.034547,GH¢ per DKK,ok,
1999-05-04,DKKGHS,Danish Krone,Selling,350.1300,GH¢ per DKK,0.035013,GH¢ per DKK,ok,
1999-05-04,DKKGHS,Danish Krone,Mid Rate,347.8000,GH¢ per DKK,0.03478,GH¢ per DKK,ok,
1999-05-04,GBPGHS,Pound Sterling,Buying,"3,905.9400",GH¢ per GBP,0.390594,GH¢ per GBP,ok,
1999-05-04,GBPGHS,Pound Sterling,Selling,"3,962.6900",GH¢ per GBP,0.396269,GH¢ per GBP,ok,
1999-05-04,GBPGHS,Pound Sterling,Mid Rate,"3,934.3150",GH¢ per GBP,0.3934315,GH¢ per GBP,ok,
1999-05-04,JPYGHS,Japanese yen,Buying,20.1200,GH¢ per JPY,0.002012,GH¢ per JPY,ok,
1999-05-04,JPYGHS,Japanese yen,Selling,20.4000,GH¢ per JPY,0.00204,GH¢ per JPY,ok,
1999-05-04,JPYGHS,Japanese yen,Mid Rate,20.2600,GH¢ per JPY,0.002026,GH¢ per JPY,ok,
1999-05-04,NOKGHS,Norwegian Krone,Buying,310.9000,GH¢ per NOK,0.03109,GH¢ per NOK,ok,
1999-05-04,NOKGHS,Norwegian Krone,Selling,314.9800,GH¢ per NOK,0.031498,GH¢ per NOK,ok,
1999-05-04,NOKGHS,Norwegian Krone,Mid Rate,312.9400,GH¢ per NOK,0.031294,GH¢ per NOK,ok,
1999-05-04,SEKGHS,Swedish Krona,Buying,286.6200,GH¢ per SEK,0.028662,GH¢ per SEK,ok,
1999-05-04,SEKGHS,Swedish Krona,Selling,290.2600,GH¢ per SEK,0.029026,GH¢ per SEK,ok,
1999-05-04,SEKGHS,Swedish Krona,Mid Rate,288.4400,GH¢ per SEK,0.028844,GH¢ per SEK,ok,
1999-05-05,USDGHS,US Dollar,Buying,"2,424.5500",GH¢ per USD,0.242455,GH¢ per USD,ok,
1999-05-05,USDGHS,US Dollar,Selling,"2,459.0000",GH¢ per USD,0.2459,GH¢ per USD,ok,
1999-05-05,USDGHS,US Dollar,Mid Rate,"2,441.7750",GH¢ per USD,0.2441775,GH¢ per USD,ok,
1999-05-05,AUDGHS,Australian Dollar,Buying,187.8000,GH¢ per AUD,0.01878,GH¢ per AUD,ok,
1999-05-05,AUDGHS,Australian Dollar,Selling,"1,625.5100",GH¢ per AUD,0.162551,GH¢ per AUD,ok,
1999-05-05,AUDGHS,Australian Dollar,Mid Rate,906.6550,GH¢ per AUD,0.0906655,GH¢ per AUD,ok,
1999-05-05,CADGHS,Canadian Dollar,Buying,"1,668.8800",GH¢ per CAD,0.166888,GH¢ per CAD,ok,
1999-05-05,CADGHS,Canadian Dollar,Selling,"1,691.4200",GH¢ per CAD,0.169142,GH¢ per CAD,ok,
1999-05-05,CADGHS,Canadian Dollar,Mid Rate,"1,680.1500",GH¢ per CAD,0.168015,GH¢ per CAD,ok,
1999-05-05,CHFGHS,Swiss Franc,Buying,"1,609.7100",GH¢ per CHF,0.160971,GH¢ per CHF,ok,
1999-05-05,CHFGHS,Swiss Franc,Selling,"1,631.5300",GH¢ per CHF,0.163153,GH¢ per CHF,ok,
1999-05-05,CHFGHS,Swiss Franc,Mid Rate,"1,620.6200",GH¢ per CHF,0.162062,GH¢ per CHF,ok,
1999-05-05,DKKGHS,Danish Krone,Buying,348.1300,GH¢ per DKK,0.034813,GH¢ per DKK,ok,
1999-05-05,DKKGHS,Danish Krone,Selling,352.5800,GH¢ per DKK,0.035258,GH¢ per DKK,ok,
1999-05-05,DKKGHS,Danish Krone,Mid Rate,350.3550,GH¢ per DKK,0.0350355,GH¢ per DKK,ok,
1999-05-05,GBPGHS,Pound Sterling,Buying,"3,950.0800",GH¢ per GBP,0.395008,GH¢ per GBP,ok,
1999-05-05,GBPGHS,Pound Sterling,Selling,"4,008.6600",GH¢ per GBP,0.400866,GH¢ per GBP,ok,
1999-05-05,GBPGHS,Pound Sterling,Mid Rate,"3,979.3700",GH¢ per GBP,0.397937,GH¢ per GBP,ok,
1999-05-05,JPYGHS,Japanese yen,Buying,20.6000,GH¢ per JPY,0.00206,GH¢ per JPY,warn,FX2_spread
1999-05-05,JPYGHS,Japanese yen,Selling,20.3500,GH¢ per JPY,0.002035,GH¢ per JPY,warn,FX2_spread
1999-05-05,JPYGHS,Japanese yen,Mid Rate,20.4750,GH¢ per JPY,0.0020475,GH¢ per JPY,ok,
1999-05-05,NOKGHS,Norwegian Krone,Buying,312.5900,GH¢ per NOK,0.031259,GH¢ per NOK,ok,
1999-05-05,NOKGHS,Norwegian Krone,Selling,316.7900,GH¢ per NOK,0.031679,GH¢ per NOK,ok,
1999-05-05,NOKGHS,Norwegian Krone,Mid Rate,314.6900,GH¢ per NOK,0.031469,GH¢ per NOK,ok,
1999-05-05,SEKGHS,Swedish Krona,Buying,287.6000,GH¢ per SEK,0.02876,GH¢ per SEK,ok,
1999-05-05,SEKGHS,Swedish Krona,Selling,291.3400,GH¢ per SEK,0.029134,GH¢ per SEK,ok,
1999-05-05,SEKGHS,Swedish Krona,Mid Rate,289.4700,GH¢ per SEK,0.028947,GH¢ per SEK,ok,
1999-05-06,USDGHS,US Dollar,Buying,"2,427.0900",GH¢ per USD,0.242709,GH¢ per USD,ok,
1999-05-06,USDGHS,US Dollar,Selling,"2,461.4500",GH¢ per USD,0.246145,GH¢ per USD,ok,
1999-05-06,USDGHS,US Dollar,Mid Rate,"2,444.2700",GH¢ per USD,0.244427,GH¢ per USD,ok,
1999-05-06,AUDGHS,Australian Dollar,Buying,189.6900,GH¢ per AUD,0.018969,GH¢ per AUD,ok,
1999-05-06,AUDGHS,Australian Dollar,Selling,"1,655.0700",GH¢ per AUD,0.165507,GH¢ per AUD,ok,
1999-05-06,AUDGHS,Australian Dollar,Mid Rate,922.3800,GH¢ per AUD,0.092238,GH¢ per AUD,ok,
1999-05-06,CADGHS,Canadian Dollar,Buying,"1,674.7400",GH¢ per CAD,0.167474,GH¢ per CAD,ok,
1999-05-06,CADGHS,Canadian Dollar,Selling,"1,697.7700",GH¢ per CAD,0.169777,GH¢ per CAD,ok,
1999-05-06,CADGHS,Canadian Dollar,Mid Rate,"1,686.2550",GH¢ per CAD,0.1686255,GH¢ per CAD,ok,
1999-05-06,CHFGHS,Swiss Franc,Buying,"1,625.1500",GH¢ per CHF,0.162515,GH¢ per CHF,ok,
1999-05-06,CHFGHS,Swiss Franc,Selling,"1,648.0900",GH¢ per CHF,0.164809,GH¢ per CHF,ok,
1999-05-06,CHFGHS,Swiss Franc,Mid Rate,"1,636.6200",GH¢ per CHF,0.163662,GH¢ per CHF,ok,
1999-05-06,DKKGHS,Danish Krone,Buying,351.1500,GH¢ per DKK,0.035115,GH¢ per DKK,ok,
1999-05-06,DKKGHS,Danish Krone,Selling,356.0300,GH¢ per DKK,0.035603,GH¢ per DKK,ok,
1999-05-06,DKKGHS,Danish Krone,Mid Rate,353.5900,GH¢ per DKK,0.035359,GH¢ per DKK,ok,
1999-05-06,GBPGHS,Pound Sterling,Buying,"3,968.2900",GH¢ per GBP,0.396829,GH¢ per GBP,ok,
1999-05-06,GBPGHS,Pound Sterling,Selling,"4,026.9300",GH¢ per GBP,0.402693,GH¢ per GBP,ok,
1999-05-06,GBPGHS,Pound Sterling,Mid Rate,"3,997.6100",GH¢ per GBP,0.399761,GH¢ per GBP,ok,
1999-05-06,JPYGHS,Japanese yen,Buying,20.1200,GH¢ per JPY,0.002012,GH¢ per JPY,ok,
1999-05-06,JPYGHS,Japanese yen,Selling,20.4100,GH¢ per JPY,0.002041,GH¢ per JPY,ok,
1999-05-06,JPYGHS,Japanese yen,Mid Rate,20.2650,GH¢ per JPY,0.0020265,GH¢ per JPY,ok,
1999-05-06,NOKGHS,Norwegian Krone,Buying,315.8900,GH¢ per NOK,0.031589,GH¢ per NOK,ok,
1999-05-06,NOKGHS,Norwegian Krone,Selling,320.2500,GH¢ per NOK,0.032025,GH¢ per NOK,ok,
1999-05-06,NOKGHS,Norwegian Krone,Mid Rate,318.0700,GH¢ per NOK,0.031807,GH¢ per NOK,ok,
1999-05-06,SEKGHS,Swedish Krona,Buying,290.2200,GH¢ per SEK,0.029022,GH¢ per SEK,ok,
1999-05-06,SEKGHS,Swedish Krona,Selling,294.0700,GH¢ per SEK,0.029407,GH¢ per SEK,ok,
1999-05-06,SEKGHS,Swedish Krona,Mid Rate,292.1450,GH¢ per SEK,0.0292145,GH¢ per SEK,ok,
1999-05-07,USDGHS,US Dollar,Buying,"2,427.5500",GH¢ per USD,0.242755,GH¢ per USD,ok,
1999-05-07,USDGHS,US Dollar,Selling,"2,461.9100",GH¢ per USD,0.246191,GH¢ per USD,ok,
1999-05-07,USDGHS,US Dollar,Mid Rate,"2,444.7300",GH¢ per USD,0.244473,GH¢ per USD,ok,
1999-05-07,AUDGHS,Australian Dollar,Buying,190.3000,GH¢ per AUD,0.01903,GH¢ per AUD,ok,
1999-05-07,AUDGHS,Australian Dollar,Selling,"1,655.5800",GH¢ per AUD,0.165558,GH¢ per AUD,ok,
1999-05-07,AUDGHS,Australian Dollar,Mid Rate,922.9400,GH¢ per AUD,0.092294,GH¢ per AUD,ok,
1999-05-07,CADGHS,Canadian Dollar,Buying,"1,663.3600",GH¢ per CAD,0.166336,GH¢ per CAD,ok,
1999-05-07,CADGHS,Canadian Dollar,Selling,"1,685.7900",GH¢ per CAD,0.168579,GH¢ per CAD,ok,
1999-05-07,CADGHS,Canadian Dollar,Mid Rate,"1,674.5750",GH¢ per CAD,0.1674575,GH¢ per CAD,ok,
1999-05-07,CHFGHS,Swiss Franc,Buying,"1,630.3000",GH¢ per CHF,0.16303,GH¢ per CHF,ok,
1999-05-07,CHFGHS,Swiss Franc,Selling,"1,652.8600",GH¢ per CHF,0.165286,GH¢ per CHF,ok,
1999-05-07,CHFGHS,Swiss Franc,Mid Rate,"1,641.5800",GH¢ per CHF,0.164158,GH¢ per CHF,ok,
1999-05-07,DKKGHS,Danish Krone,Buying,352.4500,GH¢ per DKK,0.035245,GH¢ per DKK,ok,
1999-05-07,DKKGHS,Danish Krone,Selling,357.2300,GH¢ per DKK,0.035723,GH¢ per DKK,ok,
1999-05-07,DKKGHS,Danish Krone,Mid Rate,354.8400,GH¢ per DKK,0.035484,GH¢ per DKK,ok,
1999-05-07,GBPGHS,Pound Sterling,Buying,"3,969.7700",GH¢ per GBP,0.396977,GH¢ per GBP,ok,
1999-05-07,GBPGHS,Pound Sterling,Selling,"4,027.1900",GH¢ per GBP,0.402719,GH¢ per GBP,ok,
1999-05-07,GBPGHS,Pound Sterling,Mid Rate,"3,998.4800",GH¢ per GBP,0.399848,GH¢ per GBP,ok,
1999-05-07,JPYGHS,Japanese yen,Buying,20.1300,GH¢ per JPY,0.002013,GH¢ per JPY,ok,
1999-05-07,JPYGHS,Japanese yen,Selling,20.4100,GH¢ per JPY,0.002041,GH¢ per JPY,ok,
1999-05-07,JPYGHS,Japanese yen,Mid Rate,20.2700,GH¢ per JPY,0.002027,GH¢ per JPY,ok,
1999-05-07,NOKGHS,Norwegian Krone,Buying,316.6600,GH¢ per NOK,0.031666,GH¢ per NOK,ok,
1999-05-07,NOKGHS,Norwegian Krone,Selling,320.8900,GH¢ per NOK,0.032089,GH¢ per NOK,ok,
1999-05-07,NOKGHS,Norwegian Krone,Mid Rate,318.7750,GH¢ per NOK,0.0318775,GH¢ per NOK,ok,
1999-05-07,SEKGHS,Swedish Krona,Buying,292.0900,GH¢ per SEK,0.029209,GH¢ per SEK,ok,
1999-05-07,SEKGHS,Swedish Krona,Selling,295.9200,GH¢ per SEK,0.029592,GH¢ per SEK,ok,
1999-05-07,SEKGHS,Swedish Krona,Mid Rate,294.0050,GH¢ per SEK,0.0294005,GH¢ per SEK,ok,
1999-05-10,USDGHS,US Dollar,Buying,"2,428.5500",GH¢ per USD,0.242855,GH¢ per USD,ok,
1999-05-10,USDGHS,US Dollar,Selling,"2,462.0000",GH¢ per USD,0.2462,GH¢ per USD,ok,
1999-05-10,USDGHS,US Dollar,Mid Rate,"2,445.2750",GH¢ per USD,0.2445275,GH¢ per USD,ok,
1999-05-10,AUDGHS,Australian Dollar,Buying,189.4900,GH¢ per AUD,0.018949,GH¢ per AUD,ok,
1999-05-10,AUDGHS,Australian Dollar,Selling,"1,650.2100",GH¢ per AUD,0.165021,GH¢ per AUD,ok,
1999-05-10,AUDGHS,Australian Dollar,Mid Rate,919.8500,GH¢ per AUD,0.091985,GH¢ per AUD,ok,
1999-05-10,CADGHS,Canadian Dollar,Buying,"1,665.3500",GH¢ per CAD,0.166535,GH¢ per CAD,ok,
1999-05-10,CADGHS,Canadian Dollar,Selling,"1,687.8300",GH¢ per CAD,0.168783,GH¢ per CAD,ok,
1999-05-10,CADGHS,Canadian Dollar,Mid Rate,"1,676.5900",GH¢ per CAD,0.167659,GH¢ per CAD,ok,
1999-05-10,CHFGHS,Swiss Franc,Buying,"1,622.2600",GH¢ per CHF,0.162226,GH¢ per CHF,ok,
1999-05-10,CHFGHS,Swiss Franc,Selling,"1,644.8100",GH¢ per CHF,0.164481,GH¢ per CHF,ok,
1999-05-10,CHFGHS,Swiss Franc,Mid Rate,"1,633.5350",GH¢ per CHF,0.1633535,GH¢ per CHF,ok,
1999-05-10,DKKGHS,Danish Krone,Buying,350.8000,GH¢ per DKK,0.03508,GH¢ per DKK,ok,
1999-05-10,DKKGHS,Danish Krone,Selling,355.6300,GH¢ per DKK,0.035563,GH¢ per DKK,ok,
1999-05-10,DKKGHS,Danish Krone,Mid Rate,353.2150,GH¢ per DKK,0.0353215,GH¢ per DKK,ok,
1999-05-10,GBPGHS,Pound Sterling,Buying,"3,943.7200",GH¢ per GBP,0.394372,GH¢ per GBP,ok,
1999-05-10,GBPGHS,Pound Sterling,Selling,"4,000.5000",GH¢ per GBP,0.40005,GH¢ per GBP,ok,
1999-05-10,GBPGHS,Pound Sterling,Mid Rate,"3,972.1100",GH¢ per GBP,0.397211,GH¢ per GBP,ok,
1999-05-10,JPYGHS,Japanese yen,Buying,20.0900,GH¢ per JPY,0.002009,GH¢ per JPY,ok,
1999-05-10,JPYGHS,Japanese yen,Selling,20.3700,GH¢ per JPY,0.002037,GH¢ per JPY,ok,
1999-05-10,JPYGHS,Japanese yen,Mid Rate,20.2300,GH¢ per JPY,0.002023,GH¢ per JPY,ok,
1999-05-10,NOKGHS,Norwegian Krone,Buying,317.1300,GH¢ per NOK,0.031713,GH¢ per NOK,ok,
1999-05-10,NOKGHS,Norwegian Krone,Selling,321.3800,GH¢ per NOK,0.032138,GH¢ per NOK,ok,
1999-05-10,NOKGHS,Norwegian Krone,Mid Rate,319.2550,GH¢ per NOK,0.0319255,GH¢ per NOK,ok,
1999-05-10,SEKGHS,Swedish Krona,Buying,291.1500,GH¢ per SEK,0.029115,GH¢ per SEK,ok,
1999-05-10,SEKGHS,Swedish Krona,Selling,294.9800,GH¢ per SEK,0.029498,GH¢ per SEK,ok,
1999-05-10,SEKGHS,Swedish Krona,Mid Rate,293.0650,GH¢ per SEK,0.0293065,GH¢ per SEK,ok,
1999-05-11,USDGHS,US Dollar,Buying,"2,428.6400",GH¢ per USD,0.242864,GH¢ per USD,ok,
1999-05-11,USDGHS,US Dollar,Selling,"2,462.0000",GH¢ per USD,0.2462,GH¢ per USD,ok,
1999-05-11,USDGHS,US Dollar,Mid Rate,"2,445.3200",GH¢ per USD,0.244532,GH¢ per USD,ok,
1999-05-11,AUDGHS,Australian Dollar,Buying,190.2500,GH¢ per AUD,0.019025,GH¢ per AUD,ok,
1999-05-11,AUDGHS,Australian Dollar,Selling,"1,643.9000",GH¢ per AUD,0.16439,GH¢ per AUD,ok,
1999-05-11,AUDGHS,Australian Dollar,Mid Rate,917.0750,GH¢ per AUD,0.0917075,GH¢ per AUD,ok,
1999-05-11,CADGHS,Canadian Dollar,Buying,"1,664.2000",GH¢ per CAD,0.16642,GH¢ per CAD,ok,
1999-05-11,CADGHS,Canadian Dollar,Selling,"1,685.9000",GH¢ per CAD,0.16859,GH¢ per CAD,ok,
1999-05-11,CADGHS,Canadian Dollar,Mid Rate,"1,675.0500",GH¢ per CAD,0.167505,GH¢ per CAD,ok,
1999-05-11,CHFGHS,Swiss Franc,Buying,"1,626.9800",GH¢ per CHF,0.162698,GH¢ per CHF,ok,
1999-05-11,CHFGHS,Swiss Franc,Selling,"1,648.7800",GH¢ per CHF,0.164878,GH¢ per CHF,ok,
1999-05-11,CHFGHS,Swiss Franc,Mid Rate,"1,637.8800",GH¢ per CHF,0.163788,GH¢ per CHF,ok,
1999-05-11,DKKGHS,Danish Krone,Buying,352.1800,GH¢ per DKK,0.035218,GH¢ per DKK,ok,
1999-05-11,DKKGHS,Danish Krone,Selling,356.8700,GH¢ per DKK,0.035687,GH¢ per DKK,ok,
1999-05-11,DKKGHS,Danish Krone,Mid Rate,354.5250,GH¢ per DKK,0.0354525,GH¢ per DKK,ok,
1999-05-11,GBPGHS,Pound Sterling,Buying,"3,942.1700",GH¢ per GBP,0.394217,GH¢ per GBP,ok,
1999-05-11,GBPGHS,Pound Sterling,Selling,"3,998.7800",GH¢ per GBP,0.399878,GH¢ per GBP,ok,
1999-05-11,GBPGHS,Pound Sterling,Mid Rate,"3,970.4750",GH¢ per GBP,0.3970475,GH¢ per GBP,ok,
1999-05-11,JPYGHS,Japanese yen,Buying,20.1100,GH¢ per JPY,0.002011,GH¢ per JPY,ok,
1999-05-11,JPYGHS,Japanese yen,Selling,20.3800,GH¢ per JPY,0.002038,GH¢ per JPY,ok,
1999-05-11,JPYGHS,Japanese yen,Mid Rate,20.2450,GH¢ per JPY,0.0020245,GH¢ per JPY,ok,
1999-05-11,NOKGHS,Norwegian Krone,Buying,318.7100,GH¢ per NOK,0.031871,GH¢ per NOK,ok,
1999-05-11,NOKGHS,Norwegian Krone,Selling,322.9800,GH¢ per NOK,0.032298,GH¢ per NOK,ok,
1999-05-11,NOKGHS,Norwegian Krone,Mid Rate,320.8450,GH¢ per NOK,0.0320845,GH¢ per NOK,ok,
1999-05-11,SEKGHS,Swedish Krona,Buying,293.0500,GH¢ per SEK,0.029305,GH¢ per SEK,ok,
1999-05-11,SEKGHS,Swedish Krona,Selling,296.7100,GH¢ per SEK,0.029671,GH¢ per SEK,ok,
1999-05-11,SEKGHS,Swedish Krona,Mid Rate,294.8800,GH¢ per SEK,0.029488,GH¢ per SEK,ok,
1999-05-12,USDGHS,US Dollar,Buying,"2,430.9100",GH¢ per USD,0.243091,GH¢ per USD,ok,
1999-05-12,USDGHS,US Dollar,Selling,"2,464.2700",GH¢ per USD,0.246427,GH¢ per USD,ok,
1999-05-12,USDGHS,US Dollar,Mid Rate,"2,447.5900",GH¢ per USD,0.244759,GH¢ per USD,ok,
1999-05-12,AUDGHS,Australian Dollar,Buying,188.7500,GH¢ per AUD,0.018875,GH¢ per AUD,ok,
1999-05-12,AUDGHS,Australian Dollar,Selling,"1,651.8500",GH¢ per AUD,0.165185,GH¢ per AUD,ok,
1999-05-12,AUDGHS,Australian Dollar,Mid Rate,920.3000,GH¢ per AUD,0.09203,GH¢ per AUD,ok,
1999-05-12,CADGHS,Canadian Dollar,Buying,"1,671.9300",GH¢ per CAD,0.167193,GH¢ per CAD,ok,
1999-05-12,CADGHS,Canadian Dollar,Selling,"1,693.6700",GH¢ per CAD,0.169367,GH¢ per CAD,ok,
1999-05-12,CADGHS,Canadian Dollar,Mid Rate,"1,682.8000",GH¢ per CAD,0.16828,GH¢ per CAD,ok,
1999-05-12,CHFGHS,Swiss Franc,Buying,"1,615.6900",GH¢ per CHF,0.161569,GH¢ per CHF,ok,
1999-05-12,CHFGHS,Swiss Franc,Selling,"1,637.2900",GH¢ per CHF,0.163729,GH¢ per CHF,ok,
1999-05-12,CHFGHS,Swiss Franc,Mid Rate,"1,626.4900",GH¢ per CHF,0.162649,GH¢ per CHF,ok,
1999-05-12,DKKGHS,Danish Krone,Buying,349.4300,GH¢ per DKK,0.034943,GH¢ per DKK,ok,
1999-05-12,DKKGHS,Danish Krone,Selling,354.0200,GH¢ per DKK,0.035402,GH¢ per DKK,ok,
1999-05-12,DKKGHS,Danish Krone,Mid Rate,351.7250,GH¢ per DKK,0.0351725,GH¢ per DKK,ok,
1999-05-12,GBPGHS,Pound Sterling,Buying,"3,938.5600",GH¢ per GBP,0.393856,GH¢ per GBP,ok,
1999-05-12,GBPGHS,Pound Sterling,Selling,"3,993.8400",GH¢ per GBP,0.399384,GH¢ per GBP,ok,
1999-05-12,GBPGHS,Pound Sterling,Mid Rate,"3,966.2000",GH¢ per GBP,0.39662,GH¢ per GBP,ok,
1999-05-12,JPYGHS,Japanese yen,Buying,20.1100,GH¢ per JPY,0.002011,GH¢ per JPY,ok,
1999-05-12,JPYGHS,Japanese yen,Selling,20.3800,GH¢ per JPY,0.002038,GH¢ per JPY,ok,
1999-05-12,JPYGHS,Japanese yen,Mid Rate,20.2450,GH¢ per JPY,0.0020245,GH¢ per JPY,ok,
1999-05-12,NOKGHS,Norwegian Krone,Buying,316.8600,GH¢ per NOK,0.031686,GH¢ per NOK,ok,
1999-05-12,NOKGHS,Norwegian Krone,Selling,321.0000,GH¢ per NOK,0.0321,GH¢ per NOK,ok,
1999-05-12,NOKGHS,Norwegian Krone,Mid Rate,318.9300,GH¢ per NOK,0.031893,GH¢ per NOK,ok,
1999-05-12,SEKGHS,Swedish Krona,Buying,289.7200,GH¢ per SEK,0.028972,GH¢ per SEK,ok,
1999-05-12,SEKGHS,Swedish Krona,Selling,293.3500,GH¢ per SEK,0.029335,GH¢ per SEK,ok,
1999-05-12,SEKGHS,Swedish Krona,Mid Rate,291.5350,GH¢ per SEK,0.0291535,GH¢ per SEK,ok,
1999-05-13,USDGHS,US Dollar,Buying,"2,431.5500",GH¢ per USD,0.243155,GH¢ per USD,ok,
1999-05-13,USDGHS,US Dollar,Selling,"2,464.8200",GH¢ per USD,0.246482,GH¢ per USD,ok,
1999-05-13,USDGHS,US Dollar,Mid Rate,"2,448.1850",GH¢ per USD,0.2448185,GH¢ per USD,ok,
1999-05-13,AUDGHS,Australian Dollar,Buying,188.1100,GH¢ per AUD,0.018811,GH¢ per AUD,ok,
1999-05-13,AUDGHS,Australian Dollar,Selling,"1,647.2000",GH¢ per AUD,0.16472,GH¢ per AUD,ok,
1999-05-13,AUDGHS,Australian Dollar,Mid Rate,917.6550,GH¢ per AUD,0.0917655,GH¢ per AUD,ok,
1999-05-13,CADGHS,Canadian Dollar,Buying,"1,666.3700",GH¢ per CAD,0.166637,GH¢ per CAD,ok,
1999-05-13,CADGHS,Canadian Dollar,Selling,"1,688.7900",GH¢ per CAD,0.168879,GH¢ per CAD,ok,
1999-05-13,CADGHS,Canadian Dollar,Mid Rate,"1,677.5800",GH¢ per CAD,0.167758,GH¢ per CAD,ok,
1999-05-13,CHFGHS,Swiss Franc,Buying,"1,616.3400",GH¢ per CHF,0.161634,GH¢ per CHF,ok,
1999-05-13,CHFGHS,Swiss Franc,Selling,"1,638.5900",GH¢ per CHF,0.163859,GH¢ per CHF,ok,
1999-05-13,CHFGHS,Swiss Franc,Mid Rate,"1,627.4650",GH¢ per CHF,0.1627465,GH¢ per CHF,ok,
1999-05-13,DKKGHS,Danish Krone,Buying,348.2600,GH¢ per DKK,0.034826,GH¢ per DKK,ok,
1999-05-13,DKKGHS,Danish Krone,Selling,352.9800,GH¢ per DKK,0.035298,GH¢ per DKK,ok,
1999-05-13,DKKGHS,Danish Krone,Mid Rate,350.6200,GH¢ per DKK,0.035062,GH¢ per DKK,ok,
1999-05-13,GBPGHS,Pound Sterling,Buying,"3,934.9800",GH¢ per GBP,0.393498,GH¢ per GBP,ok,
1999-05-13,GBPGHS,Pound Sterling,Selling,"3,991.2800",GH¢ per GBP,0.399128,GH¢ per GBP,ok,
1999-05-13,GBPGHS,Pound Sterling,Mid Rate,"3,963.1300",GH¢ per GBP,0.396313,GH¢ per GBP,ok,
1999-05-13,JPYGHS,Japanese yen,Buying,20.0000,GH¢ per JPY,0.002,GH¢ per JPY,ok,
1999-05-13,JPYGHS,Japanese yen,Selling,20.2800,GH¢ per JPY,0.002028,GH¢ per JPY,ok,
1999-05-13,JPYGHS,Japanese yen,Mid Rate,20.1400,GH¢ per JPY,0.002014,GH¢ per JPY,ok,
1999-05-13,NOKGHS,Norwegian Krone,Buying,315.4400,GH¢ per NOK,0.031544,GH¢ per NOK,ok,
1999-05-13,NOKGHS,Norwegian Krone,Selling,319.6500,GH¢ per NOK,0.031965,GH¢ per NOK,ok,
1999-05-13,NOKGHS,Norwegian Krone,Mid Rate,317.5450,GH¢ per NOK,0.0317545,GH¢ per NOK,ok,
1999-05-13,SEKGHS,Swedish Krona,Buying,289.2600,GH¢ per SEK,0.028926,GH¢ per SEK,ok,
1999-05-13,SEKGHS,Swedish Krona,Selling,292.9900,GH¢ per SEK,0.029299,GH¢ per SEK,ok,
1999-05-13,SEKGHS,Swedish Krona,Mid Rate,291.1250,GH¢ per SEK,0.0291125,GH¢ per SEK,ok,
1999-05-14,USDGHS,US Dollar,Buying,"2,432.0900",GH¢ per USD,0.243209,GH¢ per USD,ok,
1999-05-14,USDGHS,US Dollar,Selling,"2,464.9100",GH¢ per USD,0.246491,GH¢ per USD,ok,
1999-05-14,USDGHS,US Dollar,Mid Rate,"2,448.5000",GH¢ per USD,0.24485,GH¢ per USD,ok,
1999-05-14,AUDGHS,Australian Dollar,Buying,188.5500,GH¢ per AUD,0.018855,GH¢ per AUD,ok,
1999-05-14,AUDGHS,Australian Dollar,Selling,"1,647.2800",GH¢ per AUD,0.164728,GH¢ per AUD,ok,
1999-05-14,AUDGHS,Australian Dollar,Mid Rate,917.9150,GH¢ per AUD,0.0917915,GH¢ per AUD,ok,
1999-05-14,CADGHS,Canadian Dollar,Buying,"1,671.8000",GH¢ per CAD,0.16718,GH¢ per CAD,ok,
1999-05-14,CADGHS,Canadian Dollar,Selling,"1,693.1600",GH¢ per CAD,0.169316,GH¢ per CAD,ok,
1999-05-14,CADGHS,Canadian Dollar,Mid Rate,"1,682.4800",GH¢ per CAD,0.168248,GH¢ per CAD,ok,
1999-05-14,CHFGHS,Swiss Franc,Buying,"1,619.3500",GH¢ per CHF,0.161935,GH¢ per CHF,ok,
1999-05-14,CHFGHS,Swiss Franc,Selling,"1,640.0900",GH¢ per CHF,0.164009,GH¢ per CHF,ok,
1999-05-14,CHFGHS,Swiss Franc,Mid Rate,"1,629.7200",GH¢ per CHF,0.162972,GH¢ per CHF,ok,
1999-05-14,DKKGHS,Danish Krone,Buying,348.9900,GH¢ per DKK,0.034899,GH¢ per DKK,ok,
1999-05-14,DKKGHS,Danish Krone,Selling,353.5000,GH¢ per DKK,0.03535,GH¢ per DKK,ok,
1999-05-14,DKKGHS,Danish Krone,Mid Rate,351.2450,GH¢ per DKK,0.0351245,GH¢ per DKK,ok,
1999-05-14,GBPGHS,Pound Sterling,Buying,"3,928.0700",GH¢ per GBP,0.392807,GH¢ per GBP,ok,
1999-05-14,GBPGHS,Pound Sterling,Selling,"3,928.0700",GH¢ per GBP,0.392807,GH¢ per GBP,ok,
1999-05-14,GBPGHS,Pound Sterling,Mid Rate,"3,928.0700",GH¢ per GBP,0.392807,GH¢ per GBP,ok,
1999-05-14,JPYGHS,Japanese yen,Buying,19.9200,GH¢ per JPY,0.001992,GH¢ per JPY,ok,
1999-05-14,JPYGHS,Japanese yen,Selling,20.1800,GH¢ per JPY,0.002018,GH¢ per JPY,ok,
1999-05-14,JPYGHS,Japanese yen,Mid Rate,20.0500,GH¢ per JPY,0.002005,GH¢ per JPY,ok,
1999-05-14,NOKGHS,Norwegian Krone,Buying,316.8600,GH¢ per NOK,0.031686,GH¢ per NOK,ok,
1999-05-14,NOKGHS,Norwegian Krone,Selling,320.8900,GH¢ per NOK,0.032089,GH¢ per NOK,ok,
1999-05-14,NOKGHS,Norwegian Krone,Mid Rate,318.8750,GH¢ per NOK,0.0318875,GH¢ per NOK,ok,
1999-05-14,SEKGHS,Swedish Krona,Buying,289.6900,GH¢ per SEK,0.028969,GH¢ per SEK,ok,
1999-05-14,SEKGHS,Swedish Krona,Selling,293.2500,GH¢ per SEK,0.029325,GH¢ per SEK,ok,
1999-05-14,SEKGHS,Swedish Krona,Mid Rate,291.4700,GH¢ per SEK,0.029147,GH¢ per SEK,ok,
1999-05-17,USDGHS,US Dollar,Buying,"2,434.3600",GH¢ per USD,0.243436,GH¢ per USD,ok,
1999-05-17,USDGHS,US Dollar,Selling,"2,467.1800",GH¢ per USD,0.246718,GH¢ per USD,ok,
1999-05-17,USDGHS,US Dollar,Mid Rate,"2,450.7700",GH¢ per USD,0.245077,GH¢ per USD,ok,
1999-05-17,AUDGHS,Australian Dollar,Buying,188.6600,GH¢ per AUD,0.018866,GH¢ per AUD,ok,
1999-05-17,AUDGHS,Australian Dollar,Selling,"1,638.1500",GH¢ per AUD,0.163815,GH¢ per AUD,ok,
1999-05-17,AUDGHS,Australian Dollar,Mid Rate,913.4050,GH¢ per AUD,0.0913405,GH¢ per AUD,ok,
1999-05-17,CADGHS,Canadian Dollar,Buying,"1,661.6800",GH¢ per CAD,0.166168,GH¢ per CAD,ok,
1999-05-17,CADGHS,Canadian Dollar,Selling,"1,682.9200",GH¢ per CAD,0.168292,GH¢ per CAD,ok,
1999-05-17,CADGHS,Canadian Dollar,Mid Rate,"1,672.3000",GH¢ per CAD,0.16723,GH¢ per CAD,ok,
1999-05-17,CHFGHS,Swiss Franc,Buying,"1,617.6000",GH¢ per CHF,0.16176,GH¢ per CHF,ok,
1999-05-17,CHFGHS,Swiss Franc,Selling,"1,638.8700",GH¢ per CHF,0.163887,GH¢ per CHF,ok,
1999-05-17,CHFGHS,Swiss Franc,Mid Rate,"1,628.2350",GH¢ per CHF,0.1628235,GH¢ per CHF,ok,
1999-05-17,DKKGHS,Danish Krone,Buying,349.3100,GH¢ per DKK,0.034931,GH¢ per DKK,ok,
1999-05-17,DKKGHS,Danish Krone,Selling,353.8700,GH¢ per DKK,0.035387,GH¢ per DKK,ok,
1999-05-17,DKKGHS,Danish Krone,Mid Rate,351.5900,GH¢ per DKK,0.035159,GH¢ per DKK,ok,
1999-05-17,GBPGHS,Pound Sterling,Buying,"3,933.2000",GH¢ per GBP,0.39332,GH¢ per GBP,ok,
1999-05-17,GBPGHS,Pound Sterling,Selling,"3,988.6900",GH¢ per GBP,0.398869,GH¢ per GBP,ok,
1999-05-17,GBPGHS,Pound Sterling,Mid Rate,"3,960.9450",GH¢ per GBP,0.3960945,GH¢ per GBP,ok,
1999-05-17,JPYGHS,Japanese yen,Buying,19.7600,GH¢ per JPY,0.001976,GH¢ per JPY,ok,
1999-05-17,JPYGHS,Japanese yen,Selling,20.0300,GH¢ per JPY,0.002003,GH¢ per JPY,ok,
1999-05-17,JPYGHS,Japanese yen,Mid Rate,19.8950,GH¢ per JPY,0.0019895,GH¢ per JPY,ok,
1999-05-17,NOKGHS,Norwegian Krone,Buying,316.4000,GH¢ per NOK,0.03164,GH¢ per NOK,ok,
1999-05-17,NOKGHS,Norwegian Krone,Selling,320.4500,GH¢ per NOK,0.032045,GH¢ per NOK,ok,
1999-05-17,NOKGHS,Norwegian Krone,Mid Rate,318.4250,GH¢ per NOK,0.0318425,GH¢ per NOK,ok,
1999-05-17,SEKGHS,Swedish Krona,Buying,289.0800,GH¢ per SEK,0.028908,GH¢ per SEK,ok,
1999-05-17,SEKGHS,Swedish Krona,Selling,292.6300,GH¢ per SEK,0.029263,GH¢ per SEK,ok,
1999-05-17,SEKGHS,Swedish Krona,Mid Rate,290.8550,GH¢ per SEK,0.0290855,GH¢ per SEK,ok,
1999-05-18,USDGHS,US Dollar,Buying,"2,436.0900",GH¢ per USD,0.243609,GH¢ per USD,ok,
1999-05-18,USDGHS,US Dollar,Selling,"2,468.3600",GH¢ per USD,0.246836,GH¢ per USD,ok,
1999-05-18,USDGHS,US Dollar,Mid Rate,"2,452.2250",GH¢ per USD,0.2452225,GH¢ per USD,ok,
1999-05-18,AUDGHS,Australian Dollar,Buying,189.2700,GH¢ per AUD,0.018927,GH¢ per AUD,ok,
1999-05-18,AUDGHS,Australian Dollar,Selling,"1,661.0200",GH¢ per AUD,0.166102,GH¢ per AUD,ok,
1999-05-18,AUDGHS,Australian Dollar,Mid Rate,925.1450,GH¢ per AUD,0.0925145,GH¢ per AUD,ok,
1999-05-18,CADGHS,Canadian Dollar,Buying,"1,671.4100",GH¢ per CAD,0.167141,GH¢ per CAD,ok,
1999-05-18,CADGHS,Canadian Dollar,Selling,"1,692.1400",GH¢ per CAD,0.169214,GH¢ per CAD,ok,
1999-05-18,CADGHS,Canadian Dollar,Mid Rate,"1,681.7750",GH¢ per CAD,0.1681775,GH¢ per CAD,ok,
1999-05-18,CHFGHS,Swiss Franc,Buying,"1,624.4600",GH¢ per CHF,0.162446,GH¢ per CHF,ok,
1999-05-18,CHFGHS,Swiss Franc,Selling,"1,644.6600",GH¢ per CHF,0.164466,GH¢ per CHF,ok,
1999-05-18,CHFGHS,Swiss Franc,Mid Rate,"1,634.5600",GH¢ per CHF,0.163456,GH¢ per CHF,ok,
1999-05-18,DKKGHS,Danish Krone,Buying,350.1700,GH¢ per DKK,0.035017,GH¢ per DKK,ok,
1999-05-18,DKKGHS,Danish Krone,Selling,354.6100,GH¢ per DKK,0.035461,GH¢ per DKK,ok,
1999-05-18,DKKGHS,Danish Krone,Mid Rate,352.3900,GH¢ per DKK,0.035239,GH¢ per DKK,ok,
1999-05-18,GBPGHS,Pound Sterling,Buying,"3,949.8800",GH¢ per GBP,0.394988,GH¢ per GBP,ok,
1999-05-18,GBPGHS,Pound Sterling,Selling,"4,003.4300",GH¢ per GBP,0.400343,GH¢ per GBP,ok,
1999-05-18,GBPGHS,Pound Sterling,Mid Rate,"3,976.6550",GH¢ per GBP,0.3976655,GH¢ per GBP,ok,
1999-05-18,JPYGHS,Japanese yen,Buying,19.8100,GH¢ per JPY,0.001981,GH¢ per JPY,ok,
1999-05-18,JPYGHS,Japanese yen,Selling,20.0700,GH¢ per JPY,0.002007,GH¢ per JPY,ok,
1999-05-18,JPYGHS,Japanese yen,Mid Rate,19.9400,GH¢ per JPY,0.001994,GH¢ per JPY,ok,
1999-05-18,NOKGHS,Norwegian Krone,Buying,317.2800,GH¢ per NOK,0.031728,GH¢ per NOK,ok,
1999-05-18,NOKGHS,Norwegian Krone,Selling,321.2400,GH¢ per NOK,0.032124,GH¢ per NOK,ok,
1999-05-18,NOKGHS,Norwegian Krone,Mid Rate,319.2600,GH¢ per NOK,0.031926,GH¢ per NOK,ok,
1999-05-18,SEKGHS,Swedish Krona,Buying,289.0500,GH¢ per SEK,0.028905,GH¢ per SEK,ok,
1999-05-18,SEKGHS,Swedish Krona,Selling,292.5400,GH¢ per SEK,0.029254,GH¢ per SEK,ok,
1999-05-18,SEKGHS,Swedish Krona,Mid Rate,290.7950,GH¢ per SEK,0.0290795,GH¢ per SEK,ok,
1999-05-19,USDGHS,US Dollar,Buying,"2,438.3600",GH¢ per USD,0.243836,GH¢ per USD,ok,
1999-05-19,USDGHS,US Dollar,Selling,"2,471.4500",GH¢ per USD,0.247145,GH¢ per USD,ok,
1999-05-19,USDGHS,US Dollar,Mid Rate,"2,454.9050",GH¢ per USD,0.2454905,GH¢ per USD,ok,
1999-05-19,AUDGHS,Australian Dollar,Buying,188.5000,GH¢ per AUD,0.01885,GH¢ per AUD,ok,
1999-05-19,AUDGHS,Australian Dollar,Selling,"1,638.8100",GH¢ per AUD,0.163881,GH¢ per AUD,ok,
1999-05-19,AUDGHS,Australian Dollar,Mid Rate,913.6550,GH¢ per AUD,0.0913655,GH¢ per AUD,ok,
1999-05-19,CADGHS,Canadian Dollar,Buying,"1,661.6600",GH¢ per CAD,0.166166,GH¢ per CAD,ok,
1999-05-19,CADGHS,Canadian Dollar,Selling,"1,682.5400",GH¢ per CAD,0.168254,GH¢ per CAD,ok,
1999-05-19,CADGHS,Canadian Dollar,Mid Rate,"1,672.1000",GH¢ per CAD,0.16721,GH¢ per CAD,ok,
1999-05-19,CHFGHS,Swiss Franc,Buying,"1,618.3000",GH¢ per CHF,0.16183,GH¢ per CHF,ok,
1999-05-19,CHFGHS,Swiss Franc,Selling,"1,639.2200",GH¢ per CHF,0.163922,GH¢ per CHF,ok,
1999-05-19,CHFGHS,Swiss Franc,Mid Rate,"1,628.7600",GH¢ per CHF,0.162876,GH¢ per CHF,ok,
1999-05-19,DKKGHS,Danish Krone,Buying,348.9300,GH¢ per DKK,0.034893,GH¢ per DKK,ok,
1999-05-19,DKKGHS,Danish Krone,Selling,353.4000,GH¢ per DKK,0.03534,GH¢ per DKK,ok,
1999-05-19,DKKGHS,Danish Krone,Mid Rate,351.1650,GH¢ per DKK,0.0351165,GH¢ per DKK,ok,
1999-05-19,GBPGHS,Pound Sterling,Buying,"3,944.2900",GH¢ per GBP,0.394429,GH¢ per GBP,ok,
1999-05-19,GBPGHS,Pound Sterling,Selling,"3,999.0500",GH¢ per GBP,0.399905,GH¢ per GBP,ok,
1999-05-19,GBPGHS,Pound Sterling,Mid Rate,"3,971.6700",GH¢ per GBP,0.397167,GH¢ per GBP,ok,
1999-05-19,JPYGHS,Japanese yen,Buying,19.7300,GH¢ per JPY,0.001973,GH¢ per JPY,ok,
1999-05-19,JPYGHS,Japanese yen,Selling,19.9900,GH¢ per JPY,0.001999,GH¢ per JPY,ok,
1999-05-19,JPYGHS,Japanese yen,Mid Rate,19.8600,GH¢ per JPY,0.001986,GH¢ per JPY,ok,
1999-05-19,NOKGHS,Norwegian Krone,Buying,315.1100,GH¢ per NOK,0.031511,GH¢ per NOK,ok,
1999-05-19,NOKGHS,Norwegian Krone,Selling,319.0400,GH¢ per NOK,0.031904,GH¢ per NOK,ok,
1999-05-19,NOKGHS,Norwegian Krone,Mid Rate,317.0750,GH¢ per NOK,0.0317075,GH¢ per NOK,ok,
1999-05-19,SEKGHS,Swedish Krona,Buying,287.4500,GH¢ per SEK,0.028745,GH¢ per SEK,ok,
1999-05-19,SEKGHS,Swedish Krona,Selling,290.9200,GH¢ per SEK,0.029092,GH¢ per SEK,ok,
1999-05-19,SEKGHS,Swedish Krona,Mid Rate,289.1850,GH¢ per SEK,0.0289185,GH¢ per SEK,ok,
1999-05-20,USDGHS,US Dollar,Buying,"2,438.7300",GH¢ per USD,0.243873,GH¢ per USD,ok,
1999-05-20,USDGHS,US Dollar,Selling,"2,471.9100",GH¢ per USD,0.247191,GH¢ per USD,ok,
1999-05-20,USDGHS,US Dollar,Mid Rate,"2,455.3200",GH¢ per USD,0.245532,GH¢ per USD,ok,
1999-05-20,AUDGHS,Australian Dollar,Buying,188.9800,GH¢ per AUD,0.018898,GH¢ per AUD,ok,
1999-05-20,AUDGHS,Australian Dollar,Selling,"1,633.1300",GH¢ per AUD,0.163313,GH¢ per AUD,ok,
1999-05-20,AUDGHS,Australian Dollar,Mid Rate,911.0550,GH¢ per AUD,0.0911055,GH¢ per AUD,ok,
1999-05-20,CADGHS,Canadian Dollar,Buying,"1,661.7200",GH¢ per CAD,0.166172,GH¢ per CAD,ok,
1999-05-20,CADGHS,Canadian Dollar,Selling,"1,683.1700",GH¢ per CAD,0.168317,GH¢ per CAD,ok,
1999-05-20,CADGHS,Canadian Dollar,Mid Rate,"1,672.4450",GH¢ per CAD,0.1672445,GH¢ per CAD,ok,
1999-05-20,CHFGHS,Swiss Franc,Buying,"1,622.3300",GH¢ per CHF,0.162233,GH¢ per CHF,ok,
1999-05-20,CHFGHS,Swiss Franc,Selling,"1,643.3200",GH¢ per CHF,0.164332,GH¢ per CHF,ok,
1999-05-20,CHFGHS,Swiss Franc,Mid Rate,"1,632.8250",GH¢ per CHF,0.1632825,GH¢ per CHF,ok,
1999-05-20,DKKGHS,Danish Krone,Buying,349.6100,GH¢ per DKK,0.034961,GH¢ per DKK,ok,
1999-05-20,DKKGHS,Danish Krone,Selling,354.2200,GH¢ per DKK,0.035422,GH¢ per DKK,ok,
1999-05-20,DKKGHS,Danish Krone,Mid Rate,351.9150,GH¢ per DKK,0.0351915,GH¢ per DKK,ok,
1999-05-20,GBPGHS,Pound Sterling,Buying,"3,928.3100",GH¢ per GBP,0.392831,GH¢ per GBP,ok,
1999-05-20,GBPGHS,Pound Sterling,Selling,"3,984.2200",GH¢ per GBP,0.398422,GH¢ per GBP,ok,
1999-05-20,GBPGHS,Pound Sterling,Mid Rate,"3,956.2650",GH¢ per GBP,0.3956265,GH¢ per GBP,ok,
1999-05-20,JPYGHS,Japanese yen,Buying,19.5900,GH¢ per JPY,0.001959,GH¢ per JPY,ok,
1999-05-20,JPYGHS,Japanese yen,Selling,19.8500,GH¢ per JPY,0.001985,GH¢ per JPY,ok,
1999-05-20,JPYGHS,Japanese yen,Mid Rate,19.7200,GH¢ per JPY,0.001972,GH¢ per JPY,ok,
1999-05-20,NOKGHS,Norwegian Krone,Buying,314.7400,GH¢ per NOK,0.031474,GH¢ per NOK,ok,
1999-05-20,NOKGHS,Norwegian Krone,Selling,318.7700,GH¢ per NOK,0.031877,GH¢ per NOK,ok,
1999-05-20,NOKGHS,Norwegian Krone,Mid Rate,316.7550,GH¢ per NOK,0.0316755,GH¢ per NOK,ok,
1999-05-20,SEKGHS,Swedish Krona,Buying,288.7800,GH¢ per SEK,0.028878,GH¢ per SEK,ok,
1999-05-20,SEKGHS,Swedish Krona,Selling,292.3600,GH¢ per SEK,0.029236,GH¢ per SEK,ok,
1999-05-20,SEKGHS,Swedish Krona,Mid Rate,290.5700,GH¢ per SEK,0.029057,GH¢ per SEK,ok,
1999-05-21,USDGHS,US Dollar,Buying,"2,439.7300",GH¢ per USD,0.243973,GH¢ per USD,ok,
1999-05-21,USDGHS,US Dollar,Selling,"2,472.0000",GH¢ per USD,0.2472,GH¢ per USD,ok,
1999-05-21,USDGHS,US Dollar,Mid Rate,"2,455.8650",GH¢ per USD,0.2455865,GH¢ per USD,ok,
1999-05-21,AUDGHS,Australian Dollar,Buying,187.7800,GH¢ per AUD,0.018778,GH¢ per AUD,ok,
1999-05-21,AUDGHS,Australian Dollar,Selling,"1,638.7800",GH¢ per AUD,0.163878,GH¢ per AUD,ok,
1999-05-21,AUDGHS,Australian Dollar,Mid Rate,913.2800,GH¢ per AUD,0.091328,GH¢ per AUD,ok,
1999-05-21,CADGHS,Canadian Dollar,Buying,"1,665.5900",GH¢ per CAD,0.166559,GH¢ per CAD,ok,
1999-05-21,CADGHS,Canadian Dollar,Selling,"1,686.4200",GH¢ per CAD,0.168642,GH¢ per CAD,ok,
1999-05-21,CADGHS,Canadian Dollar,Mid Rate,"1,676.0050",GH¢ per CAD,0.1676005,GH¢ per CAD,ok,
1999-05-21,CHFGHS,Swiss Franc,Buying,"1,613.0400",GH¢ per CHF,0.161304,GH¢ per CHF,ok,
1999-05-21,CHFGHS,Swiss Franc,Selling,"1,633.2700",GH¢ per CHF,0.163327,GH¢ per CHF,ok,
1999-05-21,CHFGHS,Swiss Franc,Mid Rate,"1,623.1550",GH¢ per CHF,0.1623155,GH¢ per CHF,ok,
1999-05-21,DKKGHS,Danish Krone,Buying,347.6900,GH¢ per DKK,0.034769,GH¢ per DKK,ok,
1999-05-21,DKKGHS,Danish Krone,Selling,352.0900,GH¢ per DKK,0.035209,GH¢ per DKK,ok,
1999-05-21,DKKGHS,Danish Krone,Mid Rate,349.8900,GH¢ per DKK,0.034989,GH¢ per DKK,ok,
1999-05-21,GBPGHS,Pound Sterling,Buying,"3,921.6200",GH¢ per GBP,0.392162,GH¢ per GBP,ok,
1999-05-21,GBPGHS,Pound Sterling,Selling,"3,974.7300",GH¢ per GBP,0.397473,GH¢ per GBP,ok,
1999-05-21,GBPGHS,Pound Sterling,Mid Rate,"3,948.1750",GH¢ per GBP,0.3948175,GH¢ per GBP,ok,
1999-05-21,JPYGHS,Japanese yen,Buying,19.7100,GH¢ per JPY,0.001971,GH¢ per JPY,ok,
1999-05-21,JPYGHS,Japanese yen,Selling,19.9600,GH¢ per JPY,0.001996,GH¢ per JPY,ok,
1999-05-21,JPYGHS,Japanese yen,Mid Rate,19.8350,GH¢ per JPY,0.0019835,GH¢ per JPY,ok,
1999-05-21,NOKGHS,Norwegian Krone,Buying,313.8300,GH¢ per NOK,0.031383,GH¢ per NOK,ok,
1999-05-21,NOKGHS,Norwegian Krone,Selling,317.7800,GH¢ per NOK,0.031778,GH¢ per NOK,ok,
1999-05-21,NOKGHS,Norwegian Krone,Mid Rate,315.8050,GH¢ per NOK,0.0315805,GH¢ per NOK,ok,
1999-05-21,SEKGHS,Swedish Krona,Buying,288.1400,GH¢ per SEK,0.028814,GH¢ per SEK,ok,
1999-05-21,SEKGHS,Swedish Krona,Selling,291.6100,GH¢ per SEK,0.029161,GH¢ per SEK,ok,
1999-05-21,SEKGHS,Swedish Krona,Mid Rate,289.8750,GH¢ per SEK,0.0289875,GH¢ per SEK,ok,
1999-05-24,USDGHS,US Dollar,Buying,"2,439.8200",GH¢ per USD,0.243982,GH¢ per USD,ok,
1999-05-24,USDGHS,US Dollar,Selling,"2,472.0000",GH¢ per USD,0.2472,GH¢ per USD,ok,
1999-05-24,USDGHS,US Dollar,Mid Rate,"2,455.9100",GH¢ per USD,0.245591,GH¢ per USD,ok,
1999-05-24,AUDGHS,Australian Dollar,Buying,187.5700,GH¢ per AUD,0.018757,GH¢ per AUD,ok,
1999-05-24,AUDGHS,Australian Dollar,Selling,"1,623.3500",GH¢ per AUD,0.162335,GH¢ per AUD,ok,
1999-05-24,AUDGHS,Australian Dollar,Mid Rate,905.4600,GH¢ per AUD,0.090546,GH¢ per AUD,ok,
1999-05-24,CADGHS,Canadian Dollar,Buying,"1,669.9400",GH¢ per CAD,0.166994,GH¢ per CAD,ok,
1999-05-24,CADGHS,Canadian Dollar,Selling,"1,690.8300",GH¢ per CAD,0.169083,GH¢ per CAD,ok,
1999-05-24,CADGHS,Canadian Dollar,Mid Rate,"1,680.3850",GH¢ per CAD,0.1680385,GH¢ per CAD,ok,
1999-05-24,CHFGHS,Swiss Franc,Buying,"1,609.9200",GH¢ per CHF,0.160992,GH¢ per CHF,ok,
1999-05-24,CHFGHS,Swiss Franc,Selling,"1,630.7900",GH¢ per CHF,0.163079,GH¢ per CHF,ok,
1999-05-24,CHFGHS,Swiss Franc,Mid Rate,"1,620.3550",GH¢ per CHF,0.1620355,GH¢ per CHF,ok,
1999-05-24,DKKGHS,Danish Krone,Buying,346.8700,GH¢ per DKK,0.034687,GH¢ per DKK,ok,
1999-05-24,DKKGHS,Danish Krone,Selling,351.2500,GH¢ per DKK,0.035125,GH¢ per DKK,ok,
1999-05-24,DKKGHS,Danish Krone,Mid Rate,349.0600,GH¢ per DKK,0.034906,GH¢ per DKK,ok,
1999-05-24,GBPGHS,Pound Sterling,Buying,"3,905.6600",GH¢ per GBP,0.390566,GH¢ per GBP,ok,
1999-05-24,GBPGHS,Pound Sterling,Selling,"3,958.4100",GH¢ per GBP,0.395841,GH¢ per GBP,ok,
1999-05-24,GBPGHS,Pound Sterling,Mid Rate,"3,932.0350",GH¢ per GBP,0.3932035,GH¢ per GBP,ok,
1999-05-24,JPYGHS,Japanese yen,Buying,19.6700,GH¢ per JPY,0.001967,GH¢ per JPY,ok,
1999-05-24,JPYGHS,Japanese yen,Selling,19.9200,GH¢ per JPY,0.001992,GH¢ per JPY,ok,
1999-05-24,JPYGHS,Japanese yen,Mid Rate,19.7950,GH¢ per JPY,0.0019795,GH¢ per JPY,ok,
1999-05-24,NOKGHS,Norwegian Krone,Buying,313.4000,GH¢ per NOK,0.03134,GH¢ per NOK,ok,
1999-05-24,NOKGHS,Norwegian Krone,Selling,317.3300,GH¢ per NOK,0.031733,GH¢ per NOK,ok,
1999-05-24,NOKGHS,Norwegian Krone,Mid Rate,315.3650,GH¢ per NOK,0.0315365,GH¢ per NOK,ok,
1999-05-24,SEKGHS,Swedish Krona,Buying,287.6100,GH¢ per SEK,0.028761,GH¢ per SEK,ok,
1999-05-24,SEKGHS,Swedish Krona,Selling,291.0600,GH¢ per SEK,0.029106,GH¢ per SEK,ok,
1999-05-24,SEKGHS,Swedish Krona,Mid Rate,289.3350,GH¢ per SEK,0.0289335,GH¢ per SEK,ok,
1999-05-25,USDGHS,US Dollar,Buying,"2,442.5500",GH¢ per USD,0.244255,GH¢ per USD,ok,
1999-05-25,USDGHS,US Dollar,Selling,"2,474.2700",GH¢ per USD,0.247427,GH¢ per USD,ok,
1999-05-25,USDGHS,US Dollar,Mid Rate,"2,458.4100",GH¢ per USD,0.245841,GH¢ per USD,ok,
1999-05-25,AUDGHS,Australian Dollar,Buying,188.6400,GH¢ per AUD,0.018864,GH¢ per AUD,ok,
1999-05-25,AUDGHS,Australian Dollar,Selling,"1,628.5600",GH¢ per AUD,0.162856,GH¢ per AUD,ok,
1999-05-25,AUDGHS,Australian Dollar,Mid Rate,908.6000,GH¢ per AUD,0.09086,GH¢ per AUD,ok,
1999-05-25,CADGHS,Canadian Dollar,Buying,"1,676.4900",GH¢ per CAD,0.167649,GH¢ per CAD,ok,
1999-05-25,CADGHS,Canadian Dollar,Selling,"1,697.8000",GH¢ per CAD,0.16978,GH¢ per CAD,ok,
1999-05-25,CADGHS,Canadian Dollar,Mid Rate,"1,687.1450",GH¢ per CAD,0.1687145,GH¢ per CAD,ok,
1999-05-25,CHFGHS,Swiss Franc,Buying,"1,623.1200",GH¢ per CHF,0.162312,GH¢ per CHF,ok,
1999-05-25,CHFGHS,Swiss Franc,Selling,"1,644.3400",GH¢ per CHF,0.164434,GH¢ per CHF,ok,
1999-05-25,CHFGHS,Swiss Franc,Mid Rate,"1,633.7300",GH¢ per CHF,0.163373,GH¢ per CHF,ok,
1999-05-25,DKKGHS,Danish Krone,Buying,349.1200,GH¢ per DKK,0.034912,GH¢ per DKK,ok,
1999-05-25,DKKGHS,Danish Krone,Selling,353.6600,GH¢ per DKK,0.035366,GH¢ per DKK,ok,
1999-05-25,DKKGHS,Danish Krone,Mid Rate,351.3900,GH¢ per DKK,0.035139,GH¢ per DKK,ok,
1999-05-25,GBPGHS,Pound Sterling,Buying,"3,905.3900",GH¢ per GBP,0.390539,GH¢ per GBP,ok,
1999-05-25,GBPGHS,Pound Sterling,Selling,"3,958.5800",GH¢ per GBP,0.395858,GH¢ per GBP,ok,
1999-05-25,GBPGHS,Pound Sterling,Mid Rate,"3,931.9850",GH¢ per GBP,0.3931985,GH¢ per GBP,ok,
1999-05-25,JPYGHS,Japanese yen,Buying,19.9000,GH¢ per JPY,0.00199,GH¢ per JPY,ok,
1999-05-25,JPYGHS,Japanese yen,Selling,20.1600,GH¢ per JPY,0.002016,GH¢ per JPY,ok,
1999-05-25,JPYGHS,Japanese yen,Mid Rate,20.0300,GH¢ per JPY,0.002003,GH¢ per JPY,ok,
1999-05-25,NOKGHS,Norwegian Krone,Buying,314.8000,GH¢ per NOK,0.03148,GH¢ per NOK,ok,
1999-05-25,NOKGHS,Norwegian Krone,Selling,318.7900,GH¢ per NOK,0.031879,GH¢ per NOK,ok,
1999-05-25,NOKGHS,Norwegian Krone,Mid Rate,316.7950,GH¢ per NOK,0.0316795,GH¢ per NOK,ok,
1999-05-25,SEKGHS,Swedish Krona,Buying,289.5200,GH¢ per SEK,0.028952,GH¢ per SEK,ok,
1999-05-25,SEKGHS,Swedish Krona,Selling,293.0600,GH¢ per SEK,0.029306,GH¢ per SEK,ok,
1999-05-25,SEKGHS,Swedish Krona,Mid Rate,291.2900,GH¢ per SEK,0.029129,GH¢ per SEK,ok,
1999-05-26,USDGHS,US Dollar,Buying,"2,447.1800",GH¢ per USD,0.244718,GH¢ per USD,ok,
1999-05-26,USDGHS,US Dollar,Selling,"2,477.3600",GH¢ per USD,0.247736,GH¢ per USD,ok,
1999-05-26,USDGHS,US Dollar,Mid Rate,"2,462.2700",GH¢ per USD,0.246227,GH¢ per USD,ok,
1999-05-26,AUDGHS,Australian Dollar,Buying,188.5100,GH¢ per AUD,0.018851,GH¢ per AUD,ok,
1999-05-26,AUDGHS,Australian Dollar,Selling,"1,610.9300",GH¢ per AUD,0.161093,GH¢ per AUD,ok,
1999-05-26,AUDGHS,Australian Dollar,Mid Rate,899.7200,GH¢ per AUD,0.089972,GH¢ per AUD,ok,
1999-05-26,CADGHS,Canadian Dollar,Buying,"1,669.7500",GH¢ per CAD,0.166975,GH¢ per CAD,ok,
1999-05-26,CADGHS,Canadian Dollar,Selling,"1,689.2100",GH¢ per CAD,0.168921,GH¢ per CAD,ok,
1999-05-26,CADGHS,Canadian Dollar,Mid Rate,"1,679.4800",GH¢ per CAD,0.167948,GH¢ per CAD,ok,
1999-05-26,CHFGHS,Swiss Franc,Buying,"1,627.9000",GH¢ per CHF,0.16279,GH¢ per CHF,ok,
1999-05-26,CHFGHS,Swiss Franc,Selling,"1,647.4000",GH¢ per CHF,0.16474,GH¢ per CHF,ok,
1999-05-26,CHFGHS,Swiss Franc,Mid Rate,"1,637.6500",GH¢ per CHF,0.163765,GH¢ per CHF,ok,
1999-05-26,DKKGHS,Danish Krone,Buying,348.9800,GH¢ per DKK,0.034898,GH¢ per DKK,ok,
1999-05-26,DKKGHS,Danish Krone,Selling,353.0800,GH¢ per DKK,0.035308,GH¢ per DKK,ok,
1999-05-26,DKKGHS,Danish Krone,Mid Rate,351.0300,GH¢ per DKK,0.035103,GH¢ per DKK,ok,
1999-05-26,GBPGHS,Pound Sterling,Buying,"3,923.0700",GH¢ per GBP,0.392307,GH¢ per GBP,ok,
1999-05-26,GBPGHS,Pound Sterling,Selling,"3,972.6900",GH¢ per GBP,0.397269,GH¢ per GBP,ok,
1999-05-26,GBPGHS,Pound Sterling,Mid Rate,"3,947.8800",GH¢ per GBP,0.394788,GH¢ per GBP,ok,
1999-05-26,JPYGHS,Japanese yen,Buying,20.0400,GH¢ per JPY,0.002004,GH¢ per JPY,ok,
1999-05-26,JPYGHS,Japanese yen,Selling,20.2800,GH¢ per JPY,0.002028,GH¢ per JPY,ok,
1999-05-26,JPYGHS,Japanese yen,Mid Rate,20.1600,GH¢ per JPY,0.002016,GH¢ per JPY,ok,
1999-05-26,NOKGHS,Norwegian Krone,Buying,314.7500,GH¢ per NOK,0.031475,GH¢ per NOK,ok,
1999-05-26,NOKGHS,Norwegian Krone,Selling,318.3900,GH¢ per NOK,0.031839,GH¢ per NOK,ok,
1999-05-26,NOKGHS,Norwegian Krone,Mid Rate,316.5700,GH¢ per NOK,0.031657,GH¢ per NOK,ok,
1999-05-26,SEKGHS,Swedish Krona,Buying,288.5800,GH¢ per SEK,0.028858,GH¢ per SEK,ok,
1999-05-26,SEKGHS,Swedish Krona,Selling,291.8000,GH¢ per SEK,0.02918,GH¢ per SEK,ok,
1999-05-26,SEKGHS,Swedish Krona,Mid Rate,290.1900,GH¢ per SEK,0.029019,GH¢ per SEK,ok,
1999-05-27,USDGHS,US Dollar,Buying,"2,448.9100",GH¢ per USD,0.244891,GH¢ per USD,ok,
1999-05-27,USDGHS,US Dollar,Selling,"2,478.8200",GH¢ per USD,0.247882,GH¢ per USD,ok,
1999-05-27,USDGHS,US Dollar,Mid Rate,"2,463.8650",GH¢ per USD,0.2463865,GH¢ per USD,ok,
1999-05-27,AUDGHS,Australian Dollar,Buying,185.3700,GH¢ per AUD,0.018537,GH¢ per AUD,ok,
1999-05-27,AUDGHS,Australian Dollar,Selling,"1,615.4400",GH¢ per AUD,0.161544,GH¢ per AUD,ok,
1999-05-27,AUDGHS,Australian Dollar,Mid Rate,900.4050,GH¢ per AUD,0.0900405,GH¢ per AUD,ok,
1999-05-27,CADGHS,Canadian Dollar,Buying,"1,669.9000",GH¢ per CAD,0.16699,GH¢ per CAD,ok,
1999-05-27,CADGHS,Canadian Dollar,Selling,"1,689.7400",GH¢ per CAD,0.168974,GH¢ per CAD,ok,
1999-05-27,CADGHS,Canadian Dollar,Mid Rate,"1,679.8200",GH¢ per CAD,0.167982,GH¢ per CAD,ok,
1999-05-27,CHFGHS,Swiss Franc,Buying,"1,600.8100",GH¢ per CHF,0.160081,GH¢ per CHF,ok,
1999-05-27,CHFGHS,Swiss Franc,Selling,"1,619.8000",GH¢ per CHF,0.16198,GH¢ per CHF,ok,
1999-05-27,CHFGHS,Swiss Franc,Mid Rate,"1,610.3050",GH¢ per CHF,0.1610305,GH¢ per CHF,ok,
1999-05-27,DKKGHS,Danish Krone,Buying,344.3900,GH¢ per DKK,0.034439,GH¢ per DKK,ok,
1999-05-27,DKKGHS,Danish Krone,Selling,348.4000,GH¢ per DKK,0.03484,GH¢ per DKK,ok,
1999-05-27,DKKGHS,Danish Krone,Mid Rate,346.3950,GH¢ per DKK,0.0346395,GH¢ per DKK,ok,
1999-05-27,GBPGHS,Pound Sterling,Buying,"3,899.8900",GH¢ per GBP,0.389989,GH¢ per GBP,ok,
1999-05-27,GBPGHS,Pound Sterling,Selling,"3,948.7600",GH¢ per GBP,0.394876,GH¢ per GBP,ok,
1999-05-27,GBPGHS,Pound Sterling,Mid Rate,"3,924.3250",GH¢ per GBP,0.3924325,GH¢ per GBP,ok,
1999-05-27,JPYGHS,Japanese yen,Buying,19.9800,GH¢ per JPY,0.001998,GH¢ per JPY,ok,
1999-05-27,JPYGHS,Japanese yen,Selling,20.2200,GH¢ per JPY,0.002022,GH¢ per JPY,ok,
1999-05-27,JPYGHS,Japanese yen,Mid Rate,20.1000,GH¢ per JPY,0.00201,GH¢ per JPY,ok,
1999-05-27,NOKGHS,Norwegian Krone,Buying,309.6400,GH¢ per NOK,0.030964,GH¢ per NOK,ok,
1999-05-27,NOKGHS,Norwegian Krone,Selling,313.1800,GH¢ per NOK,0.031318,GH¢ per NOK,ok,
1999-05-27,NOKGHS,Norwegian Krone,Mid Rate,311.4100,GH¢ per NOK,0.031141,GH¢ per NOK,ok,
1999-05-27,SEKGHS,Swedish Krona,Buying,284.7800,GH¢ per SEK,0.028478,GH¢ per SEK,ok,
1999-05-27,SEKGHS,Swedish Krona,Selling,287.9300,GH¢ per SEK,0.028793,GH¢ per SEK,ok,
1999-05-27,SEKGHS,Swedish Krona,Mid Rate,286.3550,GH¢ per SEK,0.0286355,GH¢ per SEK,ok,
1999-05-28,USDGHS,US Dollar,Buying,"2,460.0000",GH¢ per USD,0.246,GH¢ per USD,ok,
1999-05-28,USDGHS,US Dollar,Selling,"2,490.3600",GH¢ per USD,0.249036,GH¢ per USD,ok,
1999-05-28,USDGHS,US Dollar,Mid Rate,"2,475.1800",GH¢ per USD,0.247518,GH¢ per USD,ok,
1999-05-28,AUDGHS,Australian Dollar,Buying,187.1800,GH¢ per AUD,0.018718,GH¢ per AUD,ok,
1999-05-28,AUDGHS,Australian Dollar,Selling,"1,628.8800",GH¢ per AUD,0.162888,GH¢ per AUD,ok,
1999-05-28,AUDGHS,Australian Dollar,Mid Rate,908.0300,GH¢ per AUD,0.090803,GH¢ per AUD,ok,
1999-05-28,CADGHS,Canadian Dollar,Buying,"1,668.4700",GH¢ per CAD,0.166847,GH¢ per CAD,ok,
1999-05-28,CADGHS,Canadian Dollar,Selling,"1,687.8900",GH¢ per CAD,0.168789,GH¢ per CAD,ok,
1999-05-28,CADGHS,Canadian Dollar,Mid Rate,"1,678.1800",GH¢ per CAD,0.167818,GH¢ per CAD,ok,
1999-05-28,CHFGHS,Swiss Franc,Buying,"1,618.1300",GH¢ per CHF,0.161813,GH¢ per CHF,ok,
1999-05-28,CHFGHS,Swiss Franc,Selling,"1,637.5100",GH¢ per CHF,0.163751,GH¢ per CHF,ok,
1999-05-28,CHFGHS,Swiss Franc,Mid Rate,"1,627.8200",GH¢ per CHF,0.162782,GH¢ per CHF,ok,
1999-05-28,DKKGHS,Danish Krone,Buying,346.5000,GH¢ per DKK,0.03465,GH¢ per DKK,ok,
1999-05-28,DKKGHS,Danish Krone,Selling,350.6300,GH¢ per DKK,0.035063,GH¢ per DKK,ok,
1999-05-28,DKKGHS,Danish Krone,Mid Rate,348.5650,GH¢ per DKK,0.0348565,GH¢ per DKK,ok,
1999-05-28,GBPGHS,Pound Sterling,Buying,"3,931.5700",GH¢ per GBP,0.393157,GH¢ per GBP,ok,
1999-05-28,GBPGHS,Pound Sterling,Selling,"3,982.5800",GH¢ per GBP,0.398258,GH¢ per GBP,ok,
1999-05-28,GBPGHS,Pound Sterling,Mid Rate,"3,957.0750",GH¢ per GBP,0.3957075,GH¢ per GBP,ok,
1999-05-28,JPYGHS,Japanese yen,Buying,20.4200,GH¢ per JPY,0.002042,GH¢ per JPY,ok,
1999-05-28,JPYGHS,Japanese yen,Selling,20.6700,GH¢ per JPY,0.002067,GH¢ per JPY,ok,
1999-05-28,JPYGHS,Japanese yen,Mid Rate,20.5450,GH¢ per JPY,0.0020545,GH¢ per JPY,ok,
1999-05-28,NOKGHS,Norwegian Krone,Buying,312.1800,GH¢ per NOK,0.031218,GH¢ per NOK,ok,
1999-05-28,NOKGHS,Norwegian Krone,Selling,315.8300,GH¢ per NOK,0.031583,GH¢ per NOK,ok,
1999-05-28,NOKGHS,Norwegian Krone,Mid Rate,314.0050,GH¢ per NOK,0.0314005,GH¢ per NOK,ok,
1999-05-28,SEKGHS,Swedish Krona,Buying,286.6100,GH¢ per SEK,0.028661,GH¢ per SEK,ok,
1999-05-28,SEKGHS,Swedish Krona,Selling,289.8100,GH¢ per SEK,0.028981,GH¢ per SEK,ok,
1999-05-28,SEKGHS,Swedish Krona,Mid Rate,288.2100,GH¢ per SEK,0.028821,GH¢ per SEK,ok,
1999-05-31,USDGHS,US Dollar,Buying,"2,465.0900",GH¢ per USD,0.246509,GH¢ per USD,ok,
1999-05-31,USDGHS,US Dollar,Selling,"2,497.2700",GH¢ per USD,0.249727,GH¢ per USD,ok,
1999-05-31,USDGHS,US Dollar,Mid Rate,"2,481.1800",GH¢ per USD,0.248118,GH¢ per USD,ok,
1999-05-31,AUDGHS,Australian Dollar,Buying,187.3300,GH¢ per AUD,0.018733,GH¢ per AUD,ok,
1999-05-31,AUDGHS,Australian Dollar,Selling,"1,622.5700",GH¢ per AUD,0.162257,GH¢ per AUD,ok,
1999-05-31,AUDGHS,Australian Dollar,Mid Rate,904.9500,GH¢ per AUD,0.090495,GH¢ per AUD,ok,
1999-05-31,CADGHS,Canadian Dollar,Buying,"1,672.8900",GH¢ per CAD,0.167289,GH¢ per CAD,ok,
1999-05-31,CADGHS,Canadian Dollar,Selling,"1,693.4000",GH¢ per CAD,0.16934,GH¢ per CAD,ok,
1999-05-31,CADGHS,Canadian Dollar,Mid Rate,"1,683.1450",GH¢ per CAD,0.1683145,GH¢ per CAD,ok,
1999-05-31,CHFGHS,Swiss Franc,Buying,"1,618.6900",GH¢ per CHF,0.161869,GH¢ per CHF,ok,
1999-05-31,CHFGHS,Swiss Franc,Selling,"1,638.5200",GH¢ per CHF,0.163852,GH¢ per CHF,ok,
1999-05-31,CHFGHS,Swiss Franc,Mid Rate,"1,628.6050",GH¢ per CHF,0.1628605,GH¢ per CHF,ok,
1999-05-31,DKKGHS,Danish Krone,Buying,347.0200,GH¢ per DKK,0.034702,GH¢ per DKK,ok,
1999-05-31,DKKGHS,Danish Krone,Selling,351.3500,GH¢ per DKK,0.035135,GH¢ per DKK,ok,
1999-05-31,DKKGHS,Danish Krone,Mid Rate,349.1850,GH¢ per DKK,0.0349185,GH¢ per DKK,ok,
1999-05-31,GBPGHS,Pound Sterling,Buying,"3,952.0300",GH¢ per GBP,0.395203,GH¢ per GBP,ok,
1999-05-31,GBPGHS,Pound Sterling,Selling,"4,004.3700",GH¢ per GBP,0.400437,GH¢ per GBP,ok,
1999-05-31,GBPGHS,Pound Sterling,Mid Rate,"3,978.2000",GH¢ per GBP,0.39782,GH¢ per GBP,ok,
1999-05-31,JPYGHS,Japanese yen,Buying,20.3200,GH¢ per JPY,0.002032,GH¢ per JPY,ok,
1999-05-31,JPYGHS,Japanese yen,Selling,20.5700,GH¢ per JPY,0.002057,GH¢ per JPY,ok,
1999-05-31,JPYGHS,Japanese yen,Mid Rate,20.4450,GH¢ per JPY,0.0020445,GH¢ per JPY,ok,
1999-05-31,NOKGHS,Norwegian Krone,Buying,313.2500,GH¢ per NOK,0.031325,GH¢ per NOK,ok,
1999-05-31,NOKGHS,Norwegian Krone,Selling,317.0900,GH¢ per NOK,0.031709,GH¢ per NOK,ok,
1999-05-31,NOKGHS,Norwegian Krone,Mid Rate,315.1700,GH¢ per NOK,0.031517,GH¢ per NOK,ok,
1999-05-31,SEKGHS,Swedish Krona,Buying,287.0800,GH¢ per SEK,0.028708,GH¢ per SEK,ok,
1999-05-31,SEKGHS,Swedish Krona,Selling,290.0800,GH¢ per SEK,0.029008,GH¢ per SEK,ok,
1999-05-31,SEKGHS,Swedish Krona,Mid Rate,288.5800,GH¢ per SEK,0.028858,GH¢ per SEK,ok,
1999-06-01,USDGHS,US Dollar,Buying,"2,465.9100",GH¢ per USD,0.246591,GH¢ per USD,ok,
1999-06-01,USDGHS,US Dollar,Selling,"2,497.4500",GH¢ per USD,0.249745,GH¢ per USD,ok,
1999-06-01,USDGHS,US Dollar,Mid Rate,"2,481.6800",GH¢ per USD,0.248168,GH¢ per USD,ok,
1999-06-01,AUDGHS,Australian Dollar,Buying,186.9200,GH¢ per AUD,0.018692,GH¢ per AUD,ok,
1999-06-01,AUDGHS,Australian Dollar,Selling,"1,613.9700",GH¢ per AUD,0.161397,GH¢ per AUD,ok,
1999-06-01,AUDGHS,Australian Dollar,Mid Rate,900.4450,GH¢ per AUD,0.0900445,GH¢ per AUD,ok,
1999-06-01,CADGHS,Canadian Dollar,Buying,"1,670.7100",GH¢ per CAD,0.167071,GH¢ per CAD,ok,
1999-06-01,CADGHS,Canadian Dollar,Selling,"1,692.2800",GH¢ per CAD,0.169228,GH¢ per CAD,ok,
1999-06-01,CADGHS,Canadian Dollar,Mid Rate,"1,681.4950",GH¢ per CAD,0.1681495,GH¢ per CAD,ok,
1999-06-01,CHFGHS,Swiss Franc,Buying,"1,614.5700",GH¢ per CHF,0.161457,GH¢ per CHF,ok,
1999-06-01,CHFGHS,Swiss Franc,Selling,"1,634.8400",GH¢ per CHF,0.163484,GH¢ per CHF,ok,
1999-06-01,CHFGHS,Swiss Franc,Mid Rate,"1,624.7050",GH¢ per CHF,0.1624705,GH¢ per CHF,ok,
1999-06-01,DKKGHS,Danish Krone,Buying,346.1300,GH¢ per DKK,0.034613,GH¢ per DKK,ok,
1999-06-01,DKKGHS,Danish Krone,Selling,350.5600,GH¢ per DKK,0.035056,GH¢ per DKK,ok,
1999-06-01,DKKGHS,Danish Krone,Mid Rate,348.3450,GH¢ per DKK,0.0348345,GH¢ per DKK,ok,
1999-06-01,GBPGHS,Pound Sterling,Buying,"3,949.8900",GH¢ per GBP,0.394989,GH¢ per GBP,ok,
1999-06-01,GBPGHS,Pound Sterling,Selling,"4,002.9100",GH¢ per GBP,0.400291,GH¢ per GBP,ok,
1999-06-01,GBPGHS,Pound Sterling,Mid Rate,"3,976.4000",GH¢ per GBP,0.39764,GH¢ per GBP,ok,
1999-06-01,JPYGHS,Japanese yen,Buying,20.3600,GH¢ per JPY,0.002036,GH¢ per JPY,ok,
1999-06-01,JPYGHS,Japanese yen,Selling,20.6200,GH¢ per JPY,0.002062,GH¢ per JPY,ok,
1999-06-01,JPYGHS,Japanese yen,Mid Rate,20.4900,GH¢ per JPY,0.002049,GH¢ per JPY,ok,
1999-06-01,NOKGHS,Norwegian Krone,Buying,312.6600,GH¢ per NOK,0.031266,GH¢ per NOK,ok,
1999-06-01,NOKGHS,Norwegian Krone,Selling,316.5500,GH¢ per NOK,0.031655,GH¢ per NOK,ok,
1999-06-01,NOKGHS,Norwegian Krone,Mid Rate,314.6050,GH¢ per NOK,0.0314605,GH¢ per NOK,ok,
1999-06-01,SEKGHS,Swedish Krona,Buying,286.5800,GH¢ per SEK,0.028658,GH¢ per SEK,ok,
1999-06-01,SEKGHS,Swedish Krona,Selling,290.1000,GH¢ per SEK,0.02901,GH¢ per SEK,ok,
1999-06-01,SEKGHS,Swedish Krona,Mid Rate,288.3400,GH¢ per SEK,0.028834,GH¢ per SEK,ok,
1999-06-02,USDGHS,US Dollar,Buying,"2,470.0900",GH¢ per USD,0.247009,GH¢ per USD,ok,
1999-06-02,USDGHS,US Dollar,Selling,"2,502.0000",GH¢ per USD,0.2502,GH¢ per USD,ok,
1999-06-02,USDGHS,US Dollar,Mid Rate,"2,486.0450",GH¢ per USD,0.2486045,GH¢ per USD,ok,
1999-06-02,AUDGHS,Australian Dollar,Buying,187.3100,GH¢ per AUD,0.018731,GH¢ per AUD,ok,
1999-06-02,AUDGHS,Australian Dollar,Selling,"1,614.6100",GH¢ per AUD,0.161461,GH¢ per AUD,ok,
1999-06-02,AUDGHS,Australian Dollar,Mid Rate,900.9600,GH¢ per AUD,0.090096,GH¢ per AUD,ok,
1999-06-02,CADGHS,Canadian Dollar,Buying,"1,664.0200",GH¢ per CAD,0.166402,GH¢ per CAD,ok,
1999-06-02,CADGHS,Canadian Dollar,Selling,"1,684.9800",GH¢ per CAD,0.168498,GH¢ per CAD,ok,
1999-06-02,CADGHS,Canadian Dollar,Mid Rate,"1,674.5000",GH¢ per CAD,0.16745,GH¢ per CAD,ok,
1999-06-02,CHFGHS,Swiss Franc,Buying,"1,619.4400",GH¢ per CHF,0.161944,GH¢ per CHF,ok,
1999-06-02,CHFGHS,Swiss Franc,Selling,"1,639.4700",GH¢ per CHF,0.163947,GH¢ per CHF,ok,
1999-06-02,CHFGHS,Swiss Franc,Mid Rate,"1,629.4550",GH¢ per CHF,0.1629455,GH¢ per CHF,ok,
1999-06-02,DKKGHS,Danish Krone,Buying,346.7800,GH¢ per DKK,0.034678,GH¢ per DKK,ok,
1999-06-02,DKKGHS,Danish Krone,Selling,351.1600,GH¢ per DKK,0.035116,GH¢ per DKK,ok,
1999-06-02,DKKGHS,Danish Krone,Mid Rate,348.9700,GH¢ per DKK,0.034897,GH¢ per DKK,ok,
1999-06-02,GBPGHS,Pound Sterling,Buying,"3,977.8300",GH¢ per GBP,0.397783,GH¢ per GBP,ok,
1999-06-02,GBPGHS,Pound Sterling,Selling,"4,030.4700",GH¢ per GBP,0.403047,GH¢ per GBP,ok,
1999-06-02,GBPGHS,Pound Sterling,Mid Rate,"4,004.1500",GH¢ per GBP,0.400415,GH¢ per GBP,ok,
1999-06-02,JPYGHS,Japanese yen,Buying,20.4700,GH¢ per JPY,0.002047,GH¢ per JPY,ok,
1999-06-02,JPYGHS,Japanese yen,Selling,20.7300,GH¢ per JPY,0.002073,GH¢ per JPY,ok,
1999-06-02,JPYGHS,Japanese yen,Mid Rate,20.6000,GH¢ per JPY,0.00206,GH¢ per JPY,ok,
1999-06-02,NOKGHS,Norwegian Krone,Buying,312.3900,GH¢ per NOK,0.031239,GH¢ per NOK,ok,
1999-06-02,NOKGHS,Norwegian Krone,Selling,316.2300,GH¢ per NOK,0.031623,GH¢ per NOK,ok,
1999-06-02,NOKGHS,Norwegian Krone,Mid Rate,314.3100,GH¢ per NOK,0.031431,GH¢ per NOK,ok,
1999-06-02,SEKGHS,Swedish Krona,Buying,286.9700,GH¢ per SEK,0.028697,GH¢ per SEK,ok,
1999-06-02,SEKGHS,Swedish Krona,Selling,290.3800,GH¢ per SEK,0.029038,GH¢ per SEK,ok,
1999-06-02,SEKGHS,Swedish Krona,Mid Rate,288.6750,GH¢ per SEK,0.0288675,GH¢ per SEK,ok,
1999-06-03,USDGHS,US Dollar,Buying,"2,474.4500",GH¢ per USD,0.247445,GH¢ per USD,ok,
1999-06-03,USDGHS,US Dollar,Selling,"2,506.5500",GH¢ per USD,0.250655,GH¢ per USD,ok,
1999-06-03,USDGHS,US Dollar,Mid Rate,"2,490.5000",GH¢ per USD,0.24905,GH¢ per USD,ok,
1999-06-03,AUDGHS,Australian Dollar,Buying,186.0100,GH¢ per AUD,0.018601,GH¢ per AUD,ok,
1999-06-03,AUDGHS,Australian Dollar,Selling,"1,614.7400",GH¢ per AUD,0.161474,GH¢ per AUD,ok,
1999-06-03,AUDGHS,Australian Dollar,Mid Rate,900.3750,GH¢ per AUD,0.0900375,GH¢ per AUD,ok,
1999-06-03,CADGHS,Canadian Dollar,Buying,"1,673.4100",GH¢ per CAD,0.167341,GH¢ per CAD,ok,
1999-06-03,CADGHS,Canadian Dollar,Selling,"1,694.2900",GH¢ per CAD,0.169429,GH¢ per CAD,ok,
1999-06-03,CADGHS,Canadian Dollar,Mid Rate,"1,683.8500",GH¢ per CAD,0.168385,GH¢ per CAD,ok,
1999-06-03,CHFGHS,Swiss Franc,Buying,"1,609.1100",GH¢ per CHF,0.160911,GH¢ per CHF,ok,
1999-06-03,CHFGHS,Swiss Franc,Selling,"1,629.4400",GH¢ per CHF,0.162944,GH¢ per CHF,ok,
1999-06-03,CHFGHS,Swiss Franc,Mid Rate,"1,619.2750",GH¢ per CHF,0.1619275,GH¢ per CHF,ok,
1999-06-03,DKKGHS,Danish Krone,Buying,344.4700,GH¢ per DKK,0.034447,GH¢ per DKK,ok,
1999-06-03,DKKGHS,Danish Krone,Selling,348.7400,GH¢ per DKK,0.034874,GH¢ per DKK,ok,
1999-06-03,DKKGHS,Danish Krone,Mid Rate,346.6050,GH¢ per DKK,0.0346605,GH¢ per DKK,ok,
1999-06-03,GBPGHS,Pound Sterling,Buying,"3,970.0100",GH¢ per GBP,0.397001,GH¢ per GBP,ok,
1999-06-03,GBPGHS,Pound Sterling,Selling,"4,022.7600",GH¢ per GBP,0.402276,GH¢ per GBP,ok,
1999-06-03,GBPGHS,Pound Sterling,Mid Rate,"3,996.3850",GH¢ per GBP,0.3996385,GH¢ per GBP,ok,
1999-06-03,JPYGHS,Japanese yen,Buying,20.3700,GH¢ per JPY,0.002037,GH¢ per JPY,ok,
1999-06-03,JPYGHS,Japanese yen,Selling,20.6300,GH¢ per JPY,0.002063,GH¢ per JPY,ok,
1999-06-03,JPYGHS,Japanese yen,Mid Rate,20.5000,GH¢ per JPY,0.00205,GH¢ per JPY,ok,
1999-06-03,NOKGHS,Norwegian Krone,Buying,311.4100,GH¢ per NOK,0.031141,GH¢ per NOK,ok,
1999-06-03,NOKGHS,Norwegian Krone,Selling,315.2100,GH¢ per NOK,0.031521,GH¢ per NOK,ok,
1999-06-03,NOKGHS,Norwegian Krone,Mid Rate,313.3100,GH¢ per NOK,0.031331,GH¢ per NOK,ok,
1999-06-03,SEKGHS,Swedish Krona,Buying,286.4300,GH¢ per SEK,0.028643,GH¢ per SEK,ok,
1999-06-03,SEKGHS,Swedish Krona,Selling,289.8100,GH¢ per SEK,0.028981,GH¢ per SEK,ok,
1999-06-03,SEKGHS,Swedish Krona,Mid Rate,288.1200,GH¢ per SEK,0.028812,GH¢ per SEK,ok,
1999-06-07,USDGHS,US Dollar,Buying,"2,477.5500",GH¢ per USD,0.247755,GH¢ per USD,ok,
1999-06-07,USDGHS,US Dollar,Selling,"2,512.4500",GH¢ per USD,0.251245,GH¢ per USD,ok,
1999-06-07,USDGHS,US Dollar,Mid Rate,"2,495.0000",GH¢ per USD,0.2495,GH¢ per USD,ok,
1999-06-07,AUDGHS,Australian Dollar,Buying,185.0600,GH¢ per AUD,0.018506,GH¢ per AUD,ok,
1999-06-07,AUDGHS,Australian Dollar,Selling,"1,652.1600",GH¢ per AUD,0.165216,GH¢ per AUD,ok,
1999-06-07,AUDGHS,Australian Dollar,Mid Rate,918.6100,GH¢ per AUD,0.091861,GH¢ per AUD,ok,
1999-06-07,CADGHS,Canadian Dollar,Buying,"1,683.5600",GH¢ per CAD,0.168356,GH¢ per CAD,ok,
1999-06-07,CADGHS,Canadian Dollar,Selling,"1,706.1000",GH¢ per CAD,0.17061,GH¢ per CAD,ok,
1999-06-07,CADGHS,Canadian Dollar,Mid Rate,"1,694.8300",GH¢ per CAD,0.169483,GH¢ per CAD,ok,
1999-06-07,CHFGHS,Swiss Franc,Buying,"1,605.6500",GH¢ per CHF,0.160565,GH¢ per CHF,ok,
1999-06-07,CHFGHS,Swiss Franc,Selling,"1,627.2500",GH¢ per CHF,0.162725,GH¢ per CHF,ok,
1999-06-07,CHFGHS,Swiss Franc,Mid Rate,"1,616.4500",GH¢ per CHF,0.161645,GH¢ per CHF,ok,
1999-06-07,DKKGHS,Danish Krone,Buying,342.8100,GH¢ per DKK,0.034281,GH¢ per DKK,ok,
1999-06-07,DKKGHS,Danish Krone,Selling,347.5000,GH¢ per DKK,0.03475,GH¢ per DKK,ok,
1999-06-07,DKKGHS,Danish Krone,Mid Rate,345.1550,GH¢ per DKK,0.0345155,GH¢ per DKK,ok,
1999-06-07,GBPGHS,Pound Sterling,Buying,"3,979.9400",GH¢ per GBP,0.397994,GH¢ per GBP,ok,
1999-06-07,GBPGHS,Pound Sterling,Selling,"4,038.5100",GH¢ per GBP,0.403851,GH¢ per GBP,ok,
1999-06-07,GBPGHS,Pound Sterling,Mid Rate,"4,009.2250",GH¢ per GBP,0.4009225,GH¢ per GBP,ok,
1999-06-07,JPYGHS,Japanese yen,Buying,20.5200,GH¢ per JPY,0.002052,GH¢ per JPY,ok,
1999-06-07,JPYGHS,Japanese yen,Selling,20.8100,GH¢ per JPY,0.002081,GH¢ per JPY,ok,
1999-06-07,JPYGHS,Japanese yen,Mid Rate,20.6650,GH¢ per JPY,0.0020665,GH¢ per JPY,ok,
1999-06-07,NOKGHS,Norwegian Krone,Buying,310.4900,GH¢ per NOK,0.031049,GH¢ per NOK,ok,
1999-06-07,NOKGHS,Norwegian Krone,Selling,314.6700,GH¢ per NOK,0.031467,GH¢ per NOK,ok,
1999-06-07,NOKGHS,Norwegian Krone,Mid Rate,312.5800,GH¢ per NOK,0.031258,GH¢ per NOK,ok,
1999-06-07,SEKGHS,Swedish Krona,Buying,286.5600,GH¢ per SEK,0.028656,GH¢ per SEK,ok,
1999-06-07,SEKGHS,Swedish Krona,Selling,290.2600,GH¢ per SEK,0.029026,GH¢ per SEK,ok,
1999-06-07,SEKGHS,Swedish Krona,Mid Rate,288.4100,GH¢ per SEK,0.028841,GH¢ per SEK,ok,
1999-06-08,USDGHS,US Dollar,Buying,"2,479.0000",GH¢ per USD,0.2479,GH¢ per USD,ok,
1999-06-08,USDGHS,US Dollar,Selling,"2,513.8200",GH¢ per USD,0.251382,GH¢ per USD,ok,
1999-06-08,USDGHS,US Dollar,Mid Rate,"2,496.4100",GH¢ per USD,0.249641,GH¢ per USD,ok,
1999-06-08,AUDGHS,Australian Dollar,Buying,186.7400,GH¢ per AUD,0.018674,GH¢ per AUD,ok,
1999-06-08,AUDGHS,Australian Dollar,Selling,"1,662.0000",GH¢ per AUD,0.1662,GH¢ per AUD,ok,
1999-06-08,AUDGHS,Australian Dollar,Mid Rate,924.3700,GH¢ per AUD,0.092437,GH¢ per AUD,ok,
1999-06-08,CADGHS,Canadian Dollar,Buying,"1,688.9000",GH¢ per CAD,0.16889,GH¢ per CAD,ok,
1999-06-08,CADGHS,Canadian Dollar,Selling,"1,711.2700",GH¢ per CAD,0.171127,GH¢ per CAD,ok,
1999-06-08,CADGHS,Canadian Dollar,Mid Rate,"1,700.0850",GH¢ per CAD,0.1700085,GH¢ per CAD,ok,
1999-06-08,CHFGHS,Swiss Franc,Buying,"1,616.2400",GH¢ per CHF,0.161624,GH¢ per CHF,ok,
1999-06-08,CHFGHS,Swiss Franc,Selling,"1,637.6500",GH¢ per CHF,0.163765,GH¢ per CHF,ok,
1999-06-08,CHFGHS,Swiss Franc,Mid Rate,"1,626.9450",GH¢ per CHF,0.1626945,GH¢ per CHF,ok,
1999-06-08,DKKGHS,Danish Krone,Buying,345.8500,GH¢ per DKK,0.034585,GH¢ per DKK,ok,
1999-06-08,DKKGHS,Danish Krone,Selling,350.4700,GH¢ per DKK,0.035047,GH¢ per DKK,ok,
1999-06-08,DKKGHS,Danish Krone,Mid Rate,348.1600,GH¢ per DKK,0.034816,GH¢ per DKK,ok,
1999-06-08,GBPGHS,Pound Sterling,Buying,"3,970.6100",GH¢ per GBP,0.397061,GH¢ per GBP,ok,
1999-06-08,GBPGHS,Pound Sterling,Selling,"4,027.1400",GH¢ per GBP,0.402714,GH¢ per GBP,ok,
1999-06-08,GBPGHS,Pound Sterling,Mid Rate,"3,998.8750",GH¢ per GBP,0.3998875,GH¢ per GBP,ok,
1999-06-08,JPYGHS,Japanese yen,Buying,20.4300,GH¢ per JPY,0.002043,GH¢ per JPY,ok,
1999-06-08,JPYGHS,Japanese yen,Selling,20.7100,GH¢ per JPY,0.002071,GH¢ per JPY,ok,
1999-06-08,JPYGHS,Japanese yen,Mid Rate,20.5700,GH¢ per JPY,0.002057,GH¢ per JPY,ok,
1999-06-08,NOKGHS,Norwegian Krone,Buying,313.8800,GH¢ per NOK,0.031388,GH¢ per NOK,ok,
1999-06-08,NOKGHS,Norwegian Krone,Selling,318.0000,GH¢ per NOK,0.0318,GH¢ per NOK,ok,
1999-06-08,NOKGHS,Norwegian Krone,Mid Rate,315.9400,GH¢ per NOK,0.031594,GH¢ per NOK,ok,
1999-06-08,SEKGHS,Swedish Krona,Buying,288.8300,GH¢ per SEK,0.028883,GH¢ per SEK,ok,
1999-06-08,SEKGHS,Swedish Krona,Selling,292.5100,GH¢ per SEK,0.029251,GH¢ per SEK,ok,
1999-06-08,SEKGHS,Swedish Krona,Mid Rate,290.6700,GH¢ per SEK,0.029067,GH¢ per SEK,ok,
1999-06-09,USDGHS,US Dollar,Buying,"2,482.2700",GH¢ per USD,0.248227,GH¢ per USD,ok,
1999-06-09,USDGHS,US Dollar,Selling,"2,518.5500",GH¢ per USD,0.251855,GH¢ per USD,ok,
1999-06-09,USDGHS,US Dollar,Mid Rate,"2,500.4100",GH¢ per USD,0.250041,GH¢ per USD,ok,
1999-06-09,AUDGHS,Australian Dollar,Buying,188.7500,GH¢ per AUD,0.018875,GH¢ per AUD,ok,
1999-06-09,AUDGHS,Australian Dollar,Selling,"1,663.0000",GH¢ per AUD,0.1663,GH¢ per AUD,ok,
1999-06-09,AUDGHS,Australian Dollar,Mid Rate,925.8750,GH¢ per AUD,0.0925875,GH¢ per AUD,ok,
1999-06-09,CADGHS,Canadian Dollar,Buying,"1,684.2700",GH¢ per CAD,0.168427,GH¢ per CAD,ok,
1999-06-09,CADGHS,Canadian Dollar,Selling,"1,707.7500",GH¢ per CAD,0.170775,GH¢ per CAD,ok,
1999-06-09,CADGHS,Canadian Dollar,Mid Rate,"1,696.0100",GH¢ per CAD,0.169601,GH¢ per CAD,ok,
1999-06-09,CHFGHS,Swiss Franc,Buying,"1,631.2300",GH¢ per CHF,0.163123,GH¢ per CHF,ok,
1999-06-09,CHFGHS,Swiss Franc,Selling,"1,654.0300",GH¢ per CHF,0.165403,GH¢ per CHF,ok,
1999-06-09,CHFGHS,Swiss Franc,Mid Rate,"1,642.6300",GH¢ per CHF,0.164263,GH¢ per CHF,ok,
1999-06-09,DKKGHS,Danish Krone,Buying,349.5900,GH¢ per DKK,0.034959,GH¢ per DKK,ok,
1999-06-09,DKKGHS,Danish Krone,Selling,354.5500,GH¢ per DKK,0.035455,GH¢ per DKK,ok,
1999-06-09,DKKGHS,Danish Krone,Mid Rate,352.0700,GH¢ per DKK,0.035207,GH¢ per DKK,ok,
1999-06-09,GBPGHS,Pound Sterling,Buying,"3,983.8000",GH¢ per GBP,0.39838,GH¢ per GBP,ok,
1999-06-09,GBPGHS,Pound Sterling,Selling,"4,043.2800",GH¢ per GBP,0.404328,GH¢ per GBP,ok,
1999-06-09,GBPGHS,Pound Sterling,Mid Rate,"4,013.5400",GH¢ per GBP,0.401354,GH¢ per GBP,ok,
1999-06-09,JPYGHS,Japanese yen,Buying,20.8000,GH¢ per JPY,0.00208,GH¢ per JPY,ok,
1999-06-09,JPYGHS,Japanese yen,Selling,21.1000,GH¢ per JPY,0.00211,GH¢ per JPY,ok,
1999-06-09,JPYGHS,Japanese yen,Mid Rate,20.9500,GH¢ per JPY,0.002095,GH¢ per JPY,ok,
1999-06-09,NOKGHS,Norwegian Krone,Buying,316.4800,GH¢ per NOK,0.031648,GH¢ per NOK,ok,
1999-06-09,NOKGHS,Norwegian Krone,Selling,320.8500,GH¢ per NOK,0.032085,GH¢ per NOK,ok,
1999-06-09,NOKGHS,Norwegian Krone,Mid Rate,318.6650,GH¢ per NOK,0.0318665,GH¢ per NOK,ok,
1999-06-09,SEKGHS,Swedish Krona,Buying,290.9900,GH¢ per SEK,0.029099,GH¢ per SEK,ok,
1999-06-09,SEKGHS,Swedish Krona,Selling,294.9400,GH¢ per SEK,0.029494,GH¢ per SEK,ok,
1999-06-09,SEKGHS,Swedish Krona,Mid Rate,292.9650,GH¢ per SEK,0.0292965,GH¢ per SEK,ok,
1999-06-10,USDGHS,US Dollar,Buying,"2,484.3600",GH¢ per USD,0.248436,GH¢ per USD,ok,
1999-06-10,USDGHS,US Dollar,Selling,"2,523.0900",GH¢ per USD,0.252309,GH¢ per USD,ok,
1999-06-10,USDGHS,US Dollar,Mid Rate,"2,503.7250",GH¢ per USD,0.2503725,GH¢ per USD,ok,
1999-06-10,AUDGHS,Australian Dollar,Buying,188.6200,GH¢ per AUD,0.018862,GH¢ per AUD,ok,
1999-06-10,AUDGHS,Australian Dollar,Selling,"1,663.8600",GH¢ per AUD,0.166386,GH¢ per AUD,ok,
1999-06-10,AUDGHS,Australian Dollar,Mid Rate,926.2400,GH¢ per AUD,0.092624,GH¢ per AUD,ok,
1999-06-10,CADGHS,Canadian Dollar,Buying,"1,687.9900",GH¢ per CAD,0.168799,GH¢ per CAD,ok,
1999-06-10,CADGHS,Canadian Dollar,Selling,"1,713.0900",GH¢ per CAD,0.171309,GH¢ per CAD,ok,
1999-06-10,CADGHS,Canadian Dollar,Mid Rate,"1,700.5400",GH¢ per CAD,0.170054,GH¢ per CAD,ok,
1999-06-10,CHFGHS,Swiss Franc,Buying,"1,629.3300",GH¢ per CHF,0.162933,GH¢ per CHF,ok,
1999-06-10,CHFGHS,Swiss Franc,Selling,"1,653.6200",GH¢ per CHF,0.165362,GH¢ per CHF,ok,
1999-06-10,CHFGHS,Swiss Franc,Mid Rate,"1,641.4750",GH¢ per CHF,0.1641475,GH¢ per CHF,ok,
1999-06-10,DKKGHS,Danish Krone,Buying,349.3700,GH¢ per DKK,0.034937,GH¢ per DKK,ok,
1999-06-10,DKKGHS,Danish Krone,Selling,354.6200,GH¢ per DKK,0.035462,GH¢ per DKK,ok,
1999-06-10,DKKGHS,Danish Krone,Mid Rate,351.9950,GH¢ per DKK,0.0351995,GH¢ per DKK,ok,
1999-06-10,GBPGHS,Pound Sterling,Buying,"3,976.2200",GH¢ per GBP,0.397622,GH¢ per GBP,ok,
1999-06-10,GBPGHS,Pound Sterling,Selling,"4,039.4700",GH¢ per GBP,0.403947,GH¢ per GBP,ok,
1999-06-10,GBPGHS,Pound Sterling,Mid Rate,"4,007.8450",GH¢ per GBP,0.4007845,GH¢ per GBP,ok,
1999-06-10,JPYGHS,Japanese yen,Buying,20.8400,GH¢ per JPY,0.002084,GH¢ per JPY,ok,
1999-06-10,JPYGHS,Japanese yen,Selling,21.1500,GH¢ per JPY,0.002115,GH¢ per JPY,ok,
1999-06-10,JPYGHS,Japanese yen,Mid Rate,20.9950,GH¢ per JPY,0.0020995,GH¢ per JPY,ok,
1999-06-10,NOKGHS,Norwegian Krone,Buying,316.0000,GH¢ per NOK,0.0316,GH¢ per NOK,ok,
1999-06-10,NOKGHS,Norwegian Krone,Selling,320.7200,GH¢ per NOK,0.032072,GH¢ per NOK,ok,
1999-06-10,NOKGHS,Norwegian Krone,Mid Rate,318.3600,GH¢ per NOK,0.031836,GH¢ per NOK,ok,
1999-06-10,SEKGHS,Swedish Krona,Buying,290.7500,GH¢ per SEK,0.029075,GH¢ per SEK,ok,
1999-06-10,SEKGHS,Swedish Krona,Selling,294.9400,GH¢ per SEK,0.029494,GH¢ per SEK,ok,
1999-06-10,SEKGHS,Swedish Krona,Mid Rate,292.8450,GH¢ per SEK,0.0292845,GH¢ per SEK,ok,
1999-06-11,USDGHS,US Dollar,Buying,"2,484.2700",GH¢ per USD,0.248427,GH¢ per USD,ok,
1999-06-11,USDGHS,US Dollar,Selling,"2,522.5500",GH¢ per USD,0.252255,GH¢ per USD,ok,
1999-06-11,USDGHS,US Dollar,Mid Rate,"2,503.4100",GH¢ per USD,0.250341,GH¢ per USD,ok,
1999-06-11,AUDGHS,Australian Dollar,Buying,190.0200,GH¢ per AUD,0.019002,GH¢ per AUD,ok,
1999-06-11,AUDGHS,Australian Dollar,Selling,"1,679.3900",GH¢ per AUD,0.167939,GH¢ per AUD,ok,
1999-06-11,AUDGHS,Australian Dollar,Mid Rate,934.7050,GH¢ per AUD,0.0934705,GH¢ per AUD,ok,
1999-06-11,CADGHS,Canadian Dollar,Buying,"1,702.3500",GH¢ per CAD,0.170235,GH¢ per CAD,ok,
1999-06-11,CADGHS,Canadian Dollar,Selling,"1,728.0200",GH¢ per CAD,0.172802,GH¢ per CAD,ok,
1999-06-11,CADGHS,Canadian Dollar,Mid Rate,"1,715.1850",GH¢ per CAD,0.1715185,GH¢ per CAD,ok,
1999-06-11,CHFGHS,Swiss Franc,Buying,"1,637.3800",GH¢ per CHF,0.163738,GH¢ per CHF,ok,
1999-06-11,CHFGHS,Swiss Franc,Selling,"1,661.5600",GH¢ per CHF,0.166156,GH¢ per CHF,ok,
1999-06-11,CHFGHS,Swiss Franc,Mid Rate,"1,649.4700",GH¢ per CHF,0.164947,GH¢ per CHF,ok,
1999-06-11,DKKGHS,Danish Krone,Buying,351.9000,GH¢ per DKK,0.03519,GH¢ per DKK,ok,
1999-06-11,DKKGHS,Danish Krone,Selling,357.2800,GH¢ per DKK,0.035728,GH¢ per DKK,ok,
1999-06-11,DKKGHS,Danish Krone,Mid Rate,354.5900,GH¢ per DKK,0.035459,GH¢ per DKK,ok,
1999-06-11,GBPGHS,Pound Sterling,Buying,"4,002.9000",GH¢ per GBP,0.40029,GH¢ per GBP,ok,
1999-06-11,GBPGHS,Pound Sterling,Selling,"4,065.3400",GH¢ per GBP,0.406534,GH¢ per GBP,ok,
1999-06-11,GBPGHS,Pound Sterling,Mid Rate,"4,034.1200",GH¢ per GBP,0.403412,GH¢ per GBP,ok,
1999-06-11,JPYGHS,Japanese yen,Buying,20.9400,GH¢ per JPY,0.002094,GH¢ per JPY,ok,
1999-06-11,JPYGHS,Japanese yen,Selling,21.2500,GH¢ per JPY,0.002125,GH¢ per JPY,ok,
1999-06-11,JPYGHS,Japanese yen,Mid Rate,21.0950,GH¢ per JPY,0.0021095,GH¢ per JPY,ok,
1999-06-11,NOKGHS,Norwegian Krone,Buying,318.6400,GH¢ per NOK,0.031864,GH¢ per NOK,ok,
1999-06-11,NOKGHS,Norwegian Krone,Selling,323.3000,GH¢ per NOK,0.03233,GH¢ per NOK,ok,
1999-06-11,NOKGHS,Norwegian Krone,Mid Rate,320.9700,GH¢ per NOK,0.032097,GH¢ per NOK,ok,
1999-06-11,SEKGHS,Swedish Krona,Buying,293.7600,GH¢ per SEK,0.029376,GH¢ per SEK,ok,
1999-06-11,SEKGHS,Swedish Krona,Selling,297.8500,GH¢ per SEK,0.029785,GH¢ per SEK,ok,
1999-06-11,SEKGHS,Swedish Krona,Mid Rate,295.8050,GH¢ per SEK,0.0295805,GH¢ per SEK,ok,
1999-06-14,USDGHS,US Dollar,Buying,"2,485.1800",GH¢ per USD,0.248518,GH¢ per USD,ok,
1999-06-14,USDGHS,US Dollar,Selling,"2,523.4500",GH¢ per USD,0.252345,GH¢ per USD,ok,
1999-06-14,USDGHS,US Dollar,Mid Rate,"2,504.3150",GH¢ per USD,0.2504315,GH¢ per USD,ok,
1999-06-14,AUDGHS,Australian Dollar,Buying,189.6200,GH¢ per AUD,0.018962,GH¢ per AUD,ok,
1999-06-14,AUDGHS,Australian Dollar,Selling,"1,671.7000",GH¢ per AUD,0.16717,GH¢ per AUD,ok,
1999-06-14,AUDGHS,Australian Dollar,Mid Rate,930.6600,GH¢ per AUD,0.093066,GH¢ per AUD,ok,
1999-06-14,CADGHS,Canadian Dollar,Buying,"1,699.4200",GH¢ per CAD,0.169942,GH¢ per CAD,ok,
1999-06-14,CADGHS,Canadian Dollar,Selling,"1,724.9700",GH¢ per CAD,0.172497,GH¢ per CAD,ok,
1999-06-14,CADGHS,Canadian Dollar,Mid Rate,"1,712.1950",GH¢ per CAD,0.1712195,GH¢ per CAD,ok,
1999-06-14,CHFGHS,Swiss Franc,Buying,"1,635.6300",GH¢ per CHF,0.163563,GH¢ per CHF,ok,
1999-06-14,CHFGHS,Swiss Franc,Selling,"1,659.7500",GH¢ per CHF,0.165975,GH¢ per CHF,ok,
1999-06-14,CHFGHS,Swiss Franc,Mid Rate,"1,647.6900",GH¢ per CHF,0.164769,GH¢ per CHF,ok,
1999-06-14,DKKGHS,Danish Krone,Buying,351.2100,GH¢ per DKK,0.035121,GH¢ per DKK,ok,
1999-06-14,DKKGHS,Danish Krone,Selling,356.4700,GH¢ per DKK,0.035647,GH¢ per DKK,ok,
1999-06-14,DKKGHS,Danish Krone,Mid Rate,353.8400,GH¢ per DKK,0.035384,GH¢ per DKK,ok,
1999-06-14,GBPGHS,Pound Sterling,Buying,"4,009.0900",GH¢ per GBP,0.400909,GH¢ per GBP,ok,
1999-06-14,GBPGHS,Pound Sterling,Selling,"4,073.3500",GH¢ per GBP,0.407335,GH¢ per GBP,ok,
1999-06-14,GBPGHS,Pound Sterling,Mid Rate,"4,041.2200",GH¢ per GBP,0.404122,GH¢ per GBP,ok,
1999-06-14,JPYGHS,Japanese yen,Buying,20.6400,GH¢ per JPY,0.002064,GH¢ per JPY,ok,
1999-06-14,JPYGHS,Japanese yen,Selling,20.9600,GH¢ per JPY,0.002096,GH¢ per JPY,ok,
1999-06-14,JPYGHS,Japanese yen,Mid Rate,20.8000,GH¢ per JPY,0.00208,GH¢ per JPY,ok,
1999-06-14,NOKGHS,Norwegian Krone,Buying,318.9400,GH¢ per NOK,0.031894,GH¢ per NOK,ok,
1999-06-14,NOKGHS,Norwegian Krone,Selling,323.6000,GH¢ per NOK,0.03236,GH¢ per NOK,ok,
1999-06-14,NOKGHS,Norwegian Krone,Mid Rate,321.2700,GH¢ per NOK,0.032127,GH¢ per NOK,ok,
1999-06-14,SEKGHS,Swedish Krona,Buying,294.4900,GH¢ per SEK,0.029449,GH¢ per SEK,ok,
1999-06-14,SEKGHS,Swedish Krona,Selling,298.6700,GH¢ per SEK,0.029867,GH¢ per SEK,ok,
1999-06-14,SEKGHS,Swedish Krona,Mid Rate,296.5800,GH¢ per SEK,0.029658,GH¢ per SEK,ok,
1999-06-15,USDGHS,US Dollar,Buying,"2,485.4500",GH¢ per USD,0.248545,GH¢ per USD,ok,
1999-06-15,USDGHS,US Dollar,Selling,"2,524.5500",GH¢ per USD,0.252455,GH¢ per USD,ok,
1999-06-15,USDGHS,US Dollar,Mid Rate,"2,505.0000",GH¢ per USD,0.2505,GH¢ per USD,ok,
1999-06-15,AUDGHS,Australian Dollar,Buying,187.7500,GH¢ per AUD,0.018775,GH¢ per AUD,ok,
1999-06-15,AUDGHS,Australian Dollar,Selling,"1,668.8400",GH¢ per AUD,0.166884,GH¢ per AUD,ok,
1999-06-15,AUDGHS,Australian Dollar,Mid Rate,928.2950,GH¢ per AUD,0.0928295,GH¢ per AUD,ok,
1999-06-15,CADGHS,Canadian Dollar,Buying,"1,701.6600",GH¢ per CAD,0.170166,GH¢ per CAD,ok,
1999-06-15,CADGHS,Canadian Dollar,Selling,"1,727.2300",GH¢ per CAD,0.172723,GH¢ per CAD,ok,
1999-06-15,CADGHS,Canadian Dollar,Mid Rate,"1,714.4450",GH¢ per CAD,0.1714445,GH¢ per CAD,ok,
1999-06-15,CHFGHS,Swiss Franc,Buying,"1,621.1800",GH¢ per CHF,0.162118,GH¢ per CHF,ok,
1999-06-15,CHFGHS,Swiss Franc,Selling,"1,645.6400",GH¢ per CHF,0.164564,GH¢ per CHF,ok,
1999-06-15,CHFGHS,Swiss Franc,Mid Rate,"1,633.4100",GH¢ per CHF,0.163341,GH¢ per CHF,ok,
1999-06-15,DKKGHS,Danish Krone,Buying,347.7600,GH¢ per DKK,0.034776,GH¢ per DKK,ok,
1999-06-15,DKKGHS,Danish Krone,Selling,353.0300,GH¢ per DKK,0.035303,GH¢ per DKK,ok,
1999-06-15,DKKGHS,Danish Krone,Mid Rate,350.3950,GH¢ per DKK,0.0350395,GH¢ per DKK,ok,
1999-06-15,GBPGHS,Pound Sterling,Buying,"3,993.1200",GH¢ per GBP,0.399312,GH¢ per GBP,ok,
1999-06-15,GBPGHS,Pound Sterling,Selling,"4,058.4700",GH¢ per GBP,0.405847,GH¢ per GBP,ok,
1999-06-15,GBPGHS,Pound Sterling,Mid Rate,"4,025.7950",GH¢ per GBP,0.4025795,GH¢ per GBP,ok,
1999-06-15,JPYGHS,Japanese yen,Buying,20.6400,GH¢ per JPY,0.002064,GH¢ per JPY,ok,
1999-06-15,JPYGHS,Japanese yen,Selling,20.9700,GH¢ per JPY,0.002097,GH¢ per JPY,ok,
1999-06-15,JPYGHS,Japanese yen,Mid Rate,20.8050,GH¢ per JPY,0.0020805,GH¢ per JPY,ok,
1999-06-15,NOKGHS,Norwegian Krone,Buying,315.6700,GH¢ per NOK,0.031567,GH¢ per NOK,ok,
1999-06-15,NOKGHS,Norwegian Krone,Selling,320.3900,GH¢ per NOK,0.032039,GH¢ per NOK,ok,
1999-06-15,NOKGHS,Norwegian Krone,Mid Rate,318.0300,GH¢ per NOK,0.031803,GH¢ per NOK,ok,
1999-06-15,SEKGHS,Swedish Krona,Buying,292.3400,GH¢ per SEK,0.029234,GH¢ per SEK,ok,
1999-06-15,SEKGHS,Swedish Krona,Selling,296.6200,GH¢ per SEK,0.029662,GH¢ per SEK,ok,
1999-06-15,SEKGHS,Swedish Krona,Mid Rate,294.4800,GH¢ per SEK,0.029448,GH¢ per SEK,ok,
1999-06-16,USDGHS,US Dollar,Buying,"2,485.9100",GH¢ per USD,0.248591,GH¢ per USD,ok,
1999-06-16,USDGHS,US Dollar,Selling,"2,523.8200",GH¢ per USD,0.252382,GH¢ per USD,ok,
1999-06-16,USDGHS,US Dollar,Mid Rate,"2,504.8650",GH¢ per USD,0.2504865,GH¢ per USD,ok,
1999-06-16,AUDGHS,Australian Dollar,Buying,187.7700,GH¢ per AUD,0.018777,GH¢ per AUD,ok,
1999-06-16,AUDGHS,Australian Dollar,Selling,"1,340.7800",GH¢ per AUD,,GH¢ per AUD,held,FX1_outlier
1999-06-16,AUDGHS,Australian Dollar,Mid Rate,764.2750,GH¢ per AUD,,GH¢ per AUD,held,FX1_outlier
1999-06-16,CADGHS,Canadian Dollar,Buying,"1,698.6100",GH¢ per CAD,0.169861,GH¢ per CAD,ok,
1999-06-16,CADGHS,Canadian Dollar,Selling,"1,723.1400",GH¢ per CAD,0.172314,GH¢ per CAD,ok,
1999-06-16,CADGHS,Canadian Dollar,Mid Rate,"1,710.8750",GH¢ per CAD,0.1710875,GH¢ per CAD,ok,
1999-06-16,CHFGHS,Swiss Franc,Buying,"1,619.4900",GH¢ per CHF,0.161949,GH¢ per CHF,ok,
1999-06-16,CHFGHS,Swiss Franc,Selling,"1,642.8800",GH¢ per CHF,0.164288,GH¢ per CHF,ok,
1999-06-16,CHFGHS,Swiss Franc,Mid Rate,"1,631.1850",GH¢ per CHF,0.1631185,GH¢ per CHF,ok,
1999-06-16,DKKGHS,Danish Krone,Buying,347.8000,GH¢ per DKK,0.03478,GH¢ per DKK,ok,
1999-06-16,DKKGHS,Danish Krone,Selling,352.9100,GH¢ per DKK,0.035291,GH¢ per DKK,ok,
1999-06-16,DKKGHS,Danish Krone,Mid Rate,350.3550,GH¢ per DKK,0.0350355,GH¢ per DKK,ok,
1999-06-16,GBPGHS,Pound Sterling,Buying,"3,952.8500",GH¢ per GBP,0.395285,GH¢ per GBP,ok,
1999-06-16,GBPGHS,Pound Sterling,Selling,"4,013.8800",GH¢ per GBP,0.401388,GH¢ per GBP,ok,
1999-06-16,GBPGHS,Pound Sterling,Mid Rate,"3,983.3650",GH¢ per GBP,0.3983365,GH¢ per GBP,ok,
1999-06-16,JPYGHS,Japanese yen,Buying,20.6700,GH¢ per JPY,0.002067,GH¢ per JPY,ok,
1999-06-16,JPYGHS,Japanese yen,Selling,20.9800,GH¢ per JPY,0.002098,GH¢ per JPY,ok,
1999-06-16,JPYGHS,Japanese yen,Mid Rate,20.8250,GH¢ per JPY,0.0020825,GH¢ per JPY,ok,
1999-06-16,NOKGHS,Norwegian Krone,Buying,316.0900,GH¢ per NOK,0.031609,GH¢ per NOK,ok,
1999-06-16,NOKGHS,Norwegian Krone,Selling,320.5800,GH¢ per NOK,0.032058,GH¢ per NOK,ok,
1999-06-16,NOKGHS,Norwegian Krone,Mid Rate,318.3350,GH¢ per NOK,0.0318335,GH¢ per NOK,ok,
1999-06-16,SEKGHS,Swedish Krona,Buying,292.2700,GH¢ per SEK,0.029227,GH¢ per SEK,ok,
1999-06-16,SEKGHS,Swedish Krona,Selling,296.3400,GH¢ per SEK,0.029634,GH¢ per SEK,ok,
1999-06-16,SEKGHS,Swedish Krona,Mid Rate,294.3050,GH¢ per SEK,0.0294305,GH¢ per SEK,ok,
1999-06-17,USDGHS,US Dollar,Buying,"2,487.8200",GH¢ per USD,0.248782,GH¢ per USD,ok,
1999-06-17,USDGHS,US Dollar,Selling,"2,524.6400",GH¢ per USD,0.252464,GH¢ per USD,ok,
1999-06-17,USDGHS,US Dollar,Mid Rate,"2,506.2300",GH¢ per USD,0.250623,GH¢ per USD,ok,
1999-06-17,AUDGHS,Australian Dollar,Buying,186.9300,GH¢ per AUD,0.018693,GH¢ per AUD,ok,
1999-06-17,AUDGHS,Australian Dollar,Selling,"1,667.7200",GH¢ per AUD,0.166772,GH¢ per AUD,ok,
1999-06-17,AUDGHS,Australian Dollar,Mid Rate,927.3250,GH¢ per AUD,0.0927325,GH¢ per AUD,ok,
1999-06-17,CADGHS,Canadian Dollar,Buying,"1,708.6300",GH¢ per CAD,0.170863,GH¢ per CAD,ok,
1999-06-17,CADGHS,Canadian Dollar,Selling,"1,732.7300",GH¢ per CAD,0.173273,GH¢ per CAD,ok,
1999-06-17,CADGHS,Canadian Dollar,Mid Rate,"1,720.6800",GH¢ per CAD,0.172068,GH¢ per CAD,ok,
1999-06-17,CHFGHS,Swiss Franc,Buying,"1,611.0500",GH¢ per CHF,0.161105,GH¢ per CHF,ok,
1999-06-17,CHFGHS,Swiss Franc,Selling,"1,633.8900",GH¢ per CHF,0.163389,GH¢ per CHF,ok,
1999-06-17,CHFGHS,Swiss Franc,Mid Rate,"1,622.4700",GH¢ per CHF,0.162247,GH¢ per CHF,ok,
1999-06-17,DKKGHS,Danish Krone,Buying,346.1800,GH¢ per DKK,0.034618,GH¢ per DKK,ok,
1999-06-17,DKKGHS,Danish Krone,Selling,351.2000,GH¢ per DKK,0.03512,GH¢ per DKK,ok,
1999-06-17,DKKGHS,Danish Krone,Mid Rate,348.6900,GH¢ per DKK,0.034869,GH¢ per DKK,ok,
1999-06-17,GBPGHS,Pound Sterling,Buying,"2,487.8200",GH¢ per GBP,,GH¢ per GBP,held,FX1_outlier
1999-06-17,GBPGHS,Pound Sterling,Selling,"2,524.6400",GH¢ per GBP,,GH¢ per GBP,held,FX1_outlier
1999-06-17,GBPGHS,Pound Sterling,Mid Rate,"2,506.2300",GH¢ per GBP,,GH¢ per GBP,held,FX1_outlier
1999-06-17,JPYGHS,Japanese yen,Buying,20.7200,GH¢ per JPY,0.002072,GH¢ per JPY,ok,
1999-06-17,JPYGHS,Japanese yen,Selling,21.0300,GH¢ per JPY,0.002103,GH¢ per JPY,ok,
1999-06-17,JPYGHS,Japanese yen,Mid Rate,20.8750,GH¢ per JPY,0.0020875,GH¢ per JPY,ok,
1999-06-17,NOKGHS,Norwegian Krone,Buying,315.8500,GH¢ per NOK,0.031585,GH¢ per NOK,ok,
1999-06-17,NOKGHS,Norwegian Krone,Selling,320.2900,GH¢ per NOK,0.032029,GH¢ per NOK,ok,
1999-06-17,NOKGHS,Norwegian Krone,Mid Rate,318.0700,GH¢ per NOK,0.031807,GH¢ per NOK,ok,
1999-06-17,SEKGHS,Swedish Krona,Buying,292.8200,GH¢ per SEK,0.029282,GH¢ per SEK,ok,
1999-06-17,SEKGHS,Swedish Krona,Selling,296.8100,GH¢ per SEK,0.029681,GH¢ per SEK,ok,
1999-06-17,SEKGHS,Swedish Krona,Mid Rate,294.8150,GH¢ per SEK,0.0294815,GH¢ per SEK,ok,
1999-06-18,USDGHS,US Dollar,Buying,"2,489.3600",GH¢ per USD,0.248936,GH¢ per USD,ok,
1999-06-18,USDGHS,US Dollar,Selling,"2,526.5500",GH¢ per USD,0.252655,GH¢ per USD,ok,
1999-06-18,USDGHS,US Dollar,Mid Rate,"2,507.9550",GH¢ per USD,0.2507955,GH¢ per USD,ok,
1999-06-18,AUDGHS,Australian Dollar,Buying,186.3000,GH¢ per AUD,0.01863,GH¢ per AUD,ok,
1999-06-18,AUDGHS,Australian Dollar,Selling,"1,646.4200",GH¢ per AUD,0.164642,GH¢ per AUD,ok,
1999-06-18,AUDGHS,Australian Dollar,Mid Rate,916.3600,GH¢ per AUD,0.091636,GH¢ per AUD,ok,
1999-06-18,CADGHS,Canadian Dollar,Buying,"1,698.5600",GH¢ per CAD,0.169856,GH¢ per CAD,ok,
1999-06-18,CADGHS,Canadian Dollar,Selling,"1,723.0800",GH¢ per CAD,0.172308,GH¢ per CAD,ok,
1999-06-18,CADGHS,Canadian Dollar,Mid Rate,"1,710.8200",GH¢ per CAD,0.171082,GH¢ per CAD,ok,
1999-06-18,CHFGHS,Swiss Franc,Buying,"1,608.3100",GH¢ per CHF,0.160831,GH¢ per CHF,ok,
1999-06-18,CHFGHS,Swiss Franc,Selling,"1,631.3200",GH¢ per CHF,0.163132,GH¢ per CHF,ok,
1999-06-18,CHFGHS,Swiss Franc,Mid Rate,"1,619.8150",GH¢ per CHF,0.1619815,GH¢ per CHF,ok,
1999-06-18,DKKGHS,Danish Krone,Buying,344.9800,GH¢ per DKK,0.034498,GH¢ per DKK,ok,
1999-06-18,DKKGHS,Danish Krone,Selling,350.0300,GH¢ per DKK,0.035003,GH¢ per DKK,ok,
1999-06-18,DKKGHS,Danish Krone,Mid Rate,347.5050,GH¢ per DKK,0.0347505,GH¢ per DKK,ok,
1999-06-18,GBPGHS,Pound Sterling,Buying,"3,962.5600",GH¢ per GBP,0.396256,GH¢ per GBP,ok,
1999-06-18,GBPGHS,Pound Sterling,Selling,"4,022.5200",GH¢ per GBP,0.402252,GH¢ per GBP,ok,
1999-06-18,GBPGHS,Pound Sterling,Mid Rate,"3,992.5400",GH¢ per GBP,0.399254,GH¢ per GBP,ok,
1999-06-18,JPYGHS,Japanese yen,Buying,20.8600,GH¢ per JPY,0.002086,GH¢ per JPY,ok,
1999-06-18,JPYGHS,Japanese yen,Selling,21.1600,GH¢ per JPY,0.002116,GH¢ per JPY,ok,
1999-06-18,JPYGHS,Japanese yen,Mid Rate,21.0100,GH¢ per JPY,0.002101,GH¢ per JPY,ok,
1999-06-18,NOKGHS,Norwegian Krone,Buying,315.8700,GH¢ per NOK,0.031587,GH¢ per NOK,ok,
1999-06-18,NOKGHS,Norwegian Krone,Selling,320.2600,GH¢ per NOK,0.032026,GH¢ per NOK,ok,
1999-06-18,NOKGHS,Norwegian Krone,Mid Rate,318.0650,GH¢ per NOK,0.0318065,GH¢ per NOK,ok,
1999-06-18,SEKGHS,Swedish Krona,Buying,294.1800,GH¢ per SEK,0.029418,GH¢ per SEK,ok,
1999-06-18,SEKGHS,Swedish Krona,Selling,298.2200,GH¢ per SEK,0.029822,GH¢ per SEK,ok,
1999-06-18,SEKGHS,Swedish Krona,Mid Rate,296.2000,GH¢ per SEK,0.02962,GH¢ per SEK,ok,
1999-06-21,USDGHS,US Dollar,Buying,"2,489.9100",GH¢ per USD,0.248991,GH¢ per USD,ok,
1999-06-21,USDGHS,US Dollar,Selling,"2,527.0000",GH¢ per USD,0.2527,GH¢ per USD,ok,
1999-06-21,USDGHS,US Dollar,Mid Rate,"2,508.4550",GH¢ per USD,0.2508455,GH¢ per USD,ok,
1999-06-21,AUDGHS,Australian Dollar,Buying,188.1600,GH¢ per AUD,0.018816,GH¢ per AUD,ok,
1999-06-21,AUDGHS,Australian Dollar,Selling,"1,653.6300",GH¢ per AUD,0.165363,GH¢ per AUD,ok,
1999-06-21,AUDGHS,Australian Dollar,Mid Rate,920.8950,GH¢ per AUD,0.0920895,GH¢ per AUD,ok,
1999-06-21,CADGHS,Canadian Dollar,Buying,"1,701.3500",GH¢ per CAD,0.170135,GH¢ per CAD,ok,
1999-06-21,CADGHS,Canadian Dollar,Selling,"1,725.5400",GH¢ per CAD,0.172554,GH¢ per CAD,ok,
1999-06-21,CADGHS,Canadian Dollar,Mid Rate,"1,713.4450",GH¢ per CAD,0.1713445,GH¢ per CAD,ok,
1999-06-21,CHFGHS,Swiss Franc,Buying,"1,619.1700",GH¢ per CHF,0.161917,GH¢ per CHF,ok,
1999-06-21,CHFGHS,Swiss Franc,Selling,"1,642.2000",GH¢ per CHF,0.16422,GH¢ per CHF,ok,
1999-06-21,CHFGHS,Swiss Franc,Mid Rate,"1,630.6850",GH¢ per CHF,0.1630685,GH¢ per CHF,ok,
1999-06-21,DKKGHS,Danish Krone,Buying,348.3200,GH¢ per DKK,0.034832,GH¢ per DKK,ok,
1999-06-21,DKKGHS,Danish Krone,Selling,353.4100,GH¢ per DKK,0.035341,GH¢ per DKK,ok,
1999-06-21,DKKGHS,Danish Krone,Mid Rate,350.8650,GH¢ per DKK,0.0350865,GH¢ per DKK,ok,
1999-06-21,GBPGHS,Pound Sterling,Buying,"3,968.9200",GH¢ per GBP,0.396892,GH¢ per GBP,ok,
1999-06-21,GBPGHS,Pound Sterling,Selling,"4,029.3000",GH¢ per GBP,0.40293,GH¢ per GBP,ok,
1999-06-21,GBPGHS,Pound Sterling,Mid Rate,"3,999.1100",GH¢ per GBP,0.399911,GH¢ per GBP,ok,
1999-06-21,JPYGHS,Japanese yen,Buying,20.3700,GH¢ per JPY,0.002037,GH¢ per JPY,ok,
1999-06-21,JPYGHS,Japanese yen,Selling,20.6700,GH¢ per JPY,0.002067,GH¢ per JPY,ok,
1999-06-21,JPYGHS,Japanese yen,Mid Rate,20.5200,GH¢ per JPY,0.002052,GH¢ per JPY,ok,
1999-06-21,NOKGHS,Norwegian Krone,Buying,318.7900,GH¢ per NOK,0.031879,GH¢ per NOK,ok,
1999-06-21,NOKGHS,Norwegian Krone,Selling,323.2900,GH¢ per NOK,0.032329,GH¢ per NOK,ok,
1999-06-21,NOKGHS,Norwegian Krone,Mid Rate,321.0400,GH¢ per NOK,0.032104,GH¢ per NOK,ok,
1999-06-21,SEKGHS,Swedish Krona,Buying,296.1300,GH¢ per SEK,0.029613,GH¢ per SEK,ok,
1999-06-21,SEKGHS,Swedish Krona,Selling,300.1900,GH¢ per SEK,0.030019,GH¢ per SEK,ok,
1999-06-21,SEKGHS,Swedish Krona,Mid Rate,298.1600,GH¢ per SEK,0.029816,GH¢ per SEK,ok,
1999-06-22,USDGHS,US Dollar,Buying,"2,491.8200",GH¢ per USD,0.249182,GH¢ per USD,ok,
1999-06-22,USDGHS,US Dollar,Selling,"2,528.8200",GH¢ per USD,0.252882,GH¢ per USD,ok,
1999-06-22,USDGHS,US Dollar,Mid Rate,"2,510.3200",GH¢ per USD,0.251032,GH¢ per USD,ok,
1999-06-22,AUDGHS,Australian Dollar,Buying,187.2500,GH¢ per AUD,0.018725,GH¢ per AUD,ok,
1999-06-22,AUDGHS,Australian Dollar,Selling,"1,649.3900",GH¢ per AUD,0.164939,GH¢ per AUD,ok,
1999-06-22,AUDGHS,Australian Dollar,Mid Rate,918.3200,GH¢ per AUD,0.091832,GH¢ per AUD,ok,
1999-06-22,CADGHS,Canadian Dollar,Buying,"1,693.0300",GH¢ per CAD,0.169303,GH¢ per CAD,ok,
1999-06-22,CADGHS,Canadian Dollar,Selling,"1,718.1500",GH¢ per CAD,0.171815,GH¢ per CAD,ok,
1999-06-22,CADGHS,Canadian Dollar,Mid Rate,"1,705.5900",GH¢ per CAD,0.170559,GH¢ per CAD,ok,
1999-06-22,CHFGHS,Swiss Franc,Buying,"1,614.2700",GH¢ per CHF,0.161427,GH¢ per CHF,ok,
1999-06-22,CHFGHS,Swiss Franc,Selling,"1,638.2700",GH¢ per CHF,0.163827,GH¢ per CHF,ok,
1999-06-22,CHFGHS,Swiss Franc,Mid Rate,"1,626.2700",GH¢ per CHF,0.162627,GH¢ per CHF,ok,
1999-06-22,DKKGHS,Danish Krone,Buying,346.6600,GH¢ per DKK,0.034666,GH¢ per DKK,ok,
1999-06-22,DKKGHS,Danish Krone,Selling,351.7800,GH¢ per DKK,0.035178,GH¢ per DKK,ok,
1999-06-22,DKKGHS,Danish Krone,Mid Rate,349.2200,GH¢ per DKK,0.034922,GH¢ per DKK,ok,
1999-06-22,GBPGHS,Pound Sterling,Buying,"3,955.7600",GH¢ per GBP,0.395576,GH¢ per GBP,ok,
1999-06-22,GBPGHS,Pound Sterling,Selling,"4,017.0300",GH¢ per GBP,0.401703,GH¢ per GBP,ok,
1999-06-22,GBPGHS,Pound Sterling,Mid Rate,"3,986.3950",GH¢ per GBP,0.3986395,GH¢ per GBP,ok,
1999-06-22,JPYGHS,Japanese yen,Buying,20.4300,GH¢ per JPY,0.002043,GH¢ per JPY,ok,
1999-06-22,JPYGHS,Japanese yen,Selling,20.7300,GH¢ per JPY,0.002073,GH¢ per JPY,ok,
1999-06-22,JPYGHS,Japanese yen,Mid Rate,20.5800,GH¢ per JPY,0.002058,GH¢ per JPY,ok,
1999-06-22,NOKGHS,Norwegian Krone,Buying,318.7900,GH¢ per NOK,0.031879,GH¢ per NOK,ok,
1999-06-22,NOKGHS,Norwegian Krone,Selling,323.3800,GH¢ per NOK,0.032338,GH¢ per NOK,ok,
1999-06-22,NOKGHS,Norwegian Krone,Mid Rate,321.0850,GH¢ per NOK,0.0321085,GH¢ per NOK,ok,
1999-06-22,SEKGHS,Swedish Krona,Buying,297.5300,GH¢ per SEK,0.029753,GH¢ per SEK,ok,
1999-06-22,SEKGHS,Swedish Krona,Selling,301.6800,GH¢ per SEK,0.030168,GH¢ per SEK,ok,
1999-06-22,SEKGHS,Swedish Krona,Mid Rate,299.6050,GH¢ per SEK,0.0299605,GH¢ per SEK,ok,
1999-06-23,USDGHS,US Dollar,Buying,"2,495.7300",GH¢ per USD,0.249573,GH¢ per USD,ok,
1999-06-23,USDGHS,US Dollar,Selling,"2,534.6400",GH¢ per USD,0.253464,GH¢ per USD,ok,
1999-06-23,USDGHS,US Dollar,Mid Rate,"2,515.1850",GH¢ per USD,0.2515185,GH¢ per USD,ok,
1999-06-23,AUDGHS,Australian Dollar,Buying,187.1800,GH¢ per AUD,0.018718,GH¢ per AUD,ok,
1999-06-23,AUDGHS,Australian Dollar,Selling,"1,668.2400",GH¢ per AUD,0.166824,GH¢ per AUD,ok,
1999-06-23,AUDGHS,Australian Dollar,Mid Rate,927.7100,GH¢ per AUD,0.092771,GH¢ per AUD,ok,
1999-06-23,CADGHS,Canadian Dollar,Buying,"1,699.6200",GH¢ per CAD,0.169962,GH¢ per CAD,ok,
1999-06-23,CADGHS,Canadian Dollar,Selling,"1,725.7300",GH¢ per CAD,0.172573,GH¢ per CAD,ok,
1999-06-23,CADGHS,Canadian Dollar,Mid Rate,"1,712.6750",GH¢ per CAD,0.1712675,GH¢ per CAD,ok,
1999-06-23,CHFGHS,Swiss Franc,Buying,"1,613.3800",GH¢ per CHF,0.161338,GH¢ per CHF,ok,
1999-06-23,CHFGHS,Swiss Franc,Selling,"1,638.1700",GH¢ per CHF,0.163817,GH¢ per CHF,ok,
1999-06-23,CHFGHS,Swiss Franc,Mid Rate,"1,625.7750",GH¢ per CHF,0.1625775,GH¢ per CHF,ok,
1999-06-23,DKKGHS,Danish Krone,Buying,346.5200,GH¢ per DKK,0.034652,GH¢ per DKK,ok,
1999-06-23,DKKGHS,Danish Krone,Selling,351.9500,GH¢ per DKK,0.035195,GH¢ per DKK,ok,
1999-06-23,DKKGHS,Danish Krone,Mid Rate,349.2350,GH¢ per DKK,0.0349235,GH¢ per DKK,ok,
1999-06-23,GBPGHS,Pound Sterling,Buying,"3,965.2200",GH¢ per GBP,0.396522,GH¢ per GBP,ok,
1999-06-23,GBPGHS,Pound Sterling,Selling,"4,029.5700",GH¢ per GBP,0.402957,GH¢ per GBP,ok,
1999-06-23,GBPGHS,Pound Sterling,Mid Rate,"3,997.3950",GH¢ per GBP,0.3997395,GH¢ per GBP,ok,
1999-06-23,JPYGHS,Japanese yen,Buying,20.4700,GH¢ per JPY,0.002047,GH¢ per JPY,ok,
1999-06-23,JPYGHS,Japanese yen,Selling,20.7900,GH¢ per JPY,0.002079,GH¢ per JPY,ok,
1999-06-23,JPYGHS,Japanese yen,Mid Rate,20.6300,GH¢ per JPY,0.002063,GH¢ per JPY,ok,
1999-06-23,NOKGHS,Norwegian Krone,Buying,318.9000,GH¢ per NOK,0.03189,GH¢ per NOK,ok,
1999-06-23,NOKGHS,Norwegian Krone,Selling,323.7700,GH¢ per NOK,0.032377,GH¢ per NOK,ok,
1999-06-23,NOKGHS,Norwegian Krone,Mid Rate,321.3350,GH¢ per NOK,0.0321335,GH¢ per NOK,ok,
1999-06-23,SEKGHS,Swedish Krona,Buying,296.3100,GH¢ per SEK,0.029631,GH¢ per SEK,ok,
1999-06-23,SEKGHS,Swedish Krona,Selling,300.7100,GH¢ per SEK,0.030071,GH¢ per SEK,ok,
1999-06-23,SEKGHS,Swedish Krona,Mid Rate,298.5100,GH¢ per SEK,0.029851,GH¢ per SEK,ok,
1999-06-24,USDGHS,US Dollar,Buying,"2,498.5500",GH¢ per USD,0.249855,GH¢ per USD,ok,
1999-06-24,USDGHS,US Dollar,Selling,"2,538.6400",GH¢ per USD,0.253864,GH¢ per USD,ok,
1999-06-24,USDGHS,US Dollar,Mid Rate,"2,518.5950",GH¢ per USD,0.2518595,GH¢ per USD,ok,
1999-06-24,AUDGHS,Australian Dollar,Buying,188.1300,GH¢ per AUD,0.018813,GH¢ per AUD,ok,
1999-06-24,AUDGHS,Australian Dollar,Selling,"1,672.0700",GH¢ per AUD,0.167207,GH¢ per AUD,ok,
1999-06-24,AUDGHS,Australian Dollar,Mid Rate,930.1000,GH¢ per AUD,0.09301,GH¢ per AUD,ok,
1999-06-24,CADGHS,Canadian Dollar,Buying,"1,697.3800",GH¢ per CAD,0.169738,GH¢ per CAD,ok,
1999-06-24,CADGHS,Canadian Dollar,Selling,"1,724.0500",GH¢ per CAD,0.172405,GH¢ per CAD,ok,
1999-06-24,CADGHS,Canadian Dollar,Mid Rate,"1,710.7150",GH¢ per CAD,0.1710715,GH¢ per CAD,ok,
1999-06-24,CHFGHS,Swiss Franc,Buying,"1,619.3900",GH¢ per CHF,0.161939,GH¢ per CHF,ok,
1999-06-24,CHFGHS,Swiss Franc,Selling,"1,644.2700",GH¢ per CHF,0.164427,GH¢ per CHF,ok,
1999-06-24,CHFGHS,Swiss Franc,Mid Rate,"1,631.8300",GH¢ per CHF,0.163183,GH¢ per CHF,ok,
1999-06-24,DKKGHS,Danish Krone,Buying,348.2500,GH¢ per DKK,0.034825,GH¢ per DKK,ok,
1999-06-24,DKKGHS,Danish Krone,Selling,353.7400,GH¢ per DKK,0.035374,GH¢ per DKK,ok,
1999-06-24,DKKGHS,Danish Krone,Mid Rate,350.9950,GH¢ per DKK,0.0350995,GH¢ per DKK,ok,
1999-06-24,GBPGHS,Pound Sterling,Buying,"3,940.4600",GH¢ per GBP,0.394046,GH¢ per GBP,ok,
1999-06-24,GBPGHS,Pound Sterling,Selling,"4,004.9600",GH¢ per GBP,0.400496,GH¢ per GBP,ok,
1999-06-24,GBPGHS,Pound Sterling,Mid Rate,"3,972.7100",GH¢ per GBP,0.397271,GH¢ per GBP,ok,
1999-06-24,JPYGHS,Japanese yen,Buying,20.5000,GH¢ per JPY,0.00205,GH¢ per JPY,ok,
1999-06-24,JPYGHS,Japanese yen,Selling,20.8200,GH¢ per JPY,0.002082,GH¢ per JPY,ok,
1999-06-24,JPYGHS,Japanese yen,Mid Rate,20.6600,GH¢ per JPY,0.002066,GH¢ per JPY,ok,
1999-06-24,NOKGHS,Norwegian Krone,Buying,319.1200,GH¢ per NOK,0.031912,GH¢ per NOK,ok,
1999-06-24,NOKGHS,Norwegian Krone,Selling,323.9900,GH¢ per NOK,0.032399,GH¢ per NOK,ok,
1999-06-24,NOKGHS,Norwegian Krone,Mid Rate,321.5550,GH¢ per NOK,0.0321555,GH¢ per NOK,ok,
1999-06-24,SEKGHS,Swedish Krona,Buying,297.0600,GH¢ per SEK,0.029706,GH¢ per SEK,ok,
1999-06-24,SEKGHS,Swedish Krona,Selling,301.4600,GH¢ per SEK,0.030146,GH¢ per SEK,ok,
1999-06-24,SEKGHS,Swedish Krona,Mid Rate,299.2600,GH¢ per SEK,0.029926,GH¢ per SEK,ok,
1999-06-25,USDGHS,US Dollar,Buying,"2,502.4500",GH¢ per USD,0.250245,GH¢ per USD,ok,
1999-06-25,USDGHS,US Dollar,Selling,"2,541.7300",GH¢ per USD,0.254173,GH¢ per USD,ok,
1999-06-25,USDGHS,US Dollar,Mid Rate,"2,522.0900",GH¢ per USD,0.252209,GH¢ per USD,ok,
1999-06-25,AUDGHS,Australian Dollar,Buying,190.2500,GH¢ per AUD,0.019025,GH¢ per AUD,ok,
1999-06-25,AUDGHS,Australian Dollar,Selling,"1,689.7600",GH¢ per AUD,0.168976,GH¢ per AUD,ok,
1999-06-25,AUDGHS,Australian Dollar,Mid Rate,940.0050,GH¢ per AUD,0.0940005,GH¢ per AUD,ok,
1999-06-25,CADGHS,Canadian Dollar,Buying,"1,704.9000",GH¢ per CAD,0.17049,GH¢ per CAD,ok,
1999-06-25,CADGHS,Canadian Dollar,Selling,"1,729.7700",GH¢ per CAD,0.172977,GH¢ per CAD,ok,
1999-06-25,CADGHS,Canadian Dollar,Mid Rate,"1,717.3350",GH¢ per CAD,0.1717335,GH¢ per CAD,ok,
1999-06-25,CHFGHS,Swiss Franc,Buying,"1,637.8700",GH¢ per CHF,0.163787,GH¢ per CHF,ok,
1999-06-25,CHFGHS,Swiss Franc,Selling,"1,662.5300",GH¢ per CHF,0.166253,GH¢ per CHF,ok,
1999-06-25,CHFGHS,Swiss Franc,Mid Rate,"1,650.2000",GH¢ per CHF,0.16502,GH¢ per CHF,ok,
1999-06-25,DKKGHS,Danish Krone,Buying,352.1100,GH¢ per DKK,0.035211,GH¢ per DKK,ok,
1999-06-25,DKKGHS,Danish Krone,Selling,357.3800,GH¢ per DKK,0.035738,GH¢ per DKK,ok,
1999-06-25,DKKGHS,Danish Krone,Mid Rate,354.7450,GH¢ per DKK,0.0354745,GH¢ per DKK,ok,
1999-06-25,GBPGHS,Pound Sterling,Buying,"3,986.9000",GH¢ per GBP,0.39869,GH¢ per GBP,ok,
1999-06-25,GBPGHS,Pound Sterling,Selling,"4,050.2500",GH¢ per GBP,0.405025,GH¢ per GBP,ok,
1999-06-25,GBPGHS,Pound Sterling,Mid Rate,"4,018.5750",GH¢ per GBP,0.4018575,GH¢ per GBP,ok,
1999-06-25,JPYGHS,Japanese yen,Buying,20.6100,GH¢ per JPY,0.002061,GH¢ per JPY,ok,
1999-06-25,JPYGHS,Japanese yen,Selling,20.9300,GH¢ per JPY,0.002093,GH¢ per JPY,ok,
1999-06-25,JPYGHS,Japanese yen,Mid Rate,20.7700,GH¢ per JPY,0.002077,GH¢ per JPY,ok,
1999-06-25,NOKGHS,Norwegian Krone,Buying,321.8700,GH¢ per NOK,0.032187,GH¢ per NOK,ok,
1999-06-25,NOKGHS,Norwegian Krone,Selling,326.5300,GH¢ per NOK,0.032653,GH¢ per NOK,ok,
1999-06-25,NOKGHS,Norwegian Krone,Mid Rate,324.2000,GH¢ per NOK,0.03242,GH¢ per NOK,ok,
1999-06-25,SEKGHS,Swedish Krona,Buying,299.2900,GH¢ per SEK,0.029929,GH¢ per SEK,ok,
1999-06-25,SEKGHS,Swedish Krona,Selling,303.4900,GH¢ per SEK,0.030349,GH¢ per SEK,ok,
1999-06-25,SEKGHS,Swedish Krona,Mid Rate,301.3900,GH¢ per SEK,0.030139,GH¢ per SEK,ok,
1999-06-28,USDGHS,US Dollar,Buying,"2,501.1800",GH¢ per USD,0.250118,GH¢ per USD,ok,
1999-06-28,USDGHS,US Dollar,Selling,"2,544.7300",GH¢ per USD,0.254473,GH¢ per USD,ok,
1999-06-28,USDGHS,US Dollar,Mid Rate,"2,522.9550",GH¢ per USD,0.2522955,GH¢ per USD,ok,
1999-06-28,AUDGHS,Australian Dollar,Buying,189.6700,GH¢ per AUD,0.018967,GH¢ per AUD,ok,
1999-06-28,AUDGHS,Australian Dollar,Selling,"1,685.4700",GH¢ per AUD,0.168547,GH¢ per AUD,ok,
1999-06-28,AUDGHS,Australian Dollar,Mid Rate,937.5700,GH¢ per AUD,0.093757,GH¢ per AUD,ok,
1999-06-28,CADGHS,Canadian Dollar,Buying,"1,708.8200",GH¢ per CAD,0.170882,GH¢ per CAD,ok,
1999-06-28,CADGHS,Canadian Dollar,Selling,"1,737.9500",GH¢ per CAD,0.173795,GH¢ per CAD,ok,
1999-06-28,CADGHS,Canadian Dollar,Mid Rate,"1,723.3850",GH¢ per CAD,0.1723385,GH¢ per CAD,ok,
1999-06-28,CHFGHS,Swiss Franc,Buying,"1,633.6000",GH¢ per CHF,0.16336,GH¢ per CHF,ok,
1999-06-28,CHFGHS,Swiss Franc,Selling,"1,661.4500",GH¢ per CHF,0.166145,GH¢ per CHF,ok,
1999-06-28,CHFGHS,Swiss Franc,Mid Rate,"1,647.5250",GH¢ per CHF,0.1647525,GH¢ per CHF,ok,
1999-06-28,DKKGHS,Danish Krone,Buying,351.0800,GH¢ per DKK,0.035108,GH¢ per DKK,ok,
1999-06-28,DKKGHS,Danish Krone,Selling,357.2100,GH¢ per DKK,0.035721,GH¢ per DKK,ok,
1999-06-28,DKKGHS,Danish Krone,Mid Rate,354.1450,GH¢ per DKK,0.0354145,GH¢ per DKK,ok,
1999-06-28,GBPGHS,Pound Sterling,Buying,"3,967.3700",GH¢ per GBP,0.396737,GH¢ per GBP,ok,
1999-06-28,GBPGHS,Pound Sterling,Selling,"4,039.0000",GH¢ per GBP,0.4039,GH¢ per GBP,ok,
1999-06-28,GBPGHS,Pound Sterling,Mid Rate,"4,003.1850",GH¢ per GBP,0.4003185,GH¢ per GBP,ok,
1999-06-28,JPYGHS,Japanese yen,Buying,20.6500,GH¢ per JPY,0.002065,GH¢ per JPY,ok,
1999-06-28,JPYGHS,Japanese yen,Selling,21.0100,GH¢ per JPY,0.002101,GH¢ per JPY,ok,
1999-06-28,JPYGHS,Japanese yen,Mid Rate,20.8300,GH¢ per JPY,0.002083,GH¢ per JPY,ok,
1999-06-28,NOKGHS,Norwegian Krone,Buying,320.5600,GH¢ per NOK,0.032056,GH¢ per NOK,ok,
1999-06-28,NOKGHS,Norwegian Krone,Selling,325.8800,GH¢ per NOK,0.032588,GH¢ per NOK,ok,
1999-06-28,NOKGHS,Norwegian Krone,Mid Rate,323.2200,GH¢ per NOK,0.032322,GH¢ per NOK,ok,
1999-06-28,SEKGHS,Swedish Krona,Buying,298.2700,GH¢ per SEK,0.029827,GH¢ per SEK,ok,
1999-06-28,SEKGHS,Swedish Krona,Selling,303.2000,GH¢ per SEK,0.03032,GH¢ per SEK,ok,
1999-06-28,SEKGHS,Swedish Krona,Mid Rate,300.7350,GH¢ per SEK,0.0300735,GH¢ per SEK,ok,
1999-06-29,USDGHS,US Dollar,Buying,"2,506.0900",GH¢ per USD,0.250609,GH¢ per USD,ok,
1999-06-29,USDGHS,US Dollar,Selling,"2,548.6400",GH¢ per USD,0.254864,GH¢ per USD,ok,
1999-06-29,USDGHS,US Dollar,Mid Rate,"2,527.3650",GH¢ per USD,0.2527365,GH¢ per USD,ok,
1999-06-29,AUDGHS,Australian Dollar,Buying,188.4800,GH¢ per AUD,0.018848,GH¢ per AUD,ok,
1999-06-29,AUDGHS,Australian Dollar,Selling,"1,671.0300",GH¢ per AUD,0.167103,GH¢ per AUD,ok,
1999-06-29,AUDGHS,Australian Dollar,Mid Rate,929.7550,GH¢ per AUD,0.0929755,GH¢ per AUD,ok,
1999-06-29,CADGHS,Canadian Dollar,Buying,"1,701.3000",GH¢ per CAD,0.17013,GH¢ per CAD,ok,
1999-06-29,CADGHS,Canadian Dollar,Selling,"1,729.9300",GH¢ per CAD,0.172993,GH¢ per CAD,ok,
1999-06-29,CADGHS,Canadian Dollar,Mid Rate,"1,715.6150",GH¢ per CAD,0.1715615,GH¢ per CAD,ok,
1999-06-29,CHFGHS,Swiss Franc,Buying,"1,622.4100",GH¢ per CHF,0.162241,GH¢ per CHF,ok,
1999-06-29,CHFGHS,Swiss Franc,Selling,"1,649.7900",GH¢ per CHF,0.164979,GH¢ per CHF,ok,
1999-06-29,CHFGHS,Swiss Franc,Mid Rate,"1,636.1000",GH¢ per CHF,0.16361,GH¢ per CHF,ok,
1999-06-29,DKKGHS,Danish Krone,Buying,349.0000,GH¢ per DKK,0.0349,GH¢ per DKK,ok,
1999-06-29,DKKGHS,Danish Krone,Selling,355.0300,GH¢ per DKK,0.035503,GH¢ per DKK,ok,
1999-06-29,DKKGHS,Danish Krone,Mid Rate,352.0150,GH¢ per DKK,0.0352015,GH¢ per DKK,ok,
1999-06-29,GBPGHS,Pound Sterling,Buying,"3,960.6200",GH¢ per GBP,0.396062,GH¢ per GBP,ok,
1999-06-29,GBPGHS,Pound Sterling,Selling,"4,031.4400",GH¢ per GBP,0.403144,GH¢ per GBP,ok,
1999-06-29,GBPGHS,Pound Sterling,Mid Rate,"3,996.0300",GH¢ per GBP,0.399603,GH¢ per GBP,ok,
1999-06-29,JPYGHS,Japanese yen,Buying,20.6600,GH¢ per JPY,0.002066,GH¢ per JPY,ok,
1999-06-29,JPYGHS,Japanese yen,Selling,21.0200,GH¢ per JPY,0.002102,GH¢ per JPY,ok,
1999-06-29,JPYGHS,Japanese yen,Mid Rate,20.8400,GH¢ per JPY,0.002084,GH¢ per JPY,ok,
1999-06-29,NOKGHS,Norwegian Krone,Buying,319.3900,GH¢ per NOK,0.031939,GH¢ per NOK,ok,
1999-06-29,NOKGHS,Norwegian Krone,Selling,324.7900,GH¢ per NOK,0.032479,GH¢ per NOK,ok,
1999-06-29,NOKGHS,Norwegian Krone,Mid Rate,322.0900,GH¢ per NOK,0.032209,GH¢ per NOK,ok,
1999-06-29,SEKGHS,Swedish Krona,Buying,296.7000,GH¢ per SEK,0.02967,GH¢ per SEK,ok,
1999-06-29,SEKGHS,Swedish Krona,Selling,301.5500,GH¢ per SEK,0.030155,GH¢ per SEK,ok,
1999-06-29,SEKGHS,Swedish Krona,Mid Rate,299.1250,GH¢ per SEK,0.0299125,GH¢ per SEK,ok,
1999-06-30,USDGHS,US Dollar,Buying,"2,508.8200",GH¢ per USD,0.250882,GH¢ per USD,ok,
1999-06-30,USDGHS,US Dollar,Selling,"2,550.4500",GH¢ per USD,0.255045,GH¢ per USD,ok,
1999-06-30,USDGHS,US Dollar,Mid Rate,"2,529.6350",GH¢ per USD,0.2529635,GH¢ per USD,ok,
1999-06-30,AUDGHS,Australian Dollar,Buying,188.4200,GH¢ per AUD,0.018842,GH¢ per AUD,ok,
1999-06-30,AUDGHS,Australian Dollar,Selling,"1,686.2900",GH¢ per AUD,0.168629,GH¢ per AUD,ok,
1999-06-30,AUDGHS,Australian Dollar,Mid Rate,937.3550,GH¢ per AUD,0.0937355,GH¢ per AUD,ok,
1999-06-30,CADGHS,Canadian Dollar,Buying,"1,701.3800",GH¢ per CAD,0.170138,GH¢ per CAD,ok,
1999-06-30,CADGHS,Canadian Dollar,Selling,"1,729.0000",GH¢ per CAD,0.1729,GH¢ per CAD,ok,
1999-06-30,CADGHS,Canadian Dollar,Mid Rate,"1,715.1900",GH¢ per CAD,0.171519,GH¢ per CAD,ok,
1999-06-30,CHFGHS,Swiss Franc,Buying,"1,618.9100",GH¢ per CHF,0.161891,GH¢ per CHF,ok,
1999-06-30,CHFGHS,Swiss Franc,Selling,"1,645.7400",GH¢ per CHF,0.164574,GH¢ per CHF,ok,
1999-06-30,CHFGHS,Swiss Franc,Mid Rate,"1,632.3250",GH¢ per CHF,0.1632325,GH¢ per CHF,ok,
1999-06-30,DKKGHS,Danish Krone,Buying,348.7200,GH¢ per DKK,0.034872,GH¢ per DKK,ok,
1999-06-30,DKKGHS,Danish Krone,Selling,354.5200,GH¢ per DKK,0.035452,GH¢ per DKK,ok,
1999-06-30,DKKGHS,Danish Krone,Mid Rate,351.6200,GH¢ per DKK,0.035162,GH¢ per DKK,ok,
1999-06-30,GBPGHS,Pound Sterling,Buying,"3,947.8800",GH¢ per GBP,0.394788,GH¢ per GBP,ok,
1999-06-30,GBPGHS,Pound Sterling,Selling,"4,015.9400",GH¢ per GBP,0.401594,GH¢ per GBP,ok,
1999-06-30,GBPGHS,Pound Sterling,Mid Rate,"3,981.9100",GH¢ per GBP,0.398191,GH¢ per GBP,ok,
1999-06-30,JPYGHS,Japanese yen,Buying,20.7400,GH¢ per JPY,0.002074,GH¢ per JPY,ok,
1999-06-30,JPYGHS,Japanese yen,Selling,21.0900,GH¢ per JPY,0.002109,GH¢ per JPY,ok,
1999-06-30,JPYGHS,Japanese yen,Mid Rate,20.9150,GH¢ per JPY,0.0020915,GH¢ per JPY,ok,
1999-06-30,NOKGHS,Norwegian Krone,Buying,319.7400,GH¢ per NOK,0.031974,GH¢ per NOK,ok,
1999-06-30,NOKGHS,Norwegian Krone,Selling,324.9000,GH¢ per NOK,0.03249,GH¢ per NOK,ok,
1999-06-30,NOKGHS,Norwegian Krone,Mid Rate,322.3200,GH¢ per NOK,0.032232,GH¢ per NOK,ok,
1999-06-30,SEKGHS,Swedish Krona,Buying,296.5900,GH¢ per SEK,0.029659,GH¢ per SEK,ok,
1999-06-30,SEKGHS,Swedish Krona,Selling,301.2900,GH¢ per SEK,0.030129,GH¢ per SEK,ok,
1999-06-30,SEKGHS,Swedish Krona,Mid Rate,298.9400,GH¢ per SEK,0.029894,GH¢ per SEK,ok,
1999-07-02,USDGHS,US Dollar,Buying,"2,511.0900",GH¢ per USD,0.251109,GH¢ per USD,ok,
1999-07-02,USDGHS,US Dollar,Selling,"2,553.1800",GH¢ per USD,0.255318,GH¢ per USD,ok,
1999-07-02,USDGHS,US Dollar,Mid Rate,"2,532.1350",GH¢ per USD,0.2532135,GH¢ per USD,ok,
1999-07-02,AUDGHS,Australian Dollar,Buying,186.4100,GH¢ per AUD,0.018641,GH¢ per AUD,ok,
1999-07-02,AUDGHS,Australian Dollar,Selling,"1,703.5200",GH¢ per AUD,0.170352,GH¢ per AUD,ok,
1999-07-02,AUDGHS,Australian Dollar,Mid Rate,944.9650,GH¢ per AUD,0.0944965,GH¢ per AUD,ok,
1999-07-02,CADGHS,Canadian Dollar,Buying,"1,707.4800",GH¢ per CAD,0.170748,GH¢ per CAD,ok,
1999-07-02,CADGHS,Canadian Dollar,Selling,"1,735.7000",GH¢ per CAD,0.17357,GH¢ per CAD,ok,
1999-07-02,CADGHS,Canadian Dollar,Mid Rate,"1,721.5900",GH¢ per CAD,0.172159,GH¢ per CAD,ok,
1999-07-02,CHFGHS,Swiss Franc,Buying,"1,598.2100",GH¢ per CHF,0.159821,GH¢ per CHF,ok,
1999-07-02,CHFGHS,Swiss Franc,Selling,"1,624.2500",GH¢ per CHF,0.162425,GH¢ per CHF,ok,
1999-07-02,CHFGHS,Swiss Franc,Mid Rate,"1,611.2300",GH¢ per CHF,0.161123,GH¢ per CHF,ok,
1999-07-02,DKKGHS,Danish Krone,Buying,345.0800,GH¢ per DKK,0.034508,GH¢ per DKK,ok,
1999-07-02,DKKGHS,Danish Krone,Selling,350.8800,GH¢ per DKK,0.035088,GH¢ per DKK,ok,
1999-07-02,DKKGHS,Danish Krone,Mid Rate,347.9800,GH¢ per DKK,0.034798,GH¢ per DKK,ok,
1999-07-02,GBPGHS,Pound Sterling,Buying,"3,943.4200",GH¢ per GBP,0.394342,GH¢ per GBP,ok,
1999-07-02,GBPGHS,Pound Sterling,Selling,"4,012.0700",GH¢ per GBP,0.401207,GH¢ per GBP,ok,
1999-07-02,GBPGHS,Pound Sterling,Mid Rate,"3,977.7450",GH¢ per GBP,0.3977745,GH¢ per GBP,ok,
1999-07-02,JPYGHS,Japanese yen,Buying,20.7400,GH¢ per JPY,0.002074,GH¢ per JPY,ok,
1999-07-02,JPYGHS,Japanese yen,Selling,21.0900,GH¢ per JPY,0.002109,GH¢ per JPY,ok,
1999-07-02,JPYGHS,Japanese yen,Mid Rate,20.9150,GH¢ per JPY,0.0020915,GH¢ per JPY,ok,
1999-07-02,NOKGHS,Norwegian Krone,Buying,318.1200,GH¢ per NOK,0.031812,GH¢ per NOK,ok,
1999-07-02,NOKGHS,Norwegian Krone,Selling,323.3500,GH¢ per NOK,0.032335,GH¢ per NOK,ok,
1999-07-02,NOKGHS,Norwegian Krone,Mid Rate,320.7350,GH¢ per NOK,0.0320735,GH¢ per NOK,ok,
1999-07-02,SEKGHS,Swedish Krona,Buying,295.2100,GH¢ per SEK,0.029521,GH¢ per SEK,ok,
1999-07-02,SEKGHS,Swedish Krona,Selling,299.9300,GH¢ per SEK,0.029993,GH¢ per SEK,ok,
1999-07-02,SEKGHS,Swedish Krona,Mid Rate,297.5700,GH¢ per SEK,0.029757,GH¢ per SEK,ok,
1999-07-05,USDGHS,US Dollar,Buying,"2,513.3600",GH¢ per USD,0.251336,GH¢ per USD,ok,
1999-07-05,USDGHS,US Dollar,Selling,"2,556.3600",GH¢ per USD,0.255636,GH¢ per USD,ok,
1999-07-05,USDGHS,US Dollar,Mid Rate,"2,534.8600",GH¢ per USD,0.253486,GH¢ per USD,ok,
1999-07-05,AUDGHS,Australian Dollar,Buying,187.2600,GH¢ per AUD,0.018726,GH¢ per AUD,ok,
1999-07-05,AUDGHS,Australian Dollar,Selling,"1,707.1900",GH¢ per AUD,0.170719,GH¢ per AUD,ok,
1999-07-05,AUDGHS,Australian Dollar,Mid Rate,947.2250,GH¢ per AUD,0.0947225,GH¢ per AUD,ok,
1999-07-05,CADGHS,Canadian Dollar,Buying,"1,717.7000",GH¢ per CAD,0.17177,GH¢ per CAD,ok,
1999-07-05,CADGHS,Canadian Dollar,Selling,"1,745.3800",GH¢ per CAD,0.174538,GH¢ per CAD,ok,
1999-07-05,CADGHS,Canadian Dollar,Mid Rate,"1,731.5400",GH¢ per CAD,0.173154,GH¢ per CAD,ok,
1999-07-05,CHFGHS,Swiss Franc,Buying,"1,604.9500",GH¢ per CHF,0.160495,GH¢ per CHF,ok,
1999-07-05,CHFGHS,Swiss Franc,Selling,"1,631.3400",GH¢ per CHF,0.163134,GH¢ per CHF,ok,
1999-07-05,CHFGHS,Swiss Franc,Mid Rate,"1,618.1450",GH¢ per CHF,0.1618145,GH¢ per CHF,ok,
1999-07-05,DKKGHS,Danish Krone,Buying,346.6000,GH¢ per DKK,0.03466,GH¢ per DKK,ok,
1999-07-05,DKKGHS,Danish Krone,Selling,352.2300,GH¢ per DKK,0.035223,GH¢ per DKK,ok,
1999-07-05,DKKGHS,Danish Krone,Mid Rate,349.4150,GH¢ per DKK,0.0349415,GH¢ per DKK,ok,
1999-07-05,GBPGHS,Pound Sterling,Buying,"3,965.8300",GH¢ per GBP,0.396583,GH¢ per GBP,ok,
1999-07-05,GBPGHS,Pound Sterling,Selling,"4,034.9600",GH¢ per GBP,0.403496,GH¢ per GBP,ok,
1999-07-05,GBPGHS,Pound Sterling,Mid Rate,"4,000.3950",GH¢ per GBP,0.4000395,GH¢ per GBP,ok,
1999-07-05,JPYGHS,Japanese yen,Buying,20.5200,GH¢ per JPY,0.002052,GH¢ per JPY,ok,
1999-07-05,JPYGHS,Japanese yen,Selling,20.8600,GH¢ per JPY,0.002086,GH¢ per JPY,ok,
1999-07-05,JPYGHS,Japanese yen,Mid Rate,20.6900,GH¢ per JPY,0.002069,GH¢ per JPY,ok,
1999-07-05,NOKGHS,Norwegian Krone,Buying,319.3200,GH¢ per NOK,0.031932,GH¢ per NOK,ok,
1999-07-05,NOKGHS,Norwegian Krone,Selling,324.4300,GH¢ per NOK,0.032443,GH¢ per NOK,ok,
1999-07-05,NOKGHS,Norwegian Krone,Mid Rate,321.8750,GH¢ per NOK,0.0321875,GH¢ per NOK,ok,
1999-07-05,SEKGHS,Swedish Krona,Buying,296.0900,GH¢ per SEK,0.029609,GH¢ per SEK,ok,
1999-07-05,SEKGHS,Swedish Krona,Selling,300.7100,GH¢ per SEK,0.030071,GH¢ per SEK,ok,
1999-07-05,SEKGHS,Swedish Krona,Mid Rate,298.4000,GH¢ per SEK,0.02984,GH¢ per SEK,ok,
1999-07-06,USDGHS,US Dollar,Buying,"2,514.6400",GH¢ per USD,0.251464,GH¢ per USD,ok,
1999-07-06,USDGHS,US Dollar,Selling,"2,559.6400",GH¢ per USD,0.255964,GH¢ per USD,ok,
1999-07-06,USDGHS,US Dollar,Mid Rate,"2,537.1400",GH¢ per USD,0.253714,GH¢ per USD,ok,
1999-07-06,AUDGHS,Australian Dollar,Buying,186.8000,GH¢ per AUD,0.01868,GH¢ per AUD,ok,
1999-07-06,AUDGHS,Australian Dollar,Selling,"1,719.7500",GH¢ per AUD,0.171975,GH¢ per AUD,ok,
1999-07-06,AUDGHS,Australian Dollar,Mid Rate,953.2750,GH¢ per AUD,0.0953275,GH¢ per AUD,ok,
1999-07-06,CADGHS,Canadian Dollar,Buying,"1,718.9600",GH¢ per CAD,0.171896,GH¢ per CAD,ok,
1999-07-06,CADGHS,Canadian Dollar,Selling,"1,749.0900",GH¢ per CAD,0.174909,GH¢ per CAD,ok,
1999-07-06,CADGHS,Canadian Dollar,Mid Rate,"1,734.0250",GH¢ per CAD,0.1734025,GH¢ per CAD,ok,
1999-07-06,CHFGHS,Swiss Franc,Buying,"1,602.9800",GH¢ per CHF,0.160298,GH¢ per CHF,ok,
1999-07-06,CHFGHS,Swiss Franc,Selling,"1,631.1800",GH¢ per CHF,0.163118,GH¢ per CHF,ok,
1999-07-06,CHFGHS,Swiss Franc,Mid Rate,"1,617.0800",GH¢ per CHF,0.161708,GH¢ per CHF,ok,
1999-07-06,DKKGHS,Danish Krone,Buying,345.6800,GH¢ per DKK,0.034568,GH¢ per DKK,ok,
1999-07-06,DKKGHS,Danish Krone,Selling,351.8300,GH¢ per DKK,0.035183,GH¢ per DKK,ok,
1999-07-06,DKKGHS,Danish Krone,Mid Rate,348.7550,GH¢ per DKK,0.0348755,GH¢ per DKK,ok,
1999-07-06,GBPGHS,Pound Sterling,Buying,"3,953.2700",GH¢ per GBP,0.395327,GH¢ per GBP,ok,
1999-07-06,GBPGHS,Pound Sterling,Selling,"4,026.5700",GH¢ per GBP,0.402657,GH¢ per GBP,ok,
1999-07-06,GBPGHS,Pound Sterling,Mid Rate,"3,989.9200",GH¢ per GBP,0.398992,GH¢ per GBP,ok,
1999-07-06,JPYGHS,Japanese yen,Buying,20.6200,GH¢ per JPY,0.002062,GH¢ per JPY,ok,
1999-07-06,JPYGHS,Japanese yen,Selling,20.9800,GH¢ per JPY,0.002098,GH¢ per JPY,ok,
1999-07-06,JPYGHS,Japanese yen,Mid Rate,20.8000,GH¢ per JPY,0.00208,GH¢ per JPY,ok,
1999-07-06,NOKGHS,Norwegian Krone,Buying,318.8700,GH¢ per NOK,0.031887,GH¢ per NOK,ok,
1999-07-06,NOKGHS,Norwegian Krone,Selling,324.4400,GH¢ per NOK,0.032444,GH¢ per NOK,ok,
1999-07-06,NOKGHS,Norwegian Krone,Mid Rate,321.6550,GH¢ per NOK,0.0321655,GH¢ per NOK,ok,
1999-07-06,SEKGHS,Swedish Krona,Buying,295.5100,GH¢ per SEK,0.029551,GH¢ per SEK,ok,
1999-07-06,SEKGHS,Swedish Krona,Selling,300.5400,GH¢ per SEK,0.030054,GH¢ per SEK,ok,
1999-07-06,SEKGHS,Swedish Krona,Mid Rate,298.0250,GH¢ per SEK,0.0298025,GH¢ per SEK,ok,
1999-07-07,USDGHS,US Dollar,Buying,"2,514.8200",GH¢ per USD,0.251482,GH¢ per USD,ok,
1999-07-07,USDGHS,US Dollar,Selling,"2,560.0000",GH¢ per USD,0.256,GH¢ per USD,ok,
1999-07-07,USDGHS,US Dollar,Mid Rate,"2,537.4100",GH¢ per USD,0.253741,GH¢ per USD,ok,
1999-07-07,AUDGHS,Australian Dollar,Buying,187.4000,GH¢ per AUD,0.01874,GH¢ per AUD,ok,
1999-07-07,AUDGHS,Australian Dollar,Selling,"1,697.6400",GH¢ per AUD,0.169764,GH¢ per AUD,ok,
1999-07-07,AUDGHS,Australian Dollar,Mid Rate,942.5200,GH¢ per AUD,0.094252,GH¢ per AUD,ok,
1999-07-07,CADGHS,Canadian Dollar,Buying,"1,711.8100",GH¢ per CAD,0.171181,GH¢ per CAD,ok,
1999-07-07,CADGHS,Canadian Dollar,Selling,"1,741.3800",GH¢ per CAD,0.174138,GH¢ per CAD,ok,
1999-07-07,CADGHS,Canadian Dollar,Mid Rate,"1,726.5950",GH¢ per CAD,0.1726595,GH¢ per CAD,ok,
1999-07-07,CHFGHS,Swiss Franc,Buying,"1,607.3300",GH¢ per CHF,0.160733,GH¢ per CHF,ok,
1999-07-07,CHFGHS,Swiss Franc,Selling,"1,635.6600",GH¢ per CHF,0.163566,GH¢ per CHF,ok,
1999-07-07,CHFGHS,Swiss Franc,Mid Rate,"1,621.4950",GH¢ per CHF,0.1621495,GH¢ per CHF,ok,
1999-07-07,DKKGHS,Danish Krone,Buying,346.6200,GH¢ per DKK,0.034662,GH¢ per DKK,ok,
1999-07-07,DKKGHS,Danish Krone,Selling,352.6600,GH¢ per DKK,0.035266,GH¢ per DKK,ok,
1999-07-07,DKKGHS,Danish Krone,Mid Rate,349.6400,GH¢ per DKK,0.034964,GH¢ per DKK,ok,
1999-07-07,GBPGHS,Pound Sterling,Buying,"3,926.3900",GH¢ per GBP,0.392639,GH¢ per GBP,ok,
1999-07-07,GBPGHS,Pound Sterling,Selling,"3,998.2100",GH¢ per GBP,0.399821,GH¢ per GBP,ok,
1999-07-07,GBPGHS,Pound Sterling,Mid Rate,"3,962.3000",GH¢ per GBP,0.39623,GH¢ per GBP,ok,
1999-07-07,JPYGHS,Japanese yen,Buying,20.6000,GH¢ per JPY,0.00206,GH¢ per JPY,ok,
1999-07-07,JPYGHS,Japanese yen,Selling,20.9700,GH¢ per JPY,0.002097,GH¢ per JPY,ok,
1999-07-07,JPYGHS,Japanese yen,Mid Rate,20.7850,GH¢ per JPY,0.0020785,GH¢ per JPY,ok,
1999-07-07,NOKGHS,Norwegian Krone,Buying,319.2600,GH¢ per NOK,0.031926,GH¢ per NOK,ok,
1999-07-07,NOKGHS,Norwegian Krone,Selling,324.7500,GH¢ per NOK,0.032475,GH¢ per NOK,ok,
1999-07-07,NOKGHS,Norwegian Krone,Mid Rate,322.0050,GH¢ per NOK,0.0322005,GH¢ per NOK,ok,
1999-07-07,SEKGHS,Swedish Krona,Buying,295.8300,GH¢ per SEK,0.029583,GH¢ per SEK,ok,
1999-07-07,SEKGHS,Swedish Krona,Selling,300.7900,GH¢ per SEK,0.030079,GH¢ per SEK,ok,
1999-07-07,SEKGHS,Swedish Krona,Mid Rate,298.3100,GH¢ per SEK,0.029831,GH¢ per SEK,ok,
1999-07-08,USDGHS,US Dollar,Buying,"2,514.9100",GH¢ per USD,0.251491,GH¢ per USD,ok,
1999-07-08,USDGHS,US Dollar,Selling,"2,560.7300",GH¢ per USD,0.256073,GH¢ per USD,ok,
1999-07-08,USDGHS,US Dollar,Mid Rate,"2,537.8200",GH¢ per USD,0.253782,GH¢ per USD,ok,
1999-07-08,AUDGHS,Australian Dollar,Buying,186.1900,GH¢ per AUD,0.018619,GH¢ per AUD,ok,
1999-07-08,AUDGHS,Australian Dollar,Selling,"1,710.6100",GH¢ per AUD,0.171061,GH¢ per AUD,ok,
1999-07-08,AUDGHS,Australian Dollar,Mid Rate,948.4000,GH¢ per AUD,0.09484,GH¢ per AUD,ok,
1999-07-08,CADGHS,Canadian Dollar,Buying,"1,714.1000",GH¢ per CAD,0.17141,GH¢ per CAD,ok,
1999-07-08,CADGHS,Canadian Dollar,Selling,"1,745.5300",GH¢ per CAD,0.174553,GH¢ per CAD,ok,
1999-07-08,CADGHS,Canadian Dollar,Mid Rate,"1,729.8150",GH¢ per CAD,0.1729815,GH¢ per CAD,ok,
1999-07-08,CHFGHS,Swiss Franc,Buying,"1,597.5000",GH¢ per CHF,0.15975,GH¢ per CHF,ok,
1999-07-08,CHFGHS,Swiss Franc,Selling,"1,626.2500",GH¢ per CHF,0.162625,GH¢ per CHF,ok,
1999-07-08,CHFGHS,Swiss Franc,Mid Rate,"1,611.8750",GH¢ per CHF,0.1611875,GH¢ per CHF,ok,
1999-07-08,DKKGHS,Danish Krone,Buying,344.6700,GH¢ per DKK,0.034467,GH¢ per DKK,ok,
1999-07-08,DKKGHS,Danish Krone,Selling,350.9100,GH¢ per DKK,0.035091,GH¢ per DKK,ok,
1999-07-08,DKKGHS,Danish Krone,Mid Rate,347.7900,GH¢ per DKK,0.034779,GH¢ per DKK,ok,
1999-07-08,GBPGHS,Pound Sterling,Buying,"3,917.2200",GH¢ per GBP,0.391722,GH¢ per GBP,ok,
1999-07-08,GBPGHS,Pound Sterling,Selling,"3,991.1500",GH¢ per GBP,0.399115,GH¢ per GBP,ok,
1999-07-08,GBPGHS,Pound Sterling,Mid Rate,"3,954.1850",GH¢ per GBP,0.3954185,GH¢ per GBP,ok,
1999-07-08,JPYGHS,Japanese yen,Buying,20.5400,GH¢ per JPY,0.002054,GH¢ per JPY,ok,
1999-07-08,JPYGHS,Japanese yen,Selling,20.9200,GH¢ per JPY,0.002092,GH¢ per JPY,ok,
1999-07-08,JPYGHS,Japanese yen,Mid Rate,20.7300,GH¢ per JPY,0.002073,GH¢ per JPY,ok,
1999-07-08,NOKGHS,Norwegian Krone,Buying,316.6400,GH¢ per NOK,0.031664,GH¢ per NOK,ok,
1999-07-08,NOKGHS,Norwegian Krone,Selling,322.3500,GH¢ per NOK,0.032235,GH¢ per NOK,ok,
1999-07-08,NOKGHS,Norwegian Krone,Mid Rate,319.4950,GH¢ per NOK,0.0319495,GH¢ per NOK,ok,
1999-07-08,SEKGHS,Swedish Krona,Buying,294.5400,GH¢ per SEK,0.029454,GH¢ per SEK,ok,
1999-07-08,SEKGHS,Swedish Krona,Selling,299.6900,GH¢ per SEK,0.029969,GH¢ per SEK,ok,
1999-07-08,SEKGHS,Swedish Krona,Mid Rate,297.1150,GH¢ per SEK,0.0297115,GH¢ per SEK,ok,
1999-07-09,USDGHS,US Dollar,Buying,"2,518.5500",GH¢ per USD,0.251855,GH¢ per USD,ok,
1999-07-09,USDGHS,US Dollar,Selling,"2,563.5500",GH¢ per USD,0.256355,GH¢ per USD,ok,
1999-07-09,USDGHS,US Dollar,Mid Rate,"2,541.0500",GH¢ per USD,0.254105,GH¢ per USD,ok,
1999-07-09,AUDGHS,Australian Dollar,Buying,186.8600,GH¢ per AUD,0.018686,GH¢ per AUD,ok,
1999-07-09,AUDGHS,Australian Dollar,Selling,"1,705.6900",GH¢ per AUD,0.170569,GH¢ per AUD,ok,
1999-07-09,AUDGHS,Australian Dollar,Mid Rate,946.2750,GH¢ per AUD,0.0946275,GH¢ per AUD,ok,
1999-07-09,CADGHS,Canadian Dollar,Buying,"1,712.8800",GH¢ per CAD,0.171288,GH¢ per CAD,ok,
1999-07-09,CADGHS,Canadian Dollar,Selling,"1,744.2200",GH¢ per CAD,0.174422,GH¢ per CAD,ok,
1999-07-09,CADGHS,Canadian Dollar,Mid Rate,"1,728.5500",GH¢ per CAD,0.172855,GH¢ per CAD,ok,
1999-07-09,CHFGHS,Swiss Franc,Buying,"1,600.8800",GH¢ per CHF,0.160088,GH¢ per CHF,ok,
1999-07-09,CHFGHS,Swiss Franc,Selling,"1,629.2000",GH¢ per CHF,0.16292,GH¢ per CHF,ok,
1999-07-09,CHFGHS,Swiss Franc,Mid Rate,"1,615.0400",GH¢ per CHF,0.161504,GH¢ per CHF,ok,
1999-07-09,DKKGHS,Danish Krone,Buying,345.7000,GH¢ per DKK,0.03457,GH¢ per DKK,ok,
1999-07-09,DKKGHS,Danish Krone,Selling,351.8900,GH¢ per DKK,0.035189,GH¢ per DKK,ok,
1999-07-09,DKKGHS,Danish Krone,Mid Rate,348.7950,GH¢ per DKK,0.0348795,GH¢ per DKK,ok,
1999-07-09,GBPGHS,Pound Sterling,Buying,"3,917.3500",GH¢ per GBP,0.391735,GH¢ per GBP,ok,
1999-07-09,GBPGHS,Pound Sterling,Selling,"3,989.9100",GH¢ per GBP,0.398991,GH¢ per GBP,ok,
1999-07-09,GBPGHS,Pound Sterling,Mid Rate,"3,953.6300",GH¢ per GBP,0.395363,GH¢ per GBP,ok,
1999-07-09,JPYGHS,Japanese yen,Buying,20.5400,GH¢ per JPY,0.002054,GH¢ per JPY,ok,
1999-07-09,JPYGHS,Japanese yen,Selling,20.9000,GH¢ per JPY,0.00209,GH¢ per JPY,ok,
1999-07-09,JPYGHS,Japanese yen,Mid Rate,20.7200,GH¢ per JPY,0.002072,GH¢ per JPY,ok,
1999-07-09,NOKGHS,Norwegian Krone,Buying,317.2200,GH¢ per NOK,0.031722,GH¢ per NOK,ok,
1999-07-09,NOKGHS,Norwegian Krone,Selling,322.7800,GH¢ per NOK,0.032278,GH¢ per NOK,ok,
1999-07-09,NOKGHS,Norwegian Krone,Mid Rate,320.0000,GH¢ per NOK,0.032,GH¢ per NOK,ok,
1999-07-09,SEKGHS,Swedish Krona,Buying,295.0100,GH¢ per SEK,0.029501,GH¢ per SEK,ok,
1999-07-09,SEKGHS,Swedish Krona,Selling,300.0600,GH¢ per SEK,0.030006,GH¢ per SEK,ok,
1999-07-09,SEKGHS,Swedish Krona,Mid Rate,297.5350,GH¢ per SEK,0.0297535,GH¢ per SEK,ok,
1999-07-12,USDGHS,US Dollar,Buying,"2,520.9100",GH¢ per USD,0.252091,GH¢ per USD,ok,
1999-07-12,USDGHS,US Dollar,Selling,"2,566.7300",GH¢ per USD,0.256673,GH¢ per USD,ok,
1999-07-12,USDGHS,US Dollar,Mid Rate,"2,543.8200",GH¢ per USD,0.254382,GH¢ per USD,ok,
1999-07-12,AUDGHS,Australian Dollar,Buying,186.3000,GH¢ per AUD,0.01863,GH¢ per AUD,ok,
1999-07-12,AUDGHS,Australian Dollar,Selling,"1,703.0900",GH¢ per AUD,0.170309,GH¢ per AUD,ok,
1999-07-12,AUDGHS,Australian Dollar,Mid Rate,944.6950,GH¢ per AUD,0.0944695,GH¢ per AUD,ok,
1999-07-12,CADGHS,Canadian Dollar,Buying,"1,710.9600",GH¢ per CAD,0.171096,GH¢ per CAD,ok,
1999-07-12,CADGHS,Canadian Dollar,Selling,"1,740.8900",GH¢ per CAD,0.174089,GH¢ per CAD,ok,
1999-07-12,CADGHS,Canadian Dollar,Mid Rate,"1,725.9250",GH¢ per CAD,0.1725925,GH¢ per CAD,ok,
1999-07-12,CHFGHS,Swiss Franc,Buying,"1,594.5200",GH¢ per CHF,0.159452,GH¢ per CHF,ok,
1999-07-12,CHFGHS,Swiss Franc,Selling,"1,622.7600",GH¢ per CHF,0.162276,GH¢ per CHF,ok,
1999-07-12,CHFGHS,Swiss Franc,Mid Rate,"1,608.6400",GH¢ per CHF,0.160864,GH¢ per CHF,ok,
1999-07-12,DKKGHS,Danish Krone,Buying,344.5700,GH¢ per DKK,0.034457,GH¢ per DKK,ok,
1999-07-12,DKKGHS,Danish Krone,Selling,350.6400,GH¢ per DKK,0.035064,GH¢ per DKK,ok,
1999-07-12,DKKGHS,Danish Krone,Mid Rate,347.6050,GH¢ per DKK,0.0347605,GH¢ per DKK,ok,
1999-07-12,GBPGHS,Pound Sterling,Buying,"3,912.9600",GH¢ per GBP,0.391296,GH¢ per GBP,ok,
1999-07-12,GBPGHS,Pound Sterling,Selling,"3,986.6500",GH¢ per GBP,0.398665,GH¢ per GBP,ok,
1999-07-12,GBPGHS,Pound Sterling,Mid Rate,"3,949.8050",GH¢ per GBP,0.3949805,GH¢ per GBP,ok,
1999-07-12,JPYGHS,Japanese yen,Buying,20.6400,GH¢ per JPY,0.002064,GH¢ per JPY,ok,
1999-07-12,JPYGHS,Japanese yen,Selling,21.0200,GH¢ per JPY,0.002102,GH¢ per JPY,ok,
1999-07-12,JPYGHS,Japanese yen,Mid Rate,20.8300,GH¢ per JPY,0.002083,GH¢ per JPY,ok,
1999-07-12,NOKGHS,Norwegian Krone,Buying,316.1400,GH¢ per NOK,0.031614,GH¢ per NOK,ok,
1999-07-12,NOKGHS,Norwegian Krone,Selling,321.6400,GH¢ per NOK,0.032164,GH¢ per NOK,ok,
1999-07-12,NOKGHS,Norwegian Krone,Mid Rate,318.8900,GH¢ per NOK,0.031889,GH¢ per NOK,ok,
1999-07-12,SEKGHS,Swedish Krona,Buying,293.6600,GH¢ per SEK,0.029366,GH¢ per SEK,ok,
1999-07-12,SEKGHS,Swedish Krona,Selling,298.6500,GH¢ per SEK,0.029865,GH¢ per SEK,ok,
1999-07-12,SEKGHS,Swedish Krona,Mid Rate,296.1550,GH¢ per SEK,0.0296155,GH¢ per SEK,ok,
1999-07-13,USDGHS,US Dollar,Buying,"2,527.4500",GH¢ per USD,0.252745,GH¢ per USD,ok,
1999-07-13,USDGHS,US Dollar,Selling,"2,571.5500",GH¢ per USD,0.257155,GH¢ per USD,ok,
1999-07-13,USDGHS,US Dollar,Mid Rate,"2,549.5000",GH¢ per USD,0.25495,GH¢ per USD,ok,
1999-07-13,AUDGHS,Australian Dollar,Buying,186.2400,GH¢ per AUD,0.018624,GH¢ per AUD,ok,
1999-07-13,AUDGHS,Australian Dollar,Selling,"1,705.5800",GH¢ per AUD,0.170558,GH¢ per AUD,ok,
1999-07-13,AUDGHS,Australian Dollar,Mid Rate,945.9100,GH¢ per AUD,0.094591,GH¢ per AUD,ok,
1999-07-13,CADGHS,Canadian Dollar,Buying,"1,709.6000",GH¢ per CAD,0.17096,GH¢ per CAD,ok,
1999-07-13,CADGHS,Canadian Dollar,Selling,"1,738.1000",GH¢ per CAD,0.17381,GH¢ per CAD,ok,
1999-07-13,CADGHS,Canadian Dollar,Mid Rate,"1,723.8500",GH¢ per CAD,0.172385,GH¢ per CAD,ok,
1999-07-13,CHFGHS,Swiss Franc,Buying,"1,595.2300",GH¢ per CHF,0.159523,GH¢ per CHF,ok,
1999-07-13,CHFGHS,Swiss Franc,Selling,"1,621.5300",GH¢ per CHF,0.162153,GH¢ per CHF,ok,
1999-07-13,CHFGHS,Swiss Franc,Mid Rate,"1,608.3800",GH¢ per CHF,0.160838,GH¢ per CHF,ok,
1999-07-13,DKKGHS,Danish Krone,Buying,344.3600,GH¢ per DKK,0.034436,GH¢ per DKK,ok,
1999-07-13,DKKGHS,Danish Krone,Selling,350.2000,GH¢ per DKK,0.03502,GH¢ per DKK,ok,
1999-07-13,DKKGHS,Danish Krone,Mid Rate,347.2800,GH¢ per DKK,0.034728,GH¢ per DKK,ok,
1999-07-13,GBPGHS,Pound Sterling,Buying,"3,929.6800",GH¢ per GBP,0.392968,GH¢ per GBP,ok,
1999-07-13,GBPGHS,Pound Sterling,Selling,"3,999.0200",GH¢ per GBP,0.399902,GH¢ per GBP,ok,
1999-07-13,GBPGHS,Pound Sterling,Mid Rate,"3,964.3500",GH¢ per GBP,0.396435,GH¢ per GBP,ok,
1999-07-13,JPYGHS,Japanese yen,Buying,20.7000,GH¢ per JPY,0.00207,GH¢ per JPY,ok,
1999-07-13,JPYGHS,Japanese yen,Selling,21.0500,GH¢ per JPY,0.002105,GH¢ per JPY,ok,
1999-07-13,JPYGHS,Japanese yen,Mid Rate,20.8750,GH¢ per JPY,0.0020875,GH¢ per JPY,ok,
1999-07-13,NOKGHS,Norwegian Krone,Buying,315.8400,GH¢ per NOK,0.031584,GH¢ per NOK,ok,
1999-07-13,NOKGHS,Norwegian Krone,Selling,321.0500,GH¢ per NOK,0.032105,GH¢ per NOK,ok,
1999-07-13,NOKGHS,Norwegian Krone,Mid Rate,318.4450,GH¢ per NOK,0.0318445,GH¢ per NOK,ok,
1999-07-13,SEKGHS,Swedish Krona,Buying,293.8800,GH¢ per SEK,0.029388,GH¢ per SEK,ok,
1999-07-13,SEKGHS,Swedish Krona,Selling,298.6700,GH¢ per SEK,0.029867,GH¢ per SEK,ok,
1999-07-13,SEKGHS,Swedish Krona,Mid Rate,296.2750,GH¢ per SEK,0.0296275,GH¢ per SEK,ok,
1999-07-14,USDGHS,US Dollar,Buying,"2,531.1800",GH¢ per USD,0.253118,GH¢ per USD,ok,
1999-07-14,USDGHS,US Dollar,Selling,"2,573.3600",GH¢ per USD,0.257336,GH¢ per USD,ok,
1999-07-14,USDGHS,US Dollar,Mid Rate,"2,552.2700",GH¢ per USD,0.255227,GH¢ per USD,ok,
1999-07-14,AUDGHS,Australian Dollar,Buying,186.5500,GH¢ per AUD,0.018655,GH¢ per AUD,ok,
1999-07-14,AUDGHS,Australian Dollar,Selling,"1,701.4300",GH¢ per AUD,0.170143,GH¢ per AUD,ok,
1999-07-14,AUDGHS,Australian Dollar,Mid Rate,943.9900,GH¢ per AUD,0.094399,GH¢ per AUD,ok,
1999-07-14,CADGHS,Canadian Dollar,Buying,"1,710.9500",GH¢ per CAD,0.171095,GH¢ per CAD,ok,
1999-07-14,CADGHS,Canadian Dollar,Selling,"1,737.4600",GH¢ per CAD,0.173746,GH¢ per CAD,ok,
1999-07-14,CADGHS,Canadian Dollar,Mid Rate,"1,724.2050",GH¢ per CAD,0.1724205,GH¢ per CAD,ok,
1999-07-14,CHFGHS,Swiss Franc,Buying,"1,600.2200",GH¢ per CHF,0.160022,GH¢ per CHF,ok,
1999-07-14,CHFGHS,Swiss Franc,Selling,"1,624.6900",GH¢ per CHF,0.162469,GH¢ per CHF,ok,
1999-07-14,CHFGHS,Swiss Franc,Mid Rate,"1,612.4550",GH¢ per CHF,0.1612455,GH¢ per CHF,ok,
1999-07-14,DKKGHS,Danish Krone,Buying,345.1300,GH¢ per DKK,0.034513,GH¢ per DKK,ok,
1999-07-14,DKKGHS,Danish Krone,Selling,350.5800,GH¢ per DKK,0.035058,GH¢ per DKK,ok,
1999-07-14,DKKGHS,Danish Krone,Mid Rate,347.8550,GH¢ per DKK,0.0347855,GH¢ per DKK,ok,
1999-07-14,GBPGHS,Pound Sterling,Buying,"3,931.4300",GH¢ per GBP,0.393143,GH¢ per GBP,ok,
1999-07-14,GBPGHS,Pound Sterling,Selling,"3,997.7100",GH¢ per GBP,0.399771,GH¢ per GBP,ok,
1999-07-14,GBPGHS,Pound Sterling,Mid Rate,"3,964.5700",GH¢ per GBP,0.396457,GH¢ per GBP,ok,
1999-07-14,JPYGHS,Japanese yen,Buying,20.9100,GH¢ per JPY,0.002091,GH¢ per JPY,ok,
1999-07-14,JPYGHS,Japanese yen,Selling,21.2500,GH¢ per JPY,0.002125,GH¢ per JPY,ok,
1999-07-14,JPYGHS,Japanese yen,Mid Rate,21.0800,GH¢ per JPY,0.002108,GH¢ per JPY,ok,
1999-07-14,NOKGHS,Norwegian Krone,Buying,315.6900,GH¢ per NOK,0.031569,GH¢ per NOK,ok,
1999-07-14,NOKGHS,Norwegian Krone,Selling,320.5600,GH¢ per NOK,0.032056,GH¢ per NOK,ok,
1999-07-14,NOKGHS,Norwegian Krone,Mid Rate,318.1250,GH¢ per NOK,0.0318125,GH¢ per NOK,ok,
1999-07-14,SEKGHS,Swedish Krona,Buying,293.9800,GH¢ per SEK,0.029398,GH¢ per SEK,ok,
1999-07-14,SEKGHS,Swedish Krona,Selling,298.4000,GH¢ per SEK,0.02984,GH¢ per SEK,ok,
1999-07-14,SEKGHS,Swedish Krona,Mid Rate,296.1900,GH¢ per SEK,0.029619,GH¢ per SEK,ok,
1999-07-15,USDGHS,US Dollar,Buying,"2,532.0000",GH¢ per USD,0.2532,GH¢ per USD,ok,
1999-07-15,USDGHS,US Dollar,Selling,"2,573.6400",GH¢ per USD,0.257364,GH¢ per USD,ok,
1999-07-15,USDGHS,US Dollar,Mid Rate,"2,552.8200",GH¢ per USD,0.255282,GH¢ per USD,ok,
1999-07-15,AUDGHS,Australian Dollar,Buying,188.2600,GH¢ per AUD,0.018826,GH¢ per AUD,ok,
1999-07-15,AUDGHS,Australian Dollar,Selling,"1,695.6400",GH¢ per AUD,0.169564,GH¢ per AUD,ok,
1999-07-15,AUDGHS,Australian Dollar,Mid Rate,941.9500,GH¢ per AUD,0.094195,GH¢ per AUD,ok,
1999-07-15,CADGHS,Canadian Dollar,Buying,"1,710.0900",GH¢ per CAD,0.171009,GH¢ per CAD,ok,
1999-07-15,CADGHS,Canadian Dollar,Selling,"1,736.8200",GH¢ per CAD,0.173682,GH¢ per CAD,ok,
1999-07-15,CADGHS,Canadian Dollar,Mid Rate,"1,723.4550",GH¢ per CAD,0.1723455,GH¢ per CAD,ok,
1999-07-15,CHFGHS,Swiss Franc,Buying,"1,613.0800",GH¢ per CHF,0.161308,GH¢ per CHF,ok,
1999-07-15,CHFGHS,Swiss Franc,Selling,"1,638.0000",GH¢ per CHF,0.1638,GH¢ per CHF,ok,
1999-07-15,CHFGHS,Swiss Franc,Mid Rate,"1,625.5400",GH¢ per CHF,0.162554,GH¢ per CHF,ok,
1999-07-15,DKKGHS,Danish Krone,Buying,348.1800,GH¢ per DKK,0.034818,GH¢ per DKK,ok,
1999-07-15,DKKGHS,Danish Krone,Selling,353.6500,GH¢ per DKK,0.035365,GH¢ per DKK,ok,
1999-07-15,DKKGHS,Danish Krone,Mid Rate,350.9150,GH¢ per DKK,0.0350915,GH¢ per DKK,ok,
1999-07-15,GBPGHS,Pound Sterling,Buying,"3,966.8800",GH¢ per GBP,0.396688,GH¢ per GBP,ok,
1999-07-15,GBPGHS,Pound Sterling,Selling,"4,033.4100",GH¢ per GBP,0.403341,GH¢ per GBP,ok,
1999-07-15,GBPGHS,Pound Sterling,Mid Rate,"4,000.1450",GH¢ per GBP,0.4000145,GH¢ per GBP,ok,
1999-07-15,JPYGHS,Japanese yen,Buying,20.9000,GH¢ per JPY,0.00209,GH¢ per JPY,ok,
1999-07-15,JPYGHS,Japanese yen,Selling,21.2400,GH¢ per JPY,0.002124,GH¢ per JPY,ok,
1999-07-15,JPYGHS,Japanese yen,Mid Rate,21.0700,GH¢ per JPY,0.002107,GH¢ per JPY,ok,
1999-07-15,NOKGHS,Norwegian Krone,Buying,317.2300,GH¢ per NOK,0.031723,GH¢ per NOK,ok,
1999-07-15,NOKGHS,Norwegian Krone,Selling,322.1100,GH¢ per NOK,0.032211,GH¢ per NOK,ok,
1999-07-15,NOKGHS,Norwegian Krone,Mid Rate,319.6700,GH¢ per NOK,0.031967,GH¢ per NOK,ok,
1999-07-15,SEKGHS,Swedish Krona,Buying,295.0600,GH¢ per SEK,0.029506,GH¢ per SEK,ok,
1999-07-15,SEKGHS,Swedish Krona,Selling,299.4700,GH¢ per SEK,0.029947,GH¢ per SEK,ok,
1999-07-15,SEKGHS,Swedish Krona,Mid Rate,297.2650,GH¢ per SEK,0.0297265,GH¢ per SEK,ok,
1999-07-16,USDGHS,US Dollar,Buying,"2,534.3600",GH¢ per USD,0.253436,GH¢ per USD,ok,
1999-07-16,USDGHS,US Dollar,Selling,"2,576.4500",GH¢ per USD,0.257645,GH¢ per USD,ok,
1999-07-16,USDGHS,US Dollar,Mid Rate,"2,555.4050",GH¢ per USD,0.2555405,GH¢ per USD,ok,
1999-07-16,AUDGHS,Australian Dollar,Buying,187.9500,GH¢ per AUD,0.018795,GH¢ per AUD,ok,
1999-07-16,AUDGHS,Australian Dollar,Selling,"1,704.2700",GH¢ per AUD,0.170427,GH¢ per AUD,ok,
1999-07-16,AUDGHS,Australian Dollar,Mid Rate,946.1100,GH¢ per AUD,0.094611,GH¢ per AUD,ok,
1999-07-16,CADGHS,Canadian Dollar,Buying,"1,711.0400",GH¢ per CAD,0.171104,GH¢ per CAD,ok,
1999-07-16,CADGHS,Canadian Dollar,Selling,"1,738.2400",GH¢ per CAD,0.173824,GH¢ per CAD,ok,
1999-07-16,CADGHS,Canadian Dollar,Mid Rate,"1,724.6400",GH¢ per CAD,0.172464,GH¢ per CAD,ok,
1999-07-16,CHFGHS,Swiss Franc,Buying,"1,610.3400",GH¢ per CHF,0.161034,GH¢ per CHF,ok,
1999-07-16,CHFGHS,Swiss Franc,Selling,"1,635.9400",GH¢ per CHF,0.163594,GH¢ per CHF,ok,
1999-07-16,CHFGHS,Swiss Franc,Mid Rate,"1,623.1400",GH¢ per CHF,0.162314,GH¢ per CHF,ok,
1999-07-16,DKKGHS,Danish Krone,Buying,347.7500,GH¢ per DKK,0.034775,GH¢ per DKK,ok,
1999-07-16,DKKGHS,Danish Krone,Selling,353.2400,GH¢ per DKK,0.035324,GH¢ per DKK,ok,
1999-07-16,DKKGHS,Danish Krone,Mid Rate,350.4950,GH¢ per DKK,0.0350495,GH¢ per DKK,ok,
1999-07-16,GBPGHS,Pound Sterling,Buying,"3,972.8600",GH¢ per GBP,0.397286,GH¢ per GBP,ok,
1999-07-16,GBPGHS,Pound Sterling,Selling,"4,041.4200",GH¢ per GBP,0.404142,GH¢ per GBP,ok,
1999-07-16,GBPGHS,Pound Sterling,Mid Rate,"4,007.1400",GH¢ per GBP,0.400714,GH¢ per GBP,ok,
1999-07-16,JPYGHS,Japanese yen,Buying,20.9700,GH¢ per JPY,0.002097,GH¢ per JPY,ok,
1999-07-16,JPYGHS,Japanese yen,Selling,21.3200,GH¢ per JPY,0.002132,GH¢ per JPY,ok,
1999-07-16,JPYGHS,Japanese yen,Mid Rate,21.1450,GH¢ per JPY,0.0021145,GH¢ per JPY,ok,
1999-07-16,NOKGHS,Norwegian Krone,Buying,317.7900,GH¢ per NOK,0.031779,GH¢ per NOK,ok,
1999-07-16,NOKGHS,Norwegian Krone,Selling,322.8200,GH¢ per NOK,0.032282,GH¢ per NOK,ok,
1999-07-16,NOKGHS,Norwegian Krone,Mid Rate,320.3050,GH¢ per NOK,0.0320305,GH¢ per NOK,ok,
1999-07-16,SEKGHS,Swedish Krona,Buying,295.5500,GH¢ per SEK,0.029555,GH¢ per SEK,ok,
1999-07-16,SEKGHS,Swedish Krona,Selling,300.1100,GH¢ per SEK,0.030011,GH¢ per SEK,ok,
1999-07-16,SEKGHS,Swedish Krona,Mid Rate,297.8300,GH¢ per SEK,0.029783,GH¢ per SEK,ok,
1999-07-19,USDGHS,US Dollar,Buying,"2,535.9100",GH¢ per USD,0.253591,GH¢ per USD,ok,
1999-07-19,USDGHS,US Dollar,Selling,"2,577.5500",GH¢ per USD,0.257755,GH¢ per USD,ok,
1999-07-19,USDGHS,US Dollar,Mid Rate,"2,556.7300",GH¢ per USD,0.255673,GH¢ per USD,ok,
1999-07-19,AUDGHS,Australian Dollar,Buying,187.0600,GH¢ per AUD,0.018706,GH¢ per AUD,ok,
1999-07-19,AUDGHS,Australian Dollar,Selling,"1,698.1400",GH¢ per AUD,0.169814,GH¢ per AUD,ok,
1999-07-19,AUDGHS,Australian Dollar,Mid Rate,942.6000,GH¢ per AUD,0.09426,GH¢ per AUD,ok,
1999-07-19,CADGHS,Canadian Dollar,Buying,"1,709.6300",GH¢ per CAD,0.170963,GH¢ per CAD,ok,
1999-07-19,CADGHS,Canadian Dollar,Selling,"1,737.0900",GH¢ per CAD,0.173709,GH¢ per CAD,ok,
1999-07-19,CADGHS,Canadian Dollar,Mid Rate,"1,723.3600",GH¢ per CAD,0.172336,GH¢ per CAD,ok,
1999-07-19,CHFGHS,Swiss Franc,Buying,"1,315.5900",GH¢ per CHF,,GH¢ per CHF,held,FX1_outlier
1999-07-19,CHFGHS,Swiss Franc,Selling,"1,337.6100",GH¢ per CHF,,GH¢ per CHF,held,FX1_outlier
1999-07-19,CHFGHS,Swiss Franc,Mid Rate,"1,326.6000",GH¢ per CHF,,GH¢ per CHF,held,FX1_outlier
1999-07-19,DKKGHS,Danish Krone,Buying,346.2000,GH¢ per DKK,0.03462,GH¢ per DKK,ok,
1999-07-19,DKKGHS,Danish Krone,Selling,351.7400,GH¢ per DKK,0.035174,GH¢ per DKK,ok,
1999-07-19,DKKGHS,Danish Krone,Mid Rate,348.9700,GH¢ per DKK,0.034897,GH¢ per DKK,ok,
1999-07-19,GBPGHS,Pound Sterling,Buying,"3,949.9300",GH¢ per GBP,0.394993,GH¢ per GBP,ok,
1999-07-19,GBPGHS,Pound Sterling,Selling,"4,017.3700",GH¢ per GBP,0.401737,GH¢ per GBP,ok,
1999-07-19,GBPGHS,Pound Sterling,Mid Rate,"3,983.6500",GH¢ per GBP,0.398365,GH¢ per GBP,ok,
1999-07-19,JPYGHS,Japanese yen,Buying,21.0700,GH¢ per JPY,0.002107,GH¢ per JPY,ok,
1999-07-19,JPYGHS,Japanese yen,Selling,21.4100,GH¢ per JPY,0.002141,GH¢ per JPY,ok,
1999-07-19,JPYGHS,Japanese yen,Mid Rate,21.2400,GH¢ per JPY,0.002124,GH¢ per JPY,ok,
1999-07-19,NOKGHS,Norwegian Krone,Buying,317.3100,GH¢ per NOK,0.031731,GH¢ per NOK,ok,
1999-07-19,NOKGHS,Norwegian Krone,Selling,322.2800,GH¢ per NOK,0.032228,GH¢ per NOK,ok,
1999-07-19,NOKGHS,Norwegian Krone,Mid Rate,319.7950,GH¢ per NOK,0.0319795,GH¢ per NOK,ok,
1999-07-19,SEKGHS,Swedish Krona,Buying,295.0100,GH¢ per SEK,0.029501,GH¢ per SEK,ok,
1999-07-19,SEKGHS,Swedish Krona,Selling,299.5100,GH¢ per SEK,0.029951,GH¢ per SEK,ok,
1999-07-19,SEKGHS,Swedish Krona,Mid Rate,297.2600,GH¢ per SEK,0.029726,GH¢ per SEK,ok,
1999-07-20,USDGHS,US Dollar,Buying,"2,538.2700",GH¢ per USD,0.253827,GH¢ per USD,ok,
1999-07-20,USDGHS,US Dollar,Selling,"2,580.8200",GH¢ per USD,0.258082,GH¢ per USD,ok,
1999-07-20,USDGHS,US Dollar,Mid Rate,"2,559.5450",GH¢ per USD,0.2559545,GH¢ per USD,ok,
1999-07-20,AUDGHS,Australian Dollar,Buying,190.2500,GH¢ per AUD,0.019025,GH¢ per AUD,ok,
1999-07-20,AUDGHS,Australian Dollar,Selling,"1,686.8000",GH¢ per AUD,0.16868,GH¢ per AUD,ok,
1999-07-20,AUDGHS,Australian Dollar,Mid Rate,938.5250,GH¢ per AUD,0.0938525,GH¢ per AUD,ok,
1999-07-20,CADGHS,Canadian Dollar,Buying,"1,704.5800",GH¢ per CAD,0.170458,GH¢ per CAD,ok,
1999-07-20,CADGHS,Canadian Dollar,Selling,"1,732.5600",GH¢ per CAD,0.173256,GH¢ per CAD,ok,
1999-07-20,CADGHS,Canadian Dollar,Mid Rate,"1,718.5700",GH¢ per CAD,0.171857,GH¢ per CAD,ok,
1999-07-20,CHFGHS,Swiss Franc,Buying,"1,631.7900",GH¢ per CHF,0.163179,GH¢ per CHF,ok,
1999-07-20,CHFGHS,Swiss Franc,Selling,"1,658.6400",GH¢ per CHF,0.165864,GH¢ per CHF,ok,
1999-07-20,CHFGHS,Swiss Franc,Mid Rate,"1,645.2150",GH¢ per CHF,0.1645215,GH¢ per CHF,ok,
1999-07-20,DKKGHS,Danish Krone,Buying,351.9200,GH¢ per DKK,0.035192,GH¢ per DKK,ok,
1999-07-20,DKKGHS,Danish Krone,Selling,357.8400,GH¢ per DKK,0.035784,GH¢ per DKK,ok,
1999-07-20,DKKGHS,Danish Krone,Mid Rate,354.8800,GH¢ per DKK,0.035488,GH¢ per DKK,ok,
1999-07-20,GBPGHS,Pound Sterling,Buying,"4,000.8200",GH¢ per GBP,0.400082,GH¢ per GBP,ok,
1999-07-20,GBPGHS,Pound Sterling,Selling,"4,070.4700",GH¢ per GBP,0.407047,GH¢ per GBP,ok,
1999-07-20,GBPGHS,Pound Sterling,Mid Rate,"4,035.6450",GH¢ per GBP,0.4035645,GH¢ per GBP,ok,
1999-07-20,JPYGHS,Japanese yen,Buying,21.5000,GH¢ per JPY,0.00215,GH¢ per JPY,ok,
1999-07-20,JPYGHS,Japanese yen,Selling,21.8600,GH¢ per JPY,0.002186,GH¢ per JPY,ok,
1999-07-20,JPYGHS,Japanese yen,Mid Rate,21.6800,GH¢ per JPY,0.002168,GH¢ per JPY,ok,
1999-07-20,NOKGHS,Norwegian Krone,Buying,322.5900,GH¢ per NOK,0.032259,GH¢ per NOK,ok,
1999-07-20,NOKGHS,Norwegian Krone,Selling,327.8900,GH¢ per NOK,0.032789,GH¢ per NOK,ok,
1999-07-20,NOKGHS,Norwegian Krone,Mid Rate,325.2400,GH¢ per NOK,0.032524,GH¢ per NOK,ok,
1999-07-20,SEKGHS,Swedish Krona,Buying,322.5900,GH¢ per SEK,0.032259,GH¢ per SEK,ok,
1999-07-20,SEKGHS,Swedish Krona,Selling,327.8900,GH¢ per SEK,0.032789,GH¢ per SEK,ok,
1999-07-20,SEKGHS,Swedish Krona,Mid Rate,325.2400,GH¢ per SEK,0.032524,GH¢ per SEK,ok,
1999-07-21,USDGHS,US Dollar,Buying,"2,542.1800",GH¢ per USD,0.254218,GH¢ per USD,ok,
1999-07-21,USDGHS,US Dollar,Selling,"2,584.9100",GH¢ per USD,0.258491,GH¢ per USD,ok,
1999-07-21,USDGHS,US Dollar,Mid Rate,"2,563.5450",GH¢ per USD,0.2563545,GH¢ per USD,ok,
1999-07-21,AUDGHS,Australian Dollar,Buying,193.0100,GH¢ per AUD,0.019301,GH¢ per AUD,ok,
1999-07-21,AUDGHS,Australian Dollar,Selling,"1,675.9500",GH¢ per AUD,0.167595,GH¢ per AUD,ok,
1999-07-21,AUDGHS,Australian Dollar,Mid Rate,934.4800,GH¢ per AUD,0.093448,GH¢ per AUD,ok,
1999-07-21,CADGHS,Canadian Dollar,Buying,"1,703.1700",GH¢ per CAD,0.170317,GH¢ per CAD,ok,
1999-07-21,CADGHS,Canadian Dollar,Selling,"1,731.2100",GH¢ per CAD,0.173121,GH¢ per CAD,ok,
1999-07-21,CADGHS,Canadian Dollar,Mid Rate,"1,717.1900",GH¢ per CAD,0.171719,GH¢ per CAD,ok,
1999-07-21,CHFGHS,Swiss Franc,Buying,"1,653.3800",GH¢ per CHF,0.165338,GH¢ per CHF,ok,
1999-07-21,CHFGHS,Swiss Franc,Selling,"1,681.1200",GH¢ per CHF,0.168112,GH¢ per CHF,ok,
1999-07-21,CHFGHS,Swiss Franc,Mid Rate,"1,667.2500",GH¢ per CHF,0.166725,GH¢ per CHF,ok,
1999-07-21,DKKGHS,Danish Krone,Buying,356.9800,GH¢ per DKK,0.035698,GH¢ per DKK,ok,
1999-07-21,DKKGHS,Danish Krone,Selling,362.9400,GH¢ per DKK,0.036294,GH¢ per DKK,ok,
1999-07-21,DKKGHS,Danish Krone,Mid Rate,359.9600,GH¢ per DKK,0.035996,GH¢ per DKK,ok,
1999-07-21,GBPGHS,Pound Sterling,Buying,"3,992.2400",GH¢ per GBP,0.399224,GH¢ per GBP,ok,
1999-07-21,GBPGHS,Pound Sterling,Selling,"4,061.9300",GH¢ per GBP,0.406193,GH¢ per GBP,ok,
1999-07-21,GBPGHS,Pound Sterling,Mid Rate,"4,027.0850",GH¢ per GBP,0.4027085,GH¢ per GBP,ok,
1999-07-21,JPYGHS,Japanese yen,Buying,21.3600,GH¢ per JPY,0.002136,GH¢ per JPY,ok,
1999-07-21,JPYGHS,Japanese yen,Selling,21.7100,GH¢ per JPY,0.002171,GH¢ per JPY,ok,
1999-07-21,JPYGHS,Japanese yen,Mid Rate,21.5350,GH¢ per JPY,0.0021535,GH¢ per JPY,ok,
1999-07-21,NOKGHS,Norwegian Krone,Buying,322.4900,GH¢ per NOK,0.032249,GH¢ per NOK,ok,
1999-07-21,NOKGHS,Norwegian Krone,Selling,327.7700,GH¢ per NOK,0.032777,GH¢ per NOK,ok,
1999-07-21,NOKGHS,Norwegian Krone,Mid Rate,325.1300,GH¢ per NOK,0.032513,GH¢ per NOK,ok,
1999-07-21,SEKGHS,Swedish Krona,Buying,302.8700,GH¢ per SEK,0.030287,GH¢ per SEK,ok,
1999-07-21,SEKGHS,Swedish Krona,Selling,307.7000,GH¢ per SEK,0.03077,GH¢ per SEK,ok,
1999-07-21,SEKGHS,Swedish Krona,Mid Rate,305.2850,GH¢ per SEK,0.0305285,GH¢ per SEK,ok,
1999-07-22,USDGHS,US Dollar,Buying,"2,543.9100",GH¢ per USD,0.254391,GH¢ per USD,ok,
1999-07-22,USDGHS,US Dollar,Selling,"2,586.8200",GH¢ per USD,0.258682,GH¢ per USD,ok,
1999-07-22,USDGHS,US Dollar,Mid Rate,"2,565.3650",GH¢ per USD,0.2565365,GH¢ per USD,ok,
1999-07-22,AUDGHS,Australian Dollar,Buying,194.4300,GH¢ per AUD,0.019443,GH¢ per AUD,ok,
1999-07-22,AUDGHS,Australian Dollar,Selling,"1,673.3400",GH¢ per AUD,0.167334,GH¢ per AUD,ok,
1999-07-22,AUDGHS,Australian Dollar,Mid Rate,933.8850,GH¢ per AUD,0.0933885,GH¢ per AUD,ok,
1999-07-22,CADGHS,Canadian Dollar,Buying,"1,694.6100",GH¢ per CAD,0.169461,GH¢ per CAD,ok,
1999-07-22,CADGHS,Canadian Dollar,Selling,"1,722.5800",GH¢ per CAD,0.172258,GH¢ per CAD,ok,
1999-07-22,CADGHS,Canadian Dollar,Mid Rate,"1,708.5950",GH¢ per CAD,0.1708595,GH¢ per CAD,ok,
1999-07-22,CHFGHS,Swiss Franc,Buying,"1,665.5300",GH¢ per CHF,0.166553,GH¢ per CHF,ok,
1999-07-22,CHFGHS,Swiss Franc,Selling,"1,692.5600",GH¢ per CHF,0.169256,GH¢ per CHF,ok,
1999-07-22,CHFGHS,Swiss Franc,Mid Rate,"1,679.0450",GH¢ per CHF,0.1679045,GH¢ per CHF,ok,
1999-07-22,DKKGHS,Danish Krone,Buying,359.4900,GH¢ per DKK,0.035949,GH¢ per DKK,ok,
1999-07-22,DKKGHS,Danish Krone,Selling,365.4600,GH¢ per DKK,0.036546,GH¢ per DKK,ok,
1999-07-22,DKKGHS,Danish Krone,Mid Rate,362.4750,GH¢ per DKK,0.0362475,GH¢ per DKK,ok,
1999-07-22,GBPGHS,Pound Sterling,Buying,"4,008.9500",GH¢ per GBP,0.400895,GH¢ per GBP,ok,
1999-07-22,GBPGHS,Pound Sterling,Selling,"4,077.3500",GH¢ per GBP,0.407735,GH¢ per GBP,ok,
1999-07-22,GBPGHS,Pound Sterling,Mid Rate,"4,043.1500",GH¢ per GBP,0.404315,GH¢ per GBP,ok,
1999-07-22,JPYGHS,Japanese yen,Buying,21.8100,GH¢ per JPY,0.002181,GH¢ per JPY,ok,
1999-07-22,JPYGHS,Japanese yen,Selling,22.1800,GH¢ per JPY,0.002218,GH¢ per JPY,ok,
1999-07-22,JPYGHS,Japanese yen,Mid Rate,21.9950,GH¢ per JPY,0.0021995,GH¢ per JPY,ok,
1999-07-22,NOKGHS,Norwegian Krone,Buying,324.2900,GH¢ per NOK,0.032429,GH¢ per NOK,ok,
1999-07-22,NOKGHS,Norwegian Krone,Selling,329.5200,GH¢ per NOK,0.032952,GH¢ per NOK,ok,
1999-07-22,NOKGHS,Norwegian Krone,Mid Rate,326.9050,GH¢ per NOK,0.0326905,GH¢ per NOK,ok,
1999-07-22,SEKGHS,Swedish Krona,Buying,304.1000,GH¢ per SEK,0.03041,GH¢ per SEK,ok,
1999-07-22,SEKGHS,Swedish Krona,Selling,308.8700,GH¢ per SEK,0.030887,GH¢ per SEK,ok,
1999-07-22,SEKGHS,Swedish Krona,Mid Rate,306.4850,GH¢ per SEK,0.0306485,GH¢ per SEK,ok,
1999-07-23,USDGHS,US Dollar,Buying,"2,546.0900",GH¢ per USD,0.254609,GH¢ per USD,ok,
1999-07-23,USDGHS,US Dollar,Selling,"2,589.0900",GH¢ per USD,0.258909,GH¢ per USD,ok,
1999-07-23,USDGHS,US Dollar,Mid Rate,"2,567.5900",GH¢ per USD,0.256759,GH¢ per USD,ok,
1999-07-23,AUDGHS,Australian Dollar,Buying,194.4300,GH¢ per AUD,0.019443,GH¢ per AUD,ok,
1999-07-23,AUDGHS,Australian Dollar,Selling,"1,675.6400",GH¢ per AUD,0.167564,GH¢ per AUD,ok,
1999-07-23,AUDGHS,Australian Dollar,Mid Rate,935.0350,GH¢ per AUD,0.0935035,GH¢ per AUD,ok,
1999-07-23,CADGHS,Canadian Dollar,Buying,"1,689.1800",GH¢ per CAD,0.168918,GH¢ per CAD,ok,
1999-07-23,CADGHS,Canadian Dollar,Selling,"1,716.5600",GH¢ per CAD,0.171656,GH¢ per CAD,ok,
1999-07-23,CADGHS,Canadian Dollar,Mid Rate,"1,702.8700",GH¢ per CAD,0.170287,GH¢ per CAD,ok,
1999-07-23,CHFGHS,Swiss Franc,Buying,"1,665.5300",GH¢ per CHF,0.166553,GH¢ per CHF,ok,
1999-07-23,CHFGHS,Swiss Franc,Selling,"1,692.5600",GH¢ per CHF,0.169256,GH¢ per CHF,ok,
1999-07-23,CHFGHS,Swiss Franc,Mid Rate,"1,679.0450",GH¢ per CHF,0.1679045,GH¢ per CHF,ok,
1999-07-23,DKKGHS,Danish Krone,Buying,359.4900,GH¢ per DKK,0.035949,GH¢ per DKK,ok,
1999-07-23,DKKGHS,Danish Krone,Selling,365.4600,GH¢ per DKK,0.036546,GH¢ per DKK,ok,
1999-07-23,DKKGHS,Danish Krone,Mid Rate,362.4750,GH¢ per DKK,0.0362475,GH¢ per DKK,ok,
1999-07-23,GBPGHS,Pound Sterling,Buying,"4,032.2400",GH¢ per GBP,0.403224,GH¢ per GBP,ok,
1999-07-23,GBPGHS,Pound Sterling,Selling,"4,102.9300",GH¢ per GBP,0.410293,GH¢ per GBP,ok,
1999-07-23,GBPGHS,Pound Sterling,Mid Rate,"4,067.5850",GH¢ per GBP,0.4067585,GH¢ per GBP,ok,
1999-07-23,JPYGHS,Japanese yen,Buying,21.8100,GH¢ per JPY,0.002181,GH¢ per JPY,ok,
1999-07-23,JPYGHS,Japanese yen,Selling,22.1800,GH¢ per JPY,0.002218,GH¢ per JPY,ok,
1999-07-23,JPYGHS,Japanese yen,Mid Rate,21.9950,GH¢ per JPY,0.0021995,GH¢ per JPY,ok,
1999-07-23,NOKGHS,Norwegian Krone,Buying,324.2900,GH¢ per NOK,0.032429,GH¢ per NOK,ok,
1999-07-23,NOKGHS,Norwegian Krone,Selling,329.5200,GH¢ per NOK,0.032952,GH¢ per NOK,ok,
1999-07-23,NOKGHS,Norwegian Krone,Mid Rate,326.9050,GH¢ per NOK,0.0326905,GH¢ per NOK,ok,
1999-07-23,SEKGHS,Swedish Krona,Buying,304.1000,GH¢ per SEK,0.03041,GH¢ per SEK,ok,
1999-07-23,SEKGHS,Swedish Krona,Selling,308.8700,GH¢ per SEK,0.030887,GH¢ per SEK,ok,
1999-07-23,SEKGHS,Swedish Krona,Mid Rate,306.4850,GH¢ per SEK,0.0306485,GH¢ per SEK,ok,
1999-07-26,USDGHS,US Dollar,Buying,"2,547.0000",GH¢ per USD,0.2547,GH¢ per USD,ok,
1999-07-26,USDGHS,US Dollar,Selling,"2,589.6400",GH¢ per USD,0.258964,GH¢ per USD,ok,
1999-07-26,USDGHS,US Dollar,Mid Rate,"2,568.3200",GH¢ per USD,0.256832,GH¢ per USD,ok,
1999-07-26,AUDGHS,Australian Dollar,Buying,195.1900,GH¢ per AUD,0.019519,GH¢ per AUD,ok,
1999-07-26,AUDGHS,Australian Dollar,Selling,"1,687.6800",GH¢ per AUD,0.168768,GH¢ per AUD,ok,
1999-07-26,AUDGHS,Australian Dollar,Mid Rate,941.4350,GH¢ per AUD,0.0941435,GH¢ per AUD,ok,
1999-07-26,CADGHS,Canadian Dollar,Buying,"1,692.3400",GH¢ per CAD,0.169234,GH¢ per CAD,ok,
1999-07-26,CADGHS,Canadian Dollar,Selling,"1,719.5200",GH¢ per CAD,0.171952,GH¢ per CAD,ok,
1999-07-26,CADGHS,Canadian Dollar,Mid Rate,"1,705.9300",GH¢ per CAD,0.170593,GH¢ per CAD,ok,
1999-07-26,CHFGHS,Swiss Franc,Buying,"1,673.4500",GH¢ per CHF,0.167345,GH¢ per CHF,ok,
1999-07-26,CHFGHS,Swiss Franc,Selling,"1,700.3500",GH¢ per CHF,0.170035,GH¢ per CHF,ok,
1999-07-26,CHFGHS,Swiss Franc,Mid Rate,"1,686.9000",GH¢ per CHF,0.16869,GH¢ per CHF,ok,
1999-07-26,DKKGHS,Danish Krone,Buying,360.9200,GH¢ per DKK,0.036092,GH¢ per DKK,ok,
1999-07-26,DKKGHS,Danish Krone,Selling,366.8600,GH¢ per DKK,0.036686,GH¢ per DKK,ok,
1999-07-26,DKKGHS,Danish Krone,Mid Rate,363.8900,GH¢ per DKK,0.036389,GH¢ per DKK,ok,
1999-07-26,GBPGHS,Pound Sterling,Buying,"4,033.1700",GH¢ per GBP,0.403317,GH¢ per GBP,ok,
1999-07-26,GBPGHS,Pound Sterling,Selling,"4,103.2800",GH¢ per GBP,0.410328,GH¢ per GBP,ok,
1999-07-26,GBPGHS,Pound Sterling,Mid Rate,"4,068.2250",GH¢ per GBP,0.4068225,GH¢ per GBP,ok,
1999-07-26,JPYGHS,Japanese yen,Buying,21.8900,GH¢ per JPY,0.002189,GH¢ per JPY,ok,
1999-07-26,JPYGHS,Japanese yen,Selling,22.2600,GH¢ per JPY,0.002226,GH¢ per JPY,ok,
1999-07-26,JPYGHS,Japanese yen,Mid Rate,22.0750,GH¢ per JPY,0.0022075,GH¢ per JPY,ok,
1999-07-26,NOKGHS,Norwegian Krone,Buying,325.8500,GH¢ per NOK,0.032585,GH¢ per NOK,ok,
1999-07-26,NOKGHS,Norwegian Krone,Selling,331.0900,GH¢ per NOK,0.033109,GH¢ per NOK,ok,
1999-07-26,NOKGHS,Norwegian Krone,Mid Rate,328.4700,GH¢ per NOK,0.032847,GH¢ per NOK,ok,
1999-07-26,SEKGHS,Swedish Krona,Buying,306.2600,GH¢ per SEK,0.030626,GH¢ per SEK,ok,
1999-07-26,SEKGHS,Swedish Krona,Selling,311.0100,GH¢ per SEK,0.031101,GH¢ per SEK,ok,
1999-07-26,SEKGHS,Swedish Krona,Mid Rate,308.6350,GH¢ per SEK,0.0308635,GH¢ per SEK,ok,
1999-07-27,USDGHS,US Dollar,Buying,"2,548.0000",GH¢ per USD,0.2548,GH¢ per USD,ok,
1999-07-27,USDGHS,US Dollar,Selling,"2,590.6400",GH¢ per USD,0.259064,GH¢ per USD,ok,
1999-07-27,USDGHS,US Dollar,Mid Rate,"2,569.3200",GH¢ per USD,0.256932,GH¢ per USD,ok,
1999-07-27,AUDGHS,Australian Dollar,Buying,197.3300,GH¢ per AUD,0.019733,GH¢ per AUD,ok,
1999-07-27,AUDGHS,Australian Dollar,Selling,"1,672.9400",GH¢ per AUD,0.167294,GH¢ per AUD,ok,
1999-07-27,AUDGHS,Australian Dollar,Mid Rate,935.1350,GH¢ per AUD,0.0935135,GH¢ per AUD,ok,
1999-07-27,CADGHS,Canadian Dollar,Buying,"1,687.8900",GH¢ per CAD,0.168789,GH¢ per CAD,ok,
1999-07-27,CADGHS,Canadian Dollar,Selling,"1,715.0000",GH¢ per CAD,0.1715,GH¢ per CAD,ok,
1999-07-27,CADGHS,Canadian Dollar,Mid Rate,"1,701.4450",GH¢ per CAD,0.1701445,GH¢ per CAD,ok,
1999-07-27,CHFGHS,Swiss Franc,Buying,"1,694.2300",GH¢ per CHF,0.169423,GH¢ per CHF,ok,
1999-07-27,CHFGHS,Swiss Franc,Selling,"1,721.4400",GH¢ per CHF,0.172144,GH¢ per CHF,ok,
1999-07-27,CHFGHS,Swiss Franc,Mid Rate,"1,707.8350",GH¢ per CHF,0.1707835,GH¢ per CHF,ok,
1999-07-27,DKKGHS,Danish Krone,Buying,364.8600,GH¢ per DKK,0.036486,GH¢ per DKK,ok,
1999-07-27,DKKGHS,Danish Krone,Selling,370.7500,GH¢ per DKK,0.037075,GH¢ per DKK,ok,
1999-07-27,DKKGHS,Danish Krone,Mid Rate,367.8050,GH¢ per DKK,0.0367805,GH¢ per DKK,ok,
1999-07-27,GBPGHS,Pound Sterling,Buying,"4,057.1800",GH¢ per GBP,0.405718,GH¢ per GBP,ok,
1999-07-27,GBPGHS,Pound Sterling,Selling,"4,127.6700",GH¢ per GBP,0.412767,GH¢ per GBP,ok,
1999-07-27,GBPGHS,Pound Sterling,Mid Rate,"4,092.4250",GH¢ per GBP,0.4092425,GH¢ per GBP,ok,
1999-07-27,JPYGHS,Japanese yen,Buying,21.8500,GH¢ per JPY,0.002185,GH¢ per JPY,ok,
1999-07-27,JPYGHS,Japanese yen,Selling,22.2100,GH¢ per JPY,0.002221,GH¢ per JPY,ok,
1999-07-27,JPYGHS,Japanese yen,Mid Rate,22.0300,GH¢ per JPY,0.002203,GH¢ per JPY,ok,
1999-07-27,NOKGHS,Norwegian Krone,Buying,325.3700,GH¢ per NOK,0.032537,GH¢ per NOK,ok,
1999-07-27,NOKGHS,Norwegian Krone,Selling,330.7300,GH¢ per NOK,0.033073,GH¢ per NOK,ok,
1999-07-27,NOKGHS,Norwegian Krone,Mid Rate,328.0500,GH¢ per NOK,0.032805,GH¢ per NOK,ok,
1999-07-27,SEKGHS,Swedish Krona,Buying,308.1000,GH¢ per SEK,0.03081,GH¢ per SEK,ok,
1999-07-27,SEKGHS,Swedish Krona,Selling,312.9800,GH¢ per SEK,0.031298,GH¢ per SEK,ok,
1999-07-27,SEKGHS,Swedish Krona,Mid Rate,310.5400,GH¢ per SEK,0.031054,GH¢ per SEK,ok,
1999-07-28,USDGHS,US Dollar,Buying,"2,548.4500",GH¢ per USD,0.254845,GH¢ per USD,ok,
1999-07-28,USDGHS,US Dollar,Selling,"2,590.1800",GH¢ per USD,0.259018,GH¢ per USD,ok,
1999-07-28,USDGHS,US Dollar,Mid Rate,"2,569.3150",GH¢ per USD,0.2569315,GH¢ per USD,ok,
1999-07-28,AUDGHS,Australian Dollar,Buying,197.5500,GH¢ per AUD,0.019755,GH¢ per AUD,ok,
1999-07-28,AUDGHS,Australian Dollar,Selling,"1,673.6700",GH¢ per AUD,0.167367,GH¢ per AUD,ok,
1999-07-28,AUDGHS,Australian Dollar,Mid Rate,935.6100,GH¢ per AUD,0.093561,GH¢ per AUD,ok,
1999-07-28,CADGHS,Canadian Dollar,Buying,"1,684.6800",GH¢ per CAD,0.168468,GH¢ per CAD,ok,
1999-07-28,CADGHS,Canadian Dollar,Selling,"1,711.7100",GH¢ per CAD,0.171171,GH¢ per CAD,ok,
1999-07-28,CADGHS,Canadian Dollar,Mid Rate,"1,698.1950",GH¢ per CAD,0.1698195,GH¢ per CAD,ok,
1999-07-28,CHFGHS,Swiss Franc,Buying,"1,700.0000",GH¢ per CHF,0.17,GH¢ per CHF,ok,
1999-07-28,CHFGHS,Swiss Franc,Selling,"1,727.1800",GH¢ per CHF,0.172718,GH¢ per CHF,ok,
1999-07-28,CHFGHS,Swiss Franc,Mid Rate,"1,713.5900",GH¢ per CHF,0.171359,GH¢ per CHF,ok,
1999-07-28,DKKGHS,Danish Krone,Buying,364.9300,GH¢ per DKK,0.036493,GH¢ per DKK,ok,
1999-07-28,DKKGHS,Danish Krone,Selling,370.8100,GH¢ per DKK,0.037081,GH¢ per DKK,ok,
1999-07-28,DKKGHS,Danish Krone,Mid Rate,367.8700,GH¢ per DKK,0.036787,GH¢ per DKK,ok,
1999-07-28,GBPGHS,Pound Sterling,Buying,"4,057.3900",GH¢ per GBP,0.405739,GH¢ per GBP,ok,
1999-07-28,GBPGHS,Pound Sterling,Selling,"4,126.4200",GH¢ per GBP,0.412642,GH¢ per GBP,ok,
1999-07-28,GBPGHS,Pound Sterling,Mid Rate,"4,091.9050",GH¢ per GBP,0.4091905,GH¢ per GBP,ok,
1999-07-28,JPYGHS,Japanese yen,Buying,22.0300,GH¢ per JPY,0.002203,GH¢ per JPY,ok,
1999-07-28,JPYGHS,Japanese yen,Selling,22.3900,GH¢ per JPY,0.002239,GH¢ per JPY,ok,
1999-07-28,JPYGHS,Japanese yen,Mid Rate,22.2100,GH¢ per JPY,0.002221,GH¢ per JPY,ok,
1999-07-28,NOKGHS,Norwegian Krone,Buying,324.7900,GH¢ per NOK,0.032479,GH¢ per NOK,ok,
1999-07-28,NOKGHS,Norwegian Krone,Selling,329.9600,GH¢ per NOK,0.032996,GH¢ per NOK,ok,
1999-07-28,NOKGHS,Norwegian Krone,Mid Rate,327.3750,GH¢ per NOK,0.0327375,GH¢ per NOK,ok,
1999-07-28,SEKGHS,Swedish Krona,Buying,307.9400,GH¢ per SEK,0.030794,GH¢ per SEK,ok,
1999-07-28,SEKGHS,Swedish Krona,Selling,312.7100,GH¢ per SEK,0.031271,GH¢ per SEK,ok,
1999-07-28,SEKGHS,Swedish Krona,Mid Rate,310.3250,GH¢ per SEK,0.0310325,GH¢ per SEK,ok,
1999-07-29,USDGHS,US Dollar,Buying,"2,549.0000",GH¢ per USD,0.2549,GH¢ per USD,ok,
1999-07-29,USDGHS,US Dollar,Selling,"2,592.4500",GH¢ per USD,0.259245,GH¢ per USD,ok,
1999-07-29,USDGHS,US Dollar,Mid Rate,"2,570.7250",GH¢ per USD,0.2570725,GH¢ per USD,ok,
1999-07-29,AUDGHS,Australian Dollar,Buying,198.0300,GH¢ per AUD,0.019803,GH¢ per AUD,ok,
1999-07-29,AUDGHS,Australian Dollar,Selling,"1,678.1400",GH¢ per AUD,0.167814,GH¢ per AUD,ok,
1999-07-29,AUDGHS,Australian Dollar,Mid Rate,938.0850,GH¢ per AUD,0.0938085,GH¢ per AUD,ok,
1999-07-29,CADGHS,Canadian Dollar,Buying,"1,689.0200",GH¢ per CAD,0.168902,GH¢ per CAD,ok,
1999-07-29,CADGHS,Canadian Dollar,Selling,"1,717.5300",GH¢ per CAD,0.171753,GH¢ per CAD,ok,
1999-07-29,CADGHS,Canadian Dollar,Mid Rate,"1,703.2750",GH¢ per CAD,0.1703275,GH¢ per CAD,ok,
1999-07-29,CHFGHS,Swiss Franc,Buying,"1,704.4900",GH¢ per CHF,0.170449,GH¢ per CHF,ok,
1999-07-29,CHFGHS,Swiss Franc,Selling,"1,732.4500",GH¢ per CHF,0.173245,GH¢ per CHF,ok,
1999-07-29,CHFGHS,Swiss Franc,Mid Rate,"1,718.4700",GH¢ per CHF,0.171847,GH¢ per CHF,ok,
1999-07-29,DKKGHS,Danish Krone,Buying,365.9100,GH¢ per DKK,0.036591,GH¢ per DKK,ok,
1999-07-29,DKKGHS,Danish Krone,Selling,372.0500,GH¢ per DKK,0.037205,GH¢ per DKK,ok,
1999-07-29,DKKGHS,Danish Krone,Mid Rate,368.9800,GH¢ per DKK,0.036898,GH¢ per DKK,ok,
1999-07-29,GBPGHS,Pound Sterling,Buying,"4,075.6000",GH¢ per GBP,0.40756,GH¢ per GBP,ok,
1999-07-29,GBPGHS,Pound Sterling,Selling,"4,147.6600",GH¢ per GBP,0.414766,GH¢ per GBP,ok,
1999-07-29,GBPGHS,Pound Sterling,Mid Rate,"4,111.6300",GH¢ per GBP,0.411163,GH¢ per GBP,ok,
1999-07-29,JPYGHS,Japanese yen,Buying,22.0300,GH¢ per JPY,0.002203,GH¢ per JPY,ok,
1999-07-29,JPYGHS,Japanese yen,Selling,22.4100,GH¢ per JPY,0.002241,GH¢ per JPY,ok,
1999-07-29,JPYGHS,Japanese yen,Mid Rate,22.2200,GH¢ per JPY,0.002222,GH¢ per JPY,ok,
1999-07-29,NOKGHS,Norwegian Krone,Buying,325.3400,GH¢ per NOK,0.032534,GH¢ per NOK,ok,
1999-07-29,NOKGHS,Norwegian Krone,Selling,330.7300,GH¢ per NOK,0.033073,GH¢ per NOK,ok,
1999-07-29,NOKGHS,Norwegian Krone,Mid Rate,328.0350,GH¢ per NOK,0.0328035,GH¢ per NOK,ok,
1999-07-29,SEKGHS,Swedish Krona,Buying,309.0500,GH¢ per SEK,0.030905,GH¢ per SEK,ok,
1999-07-29,SEKGHS,Swedish Krona,Selling,314.0400,GH¢ per SEK,0.031404,GH¢ per SEK,ok,
1999-07-29,SEKGHS,Swedish Krona,Mid Rate,311.5450,GH¢ per SEK,0.0311545,GH¢ per SEK,ok,
1999-07-30,USDGHS,US Dollar,Buying,"2,548.3600",GH¢ per USD,0.254836,GH¢ per USD,ok,
1999-07-30,USDGHS,US Dollar,Selling,"2,592.9100",GH¢ per USD,0.259291,GH¢ per USD,ok,
1999-07-30,USDGHS,US Dollar,Mid Rate,"2,570.6350",GH¢ per USD,0.2570635,GH¢ per USD,ok,
1999-07-30,AUDGHS,Australian Dollar,Buying,198.4400,GH¢ per AUD,0.019844,GH¢ per AUD,ok,
1999-07-30,AUDGHS,Australian Dollar,Selling,"1,693.8500",GH¢ per AUD,0.169385,GH¢ per AUD,ok,
1999-07-30,AUDGHS,Australian Dollar,Mid Rate,946.1450,GH¢ per AUD,0.0946145,GH¢ per AUD,ok,
1999-07-30,CADGHS,Canadian Dollar,Buying,"1,694.4800",GH¢ per CAD,0.169448,GH¢ per CAD,ok,
1999-07-30,CADGHS,Canadian Dollar,Selling,"1,723.2900",GH¢ per CAD,0.172329,GH¢ per CAD,ok,
1999-07-30,CADGHS,Canadian Dollar,Mid Rate,"1,708.8850",GH¢ per CAD,0.1708885,GH¢ per CAD,ok,
1999-07-30,CHFGHS,Swiss Franc,Buying,"1,711.3300",GH¢ per CHF,0.171133,GH¢ per CHF,ok,
1999-07-30,CHFGHS,Swiss Franc,Selling,"1,740.1200",GH¢ per CHF,0.174012,GH¢ per CHF,ok,
1999-07-30,CHFGHS,Swiss Franc,Mid Rate,"1,725.7250",GH¢ per CHF,0.1725725,GH¢ per CHF,ok,
1999-07-30,DKKGHS,Danish Krone,Buying,366.8800,GH¢ per DKK,0.036688,GH¢ per DKK,ok,
1999-07-30,DKKGHS,Danish Krone,Selling,373.1300,GH¢ per DKK,0.037313,GH¢ per DKK,ok,
1999-07-30,DKKGHS,Danish Krone,Mid Rate,370.0050,GH¢ per DKK,0.0370005,GH¢ per DKK,ok,
1999-07-30,GBPGHS,Pound Sterling,Buying,"4,131.6600",GH¢ per GBP,0.413166,GH¢ per GBP,ok,
1999-07-30,GBPGHS,Pound Sterling,Selling,"4,205.1800",GH¢ per GBP,0.420518,GH¢ per GBP,ok,
1999-07-30,GBPGHS,Pound Sterling,Mid Rate,"4,168.4200",GH¢ per GBP,0.416842,GH¢ per GBP,ok,
1999-07-30,JPYGHS,Japanese yen,Buying,22.1300,GH¢ per JPY,0.002213,GH¢ per JPY,ok,
1999-07-30,JPYGHS,Japanese yen,Selling,22.5000,GH¢ per JPY,0.00225,GH¢ per JPY,ok,
1999-07-30,JPYGHS,Japanese yen,Mid Rate,22.3150,GH¢ per JPY,0.0022315,GH¢ per JPY,ok,
1999-07-30,NOKGHS,Norwegian Krone,Buying,327.7200,GH¢ per NOK,0.032772,GH¢ per NOK,ok,
1999-07-30,NOKGHS,Norwegian Krone,Selling,333.1900,GH¢ per NOK,0.033319,GH¢ per NOK,ok,
1999-07-30,NOKGHS,Norwegian Krone,Mid Rate,330.4550,GH¢ per NOK,0.0330455,GH¢ per NOK,ok,
1999-07-30,SEKGHS,Swedish Krona,Buying,311.5400,GH¢ per SEK,0.031154,GH¢ per SEK,ok,
1999-07-30,SEKGHS,Swedish Krona,Selling,316.6000,GH¢ per SEK,0.03166,GH¢ per SEK,ok,
1999-07-30,SEKGHS,Swedish Krona,Mid Rate,314.0700,GH¢ per SEK,0.031407,GH¢ per SEK,ok,
1999-08-02,USDGHS,US Dollar,Buying,"2,548.7300",GH¢ per USD,0.254873,GH¢ per USD,ok,
1999-08-02,USDGHS,US Dollar,Selling,"2,593.0000",GH¢ per USD,0.2593,GH¢ per USD,ok,
1999-08-02,USDGHS,US Dollar,Mid Rate,"2,570.8650",GH¢ per USD,0.2570865,GH¢ per USD,ok,
1999-08-02,AUDGHS,Australian Dollar,Buying,197.7600,GH¢ per AUD,0.019776,GH¢ per AUD,ok,
1999-08-02,AUDGHS,Australian Dollar,Selling,"1,684.8800",GH¢ per AUD,0.168488,GH¢ per AUD,ok,
1999-08-02,AUDGHS,Australian Dollar,Mid Rate,941.3200,GH¢ per AUD,0.094132,GH¢ per AUD,ok,
1999-08-02,CADGHS,Canadian Dollar,Buying,"1,690.1100",GH¢ per CAD,0.169011,GH¢ per CAD,ok,
1999-08-02,CADGHS,Canadian Dollar,Selling,"1,718.8300",GH¢ per CAD,0.171883,GH¢ per CAD,ok,
1999-08-02,CADGHS,Canadian Dollar,Mid Rate,"1,704.4700",GH¢ per CAD,0.170447,GH¢ per CAD,ok,
1999-08-02,CHFGHS,Swiss Franc,Buying,"1,702.8700",GH¢ per CHF,0.170287,GH¢ per CHF,ok,
1999-08-02,CHFGHS,Swiss Franc,Selling,"1,732.6600",GH¢ per CHF,0.173266,GH¢ per CHF,ok,
1999-08-02,CHFGHS,Swiss Franc,Mid Rate,"1,717.7650",GH¢ per CHF,0.1717765,GH¢ per CHF,ok,
1999-08-02,DKKGHS,Danish Krone,Buying,365.6200,GH¢ per DKK,0.036562,GH¢ per DKK,ok,
1999-08-02,DKKGHS,Danish Krone,Selling,371.8700,GH¢ per DKK,0.037187,GH¢ per DKK,ok,
1999-08-02,DKKGHS,Danish Krone,Mid Rate,368.7450,GH¢ per DKK,0.0368745,GH¢ per DKK,ok,
1999-08-02,GBPGHS,Pound Sterling,Buying,"4,126.3900",GH¢ per GBP,0.412639,GH¢ per GBP,ok,
1999-08-02,GBPGHS,Pound Sterling,Selling,"4,200.6600",GH¢ per GBP,0.420066,GH¢ per GBP,ok,
1999-08-02,GBPGHS,Pound Sterling,Mid Rate,"4,163.5250",GH¢ per GBP,0.4163525,GH¢ per GBP,ok,
1999-08-02,JPYGHS,Japanese yen,Buying,22.3400,GH¢ per JPY,0.002234,GH¢ per JPY,ok,
1999-08-02,JPYGHS,Japanese yen,Selling,22.7200,GH¢ per JPY,0.002272,GH¢ per JPY,ok,
1999-08-02,JPYGHS,Japanese yen,Mid Rate,22.5300,GH¢ per JPY,0.002253,GH¢ per JPY,ok,
1999-08-02,NOKGHS,Norwegian Krone,Buying,328.0800,GH¢ per NOK,0.032808,GH¢ per NOK,ok,
1999-08-02,NOKGHS,Norwegian Krone,Selling,333.6400,GH¢ per NOK,0.033364,GH¢ per NOK,ok,
1999-08-02,NOKGHS,Norwegian Krone,Mid Rate,330.8600,GH¢ per NOK,0.033086,GH¢ per NOK,ok,
1999-08-02,SEKGHS,Swedish Krona,Buying,310.2700,GH¢ per SEK,0.031027,GH¢ per SEK,ok,
1999-08-02,SEKGHS,Swedish Krona,Selling,315.3700,GH¢ per SEK,0.031537,GH¢ per SEK,ok,
1999-08-02,SEKGHS,Swedish Krona,Mid Rate,312.8200,GH¢ per SEK,0.031282,GH¢ per SEK,ok,
1999-08-03,USDGHS,US Dollar,Buying,"2,551.5500",GH¢ per USD,0.255155,GH¢ per USD,ok,
1999-08-03,USDGHS,US Dollar,Selling,"2,594.8200",GH¢ per USD,0.259482,GH¢ per USD,ok,
1999-08-03,USDGHS,US Dollar,Mid Rate,"2,573.1850",GH¢ per USD,0.2573185,GH¢ per USD,ok,
1999-08-03,AUDGHS,Australian Dollar,Buying,197.6500,GH¢ per AUD,0.019765,GH¢ per AUD,ok,
1999-08-03,AUDGHS,Australian Dollar,Selling,"1,690.8100",GH¢ per AUD,0.169081,GH¢ per AUD,ok,
1999-08-03,AUDGHS,Australian Dollar,Mid Rate,944.2300,GH¢ per AUD,0.094423,GH¢ per AUD,ok,
1999-08-03,CADGHS,Canadian Dollar,Buying,"1,699.9800",GH¢ per CAD,0.169998,GH¢ per CAD,ok,
1999-08-03,CADGHS,Canadian Dollar,Selling,"1,728.0600",GH¢ per CAD,0.172806,GH¢ per CAD,ok,
1999-08-03,CADGHS,Canadian Dollar,Mid Rate,"1,714.0200",GH¢ per CAD,0.171402,GH¢ per CAD,ok,
1999-08-03,CHFGHS,Swiss Franc,Buying,"1,702.5800",GH¢ per CHF,0.170258,GH¢ per CHF,ok,
1999-08-03,CHFGHS,Swiss Franc,Selling,"1,729.6300",GH¢ per CHF,0.172963,GH¢ per CHF,ok,
1999-08-03,CHFGHS,Swiss Franc,Mid Rate,"1,716.1050",GH¢ per CHF,0.1716105,GH¢ per CHF,ok,
1999-08-03,DKKGHS,Danish Krone,Buying,365.4400,GH¢ per DKK,0.036544,GH¢ per DKK,ok,
1999-08-03,DKKGHS,Danish Krone,Selling,371.4300,GH¢ per DKK,0.037143,GH¢ per DKK,ok,
1999-08-03,DKKGHS,Danish Krone,Mid Rate,368.4350,GH¢ per DKK,0.0368435,GH¢ per DKK,ok,
1999-08-03,GBPGHS,Pound Sterling,Buying,"4,122.7900",GH¢ per GBP,0.412279,GH¢ per GBP,ok,
1999-08-03,GBPGHS,Pound Sterling,Selling,"4,193.4900",GH¢ per GBP,0.419349,GH¢ per GBP,ok,
1999-08-03,GBPGHS,Pound Sterling,Mid Rate,"4,158.1400",GH¢ per GBP,0.415814,GH¢ per GBP,ok,
1999-08-03,JPYGHS,Japanese yen,Buying,22.1100,GH¢ per JPY,0.002211,GH¢ per JPY,ok,
1999-08-03,JPYGHS,Japanese yen,Selling,22.4800,GH¢ per JPY,0.002248,GH¢ per JPY,ok,
1999-08-03,JPYGHS,Japanese yen,Mid Rate,22.2950,GH¢ per JPY,0.0022295,GH¢ per JPY,ok,
1999-08-03,NOKGHS,Norwegian Krone,Buying,329.1500,GH¢ per NOK,0.032915,GH¢ per NOK,ok,
1999-08-03,NOKGHS,Norwegian Krone,Selling,334.3300,GH¢ per NOK,0.033433,GH¢ per NOK,ok,
1999-08-03,NOKGHS,Norwegian Krone,Mid Rate,331.7400,GH¢ per NOK,0.033174,GH¢ per NOK,ok,
1999-08-03,SEKGHS,Swedish Krona,Buying,310.8600,GH¢ per SEK,0.031086,GH¢ per SEK,ok,
1999-08-03,SEKGHS,Swedish Krona,Selling,315.7100,GH¢ per SEK,0.031571,GH¢ per SEK,ok,
1999-08-03,SEKGHS,Swedish Krona,Mid Rate,313.2850,GH¢ per SEK,0.0313285,GH¢ per SEK,ok,
1999-08-04,USDGHS,US Dollar,Buying,"2,552.0900",GH¢ per USD,0.255209,GH¢ per USD,ok,
1999-08-04,USDGHS,US Dollar,Selling,"2,596.1800",GH¢ per USD,0.259618,GH¢ per USD,ok,
1999-08-04,USDGHS,US Dollar,Mid Rate,"2,574.1350",GH¢ per USD,0.2574135,GH¢ per USD,ok,
1999-08-04,AUDGHS,Australian Dollar,Buying,200.2000,GH¢ per AUD,0.02002,GH¢ per AUD,ok,
1999-08-04,AUDGHS,Australian Dollar,Selling,"1,703.1300",GH¢ per AUD,0.170313,GH¢ per AUD,ok,
1999-08-04,AUDGHS,Australian Dollar,Mid Rate,951.6650,GH¢ per AUD,0.0951665,GH¢ per AUD,ok,
1999-08-04,CADGHS,Canadian Dollar,Buying,"1,709.2200",GH¢ per CAD,0.170922,GH¢ per CAD,ok,
1999-08-04,CADGHS,Canadian Dollar,Selling,"1,737.0600",GH¢ per CAD,0.173706,GH¢ per CAD,ok,
1999-08-04,CADGHS,Canadian Dollar,Mid Rate,"1,723.1400",GH¢ per CAD,0.172314,GH¢ per CAD,ok,
1999-08-04,CHFGHS,Swiss Franc,Buying,"1,721.4400",GH¢ per CHF,0.172144,GH¢ per CHF,ok,
1999-08-04,CHFGHS,Swiss Franc,Selling,"1,749.4600",GH¢ per CHF,0.174946,GH¢ per CHF,ok,
1999-08-04,CHFGHS,Swiss Franc,Mid Rate,"1,735.4500",GH¢ per CHF,0.173545,GH¢ per CHF,ok,
1999-08-04,DKKGHS,Danish Krone,Buying,370.1100,GH¢ per DKK,0.037011,GH¢ per DKK,ok,
1999-08-04,DKKGHS,Danish Krone,Selling,376.2300,GH¢ per DKK,0.037623,GH¢ per DKK,ok,
1999-08-04,DKKGHS,Danish Krone,Mid Rate,373.1700,GH¢ per DKK,0.037317,GH¢ per DKK,ok,
1999-08-04,GBPGHS,Pound Sterling,Buying,"4,142.8100",GH¢ per GBP,0.414281,GH¢ per GBP,ok,
1999-08-04,GBPGHS,Pound Sterling,Selling,"4,215.6800",GH¢ per GBP,0.421568,GH¢ per GBP,ok,
1999-08-04,GBPGHS,Pound Sterling,Mid Rate,"4,179.2450",GH¢ per GBP,0.4179245,GH¢ per GBP,ok,
1999-08-04,JPYGHS,Japanese yen,Buying,22.1700,GH¢ per JPY,0.002217,GH¢ per JPY,ok,
1999-08-04,JPYGHS,Japanese yen,Selling,22.5500,GH¢ per JPY,0.002255,GH¢ per JPY,ok,
1999-08-04,JPYGHS,Japanese yen,Mid Rate,22.3600,GH¢ per JPY,0.002236,GH¢ per JPY,ok,
1999-08-04,NOKGHS,Norwegian Krone,Buying,331.2400,GH¢ per NOK,0.033124,GH¢ per NOK,ok,
1999-08-04,NOKGHS,Norwegian Krone,Selling,336.6000,GH¢ per NOK,0.03366,GH¢ per NOK,ok,
1999-08-04,NOKGHS,Norwegian Krone,Mid Rate,333.9200,GH¢ per NOK,0.033392,GH¢ per NOK,ok,
1999-08-04,SEKGHS,Swedish Krona,Buying,314.7400,GH¢ per SEK,0.031474,GH¢ per SEK,ok,
1999-08-04,SEKGHS,Swedish Krona,Selling,319.6900,GH¢ per SEK,0.031969,GH¢ per SEK,ok,
1999-08-04,SEKGHS,Swedish Krona,Mid Rate,317.2150,GH¢ per SEK,0.0317215,GH¢ per SEK,ok,
1999-08-05,USDGHS,US Dollar,Buying,"2,553.4500",GH¢ per USD,0.255345,GH¢ per USD,ok,
1999-08-05,USDGHS,US Dollar,Selling,"2,597.6400",GH¢ per USD,0.259764,GH¢ per USD,ok,
1999-08-05,USDGHS,US Dollar,Mid Rate,"2,575.5450",GH¢ per USD,0.2575545,GH¢ per USD,ok,
1999-08-05,AUDGHS,Australian Dollar,Buying,200.0800,GH¢ per AUD,0.020008,GH¢ per AUD,ok,
1999-08-05,AUDGHS,Australian Dollar,Selling,"1,707.4500",GH¢ per AUD,0.170745,GH¢ per AUD,ok,
1999-08-05,AUDGHS,Australian Dollar,Mid Rate,953.7650,GH¢ per AUD,0.0953765,GH¢ per AUD,ok,
1999-08-05,CADGHS,Canadian Dollar,Buying,"1,714.5100",GH¢ per CAD,0.171451,GH¢ per CAD,ok,
1999-08-05,CADGHS,Canadian Dollar,Selling,"1,742.8400",GH¢ per CAD,0.174284,GH¢ per CAD,ok,
1999-08-05,CADGHS,Canadian Dollar,Mid Rate,"1,728.6750",GH¢ per CAD,0.1728675,GH¢ per CAD,ok,
1999-08-05,CHFGHS,Swiss Franc,Buying,"1,721.7400",GH¢ per CHF,0.172174,GH¢ per CHF,ok,
1999-08-05,CHFGHS,Swiss Franc,Selling,"1,750.1100",GH¢ per CHF,0.175011,GH¢ per CHF,ok,
1999-08-05,CHFGHS,Swiss Franc,Mid Rate,"1,735.9250",GH¢ per CHF,0.1735925,GH¢ per CHF,ok,
1999-08-05,DKKGHS,Danish Krone,Buying,369.9500,GH¢ per DKK,0.036995,GH¢ per DKK,ok,
1999-08-05,DKKGHS,Danish Krone,Selling,376.0800,GH¢ per DKK,0.037608,GH¢ per DKK,ok,
1999-08-05,DKKGHS,Danish Krone,Mid Rate,373.0150,GH¢ per DKK,0.0373015,GH¢ per DKK,ok,
1999-08-05,GBPGHS,Pound Sterling,Buying,"4,123.5700",GH¢ per GBP,0.412357,GH¢ per GBP,ok,
1999-08-05,GBPGHS,Pound Sterling,Selling,"4,196.2300",GH¢ per GBP,0.419623,GH¢ per GBP,ok,
1999-08-05,GBPGHS,Pound Sterling,Mid Rate,"4,159.9000",GH¢ per GBP,0.41599,GH¢ per GBP,ok,
1999-08-05,JPYGHS,Japanese yen,Buying,22.2900,GH¢ per JPY,0.002229,GH¢ per JPY,ok,
1999-08-05,JPYGHS,Japanese yen,Selling,22.6700,GH¢ per JPY,0.002267,GH¢ per JPY,ok,
1999-08-05,JPYGHS,Japanese yen,Mid Rate,22.4800,GH¢ per JPY,0.002248,GH¢ per JPY,ok,
1999-08-05,NOKGHS,Norwegian Krone,Buying,331.2500,GH¢ per NOK,0.033125,GH¢ per NOK,ok,
1999-08-05,NOKGHS,Norwegian Krone,Selling,336.6800,GH¢ per NOK,0.033668,GH¢ per NOK,ok,
1999-08-05,NOKGHS,Norwegian Krone,Mid Rate,333.9650,GH¢ per NOK,0.0333965,GH¢ per NOK,ok,
1999-08-05,SEKGHS,Swedish Krona,Buying,313.8300,GH¢ per SEK,0.031383,GH¢ per SEK,ok,
1999-08-05,SEKGHS,Swedish Krona,Selling,318.8300,GH¢ per SEK,0.031883,GH¢ per SEK,ok,
1999-08-05,SEKGHS,Swedish Krona,Mid Rate,316.3300,GH¢ per SEK,0.031633,GH¢ per SEK,ok,
1999-08-06,USDGHS,US Dollar,Buying,"2,553.5500",GH¢ per USD,0.255355,GH¢ per USD,ok,
1999-08-06,USDGHS,US Dollar,Selling,"2,598.0000",GH¢ per USD,0.2598,GH¢ per USD,ok,
1999-08-06,USDGHS,US Dollar,Mid Rate,"2,575.7750",GH¢ per USD,0.2575775,GH¢ per USD,ok,
1999-08-06,AUDGHS,Australian Dollar,Buying,199.2200,GH¢ per AUD,0.019922,GH¢ per AUD,ok,
1999-08-06,AUDGHS,Australian Dollar,Selling,"1,699.9200",GH¢ per AUD,0.169992,GH¢ per AUD,ok,
1999-08-06,AUDGHS,Australian Dollar,Mid Rate,949.5700,GH¢ per AUD,0.094957,GH¢ per AUD,ok,
1999-08-06,CADGHS,Canadian Dollar,Buying,"1,705.2900",GH¢ per CAD,0.170529,GH¢ per CAD,ok,
1999-08-06,CADGHS,Canadian Dollar,Selling,"1,734.4300",GH¢ per CAD,0.173443,GH¢ per CAD,ok,
1999-08-06,CADGHS,Canadian Dollar,Mid Rate,"1,719.8600",GH¢ per CAD,0.171986,GH¢ per CAD,ok,
1999-08-06,CHFGHS,Swiss Franc,Buying,"1,711.2200",GH¢ per CHF,0.171122,GH¢ per CHF,ok,
1999-08-06,CHFGHS,Swiss Franc,Selling,"1,740.4700",GH¢ per CHF,0.174047,GH¢ per CHF,ok,
1999-08-06,CHFGHS,Swiss Franc,Mid Rate,"1,725.8450",GH¢ per CHF,0.1725845,GH¢ per CHF,ok,
1999-08-06,DKKGHS,Danish Krone,Buying,368.1800,GH¢ per DKK,0.036818,GH¢ per DKK,ok,
1999-08-06,DKKGHS,Danish Krone,Selling,374.4300,GH¢ per DKK,0.037443,GH¢ per DKK,ok,
1999-08-06,DKKGHS,Danish Krone,Mid Rate,371.3050,GH¢ per DKK,0.0371305,GH¢ per DKK,ok,
1999-08-06,GBPGHS,Pound Sterling,Buying,"4,127.3000",GH¢ per GBP,0.41273,GH¢ per GBP,ok,
1999-08-06,GBPGHS,Pound Sterling,Selling,"4,200.4500",GH¢ per GBP,0.420045,GH¢ per GBP,ok,
1999-08-06,GBPGHS,Pound Sterling,Mid Rate,"4,163.8750",GH¢ per GBP,0.4163875,GH¢ per GBP,ok,
1999-08-06,JPYGHS,Japanese yen,Buying,22.3400,GH¢ per JPY,0.002234,GH¢ per JPY,ok,
1999-08-06,JPYGHS,Japanese yen,Selling,22.7200,GH¢ per JPY,0.002272,GH¢ per JPY,ok,
1999-08-06,JPYGHS,Japanese yen,Mid Rate,22.5300,GH¢ per JPY,0.002253,GH¢ per JPY,ok,
1999-08-06,NOKGHS,Norwegian Krone,Buying,331.4800,GH¢ per NOK,0.033148,GH¢ per NOK,ok,
1999-08-06,NOKGHS,Norwegian Krone,Selling,337.0300,GH¢ per NOK,0.033703,GH¢ per NOK,ok,
1999-08-06,NOKGHS,Norwegian Krone,Mid Rate,334.2550,GH¢ per NOK,0.0334255,GH¢ per NOK,ok,
1999-08-06,SEKGHS,Swedish Krona,Buying,312.6000,GH¢ per SEK,0.03126,GH¢ per SEK,ok,
1999-08-06,SEKGHS,Swedish Krona,Selling,317.6500,GH¢ per SEK,0.031765,GH¢ per SEK,ok,
1999-08-06,SEKGHS,Swedish Krona,Mid Rate,315.1250,GH¢ per SEK,0.0315125,GH¢ per SEK,ok,
1999-08-09,USDGHS,US Dollar,Buying,"2,557.2700",GH¢ per USD,0.255727,GH¢ per USD,ok,
1999-08-09,USDGHS,US Dollar,Selling,"2,601.6400",GH¢ per USD,0.260164,GH¢ per USD,ok,
1999-08-09,USDGHS,US Dollar,Mid Rate,"2,579.4550",GH¢ per USD,0.2579455,GH¢ per USD,ok,
1999-08-09,AUDGHS,Australian Dollar,Buying,198.5800,GH¢ per AUD,0.019858,GH¢ per AUD,ok,
1999-08-09,AUDGHS,Australian Dollar,Selling,"1,696.4800",GH¢ per AUD,0.169648,GH¢ per AUD,ok,
1999-08-09,AUDGHS,Australian Dollar,Mid Rate,947.5300,GH¢ per AUD,0.094753,GH¢ per AUD,ok,
1999-08-09,CADGHS,Canadian Dollar,Buying,"1,700.1500",GH¢ per CAD,0.170015,GH¢ per CAD,ok,
1999-08-09,CADGHS,Canadian Dollar,Selling,"1,729.5800",GH¢ per CAD,0.172958,GH¢ per CAD,ok,
1999-08-09,CADGHS,Canadian Dollar,Mid Rate,"1,714.8650",GH¢ per CAD,0.1714865,GH¢ per CAD,ok,
1999-08-09,CHFGHS,Swiss Franc,Buying,"1,710.0600",GH¢ per CHF,0.171006,GH¢ per CHF,ok,
1999-08-09,CHFGHS,Swiss Franc,Selling,"1,739.3000",GH¢ per CHF,0.17393,GH¢ per CHF,ok,
1999-08-09,CHFGHS,Swiss Franc,Mid Rate,"1,724.6800",GH¢ per CHF,0.172468,GH¢ per CHF,ok,
1999-08-09,DKKGHS,Danish Krone,Buying,367.1900,GH¢ per DKK,0.036719,GH¢ per DKK,ok,
1999-08-09,DKKGHS,Danish Krone,Selling,373.6700,GH¢ per DKK,0.037367,GH¢ per DKK,ok,
1999-08-09,DKKGHS,Danish Krone,Mid Rate,370.4300,GH¢ per DKK,0.037043,GH¢ per DKK,ok,
1999-08-09,GBPGHS,Pound Sterling,Buying,"4,106.7200",GH¢ per GBP,0.410672,GH¢ per GBP,ok,
1999-08-09,GBPGHS,Pound Sterling,Selling,"4,180.5800",GH¢ per GBP,0.418058,GH¢ per GBP,ok,
1999-08-09,GBPGHS,Pound Sterling,Mid Rate,"4,143.6500",GH¢ per GBP,0.414365,GH¢ per GBP,ok,
1999-08-09,JPYGHS,Japanese yen,Buying,22.1900,GH¢ per JPY,0.002219,GH¢ per JPY,ok,
1999-08-09,JPYGHS,Japanese yen,Selling,22.5800,GH¢ per JPY,0.002258,GH¢ per JPY,ok,
1999-08-09,JPYGHS,Japanese yen,Mid Rate,22.3850,GH¢ per JPY,0.0022385,GH¢ per JPY,ok,
1999-08-09,NOKGHS,Norwegian Krone,Buying,329.5500,GH¢ per NOK,0.032955,GH¢ per NOK,ok,
1999-08-09,NOKGHS,Norwegian Krone,Selling,335.1500,GH¢ per NOK,0.033515,GH¢ per NOK,ok,
1999-08-09,NOKGHS,Norwegian Krone,Mid Rate,332.3500,GH¢ per NOK,0.033235,GH¢ per NOK,ok,
1999-08-09,SEKGHS,Swedish Krona,Buying,311.2700,GH¢ per SEK,0.031127,GH¢ per SEK,ok,
1999-08-09,SEKGHS,Swedish Krona,Selling,316.4200,GH¢ per SEK,0.031642,GH¢ per SEK,ok,
1999-08-09,SEKGHS,Swedish Krona,Mid Rate,313.8450,GH¢ per SEK,0.0313845,GH¢ per SEK,ok,
1999-08-10,USDGHS,US Dollar,Buying,"2,558.9100",GH¢ per USD,0.255891,GH¢ per USD,ok,
1999-08-10,USDGHS,US Dollar,Selling,"2,602.4500",GH¢ per USD,0.260245,GH¢ per USD,ok,
1999-08-10,USDGHS,US Dollar,Mid Rate,"2,580.6800",GH¢ per USD,0.258068,GH¢ per USD,ok,
1999-08-10,AUDGHS,Australian Dollar,Buying,199.6900,GH¢ per AUD,0.019969,GH¢ per AUD,ok,
1999-08-10,AUDGHS,Australian Dollar,Selling,"1,702.7800",GH¢ per AUD,0.170278,GH¢ per AUD,ok,
1999-08-10,AUDGHS,Australian Dollar,Mid Rate,951.2350,GH¢ per AUD,0.0951235,GH¢ per AUD,ok,
1999-08-10,CADGHS,Canadian Dollar,Buying,"1,704.8800",GH¢ per CAD,0.170488,GH¢ per CAD,ok,
1999-08-10,CADGHS,Canadian Dollar,Selling,"1,733.4600",GH¢ per CAD,0.173346,GH¢ per CAD,ok,
1999-08-10,CADGHS,Canadian Dollar,Mid Rate,"1,719.1700",GH¢ per CAD,0.171917,GH¢ per CAD,ok,
1999-08-10,CHFGHS,Swiss Franc,Buying,"1,715.6100",GH¢ per CHF,0.171561,GH¢ per CHF,ok,
1999-08-10,CHFGHS,Swiss Franc,Selling,"1,743.7800",GH¢ per CHF,0.174378,GH¢ per CHF,ok,
1999-08-10,CHFGHS,Swiss Franc,Mid Rate,"1,729.6950",GH¢ per CHF,0.1729695,GH¢ per CHF,ok,
1999-08-10,DKKGHS,Danish Krone,Buying,369.3800,GH¢ per DKK,0.036938,GH¢ per DKK,ok,
1999-08-10,DKKGHS,Danish Krone,Selling,375.5800,GH¢ per DKK,0.037558,GH¢ per DKK,ok,
1999-08-10,DKKGHS,Danish Krone,Mid Rate,372.4800,GH¢ per DKK,0.037248,GH¢ per DKK,ok,
1999-08-10,GBPGHS,Pound Sterling,Buying,"4,114.2200",GH¢ per GBP,0.411422,GH¢ per GBP,ok,
1999-08-10,GBPGHS,Pound Sterling,Selling,"4,186.8200",GH¢ per GBP,0.418682,GH¢ per GBP,ok,
1999-08-10,GBPGHS,Pound Sterling,Mid Rate,"4,150.5200",GH¢ per GBP,0.415052,GH¢ per GBP,ok,
1999-08-10,JPYGHS,Japanese yen,Buying,22.2800,GH¢ per JPY,0.002228,GH¢ per JPY,ok,
1999-08-10,JPYGHS,Japanese yen,Selling,22.6600,GH¢ per JPY,0.002266,GH¢ per JPY,ok,
1999-08-10,JPYGHS,Japanese yen,Mid Rate,22.4700,GH¢ per JPY,0.002247,GH¢ per JPY,ok,
1999-08-10,NOKGHS,Norwegian Krone,Buying,332.1700,GH¢ per NOK,0.033217,GH¢ per NOK,ok,
1999-08-10,NOKGHS,Norwegian Krone,Selling,337.5800,GH¢ per NOK,0.033758,GH¢ per NOK,ok,
1999-08-10,NOKGHS,Norwegian Krone,Mid Rate,334.8750,GH¢ per NOK,0.0334875,GH¢ per NOK,ok,
1999-08-10,SEKGHS,Swedish Krona,Buying,311.5700,GH¢ per SEK,0.031157,GH¢ per SEK,ok,
1999-08-10,SEKGHS,Swedish Krona,Selling,316.5000,GH¢ per SEK,0.03165,GH¢ per SEK,ok,
1999-08-10,SEKGHS,Swedish Krona,Mid Rate,314.0350,GH¢ per SEK,0.0314035,GH¢ per SEK,ok,
1999-08-11,USDGHS,US Dollar,Buying,"2,561.3600",GH¢ per USD,0.256136,GH¢ per USD,ok,
1999-08-11,USDGHS,US Dollar,Selling,"2,602.9100",GH¢ per USD,0.260291,GH¢ per USD,ok,
1999-08-11,USDGHS,US Dollar,Mid Rate,"2,582.1350",GH¢ per USD,0.2582135,GH¢ per USD,ok,
1999-08-11,AUDGHS,Australian Dollar,Buying,199.3800,GH¢ per AUD,0.019938,GH¢ per AUD,ok,
1999-08-11,AUDGHS,Australian Dollar,Selling,"1,685.8000",GH¢ per AUD,0.16858,GH¢ per AUD,ok,
1999-08-11,AUDGHS,Australian Dollar,Mid Rate,942.5900,GH¢ per AUD,0.094259,GH¢ per AUD,ok,
1999-08-11,CADGHS,Canadian Dollar,Buying,"1,712.6000",GH¢ per CAD,0.17126,GH¢ per CAD,ok,
1999-08-11,CADGHS,Canadian Dollar,Selling,"1,739.1900",GH¢ per CAD,0.173919,GH¢ per CAD,ok,
1999-08-11,CADGHS,Canadian Dollar,Mid Rate,"1,725.8950",GH¢ per CAD,0.1725895,GH¢ per CAD,ok,
1999-08-11,CHFGHS,Swiss Franc,Buying,"1,711.8200",GH¢ per CHF,0.171182,GH¢ per CHF,ok,
1999-08-11,CHFGHS,Swiss Franc,Selling,"1,738.5400",GH¢ per CHF,0.173854,GH¢ per CHF,ok,
1999-08-11,CHFGHS,Swiss Franc,Mid Rate,"1,725.1800",GH¢ per CHF,0.172518,GH¢ per CHF,ok,
1999-08-11,DKKGHS,Danish Krone,Buying,368.7100,GH¢ per DKK,0.036871,GH¢ per DKK,ok,
1999-08-11,DKKGHS,Danish Krone,Selling,374.4800,GH¢ per DKK,0.037448,GH¢ per DKK,ok,
1999-08-11,DKKGHS,Danish Krone,Mid Rate,371.5950,GH¢ per DKK,0.0371595,GH¢ per DKK,ok,
1999-08-11,GBPGHS,Pound Sterling,Buying,"4,131.4700",GH¢ per GBP,0.413147,GH¢ per GBP,ok,
1999-08-11,GBPGHS,Pound Sterling,Selling,"4,199.8000",GH¢ per GBP,0.41998,GH¢ per GBP,ok,
1999-08-11,GBPGHS,Pound Sterling,Mid Rate,"4,165.6350",GH¢ per GBP,0.4165635,GH¢ per GBP,ok,
1999-08-11,JPYGHS,Japanese yen,Buying,22.3500,GH¢ per JPY,0.002235,GH¢ per JPY,ok,
1999-08-11,JPYGHS,Japanese yen,Selling,22.7000,GH¢ per JPY,0.00227,GH¢ per JPY,ok,
1999-08-11,JPYGHS,Japanese yen,Mid Rate,22.5250,GH¢ per JPY,0.0022525,GH¢ per JPY,ok,
1999-08-11,NOKGHS,Norwegian Krone,Buying,332.7900,GH¢ per NOK,0.033279,GH¢ per NOK,ok,
1999-08-11,NOKGHS,Norwegian Krone,Selling,338.0900,GH¢ per NOK,0.033809,GH¢ per NOK,ok,
1999-08-11,NOKGHS,Norwegian Krone,Mid Rate,335.4400,GH¢ per NOK,0.033544,GH¢ per NOK,ok,
1999-08-11,SEKGHS,Swedish Krona,Buying,311.9400,GH¢ per SEK,0.031194,GH¢ per SEK,ok,
1999-08-11,SEKGHS,Swedish Krona,Selling,316.6100,GH¢ per SEK,0.031661,GH¢ per SEK,ok,
1999-08-11,SEKGHS,Swedish Krona,Mid Rate,314.2750,GH¢ per SEK,0.0314275,GH¢ per SEK,ok,
1999-08-12,USDGHS,US Dollar,Buying,"2,561.9100",GH¢ per USD,0.256191,GH¢ per USD,ok,
1999-08-12,USDGHS,US Dollar,Selling,"2,603.4300",GH¢ per USD,0.260343,GH¢ per USD,ok,
1999-08-12,USDGHS,US Dollar,Mid Rate,"2,582.6700",GH¢ per USD,0.258267,GH¢ per USD,ok,
1999-08-12,AUDGHS,Australian Dollar,Buying,197.9800,GH¢ per AUD,0.019798,GH¢ per AUD,ok,
1999-08-12,AUDGHS,Australian Dollar,Selling,"1,697.2500",GH¢ per AUD,0.169725,GH¢ per AUD,ok,
1999-08-12,AUDGHS,Australian Dollar,Mid Rate,947.6150,GH¢ per AUD,0.0947615,GH¢ per AUD,ok,
1999-08-12,CADGHS,Canadian Dollar,Buying,"1,723.4900",GH¢ per CAD,0.172349,GH¢ per CAD,ok,
1999-08-12,CADGHS,Canadian Dollar,Selling,"1,750.9900",GH¢ per CAD,0.175099,GH¢ per CAD,ok,
1999-08-12,CADGHS,Canadian Dollar,Mid Rate,"1,737.2400",GH¢ per CAD,0.173724,GH¢ per CAD,ok,
1999-08-12,CHFGHS,Swiss Franc,Buying,"1,701.7600",GH¢ per CHF,0.170176,GH¢ per CHF,ok,
1999-08-12,CHFGHS,Swiss Franc,Selling,"1,728.5000",GH¢ per CHF,0.17285,GH¢ per CHF,ok,
1999-08-12,CHFGHS,Swiss Franc,Mid Rate,"1,715.1300",GH¢ per CHF,0.171513,GH¢ per CHF,ok,
1999-08-12,DKKGHS,Danish Krone,Buying,366.2500,GH¢ per DKK,0.036625,GH¢ per DKK,ok,
1999-08-12,DKKGHS,Danish Krone,Selling,372.1400,GH¢ per DKK,0.037214,GH¢ per DKK,ok,
1999-08-12,DKKGHS,Danish Krone,Mid Rate,369.1950,GH¢ per DKK,0.0369195,GH¢ per DKK,ok,
1999-08-12,GBPGHS,Pound Sterling,Buying,"4,116.2200",GH¢ per GBP,0.411622,GH¢ per GBP,ok,
1999-08-12,GBPGHS,Pound Sterling,Selling,"4,185.5700",GH¢ per GBP,0.418557,GH¢ per GBP,ok,
1999-08-12,GBPGHS,Pound Sterling,Mid Rate,"4,150.8950",GH¢ per GBP,0.4150895,GH¢ per GBP,ok,
1999-08-12,JPYGHS,Japanese yen,Buying,22.1000,GH¢ per JPY,0.00221,GH¢ per JPY,ok,
1999-08-12,JPYGHS,Japanese yen,Selling,22.4600,GH¢ per JPY,0.002246,GH¢ per JPY,ok,
1999-08-12,JPYGHS,Japanese yen,Mid Rate,22.2800,GH¢ per JPY,0.002228,GH¢ per JPY,ok,
1999-08-12,NOKGHS,Norwegian Krone,Buying,331.3200,GH¢ per NOK,0.033132,GH¢ per NOK,ok,
1999-08-12,NOKGHS,Norwegian Krone,Selling,336.6200,GH¢ per NOK,0.033662,GH¢ per NOK,ok,
1999-08-12,NOKGHS,Norwegian Krone,Mid Rate,333.9700,GH¢ per NOK,0.033397,GH¢ per NOK,ok,
1999-08-12,SEKGHS,Swedish Krona,Buying,310.6400,GH¢ per SEK,0.031064,GH¢ per SEK,ok,
1999-08-12,SEKGHS,Swedish Krona,Selling,315.5900,GH¢ per SEK,0.031559,GH¢ per SEK,ok,
1999-08-12,SEKGHS,Swedish Krona,Mid Rate,313.1150,GH¢ per SEK,0.0313115,GH¢ per SEK,ok,
1999-08-13,USDGHS,US Dollar,Buying,"2,564.2700",GH¢ per USD,0.256427,GH¢ per USD,ok,
1999-08-13,USDGHS,US Dollar,Selling,"2,606.6400",GH¢ per USD,0.260664,GH¢ per USD,ok,
1999-08-13,USDGHS,US Dollar,Mid Rate,"2,585.4550",GH¢ per USD,0.2585455,GH¢ per USD,ok,
1999-08-13,AUDGHS,Australian Dollar,Buying,198.8600,GH¢ per AUD,0.019886,GH¢ per AUD,ok,
1999-08-13,AUDGHS,Australian Dollar,Selling,"1,698.2000",GH¢ per AUD,0.16982,GH¢ per AUD,ok,
1999-08-13,AUDGHS,Australian Dollar,Mid Rate,948.5300,GH¢ per AUD,0.094853,GH¢ per AUD,ok,
1999-08-13,CADGHS,Canadian Dollar,Buying,"1,727.5100",GH¢ per CAD,0.172751,GH¢ per CAD,ok,
1999-08-13,CADGHS,Canadian Dollar,Selling,"1,754.8700",GH¢ per CAD,0.175487,GH¢ per CAD,ok,
1999-08-13,CADGHS,Canadian Dollar,Mid Rate,"1,741.1900",GH¢ per CAD,0.174119,GH¢ per CAD,ok,
1999-08-13,CHFGHS,Swiss Franc,Buying,"1,709.0900",GH¢ per CHF,0.170909,GH¢ per CHF,ok,
1999-08-13,CHFGHS,Swiss Franc,Selling,"1,735.6800",GH¢ per CHF,0.173568,GH¢ per CHF,ok,
1999-08-13,CHFGHS,Swiss Franc,Mid Rate,"1,722.3850",GH¢ per CHF,0.1722385,GH¢ per CHF,ok,
1999-08-13,DKKGHS,Danish Krone,Buying,367.9800,GH¢ per DKK,0.036798,GH¢ per DKK,ok,
1999-08-13,DKKGHS,Danish Krone,Selling,373.9000,GH¢ per DKK,0.03739,GH¢ per DKK,ok,
1999-08-13,DKKGHS,Danish Krone,Mid Rate,370.9400,GH¢ per DKK,0.037094,GH¢ per DKK,ok,
1999-08-13,GBPGHS,Pound Sterling,Buying,"4,135.6500",GH¢ per GBP,0.413565,GH¢ per GBP,ok,
1999-08-13,GBPGHS,Pound Sterling,Selling,"4,206.6000",GH¢ per GBP,0.42066,GH¢ per GBP,ok,
1999-08-13,GBPGHS,Pound Sterling,Mid Rate,"4,171.1250",GH¢ per GBP,0.4171125,GH¢ per GBP,ok,
1999-08-13,JPYGHS,Japanese yen,Buying,22.3200,GH¢ per JPY,0.002232,GH¢ per JPY,ok,
1999-08-13,JPYGHS,Japanese yen,Selling,22.6900,GH¢ per JPY,0.002269,GH¢ per JPY,ok,
1999-08-13,JPYGHS,Japanese yen,Mid Rate,22.5050,GH¢ per JPY,0.0022505,GH¢ per JPY,ok,
1999-08-13,NOKGHS,Norwegian Krone,Buying,331.3400,GH¢ per NOK,0.033134,GH¢ per NOK,ok,
1999-08-13,NOKGHS,Norwegian Krone,Selling,336.5600,GH¢ per NOK,0.033656,GH¢ per NOK,ok,
1999-08-13,NOKGHS,Norwegian Krone,Mid Rate,333.9500,GH¢ per NOK,0.033395,GH¢ per NOK,ok,
1999-08-13,SEKGHS,Swedish Krona,Buying,311.2700,GH¢ per SEK,0.031127,GH¢ per SEK,ok,
1999-08-13,SEKGHS,Swedish Krona,Selling,316.0300,GH¢ per SEK,0.031603,GH¢ per SEK,ok,
1999-08-13,SEKGHS,Swedish Krona,Mid Rate,313.6500,GH¢ per SEK,0.031365,GH¢ per SEK,ok,
1999-08-16,USDGHS,US Dollar,Buying,"2,565.6400",GH¢ per USD,0.256564,GH¢ per USD,ok,
1999-08-16,USDGHS,US Dollar,Selling,"2,610.1800",GH¢ per USD,0.261018,GH¢ per USD,ok,
1999-08-16,USDGHS,US Dollar,Mid Rate,"2,587.9100",GH¢ per USD,0.258791,GH¢ per USD,ok,
1999-08-16,AUDGHS,Australian Dollar,Buying,197.5500,GH¢ per AUD,0.019755,GH¢ per AUD,ok,
1999-08-16,AUDGHS,Australian Dollar,Selling,"1,701.7500",GH¢ per AUD,0.170175,GH¢ per AUD,ok,
1999-08-16,AUDGHS,Australian Dollar,Mid Rate,949.6500,GH¢ per AUD,0.094965,GH¢ per AUD,ok,
1999-08-16,CADGHS,Canadian Dollar,Buying,"1,734.3800",GH¢ per CAD,0.173438,GH¢ per CAD,ok,
1999-08-16,CADGHS,Canadian Dollar,Selling,"1,764.2500",GH¢ per CAD,0.176425,GH¢ per CAD,ok,
1999-08-16,CADGHS,Canadian Dollar,Mid Rate,"1,749.3150",GH¢ per CAD,0.1749315,GH¢ per CAD,ok,
1999-08-16,CHFGHS,Swiss Franc,Buying,"1,697.3300",GH¢ per CHF,0.169733,GH¢ per CHF,ok,
1999-08-16,CHFGHS,Swiss Franc,Selling,"1,726.1700",GH¢ per CHF,0.172617,GH¢ per CHF,ok,
1999-08-16,CHFGHS,Swiss Franc,Mid Rate,"1,711.7500",GH¢ per CHF,0.171175,GH¢ per CHF,ok,
1999-08-16,DKKGHS,Danish Krone,Buying,365.4600,GH¢ per DKK,0.036546,GH¢ per DKK,ok,
1999-08-16,DKKGHS,Danish Krone,Selling,371.8200,GH¢ per DKK,0.037182,GH¢ per DKK,ok,
1999-08-16,DKKGHS,Danish Krone,Mid Rate,368.6400,GH¢ per DKK,0.036864,GH¢ per DKK,ok,
1999-08-16,GBPGHS,Pound Sterling,Buying,"4,124.5200",GH¢ per GBP,0.412452,GH¢ per GBP,ok,
1999-08-16,GBPGHS,Pound Sterling,Selling,"4,198.7400",GH¢ per GBP,0.419874,GH¢ per GBP,ok,
1999-08-16,GBPGHS,Pound Sterling,Mid Rate,"4,161.6300",GH¢ per GBP,0.416163,GH¢ per GBP,ok,
1999-08-16,JPYGHS,Japanese yen,Buying,22.3400,GH¢ per JPY,0.002234,GH¢ per JPY,ok,
1999-08-16,JPYGHS,Japanese yen,Selling,22.7200,GH¢ per JPY,0.002272,GH¢ per JPY,ok,
1999-08-16,JPYGHS,Japanese yen,Mid Rate,22.5300,GH¢ per JPY,0.002253,GH¢ per JPY,ok,
1999-08-16,NOKGHS,Norwegian Krone,Buying,330.3900,GH¢ per NOK,0.033039,GH¢ per NOK,ok,
1999-08-16,NOKGHS,Norwegian Krone,Selling,336.1500,GH¢ per NOK,0.033615,GH¢ per NOK,ok,
1999-08-16,NOKGHS,Norwegian Krone,Mid Rate,333.2700,GH¢ per NOK,0.033327,GH¢ per NOK,ok,
1999-08-16,SEKGHS,Swedish Krona,Buying,310.0100,GH¢ per SEK,0.031001,GH¢ per SEK,ok,
1999-08-16,SEKGHS,Swedish Krona,Selling,315.1100,GH¢ per SEK,0.031511,GH¢ per SEK,ok,
1999-08-16,SEKGHS,Swedish Krona,Mid Rate,312.5600,GH¢ per SEK,0.031256,GH¢ per SEK,ok,
1999-08-17,USDGHS,US Dollar,Buying,"2,566.0900",GH¢ per USD,0.256609,GH¢ per USD,ok,
1999-08-17,USDGHS,US Dollar,Selling,"2,611.3600",GH¢ per USD,0.261136,GH¢ per USD,ok,
1999-08-17,USDGHS,US Dollar,Mid Rate,"2,588.7250",GH¢ per USD,0.2588725,GH¢ per USD,ok,
1999-08-17,AUDGHS,Australian Dollar,Buying,196.1200,GH¢ per AUD,0.019612,GH¢ per AUD,ok,
1999-08-17,AUDGHS,Australian Dollar,Selling,"1,695.6600",GH¢ per AUD,0.169566,GH¢ per AUD,ok,
1999-08-17,AUDGHS,Australian Dollar,Mid Rate,945.8900,GH¢ per AUD,0.094589,GH¢ per AUD,ok,
1999-08-17,CADGHS,Canadian Dollar,Buying,"1,730.3900",GH¢ per CAD,0.173039,GH¢ per CAD,ok,
1999-08-17,CADGHS,Canadian Dollar,Selling,"1,760.3100",GH¢ per CAD,0.176031,GH¢ per CAD,ok,
1999-08-17,CADGHS,Canadian Dollar,Mid Rate,"1,745.3500",GH¢ per CAD,0.174535,GH¢ per CAD,ok,
1999-08-17,CHFGHS,Swiss Franc,Buying,"1,685.0400",GH¢ per CHF,0.168504,GH¢ per CHF,ok,
1999-08-17,CHFGHS,Swiss Franc,Selling,"1,714.1400",GH¢ per CHF,0.171414,GH¢ per CHF,ok,
1999-08-17,CHFGHS,Swiss Franc,Mid Rate,"1,699.5900",GH¢ per CHF,0.169959,GH¢ per CHF,ok,
1999-08-17,DKKGHS,Danish Krone,Buying,362.9100,GH¢ per DKK,0.036291,GH¢ per DKK,ok,
1999-08-17,DKKGHS,Danish Krone,Selling,369.2100,GH¢ per DKK,0.036921,GH¢ per DKK,ok,
1999-08-17,DKKGHS,Danish Krone,Mid Rate,366.0600,GH¢ per DKK,0.036606,GH¢ per DKK,ok,
1999-08-17,GBPGHS,Pound Sterling,Buying,"4,095.4800",GH¢ per GBP,0.409548,GH¢ per GBP,ok,
1999-08-17,GBPGHS,Pound Sterling,Selling,"4,170.3400",GH¢ per GBP,0.417034,GH¢ per GBP,ok,
1999-08-17,GBPGHS,Pound Sterling,Mid Rate,"4,132.9100",GH¢ per GBP,0.413291,GH¢ per GBP,ok,
1999-08-17,JPYGHS,Japanese yen,Buying,22.3600,GH¢ per JPY,0.002236,GH¢ per JPY,ok,
1999-08-17,JPYGHS,Japanese yen,Selling,22.7500,GH¢ per JPY,0.002275,GH¢ per JPY,ok,
1999-08-17,JPYGHS,Japanese yen,Mid Rate,22.5550,GH¢ per JPY,0.0022555,GH¢ per JPY,ok,
1999-08-17,NOKGHS,Norwegian Krone,Buying,328.8200,GH¢ per NOK,0.032882,GH¢ per NOK,ok,
1999-08-17,NOKGHS,Norwegian Krone,Selling,334.4100,GH¢ per NOK,0.033441,GH¢ per NOK,ok,
1999-08-17,NOKGHS,Norwegian Krone,Mid Rate,331.6150,GH¢ per NOK,0.0331615,GH¢ per NOK,ok,
1999-08-17,SEKGHS,Swedish Krona,Buying,309.1300,GH¢ per SEK,0.030913,GH¢ per SEK,ok,
1999-08-17,SEKGHS,Swedish Krona,Selling,314.2000,GH¢ per SEK,0.03142,GH¢ per SEK,ok,
1999-08-17,SEKGHS,Swedish Krona,Mid Rate,311.6650,GH¢ per SEK,0.0311665,GH¢ per SEK,ok,
1999-08-18,USDGHS,US Dollar,Buying,"2,566.0900",GH¢ per USD,0.256609,GH¢ per USD,ok,
1999-08-18,USDGHS,US Dollar,Selling,"2,611.4500",GH¢ per USD,0.261145,GH¢ per USD,ok,
1999-08-18,USDGHS,US Dollar,Mid Rate,"2,588.7700",GH¢ per USD,0.258877,GH¢ per USD,ok,
1999-08-18,AUDGHS,Australian Dollar,Buying,196.5500,GH¢ per AUD,0.019655,GH¢ per AUD,ok,
1999-08-18,AUDGHS,Australian Dollar,Selling,"1,685.3500",GH¢ per AUD,0.168535,GH¢ per AUD,ok,
1999-08-18,AUDGHS,Australian Dollar,Mid Rate,940.9500,GH¢ per AUD,0.094095,GH¢ per AUD,ok,
1999-08-18,CADGHS,Canadian Dollar,Buying,"1,731.0100",GH¢ per CAD,0.173101,GH¢ per CAD,ok,
1999-08-18,CADGHS,Canadian Dollar,Selling,"1,760.2400",GH¢ per CAD,0.176024,GH¢ per CAD,ok,
1999-08-18,CADGHS,Canadian Dollar,Mid Rate,"1,745.6250",GH¢ per CAD,0.1745625,GH¢ per CAD,ok,
1999-08-18,CHFGHS,Swiss Franc,Buying,"1,689.1800",GH¢ per CHF,0.168918,GH¢ per CHF,ok,
1999-08-18,CHFGHS,Swiss Franc,Selling,"1,717.1800",GH¢ per CHF,0.171718,GH¢ per CHF,ok,
1999-08-18,CHFGHS,Swiss Franc,Mid Rate,"1,703.1800",GH¢ per CHF,0.170318,GH¢ per CHF,ok,
1999-08-18,DKKGHS,Danish Krone,Buying,363.7600,GH¢ per DKK,0.036376,GH¢ per DKK,ok,
1999-08-18,DKKGHS,Danish Krone,Selling,369.8200,GH¢ per DKK,0.036982,GH¢ per DKK,ok,
1999-08-18,DKKGHS,Danish Krone,Mid Rate,366.7900,GH¢ per DKK,0.036679,GH¢ per DKK,ok,
1999-08-18,GBPGHS,Pound Sterling,Buying,"4,123.9600",GH¢ per GBP,0.412396,GH¢ per GBP,ok,
1999-08-18,GBPGHS,Pound Sterling,Selling,"4,197.6400",GH¢ per GBP,0.419764,GH¢ per GBP,ok,
1999-08-18,GBPGHS,Pound Sterling,Mid Rate,"4,160.8000",GH¢ per GBP,0.41608,GH¢ per GBP,ok,
1999-08-18,JPYGHS,Japanese yen,Buying,22.6900,GH¢ per JPY,0.002269,GH¢ per JPY,ok,
1999-08-18,JPYGHS,Japanese yen,Selling,23.0800,GH¢ per JPY,0.002308,GH¢ per JPY,ok,
1999-08-18,JPYGHS,Japanese yen,Mid Rate,22.8850,GH¢ per JPY,0.0022885,GH¢ per JPY,ok,
1999-08-18,NOKGHS,Norwegian Krone,Buying,329.3400,GH¢ per NOK,0.032934,GH¢ per NOK,ok,
1999-08-18,NOKGHS,Norwegian Krone,Selling,334.8000,GH¢ per NOK,0.03348,GH¢ per NOK,ok,
1999-08-18,NOKGHS,Norwegian Krone,Mid Rate,332.0700,GH¢ per NOK,0.033207,GH¢ per NOK,ok,
1999-08-18,SEKGHS,Swedish Krona,Buying,309.6700,GH¢ per SEK,0.030967,GH¢ per SEK,ok,
1999-08-18,SEKGHS,Swedish Krona,Selling,314.6300,GH¢ per SEK,0.031463,GH¢ per SEK,ok,
1999-08-18,SEKGHS,Swedish Krona,Mid Rate,312.1500,GH¢ per SEK,0.031215,GH¢ per SEK,ok,
1999-08-19,USDGHS,US Dollar,Buying,"2,567.4500",GH¢ per USD,0.256745,GH¢ per USD,ok,
1999-08-19,USDGHS,US Dollar,Selling,"2,613.7300",GH¢ per USD,0.261373,GH¢ per USD,ok,
1999-08-19,USDGHS,US Dollar,Mid Rate,"2,590.5900",GH¢ per USD,0.259059,GH¢ per USD,ok,
1999-08-19,AUDGHS,Australian Dollar,Buying,196.3400,GH¢ per AUD,0.019634,GH¢ per AUD,ok,
1999-08-19,AUDGHS,Australian Dollar,Selling,"1,661.2700",GH¢ per AUD,0.166127,GH¢ per AUD,ok,
1999-08-19,AUDGHS,Australian Dollar,Mid Rate,928.8050,GH¢ per AUD,0.0928805,GH¢ per AUD,ok,
1999-08-19,CADGHS,Canadian Dollar,Buying,"1,727.1000",GH¢ per CAD,0.17271,GH¢ per CAD,ok,
1999-08-19,CADGHS,Canadian Dollar,Selling,"1,757.8500",GH¢ per CAD,0.175785,GH¢ per CAD,ok,
1999-08-19,CADGHS,Canadian Dollar,Mid Rate,"1,742.4750",GH¢ per CAD,0.1742475,GH¢ per CAD,ok,
1999-08-19,CHFGHS,Swiss Franc,Buying,"1,688.9100",GH¢ per CHF,0.168891,GH¢ per CHF,ok,
1999-08-19,CHFGHS,Swiss Franc,Selling,"1,719.0200",GH¢ per CHF,0.171902,GH¢ per CHF,ok,
1999-08-19,CHFGHS,Swiss Franc,Mid Rate,"1,703.9650",GH¢ per CHF,0.1703965,GH¢ per CHF,ok,
1999-08-19,DKKGHS,Danish Krone,Buying,363.2700,GH¢ per DKK,0.036327,GH¢ per DKK,ok,
1999-08-19,DKKGHS,Danish Krone,Selling,369.4600,GH¢ per DKK,0.036946,GH¢ per DKK,ok,
1999-08-19,DKKGHS,Danish Krone,Mid Rate,366.3650,GH¢ per DKK,0.0366365,GH¢ per DKK,ok,
1999-08-19,GBPGHS,Pound Sterling,Buying,"4,109.9700",GH¢ per GBP,0.410997,GH¢ per GBP,ok,
1999-08-19,GBPGHS,Pound Sterling,Selling,"4,186.6700",GH¢ per GBP,0.418667,GH¢ per GBP,ok,
1999-08-19,GBPGHS,Pound Sterling,Mid Rate,"4,148.3200",GH¢ per GBP,0.414832,GH¢ per GBP,ok,
1999-08-19,JPYGHS,Japanese yen,Buying,23.0300,GH¢ per JPY,0.002303,GH¢ per JPY,ok,
1999-08-19,JPYGHS,Japanese yen,Selling,23.4500,GH¢ per JPY,0.002345,GH¢ per JPY,ok,
1999-08-19,JPYGHS,Japanese yen,Mid Rate,23.2400,GH¢ per JPY,0.002324,GH¢ per JPY,ok,
1999-08-19,NOKGHS,Norwegian Krone,Buying,329.2500,GH¢ per NOK,0.032925,GH¢ per NOK,ok,
1999-08-19,NOKGHS,Norwegian Krone,Selling,335.0700,GH¢ per NOK,0.033507,GH¢ per NOK,ok,
1999-08-19,NOKGHS,Norwegian Krone,Mid Rate,332.1600,GH¢ per NOK,0.033216,GH¢ per NOK,ok,
1999-08-19,SEKGHS,Swedish Krona,Buying,308.6600,GH¢ per SEK,0.030866,GH¢ per SEK,ok,
1999-08-19,SEKGHS,Swedish Krona,Selling,313.9800,GH¢ per SEK,0.031398,GH¢ per SEK,ok,
1999-08-19,SEKGHS,Swedish Krona,Mid Rate,311.3200,GH¢ per SEK,0.031132,GH¢ per SEK,ok,
1999-08-20,USDGHS,US Dollar,Buying,"2,570.2700",GH¢ per USD,0.257027,GH¢ per USD,ok,
1999-08-20,USDGHS,US Dollar,Selling,"2,615.3600",GH¢ per USD,0.261536,GH¢ per USD,ok,
1999-08-20,USDGHS,US Dollar,Mid Rate,"2,592.8150",GH¢ per USD,0.2592815,GH¢ per USD,ok,
1999-08-20,AUDGHS,Australian Dollar,Buying,199.0600,GH¢ per AUD,0.019906,GH¢ per AUD,ok,
1999-08-20,AUDGHS,Australian Dollar,Selling,"1,669.8600",GH¢ per AUD,0.166986,GH¢ per AUD,ok,
1999-08-20,AUDGHS,Australian Dollar,Mid Rate,934.4600,GH¢ per AUD,0.093446,GH¢ per AUD,ok,
1999-08-20,CADGHS,Canadian Dollar,Buying,"1,718.6800",GH¢ per CAD,0.171868,GH¢ per CAD,ok,
1999-08-20,CADGHS,Canadian Dollar,Selling,"1,747.4200",GH¢ per CAD,0.174742,GH¢ per CAD,ok,
1999-08-20,CADGHS,Canadian Dollar,Mid Rate,"1,733.0500",GH¢ per CAD,0.173305,GH¢ per CAD,ok,
1999-08-20,CHFGHS,Swiss Franc,Buying,"1,713.3700",GH¢ per CHF,0.171337,GH¢ per CHF,ok,
1999-08-20,CHFGHS,Swiss Franc,Selling,"1,742.8900",GH¢ per CHF,0.174289,GH¢ per CHF,ok,
1999-08-20,CHFGHS,Swiss Franc,Mid Rate,"1,728.1300",GH¢ per CHF,0.172813,GH¢ per CHF,ok,
1999-08-20,DKKGHS,Danish Krone,Buying,368.2400,GH¢ per DKK,0.036824,GH¢ per DKK,ok,
1999-08-20,DKKGHS,Danish Krone,Selling,374.4400,GH¢ per DKK,0.037444,GH¢ per DKK,ok,
1999-08-20,DKKGHS,Danish Krone,Mid Rate,371.3400,GH¢ per DKK,0.037134,GH¢ per DKK,ok,
1999-08-20,GBPGHS,Pound Sterling,Buying,"4,162.8100",GH¢ per GBP,0.416281,GH¢ per GBP,ok,
1999-08-20,GBPGHS,Pound Sterling,Selling,"4,237.1400",GH¢ per GBP,0.423714,GH¢ per GBP,ok,
1999-08-20,GBPGHS,Pound Sterling,Mid Rate,"4,199.9750",GH¢ per GBP,0.4199975,GH¢ per GBP,ok,
1999-08-20,JPYGHS,Japanese yen,Buying,23.0600,GH¢ per JPY,0.002306,GH¢ per JPY,ok,
1999-08-20,JPYGHS,Japanese yen,Selling,23.4600,GH¢ per JPY,0.002346,GH¢ per JPY,ok,
1999-08-20,JPYGHS,Japanese yen,Mid Rate,23.2600,GH¢ per JPY,0.002326,GH¢ per JPY,ok,
1999-08-20,NOKGHS,Norwegian Krone,Buying,332.4200,GH¢ per NOK,0.033242,GH¢ per NOK,ok,
1999-08-20,NOKGHS,Norwegian Krone,Selling,337.8400,GH¢ per NOK,0.033784,GH¢ per NOK,ok,
1999-08-20,NOKGHS,Norwegian Krone,Mid Rate,335.1300,GH¢ per NOK,0.033513,GH¢ per NOK,ok,
1999-08-20,SEKGHS,Swedish Krona,Buying,312.4900,GH¢ per SEK,0.031249,GH¢ per SEK,ok,
1999-08-20,SEKGHS,Swedish Krona,Selling,317.5500,GH¢ per SEK,0.031755,GH¢ per SEK,ok,
1999-08-20,SEKGHS,Swedish Krona,Mid Rate,315.0200,GH¢ per SEK,0.031502,GH¢ per SEK,ok,
1999-08-23,USDGHS,US Dollar,Buying,"2,571.0000",GH¢ per USD,0.2571,GH¢ per USD,ok,
1999-08-23,USDGHS,US Dollar,Selling,"2,615.9100",GH¢ per USD,0.261591,GH¢ per USD,ok,
1999-08-23,USDGHS,US Dollar,Mid Rate,"2,593.4550",GH¢ per USD,0.2593455,GH¢ per USD,ok,
1999-08-23,AUDGHS,Australian Dollar,Buying,199.1000,GH¢ per AUD,0.01991,GH¢ per AUD,ok,
1999-08-23,AUDGHS,Australian Dollar,Selling,"1,666.4600",GH¢ per AUD,0.166646,GH¢ per AUD,ok,
1999-08-23,AUDGHS,Australian Dollar,Mid Rate,932.7800,GH¢ per AUD,0.093278,GH¢ per AUD,ok,
1999-08-23,CADGHS,Canadian Dollar,Buying,"1,717.0500",GH¢ per CAD,0.171705,GH¢ per CAD,ok,
1999-08-23,CADGHS,Canadian Dollar,Selling,"1,745.8900",GH¢ per CAD,0.174589,GH¢ per CAD,ok,
1999-08-23,CADGHS,Canadian Dollar,Mid Rate,"1,731.4700",GH¢ per CAD,0.173147,GH¢ per CAD,ok,
1999-08-23,CHFGHS,Swiss Franc,Buying,"1,715.2100",GH¢ per CHF,0.171521,GH¢ per CHF,ok,
1999-08-23,CHFGHS,Swiss Franc,Selling,"1,744.5900",GH¢ per CHF,0.174459,GH¢ per CHF,ok,
1999-08-23,CHFGHS,Swiss Franc,Mid Rate,"1,729.9000",GH¢ per CHF,0.17299,GH¢ per CHF,ok,
1999-08-23,DKKGHS,Danish Krone,Buying,368.3800,GH¢ per DKK,0.036838,GH¢ per DKK,ok,
1999-08-23,DKKGHS,Danish Krone,Selling,374.6000,GH¢ per DKK,0.03746,GH¢ per DKK,ok,
1999-08-23,DKKGHS,Danish Krone,Mid Rate,371.4900,GH¢ per DKK,0.037149,GH¢ per DKK,ok,
1999-08-23,GBPGHS,Pound Sterling,Buying,"4,145.9900",GH¢ per GBP,0.414599,GH¢ per GBP,ok,
1999-08-23,GBPGHS,Pound Sterling,Selling,"4,221.0300",GH¢ per GBP,0.422103,GH¢ per GBP,ok,
1999-08-23,GBPGHS,Pound Sterling,Mid Rate,"4,183.5100",GH¢ per GBP,0.418351,GH¢ per GBP,ok,
1999-08-23,JPYGHS,Japanese yen,Buying,23.2100,GH¢ per JPY,0.002321,GH¢ per JPY,ok,
1999-08-23,JPYGHS,Japanese yen,Selling,23.6200,GH¢ per JPY,0.002362,GH¢ per JPY,ok,
1999-08-23,JPYGHS,Japanese yen,Mid Rate,23.4150,GH¢ per JPY,0.0023415,GH¢ per JPY,ok,
1999-08-23,NOKGHS,Norwegian Krone,Buying,331.6400,GH¢ per NOK,0.033164,GH¢ per NOK,ok,
1999-08-23,NOKGHS,Norwegian Krone,Selling,337.1700,GH¢ per NOK,0.033717,GH¢ per NOK,ok,
1999-08-23,NOKGHS,Norwegian Krone,Mid Rate,334.4050,GH¢ per NOK,0.0334405,GH¢ per NOK,ok,
1999-08-23,SEKGHS,Swedish Krona,Buying,312.0900,GH¢ per SEK,0.031209,GH¢ per SEK,ok,
1999-08-23,SEKGHS,Swedish Krona,Selling,317.1500,GH¢ per SEK,0.031715,GH¢ per SEK,ok,
1999-08-23,SEKGHS,Swedish Krona,Mid Rate,314.6200,GH¢ per SEK,0.031462,GH¢ per SEK,ok,
1999-08-24,USDGHS,US Dollar,Buying,"2,572.0000",GH¢ per USD,0.2572,GH¢ per USD,ok,
1999-08-24,USDGHS,US Dollar,Selling,"2,616.9100",GH¢ per USD,0.261691,GH¢ per USD,ok,
1999-08-24,USDGHS,US Dollar,Mid Rate,"2,594.4550",GH¢ per USD,0.2594455,GH¢ per USD,ok,
1999-08-24,AUDGHS,Australian Dollar,Buying,195.7000,GH¢ per AUD,0.01957,GH¢ per AUD,ok,
1999-08-24,AUDGHS,Australian Dollar,Selling,"1,668.6400",GH¢ per AUD,0.166864,GH¢ per AUD,ok,
1999-08-24,AUDGHS,Australian Dollar,Mid Rate,932.1700,GH¢ per AUD,0.093217,GH¢ per AUD,ok,
1999-08-24,CADGHS,Canadian Dollar,Buying,"1,717.1700",GH¢ per CAD,0.171717,GH¢ per CAD,ok,
1999-08-24,CADGHS,Canadian Dollar,Selling,"1,746.0200",GH¢ per CAD,0.174602,GH¢ per CAD,ok,
1999-08-24,CADGHS,Canadian Dollar,Mid Rate,"1,731.5950",GH¢ per CAD,0.1731595,GH¢ per CAD,ok,
1999-08-24,CHFGHS,Swiss Franc,Buying,"1,682.7800",GH¢ per CHF,0.168278,GH¢ per CHF,ok,
1999-08-24,CHFGHS,Swiss Franc,Selling,"1,711.0900",GH¢ per CHF,0.171109,GH¢ per CHF,ok,
1999-08-24,CHFGHS,Swiss Franc,Mid Rate,"1,696.9350",GH¢ per CHF,0.1696935,GH¢ per CHF,ok,
1999-08-24,DKKGHS,Danish Krone,Buying,362.3300,GH¢ per DKK,0.036233,GH¢ per DKK,ok,
1999-08-24,DKKGHS,Danish Krone,Selling,368.5500,GH¢ per DKK,0.036855,GH¢ per DKK,ok,
1999-08-24,DKKGHS,Danish Krone,Mid Rate,365.4400,GH¢ per DKK,0.036544,GH¢ per DKK,ok,
1999-08-24,GBPGHS,Pound Sterling,Buying,"4,117.5300",GH¢ per GBP,0.411753,GH¢ per GBP,ok,
1999-08-24,GBPGHS,Pound Sterling,Selling,"4,190.4600",GH¢ per GBP,0.419046,GH¢ per GBP,ok,
1999-08-24,GBPGHS,Pound Sterling,Mid Rate,"4,153.9950",GH¢ per GBP,0.4153995,GH¢ per GBP,ok,
1999-08-24,JPYGHS,Japanese yen,Buying,22.9300,GH¢ per JPY,0.002293,GH¢ per JPY,ok,
1999-08-24,JPYGHS,Japanese yen,Selling,23.3200,GH¢ per JPY,0.002332,GH¢ per JPY,ok,
1999-08-24,JPYGHS,Japanese yen,Mid Rate,23.1250,GH¢ per JPY,0.0023125,GH¢ per JPY,ok,
1999-08-24,NOKGHS,Norwegian Krone,Buying,326.9100,GH¢ per NOK,0.032691,GH¢ per NOK,ok,
1999-08-24,NOKGHS,Norwegian Krone,Selling,332.3700,GH¢ per NOK,0.033237,GH¢ per NOK,ok,
1999-08-24,NOKGHS,Norwegian Krone,Mid Rate,329.6400,GH¢ per NOK,0.032964,GH¢ per NOK,ok,
1999-08-24,SEKGHS,Swedish Krona,Buying,308.8000,GH¢ per SEK,0.03088,GH¢ per SEK,ok,
1999-08-24,SEKGHS,Swedish Krona,Selling,313.8200,GH¢ per SEK,0.031382,GH¢ per SEK,ok,
1999-08-24,SEKGHS,Swedish Krona,Mid Rate,311.3100,GH¢ per SEK,0.031131,GH¢ per SEK,ok,
1999-08-25,USDGHS,US Dollar,Buying,"2,574.8200",GH¢ per USD,0.257482,GH¢ per USD,ok,
1999-08-25,USDGHS,US Dollar,Selling,"2,618.8200",GH¢ per USD,0.261882,GH¢ per USD,ok,
1999-08-25,USDGHS,US Dollar,Mid Rate,"2,596.8200",GH¢ per USD,0.259682,GH¢ per USD,ok,
1999-08-25,AUDGHS,Australian Dollar,Buying,196.4000,GH¢ per AUD,0.01964,GH¢ per AUD,ok,
1999-08-25,AUDGHS,Australian Dollar,Selling,"1,655.3700",GH¢ per AUD,0.165537,GH¢ per AUD,ok,
1999-08-25,AUDGHS,Australian Dollar,Mid Rate,925.8850,GH¢ per AUD,0.0925885,GH¢ per AUD,ok,
1999-08-25,CADGHS,Canadian Dollar,Buying,"1,725.8600",GH¢ per CAD,0.172586,GH¢ per CAD,ok,
1999-08-25,CADGHS,Canadian Dollar,Selling,"1,754.7900",GH¢ per CAD,0.175479,GH¢ per CAD,ok,
1999-08-25,CADGHS,Canadian Dollar,Mid Rate,"1,740.3250",GH¢ per CAD,0.1740325,GH¢ per CAD,ok,
1999-08-25,CHFGHS,Swiss Franc,Buying,"1,687.6100",GH¢ per CHF,0.168761,GH¢ per CHF,ok,
1999-08-25,CHFGHS,Swiss Franc,Selling,"1,716.1400",GH¢ per CHF,0.171614,GH¢ per CHF,ok,
1999-08-25,CHFGHS,Swiss Franc,Mid Rate,"1,701.8750",GH¢ per CHF,0.1701875,GH¢ per CHF,ok,
1999-08-25,DKKGHS,Danish Krone,Buying,363.5200,GH¢ per DKK,0.036352,GH¢ per DKK,ok,
1999-08-25,DKKGHS,Danish Krone,Selling,369.5200,GH¢ per DKK,0.036952,GH¢ per DKK,ok,
1999-08-25,DKKGHS,Danish Krone,Mid Rate,366.5200,GH¢ per DKK,0.036652,GH¢ per DKK,ok,
1999-08-25,GBPGHS,Pound Sterling,Buying,"4,089.5900",GH¢ per GBP,0.408959,GH¢ per GBP,ok,
1999-08-25,GBPGHS,Pound Sterling,Selling,"4,160.2600",GH¢ per GBP,0.416026,GH¢ per GBP,ok,
1999-08-25,GBPGHS,Pound Sterling,Mid Rate,"4,124.9250",GH¢ per GBP,0.4124925,GH¢ per GBP,ok,
1999-08-25,JPYGHS,Japanese yen,Buying,23.1300,GH¢ per JPY,0.002313,GH¢ per JPY,ok,
1999-08-25,JPYGHS,Japanese yen,Selling,23.5100,GH¢ per JPY,0.002351,GH¢ per JPY,ok,
1999-08-25,JPYGHS,Japanese yen,Mid Rate,23.3200,GH¢ per JPY,0.002332,GH¢ per JPY,ok,
1999-08-25,NOKGHS,Norwegian Krone,Buying,327.5000,GH¢ per NOK,0.03275,GH¢ per NOK,ok,
1999-08-25,NOKGHS,Norwegian Krone,Selling,332.8400,GH¢ per NOK,0.033284,GH¢ per NOK,ok,
1999-08-25,NOKGHS,Norwegian Krone,Mid Rate,330.1700,GH¢ per NOK,0.033017,GH¢ per NOK,ok,
1999-08-25,SEKGHS,Swedish Krona,Buying,310.3700,GH¢ per SEK,0.031037,GH¢ per SEK,ok,
1999-08-25,SEKGHS,Swedish Krona,Selling,315.2900,GH¢ per SEK,0.031529,GH¢ per SEK,ok,
1999-08-25,SEKGHS,Swedish Krona,Mid Rate,312.8300,GH¢ per SEK,0.031283,GH¢ per SEK,ok,
1999-08-26,USDGHS,US Dollar,Buying,"2,575.2700",GH¢ per USD,0.257527,GH¢ per USD,ok,
1999-08-26,USDGHS,US Dollar,Selling,"2,619.1800",GH¢ per USD,0.261918,GH¢ per USD,ok,
1999-08-26,USDGHS,US Dollar,Mid Rate,"2,597.2250",GH¢ per USD,0.2597225,GH¢ per USD,ok,
1999-08-26,AUDGHS,Australian Dollar,Buying,195.0100,GH¢ per AUD,0.019501,GH¢ per AUD,ok,
1999-08-26,AUDGHS,Australian Dollar,Selling,"1,656.0000",GH¢ per AUD,0.1656,GH¢ per AUD,ok,
1999-08-26,AUDGHS,Australian Dollar,Mid Rate,925.5050,GH¢ per AUD,0.0925505,GH¢ per AUD,ok,
1999-08-26,CADGHS,Canadian Dollar,Buying,"1,719.8500",GH¢ per CAD,0.171985,GH¢ per CAD,ok,
1999-08-26,CADGHS,Canadian Dollar,Selling,"1,747.9600",GH¢ per CAD,0.174796,GH¢ per CAD,ok,
1999-08-26,CADGHS,Canadian Dollar,Mid Rate,"1,733.9050",GH¢ per CAD,0.1733905,GH¢ per CAD,ok,
1999-08-26,CHFGHS,Swiss Franc,Buying,"1,675.7500",GH¢ per CHF,0.167575,GH¢ per CHF,ok,
1999-08-26,CHFGHS,Swiss Franc,Selling,"1,703.1800",GH¢ per CHF,0.170318,GH¢ per CHF,ok,
1999-08-26,CHFGHS,Swiss Franc,Mid Rate,"1,689.4650",GH¢ per CHF,0.1689465,GH¢ per CHF,ok,
1999-08-26,DKKGHS,Danish Krone,Buying,361.5400,GH¢ per DKK,0.036154,GH¢ per DKK,ok,
1999-08-26,DKKGHS,Danish Krone,Selling,367.4500,GH¢ per DKK,0.036745,GH¢ per DKK,ok,
1999-08-26,DKKGHS,Danish Krone,Mid Rate,364.4950,GH¢ per DKK,0.0364495,GH¢ per DKK,ok,
1999-08-26,GBPGHS,Pound Sterling,Buying,"4,084.6400",GH¢ per GBP,0.408464,GH¢ per GBP,ok,
1999-08-26,GBPGHS,Pound Sterling,Selling,"4,155.5900",GH¢ per GBP,0.415559,GH¢ per GBP,ok,
1999-08-26,GBPGHS,Pound Sterling,Mid Rate,"4,120.1150",GH¢ per GBP,0.4120115,GH¢ per GBP,ok,
1999-08-26,JPYGHS,Japanese yen,Buying,23.2200,GH¢ per JPY,0.002322,GH¢ per JPY,ok,
1999-08-26,JPYGHS,Japanese yen,Selling,23.6100,GH¢ per JPY,0.002361,GH¢ per JPY,ok,
1999-08-26,JPYGHS,Japanese yen,Mid Rate,23.4150,GH¢ per JPY,0.0023415,GH¢ per JPY,ok,
1999-08-26,NOKGHS,Norwegian Krone,Buying,322.2700,GH¢ per NOK,0.032227,GH¢ per NOK,ok,
1999-08-26,NOKGHS,Norwegian Krone,Selling,327.5200,GH¢ per NOK,0.032752,GH¢ per NOK,ok,
1999-08-26,NOKGHS,Norwegian Krone,Mid Rate,324.8950,GH¢ per NOK,0.0324895,GH¢ per NOK,ok,
1999-08-26,SEKGHS,Swedish Krona,Buying,307.5500,GH¢ per SEK,0.030755,GH¢ per SEK,ok,
1999-08-26,SEKGHS,Swedish Krona,Selling,312.6100,GH¢ per SEK,0.031261,GH¢ per SEK,ok,
1999-08-26,SEKGHS,Swedish Krona,Mid Rate,310.0800,GH¢ per SEK,0.031008,GH¢ per SEK,ok,
1999-08-27,USDGHS,US Dollar,Buying,"2,576.1800",GH¢ per USD,0.257618,GH¢ per USD,ok,
1999-08-27,USDGHS,US Dollar,Selling,"2,619.6400",GH¢ per USD,0.261964,GH¢ per USD,ok,
1999-08-27,USDGHS,US Dollar,Mid Rate,"2,597.9100",GH¢ per USD,0.259791,GH¢ per USD,ok,
1999-08-27,AUDGHS,Australian Dollar,Buying,195.4100,GH¢ per AUD,0.019541,GH¢ per AUD,ok,
1999-08-27,AUDGHS,Australian Dollar,Selling,"1,661.9000",GH¢ per AUD,0.16619,GH¢ per AUD,ok,
1999-08-27,AUDGHS,Australian Dollar,Mid Rate,928.6550,GH¢ per AUD,0.0928655,GH¢ per AUD,ok,
1999-08-27,CADGHS,Canadian Dollar,Buying,"1,727.7000",GH¢ per CAD,0.17277,GH¢ per CAD,ok,
1999-08-27,CADGHS,Canadian Dollar,Selling,"1,756.2400",GH¢ per CAD,0.175624,GH¢ per CAD,ok,
1999-08-27,CADGHS,Canadian Dollar,Mid Rate,"1,741.9700",GH¢ per CAD,0.174197,GH¢ per CAD,ok,
1999-08-27,CHFGHS,Swiss Franc,Buying,"1,679.0400",GH¢ per CHF,0.167904,GH¢ per CHF,ok,
1999-08-27,CHFGHS,Swiss Franc,Selling,"1,706.8300",GH¢ per CHF,0.170683,GH¢ per CHF,ok,
1999-08-27,CHFGHS,Swiss Franc,Mid Rate,"1,692.9350",GH¢ per CHF,0.1692935,GH¢ per CHF,ok,
1999-08-27,DKKGHS,Danish Krone,Buying,361.6900,GH¢ per DKK,0.036169,GH¢ per DKK,ok,
1999-08-27,DKKGHS,Danish Krone,Selling,367.6900,GH¢ per DKK,0.036769,GH¢ per DKK,ok,
1999-08-27,DKKGHS,Danish Krone,Mid Rate,364.6900,GH¢ per DKK,0.036469,GH¢ per DKK,ok,
1999-08-27,GBPGHS,Pound Sterling,Buying,"4,084.2800",GH¢ per GBP,0.408428,GH¢ per GBP,ok,
1999-08-27,GBPGHS,Pound Sterling,Selling,"4,155.8000",GH¢ per GBP,0.41558,GH¢ per GBP,ok,
1999-08-27,GBPGHS,Pound Sterling,Mid Rate,"4,120.0400",GH¢ per GBP,0.412004,GH¢ per GBP,ok,
1999-08-27,JPYGHS,Japanese yen,Buying,23.1200,GH¢ per JPY,0.002312,GH¢ per JPY,ok,
1999-08-27,JPYGHS,Japanese yen,Selling,23.5100,GH¢ per JPY,0.002351,GH¢ per JPY,ok,
1999-08-27,JPYGHS,Japanese yen,Mid Rate,23.3150,GH¢ per JPY,0.0023315,GH¢ per JPY,ok,
1999-08-27,NOKGHS,Norwegian Krone,Buying,323.6200,GH¢ per NOK,0.032362,GH¢ per NOK,ok,
1999-08-27,NOKGHS,Norwegian Krone,Selling,328.8300,GH¢ per NOK,0.032883,GH¢ per NOK,ok,
1999-08-27,NOKGHS,Norwegian Krone,Mid Rate,326.2250,GH¢ per NOK,0.0326225,GH¢ per NOK,ok,
1999-08-27,SEKGHS,Swedish Krona,Buying,308.9000,GH¢ per SEK,0.03089,GH¢ per SEK,ok,
1999-08-27,SEKGHS,Swedish Krona,Selling,313.7300,GH¢ per SEK,0.031373,GH¢ per SEK,ok,
1999-08-27,SEKGHS,Swedish Krona,Mid Rate,311.3150,GH¢ per SEK,0.0311315,GH¢ per SEK,ok,
1999-08-30,USDGHS,US Dollar,Buying,"2,576.8200",GH¢ per USD,0.257682,GH¢ per USD,ok,
1999-08-30,USDGHS,US Dollar,Selling,"2,619.7300",GH¢ per USD,0.261973,GH¢ per USD,ok,
1999-08-30,USDGHS,US Dollar,Mid Rate,"2,598.2750",GH¢ per USD,0.2598275,GH¢ per USD,ok,
1999-08-30,AUDGHS,Australian Dollar,Buying,196.2300,GH¢ per AUD,0.019623,GH¢ per AUD,ok,
1999-08-30,AUDGHS,Australian Dollar,Selling,"1,660.1100",GH¢ per AUD,0.166011,GH¢ per AUD,ok,
1999-08-30,AUDGHS,Australian Dollar,Mid Rate,928.1700,GH¢ per AUD,0.092817,GH¢ per AUD,ok,
1999-08-30,CADGHS,Canadian Dollar,Buying,"1,730.1000",GH¢ per CAD,0.17301,GH¢ per CAD,ok,
1999-08-30,CADGHS,Canadian Dollar,Selling,"1,757.7600",GH¢ per CAD,0.175776,GH¢ per CAD,ok,
1999-08-30,CADGHS,Canadian Dollar,Mid Rate,"1,743.9300",GH¢ per CAD,0.174393,GH¢ per CAD,ok,
1999-08-30,CHFGHS,Swiss Franc,Buying,"1,685.8300",GH¢ per CHF,0.168583,GH¢ per CHF,ok,
1999-08-30,CHFGHS,Swiss Franc,Selling,"1,713.3800",GH¢ per CHF,0.171338,GH¢ per CHF,ok,
1999-08-30,CHFGHS,Swiss Franc,Mid Rate,"1,699.6050",GH¢ per CHF,0.1699605,GH¢ per CHF,ok,
1999-08-30,DKKGHS,Danish Krone,Buying,363.1200,GH¢ per DKK,0.036312,GH¢ per DKK,ok,
1999-08-30,DKKGHS,Danish Krone,Selling,369.0600,GH¢ per DKK,0.036906,GH¢ per DKK,ok,
1999-08-30,DKKGHS,Danish Krone,Mid Rate,366.0900,GH¢ per DKK,0.036609,GH¢ per DKK,ok,
1999-08-30,GBPGHS,Pound Sterling,Buying,"4,097.4000",GH¢ per GBP,0.40974,GH¢ per GBP,ok,
1999-08-30,GBPGHS,Pound Sterling,Selling,"4,166.9400",GH¢ per GBP,0.416694,GH¢ per GBP,ok,
1999-08-30,GBPGHS,Pound Sterling,Mid Rate,"4,132.1700",GH¢ per GBP,0.413217,GH¢ per GBP,ok,
1999-08-30,JPYGHS,Japanese yen,Buying,23.2000,GH¢ per JPY,0.00232,GH¢ per JPY,ok,
1999-08-30,JPYGHS,Japanese yen,Selling,23.5800,GH¢ per JPY,0.002358,GH¢ per JPY,ok,
1999-08-30,JPYGHS,Japanese yen,Mid Rate,23.3900,GH¢ per JPY,0.002339,GH¢ per JPY,ok,
1999-08-30,NOKGHS,Norwegian Krone,Buying,325.0300,GH¢ per NOK,0.032503,GH¢ per NOK,ok,
1999-08-30,NOKGHS,Norwegian Krone,Selling,330.2300,GH¢ per NOK,0.033023,GH¢ per NOK,ok,
1999-08-30,NOKGHS,Norwegian Krone,Mid Rate,327.6300,GH¢ per NOK,0.032763,GH¢ per NOK,ok,
1999-08-30,SEKGHS,Swedish Krona,Buying,309.7900,GH¢ per SEK,0.030979,GH¢ per SEK,ok,
1999-08-30,SEKGHS,Swedish Krona,Selling,314.5700,GH¢ per SEK,0.031457,GH¢ per SEK,ok,
1999-08-30,SEKGHS,Swedish Krona,Mid Rate,312.1800,GH¢ per SEK,0.031218,GH¢ per SEK,ok,
1999-08-31,USDGHS,US Dollar,Buying,"2,577.0000",GH¢ per USD,0.2577,GH¢ per USD,ok,
1999-08-31,USDGHS,US Dollar,Selling,"2,620.7300",GH¢ per USD,0.262073,GH¢ per USD,ok,
1999-08-31,USDGHS,US Dollar,Mid Rate,"2,598.8650",GH¢ per USD,0.2598865,GH¢ per USD,ok,
1999-08-31,AUDGHS,Australian Dollar,Buying,197.3500,GH¢ per AUD,0.019735,GH¢ per AUD,ok,
1999-08-31,AUDGHS,Australian Dollar,Selling,"1,672.9700",GH¢ per AUD,0.167297,GH¢ per AUD,ok,
1999-08-31,AUDGHS,Australian Dollar,Mid Rate,935.1600,GH¢ per AUD,0.093516,GH¢ per AUD,ok,
1999-08-31,CADGHS,Canadian Dollar,Buying,"1,727.4400",GH¢ per CAD,0.172744,GH¢ per CAD,ok,
1999-08-31,CADGHS,Canadian Dollar,Selling,"1,755.6100",GH¢ per CAD,0.175561,GH¢ per CAD,ok,
1999-08-31,CADGHS,Canadian Dollar,Mid Rate,"1,741.5250",GH¢ per CAD,0.1741525,GH¢ per CAD,ok,
1999-08-31,CHFGHS,Swiss Franc,Buying,"1,696.7600",GH¢ per CHF,0.169676,GH¢ per CHF,ok,
1999-08-31,CHFGHS,Swiss Franc,Selling,"1,724.3800",GH¢ per CHF,0.172438,GH¢ per CHF,ok,
1999-08-31,CHFGHS,Swiss Franc,Mid Rate,"1,710.5700",GH¢ per CHF,0.171057,GH¢ per CHF,ok,
1999-08-31,DKKGHS,Danish Krone,Buying,365.2900,GH¢ per DKK,0.036529,GH¢ per DKK,ok,
1999-08-31,DKKGHS,Danish Krone,Selling,371.2800,GH¢ per DKK,0.037128,GH¢ per DKK,ok,
1999-08-31,DKKGHS,Danish Krone,Mid Rate,368.2850,GH¢ per DKK,0.0368285,GH¢ per DKK,ok,
1999-08-31,GBPGHS,Pound Sterling,Buying,"4,116.5000",GH¢ per GBP,0.41165,GH¢ per GBP,ok,
1999-08-31,GBPGHS,Pound Sterling,Selling,"4,187.6600",GH¢ per GBP,0.418766,GH¢ per GBP,ok,
1999-08-31,GBPGHS,Pound Sterling,Mid Rate,"4,152.0800",GH¢ per GBP,0.415208,GH¢ per GBP,ok,
1999-08-31,JPYGHS,Japanese yen,Buying,23.3900,GH¢ per JPY,0.002339,GH¢ per JPY,ok,
1999-08-31,JPYGHS,Japanese yen,Selling,23.7800,GH¢ per JPY,0.002378,GH¢ per JPY,ok,
1999-08-31,JPYGHS,Japanese yen,Mid Rate,23.5850,GH¢ per JPY,0.0023585,GH¢ per JPY,ok,
1999-08-31,NOKGHS,Norwegian Krone,Buying,326.7000,GH¢ per NOK,0.03267,GH¢ per NOK,ok,
1999-08-31,NOKGHS,Norwegian Krone,Selling,332.0300,GH¢ per NOK,0.033203,GH¢ per NOK,ok,
1999-08-31,NOKGHS,Norwegian Krone,Mid Rate,329.3650,GH¢ per NOK,0.0329365,GH¢ per NOK,ok,
1999-08-31,SEKGHS,Swedish Krona,Buying,311.3100,GH¢ per SEK,0.031131,GH¢ per SEK,ok,
1999-08-31,SEKGHS,Swedish Krona,Selling,316.2100,GH¢ per SEK,0.031621,GH¢ per SEK,ok,
1999-08-31,SEKGHS,Swedish Krona,Mid Rate,313.7600,GH¢ per SEK,0.031376,GH¢ per SEK,ok,
1999-09-01,USDGHS,US Dollar,Buying,"2,577.0900",GH¢ per USD,0.257709,GH¢ per USD,ok,
1999-09-01,USDGHS,US Dollar,Selling,"2,621.0000",GH¢ per USD,0.2621,GH¢ per USD,ok,
1999-09-01,USDGHS,US Dollar,Mid Rate,"2,599.0450",GH¢ per USD,0.2599045,GH¢ per USD,ok,
1999-09-01,AUDGHS,Australian Dollar,Buying,199.1900,GH¢ per AUD,0.019919,GH¢ per AUD,ok,
1999-09-01,AUDGHS,Australian Dollar,Selling,"1,674.6200",GH¢ per AUD,0.167462,GH¢ per AUD,ok,
1999-09-01,AUDGHS,Australian Dollar,Mid Rate,936.9050,GH¢ per AUD,0.0936905,GH¢ per AUD,ok,
1999-09-01,CADGHS,Canadian Dollar,Buying,"1,726.1000",GH¢ per CAD,0.17261,GH¢ per CAD,ok,
1999-09-01,CADGHS,Canadian Dollar,Selling,"1,754.5900",GH¢ per CAD,0.175459,GH¢ per CAD,ok,
1999-09-01,CADGHS,Canadian Dollar,Mid Rate,"1,740.3450",GH¢ per CAD,0.1740345,GH¢ per CAD,ok,
1999-09-01,CHFGHS,Swiss Franc,Buying,"1,713.6300",GH¢ per CHF,0.171363,GH¢ per CHF,ok,
1999-09-01,CHFGHS,Swiss Franc,Selling,"1,741.2800",GH¢ per CHF,0.174128,GH¢ per CHF,ok,
1999-09-01,CHFGHS,Swiss Franc,Mid Rate,"1,727.4550",GH¢ per CHF,0.1727455,GH¢ per CHF,ok,
1999-09-01,DKKGHS,Danish Krone,Buying,368.7100,GH¢ per DKK,0.036871,GH¢ per DKK,ok,
1999-09-01,DKKGHS,Danish Krone,Selling,374.7600,GH¢ per DKK,0.037476,GH¢ per DKK,ok,
1999-09-01,DKKGHS,Danish Krone,Mid Rate,371.7350,GH¢ per DKK,0.0371735,GH¢ per DKK,ok,
1999-09-01,GBPGHS,Pound Sterling,Buying,"4,149.8900",GH¢ per GBP,0.414989,GH¢ per GBP,ok,
1999-09-01,GBPGHS,Pound Sterling,Selling,"4,222.4300",GH¢ per GBP,0.422243,GH¢ per GBP,ok,
1999-09-01,GBPGHS,Pound Sterling,Mid Rate,"4,186.1600",GH¢ per GBP,0.418616,GH¢ per GBP,ok,
1999-09-01,JPYGHS,Japanese yen,Buying,23.6000,GH¢ per JPY,0.00236,GH¢ per JPY,ok,
1999-09-01,JPYGHS,Japanese yen,Selling,24.0000,GH¢ per JPY,0.0024,GH¢ per JPY,ok,
1999-09-01,JPYGHS,Japanese yen,Mid Rate,23.8000,GH¢ per JPY,0.00238,GH¢ per JPY,ok,
1999-09-01,NOKGHS,Norwegian Krone,Buying,331.3900,GH¢ per NOK,0.033139,GH¢ per NOK,ok,
1999-09-01,NOKGHS,Norwegian Krone,Selling,336.7600,GH¢ per NOK,0.033676,GH¢ per NOK,ok,
1999-09-01,NOKGHS,Norwegian Krone,Mid Rate,334.0750,GH¢ per NOK,0.0334075,GH¢ per NOK,ok,
1999-09-01,SEKGHS,Swedish Krona,Buying,314.9100,GH¢ per SEK,0.031491,GH¢ per SEK,ok,
1999-09-01,SEKGHS,Swedish Krona,Selling,319.8800,GH¢ per SEK,0.031988,GH¢ per SEK,ok,
1999-09-01,SEKGHS,Swedish Krona,Mid Rate,317.3950,GH¢ per SEK,0.0317395,GH¢ per SEK,ok,
1999-09-02,USDGHS,US Dollar,Buying,"2,579.8200",GH¢ per USD,0.257982,GH¢ per USD,ok,
1999-09-02,USDGHS,US Dollar,Selling,"2,623.7300",GH¢ per USD,0.262373,GH¢ per USD,ok,
1999-09-02,USDGHS,US Dollar,Mid Rate,"2,601.7750",GH¢ per USD,0.2601775,GH¢ per USD,ok,
1999-09-02,AUDGHS,Australian Dollar,Buying,198.7000,GH¢ per AUD,0.01987,GH¢ per AUD,ok,
1999-09-02,AUDGHS,Australian Dollar,Selling,"1,683.0700",GH¢ per AUD,0.168307,GH¢ per AUD,ok,
1999-09-02,AUDGHS,Australian Dollar,Mid Rate,940.8850,GH¢ per AUD,0.0940885,GH¢ per AUD,ok,
1999-09-02,CADGHS,Canadian Dollar,Buying,"1,735.2900",GH¢ per CAD,0.173529,GH¢ per CAD,ok,
1999-09-02,CADGHS,Canadian Dollar,Selling,"1,763.6400",GH¢ per CAD,0.176364,GH¢ per CAD,ok,
1999-09-02,CADGHS,Canadian Dollar,Mid Rate,"1,749.4650",GH¢ per CAD,0.1749465,GH¢ per CAD,ok,
1999-09-02,CHFGHS,Swiss Franc,Buying,"1,706.5000",GH¢ per CHF,0.17065,GH¢ per CHF,ok,
1999-09-02,CHFGHS,Swiss Franc,Selling,"1,734.9100",GH¢ per CHF,0.173491,GH¢ per CHF,ok,
1999-09-02,CHFGHS,Swiss Franc,Mid Rate,"1,720.7050",GH¢ per CHF,0.1720705,GH¢ per CHF,ok,
1999-09-02,DKKGHS,Danish Krone,Buying,364.7400,GH¢ per DKK,0.036474,GH¢ per DKK,ok,
1999-09-02,DKKGHS,Danish Krone,Selling,373.8300,GH¢ per DKK,0.037383,GH¢ per DKK,ok,
1999-09-02,DKKGHS,Danish Krone,Mid Rate,369.2850,GH¢ per DKK,0.0369285,GH¢ per DKK,ok,
1999-09-02,GBPGHS,Pound Sterling,Buying,"4,133.6500",GH¢ per GBP,0.413365,GH¢ per GBP,ok,
1999-09-02,GBPGHS,Pound Sterling,Selling,"4,206.6300",GH¢ per GBP,0.420663,GH¢ per GBP,ok,
1999-09-02,GBPGHS,Pound Sterling,Mid Rate,"4,170.1400",GH¢ per GBP,0.417014,GH¢ per GBP,ok,
1999-09-02,JPYGHS,Japanese yen,Buying,23.5800,GH¢ per JPY,0.002358,GH¢ per JPY,ok,
1999-09-02,JPYGHS,Japanese yen,Selling,23.9800,GH¢ per JPY,0.002398,GH¢ per JPY,ok,
1999-09-02,JPYGHS,Japanese yen,Mid Rate,23.7800,GH¢ per JPY,0.002378,GH¢ per JPY,ok,
1999-09-02,NOKGHS,Norwegian Krone,Buying,330.8100,GH¢ per NOK,0.033081,GH¢ per NOK,ok,
1999-09-02,NOKGHS,Norwegian Krone,Selling,336.2300,GH¢ per NOK,0.033623,GH¢ per NOK,ok,
1999-09-02,NOKGHS,Norwegian Krone,Mid Rate,333.5200,GH¢ per NOK,0.033352,GH¢ per NOK,ok,
1999-09-02,SEKGHS,Swedish Krona,Buying,315.1000,GH¢ per SEK,0.03151,GH¢ per SEK,ok,
1999-09-02,SEKGHS,Swedish Krona,Selling,320.1200,GH¢ per SEK,0.032012,GH¢ per SEK,ok,
1999-09-02,SEKGHS,Swedish Krona,Mid Rate,317.6100,GH¢ per SEK,0.031761,GH¢ per SEK,ok,
1999-09-03,USDGHS,US Dollar,Buying,"2,581.9100",GH¢ per USD,0.258191,GH¢ per USD,ok,
1999-09-03,USDGHS,US Dollar,Selling,"2,626.2700",GH¢ per USD,0.262627,GH¢ per USD,ok,
1999-09-03,USDGHS,US Dollar,Mid Rate,"2,604.0900",GH¢ per USD,0.260409,GH¢ per USD,ok,
1999-09-03,AUDGHS,Australian Dollar,Buying,200.5300,GH¢ per AUD,0.020053,GH¢ per AUD,ok,
1999-09-03,AUDGHS,Australian Dollar,Selling,"1,697.6600",GH¢ per AUD,0.169766,GH¢ per AUD,ok,
1999-09-03,AUDGHS,Australian Dollar,Mid Rate,949.0950,GH¢ per AUD,0.0949095,GH¢ per AUD,ok,
1999-09-03,CADGHS,Canadian Dollar,Buying,"1,725.8100",GH¢ per CAD,0.172581,GH¢ per CAD,ok,
1999-09-03,CADGHS,Canadian Dollar,Selling,"1,753.7500",GH¢ per CAD,0.175375,GH¢ per CAD,ok,
1999-09-03,CADGHS,Canadian Dollar,Mid Rate,"1,739.7800",GH¢ per CAD,0.173978,GH¢ per CAD,ok,
1999-09-03,CHFGHS,Swiss Franc,Buying,"1,728.0400",GH¢ per CHF,0.172804,GH¢ per CHF,ok,
1999-09-03,CHFGHS,Swiss Franc,Selling,"1,755.5000",GH¢ per CHF,0.17555,GH¢ per CHF,ok,
1999-09-03,CHFGHS,Swiss Franc,Mid Rate,"1,741.7700",GH¢ per CHF,0.174177,GH¢ per CHF,ok,
1999-09-03,DKKGHS,Danish Krone,Buying,370.9500,GH¢ per DKK,0.037095,GH¢ per DKK,ok,
1999-09-03,DKKGHS,Danish Krone,Selling,376.9900,GH¢ per DKK,0.037699,GH¢ per DKK,ok,
1999-09-03,DKKGHS,Danish Krone,Mid Rate,373.9700,GH¢ per DKK,0.037397,GH¢ per DKK,ok,
1999-09-03,GBPGHS,Pound Sterling,Buying,"4,153.5200",GH¢ per GBP,0.415352,GH¢ per GBP,ok,
1999-09-03,GBPGHS,Pound Sterling,Selling,"4,226.1900",GH¢ per GBP,0.422619,GH¢ per GBP,ok,
1999-09-03,GBPGHS,Pound Sterling,Mid Rate,"4,189.8550",GH¢ per GBP,0.4189855,GH¢ per GBP,ok,
1999-09-03,JPYGHS,Japanese yen,Buying,23.5400,GH¢ per JPY,0.002354,GH¢ per JPY,ok,
1999-09-03,JPYGHS,Japanese yen,Selling,23.9400,GH¢ per JPY,0.002394,GH¢ per JPY,ok,
1999-09-03,JPYGHS,Japanese yen,Mid Rate,23.7400,GH¢ per JPY,0.002374,GH¢ per JPY,ok,
1999-09-03,NOKGHS,Norwegian Krone,Buying,331.5400,GH¢ per NOK,0.033154,GH¢ per NOK,ok,
1999-09-03,NOKGHS,Norwegian Krone,Selling,336.9200,GH¢ per NOK,0.033692,GH¢ per NOK,ok,
1999-09-03,NOKGHS,Norwegian Krone,Mid Rate,334.2300,GH¢ per NOK,0.033423,GH¢ per NOK,ok,
1999-09-03,SEKGHS,Swedish Krona,Buying,316.2800,GH¢ per SEK,0.031628,GH¢ per SEK,ok,
1999-09-03,SEKGHS,Swedish Krona,Selling,321.2200,GH¢ per SEK,0.032122,GH¢ per SEK,ok,
1999-09-03,SEKGHS,Swedish Krona,Mid Rate,318.7500,GH¢ per SEK,0.031875,GH¢ per SEK,ok,
1999-09-06,USDGHS,US Dollar,Buying,"2,585.8200",GH¢ per USD,0.258582,GH¢ per USD,ok,
1999-09-06,USDGHS,US Dollar,Selling,"2,631.4500",GH¢ per USD,0.263145,GH¢ per USD,ok,
1999-09-06,USDGHS,US Dollar,Mid Rate,"2,608.6350",GH¢ per USD,0.2608635,GH¢ per USD,ok,
1999-09-06,AUDGHS,Australian Dollar,Buying,199.3400,GH¢ per AUD,0.019934,GH¢ per AUD,ok,
1999-09-06,AUDGHS,Australian Dollar,Selling,"1,695.7200",GH¢ per AUD,0.169572,GH¢ per AUD,ok,
1999-09-06,AUDGHS,Australian Dollar,Mid Rate,947.5300,GH¢ per AUD,0.094753,GH¢ per AUD,ok,
1999-09-06,CADGHS,Canadian Dollar,Buying,"1,735.1400",GH¢ per CAD,0.173514,GH¢ per CAD,ok,
1999-09-06,CADGHS,Canadian Dollar,Selling,"1,765.6800",GH¢ per CAD,0.176568,GH¢ per CAD,ok,
1999-09-06,CADGHS,Canadian Dollar,Mid Rate,"1,750.4100",GH¢ per CAD,0.175041,GH¢ per CAD,ok,
1999-09-06,CHFGHS,Swiss Franc,Buying,"1,715.8900",GH¢ per CHF,0.171589,GH¢ per CHF,ok,
1999-09-06,CHFGHS,Swiss Franc,Selling,"1,745.5200",GH¢ per CHF,0.174552,GH¢ per CHF,ok,
1999-09-06,CHFGHS,Swiss Franc,Mid Rate,"1,730.7050",GH¢ per CHF,0.1730705,GH¢ per CHF,ok,
1999-09-06,DKKGHS,Danish Krone,Buying,368.7800,GH¢ per DKK,0.036878,GH¢ per DKK,ok,
1999-09-06,DKKGHS,Danish Krone,Selling,375.3000,GH¢ per DKK,0.03753,GH¢ per DKK,ok,
1999-09-06,DKKGHS,Danish Krone,Mid Rate,372.0400,GH¢ per DKK,0.037204,GH¢ per DKK,ok,
1999-09-06,GBPGHS,Pound Sterling,Buying,"4,144.5500",GH¢ per GBP,0.414455,GH¢ per GBP,ok,
1999-09-06,GBPGHS,Pound Sterling,Selling,"4,220.3200",GH¢ per GBP,0.422032,GH¢ per GBP,ok,
1999-09-06,GBPGHS,Pound Sterling,Mid Rate,"4,182.4350",GH¢ per GBP,0.4182435,GH¢ per GBP,ok,
1999-09-06,JPYGHS,Japanese yen,Buying,23.5900,GH¢ per JPY,0.002359,GH¢ per JPY,ok,
1999-09-06,JPYGHS,Japanese yen,Selling,24.0100,GH¢ per JPY,0.002401,GH¢ per JPY,ok,
1999-09-06,JPYGHS,Japanese yen,Mid Rate,23.8000,GH¢ per JPY,0.00238,GH¢ per JPY,ok,
1999-09-06,NOKGHS,Norwegian Krone,Buying,330.8200,GH¢ per NOK,0.033082,GH¢ per NOK,ok,
1999-09-06,NOKGHS,Norwegian Krone,Selling,336.5000,GH¢ per NOK,0.03365,GH¢ per NOK,ok,
1999-09-06,NOKGHS,Norwegian Krone,Mid Rate,333.6600,GH¢ per NOK,0.033366,GH¢ per NOK,ok,
1999-09-06,SEKGHS,Swedish Krona,Buying,316.6600,GH¢ per SEK,0.031666,GH¢ per SEK,ok,
1999-09-06,SEKGHS,Swedish Krona,Selling,321.9500,GH¢ per SEK,0.032195,GH¢ per SEK,ok,
1999-09-06,SEKGHS,Swedish Krona,Mid Rate,319.3050,GH¢ per SEK,0.0319305,GH¢ per SEK,ok,
1999-09-07,USDGHS,US Dollar,Buying,"2,586.5500",GH¢ per USD,0.258655,GH¢ per USD,ok,
1999-09-07,USDGHS,US Dollar,Selling,"2,632.3600",GH¢ per USD,0.263236,GH¢ per USD,ok,
1999-09-07,USDGHS,US Dollar,Mid Rate,"2,609.4550",GH¢ per USD,0.2609455,GH¢ per USD,ok,
1999-09-07,AUDGHS,Australian Dollar,Buying,198.0900,GH¢ per AUD,0.019809,GH¢ per AUD,ok,
1999-09-07,AUDGHS,Australian Dollar,Selling,"1,697.7800",GH¢ per AUD,0.169778,GH¢ per AUD,ok,
1999-09-07,AUDGHS,Australian Dollar,Mid Rate,947.9350,GH¢ per AUD,0.0947935,GH¢ per AUD,ok,
1999-09-07,CADGHS,Canadian Dollar,Buying,"1,736.3700",GH¢ per CAD,0.173637,GH¢ per CAD,ok,
1999-09-07,CADGHS,Canadian Dollar,Selling,"1,766.8900",GH¢ per CAD,0.176689,GH¢ per CAD,ok,
1999-09-07,CADGHS,Canadian Dollar,Mid Rate,"1,751.6300",GH¢ per CAD,0.175163,GH¢ per CAD,ok,
1999-09-07,CHFGHS,Swiss Franc,Buying,"1,705.0500",GH¢ per CHF,0.170505,GH¢ per CHF,ok,
1999-09-07,CHFGHS,Swiss Franc,Selling,"1,734.9800",GH¢ per CHF,0.173498,GH¢ per CHF,ok,
1999-09-07,CHFGHS,Swiss Franc,Mid Rate,"1,720.0150",GH¢ per CHF,0.1720015,GH¢ per CHF,ok,
1999-09-07,DKKGHS,Danish Krone,Buying,366.5400,GH¢ per DKK,0.036654,GH¢ per DKK,ok,
1999-09-07,DKKGHS,Danish Krone,Selling,374.8900,GH¢ per DKK,0.037489,GH¢ per DKK,ok,
1999-09-07,DKKGHS,Danish Krone,Mid Rate,370.7150,GH¢ per DKK,0.0370715,GH¢ per DKK,ok,
1999-09-07,GBPGHS,Pound Sterling,Buying,"4,141.0700",GH¢ per GBP,0.414107,GH¢ per GBP,ok,
1999-09-07,GBPGHS,Pound Sterling,Selling,"4,217.0400",GH¢ per GBP,0.421704,GH¢ per GBP,ok,
1999-09-07,GBPGHS,Pound Sterling,Mid Rate,"4,179.0550",GH¢ per GBP,0.4179055,GH¢ per GBP,ok,
1999-09-07,JPYGHS,Japanese yen,Buying,23.3200,GH¢ per JPY,0.002332,GH¢ per JPY,ok,
1999-09-07,JPYGHS,Japanese yen,Selling,23.7400,GH¢ per JPY,0.002374,GH¢ per JPY,ok,
1999-09-07,JPYGHS,Japanese yen,Mid Rate,23.5300,GH¢ per JPY,0.002353,GH¢ per JPY,ok,
1999-09-07,NOKGHS,Norwegian Krone,Buying,329.3300,GH¢ per NOK,0.032933,GH¢ per NOK,ok,
1999-09-07,NOKGHS,Norwegian Krone,Selling,335.0100,GH¢ per NOK,0.033501,GH¢ per NOK,ok,
1999-09-07,NOKGHS,Norwegian Krone,Mid Rate,332.1700,GH¢ per NOK,0.033217,GH¢ per NOK,ok,
1999-09-07,SEKGHS,Swedish Krona,Buying,316.1200,GH¢ per SEK,0.031612,GH¢ per SEK,ok,
1999-09-07,SEKGHS,Swedish Krona,Selling,321.4400,GH¢ per SEK,0.032144,GH¢ per SEK,ok,
1999-09-07,SEKGHS,Swedish Krona,Mid Rate,318.7800,GH¢ per SEK,0.031878,GH¢ per SEK,ok,
1999-09-08,USDGHS,US Dollar,Buying,"2,594.0000",GH¢ per USD,0.2594,GH¢ per USD,ok,
1999-09-08,USDGHS,US Dollar,Selling,"2,639.4500",GH¢ per USD,0.263945,GH¢ per USD,ok,
1999-09-08,USDGHS,US Dollar,Mid Rate,"2,616.7250",GH¢ per USD,0.2616725,GH¢ per USD,ok,
1999-09-08,AUDGHS,Australian Dollar,Buying,200.4700,GH¢ per AUD,0.020047,GH¢ per AUD,ok,
1999-09-08,AUDGHS,Australian Dollar,Selling,"1,715.2100",GH¢ per AUD,0.171521,GH¢ per AUD,ok,
1999-09-08,AUDGHS,Australian Dollar,Mid Rate,957.8400,GH¢ per AUD,0.095784,GH¢ per AUD,ok,
1999-09-08,CADGHS,Canadian Dollar,Buying,"1,745.1700",GH¢ per CAD,0.174517,GH¢ per CAD,ok,
1999-09-08,CADGHS,Canadian Dollar,Selling,"1,774.4400",GH¢ per CAD,0.177444,GH¢ per CAD,ok,
1999-09-08,CADGHS,Canadian Dollar,Mid Rate,"1,759.8050",GH¢ per CAD,0.1759805,GH¢ per CAD,ok,
1999-09-08,CHFGHS,Swiss Franc,Buying,"1,724.6200",GH¢ per CHF,0.172462,GH¢ per CHF,ok,
1999-09-08,CHFGHS,Swiss Franc,Selling,"1,753.6400",GH¢ per CHF,0.175364,GH¢ per CHF,ok,
1999-09-08,CHFGHS,Swiss Franc,Mid Rate,"1,739.1300",GH¢ per CHF,0.173913,GH¢ per CHF,ok,
1999-09-08,DKKGHS,Danish Krone,Buying,370.8100,GH¢ per DKK,0.037081,GH¢ per DKK,ok,
1999-09-08,DKKGHS,Danish Krone,Selling,377.2300,GH¢ per DKK,0.037723,GH¢ per DKK,ok,
1999-09-08,DKKGHS,Danish Krone,Mid Rate,374.0200,GH¢ per DKK,0.037402,GH¢ per DKK,ok,
1999-09-08,GBPGHS,Pound Sterling,Buying,"4,174.2600",GH¢ per GBP,0.417426,GH¢ per GBP,ok,
1999-09-08,GBPGHS,Pound Sterling,Selling,"4,249.7800",GH¢ per GBP,0.424978,GH¢ per GBP,ok,
1999-09-08,GBPGHS,Pound Sterling,Mid Rate,"4,212.0200",GH¢ per GBP,0.421202,GH¢ per GBP,ok,
1999-09-08,JPYGHS,Japanese yen,Buying,23.3200,GH¢ per JPY,0.002332,GH¢ per JPY,ok,
1999-09-08,JPYGHS,Japanese yen,Selling,23.7400,GH¢ per JPY,0.002374,GH¢ per JPY,ok,
1999-09-08,JPYGHS,Japanese yen,Mid Rate,23.5300,GH¢ per JPY,0.002353,GH¢ per JPY,ok,
1999-09-08,NOKGHS,Norwegian Krone,Buying,335.1400,GH¢ per NOK,0.033514,GH¢ per NOK,ok,
1999-09-08,NOKGHS,Norwegian Krone,Selling,340.7700,GH¢ per NOK,0.034077,GH¢ per NOK,ok,
1999-09-08,NOKGHS,Norwegian Krone,Mid Rate,337.9550,GH¢ per NOK,0.0337955,GH¢ per NOK,ok,
1999-09-08,SEKGHS,Swedish Krona,Buying,319.9700,GH¢ per SEK,0.031997,GH¢ per SEK,ok,
1999-09-08,SEKGHS,Swedish Krona,Selling,325.1600,GH¢ per SEK,0.032516,GH¢ per SEK,ok,
1999-09-08,SEKGHS,Swedish Krona,Mid Rate,322.5650,GH¢ per SEK,0.0322565,GH¢ per SEK,ok,
1999-09-09,USDGHS,US Dollar,Buying,"2,600.0900",GH¢ per USD,0.260009,GH¢ per USD,ok,
1999-09-09,USDGHS,US Dollar,Selling,"2,648.7300",GH¢ per USD,0.264873,GH¢ per USD,ok,
1999-09-09,USDGHS,US Dollar,Mid Rate,"2,624.4100",GH¢ per USD,0.262441,GH¢ per USD,ok,
1999-09-09,AUDGHS,Australian Dollar,Buying,200.1700,GH¢ per AUD,0.020017,GH¢ per AUD,ok,
1999-09-09,AUDGHS,Australian Dollar,Selling,"1,724.1700",GH¢ per AUD,0.172417,GH¢ per AUD,ok,
1999-09-09,AUDGHS,Australian Dollar,Mid Rate,962.1700,GH¢ per AUD,0.096217,GH¢ per AUD,ok,
1999-09-09,CADGHS,Canadian Dollar,Buying,"1,747.8200",GH¢ per CAD,0.174782,GH¢ per CAD,ok,
1999-09-09,CADGHS,Canadian Dollar,Selling,"1,749.3700",GH¢ per CAD,0.174937,GH¢ per CAD,ok,
1999-09-09,CADGHS,Canadian Dollar,Mid Rate,"1,748.5950",GH¢ per CAD,0.1748595,GH¢ per CAD,ok,
1999-09-09,CHFGHS,Swiss Franc,Buying,"1,725.8100",GH¢ per CHF,0.172581,GH¢ per CHF,ok,
1999-09-09,CHFGHS,Swiss Franc,Selling,"1,756.4800",GH¢ per CHF,0.175648,GH¢ per CHF,ok,
1999-09-09,CHFGHS,Swiss Franc,Mid Rate,"1,741.1450",GH¢ per CHF,0.1741145,GH¢ per CHF,ok,
1999-09-09,DKKGHS,Danish Krone,Buying,371.3600,GH¢ per DKK,0.037136,GH¢ per DKK,ok,
1999-09-09,DKKGHS,Danish Krone,Selling,378.1700,GH¢ per DKK,0.037817,GH¢ per DKK,ok,
1999-09-09,DKKGHS,Danish Krone,Mid Rate,374.7650,GH¢ per DKK,0.0374765,GH¢ per DKK,ok,
1999-09-09,GBPGHS,Pound Sterling,Buying,"4,220.4700",GH¢ per GBP,0.422047,GH¢ per GBP,ok,
1999-09-09,GBPGHS,Pound Sterling,Selling,"4,300.7400",GH¢ per GBP,0.430074,GH¢ per GBP,ok,
1999-09-09,GBPGHS,Pound Sterling,Mid Rate,"4,260.6050",GH¢ per GBP,0.4260605,GH¢ per GBP,ok,
1999-09-09,JPYGHS,Japanese yen,Buying,23.9000,GH¢ per JPY,0.00239,GH¢ per JPY,ok,
1999-09-09,JPYGHS,Japanese yen,Selling,24.3400,GH¢ per JPY,0.002434,GH¢ per JPY,ok,
1999-09-09,JPYGHS,Japanese yen,Mid Rate,24.1200,GH¢ per JPY,0.002412,GH¢ per JPY,ok,
1999-09-09,NOKGHS,Norwegian Krone,Buying,335.8000,GH¢ per NOK,0.03358,GH¢ per NOK,ok,
1999-09-09,NOKGHS,Norwegian Krone,Selling,341.9900,GH¢ per NOK,0.034199,GH¢ per NOK,ok,
1999-09-09,NOKGHS,Norwegian Krone,Mid Rate,338.8950,GH¢ per NOK,0.0338895,GH¢ per NOK,ok,
1999-09-09,SEKGHS,Swedish Krona,Buying,320.0100,GH¢ per SEK,0.032001,GH¢ per SEK,ok,
1999-09-09,SEKGHS,Swedish Krona,Selling,325.6000,GH¢ per SEK,0.03256,GH¢ per SEK,ok,
1999-09-09,SEKGHS,Swedish Krona,Mid Rate,322.8050,GH¢ per SEK,0.0322805,GH¢ per SEK,ok,
1999-09-10,USDGHS,US Dollar,Buying,"2,603.0900",GH¢ per USD,0.260309,GH¢ per USD,ok,
1999-09-10,USDGHS,US Dollar,Selling,"2,653.6400",GH¢ per USD,0.265364,GH¢ per USD,ok,
1999-09-10,USDGHS,US Dollar,Mid Rate,"2,628.3650",GH¢ per USD,0.2628365,GH¢ per USD,ok,
1999-09-10,AUDGHS,Australian Dollar,Buying,199.1100,GH¢ per AUD,0.019911,GH¢ per AUD,ok,
1999-09-10,AUDGHS,Australian Dollar,Selling,"1,730.7000",GH¢ per AUD,0.17307,GH¢ per AUD,ok,
1999-09-10,AUDGHS,Australian Dollar,Mid Rate,964.9050,GH¢ per AUD,0.0964905,GH¢ per AUD,ok,
1999-09-10,CADGHS,Canadian Dollar,Buying,"1,762.3600",GH¢ per CAD,0.176236,GH¢ per CAD,ok,
1999-09-10,CADGHS,Canadian Dollar,Selling,"1,795.2600",GH¢ per CAD,0.179526,GH¢ per CAD,ok,
1999-09-10,CADGHS,Canadian Dollar,Mid Rate,"1,778.8100",GH¢ per CAD,0.177881,GH¢ per CAD,ok,
1999-09-10,CHFGHS,Swiss Franc,Buying,"1,711.1000",GH¢ per CHF,0.17111,GH¢ per CHF,ok,
1999-09-10,CHFGHS,Swiss Franc,Selling,"1,743.6800",GH¢ per CHF,0.174368,GH¢ per CHF,ok,
1999-09-10,CHFGHS,Swiss Franc,Mid Rate,"1,727.3900",GH¢ per CHF,0.172739,GH¢ per CHF,ok,
1999-09-10,DKKGHS,Danish Krone,Buying,368.5500,GH¢ per DKK,0.036855,GH¢ per DKK,ok,
1999-09-10,DKKGHS,Danish Krone,Selling,375.4700,GH¢ per DKK,0.037547,GH¢ per DKK,ok,
1999-09-10,DKKGHS,Danish Krone,Mid Rate,372.0100,GH¢ per DKK,0.037201,GH¢ per DKK,ok,
1999-09-10,GBPGHS,Pound Sterling,Buying,"4,242.0000",GH¢ per GBP,0.4242,GH¢ per GBP,ok,
1999-09-10,GBPGHS,Pound Sterling,Selling,"4,326.7600",GH¢ per GBP,0.432676,GH¢ per GBP,ok,
1999-09-10,GBPGHS,Pound Sterling,Mid Rate,"4,284.3800",GH¢ per GBP,0.428438,GH¢ per GBP,ok,
1999-09-10,JPYGHS,Japanese yen,Buying,23.8800,GH¢ per JPY,0.002388,GH¢ per JPY,ok,
1999-09-10,JPYGHS,Japanese yen,Selling,24.3400,GH¢ per JPY,0.002434,GH¢ per JPY,ok,
1999-09-10,JPYGHS,Japanese yen,Mid Rate,24.1100,GH¢ per JPY,0.002411,GH¢ per JPY,ok,
1999-09-10,NOKGHS,Norwegian Krone,Buying,333.9300,GH¢ per NOK,0.033393,GH¢ per NOK,ok,
1999-09-10,NOKGHS,Norwegian Krone,Selling,340.1700,GH¢ per NOK,0.034017,GH¢ per NOK,ok,
1999-09-10,NOKGHS,Norwegian Krone,Mid Rate,337.0500,GH¢ per NOK,0.033705,GH¢ per NOK,ok,
1999-09-10,SEKGHS,Swedish Krona,Buying,318.5600,GH¢ per SEK,0.031856,GH¢ per SEK,ok,
1999-09-10,SEKGHS,Swedish Krona,Selling,324.3300,GH¢ per SEK,0.032433,GH¢ per SEK,ok,
1999-09-10,SEKGHS,Swedish Krona,Mid Rate,321.4450,GH¢ per SEK,0.0321445,GH¢ per SEK,ok,
1999-09-13,USDGHS,US Dollar,Buying,"2,606.2700",GH¢ per USD,0.260627,GH¢ per USD,ok,
1999-09-13,USDGHS,US Dollar,Selling,"2,655.0000",GH¢ per USD,0.2655,GH¢ per USD,ok,
1999-09-13,USDGHS,US Dollar,Mid Rate,"2,630.6350",GH¢ per USD,0.2630635,GH¢ per USD,ok,
1999-09-13,AUDGHS,Australian Dollar,Buying,196.3400,GH¢ per AUD,0.019634,GH¢ per AUD,ok,
1999-09-13,AUDGHS,Australian Dollar,Selling,"1,743.0100",GH¢ per AUD,0.174301,GH¢ per AUD,ok,
1999-09-13,AUDGHS,Australian Dollar,Mid Rate,969.6750,GH¢ per AUD,0.0969675,GH¢ per AUD,ok,
1999-09-13,CADGHS,Canadian Dollar,Buying,"1,768.5400",GH¢ per CAD,0.176854,GH¢ per CAD,ok,
1999-09-13,CADGHS,Canadian Dollar,Selling,"1,800.4300",GH¢ per CAD,0.180043,GH¢ per CAD,ok,
1999-09-13,CADGHS,Canadian Dollar,Mid Rate,"1,784.4850",GH¢ per CAD,0.1784485,GH¢ per CAD,ok,
1999-09-13,CHFGHS,Swiss Franc,Buying,"1,681.6000",GH¢ per CHF,0.16816,GH¢ per CHF,ok,
1999-09-13,CHFGHS,Swiss Franc,Selling,"1,712.1300",GH¢ per CHF,0.171213,GH¢ per CHF,ok,
1999-09-13,CHFGHS,Swiss Franc,Mid Rate,"1,696.8650",GH¢ per CHF,0.1696865,GH¢ per CHF,ok,
1999-09-13,DKKGHS,Danish Krone,Buying,363.6800,GH¢ per DKK,0.036368,GH¢ per DKK,ok,
1999-09-13,DKKGHS,Danish Krone,Selling,369.8500,GH¢ per DKK,0.036985,GH¢ per DKK,ok,
1999-09-13,DKKGHS,Danish Krone,Mid Rate,366.7650,GH¢ per DKK,0.0366765,GH¢ per DKK,ok,
1999-09-13,GBPGHS,Pound Sterling,Buying,"4,214.0800",GH¢ per GBP,0.421408,GH¢ per GBP,ok,
1999-09-13,GBPGHS,Pound Sterling,Selling,"4,294.2000",GH¢ per GBP,0.42942,GH¢ per GBP,ok,
1999-09-13,GBPGHS,Pound Sterling,Mid Rate,"4,254.1400",GH¢ per GBP,0.425414,GH¢ per GBP,ok,
1999-09-13,JPYGHS,Japanese yen,Buying,24.1700,GH¢ per JPY,0.002417,GH¢ per JPY,ok,
1999-09-13,JPYGHS,Japanese yen,Selling,24.6100,GH¢ per JPY,0.002461,GH¢ per JPY,ok,
1999-09-13,JPYGHS,Japanese yen,Mid Rate,24.3900,GH¢ per JPY,0.002439,GH¢ per JPY,ok,
1999-09-13,NOKGHS,Norwegian Krone,Buying,330.7200,GH¢ per NOK,0.033072,GH¢ per NOK,ok,
1999-09-13,NOKGHS,Norwegian Krone,Selling,336.5900,GH¢ per NOK,0.033659,GH¢ per NOK,ok,
1999-09-13,NOKGHS,Norwegian Krone,Mid Rate,333.6550,GH¢ per NOK,0.0333655,GH¢ per NOK,ok,
1999-09-13,SEKGHS,Swedish Krona,Buying,314.8600,GH¢ per SEK,0.031486,GH¢ per SEK,ok,
1999-09-13,SEKGHS,Swedish Krona,Selling,320.2600,GH¢ per SEK,0.032026,GH¢ per SEK,ok,
1999-09-13,SEKGHS,Swedish Krona,Mid Rate,317.5600,GH¢ per SEK,0.031756,GH¢ per SEK,ok,
1999-09-14,USDGHS,US Dollar,Buying,"2,608.6400",GH¢ per USD,0.260864,GH¢ per USD,ok,
1999-09-14,USDGHS,US Dollar,Selling,"2,657.0900",GH¢ per USD,0.265709,GH¢ per USD,ok,
1999-09-14,USDGHS,US Dollar,Mid Rate,"2,632.8650",GH¢ per USD,0.2632865,GH¢ per USD,ok,
1999-09-14,AUDGHS,Australian Dollar,Buying,196.0500,GH¢ per AUD,0.019605,GH¢ per AUD,ok,
1999-09-14,AUDGHS,Australian Dollar,Selling,"1,741.8400",GH¢ per AUD,0.174184,GH¢ per AUD,ok,
1999-09-14,AUDGHS,Australian Dollar,Mid Rate,968.9450,GH¢ per AUD,0.0968945,GH¢ per AUD,ok,
1999-09-14,CADGHS,Canadian Dollar,Buying,"1,773.4400",GH¢ per CAD,0.177344,GH¢ per CAD,ok,
1999-09-14,CADGHS,Canadian Dollar,Selling,"1,805.2600",GH¢ per CAD,0.180526,GH¢ per CAD,ok,
1999-09-14,CADGHS,Canadian Dollar,Mid Rate,"1,789.3500",GH¢ per CAD,0.178935,GH¢ per CAD,ok,
1999-09-14,CHFGHS,Swiss Franc,Buying,"1,681.4800",GH¢ per CHF,0.168148,GH¢ per CHF,ok,
1999-09-14,CHFGHS,Swiss Franc,Selling,"1,711.0400",GH¢ per CHF,0.171104,GH¢ per CHF,ok,
1999-09-14,CHFGHS,Swiss Franc,Mid Rate,"1,696.2600",GH¢ per CHF,0.169626,GH¢ per CHF,ok,
1999-09-14,DKKGHS,Danish Krone,Buying,363.4100,GH¢ per DKK,0.036341,GH¢ per DKK,ok,
1999-09-14,DKKGHS,Danish Krone,Selling,369.8900,GH¢ per DKK,0.036989,GH¢ per DKK,ok,
1999-09-14,DKKGHS,Danish Krone,Mid Rate,366.6500,GH¢ per DKK,0.036665,GH¢ per DKK,ok,
1999-09-14,GBPGHS,Pound Sterling,Buying,"4,179.8200",GH¢ per GBP,0.417982,GH¢ per GBP,ok,
1999-09-14,GBPGHS,Pound Sterling,Selling,"4,258.7800",GH¢ per GBP,0.425878,GH¢ per GBP,ok,
1999-09-14,GBPGHS,Pound Sterling,Mid Rate,"4,219.3000",GH¢ per GBP,0.42193,GH¢ per GBP,ok,
1999-09-14,JPYGHS,Japanese yen,Buying,24.5000,GH¢ per JPY,0.00245,GH¢ per JPY,ok,
1999-09-14,JPYGHS,Japanese yen,Selling,24.9400,GH¢ per JPY,0.002494,GH¢ per JPY,ok,
1999-09-14,JPYGHS,Japanese yen,Mid Rate,24.7200,GH¢ per JPY,0.002472,GH¢ per JPY,ok,
1999-09-14,NOKGHS,Norwegian Krone,Buying,329.5800,GH¢ per NOK,0.032958,GH¢ per NOK,ok,
1999-09-14,NOKGHS,Norwegian Krone,Selling,335.4900,GH¢ per NOK,0.033549,GH¢ per NOK,ok,
1999-09-14,NOKGHS,Norwegian Krone,Mid Rate,332.5350,GH¢ per NOK,0.0332535,GH¢ per NOK,ok,
1999-09-14,SEKGHS,Swedish Krona,Buying,314.5200,GH¢ per SEK,0.031452,GH¢ per SEK,ok,
1999-09-14,SEKGHS,Swedish Krona,Selling,319.9800,GH¢ per SEK,0.031998,GH¢ per SEK,ok,
1999-09-14,SEKGHS,Swedish Krona,Mid Rate,317.2500,GH¢ per SEK,0.031725,GH¢ per SEK,ok,
1999-09-15,USDGHS,US Dollar,Buying,"2,611.8200",GH¢ per USD,0.261182,GH¢ per USD,ok,
1999-09-15,USDGHS,US Dollar,Selling,"2,661.5500",GH¢ per USD,0.266155,GH¢ per USD,ok,
1999-09-15,USDGHS,US Dollar,Mid Rate,"2,636.6850",GH¢ per USD,0.2636685,GH¢ per USD,ok,
1999-09-15,AUDGHS,Australian Dollar,Buying,196.3100,GH¢ per AUD,0.019631,GH¢ per AUD,ok,
1999-09-15,AUDGHS,Australian Dollar,Selling,"1,734.8000",GH¢ per AUD,0.17348,GH¢ per AUD,ok,
1999-09-15,AUDGHS,Australian Dollar,Mid Rate,965.5550,GH¢ per AUD,0.0965555,GH¢ per AUD,ok,
1999-09-15,CADGHS,Canadian Dollar,Buying,"1,771.7300",GH¢ per CAD,0.177173,GH¢ per CAD,ok,
1999-09-15,CADGHS,Canadian Dollar,Selling,"1,804.2200",GH¢ per CAD,0.180422,GH¢ per CAD,ok,
1999-09-15,CADGHS,Canadian Dollar,Mid Rate,"1,787.9750",GH¢ per CAD,0.1787975,GH¢ per CAD,ok,
1999-09-15,CHFGHS,Swiss Franc,Buying,"1,685.7800",GH¢ per CHF,0.168578,GH¢ per CHF,ok,
1999-09-15,CHFGHS,Swiss Franc,Selling,"1,717.3800",GH¢ per CHF,0.171738,GH¢ per CHF,ok,
1999-09-15,CHFGHS,Swiss Franc,Mid Rate,"1,701.5800",GH¢ per CHF,0.170158,GH¢ per CHF,ok,
1999-09-15,DKKGHS,Danish Krone,Buying,363.3900,GH¢ per DKK,0.036339,GH¢ per DKK,ok,
1999-09-15,DKKGHS,Danish Krone,Selling,370.2100,GH¢ per DKK,0.037021,GH¢ per DKK,ok,
1999-09-15,DKKGHS,Danish Krone,Mid Rate,366.8000,GH¢ per DKK,0.03668,GH¢ per DKK,ok,
1999-09-15,GBPGHS,Pound Sterling,Buying,"4,195.6300",GH¢ per GBP,0.419563,GH¢ per GBP,ok,
1999-09-15,GBPGHS,Pound Sterling,Selling,"4,278.1800",GH¢ per GBP,0.427818,GH¢ per GBP,ok,
1999-09-15,GBPGHS,Pound Sterling,Mid Rate,"4,236.9050",GH¢ per GBP,0.4236905,GH¢ per GBP,ok,
1999-09-15,JPYGHS,Japanese yen,Buying,25.0700,GH¢ per JPY,0.002507,GH¢ per JPY,ok,
1999-09-15,JPYGHS,Japanese yen,Selling,25.5500,GH¢ per JPY,0.002555,GH¢ per JPY,ok,
1999-09-15,JPYGHS,Japanese yen,Mid Rate,25.3100,GH¢ per JPY,0.002531,GH¢ per JPY,ok,
1999-09-15,NOKGHS,Norwegian Krone,Buying,329.5300,GH¢ per NOK,0.032953,GH¢ per NOK,ok,
1999-09-15,NOKGHS,Norwegian Krone,Selling,335.5900,GH¢ per NOK,0.033559,GH¢ per NOK,ok,
1999-09-15,NOKGHS,Norwegian Krone,Mid Rate,332.5600,GH¢ per NOK,0.033256,GH¢ per NOK,ok,
1999-09-15,SEKGHS,Swedish Krona,Buying,313.4500,GH¢ per SEK,0.031345,GH¢ per SEK,ok,
1999-09-15,SEKGHS,Swedish Krona,Selling,319.0700,GH¢ per SEK,0.031907,GH¢ per SEK,ok,
1999-09-15,SEKGHS,Swedish Krona,Mid Rate,316.2600,GH¢ per SEK,0.031626,GH¢ per SEK,ok,
1999-09-16,USDGHS,US Dollar,Buying,"2,613.7300",GH¢ per USD,0.261373,GH¢ per USD,ok,
1999-09-16,USDGHS,US Dollar,Selling,"2,663.2700",GH¢ per USD,0.266327,GH¢ per USD,ok,
1999-09-16,USDGHS,US Dollar,Mid Rate,"2,638.5000",GH¢ per USD,0.26385,GH¢ per USD,ok,
1999-09-16,AUDGHS,Australian Dollar,Buying,198.7500,GH¢ per AUD,0.019875,GH¢ per AUD,ok,
1999-09-16,AUDGHS,Australian Dollar,Selling,"1,725.7100",GH¢ per AUD,0.172571,GH¢ per AUD,ok,
1999-09-16,AUDGHS,Australian Dollar,Mid Rate,962.2300,GH¢ per AUD,0.096223,GH¢ per AUD,ok,
1999-09-16,CADGHS,Canadian Dollar,Buying,"1,767.8100",GH¢ per CAD,0.176781,GH¢ per CAD,ok,
1999-09-16,CADGHS,Canadian Dollar,Selling,"1,801.0700",GH¢ per CAD,0.180107,GH¢ per CAD,ok,
1999-09-16,CADGHS,Canadian Dollar,Mid Rate,"1,784.4400",GH¢ per CAD,0.178444,GH¢ per CAD,ok,
1999-09-16,CHFGHS,Swiss Franc,Buying,"1,707.9500",GH¢ per CHF,0.170795,GH¢ per CHF,ok,
1999-09-16,CHFGHS,Swiss Franc,Selling,"1,740.1400",GH¢ per CHF,0.174014,GH¢ per CHF,ok,
1999-09-16,CHFGHS,Swiss Franc,Mid Rate,"1,724.0450",GH¢ per CHF,0.1724045,GH¢ per CHF,ok,
1999-09-16,DKKGHS,Danish Krone,Buying,367.8900,GH¢ per DKK,0.036789,GH¢ per DKK,ok,
1999-09-16,DKKGHS,Danish Krone,Selling,374.7800,GH¢ per DKK,0.037478,GH¢ per DKK,ok,
1999-09-16,DKKGHS,Danish Krone,Mid Rate,371.3350,GH¢ per DKK,0.0371335,GH¢ per DKK,ok,
1999-09-16,GBPGHS,Pound Sterling,Buying,"4,227.1900",GH¢ per GBP,0.422719,GH¢ per GBP,ok,
1999-09-16,GBPGHS,Pound Sterling,Selling,"4,309.9700",GH¢ per GBP,0.430997,GH¢ per GBP,ok,
1999-09-16,GBPGHS,Pound Sterling,Mid Rate,"4,268.5800",GH¢ per GBP,0.426858,GH¢ per GBP,ok,
1999-09-16,JPYGHS,Japanese yen,Buying,24.9000,GH¢ per JPY,0.00249,GH¢ per JPY,ok,
1999-09-16,JPYGHS,Japanese yen,Selling,25.3700,GH¢ per JPY,0.002537,GH¢ per JPY,ok,
1999-09-16,JPYGHS,Japanese yen,Mid Rate,25.1350,GH¢ per JPY,0.0025135,GH¢ per JPY,ok,
1999-09-16,NOKGHS,Norwegian Krone,Buying,332.6000,GH¢ per NOK,0.03326,GH¢ per NOK,ok,
1999-09-16,NOKGHS,Norwegian Krone,Selling,338.8600,GH¢ per NOK,0.033886,GH¢ per NOK,ok,
1999-09-16,NOKGHS,Norwegian Krone,Mid Rate,335.7300,GH¢ per NOK,0.033573,GH¢ per NOK,ok,
1999-09-16,SEKGHS,Swedish Krona,Buying,316.9100,GH¢ per SEK,0.031691,GH¢ per SEK,ok,
1999-09-16,SEKGHS,Swedish Krona,Selling,322.5900,GH¢ per SEK,0.032259,GH¢ per SEK,ok,
1999-09-16,SEKGHS,Swedish Krona,Mid Rate,319.7500,GH¢ per SEK,0.031975,GH¢ per SEK,ok,
1999-09-17,USDGHS,US Dollar,Buying,"2,615.0000",GH¢ per USD,0.2615,GH¢ per USD,ok,
1999-09-17,USDGHS,US Dollar,Selling,"2,665.3600",GH¢ per USD,0.266536,GH¢ per USD,ok,
1999-09-17,USDGHS,US Dollar,Mid Rate,"2,640.1800",GH¢ per USD,0.264018,GH¢ per USD,ok,
1999-09-17,AUDGHS,Australian Dollar,Buying,197.1300,GH¢ per AUD,0.019713,GH¢ per AUD,ok,
1999-09-17,AUDGHS,Australian Dollar,Selling,"1,735.1600",GH¢ per AUD,0.173516,GH¢ per AUD,ok,
1999-09-17,AUDGHS,Australian Dollar,Mid Rate,966.1450,GH¢ per AUD,0.0966145,GH¢ per AUD,ok,
1999-09-17,CADGHS,Canadian Dollar,Buying,"1,775.8100",GH¢ per CAD,0.177581,GH¢ per CAD,ok,
1999-09-17,CADGHS,Canadian Dollar,Selling,"1,809.4200",GH¢ per CAD,0.180942,GH¢ per CAD,ok,
1999-09-17,CADGHS,Canadian Dollar,Mid Rate,"1,792.6150",GH¢ per CAD,0.1792615,GH¢ per CAD,ok,
1999-09-17,CHFGHS,Swiss Franc,Buying,"1,693.1100",GH¢ per CHF,0.169311,GH¢ per CHF,ok,
1999-09-17,CHFGHS,Swiss Franc,Selling,"1,725.1400",GH¢ per CHF,0.172514,GH¢ per CHF,ok,
1999-09-17,CHFGHS,Swiss Franc,Mid Rate,"1,709.1250",GH¢ per CHF,0.1709125,GH¢ per CHF,ok,
1999-09-17,DKKGHS,Danish Krone,Buying,365.1500,GH¢ per DKK,0.036515,GH¢ per DKK,ok,
1999-09-17,DKKGHS,Danish Krone,Selling,371.9700,GH¢ per DKK,0.037197,GH¢ per DKK,ok,
1999-09-17,DKKGHS,Danish Krone,Mid Rate,368.5600,GH¢ per DKK,0.036856,GH¢ per DKK,ok,
1999-09-17,GBPGHS,Pound Sterling,Buying,"4,228.1900",GH¢ per GBP,0.422819,GH¢ per GBP,ok,
1999-09-17,GBPGHS,Pound Sterling,Selling,"4,310.9500",GH¢ per GBP,0.431095,GH¢ per GBP,ok,
1999-09-17,GBPGHS,Pound Sterling,Mid Rate,"4,269.5700",GH¢ per GBP,0.426957,GH¢ per GBP,ok,
1999-09-17,JPYGHS,Japanese yen,Buying,24.5500,GH¢ per JPY,0.002455,GH¢ per JPY,ok,
1999-09-17,JPYGHS,Japanese yen,Selling,25.0200,GH¢ per JPY,0.002502,GH¢ per JPY,ok,
1999-09-17,JPYGHS,Japanese yen,Mid Rate,24.7850,GH¢ per JPY,0.0024785,GH¢ per JPY,ok,
1999-09-17,NOKGHS,Norwegian Krone,Buying,329.5300,GH¢ per NOK,0.032953,GH¢ per NOK,ok,
1999-09-17,NOKGHS,Norwegian Krone,Selling,335.6700,GH¢ per NOK,0.033567,GH¢ per NOK,ok,
1999-09-17,NOKGHS,Norwegian Krone,Mid Rate,332.6000,GH¢ per NOK,0.03326,GH¢ per NOK,ok,
1999-09-17,SEKGHS,Swedish Krona,Buying,314.2100,GH¢ per SEK,0.031421,GH¢ per SEK,ok,
1999-09-17,SEKGHS,Swedish Krona,Selling,319.8700,GH¢ per SEK,0.031987,GH¢ per SEK,ok,
1999-09-17,SEKGHS,Swedish Krona,Mid Rate,317.0400,GH¢ per SEK,0.031704,GH¢ per SEK,ok,
1999-09-20,USDGHS,US Dollar,Buying,"2,615.2700",GH¢ per USD,0.261527,GH¢ per USD,ok,
1999-09-20,USDGHS,US Dollar,Selling,"2,665.7300",GH¢ per USD,0.266573,GH¢ per USD,ok,
1999-09-20,USDGHS,US Dollar,Mid Rate,"2,640.5000",GH¢ per USD,0.26405,GH¢ per USD,ok,
1999-09-20,AUDGHS,Australian Dollar,Buying,198.3000,GH¢ per AUD,0.01983,GH¢ per AUD,ok,
1999-09-20,AUDGHS,Australian Dollar,Selling,"1,722.8300",GH¢ per AUD,0.172283,GH¢ per AUD,ok,
1999-09-20,AUDGHS,Australian Dollar,Mid Rate,960.5650,GH¢ per AUD,0.0960565,GH¢ per AUD,ok,
1999-09-20,CADGHS,Canadian Dollar,Buying,"1,775.5000",GH¢ per CAD,0.17755,GH¢ per CAD,ok,
1999-09-20,CADGHS,Canadian Dollar,Selling,"1,809.6600",GH¢ per CAD,0.180966,GH¢ per CAD,ok,
1999-09-20,CADGHS,Canadian Dollar,Mid Rate,"1,792.5800",GH¢ per CAD,0.179258,GH¢ per CAD,ok,
1999-09-20,CHFGHS,Swiss Franc,Buying,"1,700.7000",GH¢ per CHF,0.17007,GH¢ per CHF,ok,
1999-09-20,CHFGHS,Swiss Franc,Selling,"1,733.1900",GH¢ per CHF,0.173319,GH¢ per CHF,ok,
1999-09-20,CHFGHS,Swiss Franc,Mid Rate,"1,716.9450",GH¢ per CHF,0.1716945,GH¢ per CHF,ok,
1999-09-20,DKKGHS,Danish Krone,Buying,367.2200,GH¢ per DKK,0.036722,GH¢ per DKK,ok,
1999-09-20,DKKGHS,Danish Krone,Selling,374.3100,GH¢ per DKK,0.037431,GH¢ per DKK,ok,
1999-09-20,DKKGHS,Danish Krone,Mid Rate,370.7650,GH¢ per DKK,0.0370765,GH¢ per DKK,ok,
1999-09-20,GBPGHS,Pound Sterling,Buying,"4,238.8300",GH¢ per GBP,0.423883,GH¢ per GBP,ok,
1999-09-20,GBPGHS,Pound Sterling,Selling,"4,323.2800",GH¢ per GBP,0.432328,GH¢ per GBP,ok,
1999-09-20,GBPGHS,Pound Sterling,Mid Rate,"4,281.0550",GH¢ per GBP,0.4281055,GH¢ per GBP,ok,
1999-09-20,JPYGHS,Japanese yen,Buying,24.2800,GH¢ per JPY,0.002428,GH¢ per JPY,ok,
1999-09-20,JPYGHS,Japanese yen,Selling,24.7400,GH¢ per JPY,0.002474,GH¢ per JPY,ok,
1999-09-20,JPYGHS,Japanese yen,Mid Rate,24.5100,GH¢ per JPY,0.002451,GH¢ per JPY,ok,
1999-09-20,NOKGHS,Norwegian Krone,Buying,332.5200,GH¢ per NOK,0.033252,GH¢ per NOK,ok,
1999-09-20,NOKGHS,Norwegian Krone,Selling,338.8300,GH¢ per NOK,0.033883,GH¢ per NOK,ok,
1999-09-20,NOKGHS,Norwegian Krone,Mid Rate,335.6750,GH¢ per NOK,0.0335675,GH¢ per NOK,ok,
1999-09-20,SEKGHS,Swedish Krona,Buying,316.8100,GH¢ per SEK,0.031681,GH¢ per SEK,ok,
1999-09-20,SEKGHS,Swedish Krona,Selling,322.6300,GH¢ per SEK,0.032263,GH¢ per SEK,ok,
1999-09-20,SEKGHS,Swedish Krona,Mid Rate,319.7200,GH¢ per SEK,0.031972,GH¢ per SEK,ok,
1999-09-21,USDGHS,US Dollar,Buying,"2,615.7300",GH¢ per USD,0.261573,GH¢ per USD,ok,
1999-09-21,USDGHS,US Dollar,Selling,"2,666.2700",GH¢ per USD,0.266627,GH¢ per USD,ok,
1999-09-21,USDGHS,US Dollar,Mid Rate,"2,641.0000",GH¢ per USD,0.2641,GH¢ per USD,ok,
1999-09-21,AUDGHS,Australian Dollar,Buying,198.2700,GH¢ per AUD,0.019827,GH¢ per AUD,ok,
1999-09-21,AUDGHS,Australian Dollar,Selling,"1,725.4200",GH¢ per AUD,0.172542,GH¢ per AUD,ok,
1999-09-21,AUDGHS,Australian Dollar,Mid Rate,961.8450,GH¢ per AUD,0.0961845,GH¢ per AUD,ok,
1999-09-21,CADGHS,Canadian Dollar,Buying,"1,775.8400",GH¢ per CAD,0.177584,GH¢ per CAD,ok,
1999-09-21,CADGHS,Canadian Dollar,Selling,"1,809.5800",GH¢ per CAD,0.180958,GH¢ per CAD,ok,
1999-09-21,CADGHS,Canadian Dollar,Mid Rate,"1,792.7100",GH¢ per CAD,0.179271,GH¢ per CAD,ok,
1999-09-21,CHFGHS,Swiss Franc,Buying,"1,698.9500",GH¢ per CHF,0.169895,GH¢ per CHF,ok,
1999-09-21,CHFGHS,Swiss Franc,Selling,"1,731.2000",GH¢ per CHF,0.17312,GH¢ per CHF,ok,
1999-09-21,CHFGHS,Swiss Franc,Mid Rate,"1,715.0750",GH¢ per CHF,0.1715075,GH¢ per CHF,ok,
1999-09-21,DKKGHS,Danish Krone,Buying,367.0900,GH¢ per DKK,0.036709,GH¢ per DKK,ok,
1999-09-21,DKKGHS,Danish Krone,Selling,373.5800,GH¢ per DKK,0.037358,GH¢ per DKK,ok,
1999-09-21,DKKGHS,Danish Krone,Mid Rate,370.3350,GH¢ per DKK,0.0370335,GH¢ per DKK,ok,
1999-09-21,GBPGHS,Pound Sterling,Buying,"4,245.3300",GH¢ per GBP,0.424533,GH¢ per GBP,ok,
1999-09-21,GBPGHS,Pound Sterling,Selling,"4,328.6900",GH¢ per GBP,0.432869,GH¢ per GBP,ok,
1999-09-21,GBPGHS,Pound Sterling,Mid Rate,"4,287.0100",GH¢ per GBP,0.428701,GH¢ per GBP,ok,
1999-09-21,JPYGHS,Japanese yen,Buying,24.9800,GH¢ per JPY,0.002498,GH¢ per JPY,warn,FX2_spread
1999-09-21,JPYGHS,Japanese yen,Selling,24.4500,GH¢ per JPY,0.002445,GH¢ per JPY,warn,FX2_spread
1999-09-21,JPYGHS,Japanese yen,Mid Rate,24.7150,GH¢ per JPY,0.0024715,GH¢ per JPY,ok,
1999-09-21,NOKGHS,Norwegian Krone,Buying,333.5100,GH¢ per NOK,0.033351,GH¢ per NOK,ok,
1999-09-21,NOKGHS,Norwegian Krone,Selling,339.7300,GH¢ per NOK,0.033973,GH¢ per NOK,ok,
1999-09-21,NOKGHS,Norwegian Krone,Mid Rate,336.6200,GH¢ per NOK,0.033662,GH¢ per NOK,ok,
1999-09-21,SEKGHS,Swedish Krona,Buying,318.4900,GH¢ per SEK,0.031849,GH¢ per SEK,ok,
1999-09-21,SEKGHS,Swedish Krona,Selling,324.2500,GH¢ per SEK,0.032425,GH¢ per SEK,ok,
1999-09-21,SEKGHS,Swedish Krona,Mid Rate,321.3700,GH¢ per SEK,0.032137,GH¢ per SEK,ok,
1999-09-22,USDGHS,US Dollar,Buying,"2,616.7300",GH¢ per USD,0.261673,GH¢ per USD,ok,
1999-09-22,USDGHS,US Dollar,Selling,"2,667.2700",GH¢ per USD,0.266727,GH¢ per USD,ok,
1999-09-22,USDGHS,US Dollar,Mid Rate,"2,642.0000",GH¢ per USD,0.2642,GH¢ per USD,ok,
1999-09-22,AUDGHS,Australian Dollar,Buying,199.6300,GH¢ per AUD,0.019963,GH¢ per AUD,ok,
1999-09-22,AUDGHS,Australian Dollar,Selling,"1,740.7600",GH¢ per AUD,0.174076,GH¢ per AUD,ok,
1999-09-22,AUDGHS,Australian Dollar,Mid Rate,970.1950,GH¢ per AUD,0.0970195,GH¢ per AUD,ok,
1999-09-22,CADGHS,Canadian Dollar,Buying,"1,776.7300",GH¢ per CAD,0.177673,GH¢ per CAD,ok,
1999-09-22,CADGHS,Canadian Dollar,Selling,"1,809.8200",GH¢ per CAD,0.180982,GH¢ per CAD,ok,
1999-09-22,CADGHS,Canadian Dollar,Mid Rate,"1,793.2750",GH¢ per CAD,0.1793275,GH¢ per CAD,ok,
1999-09-22,CHFGHS,Swiss Franc,Buying,"1,713.3200",GH¢ per CHF,0.171332,GH¢ per CHF,ok,
1999-09-22,CHFGHS,Swiss Franc,Selling,"1,745.8700",GH¢ per CHF,0.174587,GH¢ per CHF,ok,
1999-09-22,CHFGHS,Swiss Franc,Mid Rate,"1,729.5950",GH¢ per CHF,0.1729595,GH¢ per CHF,ok,
1999-09-22,DKKGHS,Danish Krone,Buying,369.4300,GH¢ per DKK,0.036943,GH¢ per DKK,ok,
1999-09-22,DKKGHS,Danish Krone,Selling,376.5700,GH¢ per DKK,0.037657,GH¢ per DKK,ok,
1999-09-22,DKKGHS,Danish Krone,Mid Rate,373.0000,GH¢ per DKK,0.0373,GH¢ per DKK,ok,
1999-09-22,GBPGHS,Pound Sterling,Buying,"4,267.8900",GH¢ per GBP,0.426789,GH¢ per GBP,ok,
1999-09-22,GBPGHS,Pound Sterling,Selling,"4,352.9800",GH¢ per GBP,0.435298,GH¢ per GBP,ok,
1999-09-22,GBPGHS,Pound Sterling,Mid Rate,"4,310.4350",GH¢ per GBP,0.4310435,GH¢ per GBP,ok,
1999-09-22,JPYGHS,Japanese yen,Buying,25.0000,GH¢ per JPY,0.0025,GH¢ per JPY,ok,
1999-09-22,JPYGHS,Japanese yen,Selling,25.4800,GH¢ per JPY,0.002548,GH¢ per JPY,ok,
1999-09-22,JPYGHS,Japanese yen,Mid Rate,25.2400,GH¢ per JPY,0.002524,GH¢ per JPY,ok,
1999-09-22,NOKGHS,Norwegian Krone,Buying,334.4100,GH¢ per NOK,0.033441,GH¢ per NOK,ok,
1999-09-22,NOKGHS,Norwegian Krone,Selling,340.6500,GH¢ per NOK,0.034065,GH¢ per NOK,ok,
1999-09-22,NOKGHS,Norwegian Krone,Mid Rate,337.5300,GH¢ per NOK,0.033753,GH¢ per NOK,ok,
1999-09-22,SEKGHS,Swedish Krona,Buying,318.8000,GH¢ per SEK,0.03188,GH¢ per SEK,ok,
1999-09-22,SEKGHS,Swedish Krona,Selling,324.5600,GH¢ per SEK,0.032456,GH¢ per SEK,ok,
1999-09-22,SEKGHS,Swedish Krona,Mid Rate,321.6800,GH¢ per SEK,0.032168,GH¢ per SEK,ok,
1999-09-23,USDGHS,US Dollar,Buying,"2,618.2700",GH¢ per USD,0.261827,GH¢ per USD,ok,
1999-09-23,USDGHS,US Dollar,Selling,"2,668.8200",GH¢ per USD,0.266882,GH¢ per USD,ok,
1999-09-23,USDGHS,US Dollar,Mid Rate,"2,643.5450",GH¢ per USD,0.2643545,GH¢ per USD,ok,
1999-09-23,AUDGHS,Australian Dollar,Buying,198.9700,GH¢ per AUD,0.019897,GH¢ per AUD,ok,
1999-09-23,AUDGHS,Australian Dollar,Selling,"1,729.8800",GH¢ per AUD,0.172988,GH¢ per AUD,ok,
1999-09-23,AUDGHS,Australian Dollar,Mid Rate,964.4250,GH¢ per AUD,0.0964425,GH¢ per AUD,ok,
1999-09-23,CADGHS,Canadian Dollar,Buying,"1,782.2000",GH¢ per CAD,0.17822,GH¢ per CAD,ok,
1999-09-23,CADGHS,Canadian Dollar,Selling,"1,815.2000",GH¢ per CAD,0.18152,GH¢ per CAD,ok,
1999-09-23,CADGHS,Canadian Dollar,Mid Rate,"1,798.7000",GH¢ per CAD,0.17987,GH¢ per CAD,ok,
1999-09-23,CHFGHS,Swiss Franc,Buying,"1,707.2400",GH¢ per CHF,0.170724,GH¢ per CHF,ok,
1999-09-23,CHFGHS,Swiss Franc,Selling,"1,738.3600",GH¢ per CHF,0.173836,GH¢ per CHF,ok,
1999-09-23,CHFGHS,Swiss Franc,Mid Rate,"1,722.8000",GH¢ per CHF,0.17228,GH¢ per CHF,ok,
1999-09-23,DKKGHS,Danish Krone,Buying,368.3800,GH¢ per DKK,0.036838,GH¢ per DKK,ok,
1999-09-23,DKKGHS,Danish Krone,Selling,375.1700,GH¢ per DKK,0.037517,GH¢ per DKK,ok,
1999-09-23,DKKGHS,Danish Krone,Mid Rate,371.7750,GH¢ per DKK,0.0371775,GH¢ per DKK,ok,
1999-09-23,GBPGHS,Pound Sterling,Buying,"4,274.0600",GH¢ per GBP,0.427406,GH¢ per GBP,ok,
1999-09-23,GBPGHS,Pound Sterling,Selling,"4,357.3600",GH¢ per GBP,0.435736,GH¢ per GBP,ok,
1999-09-23,GBPGHS,Pound Sterling,Mid Rate,"4,315.7100",GH¢ per GBP,0.431571,GH¢ per GBP,ok,
1999-09-23,JPYGHS,Japanese yen,Buying,25.2900,GH¢ per JPY,0.002529,GH¢ per JPY,ok,
1999-09-23,JPYGHS,Japanese yen,Selling,25.7600,GH¢ per JPY,0.002576,GH¢ per JPY,ok,
1999-09-23,JPYGHS,Japanese yen,Mid Rate,25.5250,GH¢ per JPY,0.0025525,GH¢ per JPY,ok,
1999-09-23,NOKGHS,Norwegian Krone,Buying,334.2000,GH¢ per NOK,0.03342,GH¢ per NOK,ok,
1999-09-23,NOKGHS,Norwegian Krone,Selling,340.2800,GH¢ per NOK,0.034028,GH¢ per NOK,ok,
1999-09-23,NOKGHS,Norwegian Krone,Mid Rate,337.2400,GH¢ per NOK,0.033724,GH¢ per NOK,ok,
1999-09-23,SEKGHS,Swedish Krona,Buying,318.2000,GH¢ per SEK,0.03182,GH¢ per SEK,ok,
1999-09-23,SEKGHS,Swedish Krona,Selling,323.8100,GH¢ per SEK,0.032381,GH¢ per SEK,ok,
1999-09-23,SEKGHS,Swedish Krona,Mid Rate,321.0050,GH¢ per SEK,0.0321005,GH¢ per SEK,ok,
1999-09-24,USDGHS,US Dollar,Buying,"2,631.7300",GH¢ per USD,0.263173,GH¢ per USD,ok,
1999-09-24,USDGHS,US Dollar,Selling,"2,679.0000",GH¢ per USD,0.2679,GH¢ per USD,ok,
1999-09-24,USDGHS,US Dollar,Mid Rate,"2,655.3650",GH¢ per USD,0.2655365,GH¢ per USD,ok,
1999-09-24,AUDGHS,Australian Dollar,Buying,200.4500,GH¢ per AUD,0.020045,GH¢ per AUD,ok,
1999-09-24,AUDGHS,Australian Dollar,Selling,"1,741.4400",GH¢ per AUD,0.174144,GH¢ per AUD,ok,
1999-09-24,AUDGHS,Australian Dollar,Mid Rate,970.9450,GH¢ per AUD,0.0970945,GH¢ per AUD,ok,
1999-09-24,CADGHS,Canadian Dollar,Buying,"1,784.2500",GH¢ per CAD,0.178425,GH¢ per CAD,ok,
1999-09-24,CADGHS,Canadian Dollar,Selling,"1,815.0800",GH¢ per CAD,0.181508,GH¢ per CAD,ok,
1999-09-24,CADGHS,Canadian Dollar,Mid Rate,"1,799.6650",GH¢ per CAD,0.1799665,GH¢ per CAD,ok,
1999-09-24,CHFGHS,Swiss Franc,Buying,"1,723.4300",GH¢ per CHF,0.172343,GH¢ per CHF,ok,
1999-09-24,CHFGHS,Swiss Franc,Selling,"1,753.8400",GH¢ per CHF,0.175384,GH¢ per CHF,ok,
1999-09-24,CHFGHS,Swiss Franc,Mid Rate,"1,738.6350",GH¢ per CHF,0.1738635,GH¢ per CHF,ok,
1999-09-24,DKKGHS,Danish Krone,Buying,371.0700,GH¢ per DKK,0.037107,GH¢ per DKK,ok,
1999-09-24,DKKGHS,Danish Krone,Selling,377.5700,GH¢ per DKK,0.037757,GH¢ per DKK,ok,
1999-09-24,DKKGHS,Danish Krone,Mid Rate,374.3200,GH¢ per DKK,0.037432,GH¢ per DKK,ok,
1999-09-24,GBPGHS,Pound Sterling,Buying,"4,317.3500",GH¢ per GBP,0.431735,GH¢ per GBP,ok,
1999-09-24,GBPGHS,Pound Sterling,Selling,"4,397.5800",GH¢ per GBP,0.439758,GH¢ per GBP,ok,
1999-09-24,GBPGHS,Pound Sterling,Mid Rate,"4,357.4650",GH¢ per GBP,0.4357465,GH¢ per GBP,ok,
1999-09-24,JPYGHS,Japanese yen,Buying,25.1500,GH¢ per JPY,0.002515,GH¢ per JPY,ok,
1999-09-24,JPYGHS,Japanese yen,Selling,25.6000,GH¢ per JPY,0.00256,GH¢ per JPY,ok,
1999-09-24,JPYGHS,Japanese yen,Mid Rate,25.3750,GH¢ per JPY,0.0025375,GH¢ per JPY,ok,
1999-09-24,NOKGHS,Norwegian Krone,Buying,337.2200,GH¢ per NOK,0.033722,GH¢ per NOK,ok,
1999-09-24,NOKGHS,Norwegian Krone,Selling,343.0500,GH¢ per NOK,0.034305,GH¢ per NOK,ok,
1999-09-24,NOKGHS,Norwegian Krone,Mid Rate,340.1350,GH¢ per NOK,0.0340135,GH¢ per NOK,ok,
1999-09-24,SEKGHS,Swedish Krona,Buying,320.4500,GH¢ per SEK,0.032045,GH¢ per SEK,ok,
1999-09-24,SEKGHS,Swedish Krona,Selling,325.8100,GH¢ per SEK,0.032581,GH¢ per SEK,ok,
1999-09-24,SEKGHS,Swedish Krona,Mid Rate,323.1300,GH¢ per SEK,0.032313,GH¢ per SEK,ok,
1999-09-27,USDGHS,US Dollar,Buying,"2,639.3600",GH¢ per USD,0.263936,GH¢ per USD,ok,
1999-09-27,USDGHS,US Dollar,Selling,"2,684.7300",GH¢ per USD,0.268473,GH¢ per USD,ok,
1999-09-27,USDGHS,US Dollar,Mid Rate,"2,662.0450",GH¢ per USD,0.2662045,GH¢ per USD,ok,
1999-09-27,AUDGHS,Australian Dollar,Buying,200.5600,GH¢ per AUD,0.020056,GH¢ per AUD,ok,
1999-09-27,AUDGHS,Australian Dollar,Selling,"1,758.6200",GH¢ per AUD,0.175862,GH¢ per AUD,ok,
1999-09-27,AUDGHS,Australian Dollar,Mid Rate,979.5900,GH¢ per AUD,0.097959,GH¢ per AUD,ok,
1999-09-27,CADGHS,Canadian Dollar,Buying,"1,796.5100",GH¢ per CAD,0.179651,GH¢ per CAD,ok,
1999-09-27,CADGHS,Canadian Dollar,Selling,"1,827.3000",GH¢ per CAD,0.18273,GH¢ per CAD,ok,
1999-09-27,CADGHS,Canadian Dollar,Mid Rate,"1,811.9050",GH¢ per CAD,0.1811905,GH¢ per CAD,ok,
1999-09-27,CHFGHS,Swiss Franc,Buying,"1,723.3000",GH¢ per CHF,0.17233,GH¢ per CHF,ok,
1999-09-27,CHFGHS,Swiss Franc,Selling,"1,752.3100",GH¢ per CHF,0.175231,GH¢ per CHF,ok,
1999-09-27,CHFGHS,Swiss Franc,Mid Rate,"1,737.8050",GH¢ per CHF,0.1737805,GH¢ per CHF,ok,
1999-09-27,DKKGHS,Danish Krone,Buying,371.4100,GH¢ per DKK,0.037141,GH¢ per DKK,ok,
1999-09-27,DKKGHS,Danish Krone,Selling,377.7100,GH¢ per DKK,0.037771,GH¢ per DKK,ok,
1999-09-27,DKKGHS,Danish Krone,Mid Rate,374.5600,GH¢ per DKK,0.037456,GH¢ per DKK,ok,
1999-09-27,GBPGHS,Pound Sterling,Buying,"4,338.5800",GH¢ per GBP,0.433858,GH¢ per GBP,ok,
1999-09-27,GBPGHS,Pound Sterling,Selling,"4,415.3100",GH¢ per GBP,0.441531,GH¢ per GBP,ok,
1999-09-27,GBPGHS,Pound Sterling,Mid Rate,"4,376.9450",GH¢ per GBP,0.4376945,GH¢ per GBP,ok,
1999-09-27,JPYGHS,Japanese yen,Buying,25.3800,GH¢ per JPY,0.002538,GH¢ per JPY,ok,
1999-09-27,JPYGHS,Japanese yen,Selling,25.8100,GH¢ per JPY,0.002581,GH¢ per JPY,ok,
1999-09-27,JPYGHS,Japanese yen,Mid Rate,25.5950,GH¢ per JPY,0.0025595,GH¢ per JPY,ok,
1999-09-27,NOKGHS,Norwegian Krone,Buying,336.2900,GH¢ per NOK,0.033629,GH¢ per NOK,ok,
1999-09-27,NOKGHS,Norwegian Krone,Selling,341.9600,GH¢ per NOK,0.034196,GH¢ per NOK,ok,
1999-09-27,NOKGHS,Norwegian Krone,Mid Rate,339.1250,GH¢ per NOK,0.0339125,GH¢ per NOK,ok,
1999-09-27,SEKGHS,Swedish Krona,Buying,320.3900,GH¢ per SEK,0.032039,GH¢ per SEK,ok,
1999-09-27,SEKGHS,Swedish Krona,Selling,325.6000,GH¢ per SEK,0.03256,GH¢ per SEK,ok,
1999-09-27,SEKGHS,Swedish Krona,Mid Rate,322.9950,GH¢ per SEK,0.0322995,GH¢ per SEK,ok,
1999-09-28,USDGHS,US Dollar,Buying,"2,636.9100",GH¢ per USD,0.263691,GH¢ per USD,ok,
1999-09-28,USDGHS,US Dollar,Selling,"2,685.1800",GH¢ per USD,0.268518,GH¢ per USD,ok,
1999-09-28,USDGHS,US Dollar,Mid Rate,"2,661.0450",GH¢ per USD,0.2661045,GH¢ per USD,ok,
1999-09-28,AUDGHS,Australian Dollar,Buying,200.5500,GH¢ per AUD,0.020055,GH¢ per AUD,ok,
1999-09-28,AUDGHS,Australian Dollar,Selling,"1,750.4200",GH¢ per AUD,0.175042,GH¢ per AUD,ok,
1999-09-28,AUDGHS,Australian Dollar,Mid Rate,975.4850,GH¢ per AUD,0.0975485,GH¢ per AUD,ok,
1999-09-28,CADGHS,Canadian Dollar,Buying,"1,797.2500",GH¢ per CAD,0.179725,GH¢ per CAD,ok,
1999-09-28,CADGHS,Canadian Dollar,Selling,"1,828.2900",GH¢ per CAD,0.182829,GH¢ per CAD,ok,
1999-09-28,CADGHS,Canadian Dollar,Mid Rate,"1,812.7700",GH¢ per CAD,0.181277,GH¢ per CAD,ok,
1999-09-28,CHFGHS,Swiss Franc,Buying,"1,721.2000",GH¢ per CHF,0.17212,GH¢ per CHF,ok,
1999-09-28,CHFGHS,Swiss Franc,Selling,"1,751.0200",GH¢ per CHF,0.175102,GH¢ per CHF,ok,
1999-09-28,CHFGHS,Swiss Franc,Mid Rate,"1,736.1100",GH¢ per CHF,0.173611,GH¢ per CHF,ok,
1999-09-28,DKKGHS,Danish Krone,Buying,371.2600,GH¢ per DKK,0.037126,GH¢ per DKK,ok,
1999-09-28,DKKGHS,Danish Krone,Selling,377.7800,GH¢ per DKK,0.037778,GH¢ per DKK,ok,
1999-09-28,DKKGHS,Danish Krone,Mid Rate,374.5200,GH¢ per DKK,0.037452,GH¢ per DKK,ok,
1999-09-28,GBPGHS,Pound Sterling,Buying,"4,348.2600",GH¢ per GBP,0.434826,GH¢ per GBP,ok,
1999-09-28,GBPGHS,Pound Sterling,Selling,"4,429.2000",GH¢ per GBP,0.44292,GH¢ per GBP,ok,
1999-09-28,GBPGHS,Pound Sterling,Mid Rate,"4,388.7300",GH¢ per GBP,0.438873,GH¢ per GBP,ok,
1999-09-28,JPYGHS,Japanese yen,Buying,24.7500,GH¢ per JPY,0.002475,GH¢ per JPY,ok,
1999-09-28,JPYGHS,Japanese yen,Selling,25.1900,GH¢ per JPY,0.002519,GH¢ per JPY,ok,
1999-09-28,JPYGHS,Japanese yen,Mid Rate,24.9700,GH¢ per JPY,0.002497,GH¢ per JPY,ok,
1999-09-28,NOKGHS,Norwegian Krone,Buying,337.5000,GH¢ per NOK,0.03375,GH¢ per NOK,ok,
1999-09-28,NOKGHS,Norwegian Krone,Selling,343.3500,GH¢ per NOK,0.034335,GH¢ per NOK,ok,
1999-09-28,NOKGHS,Norwegian Krone,Mid Rate,340.4250,GH¢ per NOK,0.0340425,GH¢ per NOK,ok,
1999-09-28,SEKGHS,Swedish Krona,Buying,320.3200,GH¢ per SEK,0.032032,GH¢ per SEK,ok,
1999-09-28,SEKGHS,Swedish Krona,Selling,325.6900,GH¢ per SEK,0.032569,GH¢ per SEK,ok,
1999-09-28,SEKGHS,Swedish Krona,Mid Rate,323.0050,GH¢ per SEK,0.0323005,GH¢ per SEK,ok,
1999-09-29,USDGHS,US Dollar,Buying,"2,637.8200",GH¢ per USD,0.263782,GH¢ per USD,ok,
1999-09-29,USDGHS,US Dollar,Selling,"2,687.0900",GH¢ per USD,0.268709,GH¢ per USD,ok,
1999-09-29,USDGHS,US Dollar,Mid Rate,"2,662.4550",GH¢ per USD,0.2662455,GH¢ per USD,ok,
1999-09-29,AUDGHS,Australian Dollar,Buying,201.8300,GH¢ per AUD,0.020183,GH¢ per AUD,ok,
1999-09-29,AUDGHS,Australian Dollar,Selling,"1,762.7500",GH¢ per AUD,0.176275,GH¢ per AUD,ok,
1999-09-29,AUDGHS,Australian Dollar,Mid Rate,982.2900,GH¢ per AUD,0.098229,GH¢ per AUD,ok,
1999-09-29,CADGHS,Canadian Dollar,Buying,"1,805.5800",GH¢ per CAD,0.180558,GH¢ per CAD,ok,
1999-09-29,CADGHS,Canadian Dollar,Selling,"1,838.5900",GH¢ per CAD,0.183859,GH¢ per CAD,ok,
1999-09-29,CADGHS,Canadian Dollar,Mid Rate,"1,822.0850",GH¢ per CAD,0.1822085,GH¢ per CAD,ok,
1999-09-29,CHFGHS,Swiss Franc,Buying,"1,734.8600",GH¢ per CHF,0.173486,GH¢ per CHF,ok,
1999-09-29,CHFGHS,Swiss Franc,Selling,"1,766.5700",GH¢ per CHF,0.176657,GH¢ per CHF,ok,
1999-09-29,CHFGHS,Swiss Franc,Mid Rate,"1,750.7150",GH¢ per CHF,0.1750715,GH¢ per CHF,ok,
1999-09-29,DKKGHS,Danish Krone,Buying,373.5700,GH¢ per DKK,0.037357,GH¢ per DKK,ok,
1999-09-29,DKKGHS,Danish Krone,Selling,380.5600,GH¢ per DKK,0.038056,GH¢ per DKK,ok,
1999-09-29,DKKGHS,Danish Krone,Mid Rate,377.0650,GH¢ per DKK,0.0377065,GH¢ per DKK,ok,
1999-09-29,GBPGHS,Pound Sterling,Buying,"4,360.8000",GH¢ per GBP,0.43608,GH¢ per GBP,ok,
1999-09-29,GBPGHS,Pound Sterling,Selling,"4,424.5600",GH¢ per GBP,0.442456,GH¢ per GBP,ok,
1999-09-29,GBPGHS,Pound Sterling,Mid Rate,"4,392.6800",GH¢ per GBP,0.439268,GH¢ per GBP,ok,
1999-09-29,JPYGHS,Japanese yen,Buying,24.6700,GH¢ per JPY,0.002467,GH¢ per JPY,ok,
1999-09-29,JPYGHS,Japanese yen,Selling,25.1300,GH¢ per JPY,0.002513,GH¢ per JPY,ok,
1999-09-29,JPYGHS,Japanese yen,Mid Rate,24.9000,GH¢ per JPY,0.00249,GH¢ per JPY,ok,
1999-09-29,NOKGHS,Norwegian Krone,Buying,338.8100,GH¢ per NOK,0.033881,GH¢ per NOK,ok,
1999-09-29,NOKGHS,Norwegian Krone,Selling,345.1600,GH¢ per NOK,0.034516,GH¢ per NOK,ok,
1999-09-29,NOKGHS,Norwegian Krone,Mid Rate,341.9850,GH¢ per NOK,0.0341985,GH¢ per NOK,ok,
1999-09-29,SEKGHS,Swedish Krona,Buying,321.1200,GH¢ per SEK,0.032112,GH¢ per SEK,ok,
1999-09-29,SEKGHS,Swedish Krona,Selling,326.8200,GH¢ per SEK,0.032682,GH¢ per SEK,ok,
1999-09-29,SEKGHS,Swedish Krona,Mid Rate,323.9700,GH¢ per SEK,0.032397,GH¢ per SEK,ok,
1999-09-30,USDGHS,US Dollar,Buying,"2,645.2700",GH¢ per USD,0.264527,GH¢ per USD,ok,
1999-09-30,USDGHS,US Dollar,Selling,"2,694.7300",GH¢ per USD,0.269473,GH¢ per USD,ok,
1999-09-30,USDGHS,US Dollar,Mid Rate,"2,670.0000",GH¢ per USD,0.267,GH¢ per USD,ok,
1999-09-30,AUDGHS,Australian Dollar,Buying,204.6400,GH¢ per AUD,0.020464,GH¢ per AUD,ok,
1999-09-30,AUDGHS,Australian Dollar,Selling,"1,760.8700",GH¢ per AUD,0.176087,GH¢ per AUD,ok,
1999-09-30,AUDGHS,Australian Dollar,Mid Rate,982.7550,GH¢ per AUD,0.0982755,GH¢ per AUD,ok,
1999-09-30,CADGHS,Canadian Dollar,Buying,"1,805.4200",GH¢ per CAD,0.180542,GH¢ per CAD,ok,
1999-09-30,CADGHS,Canadian Dollar,Selling,"1,838.5400",GH¢ per CAD,0.183854,GH¢ per CAD,ok,
1999-09-30,CADGHS,Canadian Dollar,Mid Rate,"1,821.9800",GH¢ per CAD,0.182198,GH¢ per CAD,ok,
1999-09-30,CHFGHS,Swiss Franc,Buying,"1,762.2300",GH¢ per CHF,0.176223,GH¢ per CHF,ok,
1999-09-30,CHFGHS,Swiss Franc,Selling,"1,793.9400",GH¢ per CHF,0.179394,GH¢ per CHF,ok,
1999-09-30,CHFGHS,Swiss Franc,Mid Rate,"1,778.0850",GH¢ per CHF,0.1778085,GH¢ per CHF,ok,
1999-09-30,DKKGHS,Danish Krone,Buying,378.9800,GH¢ per DKK,0.037898,GH¢ per DKK,ok,
1999-09-30,DKKGHS,Danish Krone,Selling,385.8400,GH¢ per DKK,0.038584,GH¢ per DKK,ok,
1999-09-30,DKKGHS,Danish Krone,Mid Rate,382.4100,GH¢ per DKK,0.038241,GH¢ per DKK,ok,
1999-09-30,GBPGHS,Pound Sterling,Buying,"4,353.5900",GH¢ per GBP,0.435359,GH¢ per GBP,ok,
1999-09-30,GBPGHS,Pound Sterling,Selling,"4,437.6800",GH¢ per GBP,0.443768,GH¢ per GBP,ok,
1999-09-30,GBPGHS,Pound Sterling,Mid Rate,"4,395.6350",GH¢ per GBP,0.4395635,GH¢ per GBP,ok,
1999-09-30,JPYGHS,Japanese yen,Buying,25.0100,GH¢ per JPY,0.002501,GH¢ per JPY,ok,
1999-09-30,JPYGHS,Japanese yen,Selling,25.4700,GH¢ per JPY,0.002547,GH¢ per JPY,ok,
1999-09-30,JPYGHS,Japanese yen,Mid Rate,25.2400,GH¢ per JPY,0.002524,GH¢ per JPY,ok,
1999-09-30,NOKGHS,Norwegian Krone,Buying,341.7200,GH¢ per NOK,0.034172,GH¢ per NOK,ok,
1999-09-30,NOKGHS,Norwegian Krone,Selling,347.8900,GH¢ per NOK,0.034789,GH¢ per NOK,ok,
1999-09-30,NOKGHS,Norwegian Krone,Mid Rate,344.8050,GH¢ per NOK,0.0344805,GH¢ per NOK,ok,
1999-09-30,SEKGHS,Swedish Krona,Buying,323.5400,GH¢ per SEK,0.032354,GH¢ per SEK,ok,
1999-09-30,SEKGHS,Swedish Krona,Selling,329.1900,GH¢ per SEK,0.032919,GH¢ per SEK,ok,
1999-09-30,SEKGHS,Swedish Krona,Mid Rate,326.3650,GH¢ per SEK,0.0326365,GH¢ per SEK,ok,
1999-10-01,USDGHS,US Dollar,Buying,"2,643.9100",GH¢ per USD,0.264391,GH¢ per USD,ok,
1999-10-01,USDGHS,US Dollar,Selling,"2,697.0000",GH¢ per USD,0.2697,GH¢ per USD,ok,
1999-10-01,USDGHS,US Dollar,Mid Rate,"2,670.4550",GH¢ per USD,0.2670455,GH¢ per USD,ok,
1999-10-01,AUDGHS,Australian Dollar,Buying,205.8500,GH¢ per AUD,0.020585,GH¢ per AUD,ok,
1999-10-01,AUDGHS,Australian Dollar,Selling,"1,771.3300",GH¢ per AUD,0.177133,GH¢ per AUD,ok,
1999-10-01,AUDGHS,Australian Dollar,Mid Rate,988.5900,GH¢ per AUD,0.098859,GH¢ per AUD,ok,
1999-10-01,CADGHS,Canadian Dollar,Buying,"1,805.1000",GH¢ per CAD,0.18051,GH¢ per CAD,ok,
1999-10-01,CADGHS,Canadian Dollar,Selling,"1,839.5400",GH¢ per CAD,0.183954,GH¢ per CAD,ok,
1999-10-01,CADGHS,Canadian Dollar,Mid Rate,"1,822.3200",GH¢ per CAD,0.182232,GH¢ per CAD,ok,
1999-10-01,CHFGHS,Swiss Franc,Buying,"1,771.8100",GH¢ per CHF,0.177181,GH¢ per CHF,ok,
1999-10-01,CHFGHS,Swiss Franc,Selling,"1,805.6600",GH¢ per CHF,0.180566,GH¢ per CHF,ok,
1999-10-01,CHFGHS,Swiss Franc,Mid Rate,"1,788.7350",GH¢ per CHF,0.1788735,GH¢ per CHF,ok,
1999-10-01,DKKGHS,Danish Krone,Buying,381.0800,GH¢ per DKK,0.038108,GH¢ per DKK,ok,
1999-10-01,DKKGHS,Danish Krone,Selling,388.4200,GH¢ per DKK,0.038842,GH¢ per DKK,ok,
1999-10-01,DKKGHS,Danish Krone,Mid Rate,384.7500,GH¢ per DKK,0.038475,GH¢ per DKK,ok,
1999-10-01,GBPGHS,Pound Sterling,Buying,"4,361.6600",GH¢ per GBP,0.436166,GH¢ per GBP,ok,
1999-10-01,GBPGHS,Pound Sterling,Selling,"4,450.5900",GH¢ per GBP,0.445059,GH¢ per GBP,ok,
1999-10-01,GBPGHS,Pound Sterling,Mid Rate,"4,406.1250",GH¢ per GBP,0.4406125,GH¢ per GBP,ok,
1999-10-01,JPYGHS,Japanese yen,Buying,24.9600,GH¢ per JPY,0.002496,GH¢ per JPY,ok,
1999-10-01,JPYGHS,Japanese yen,Selling,25.4500,GH¢ per JPY,0.002545,GH¢ per JPY,ok,
1999-10-01,JPYGHS,Japanese yen,Mid Rate,25.2050,GH¢ per JPY,0.0025205,GH¢ per JPY,ok,
1999-10-01,NOKGHS,Norwegian Krone,Buying,344.5500,GH¢ per NOK,0.034455,GH¢ per NOK,ok,
1999-10-01,NOKGHS,Norwegian Krone,Selling,351.1300,GH¢ per NOK,0.035113,GH¢ per NOK,ok,
1999-10-01,NOKGHS,Norwegian Krone,Mid Rate,347.8400,GH¢ per NOK,0.034784,GH¢ per NOK,ok,
1999-10-01,SEKGHS,Swedish Krona,Buying,325.0700,GH¢ per SEK,0.032507,GH¢ per SEK,ok,
1999-10-01,SEKGHS,Swedish Krona,Selling,331.0800,GH¢ per SEK,0.033108,GH¢ per SEK,ok,
1999-10-01,SEKGHS,Swedish Krona,Mid Rate,328.0750,GH¢ per SEK,0.0328075,GH¢ per SEK,ok,
1999-10-04,USDGHS,US Dollar,Buying,"2,644.5500",GH¢ per USD,0.264455,GH¢ per USD,ok,
1999-10-04,USDGHS,US Dollar,Selling,"2,698.8200",GH¢ per USD,0.269882,GH¢ per USD,ok,
1999-10-04,USDGHS,US Dollar,Mid Rate,"2,671.6850",GH¢ per USD,0.2671685,GH¢ per USD,ok,
1999-10-04,AUDGHS,Australian Dollar,Buying,206.6000,GH¢ per AUD,0.02066,GH¢ per AUD,ok,
1999-10-04,AUDGHS,Australian Dollar,Selling,"1,777.8100",GH¢ per AUD,0.177781,GH¢ per AUD,ok,
1999-10-04,AUDGHS,Australian Dollar,Mid Rate,992.2050,GH¢ per AUD,0.0992205,GH¢ per AUD,ok,
1999-10-04,CADGHS,Canadian Dollar,Buying,"1,792.9300",GH¢ per CAD,0.179293,GH¢ per CAD,ok,
1999-10-04,CADGHS,Canadian Dollar,Selling,"1,828.4800",GH¢ per CAD,0.182848,GH¢ per CAD,ok,
1999-10-04,CADGHS,Canadian Dollar,Mid Rate,"1,810.7050",GH¢ per CAD,0.1810705,GH¢ per CAD,ok,
1999-10-04,CHFGHS,Swiss Franc,Buying,"1,785.7800",GH¢ per CHF,0.178578,GH¢ per CHF,ok,
1999-10-04,CHFGHS,Swiss Franc,Selling,"1,821.2000",GH¢ per CHF,0.18212,GH¢ per CHF,ok,
1999-10-04,CHFGHS,Swiss Franc,Mid Rate,"1,803.4900",GH¢ per CHF,0.180349,GH¢ per CHF,ok,
1999-10-04,DKKGHS,Danish Krone,Buying,382.4700,GH¢ per DKK,0.038247,GH¢ per DKK,ok,
1999-10-04,DKKGHS,Danish Krone,Selling,390.2000,GH¢ per DKK,0.03902,GH¢ per DKK,ok,
1999-10-04,DKKGHS,Danish Krone,Mid Rate,386.3350,GH¢ per DKK,0.0386335,GH¢ per DKK,ok,
1999-10-04,GBPGHS,Pound Sterling,Buying,"4,387.8400",GH¢ per GBP,0.438784,GH¢ per GBP,ok,
1999-10-04,GBPGHS,Pound Sterling,Selling,"4,479.2300",GH¢ per GBP,0.447923,GH¢ per GBP,ok,
1999-10-04,GBPGHS,Pound Sterling,Mid Rate,"4,433.5350",GH¢ per GBP,0.4433535,GH¢ per GBP,ok,
1999-10-04,JPYGHS,Japanese yen,Buying,24.9300,GH¢ per JPY,0.002493,GH¢ per JPY,ok,
1999-10-04,JPYGHS,Japanese yen,Selling,25.4400,GH¢ per JPY,0.002544,GH¢ per JPY,ok,
1999-10-04,JPYGHS,Japanese yen,Mid Rate,25.1850,GH¢ per JPY,0.0025185,GH¢ per JPY,ok,
1999-10-04,NOKGHS,Norwegian Krone,Buying,345.2700,GH¢ per NOK,0.034527,GH¢ per NOK,ok,
1999-10-04,NOKGHS,Norwegian Krone,Selling,352.1200,GH¢ per NOK,0.035212,GH¢ per NOK,ok,
1999-10-04,NOKGHS,Norwegian Krone,Mid Rate,348.6950,GH¢ per NOK,0.0348695,GH¢ per NOK,ok,
1999-10-04,SEKGHS,Swedish Krona,Buying,324.8800,GH¢ per SEK,0.032488,GH¢ per SEK,ok,
1999-10-04,SEKGHS,Swedish Krona,Selling,331.1400,GH¢ per SEK,0.033114,GH¢ per SEK,ok,
1999-10-04,SEKGHS,Swedish Krona,Mid Rate,328.0100,GH¢ per SEK,0.032801,GH¢ per SEK,ok,
1999-10-05,USDGHS,US Dollar,Buying,"2,652.9100",GH¢ per USD,0.265291,GH¢ per USD,ok,
1999-10-05,USDGHS,US Dollar,Selling,"2,708.1800",GH¢ per USD,0.270818,GH¢ per USD,ok,
1999-10-05,USDGHS,US Dollar,Mid Rate,"2,680.5450",GH¢ per USD,0.2680545,GH¢ per USD,ok,
1999-10-05,AUDGHS,Australian Dollar,Buying,206.0100,GH¢ per AUD,0.020601,GH¢ per AUD,ok,
1999-10-05,AUDGHS,Australian Dollar,Selling,"1,795.1300",GH¢ per AUD,0.179513,GH¢ per AUD,ok,
1999-10-05,AUDGHS,Australian Dollar,Mid Rate,"1,000.5700",GH¢ per AUD,0.100057,GH¢ per AUD,ok,
1999-10-05,CADGHS,Canadian Dollar,Buying,"1,810.5000",GH¢ per CAD,0.18105,GH¢ per CAD,ok,
1999-10-05,CADGHS,Canadian Dollar,Selling,"1,846.4100",GH¢ per CAD,0.184641,GH¢ per CAD,ok,
1999-10-05,CADGHS,Canadian Dollar,Mid Rate,"1,828.4550",GH¢ per CAD,0.1828455,GH¢ per CAD,ok,
1999-10-05,CHFGHS,Swiss Franc,Buying,"1,779.1200",GH¢ per CHF,0.177912,GH¢ per CHF,ok,
1999-10-05,CHFGHS,Swiss Franc,Selling,"1,815.1900",GH¢ per CHF,0.181519,GH¢ per CHF,ok,
1999-10-05,CHFGHS,Swiss Franc,Mid Rate,"1,797.1550",GH¢ per CHF,0.1797155,GH¢ per CHF,ok,
1999-10-05,DKKGHS,Danish Krone,Buying,381.4600,GH¢ per DKK,0.038146,GH¢ per DKK,ok,
1999-10-05,DKKGHS,Danish Krone,Selling,389.1200,GH¢ per DKK,0.038912,GH¢ per DKK,ok,
1999-10-05,DKKGHS,Danish Krone,Mid Rate,385.2900,GH¢ per DKK,0.038529,GH¢ per DKK,ok,
1999-10-05,GBPGHS,Pound Sterling,Buying,"4,383.9300",GH¢ per GBP,0.438393,GH¢ per GBP,ok,
1999-10-05,GBPGHS,Pound Sterling,Selling,"4,476.6200",GH¢ per GBP,0.447662,GH¢ per GBP,ok,
1999-10-05,GBPGHS,Pound Sterling,Mid Rate,"4,430.2750",GH¢ per GBP,0.4430275,GH¢ per GBP,ok,
1999-10-05,JPYGHS,Japanese yen,Buying,24.9000,GH¢ per JPY,0.00249,GH¢ per JPY,ok,
1999-10-05,JPYGHS,Japanese yen,Selling,25.4100,GH¢ per JPY,0.002541,GH¢ per JPY,ok,
1999-10-05,JPYGHS,Japanese yen,Mid Rate,25.1550,GH¢ per JPY,0.0025155,GH¢ per JPY,ok,
1999-10-05,NOKGHS,Norwegian Krone,Buying,344.5300,GH¢ per NOK,0.034453,GH¢ per NOK,ok,
1999-10-05,NOKGHS,Norwegian Krone,Selling,351.3700,GH¢ per NOK,0.035137,GH¢ per NOK,ok,
1999-10-05,NOKGHS,Norwegian Krone,Mid Rate,347.9500,GH¢ per NOK,0.034795,GH¢ per NOK,ok,
1999-10-05,SEKGHS,Swedish Krona,Buying,325.8100,GH¢ per SEK,0.032581,GH¢ per SEK,ok,
1999-10-05,SEKGHS,Swedish Krona,Selling,332.0900,GH¢ per SEK,0.033209,GH¢ per SEK,ok,
1999-10-05,SEKGHS,Swedish Krona,Mid Rate,328.9500,GH¢ per SEK,0.032895,GH¢ per SEK,ok,
1999-10-06,USDGHS,US Dollar,Buying,"2,659.0000",GH¢ per USD,0.2659,GH¢ per USD,ok,
1999-10-06,USDGHS,US Dollar,Selling,"2,716.2700",GH¢ per USD,0.271627,GH¢ per USD,ok,
1999-10-06,USDGHS,US Dollar,Mid Rate,"2,687.6350",GH¢ per USD,0.2687635,GH¢ per USD,ok,
1999-10-06,AUDGHS,Australian Dollar,Buying,207.4800,GH¢ per AUD,0.020748,GH¢ per AUD,ok,
1999-10-06,AUDGHS,Australian Dollar,Selling,"1,798.1700",GH¢ per AUD,0.179817,GH¢ per AUD,ok,
1999-10-06,AUDGHS,Australian Dollar,Mid Rate,"1,002.8250",GH¢ per AUD,0.1002825,GH¢ per AUD,ok,
1999-10-06,CADGHS,Canadian Dollar,Buying,"1,811.0900",GH¢ per CAD,0.181109,GH¢ per CAD,ok,
1999-10-06,CADGHS,Canadian Dollar,Selling,"1,848.8300",GH¢ per CAD,0.184883,GH¢ per CAD,ok,
1999-10-06,CADGHS,Canadian Dollar,Mid Rate,"1,829.9600",GH¢ per CAD,0.182996,GH¢ per CAD,ok,
1999-10-06,CHFGHS,Swiss Franc,Buying,"1,796.5900",GH¢ per CHF,0.179659,GH¢ per CHF,ok,
1999-10-06,CHFGHS,Swiss Franc,Selling,"1,834.0400",GH¢ per CHF,0.183404,GH¢ per CHF,ok,
1999-10-06,CHFGHS,Swiss Franc,Mid Rate,"1,815.3150",GH¢ per CHF,0.1815315,GH¢ per CHF,ok,
1999-10-06,DKKGHS,Danish Krone,Buying,384.1900,GH¢ per DKK,0.038419,GH¢ per DKK,ok,
1999-10-06,DKKGHS,Danish Krone,Selling,392.3000,GH¢ per DKK,0.03923,GH¢ per DKK,ok,
1999-10-06,DKKGHS,Danish Krone,Mid Rate,388.2450,GH¢ per DKK,0.0388245,GH¢ per DKK,ok,
1999-10-06,GBPGHS,Pound Sterling,Buying,"4,399.3200",GH¢ per GBP,0.439932,GH¢ per GBP,ok,
1999-10-06,GBPGHS,Pound Sterling,Selling,"4,495.4300",GH¢ per GBP,0.449543,GH¢ per GBP,ok,
1999-10-06,GBPGHS,Pound Sterling,Mid Rate,"4,447.3750",GH¢ per GBP,0.4447375,GH¢ per GBP,ok,
1999-10-06,JPYGHS,Japanese yen,Buying,24.8400,GH¢ per JPY,0.002484,GH¢ per JPY,ok,
1999-10-06,JPYGHS,Japanese yen,Selling,25.3600,GH¢ per JPY,0.002536,GH¢ per JPY,ok,
1999-10-06,JPYGHS,Japanese yen,Mid Rate,25.1000,GH¢ per JPY,0.00251,GH¢ per JPY,ok,
1999-10-06,NOKGHS,Norwegian Krone,Buying,346.5900,GH¢ per NOK,0.034659,GH¢ per NOK,ok,
1999-10-06,NOKGHS,Norwegian Krone,Selling,353.8200,GH¢ per NOK,0.035382,GH¢ per NOK,ok,
1999-10-06,NOKGHS,Norwegian Krone,Mid Rate,350.2050,GH¢ per NOK,0.0350205,GH¢ per NOK,ok,
1999-10-06,SEKGHS,Swedish Krona,Buying,328.3100,GH¢ per SEK,0.032831,GH¢ per SEK,ok,
1999-10-06,SEKGHS,Swedish Krona,Selling,334.9700,GH¢ per SEK,0.033497,GH¢ per SEK,ok,
1999-10-06,SEKGHS,Swedish Krona,Mid Rate,331.6400,GH¢ per SEK,0.033164,GH¢ per SEK,ok,
1999-10-07,USDGHS,US Dollar,Buying,"2,668.7300",GH¢ per USD,0.266873,GH¢ per USD,ok,
1999-10-07,USDGHS,US Dollar,Selling,"2,737.7300",GH¢ per USD,0.273773,GH¢ per USD,ok,
1999-10-07,USDGHS,US Dollar,Mid Rate,"2,703.2300",GH¢ per USD,0.270323,GH¢ per USD,ok,
1999-10-07,AUDGHS,Australian Dollar,Buying,207.8900,GH¢ per AUD,0.020789,GH¢ per AUD,ok,
1999-10-07,AUDGHS,Australian Dollar,Selling,"1,811.6600",GH¢ per AUD,0.181166,GH¢ per AUD,ok,
1999-10-07,AUDGHS,Australian Dollar,Mid Rate,"1,009.7750",GH¢ per AUD,0.1009775,GH¢ per AUD,ok,
1999-10-07,CADGHS,Canadian Dollar,Buying,"1,818.8100",GH¢ per CAD,0.181881,GH¢ per CAD,ok,
1999-10-07,CADGHS,Canadian Dollar,Selling,"1,865.1800",GH¢ per CAD,0.186518,GH¢ per CAD,ok,
1999-10-07,CADGHS,Canadian Dollar,Mid Rate,"1,841.9950",GH¢ per CAD,0.1841995,GH¢ per CAD,ok,
1999-10-07,CHFGHS,Swiss Franc,Buying,"1,796.1900",GH¢ per CHF,0.179619,GH¢ per CHF,ok,
1999-10-07,CHFGHS,Swiss Franc,Selling,"1,841.3900",GH¢ per CHF,0.184139,GH¢ per CHF,ok,
1999-10-07,CHFGHS,Swiss Franc,Mid Rate,"1,818.7900",GH¢ per CHF,0.181879,GH¢ per CHF,ok,
1999-10-07,DKKGHS,Danish Krone,Buying,384.8100,GH¢ per DKK,0.038481,GH¢ per DKK,ok,
1999-10-07,DKKGHS,Danish Krone,Selling,394.6400,GH¢ per DKK,0.039464,GH¢ per DKK,ok,
1999-10-07,DKKGHS,Danish Krone,Mid Rate,389.7250,GH¢ per DKK,0.0389725,GH¢ per DKK,ok,
1999-10-07,GBPGHS,Pound Sterling,Buying,"4,418.0800",GH¢ per GBP,0.441808,GH¢ per GBP,ok,
1999-10-07,GBPGHS,Pound Sterling,Selling,"4,533.6800",GH¢ per GBP,0.453368,GH¢ per GBP,ok,
1999-10-07,GBPGHS,Pound Sterling,Mid Rate,"4,475.8800",GH¢ per GBP,0.447588,GH¢ per GBP,ok,
1999-10-07,JPYGHS,Japanese yen,Buying,24.7400,GH¢ per JPY,0.002474,GH¢ per JPY,ok,
1999-10-07,JPYGHS,Japanese yen,Selling,25.3700,GH¢ per JPY,0.002537,GH¢ per JPY,ok,
1999-10-07,JPYGHS,Japanese yen,Mid Rate,25.0550,GH¢ per JPY,0.0025055,GH¢ per JPY,ok,
1999-10-07,NOKGHS,Norwegian Krone,Buying,346.1800,GH¢ per NOK,0.034618,GH¢ per NOK,ok,
1999-10-07,NOKGHS,Norwegian Krone,Selling,354.9000,GH¢ per NOK,0.03549,GH¢ per NOK,ok,
1999-10-07,NOKGHS,Norwegian Krone,Mid Rate,350.5400,GH¢ per NOK,0.035054,GH¢ per NOK,ok,
1999-10-07,SEKGHS,Swedish Krona,Buying,328.0600,GH¢ per SEK,0.032806,GH¢ per SEK,ok,
1999-10-07,SEKGHS,Swedish Krona,Selling,336.1200,GH¢ per SEK,0.033612,GH¢ per SEK,ok,
1999-10-07,SEKGHS,Swedish Krona,Mid Rate,332.0900,GH¢ per SEK,0.033209,GH¢ per SEK,ok,
1999-10-08,USDGHS,US Dollar,Buying,"2,678.6400",GH¢ per USD,0.267864,GH¢ per USD,ok,
1999-10-08,USDGHS,US Dollar,Selling,"2,762.0900",GH¢ per USD,0.276209,GH¢ per USD,ok,
1999-10-08,USDGHS,US Dollar,Mid Rate,"2,720.3650",GH¢ per USD,0.2720365,GH¢ per USD,ok,
1999-10-08,AUDGHS,Australian Dollar,Buying,208.1100,GH¢ per AUD,0.020811,GH¢ per AUD,ok,
1999-10-08,AUDGHS,Australian Dollar,Selling,"1,816.5200",GH¢ per AUD,0.181652,GH¢ per AUD,ok,
1999-10-08,AUDGHS,Australian Dollar,Mid Rate,"1,012.3150",GH¢ per AUD,0.1012315,GH¢ per AUD,ok,
1999-10-08,CADGHS,Canadian Dollar,Buying,"1,820.5200",GH¢ per CAD,0.182052,GH¢ per CAD,ok,
1999-10-08,CADGHS,Canadian Dollar,Selling,"1,875.8600",GH¢ per CAD,0.187586,GH¢ per CAD,ok,
1999-10-08,CADGHS,Canadian Dollar,Mid Rate,"1,848.1900",GH¢ per CAD,0.184819,GH¢ per CAD,ok,
1999-10-08,CHFGHS,Swiss Franc,Buying,"1,798.6400",GH¢ per CHF,0.179864,GH¢ per CHF,ok,
1999-10-08,CHFGHS,Swiss Franc,Selling,"1,852.8200",GH¢ per CHF,0.185282,GH¢ per CHF,ok,
1999-10-08,CHFGHS,Swiss Franc,Mid Rate,"1,825.7300",GH¢ per CHF,0.182573,GH¢ per CHF,ok,
1999-10-08,DKKGHS,Danish Krone,Buying,385.4100,GH¢ per DKK,0.038541,GH¢ per DKK,ok,
1999-10-08,DKKGHS,Danish Krone,Selling,397.1900,GH¢ per DKK,0.039719,GH¢ per DKK,ok,
1999-10-08,DKKGHS,Danish Krone,Mid Rate,391.3000,GH¢ per DKK,0.03913,GH¢ per DKK,ok,
1999-10-08,GBPGHS,Pound Sterling,Buying,"4,414.9300",GH¢ per GBP,0.441493,GH¢ per GBP,ok,
1999-10-08,GBPGHS,Pound Sterling,Selling,"4,554.9600",GH¢ per GBP,0.455496,GH¢ per GBP,ok,
1999-10-08,GBPGHS,Pound Sterling,Mid Rate,"4,484.9450",GH¢ per GBP,0.4484945,GH¢ per GBP,ok,
1999-10-08,JPYGHS,Japanese yen,Buying,24.8500,GH¢ per JPY,0.002485,GH¢ per JPY,ok,
1999-10-08,JPYGHS,Japanese yen,Selling,25.6200,GH¢ per JPY,0.002562,GH¢ per JPY,ok,
1999-10-08,JPYGHS,Japanese yen,Mid Rate,25.2350,GH¢ per JPY,0.0025235,GH¢ per JPY,ok,
1999-10-08,NOKGHS,Norwegian Krone,Buying,345.3600,GH¢ per NOK,0.034536,GH¢ per NOK,ok,
1999-10-08,NOKGHS,Norwegian Krone,Selling,355.8700,GH¢ per NOK,0.035587,GH¢ per NOK,ok,
1999-10-08,NOKGHS,Norwegian Krone,Mid Rate,350.6150,GH¢ per NOK,0.0350615,GH¢ per NOK,ok,
1999-10-08,SEKGHS,Swedish Krona,Buying,328.7100,GH¢ per SEK,0.032871,GH¢ per SEK,ok,
1999-10-08,SEKGHS,Swedish Krona,Selling,338.5100,GH¢ per SEK,0.033851,GH¢ per SEK,ok,
1999-10-08,SEKGHS,Swedish Krona,Mid Rate,333.6100,GH¢ per SEK,0.033361,GH¢ per SEK,ok,
1999-10-11,USDGHS,US Dollar,Buying,"2,688.6400",GH¢ per USD,0.268864,GH¢ per USD,ok,
1999-10-11,USDGHS,US Dollar,Selling,"2,780.1800",GH¢ per USD,0.278018,GH¢ per USD,ok,
1999-10-11,USDGHS,US Dollar,Mid Rate,"2,734.4100",GH¢ per USD,0.273441,GH¢ per USD,ok,
1999-10-11,AUDGHS,Australian Dollar,Buying,207.6000,GH¢ per AUD,0.02076,GH¢ per AUD,ok,
1999-10-11,AUDGHS,Australian Dollar,Selling,"1,817.3900",GH¢ per AUD,0.181739,GH¢ per AUD,ok,
1999-10-11,AUDGHS,Australian Dollar,Mid Rate,"1,012.4950",GH¢ per AUD,0.1012495,GH¢ per AUD,ok,
1999-10-11,CADGHS,Canadian Dollar,Buying,"1,826.8000",GH¢ per CAD,0.18268,GH¢ per CAD,ok,
1999-10-11,CADGHS,Canadian Dollar,Selling,"1,887.6600",GH¢ per CAD,0.188766,GH¢ per CAD,ok,
1999-10-11,CADGHS,Canadian Dollar,Mid Rate,"1,857.2300",GH¢ per CAD,0.185723,GH¢ per CAD,ok,
1999-10-11,CHFGHS,Swiss Franc,Buying,"1,792.9300",GH¢ per CHF,0.179293,GH¢ per CHF,ok,
1999-10-11,CHFGHS,Swiss Franc,Selling,"1,852.1800",GH¢ per CHF,0.185218,GH¢ per CHF,ok,
1999-10-11,CHFGHS,Swiss Franc,Mid Rate,"1,822.5550",GH¢ per CHF,0.1822555,GH¢ per CHF,ok,
1999-10-11,DKKGHS,Danish Krone,Buying,384.4200,GH¢ per DKK,0.038442,GH¢ per DKK,ok,
1999-10-11,DKKGHS,Danish Krone,Selling,397.3400,GH¢ per DKK,0.039734,GH¢ per DKK,ok,
1999-10-11,DKKGHS,Danish Krone,Mid Rate,390.8800,GH¢ per DKK,0.039088,GH¢ per DKK,ok,
1999-10-11,GBPGHS,Pound Sterling,Buying,"4,438.9400",GH¢ per GBP,0.443894,GH¢ per GBP,ok,
1999-10-11,GBPGHS,Pound Sterling,Selling,"4,592.8600",GH¢ per GBP,0.459286,GH¢ per GBP,ok,
1999-10-11,GBPGHS,Pound Sterling,Mid Rate,"4,515.9000",GH¢ per GBP,0.45159,GH¢ per GBP,ok,
1999-10-11,JPYGHS,Japanese yen,Buying,25.1400,GH¢ per JPY,0.002514,GH¢ per JPY,ok,
1999-10-11,JPYGHS,Japanese yen,Selling,25.9900,GH¢ per JPY,0.002599,GH¢ per JPY,ok,
1999-10-11,JPYGHS,Japanese yen,Mid Rate,25.5650,GH¢ per JPY,0.0025565,GH¢ per JPY,ok,
1999-10-11,NOKGHS,Norwegian Krone,Buying,344.0300,GH¢ per NOK,0.034403,GH¢ per NOK,ok,
1999-10-11,NOKGHS,Norwegian Krone,Selling,355.5200,GH¢ per NOK,0.035552,GH¢ per NOK,ok,
1999-10-11,NOKGHS,Norwegian Krone,Mid Rate,349.7750,GH¢ per NOK,0.0349775,GH¢ per NOK,ok,
1999-10-11,SEKGHS,Swedish Krona,Buying,328.8900,GH¢ per SEK,0.032889,GH¢ per SEK,ok,
1999-10-11,SEKGHS,Swedish Krona,Selling,339.6700,GH¢ per SEK,0.033967,GH¢ per SEK,ok,
1999-10-11,SEKGHS,Swedish Krona,Mid Rate,334.2800,GH¢ per SEK,0.033428,GH¢ per SEK,ok,
1999-10-12,USDGHS,US Dollar,Buying,"2,699.0900",GH¢ per USD,0.269909,GH¢ per USD,ok,
1999-10-12,USDGHS,US Dollar,Selling,"2,791.1800",GH¢ per USD,0.279118,GH¢ per USD,ok,
1999-10-12,USDGHS,US Dollar,Mid Rate,"2,745.1350",GH¢ per USD,0.2745135,GH¢ per USD,ok,
1999-10-12,AUDGHS,Australian Dollar,Buying,209.2300,GH¢ per AUD,0.020923,GH¢ per AUD,ok,
1999-10-12,AUDGHS,Australian Dollar,Selling,"1,824.5100",GH¢ per AUD,0.182451,GH¢ per AUD,ok,
1999-10-12,AUDGHS,Australian Dollar,Mid Rate,"1,016.8700",GH¢ per AUD,0.101687,GH¢ per AUD,ok,
1999-10-12,CADGHS,Canadian Dollar,Buying,"1,832.1600",GH¢ per CAD,0.183216,GH¢ per CAD,ok,
1999-10-12,CADGHS,Canadian Dollar,Selling,"1,893.3800",GH¢ per CAD,0.189338,GH¢ per CAD,ok,
1999-10-12,CADGHS,Canadian Dollar,Mid Rate,"1,862.7700",GH¢ per CAD,0.186277,GH¢ per CAD,ok,
1999-10-12,CHFGHS,Swiss Franc,Buying,"1,805.9100",GH¢ per CHF,0.180591,GH¢ per CHF,ok,
1999-10-12,CHFGHS,Swiss Franc,Selling,"1,866.2800",GH¢ per CHF,0.186628,GH¢ per CHF,ok,
1999-10-12,CHFGHS,Swiss Franc,Mid Rate,"1,836.0950",GH¢ per CHF,0.1836095,GH¢ per CHF,ok,
1999-10-12,DKKGHS,Danish Krone,Buying,387.4100,GH¢ per DKK,0.038741,GH¢ per DKK,ok,
1999-10-12,DKKGHS,Danish Krone,Selling,400.4500,GH¢ per DKK,0.040045,GH¢ per DKK,ok,
1999-10-12,DKKGHS,Danish Krone,Mid Rate,393.9300,GH¢ per DKK,0.039393,GH¢ per DKK,ok,
1999-10-12,GBPGHS,Pound Sterling,Buying,"4,462.4100",GH¢ per GBP,0.446241,GH¢ per GBP,ok,
1999-10-12,GBPGHS,Pound Sterling,Selling,"4,615.5000",GH¢ per GBP,0.46155,GH¢ per GBP,ok,
1999-10-12,GBPGHS,Pound Sterling,Mid Rate,"4,538.9550",GH¢ per GBP,0.4538955,GH¢ per GBP,ok,
1999-10-12,JPYGHS,Japanese yen,Buying,25.4300,GH¢ per JPY,0.002543,GH¢ per JPY,ok,
1999-10-12,JPYGHS,Japanese yen,Selling,26.2900,GH¢ per JPY,0.002629,GH¢ per JPY,ok,
1999-10-12,JPYGHS,Japanese yen,Mid Rate,25.8600,GH¢ per JPY,0.002586,GH¢ per JPY,ok,
1999-10-12,NOKGHS,Norwegian Krone,Buying,346.5700,GH¢ per NOK,0.034657,GH¢ per NOK,ok,
1999-10-12,NOKGHS,Norwegian Krone,Selling,358.1700,GH¢ per NOK,0.035817,GH¢ per NOK,ok,
1999-10-12,NOKGHS,Norwegian Krone,Mid Rate,352.3700,GH¢ per NOK,0.035237,GH¢ per NOK,ok,
1999-10-12,SEKGHS,Swedish Krona,Buying,331.8300,GH¢ per SEK,0.033183,GH¢ per SEK,ok,
1999-10-12,SEKGHS,Swedish Krona,Selling,342.7300,GH¢ per SEK,0.034273,GH¢ per SEK,ok,
1999-10-12,SEKGHS,Swedish Krona,Mid Rate,337.2800,GH¢ per SEK,0.033728,GH¢ per SEK,ok,
1999-10-13,USDGHS,US Dollar,Buying,"2,713.7300",GH¢ per USD,0.271373,GH¢ per USD,ok,
1999-10-13,USDGHS,US Dollar,Selling,"2,799.5500",GH¢ per USD,0.279955,GH¢ per USD,ok,
1999-10-13,USDGHS,US Dollar,Mid Rate,"2,756.6400",GH¢ per USD,0.275664,GH¢ per USD,ok,
1999-10-13,AUDGHS,Australian Dollar,Buying,212.6400,GH¢ per AUD,0.021264,GH¢ per AUD,ok,
1999-10-13,AUDGHS,Australian Dollar,Selling,"1,841.1600",GH¢ per AUD,0.184116,GH¢ per AUD,ok,
1999-10-13,AUDGHS,Australian Dollar,Mid Rate,"1,026.9000",GH¢ per AUD,0.10269,GH¢ per AUD,ok,
1999-10-13,CADGHS,Canadian Dollar,Buying,"1,839.4400",GH¢ per CAD,0.183944,GH¢ per CAD,ok,
1999-10-13,CADGHS,Canadian Dollar,Selling,"1,896.3500",GH¢ per CAD,0.189635,GH¢ per CAD,ok,
1999-10-13,CADGHS,Canadian Dollar,Mid Rate,"1,867.8950",GH¢ per CAD,0.1867895,GH¢ per CAD,ok,
1999-10-13,CHFGHS,Swiss Franc,Buying,"1,839.7400",GH¢ per CHF,0.183974,GH¢ per CHF,ok,
1999-10-13,CHFGHS,Swiss Franc,Selling,"1,896.1200",GH¢ per CHF,0.189612,GH¢ per CHF,ok,
1999-10-13,CHFGHS,Swiss Franc,Mid Rate,"1,867.9300",GH¢ per CHF,0.186793,GH¢ per CHF,ok,
1999-10-13,DKKGHS,Danish Krone,Buying,393.6500,GH¢ per DKK,0.039365,GH¢ per DKK,ok,
1999-10-13,DKKGHS,Danish Krone,Selling,405.8700,GH¢ per DKK,0.040587,GH¢ per DKK,ok,
1999-10-13,DKKGHS,Danish Krone,Mid Rate,399.7600,GH¢ per DKK,0.039976,GH¢ per DKK,ok,
1999-10-13,GBPGHS,Pound Sterling,Buying,"4,493.9400",GH¢ per GBP,0.449394,GH¢ per GBP,ok,
1999-10-13,GBPGHS,Pound Sterling,Selling,"4,638.8500",GH¢ per GBP,0.463885,GH¢ per GBP,ok,
1999-10-13,GBPGHS,Pound Sterling,Mid Rate,"4,566.3950",GH¢ per GBP,0.4566395,GH¢ per GBP,ok,
1999-10-13,JPYGHS,Japanese yen,Buying,25.5400,GH¢ per JPY,0.002554,GH¢ per JPY,ok,
1999-10-13,JPYGHS,Japanese yen,Selling,26.3400,GH¢ per JPY,0.002634,GH¢ per JPY,ok,
1999-10-13,JPYGHS,Japanese yen,Mid Rate,25.9400,GH¢ per JPY,0.002594,GH¢ per JPY,ok,
1999-10-13,NOKGHS,Norwegian Krone,Buying,351.9600,GH¢ per NOK,0.035196,GH¢ per NOK,ok,
1999-10-13,NOKGHS,Norwegian Krone,Selling,362.8600,GH¢ per NOK,0.036286,GH¢ per NOK,ok,
1999-10-13,NOKGHS,Norwegian Krone,Mid Rate,357.4100,GH¢ per NOK,0.035741,GH¢ per NOK,ok,
1999-10-13,SEKGHS,Swedish Krona,Buying,335.7100,GH¢ per SEK,0.033571,GH¢ per SEK,ok,
1999-10-13,SEKGHS,Swedish Krona,Selling,345.9000,GH¢ per SEK,0.03459,GH¢ per SEK,ok,
1999-10-13,SEKGHS,Swedish Krona,Mid Rate,340.8050,GH¢ per SEK,0.0340805,GH¢ per SEK,ok,
1999-10-14,USDGHS,US Dollar,Buying,"2,736.3600",GH¢ per USD,0.273636,GH¢ per USD,ok,
1999-10-14,USDGHS,US Dollar,Selling,"2,816.5500",GH¢ per USD,0.281655,GH¢ per USD,ok,
1999-10-14,USDGHS,US Dollar,Mid Rate,"2,776.4550",GH¢ per USD,0.2776455,GH¢ per USD,ok,
1999-10-14,AUDGHS,Australian Dollar,Buying,214.6000,GH¢ per AUD,0.02146,GH¢ per AUD,ok,
1999-10-14,AUDGHS,Australian Dollar,Selling,"1,831.7300",GH¢ per AUD,0.183173,GH¢ per AUD,ok,
1999-10-14,AUDGHS,Australian Dollar,Mid Rate,"1,023.1650",GH¢ per AUD,0.1023165,GH¢ per AUD,ok,
1999-10-14,CADGHS,Canadian Dollar,Buying,"1,847.3300",GH¢ per CAD,0.184733,GH¢ per CAD,ok,
1999-10-14,CADGHS,Canadian Dollar,Selling,"1,900.2100",GH¢ per CAD,0.190021,GH¢ per CAD,ok,
1999-10-14,CADGHS,Canadian Dollar,Mid Rate,"1,873.7700",GH¢ per CAD,0.187377,GH¢ per CAD,ok,
1999-10-14,CHFGHS,Swiss Franc,Buying,"1,855.8900",GH¢ per CHF,0.185589,GH¢ per CHF,ok,
1999-10-14,CHFGHS,Swiss Franc,Selling,"1,909.0100",GH¢ per CHF,0.190901,GH¢ per CHF,ok,
1999-10-14,CHFGHS,Swiss Franc,Mid Rate,"1,882.4500",GH¢ per CHF,0.188245,GH¢ per CHF,ok,
1999-10-14,DKKGHS,Danish Krone,Buying,397.2000,GH¢ per DKK,0.03972,GH¢ per DKK,ok,
1999-10-14,DKKGHS,Danish Krone,Selling,408.6600,GH¢ per DKK,0.040866,GH¢ per DKK,ok,
1999-10-14,DKKGHS,Danish Krone,Mid Rate,402.9300,GH¢ per DKK,0.040293,GH¢ per DKK,ok,
1999-10-14,GBPGHS,Pound Sterling,Buying,"4,524.3000",GH¢ per GBP,0.45243,GH¢ per GBP,ok,
1999-10-14,GBPGHS,Pound Sterling,Selling,"4,659.7000",GH¢ per GBP,0.46597,GH¢ per GBP,ok,
1999-10-14,GBPGHS,Pound Sterling,Mid Rate,"4,592.0000",GH¢ per GBP,0.4592,GH¢ per GBP,ok,
1999-10-14,JPYGHS,Japanese yen,Buying,25.5300,GH¢ per JPY,0.002553,GH¢ per JPY,ok,
1999-10-14,JPYGHS,Japanese yen,Selling,26.2700,GH¢ per JPY,0.002627,GH¢ per JPY,ok,
1999-10-14,JPYGHS,Japanese yen,Mid Rate,25.9000,GH¢ per JPY,0.00259,GH¢ per JPY,ok,
1999-10-14,NOKGHS,Norwegian Krone,Buying,354.5400,GH¢ per NOK,0.035454,GH¢ per NOK,ok,
1999-10-14,NOKGHS,Norwegian Krone,Selling,364.6900,GH¢ per NOK,0.036469,GH¢ per NOK,ok,
1999-10-14,NOKGHS,Norwegian Krone,Mid Rate,359.6150,GH¢ per NOK,0.0359615,GH¢ per NOK,ok,
1999-10-14,SEKGHS,Swedish Krona,Buying,337.6100,GH¢ per SEK,0.033761,GH¢ per SEK,ok,
1999-10-14,SEKGHS,Swedish Krona,Selling,347.0800,GH¢ per SEK,0.034708,GH¢ per SEK,ok,
1999-10-14,SEKGHS,Swedish Krona,Mid Rate,342.3450,GH¢ per SEK,0.0342345,GH¢ per SEK,ok,
1999-10-15,USDGHS,US Dollar,Buying,"2,753.8200",GH¢ per USD,0.275382,GH¢ per USD,ok,
1999-10-15,USDGHS,US Dollar,Selling,"2,831.2700",GH¢ per USD,0.283127,GH¢ per USD,ok,
1999-10-15,USDGHS,US Dollar,Mid Rate,"2,792.5450",GH¢ per USD,0.2792545,GH¢ per USD,ok,
1999-10-15,AUDGHS,Australian Dollar,Buying,217.3100,GH¢ per AUD,0.021731,GH¢ per AUD,ok,
1999-10-15,AUDGHS,Australian Dollar,Selling,"1,849.2400",GH¢ per AUD,0.184924,GH¢ per AUD,ok,
1999-10-15,AUDGHS,Australian Dollar,Mid Rate,"1,033.2750",GH¢ per AUD,0.1033275,GH¢ per AUD,ok,
1999-10-15,CADGHS,Canadian Dollar,Buying,"1,858.8600",GH¢ per CAD,0.185886,GH¢ per CAD,ok,
1999-10-15,CADGHS,Canadian Dollar,Selling,"1,910.5100",GH¢ per CAD,0.191051,GH¢ per CAD,ok,
1999-10-15,CADGHS,Canadian Dollar,Mid Rate,"1,884.6850",GH¢ per CAD,0.1884685,GH¢ per CAD,ok,
1999-10-15,CHFGHS,Swiss Franc,Buying,"1,882.5400",GH¢ per CHF,0.188254,GH¢ per CHF,ok,
1999-10-15,CHFGHS,Swiss Franc,Selling,"1,934.1100",GH¢ per CHF,0.193411,GH¢ per CHF,ok,
1999-10-15,CHFGHS,Swiss Franc,Mid Rate,"1,908.3250",GH¢ per CHF,0.1908325,GH¢ per CHF,ok,
1999-10-15,DKKGHS,Danish Krone,Buying,402.4000,GH¢ per DKK,0.04024,GH¢ per DKK,ok,
1999-10-15,DKKGHS,Danish Krone,Selling,413.4800,GH¢ per DKK,0.041348,GH¢ per DKK,ok,
1999-10-15,DKKGHS,Danish Krone,Mid Rate,407.9400,GH¢ per DKK,0.040794,GH¢ per DKK,ok,
1999-10-15,GBPGHS,Pound Sterling,Buying,"4,580.9800",GH¢ per GBP,0.458098,GH¢ per GBP,ok,
1999-10-15,GBPGHS,Pound Sterling,Selling,"4,712.6500",GH¢ per GBP,0.471265,GH¢ per GBP,ok,
1999-10-15,GBPGHS,Pound Sterling,Mid Rate,"4,646.8150",GH¢ per GBP,0.4646815,GH¢ per GBP,ok,
1999-10-15,JPYGHS,Japanese yen,Buying,25.8800,GH¢ per JPY,0.002588,GH¢ per JPY,ok,
1999-10-15,JPYGHS,Japanese yen,Selling,26.6100,GH¢ per JPY,0.002661,GH¢ per JPY,ok,
1999-10-15,JPYGHS,Japanese yen,Mid Rate,26.2450,GH¢ per JPY,0.0026245,GH¢ per JPY,ok,
1999-10-15,NOKGHS,Norwegian Krone,Buying,358.9300,GH¢ per NOK,0.035893,GH¢ per NOK,ok,
1999-10-15,NOKGHS,Norwegian Krone,Selling,368.7800,GH¢ per NOK,0.036878,GH¢ per NOK,ok,
1999-10-15,NOKGHS,Norwegian Krone,Mid Rate,363.8550,GH¢ per NOK,0.0363855,GH¢ per NOK,ok,
1999-10-15,SEKGHS,Swedish Krona,Buying,340.9500,GH¢ per SEK,0.034095,GH¢ per SEK,ok,
1999-10-15,SEKGHS,Swedish Krona,Selling,350.1000,GH¢ per SEK,0.03501,GH¢ per SEK,ok,
1999-10-15,SEKGHS,Swedish Krona,Mid Rate,345.5250,GH¢ per SEK,0.0345525,GH¢ per SEK,ok,
1999-10-18,USDGHS,US Dollar,Buying,"2,764.5500",GH¢ per USD,0.276455,GH¢ per USD,ok,
1999-10-18,USDGHS,US Dollar,Selling,"2,850.0000",GH¢ per USD,0.285,GH¢ per USD,ok,
1999-10-18,USDGHS,US Dollar,Mid Rate,"2,807.2750",GH¢ per USD,0.2807275,GH¢ per USD,ok,
1999-10-18,AUDGHS,Australian Dollar,Buying,218.3700,GH¢ per AUD,0.021837,GH¢ per AUD,ok,
1999-10-18,AUDGHS,Australian Dollar,Selling,"1,838.9600",GH¢ per AUD,0.183896,GH¢ per AUD,ok,
1999-10-18,AUDGHS,Australian Dollar,Mid Rate,"1,028.6650",GH¢ per AUD,0.1028665,GH¢ per AUD,ok,
1999-10-18,CADGHS,Canadian Dollar,Buying,"1,858.0700",GH¢ per CAD,0.185807,GH¢ per CAD,ok,
1999-10-18,CADGHS,Canadian Dollar,Selling,"1,914.3800",GH¢ per CAD,0.191438,GH¢ per CAD,ok,
1999-10-18,CADGHS,Canadian Dollar,Mid Rate,"1,886.2250",GH¢ per CAD,0.1886225,GH¢ per CAD,ok,
1999-10-18,CHFGHS,Swiss Franc,Buying,"1,893.0000",GH¢ per CHF,0.1893,GH¢ per CHF,ok,
1999-10-18,CHFGHS,Swiss Franc,Selling,"1,951.1400",GH¢ per CHF,0.195114,GH¢ per CHF,ok,
1999-10-18,CHFGHS,Swiss Franc,Mid Rate,"1,922.0700",GH¢ per CHF,0.192207,GH¢ per CHF,ok,
1999-10-18,DKKGHS,Danish Krone,Buying,404.1800,GH¢ per DKK,0.040418,GH¢ per DKK,ok,
1999-10-18,DKKGHS,Danish Krone,Selling,416.6200,GH¢ per DKK,0.041662,GH¢ per DKK,ok,
1999-10-18,DKKGHS,Danish Krone,Mid Rate,410.4000,GH¢ per DKK,0.04104,GH¢ per DKK,ok,
1999-10-18,GBPGHS,Pound Sterling,Buying,"4,611.5500",GH¢ per GBP,0.461155,GH¢ per GBP,ok,
1999-10-18,GBPGHS,Pound Sterling,Selling,"4,755.5100",GH¢ per GBP,0.475551,GH¢ per GBP,ok,
1999-10-18,GBPGHS,Pound Sterling,Mid Rate,"4,683.5300",GH¢ per GBP,0.468353,GH¢ per GBP,ok,
1999-10-18,JPYGHS,Japanese yen,Buying,26.3000,GH¢ per JPY,0.00263,GH¢ per JPY,ok,
1999-10-18,JPYGHS,Japanese yen,Selling,27.1000,GH¢ per JPY,0.00271,GH¢ per JPY,ok,
1999-10-18,JPYGHS,Japanese yen,Mid Rate,26.7000,GH¢ per JPY,0.00267,GH¢ per JPY,ok,
1999-10-18,NOKGHS,Norwegian Krone,Buying,359.6200,GH¢ per NOK,0.035962,GH¢ per NOK,ok,
1999-10-18,NOKGHS,Norwegian Krone,Selling,370.5400,GH¢ per NOK,0.037054,GH¢ per NOK,ok,
1999-10-18,NOKGHS,Norwegian Krone,Mid Rate,365.0800,GH¢ per NOK,0.036508,GH¢ per NOK,ok,
1999-10-18,SEKGHS,Swedish Krona,Buying,340.2700,GH¢ per SEK,0.034027,GH¢ per SEK,ok,
1999-10-18,SEKGHS,Swedish Krona,Selling,350.4000,GH¢ per SEK,0.03504,GH¢ per SEK,ok,
1999-10-18,SEKGHS,Swedish Krona,Mid Rate,345.3350,GH¢ per SEK,0.0345335,GH¢ per SEK,ok,
1999-10-19,USDGHS,US Dollar,Buying,"2,777.4500",GH¢ per USD,0.277745,GH¢ per USD,ok,
1999-10-19,USDGHS,US Dollar,Selling,"2,866.1800",GH¢ per USD,0.286618,GH¢ per USD,ok,
1999-10-19,USDGHS,US Dollar,Mid Rate,"2,821.8150",GH¢ per USD,0.2821815,GH¢ per USD,ok,
1999-10-19,AUDGHS,Australian Dollar,Buying,218.7900,GH¢ per AUD,0.021879,GH¢ per AUD,ok,
1999-10-19,AUDGHS,Australian Dollar,Selling,"1,853.8200",GH¢ per AUD,0.185382,GH¢ per AUD,ok,
1999-10-19,AUDGHS,Australian Dollar,Mid Rate,"1,036.3050",GH¢ per AUD,0.1036305,GH¢ per AUD,ok,
1999-10-19,CADGHS,Canadian Dollar,Buying,"1,860.6600",GH¢ per CAD,0.186066,GH¢ per CAD,ok,
1999-10-19,CADGHS,Canadian Dollar,Selling,"1,919.2100",GH¢ per CAD,0.191921,GH¢ per CAD,ok,
1999-10-19,CADGHS,Canadian Dollar,Mid Rate,"1,889.9350",GH¢ per CAD,0.1889935,GH¢ per CAD,ok,
1999-10-19,CHFGHS,Swiss Franc,Buying,"1,896.0400",GH¢ per CHF,0.189604,GH¢ per CHF,ok,
1999-10-19,CHFGHS,Swiss Franc,Selling,"1,955.0400",GH¢ per CHF,0.195504,GH¢ per CHF,ok,
1999-10-19,CHFGHS,Swiss Franc,Mid Rate,"1,925.5400",GH¢ per CHF,0.192554,GH¢ per CHF,ok,
1999-10-19,DKKGHS,Danish Krone,Buying,405.0100,GH¢ per DKK,0.040501,GH¢ per DKK,ok,
1999-10-19,DKKGHS,Danish Krone,Selling,417.7300,GH¢ per DKK,0.041773,GH¢ per DKK,ok,
1999-10-19,DKKGHS,Danish Krone,Mid Rate,411.3700,GH¢ per DKK,0.041137,GH¢ per DKK,ok,
1999-10-19,GBPGHS,Pound Sterling,Buying,"4,636.9500",GH¢ per GBP,0.463695,GH¢ per GBP,ok,
1999-10-19,GBPGHS,Pound Sterling,Selling,"4,786.5200",GH¢ per GBP,0.478652,GH¢ per GBP,ok,
1999-10-19,GBPGHS,Pound Sterling,Mid Rate,"4,711.7350",GH¢ per GBP,0.4711735,GH¢ per GBP,ok,
1999-10-19,JPYGHS,Japanese yen,Buying,26.3700,GH¢ per JPY,0.002637,GH¢ per JPY,ok,
1999-10-19,JPYGHS,Japanese yen,Selling,27.2000,GH¢ per JPY,0.00272,GH¢ per JPY,ok,
1999-10-19,JPYGHS,Japanese yen,Mid Rate,26.7850,GH¢ per JPY,0.0026785,GH¢ per JPY,ok,
1999-10-19,NOKGHS,Norwegian Krone,Buying,360.3300,GH¢ per NOK,0.036033,GH¢ per NOK,ok,
1999-10-19,NOKGHS,Norwegian Krone,Selling,371.5500,GH¢ per NOK,0.037155,GH¢ per NOK,ok,
1999-10-19,NOKGHS,Norwegian Krone,Mid Rate,365.9400,GH¢ per NOK,0.036594,GH¢ per NOK,ok,
1999-10-19,SEKGHS,Swedish Krona,Buying,340.5400,GH¢ per SEK,0.034054,GH¢ per SEK,ok,
1999-10-19,SEKGHS,Swedish Krona,Selling,350.9500,GH¢ per SEK,0.035095,GH¢ per SEK,ok,
1999-10-19,SEKGHS,Swedish Krona,Mid Rate,345.7450,GH¢ per SEK,0.0345745,GH¢ per SEK,ok,
1999-10-20,USDGHS,US Dollar,Buying,"2,787.9100",GH¢ per USD,0.278791,GH¢ per USD,ok,
1999-10-20,USDGHS,US Dollar,Selling,"2,878.1800",GH¢ per USD,0.287818,GH¢ per USD,ok,
1999-10-20,USDGHS,US Dollar,Mid Rate,"2,833.0450",GH¢ per USD,0.2833045,GH¢ per USD,ok,
1999-10-20,AUDGHS,Australian Dollar,Buying,219.5000,GH¢ per AUD,0.02195,GH¢ per AUD,ok,
1999-10-20,AUDGHS,Australian Dollar,Selling,"1,868.8500",GH¢ per AUD,0.186885,GH¢ per AUD,ok,
1999-10-20,AUDGHS,Australian Dollar,Mid Rate,"1,044.1750",GH¢ per AUD,0.1044175,GH¢ per AUD,ok,
1999-10-20,CADGHS,Canadian Dollar,Buying,"1,873.3300",GH¢ per CAD,0.187333,GH¢ per CAD,ok,
1999-10-20,CADGHS,Canadian Dollar,Selling,"1,932.8100",GH¢ per CAD,0.193281,GH¢ per CAD,ok,
1999-10-20,CADGHS,Canadian Dollar,Mid Rate,"1,903.0700",GH¢ per CAD,0.190307,GH¢ per CAD,ok,
1999-10-20,CHFGHS,Swiss Franc,Buying,"1,899.5200",GH¢ per CHF,0.189952,GH¢ per CHF,ok,
1999-10-20,CHFGHS,Swiss Franc,Selling,"1,959.8100",GH¢ per CHF,0.195981,GH¢ per CHF,ok,
1999-10-20,CHFGHS,Swiss Franc,Mid Rate,"1,929.6650",GH¢ per CHF,0.1929665,GH¢ per CHF,ok,
1999-10-20,DKKGHS,Danish Krone,Buying,406.1900,GH¢ per DKK,0.040619,GH¢ per DKK,ok,
1999-10-20,DKKGHS,Danish Krone,Selling,419.1800,GH¢ per DKK,0.041918,GH¢ per DKK,ok,
1999-10-20,DKKGHS,Danish Krone,Mid Rate,412.6850,GH¢ per DKK,0.0412685,GH¢ per DKK,ok,
1999-10-20,GBPGHS,Pound Sterling,Buying,"4,659.7100",GH¢ per GBP,0.465971,GH¢ per GBP,ok,
1999-10-20,GBPGHS,Pound Sterling,Selling,"4,812.8900",GH¢ per GBP,0.481289,GH¢ per GBP,ok,
1999-10-20,GBPGHS,Pound Sterling,Mid Rate,"4,736.3000",GH¢ per GBP,0.47363,GH¢ per GBP,ok,
1999-10-20,JPYGHS,Japanese yen,Buying,26.2400,GH¢ per JPY,0.002624,GH¢ per JPY,ok,
1999-10-20,JPYGHS,Japanese yen,Selling,27.0800,GH¢ per JPY,0.002708,GH¢ per JPY,ok,
1999-10-20,JPYGHS,Japanese yen,Mid Rate,26.6600,GH¢ per JPY,0.002666,GH¢ per JPY,ok,
1999-10-20,NOKGHS,Norwegian Krone,Buying,362.5100,GH¢ per NOK,0.036251,GH¢ per NOK,ok,
1999-10-20,NOKGHS,Norwegian Krone,Selling,374.0300,GH¢ per NOK,0.037403,GH¢ per NOK,ok,
1999-10-20,NOKGHS,Norwegian Krone,Mid Rate,368.2700,GH¢ per NOK,0.036827,GH¢ per NOK,ok,
1999-10-20,SEKGHS,Swedish Krona,Buying,342.9000,GH¢ per SEK,0.03429,GH¢ per SEK,ok,
1999-10-20,SEKGHS,Swedish Krona,Selling,353.5800,GH¢ per SEK,0.035358,GH¢ per SEK,ok,
1999-10-20,SEKGHS,Swedish Krona,Mid Rate,348.2400,GH¢ per SEK,0.034824,GH¢ per SEK,ok,
1999-10-21,USDGHS,US Dollar,Buying,"2,790.7300",GH¢ per USD,0.279073,GH¢ per USD,ok,
1999-10-21,USDGHS,US Dollar,Selling,"2,881.7300",GH¢ per USD,0.288173,GH¢ per USD,ok,
1999-10-21,USDGHS,US Dollar,Mid Rate,"2,836.2300",GH¢ per USD,0.283623,GH¢ per USD,ok,
1999-10-21,AUDGHS,Australian Dollar,Buying,218.5800,GH¢ per AUD,0.021858,GH¢ per AUD,ok,
1999-10-21,AUDGHS,Australian Dollar,Selling,"1,871.2900",GH¢ per AUD,0.187129,GH¢ per AUD,ok,
1999-10-21,AUDGHS,Australian Dollar,Mid Rate,"1,044.9350",GH¢ per AUD,0.1044935,GH¢ per AUD,ok,
1999-10-21,CADGHS,Canadian Dollar,Buying,"1,878.4500",GH¢ per CAD,0.187845,GH¢ per CAD,ok,
1999-10-21,CADGHS,Canadian Dollar,Selling,"1,938.5900",GH¢ per CAD,0.193859,GH¢ per CAD,ok,
1999-10-21,CADGHS,Canadian Dollar,Mid Rate,"1,908.5200",GH¢ per CAD,0.190852,GH¢ per CAD,ok,
1999-10-21,CHFGHS,Swiss Franc,Buying,"1,888.9700",GH¢ per CHF,0.188897,GH¢ per CHF,ok,
1999-10-21,CHFGHS,Swiss Franc,Selling,"1,949.5200",GH¢ per CHF,0.194952,GH¢ per CHF,ok,
1999-10-21,CHFGHS,Swiss Franc,Mid Rate,"1,919.2450",GH¢ per CHF,0.1919245,GH¢ per CHF,ok,
1999-10-21,DKKGHS,Danish Krone,Buying,404.6400,GH¢ per DKK,0.040464,GH¢ per DKK,ok,
1999-10-21,DKKGHS,Danish Krone,Selling,417.7000,GH¢ per DKK,0.04177,GH¢ per DKK,ok,
1999-10-21,DKKGHS,Danish Krone,Mid Rate,411.1700,GH¢ per DKK,0.041117,GH¢ per DKK,ok,
1999-10-21,GBPGHS,Pound Sterling,Buying,"4,651.0300",GH¢ per GBP,0.465103,GH¢ per GBP,ok,
1999-10-21,GBPGHS,Pound Sterling,Selling,"4,805.5700",GH¢ per GBP,0.480557,GH¢ per GBP,ok,
1999-10-21,GBPGHS,Pound Sterling,Mid Rate,"4,728.3000",GH¢ per GBP,0.47283,GH¢ per GBP,ok,
1999-10-21,JPYGHS,Japanese yen,Buying,26.3100,GH¢ per JPY,0.002631,GH¢ per JPY,ok,
1999-10-21,JPYGHS,Japanese yen,Selling,27.1700,GH¢ per JPY,0.002717,GH¢ per JPY,ok,
1999-10-21,JPYGHS,Japanese yen,Mid Rate,26.7400,GH¢ per JPY,0.002674,GH¢ per JPY,ok,
1999-10-21,NOKGHS,Norwegian Krone,Buying,360.7000,GH¢ per NOK,0.03607,GH¢ per NOK,ok,
1999-10-21,NOKGHS,Norwegian Krone,Selling,372.2700,GH¢ per NOK,0.037227,GH¢ per NOK,ok,
1999-10-21,NOKGHS,Norwegian Krone,Mid Rate,366.4850,GH¢ per NOK,0.0366485,GH¢ per NOK,ok,
1999-10-21,SEKGHS,Swedish Krona,Buying,341.7500,GH¢ per SEK,0.034175,GH¢ per SEK,ok,
1999-10-21,SEKGHS,Swedish Krona,Selling,352.5100,GH¢ per SEK,0.035251,GH¢ per SEK,ok,
1999-10-21,SEKGHS,Swedish Krona,Mid Rate,347.1300,GH¢ per SEK,0.034713,GH¢ per SEK,ok,
1999-10-22,USDGHS,US Dollar,Buying,"2,795.8200",GH¢ per USD,0.279582,GH¢ per USD,ok,
1999-10-22,USDGHS,US Dollar,Selling,"2,891.0000",GH¢ per USD,0.2891,GH¢ per USD,ok,
1999-10-22,USDGHS,US Dollar,Mid Rate,"2,843.4100",GH¢ per USD,0.284341,GH¢ per USD,ok,
1999-10-22,AUDGHS,Australian Dollar,Buying,219.6200,GH¢ per AUD,0.021962,GH¢ per AUD,ok,
1999-10-22,AUDGHS,Australian Dollar,Selling,"1,883.4600",GH¢ per AUD,0.188346,GH¢ per AUD,ok,
1999-10-22,AUDGHS,Australian Dollar,Mid Rate,"1,051.5400",GH¢ per AUD,0.105154,GH¢ per AUD,ok,
1999-10-22,CADGHS,Canadian Dollar,Buying,"1,889.7600",GH¢ per CAD,0.188976,GH¢ per CAD,ok,
1999-10-22,CADGHS,Canadian Dollar,Selling,"1,952.7800",GH¢ per CAD,0.195278,GH¢ per CAD,ok,
1999-10-22,CADGHS,Canadian Dollar,Mid Rate,"1,921.2700",GH¢ per CAD,0.192127,GH¢ per CAD,ok,
1999-10-22,CHFGHS,Swiss Franc,Buying,"1,896.7900",GH¢ per CHF,0.189679,GH¢ per CHF,ok,
1999-10-22,CHFGHS,Swiss Franc,Selling,"1,960.4400",GH¢ per CHF,0.196044,GH¢ per CHF,ok,
1999-10-22,CHFGHS,Swiss Franc,Mid Rate,"1,928.6150",GH¢ per CHF,0.1928615,GH¢ per CHF,ok,
1999-10-22,DKKGHS,Danish Krone,Buying,406.1400,GH¢ per DKK,0.040614,GH¢ per DKK,ok,
1999-10-22,DKKGHS,Danish Krone,Selling,419.6800,GH¢ per DKK,0.041968,GH¢ per DKK,ok,
1999-10-22,DKKGHS,Danish Krone,Mid Rate,412.9100,GH¢ per DKK,0.041291,GH¢ per DKK,ok,
1999-10-22,GBPGHS,Pound Sterling,Buying,"4,689.4300",GH¢ per GBP,0.468943,GH¢ per GBP,ok,
1999-10-22,GBPGHS,Pound Sterling,Selling,"4,850.5200",GH¢ per GBP,0.485052,GH¢ per GBP,ok,
1999-10-22,GBPGHS,Pound Sterling,Mid Rate,"4,769.9750",GH¢ per GBP,0.4769975,GH¢ per GBP,ok,
1999-10-22,JPYGHS,Japanese yen,Buying,26.5500,GH¢ per JPY,0.002655,GH¢ per JPY,ok,
1999-10-22,JPYGHS,Japanese yen,Selling,27.4400,GH¢ per JPY,0.002744,GH¢ per JPY,ok,
1999-10-22,JPYGHS,Japanese yen,Mid Rate,26.9950,GH¢ per JPY,0.0026995,GH¢ per JPY,ok,
1999-10-22,NOKGHS,Norwegian Krone,Buying,363.0800,GH¢ per NOK,0.036308,GH¢ per NOK,ok,
1999-10-22,NOKGHS,Norwegian Krone,Selling,375.0800,GH¢ per NOK,0.037508,GH¢ per NOK,ok,
1999-10-22,NOKGHS,Norwegian Krone,Mid Rate,369.0800,GH¢ per NOK,0.036908,GH¢ per NOK,ok,
1999-10-22,SEKGHS,Swedish Krona,Buying,343.7800,GH¢ per SEK,0.034378,GH¢ per SEK,ok,
1999-10-22,SEKGHS,Swedish Krona,Selling,355.2600,GH¢ per SEK,0.035526,GH¢ per SEK,ok,
1999-10-22,SEKGHS,Swedish Krona,Mid Rate,349.5200,GH¢ per SEK,0.034952,GH¢ per SEK,ok,
1999-10-25,USDGHS,US Dollar,Buying,"2,814.0000",GH¢ per USD,0.2814,GH¢ per USD,ok,
1999-10-25,USDGHS,US Dollar,Selling,"2,907.2700",GH¢ per USD,0.290727,GH¢ per USD,ok,
1999-10-25,USDGHS,US Dollar,Mid Rate,"2,860.6350",GH¢ per USD,0.2860635,GH¢ per USD,ok,
1999-10-25,AUDGHS,Australian Dollar,Buying,218.7000,GH¢ per AUD,0.02187,GH¢ per AUD,ok,
1999-10-25,AUDGHS,Australian Dollar,Selling,"1,886.2800",GH¢ per AUD,0.188628,GH¢ per AUD,ok,
1999-10-25,AUDGHS,Australian Dollar,Mid Rate,"1,052.4900",GH¢ per AUD,0.105249,GH¢ per AUD,ok,
1999-10-25,CADGHS,Canadian Dollar,Buying,"1,915.0500",GH¢ per CAD,0.191505,GH¢ per CAD,ok,
1999-10-25,CADGHS,Canadian Dollar,Selling,"1,976.6100",GH¢ per CAD,0.197661,GH¢ per CAD,ok,
1999-10-25,CADGHS,Canadian Dollar,Mid Rate,"1,945.8300",GH¢ per CAD,0.194583,GH¢ per CAD,ok,
1999-10-25,CHFGHS,Swiss Franc,Buying,"1,889.2200",GH¢ per CHF,0.188922,GH¢ per CHF,ok,
1999-10-25,CHFGHS,Swiss Franc,Selling,"1,949.9800",GH¢ per CHF,0.194998,GH¢ per CHF,ok,
1999-10-25,CHFGHS,Swiss Franc,Mid Rate,"1,919.6000",GH¢ per CHF,0.19196,GH¢ per CHF,ok,
1999-10-25,DKKGHS,Danish Krone,Buying,406.8200,GH¢ per DKK,0.040682,GH¢ per DKK,ok,
1999-10-25,DKKGHS,Danish Krone,Selling,419.9600,GH¢ per DKK,0.041996,GH¢ per DKK,ok,
1999-10-25,DKKGHS,Danish Krone,Mid Rate,413.3900,GH¢ per DKK,0.041339,GH¢ per DKK,ok,
1999-10-25,GBPGHS,Pound Sterling,Buying,"4,664.4900",GH¢ per GBP,0.466449,GH¢ per GBP,ok,
1999-10-25,GBPGHS,Pound Sterling,Selling,"4,820.5400",GH¢ per GBP,0.482054,GH¢ per GBP,ok,
1999-10-25,GBPGHS,Pound Sterling,Mid Rate,"4,742.5150",GH¢ per GBP,0.4742515,GH¢ per GBP,ok,
1999-10-25,JPYGHS,Japanese yen,Buying,26.6700,GH¢ per JPY,0.002667,GH¢ per JPY,ok,
1999-10-25,JPYGHS,Japanese yen,Selling,27.5400,GH¢ per JPY,0.002754,GH¢ per JPY,ok,
1999-10-25,JPYGHS,Japanese yen,Mid Rate,27.1050,GH¢ per JPY,0.0027105,GH¢ per JPY,ok,
1999-10-25,NOKGHS,Norwegian Krone,Buying,365.0200,GH¢ per NOK,0.036502,GH¢ per NOK,ok,
1999-10-25,NOKGHS,Norwegian Krone,Selling,376.7600,GH¢ per NOK,0.037676,GH¢ per NOK,ok,
1999-10-25,NOKGHS,Norwegian Krone,Mid Rate,370.8900,GH¢ per NOK,0.037089,GH¢ per NOK,ok,
1999-10-25,SEKGHS,Swedish Krona,Buying,348.3800,GH¢ per SEK,0.034838,GH¢ per SEK,ok,
1999-10-25,SEKGHS,Swedish Krona,Selling,359.3700,GH¢ per SEK,0.035937,GH¢ per SEK,ok,
1999-10-25,SEKGHS,Swedish Krona,Mid Rate,353.8750,GH¢ per SEK,0.0353875,GH¢ per SEK,ok,
1999-10-26,USDGHS,US Dollar,Buying,"2,826.9100",GH¢ per USD,0.282691,GH¢ per USD,ok,
1999-10-26,USDGHS,US Dollar,Selling,"2,922.0000",GH¢ per USD,0.2922,GH¢ per USD,ok,
1999-10-26,USDGHS,US Dollar,Mid Rate,"2,874.4550",GH¢ per USD,0.2874455,GH¢ per USD,ok,
1999-10-26,AUDGHS,Australian Dollar,Buying,219.1100,GH¢ per AUD,0.021911,GH¢ per AUD,ok,
1999-10-26,AUDGHS,Australian Dollar,Selling,"1,909.0700",GH¢ per AUD,0.190907,GH¢ per AUD,ok,
1999-10-26,AUDGHS,Australian Dollar,Mid Rate,"1,064.0900",GH¢ per AUD,0.106409,GH¢ per AUD,ok,
1999-10-26,CADGHS,Canadian Dollar,Buying,"1,921.8800",GH¢ per CAD,0.192188,GH¢ per CAD,ok,
1999-10-26,CADGHS,Canadian Dollar,Selling,"1,986.1000",GH¢ per CAD,0.19861,GH¢ per CAD,ok,
1999-10-26,CADGHS,Canadian Dollar,Mid Rate,"1,953.9900",GH¢ per CAD,0.195399,GH¢ per CAD,ok,
1999-10-26,CHFGHS,Swiss Franc,Buying,"1,887.5300",GH¢ per CHF,0.188753,GH¢ per CHF,ok,
1999-10-26,CHFGHS,Swiss Franc,Selling,"1,949.9200",GH¢ per CHF,0.194992,GH¢ per CHF,ok,
1999-10-26,CHFGHS,Swiss Franc,Mid Rate,"1,918.7250",GH¢ per CHF,0.1918725,GH¢ per CHF,ok,
1999-10-26,DKKGHS,Danish Krone,Buying,405.6300,GH¢ per DKK,0.040563,GH¢ per DKK,ok,
1999-10-26,DKKGHS,Danish Krone,Selling,419.1100,GH¢ per DKK,0.041911,GH¢ per DKK,ok,
1999-10-26,DKKGHS,Danish Krone,Mid Rate,412.3700,GH¢ per DKK,0.041237,GH¢ per DKK,ok,
1999-10-26,GBPGHS,Pound Sterling,Buying,"4,688.4300",GH¢ per GBP,0.468843,GH¢ per GBP,ok,
1999-10-26,GBPGHS,Pound Sterling,Selling,"4,849.0600",GH¢ per GBP,0.484906,GH¢ per GBP,ok,
1999-10-26,GBPGHS,Pound Sterling,Mid Rate,"4,768.7450",GH¢ per GBP,0.4768745,GH¢ per GBP,ok,
1999-10-26,JPYGHS,Japanese yen,Buying,26.9500,GH¢ per JPY,0.002695,GH¢ per JPY,ok,
1999-10-26,JPYGHS,Japanese yen,Selling,27.8500,GH¢ per JPY,0.002785,GH¢ per JPY,ok,
1999-10-26,JPYGHS,Japanese yen,Mid Rate,27.4000,GH¢ per JPY,0.00274,GH¢ per JPY,ok,
1999-10-26,NOKGHS,Norwegian Krone,Buying,364.7400,GH¢ per NOK,0.036474,GH¢ per NOK,ok,
1999-10-26,NOKGHS,Norwegian Krone,Selling,376.8200,GH¢ per NOK,0.037682,GH¢ per NOK,ok,
1999-10-26,NOKGHS,Norwegian Krone,Mid Rate,370.7800,GH¢ per NOK,0.037078,GH¢ per NOK,ok,
1999-10-26,SEKGHS,Swedish Krona,Buying,347.8600,GH¢ per SEK,0.034786,GH¢ per SEK,ok,
1999-10-26,SEKGHS,Swedish Krona,Selling,359.1700,GH¢ per SEK,0.035917,GH¢ per SEK,ok,
1999-10-26,SEKGHS,Swedish Krona,Mid Rate,353.5150,GH¢ per SEK,0.0353515,GH¢ per SEK,ok,
1999-10-27,USDGHS,US Dollar,Buying,"2,836.0000",GH¢ per USD,0.2836,GH¢ per USD,ok,
1999-10-27,USDGHS,US Dollar,Selling,"2,955.4500",GH¢ per USD,0.295545,GH¢ per USD,ok,
1999-10-27,USDGHS,US Dollar,Mid Rate,"2,895.7250",GH¢ per USD,0.2895725,GH¢ per USD,ok,
1999-10-27,AUDGHS,Australian Dollar,Buying,218.5500,GH¢ per AUD,0.021855,GH¢ per AUD,ok,
1999-10-27,AUDGHS,Australian Dollar,Selling,"1,917.4800",GH¢ per AUD,0.191748,GH¢ per AUD,ok,
1999-10-27,AUDGHS,Australian Dollar,Mid Rate,"1,068.0150",GH¢ per AUD,0.1068015,GH¢ per AUD,ok,
1999-10-27,CADGHS,Canadian Dollar,Buying,"1,925.6600",GH¢ per CAD,0.192566,GH¢ per CAD,ok,
1999-10-27,CADGHS,Canadian Dollar,Selling,"2,005.0600",GH¢ per CAD,0.200506,GH¢ per CAD,ok,
1999-10-27,CADGHS,Canadian Dollar,Mid Rate,"1,965.3600",GH¢ per CAD,0.196536,GH¢ per CAD,ok,
1999-10-27,CHFGHS,Swiss Franc,Buying,"1,880.2400",GH¢ per CHF,0.188024,GH¢ per CHF,ok,
1999-10-27,CHFGHS,Swiss Franc,Selling,"1,957.7500",GH¢ per CHF,0.195775,GH¢ per CHF,ok,
1999-10-27,CHFGHS,Swiss Franc,Mid Rate,"1,918.9950",GH¢ per CHF,0.1918995,GH¢ per CHF,ok,
1999-10-27,DKKGHS,Danish Krone,Buying,404.5500,GH¢ per DKK,0.040455,GH¢ per DKK,ok,
1999-10-27,DKKGHS,Danish Krone,Selling,421.3800,GH¢ per DKK,0.042138,GH¢ per DKK,ok,
1999-10-27,DKKGHS,Danish Krone,Mid Rate,412.9650,GH¢ per DKK,0.0412965,GH¢ per DKK,ok,
1999-10-27,GBPGHS,Pound Sterling,Buying,"4,687.0600",GH¢ per GBP,0.468706,GH¢ per GBP,ok,
1999-10-27,GBPGHS,Pound Sterling,Selling,"4,886.5400",GH¢ per GBP,0.488654,GH¢ per GBP,ok,
1999-10-27,GBPGHS,Pound Sterling,Mid Rate,"4,786.8000",GH¢ per GBP,0.47868,GH¢ per GBP,ok,
1999-10-27,JPYGHS,Japanese yen,Buying,27.1800,GH¢ per JPY,0.002718,GH¢ per JPY,ok,
1999-10-27,JPYGHS,Japanese yen,Selling,28.3100,GH¢ per JPY,0.002831,GH¢ per JPY,ok,
1999-10-27,JPYGHS,Japanese yen,Mid Rate,27.7450,GH¢ per JPY,0.0027745,GH¢ per JPY,ok,
1999-10-27,NOKGHS,Norwegian Krone,Buying,364.9100,GH¢ per NOK,0.036491,GH¢ per NOK,ok,
1999-10-27,NOKGHS,Norwegian Krone,Selling,379.9700,GH¢ per NOK,0.037997,GH¢ per NOK,ok,
1999-10-27,NOKGHS,Norwegian Krone,Mid Rate,372.4400,GH¢ per NOK,0.037244,GH¢ per NOK,ok,
1999-10-27,SEKGHS,Swedish Krona,Buying,347.8700,GH¢ per SEK,0.034787,GH¢ per SEK,ok,
1999-10-27,SEKGHS,Swedish Krona,Selling,362.0100,GH¢ per SEK,0.036201,GH¢ per SEK,ok,
1999-10-27,SEKGHS,Swedish Krona,Mid Rate,354.9400,GH¢ per SEK,0.035494,GH¢ per SEK,ok,
1999-10-28,USDGHS,US Dollar,Buying,"2,867.2700",GH¢ per USD,0.286727,GH¢ per USD,ok,
1999-10-28,USDGHS,US Dollar,Selling,"2,990.5500",GH¢ per USD,0.299055,GH¢ per USD,ok,
1999-10-28,USDGHS,US Dollar,Mid Rate,"2,928.9100",GH¢ per USD,0.292891,GH¢ per USD,ok,
1999-10-28,AUDGHS,Australian Dollar,Buying,218.6100,GH¢ per AUD,0.021861,GH¢ per AUD,ok,
1999-10-28,AUDGHS,Australian Dollar,Selling,"1,926.6700",GH¢ per AUD,0.192667,GH¢ per AUD,ok,
1999-10-28,AUDGHS,Australian Dollar,Mid Rate,"1,072.6400",GH¢ per AUD,0.107264,GH¢ per AUD,ok,
1999-10-28,CADGHS,Canadian Dollar,Buying,"1,949.4000",GH¢ per CAD,0.19494,GH¢ per CAD,ok,
1999-10-28,CADGHS,Canadian Dollar,Selling,"2,031.2300",GH¢ per CAD,0.203123,GH¢ per CAD,ok,
1999-10-28,CADGHS,Canadian Dollar,Mid Rate,"1,990.3150",GH¢ per CAD,0.1990315,GH¢ per CAD,ok,
1999-10-28,CHFGHS,Swiss Franc,Buying,"1,878.5800",GH¢ per CHF,0.187858,GH¢ per CHF,ok,
1999-10-28,CHFGHS,Swiss Franc,Selling,"1,957.4500",GH¢ per CHF,0.195745,GH¢ per CHF,ok,
1999-10-28,CHFGHS,Swiss Franc,Mid Rate,"1,918.0150",GH¢ per CHF,0.1918015,GH¢ per CHF,ok,
1999-10-28,DKKGHS,Danish Krone,Buying,404.5200,GH¢ per DKK,0.040452,GH¢ per DKK,ok,
1999-10-28,DKKGHS,Danish Krone,Selling,421.3600,GH¢ per DKK,0.042136,GH¢ per DKK,ok,
1999-10-28,DKKGHS,Danish Krone,Mid Rate,412.9400,GH¢ per DKK,0.041294,GH¢ per DKK,ok,
1999-10-28,GBPGHS,Pound Sterling,Buying,"4,710.9200",GH¢ per GBP,0.471092,GH¢ per GBP,ok,
1999-10-28,GBPGHS,Pound Sterling,Selling,"4,914.9700",GH¢ per GBP,0.491497,GH¢ per GBP,ok,
1999-10-28,GBPGHS,Pound Sterling,Mid Rate,"4,812.9450",GH¢ per GBP,0.4812945,GH¢ per GBP,ok,
1999-10-28,JPYGHS,Japanese yen,Buying,27.5400,GH¢ per JPY,0.002754,GH¢ per JPY,ok,
1999-10-28,JPYGHS,Japanese yen,Selling,28.7200,GH¢ per JPY,0.002872,GH¢ per JPY,ok,
1999-10-28,JPYGHS,Japanese yen,Mid Rate,28.1300,GH¢ per JPY,0.002813,GH¢ per JPY,ok,
1999-10-28,NOKGHS,Norwegian Krone,Buying,365.1600,GH¢ per NOK,0.036516,GH¢ per NOK,ok,
1999-10-28,NOKGHS,Norwegian Krone,Selling,380.5000,GH¢ per NOK,0.03805,GH¢ per NOK,ok,
1999-10-28,NOKGHS,Norwegian Krone,Mid Rate,372.8300,GH¢ per NOK,0.037283,GH¢ per NOK,ok,
1999-10-28,SEKGHS,Swedish Krona,Buying,349.0800,GH¢ per SEK,0.034908,GH¢ per SEK,ok,
1999-10-28,SEKGHS,Swedish Krona,Selling,363.5900,GH¢ per SEK,0.036359,GH¢ per SEK,ok,
1999-10-28,SEKGHS,Swedish Krona,Mid Rate,356.3350,GH¢ per SEK,0.0356335,GH¢ per SEK,ok,
1999-10-29,USDGHS,US Dollar,Buying,"2,886.5500",GH¢ per USD,0.288655,GH¢ per USD,ok,
1999-10-29,USDGHS,US Dollar,Selling,"3,017.0000",GH¢ per USD,0.3017,GH¢ per USD,ok,
1999-10-29,USDGHS,US Dollar,Mid Rate,"2,951.7750",GH¢ per USD,0.2951775,GH¢ per USD,ok,
1999-10-29,AUDGHS,Australian Dollar,Buying,221.0800,GH¢ per AUD,0.022108,GH¢ per AUD,ok,
1999-10-29,AUDGHS,Australian Dollar,Selling,"1,947.2500",GH¢ per AUD,0.194725,GH¢ per AUD,ok,
1999-10-29,AUDGHS,Australian Dollar,Mid Rate,"1,084.1650",GH¢ per AUD,0.1084165,GH¢ per AUD,ok,
1999-10-29,CADGHS,Canadian Dollar,Buying,"1,961.9900",GH¢ per CAD,0.196199,GH¢ per CAD,ok,
1999-10-29,CADGHS,Canadian Dollar,Selling,"2,048.6500",GH¢ per CAD,0.204865,GH¢ per CAD,ok,
1999-10-29,CADGHS,Canadian Dollar,Mid Rate,"2,005.3200",GH¢ per CAD,0.200532,GH¢ per CAD,ok,
1999-10-29,CHFGHS,Swiss Franc,Buying,"1,896.6400",GH¢ per CHF,0.189664,GH¢ per CHF,ok,
1999-10-29,CHFGHS,Swiss Franc,Selling,"1,980.4200",GH¢ per CHF,0.198042,GH¢ per CHF,ok,
1999-10-29,CHFGHS,Swiss Franc,Mid Rate,"1,938.5300",GH¢ per CHF,0.193853,GH¢ per CHF,ok,
1999-10-29,DKKGHS,Danish Krone,Buying,409.1900,GH¢ per DKK,0.040919,GH¢ per DKK,ok,
1999-10-29,DKKGHS,Danish Krone,Selling,427.1300,GH¢ per DKK,0.042713,GH¢ per DKK,ok,
1999-10-29,DKKGHS,Danish Krone,Mid Rate,418.1600,GH¢ per DKK,0.041816,GH¢ per DKK,ok,
1999-10-29,GBPGHS,Pound Sterling,Buying,"4,731.9200",GH¢ per GBP,0.473192,GH¢ per GBP,ok,
1999-10-29,GBPGHS,Pound Sterling,Selling,"4,947.2800",GH¢ per GBP,0.494728,GH¢ per GBP,ok,
1999-10-29,GBPGHS,Pound Sterling,Mid Rate,"4,839.6000",GH¢ per GBP,0.48396,GH¢ per GBP,ok,
1999-10-29,JPYGHS,Japanese yen,Buying,27.5000,GH¢ per JPY,0.00275,GH¢ per JPY,ok,
1999-10-29,JPYGHS,Japanese yen,Selling,28.7300,GH¢ per JPY,0.002873,GH¢ per JPY,ok,
1999-10-29,JPYGHS,Japanese yen,Mid Rate,28.1150,GH¢ per JPY,0.0028115,GH¢ per JPY,ok,
1999-10-29,NOKGHS,Norwegian Krone,Buying,368.4100,GH¢ per NOK,0.036841,GH¢ per NOK,ok,
1999-10-29,NOKGHS,Norwegian Krone,Selling,384.7000,GH¢ per NOK,0.03847,GH¢ per NOK,ok,
1999-10-29,NOKGHS,Norwegian Krone,Mid Rate,376.5550,GH¢ per NOK,0.0376555,GH¢ per NOK,ok,
1999-10-29,SEKGHS,Swedish Krona,Buying,350.8600,GH¢ per SEK,0.035086,GH¢ per SEK,ok,
1999-10-29,SEKGHS,Swedish Krona,Selling,366.1500,GH¢ per SEK,0.036615,GH¢ per SEK,ok,
1999-10-29,SEKGHS,Swedish Krona,Mid Rate,358.5050,GH¢ per SEK,0.0358505,GH¢ per SEK,ok,
1999-11-01,USDGHS,US Dollar,Buying,"2,932.7300",GH¢ per USD,0.293273,GH¢ per USD,ok,
1999-11-01,USDGHS,US Dollar,Selling,"3,047.9100",GH¢ per USD,0.304791,GH¢ per USD,ok,
1999-11-01,USDGHS,US Dollar,Mid Rate,"2,990.3200",GH¢ per USD,0.299032,GH¢ per USD,ok,
1999-11-01,AUDGHS,Australian Dollar,Buying,224.6400,GH¢ per AUD,0.022464,GH¢ per AUD,ok,
1999-11-01,AUDGHS,Australian Dollar,Selling,"1,947.1600",GH¢ per AUD,0.194716,GH¢ per AUD,ok,
1999-11-01,AUDGHS,Australian Dollar,Mid Rate,"1,085.9000",GH¢ per AUD,0.10859,GH¢ per AUD,ok,
1999-11-01,CADGHS,Canadian Dollar,Buying,"1,997.2400",GH¢ per CAD,0.199724,GH¢ per CAD,ok,
1999-11-01,CADGHS,Canadian Dollar,Selling,"2,074.5000",GH¢ per CAD,0.20745,GH¢ per CAD,ok,
1999-11-01,CADGHS,Canadian Dollar,Mid Rate,"2,035.8700",GH¢ per CAD,0.203587,GH¢ per CAD,ok,
1999-11-01,CHFGHS,Swiss Franc,Buying,"1,928.1300",GH¢ per CHF,0.192813,GH¢ per CHF,ok,
1999-11-01,CHFGHS,Swiss Franc,Selling,"2,003.4300",GH¢ per CHF,0.200343,GH¢ per CHF,ok,
1999-11-01,CHFGHS,Swiss Franc,Mid Rate,"1,965.7800",GH¢ per CHF,0.196578,GH¢ per CHF,ok,
1999-11-01,DKKGHS,Danish Krone,Buying,415.9300,GH¢ per DKK,0.041593,GH¢ per DKK,ok,
1999-11-01,DKKGHS,Danish Krone,Selling,432.0900,GH¢ per DKK,0.043209,GH¢ per DKK,ok,
1999-11-01,DKKGHS,Danish Krone,Mid Rate,424.0100,GH¢ per DKK,0.042401,GH¢ per DKK,ok,
1999-11-01,GBPGHS,Pound Sterling,Buying,"4,820.5300",GH¢ per GBP,0.482053,GH¢ per GBP,ok,
1999-11-01,GBPGHS,Pound Sterling,Selling,"5,011.9800",GH¢ per GBP,0.501198,GH¢ per GBP,ok,
1999-11-01,GBPGHS,Pound Sterling,Mid Rate,"4,916.2550",GH¢ per GBP,0.4916255,GH¢ per GBP,ok,
1999-11-01,JPYGHS,Japanese yen,Buying,28.1600,GH¢ per JPY,0.002816,GH¢ per JPY,ok,
1999-11-01,JPYGHS,Japanese yen,Selling,29.2600,GH¢ per JPY,0.002926,GH¢ per JPY,ok,
1999-11-01,JPYGHS,Japanese yen,Mid Rate,28.7100,GH¢ per JPY,0.002871,GH¢ per JPY,ok,
1999-11-01,NOKGHS,Norwegian Krone,Buying,374.6500,GH¢ per NOK,0.037465,GH¢ per NOK,ok,
1999-11-01,NOKGHS,Norwegian Krone,Selling,389.1600,GH¢ per NOK,0.038916,GH¢ per NOK,ok,
1999-11-01,NOKGHS,Norwegian Krone,Mid Rate,381.9050,GH¢ per NOK,0.0381905,GH¢ per NOK,ok,
1999-11-01,SEKGHS,Swedish Krona,Buying,357.6500,GH¢ per SEK,0.035765,GH¢ per SEK,ok,
1999-11-01,SEKGHS,Swedish Krona,Selling,371.2900,GH¢ per SEK,0.037129,GH¢ per SEK,ok,
1999-11-01,SEKGHS,Swedish Krona,Mid Rate,364.4700,GH¢ per SEK,0.036447,GH¢ per SEK,ok,
1999-11-02,USDGHS,US Dollar,Buying,"2,962.8200",GH¢ per USD,0.296282,GH¢ per USD,ok,
1999-11-02,USDGHS,US Dollar,Selling,"3,086.6400",GH¢ per USD,0.308664,GH¢ per USD,ok,
1999-11-02,USDGHS,US Dollar,Mid Rate,"3,024.7300",GH¢ per USD,0.302473,GH¢ per USD,ok,
1999-11-02,AUDGHS,Australian Dollar,Buying,226.7800,GH¢ per AUD,0.022678,GH¢ per AUD,ok,
1999-11-02,AUDGHS,Australian Dollar,Selling,"1,980.3900",GH¢ per AUD,0.198039,GH¢ per AUD,ok,
1999-11-02,AUDGHS,Australian Dollar,Mid Rate,"1,103.5850",GH¢ per AUD,0.1103585,GH¢ per AUD,ok,
1999-11-02,CADGHS,Canadian Dollar,Buying,"2,021.2400",GH¢ per CAD,0.202124,GH¢ per CAD,ok,
1999-11-02,CADGHS,Canadian Dollar,Selling,"2,104.2800",GH¢ per CAD,0.210428,GH¢ per CAD,ok,
1999-11-02,CADGHS,Canadian Dollar,Mid Rate,"2,062.7600",GH¢ per CAD,0.206276,GH¢ per CAD,ok,
1999-11-02,CHFGHS,Swiss Franc,Buying,"1,944.2500",GH¢ per CHF,0.194425,GH¢ per CHF,ok,
1999-11-02,CHFGHS,Swiss Franc,Selling,"2,024.2400",GH¢ per CHF,0.202424,GH¢ per CHF,ok,
1999-11-02,CHFGHS,Swiss Franc,Mid Rate,"1,984.2450",GH¢ per CHF,0.1984245,GH¢ per CHF,ok,
1999-11-02,DKKGHS,Danish Krone,Buying,419.6100,GH¢ per DKK,0.041961,GH¢ per DKK,ok,
1999-11-02,DKKGHS,Danish Krone,Selling,436.9600,GH¢ per DKK,0.043696,GH¢ per DKK,ok,
1999-11-02,DKKGHS,Danish Krone,Mid Rate,428.2850,GH¢ per DKK,0.0428285,GH¢ per DKK,ok,
1999-11-02,GBPGHS,Pound Sterling,Buying,"4,875.0200",GH¢ per GBP,0.487502,GH¢ per GBP,ok,
1999-11-02,GBPGHS,Pound Sterling,Selling,"5,081.8400",GH¢ per GBP,0.508184,GH¢ per GBP,ok,
1999-11-02,GBPGHS,Pound Sterling,Mid Rate,"4,978.4300",GH¢ per GBP,0.497843,GH¢ per GBP,ok,
1999-11-02,JPYGHS,Japanese yen,Buying,28.2800,GH¢ per JPY,0.002828,GH¢ per JPY,ok,
1999-11-02,JPYGHS,Japanese yen,Selling,29.4600,GH¢ per JPY,0.002946,GH¢ per JPY,ok,
1999-11-02,JPYGHS,Japanese yen,Mid Rate,28.8700,GH¢ per JPY,0.002887,GH¢ per JPY,ok,
1999-11-02,NOKGHS,Norwegian Krone,Buying,377.2800,GH¢ per NOK,0.037728,GH¢ per NOK,ok,
1999-11-02,NOKGHS,Norwegian Krone,Selling,392.8000,GH¢ per NOK,0.03928,GH¢ per NOK,ok,
1999-11-02,NOKGHS,Norwegian Krone,Mid Rate,385.0400,GH¢ per NOK,0.038504,GH¢ per NOK,ok,
1999-11-02,SEKGHS,Swedish Krona,Buying,359.5200,GH¢ per SEK,0.035952,GH¢ per SEK,ok,
1999-11-02,SEKGHS,Swedish Krona,Selling,374.0900,GH¢ per SEK,0.037409,GH¢ per SEK,ok,
1999-11-02,SEKGHS,Swedish Krona,Mid Rate,366.8050,GH¢ per SEK,0.0366805,GH¢ per SEK,ok,
1999-11-03,USDGHS,US Dollar,Buying,"2,991.5500",GH¢ per USD,0.299155,GH¢ per USD,ok,
1999-11-03,USDGHS,US Dollar,Selling,"3,116.4500",GH¢ per USD,0.311645,GH¢ per USD,ok,
1999-11-03,USDGHS,US Dollar,Mid Rate,"3,054.0000",GH¢ per USD,0.3054,GH¢ per USD,ok,
1999-11-03,AUDGHS,Australian Dollar,Buying,228.5900,GH¢ per AUD,0.022859,GH¢ per AUD,ok,
1999-11-03,AUDGHS,Australian Dollar,Selling,"2,009.5100",GH¢ per AUD,0.200951,GH¢ per AUD,ok,
1999-11-03,AUDGHS,Australian Dollar,Mid Rate,"1,119.0500",GH¢ per AUD,0.111905,GH¢ per AUD,ok,
1999-11-03,CADGHS,Canadian Dollar,Buying,"2,036.3700",GH¢ per CAD,0.203637,GH¢ per CAD,ok,
1999-11-03,CADGHS,Canadian Dollar,Selling,"2,120.3700",GH¢ per CAD,0.212037,GH¢ per CAD,ok,
1999-11-03,CADGHS,Canadian Dollar,Mid Rate,"2,078.3700",GH¢ per CAD,0.207837,GH¢ per CAD,ok,
1999-11-03,CHFGHS,Swiss Franc,Buying,"1,957.4700",GH¢ per CHF,0.195747,GH¢ per CHF,ok,
1999-11-03,CHFGHS,Swiss Franc,Selling,"2,037.5500",GH¢ per CHF,0.203755,GH¢ per CHF,ok,
1999-11-03,CHFGHS,Swiss Franc,Mid Rate,"1,997.5100",GH¢ per CHF,0.199751,GH¢ per CHF,ok,
1999-11-03,DKKGHS,Danish Krone,Buying,423.3700,GH¢ per DKK,0.042337,GH¢ per DKK,ok,
1999-11-03,DKKGHS,Danish Krone,Selling,440.6600,GH¢ per DKK,0.044066,GH¢ per DKK,ok,
1999-11-03,DKKGHS,Danish Krone,Mid Rate,432.0150,GH¢ per DKK,0.0432015,GH¢ per DKK,ok,
1999-11-03,GBPGHS,Pound Sterling,Buying,"4,931.2700",GH¢ per GBP,0.493127,GH¢ per GBP,ok,
1999-11-03,GBPGHS,Pound Sterling,Selling,"5,138.0900",GH¢ per GBP,0.513809,GH¢ per GBP,ok,
1999-11-03,GBPGHS,Pound Sterling,Mid Rate,"5,034.6800",GH¢ per GBP,0.503468,GH¢ per GBP,ok,
1999-11-03,JPYGHS,Japanese yen,Buying,28.8200,GH¢ per JPY,0.002882,GH¢ per JPY,ok,
1999-11-03,JPYGHS,Japanese yen,Selling,30.0000,GH¢ per JPY,0.003,GH¢ per JPY,ok,
1999-11-03,JPYGHS,Japanese yen,Mid Rate,29.4100,GH¢ per JPY,0.002941,GH¢ per JPY,ok,
1999-11-03,NOKGHS,Norwegian Krone,Buying,381.0200,GH¢ per NOK,0.038102,GH¢ per NOK,ok,
1999-11-03,NOKGHS,Norwegian Krone,Selling,396.6300,GH¢ per NOK,0.039663,GH¢ per NOK,ok,
1999-11-03,NOKGHS,Norwegian Krone,Mid Rate,388.8250,GH¢ per NOK,0.0388825,GH¢ per NOK,ok,
1999-11-03,SEKGHS,Swedish Krona,Buying,363.4300,GH¢ per SEK,0.036343,GH¢ per SEK,ok,
1999-11-03,SEKGHS,Swedish Krona,Selling,378.1000,GH¢ per SEK,0.03781,GH¢ per SEK,ok,
1999-11-03,SEKGHS,Swedish Krona,Mid Rate,370.7650,GH¢ per SEK,0.0370765,GH¢ per SEK,ok,
1999-11-04,USDGHS,US Dollar,Buying,"3,022.8200",GH¢ per USD,0.302282,GH¢ per USD,ok,
1999-11-04,USDGHS,US Dollar,Selling,"3,143.2700",GH¢ per USD,0.314327,GH¢ per USD,ok,
1999-11-04,USDGHS,US Dollar,Mid Rate,"3,083.0450",GH¢ per USD,0.3083045,GH¢ per USD,ok,
1999-11-04,AUDGHS,Australian Dollar,Buying,230.2300,GH¢ per AUD,0.023023,GH¢ per AUD,ok,
1999-11-04,AUDGHS,Australian Dollar,Selling,"2,025.4000",GH¢ per AUD,0.20254,GH¢ per AUD,ok,
1999-11-04,AUDGHS,Australian Dollar,Mid Rate,"1,127.8150",GH¢ per AUD,0.1127815,GH¢ per AUD,ok,
1999-11-04,CADGHS,Canadian Dollar,Buying,"2,059.9300",GH¢ per CAD,0.205993,GH¢ per CAD,ok,
1999-11-04,CADGHS,Canadian Dollar,Selling,"2,141.2700",GH¢ per CAD,0.214127,GH¢ per CAD,ok,
1999-11-04,CADGHS,Canadian Dollar,Mid Rate,"2,100.6000",GH¢ per CAD,0.21006,GH¢ per CAD,ok,
1999-11-04,CHFGHS,Swiss Franc,Buying,"1,970.0500",GH¢ per CHF,0.197005,GH¢ per CHF,ok,
1999-11-04,CHFGHS,Swiss Franc,Selling,"2,047.7700",GH¢ per CHF,0.204777,GH¢ per CHF,ok,
1999-11-04,CHFGHS,Swiss Franc,Mid Rate,"2,008.9100",GH¢ per CHF,0.200891,GH¢ per CHF,ok,
1999-11-04,DKKGHS,Danish Krone,Buying,426.1200,GH¢ per DKK,0.042612,GH¢ per DKK,ok,
1999-11-04,DKKGHS,Danish Krone,Selling,443.0900,GH¢ per DKK,0.044309,GH¢ per DKK,ok,
1999-11-04,DKKGHS,Danish Krone,Mid Rate,434.6050,GH¢ per DKK,0.0434605,GH¢ per DKK,ok,
1999-11-04,GBPGHS,Pound Sterling,Buying,"4,967.1000",GH¢ per GBP,0.49671,GH¢ per GBP,ok,
1999-11-04,GBPGHS,Pound Sterling,Selling,"5,168.1600",GH¢ per GBP,0.516816,GH¢ per GBP,ok,
1999-11-04,GBPGHS,Pound Sterling,Mid Rate,"5,067.6300",GH¢ per GBP,0.506763,GH¢ per GBP,ok,
1999-11-04,JPYGHS,Japanese yen,Buying,28.8600,GH¢ per JPY,0.002886,GH¢ per JPY,ok,
1999-11-04,JPYGHS,Japanese yen,Selling,30.0100,GH¢ per JPY,0.003001,GH¢ per JPY,ok,
1999-11-04,JPYGHS,Japanese yen,Mid Rate,29.4350,GH¢ per JPY,0.0029435,GH¢ per JPY,ok,
1999-11-04,NOKGHS,Norwegian Krone,Buying,383.5500,GH¢ per NOK,0.038355,GH¢ per NOK,ok,
1999-11-04,NOKGHS,Norwegian Krone,Selling,398.6100,GH¢ per NOK,0.039861,GH¢ per NOK,ok,
1999-11-04,NOKGHS,Norwegian Krone,Mid Rate,391.0800,GH¢ per NOK,0.039108,GH¢ per NOK,ok,
1999-11-04,SEKGHS,Swedish Krona,Buying,365.9800,GH¢ per SEK,0.036598,GH¢ per SEK,ok,
1999-11-04,SEKGHS,Swedish Krona,Selling,380.1300,GH¢ per SEK,0.038013,GH¢ per SEK,ok,
1999-11-04,SEKGHS,Swedish Krona,Mid Rate,373.0550,GH¢ per SEK,0.0373055,GH¢ per SEK,ok,
1999-11-05,USDGHS,US Dollar,Buying,"3,039.3600",GH¢ per USD,0.303936,GH¢ per USD,ok,
1999-11-05,USDGHS,US Dollar,Selling,"3,153.9100",GH¢ per USD,0.315391,GH¢ per USD,ok,
1999-11-05,USDGHS,US Dollar,Mid Rate,"3,096.6350",GH¢ per USD,0.3096635,GH¢ per USD,ok,
1999-11-05,AUDGHS,Australian Dollar,Buying,231.4900,GH¢ per AUD,0.023149,GH¢ per AUD,ok,
1999-11-05,AUDGHS,Australian Dollar,Selling,"2,032.2600",GH¢ per AUD,0.203226,GH¢ per AUD,ok,
1999-11-05,AUDGHS,Australian Dollar,Mid Rate,"1,131.8750",GH¢ per AUD,0.1131875,GH¢ per AUD,ok,
1999-11-05,CADGHS,Canadian Dollar,Buying,"2,071.2000",GH¢ per CAD,0.20712,GH¢ per CAD,ok,
1999-11-05,CADGHS,Canadian Dollar,Selling,"2,148.5200",GH¢ per CAD,0.214852,GH¢ per CAD,ok,
1999-11-05,CADGHS,Canadian Dollar,Mid Rate,"2,109.8600",GH¢ per CAD,0.210986,GH¢ per CAD,ok,
1999-11-05,CHFGHS,Swiss Franc,Buying,"1,980.8300",GH¢ per CHF,0.198083,GH¢ per CHF,ok,
1999-11-05,CHFGHS,Swiss Franc,Selling,"2,054.7000",GH¢ per CHF,0.20547,GH¢ per CHF,ok,
1999-11-05,CHFGHS,Swiss Franc,Mid Rate,"2,017.7650",GH¢ per CHF,0.2017765,GH¢ per CHF,ok,
1999-11-05,DKKGHS,Danish Krone,Buying,428.4500,GH¢ per DKK,0.042845,GH¢ per DKK,ok,
1999-11-05,DKKGHS,Danish Krone,Selling,444.5900,GH¢ per DKK,0.044459,GH¢ per DKK,ok,
1999-11-05,DKKGHS,Danish Krone,Mid Rate,436.5200,GH¢ per DKK,0.043652,GH¢ per DKK,ok,
1999-11-05,GBPGHS,Pound Sterling,Buying,"4,994.2800",GH¢ per GBP,0.499428,GH¢ per GBP,ok,
1999-11-05,GBPGHS,Pound Sterling,Selling,"5,185.6600",GH¢ per GBP,0.518566,GH¢ per GBP,ok,
1999-11-05,GBPGHS,Pound Sterling,Mid Rate,"5,089.9700",GH¢ per GBP,0.508997,GH¢ per GBP,ok,
1999-11-05,JPYGHS,Japanese yen,Buying,29.0200,GH¢ per JPY,0.002902,GH¢ per JPY,ok,
1999-11-05,JPYGHS,Japanese yen,Selling,30.1100,GH¢ per JPY,0.003011,GH¢ per JPY,ok,
1999-11-05,JPYGHS,Japanese yen,Mid Rate,29.5650,GH¢ per JPY,0.0029565,GH¢ per JPY,ok,
1999-11-05,NOKGHS,Norwegian Krone,Buying,385.6500,GH¢ per NOK,0.038565,GH¢ per NOK,ok,
1999-11-05,NOKGHS,Norwegian Krone,Selling,399.9600,GH¢ per NOK,0.039996,GH¢ per NOK,ok,
1999-11-05,NOKGHS,Norwegian Krone,Mid Rate,392.8050,GH¢ per NOK,0.0392805,GH¢ per NOK,ok,
1999-11-05,SEKGHS,Swedish Krona,Buying,367.9800,GH¢ per SEK,0.036798,GH¢ per SEK,ok,
1999-11-05,SEKGHS,Swedish Krona,Selling,381.4100,GH¢ per SEK,0.038141,GH¢ per SEK,ok,
1999-11-05,SEKGHS,Swedish Krona,Mid Rate,374.6950,GH¢ per SEK,0.0374695,GH¢ per SEK,ok,
1999-11-08,USDGHS,US Dollar,Buying,"3,050.4500",GH¢ per USD,0.305045,GH¢ per USD,ok,
1999-11-08,USDGHS,US Dollar,Selling,"3,169.0900",GH¢ per USD,0.316909,GH¢ per USD,ok,
1999-11-08,USDGHS,US Dollar,Mid Rate,"3,109.7700",GH¢ per USD,0.310977,GH¢ per USD,ok,
1999-11-08,AUDGHS,Australian Dollar,Buying,231.0300,GH¢ per AUD,0.023103,GH¢ per AUD,ok,
1999-11-08,AUDGHS,Australian Dollar,Selling,"2,032.3600",GH¢ per AUD,0.203236,GH¢ per AUD,ok,
1999-11-08,AUDGHS,Australian Dollar,Mid Rate,"1,131.6950",GH¢ per AUD,0.1131695,GH¢ per AUD,ok,
1999-11-08,CADGHS,Canadian Dollar,Buying,"2,074.8600",GH¢ per CAD,0.207486,GH¢ per CAD,ok,
1999-11-08,CADGHS,Canadian Dollar,Selling,"2,154.4100",GH¢ per CAD,0.215441,GH¢ per CAD,ok,
1999-11-08,CADGHS,Canadian Dollar,Mid Rate,"2,114.6350",GH¢ per CAD,0.2114635,GH¢ per CAD,ok,
1999-11-08,CHFGHS,Swiss Franc,Buying,"1,973.3100",GH¢ per CHF,0.197331,GH¢ per CHF,ok,
1999-11-08,CHFGHS,Swiss Franc,Selling,"2,049.3900",GH¢ per CHF,0.204939,GH¢ per CHF,ok,
1999-11-08,CHFGHS,Swiss Franc,Mid Rate,"2,011.3500",GH¢ per CHF,0.201135,GH¢ per CHF,ok,
1999-11-08,DKKGHS,Danish Krone,Buying,427.6900,GH¢ per DKK,0.042769,GH¢ per DKK,ok,
1999-11-08,DKKGHS,Danish Krone,Selling,444.0700,GH¢ per DKK,0.044407,GH¢ per DKK,ok,
1999-11-08,DKKGHS,Danish Krone,Mid Rate,435.8800,GH¢ per DKK,0.043588,GH¢ per DKK,ok,
1999-11-08,GBPGHS,Pound Sterling,Buying,"4,942.9500",GH¢ per GBP,0.494295,GH¢ per GBP,ok,
1999-11-08,GBPGHS,Pound Sterling,Selling,"5,137.4100",GH¢ per GBP,0.513741,GH¢ per GBP,ok,
1999-11-08,GBPGHS,Pound Sterling,Mid Rate,"5,040.1800",GH¢ per GBP,0.504018,GH¢ per GBP,ok,
1999-11-08,JPYGHS,Japanese yen,Buying,28.7300,GH¢ per JPY,0.002873,GH¢ per JPY,ok,
1999-11-08,JPYGHS,Japanese yen,Selling,29.8400,GH¢ per JPY,0.002984,GH¢ per JPY,ok,
1999-11-08,JPYGHS,Japanese yen,Mid Rate,29.2850,GH¢ per JPY,0.0029285,GH¢ per JPY,ok,
1999-11-08,NOKGHS,Norwegian Krone,Buying,386.2600,GH¢ per NOK,0.038626,GH¢ per NOK,ok,
1999-11-08,NOKGHS,Norwegian Krone,Selling,400.8900,GH¢ per NOK,0.040089,GH¢ per NOK,ok,
1999-11-08,NOKGHS,Norwegian Krone,Mid Rate,393.5750,GH¢ per NOK,0.0393575,GH¢ per NOK,ok,
1999-11-08,SEKGHS,Swedish Krona,Buying,367.1600,GH¢ per SEK,0.036716,GH¢ per SEK,ok,
1999-11-08,SEKGHS,Swedish Krona,Selling,381.0800,GH¢ per SEK,0.038108,GH¢ per SEK,ok,
1999-11-08,SEKGHS,Swedish Krona,Mid Rate,374.1200,GH¢ per SEK,0.037412,GH¢ per SEK,ok,
1999-11-09,USDGHS,US Dollar,Buying,"3,080.1800",GH¢ per USD,0.308018,GH¢ per USD,ok,
1999-11-09,USDGHS,US Dollar,Selling,"3,201.4500",GH¢ per USD,0.320145,GH¢ per USD,ok,
1999-11-09,USDGHS,US Dollar,Mid Rate,"3,140.8150",GH¢ per USD,0.3140815,GH¢ per USD,ok,
1999-11-09,AUDGHS,Australian Dollar,Buying,232.2800,GH¢ per AUD,0.023228,GH¢ per AUD,ok,
1999-11-09,AUDGHS,Australian Dollar,Selling,"2,048.0900",GH¢ per AUD,0.204809,GH¢ per AUD,ok,
1999-11-09,AUDGHS,Australian Dollar,Mid Rate,"1,140.1850",GH¢ per AUD,0.1140185,GH¢ per AUD,ok,
1999-11-09,CADGHS,Canadian Dollar,Buying,"2,094.8900",GH¢ per CAD,0.209489,GH¢ per CAD,ok,
1999-11-09,CADGHS,Canadian Dollar,Selling,"2,175.9400",GH¢ per CAD,0.217594,GH¢ per CAD,ok,
1999-11-09,CADGHS,Canadian Dollar,Mid Rate,"2,135.4150",GH¢ per CAD,0.2135415,GH¢ per CAD,ok,
1999-11-09,CHFGHS,Swiss Franc,Buying,"1,985.1800",GH¢ per CHF,0.198518,GH¢ per CHF,ok,
1999-11-09,CHFGHS,Swiss Franc,Selling,"2,062.4100",GH¢ per CHF,0.206241,GH¢ per CHF,ok,
1999-11-09,CHFGHS,Swiss Franc,Mid Rate,"2,023.7950",GH¢ per CHF,0.2023795,GH¢ per CHF,ok,
1999-11-09,DKKGHS,Danish Krone,Buying,429.8300,GH¢ per DKK,0.042983,GH¢ per DKK,ok,
1999-11-09,DKKGHS,Danish Krone,Selling,446.5600,GH¢ per DKK,0.044656,GH¢ per DKK,ok,
1999-11-09,DKKGHS,Danish Krone,Mid Rate,438.1950,GH¢ per DKK,0.0438195,GH¢ per DKK,ok,
1999-11-09,GBPGHS,Pound Sterling,Buying,"4,988.3500",GH¢ per GBP,0.498835,GH¢ per GBP,ok,
1999-11-09,GBPGHS,Pound Sterling,Selling,"5,186.3500",GH¢ per GBP,0.518635,GH¢ per GBP,ok,
1999-11-09,GBPGHS,Pound Sterling,Mid Rate,"5,087.3500",GH¢ per GBP,0.508735,GH¢ per GBP,ok,
1999-11-09,JPYGHS,Japanese yen,Buying,29.2800,GH¢ per JPY,0.002928,GH¢ per JPY,ok,
1999-11-09,JPYGHS,Japanese yen,Selling,30.4200,GH¢ per JPY,0.003042,GH¢ per JPY,ok,
1999-11-09,JPYGHS,Japanese yen,Mid Rate,29.8500,GH¢ per JPY,0.002985,GH¢ per JPY,ok,
1999-11-09,NOKGHS,Norwegian Krone,Buying,389.6700,GH¢ per NOK,0.038967,GH¢ per NOK,ok,
1999-11-09,NOKGHS,Norwegian Krone,Selling,404.6800,GH¢ per NOK,0.040468,GH¢ per NOK,ok,
1999-11-09,NOKGHS,Norwegian Krone,Mid Rate,397.1750,GH¢ per NOK,0.0397175,GH¢ per NOK,ok,
1999-11-09,SEKGHS,Swedish Krona,Buying,369.7000,GH¢ per SEK,0.03697,GH¢ per SEK,ok,
1999-11-09,SEKGHS,Swedish Krona,Selling,383.7300,GH¢ per SEK,0.038373,GH¢ per SEK,ok,
1999-11-09,SEKGHS,Swedish Krona,Mid Rate,376.7150,GH¢ per SEK,0.0376715,GH¢ per SEK,ok,
1999-11-10,USDGHS,US Dollar,Buying,"3,095.6400",GH¢ per USD,0.309564,GH¢ per USD,ok,
1999-11-10,USDGHS,US Dollar,Selling,"3,221.8200",GH¢ per USD,0.322182,GH¢ per USD,ok,
1999-11-10,USDGHS,US Dollar,Mid Rate,"3,158.7300",GH¢ per USD,0.315873,GH¢ per USD,ok,
1999-11-10,AUDGHS,Australian Dollar,Buying,234.5200,GH¢ per AUD,0.023452,GH¢ per AUD,ok,
1999-11-10,AUDGHS,Australian Dollar,Selling,"2,067.2000",GH¢ per AUD,0.20672,GH¢ per AUD,ok,
1999-11-10,AUDGHS,Australian Dollar,Mid Rate,"1,150.8600",GH¢ per AUD,0.115086,GH¢ per AUD,ok,
1999-11-10,CADGHS,Canadian Dollar,Buying,"2,102.4100",GH¢ per CAD,0.210241,GH¢ per CAD,ok,
1999-11-10,CADGHS,Canadian Dollar,Selling,"2,187.5300",GH¢ per CAD,0.218753,GH¢ per CAD,ok,
1999-11-10,CADGHS,Canadian Dollar,Mid Rate,"2,144.9700",GH¢ per CAD,0.214497,GH¢ per CAD,ok,
1999-11-10,CHFGHS,Swiss Franc,Buying,"2,066.3700",GH¢ per CHF,0.206637,GH¢ per CHF,ok,
1999-11-10,CHFGHS,Swiss Franc,Selling,"2,087.6900",GH¢ per CHF,0.208769,GH¢ per CHF,ok,
1999-11-10,CHFGHS,Swiss Franc,Mid Rate,"2,077.0300",GH¢ per CHF,0.207703,GH¢ per CHF,ok,
1999-11-10,DKKGHS,Danish Krone,Buying,433.9200,GH¢ per DKK,0.043392,GH¢ per DKK,ok,
1999-11-10,DKKGHS,Danish Krone,Selling,451.3600,GH¢ per DKK,0.045136,GH¢ per DKK,ok,
1999-11-10,DKKGHS,Danish Krone,Mid Rate,442.6400,GH¢ per DKK,0.044264,GH¢ per DKK,ok,
1999-11-10,GBPGHS,Pound Sterling,Buying,"5,029.1800",GH¢ per GBP,0.502918,GH¢ per GBP,ok,
1999-11-10,GBPGHS,Pound Sterling,Selling,"5,237.3900",GH¢ per GBP,0.523739,GH¢ per GBP,ok,
1999-11-10,GBPGHS,Pound Sterling,Mid Rate,"5,133.2850",GH¢ per GBP,0.5133285,GH¢ per GBP,ok,
1999-11-10,JPYGHS,Japanese yen,Buying,29.5700,GH¢ per JPY,0.002957,GH¢ per JPY,ok,
1999-11-10,JPYGHS,Japanese yen,Selling,30.7700,GH¢ per JPY,0.003077,GH¢ per JPY,ok,
1999-11-10,JPYGHS,Japanese yen,Mid Rate,30.1700,GH¢ per JPY,0.003017,GH¢ per JPY,ok,
1999-11-10,NOKGHS,Norwegian Krone,Buying,394.1500,GH¢ per NOK,0.039415,GH¢ per NOK,ok,
1999-11-10,NOKGHS,Norwegian Krone,Selling,410.1300,GH¢ per NOK,0.041013,GH¢ per NOK,ok,
1999-11-10,NOKGHS,Norwegian Krone,Mid Rate,402.1400,GH¢ per NOK,0.040214,GH¢ per NOK,ok,
1999-11-10,SEKGHS,Swedish Krona,Buying,373.2900,GH¢ per SEK,0.037329,GH¢ per SEK,ok,
1999-11-10,SEKGHS,Swedish Krona,Selling,388.2000,GH¢ per SEK,0.03882,GH¢ per SEK,ok,
1999-11-10,SEKGHS,Swedish Krona,Mid Rate,380.7450,GH¢ per SEK,0.0380745,GH¢ per SEK,ok,
1999-11-11,USDGHS,US Dollar,Buying,"3,150.6400",GH¢ per USD,0.315064,GH¢ per USD,ok,
1999-11-11,USDGHS,US Dollar,Selling,"3,280.9100",GH¢ per USD,0.328091,GH¢ per USD,ok,
1999-11-11,USDGHS,US Dollar,Mid Rate,"3,215.7750",GH¢ per USD,0.3215775,GH¢ per USD,ok,
1999-11-11,AUDGHS,Australian Dollar,Buying,238.7400,GH¢ per AUD,0.023874,GH¢ per AUD,ok,
1999-11-11,AUDGHS,Australian Dollar,Selling,"2,111.2400",GH¢ per AUD,0.211124,GH¢ per AUD,ok,
1999-11-11,AUDGHS,Australian Dollar,Mid Rate,"1,174.9900",GH¢ per AUD,0.117499,GH¢ per AUD,ok,
1999-11-11,CADGHS,Canadian Dollar,Buying,"2,148.4000",GH¢ per CAD,0.21484,GH¢ per CAD,ok,
1999-11-11,CADGHS,Canadian Dollar,Selling,"2,234.8300",GH¢ per CAD,0.223483,GH¢ per CAD,ok,
1999-11-11,CADGHS,Canadian Dollar,Mid Rate,"2,191.6150",GH¢ per CAD,0.2191615,GH¢ per CAD,ok,
1999-11-11,CHFGHS,Swiss Franc,Buying,"2,046.2500",GH¢ per CHF,0.204625,GH¢ per CHF,ok,
1999-11-11,CHFGHS,Swiss Franc,Selling,"2,128.7000",GH¢ per CHF,0.21287,GH¢ per CHF,ok,
1999-11-11,CHFGHS,Swiss Franc,Mid Rate,"2,087.4750",GH¢ per CHF,0.2087475,GH¢ per CHF,ok,
1999-11-11,DKKGHS,Danish Krone,Buying,442.2300,GH¢ per DKK,0.044223,GH¢ per DKK,ok,
1999-11-11,DKKGHS,Danish Krone,Selling,460.0800,GH¢ per DKK,0.046008,GH¢ per DKK,ok,
1999-11-11,DKKGHS,Danish Krone,Mid Rate,451.1550,GH¢ per DKK,0.0451155,GH¢ per DKK,ok,
1999-11-11,GBPGHS,Pound Sterling,Buying,"5,121.3700",GH¢ per GBP,0.512137,GH¢ per GBP,ok,
1999-11-11,GBPGHS,Pound Sterling,Selling,"5,334.1000",GH¢ per GBP,0.53341,GH¢ per GBP,ok,
1999-11-11,GBPGHS,Pound Sterling,Mid Rate,"5,227.7350",GH¢ per GBP,0.5227735,GH¢ per GBP,ok,
1999-11-11,JPYGHS,Japanese yen,Buying,29.9400,GH¢ per JPY,0.002994,GH¢ per JPY,ok,
1999-11-11,JPYGHS,Japanese yen,Selling,31.1700,GH¢ per JPY,0.003117,GH¢ per JPY,ok,
1999-11-11,JPYGHS,Japanese yen,Mid Rate,30.5550,GH¢ per JPY,0.0030555,GH¢ per JPY,ok,
1999-11-11,NOKGHS,Norwegian Krone,Buying,400.8200,GH¢ per NOK,0.040082,GH¢ per NOK,ok,
1999-11-11,NOKGHS,Norwegian Krone,Selling,416.9700,GH¢ per NOK,0.041697,GH¢ per NOK,ok,
1999-11-11,NOKGHS,Norwegian Krone,Mid Rate,408.8950,GH¢ per NOK,0.0408895,GH¢ per NOK,ok,
1999-11-11,SEKGHS,Swedish Krona,Buying,380.0800,GH¢ per SEK,0.038008,GH¢ per SEK,ok,
1999-11-11,SEKGHS,Swedish Krona,Selling,395.1700,GH¢ per SEK,0.039517,GH¢ per SEK,ok,
1999-11-11,SEKGHS,Swedish Krona,Mid Rate,387.6250,GH¢ per SEK,0.0387625,GH¢ per SEK,ok,
1999-11-12,USDGHS,US Dollar,Buying,"3,184.3600",GH¢ per USD,0.318436,GH¢ per USD,ok,
1999-11-12,USDGHS,US Dollar,Selling,"3,310.3600",GH¢ per USD,0.331036,GH¢ per USD,ok,
1999-11-12,USDGHS,US Dollar,Mid Rate,"3,247.3600",GH¢ per USD,0.324736,GH¢ per USD,ok,
1999-11-12,AUDGHS,Australian Dollar,Buying,240.3300,GH¢ per AUD,0.024033,GH¢ per AUD,ok,
1999-11-12,AUDGHS,Australian Dollar,Selling,"2,132.2900",GH¢ per AUD,0.213229,GH¢ per AUD,ok,
1999-11-12,AUDGHS,Australian Dollar,Mid Rate,"1,186.3100",GH¢ per AUD,0.118631,GH¢ per AUD,ok,
1999-11-12,CADGHS,Canadian Dollar,Buying,"2,176.8700",GH¢ per CAD,0.217687,GH¢ per CAD,ok,
1999-11-12,CADGHS,Canadian Dollar,Selling,"2,260.8400",GH¢ per CAD,0.226084,GH¢ per CAD,ok,
1999-11-12,CADGHS,Canadian Dollar,Mid Rate,"2,218.8550",GH¢ per CAD,0.2218855,GH¢ per CAD,ok,
1999-11-12,CHFGHS,Swiss Franc,Buying,"2,053.7900",GH¢ per CHF,0.205379,GH¢ per CHF,ok,
1999-11-12,CHFGHS,Swiss Franc,Selling,"2,133.4200",GH¢ per CHF,0.213342,GH¢ per CHF,ok,
1999-11-12,CHFGHS,Swiss Franc,Mid Rate,"2,093.6050",GH¢ per CHF,0.2093605,GH¢ per CHF,ok,
1999-11-12,DKKGHS,Danish Krone,Buying,444.3200,GH¢ per DKK,0.044432,GH¢ per DKK,ok,
1999-11-12,DKKGHS,Danish Krone,Selling,461.6500,GH¢ per DKK,0.046165,GH¢ per DKK,ok,
1999-11-12,DKKGHS,Danish Krone,Mid Rate,452.9850,GH¢ per DKK,0.0452985,GH¢ per DKK,ok,
1999-11-12,GBPGHS,Pound Sterling,Buying,"5,150.7000",GH¢ per GBP,0.51507,GH¢ per GBP,ok,
1999-11-12,GBPGHS,Pound Sterling,Selling,"5,356.1600",GH¢ per GBP,0.535616,GH¢ per GBP,ok,
1999-11-12,GBPGHS,Pound Sterling,Mid Rate,"5,253.4300",GH¢ per GBP,0.525343,GH¢ per GBP,ok,
1999-11-12,JPYGHS,Japanese yen,Buying,30.4500,GH¢ per JPY,0.003045,GH¢ per JPY,ok,
1999-11-12,JPYGHS,Japanese yen,Selling,31.6400,GH¢ per JPY,0.003164,GH¢ per JPY,ok,
1999-11-12,JPYGHS,Japanese yen,Mid Rate,31.0450,GH¢ per JPY,0.0031045,GH¢ per JPY,ok,
1999-11-12,NOKGHS,Norwegian Krone,Buying,403.2600,GH¢ per NOK,0.040326,GH¢ per NOK,ok,
1999-11-12,NOKGHS,Norwegian Krone,Selling,418.8200,GH¢ per NOK,0.041882,GH¢ per NOK,ok,
1999-11-12,NOKGHS,Norwegian Krone,Mid Rate,411.0400,GH¢ per NOK,0.041104,GH¢ per NOK,ok,
1999-11-12,SEKGHS,Swedish Krona,Buying,382.6200,GH¢ per SEK,0.038262,GH¢ per SEK,ok,
1999-11-12,SEKGHS,Swedish Krona,Selling,397.1600,GH¢ per SEK,0.039716,GH¢ per SEK,ok,
1999-11-12,SEKGHS,Swedish Krona,Mid Rate,389.8900,GH¢ per SEK,0.038989,GH¢ per SEK,ok,
1999-11-15,USDGHS,US Dollar,Buying,"3,197.2700",GH¢ per USD,0.319727,GH¢ per USD,ok,
1999-11-15,USDGHS,US Dollar,Selling,"3,316.1800",GH¢ per USD,0.331618,GH¢ per USD,ok,
1999-11-15,USDGHS,US Dollar,Mid Rate,"3,256.7250",GH¢ per USD,0.3256725,GH¢ per USD,ok,
1999-11-15,AUDGHS,Australian Dollar,Buying,240.0000,GH¢ per AUD,0.024,GH¢ per AUD,ok,
1999-11-15,AUDGHS,Australian Dollar,Selling,"2,142.5100",GH¢ per AUD,0.214251,GH¢ per AUD,ok,
1999-11-15,AUDGHS,Australian Dollar,Mid Rate,"1,191.2550",GH¢ per AUD,0.1191255,GH¢ per AUD,ok,
1999-11-15,CADGHS,Canadian Dollar,Buying,"2,186.5900",GH¢ per CAD,0.218659,GH¢ per CAD,ok,
1999-11-15,CADGHS,Canadian Dollar,Selling,"2,266.4300",GH¢ per CAD,0.226643,GH¢ per CAD,ok,
1999-11-15,CADGHS,Canadian Dollar,Mid Rate,"2,226.5100",GH¢ per CAD,0.222651,GH¢ per CAD,ok,
1999-11-15,CHFGHS,Swiss Franc,Buying,"2,056.1200",GH¢ per CHF,0.205612,GH¢ per CHF,ok,
1999-11-15,CHFGHS,Swiss Franc,Selling,"2,131.2000",GH¢ per CHF,0.21312,GH¢ per CHF,ok,
1999-11-15,CHFGHS,Swiss Franc,Mid Rate,"2,093.6600",GH¢ per CHF,0.209366,GH¢ per CHF,ok,
1999-11-15,DKKGHS,Danish Krone,Buying,444.2200,GH¢ per DKK,0.044422,GH¢ per DKK,ok,
1999-11-15,DKKGHS,Danish Krone,Selling,460.5000,GH¢ per DKK,0.04605,GH¢ per DKK,ok,
1999-11-15,DKKGHS,Danish Krone,Mid Rate,452.3600,GH¢ per DKK,0.045236,GH¢ per DKK,ok,
1999-11-15,GBPGHS,Pound Sterling,Buying,"5,162.3100",GH¢ per GBP,0.516231,GH¢ per GBP,ok,
1999-11-15,GBPGHS,Pound Sterling,Selling,"5,357.6200",GH¢ per GBP,0.535762,GH¢ per GBP,ok,
1999-11-15,GBPGHS,Pound Sterling,Mid Rate,"5,259.9650",GH¢ per GBP,0.5259965,GH¢ per GBP,ok,
1999-11-15,JPYGHS,Japanese yen,Buying,30.4800,GH¢ per JPY,0.003048,GH¢ per JPY,ok,
1999-11-15,JPYGHS,Japanese yen,Selling,31.6200,GH¢ per JPY,0.003162,GH¢ per JPY,ok,
1999-11-15,JPYGHS,Japanese yen,Mid Rate,31.0500,GH¢ per JPY,0.003105,GH¢ per JPY,ok,
1999-11-15,NOKGHS,Norwegian Krone,Buying,404.4100,GH¢ per NOK,0.040441,GH¢ per NOK,ok,
1999-11-15,NOKGHS,Norwegian Krone,Selling,419.1900,GH¢ per NOK,0.041919,GH¢ per NOK,ok,
1999-11-15,NOKGHS,Norwegian Krone,Mid Rate,411.8000,GH¢ per NOK,0.04118,GH¢ per NOK,ok,
1999-11-15,SEKGHS,Swedish Krona,Buying,383.5000,GH¢ per SEK,0.03835,GH¢ per SEK,ok,
1999-11-15,SEKGHS,Swedish Krona,Selling,397.2900,GH¢ per SEK,0.039729,GH¢ per SEK,ok,
1999-11-15,SEKGHS,Swedish Krona,Mid Rate,390.3950,GH¢ per SEK,0.0390395,GH¢ per SEK,ok,
1999-11-17,USDGHS,US Dollar,Buying,"3,228.5500",GH¢ per USD,0.322855,GH¢ per USD,ok,
1999-11-17,USDGHS,US Dollar,Selling,"3,349.3600",GH¢ per USD,0.334936,GH¢ per USD,ok,
1999-11-17,USDGHS,US Dollar,Mid Rate,"3,288.9550",GH¢ per USD,0.3288955,GH¢ per USD,ok,
1999-11-17,AUDGHS,Australian Dollar,Buying,242.8200,GH¢ per AUD,0.024282,GH¢ per AUD,ok,
1999-11-17,AUDGHS,Australian Dollar,Selling,"2,150.3100",GH¢ per AUD,0.215031,GH¢ per AUD,ok,
1999-11-17,AUDGHS,Australian Dollar,Mid Rate,"1,196.5650",GH¢ per AUD,0.1196565,GH¢ per AUD,ok,
1999-11-17,CADGHS,Canadian Dollar,Buying,"2,205.7700",GH¢ per CAD,0.220577,GH¢ per CAD,ok,
1999-11-17,CADGHS,Canadian Dollar,Selling,"2,287.9900",GH¢ per CAD,0.228799,GH¢ per CAD,ok,
1999-11-17,CADGHS,Canadian Dollar,Mid Rate,"2,246.8800",GH¢ per CAD,0.224688,GH¢ per CAD,ok,
1999-11-17,CHFGHS,Swiss Franc,Buying,"2,087.1400",GH¢ per CHF,0.208714,GH¢ per CHF,ok,
1999-11-17,CHFGHS,Swiss Franc,Selling,"2,164.2400",GH¢ per CHF,0.216424,GH¢ per CHF,ok,
1999-11-17,CHFGHS,Swiss Franc,Mid Rate,"2,125.6900",GH¢ per CHF,0.212569,GH¢ per CHF,ok,
1999-11-17,DKKGHS,Danish Krone,Buying,449.3500,GH¢ per DKK,0.044935,GH¢ per DKK,ok,
1999-11-17,DKKGHS,Danish Krone,Selling,465.9900,GH¢ per DKK,0.046599,GH¢ per DKK,ok,
1999-11-17,DKKGHS,Danish Krone,Mid Rate,457.6700,GH¢ per DKK,0.045767,GH¢ per DKK,ok,
1999-11-17,GBPGHS,Pound Sterling,Buying,"5,227.6700",GH¢ per GBP,0.522767,GH¢ per GBP,ok,
1999-11-17,GBPGHS,Pound Sterling,Selling,"5,425.9600",GH¢ per GBP,0.542596,GH¢ per GBP,ok,
1999-11-17,GBPGHS,Pound Sterling,Mid Rate,"5,326.8150",GH¢ per GBP,0.5326815,GH¢ per GBP,ok,
1999-11-17,JPYGHS,Japanese yen,Buying,30.4300,GH¢ per JPY,0.003043,GH¢ per JPY,ok,
1999-11-17,JPYGHS,Japanese yen,Selling,31.5600,GH¢ per JPY,0.003156,GH¢ per JPY,ok,
1999-11-17,JPYGHS,Japanese yen,Mid Rate,30.9950,GH¢ per JPY,0.0030995,GH¢ per JPY,ok,
1999-11-17,NOKGHS,Norwegian Krone,Buying,407.1100,GH¢ per NOK,0.040711,GH¢ per NOK,ok,
1999-11-17,NOKGHS,Norwegian Krone,Selling,421.8900,GH¢ per NOK,0.042189,GH¢ per NOK,ok,
1999-11-17,NOKGHS,Norwegian Krone,Mid Rate,414.5000,GH¢ per NOK,0.04145,GH¢ per NOK,ok,
1999-11-17,SEKGHS,Swedish Krona,Buying,386.3200,GH¢ per SEK,0.038632,GH¢ per SEK,ok,
1999-11-17,SEKGHS,Swedish Krona,Selling,400.3700,GH¢ per SEK,0.040037,GH¢ per SEK,ok,
1999-11-17,SEKGHS,Swedish Krona,Mid Rate,393.3450,GH¢ per SEK,0.0393345,GH¢ per SEK,ok,
1999-11-18,USDGHS,US Dollar,Buying,"3,262.6400",GH¢ per USD,0.326264,GH¢ per USD,ok,
1999-11-18,USDGHS,US Dollar,Selling,"3,373.7300",GH¢ per USD,0.337373,GH¢ per USD,ok,
1999-11-18,USDGHS,US Dollar,Mid Rate,"3,318.1850",GH¢ per USD,0.3318185,GH¢ per USD,ok,
1999-11-18,AUDGHS,Australian Dollar,Buying,246.8100,GH¢ per AUD,0.024681,GH¢ per AUD,ok,
1999-11-18,AUDGHS,Australian Dollar,Selling,"2,158.5200",GH¢ per AUD,0.215852,GH¢ per AUD,ok,
1999-11-18,AUDGHS,Australian Dollar,Mid Rate,"1,202.6650",GH¢ per AUD,0.1202665,GH¢ per AUD,ok,
1999-11-18,CADGHS,Canadian Dollar,Buying,"2,220.7200",GH¢ per CAD,0.222072,GH¢ per CAD,ok,
1999-11-18,CADGHS,Canadian Dollar,Selling,"2,296.5900",GH¢ per CAD,0.229659,GH¢ per CAD,ok,
1999-11-18,CADGHS,Canadian Dollar,Mid Rate,"2,258.6550",GH¢ per CAD,0.2258655,GH¢ per CAD,ok,
1999-11-18,CHFGHS,Swiss Franc,Buying,"2,119.4600",GH¢ per CHF,0.211946,GH¢ per CHF,ok,
1999-11-18,CHFGHS,Swiss Franc,Selling,"2,191.1300",GH¢ per CHF,0.219113,GH¢ per CHF,ok,
1999-11-18,CHFGHS,Swiss Franc,Mid Rate,"2,155.2950",GH¢ per CHF,0.2155295,GH¢ per CHF,ok,
1999-11-18,DKKGHS,Danish Krone,Buying,456.4900,GH¢ per DKK,0.045649,GH¢ per DKK,ok,
1999-11-18,DKKGHS,Danish Krone,Selling,472.0400,GH¢ per DKK,0.047204,GH¢ per DKK,ok,
1999-11-18,DKKGHS,Danish Krone,Mid Rate,464.2650,GH¢ per DKK,0.0464265,GH¢ per DKK,ok,
1999-11-18,GBPGHS,Pound Sterling,Buying,"5,298.8500",GH¢ per GBP,0.529885,GH¢ per GBP,ok,
1999-11-18,GBPGHS,Pound Sterling,Selling,"5,482.6500",GH¢ per GBP,0.548265,GH¢ per GBP,ok,
1999-11-18,GBPGHS,Pound Sterling,Mid Rate,"5,390.7500",GH¢ per GBP,0.539075,GH¢ per GBP,ok,
1999-11-18,JPYGHS,Japanese yen,Buying,30.8800,GH¢ per JPY,0.003088,GH¢ per JPY,ok,
1999-11-18,JPYGHS,Japanese yen,Selling,31.9300,GH¢ per JPY,0.003193,GH¢ per JPY,ok,
1999-11-18,JPYGHS,Japanese yen,Mid Rate,31.4050,GH¢ per JPY,0.0031405,GH¢ per JPY,ok,
1999-11-18,NOKGHS,Norwegian Krone,Buying,414.2500,GH¢ per NOK,0.041425,GH¢ per NOK,ok,
1999-11-18,NOKGHS,Norwegian Krone,Selling,428.2700,GH¢ per NOK,0.042827,GH¢ per NOK,ok,
1999-11-18,NOKGHS,Norwegian Krone,Mid Rate,421.2600,GH¢ per NOK,0.042126,GH¢ per NOK,ok,
1999-11-18,SEKGHS,Swedish Krona,Buying,393.1800,GH¢ per SEK,0.039318,GH¢ per SEK,ok,
1999-11-18,SEKGHS,Swedish Krona,Selling,406.2500,GH¢ per SEK,0.040625,GH¢ per SEK,ok,
1999-11-18,SEKGHS,Swedish Krona,Mid Rate,399.7150,GH¢ per SEK,0.0399715,GH¢ per SEK,ok,
1999-11-19,USDGHS,US Dollar,Buying,"3,263.4500",GH¢ per USD,0.326345,GH¢ per USD,ok,
1999-11-19,USDGHS,US Dollar,Selling,"3,375.0900",GH¢ per USD,0.337509,GH¢ per USD,ok,
1999-11-19,USDGHS,US Dollar,Mid Rate,"3,319.2700",GH¢ per USD,0.331927,GH¢ per USD,ok,
1999-11-19,AUDGHS,Australian Dollar,Buying,244.6300,GH¢ per AUD,0.024463,GH¢ per AUD,ok,
1999-11-19,AUDGHS,Australian Dollar,Selling,"2,155.5600",GH¢ per AUD,0.215556,GH¢ per AUD,ok,
1999-11-19,AUDGHS,Australian Dollar,Mid Rate,"1,200.0950",GH¢ per AUD,0.1200095,GH¢ per AUD,ok,
1999-11-19,CADGHS,Canadian Dollar,Buying,"2,228.3600",GH¢ per CAD,0.222836,GH¢ per CAD,ok,
1999-11-19,CADGHS,Canadian Dollar,Selling,"2,302.2900",GH¢ per CAD,0.230229,GH¢ per CAD,ok,
1999-11-19,CADGHS,Canadian Dollar,Mid Rate,"2,265.3250",GH¢ per CAD,0.2265325,GH¢ per CAD,ok,
1999-11-19,CHFGHS,Swiss Franc,Buying,"2,098.9700",GH¢ per CHF,0.209897,GH¢ per CHF,ok,
1999-11-19,CHFGHS,Swiss Franc,Selling,"2,169.3800",GH¢ per CHF,0.216938,GH¢ per CHF,ok,
1999-11-19,CHFGHS,Swiss Franc,Mid Rate,"2,134.1750",GH¢ per CHF,0.2134175,GH¢ per CHF,ok,
1999-11-19,DKKGHS,Danish Krone,Buying,452.5000,GH¢ per DKK,0.04525,GH¢ per DKK,ok,
1999-11-19,DKKGHS,Danish Krone,Selling,467.7800,GH¢ per DKK,0.046778,GH¢ per DKK,ok,
1999-11-19,DKKGHS,Danish Krone,Mid Rate,460.1400,GH¢ per DKK,0.046014,GH¢ per DKK,ok,
1999-11-19,GBPGHS,Pound Sterling,Buying,"5,277.4500",GH¢ per GBP,0.527745,GH¢ per GBP,ok,
1999-11-19,GBPGHS,Pound Sterling,Selling,"5,459.8800",GH¢ per GBP,0.545988,GH¢ per GBP,ok,
1999-11-19,GBPGHS,Pound Sterling,Mid Rate,"5,368.6650",GH¢ per GBP,0.5368665,GH¢ per GBP,ok,
1999-11-19,JPYGHS,Japanese yen,Buying,30.8300,GH¢ per JPY,0.003083,GH¢ per JPY,ok,
1999-11-19,JPYGHS,Japanese yen,Selling,31.8700,GH¢ per JPY,0.003187,GH¢ per JPY,ok,
1999-11-19,JPYGHS,Japanese yen,Mid Rate,31.3500,GH¢ per JPY,0.003135,GH¢ per JPY,ok,
1999-11-19,NOKGHS,Norwegian Krone,Buying,411.7300,GH¢ per NOK,0.041173,GH¢ per NOK,ok,
1999-11-19,NOKGHS,Norwegian Krone,Selling,425.5500,GH¢ per NOK,0.042555,GH¢ per NOK,ok,
1999-11-19,NOKGHS,Norwegian Krone,Mid Rate,418.6400,GH¢ per NOK,0.041864,GH¢ per NOK,ok,
1999-11-19,SEKGHS,Swedish Krona,Buying,391.3500,GH¢ per SEK,0.039135,GH¢ per SEK,ok,
1999-11-19,SEKGHS,Swedish Krona,Selling,404.4900,GH¢ per SEK,0.040449,GH¢ per SEK,ok,
1999-11-19,SEKGHS,Swedish Krona,Mid Rate,397.9200,GH¢ per SEK,0.039792,GH¢ per SEK,ok,
1999-11-22,USDGHS,US Dollar,Buying,"3,286.6400",GH¢ per USD,0.328664,GH¢ per USD,ok,
1999-11-22,USDGHS,US Dollar,Selling,"3,389.7300",GH¢ per USD,0.338973,GH¢ per USD,ok,
1999-11-22,USDGHS,US Dollar,Mid Rate,"3,338.1850",GH¢ per USD,0.3338185,GH¢ per USD,ok,
1999-11-22,AUDGHS,Australian Dollar,Buying,246.4208,GH¢ per AUD,0.02464208,GH¢ per AUD,ok,
1999-11-22,AUDGHS,Australian Dollar,Selling,"2,167.5164",GH¢ per AUD,0.21675164,GH¢ per AUD,ok,
1999-11-22,AUDGHS,Australian Dollar,Mid Rate,"1,206.9686",GH¢ per AUD,0.12069686,GH¢ per AUD,ok,
1999-11-22,CADGHS,Canadian Dollar,Buying,"2,248.7683",GH¢ per CAD,0.22487683,GH¢ per CAD,ok,
1999-11-22,CADGHS,Canadian Dollar,Selling,"2,318.1905",GH¢ per CAD,0.23181905,GH¢ per CAD,ok,
1999-11-22,CADGHS,Canadian Dollar,Mid Rate,"2,283.4794",GH¢ per CAD,0.22834794,GH¢ per CAD,ok,
1999-11-22,CHFGHS,Swiss Franc,Buying,"2,116.6087",GH¢ per CHF,0.21166087,GH¢ per CHF,ok,
1999-11-22,CHFGHS,Swiss Franc,Selling,"2,181.5720",GH¢ per CHF,0.2181572,GH¢ per CHF,ok,
1999-11-22,CHFGHS,Swiss Franc,Mid Rate,"2,149.0904",GH¢ per CHF,0.21490904,GH¢ per CHF,ok,
1999-11-22,DKKGHS,Danish Krone,Buying,455.9714,GH¢ per DKK,0.04559714,GH¢ per DKK,ok,
1999-11-22,DKKGHS,Danish Krone,Selling,470.0246,GH¢ per DKK,0.04700246,GH¢ per DKK,ok,
1999-11-22,DKKGHS,Danish Krone,Mid Rate,462.9980,GH¢ per DKK,0.0462998,GH¢ per DKK,ok,
1999-11-22,GBPGHS,Pound Sterling,Buying,"5,326.6575",GH¢ per GBP,0.53266575,GH¢ per GBP,ok,
1999-11-22,GBPGHS,Pound Sterling,Selling,"5,497.1251",GH¢ per GBP,0.54971251,GH¢ per GBP,ok,
1999-11-22,GBPGHS,Pound Sterling,Mid Rate,"5,411.8913",GH¢ per GBP,0.54118913,GH¢ per GBP,ok,
1999-11-22,JPYGHS,Japanese yen,Buying,31.0375,GH¢ per JPY,0.00310375,GH¢ per JPY,ok,
1999-11-22,JPYGHS,Japanese yen,Selling,32.0084,GH¢ per JPY,0.00320084,GH¢ per JPY,ok,
1999-11-22,JPYGHS,Japanese yen,Mid Rate,31.5230,GH¢ per JPY,0.0031523,GH¢ per JPY,ok,
1999-11-22,NOKGHS,Norwegian Krone,Buying,414.4549,GH¢ per NOK,0.04144549,GH¢ per NOK,ok,
1999-11-22,NOKGHS,Norwegian Krone,Selling,427.1868,GH¢ per NOK,0.04271868,GH¢ per NOK,ok,
1999-11-22,NOKGHS,Norwegian Krone,Mid Rate,420.8209,GH¢ per NOK,0.04208209,GH¢ per NOK,ok,
1999-11-22,SEKGHS,Swedish Krona,Buying,394.5555,GH¢ per SEK,0.03945555,GH¢ per SEK,ok,
1999-11-22,SEKGHS,Swedish Krona,Selling,406.4418,GH¢ per SEK,0.04064418,GH¢ per SEK,ok,
1999-11-22,SEKGHS,Swedish Krona,Mid Rate,400.4987,GH¢ per SEK,0.04004987,GH¢ per SEK,ok,
1999-11-23,USDGHS,US Dollar,Buying,"3,296.5500",GH¢ per USD,0.329655,GH¢ per USD,ok,
1999-11-23,USDGHS,US Dollar,Selling,"3,398.9100",GH¢ per USD,0.339891,GH¢ per USD,ok,
1999-11-23,USDGHS,US Dollar,Mid Rate,"3,347.7300",GH¢ per USD,0.334773,GH¢ per USD,ok,
1999-11-23,AUDGHS,Australian Dollar,Buying,247.2367,GH¢ per AUD,0.02472367,GH¢ per AUD,ok,
1999-11-23,AUDGHS,Australian Dollar,Selling,"2,167.0885",GH¢ per AUD,0.21670885,GH¢ per AUD,ok,
1999-11-23,AUDGHS,Australian Dollar,Mid Rate,"1,207.1626",GH¢ per AUD,0.12071626,GH¢ per AUD,ok,
1999-11-23,CADGHS,Canadian Dollar,Buying,"2,253.9086",GH¢ per CAD,0.22539086,GH¢ per CAD,ok,
1999-11-23,CADGHS,Canadian Dollar,Selling,"2,322.2518",GH¢ per CAD,0.23222518,GH¢ per CAD,ok,
1999-11-23,CADGHS,Canadian Dollar,Mid Rate,"2,288.0802",GH¢ per CAD,0.22880802,GH¢ per CAD,ok,
1999-11-23,CHFGHS,Swiss Franc,Buying,"2,125.4521",GH¢ per CHF,0.21254521,GH¢ per CHF,ok,
1999-11-23,CHFGHS,Swiss Franc,Selling,"2,190.0423",GH¢ per CHF,0.21900423,GH¢ per CHF,ok,
1999-11-23,CHFGHS,Swiss Franc,Mid Rate,"2,157.7472",GH¢ per CHF,0.21577472,GH¢ per CHF,ok,
1999-11-23,DKKGHS,Danish Krone,Buying,457.3405,GH¢ per DKK,0.04573405,GH¢ per DKK,ok,
1999-11-23,DKKGHS,Danish Krone,Selling,471.4341,GH¢ per DKK,0.04714341,GH¢ per DKK,ok,
1999-11-23,DKKGHS,Danish Krone,Mid Rate,464.3873,GH¢ per DKK,0.04643873,GH¢ per DKK,ok,
1999-11-23,GBPGHS,Pound Sterling,Buying,"5,340.4110",GH¢ per GBP,0.5340411,GH¢ per GBP,ok,
1999-11-23,GBPGHS,Pound Sterling,Selling,"5,508.6134",GH¢ per GBP,0.55086134,GH¢ per GBP,ok,
1999-11-23,GBPGHS,Pound Sterling,Mid Rate,"5,424.5122",GH¢ per GBP,0.54245122,GH¢ per GBP,ok,
1999-11-23,JPYGHS,Japanese yen,Buying,31.6375,GH¢ per JPY,0.00316375,GH¢ per JPY,ok,
1999-11-23,JPYGHS,Japanese yen,Selling,32.6108,GH¢ per JPY,0.00326108,GH¢ per JPY,ok,
1999-11-23,JPYGHS,Japanese yen,Mid Rate,32.1242,GH¢ per JPY,0.00321242,GH¢ per JPY,ok,
1999-11-23,NOKGHS,Norwegian Krone,Buying,416.6532,GH¢ per NOK,0.04166532,GH¢ per NOK,ok,
1999-11-23,NOKGHS,Norwegian Krone,Selling,429.3173,GH¢ per NOK,0.04293173,GH¢ per NOK,ok,
1999-11-23,NOKGHS,Norwegian Krone,Mid Rate,422.9853,GH¢ per NOK,0.04229853,GH¢ per NOK,ok,
1999-11-23,SEKGHS,Swedish Krona,Buying,395.7443,GH¢ per SEK,0.03957443,GH¢ per SEK,ok,
1999-11-23,SEKGHS,Swedish Krona,Selling,407.5443,GH¢ per SEK,0.04075443,GH¢ per SEK,ok,
1999-11-23,SEKGHS,Swedish Krona,Mid Rate,401.6443,GH¢ per SEK,0.04016443,GH¢ per SEK,ok,
1999-11-24,USDGHS,US Dollar,Buying,"3,312.4500",GH¢ per USD,0.331245,GH¢ per USD,ok,
1999-11-24,USDGHS,US Dollar,Selling,"3,419.9100",GH¢ per USD,0.341991,GH¢ per USD,ok,
1999-11-24,USDGHS,US Dollar,Mid Rate,"3,366.1800",GH¢ per USD,0.336618,GH¢ per USD,ok,
1999-11-24,AUDGHS,Australian Dollar,Buying,246.6953,GH¢ per AUD,0.02466953,GH¢ per AUD,ok,
1999-11-24,AUDGHS,Australian Dollar,Selling,"2,175.9165",GH¢ per AUD,0.21759165,GH¢ per AUD,ok,
1999-11-24,AUDGHS,Australian Dollar,Mid Rate,"1,211.3059",GH¢ per AUD,0.12113059,GH¢ per AUD,ok,
1999-11-24,CADGHS,Canadian Dollar,Buying,"2,261.0533",GH¢ per CAD,0.22610533,GH¢ per CAD,ok,
1999-11-24,CADGHS,Canadian Dollar,Selling,"2,332.7692",GH¢ per CAD,0.23327692,GH¢ per CAD,ok,
1999-11-24,CADGHS,Canadian Dollar,Mid Rate,"2,296.9113",GH¢ per CAD,0.22969113,GH¢ per CAD,ok,
1999-11-24,CHFGHS,Swiss Franc,Buying,"2,120.9193",GH¢ per CHF,0.21209193,GH¢ per CHF,ok,
1999-11-24,CHFGHS,Swiss Franc,Selling,"2,188.3272",GH¢ per CHF,0.21883272,GH¢ per CHF,ok,
1999-11-24,CHFGHS,Swiss Franc,Mid Rate,"2,154.6233",GH¢ per CHF,0.21546233,GH¢ per CHF,ok,
1999-11-24,DKKGHS,Danish Krone,Buying,456.2905,GH¢ per DKK,0.04562905,GH¢ per DKK,ok,
1999-11-24,DKKGHS,Danish Krone,Selling,470.8986,GH¢ per DKK,0.04708986,GH¢ per DKK,ok,
1999-11-24,DKKGHS,Danish Krone,Mid Rate,463.5946,GH¢ per DKK,0.04635946,GH¢ per DKK,ok,
1999-11-24,GBPGHS,Pound Sterling,Buying,"5,376.1064",GH¢ per GBP,0.53761064,GH¢ per GBP,ok,
1999-11-24,GBPGHS,Pound Sterling,Selling,"5,552.2239",GH¢ per GBP,0.55522239,GH¢ per GBP,ok,
1999-11-24,GBPGHS,Pound Sterling,Mid Rate,"5,464.1652",GH¢ per GBP,0.54641652,GH¢ per GBP,ok,
1999-11-24,JPYGHS,Japanese yen,Buying,31.7455,GH¢ per JPY,0.00317455,GH¢ per JPY,ok,
1999-11-24,JPYGHS,Japanese yen,Selling,32.7623,GH¢ per JPY,0.00327623,GH¢ per JPY,ok,
1999-11-24,JPYGHS,Japanese yen,Mid Rate,32.2539,GH¢ per JPY,0.00322539,GH¢ per JPY,ok,
1999-11-24,NOKGHS,Norwegian Krone,Buying,415.9335,GH¢ per NOK,0.04159335,GH¢ per NOK,ok,
1999-11-24,NOKGHS,Norwegian Krone,Selling,428.9485,GH¢ per NOK,0.04289485,GH¢ per NOK,ok,
1999-11-24,NOKGHS,Norwegian Krone,Mid Rate,422.4410,GH¢ per NOK,0.0422441,GH¢ per NOK,ok,
1999-11-24,SEKGHS,Swedish Krona,Buying,394.9041,GH¢ per SEK,0.03949041,GH¢ per SEK,ok,
1999-11-24,SEKGHS,Swedish Krona,Selling,407.2277,GH¢ per SEK,0.04072277,GH¢ per SEK,ok,
1999-11-24,SEKGHS,Swedish Krona,Mid Rate,401.0659,GH¢ per SEK,0.04010659,GH¢ per SEK,ok,
1999-11-25,USDGHS,US Dollar,Buying,"3,337.6400",GH¢ per USD,0.333764,GH¢ per USD,ok,
1999-11-25,USDGHS,US Dollar,Selling,"3,442.9100",GH¢ per USD,0.344291,GH¢ per USD,ok,
1999-11-25,USDGHS,US Dollar,Mid Rate,"3,390.2750",GH¢ per USD,0.3390275,GH¢ per USD,ok,
1999-11-25,AUDGHS,Australian Dollar,Buying,247.0528,GH¢ per AUD,0.02470528,GH¢ per AUD,ok,
1999-11-25,AUDGHS,Australian Dollar,Selling,"2,179.0121",GH¢ per AUD,0.21790121,GH¢ per AUD,ok,
1999-11-25,AUDGHS,Australian Dollar,Mid Rate,"1,213.0325",GH¢ per AUD,0.12130325,GH¢ per AUD,ok,
1999-11-25,CADGHS,Canadian Dollar,Buying,"2,276.4228",GH¢ per CAD,0.22764228,GH¢ per CAD,ok,
1999-11-25,CADGHS,Canadian Dollar,Selling,"2,347.0011",GH¢ per CAD,0.23470011,GH¢ per CAD,ok,
1999-11-25,CADGHS,Canadian Dollar,Mid Rate,"2,311.7120",GH¢ per CAD,0.2311712,GH¢ per CAD,ok,
1999-11-25,CHFGHS,Swiss Franc,Buying,"2,123.6887",GH¢ per CHF,0.21236887,GH¢ per CHF,ok,
1999-11-25,CHFGHS,Swiss Franc,Selling,"2,190.4601",GH¢ per CHF,0.21904601,GH¢ per CHF,ok,
1999-11-25,CHFGHS,Swiss Franc,Mid Rate,"2,157.0744",GH¢ per CHF,0.21570744,GH¢ per CHF,ok,
1999-11-25,DKKGHS,Danish Krone,Buying,456.7449,GH¢ per DKK,0.04567449,GH¢ per DKK,ok,
1999-11-25,DKKGHS,Danish Krone,Selling,471.0445,GH¢ per DKK,0.04710445,GH¢ per DKK,ok,
1999-11-25,DKKGHS,Danish Krone,Mid Rate,463.8947,GH¢ per DKK,0.04638947,GH¢ per DKK,ok,
1999-11-25,GBPGHS,Pound Sterling,Buying,"5,368.2602",GH¢ per GBP,0.53682602,GH¢ per GBP,ok,
1999-11-25,GBPGHS,Pound Sterling,Selling,"5,540.3308",GH¢ per GBP,0.55403308,GH¢ per GBP,ok,
1999-11-25,GBPGHS,Pound Sterling,Mid Rate,"5,454.2955",GH¢ per GBP,0.54542955,GH¢ per GBP,ok,
1999-11-25,JPYGHS,Japanese yen,Buying,31.9577,GH¢ per JPY,0.00319577,GH¢ per JPY,ok,
1999-11-25,JPYGHS,Japanese yen,Selling,32.9585,GH¢ per JPY,0.00329585,GH¢ per JPY,ok,
1999-11-25,JPYGHS,Japanese yen,Mid Rate,32.4581,GH¢ per JPY,0.00324581,GH¢ per JPY,ok,
1999-11-25,NOKGHS,Norwegian Krone,Buying,416.8648,GH¢ per NOK,0.04168648,GH¢ per NOK,ok,
1999-11-25,NOKGHS,Norwegian Krone,Selling,429.8262,GH¢ per NOK,0.04298262,GH¢ per NOK,ok,
1999-11-25,NOKGHS,Norwegian Krone,Mid Rate,423.3455,GH¢ per NOK,0.04233455,GH¢ per NOK,ok,
1999-11-25,SEKGHS,Swedish Krona,Buying,395.1958,GH¢ per SEK,0.03951958,GH¢ per SEK,ok,
1999-11-25,SEKGHS,Swedish Krona,Selling,407.4941,GH¢ per SEK,0.04074941,GH¢ per SEK,ok,
1999-11-25,SEKGHS,Swedish Krona,Mid Rate,401.3450,GH¢ per SEK,0.0401345,GH¢ per SEK,ok,
1999-11-26,USDGHS,US Dollar,Buying,"3,350.6400",GH¢ per USD,0.335064,GH¢ per USD,ok,
1999-11-26,USDGHS,US Dollar,Selling,"3,456.6400",GH¢ per USD,0.345664,GH¢ per USD,ok,
1999-11-26,USDGHS,US Dollar,Mid Rate,"3,403.6400",GH¢ per USD,0.340364,GH¢ per USD,ok,
1999-11-26,AUDGHS,Australian Dollar,Buying,247.1620,GH¢ per AUD,0.0247162,GH¢ per AUD,ok,
1999-11-26,AUDGHS,Australian Dollar,Selling,"2,205.6810",GH¢ per AUD,0.2205681,GH¢ per AUD,ok,
1999-11-26,AUDGHS,Australian Dollar,Mid Rate,"1,226.4215",GH¢ per AUD,0.12264215,GH¢ per AUD,ok,
1999-11-26,CADGHS,Canadian Dollar,Buying,"2,285.7705",GH¢ per CAD,0.22857705,GH¢ per CAD,ok,
1999-11-26,CADGHS,Canadian Dollar,Selling,"2,356.4216",GH¢ per CAD,0.23564216,GH¢ per CAD,ok,
1999-11-26,CADGHS,Canadian Dollar,Mid Rate,"2,321.0961",GH¢ per CAD,0.23210961,GH¢ per CAD,ok,
1999-11-26,CHFGHS,Swiss Franc,Buying,"2,122.3922",GH¢ per CHF,0.21223922,GH¢ per CHF,ok,
1999-11-26,CHFGHS,Swiss Franc,Selling,"2,187.6370",GH¢ per CHF,0.2187637,GH¢ per CHF,ok,
1999-11-26,CHFGHS,Swiss Franc,Mid Rate,"2,155.0146",GH¢ per CHF,0.21550146,GH¢ per CHF,ok,
1999-11-26,DKKGHS,Danish Krone,Buying,457.1464,GH¢ per DKK,0.04571464,GH¢ per DKK,ok,
1999-11-26,DKKGHS,Danish Krone,Selling,471.4158,GH¢ per DKK,0.04714158,GH¢ per DKK,ok,
1999-11-26,DKKGHS,Danish Krone,Mid Rate,464.2811,GH¢ per DKK,0.04642811,GH¢ per DKK,ok,
1999-11-26,GBPGHS,Pound Sterling,Buying,"5,404.2473",GH¢ per GBP,0.54042473,GH¢ per GBP,ok,
1999-11-26,GBPGHS,Pound Sterling,Selling,"5,576.9430",GH¢ per GBP,0.5576943,GH¢ per GBP,ok,
1999-11-26,GBPGHS,Pound Sterling,Mid Rate,"5,490.5952",GH¢ per GBP,0.54905952,GH¢ per GBP,ok,
1999-11-26,JPYGHS,Japanese yen,Buying,32.2065,GH¢ per JPY,0.00322065,GH¢ per JPY,ok,
1999-11-26,JPYGHS,Japanese yen,Selling,33.2119,GH¢ per JPY,0.00332119,GH¢ per JPY,ok,
1999-11-26,JPYGHS,Japanese yen,Mid Rate,32.7092,GH¢ per JPY,0.00327092,GH¢ per JPY,ok,
1999-11-26,NOKGHS,Norwegian Krone,Buying,418.9729,GH¢ per NOK,0.04189729,GH¢ per NOK,ok,
1999-11-26,NOKGHS,Norwegian Krone,Selling,431.7388,GH¢ per NOK,0.04317388,GH¢ per NOK,ok,
1999-11-26,NOKGHS,Norwegian Krone,Mid Rate,425.3559,GH¢ per NOK,0.04253559,GH¢ per NOK,ok,
1999-11-26,SEKGHS,Swedish Krona,Buying,397.5787,GH¢ per SEK,0.03975787,GH¢ per SEK,ok,
1999-11-26,SEKGHS,Swedish Krona,Selling,409.9126,GH¢ per SEK,0.04099126,GH¢ per SEK,ok,
1999-11-26,SEKGHS,Swedish Krona,Mid Rate,403.7457,GH¢ per SEK,0.04037457,GH¢ per SEK,ok,
1999-11-29,USDGHS,US Dollar,Buying,"3,355.4500",GH¢ per USD,0.335545,GH¢ per USD,ok,
1999-11-29,USDGHS,US Dollar,Selling,"3,461.4500",GH¢ per USD,0.346145,GH¢ per USD,ok,
1999-11-29,USDGHS,US Dollar,Mid Rate,"3,408.4500",GH¢ per USD,0.340845,GH¢ per USD,ok,
1999-11-29,AUDGHS,Australian Dollar,Buying,247.0514,GH¢ per AUD,0.02470514,GH¢ per AUD,ok,
1999-11-29,AUDGHS,Australian Dollar,Selling,"2,204.7537",GH¢ per AUD,0.22047537,GH¢ per AUD,ok,
1999-11-29,AUDGHS,Australian Dollar,Mid Rate,"1,225.9026",GH¢ per AUD,0.12259026,GH¢ per AUD,ok,
1999-11-29,CADGHS,Canadian Dollar,Buying,"2,284.6405",GH¢ per CAD,0.22846405,GH¢ per CAD,ok,
1999-11-29,CADGHS,Canadian Dollar,Selling,"2,355.1831",GH¢ per CAD,0.23551831,GH¢ per CAD,ok,
1999-11-29,CADGHS,Canadian Dollar,Mid Rate,"2,319.9118",GH¢ per CAD,0.23199118,GH¢ per CAD,ok,
1999-11-29,CHFGHS,Swiss Franc,Buying,"2,122.8681",GH¢ per CHF,0.21228681,GH¢ per CHF,ok,
1999-11-29,CHFGHS,Swiss Franc,Selling,"2,188.0160",GH¢ per CHF,0.2188016,GH¢ per CHF,ok,
1999-11-29,CHFGHS,Swiss Franc,Mid Rate,"2,155.4421",GH¢ per CHF,0.21554421,GH¢ per CHF,ok,
1999-11-29,DKKGHS,Danish Krone,Buying,456.9281,GH¢ per DKK,0.04569281,GH¢ per DKK,ok,
1999-11-29,DKKGHS,Danish Krone,Selling,471.1125,GH¢ per DKK,0.04711125,GH¢ per DKK,ok,
1999-11-29,DKKGHS,Danish Krone,Mid Rate,464.0203,GH¢ per DKK,0.04640203,GH¢ per DKK,ok,
1999-11-29,GBPGHS,Pound Sterling,Buying,"5,381.4707",GH¢ per GBP,0.53814707,GH¢ per GBP,ok,
1999-11-29,GBPGHS,Pound Sterling,Selling,"5,554.9350",GH¢ per GBP,0.5554935,GH¢ per GBP,ok,
1999-11-29,GBPGHS,Pound Sterling,Mid Rate,"5,468.2029",GH¢ per GBP,0.54682029,GH¢ per GBP,ok,
1999-11-29,JPYGHS,Japanese yen,Buying,32.5400,GH¢ per JPY,0.003254,GH¢ per JPY,ok,
1999-11-29,JPYGHS,Japanese yen,Selling,33.5646,GH¢ per JPY,0.00335646,GH¢ per JPY,ok,
1999-11-29,JPYGHS,Japanese yen,Mid Rate,33.0523,GH¢ per JPY,0.00330523,GH¢ per JPY,ok,
1999-11-29,NOKGHS,Norwegian Krone,Buying,419.3463,GH¢ per NOK,0.04193463,GH¢ per NOK,ok,
1999-11-29,NOKGHS,Norwegian Krone,Selling,432.3243,GH¢ per NOK,0.04323243,GH¢ per NOK,ok,
1999-11-29,NOKGHS,Norwegian Krone,Mid Rate,425.8353,GH¢ per NOK,0.04258353,GH¢ per NOK,ok,
1999-11-29,SEKGHS,Swedish Krona,Buying,396.4864,GH¢ per SEK,0.03964864,GH¢ per SEK,ok,
1999-11-29,SEKGHS,Swedish Krona,Selling,408.5292,GH¢ per SEK,0.04085292,GH¢ per SEK,ok,
1999-11-29,SEKGHS,Swedish Krona,Mid Rate,402.5078,GH¢ per SEK,0.04025078,GH¢ per SEK,ok,
1999-11-30,USDGHS,US Dollar,Buying,"3,364.4500",GH¢ per USD,0.336445,GH¢ per USD,ok,
1999-11-30,USDGHS,US Dollar,Selling,"3,471.3600",GH¢ per USD,0.347136,GH¢ per USD,ok,
1999-11-30,USDGHS,US Dollar,Mid Rate,"3,417.9050",GH¢ per USD,0.3417905,GH¢ per USD,ok,
1999-11-30,AUDGHS,Australian Dollar,Buying,246.9556,GH¢ per AUD,0.02469556,GH¢ per AUD,ok,
1999-11-30,AUDGHS,Australian Dollar,Selling,"2,216.0962",GH¢ per AUD,0.22160962,GH¢ per AUD,ok,
1999-11-30,AUDGHS,Australian Dollar,Mid Rate,"1,231.5259",GH¢ per AUD,0.12315259,GH¢ per AUD,ok,
1999-11-30,CADGHS,Canadian Dollar,Buying,"2,283.4421",GH¢ per CAD,0.22834421,GH¢ per CAD,ok,
1999-11-30,CADGHS,Canadian Dollar,Selling,"2,354.3804",GH¢ per CAD,0.23543804,GH¢ per CAD,ok,
1999-11-30,CADGHS,Canadian Dollar,Mid Rate,"2,318.9113",GH¢ per CAD,0.23189113,GH¢ per CAD,ok,
1999-11-30,CHFGHS,Swiss Franc,Buying,"2,119.1657",GH¢ per CHF,0.21191657,GH¢ per CHF,ok,
1999-11-30,CHFGHS,Swiss Franc,Selling,"2,185.4641",GH¢ per CHF,0.21854641,GH¢ per CHF,ok,
1999-11-30,CHFGHS,Swiss Franc,Mid Rate,"2,152.3149",GH¢ per CHF,0.21523149,GH¢ per CHF,ok,
1999-11-30,DKKGHS,Danish Krone,Buying,456.9168,GH¢ per DKK,0.04569168,GH¢ per DKK,ok,
1999-11-30,DKKGHS,Danish Krone,Selling,471.1870,GH¢ per DKK,0.0471187,GH¢ per DKK,ok,
1999-11-30,DKKGHS,Danish Krone,Mid Rate,464.0519,GH¢ per DKK,0.04640519,GH¢ per DKK,ok,
1999-11-30,GBPGHS,Pound Sterling,Buying,"5,390.5218",GH¢ per GBP,0.53905218,GH¢ per GBP,ok,
1999-11-30,GBPGHS,Pound Sterling,Selling,"5,565.2844",GH¢ per GBP,0.55652844,GH¢ per GBP,ok,
1999-11-30,GBPGHS,Pound Sterling,Mid Rate,"5,477.9031",GH¢ per GBP,0.54779031,GH¢ per GBP,ok,
1999-11-30,JPYGHS,Japanese yen,Buying,32.9353,GH¢ per JPY,0.00329353,GH¢ per JPY,ok,
1999-11-30,JPYGHS,Japanese yen,Selling,33.9782,GH¢ per JPY,0.00339782,GH¢ per JPY,ok,
1999-11-30,JPYGHS,Japanese yen,Mid Rate,33.4568,GH¢ per JPY,0.00334568,GH¢ per JPY,ok,
1999-11-30,NOKGHS,Norwegian Krone,Buying,417.4783,GH¢ per NOK,0.04174783,GH¢ per NOK,ok,
1999-11-30,NOKGHS,Norwegian Krone,Selling,430.4764,GH¢ per NOK,0.04304764,GH¢ per NOK,ok,
1999-11-30,NOKGHS,Norwegian Krone,Mid Rate,423.9774,GH¢ per NOK,0.04239774,GH¢ per NOK,ok,
1999-11-30,SEKGHS,Swedish Krona,Buying,396.1464,GH¢ per SEK,0.03961464,GH¢ per SEK,ok,
1999-11-30,SEKGHS,Swedish Krona,Selling,408.2545,GH¢ per SEK,0.04082545,GH¢ per SEK,ok,
1999-11-30,SEKGHS,Swedish Krona,Mid Rate,402.2005,GH¢ per SEK,0.04022005,GH¢ per SEK,ok,
1999-12-01,USDGHS,US Dollar,Buying,"3,368.0000",GH¢ per USD,0.3368,GH¢ per USD,ok,
1999-12-01,USDGHS,US Dollar,Selling,"3,474.0900",GH¢ per USD,0.347409,GH¢ per USD,ok,
1999-12-01,USDGHS,US Dollar,Mid Rate,"3,421.0450",GH¢ per USD,0.3421045,GH¢ per USD,ok,
1999-12-01,AUDGHS,Australian Dollar,Buying,247.4484,GH¢ per AUD,0.02474484,GH¢ per AUD,ok,
1999-12-01,AUDGHS,Australian Dollar,Selling,"2,219.2506",GH¢ per AUD,0.22192506,GH¢ per AUD,ok,
1999-12-01,AUDGHS,Australian Dollar,Mid Rate,"1,233.3495",GH¢ per AUD,0.12333495,GH¢ per AUD,ok,
1999-12-01,CADGHS,Canadian Dollar,Buying,"2,285.7760",GH¢ per CAD,0.2285776,GH¢ per CAD,ok,
1999-12-01,CADGHS,Canadian Dollar,Selling,"2,356.4495",GH¢ per CAD,0.23564495,GH¢ per CAD,ok,
1999-12-01,CADGHS,Canadian Dollar,Mid Rate,"2,321.1128",GH¢ per CAD,0.23211128,GH¢ per CAD,ok,
1999-12-01,CHFGHS,Swiss Franc,Buying,"2,125.4214",GH¢ per CHF,0.21254214,GH¢ per CHF,ok,
1999-12-01,CHFGHS,Swiss Franc,Selling,"2,191.5790",GH¢ per CHF,0.2191579,GH¢ per CHF,ok,
1999-12-01,CHFGHS,Swiss Franc,Mid Rate,"2,158.5002",GH¢ per CHF,0.21585002,GH¢ per CHF,ok,
1999-12-01,DKKGHS,Danish Krone,Buying,457.5206,GH¢ per DKK,0.04575206,GH¢ per DKK,ok,
1999-12-01,DKKGHS,Danish Krone,Selling,471.7343,GH¢ per DKK,0.04717343,GH¢ per DKK,ok,
1999-12-01,DKKGHS,Danish Krone,Mid Rate,464.6275,GH¢ per DKK,0.04646275,GH¢ per DKK,ok,
1999-12-01,GBPGHS,Pound Sterling,Buying,"5,380.7168",GH¢ per GBP,0.53807168,GH¢ per GBP,ok,
1999-12-01,GBPGHS,Pound Sterling,Selling,"5,553.6803",GH¢ per GBP,0.55536803,GH¢ per GBP,ok,
1999-12-01,GBPGHS,Pound Sterling,Mid Rate,"5,467.1986",GH¢ per GBP,0.54671986,GH¢ per GBP,ok,
1999-12-01,JPYGHS,Japanese yen,Buying,32.9559,GH¢ per JPY,0.00329559,GH¢ per JPY,ok,
1999-12-01,JPYGHS,Japanese yen,Selling,33.9903,GH¢ per JPY,0.00339903,GH¢ per JPY,ok,
1999-12-01,JPYGHS,Japanese yen,Mid Rate,33.4731,GH¢ per JPY,0.00334731,GH¢ per JPY,ok,
1999-12-01,NOKGHS,Norwegian Krone,Buying,418.6449,GH¢ per NOK,0.04186449,GH¢ per NOK,ok,
1999-12-01,NOKGHS,Norwegian Krone,Selling,431.6187,GH¢ per NOK,0.04316187,GH¢ per NOK,ok,
1999-12-01,NOKGHS,Norwegian Krone,Mid Rate,425.1318,GH¢ per NOK,0.04251318,GH¢ per NOK,ok,
1999-12-01,SEKGHS,Swedish Krona,Buying,396.7466,GH¢ per SEK,0.03967466,GH¢ per SEK,ok,
1999-12-01,SEKGHS,Swedish Krona,Selling,408.8128,GH¢ per SEK,0.04088128,GH¢ per SEK,ok,
1999-12-01,SEKGHS,Swedish Krona,Mid Rate,402.7797,GH¢ per SEK,0.04027797,GH¢ per SEK,ok,
1999-12-02,USDGHS,US Dollar,Buying,"3,374.7300",GH¢ per USD,0.337473,GH¢ per USD,ok,
1999-12-02,USDGHS,US Dollar,Selling,"3,480.7300",GH¢ per USD,0.348073,GH¢ per USD,ok,
1999-12-02,USDGHS,US Dollar,Mid Rate,"3,427.7300",GH¢ per USD,0.342773,GH¢ per USD,ok,
1999-12-02,AUDGHS,Australian Dollar,Buying,246.6701,GH¢ per AUD,0.02466701,GH¢ per AUD,ok,
1999-12-02,AUDGHS,Australian Dollar,Selling,"2,212.9107",GH¢ per AUD,0.22129107,GH¢ per AUD,ok,
1999-12-02,AUDGHS,Australian Dollar,Mid Rate,"1,229.7904",GH¢ per AUD,0.12297904,GH¢ per AUD,ok,
1999-12-02,CADGHS,Canadian Dollar,Buying,"2,288.2071",GH¢ per CAD,0.22882071,GH¢ per CAD,ok,
1999-12-02,CADGHS,Canadian Dollar,Selling,"2,357.7237",GH¢ per CAD,0.23577237,GH¢ per CAD,ok,
1999-12-02,CADGHS,Canadian Dollar,Mid Rate,"2,322.9654",GH¢ per CAD,0.23229654,GH¢ per CAD,ok,
1999-12-02,CHFGHS,Swiss Franc,Buying,"2,121.8084",GH¢ per CHF,0.21218084,GH¢ per CHF,ok,
1999-12-02,CHFGHS,Swiss Franc,Selling,"2,186.6300",GH¢ per CHF,0.218663,GH¢ per CHF,ok,
1999-12-02,CHFGHS,Swiss Franc,Mid Rate,"2,154.2192",GH¢ per CHF,0.21542192,GH¢ per CHF,ok,
1999-12-02,DKKGHS,Danish Krone,Buying,456.4264,GH¢ per DKK,0.04564264,GH¢ per DKK,ok,
1999-12-02,DKKGHS,Danish Krone,Selling,470.3618,GH¢ per DKK,0.04703618,GH¢ per DKK,ok,
1999-12-02,DKKGHS,Danish Krone,Mid Rate,463.3941,GH¢ per DKK,0.04633941,GH¢ per DKK,ok,
1999-12-02,GBPGHS,Pound Sterling,Buying,"5,397.8806",GH¢ per GBP,0.53978806,GH¢ per GBP,ok,
1999-12-02,GBPGHS,Pound Sterling,Selling,"5,568.4719",GH¢ per GBP,0.55684719,GH¢ per GBP,ok,
1999-12-02,GBPGHS,Pound Sterling,Mid Rate,"5,483.1763",GH¢ per GBP,0.54831763,GH¢ per GBP,ok,
1999-12-02,JPYGHS,Japanese yen,Buying,32.9501,GH¢ per JPY,0.00329501,GH¢ per JPY,ok,
1999-12-02,JPYGHS,Japanese yen,Selling,33.9665,GH¢ per JPY,0.00339665,GH¢ per JPY,ok,
1999-12-02,JPYGHS,Japanese yen,Mid Rate,33.4583,GH¢ per JPY,0.00334583,GH¢ per JPY,ok,
1999-12-02,NOKGHS,Norwegian Krone,Buying,417.4340,GH¢ per NOK,0.0417434,GH¢ per NOK,ok,
1999-12-02,NOKGHS,Norwegian Krone,Selling,430.1440,GH¢ per NOK,0.0430144,GH¢ per NOK,ok,
1999-12-02,NOKGHS,Norwegian Krone,Mid Rate,423.7890,GH¢ per NOK,0.0423789,GH¢ per NOK,ok,
1999-12-02,SEKGHS,Swedish Krona,Buying,394.1008,GH¢ per SEK,0.03941008,GH¢ per SEK,ok,
1999-12-02,SEKGHS,Swedish Krona,Selling,405.8801,GH¢ per SEK,0.04058801,GH¢ per SEK,ok,
1999-12-02,SEKGHS,Swedish Krona,Mid Rate,399.9905,GH¢ per SEK,0.03999905,GH¢ per SEK,ok,
1999-12-06,USDGHS,US Dollar,Buying,"3,375.7300",GH¢ per USD,0.337573,GH¢ per USD,ok,
1999-12-06,USDGHS,US Dollar,Selling,"3,482.1800",GH¢ per USD,0.348218,GH¢ per USD,ok,
1999-12-06,USDGHS,US Dollar,Mid Rate,"3,428.9550",GH¢ per USD,0.3428955,GH¢ per USD,ok,
1999-12-06,AUDGHS,Australian Dollar,Buying,245.8959,GH¢ per AUD,0.02458959,GH¢ per AUD,ok,
1999-12-06,AUDGHS,Australian Dollar,Selling,"2,201.1357",GH¢ per AUD,0.22011357,GH¢ per AUD,ok,
1999-12-06,AUDGHS,Australian Dollar,Mid Rate,"1,223.5158",GH¢ per AUD,0.12235158,GH¢ per AUD,ok,
1999-12-06,CADGHS,Canadian Dollar,Buying,"2,281.8504",GH¢ per CAD,0.22818504,GH¢ per CAD,ok,
1999-12-06,CADGHS,Canadian Dollar,Selling,"2,351.4628",GH¢ per CAD,0.23514628,GH¢ per CAD,ok,
1999-12-06,CADGHS,Canadian Dollar,Mid Rate,"2,316.6566",GH¢ per CAD,0.23166566,GH¢ per CAD,ok,
1999-12-06,CHFGHS,Swiss Franc,Buying,"2,121.0620",GH¢ per CHF,0.2121062,GH¢ per CHF,ok,
1999-12-06,CHFGHS,Swiss Franc,Selling,"2,185.9708",GH¢ per CHF,0.21859708,GH¢ per CHF,ok,
1999-12-06,CHFGHS,Swiss Franc,Mid Rate,"2,153.5164",GH¢ per CHF,0.21535164,GH¢ per CHF,ok,
1999-12-06,DKKGHS,Danish Krone,Buying,454.9598,GH¢ per DKK,0.04549598,GH¢ per DKK,ok,
1999-12-06,DKKGHS,Danish Krone,Selling,468.9043,GH¢ per DKK,0.04689043,GH¢ per DKK,ok,
1999-12-06,DKKGHS,Danish Krone,Mid Rate,461.9321,GH¢ per DKK,0.04619321,GH¢ per DKK,ok,
1999-12-06,GBPGHS,Pound Sterling,Buying,"5,403.1934",GH¢ per GBP,0.54031934,GH¢ per GBP,ok,
1999-12-06,GBPGHS,Pound Sterling,Selling,"5,575.3184",GH¢ per GBP,0.55753184,GH¢ per GBP,ok,
1999-12-06,GBPGHS,Pound Sterling,Mid Rate,"5,489.2559",GH¢ per GBP,0.54892559,GH¢ per GBP,ok,
1999-12-06,JPYGHS,Japanese yen,Buying,33.0653,GH¢ per JPY,0.00330653,GH¢ per JPY,ok,
1999-12-06,JPYGHS,Japanese yen,Selling,34.0936,GH¢ per JPY,0.00340936,GH¢ per JPY,ok,
1999-12-06,JPYGHS,Japanese yen,Mid Rate,33.5795,GH¢ per JPY,0.00335795,GH¢ per JPY,ok,
1999-12-06,NOKGHS,Norwegian Krone,Buying,418.3852,GH¢ per NOK,0.04183852,GH¢ per NOK,ok,
1999-12-06,NOKGHS,Norwegian Krone,Selling,431.1758,GH¢ per NOK,0.04311758,GH¢ per NOK,ok,
1999-12-06,NOKGHS,Norwegian Krone,Mid Rate,424.7805,GH¢ per NOK,0.04247805,GH¢ per NOK,ok,
1999-12-06,SEKGHS,Swedish Krona,Buying,394.8433,GH¢ per SEK,0.03948433,GH¢ per SEK,ok,
1999-12-06,SEKGHS,Swedish Krona,Selling,406.6904,GH¢ per SEK,0.04066904,GH¢ per SEK,ok,
1999-12-06,SEKGHS,Swedish Krona,Mid Rate,400.7669,GH¢ per SEK,0.04007669,GH¢ per SEK,ok,
1999-12-07,USDGHS,US Dollar,Buying,"3,384.2700",GH¢ per USD,0.338427,GH¢ per USD,ok,
1999-12-07,USDGHS,US Dollar,Selling,"3,491.4500",GH¢ per USD,0.349145,GH¢ per USD,ok,
1999-12-07,USDGHS,US Dollar,Mid Rate,"3,437.8600",GH¢ per USD,0.343786,GH¢ per USD,ok,
1999-12-07,AUDGHS,Australian Dollar,Buying,251.6477,GH¢ per AUD,0.02516477,GH¢ per AUD,ok,
1999-12-07,AUDGHS,Australian Dollar,Selling,"2,219.4599",GH¢ per AUD,0.22194599,GH¢ per AUD,ok,
1999-12-07,AUDGHS,Australian Dollar,Mid Rate,"1,235.5538",GH¢ per AUD,0.12355538,GH¢ per AUD,ok,
1999-12-07,CADGHS,Canadian Dollar,Buying,"2,297.9611",GH¢ per CAD,0.22979611,GH¢ per CAD,ok,
1999-12-07,CADGHS,Canadian Dollar,Selling,"2,368.8334",GH¢ per CAD,0.23688334,GH¢ per CAD,ok,
1999-12-07,CADGHS,Canadian Dollar,Mid Rate,"2,333.3973",GH¢ per CAD,0.23333973,GH¢ per CAD,ok,
1999-12-07,CHFGHS,Swiss Franc,Buying,"2,166.2372",GH¢ per CHF,0.21662372,GH¢ per CHF,ok,
1999-12-07,CHFGHS,Swiss Franc,Selling,"2,233.1248",GH¢ per CHF,0.22331248,GH¢ per CHF,ok,
1999-12-07,CHFGHS,Swiss Franc,Mid Rate,"2,199.6810",GH¢ per CHF,0.2199681,GH¢ per CHF,ok,
1999-12-07,DKKGHS,Danish Krone,Buying,465.5541,GH¢ per DKK,0.04655541,GH¢ per DKK,ok,
1999-12-07,DKKGHS,Danish Krone,Selling,480.0263,GH¢ per DKK,0.04800263,GH¢ per DKK,ok,
1999-12-07,DKKGHS,Danish Krone,Mid Rate,472.7902,GH¢ per DKK,0.04727902,GH¢ per DKK,ok,
1999-12-07,GBPGHS,Pound Sterling,Buying,"5,490.9781",GH¢ per GBP,0.54909781,GH¢ per GBP,ok,
1999-12-07,GBPGHS,Pound Sterling,Selling,"5,667.6708",GH¢ per GBP,0.56676708,GH¢ per GBP,ok,
1999-12-07,GBPGHS,Pound Sterling,Mid Rate,"5,579.3245",GH¢ per GBP,0.55793245,GH¢ per GBP,ok,
1999-12-07,JPYGHS,Japanese yen,Buying,32.9472,GH¢ per JPY,0.00329472,GH¢ per JPY,ok,
1999-12-07,JPYGHS,Japanese yen,Selling,33.9829,GH¢ per JPY,0.00339829,GH¢ per JPY,ok,
1999-12-07,JPYGHS,Japanese yen,Mid Rate,33.4651,GH¢ per JPY,0.00334651,GH¢ per JPY,ok,
1999-12-07,NOKGHS,Norwegian Krone,Buying,425.7727,GH¢ per NOK,0.04257727,GH¢ per NOK,ok,
1999-12-07,NOKGHS,Norwegian Krone,Selling,438.9256,GH¢ per NOK,0.04389256,GH¢ per NOK,ok,
1999-12-07,NOKGHS,Norwegian Krone,Mid Rate,432.3492,GH¢ per NOK,0.04323492,GH¢ per NOK,ok,
1999-12-07,SEKGHS,Swedish Krona,Buying,401.8632,GH¢ per SEK,0.04018632,GH¢ per SEK,ok,
1999-12-07,SEKGHS,Swedish Krona,Selling,414.0492,GH¢ per SEK,0.04140492,GH¢ per SEK,ok,
1999-12-07,SEKGHS,Swedish Krona,Mid Rate,407.9562,GH¢ per SEK,0.04079562,GH¢ per SEK,ok,
1999-12-08,USDGHS,US Dollar,Buying,"3,385.0000",GH¢ per USD,0.3385,GH¢ per USD,ok,
1999-12-08,USDGHS,US Dollar,Selling,"3,491.8200",GH¢ per USD,0.349182,GH¢ per USD,ok,
1999-12-08,USDGHS,US Dollar,Mid Rate,"3,438.4100",GH¢ per USD,0.343841,GH¢ per USD,ok,
1999-12-08,AUDGHS,Australian Dollar,Buying,252.6896,GH¢ per AUD,0.02526896,GH¢ per AUD,ok,
1999-12-08,AUDGHS,Australian Dollar,Selling,"2,227.1430",GH¢ per AUD,0.2227143,GH¢ per AUD,ok,
1999-12-08,AUDGHS,Australian Dollar,Mid Rate,"1,239.9163",GH¢ per AUD,0.12399163,GH¢ per AUD,ok,
1999-12-08,CADGHS,Canadian Dollar,Buying,"2,291.7877",GH¢ per CAD,0.22917877,GH¢ per CAD,ok,
1999-12-08,CADGHS,Canadian Dollar,Selling,"2,361.6910",GH¢ per CAD,0.2361691,GH¢ per CAD,ok,
1999-12-08,CADGHS,Canadian Dollar,Mid Rate,"2,326.7394",GH¢ per CAD,0.23267394,GH¢ per CAD,ok,
1999-12-08,CHFGHS,Swiss Franc,Buying,"2,173.4855",GH¢ per CHF,0.21734855,GH¢ per CHF,ok,
1999-12-08,CHFGHS,Swiss Franc,Selling,"2,240.1108",GH¢ per CHF,0.22401108,GH¢ per CHF,ok,
1999-12-08,CHFGHS,Swiss Franc,Mid Rate,"2,206.7982",GH¢ per CHF,0.22067982,GH¢ per CHF,ok,
1999-12-08,DKKGHS,Danish Krone,Buying,467.3462,GH¢ per DKK,0.04673462,GH¢ per DKK,ok,
1999-12-08,DKKGHS,Danish Krone,Selling,481.8948,GH¢ per DKK,0.04818948,GH¢ per DKK,ok,
1999-12-08,DKKGHS,Danish Krone,Mid Rate,474.6205,GH¢ per DKK,0.04746205,GH¢ per DKK,ok,
1999-12-08,GBPGHS,Pound Sterling,Buying,"5,507.3950",GH¢ per GBP,0.5507395,GH¢ per GBP,ok,
1999-12-08,GBPGHS,Pound Sterling,Selling,"5,682.9371",GH¢ per GBP,0.56829371,GH¢ per GBP,ok,
1999-12-08,GBPGHS,Pound Sterling,Mid Rate,"5,595.1661",GH¢ per GBP,0.55951661,GH¢ per GBP,ok,
1999-12-08,JPYGHS,Japanese yen,Buying,32.9212,GH¢ per JPY,0.00329212,GH¢ per JPY,ok,
1999-12-08,JPYGHS,Japanese yen,Selling,33.9462,GH¢ per JPY,0.00339462,GH¢ per JPY,ok,
1999-12-08,JPYGHS,Japanese yen,Mid Rate,33.4337,GH¢ per JPY,0.00334337,GH¢ per JPY,ok,
1999-12-08,NOKGHS,Norwegian Krone,Buying,427.5762,GH¢ per NOK,0.04275762,GH¢ per NOK,ok,
1999-12-08,NOKGHS,Norwegian Krone,Selling,440.7906,GH¢ per NOK,0.04407906,GH¢ per NOK,ok,
1999-12-08,NOKGHS,Norwegian Krone,Mid Rate,434.1834,GH¢ per NOK,0.04341834,GH¢ per NOK,ok,
1999-12-08,SEKGHS,Swedish Krona,Buying,404.1799,GH¢ per SEK,0.04041799,GH¢ per SEK,ok,
1999-12-08,SEKGHS,Swedish Krona,Selling,416.4361,GH¢ per SEK,0.04164361,GH¢ per SEK,ok,
1999-12-08,SEKGHS,Swedish Krona,Mid Rate,410.3080,GH¢ per SEK,0.0410308,GH¢ per SEK,ok,
1999-12-09,USDGHS,US Dollar,Buying,"3,394.2700",GH¢ per USD,0.339427,GH¢ per USD,ok,
1999-12-09,USDGHS,US Dollar,Selling,"3,498.2700",GH¢ per USD,0.349827,GH¢ per USD,ok,
1999-12-09,USDGHS,US Dollar,Mid Rate,"3,446.2700",GH¢ per USD,0.344627,GH¢ per USD,ok,
1999-12-09,AUDGHS,Australian Dollar,Buying,253.0356,GH¢ per AUD,0.02530356,GH¢ per AUD,ok,
1999-12-09,AUDGHS,Australian Dollar,Selling,"2,234.5556",GH¢ per AUD,0.22345556,GH¢ per AUD,ok,
1999-12-09,AUDGHS,Australian Dollar,Mid Rate,"1,243.7956",GH¢ per AUD,0.12437956,GH¢ per AUD,ok,
1999-12-09,CADGHS,Canadian Dollar,Buying,"2,295.7336",GH¢ per CAD,0.22957336,GH¢ per CAD,ok,
1999-12-09,CADGHS,Canadian Dollar,Selling,"2,364.5404",GH¢ per CAD,0.23645404,GH¢ per CAD,ok,
1999-12-09,CADGHS,Canadian Dollar,Mid Rate,"2,330.1370",GH¢ per CAD,0.2330137,GH¢ per CAD,ok,
1999-12-09,CHFGHS,Swiss Franc,Buying,"2,177.9085",GH¢ per CHF,0.21779085,GH¢ per CHF,ok,
1999-12-09,CHFGHS,Swiss Franc,Selling,"2,243.9130",GH¢ per CHF,0.2243913,GH¢ per CHF,ok,
1999-12-09,CHFGHS,Swiss Franc,Mid Rate,"2,210.9108",GH¢ per CHF,0.22109108,GH¢ per CHF,ok,
1999-12-09,DKKGHS,Danish Krone,Buying,467.9182,GH¢ per DKK,0.04679182,GH¢ per DKK,ok,
1999-12-09,DKKGHS,Danish Krone,Selling,482.0562,GH¢ per DKK,0.04820562,GH¢ per DKK,ok,
1999-12-09,DKKGHS,Danish Krone,Mid Rate,474.9872,GH¢ per DKK,0.04749872,GH¢ per DKK,ok,
1999-12-09,GBPGHS,Pound Sterling,Buying,"5,520.7802",GH¢ per GBP,0.55207802,GH¢ per GBP,ok,
1999-12-09,GBPGHS,Pound Sterling,Selling,"5,691.6853",GH¢ per GBP,0.56916853,GH¢ per GBP,ok,
1999-12-09,GBPGHS,Pound Sterling,Mid Rate,"5,606.2328",GH¢ per GBP,0.56062328,GH¢ per GBP,ok,
1999-12-09,JPYGHS,Japanese yen,Buying,32.8540,GH¢ per JPY,0.0032854,GH¢ per JPY,ok,
1999-12-09,JPYGHS,Japanese yen,Selling,33.8468,GH¢ per JPY,0.00338468,GH¢ per JPY,ok,
1999-12-09,JPYGHS,Japanese yen,Mid Rate,33.3504,GH¢ per JPY,0.00333504,GH¢ per JPY,ok,
1999-12-09,NOKGHS,Norwegian Krone,Buying,429.0584,GH¢ per NOK,0.04290584,GH¢ per NOK,ok,
1999-12-09,NOKGHS,Norwegian Krone,Selling,441.9251,GH¢ per NOK,0.04419251,GH¢ per NOK,ok,
1999-12-09,NOKGHS,Norwegian Krone,Mid Rate,435.4918,GH¢ per NOK,0.04354918,GH¢ per NOK,ok,
1999-12-09,SEKGHS,Swedish Krona,Buying,406.3491,GH¢ per SEK,0.04063491,GH¢ per SEK,ok,
1999-12-09,SEKGHS,Swedish Krona,Selling,418.5494,GH¢ per SEK,0.04185494,GH¢ per SEK,ok,
1999-12-09,SEKGHS,Swedish Krona,Mid Rate,412.4493,GH¢ per SEK,0.04124493,GH¢ per SEK,ok,
1999-12-10,USDGHS,US Dollar,Buying,"3,400.4500",GH¢ per USD,0.340045,GH¢ per USD,ok,
1999-12-10,USDGHS,US Dollar,Selling,"3,504.0000",GH¢ per USD,0.3504,GH¢ per USD,ok,
1999-12-10,USDGHS,US Dollar,Mid Rate,"3,452.2250",GH¢ per USD,0.3452225,GH¢ per USD,ok,
1999-12-10,AUDGHS,Australian Dollar,Buying,251.8679,GH¢ per AUD,0.02518679,GH¢ per AUD,ok,
1999-12-10,AUDGHS,Australian Dollar,Selling,"2,227.8292",GH¢ per AUD,0.22278292,GH¢ per AUD,ok,
1999-12-10,AUDGHS,Australian Dollar,Mid Rate,"1,239.8486",GH¢ per AUD,0.12398486,GH¢ per AUD,ok,
1999-12-10,CADGHS,Canadian Dollar,Buying,"2,301.8562",GH¢ per CAD,0.23018562,GH¢ per CAD,ok,
1999-12-10,CADGHS,Canadian Dollar,Selling,"2,371.0400",GH¢ per CAD,0.237104,GH¢ per CAD,ok,
1999-12-10,CADGHS,Canadian Dollar,Mid Rate,"2,336.4481",GH¢ per CAD,0.23364481,GH¢ per CAD,ok,
1999-12-10,CHFGHS,Swiss Franc,Buying,"2,167.2611",GH¢ per CHF,0.21672611,GH¢ per CHF,ok,
1999-12-10,CHFGHS,Swiss Franc,Selling,"2,233.2310",GH¢ per CHF,0.2233231,GH¢ per CHF,ok,
1999-12-10,CHFGHS,Swiss Franc,Mid Rate,"2,200.2461",GH¢ per CHF,0.22002461,GH¢ per CHF,ok,
1999-12-10,DKKGHS,Danish Krone,Buying,465.7718,GH¢ per DKK,0.04657718,GH¢ per DKK,ok,
1999-12-10,DKKGHS,Danish Krone,Selling,479.8502,GH¢ per DKK,0.04798502,GH¢ per DKK,ok,
1999-12-10,DKKGHS,Danish Krone,Mid Rate,472.8110,GH¢ per DKK,0.0472811,GH¢ per DKK,ok,
1999-12-10,GBPGHS,Pound Sterling,Buying,"5,518.9304",GH¢ per GBP,0.55189304,GH¢ per GBP,ok,
1999-12-10,GBPGHS,Pound Sterling,Selling,"5,690.4960",GH¢ per GBP,0.5690496,GH¢ per GBP,ok,
1999-12-10,GBPGHS,Pound Sterling,Mid Rate,"5,604.7132",GH¢ per GBP,0.56047132,GH¢ per GBP,ok,
1999-12-10,JPYGHS,Japanese yen,Buying,33.1567,GH¢ per JPY,0.00331567,GH¢ per JPY,ok,
1999-12-10,JPYGHS,Japanese yen,Selling,34.1628,GH¢ per JPY,0.00341628,GH¢ per JPY,ok,
1999-12-10,JPYGHS,Japanese yen,Mid Rate,33.6598,GH¢ per JPY,0.00336598,GH¢ per JPY,ok,
1999-12-10,NOKGHS,Norwegian Krone,Buying,426.9272,GH¢ per NOK,0.04269272,GH¢ per NOK,ok,
1999-12-10,NOKGHS,Norwegian Krone,Selling,439.7839,GH¢ per NOK,0.04397839,GH¢ per NOK,ok,
1999-12-10,NOKGHS,Norwegian Krone,Mid Rate,433.3556,GH¢ per NOK,0.04333556,GH¢ per NOK,ok,
1999-12-10,SEKGHS,Swedish Krona,Buying,404.5484,GH¢ per SEK,0.04045484,GH¢ per SEK,ok,
1999-12-10,SEKGHS,Swedish Krona,Selling,416.4986,GH¢ per SEK,0.04164986,GH¢ per SEK,ok,
1999-12-10,SEKGHS,Swedish Krona,Mid Rate,410.5235,GH¢ per SEK,0.04105235,GH¢ per SEK,ok,
1999-12-13,USDGHS,US Dollar,Buying,"3,406.5500",GH¢ per USD,0.340655,GH¢ per USD,ok,
1999-12-13,USDGHS,US Dollar,Selling,"3,505.0900",GH¢ per USD,0.350509,GH¢ per USD,ok,
1999-12-13,USDGHS,US Dollar,Mid Rate,"3,455.8200",GH¢ per USD,0.345582,GH¢ per USD,ok,
1999-12-13,AUDGHS,Australian Dollar,Buying,251.5278,GH¢ per AUD,0.02515278,GH¢ per AUD,ok,
1999-12-13,AUDGHS,Australian Dollar,Selling,"2,234.7456",GH¢ per AUD,0.22347456,GH¢ per AUD,ok,
1999-12-13,AUDGHS,Australian Dollar,Mid Rate,"1,243.1367",GH¢ per AUD,0.12431367,GH¢ per AUD,ok,
1999-12-13,CADGHS,Canadian Dollar,Buying,"2,307.4475",GH¢ per CAD,0.23074475,GH¢ per CAD,ok,
1999-12-13,CADGHS,Canadian Dollar,Selling,"2,372.5505",GH¢ per CAD,0.23725505,GH¢ per CAD,ok,
1999-12-13,CADGHS,Canadian Dollar,Mid Rate,"2,339.9990",GH¢ per CAD,0.2339999,GH¢ per CAD,ok,
1999-12-13,CHFGHS,Swiss Franc,Buying,"2,162.6966",GH¢ per CHF,0.21626966,GH¢ per CHF,ok,
1999-12-13,CHFGHS,Swiss Franc,Selling,"2,223.8550",GH¢ per CHF,0.2223855,GH¢ per CHF,ok,
1999-12-13,CHFGHS,Swiss Franc,Mid Rate,"2,193.2758",GH¢ per CHF,0.21932758,GH¢ per CHF,ok,
1999-12-13,DKKGHS,Danish Krone,Buying,465.1870,GH¢ per DKK,0.0465187,GH¢ per DKK,ok,
1999-12-13,DKKGHS,Danish Krone,Selling,478.4889,GH¢ per DKK,0.04784889,GH¢ per DKK,ok,
1999-12-13,DKKGHS,Danish Krone,Mid Rate,471.8380,GH¢ per DKK,0.0471838,GH¢ per DKK,ok,
1999-12-13,GBPGHS,Pound Sterling,Buying,"5,533.2592",GH¢ per GBP,0.55332592,GH¢ per GBP,ok,
1999-12-13,GBPGHS,Pound Sterling,Selling,"5,695.0702",GH¢ per GBP,0.56950702,GH¢ per GBP,ok,
1999-12-13,GBPGHS,Pound Sterling,Mid Rate,"5,614.1647",GH¢ per GBP,0.56141647,GH¢ per GBP,ok,
1999-12-13,JPYGHS,Japanese yen,Buying,33.2348,GH¢ per JPY,0.00332348,GH¢ per JPY,ok,
1999-12-13,JPYGHS,Japanese yen,Selling,34.1820,GH¢ per JPY,0.0034182,GH¢ per JPY,ok,
1999-12-13,JPYGHS,Japanese yen,Mid Rate,33.7084,GH¢ per JPY,0.00337084,GH¢ per JPY,ok,
1999-12-13,NOKGHS,Norwegian Krone,Buying,426.1631,GH¢ per NOK,0.04261631,GH¢ per NOK,ok,
1999-12-13,NOKGHS,Norwegian Krone,Selling,438.2172,GH¢ per NOK,0.04382172,GH¢ per NOK,ok,
1999-12-13,NOKGHS,Norwegian Krone,Mid Rate,432.1902,GH¢ per NOK,0.04321902,GH¢ per NOK,ok,
1999-12-13,SEKGHS,Swedish Krona,Buying,403.1607,GH¢ per SEK,0.04031607,GH¢ per SEK,ok,
1999-12-13,SEKGHS,Swedish Krona,Selling,414.3316,GH¢ per SEK,0.04143316,GH¢ per SEK,ok,
1999-12-13,SEKGHS,Swedish Krona,Mid Rate,408.7462,GH¢ per SEK,0.04087462,GH¢ per SEK,ok,
1999-12-14,USDGHS,US Dollar,Buying,"3,420.9100",GH¢ per USD,0.342091,GH¢ per USD,ok,
1999-12-14,USDGHS,US Dollar,Selling,"3,523.9100",GH¢ per USD,0.352391,GH¢ per USD,ok,
1999-12-14,USDGHS,US Dollar,Mid Rate,"3,472.4100",GH¢ per USD,0.347241,GH¢ per USD,ok,
1999-12-14,AUDGHS,Australian Dollar,Buying,250.8937,GH¢ per AUD,0.02508937,GH¢ per AUD,ok,
1999-12-14,AUDGHS,Australian Dollar,Selling,"2,240.2912",GH¢ per AUD,0.22402912,GH¢ per AUD,ok,
1999-12-14,AUDGHS,Australian Dollar,Mid Rate,"1,245.5925",GH¢ per AUD,0.12455925,GH¢ per AUD,ok,
1999-12-14,CADGHS,Canadian Dollar,Buying,"2,314.1996",GH¢ per CAD,0.23141996,GH¢ per CAD,ok,
1999-12-14,CADGHS,Canadian Dollar,Selling,"2,382.2666",GH¢ per CAD,0.23822666,GH¢ per CAD,ok,
1999-12-14,CADGHS,Canadian Dollar,Mid Rate,"2,348.2331",GH¢ per CAD,0.23482331,GH¢ per CAD,ok,
1999-12-14,CHFGHS,Swiss Franc,Buying,"2,155.9553",GH¢ per CHF,0.21559553,GH¢ per CHF,ok,
1999-12-14,CHFGHS,Swiss Franc,Selling,"2,219.4777",GH¢ per CHF,0.22194777,GH¢ per CHF,ok,
1999-12-14,CHFGHS,Swiss Franc,Mid Rate,"2,187.7165",GH¢ per CHF,0.21877165,GH¢ per CHF,ok,
1999-12-14,DKKGHS,Danish Krone,Buying,463.9162,GH¢ per DKK,0.04639162,GH¢ per DKK,ok,
1999-12-14,DKKGHS,Danish Krone,Selling,477.6875,GH¢ per DKK,0.04776875,GH¢ per DKK,ok,
1999-12-14,DKKGHS,Danish Krone,Mid Rate,470.8019,GH¢ per DKK,0.04708019,GH¢ per DKK,ok,
1999-12-14,GBPGHS,Pound Sterling,Buying,"5,545.9793",GH¢ per GBP,0.55459793,GH¢ per GBP,ok,
1999-12-14,GBPGHS,Pound Sterling,Selling,"5,716.4868",GH¢ per GBP,0.57164868,GH¢ per GBP,ok,
1999-12-14,GBPGHS,Pound Sterling,Mid Rate,"5,631.2331",GH¢ per GBP,0.56312331,GH¢ per GBP,ok,
1999-12-14,JPYGHS,Japanese yen,Buying,33.1123,GH¢ per JPY,0.00331123,GH¢ per JPY,ok,
1999-12-14,JPYGHS,Japanese yen,Selling,34.1059,GH¢ per JPY,0.00341059,GH¢ per JPY,ok,
1999-12-14,JPYGHS,Japanese yen,Mid Rate,33.6091,GH¢ per JPY,0.00336091,GH¢ per JPY,ok,
1999-12-14,NOKGHS,Norwegian Krone,Buying,426.0206,GH¢ per NOK,0.04260206,GH¢ per NOK,ok,
1999-12-14,NOKGHS,Norwegian Krone,Selling,438.5726,GH¢ per NOK,0.04385726,GH¢ per NOK,ok,
1999-12-14,NOKGHS,Norwegian Krone,Mid Rate,432.2966,GH¢ per NOK,0.04322966,GH¢ per NOK,ok,
1999-12-14,SEKGHS,Swedish Krona,Buying,402.6821,GH¢ per SEK,0.04026821,GH¢ per SEK,ok,
1999-12-14,SEKGHS,Swedish Krona,Selling,414.3162,GH¢ per SEK,0.04143162,GH¢ per SEK,ok,
1999-12-14,SEKGHS,Swedish Krona,Mid Rate,408.4992,GH¢ per SEK,0.04084992,GH¢ per SEK,ok,
1999-12-15,USDGHS,US Dollar,Buying,"3,423.7300",GH¢ per USD,0.342373,GH¢ per USD,ok,
1999-12-15,USDGHS,US Dollar,Selling,"3,527.8200",GH¢ per USD,0.352782,GH¢ per USD,ok,
1999-12-15,USDGHS,US Dollar,Mid Rate,"3,475.7750",GH¢ per USD,0.3475775,GH¢ per USD,ok,
1999-12-15,AUDGHS,Australian Dollar,Buying,249.7650,GH¢ per AUD,0.0249765,GH¢ per AUD,ok,
1999-12-15,AUDGHS,Australian Dollar,Selling,"2,243.2875",GH¢ per AUD,0.22432875,GH¢ per AUD,ok,
1999-12-15,AUDGHS,Australian Dollar,Mid Rate,"1,246.5263",GH¢ per AUD,0.12465263,GH¢ per AUD,ok,
1999-12-15,CADGHS,Canadian Dollar,Buying,"2,310.5756",GH¢ per CAD,0.23105756,GH¢ per CAD,ok,
1999-12-15,CADGHS,Canadian Dollar,Selling,"2,379.2068",GH¢ per CAD,0.23792068,GH¢ per CAD,ok,
1999-12-15,CADGHS,Canadian Dollar,Mid Rate,"2,344.8912",GH¢ per CAD,0.23448912,GH¢ per CAD,ok,
1999-12-15,CHFGHS,Swiss Franc,Buying,"2,148.6737",GH¢ per CHF,0.21486737,GH¢ per CHF,ok,
1999-12-15,CHFGHS,Swiss Franc,Selling,"2,212.6113",GH¢ per CHF,0.22126113,GH¢ per CHF,ok,
1999-12-15,CHFGHS,Swiss Franc,Mid Rate,"2,180.6425",GH¢ per CHF,0.21806425,GH¢ per CHF,ok,
1999-12-15,DKKGHS,Danish Krone,Buying,462.2044,GH¢ per DKK,0.04622044,GH¢ per DKK,ok,
1999-12-15,DKKGHS,Danish Krone,Selling,476.0011,GH¢ per DKK,0.04760011,GH¢ per DKK,ok,
1999-12-15,DKKGHS,Danish Krone,Mid Rate,469.1028,GH¢ per DKK,0.04691028,GH¢ per DKK,ok,
1999-12-15,GBPGHS,Pound Sterling,Buying,"5,501.2494",GH¢ per GBP,0.55012494,GH¢ per GBP,ok,
1999-12-15,GBPGHS,Pound Sterling,Selling,"5,672.0290",GH¢ per GBP,0.5672029,GH¢ per GBP,ok,
1999-12-15,GBPGHS,Pound Sterling,Mid Rate,"5,586.6392",GH¢ per GBP,0.55866392,GH¢ per GBP,ok,
1999-12-15,JPYGHS,Japanese yen,Buying,33.0286,GH¢ per JPY,0.00330286,GH¢ per JPY,ok,
1999-12-15,JPYGHS,Japanese yen,Selling,34.0295,GH¢ per JPY,0.00340295,GH¢ per JPY,ok,
1999-12-15,JPYGHS,Japanese yen,Mid Rate,33.5291,GH¢ per JPY,0.00335291,GH¢ per JPY,ok,
1999-12-15,NOKGHS,Norwegian Krone,Buying,424.6069,GH¢ per NOK,0.04246069,GH¢ per NOK,ok,
1999-12-15,NOKGHS,Norwegian Krone,Selling,437.0226,GH¢ per NOK,0.04370226,GH¢ per NOK,ok,
1999-12-15,NOKGHS,Norwegian Krone,Mid Rate,430.8148,GH¢ per NOK,0.04308148,GH¢ per NOK,ok,
1999-12-15,SEKGHS,Swedish Krona,Buying,399.7711,GH¢ per SEK,0.03997711,GH¢ per SEK,ok,
1999-12-15,SEKGHS,Swedish Krona,Selling,411.4459,GH¢ per SEK,0.04114459,GH¢ per SEK,ok,
1999-12-15,SEKGHS,Swedish Krona,Mid Rate,405.6085,GH¢ per SEK,0.04056085,GH¢ per SEK,ok,
1999-12-16,USDGHS,US Dollar,Buying,"3,424.0000",GH¢ per USD,0.3424,GH¢ per USD,ok,
1999-12-16,USDGHS,US Dollar,Selling,"3,530.9100",GH¢ per USD,0.353091,GH¢ per USD,ok,
1999-12-16,USDGHS,US Dollar,Mid Rate,"3,477.4550",GH¢ per USD,0.3477455,GH¢ per USD,ok,
1999-12-16,AUDGHS,Australian Dollar,Buying,251.4823,GH¢ per AUD,0.02514823,GH¢ per AUD,ok,
1999-12-16,AUDGHS,Australian Dollar,Selling,"2,254.2894",GH¢ per AUD,0.22542894,GH¢ per AUD,ok,
1999-12-16,AUDGHS,Australian Dollar,Mid Rate,"1,252.8859",GH¢ per AUD,0.12528859,GH¢ per AUD,ok,
1999-12-16,CADGHS,Canadian Dollar,Buying,"2,309.5531",GH¢ per CAD,0.23095531,GH¢ per CAD,ok,
1999-12-16,CADGHS,Canadian Dollar,Selling,"2,380.6512",GH¢ per CAD,0.23806512,GH¢ per CAD,ok,
1999-12-16,CADGHS,Canadian Dollar,Mid Rate,"2,345.1022",GH¢ per CAD,0.23451022,GH¢ per CAD,ok,
1999-12-16,CHFGHS,Swiss Franc,Buying,"2,162.4414",GH¢ per CHF,0.21624414,GH¢ per CHF,ok,
1999-12-16,CHFGHS,Swiss Franc,Selling,"2,229.0721",GH¢ per CHF,0.22290721,GH¢ per CHF,ok,
1999-12-16,CHFGHS,Swiss Franc,Mid Rate,"2,195.7568",GH¢ per CHF,0.21957568,GH¢ per CHF,ok,
1999-12-16,DKKGHS,Danish Krone,Buying,465.1511,GH¢ per DKK,0.04651511,GH¢ per DKK,ok,
1999-12-16,DKKGHS,Danish Krone,Selling,479.5883,GH¢ per DKK,0.04795883,GH¢ per DKK,ok,
1999-12-16,DKKGHS,Danish Krone,Mid Rate,472.3697,GH¢ per DKK,0.04723697,GH¢ per DKK,ok,
1999-12-16,GBPGHS,Pound Sterling,Buying,"5,509.9008",GH¢ per GBP,0.55099008,GH¢ per GBP,ok,
1999-12-16,GBPGHS,Pound Sterling,Selling,"5,685.4713",GH¢ per GBP,0.56854713,GH¢ per GBP,ok,
1999-12-16,GBPGHS,Pound Sterling,Mid Rate,"5,597.6861",GH¢ per GBP,0.55976861,GH¢ per GBP,ok,
1999-12-16,JPYGHS,Japanese yen,Buying,33.2824,GH¢ per JPY,0.00332824,GH¢ per JPY,ok,
1999-12-16,JPYGHS,Japanese yen,Selling,34.3181,GH¢ per JPY,0.00343181,GH¢ per JPY,ok,
1999-12-16,JPYGHS,Japanese yen,Mid Rate,33.8003,GH¢ per JPY,0.00338003,GH¢ per JPY,ok,
1999-12-16,NOKGHS,Norwegian Krone,Buying,427.4124,GH¢ per NOK,0.04274124,GH¢ per NOK,ok,
1999-12-16,NOKGHS,Norwegian Krone,Selling,440.5942,GH¢ per NOK,0.04405942,GH¢ per NOK,ok,
1999-12-16,NOKGHS,Norwegian Krone,Mid Rate,434.0033,GH¢ per NOK,0.04340033,GH¢ per NOK,ok,
1999-12-16,SEKGHS,Swedish Krona,Buying,402.3911,GH¢ per SEK,0.04023911,GH¢ per SEK,ok,
1999-12-16,SEKGHS,Swedish Krona,Selling,414.5712,GH¢ per SEK,0.04145712,GH¢ per SEK,ok,
1999-12-16,SEKGHS,Swedish Krona,Mid Rate,408.4812,GH¢ per SEK,0.04084812,GH¢ per SEK,ok,
1999-12-17,USDGHS,US Dollar,Buying,"3,424.1800",GH¢ per USD,0.342418,GH¢ per USD,ok,
1999-12-17,USDGHS,US Dollar,Selling,"3,531.4500",GH¢ per USD,0.353145,GH¢ per USD,ok,
1999-12-17,USDGHS,US Dollar,Mid Rate,"3,477.8150",GH¢ per USD,0.3477815,GH¢ per USD,ok,
1999-12-17,AUDGHS,Australian Dollar,Buying,254.5132,GH¢ per AUD,0.02545132,GH¢ per AUD,ok,
1999-12-17,AUDGHS,Australian Dollar,Selling,"2,277.5711",GH¢ per AUD,0.22775711,GH¢ per AUD,ok,
1999-12-17,AUDGHS,Australian Dollar,Mid Rate,"1,266.0422",GH¢ per AUD,0.12660422,GH¢ per AUD,ok,
1999-12-17,CADGHS,Canadian Dollar,Buying,"2,320.4024",GH¢ per CAD,0.23204024,GH¢ per CAD,ok,
1999-12-17,CADGHS,Canadian Dollar,Selling,"2,391.7669",GH¢ per CAD,0.23917669,GH¢ per CAD,ok,
1999-12-17,CADGHS,Canadian Dollar,Mid Rate,"2,356.0847",GH¢ per CAD,0.23560847,GH¢ per CAD,ok,
1999-12-17,CHFGHS,Swiss Franc,Buying,"2,185.1693",GH¢ per CHF,0.21851693,GH¢ per CHF,ok,
1999-12-17,CHFGHS,Swiss Franc,Selling,"2,252.5286",GH¢ per CHF,0.22525286,GH¢ per CHF,ok,
1999-12-17,CHFGHS,Swiss Franc,Mid Rate,"2,218.8490",GH¢ per CHF,0.2218849,GH¢ per CHF,ok,
1999-12-17,DKKGHS,Danish Krone,Buying,470.5878,GH¢ per DKK,0.04705878,GH¢ per DKK,ok,
1999-12-17,DKKGHS,Danish Krone,Selling,485.1229,GH¢ per DKK,0.04851229,GH¢ per DKK,ok,
1999-12-17,DKKGHS,Danish Krone,Mid Rate,477.8554,GH¢ per DKK,0.04778554,GH¢ per DKK,ok,
1999-12-17,GBPGHS,Pound Sterling,Buying,"5,534.1597",GH¢ per GBP,0.55341597,GH¢ per GBP,ok,
1999-12-17,GBPGHS,Pound Sterling,Selling,"5,711.0609",GH¢ per GBP,0.57110609,GH¢ per GBP,ok,
1999-12-17,GBPGHS,Pound Sterling,Mid Rate,"5,622.6103",GH¢ per GBP,0.56226103,GH¢ per GBP,ok,
1999-12-17,JPYGHS,Japanese yen,Buying,33.2582,GH¢ per JPY,0.00332582,GH¢ per JPY,ok,
1999-12-17,JPYGHS,Japanese yen,Selling,34.2966,GH¢ per JPY,0.00342966,GH¢ per JPY,ok,
1999-12-17,JPYGHS,Japanese yen,Mid Rate,33.7774,GH¢ per JPY,0.00337774,GH¢ per JPY,ok,
1999-12-17,NOKGHS,Norwegian Krone,Buying,431.9378,GH¢ per NOK,0.04319378,GH¢ per NOK,ok,
1999-12-17,NOKGHS,Norwegian Krone,Selling,445.2444,GH¢ per NOK,0.04452444,GH¢ per NOK,ok,
1999-12-17,NOKGHS,Norwegian Krone,Mid Rate,438.5911,GH¢ per NOK,0.04385911,GH¢ per NOK,ok,
1999-12-17,SEKGHS,Swedish Krona,Buying,406.3767,GH¢ per SEK,0.04063767,GH¢ per SEK,ok,
1999-12-17,SEKGHS,Swedish Krona,Selling,418.6627,GH¢ per SEK,0.04186627,GH¢ per SEK,ok,
1999-12-17,SEKGHS,Swedish Krona,Mid Rate,412.5197,GH¢ per SEK,0.04125197,GH¢ per SEK,ok,
1999-12-20,USDGHS,US Dollar,Buying,"3,426.9100",GH¢ per USD,0.342691,GH¢ per USD,ok,
1999-12-20,USDGHS,US Dollar,Selling,"3,535.0900",GH¢ per USD,0.353509,GH¢ per USD,ok,
1999-12-20,USDGHS,US Dollar,Mid Rate,"3,481.0000",GH¢ per USD,0.3481,GH¢ per USD,ok,
1999-12-20,AUDGHS,Australian Dollar,Buying,251.6932,GH¢ per AUD,0.02516932,GH¢ per AUD,ok,
1999-12-20,AUDGHS,Australian Dollar,Selling,"2,270.6291",GH¢ per AUD,0.22706291,GH¢ per AUD,ok,
1999-12-20,AUDGHS,Australian Dollar,Mid Rate,"1,261.1612",GH¢ per AUD,0.12611612,GH¢ per AUD,ok,
1999-12-20,CADGHS,Canadian Dollar,Buying,"2,318.8143",GH¢ per CAD,0.23188143,GH¢ per CAD,ok,
1999-12-20,CADGHS,Canadian Dollar,Selling,"2,390.3928",GH¢ per CAD,0.23903928,GH¢ per CAD,ok,
1999-12-20,CADGHS,Canadian Dollar,Mid Rate,"2,354.6036",GH¢ per CAD,0.23546036,GH¢ per CAD,ok,
1999-12-20,CHFGHS,Swiss Franc,Buying,"2,163.0622",GH¢ per CHF,0.21630622,GH¢ per CHF,ok,
1999-12-20,CHFGHS,Swiss Franc,Selling,"2,229.9027",GH¢ per CHF,0.22299027,GH¢ per CHF,ok,
1999-12-20,CHFGHS,Swiss Franc,Mid Rate,"2,196.4825",GH¢ per CHF,0.21964825,GH¢ per CHF,ok,
1999-12-20,DKKGHS,Danish Krone,Buying,465.5014,GH¢ per DKK,0.04655014,GH¢ per DKK,ok,
1999-12-20,DKKGHS,Danish Krone,Selling,479.9337,GH¢ per DKK,0.04799337,GH¢ per DKK,ok,
1999-12-20,DKKGHS,Danish Krone,Mid Rate,472.7176,GH¢ per DKK,0.04727176,GH¢ per DKK,ok,
1999-12-20,GBPGHS,Pound Sterling,Buying,"5,513.2128",GH¢ per GBP,0.55132128,GH¢ per GBP,ok,
1999-12-20,GBPGHS,Pound Sterling,Selling,"5,689.3739",GH¢ per GBP,0.56893739,GH¢ per GBP,ok,
1999-12-20,GBPGHS,Pound Sterling,Mid Rate,"5,601.2934",GH¢ per GBP,0.56012934,GH¢ per GBP,ok,
1999-12-20,JPYGHS,Japanese yen,Buying,33.3004,GH¢ per JPY,0.00333004,GH¢ per JPY,ok,
1999-12-20,JPYGHS,Japanese yen,Selling,34.3395,GH¢ per JPY,0.00343395,GH¢ per JPY,ok,
1999-12-20,JPYGHS,Japanese yen,Mid Rate,33.8200,GH¢ per JPY,0.003382,GH¢ per JPY,ok,
1999-12-20,NOKGHS,Norwegian Krone,Buying,429.1674,GH¢ per NOK,0.04291674,GH¢ per NOK,ok,
1999-12-20,NOKGHS,Norwegian Krone,Selling,442.2194,GH¢ per NOK,0.04422194,GH¢ per NOK,ok,
1999-12-20,NOKGHS,Norwegian Krone,Mid Rate,435.6934,GH¢ per NOK,0.04356934,GH¢ per NOK,ok,
1999-12-20,SEKGHS,Swedish Krona,Buying,403.5879,GH¢ per SEK,0.04035879,GH¢ per SEK,ok,
1999-12-20,SEKGHS,Swedish Krona,Selling,415.8717,GH¢ per SEK,0.04158717,GH¢ per SEK,ok,
1999-12-20,SEKGHS,Swedish Krona,Mid Rate,409.7298,GH¢ per SEK,0.04097298,GH¢ per SEK,ok,
1999-12-21,USDGHS,US Dollar,Buying,"3,428.3600",GH¢ per USD,0.342836,GH¢ per USD,ok,
1999-12-21,USDGHS,US Dollar,Selling,"3,537.2700",GH¢ per USD,0.353727,GH¢ per USD,ok,
1999-12-21,USDGHS,US Dollar,Mid Rate,"3,482.8150",GH¢ per USD,0.3482815,GH¢ per USD,ok,
1999-12-21,AUDGHS,Australian Dollar,Buying,252.1855,GH¢ per AUD,0.02521855,GH¢ per AUD,ok,
1999-12-21,AUDGHS,Australian Dollar,Selling,"2,277.1374",GH¢ per AUD,0.22771374,GH¢ per AUD,ok,
1999-12-21,AUDGHS,Australian Dollar,Mid Rate,"1,264.6615",GH¢ per AUD,0.12646615,GH¢ per AUD,ok,
1999-12-21,CADGHS,Canadian Dollar,Buying,"2,317.6266",GH¢ per CAD,0.23176266,GH¢ per CAD,ok,
1999-12-21,CADGHS,Canadian Dollar,Selling,"2,390.3280",GH¢ per CAD,0.2390328,GH¢ per CAD,ok,
1999-12-21,CADGHS,Canadian Dollar,Mid Rate,"2,353.9773",GH¢ per CAD,0.23539773,GH¢ per CAD,ok,
1999-12-21,CHFGHS,Swiss Franc,Buying,"2,168.7398",GH¢ per CHF,0.21687398,GH¢ per CHF,ok,
1999-12-21,CHFGHS,Swiss Franc,Selling,"2,236.9154",GH¢ per CHF,0.22369154,GH¢ per CHF,ok,
1999-12-21,CHFGHS,Swiss Franc,Mid Rate,"2,202.8276",GH¢ per CHF,0.22028276,GH¢ per CHF,ok,
1999-12-21,DKKGHS,Danish Krone,Buying,466.3096,GH¢ per DKK,0.04663096,GH¢ per DKK,ok,
1999-12-21,DKKGHS,Danish Krone,Selling,481.0195,GH¢ per DKK,0.04810195,GH¢ per DKK,ok,
1999-12-21,DKKGHS,Danish Krone,Mid Rate,473.6646,GH¢ per DKK,0.04736646,GH¢ per DKK,ok,
1999-12-21,GBPGHS,Pound Sterling,Buying,"5,519.6596",GH¢ per GBP,0.55196596,GH¢ per GBP,ok,
1999-12-21,GBPGHS,Pound Sterling,Selling,"5,698.5420",GH¢ per GBP,0.5698542,GH¢ per GBP,ok,
1999-12-21,GBPGHS,Pound Sterling,Mid Rate,"5,609.1008",GH¢ per GBP,0.56091008,GH¢ per GBP,ok,
1999-12-21,JPYGHS,Japanese yen,Buying,33.4505,GH¢ per JPY,0.00334505,GH¢ per JPY,ok,
1999-12-21,JPYGHS,Japanese yen,Selling,34.5094,GH¢ per JPY,0.00345094,GH¢ per JPY,ok,
1999-12-21,JPYGHS,Japanese yen,Mid Rate,33.9800,GH¢ per JPY,0.003398,GH¢ per JPY,ok,
1999-12-21,NOKGHS,Norwegian Krone,Buying,429.4051,GH¢ per NOK,0.04294051,GH¢ per NOK,ok,
1999-12-21,NOKGHS,Norwegian Krone,Selling,442.9045,GH¢ per NOK,0.04429045,GH¢ per NOK,ok,
1999-12-21,NOKGHS,Norwegian Krone,Mid Rate,436.1548,GH¢ per NOK,0.04361548,GH¢ per NOK,ok,
1999-12-21,SEKGHS,Swedish Krona,Buying,403.4013,GH¢ per SEK,0.04034013,GH¢ per SEK,ok,
1999-12-21,SEKGHS,Swedish Krona,Selling,415.8548,GH¢ per SEK,0.04158548,GH¢ per SEK,ok,
1999-12-21,SEKGHS,Swedish Krona,Mid Rate,409.6281,GH¢ per SEK,0.04096281,GH¢ per SEK,ok,
1999-12-22,USDGHS,US Dollar,Buying,"3,431.1800",GH¢ per USD,0.343118,GH¢ per USD,ok,
1999-12-22,USDGHS,US Dollar,Selling,"3,539.2700",GH¢ per USD,0.353927,GH¢ per USD,ok,
1999-12-22,USDGHS,US Dollar,Mid Rate,"3,485.2250",GH¢ per USD,0.3485225,GH¢ per USD,ok,
1999-12-22,AUDGHS,Australian Dollar,Buying,252.0151,GH¢ per AUD,0.02520151,GH¢ per AUD,ok,
1999-12-22,AUDGHS,Australian Dollar,Selling,"2,287.5367",GH¢ per AUD,0.22875367,GH¢ per AUD,ok,
1999-12-22,AUDGHS,Australian Dollar,Mid Rate,"1,269.7759",GH¢ per AUD,0.12697759,GH¢ per AUD,ok,
1999-12-22,CADGHS,Canadian Dollar,Buying,"2,323.6919",GH¢ per CAD,0.23236919,GH¢ per CAD,ok,
1999-12-22,CADGHS,Canadian Dollar,Selling,"2,396.4674",GH¢ per CAD,0.23964674,GH¢ per CAD,ok,
1999-12-22,CADGHS,Canadian Dollar,Mid Rate,"2,360.0797",GH¢ per CAD,0.23600797,GH¢ per CAD,ok,
1999-12-22,CHFGHS,Swiss Franc,Buying,"2,166.4667",GH¢ per CHF,0.21664667,GH¢ per CHF,ok,
1999-12-22,CHFGHS,Swiss Franc,Selling,"2,232.6905",GH¢ per CHF,0.22326905,GH¢ per CHF,ok,
1999-12-22,CHFGHS,Swiss Franc,Mid Rate,"2,199.5786",GH¢ per CHF,0.21995786,GH¢ per CHF,ok,
1999-12-22,DKKGHS,Danish Krone,Buying,466.2313,GH¢ per DKK,0.04662313,GH¢ per DKK,ok,
1999-12-22,DKKGHS,Danish Krone,Selling,480.6618,GH¢ per DKK,0.04806618,GH¢ per DKK,ok,
1999-12-22,DKKGHS,Danish Krone,Mid Rate,473.4466,GH¢ per DKK,0.04734466,GH¢ per DKK,ok,
1999-12-22,GBPGHS,Pound Sterling,Buying,"5,529.6897",GH¢ per GBP,0.55296897,GH¢ per GBP,ok,
1999-12-22,GBPGHS,Pound Sterling,Selling,"5,707.4268",GH¢ per GBP,0.57074268,GH¢ per GBP,ok,
1999-12-22,GBPGHS,Pound Sterling,Mid Rate,"5,618.5583",GH¢ per GBP,0.56185583,GH¢ per GBP,ok,
1999-12-22,JPYGHS,Japanese yen,Buying,33.6111,GH¢ per JPY,0.00336111,GH¢ per JPY,ok,
1999-12-22,JPYGHS,Japanese yen,Selling,34.6661,GH¢ per JPY,0.00346661,GH¢ per JPY,ok,
1999-12-22,JPYGHS,Japanese yen,Mid Rate,34.1386,GH¢ per JPY,0.00341386,GH¢ per JPY,ok,
1999-12-22,NOKGHS,Norwegian Krone,Buying,429.6073,GH¢ per NOK,0.04296073,GH¢ per NOK,ok,
1999-12-22,NOKGHS,Norwegian Krone,Selling,442.8619,GH¢ per NOK,0.04428619,GH¢ per NOK,ok,
1999-12-22,NOKGHS,Norwegian Krone,Mid Rate,436.2346,GH¢ per NOK,0.04362346,GH¢ per NOK,ok,
1999-12-22,SEKGHS,Swedish Krona,Buying,404.0458,GH¢ per SEK,0.04040458,GH¢ per SEK,ok,
1999-12-22,SEKGHS,Swedish Krona,Selling,416.2845,GH¢ per SEK,0.04162845,GH¢ per SEK,ok,
1999-12-22,SEKGHS,Swedish Krona,Mid Rate,410.1652,GH¢ per SEK,0.04101652,GH¢ per SEK,ok,
1999-12-23,USDGHS,US Dollar,Buying,"3,433.5500",GH¢ per USD,0.343355,GH¢ per USD,ok,
1999-12-23,USDGHS,US Dollar,Selling,"3,542.0900",GH¢ per USD,0.354209,GH¢ per USD,ok,
1999-12-23,USDGHS,US Dollar,Mid Rate,"3,487.8200",GH¢ per USD,0.348782,GH¢ per USD,ok,
1999-12-23,AUDGHS,Australian Dollar,Buying,251.7655,GH¢ per AUD,0.02517655,GH¢ per AUD,ok,
1999-12-23,AUDGHS,Australian Dollar,Selling,"2,282.2550",GH¢ per AUD,0.2282255,GH¢ per AUD,ok,
1999-12-23,AUDGHS,Australian Dollar,Mid Rate,"1,267.0103",GH¢ per AUD,0.12670103,GH¢ per AUD,ok,
1999-12-23,CADGHS,Canadian Dollar,Buying,"2,325.9719",GH¢ per CAD,0.23259719,GH¢ per CAD,ok,
1999-12-23,CADGHS,Canadian Dollar,Selling,"2,398.5665",GH¢ per CAD,0.23985665,GH¢ per CAD,ok,
1999-12-23,CADGHS,Canadian Dollar,Mid Rate,"2,362.2692",GH¢ per CAD,0.23622692,GH¢ per CAD,ok,
1999-12-23,CHFGHS,Swiss Franc,Buying,"2,162.1736",GH¢ per CHF,0.21621736,GH¢ per CHF,ok,
1999-12-23,CHFGHS,Swiss Franc,Selling,"2,229.2913",GH¢ per CHF,0.22292913,GH¢ per CHF,ok,
1999-12-23,CHFGHS,Swiss Franc,Mid Rate,"2,195.7325",GH¢ per CHF,0.21957325,GH¢ per CHF,ok,
1999-12-23,DKKGHS,Danish Krone,Buying,465.5985,GH¢ per DKK,0.04655985,GH¢ per DKK,ok,
1999-12-23,DKKGHS,Danish Krone,Selling,480.2024,GH¢ per DKK,0.04802024,GH¢ per DKK,ok,
1999-12-23,DKKGHS,Danish Krone,Mid Rate,472.9005,GH¢ per DKK,0.04729005,GH¢ per DKK,ok,
1999-12-23,GBPGHS,Pound Sterling,Buying,"5,520.4617",GH¢ per GBP,0.55204617,GH¢ per GBP,ok,
1999-12-23,GBPGHS,Pound Sterling,Selling,"5,698.5144",GH¢ per GBP,0.56985144,GH¢ per GBP,ok,
1999-12-23,GBPGHS,Pound Sterling,Mid Rate,"5,609.4881",GH¢ per GBP,0.56094881,GH¢ per GBP,ok,
1999-12-23,JPYGHS,Japanese yen,Buying,33.8887,GH¢ per JPY,0.00338887,GH¢ per JPY,ok,
1999-12-23,JPYGHS,Japanese yen,Selling,34.9559,GH¢ per JPY,0.00349559,GH¢ per JPY,ok,
1999-12-23,JPYGHS,Japanese yen,Mid Rate,34.4223,GH¢ per JPY,0.00344223,GH¢ per JPY,ok,
1999-12-23,NOKGHS,Norwegian Krone,Buying,429.8923,GH¢ per NOK,0.04298923,GH¢ per NOK,ok,
1999-12-23,NOKGHS,Norwegian Krone,Selling,443.3434,GH¢ per NOK,0.04433434,GH¢ per NOK,ok,
1999-12-23,NOKGHS,Norwegian Krone,Mid Rate,436.6179,GH¢ per NOK,0.04366179,GH¢ per NOK,ok,
1999-12-23,SEKGHS,Swedish Krona,Buying,404.5154,GH¢ per SEK,0.04045154,GH¢ per SEK,ok,
1999-12-23,SEKGHS,Swedish Krona,Selling,416.9421,GH¢ per SEK,0.04169421,GH¢ per SEK,ok,
1999-12-23,SEKGHS,Swedish Krona,Mid Rate,410.7288,GH¢ per SEK,0.04107288,GH¢ per SEK,ok,
1999-12-24,USDGHS,US Dollar,Buying,"3,434.0000",GH¢ per USD,0.3434,GH¢ per USD,ok,
1999-12-24,USDGHS,US Dollar,Selling,"3,542.1800",GH¢ per USD,0.354218,GH¢ per USD,ok,
1999-12-24,USDGHS,US Dollar,Mid Rate,"3,488.0900",GH¢ per USD,0.348809,GH¢ per USD,ok,
1999-12-24,AUDGHS,Australian Dollar,Buying,252.8778,GH¢ per AUD,0.02528778,GH¢ per AUD,ok,
1999-12-24,AUDGHS,Australian Dollar,Selling,"2,281.8001",GH¢ per AUD,0.22818001,GH¢ per AUD,ok,
1999-12-24,AUDGHS,Australian Dollar,Mid Rate,"1,267.3390",GH¢ per AUD,0.1267339,GH¢ per AUD,ok,
1999-12-24,CADGHS,Canadian Dollar,Buying,"2,334.8193",GH¢ per CAD,0.23348193,GH¢ per CAD,ok,
1999-12-24,CADGHS,Canadian Dollar,Selling,"2,406.6864",GH¢ per CAD,0.24066864,GH¢ per CAD,ok,
1999-12-24,CADGHS,Canadian Dollar,Mid Rate,"2,370.7529",GH¢ per CAD,0.23707529,GH¢ per CAD,ok,
1999-12-24,CHFGHS,Swiss Franc,Buying,"2,169.6056",GH¢ per CHF,0.21696056,GH¢ per CHF,ok,
1999-12-24,CHFGHS,Swiss Franc,Selling,"2,237.2465",GH¢ per CHF,0.22372465,GH¢ per CHF,ok,
1999-12-24,CHFGHS,Swiss Franc,Mid Rate,"2,203.4261",GH¢ per CHF,0.22034261,GH¢ per CHF,ok,
1999-12-24,DKKGHS,Danish Krone,Buying,467.7120,GH¢ per DKK,0.0467712,GH¢ per DKK,ok,
1999-12-24,DKKGHS,Danish Krone,Selling,482.1849,GH¢ per DKK,0.04821849,GH¢ per DKK,ok,
1999-12-24,DKKGHS,Danish Krone,Mid Rate,474.9485,GH¢ per DKK,0.04749485,GH¢ per DKK,ok,
1999-12-24,GBPGHS,Pound Sterling,Buying,"5,546.5968",GH¢ per GBP,0.55465968,GH¢ per GBP,ok,
1999-12-24,GBPGHS,Pound Sterling,Selling,"5,723.1002",GH¢ per GBP,0.57231002,GH¢ per GBP,ok,
1999-12-24,GBPGHS,Pound Sterling,Mid Rate,"5,634.8485",GH¢ per GBP,0.56348485,GH¢ per GBP,ok,
1999-12-24,JPYGHS,Japanese yen,Buying,33.4455,GH¢ per JPY,0.00334455,GH¢ per JPY,ok,
1999-12-24,JPYGHS,Japanese yen,Selling,34.4848,GH¢ per JPY,0.00344848,GH¢ per JPY,ok,
1999-12-24,JPYGHS,Japanese yen,Mid Rate,33.9652,GH¢ per JPY,0.00339652,GH¢ per JPY,ok,
1999-12-24,NOKGHS,Norwegian Krone,Buying,428.2326,GH¢ per NOK,0.04282326,GH¢ per NOK,ok,
1999-12-24,NOKGHS,Norwegian Krone,Selling,441.4474,GH¢ per NOK,0.04414474,GH¢ per NOK,ok,
1999-12-24,NOKGHS,Norwegian Krone,Mid Rate,434.8400,GH¢ per NOK,0.043484,GH¢ per NOK,ok,
1999-12-24,SEKGHS,Swedish Krona,Buying,405.8565,GH¢ per SEK,0.04058565,GH¢ per SEK,ok,
1999-12-24,SEKGHS,Swedish Krona,Selling,418.1474,GH¢ per SEK,0.04181474,GH¢ per SEK,ok,
1999-12-24,SEKGHS,Swedish Krona,Mid Rate,412.0020,GH¢ per SEK,0.0412002,GH¢ per SEK,ok,
1999-12-28,USDGHS,US Dollar,Buying,"3,437.6400",GH¢ per USD,0.343764,GH¢ per USD,ok,
1999-12-28,USDGHS,US Dollar,Selling,"3,553.8200",GH¢ per USD,0.355382,GH¢ per USD,ok,
1999-12-28,USDGHS,US Dollar,Mid Rate,"3,495.7300",GH¢ per USD,0.349573,GH¢ per USD,ok,
1999-12-28,AUDGHS,Australian Dollar,Buying,253.0449,GH¢ per AUD,0.02530449,GH¢ per AUD,ok,
1999-12-28,AUDGHS,Australian Dollar,Selling,"2,292.5807",GH¢ per AUD,0.22925807,GH¢ per AUD,ok,
1999-12-28,AUDGHS,Australian Dollar,Mid Rate,"1,272.8128",GH¢ per AUD,0.12728128,GH¢ per AUD,ok,
1999-12-28,CADGHS,Canadian Dollar,Buying,"2,355.6144",GH¢ per CAD,0.23556144,GH¢ per CAD,ok,
1999-12-28,CADGHS,Canadian Dollar,Selling,"2,434.3584",GH¢ per CAD,0.24343584,GH¢ per CAD,ok,
1999-12-28,CADGHS,Canadian Dollar,Mid Rate,"2,394.9864",GH¢ per CAD,0.23949864,GH¢ per CAD,ok,
1999-12-28,CHFGHS,Swiss Franc,Buying,"2,167.7941",GH¢ per CHF,0.21677941,GH¢ per CHF,ok,
1999-12-28,CHFGHS,Swiss Franc,Selling,"2,239.7350",GH¢ per CHF,0.2239735,GH¢ per CHF,ok,
1999-12-28,CHFGHS,Swiss Franc,Mid Rate,"2,203.7646",GH¢ per CHF,0.22037646,GH¢ per CHF,ok,
1999-12-28,DKKGHS,Danish Krone,Buying,467.7467,GH¢ per DKK,0.04677467,GH¢ per DKK,ok,
1999-12-28,DKKGHS,Danish Krone,Selling,483.4430,GH¢ per DKK,0.0483443,GH¢ per DKK,ok,
1999-12-28,DKKGHS,Danish Krone,Mid Rate,475.5949,GH¢ per DKK,0.04755949,GH¢ per DKK,ok,
1999-12-28,GBPGHS,Pound Sterling,Buying,"5,554.5387",GH¢ per GBP,0.55545387,GH¢ per GBP,ok,
1999-12-28,GBPGHS,Pound Sterling,Selling,"5,745.8162",GH¢ per GBP,0.57458162,GH¢ per GBP,ok,
1999-12-28,GBPGHS,Pound Sterling,Mid Rate,"5,650.1775",GH¢ per GBP,0.56501775,GH¢ per GBP,ok,
1999-12-28,JPYGHS,Japanese yen,Buying,33.5764,GH¢ per JPY,0.00335764,GH¢ per JPY,ok,
1999-12-28,JPYGHS,Japanese yen,Selling,34.7074,GH¢ per JPY,0.00347074,GH¢ per JPY,ok,
1999-12-28,JPYGHS,Japanese yen,Mid Rate,34.1419,GH¢ per JPY,0.00341419,GH¢ per JPY,ok,
1999-12-28,NOKGHS,Norwegian Krone,Buying,429.4658,GH¢ per NOK,0.04294658,GH¢ per NOK,ok,
1999-12-28,NOKGHS,Norwegian Krone,Selling,443.8397,GH¢ per NOK,0.04438397,GH¢ per NOK,ok,
1999-12-28,NOKGHS,Norwegian Krone,Mid Rate,436.6528,GH¢ per NOK,0.04366528,GH¢ per NOK,ok,
1999-12-28,SEKGHS,Swedish Krona,Buying,405.7073,GH¢ per SEK,0.04057073,GH¢ per SEK,ok,
1999-12-28,SEKGHS,Swedish Krona,Selling,419.0539,GH¢ per SEK,0.04190539,GH¢ per SEK,ok,
1999-12-28,SEKGHS,Swedish Krona,Mid Rate,412.3806,GH¢ per SEK,0.04123806,GH¢ per SEK,ok,
1999-12-29,USDGHS,US Dollar,Buying,"3,440.0000",GH¢ per USD,0.344,GH¢ per USD,ok,
1999-12-29,USDGHS,US Dollar,Selling,"3,557.6400",GH¢ per USD,0.355764,GH¢ per USD,ok,
1999-12-29,USDGHS,US Dollar,Mid Rate,"3,498.8200",GH¢ per USD,0.349882,GH¢ per USD,ok,
1999-12-29,AUDGHS,Australian Dollar,Buying,252.2381,GH¢ per AUD,0.02522381,GH¢ per AUD,ok,
1999-12-29,AUDGHS,Australian Dollar,Selling,"2,303.0802",GH¢ per AUD,0.23030802,GH¢ per AUD,ok,
1999-12-29,AUDGHS,Australian Dollar,Mid Rate,"1,277.6592",GH¢ per AUD,0.12776592,GH¢ per AUD,ok,
1999-12-29,CADGHS,Canadian Dollar,Buying,"2,369.3317",GH¢ per CAD,0.23693317,GH¢ per CAD,ok,
1999-12-29,CADGHS,Canadian Dollar,Selling,"2,448.7436",GH¢ per CAD,0.24487436,GH¢ per CAD,ok,
1999-12-29,CADGHS,Canadian Dollar,Mid Rate,"2,409.0377",GH¢ per CAD,0.24090377,GH¢ per CAD,ok,
1999-12-29,CHFGHS,Swiss Franc,Buying,"2,162.5379",GH¢ per CHF,0.21625379,GH¢ per CHF,ok,
1999-12-29,CHFGHS,Swiss Franc,Selling,"2,235.7887",GH¢ per CHF,0.22357887,GH¢ per CHF,ok,
1999-12-29,CHFGHS,Swiss Franc,Mid Rate,"2,199.1633",GH¢ per CHF,0.21991633,GH¢ per CHF,ok,
1999-12-29,DKKGHS,Danish Krone,Buying,466.5884,GH¢ per DKK,0.04665884,GH¢ per DKK,ok,
1999-12-29,DKKGHS,Danish Krone,Selling,482.2848,GH¢ per DKK,0.04822848,GH¢ per DKK,ok,
1999-12-29,DKKGHS,Danish Krone,Mid Rate,474.4366,GH¢ per DKK,0.04744366,GH¢ per DKK,ok,
1999-12-29,GBPGHS,Pound Sterling,Buying,"5,562.4800",GH¢ per GBP,0.556248,GH¢ per GBP,ok,
1999-12-29,GBPGHS,Pound Sterling,Selling,"5,756.2615",GH¢ per GBP,0.57562615,GH¢ per GBP,ok,
1999-12-29,GBPGHS,Pound Sterling,Mid Rate,"5,659.3708",GH¢ per GBP,0.56593708,GH¢ per GBP,ok,
1999-12-29,JPYGHS,Japanese yen,Buying,33.6366,GH¢ per JPY,0.00336366,GH¢ per JPY,ok,
1999-12-29,JPYGHS,Japanese yen,Selling,34.7831,GH¢ per JPY,0.00347831,GH¢ per JPY,ok,
1999-12-29,JPYGHS,Japanese yen,Mid Rate,34.2099,GH¢ per JPY,0.00342099,GH¢ per JPY,ok,
1999-12-29,NOKGHS,Norwegian Krone,Buying,429.4622,GH¢ per NOK,0.04294622,GH¢ per NOK,ok,
1999-12-29,NOKGHS,Norwegian Krone,Selling,443.8717,GH¢ per NOK,0.04438717,GH¢ per NOK,ok,
1999-12-29,NOKGHS,Norwegian Krone,Mid Rate,436.6670,GH¢ per NOK,0.0436667,GH¢ per NOK,ok,
1999-12-29,SEKGHS,Swedish Krona,Buying,405.2366,GH¢ per SEK,0.04052366,GH¢ per SEK,ok,
1999-12-29,SEKGHS,Swedish Krona,Selling,418.6037,GH¢ per SEK,0.04186037,GH¢ per SEK,ok,
1999-12-29,SEKGHS,Swedish Krona,Mid Rate,411.9202,GH¢ per SEK,0.04119202,GH¢ per SEK,ok,
1999-12-30,USDGHS,US Dollar,Buying,"3,441.6400",GH¢ per USD,0.344164,GH¢ per USD,ok,
1999-12-30,USDGHS,US Dollar,Selling,"3,559.7300",GH¢ per USD,0.355973,GH¢ per USD,ok,
1999-12-30,USDGHS,US Dollar,Mid Rate,"3,500.6850",GH¢ per USD,0.3500685,GH¢ per USD,ok,
1999-12-30,AUDGHS,Australian Dollar,Buying,251.7405,GH¢ per AUD,0.02517405,GH¢ per AUD,ok,
1999-12-30,AUDGHS,Australian Dollar,Selling,"2,324.5846",GH¢ per AUD,0.23245846,GH¢ per AUD,ok,
1999-12-30,AUDGHS,Australian Dollar,Mid Rate,"1,288.1626",GH¢ per AUD,0.12881626,GH¢ per AUD,ok,
1999-12-30,CADGHS,Canadian Dollar,Buying,"2,370.8880",GH¢ per CAD,0.2370888,GH¢ per CAD,ok,
1999-12-30,CADGHS,Canadian Dollar,Selling,"2,450.6243",GH¢ per CAD,0.24506243,GH¢ per CAD,ok,
1999-12-30,CADGHS,Canadian Dollar,Mid Rate,"2,410.7562",GH¢ per CAD,0.24107562,GH¢ per CAD,ok,
1999-12-30,CHFGHS,Swiss Franc,Buying,"2,158.8275",GH¢ per CHF,0.21588275,GH¢ per CHF,ok,
1999-12-30,CHFGHS,Swiss Franc,Selling,"2,230.9956",GH¢ per CHF,0.22309956,GH¢ per CHF,ok,
1999-12-30,CHFGHS,Swiss Franc,Mid Rate,"2,194.9116",GH¢ per CHF,0.21949116,GH¢ per CHF,ok,
1999-12-30,DKKGHS,Danish Krone,Buying,465.6712,GH¢ per DKK,0.04656712,GH¢ per DKK,ok,
1999-12-30,DKKGHS,Danish Krone,Selling,481.5404,GH¢ per DKK,0.04815404,GH¢ per DKK,ok,
1999-12-30,DKKGHS,Danish Krone,Mid Rate,473.6058,GH¢ per DKK,0.04736058,GH¢ per DKK,ok,
1999-12-30,GBPGHS,Pound Sterling,Buying,"5,570.6385",GH¢ per GBP,0.55706385,GH¢ per GBP,ok,
1999-12-30,GBPGHS,Pound Sterling,Selling,"5,765.3387",GH¢ per GBP,0.57653387,GH¢ per GBP,ok,
1999-12-30,GBPGHS,Pound Sterling,Mid Rate,"5,667.9886",GH¢ per GBP,0.56679886,GH¢ per GBP,ok,
1999-12-30,JPYGHS,Japanese yen,Buying,33.7349,GH¢ per JPY,0.00337349,GH¢ per JPY,ok,
1999-12-30,JPYGHS,Japanese yen,Selling,34.8886,GH¢ per JPY,0.00348886,GH¢ per JPY,ok,
1999-12-30,JPYGHS,Japanese yen,Mid Rate,34.3118,GH¢ per JPY,0.00343118,GH¢ per JPY,ok,
1999-12-30,NOKGHS,Norwegian Krone,Buying,429.1742,GH¢ per NOK,0.04291742,GH¢ per NOK,ok,
1999-12-30,NOKGHS,Norwegian Krone,Selling,443.6241,GH¢ per NOK,0.04436241,GH¢ per NOK,ok,
1999-12-30,NOKGHS,Norwegian Krone,Mid Rate,436.3992,GH¢ per NOK,0.04363992,GH¢ per NOK,ok,
1999-12-30,SEKGHS,Swedish Krona,Buying,404.9459,GH¢ per SEK,0.04049459,GH¢ per SEK,ok,
1999-12-30,SEKGHS,Swedish Krona,Selling,418.3481,GH¢ per SEK,0.04183481,GH¢ per SEK,ok,
1999-12-30,SEKGHS,Swedish Krona,Mid Rate,411.6470,GH¢ per SEK,0.0411647,GH¢ per SEK,ok,
