date,pair,currency,rate,published,published_unit,ghs_per_unit,ghs_per_unit_of,status,rules
2000-01-03,USDGHS,US Dollar,Buying,"3,443.8200",GH¢ per USD,0.344382,GH¢ per USD,ok,
2000-01-03,USDGHS,US Dollar,Selling,"3,566.1800",GH¢ per USD,0.356618,GH¢ per USD,ok,
2000-01-03,USDGHS,US Dollar,Mid Rate,"3,505.0000",GH¢ per USD,0.3505,GH¢ per USD,ok,
2000-01-03,AUDGHS,Australian Dollar,Buying,253.5105,GH¢ per AUD,0.02535105,GH¢ per AUD,ok,
2000-01-03,AUDGHS,Australian Dollar,Selling,"2,345.8342",GH¢ per AUD,0.23458342,GH¢ per AUD,ok,
2000-01-03,AUDGHS,Australian Dollar,Mid Rate,"1,299.6724",GH¢ per AUD,0.12996724,GH¢ per AUD,ok,
2000-01-03,CADGHS,Canadian Dollar,Buying,"2,381.1160",GH¢ per CAD,0.2381116,GH¢ per CAD,ok,
2000-01-03,CADGHS,Canadian Dollar,Selling,"2,464.0832",GH¢ per CAD,0.24640832,GH¢ per CAD,ok,
2000-01-03,CADGHS,Canadian Dollar,Mid Rate,"2,422.5996",GH¢ per CAD,0.24225996,GH¢ per CAD,ok,
2000-01-03,CHFGHS,Swiss Franc,Buying,"2,174.2523",GH¢ per CHF,0.21742523,GH¢ per CHF,ok,
2000-01-03,CHFGHS,Swiss Franc,Selling,"2,249.5606",GH¢ per CHF,0.22495606,GH¢ per CHF,ok,
2000-01-03,CHFGHS,Swiss Franc,Mid Rate,"2,211.9065",GH¢ per CHF,0.22119065,GH¢ per CHF,ok,
2000-01-03,DKKGHS,Danish Krone,Buying,468.8994,GH¢ per DKK,0.04688994,GH¢ per DKK,ok,
2000-01-03,DKKGHS,Danish Krone,Selling,485.4470,GH¢ per DKK,0.0485447,GH¢ per DKK,ok,
2000-01-03,DKKGHS,Danish Krone,Mid Rate,477.1732,GH¢ per DKK,0.04771732,GH¢ per DKK,ok,
2000-01-03,GBPGHS,Pound Sterling,Buying,"5,573.4783",GH¢ per GBP,0.55734783,GH¢ per GBP,ok,
2000-01-03,GBPGHS,Pound Sterling,Selling,"5,775.0719",GH¢ per GBP,0.57750719,GH¢ per GBP,ok,
2000-01-03,GBPGHS,Pound Sterling,Mid Rate,"5,674.2751",GH¢ per GBP,0.56742751,GH¢ per GBP,ok,
2000-01-03,JPYGHS,Japanese yen,Buying,33.8607,GH¢ per JPY,0.00338607,GH¢ per JPY,ok,
2000-01-03,JPYGHS,Japanese yen,Selling,35.0599,GH¢ per JPY,0.00350599,GH¢ per JPY,ok,
2000-01-03,JPYGHS,Japanese yen,Mid Rate,34.4603,GH¢ per JPY,0.00344603,GH¢ per JPY,ok,
2000-01-03,NOKGHS,Norwegian Krone,Buying,431.8015,GH¢ per NOK,0.04318015,GH¢ per NOK,ok,
2000-01-03,NOKGHS,Norwegian Krone,Selling,446.8625,GH¢ per NOK,0.04468625,GH¢ per NOK,ok,
2000-01-03,NOKGHS,Norwegian Krone,Mid Rate,439.3320,GH¢ per NOK,0.0439332,GH¢ per NOK,ok,
2000-01-03,SEKGHS,Swedish Krona,Buying,407.5759,GH¢ per SEK,0.04075759,GH¢ per SEK,ok,
2000-01-03,SEKGHS,Swedish Krona,Selling,421.5566,GH¢ per SEK,0.04215566,GH¢ per SEK,ok,
2000-01-03,SEKGHS,Swedish Krona,Mid Rate,414.5663,GH¢ per SEK,0.04145663,GH¢ per SEK,ok,
2000-01-04,USDGHS,US Dollar,Buying,"3,445.8200",GH¢ per USD,0.344582,GH¢ per USD,ok,
2000-01-04,USDGHS,US Dollar,Selling,"3,568.2700",GH¢ per USD,0.356827,GH¢ per USD,ok,
2000-01-04,USDGHS,US Dollar,Mid Rate,"3,507.0450",GH¢ per USD,0.3507045,GH¢ per USD,ok,
2000-01-04,AUDGHS,Australian Dollar,Buying,257.1027,GH¢ per AUD,0.02571027,GH¢ per AUD,ok,
2000-01-04,AUDGHS,Australian Dollar,Selling,"2,350.2539",GH¢ per AUD,0.23502539,GH¢ per AUD,ok,
2000-01-04,AUDGHS,Australian Dollar,Mid Rate,"1,303.6783",GH¢ per AUD,0.13036783,GH¢ per AUD,ok,
2000-01-04,CADGHS,Canadian Dollar,Buying,"2,382.1281",GH¢ per CAD,0.23821281,GH¢ per CAD,ok,
2000-01-04,CADGHS,Canadian Dollar,Selling,"2,465.9695",GH¢ per CAD,0.24659695,GH¢ per CAD,ok,
2000-01-04,CADGHS,Canadian Dollar,Mid Rate,"2,424.0488",GH¢ per CAD,0.24240488,GH¢ per CAD,ok,
2000-01-04,CHFGHS,Swiss Franc,Buying,"2,207.5438",GH¢ per CHF,0.22075438,GH¢ per CHF,ok,
2000-01-04,CHFGHS,Swiss Franc,Selling,"2,284.0055",GH¢ per CHF,0.22840055,GH¢ per CHF,ok,
2000-01-04,CHFGHS,Swiss Franc,Mid Rate,"2,245.7747",GH¢ per CHF,0.22457747,GH¢ per CHF,ok,
2000-01-04,DKKGHS,Danish Krone,Buying,475.5492,GH¢ per DKK,0.04755492,GH¢ per DKK,ok,
2000-01-04,DKKGHS,Danish Krone,Selling,492.2831,GH¢ per DKK,0.04922831,GH¢ per DKK,ok,
2000-01-04,DKKGHS,Danish Krone,Mid Rate,483.9162,GH¢ per DKK,0.04839162,GH¢ per DKK,ok,
2000-01-04,GBPGHS,Pound Sterling,Buying,"5,635.6386",GH¢ per GBP,0.56356386,GH¢ per GBP,ok,
2000-01-04,GBPGHS,Pound Sterling,Selling,"5,837.6897",GH¢ per GBP,0.58376897,GH¢ per GBP,ok,
2000-01-04,GBPGHS,Pound Sterling,Mid Rate,"5,736.6642",GH¢ per GBP,0.57366642,GH¢ per GBP,ok,
2000-01-04,JPYGHS,Japanese yen,Buying,33.4857,GH¢ per JPY,0.00334857,GH¢ per JPY,ok,
2000-01-04,JPYGHS,Japanese yen,Selling,34.6615,GH¢ per JPY,0.00346615,GH¢ per JPY,ok,
2000-01-04,JPYGHS,Japanese yen,Mid Rate,34.0736,GH¢ per JPY,0.00340736,GH¢ per JPY,ok,
2000-01-04,NOKGHS,Norwegian Krone,Buying,435.8475,GH¢ per NOK,0.04358475,GH¢ per NOK,ok,
2000-01-04,NOKGHS,Norwegian Krone,Selling,451.0516,GH¢ per NOK,0.04510516,GH¢ per NOK,ok,
2000-01-04,NOKGHS,Norwegian Krone,Mid Rate,443.4496,GH¢ per NOK,0.04434496,GH¢ per NOK,ok,
2000-01-04,SEKGHS,Swedish Krona,Buying,411.9227,GH¢ per SEK,0.04119227,GH¢ per SEK,ok,
2000-01-04,SEKGHS,Swedish Krona,Selling,426.0528,GH¢ per SEK,0.04260528,GH¢ per SEK,ok,
2000-01-04,SEKGHS,Swedish Krona,Mid Rate,418.9878,GH¢ per SEK,0.04189878,GH¢ per SEK,ok,
2000-01-05,USDGHS,US Dollar,Buying,"3,446.6400",GH¢ per USD,0.344664,GH¢ per USD,ok,
2000-01-05,USDGHS,US Dollar,Selling,"3,569.3600",GH¢ per USD,0.356936,GH¢ per USD,ok,
2000-01-05,USDGHS,US Dollar,Mid Rate,"3,508.0000",GH¢ per USD,0.3508,GH¢ per USD,ok,
2000-01-05,AUDGHS,Australian Dollar,Buying,260.1292,GH¢ per AUD,0.02601292,GH¢ per AUD,ok,
2000-01-05,AUDGHS,Australian Dollar,Selling,"2,342.5167",GH¢ per AUD,0.23425167,GH¢ per AUD,ok,
2000-01-05,AUDGHS,Australian Dollar,Mid Rate,"1,301.3230",GH¢ per AUD,0.1301323,GH¢ per AUD,ok,
2000-01-05,CADGHS,Canadian Dollar,Buying,"2,370.9720",GH¢ per CAD,0.2370972,GH¢ per CAD,ok,
2000-01-05,CADGHS,Canadian Dollar,Selling,"2,454.4202",GH¢ per CAD,0.24544202,GH¢ per CAD,ok,
2000-01-05,CADGHS,Canadian Dollar,Mid Rate,"2,412.6961",GH¢ per CAD,0.24126961,GH¢ per CAD,ok,
2000-01-05,CHFGHS,Swiss Franc,Buying,"2,232.1848",GH¢ per CHF,0.22321848,GH¢ per CHF,ok,
2000-01-05,CHFGHS,Swiss Franc,Selling,"2,310.7930",GH¢ per CHF,0.2310793,GH¢ per CHF,ok,
2000-01-05,CHFGHS,Swiss Franc,Mid Rate,"2,271.4889",GH¢ per CHF,0.22714889,GH¢ per CHF,ok,
2000-01-05,DKKGHS,Danish Krone,Buying,480.6748,GH¢ per DKK,0.04806748,GH¢ per DKK,ok,
2000-01-05,DKKGHS,Danish Krone,Selling,497.7334,GH¢ per DKK,0.04977334,GH¢ per DKK,ok,
2000-01-05,DKKGHS,Danish Krone,Mid Rate,489.2041,GH¢ per DKK,0.04892041,GH¢ per DKK,ok,
2000-01-05,GBPGHS,Pound Sterling,Buying,"5,662.8295",GH¢ per GBP,0.56628295,GH¢ per GBP,ok,
2000-01-05,GBPGHS,Pound Sterling,Selling,"5,868.0278",GH¢ per GBP,0.58680278,GH¢ per GBP,ok,
2000-01-05,GBPGHS,Pound Sterling,Mid Rate,"5,765.4287",GH¢ per GBP,0.57654287,GH¢ per GBP,ok,
2000-01-05,JPYGHS,Japanese yen,Buying,33.3775,GH¢ per JPY,0.00333775,GH¢ per JPY,ok,
2000-01-05,JPYGHS,Japanese yen,Selling,34.5625,GH¢ per JPY,0.00345625,GH¢ per JPY,ok,
2000-01-05,JPYGHS,Japanese yen,Mid Rate,33.9700,GH¢ per JPY,0.003397,GH¢ per JPY,ok,
2000-01-05,NOKGHS,Norwegian Krone,Buying,434.7695,GH¢ per NOK,0.04347695,GH¢ per NOK,ok,
2000-01-05,NOKGHS,Norwegian Krone,Selling,450.1057,GH¢ per NOK,0.04501057,GH¢ per NOK,ok,
2000-01-05,NOKGHS,Norwegian Krone,Mid Rate,442.4376,GH¢ per NOK,0.04424376,GH¢ per NOK,ok,
2000-01-05,SEKGHS,Swedish Krona,Buying,413.1432,GH¢ per SEK,0.04131432,GH¢ per SEK,ok,
2000-01-05,SEKGHS,Swedish Krona,Selling,427.4714,GH¢ per SEK,0.04274714,GH¢ per SEK,ok,
2000-01-05,SEKGHS,Swedish Krona,Mid Rate,420.3073,GH¢ per SEK,0.04203073,GH¢ per SEK,ok,
2000-01-06,USDGHS,US Dollar,Buying,"3,450.9100",GH¢ per USD,0.345091,GH¢ per USD,ok,
2000-01-06,USDGHS,US Dollar,Selling,"3,573.1800",GH¢ per USD,0.357318,GH¢ per USD,ok,
2000-01-06,USDGHS,US Dollar,Mid Rate,"3,512.0450",GH¢ per USD,0.3512045,GH¢ per USD,ok,
2000-01-06,AUDGHS,Australian Dollar,Buying,259.1463,GH¢ per AUD,0.02591463,GH¢ per AUD,ok,
2000-01-06,AUDGHS,Australian Dollar,Selling,"2,346.3578",GH¢ per AUD,0.23463578,GH¢ per AUD,ok,
2000-01-06,AUDGHS,Australian Dollar,Mid Rate,"1,302.7521",GH¢ per AUD,0.13027521,GH¢ per AUD,ok,
2000-01-06,CADGHS,Canadian Dollar,Buying,"2,376.9850",GH¢ per CAD,0.2376985,GH¢ per CAD,ok,
2000-01-06,CADGHS,Canadian Dollar,Selling,"2,459.4791",GH¢ per CAD,0.24594791,GH¢ per CAD,ok,
2000-01-06,CADGHS,Canadian Dollar,Mid Rate,"2,418.2321",GH¢ per CAD,0.24182321,GH¢ per CAD,ok,
2000-01-06,CHFGHS,Swiss Franc,Buying,"2,222.6062",GH¢ per CHF,0.22226062,GH¢ per CHF,ok,
2000-01-06,CHFGHS,Swiss Franc,Selling,"2,300.3431",GH¢ per CHF,0.23003431,GH¢ per CHF,ok,
2000-01-06,CHFGHS,Swiss Franc,Mid Rate,"2,261.4747",GH¢ per CHF,0.22614747,GH¢ per CHF,ok,
2000-01-06,DKKGHS,Danish Krone,Buying,479.6028,GH¢ per DKK,0.04796028,GH¢ per DKK,ok,
2000-01-06,DKKGHS,Danish Krone,Selling,496.2851,GH¢ per DKK,0.04962851,GH¢ per DKK,ok,
2000-01-06,DKKGHS,Danish Krone,Mid Rate,487.9440,GH¢ per DKK,0.0487944,GH¢ per DKK,ok,
2000-01-06,GBPGHS,Pound Sterling,Buying,"5,670.5353",GH¢ per GBP,0.56705353,GH¢ per GBP,ok,
2000-01-06,GBPGHS,Pound Sterling,Selling,"5,873.2360",GH¢ per GBP,0.5873236,GH¢ per GBP,ok,
2000-01-06,GBPGHS,Pound Sterling,Mid Rate,"5,771.8857",GH¢ per GBP,0.57718857,GH¢ per GBP,ok,
2000-01-06,JPYGHS,Japanese yen,Buying,33.0721,GH¢ per JPY,0.00330721,GH¢ per JPY,ok,
2000-01-06,JPYGHS,Japanese yen,Selling,34.2303,GH¢ per JPY,0.00342303,GH¢ per JPY,ok,
2000-01-06,JPYGHS,Japanese yen,Mid Rate,33.6512,GH¢ per JPY,0.00336512,GH¢ per JPY,ok,
2000-01-06,NOKGHS,Norwegian Krone,Buying,434.8970,GH¢ per NOK,0.0434897,GH¢ per NOK,ok,
2000-01-06,NOKGHS,Norwegian Krone,Selling,450.0219,GH¢ per NOK,0.04500219,GH¢ per NOK,ok,
2000-01-06,NOKGHS,Norwegian Krone,Mid Rate,442.4595,GH¢ per NOK,0.04424595,GH¢ per NOK,ok,
2000-01-06,SEKGHS,Swedish Krona,Buying,412.6907,GH¢ per SEK,0.04126907,GH¢ per SEK,ok,
2000-01-06,SEKGHS,Swedish Krona,Selling,426.8030,GH¢ per SEK,0.0426803,GH¢ per SEK,ok,
2000-01-06,SEKGHS,Swedish Krona,Mid Rate,419.7469,GH¢ per SEK,0.04197469,GH¢ per SEK,ok,
2000-01-07,USDGHS,US Dollar,Buying,"3,454.3600",GH¢ per USD,0.345436,GH¢ per USD,ok,
2000-01-07,USDGHS,US Dollar,Selling,"3,576.6400",GH¢ per USD,0.357664,GH¢ per USD,ok,
2000-01-07,USDGHS,US Dollar,Mid Rate,"3,515.5000",GH¢ per USD,0.35155,GH¢ per USD,ok,
2000-01-07,AUDGHS,Australian Dollar,Buying,258.6446,GH¢ per AUD,0.02586446,GH¢ per AUD,ok,
2000-01-07,AUDGHS,Australian Dollar,Selling,"2,344.1393",GH¢ per AUD,0.23441393,GH¢ per AUD,ok,
2000-01-07,AUDGHS,Australian Dollar,Mid Rate,"1,301.3920",GH¢ per AUD,0.1301392,GH¢ per AUD,ok,
2000-01-07,CADGHS,Canadian Dollar,Buying,"2,368.2680",GH¢ per CAD,0.2368268,GH¢ per CAD,ok,
2000-01-07,CADGHS,Canadian Dollar,Selling,"2,450.3960",GH¢ per CAD,0.2450396,GH¢ per CAD,ok,
2000-01-07,CADGHS,Canadian Dollar,Mid Rate,"2,409.3320",GH¢ per CAD,0.2409332,GH¢ per CAD,ok,
2000-01-07,CHFGHS,Swiss Franc,Buying,"2,216.5791",GH¢ per CHF,0.22165791,GH¢ per CHF,ok,
2000-01-07,CHFGHS,Swiss Franc,Selling,"2,292.9681",GH¢ per CHF,0.22929681,GH¢ per CHF,ok,
2000-01-07,CHFGHS,Swiss Franc,Mid Rate,"2,254.7736",GH¢ per CHF,0.22547736,GH¢ per CHF,ok,
2000-01-07,DKKGHS,Danish Krone,Buying,478.1775,GH¢ per DKK,0.04781775,GH¢ per DKK,ok,
2000-01-07,DKKGHS,Danish Krone,Selling,494.9009,GH¢ per DKK,0.04949009,GH¢ per DKK,ok,
2000-01-07,DKKGHS,Danish Krone,Mid Rate,486.5392,GH¢ per DKK,0.04865392,GH¢ per DKK,ok,
2000-01-07,GBPGHS,Pound Sterling,Buying,"5,682.4222",GH¢ per GBP,0.56824222,GH¢ per GBP,ok,
2000-01-07,GBPGHS,Pound Sterling,Selling,"5,885.3611",GH¢ per GBP,0.58853611,GH¢ per GBP,ok,
2000-01-07,GBPGHS,Pound Sterling,Mid Rate,"5,783.8917",GH¢ per GBP,0.57838917,GH¢ per GBP,ok,
2000-01-07,JPYGHS,Japanese yen,Buying,32.7857,GH¢ per JPY,0.00327857,GH¢ per JPY,ok,
2000-01-07,JPYGHS,Japanese yen,Selling,33.9331,GH¢ per JPY,0.00339331,GH¢ per JPY,ok,
2000-01-07,JPYGHS,Japanese yen,Mid Rate,33.3594,GH¢ per JPY,0.00333594,GH¢ per JPY,ok,
2000-01-07,NOKGHS,Norwegian Krone,Buying,434.6752,GH¢ per NOK,0.04346752,GH¢ per NOK,ok,
2000-01-07,NOKGHS,Norwegian Krone,Selling,449.7792,GH¢ per NOK,0.04497792,GH¢ per NOK,ok,
2000-01-07,NOKGHS,Norwegian Krone,Mid Rate,442.2272,GH¢ per NOK,0.04422272,GH¢ per NOK,ok,
2000-01-07,SEKGHS,Swedish Krona,Buying,412.7058,GH¢ per SEK,0.04127058,GH¢ per SEK,ok,
2000-01-07,SEKGHS,Swedish Krona,Selling,426.8064,GH¢ per SEK,0.04268064,GH¢ per SEK,ok,
2000-01-07,SEKGHS,Swedish Krona,Mid Rate,419.7561,GH¢ per SEK,0.04197561,GH¢ per SEK,ok,
2000-01-11,USDGHS,US Dollar,Buying,"3,454.4500",GH¢ per USD,0.345445,GH¢ per USD,ok,
2000-01-11,USDGHS,US Dollar,Selling,"3,577.7300",GH¢ per USD,0.357773,GH¢ per USD,ok,
2000-01-11,USDGHS,US Dollar,Mid Rate,"3,516.0900",GH¢ per USD,0.351609,GH¢ per USD,ok,
2000-01-11,AUDGHS,Australian Dollar,Buying,258.3750,GH¢ per AUD,0.0258375,GH¢ per AUD,ok,
2000-01-11,AUDGHS,Australian Dollar,Selling,"2,347.9779",GH¢ per AUD,0.23479779,GH¢ per AUD,ok,
2000-01-11,AUDGHS,Australian Dollar,Mid Rate,"1,303.1765",GH¢ per AUD,0.13031765,GH¢ per AUD,ok,
2000-01-11,CADGHS,Canadian Dollar,Buying,"2,374.4730",GH¢ per CAD,0.2374473,GH¢ per CAD,ok,
2000-01-11,CADGHS,Canadian Dollar,Selling,"2,457.5835",GH¢ per CAD,0.24575835,GH¢ per CAD,ok,
2000-01-11,CADGHS,Canadian Dollar,Mid Rate,"2,416.0283",GH¢ per CAD,0.24160283,GH¢ per CAD,ok,
2000-01-11,CHFGHS,Swiss Franc,Buying,"2,207.7686",GH¢ per CHF,0.22077686,GH¢ per CHF,ok,
2000-01-11,CHFGHS,Swiss Franc,Selling,"2,285.0409",GH¢ per CHF,0.22850409,GH¢ per CHF,ok,
2000-01-11,CHFGHS,Swiss Franc,Mid Rate,"2,246.4048",GH¢ per CHF,0.22464048,GH¢ per CHF,ok,
2000-01-11,DKKGHS,Danish Krone,Buying,477.9467,GH¢ per DKK,0.04779467,GH¢ per DKK,ok,
2000-01-11,DKKGHS,Danish Krone,Selling,494.7431,GH¢ per DKK,0.04947431,GH¢ per DKK,ok,
2000-01-11,DKKGHS,Danish Krone,Mid Rate,486.3449,GH¢ per DKK,0.04863449,GH¢ per DKK,ok,
2000-01-11,GBPGHS,Pound Sterling,Buying,"5,666.6798",GH¢ per GBP,0.56666798,GH¢ per GBP,ok,
2000-01-11,GBPGHS,Pound Sterling,Selling,"5,871.4127",GH¢ per GBP,0.58714127,GH¢ per GBP,ok,
2000-01-11,GBPGHS,Pound Sterling,Mid Rate,"5,769.0463",GH¢ per GBP,0.57690463,GH¢ per GBP,ok,
2000-01-11,JPYGHS,Japanese yen,Buying,32.6968,GH¢ per JPY,0.00326968,GH¢ per JPY,ok,
2000-01-11,JPYGHS,Japanese yen,Selling,33.8547,GH¢ per JPY,0.00338547,GH¢ per JPY,ok,
2000-01-11,JPYGHS,Japanese yen,Mid Rate,33.2758,GH¢ per JPY,0.00332758,GH¢ per JPY,ok,
2000-01-11,NOKGHS,Norwegian Krone,Buying,432.2938,GH¢ per NOK,0.04322938,GH¢ per NOK,ok,
2000-01-11,NOKGHS,Norwegian Krone,Selling,447.5810,GH¢ per NOK,0.0447581,GH¢ per NOK,ok,
2000-01-11,NOKGHS,Norwegian Krone,Mid Rate,439.9374,GH¢ per NOK,0.04399374,GH¢ per NOK,ok,
2000-01-11,SEKGHS,Swedish Krona,Buying,410.8046,GH¢ per SEK,0.04108046,GH¢ per SEK,ok,
2000-01-11,SEKGHS,Swedish Krona,Selling,424.9597,GH¢ per SEK,0.04249597,GH¢ per SEK,ok,
2000-01-11,SEKGHS,Swedish Krona,Mid Rate,417.8822,GH¢ per SEK,0.04178822,GH¢ per SEK,ok,
2000-01-12,USDGHS,US Dollar,Buying,"3,463.0900",GH¢ per USD,0.346309,GH¢ per USD,ok,
2000-01-12,USDGHS,US Dollar,Selling,"3,588.2700",GH¢ per USD,0.358827,GH¢ per USD,ok,
2000-01-12,USDGHS,US Dollar,Mid Rate,"3,525.6800",GH¢ per USD,0.352568,GH¢ per USD,ok,
2000-01-12,AUDGHS,Australian Dollar,Buying,260.4486,GH¢ per AUD,0.02604486,GH¢ per AUD,ok,
2000-01-12,AUDGHS,Australian Dollar,Selling,"2,365.5846",GH¢ per AUD,0.23655846,GH¢ per AUD,ok,
2000-01-12,AUDGHS,Australian Dollar,Mid Rate,"1,313.0166",GH¢ per AUD,0.13130166,GH¢ per AUD,ok,
2000-01-12,CADGHS,Canadian Dollar,Buying,"2,378.1711",GH¢ per CAD,0.23781711,GH¢ per CAD,ok,
2000-01-12,CADGHS,Canadian Dollar,Selling,"2,462.3100",GH¢ per CAD,0.246231,GH¢ per CAD,ok,
2000-01-12,CADGHS,Canadian Dollar,Mid Rate,"2,420.2406",GH¢ per CAD,0.24202406,GH¢ per CAD,ok,
2000-01-12,CHFGHS,Swiss Franc,Buying,"2,226.3493",GH¢ per CHF,0.22263493,GH¢ per CHF,ok,
2000-01-12,CHFGHS,Swiss Franc,Selling,"2,304.6601",GH¢ per CHF,0.23046601,GH¢ per CHF,ok,
2000-01-12,CHFGHS,Swiss Franc,Mid Rate,"2,265.5047",GH¢ per CHF,0.22655047,GH¢ per CHF,ok,
2000-01-12,DKKGHS,Danish Krone,Buying,481.8286,GH¢ per DKK,0.04818286,GH¢ per DKK,ok,
2000-01-12,DKKGHS,Danish Krone,Selling,498.9604,GH¢ per DKK,0.04989604,GH¢ per DKK,ok,
2000-01-12,DKKGHS,Danish Krone,Mid Rate,490.3945,GH¢ per DKK,0.04903945,GH¢ per DKK,ok,
2000-01-12,GBPGHS,Pound Sterling,Buying,"5,712.3670",GH¢ per GBP,0.5712367,GH¢ per GBP,ok,
2000-01-12,GBPGHS,Pound Sterling,Selling,"5,921.3632",GH¢ per GBP,0.59213632,GH¢ per GBP,ok,
2000-01-12,GBPGHS,Pound Sterling,Mid Rate,"5,816.8651",GH¢ per GBP,0.58168651,GH¢ per GBP,ok,
2000-01-12,JPYGHS,Japanese yen,Buying,32.7450,GH¢ per JPY,0.0032745,GH¢ per JPY,ok,
2000-01-12,JPYGHS,Japanese yen,Selling,33.9197,GH¢ per JPY,0.00339197,GH¢ per JPY,ok,
2000-01-12,JPYGHS,Japanese yen,Mid Rate,33.3324,GH¢ per JPY,0.00333324,GH¢ per JPY,ok,
2000-01-12,NOKGHS,Norwegian Krone,Buying,435.3640,GH¢ per NOK,0.0435364,GH¢ per NOK,ok,
2000-01-12,NOKGHS,Norwegian Krone,Selling,450.7909,GH¢ per NOK,0.04507909,GH¢ per NOK,ok,
2000-01-12,NOKGHS,Norwegian Krone,Mid Rate,443.0775,GH¢ per NOK,0.04430775,GH¢ per NOK,ok,
2000-01-12,SEKGHS,Swedish Krona,Buying,413.5770,GH¢ per SEK,0.0413577,GH¢ per SEK,ok,
2000-01-12,SEKGHS,Swedish Krona,Selling,427.9895,GH¢ per SEK,0.04279895,GH¢ per SEK,ok,
2000-01-12,SEKGHS,Swedish Krona,Mid Rate,420.7833,GH¢ per SEK,0.04207833,GH¢ per SEK,ok,
2000-01-13,USDGHS,US Dollar,Buying,"3,473.9100",GH¢ per USD,0.347391,GH¢ per USD,ok,
2000-01-13,USDGHS,US Dollar,Selling,"3,599.4500",GH¢ per USD,0.359945,GH¢ per USD,ok,
2000-01-13,USDGHS,US Dollar,Mid Rate,"3,536.6800",GH¢ per USD,0.353668,GH¢ per USD,ok,
2000-01-13,AUDGHS,Australian Dollar,Buying,259.9059,GH¢ per AUD,0.02599059,GH¢ per AUD,ok,
2000-01-13,AUDGHS,Australian Dollar,Selling,"2,387.3618",GH¢ per AUD,0.23873618,GH¢ per AUD,ok,
2000-01-13,AUDGHS,Australian Dollar,Mid Rate,"1,323.6339",GH¢ per AUD,0.13236339,GH¢ per AUD,ok,
2000-01-13,CADGHS,Canadian Dollar,Buying,"2,391.4650",GH¢ per CAD,0.2391465,GH¢ per CAD,ok,
2000-01-13,CADGHS,Canadian Dollar,Selling,"2,476.2675",GH¢ per CAD,0.24762675,GH¢ per CAD,ok,
2000-01-13,CADGHS,Canadian Dollar,Mid Rate,"2,433.8663",GH¢ per CAD,0.24338663,GH¢ per CAD,ok,
2000-01-13,CHFGHS,Swiss Franc,Buying,"2,220.6196",GH¢ per CHF,0.22206196,GH¢ per CHF,ok,
2000-01-13,CHFGHS,Swiss Franc,Selling,"2,299.4119",GH¢ per CHF,0.22994119,GH¢ per CHF,ok,
2000-01-13,CHFGHS,Swiss Franc,Mid Rate,"2,260.0158",GH¢ per CHF,0.22600158,GH¢ per CHF,ok,
2000-01-13,DKKGHS,Danish Krone,Buying,480.3912,GH¢ per DKK,0.04803912,GH¢ per DKK,ok,
2000-01-13,DKKGHS,Danish Krone,Selling,497.4786,GH¢ per DKK,0.04974786,GH¢ per DKK,ok,
2000-01-13,DKKGHS,Danish Krone,Mid Rate,488.9349,GH¢ per DKK,0.04889349,GH¢ per DKK,ok,
2000-01-13,GBPGHS,Pound Sterling,Buying,"5,716.3189",GH¢ per GBP,0.57163189,GH¢ per GBP,ok,
2000-01-13,GBPGHS,Pound Sterling,Selling,"5,923.9748",GH¢ per GBP,0.59239748,GH¢ per GBP,ok,
2000-01-13,GBPGHS,Pound Sterling,Mid Rate,"5,820.1469",GH¢ per GBP,0.58201469,GH¢ per GBP,ok,
2000-01-13,JPYGHS,Japanese yen,Buying,32.8562,GH¢ per JPY,0.00328562,GH¢ per JPY,ok,
2000-01-13,JPYGHS,Japanese yen,Selling,34.0263,GH¢ per JPY,0.00340263,GH¢ per JPY,ok,
2000-01-13,JPYGHS,Japanese yen,Mid Rate,33.4413,GH¢ per JPY,0.00334413,GH¢ per JPY,ok,
2000-01-13,NOKGHS,Norwegian Krone,Buying,436.9139,GH¢ per NOK,0.04369139,GH¢ per NOK,ok,
2000-01-13,NOKGHS,Norwegian Krone,Selling,452.4190,GH¢ per NOK,0.0452419,GH¢ per NOK,ok,
2000-01-13,NOKGHS,Norwegian Krone,Mid Rate,444.6665,GH¢ per NOK,0.04446665,GH¢ per NOK,ok,
2000-01-13,SEKGHS,Swedish Krona,Buying,413.4620,GH¢ per SEK,0.0413462,GH¢ per SEK,ok,
2000-01-13,SEKGHS,Swedish Krona,Selling,427.8937,GH¢ per SEK,0.04278937,GH¢ per SEK,ok,
2000-01-13,SEKGHS,Swedish Krona,Mid Rate,420.6779,GH¢ per SEK,0.04206779,GH¢ per SEK,ok,
2000-01-14,USDGHS,US Dollar,Buying,"3,479.4500",GH¢ per USD,0.347945,GH¢ per USD,ok,
2000-01-14,USDGHS,US Dollar,Selling,"3,600.3600",GH¢ per USD,0.360036,GH¢ per USD,ok,
2000-01-14,USDGHS,US Dollar,Mid Rate,"3,539.9050",GH¢ per USD,0.3539905,GH¢ per USD,ok,
2000-01-14,AUDGHS,Australian Dollar,Buying,258.9805,GH¢ per AUD,0.02589805,GH¢ per AUD,ok,
2000-01-14,AUDGHS,Australian Dollar,Selling,"2,400.1172",GH¢ per AUD,0.24001172,GH¢ per AUD,ok,
2000-01-14,AUDGHS,Australian Dollar,Mid Rate,"1,329.5489",GH¢ per AUD,0.13295489,GH¢ per AUD,ok,
2000-01-14,CADGHS,Canadian Dollar,Buying,"2,398.2831",GH¢ per CAD,0.23982831,GH¢ per CAD,ok,
2000-01-14,CADGHS,Canadian Dollar,Selling,"2,480.6366",GH¢ per CAD,0.24806366,GH¢ per CAD,ok,
2000-01-14,CADGHS,Canadian Dollar,Mid Rate,"2,439.4599",GH¢ per CAD,0.24394599,GH¢ per CAD,ok,
2000-01-14,CHFGHS,Swiss Franc,Buying,"2,211.1764",GH¢ per CHF,0.22111764,GH¢ per CHF,ok,
2000-01-14,CHFGHS,Swiss Franc,Selling,"2,287.1960",GH¢ per CHF,0.2287196,GH¢ per CHF,ok,
2000-01-14,CHFGHS,Swiss Franc,Mid Rate,"2,249.1862",GH¢ per CHF,0.22491862,GH¢ per CHF,ok,
2000-01-14,DKKGHS,Danish Krone,Buying,478.5135,GH¢ per DKK,0.04785135,GH¢ per DKK,ok,
2000-01-14,DKKGHS,Danish Krone,Selling,495.1198,GH¢ per DKK,0.04951198,GH¢ per DKK,ok,
2000-01-14,DKKGHS,Danish Krone,Mid Rate,486.8167,GH¢ per DKK,0.04868167,GH¢ per DKK,ok,
2000-01-14,GBPGHS,Pound Sterling,Buying,"5,722.3035",GH¢ per GBP,0.57223035,GH¢ per GBP,ok,
2000-01-14,GBPGHS,Pound Sterling,Selling,"5,924.7524",GH¢ per GBP,0.59247524,GH¢ per GBP,ok,
2000-01-14,GBPGHS,Pound Sterling,Mid Rate,"5,823.5280",GH¢ per GBP,0.5823528,GH¢ per GBP,ok,
2000-01-14,JPYGHS,Japanese yen,Buying,32.9664,GH¢ per JPY,0.00329664,GH¢ per JPY,ok,
2000-01-14,JPYGHS,Japanese yen,Selling,34.1091,GH¢ per JPY,0.00341091,GH¢ per JPY,ok,
2000-01-14,JPYGHS,Japanese yen,Mid Rate,33.5378,GH¢ per JPY,0.00335378,GH¢ per JPY,ok,
2000-01-14,NOKGHS,Norwegian Krone,Buying,437.6657,GH¢ per NOK,0.04376657,GH¢ per NOK,ok,
2000-01-14,NOKGHS,Norwegian Krone,Selling,452.7274,GH¢ per NOK,0.04527274,GH¢ per NOK,ok,
2000-01-14,NOKGHS,Norwegian Krone,Mid Rate,445.1966,GH¢ per NOK,0.04451966,GH¢ per NOK,ok,
2000-01-14,SEKGHS,Swedish Krona,Buying,412.7961,GH¢ per SEK,0.04127961,GH¢ per SEK,ok,
2000-01-14,SEKGHS,Swedish Krona,Selling,426.7631,GH¢ per SEK,0.04267631,GH¢ per SEK,ok,
2000-01-14,SEKGHS,Swedish Krona,Mid Rate,419.7796,GH¢ per SEK,0.04197796,GH¢ per SEK,ok,
2000-01-17,USDGHS,US Dollar,Buying,"3,490.3600",GH¢ per USD,0.349036,GH¢ per USD,ok,
2000-01-17,USDGHS,US Dollar,Selling,"3,610.0000",GH¢ per USD,0.361,GH¢ per USD,ok,
2000-01-17,USDGHS,US Dollar,Mid Rate,"3,550.1800",GH¢ per USD,0.355018,GH¢ per USD,ok,
2000-01-17,AUDGHS,Australian Dollar,Buying,256.5143,GH¢ per AUD,0.02565143,GH¢ per AUD,ok,
2000-01-17,AUDGHS,Australian Dollar,Selling,"2,400.1783",GH¢ per AUD,0.24001783,GH¢ per AUD,ok,
2000-01-17,AUDGHS,Australian Dollar,Mid Rate,"1,328.3463",GH¢ per AUD,0.13283463,GH¢ per AUD,ok,
2000-01-17,CADGHS,Canadian Dollar,Buying,"2,405.8563",GH¢ per CAD,0.24058563,GH¢ per CAD,ok,
2000-01-17,CADGHS,Canadian Dollar,Selling,"2,487.0139",GH¢ per CAD,0.24870139,GH¢ per CAD,ok,
2000-01-17,CADGHS,Canadian Dollar,Mid Rate,"2,446.4351",GH¢ per CAD,0.24464351,GH¢ per CAD,ok,
2000-01-17,CHFGHS,Swiss Franc,Buying,"2,188.0308",GH¢ per CHF,0.21880308,GH¢ per CHF,ok,
2000-01-17,CHFGHS,Swiss Franc,Selling,"2,262.0731",GH¢ per CHF,0.22620731,GH¢ per CHF,ok,
2000-01-17,CHFGHS,Swiss Franc,Mid Rate,"2,225.0520",GH¢ per CHF,0.2225052,GH¢ per CHF,ok,
2000-01-17,DKKGHS,Danish Krone,Buying,474.1763,GH¢ per DKK,0.04741763,GH¢ per DKK,ok,
2000-01-17,DKKGHS,Danish Krone,Selling,490.3183,GH¢ per DKK,0.04903183,GH¢ per DKK,ok,
2000-01-17,DKKGHS,Danish Krone,Mid Rate,482.2473,GH¢ per DKK,0.04822473,GH¢ per DKK,ok,
2000-01-17,GBPGHS,Pound Sterling,Buying,"5,708.1347",GH¢ per GBP,0.57081347,GH¢ per GBP,ok,
2000-01-17,GBPGHS,Pound Sterling,Selling,"5,907.4040",GH¢ per GBP,0.5907404,GH¢ per GBP,ok,
2000-01-17,GBPGHS,Pound Sterling,Mid Rate,"5,807.7694",GH¢ per GBP,0.58077694,GH¢ per GBP,ok,
2000-01-17,JPYGHS,Japanese yen,Buying,33.1810,GH¢ per JPY,0.0033181,GH¢ per JPY,ok,
2000-01-17,JPYGHS,Japanese yen,Selling,34.3155,GH¢ per JPY,0.00343155,GH¢ per JPY,ok,
2000-01-17,JPYGHS,Japanese yen,Mid Rate,33.7483,GH¢ per JPY,0.00337483,GH¢ per JPY,ok,
2000-01-17,NOKGHS,Norwegian Krone,Buying,436.7323,GH¢ per NOK,0.04367323,GH¢ per NOK,ok,
2000-01-17,NOKGHS,Norwegian Krone,Selling,451.5018,GH¢ per NOK,0.04515018,GH¢ per NOK,ok,
2000-01-17,NOKGHS,Norwegian Krone,Mid Rate,444.1171,GH¢ per NOK,0.04441171,GH¢ per NOK,ok,
2000-01-17,SEKGHS,Swedish Krona,Buying,411.7918,GH¢ per SEK,0.04117918,GH¢ per SEK,ok,
2000-01-17,SEKGHS,Swedish Krona,Selling,425.4829,GH¢ per SEK,0.04254829,GH¢ per SEK,ok,
2000-01-17,SEKGHS,Swedish Krona,Mid Rate,418.6374,GH¢ per SEK,0.04186374,GH¢ per SEK,ok,
2000-01-18,USDGHS,US Dollar,Buying,"3,504.0900",GH¢ per USD,0.350409,GH¢ per USD,ok,
2000-01-18,USDGHS,US Dollar,Selling,"3,617.2700",GH¢ per USD,0.361727,GH¢ per USD,ok,
2000-01-18,USDGHS,US Dollar,Mid Rate,"3,560.6800",GH¢ per USD,0.356068,GH¢ per USD,ok,
2000-01-18,AUDGHS,Australian Dollar,Buying,257.9713,GH¢ per AUD,0.02579713,GH¢ per AUD,ok,
2000-01-18,AUDGHS,Australian Dollar,Selling,"2,403.2445",GH¢ per AUD,0.24032445,GH¢ per AUD,ok,
2000-01-18,AUDGHS,Australian Dollar,Mid Rate,"1,330.6079",GH¢ per AUD,0.13306079,GH¢ per AUD,ok,
2000-01-18,CADGHS,Canadian Dollar,Buying,"2,422.3192",GH¢ per CAD,0.24223192,GH¢ per CAD,ok,
2000-01-18,CADGHS,Canadian Dollar,Selling,"2,497.7443",GH¢ per CAD,0.24977443,GH¢ per CAD,ok,
2000-01-18,CADGHS,Canadian Dollar,Mid Rate,"2,460.0318",GH¢ per CAD,0.24600318,GH¢ per CAD,ok,
2000-01-18,CHFGHS,Swiss Franc,Buying,"2,201.1441",GH¢ per CHF,0.22011441,GH¢ per CHF,ok,
2000-01-18,CHFGHS,Swiss Franc,Selling,"2,269.3440",GH¢ per CHF,0.2269344,GH¢ per CHF,ok,
2000-01-18,CHFGHS,Swiss Franc,Mid Rate,"2,235.2441",GH¢ per CHF,0.22352441,GH¢ per CHF,ok,
2000-01-18,DKKGHS,Danish Krone,Buying,476.9515,GH¢ per DKK,0.04769515,GH¢ per DKK,ok,
2000-01-18,DKKGHS,Danish Krone,Selling,491.8780,GH¢ per DKK,0.0491878,GH¢ per DKK,ok,
2000-01-18,DKKGHS,Danish Krone,Mid Rate,484.4148,GH¢ per DKK,0.04844148,GH¢ per DKK,ok,
2000-01-18,GBPGHS,Pound Sterling,Buying,"5,730.2384",GH¢ per GBP,0.57302384,GH¢ per GBP,ok,
2000-01-18,GBPGHS,Pound Sterling,Selling,"5,916.4068",GH¢ per GBP,0.59164068,GH¢ per GBP,ok,
2000-01-18,GBPGHS,Pound Sterling,Mid Rate,"5,823.3226",GH¢ per GBP,0.58233226,GH¢ per GBP,ok,
2000-01-18,JPYGHS,Japanese yen,Buying,33.3425,GH¢ per JPY,0.00333425,GH¢ per JPY,ok,
2000-01-18,JPYGHS,Japanese yen,Selling,34.4017,GH¢ per JPY,0.00344017,GH¢ per JPY,ok,
2000-01-18,JPYGHS,Japanese yen,Mid Rate,33.8721,GH¢ per JPY,0.00338721,GH¢ per JPY,ok,
2000-01-18,NOKGHS,Norwegian Krone,Buying,437.4896,GH¢ per NOK,0.04374896,GH¢ per NOK,ok,
2000-01-18,NOKGHS,Norwegian Krone,Selling,451.1451,GH¢ per NOK,0.04511451,GH¢ per NOK,ok,
2000-01-18,NOKGHS,Norwegian Krone,Mid Rate,444.3174,GH¢ per NOK,0.04443174,GH¢ per NOK,ok,
2000-01-18,SEKGHS,Swedish Krona,Buying,414.3729,GH¢ per SEK,0.04143729,GH¢ per SEK,ok,
2000-01-18,SEKGHS,Swedish Krona,Selling,427.0695,GH¢ per SEK,0.04270695,GH¢ per SEK,ok,
2000-01-18,SEKGHS,Swedish Krona,Mid Rate,420.7212,GH¢ per SEK,0.04207212,GH¢ per SEK,ok,
2000-01-19,USDGHS,US Dollar,Buying,"3,507.4000",GH¢ per USD,0.35074,GH¢ per USD,ok,
2000-01-19,USDGHS,US Dollar,Selling,"3,619.7000",GH¢ per USD,0.36197,GH¢ per USD,ok,
2000-01-19,USDGHS,US Dollar,Mid Rate,"3,563.5500",GH¢ per USD,0.356355,GH¢ per USD,ok,
2000-01-19,AUDGHS,Australian Dollar,Buying,258.4550,GH¢ per AUD,0.0258455,GH¢ per AUD,ok,
2000-01-19,AUDGHS,Australian Dollar,Selling,"2,411.3435",GH¢ per AUD,0.24113435,GH¢ per AUD,ok,
2000-01-19,AUDGHS,Australian Dollar,Mid Rate,"1,334.8993",GH¢ per AUD,0.13348993,GH¢ per AUD,ok,
2000-01-19,CADGHS,Canadian Dollar,Buying,"2,421.1497",GH¢ per CAD,0.24211497,GH¢ per CAD,ok,
2000-01-19,CADGHS,Canadian Dollar,Selling,"2,497.6692",GH¢ per CAD,0.24976692,GH¢ per CAD,ok,
2000-01-19,CADGHS,Canadian Dollar,Mid Rate,"2,459.4095",GH¢ per CAD,0.24594095,GH¢ per CAD,ok,
2000-01-19,CHFGHS,Swiss Franc,Buying,"2,204.9822",GH¢ per CHF,0.22049822,GH¢ per CHF,ok,
2000-01-19,CHFGHS,Swiss Franc,Selling,"2,274.7879",GH¢ per CHF,0.22747879,GH¢ per CHF,ok,
2000-01-19,CHFGHS,Swiss Franc,Mid Rate,"2,239.8851",GH¢ per CHF,0.22398851,GH¢ per CHF,ok,
2000-01-19,DKKGHS,Danish Krone,Buying,477.9330,GH¢ per DKK,0.0477933,GH¢ per DKK,ok,
2000-01-19,DKKGHS,Danish Krone,Selling,493.1714,GH¢ per DKK,0.04931714,GH¢ per DKK,ok,
2000-01-19,DKKGHS,Danish Krone,Mid Rate,485.5522,GH¢ per DKK,0.04855522,GH¢ per DKK,ok,
2000-01-19,GBPGHS,Pound Sterling,Buying,"5,744.4197",GH¢ per GBP,0.57444197,GH¢ per GBP,ok,
2000-01-19,GBPGHS,Pound Sterling,Selling,"5,931.9644",GH¢ per GBP,0.59319644,GH¢ per GBP,ok,
2000-01-19,GBPGHS,Pound Sterling,Mid Rate,"5,838.1921",GH¢ per GBP,0.58381921,GH¢ per GBP,ok,
2000-01-19,JPYGHS,Japanese yen,Buying,33.1951,GH¢ per JPY,0.00331951,GH¢ per JPY,ok,
2000-01-19,JPYGHS,Japanese yen,Selling,34.2552,GH¢ per JPY,0.00342552,GH¢ per JPY,ok,
2000-01-19,JPYGHS,Japanese yen,Mid Rate,33.7252,GH¢ per JPY,0.00337252,GH¢ per JPY,ok,
2000-01-19,NOKGHS,Norwegian Krone,Buying,439.5253,GH¢ per NOK,0.04395253,GH¢ per NOK,ok,
2000-01-19,NOKGHS,Norwegian Krone,Selling,453.4517,GH¢ per NOK,0.04534517,GH¢ per NOK,ok,
2000-01-19,NOKGHS,Norwegian Krone,Mid Rate,446.4885,GH¢ per NOK,0.04464885,GH¢ per NOK,ok,
2000-01-19,SEKGHS,Swedish Krona,Buying,414.3407,GH¢ per SEK,0.04143407,GH¢ per SEK,ok,
2000-01-19,SEKGHS,Swedish Krona,Selling,427.2334,GH¢ per SEK,0.04272334,GH¢ per SEK,ok,
2000-01-19,SEKGHS,Swedish Krona,Mid Rate,420.7871,GH¢ per SEK,0.04207871,GH¢ per SEK,ok,
2000-01-20,USDGHS,US Dollar,Buying,"3,511.7000",GH¢ per USD,0.35117,GH¢ per USD,ok,
2000-01-20,USDGHS,US Dollar,Selling,"3,621.0000",GH¢ per USD,0.3621,GH¢ per USD,ok,
2000-01-20,USDGHS,US Dollar,Mid Rate,"3,566.3500",GH¢ per USD,0.356635,GH¢ per USD,ok,
2000-01-20,AUDGHS,Australian Dollar,Buying,258.5758,GH¢ per AUD,0.02585758,GH¢ per AUD,ok,
2000-01-20,AUDGHS,Australian Dollar,Selling,"2,402.2629",GH¢ per AUD,0.24022629,GH¢ per AUD,ok,
2000-01-20,AUDGHS,Australian Dollar,Mid Rate,"1,330.4194",GH¢ per AUD,0.13304194,GH¢ per AUD,ok,
2000-01-20,CADGHS,Canadian Dollar,Buying,"2,418.6874",GH¢ per CAD,0.24186874,GH¢ per CAD,ok,
2000-01-20,CADGHS,Canadian Dollar,Selling,"2,492.9886",GH¢ per CAD,0.24929886,GH¢ per CAD,ok,
2000-01-20,CADGHS,Canadian Dollar,Mid Rate,"2,455.8380",GH¢ per CAD,0.2455838,GH¢ per CAD,ok,
2000-01-20,CHFGHS,Swiss Franc,Buying,"2,202.1436",GH¢ per CHF,0.22021436,GH¢ per CHF,ok,
2000-01-20,CHFGHS,Swiss Franc,Selling,"2,269.3660",GH¢ per CHF,0.2269366,GH¢ per CHF,ok,
2000-01-20,CHFGHS,Swiss Franc,Mid Rate,"2,235.7548",GH¢ per CHF,0.22357548,GH¢ per CHF,ok,
2000-01-20,DKKGHS,Danish Krone,Buying,477.9725,GH¢ per DKK,0.04779725,GH¢ per DKK,ok,
2000-01-20,DKKGHS,Danish Krone,Selling,492.7301,GH¢ per DKK,0.04927301,GH¢ per DKK,ok,
2000-01-20,DKKGHS,Danish Krone,Mid Rate,485.3513,GH¢ per DKK,0.04853513,GH¢ per DKK,ok,
2000-01-20,GBPGHS,Pound Sterling,Buying,"5,775.3418",GH¢ per GBP,0.57753418,GH¢ per GBP,ok,
2000-01-20,GBPGHS,Pound Sterling,Selling,"5,957.9934",GH¢ per GBP,0.59579934,GH¢ per GBP,ok,
2000-01-20,GBPGHS,Pound Sterling,Mid Rate,"5,866.6676",GH¢ per GBP,0.58666676,GH¢ per GBP,ok,
2000-01-20,JPYGHS,Japanese yen,Buying,33.2643,GH¢ per JPY,0.00332643,GH¢ per JPY,ok,
2000-01-20,JPYGHS,Japanese yen,Selling,34.2926,GH¢ per JPY,0.00342926,GH¢ per JPY,ok,
2000-01-20,JPYGHS,Japanese yen,Mid Rate,33.7785,GH¢ per JPY,0.00337785,GH¢ per JPY,ok,
2000-01-20,NOKGHS,Norwegian Krone,Buying,439.6844,GH¢ per NOK,0.04396844,GH¢ per NOK,ok,
2000-01-20,NOKGHS,Norwegian Krone,Selling,453.2207,GH¢ per NOK,0.04532207,GH¢ per NOK,ok,
2000-01-20,NOKGHS,Norwegian Krone,Mid Rate,446.4526,GH¢ per NOK,0.04464526,GH¢ per NOK,ok,
2000-01-20,SEKGHS,Swedish Krona,Buying,413.6946,GH¢ per SEK,0.04136946,GH¢ per SEK,ok,
2000-01-20,SEKGHS,Swedish Krona,Selling,426.1981,GH¢ per SEK,0.04261981,GH¢ per SEK,ok,
2000-01-20,SEKGHS,Swedish Krona,Mid Rate,419.9464,GH¢ per SEK,0.04199464,GH¢ per SEK,ok,
2000-01-21,USDGHS,US Dollar,Buying,"3,512.7300",GH¢ per USD,0.351273,GH¢ per USD,ok,
2000-01-21,USDGHS,US Dollar,Selling,"3,622.3600",GH¢ per USD,0.362236,GH¢ per USD,ok,
2000-01-21,USDGHS,US Dollar,Mid Rate,"3,567.5450",GH¢ per USD,0.3567545,GH¢ per USD,ok,
2000-01-21,AUDGHS,Australian Dollar,Buying,259.6351,GH¢ per AUD,0.02596351,GH¢ per AUD,ok,
2000-01-21,AUDGHS,Australian Dollar,Selling,"2,409.3034",GH¢ per AUD,0.24093034,GH¢ per AUD,ok,
2000-01-21,AUDGHS,Australian Dollar,Mid Rate,"1,334.4693",GH¢ per AUD,0.13344693,GH¢ per AUD,ok,
2000-01-21,CADGHS,Canadian Dollar,Buying,"2,429.5771",GH¢ per CAD,0.24295771,GH¢ per CAD,ok,
2000-01-21,CADGHS,Canadian Dollar,Selling,"2,504.0678",GH¢ per CAD,0.25040678,GH¢ per CAD,ok,
2000-01-21,CADGHS,Canadian Dollar,Mid Rate,"2,466.8225",GH¢ per CAD,0.24668225,GH¢ per CAD,ok,
2000-01-21,CHFGHS,Swiss Franc,Buying,"2,219.4901",GH¢ per CHF,0.22194901,GH¢ per CHF,ok,
2000-01-21,CHFGHS,Swiss Franc,Selling,"2,287.6174",GH¢ per CHF,0.22876174,GH¢ per CHF,ok,
2000-01-21,CHFGHS,Swiss Franc,Mid Rate,"2,253.5538",GH¢ per CHF,0.22535538,GH¢ per CHF,ok,
2000-01-21,DKKGHS,Danish Krone,Buying,479.7577,GH¢ per DKK,0.04797577,GH¢ per DKK,ok,
2000-01-21,DKKGHS,Danish Krone,Selling,494.4275,GH¢ per DKK,0.04944275,GH¢ per DKK,ok,
2000-01-21,DKKGHS,Danish Krone,Mid Rate,487.0926,GH¢ per DKK,0.04870926,GH¢ per DKK,ok,
2000-01-21,GBPGHS,Pound Sterling,Buying,"5,818.8372",GH¢ per GBP,0.58188372,GH¢ per GBP,ok,
2000-01-21,GBPGHS,Pound Sterling,Selling,"6,002.2505",GH¢ per GBP,0.60022505,GH¢ per GBP,ok,
2000-01-21,GBPGHS,Pound Sterling,Mid Rate,"5,910.5439",GH¢ per GBP,0.59105439,GH¢ per GBP,ok,
2000-01-21,JPYGHS,Japanese yen,Buying,33.4878,GH¢ per JPY,0.00334878,GH¢ per JPY,ok,
2000-01-21,JPYGHS,Japanese yen,Selling,34.5195,GH¢ per JPY,0.00345195,GH¢ per JPY,ok,
2000-01-21,JPYGHS,Japanese yen,Mid Rate,34.0037,GH¢ per JPY,0.00340037,GH¢ per JPY,ok,
2000-01-21,NOKGHS,Norwegian Krone,Buying,442.0198,GH¢ per NOK,0.04420198,GH¢ per NOK,ok,
2000-01-21,NOKGHS,Norwegian Krone,Selling,455.4440,GH¢ per NOK,0.0455444,GH¢ per NOK,ok,
2000-01-21,NOKGHS,Norwegian Krone,Mid Rate,448.7319,GH¢ per NOK,0.04487319,GH¢ per NOK,ok,
2000-01-21,SEKGHS,Swedish Krona,Buying,416.3748,GH¢ per SEK,0.04163748,GH¢ per SEK,ok,
2000-01-21,SEKGHS,Swedish Krona,Selling,428.7812,GH¢ per SEK,0.04287812,GH¢ per SEK,ok,
2000-01-21,SEKGHS,Swedish Krona,Mid Rate,422.5780,GH¢ per SEK,0.0422578,GH¢ per SEK,ok,
2000-01-24,USDGHS,US Dollar,Buying,"3,516.4500",GH¢ per USD,0.351645,GH¢ per USD,ok,
2000-01-24,USDGHS,US Dollar,Selling,"3,625.1800",GH¢ per USD,0.362518,GH¢ per USD,ok,
2000-01-24,USDGHS,US Dollar,Mid Rate,"3,570.8150",GH¢ per USD,0.3570815,GH¢ per USD,ok,
2000-01-24,AUDGHS,Australian Dollar,Buying,256.6747,GH¢ per AUD,0.02566747,GH¢ per AUD,ok,
2000-01-24,AUDGHS,Australian Dollar,Selling,"2,384.8022",GH¢ per AUD,0.23848022,GH¢ per AUD,ok,
2000-01-24,AUDGHS,Australian Dollar,Mid Rate,"1,320.7385",GH¢ per AUD,0.13207385,GH¢ per AUD,ok,
2000-01-24,CADGHS,Canadian Dollar,Buying,"2,442.5056",GH¢ per CAD,0.24425056,GH¢ per CAD,ok,
2000-01-24,CADGHS,Canadian Dollar,Selling,"2,517.1176",GH¢ per CAD,0.25171176,GH¢ per CAD,ok,
2000-01-24,CADGHS,Canadian Dollar,Mid Rate,"2,479.8116",GH¢ per CAD,0.24798116,GH¢ per CAD,ok,
2000-01-24,CHFGHS,Swiss Franc,Buying,"2,190.6277",GH¢ per CHF,0.21906277,GH¢ per CHF,ok,
2000-01-24,CHFGHS,Swiss Franc,Selling,"2,257.0044",GH¢ per CHF,0.22570044,GH¢ per CHF,ok,
2000-01-24,CHFGHS,Swiss Franc,Mid Rate,"2,223.8161",GH¢ per CHF,0.22238161,GH¢ per CHF,ok,
2000-01-24,DKKGHS,Danish Krone,Buying,474.3807,GH¢ per DKK,0.04743807,GH¢ per DKK,ok,
2000-01-24,DKKGHS,Danish Krone,Selling,488.7857,GH¢ per DKK,0.04887857,GH¢ per DKK,ok,
2000-01-24,DKKGHS,Danish Krone,Mid Rate,481.5832,GH¢ per DKK,0.04815832,GH¢ per DKK,ok,
2000-01-24,GBPGHS,Pound Sterling,Buying,"5,801.4392",GH¢ per GBP,0.58014392,GH¢ per GBP,ok,
2000-01-24,GBPGHS,Pound Sterling,Selling,"5,984.4471",GH¢ per GBP,0.59844471,GH¢ per GBP,ok,
2000-01-24,GBPGHS,Pound Sterling,Mid Rate,"5,892.9432",GH¢ per GBP,0.58929432,GH¢ per GBP,ok,
2000-01-24,JPYGHS,Japanese yen,Buying,33.5305,GH¢ per JPY,0.00335305,GH¢ per JPY,ok,
2000-01-24,JPYGHS,Japanese yen,Selling,34.5642,GH¢ per JPY,0.00345642,GH¢ per JPY,ok,
2000-01-24,JPYGHS,Japanese yen,Mid Rate,34.0474,GH¢ per JPY,0.00340474,GH¢ per JPY,ok,
2000-01-24,NOKGHS,Norwegian Krone,Buying,438.1322,GH¢ per NOK,0.04381322,GH¢ per NOK,ok,
2000-01-24,NOKGHS,Norwegian Krone,Selling,451.3975,GH¢ per NOK,0.04513975,GH¢ per NOK,ok,
2000-01-24,NOKGHS,Norwegian Krone,Mid Rate,444.7649,GH¢ per NOK,0.04447649,GH¢ per NOK,ok,
2000-01-24,SEKGHS,Swedish Krona,Buying,412.1482,GH¢ per SEK,0.04121482,GH¢ per SEK,ok,
2000-01-24,SEKGHS,Swedish Krona,Selling,424.3958,GH¢ per SEK,0.04243958,GH¢ per SEK,ok,
2000-01-24,SEKGHS,Swedish Krona,Mid Rate,418.2720,GH¢ per SEK,0.0418272,GH¢ per SEK,ok,
2000-01-25,USDGHS,US Dollar,Buying,"3,519.9100",GH¢ per USD,0.351991,GH¢ per USD,ok,
2000-01-25,USDGHS,US Dollar,Selling,"3,626.7300",GH¢ per USD,0.362673,GH¢ per USD,ok,
2000-01-25,USDGHS,US Dollar,Mid Rate,"3,573.3200",GH¢ per USD,0.357332,GH¢ per USD,ok,
2000-01-25,AUDGHS,Australian Dollar,Buying,257.3300,GH¢ per AUD,0.025733,GH¢ per AUD,ok,
2000-01-25,AUDGHS,Australian Dollar,Selling,"2,382.5183",GH¢ per AUD,0.23825183,GH¢ per AUD,ok,
2000-01-25,AUDGHS,Australian Dollar,Mid Rate,"1,319.9242",GH¢ per AUD,0.13199242,GH¢ per AUD,ok,
2000-01-25,CADGHS,Canadian Dollar,Buying,"2,438.5203",GH¢ per CAD,0.24385203,GH¢ per CAD,ok,
2000-01-25,CADGHS,Canadian Dollar,Selling,"2,511.5269",GH¢ per CAD,0.25115269,GH¢ per CAD,ok,
2000-01-25,CADGHS,Canadian Dollar,Mid Rate,"2,475.0236",GH¢ per CAD,0.24750236,GH¢ per CAD,ok,
2000-01-25,CHFGHS,Swiss Franc,Buying,"2,198.0457",GH¢ per CHF,0.21980457,GH¢ per CHF,ok,
2000-01-25,CHFGHS,Swiss Franc,Selling,"2,264.7344",GH¢ per CHF,0.22647344,GH¢ per CHF,ok,
2000-01-25,CHFGHS,Swiss Franc,Mid Rate,"2,231.3901",GH¢ per CHF,0.22313901,GH¢ per CHF,ok,
2000-01-25,DKKGHS,Danish Krone,Buying,475.4720,GH¢ per DKK,0.0475472,GH¢ per DKK,ok,
2000-01-25,DKKGHS,Danish Krone,Selling,489.8380,GH¢ per DKK,0.0489838,GH¢ per DKK,ok,
2000-01-25,DKKGHS,Danish Krone,Mid Rate,482.6550,GH¢ per DKK,0.0482655,GH¢ per DKK,ok,
2000-01-25,GBPGHS,Pound Sterling,Buying,"5,808.5555",GH¢ per GBP,0.58085555,GH¢ per GBP,ok,
2000-01-25,GBPGHS,Pound Sterling,Selling,"5,987.7312",GH¢ per GBP,0.59877312,GH¢ per GBP,ok,
2000-01-25,GBPGHS,Pound Sterling,Mid Rate,"5,898.1434",GH¢ per GBP,0.58981434,GH¢ per GBP,ok,
2000-01-25,JPYGHS,Japanese yen,Buying,33.2240,GH¢ per JPY,0.0033224,GH¢ per JPY,ok,
2000-01-25,JPYGHS,Japanese yen,Selling,34.2254,GH¢ per JPY,0.00342254,GH¢ per JPY,ok,
2000-01-25,JPYGHS,Japanese yen,Mid Rate,33.7247,GH¢ per JPY,0.00337247,GH¢ per JPY,ok,
2000-01-25,NOKGHS,Norwegian Krone,Buying,440.0454,GH¢ per NOK,0.04400454,GH¢ per NOK,ok,
2000-01-25,NOKGHS,Norwegian Krone,Selling,453.2520,GH¢ per NOK,0.0453252,GH¢ per NOK,ok,
2000-01-25,NOKGHS,Norwegian Krone,Mid Rate,446.6487,GH¢ per NOK,0.04466487,GH¢ per NOK,ok,
2000-01-25,SEKGHS,Swedish Krona,Buying,415.1845,GH¢ per SEK,0.04151845,GH¢ per SEK,ok,
2000-01-25,SEKGHS,Swedish Krona,Selling,427.4447,GH¢ per SEK,0.04274447,GH¢ per SEK,ok,
2000-01-25,SEKGHS,Swedish Krona,Mid Rate,421.3146,GH¢ per SEK,0.04213146,GH¢ per SEK,ok,
2000-01-26,USDGHS,US Dollar,Buying,"3,527.2700",GH¢ per USD,0.352727,GH¢ per USD,ok,
2000-01-26,USDGHS,US Dollar,Selling,"3,631.0000",GH¢ per USD,0.3631,GH¢ per USD,ok,
2000-01-26,USDGHS,US Dollar,Mid Rate,"3,579.1350",GH¢ per USD,0.3579135,GH¢ per USD,ok,
2000-01-26,AUDGHS,Australian Dollar,Buying,256.6399,GH¢ per AUD,0.02566399,GH¢ per AUD,ok,
2000-01-26,AUDGHS,Australian Dollar,Selling,"2,377.2129",GH¢ per AUD,0.23772129,GH¢ per AUD,ok,
2000-01-26,AUDGHS,Australian Dollar,Mid Rate,"1,316.9264",GH¢ per AUD,0.13169264,GH¢ per AUD,ok,
2000-01-26,CADGHS,Canadian Dollar,Buying,"2,453.6493",GH¢ per CAD,0.24536493,GH¢ per CAD,ok,
2000-01-26,CADGHS,Canadian Dollar,Selling,"2,524.7792",GH¢ per CAD,0.25247792,GH¢ per CAD,ok,
2000-01-26,CADGHS,Canadian Dollar,Mid Rate,"2,489.2143",GH¢ per CAD,0.24892143,GH¢ per CAD,ok,
2000-01-26,CHFGHS,Swiss Franc,Buying,"2,189.7991",GH¢ per CHF,0.21897991,GH¢ per CHF,ok,
2000-01-26,CHFGHS,Swiss Franc,Selling,"2,253.6958",GH¢ per CHF,0.22536958,GH¢ per CHF,ok,
2000-01-26,CHFGHS,Swiss Franc,Mid Rate,"2,221.7475",GH¢ per CHF,0.22217475,GH¢ per CHF,ok,
2000-01-26,DKKGHS,Danish Krone,Buying,474.4332,GH¢ per DKK,0.04744332,GH¢ per DKK,ok,
2000-01-26,DKKGHS,Danish Krone,Selling,488.2710,GH¢ per DKK,0.0488271,GH¢ per DKK,ok,
2000-01-26,DKKGHS,Danish Krone,Mid Rate,481.3521,GH¢ per DKK,0.04813521,GH¢ per DKK,ok,
2000-01-26,GBPGHS,Pound Sterling,Buying,"5,801.6537",GH¢ per GBP,0.58016537,GH¢ per GBP,ok,
2000-01-26,GBPGHS,Pound Sterling,Selling,"5,975.8998",GH¢ per GBP,0.59758998,GH¢ per GBP,ok,
2000-01-26,GBPGHS,Pound Sterling,Mid Rate,"5,888.7768",GH¢ per GBP,0.58887768,GH¢ per GBP,ok,
2000-01-26,JPYGHS,Japanese yen,Buying,33.2702,GH¢ per JPY,0.00332702,GH¢ per JPY,ok,
2000-01-26,JPYGHS,Japanese yen,Selling,34.2458,GH¢ per JPY,0.00342458,GH¢ per JPY,ok,
2000-01-26,JPYGHS,Japanese yen,Mid Rate,33.7580,GH¢ per JPY,0.0033758,GH¢ per JPY,ok,
2000-01-26,NOKGHS,Norwegian Krone,Buying,438.7713,GH¢ per NOK,0.04387713,GH¢ per NOK,ok,
2000-01-26,NOKGHS,Norwegian Krone,Selling,451.5293,GH¢ per NOK,0.04515293,GH¢ per NOK,ok,
2000-01-26,NOKGHS,Norwegian Krone,Mid Rate,445.1503,GH¢ per NOK,0.04451503,GH¢ per NOK,ok,
2000-01-26,SEKGHS,Swedish Krona,Buying,414.0460,GH¢ per SEK,0.0414046,GH¢ per SEK,ok,
2000-01-26,SEKGHS,Swedish Krona,Selling,425.8523,GH¢ per SEK,0.04258523,GH¢ per SEK,ok,
2000-01-26,SEKGHS,Swedish Krona,Mid Rate,419.9492,GH¢ per SEK,0.04199492,GH¢ per SEK,ok,
2000-01-27,USDGHS,US Dollar,Buying,"3,533.8200",GH¢ per USD,0.353382,GH¢ per USD,ok,
2000-01-27,USDGHS,US Dollar,Selling,"3,637.7300",GH¢ per USD,0.363773,GH¢ per USD,ok,
2000-01-27,USDGHS,US Dollar,Mid Rate,"3,585.7750",GH¢ per USD,0.3585775,GH¢ per USD,ok,
2000-01-27,AUDGHS,Australian Dollar,Buying,257.2886,GH¢ per AUD,0.02572886,GH¢ per AUD,ok,
2000-01-27,AUDGHS,Australian Dollar,Selling,"2,377.1918",GH¢ per AUD,0.23771918,GH¢ per AUD,ok,
2000-01-27,AUDGHS,Australian Dollar,Mid Rate,"1,317.2402",GH¢ per AUD,0.13172402,GH¢ per AUD,ok,
2000-01-27,CADGHS,Canadian Dollar,Buying,"2,454.7624",GH¢ per CAD,0.24547624,GH¢ per CAD,ok,
2000-01-27,CADGHS,Canadian Dollar,Selling,"2,526.1286",GH¢ per CAD,0.25261286,GH¢ per CAD,ok,
2000-01-27,CADGHS,Canadian Dollar,Mid Rate,"2,490.4455",GH¢ per CAD,0.24904455,GH¢ per CAD,ok,
2000-01-27,CHFGHS,Swiss Franc,Buying,"2,196.5430",GH¢ per CHF,0.2196543,GH¢ per CHF,ok,
2000-01-27,CHFGHS,Swiss Franc,Selling,"2,260.6239",GH¢ per CHF,0.22606239,GH¢ per CHF,ok,
2000-01-27,CHFGHS,Swiss Franc,Mid Rate,"2,228.5835",GH¢ per CHF,0.22285835,GH¢ per CHF,ok,
2000-01-27,DKKGHS,Danish Krone,Buying,475.5261,GH¢ per DKK,0.04755261,GH¢ per DKK,ok,
2000-01-27,DKKGHS,Danish Krone,Selling,489.2446,GH¢ per DKK,0.04892446,GH¢ per DKK,ok,
2000-01-27,DKKGHS,Danish Krone,Mid Rate,482.3854,GH¢ per DKK,0.04823854,GH¢ per DKK,ok,
2000-01-27,GBPGHS,Pound Sterling,Buying,"5,784.1566",GH¢ per GBP,0.57841566,GH¢ per GBP,ok,
2000-01-27,GBPGHS,Pound Sterling,Selling,"5,957.8742",GH¢ per GBP,0.59578742,GH¢ per GBP,ok,
2000-01-27,GBPGHS,Pound Sterling,Mid Rate,"5,871.0154",GH¢ per GBP,0.58710154,GH¢ per GBP,ok,
2000-01-27,JPYGHS,Japanese yen,Buying,33.4441,GH¢ per JPY,0.00334441,GH¢ per JPY,ok,
2000-01-27,JPYGHS,Japanese yen,Selling,34.4247,GH¢ per JPY,0.00344247,GH¢ per JPY,ok,
2000-01-27,JPYGHS,Japanese yen,Mid Rate,33.9344,GH¢ per JPY,0.00339344,GH¢ per JPY,ok,
2000-01-27,NOKGHS,Norwegian Krone,Buying,437.2199,GH¢ per NOK,0.04372199,GH¢ per NOK,ok,
2000-01-27,NOKGHS,Norwegian Krone,Selling,449.7969,GH¢ per NOK,0.04497969,GH¢ per NOK,ok,
2000-01-27,NOKGHS,Norwegian Krone,Mid Rate,443.5084,GH¢ per NOK,0.04435084,GH¢ per NOK,ok,
2000-01-27,SEKGHS,Swedish Krona,Buying,414.7152,GH¢ per SEK,0.04147152,GH¢ per SEK,ok,
2000-01-27,SEKGHS,Swedish Krona,Selling,426.4092,GH¢ per SEK,0.04264092,GH¢ per SEK,ok,
2000-01-27,SEKGHS,Swedish Krona,Mid Rate,420.5622,GH¢ per SEK,0.04205622,GH¢ per SEK,ok,
2000-01-28,USDGHS,US Dollar,Buying,"3,536.0900",GH¢ per USD,0.353609,GH¢ per USD,ok,
2000-01-28,USDGHS,US Dollar,Selling,"3,639.3600",GH¢ per USD,0.363936,GH¢ per USD,ok,
2000-01-28,USDGHS,US Dollar,Mid Rate,"3,587.7250",GH¢ per USD,0.3587725,GH¢ per USD,ok,
2000-01-28,AUDGHS,Australian Dollar,Buying,253.4106,GH¢ per AUD,0.02534106,GH¢ per AUD,ok,
2000-01-28,AUDGHS,Australian Dollar,Selling,"2,370.4541",GH¢ per AUD,0.23704541,GH¢ per AUD,ok,
2000-01-28,AUDGHS,Australian Dollar,Mid Rate,"1,311.9324",GH¢ per AUD,0.13119324,GH¢ per AUD,ok,
2000-01-28,CADGHS,Canadian Dollar,Buying,"2,467.3774",GH¢ per CAD,0.24673774,GH¢ per CAD,ok,
2000-01-28,CADGHS,Canadian Dollar,Selling,"2,539.5808",GH¢ per CAD,0.25395808,GH¢ per CAD,ok,
2000-01-28,CADGHS,Canadian Dollar,Mid Rate,"2,503.4791",GH¢ per CAD,0.25034791,GH¢ per CAD,ok,
2000-01-28,CHFGHS,Swiss Franc,Buying,"2,162.0786",GH¢ per CHF,0.21620786,GH¢ per CHF,ok,
2000-01-28,CHFGHS,Swiss Franc,Selling,"2,224.8338",GH¢ per CHF,0.22248338,GH¢ per CHF,ok,
2000-01-28,CHFGHS,Swiss Franc,Mid Rate,"2,193.4562",GH¢ per CHF,0.21934562,GH¢ per CHF,ok,
2000-01-28,DKKGHS,Danish Krone,Buying,468.2958,GH¢ per DKK,0.04682958,GH¢ per DKK,ok,
2000-01-28,DKKGHS,Danish Krone,Selling,481.9233,GH¢ per DKK,0.04819233,GH¢ per DKK,ok,
2000-01-28,DKKGHS,Danish Krone,Mid Rate,475.1096,GH¢ per DKK,0.04751096,GH¢ per DKK,ok,
2000-01-28,GBPGHS,Pound Sterling,Buying,"5,764.5339",GH¢ per GBP,0.57645339,GH¢ per GBP,ok,
2000-01-28,GBPGHS,Pound Sterling,Selling,"5,936.5240",GH¢ per GBP,0.5936524,GH¢ per GBP,ok,
2000-01-28,GBPGHS,Pound Sterling,Mid Rate,"5,850.5290",GH¢ per GBP,0.5850529,GH¢ per GBP,ok,
2000-01-28,JPYGHS,Japanese yen,Buying,33.7206,GH¢ per JPY,0.00337206,GH¢ per JPY,ok,
2000-01-28,JPYGHS,Japanese yen,Selling,34.7023,GH¢ per JPY,0.00347023,GH¢ per JPY,ok,
2000-01-28,JPYGHS,Japanese yen,Mid Rate,34.2115,GH¢ per JPY,0.00342115,GH¢ per JPY,ok,
2000-01-28,NOKGHS,Norwegian Krone,Buying,433.6323,GH¢ per NOK,0.04336323,GH¢ per NOK,ok,
2000-01-28,NOKGHS,Norwegian Krone,Selling,445.9394,GH¢ per NOK,0.04459394,GH¢ per NOK,ok,
2000-01-28,NOKGHS,Norwegian Krone,Mid Rate,439.7859,GH¢ per NOK,0.04397859,GH¢ per NOK,ok,
2000-01-28,SEKGHS,Swedish Krona,Buying,409.6486,GH¢ per SEK,0.04096486,GH¢ per SEK,ok,
2000-01-28,SEKGHS,Swedish Krona,Selling,421.3050,GH¢ per SEK,0.0421305,GH¢ per SEK,ok,
2000-01-28,SEKGHS,Swedish Krona,Mid Rate,415.4768,GH¢ per SEK,0.04154768,GH¢ per SEK,ok,
2000-01-31,USDGHS,US Dollar,Buying,"3,536.0900",GH¢ per USD,0.353609,GH¢ per USD,ok,
2000-01-31,USDGHS,US Dollar,Selling,"3,639.3600",GH¢ per USD,0.363936,GH¢ per USD,ok,
2000-01-31,USDGHS,US Dollar,Mid Rate,"3,587.7250",GH¢ per USD,0.3587725,GH¢ per USD,ok,
2000-01-31,AUDGHS,Australian Dollar,Buying,251.9780,GH¢ per AUD,0.0251978,GH¢ per AUD,ok,
2000-01-31,AUDGHS,Australian Dollar,Selling,"2,316.7232",GH¢ per AUD,0.23167232,GH¢ per AUD,ok,
2000-01-31,AUDGHS,Australian Dollar,Mid Rate,"1,284.3506",GH¢ per AUD,0.12843506,GH¢ per AUD,ok,
2000-01-31,CADGHS,Canadian Dollar,Buying,"2,445.3738",GH¢ per CAD,0.24453738,GH¢ per CAD,ok,
2000-01-31,CADGHS,Canadian Dollar,Selling,"2,514.6838",GH¢ per CAD,0.25146838,GH¢ per CAD,ok,
2000-01-31,CADGHS,Canadian Dollar,Mid Rate,"2,480.0288",GH¢ per CAD,0.24800288,GH¢ per CAD,ok,
2000-01-31,CHFGHS,Swiss Franc,Buying,"2,153.4409",GH¢ per CHF,0.21534409,GH¢ per CHF,ok,
2000-01-31,CHFGHS,Swiss Franc,Selling,"2,214.6636",GH¢ per CHF,0.22146636,GH¢ per CHF,ok,
2000-01-31,CHFGHS,Swiss Franc,Mid Rate,"2,184.0523",GH¢ per CHF,0.21840523,GH¢ per CHF,ok,
2000-01-31,DKKGHS,Danish Krone,Buying,465.9594,GH¢ per DKK,0.04659594,GH¢ per DKK,ok,
2000-01-31,DKKGHS,Danish Krone,Selling,479.2555,GH¢ per DKK,0.04792555,GH¢ per DKK,ok,
2000-01-31,DKKGHS,Danish Krone,Mid Rate,472.6075,GH¢ per DKK,0.04726075,GH¢ per DKK,ok,
2000-01-31,GBPGHS,Pound Sterling,Buying,"5,739.7813",GH¢ per GBP,0.57397813,GH¢ per GBP,ok,
2000-01-31,GBPGHS,Pound Sterling,Selling,"5,908.5010",GH¢ per GBP,0.5908501,GH¢ per GBP,ok,
2000-01-31,GBPGHS,Pound Sterling,Mid Rate,"5,824.1412",GH¢ per GBP,0.58241412,GH¢ per GBP,ok,
2000-01-31,JPYGHS,Japanese yen,Buying,33.1320,GH¢ per JPY,0.0033132,GH¢ per JPY,ok,
2000-01-31,JPYGHS,Japanese yen,Selling,34.0823,GH¢ per JPY,0.00340823,GH¢ per JPY,ok,
2000-01-31,JPYGHS,Japanese yen,Mid Rate,33.6072,GH¢ per JPY,0.00336072,GH¢ per JPY,ok,
2000-01-31,NOKGHS,Norwegian Krone,Buying,429.4251,GH¢ per NOK,0.04294251,GH¢ per NOK,ok,
2000-01-31,NOKGHS,Norwegian Krone,Selling,441.6448,GH¢ per NOK,0.04416448,GH¢ per NOK,ok,
2000-01-31,NOKGHS,Norwegian Krone,Mid Rate,435.5350,GH¢ per NOK,0.0435535,GH¢ per NOK,ok,
2000-01-31,SEKGHS,Swedish Krona,Buying,404.0392,GH¢ per SEK,0.04040392,GH¢ per SEK,ok,
2000-01-31,SEKGHS,Swedish Krona,Selling,415.3136,GH¢ per SEK,0.04153136,GH¢ per SEK,ok,
2000-01-31,SEKGHS,Swedish Krona,Mid Rate,409.6764,GH¢ per SEK,0.04096764,GH¢ per SEK,ok,
2000-02-01,USDGHS,US Dollar,Buying,"3,552.1800",GH¢ per USD,0.355218,GH¢ per USD,ok,
2000-02-01,USDGHS,US Dollar,Selling,"3,655.3600",GH¢ per USD,0.365536,GH¢ per USD,ok,
2000-02-01,USDGHS,US Dollar,Mid Rate,"3,603.7700",GH¢ per USD,0.360377,GH¢ per USD,ok,
2000-02-01,AUDGHS,Australian Dollar,Buying,249.8349,GH¢ per AUD,0.02498349,GH¢ per AUD,ok,
2000-02-01,AUDGHS,Australian Dollar,Selling,"2,327.2669",GH¢ per AUD,0.23272669,GH¢ per AUD,ok,
2000-02-01,AUDGHS,Australian Dollar,Mid Rate,"1,288.5509",GH¢ per AUD,0.12885509,GH¢ per AUD,ok,
2000-02-01,CADGHS,Canadian Dollar,Buying,"2,453.7196",GH¢ per CAD,0.24537196,GH¢ per CAD,ok,
2000-02-01,CADGHS,Canadian Dollar,Selling,"2,523.1951",GH¢ per CAD,0.25231951,GH¢ per CAD,ok,
2000-02-01,CADGHS,Canadian Dollar,Mid Rate,"2,488.4574",GH¢ per CAD,0.24884574,GH¢ per CAD,ok,
2000-02-01,CHFGHS,Swiss Franc,Buying,"2,138.1669",GH¢ per CHF,0.21381669,GH¢ per CHF,ok,
2000-02-01,CHFGHS,Swiss Franc,Selling,"2,198.4702",GH¢ per CHF,0.21984702,GH¢ per CHF,ok,
2000-02-01,CHFGHS,Swiss Franc,Mid Rate,"2,168.3186",GH¢ per CHF,0.21683186,GH¢ per CHF,ok,
2000-02-01,DKKGHS,Danish Krone,Buying,462.0415,GH¢ per DKK,0.04620415,GH¢ per DKK,ok,
2000-02-01,DKKGHS,Danish Krone,Selling,475.3401,GH¢ per DKK,0.04753401,GH¢ per DKK,ok,
2000-02-01,DKKGHS,Danish Krone,Mid Rate,468.6908,GH¢ per DKK,0.04686908,GH¢ per DKK,ok,
2000-02-01,GBPGHS,Pound Sterling,Buying,"5,736.0603",GH¢ per GBP,0.57360603,GH¢ per GBP,ok,
2000-02-01,GBPGHS,Pound Sterling,Selling,"5,903.7719",GH¢ per GBP,0.59037719,GH¢ per GBP,ok,
2000-02-01,GBPGHS,Pound Sterling,Mid Rate,"5,819.9161",GH¢ per GBP,0.58199161,GH¢ per GBP,ok,
2000-02-01,JPYGHS,Japanese yen,Buying,33.0933,GH¢ per JPY,0.00330933,GH¢ per JPY,ok,
2000-02-01,JPYGHS,Japanese yen,Selling,34.0373,GH¢ per JPY,0.00340373,GH¢ per JPY,ok,
2000-02-01,JPYGHS,Japanese yen,Mid Rate,33.5653,GH¢ per JPY,0.00335653,GH¢ per JPY,ok,
2000-02-01,NOKGHS,Norwegian Krone,Buying,425.9187,GH¢ per NOK,0.04259187,GH¢ per NOK,ok,
2000-02-01,NOKGHS,Norwegian Krone,Selling,437.8938,GH¢ per NOK,0.04378938,GH¢ per NOK,ok,
2000-02-01,NOKGHS,Norwegian Krone,Mid Rate,431.9063,GH¢ per NOK,0.04319063,GH¢ per NOK,ok,
2000-02-01,SEKGHS,Swedish Krona,Buying,400.6244,GH¢ per SEK,0.04006244,GH¢ per SEK,ok,
2000-02-01,SEKGHS,Swedish Krona,Selling,411.6709,GH¢ per SEK,0.04116709,GH¢ per SEK,ok,
2000-02-01,SEKGHS,Swedish Krona,Mid Rate,406.1477,GH¢ per SEK,0.04061477,GH¢ per SEK,ok,
2000-02-02,USDGHS,US Dollar,Buying,"3,557.4500",GH¢ per USD,0.355745,GH¢ per USD,ok,
2000-02-02,USDGHS,US Dollar,Selling,"3,660.0000",GH¢ per USD,0.366,GH¢ per USD,ok,
2000-02-02,USDGHS,US Dollar,Mid Rate,"3,608.7250",GH¢ per USD,0.3608725,GH¢ per USD,ok,
2000-02-02,AUDGHS,Australian Dollar,Buying,251.5553,GH¢ per AUD,0.02515553,GH¢ per AUD,ok,
2000-02-02,AUDGHS,Australian Dollar,Selling,"2,337.6933",GH¢ per AUD,0.23376933,GH¢ per AUD,ok,
2000-02-02,AUDGHS,Australian Dollar,Mid Rate,"1,294.6243",GH¢ per AUD,0.12946243,GH¢ per AUD,ok,
2000-02-02,CADGHS,Canadian Dollar,Buying,"2,452.7369",GH¢ per CAD,0.24527369,GH¢ per CAD,ok,
2000-02-02,CADGHS,Canadian Dollar,Selling,"2,520.8434",GH¢ per CAD,0.25208434,GH¢ per CAD,ok,
2000-02-02,CADGHS,Canadian Dollar,Mid Rate,"2,486.7902",GH¢ per CAD,0.24867902,GH¢ per CAD,ok,
2000-02-02,CHFGHS,Swiss Franc,Buying,"2,150.0764",GH¢ per CHF,0.21500764,GH¢ per CHF,ok,
2000-02-02,CHFGHS,Swiss Franc,Selling,"2,210.0105",GH¢ per CHF,0.22100105,GH¢ per CHF,ok,
2000-02-02,CHFGHS,Swiss Franc,Mid Rate,"2,180.0435",GH¢ per CHF,0.21800435,GH¢ per CHF,ok,
2000-02-02,DKKGHS,Danish Krone,Buying,465.0162,GH¢ per DKK,0.04650162,GH¢ per DKK,ok,
2000-02-02,DKKGHS,Danish Krone,Selling,477.9611,GH¢ per DKK,0.04779611,GH¢ per DKK,ok,
2000-02-02,DKKGHS,Danish Krone,Mid Rate,471.4887,GH¢ per DKK,0.04714887,GH¢ per DKK,ok,
2000-02-02,GBPGHS,Pound Sterling,Buying,"5,734.2537",GH¢ per GBP,0.57342537,GH¢ per GBP,ok,
2000-02-02,GBPGHS,Pound Sterling,Selling,"5,900.2860",GH¢ per GBP,0.5900286,GH¢ per GBP,ok,
2000-02-02,GBPGHS,Pound Sterling,Mid Rate,"5,817.2699",GH¢ per GBP,0.58172699,GH¢ per GBP,ok,
2000-02-02,JPYGHS,Japanese yen,Buying,32.8404,GH¢ per JPY,0.00328404,GH¢ per JPY,ok,
2000-02-02,JPYGHS,Japanese yen,Selling,33.7680,GH¢ per JPY,0.0033768,GH¢ per JPY,ok,
2000-02-02,JPYGHS,Japanese yen,Mid Rate,33.3042,GH¢ per JPY,0.00333042,GH¢ per JPY,ok,
2000-02-02,NOKGHS,Norwegian Krone,Buying,430.1120,GH¢ per NOK,0.0430112,GH¢ per NOK,ok,
2000-02-02,NOKGHS,Norwegian Krone,Selling,441.9988,GH¢ per NOK,0.04419988,GH¢ per NOK,ok,
2000-02-02,NOKGHS,Norwegian Krone,Mid Rate,436.0554,GH¢ per NOK,0.04360554,GH¢ per NOK,ok,
2000-02-02,SEKGHS,Swedish Krona,Buying,405.2362,GH¢ per SEK,0.04052362,GH¢ per SEK,ok,
2000-02-02,SEKGHS,Swedish Krona,Selling,416.3282,GH¢ per SEK,0.04163282,GH¢ per SEK,ok,
2000-02-02,SEKGHS,Swedish Krona,Mid Rate,410.7822,GH¢ per SEK,0.04107822,GH¢ per SEK,ok,
2000-02-03,USDGHS,US Dollar,Buying,"3,558.8200",GH¢ per USD,0.355882,GH¢ per USD,ok,
2000-02-03,USDGHS,US Dollar,Selling,"3,661.3600",GH¢ per USD,0.366136,GH¢ per USD,ok,
2000-02-03,USDGHS,US Dollar,Mid Rate,"3,610.0900",GH¢ per USD,0.361009,GH¢ per USD,ok,
2000-02-03,AUDGHS,Australian Dollar,Buying,251.9871,GH¢ per AUD,0.02519871,GH¢ per AUD,ok,
2000-02-03,AUDGHS,Australian Dollar,Selling,"2,314.6332",GH¢ per AUD,0.23146332,GH¢ per AUD,ok,
2000-02-03,AUDGHS,Australian Dollar,Mid Rate,"1,283.3102",GH¢ per AUD,0.12833102,GH¢ per AUD,ok,
2000-02-03,CADGHS,Canadian Dollar,Buying,"2,470.9489",GH¢ per CAD,0.24709489,GH¢ per CAD,ok,
2000-02-03,CADGHS,Canadian Dollar,Selling,"2,541.4314",GH¢ per CAD,0.25414314,GH¢ per CAD,ok,
2000-02-03,CADGHS,Canadian Dollar,Mid Rate,"2,506.1902",GH¢ per CAD,0.25061902,GH¢ per CAD,ok,
2000-02-03,CHFGHS,Swiss Franc,Buying,"2,151.4794",GH¢ per CHF,0.21514794,GH¢ per CHF,ok,
2000-02-03,CHFGHS,Swiss Franc,Selling,"2,213.1556",GH¢ per CHF,0.22131556,GH¢ per CHF,ok,
2000-02-03,CHFGHS,Swiss Franc,Mid Rate,"2,182.3175",GH¢ per CHF,0.21823175,GH¢ per CHF,ok,
2000-02-03,DKKGHS,Danish Krone,Buying,465.8809,GH¢ per DKK,0.04658809,GH¢ per DKK,ok,
2000-02-03,DKKGHS,Danish Krone,Selling,479.3869,GH¢ per DKK,0.04793869,GH¢ per DKK,ok,
2000-02-03,DKKGHS,Danish Krone,Mid Rate,472.6339,GH¢ per DKK,0.04726339,GH¢ per DKK,ok,
2000-02-03,GBPGHS,Pound Sterling,Buying,"5,704.4326",GH¢ per GBP,0.57044326,GH¢ per GBP,ok,
2000-02-03,GBPGHS,Pound Sterling,Selling,"5,871.7230",GH¢ per GBP,0.5871723,GH¢ per GBP,ok,
2000-02-03,GBPGHS,Pound Sterling,Mid Rate,"5,788.0778",GH¢ per GBP,0.57880778,GH¢ per GBP,ok,
2000-02-03,JPYGHS,Japanese yen,Buying,32.9450,GH¢ per JPY,0.0032945,GH¢ per JPY,ok,
2000-02-03,JPYGHS,Japanese yen,Selling,33.8877,GH¢ per JPY,0.00338877,GH¢ per JPY,ok,
2000-02-03,JPYGHS,Japanese yen,Mid Rate,33.4164,GH¢ per JPY,0.00334164,GH¢ per JPY,ok,
2000-02-03,NOKGHS,Norwegian Krone,Buying,432.3407,GH¢ per NOK,0.04323407,GH¢ per NOK,ok,
2000-02-03,NOKGHS,Norwegian Krone,Selling,444.7197,GH¢ per NOK,0.04447197,GH¢ per NOK,ok,
2000-02-03,NOKGHS,Norwegian Krone,Mid Rate,438.5302,GH¢ per NOK,0.04385302,GH¢ per NOK,ok,
2000-02-03,SEKGHS,Swedish Krona,Buying,408.6036,GH¢ per SEK,0.04086036,GH¢ per SEK,ok,
2000-02-03,SEKGHS,Swedish Krona,Selling,420.0929,GH¢ per SEK,0.04200929,GH¢ per SEK,ok,
2000-02-03,SEKGHS,Swedish Krona,Mid Rate,414.3483,GH¢ per SEK,0.04143483,GH¢ per SEK,ok,
2000-02-04,USDGHS,US Dollar,Buying,"3,567.1800",GH¢ per USD,0.356718,GH¢ per USD,ok,
2000-02-04,USDGHS,US Dollar,Selling,"3,668.3600",GH¢ per USD,0.366836,GH¢ per USD,ok,
2000-02-04,USDGHS,US Dollar,Mid Rate,"3,617.7700",GH¢ per USD,0.361777,GH¢ per USD,ok,
2000-02-04,AUDGHS,Australian Dollar,Buying,257.0105,GH¢ per AUD,0.02570105,GH¢ per AUD,ok,
2000-02-04,AUDGHS,Australian Dollar,Selling,"2,326.3740",GH¢ per AUD,0.2326374,GH¢ per AUD,ok,
2000-02-04,AUDGHS,Australian Dollar,Mid Rate,"1,291.6923",GH¢ per AUD,0.12916923,GH¢ per AUD,ok,
2000-02-04,CADGHS,Canadian Dollar,Buying,"2,474.0169",GH¢ per CAD,0.24740169,GH¢ per CAD,ok,
2000-02-04,CADGHS,Canadian Dollar,Selling,"2,541.8784",GH¢ per CAD,0.25418784,GH¢ per CAD,ok,
2000-02-04,CADGHS,Canadian Dollar,Mid Rate,"2,507.9477",GH¢ per CAD,0.25079477,GH¢ per CAD,ok,
2000-02-04,CHFGHS,Swiss Franc,Buying,"2,199.6368",GH¢ per CHF,0.21996368,GH¢ per CHF,ok,
2000-02-04,CHFGHS,Swiss Franc,Selling,"2,260.2224",GH¢ per CHF,0.22602224,GH¢ per CHF,ok,
2000-02-04,CHFGHS,Swiss Franc,Mid Rate,"2,229.9296",GH¢ per CHF,0.22299296,GH¢ per CHF,ok,
2000-02-04,DKKGHS,Danish Krone,Buying,475.0536,GH¢ per DKK,0.04750536,GH¢ per DKK,ok,
2000-02-04,DKKGHS,Danish Krone,Selling,488.1674,GH¢ per DKK,0.04881674,GH¢ per DKK,ok,
2000-02-04,DKKGHS,Danish Krone,Mid Rate,481.6105,GH¢ per DKK,0.04816105,GH¢ per DKK,ok,
2000-02-04,GBPGHS,Pound Sterling,Buying,"5,684.3013",GH¢ per GBP,0.56843013,GH¢ per GBP,ok,
2000-02-04,GBPGHS,Pound Sterling,Selling,"5,848.0995",GH¢ per GBP,0.58480995,GH¢ per GBP,ok,
2000-02-04,GBPGHS,Pound Sterling,Mid Rate,"5,766.2004",GH¢ per GBP,0.57662004,GH¢ per GBP,ok,
2000-02-04,JPYGHS,Japanese yen,Buying,33.2085,GH¢ per JPY,0.00332085,GH¢ per JPY,ok,
2000-02-04,JPYGHS,Japanese yen,Selling,34.1415,GH¢ per JPY,0.00341415,GH¢ per JPY,ok,
2000-02-04,JPYGHS,Japanese yen,Mid Rate,33.6750,GH¢ per JPY,0.0033675,GH¢ per JPY,ok,
2000-02-04,NOKGHS,Norwegian Krone,Buying,436.6427,GH¢ per NOK,0.04366427,GH¢ per NOK,ok,
2000-02-04,NOKGHS,Norwegian Krone,Selling,448.8077,GH¢ per NOK,0.04488077,GH¢ per NOK,ok,
2000-02-04,NOKGHS,Norwegian Krone,Mid Rate,442.7252,GH¢ per NOK,0.04427252,GH¢ per NOK,ok,
2000-02-04,SEKGHS,Swedish Krona,Buying,416.5514,GH¢ per SEK,0.04165514,GH¢ per SEK,ok,
2000-02-04,SEKGHS,Swedish Krona,Selling,427.7866,GH¢ per SEK,0.04277866,GH¢ per SEK,ok,
2000-02-04,SEKGHS,Swedish Krona,Mid Rate,422.1690,GH¢ per SEK,0.0422169,GH¢ per SEK,ok,
2000-02-07,USDGHS,US Dollar,Buying,"3,572.9100",GH¢ per USD,0.357291,GH¢ per USD,ok,
2000-02-07,USDGHS,US Dollar,Selling,"3,674.4500",GH¢ per USD,0.367445,GH¢ per USD,ok,
2000-02-07,USDGHS,US Dollar,Mid Rate,"3,623.6800",GH¢ per USD,0.362368,GH¢ per USD,ok,
2000-02-07,AUDGHS,Australian Dollar,Buying,255.2182,GH¢ per AUD,0.02552182,GH¢ per AUD,ok,
2000-02-07,AUDGHS,Australian Dollar,Selling,"2,349.5738",GH¢ per AUD,0.23495738,GH¢ per AUD,ok,
2000-02-07,AUDGHS,Australian Dollar,Mid Rate,"1,302.3960",GH¢ per AUD,0.1302396,GH¢ per AUD,ok,
2000-02-07,CADGHS,Canadian Dollar,Buying,"2,482.7667",GH¢ per CAD,0.24827667,GH¢ per CAD,ok,
2000-02-07,CADGHS,Canadian Dollar,Selling,"2,552.3681",GH¢ per CAD,0.25523681,GH¢ per CAD,ok,
2000-02-07,CADGHS,Canadian Dollar,Mid Rate,"2,517.5674",GH¢ per CAD,0.25175674,GH¢ per CAD,ok,
2000-02-07,CHFGHS,Swiss Franc,Buying,"2,186.1804",GH¢ per CHF,0.21861804,GH¢ per CHF,ok,
2000-02-07,CHFGHS,Swiss Franc,Selling,"2,247.6501",GH¢ per CHF,0.22476501,GH¢ per CHF,ok,
2000-02-07,CHFGHS,Swiss Franc,Mid Rate,"2,216.9153",GH¢ per CHF,0.22169153,GH¢ per CHF,ok,
2000-02-07,DKKGHS,Danish Krone,Buying,471.5834,GH¢ per DKK,0.04715834,GH¢ per DKK,ok,
2000-02-07,DKKGHS,Danish Krone,Selling,484.9445,GH¢ per DKK,0.04849445,GH¢ per DKK,ok,
2000-02-07,DKKGHS,Danish Krone,Mid Rate,478.2640,GH¢ per DKK,0.0478264,GH¢ per DKK,ok,
2000-02-07,GBPGHS,Pound Sterling,Buying,"5,695.2185",GH¢ per GBP,0.56952185,GH¢ per GBP,ok,
2000-02-07,GBPGHS,Pound Sterling,Selling,"5,860.7478",GH¢ per GBP,0.58607478,GH¢ per GBP,ok,
2000-02-07,GBPGHS,Pound Sterling,Mid Rate,"5,777.9832",GH¢ per GBP,0.57779832,GH¢ per GBP,ok,
2000-02-07,JPYGHS,Japanese yen,Buying,33.1445,GH¢ per JPY,0.00331445,GH¢ per JPY,ok,
2000-02-07,JPYGHS,Japanese yen,Selling,34.0840,GH¢ per JPY,0.0034084,GH¢ per JPY,ok,
2000-02-07,JPYGHS,Japanese yen,Mid Rate,33.6143,GH¢ per JPY,0.00336143,GH¢ per JPY,ok,
2000-02-07,NOKGHS,Norwegian Krone,Buying,435.2678,GH¢ per NOK,0.04352678,GH¢ per NOK,ok,
2000-02-07,NOKGHS,Norwegian Krone,Selling,447.5049,GH¢ per NOK,0.04475049,GH¢ per NOK,ok,
2000-02-07,NOKGHS,Norwegian Krone,Mid Rate,441.3864,GH¢ per NOK,0.04413864,GH¢ per NOK,ok,
2000-02-07,SEKGHS,Swedish Krona,Buying,415.0399,GH¢ per SEK,0.04150399,GH¢ per SEK,ok,
2000-02-07,SEKGHS,Swedish Krona,Selling,426.4719,GH¢ per SEK,0.04264719,GH¢ per SEK,ok,
2000-02-07,SEKGHS,Swedish Krona,Mid Rate,420.7559,GH¢ per SEK,0.04207559,GH¢ per SEK,ok,
2000-02-08,USDGHS,US Dollar,Buying,"3,577.0900",GH¢ per USD,0.357709,GH¢ per USD,ok,
2000-02-08,USDGHS,US Dollar,Selling,"3,678.1800",GH¢ per USD,0.367818,GH¢ per USD,ok,
2000-02-08,USDGHS,US Dollar,Mid Rate,"3,627.6350",GH¢ per USD,0.3627635,GH¢ per USD,ok,
2000-02-08,AUDGHS,Australian Dollar,Buying,255.7615,GH¢ per AUD,0.02557615,GH¢ per AUD,ok,
2000-02-08,AUDGHS,Australian Dollar,Selling,"2,341.6183",GH¢ per AUD,0.23416183,GH¢ per AUD,ok,
2000-02-08,AUDGHS,Australian Dollar,Mid Rate,"1,298.6899",GH¢ per AUD,0.12986899,GH¢ per AUD,ok,
2000-02-08,CADGHS,Canadian Dollar,Buying,"2,472.3461",GH¢ per CAD,0.24723461,GH¢ per CAD,ok,
2000-02-08,CADGHS,Canadian Dollar,Selling,"2,540.0160",GH¢ per CAD,0.2540016,GH¢ per CAD,ok,
2000-02-08,CADGHS,Canadian Dollar,Mid Rate,"2,506.1811",GH¢ per CAD,0.25061811,GH¢ per CAD,ok,
2000-02-08,CHFGHS,Swiss Franc,Buying,"2,191.3483",GH¢ per CHF,0.21913483,GH¢ per CHF,ok,
2000-02-08,CHFGHS,Swiss Franc,Selling,"2,252.0959",GH¢ per CHF,0.22520959,GH¢ per CHF,ok,
2000-02-08,CHFGHS,Swiss Franc,Mid Rate,"2,221.7221",GH¢ per CHF,0.22217221,GH¢ per CHF,ok,
2000-02-08,DKKGHS,Danish Krone,Buying,472.8473,GH¢ per DKK,0.04728473,GH¢ per DKK,ok,
2000-02-08,DKKGHS,Danish Krone,Selling,485.9905,GH¢ per DKK,0.04859905,GH¢ per DKK,ok,
2000-02-08,DKKGHS,Danish Krone,Mid Rate,479.4189,GH¢ per DKK,0.04794189,GH¢ per DKK,ok,
2000-02-08,GBPGHS,Pound Sterling,Buying,"5,739.7986",GH¢ per GBP,0.57397986,GH¢ per GBP,ok,
2000-02-08,GBPGHS,Pound Sterling,Selling,"5,902.7433",GH¢ per GBP,0.59027433,GH¢ per GBP,ok,
2000-02-08,GBPGHS,Pound Sterling,Mid Rate,"5,821.2710",GH¢ per GBP,0.5821271,GH¢ per GBP,ok,
2000-02-08,JPYGHS,Japanese yen,Buying,32.7483,GH¢ per JPY,0.00327483,GH¢ per JPY,ok,
2000-02-08,JPYGHS,Japanese yen,Selling,33.6550,GH¢ per JPY,0.0033655,GH¢ per JPY,ok,
2000-02-08,JPYGHS,Japanese yen,Mid Rate,33.2017,GH¢ per JPY,0.00332017,GH¢ per JPY,ok,
2000-02-08,NOKGHS,Norwegian Krone,Buying,436.1516,GH¢ per NOK,0.04361516,GH¢ per NOK,ok,
2000-02-08,NOKGHS,Norwegian Krone,Selling,448.1213,GH¢ per NOK,0.04481213,GH¢ per NOK,ok,
2000-02-08,NOKGHS,Norwegian Krone,Mid Rate,442.1365,GH¢ per NOK,0.04421365,GH¢ per NOK,ok,
2000-02-08,SEKGHS,Swedish Krona,Buying,415.0012,GH¢ per SEK,0.04150012,GH¢ per SEK,ok,
2000-02-08,SEKGHS,Swedish Krona,Selling,426.1539,GH¢ per SEK,0.04261539,GH¢ per SEK,ok,
2000-02-08,SEKGHS,Swedish Krona,Mid Rate,420.5776,GH¢ per SEK,0.04205776,GH¢ per SEK,ok,
2000-02-09,USDGHS,US Dollar,Buying,"3,581.0900",GH¢ per USD,0.358109,GH¢ per USD,ok,
2000-02-09,USDGHS,US Dollar,Selling,"3,682.1800",GH¢ per USD,0.368218,GH¢ per USD,ok,
2000-02-09,USDGHS,US Dollar,Mid Rate,"3,631.6350",GH¢ per USD,0.3631635,GH¢ per USD,ok,
2000-02-09,AUDGHS,Australian Dollar,Buying,258.5267,GH¢ per AUD,0.02585267,GH¢ per AUD,ok,
2000-02-09,AUDGHS,Australian Dollar,Selling,"2,331.9359",GH¢ per AUD,0.23319359,GH¢ per AUD,ok,
2000-02-09,AUDGHS,Australian Dollar,Mid Rate,"1,295.2313",GH¢ per AUD,0.12952313,GH¢ per AUD,ok,
2000-02-09,CADGHS,Canadian Dollar,Buying,"2,476.6761",GH¢ per CAD,0.24766761,GH¢ per CAD,ok,
2000-02-09,CADGHS,Canadian Dollar,Selling,"2,544.5421",GH¢ per CAD,0.25445421,GH¢ per CAD,ok,
2000-02-09,CADGHS,Canadian Dollar,Mid Rate,"2,510.6091",GH¢ per CAD,0.25106091,GH¢ per CAD,ok,
2000-02-09,CHFGHS,Swiss Franc,Buying,"2,210.8134",GH¢ per CHF,0.22108134,GH¢ per CHF,ok,
2000-02-09,CHFGHS,Swiss Franc,Selling,"2,272.2741",GH¢ per CHF,0.22722741,GH¢ per CHF,ok,
2000-02-09,CHFGHS,Swiss Franc,Mid Rate,"2,241.5438",GH¢ per CHF,0.22415438,GH¢ per CHF,ok,
2000-02-09,DKKGHS,Danish Krone,Buying,477.8224,GH¢ per DKK,0.04778224,GH¢ per DKK,ok,
2000-02-09,DKKGHS,Danish Krone,Selling,491.0527,GH¢ per DKK,0.04910527,GH¢ per DKK,ok,
2000-02-09,DKKGHS,Danish Krone,Mid Rate,484.4376,GH¢ per DKK,0.04844376,GH¢ per DKK,ok,
2000-02-09,GBPGHS,Pound Sterling,Buying,"5,774.8657",GH¢ per GBP,0.57748657,GH¢ per GBP,ok,
2000-02-09,GBPGHS,Pound Sterling,Selling,"5,939.7246",GH¢ per GBP,0.59397246,GH¢ per GBP,ok,
2000-02-09,GBPGHS,Pound Sterling,Mid Rate,"5,857.2952",GH¢ per GBP,0.58572952,GH¢ per GBP,ok,
2000-02-09,JPYGHS,Japanese yen,Buying,32.9334,GH¢ per JPY,0.00329334,GH¢ per JPY,ok,
2000-02-09,JPYGHS,Japanese yen,Selling,33.8504,GH¢ per JPY,0.00338504,GH¢ per JPY,ok,
2000-02-09,JPYGHS,Japanese yen,Mid Rate,33.3919,GH¢ per JPY,0.00333919,GH¢ per JPY,ok,
2000-02-09,NOKGHS,Norwegian Krone,Buying,439.6950,GH¢ per NOK,0.0439695,GH¢ per NOK,ok,
2000-02-09,NOKGHS,Norwegian Krone,Selling,451.7725,GH¢ per NOK,0.04517725,GH¢ per NOK,ok,
2000-02-09,NOKGHS,Norwegian Krone,Mid Rate,445.7338,GH¢ per NOK,0.04457338,GH¢ per NOK,ok,
2000-02-09,SEKGHS,Swedish Krona,Buying,419.1641,GH¢ per SEK,0.04191641,GH¢ per SEK,ok,
2000-02-09,SEKGHS,Swedish Krona,Selling,430.4398,GH¢ per SEK,0.04304398,GH¢ per SEK,ok,
2000-02-09,SEKGHS,Swedish Krona,Mid Rate,424.8020,GH¢ per SEK,0.0424802,GH¢ per SEK,ok,
2000-02-10,USDGHS,US Dollar,Buying,"3,588.8200",GH¢ per USD,0.358882,GH¢ per USD,ok,
2000-02-10,USDGHS,US Dollar,Selling,"3,691.6400",GH¢ per USD,0.369164,GH¢ per USD,ok,
2000-02-10,USDGHS,US Dollar,Mid Rate,"3,640.2300",GH¢ per USD,0.364023,GH¢ per USD,ok,
2000-02-10,AUDGHS,Australian Dollar,Buying,258.9175,GH¢ per AUD,0.02589175,GH¢ per AUD,ok,
2000-02-10,AUDGHS,Australian Dollar,Selling,"2,339.7134",GH¢ per AUD,0.23397134,GH¢ per AUD,ok,
2000-02-10,AUDGHS,Australian Dollar,Mid Rate,"1,299.3155",GH¢ per AUD,0.12993155,GH¢ per AUD,ok,
2000-02-10,CADGHS,Canadian Dollar,Buying,"2,484.0346",GH¢ per CAD,0.24840346,GH¢ per CAD,ok,
2000-02-10,CADGHS,Canadian Dollar,Selling,"2,552.3915",GH¢ per CAD,0.25523915,GH¢ per CAD,ok,
2000-02-10,CADGHS,Canadian Dollar,Mid Rate,"2,518.2131",GH¢ per CAD,0.25182131,GH¢ per CAD,ok,
2000-02-10,CHFGHS,Swiss Franc,Buying,"2,217.6433",GH¢ per CHF,0.22176433,GH¢ per CHF,ok,
2000-02-10,CHFGHS,Swiss Franc,Selling,"2,278.8093",GH¢ per CHF,0.22788093,GH¢ per CHF,ok,
2000-02-10,CHFGHS,Swiss Franc,Mid Rate,"2,248.2263",GH¢ per CHF,0.22482263,GH¢ per CHF,ok,
2000-02-10,DKKGHS,Danish Krone,Buying,478.5331,GH¢ per DKK,0.04785331,GH¢ per DKK,ok,
2000-02-10,DKKGHS,Danish Krone,Selling,491.7655,GH¢ per DKK,0.04917655,GH¢ per DKK,ok,
2000-02-10,DKKGHS,Danish Krone,Mid Rate,485.1493,GH¢ per DKK,0.04851493,GH¢ per DKK,ok,
2000-02-10,GBPGHS,Pound Sterling,Buying,"5,788.0489",GH¢ per GBP,0.57880489,GH¢ per GBP,ok,
2000-02-10,GBPGHS,Pound Sterling,Selling,"5,954.9845",GH¢ per GBP,0.59549845,GH¢ per GBP,ok,
2000-02-10,GBPGHS,Pound Sterling,Mid Rate,"5,871.5167",GH¢ per GBP,0.58715167,GH¢ per GBP,ok,
2000-02-10,JPYGHS,Japanese yen,Buying,33.0632,GH¢ per JPY,0.00330632,GH¢ per JPY,ok,
2000-02-10,JPYGHS,Japanese yen,Selling,33.9935,GH¢ per JPY,0.00339935,GH¢ per JPY,ok,
2000-02-10,JPYGHS,Japanese yen,Mid Rate,33.5284,GH¢ per JPY,0.00335284,GH¢ per JPY,ok,
2000-02-10,NOKGHS,Norwegian Krone,Buying,440.3467,GH¢ per NOK,0.04403467,GH¢ per NOK,ok,
2000-02-10,NOKGHS,Norwegian Krone,Selling,452.4892,GH¢ per NOK,0.04524892,GH¢ per NOK,ok,
2000-02-10,NOKGHS,Norwegian Krone,Mid Rate,446.4180,GH¢ per NOK,0.0446418,GH¢ per NOK,ok,
2000-02-10,SEKGHS,Swedish Krona,Buying,420.1454,GH¢ per SEK,0.04201454,GH¢ per SEK,ok,
2000-02-10,SEKGHS,Swedish Krona,Selling,431.4894,GH¢ per SEK,0.04314894,GH¢ per SEK,ok,
2000-02-10,SEKGHS,Swedish Krona,Mid Rate,425.8174,GH¢ per SEK,0.04258174,GH¢ per SEK,ok,
2000-02-11,USDGHS,US Dollar,Buying,"3,589.4500",GH¢ per USD,0.358945,GH¢ per USD,ok,
2000-02-11,USDGHS,US Dollar,Selling,"3,694.3600",GH¢ per USD,0.369436,GH¢ per USD,ok,
2000-02-11,USDGHS,US Dollar,Mid Rate,"3,641.9050",GH¢ per USD,0.3641905,GH¢ per USD,ok,
2000-02-11,AUDGHS,Australian Dollar,Buying,257.3850,GH¢ per AUD,0.0257385,GH¢ per AUD,ok,
2000-02-11,AUDGHS,Australian Dollar,Selling,"2,332.5698",GH¢ per AUD,0.23325698,GH¢ per AUD,ok,
2000-02-11,AUDGHS,Australian Dollar,Mid Rate,"1,294.9774",GH¢ per AUD,0.12949774,GH¢ per AUD,ok,
2000-02-11,CADGHS,Canadian Dollar,Buying,"2,477.5888",GH¢ per CAD,0.24775888,GH¢ per CAD,ok,
2000-02-11,CADGHS,Canadian Dollar,Selling,"2,548.7421",GH¢ per CAD,0.25487421,GH¢ per CAD,ok,
2000-02-11,CADGHS,Canadian Dollar,Mid Rate,"2,513.1655",GH¢ per CAD,0.25131655,GH¢ per CAD,ok,
2000-02-11,CHFGHS,Swiss Franc,Buying,"2,206.2722",GH¢ per CHF,0.22062722,GH¢ per CHF,ok,
2000-02-11,CHFGHS,Swiss Franc,Selling,"2,269.8243",GH¢ per CHF,0.22698243,GH¢ per CHF,ok,
2000-02-11,CHFGHS,Swiss Franc,Mid Rate,"2,238.0483",GH¢ per CHF,0.22380483,GH¢ per CHF,ok,
2000-02-11,DKKGHS,Danish Krone,Buying,475.8052,GH¢ per DKK,0.04758052,GH¢ per DKK,ok,
2000-02-11,DKKGHS,Danish Krone,Selling,489.5439,GH¢ per DKK,0.04895439,GH¢ per DKK,ok,
2000-02-11,DKKGHS,Danish Krone,Mid Rate,482.6746,GH¢ per DKK,0.04826746,GH¢ per DKK,ok,
2000-02-11,GBPGHS,Pound Sterling,Buying,"5,766.0925",GH¢ per GBP,0.57660925,GH¢ per GBP,ok,
2000-02-11,GBPGHS,Pound Sterling,Selling,"5,938.3143",GH¢ per GBP,0.59383143,GH¢ per GBP,ok,
2000-02-11,GBPGHS,Pound Sterling,Mid Rate,"5,852.2034",GH¢ per GBP,0.58522034,GH¢ per GBP,ok,
2000-02-11,JPYGHS,Japanese yen,Buying,32.8665,GH¢ per JPY,0.00328665,GH¢ per JPY,ok,
2000-02-11,JPYGHS,Japanese yen,Selling,33.8250,GH¢ per JPY,0.0033825,GH¢ per JPY,ok,
2000-02-11,JPYGHS,Japanese yen,Mid Rate,33.3458,GH¢ per JPY,0.00333458,GH¢ per JPY,ok,
2000-02-11,NOKGHS,Norwegian Krone,Buying,440.5296,GH¢ per NOK,0.04405296,GH¢ per NOK,ok,
2000-02-11,NOKGHS,Norwegian Krone,Selling,452.9330,GH¢ per NOK,0.0452933,GH¢ per NOK,ok,
2000-02-11,NOKGHS,Norwegian Krone,Mid Rate,446.7313,GH¢ per NOK,0.04467313,GH¢ per NOK,ok,
2000-02-11,SEKGHS,Swedish Krona,Buying,419.0352,GH¢ per SEK,0.04190352,GH¢ per SEK,ok,
2000-02-11,SEKGHS,Swedish Krona,Selling,430.7777,GH¢ per SEK,0.04307777,GH¢ per SEK,ok,
2000-02-11,SEKGHS,Swedish Krona,Mid Rate,424.9065,GH¢ per SEK,0.04249065,GH¢ per SEK,ok,
2000-02-14,USDGHS,US Dollar,Buying,"3,592.1800",GH¢ per USD,0.359218,GH¢ per USD,ok,
2000-02-14,USDGHS,US Dollar,Selling,"3,697.1800",GH¢ per USD,0.369718,GH¢ per USD,ok,
2000-02-14,USDGHS,US Dollar,Mid Rate,"3,644.6800",GH¢ per USD,0.364468,GH¢ per USD,ok,
2000-02-14,AUDGHS,Australian Dollar,Buying,257.7392,GH¢ per AUD,0.02577392,GH¢ per AUD,ok,
2000-02-14,AUDGHS,Australian Dollar,Selling,"2,338.3079",GH¢ per AUD,0.23383079,GH¢ per AUD,ok,
2000-02-14,AUDGHS,Australian Dollar,Mid Rate,"1,298.0236",GH¢ per AUD,0.12980236,GH¢ per AUD,ok,
2000-02-14,CADGHS,Canadian Dollar,Buying,"2,477.4138",GH¢ per CAD,0.24774138,GH¢ per CAD,ok,
2000-02-14,CADGHS,Canadian Dollar,Selling,"2,548.8922",GH¢ per CAD,0.25488922,GH¢ per CAD,ok,
2000-02-14,CADGHS,Canadian Dollar,Mid Rate,"2,513.1530",GH¢ per CAD,0.2513153,GH¢ per CAD,ok,
2000-02-14,CHFGHS,Swiss Franc,Buying,"2,208.9628",GH¢ per CHF,0.22089628,GH¢ per CHF,ok,
2000-02-14,CHFGHS,Swiss Franc,Selling,"2,272.1525",GH¢ per CHF,0.22721525,GH¢ per CHF,ok,
2000-02-14,CHFGHS,Swiss Franc,Mid Rate,"2,240.5577",GH¢ per CHF,0.22405577,GH¢ per CHF,ok,
2000-02-14,DKKGHS,Danish Krone,Buying,476.1001,GH¢ per DKK,0.04761001,GH¢ per DKK,ok,
2000-02-14,DKKGHS,Danish Krone,Selling,489.8231,GH¢ per DKK,0.04898231,GH¢ per DKK,ok,
2000-02-14,DKKGHS,Danish Krone,Mid Rate,482.9616,GH¢ per DKK,0.04829616,GH¢ per DKK,ok,
2000-02-14,GBPGHS,Pound Sterling,Buying,"5,726.2941",GH¢ per GBP,0.57262941,GH¢ per GBP,ok,
2000-02-14,GBPGHS,Pound Sterling,Selling,"5,897.3718",GH¢ per GBP,0.58973718,GH¢ per GBP,ok,
2000-02-14,GBPGHS,Pound Sterling,Mid Rate,"5,811.8330",GH¢ per GBP,0.5811833,GH¢ per GBP,ok,
2000-02-14,JPYGHS,Japanese yen,Buying,33.1287,GH¢ per JPY,0.00331287,GH¢ per JPY,ok,
2000-02-14,JPYGHS,Japanese yen,Selling,34.0948,GH¢ per JPY,0.00340948,GH¢ per JPY,ok,
2000-02-14,JPYGHS,Japanese yen,Mid Rate,33.6118,GH¢ per JPY,0.00336118,GH¢ per JPY,ok,
2000-02-14,NOKGHS,Norwegian Krone,Buying,439.2981,GH¢ per NOK,0.04392981,GH¢ per NOK,ok,
2000-02-14,NOKGHS,Norwegian Krone,Selling,451.7501,GH¢ per NOK,0.04517501,GH¢ per NOK,ok,
2000-02-14,NOKGHS,Norwegian Krone,Mid Rate,445.5241,GH¢ per NOK,0.04455241,GH¢ per NOK,ok,
2000-02-14,SEKGHS,Swedish Krona,Buying,418.9563,GH¢ per SEK,0.04189563,GH¢ per SEK,ok,
2000-02-14,SEKGHS,Swedish Krona,Selling,430.8519,GH¢ per SEK,0.04308519,GH¢ per SEK,ok,
2000-02-14,SEKGHS,Swedish Krona,Mid Rate,424.9041,GH¢ per SEK,0.04249041,GH¢ per SEK,ok,
2000-02-15,USDGHS,US Dollar,Buying,"3,598.8200",GH¢ per USD,0.359882,GH¢ per USD,ok,
2000-02-15,USDGHS,US Dollar,Selling,"3,704.2700",GH¢ per USD,0.370427,GH¢ per USD,ok,
2000-02-15,USDGHS,US Dollar,Mid Rate,"3,651.5450",GH¢ per USD,0.3651545,GH¢ per USD,ok,
2000-02-15,AUDGHS,Australian Dollar,Buying,256.3199,GH¢ per AUD,0.02563199,GH¢ per AUD,ok,
2000-02-15,AUDGHS,Australian Dollar,Selling,"2,325.6044",GH¢ per AUD,0.23256044,GH¢ per AUD,ok,
2000-02-15,AUDGHS,Australian Dollar,Mid Rate,"1,290.9622",GH¢ per AUD,0.12909622,GH¢ per AUD,ok,
2000-02-15,CADGHS,Canadian Dollar,Buying,"2,471.6177",GH¢ per CAD,0.24716177,GH¢ per CAD,ok,
2000-02-15,CADGHS,Canadian Dollar,Selling,"2,542.2403",GH¢ per CAD,0.25422403,GH¢ per CAD,ok,
2000-02-15,CADGHS,Canadian Dollar,Mid Rate,"2,506.9290",GH¢ per CAD,0.2506929,GH¢ per CAD,ok,
2000-02-15,CHFGHS,Swiss Franc,Buying,"2,194.5442",GH¢ per CHF,0.21945442,GH¢ per CHF,ok,
2000-02-15,CHFGHS,Swiss Franc,Selling,"2,257.4696",GH¢ per CHF,0.22574696,GH¢ per CHF,ok,
2000-02-15,CHFGHS,Swiss Franc,Mid Rate,"2,226.0069",GH¢ per CHF,0.22260069,GH¢ per CHF,ok,
2000-02-15,DKKGHS,Danish Krone,Buying,473.5651,GH¢ per DKK,0.04735651,GH¢ per DKK,ok,
2000-02-15,DKKGHS,Danish Krone,Selling,487.3151,GH¢ per DKK,0.04873151,GH¢ per DKK,ok,
2000-02-15,DKKGHS,Danish Krone,Mid Rate,480.4401,GH¢ per DKK,0.04804401,GH¢ per DKK,ok,
2000-02-15,GBPGHS,Pound Sterling,Buying,"5,708.4483",GH¢ per GBP,0.57084483,GH¢ per GBP,ok,
2000-02-15,GBPGHS,Pound Sterling,Selling,"5,878.6765",GH¢ per GBP,0.58786765,GH¢ per GBP,ok,
2000-02-15,GBPGHS,Pound Sterling,Mid Rate,"5,793.5624",GH¢ per GBP,0.57935624,GH¢ per GBP,ok,
2000-02-15,JPYGHS,Japanese yen,Buying,32.9797,GH¢ per JPY,0.00329797,GH¢ per JPY,ok,
2000-02-15,JPYGHS,Japanese yen,Selling,33.9396,GH¢ per JPY,0.00339396,GH¢ per JPY,ok,
2000-02-15,JPYGHS,Japanese yen,Mid Rate,33.4597,GH¢ per JPY,0.00334597,GH¢ per JPY,ok,
2000-02-15,NOKGHS,Norwegian Krone,Buying,437.6503,GH¢ per NOK,0.04376503,GH¢ per NOK,ok,
2000-02-15,NOKGHS,Norwegian Krone,Selling,450.1973,GH¢ per NOK,0.04501973,GH¢ per NOK,ok,
2000-02-15,NOKGHS,Norwegian Krone,Mid Rate,443.9238,GH¢ per NOK,0.04439238,GH¢ per NOK,ok,
2000-02-15,SEKGHS,Swedish Krona,Buying,416.6173,GH¢ per SEK,0.04166173,GH¢ per SEK,ok,
2000-02-15,SEKGHS,Swedish Krona,Selling,428.3282,GH¢ per SEK,0.04283282,GH¢ per SEK,ok,
2000-02-15,SEKGHS,Swedish Krona,Mid Rate,422.4728,GH¢ per SEK,0.04224728,GH¢ per SEK,ok,
2000-02-16,USDGHS,US Dollar,Buying,"3,620.8200",GH¢ per USD,0.362082,GH¢ per USD,ok,
2000-02-16,USDGHS,US Dollar,Selling,"3,724.0000",GH¢ per USD,0.3724,GH¢ per USD,ok,
2000-02-16,USDGHS,US Dollar,Mid Rate,"3,672.4100",GH¢ per USD,0.367241,GH¢ per USD,ok,
2000-02-16,AUDGHS,Australian Dollar,Buying,258.1505,GH¢ per AUD,0.02581505,GH¢ per AUD,ok,
2000-02-16,AUDGHS,Australian Dollar,Selling,"2,351.0922",GH¢ per AUD,0.23510922,GH¢ per AUD,ok,
2000-02-16,AUDGHS,Australian Dollar,Mid Rate,"1,304.6214",GH¢ per AUD,0.13046214,GH¢ per AUD,ok,
2000-02-16,CADGHS,Canadian Dollar,Buying,"2,488.5731",GH¢ per CAD,0.24885731,GH¢ per CAD,ok,
2000-02-16,CADGHS,Canadian Dollar,Selling,"2,558.2372",GH¢ per CAD,0.25582372,GH¢ per CAD,ok,
2000-02-16,CADGHS,Canadian Dollar,Mid Rate,"2,523.4052",GH¢ per CAD,0.25234052,GH¢ per CAD,ok,
2000-02-16,CHFGHS,Swiss Franc,Buying,"2,213.9719",GH¢ per CHF,0.22139719,GH¢ per CHF,ok,
2000-02-16,CHFGHS,Swiss Franc,Selling,"2,276.1104",GH¢ per CHF,0.22761104,GH¢ per CHF,ok,
2000-02-16,CHFGHS,Swiss Franc,Mid Rate,"2,245.0412",GH¢ per CHF,0.22450412,GH¢ per CHF,ok,
2000-02-16,DKKGHS,Danish Krone,Buying,476.9325,GH¢ per DKK,0.04769325,GH¢ per DKK,ok,
2000-02-16,DKKGHS,Danish Krone,Selling,490.4211,GH¢ per DKK,0.04904211,GH¢ per DKK,ok,
2000-02-16,DKKGHS,Danish Krone,Mid Rate,483.6768,GH¢ per DKK,0.04836768,GH¢ per DKK,ok,
2000-02-16,GBPGHS,Pound Sterling,Buying,"5,778.4666",GH¢ per GBP,0.57784666,GH¢ per GBP,ok,
2000-02-16,GBPGHS,Pound Sterling,Selling,"5,946.1108",GH¢ per GBP,0.59461108,GH¢ per GBP,ok,
2000-02-16,GBPGHS,Pound Sterling,Mid Rate,"5,862.2887",GH¢ per GBP,0.58622887,GH¢ per GBP,ok,
2000-02-16,JPYGHS,Japanese yen,Buying,33.2153,GH¢ per JPY,0.00332153,GH¢ per JPY,ok,
2000-02-16,JPYGHS,Japanese yen,Selling,34.1554,GH¢ per JPY,0.00341554,GH¢ per JPY,ok,
2000-02-16,JPYGHS,Japanese yen,Mid Rate,33.6854,GH¢ per JPY,0.00336854,GH¢ per JPY,ok,
2000-02-16,NOKGHS,Norwegian Krone,Buying,438.5900,GH¢ per NOK,0.043859,GH¢ per NOK,ok,
2000-02-16,NOKGHS,Norwegian Krone,Selling,451.0644,GH¢ per NOK,0.04510644,GH¢ per NOK,ok,
2000-02-16,NOKGHS,Norwegian Krone,Mid Rate,444.8272,GH¢ per NOK,0.04448272,GH¢ per NOK,ok,
2000-02-16,SEKGHS,Swedish Krona,Buying,417.0402,GH¢ per SEK,0.04170402,GH¢ per SEK,ok,
2000-02-16,SEKGHS,Swedish Krona,Selling,428.5115,GH¢ per SEK,0.04285115,GH¢ per SEK,ok,
2000-02-16,SEKGHS,Swedish Krona,Mid Rate,422.7759,GH¢ per SEK,0.04227759,GH¢ per SEK,ok,
2000-02-17,USDGHS,US Dollar,Buying,"3,626.0000",GH¢ per USD,0.3626,GH¢ per USD,ok,
2000-02-17,USDGHS,US Dollar,Selling,"3,729.0000",GH¢ per USD,0.3729,GH¢ per USD,ok,
2000-02-17,USDGHS,US Dollar,Mid Rate,"3,677.5000",GH¢ per USD,0.36775,GH¢ per USD,ok,
2000-02-17,AUDGHS,Australian Dollar,Buying,260.3177,GH¢ per AUD,0.02603177,GH¢ per AUD,ok,
2000-02-17,AUDGHS,Australian Dollar,Selling,"2,357.7565",GH¢ per AUD,0.23577565,GH¢ per AUD,ok,
2000-02-17,AUDGHS,Australian Dollar,Mid Rate,"1,309.0371",GH¢ per AUD,0.13090371,GH¢ per AUD,ok,
2000-02-17,CADGHS,Canadian Dollar,Buying,"2,496.7329",GH¢ per CAD,0.24967329,GH¢ per CAD,ok,
2000-02-17,CADGHS,Canadian Dollar,Selling,"2,565.9532",GH¢ per CAD,0.25659532,GH¢ per CAD,ok,
2000-02-17,CADGHS,Canadian Dollar,Mid Rate,"2,531.3431",GH¢ per CAD,0.25313431,GH¢ per CAD,ok,
2000-02-17,CHFGHS,Swiss Franc,Buying,"2,233.2889",GH¢ per CHF,0.22332889,GH¢ per CHF,ok,
2000-02-17,CHFGHS,Swiss Franc,Selling,"2,295.3406",GH¢ per CHF,0.22953406,GH¢ per CHF,ok,
2000-02-17,CHFGHS,Swiss Franc,Mid Rate,"2,264.3148",GH¢ per CHF,0.22643148,GH¢ per CHF,ok,
2000-02-17,DKKGHS,Danish Krone,Buying,481.0899,GH¢ per DKK,0.04810899,GH¢ per DKK,ok,
2000-02-17,DKKGHS,Danish Krone,Selling,494.5612,GH¢ per DKK,0.04945612,GH¢ per DKK,ok,
2000-02-17,DKKGHS,Danish Krone,Mid Rate,487.8256,GH¢ per DKK,0.04878256,GH¢ per DKK,ok,
2000-02-17,GBPGHS,Pound Sterling,Buying,"5,822.6308",GH¢ per GBP,0.58226308,GH¢ per GBP,ok,
2000-02-17,GBPGHS,Pound Sterling,Selling,"5,991.7572",GH¢ per GBP,0.59917572,GH¢ per GBP,ok,
2000-02-17,GBPGHS,Pound Sterling,Mid Rate,"5,907.1940",GH¢ per GBP,0.5907194,GH¢ per GBP,ok,
2000-02-17,JPYGHS,Japanese yen,Buying,32.9353,GH¢ per JPY,0.00329353,GH¢ per JPY,ok,
2000-02-17,JPYGHS,Japanese yen,Selling,33.8690,GH¢ per JPY,0.0033869,GH¢ per JPY,ok,
2000-02-17,JPYGHS,Japanese yen,Mid Rate,33.4022,GH¢ per JPY,0.00334022,GH¢ per JPY,ok,
2000-02-17,NOKGHS,Norwegian Krone,Buying,440.7411,GH¢ per NOK,0.04407411,GH¢ per NOK,ok,
2000-02-17,NOKGHS,Norwegian Krone,Selling,452.9876,GH¢ per NOK,0.04529876,GH¢ per NOK,ok,
2000-02-17,NOKGHS,Norwegian Krone,Mid Rate,446.8644,GH¢ per NOK,0.04468644,GH¢ per NOK,ok,
2000-02-17,SEKGHS,Swedish Krona,Buying,420.3034,GH¢ per SEK,0.04203034,GH¢ per SEK,ok,
2000-02-17,SEKGHS,Swedish Krona,Selling,431.7419,GH¢ per SEK,0.04317419,GH¢ per SEK,ok,
2000-02-17,SEKGHS,Swedish Krona,Mid Rate,426.0227,GH¢ per SEK,0.04260227,GH¢ per SEK,ok,
2000-02-18,USDGHS,US Dollar,Buying,"3,631.0000",GH¢ per USD,0.3631,GH¢ per USD,ok,
2000-02-18,USDGHS,US Dollar,Selling,"3,734.4500",GH¢ per USD,0.373445,GH¢ per USD,ok,
2000-02-18,USDGHS,US Dollar,Mid Rate,"3,682.7250",GH¢ per USD,0.3682725,GH¢ per USD,ok,
2000-02-18,AUDGHS,Australian Dollar,Buying,260.8197,GH¢ per AUD,0.02608197,GH¢ per AUD,ok,
2000-02-18,AUDGHS,Australian Dollar,Selling,"2,367.9608",GH¢ per AUD,0.23679608,GH¢ per AUD,ok,
2000-02-18,AUDGHS,Australian Dollar,Mid Rate,"1,314.3903",GH¢ per AUD,0.13143903,GH¢ per AUD,ok,
2000-02-18,CADGHS,Canadian Dollar,Buying,"2,506.5432",GH¢ per CAD,0.25065432,GH¢ per CAD,ok,
2000-02-18,CADGHS,Canadian Dollar,Selling,"2,575.1788",GH¢ per CAD,0.25751788,GH¢ per CAD,ok,
2000-02-18,CADGHS,Canadian Dollar,Mid Rate,"2,540.8610",GH¢ per CAD,0.2540861,GH¢ per CAD,ok,
2000-02-18,CHFGHS,Swiss Franc,Buying,"2,237.4939",GH¢ per CHF,0.22374939,GH¢ per CHF,ok,
2000-02-18,CHFGHS,Swiss Franc,Selling,"2,298.9707",GH¢ per CHF,0.22989707,GH¢ per CHF,ok,
2000-02-18,CHFGHS,Swiss Franc,Mid Rate,"2,268.2323",GH¢ per CHF,0.22682323,GH¢ per CHF,ok,
2000-02-18,DKKGHS,Danish Krone,Buying,481.9750,GH¢ per DKK,0.0481975,GH¢ per DKK,ok,
2000-02-18,DKKGHS,Danish Krone,Selling,495.3919,GH¢ per DKK,0.04953919,GH¢ per DKK,ok,
2000-02-18,DKKGHS,Danish Krone,Mid Rate,488.6835,GH¢ per DKK,0.04886835,GH¢ per DKK,ok,
2000-02-18,GBPGHS,Pound Sterling,Buying,"5,832.4753",GH¢ per GBP,0.58324753,GH¢ per GBP,ok,
2000-02-18,GBPGHS,Pound Sterling,Selling,"5,999.3939",GH¢ per GBP,0.59993939,GH¢ per GBP,ok,
2000-02-18,GBPGHS,Pound Sterling,Mid Rate,"5,915.9346",GH¢ per GBP,0.59159346,GH¢ per GBP,ok,
2000-02-18,JPYGHS,Japanese yen,Buying,32.7907,GH¢ per JPY,0.00327907,GH¢ per JPY,ok,
2000-02-18,JPYGHS,Japanese yen,Selling,33.7064,GH¢ per JPY,0.00337064,GH¢ per JPY,ok,
2000-02-18,JPYGHS,Japanese yen,Mid Rate,33.2486,GH¢ per JPY,0.00332486,GH¢ per JPY,ok,
2000-02-18,NOKGHS,Norwegian Krone,Buying,440.6025,GH¢ per NOK,0.04406025,GH¢ per NOK,ok,
2000-02-18,NOKGHS,Norwegian Krone,Selling,452.7127,GH¢ per NOK,0.04527127,GH¢ per NOK,ok,
2000-02-18,NOKGHS,Norwegian Krone,Mid Rate,446.6576,GH¢ per NOK,0.04466576,GH¢ per NOK,ok,
2000-02-18,SEKGHS,Swedish Krona,Buying,420.5495,GH¢ per SEK,0.04205495,GH¢ per SEK,ok,
2000-02-18,SEKGHS,Swedish Krona,Selling,431.8690,GH¢ per SEK,0.0431869,GH¢ per SEK,ok,
2000-02-18,SEKGHS,Swedish Krona,Mid Rate,426.2093,GH¢ per SEK,0.04262093,GH¢ per SEK,ok,
2000-02-21,USDGHS,US Dollar,Buying,"3,631.9100",GH¢ per USD,0.363191,GH¢ per USD,ok,
2000-02-21,USDGHS,US Dollar,Selling,"3,735.8200",GH¢ per USD,0.373582,GH¢ per USD,ok,
2000-02-21,USDGHS,US Dollar,Mid Rate,"3,683.8650",GH¢ per USD,0.3683865,GH¢ per USD,ok,
2000-02-21,AUDGHS,Australian Dollar,Buying,260.8529,GH¢ per AUD,0.02608529,GH¢ per AUD,ok,
2000-02-21,AUDGHS,Australian Dollar,Selling,"2,350.2582",GH¢ per AUD,0.23502582,GH¢ per AUD,ok,
2000-02-21,AUDGHS,Australian Dollar,Mid Rate,"1,305.5556",GH¢ per AUD,0.13055556,GH¢ per AUD,ok,
2000-02-21,CADGHS,Canadian Dollar,Buying,"2,505.4403",GH¢ per CAD,0.25054403,GH¢ per CAD,ok,
2000-02-21,CADGHS,Canadian Dollar,Selling,"2,575.3846",GH¢ per CAD,0.25753846,GH¢ per CAD,ok,
2000-02-21,CADGHS,Canadian Dollar,Mid Rate,"2,540.4125",GH¢ per CAD,0.25404125,GH¢ per CAD,ok,
2000-02-21,CHFGHS,Swiss Franc,Buying,"2,238.3026",GH¢ per CHF,0.22383026,GH¢ per CHF,ok,
2000-02-21,CHFGHS,Swiss Franc,Selling,"2,300.9121",GH¢ per CHF,0.23009121,GH¢ per CHF,ok,
2000-02-21,CHFGHS,Swiss Franc,Mid Rate,"2,269.6074",GH¢ per CHF,0.22696074,GH¢ per CHF,ok,
2000-02-21,DKKGHS,Danish Krone,Buying,481.9880,GH¢ per DKK,0.0481988,GH¢ per DKK,ok,
2000-02-21,DKKGHS,Danish Krone,Selling,495.5133,GH¢ per DKK,0.04955133,GH¢ per DKK,ok,
2000-02-21,DKKGHS,Danish Krone,Mid Rate,488.7507,GH¢ per DKK,0.04887507,GH¢ per DKK,ok,
2000-02-21,GBPGHS,Pound Sterling,Buying,"5,812.8720",GH¢ per GBP,0.5812872,GH¢ per GBP,ok,
2000-02-21,GBPGHS,Pound Sterling,Selling,"5,980.3007",GH¢ per GBP,0.59803007,GH¢ per GBP,ok,
2000-02-21,GBPGHS,Pound Sterling,Mid Rate,"5,896.5864",GH¢ per GBP,0.58965864,GH¢ per GBP,ok,
2000-02-21,JPYGHS,Japanese yen,Buying,32.8411,GH¢ per JPY,0.00328411,GH¢ per JPY,ok,
2000-02-21,JPYGHS,Japanese yen,Selling,33.7641,GH¢ per JPY,0.00337641,GH¢ per JPY,ok,
2000-02-21,JPYGHS,Japanese yen,Mid Rate,33.3026,GH¢ per JPY,0.00333026,GH¢ per JPY,ok,
2000-02-21,NOKGHS,Norwegian Krone,Buying,439.6463,GH¢ per NOK,0.04396463,GH¢ per NOK,ok,
2000-02-21,NOKGHS,Norwegian Krone,Selling,452.1146,GH¢ per NOK,0.04521146,GH¢ per NOK,ok,
2000-02-21,NOKGHS,Norwegian Krone,Mid Rate,445.8805,GH¢ per NOK,0.04458805,GH¢ per NOK,ok,
2000-02-21,SEKGHS,Swedish Krona,Buying,419.5626,GH¢ per SEK,0.04195626,GH¢ per SEK,ok,
2000-02-21,SEKGHS,Swedish Krona,Selling,431.0934,GH¢ per SEK,0.04310934,GH¢ per SEK,ok,
2000-02-21,SEKGHS,Swedish Krona,Mid Rate,425.3280,GH¢ per SEK,0.0425328,GH¢ per SEK,ok,
2000-02-22,USDGHS,US Dollar,Buying,"3,634.7300",GH¢ per USD,0.363473,GH¢ per USD,ok,
2000-02-22,USDGHS,US Dollar,Selling,"3,738.7300",GH¢ per USD,0.373873,GH¢ per USD,ok,
2000-02-22,USDGHS,US Dollar,Mid Rate,"3,686.7300",GH¢ per USD,0.368673,GH¢ per USD,ok,
2000-02-22,AUDGHS,Australian Dollar,Buying,262.4954,GH¢ per AUD,0.02624954,GH¢ per AUD,ok,
2000-02-22,AUDGHS,Australian Dollar,Selling,"2,339.8789",GH¢ per AUD,0.23398789,GH¢ per AUD,ok,
2000-02-22,AUDGHS,Australian Dollar,Mid Rate,"1,301.1872",GH¢ per AUD,0.13011872,GH¢ per AUD,ok,
2000-02-22,CADGHS,Canadian Dollar,Buying,"2,495.4005",GH¢ per CAD,0.24954005,GH¢ per CAD,ok,
2000-02-22,CADGHS,Canadian Dollar,Selling,"2,565.3975",GH¢ per CAD,0.25653975,GH¢ per CAD,ok,
2000-02-22,CADGHS,Canadian Dollar,Mid Rate,"2,530.3990",GH¢ per CAD,0.2530399,GH¢ per CAD,ok,
2000-02-22,CHFGHS,Swiss Franc,Buying,"2,250.7383",GH¢ per CHF,0.22507383,GH¢ per CHF,ok,
2000-02-22,CHFGHS,Swiss Franc,Selling,"2,314.7194",GH¢ per CHF,0.23147194,GH¢ per CHF,ok,
2000-02-22,CHFGHS,Swiss Franc,Mid Rate,"2,282.7289",GH¢ per CHF,0.22827289,GH¢ per CHF,ok,
2000-02-22,DKKGHS,Danish Krone,Buying,484.9950,GH¢ per DKK,0.0484995,GH¢ per DKK,ok,
2000-02-22,DKKGHS,Danish Krone,Selling,498.7995,GH¢ per DKK,0.04987995,GH¢ per DKK,ok,
2000-02-22,DKKGHS,Danish Krone,Mid Rate,491.8973,GH¢ per DKK,0.04918973,GH¢ per DKK,ok,
2000-02-22,GBPGHS,Pound Sterling,Buying,"5,837.7399",GH¢ per GBP,0.58377399,GH¢ per GBP,ok,
2000-02-22,GBPGHS,Pound Sterling,Selling,"6,007.3914",GH¢ per GBP,0.60073914,GH¢ per GBP,ok,
2000-02-22,GBPGHS,Pound Sterling,Mid Rate,"5,922.5657",GH¢ per GBP,0.59225657,GH¢ per GBP,ok,
2000-02-22,JPYGHS,Japanese yen,Buying,32.6934,GH¢ per JPY,0.00326934,GH¢ per JPY,ok,
2000-02-22,JPYGHS,Japanese yen,Selling,33.6210,GH¢ per JPY,0.0033621,GH¢ per JPY,ok,
2000-02-22,JPYGHS,Japanese yen,Mid Rate,33.1572,GH¢ per JPY,0.00331572,GH¢ per JPY,ok,
2000-02-22,NOKGHS,Norwegian Krone,Buying,440.6241,GH¢ per NOK,0.04406241,GH¢ per NOK,ok,
2000-02-22,NOKGHS,Norwegian Krone,Selling,453.1794,GH¢ per NOK,0.04531794,GH¢ per NOK,ok,
2000-02-22,NOKGHS,Norwegian Krone,Mid Rate,446.9018,GH¢ per NOK,0.04469018,GH¢ per NOK,ok,
2000-02-22,SEKGHS,Swedish Krona,Buying,420.7138,GH¢ per SEK,0.04207138,GH¢ per SEK,ok,
2000-02-22,SEKGHS,Swedish Krona,Selling,432.3295,GH¢ per SEK,0.04323295,GH¢ per SEK,ok,
2000-02-22,SEKGHS,Swedish Krona,Mid Rate,426.5217,GH¢ per SEK,0.04265217,GH¢ per SEK,ok,
2000-02-23,USDGHS,US Dollar,Buying,"3,653.1800",GH¢ per USD,0.365318,GH¢ per USD,ok,
2000-02-23,USDGHS,US Dollar,Selling,"3,764.4500",GH¢ per USD,0.376445,GH¢ per USD,ok,
2000-02-23,USDGHS,US Dollar,Mid Rate,"3,708.8150",GH¢ per USD,0.3708815,GH¢ per USD,ok,
2000-02-23,AUDGHS,Australian Dollar,Buying,266.6857,GH¢ per AUD,0.02666857,GH¢ per AUD,ok,
2000-02-23,AUDGHS,Australian Dollar,Selling,"2,342.5999",GH¢ per AUD,0.23425999,GH¢ per AUD,ok,
2000-02-23,AUDGHS,Australian Dollar,Mid Rate,"1,304.6428",GH¢ per AUD,0.13046428,GH¢ per AUD,ok,
2000-02-23,CADGHS,Canadian Dollar,Buying,"2,497.4242",GH¢ per CAD,0.24974242,GH¢ per CAD,ok,
2000-02-23,CADGHS,Canadian Dollar,Selling,"2,572.0340",GH¢ per CAD,0.2572034,GH¢ per CAD,ok,
2000-02-23,CADGHS,Canadian Dollar,Mid Rate,"2,534.7291",GH¢ per CAD,0.25347291,GH¢ per CAD,ok,
2000-02-23,CHFGHS,Swiss Franc,Buying,"2,282.2641",GH¢ per CHF,0.22822641,GH¢ per CHF,ok,
2000-02-23,CHFGHS,Swiss Franc,Selling,"2,350.5953",GH¢ per CHF,0.23505953,GH¢ per CHF,ok,
2000-02-23,CHFGHS,Swiss Franc,Mid Rate,"2,316.4297",GH¢ per CHF,0.23164297,GH¢ per CHF,ok,
2000-02-23,DKKGHS,Danish Krone,Buying,492.9828,GH¢ per DKK,0.04929828,GH¢ per DKK,ok,
2000-02-23,DKKGHS,Danish Krone,Selling,507.7863,GH¢ per DKK,0.05077863,GH¢ per DKK,ok,
2000-02-23,DKKGHS,Danish Krone,Mid Rate,500.3846,GH¢ per DKK,0.05003846,GH¢ per DKK,ok,
2000-02-23,GBPGHS,Pound Sterling,Buying,"5,888.9262",GH¢ per GBP,0.58889262,GH¢ per GBP,ok,
2000-02-23,GBPGHS,Pound Sterling,Selling,"6,072.0579",GH¢ per GBP,0.60720579,GH¢ per GBP,ok,
2000-02-23,GBPGHS,Pound Sterling,Mid Rate,"5,980.4921",GH¢ per GBP,0.59804921,GH¢ per GBP,ok,
2000-02-23,JPYGHS,Japanese yen,Buying,33.0115,GH¢ per JPY,0.00330115,GH¢ per JPY,ok,
2000-02-23,JPYGHS,Japanese yen,Selling,34.0152,GH¢ per JPY,0.00340152,GH¢ per JPY,ok,
2000-02-23,JPYGHS,Japanese yen,Mid Rate,33.5134,GH¢ per JPY,0.00335134,GH¢ per JPY,ok,
2000-02-23,NOKGHS,Norwegian Krone,Buying,448.5434,GH¢ per NOK,0.04485434,GH¢ per NOK,ok,
2000-02-23,NOKGHS,Norwegian Krone,Selling,461.9818,GH¢ per NOK,0.04619818,GH¢ per NOK,ok,
2000-02-23,NOKGHS,Norwegian Krone,Mid Rate,455.2626,GH¢ per NOK,0.04552626,GH¢ per NOK,ok,
2000-02-23,SEKGHS,Swedish Krona,Buying,427.7878,GH¢ per SEK,0.04277878,GH¢ per SEK,ok,
2000-02-23,SEKGHS,Swedish Krona,Selling,440.3935,GH¢ per SEK,0.04403935,GH¢ per SEK,ok,
2000-02-23,SEKGHS,Swedish Krona,Mid Rate,434.0907,GH¢ per SEK,0.04340907,GH¢ per SEK,ok,
2000-02-24,USDGHS,US Dollar,Buying,"3,674.0000",GH¢ per USD,0.3674,GH¢ per USD,ok,
2000-02-24,USDGHS,US Dollar,Selling,"3,780.8200",GH¢ per USD,0.378082,GH¢ per USD,ok,
2000-02-24,USDGHS,US Dollar,Mid Rate,"3,727.4100",GH¢ per USD,0.372741,GH¢ per USD,ok,
2000-02-24,AUDGHS,Australian Dollar,Buying,267.0798,GH¢ per AUD,0.02670798,GH¢ per AUD,ok,
2000-02-24,AUDGHS,Australian Dollar,Selling,"2,348.7467",GH¢ per AUD,0.23487467,GH¢ per AUD,ok,
2000-02-24,AUDGHS,Australian Dollar,Mid Rate,"1,307.9133",GH¢ per AUD,0.13079133,GH¢ per AUD,ok,
2000-02-24,CADGHS,Canadian Dollar,Buying,"2,515.4522",GH¢ per CAD,0.25154522,GH¢ per CAD,ok,
2000-02-24,CADGHS,Canadian Dollar,Selling,"2,587.6169",GH¢ per CAD,0.25876169,GH¢ per CAD,ok,
2000-02-24,CADGHS,Canadian Dollar,Mid Rate,"2,551.5346",GH¢ per CAD,0.25515346,GH¢ per CAD,ok,
2000-02-24,CHFGHS,Swiss Franc,Buying,"2,280.1682",GH¢ per CHF,0.22801682,GH¢ per CHF,ok,
2000-02-24,CHFGHS,Swiss Franc,Selling,"2,345.3066",GH¢ per CHF,0.23453066,GH¢ per CHF,ok,
2000-02-24,CHFGHS,Swiss Franc,Mid Rate,"2,312.7374",GH¢ per CHF,0.23127374,GH¢ per CHF,ok,
2000-02-24,DKKGHS,Danish Krone,Buying,493.2818,GH¢ per DKK,0.04932818,GH¢ per DKK,ok,
2000-02-24,DKKGHS,Danish Krone,Selling,507.4158,GH¢ per DKK,0.05074158,GH¢ per DKK,ok,
2000-02-24,DKKGHS,Danish Krone,Mid Rate,500.3488,GH¢ per DKK,0.05003488,GH¢ per DKK,ok,
2000-02-24,GBPGHS,Pound Sterling,Buying,"5,879.8696",GH¢ per GBP,0.58798696,GH¢ per GBP,ok,
2000-02-24,GBPGHS,Pound Sterling,Selling,"6,053.4709",GH¢ per GBP,0.60534709,GH¢ per GBP,ok,
2000-02-24,GBPGHS,Pound Sterling,Mid Rate,"5,966.6703",GH¢ per GBP,0.59666703,GH¢ per GBP,ok,
2000-02-24,JPYGHS,Japanese yen,Buying,33.0720,GH¢ per JPY,0.0033072,GH¢ per JPY,ok,
2000-02-24,JPYGHS,Japanese yen,Selling,34.0255,GH¢ per JPY,0.00340255,GH¢ per JPY,ok,
2000-02-24,JPYGHS,Japanese yen,Mid Rate,33.5488,GH¢ per JPY,0.00335488,GH¢ per JPY,ok,
2000-02-24,NOKGHS,Norwegian Krone,Buying,450.7927,GH¢ per NOK,0.04507927,GH¢ per NOK,ok,
2000-02-24,NOKGHS,Norwegian Krone,Selling,463.3314,GH¢ per NOK,0.04633314,GH¢ per NOK,ok,
2000-02-24,NOKGHS,Norwegian Krone,Mid Rate,457.0621,GH¢ per NOK,0.04570621,GH¢ per NOK,ok,
2000-02-24,SEKGHS,Swedish Krona,Buying,429.3349,GH¢ per SEK,0.04293349,GH¢ per SEK,ok,
2000-02-24,SEKGHS,Swedish Krona,Selling,441.3341,GH¢ per SEK,0.04413341,GH¢ per SEK,ok,
2000-02-24,SEKGHS,Swedish Krona,Mid Rate,435.3345,GH¢ per SEK,0.04353345,GH¢ per SEK,ok,
2000-02-25,USDGHS,US Dollar,Buying,"3,685.0000",GH¢ per USD,0.3685,GH¢ per USD,ok,
2000-02-25,USDGHS,US Dollar,Selling,"3,797.0000",GH¢ per USD,0.3797,GH¢ per USD,ok,
2000-02-25,USDGHS,US Dollar,Mid Rate,"3,741.0000",GH¢ per USD,0.3741,GH¢ per USD,ok,
2000-02-25,AUDGHS,Australian Dollar,Buying,264.7726,GH¢ per AUD,0.02647726,GH¢ per AUD,ok,
2000-02-25,AUDGHS,Australian Dollar,Selling,"2,345.6470",GH¢ per AUD,0.2345647,GH¢ per AUD,ok,
2000-02-25,AUDGHS,Australian Dollar,Mid Rate,"1,305.2098",GH¢ per AUD,0.13052098,GH¢ per AUD,ok,
2000-02-25,CADGHS,Canadian Dollar,Buying,"2,533.8841",GH¢ per CAD,0.25338841,GH¢ per CAD,ok,
2000-02-25,CADGHS,Canadian Dollar,Selling,"2,608.7220",GH¢ per CAD,0.2608722,GH¢ per CAD,ok,
2000-02-25,CADGHS,Canadian Dollar,Mid Rate,"2,571.3031",GH¢ per CAD,0.25713031,GH¢ per CAD,ok,
2000-02-25,CHFGHS,Swiss Franc,Buying,"2,262.4034",GH¢ per CHF,0.22624034,GH¢ per CHF,ok,
2000-02-25,CHFGHS,Swiss Franc,Selling,"2,329.4667",GH¢ per CHF,0.23294667,GH¢ per CHF,ok,
2000-02-25,CHFGHS,Swiss Franc,Mid Rate,"2,295.9351",GH¢ per CHF,0.22959351,GH¢ per CHF,ok,
2000-02-25,DKKGHS,Danish Krone,Buying,489.2141,GH¢ per DKK,0.04892141,GH¢ per DKK,ok,
2000-02-25,DKKGHS,Danish Krone,Selling,503.7532,GH¢ per DKK,0.05037532,GH¢ per DKK,ok,
2000-02-25,DKKGHS,Danish Krone,Mid Rate,496.4837,GH¢ per DKK,0.04964837,GH¢ per DKK,ok,
2000-02-25,GBPGHS,Pound Sterling,Buying,"5,880.8915",GH¢ per GBP,0.58808915,GH¢ per GBP,ok,
2000-02-25,GBPGHS,Pound Sterling,Selling,"6,062.6699",GH¢ per GBP,0.60626699,GH¢ per GBP,ok,
2000-02-25,GBPGHS,Pound Sterling,Mid Rate,"5,971.7807",GH¢ per GBP,0.59717807,GH¢ per GBP,ok,
2000-02-25,JPYGHS,Japanese yen,Buying,33.2479,GH¢ per JPY,0.00332479,GH¢ per JPY,ok,
2000-02-25,JPYGHS,Japanese yen,Selling,34.2524,GH¢ per JPY,0.00342524,GH¢ per JPY,ok,
2000-02-25,JPYGHS,Japanese yen,Mid Rate,33.7502,GH¢ per JPY,0.00337502,GH¢ per JPY,ok,
2000-02-25,NOKGHS,Norwegian Krone,Buying,447.9144,GH¢ per NOK,0.04479144,GH¢ per NOK,ok,
2000-02-25,NOKGHS,Norwegian Krone,Selling,461.1903,GH¢ per NOK,0.04611903,GH¢ per NOK,ok,
2000-02-25,NOKGHS,Norwegian Krone,Mid Rate,454.5524,GH¢ per NOK,0.04545524,GH¢ per NOK,ok,
2000-02-25,SEKGHS,Swedish Krona,Buying,427.1979,GH¢ per SEK,0.04271979,GH¢ per SEK,ok,
2000-02-25,SEKGHS,Swedish Krona,Selling,439.6170,GH¢ per SEK,0.0439617,GH¢ per SEK,ok,
2000-02-25,SEKGHS,Swedish Krona,Mid Rate,433.4075,GH¢ per SEK,0.04334075,GH¢ per SEK,ok,
2000-02-28,USDGHS,US Dollar,Buying,"3,691.0000",GH¢ per USD,0.3691,GH¢ per USD,ok,
2000-02-28,USDGHS,US Dollar,Selling,"3,801.0900",GH¢ per USD,0.380109,GH¢ per USD,ok,
2000-02-28,USDGHS,US Dollar,Mid Rate,"3,746.0450",GH¢ per USD,0.3746045,GH¢ per USD,ok,
2000-02-28,AUDGHS,Australian Dollar,Buying,257.7267,GH¢ per AUD,0.02577267,GH¢ per AUD,ok,
2000-02-28,AUDGHS,Australian Dollar,Selling,"2,340.0514",GH¢ per AUD,0.23400514,GH¢ per AUD,ok,
2000-02-28,AUDGHS,Australian Dollar,Mid Rate,"1,298.8891",GH¢ per AUD,0.12988891,GH¢ per AUD,ok,
2000-02-28,CADGHS,Canadian Dollar,Buying,"2,545.1311",GH¢ per CAD,0.25451311,GH¢ per CAD,ok,
2000-02-28,CADGHS,Canadian Dollar,Selling,"2,619.2855",GH¢ per CAD,0.26192855,GH¢ per CAD,ok,
2000-02-28,CADGHS,Canadian Dollar,Mid Rate,"2,582.2083",GH¢ per CAD,0.25822083,GH¢ per CAD,ok,
2000-02-28,CHFGHS,Swiss Franc,Buying,"2,208.9908",GH¢ per CHF,0.22089908,GH¢ per CHF,ok,
2000-02-28,CHFGHS,Swiss Franc,Selling,"2,273.5705",GH¢ per CHF,0.22735705,GH¢ per CHF,ok,
2000-02-28,CHFGHS,Swiss Franc,Mid Rate,"2,241.2807",GH¢ per CHF,0.22412807,GH¢ per CHF,ok,
2000-02-28,DKKGHS,Danish Krone,Buying,476.1596,GH¢ per DKK,0.04761596,GH¢ per DKK,ok,
2000-02-28,DKKGHS,Danish Krone,Selling,490.1057,GH¢ per DKK,0.04901057,GH¢ per DKK,ok,
2000-02-28,DKKGHS,Danish Krone,Mid Rate,483.1327,GH¢ per DKK,0.04831327,GH¢ per DKK,ok,
2000-02-28,GBPGHS,Pound Sterling,Buying,"5,872.3810",GH¢ per GBP,0.5872381,GH¢ per GBP,ok,
2000-02-28,GBPGHS,Pound Sterling,Selling,"6,051.3353",GH¢ per GBP,0.60513353,GH¢ per GBP,ok,
2000-02-28,GBPGHS,Pound Sterling,Mid Rate,"5,961.8582",GH¢ per GBP,0.59618582,GH¢ per GBP,ok,
2000-02-28,JPYGHS,Japanese yen,Buying,33.7940,GH¢ per JPY,0.0033794,GH¢ per JPY,ok,
2000-02-28,JPYGHS,Japanese yen,Selling,34.7998,GH¢ per JPY,0.00347998,GH¢ per JPY,ok,
2000-02-28,JPYGHS,Japanese yen,Mid Rate,34.2969,GH¢ per JPY,0.00342969,GH¢ per JPY,ok,
2000-02-28,NOKGHS,Norwegian Krone,Buying,439.7997,GH¢ per NOK,0.04397997,GH¢ per NOK,ok,
2000-02-28,NOKGHS,Norwegian Krone,Selling,452.8087,GH¢ per NOK,0.04528087,GH¢ per NOK,ok,
2000-02-28,NOKGHS,Norwegian Krone,Mid Rate,446.3042,GH¢ per NOK,0.04463042,GH¢ per NOK,ok,
2000-02-28,SEKGHS,Swedish Krona,Buying,420.1190,GH¢ per SEK,0.0420119,GH¢ per SEK,ok,
2000-02-28,SEKGHS,Swedish Krona,Selling,432.1580,GH¢ per SEK,0.0432158,GH¢ per SEK,ok,
2000-02-28,SEKGHS,Swedish Krona,Mid Rate,426.1385,GH¢ per SEK,0.04261385,GH¢ per SEK,ok,
2000-02-29,USDGHS,US Dollar,Buying,"3,709.9100",GH¢ per USD,0.370991,GH¢ per USD,ok,
2000-02-29,USDGHS,US Dollar,Selling,"3,836.4500",GH¢ per USD,0.383645,GH¢ per USD,ok,
2000-02-29,USDGHS,US Dollar,Mid Rate,"3,773.1800",GH¢ per USD,0.377318,GH¢ per USD,ok,
2000-02-29,AUDGHS,Australian Dollar,Buying,260.5547,GH¢ per AUD,0.02605547,GH¢ per AUD,ok,
2000-02-29,AUDGHS,Australian Dollar,Selling,"2,357.5352",GH¢ per AUD,0.23575352,GH¢ per AUD,ok,
2000-02-29,AUDGHS,Australian Dollar,Mid Rate,"1,309.0450",GH¢ per AUD,0.1309045,GH¢ per AUD,ok,
2000-02-29,CADGHS,Canadian Dollar,Buying,"2,553.1752",GH¢ per CAD,0.25531752,GH¢ per CAD,ok,
2000-02-29,CADGHS,Canadian Dollar,Selling,"2,639.4207",GH¢ per CAD,0.26394207,GH¢ per CAD,ok,
2000-02-29,CADGHS,Canadian Dollar,Mid Rate,"2,596.2980",GH¢ per CAD,0.2596298,GH¢ per CAD,ok,
2000-02-29,CHFGHS,Swiss Franc,Buying,"2,231.0672",GH¢ per CHF,0.22310672,GH¢ per CHF,ok,
2000-02-29,CHFGHS,Swiss Franc,Selling,"2,306.6704",GH¢ per CHF,0.23066704,GH¢ per CHF,ok,
2000-02-29,CHFGHS,Swiss Franc,Mid Rate,"2,268.8688",GH¢ per CHF,0.22688688,GH¢ per CHF,ok,
2000-02-29,DKKGHS,Danish Krone,Buying,481.4164,GH¢ per DKK,0.04814164,GH¢ per DKK,ok,
2000-02-29,DKKGHS,Danish Krone,Selling,497.7666,GH¢ per DKK,0.04977666,GH¢ per DKK,ok,
2000-02-29,DKKGHS,Danish Krone,Mid Rate,489.5915,GH¢ per DKK,0.04895915,GH¢ per DKK,ok,
2000-02-29,GBPGHS,Pound Sterling,Buying,"5,915.4515",GH¢ per GBP,0.59154515,GH¢ per GBP,ok,
2000-02-29,GBPGHS,Pound Sterling,Selling,"6,120.2887",GH¢ per GBP,0.61202887,GH¢ per GBP,ok,
2000-02-29,GBPGHS,Pound Sterling,Mid Rate,"6,017.8701",GH¢ per GBP,0.60178701,GH¢ per GBP,ok,
2000-02-29,JPYGHS,Japanese yen,Buying,33.6737,GH¢ per JPY,0.00336737,GH¢ per JPY,ok,
2000-02-29,JPYGHS,Japanese yen,Selling,34.8159,GH¢ per JPY,0.00348159,GH¢ per JPY,ok,
2000-02-29,JPYGHS,Japanese yen,Mid Rate,34.2448,GH¢ per JPY,0.00342448,GH¢ per JPY,ok,
2000-02-29,NOKGHS,Norwegian Krone,Buying,444.3231,GH¢ per NOK,0.04443231,GH¢ per NOK,ok,
2000-02-29,NOKGHS,Norwegian Krone,Selling,459.3777,GH¢ per NOK,0.04593777,GH¢ per NOK,ok,
2000-02-29,NOKGHS,Norwegian Krone,Mid Rate,451.8504,GH¢ per NOK,0.04518504,GH¢ per NOK,ok,
2000-02-29,SEKGHS,Swedish Krona,Buying,425.8968,GH¢ per SEK,0.04258968,GH¢ per SEK,ok,
2000-02-29,SEKGHS,Swedish Krona,Selling,440.0838,GH¢ per SEK,0.04400838,GH¢ per SEK,ok,
2000-02-29,SEKGHS,Swedish Krona,Mid Rate,432.9903,GH¢ per SEK,0.04329903,GH¢ per SEK,ok,
2000-03-01,USDGHS,US Dollar,Buying,"3,716.1800",GH¢ per USD,0.371618,GH¢ per USD,ok,
2000-03-01,USDGHS,US Dollar,Selling,"3,844.1800",GH¢ per USD,0.384418,GH¢ per USD,ok,
2000-03-01,USDGHS,US Dollar,Mid Rate,"3,780.1800",GH¢ per USD,0.378018,GH¢ per USD,ok,
2000-03-01,AUDGHS,Australian Dollar,Buying,261.1910,GH¢ per AUD,0.0261191,GH¢ per AUD,ok,
2000-03-01,AUDGHS,Australian Dollar,Selling,"2,334.5725",GH¢ per AUD,0.23345725,GH¢ per AUD,ok,
2000-03-01,AUDGHS,Australian Dollar,Mid Rate,"1,297.8818",GH¢ per AUD,0.12978818,GH¢ per AUD,ok,
2000-03-01,CADGHS,Canadian Dollar,Buying,"2,558.2727",GH¢ per CAD,0.25582727,GH¢ per CAD,ok,
2000-03-01,CADGHS,Canadian Dollar,Selling,"2,644.8079",GH¢ per CAD,0.26448079,GH¢ per CAD,ok,
2000-03-01,CADGHS,Canadian Dollar,Mid Rate,"2,601.5403",GH¢ per CAD,0.26015403,GH¢ per CAD,ok,
2000-03-01,CHFGHS,Swiss Franc,Buying,"2,236.6134",GH¢ per CHF,0.22366134,GH¢ per CHF,ok,
2000-03-01,CHFGHS,Swiss Franc,Selling,"2,312.4460",GH¢ per CHF,0.2312446,GH¢ per CHF,ok,
2000-03-01,CHFGHS,Swiss Franc,Mid Rate,"2,274.5297",GH¢ per CHF,0.22745297,GH¢ per CHF,ok,
2000-03-01,DKKGHS,Danish Krone,Buying,482.6097,GH¢ per DKK,0.04826097,GH¢ per DKK,ok,
2000-03-01,DKKGHS,Danish Krone,Selling,499.0052,GH¢ per DKK,0.04990052,GH¢ per DKK,ok,
2000-03-01,DKKGHS,Danish Krone,Mid Rate,490.8075,GH¢ per DKK,0.04908075,GH¢ per DKK,ok,
2000-03-01,GBPGHS,Pound Sterling,Buying,"5,873.7941",GH¢ per GBP,0.58737941,GH¢ per GBP,ok,
2000-03-01,GBPGHS,Pound Sterling,Selling,"6,078.0330",GH¢ per GBP,0.6078033,GH¢ per GBP,ok,
2000-03-01,GBPGHS,Pound Sterling,Mid Rate,"5,975.9136",GH¢ per GBP,0.59759136,GH¢ per GBP,ok,
2000-03-01,JPYGHS,Japanese yen,Buying,34.0490,GH¢ per JPY,0.0034049,GH¢ per JPY,ok,
2000-03-01,JPYGHS,Japanese yen,Selling,35.2084,GH¢ per JPY,0.00352084,GH¢ per JPY,ok,
2000-03-01,JPYGHS,Japanese yen,Mid Rate,34.6287,GH¢ per JPY,0.00346287,GH¢ per JPY,ok,
2000-03-01,NOKGHS,Norwegian Krone,Buying,445.3420,GH¢ per NOK,0.0445342,GH¢ per NOK,ok,
2000-03-01,NOKGHS,Norwegian Krone,Selling,460.4361,GH¢ per NOK,0.04604361,GH¢ per NOK,ok,
2000-03-01,NOKGHS,Norwegian Krone,Mid Rate,452.8891,GH¢ per NOK,0.04528891,GH¢ per NOK,ok,
2000-03-01,SEKGHS,Swedish Krona,Buying,426.1406,GH¢ per SEK,0.04261406,GH¢ per SEK,ok,
2000-03-01,SEKGHS,Swedish Krona,Selling,440.3415,GH¢ per SEK,0.04403415,GH¢ per SEK,ok,
2000-03-01,SEKGHS,Swedish Krona,Mid Rate,433.2411,GH¢ per SEK,0.04332411,GH¢ per SEK,ok,
2000-03-02,USDGHS,US Dollar,Buying,"3,735.8200",GH¢ per USD,0.373582,GH¢ per USD,ok,
2000-03-02,USDGHS,US Dollar,Selling,"3,864.0000",GH¢ per USD,0.3864,GH¢ per USD,ok,
2000-03-02,USDGHS,US Dollar,Mid Rate,"3,799.9100",GH¢ per USD,0.379991,GH¢ per USD,ok,
2000-03-02,AUDGHS,Australian Dollar,Buying,265.5614,GH¢ per AUD,0.02655614,GH¢ per AUD,ok,
2000-03-02,AUDGHS,Australian Dollar,Selling,"2,359.3970",GH¢ per AUD,0.2359397,GH¢ per AUD,ok,
2000-03-02,AUDGHS,Australian Dollar,Mid Rate,"1,312.4792",GH¢ per AUD,0.13124792,GH¢ per AUD,ok,
2000-03-02,CADGHS,Canadian Dollar,Buying,"2,578.6155",GH¢ per CAD,0.25786155,GH¢ per CAD,ok,
2000-03-02,CADGHS,Canadian Dollar,Selling,"2,666.4509",GH¢ per CAD,0.26664509,GH¢ per CAD,ok,
2000-03-02,CADGHS,Canadian Dollar,Mid Rate,"2,622.5332",GH¢ per CAD,0.26225332,GH¢ per CAD,ok,
2000-03-02,CHFGHS,Swiss Franc,Buying,"2,271.2983",GH¢ per CHF,0.22712983,GH¢ per CHF,ok,
2000-03-02,CHFGHS,Swiss Franc,Selling,"2,348.8191",GH¢ per CHF,0.23488191,GH¢ per CHF,ok,
2000-03-02,CHFGHS,Swiss Franc,Mid Rate,"2,310.0587",GH¢ per CHF,0.23100587,GH¢ per CHF,ok,
2000-03-02,DKKGHS,Danish Krone,Buying,490.2692,GH¢ per DKK,0.04902692,GH¢ per DKK,ok,
2000-03-02,DKKGHS,Danish Krone,Selling,507.1168,GH¢ per DKK,0.05071168,GH¢ per DKK,ok,
2000-03-02,DKKGHS,Danish Krone,Mid Rate,498.6930,GH¢ per DKK,0.0498693,GH¢ per DKK,ok,
2000-03-02,GBPGHS,Pound Sterling,Buying,"5,921.2747",GH¢ per GBP,0.59212747,GH¢ per GBP,ok,
2000-03-02,GBPGHS,Pound Sterling,Selling,"6,128.3040",GH¢ per GBP,0.6128304,GH¢ per GBP,ok,
2000-03-02,GBPGHS,Pound Sterling,Mid Rate,"6,024.7894",GH¢ per GBP,0.60247894,GH¢ per GBP,ok,
2000-03-02,JPYGHS,Japanese yen,Buying,34.7860,GH¢ per JPY,0.0034786,GH¢ per JPY,ok,
2000-03-02,JPYGHS,Japanese yen,Selling,35.9769,GH¢ per JPY,0.00359769,GH¢ per JPY,ok,
2000-03-02,JPYGHS,Japanese yen,Mid Rate,35.3815,GH¢ per JPY,0.00353815,GH¢ per JPY,ok,
2000-03-02,NOKGHS,Norwegian Krone,Buying,451.7540,GH¢ per NOK,0.0451754,GH¢ per NOK,ok,
2000-03-02,NOKGHS,Norwegian Krone,Selling,467.1782,GH¢ per NOK,0.04671782,GH¢ per NOK,ok,
2000-03-02,NOKGHS,Norwegian Krone,Mid Rate,459.4661,GH¢ per NOK,0.04594661,GH¢ per NOK,ok,
2000-03-02,SEKGHS,Swedish Krona,Buying,432.5540,GH¢ per SEK,0.0432554,GH¢ per SEK,ok,
2000-03-02,SEKGHS,Swedish Krona,Selling,447.0735,GH¢ per SEK,0.04470735,GH¢ per SEK,ok,
2000-03-02,SEKGHS,Swedish Krona,Mid Rate,439.8138,GH¢ per SEK,0.04398138,GH¢ per SEK,ok,
2000-03-03,USDGHS,US Dollar,Buying,"3,755.0900",GH¢ per USD,0.375509,GH¢ per USD,ok,
2000-03-03,USDGHS,US Dollar,Selling,"3,880.3600",GH¢ per USD,0.388036,GH¢ per USD,ok,
2000-03-03,USDGHS,US Dollar,Mid Rate,"3,817.7250",GH¢ per USD,0.3817725,GH¢ per USD,ok,
2000-03-03,AUDGHS,Australian Dollar,Buying,263.9969,GH¢ per AUD,0.02639969,GH¢ per AUD,ok,
2000-03-03,AUDGHS,Australian Dollar,Selling,"2,359.4216",GH¢ per AUD,0.23594216,GH¢ per AUD,ok,
2000-03-03,AUDGHS,Australian Dollar,Mid Rate,"1,311.7093",GH¢ per AUD,0.13117093,GH¢ per AUD,ok,
2000-03-03,CADGHS,Canadian Dollar,Buying,"2,579.5494",GH¢ per CAD,0.25795494,GH¢ per CAD,ok,
2000-03-03,CADGHS,Canadian Dollar,Selling,"2,663.5912",GH¢ per CAD,0.26635912,GH¢ per CAD,ok,
2000-03-03,CADGHS,Canadian Dollar,Mid Rate,"2,621.5703",GH¢ per CAD,0.26215703,GH¢ per CAD,ok,
2000-03-03,CHFGHS,Swiss Franc,Buying,"2,260.9954",GH¢ per CHF,0.22609954,GH¢ per CHF,ok,
2000-03-03,CHFGHS,Swiss Franc,Selling,"2,334.8443",GH¢ per CHF,0.23348443,GH¢ per CHF,ok,
2000-03-03,CHFGHS,Swiss Franc,Mid Rate,"2,297.9199",GH¢ per CHF,0.22979199,GH¢ per CHF,ok,
2000-03-03,DKKGHS,Danish Krone,Buying,487.7628,GH¢ per DKK,0.04877628,GH¢ per DKK,ok,
2000-03-03,DKKGHS,Danish Krone,Selling,503.7426,GH¢ per DKK,0.05037426,GH¢ per DKK,ok,
2000-03-03,DKKGHS,Danish Krone,Mid Rate,495.7527,GH¢ per DKK,0.04957527,GH¢ per DKK,ok,
2000-03-03,GBPGHS,Pound Sterling,Buying,"5,922.9035",GH¢ per GBP,0.59229035,GH¢ per GBP,ok,
2000-03-03,GBPGHS,Pound Sterling,Selling,"6,123.5961",GH¢ per GBP,0.61235961,GH¢ per GBP,ok,
2000-03-03,GBPGHS,Pound Sterling,Mid Rate,"6,023.2498",GH¢ per GBP,0.60232498,GH¢ per GBP,ok,
2000-03-03,JPYGHS,Japanese yen,Buying,34.8611,GH¢ per JPY,0.00348611,GH¢ per JPY,ok,
2000-03-03,JPYGHS,Japanese yen,Selling,36.0169,GH¢ per JPY,0.00360169,GH¢ per JPY,ok,
2000-03-03,JPYGHS,Japanese yen,Mid Rate,35.4390,GH¢ per JPY,0.0035439,GH¢ per JPY,ok,
2000-03-03,NOKGHS,Norwegian Krone,Buying,450.0892,GH¢ per NOK,0.04500892,GH¢ per NOK,ok,
2000-03-03,NOKGHS,Norwegian Krone,Selling,464.7961,GH¢ per NOK,0.04647961,GH¢ per NOK,ok,
2000-03-03,NOKGHS,Norwegian Krone,Mid Rate,457.4427,GH¢ per NOK,0.04574427,GH¢ per NOK,ok,
2000-03-03,SEKGHS,Swedish Krona,Buying,428.7671,GH¢ per SEK,0.04287671,GH¢ per SEK,ok,
2000-03-03,SEKGHS,Swedish Krona,Selling,442.5363,GH¢ per SEK,0.04425363,GH¢ per SEK,ok,
2000-03-03,SEKGHS,Swedish Krona,Mid Rate,435.6517,GH¢ per SEK,0.04356517,GH¢ per SEK,ok,
2000-03-07,USDGHS,US Dollar,Buying,"3,766.8200",GH¢ per USD,0.376682,GH¢ per USD,ok,
2000-03-07,USDGHS,US Dollar,Selling,"3,894.5500",GH¢ per USD,0.389455,GH¢ per USD,ok,
2000-03-07,USDGHS,US Dollar,Mid Rate,"3,830.6850",GH¢ per USD,0.3830685,GH¢ per USD,ok,
2000-03-07,AUDGHS,Australian Dollar,Buying,262.5441,GH¢ per AUD,0.02625441,GH¢ per AUD,ok,
2000-03-07,AUDGHS,Australian Dollar,Selling,"2,352.0893",GH¢ per AUD,0.23520893,GH¢ per AUD,ok,
2000-03-07,AUDGHS,Australian Dollar,Mid Rate,"1,307.3167",GH¢ per AUD,0.13073167,GH¢ per AUD,ok,
2000-03-07,CADGHS,Canadian Dollar,Buying,"2,594.5943",GH¢ per CAD,0.25945943,GH¢ per CAD,ok,
2000-03-07,CADGHS,Canadian Dollar,Selling,"2,680.7284",GH¢ per CAD,0.26807284,GH¢ per CAD,ok,
2000-03-07,CADGHS,Canadian Dollar,Mid Rate,"2,637.6614",GH¢ per CAD,0.26376614,GH¢ per CAD,ok,
2000-03-07,CHFGHS,Swiss Franc,Buying,"2,247.2384",GH¢ per CHF,0.22472384,GH¢ per CHF,ok,
2000-03-07,CHFGHS,Swiss Franc,Selling,"2,322.7698",GH¢ per CHF,0.23227698,GH¢ per CHF,ok,
2000-03-07,CHFGHS,Swiss Franc,Mid Rate,"2,285.0041",GH¢ per CHF,0.22850041,GH¢ per CHF,ok,
2000-03-07,DKKGHS,Danish Krone,Buying,485.1313,GH¢ per DKK,0.04851313,GH¢ per DKK,ok,
2000-03-07,DKKGHS,Danish Krone,Selling,501.3882,GH¢ per DKK,0.05013882,GH¢ per DKK,ok,
2000-03-07,DKKGHS,Danish Krone,Mid Rate,493.2598,GH¢ per DKK,0.04932598,GH¢ per DKK,ok,
2000-03-07,GBPGHS,Pound Sterling,Buying,"5,927.0913",GH¢ per GBP,0.59270913,GH¢ per GBP,ok,
2000-03-07,GBPGHS,Pound Sterling,Selling,"6,130.0217",GH¢ per GBP,0.61300217,GH¢ per GBP,ok,
2000-03-07,GBPGHS,Pound Sterling,Mid Rate,"6,028.5565",GH¢ per GBP,0.60285565,GH¢ per GBP,ok,
2000-03-07,JPYGHS,Japanese yen,Buying,35.0094,GH¢ per JPY,0.00350094,GH¢ per JPY,ok,
2000-03-07,JPYGHS,Japanese yen,Selling,36.1824,GH¢ per JPY,0.00361824,GH¢ per JPY,ok,
2000-03-07,JPYGHS,Japanese yen,Mid Rate,35.5959,GH¢ per JPY,0.00355959,GH¢ per JPY,ok,
2000-03-07,NOKGHS,Norwegian Krone,Buying,446.6568,GH¢ per NOK,0.04466568,GH¢ per NOK,ok,
2000-03-07,NOKGHS,Norwegian Krone,Selling,461.5285,GH¢ per NOK,0.04615285,GH¢ per NOK,ok,
2000-03-07,NOKGHS,Norwegian Krone,Mid Rate,454.0927,GH¢ per NOK,0.04540927,GH¢ per NOK,ok,
2000-03-07,SEKGHS,Swedish Krona,Buying,428.0323,GH¢ per SEK,0.04280323,GH¢ per SEK,ok,
2000-03-07,SEKGHS,Swedish Krona,Selling,442.0455,GH¢ per SEK,0.04420455,GH¢ per SEK,ok,
2000-03-07,SEKGHS,Swedish Krona,Mid Rate,435.0389,GH¢ per SEK,0.04350389,GH¢ per SEK,ok,
2000-03-08,USDGHS,US Dollar,Buying,"3,771.0900",GH¢ per USD,0.377109,GH¢ per USD,ok,
2000-03-08,USDGHS,US Dollar,Selling,"3,905.4500",GH¢ per USD,0.390545,GH¢ per USD,ok,
2000-03-08,USDGHS,US Dollar,Mid Rate,"3,838.2700",GH¢ per USD,0.383827,GH¢ per USD,ok,
2000-03-08,AUDGHS,Australian Dollar,Buying,263.1164,GH¢ per AUD,0.02631164,GH¢ per AUD,ok,
2000-03-08,AUDGHS,Australian Dollar,Selling,"2,373.7153",GH¢ per AUD,0.23737153,GH¢ per AUD,ok,
2000-03-08,AUDGHS,Australian Dollar,Mid Rate,"1,318.4159",GH¢ per AUD,0.13184159,GH¢ per AUD,ok,
2000-03-08,CADGHS,Canadian Dollar,Buying,"2,590.8603",GH¢ per CAD,0.25908603,GH¢ per CAD,ok,
2000-03-08,CADGHS,Canadian Dollar,Selling,"2,680.6468",GH¢ per CAD,0.26806468,GH¢ per CAD,ok,
2000-03-08,CADGHS,Canadian Dollar,Mid Rate,"2,635.7536",GH¢ per CAD,0.26357536,GH¢ per CAD,ok,
2000-03-08,CHFGHS,Swiss Franc,Buying,"2,253.6042",GH¢ per CHF,0.22536042,GH¢ per CHF,ok,
2000-03-08,CHFGHS,Swiss Franc,Selling,"2,332.5754",GH¢ per CHF,0.23325754,GH¢ per CHF,ok,
2000-03-08,CHFGHS,Swiss Franc,Mid Rate,"2,293.0898",GH¢ per CHF,0.22930898,GH¢ per CHF,ok,
2000-03-08,DKKGHS,Danish Krone,Buying,486.2465,GH¢ per DKK,0.04862465,GH¢ per DKK,ok,
2000-03-08,DKKGHS,Danish Krone,Selling,503.2474,GH¢ per DKK,0.05032474,GH¢ per DKK,ok,
2000-03-08,DKKGHS,Danish Krone,Mid Rate,494.7470,GH¢ per DKK,0.0494747,GH¢ per DKK,ok,
2000-03-08,GBPGHS,Pound Sterling,Buying,"5,953.7969",GH¢ per GBP,0.59537969,GH¢ per GBP,ok,
2000-03-08,GBPGHS,Pound Sterling,Selling,"6,167.0961",GH¢ per GBP,0.61670961,GH¢ per GBP,ok,
2000-03-08,GBPGHS,Pound Sterling,Mid Rate,"6,060.4465",GH¢ per GBP,0.60604465,GH¢ per GBP,ok,
2000-03-08,JPYGHS,Japanese yen,Buying,35.2358,GH¢ per JPY,0.00352358,GH¢ per JPY,ok,
2000-03-08,JPYGHS,Japanese yen,Selling,36.4723,GH¢ per JPY,0.00364723,GH¢ per JPY,ok,
2000-03-08,JPYGHS,Japanese yen,Mid Rate,35.8541,GH¢ per JPY,0.00358541,GH¢ per JPY,ok,
2000-03-08,NOKGHS,Norwegian Krone,Buying,448.5713,GH¢ per NOK,0.04485713,GH¢ per NOK,ok,
2000-03-08,NOKGHS,Norwegian Krone,Selling,464.1591,GH¢ per NOK,0.04641591,GH¢ per NOK,ok,
2000-03-08,NOKGHS,Norwegian Krone,Mid Rate,456.3652,GH¢ per NOK,0.04563652,GH¢ per NOK,ok,
2000-03-08,SEKGHS,Swedish Krona,Buying,430.0323,GH¢ per SEK,0.04300323,GH¢ per SEK,ok,
2000-03-08,SEKGHS,Swedish Krona,Selling,444.8858,GH¢ per SEK,0.04448858,GH¢ per SEK,ok,
2000-03-08,SEKGHS,Swedish Krona,Mid Rate,437.4591,GH¢ per SEK,0.04374591,GH¢ per SEK,ok,
2000-03-09,USDGHS,US Dollar,Buying,"3,783.7300",GH¢ per USD,0.378373,GH¢ per USD,ok,
2000-03-09,USDGHS,US Dollar,Selling,"3,911.3600",GH¢ per USD,0.391136,GH¢ per USD,ok,
2000-03-09,USDGHS,US Dollar,Mid Rate,"3,847.5450",GH¢ per USD,0.3847545,GH¢ per USD,ok,
2000-03-09,AUDGHS,Australian Dollar,Buying,264.9266,GH¢ per AUD,0.02649266,GH¢ per AUD,ok,
2000-03-09,AUDGHS,Australian Dollar,Selling,"2,400.3883",GH¢ per AUD,0.24003883,GH¢ per AUD,ok,
2000-03-09,AUDGHS,Australian Dollar,Mid Rate,"1,332.6575",GH¢ per AUD,0.13326575,GH¢ per AUD,ok,
2000-03-09,CADGHS,Canadian Dollar,Buying,"2,599.2909",GH¢ per CAD,0.25992909,GH¢ per CAD,ok,
2000-03-09,CADGHS,Canadian Dollar,Selling,"2,684.2035",GH¢ per CAD,0.26842035,GH¢ per CAD,ok,
2000-03-09,CADGHS,Canadian Dollar,Mid Rate,"2,641.7472",GH¢ per CAD,0.26417472,GH¢ per CAD,ok,
2000-03-09,CHFGHS,Swiss Franc,Buying,"2,270.5826",GH¢ per CHF,0.22705826,GH¢ per CHF,ok,
2000-03-09,CHFGHS,Swiss Franc,Selling,"2,345.1558",GH¢ per CHF,0.23451558,GH¢ per CHF,ok,
2000-03-09,CHFGHS,Swiss Franc,Mid Rate,"2,307.8692",GH¢ per CHF,0.23078692,GH¢ per CHF,ok,
2000-03-09,DKKGHS,Danish Krone,Buying,489.6373,GH¢ per DKK,0.04896373,GH¢ per DKK,ok,
2000-03-09,DKKGHS,Danish Krone,Selling,505.7961,GH¢ per DKK,0.05057961,GH¢ per DKK,ok,
2000-03-09,DKKGHS,Danish Krone,Mid Rate,497.7167,GH¢ per DKK,0.04977167,GH¢ per DKK,ok,
2000-03-09,GBPGHS,Pound Sterling,Buying,"5,984.3474",GH¢ per GBP,0.59843474,GH¢ per GBP,ok,
2000-03-09,GBPGHS,Pound Sterling,Selling,"6,188.1627",GH¢ per GBP,0.61881627,GH¢ per GBP,ok,
2000-03-09,GBPGHS,Pound Sterling,Mid Rate,"6,086.2551",GH¢ per GBP,0.60862551,GH¢ per GBP,ok,
2000-03-09,JPYGHS,Japanese yen,Buying,35.5049,GH¢ per JPY,0.00355049,GH¢ per JPY,ok,
2000-03-09,JPYGHS,Japanese yen,Selling,36.6880,GH¢ per JPY,0.0036688,GH¢ per JPY,ok,
2000-03-09,JPYGHS,Japanese yen,Mid Rate,36.0965,GH¢ per JPY,0.00360965,GH¢ per JPY,ok,
2000-03-09,NOKGHS,Norwegian Krone,Buying,449.3226,GH¢ per NOK,0.04493226,GH¢ per NOK,ok,
2000-03-09,NOKGHS,Norwegian Krone,Selling,464.0577,GH¢ per NOK,0.04640577,GH¢ per NOK,ok,
2000-03-09,NOKGHS,Norwegian Krone,Mid Rate,456.6902,GH¢ per NOK,0.04566902,GH¢ per NOK,ok,
2000-03-09,SEKGHS,Swedish Krona,Buying,430.3181,GH¢ per SEK,0.04303181,GH¢ per SEK,ok,
2000-03-09,SEKGHS,Swedish Krona,Selling,444.1881,GH¢ per SEK,0.04441881,GH¢ per SEK,ok,
2000-03-09,SEKGHS,Swedish Krona,Mid Rate,437.2531,GH¢ per SEK,0.04372531,GH¢ per SEK,ok,
2000-03-10,USDGHS,US Dollar,Buying,"3,790.8200",GH¢ per USD,0.379082,GH¢ per USD,ok,
2000-03-10,USDGHS,US Dollar,Selling,"3,917.8200",GH¢ per USD,0.391782,GH¢ per USD,ok,
2000-03-10,USDGHS,US Dollar,Mid Rate,"3,854.3200",GH¢ per USD,0.385432,GH¢ per USD,ok,
2000-03-10,AUDGHS,Australian Dollar,Buying,266.6455,GH¢ per AUD,0.02666455,GH¢ per AUD,ok,
2000-03-10,AUDGHS,Australian Dollar,Selling,"2,412.0748",GH¢ per AUD,0.24120748,GH¢ per AUD,ok,
2000-03-10,AUDGHS,Australian Dollar,Mid Rate,"1,339.3602",GH¢ per AUD,0.13393602,GH¢ per AUD,ok,
2000-03-10,CADGHS,Canadian Dollar,Buying,"2,604.4404",GH¢ per CAD,0.26044404,GH¢ per CAD,ok,
2000-03-10,CADGHS,Canadian Dollar,Selling,"2,689.8694",GH¢ per CAD,0.26898694,GH¢ per CAD,ok,
2000-03-10,CADGHS,Canadian Dollar,Mid Rate,"2,647.1549",GH¢ per CAD,0.26471549,GH¢ per CAD,ok,
2000-03-10,CHFGHS,Swiss Franc,Buying,"2,282.9731",GH¢ per CHF,0.22829731,GH¢ per CHF,ok,
2000-03-10,CHFGHS,Swiss Franc,Selling,"2,358.7377",GH¢ per CHF,0.23587377,GH¢ per CHF,ok,
2000-03-10,CHFGHS,Swiss Franc,Mid Rate,"2,320.8554",GH¢ per CHF,0.23208554,GH¢ per CHF,ok,
2000-03-10,DKKGHS,Danish Krone,Buying,492.5066,GH¢ per DKK,0.04925066,GH¢ per DKK,ok,
2000-03-10,DKKGHS,Danish Krone,Selling,508.7398,GH¢ per DKK,0.05087398,GH¢ per DKK,ok,
2000-03-10,DKKGHS,Danish Krone,Mid Rate,500.6232,GH¢ per DKK,0.05006232,GH¢ per DKK,ok,
2000-03-10,GBPGHS,Pound Sterling,Buying,"6,000.1099",GH¢ per GBP,0.60001099,GH¢ per GBP,ok,
2000-03-10,GBPGHS,Pound Sterling,Selling,"6,202.3008",GH¢ per GBP,0.62023008,GH¢ per GBP,ok,
2000-03-10,GBPGHS,Pound Sterling,Mid Rate,"6,101.2054",GH¢ per GBP,0.61012054,GH¢ per GBP,ok,
2000-03-10,JPYGHS,Japanese yen,Buying,35.6598,GH¢ per JPY,0.00356598,GH¢ per JPY,ok,
2000-03-10,JPYGHS,Japanese yen,Selling,36.8351,GH¢ per JPY,0.00368351,GH¢ per JPY,ok,
2000-03-10,JPYGHS,Japanese yen,Mid Rate,36.2475,GH¢ per JPY,0.00362475,GH¢ per JPY,ok,
2000-03-10,NOKGHS,Norwegian Krone,Buying,452.5823,GH¢ per NOK,0.04525823,GH¢ per NOK,ok,
2000-03-10,NOKGHS,Norwegian Krone,Selling,467.4631,GH¢ per NOK,0.04674631,GH¢ per NOK,ok,
2000-03-10,NOKGHS,Norwegian Krone,Mid Rate,460.0227,GH¢ per NOK,0.04600227,GH¢ per NOK,ok,
2000-03-10,SEKGHS,Swedish Krona,Buying,434.7276,GH¢ per SEK,0.04347276,GH¢ per SEK,ok,
2000-03-10,SEKGHS,Swedish Krona,Selling,448.7754,GH¢ per SEK,0.04487754,GH¢ per SEK,ok,
2000-03-10,SEKGHS,Swedish Krona,Mid Rate,441.7515,GH¢ per SEK,0.04417515,GH¢ per SEK,ok,
2000-03-13,USDGHS,US Dollar,Buying,"3,801.4500",GH¢ per USD,0.380145,GH¢ per USD,ok,
2000-03-13,USDGHS,US Dollar,Selling,"3,935.7300",GH¢ per USD,0.393573,GH¢ per USD,ok,
2000-03-13,USDGHS,US Dollar,Mid Rate,"3,868.5900",GH¢ per USD,0.386859,GH¢ per USD,ok,
2000-03-13,AUDGHS,Australian Dollar,Buying,267.6779,GH¢ per AUD,0.02676779,GH¢ per AUD,ok,
2000-03-13,AUDGHS,Australian Dollar,Selling,"2,421.1316",GH¢ per AUD,0.24211316,GH¢ per AUD,ok,
2000-03-13,AUDGHS,Australian Dollar,Mid Rate,"1,344.4048",GH¢ per AUD,0.13444048,GH¢ per AUD,ok,
2000-03-13,CADGHS,Canadian Dollar,Buying,"2,608.3689",GH¢ per CAD,0.26083689,GH¢ per CAD,ok,
2000-03-13,CADGHS,Canadian Dollar,Selling,"2,699.8695",GH¢ per CAD,0.26998695,GH¢ per CAD,ok,
2000-03-13,CADGHS,Canadian Dollar,Mid Rate,"2,654.1192",GH¢ per CAD,0.26541192,GH¢ per CAD,ok,
2000-03-13,CHFGHS,Swiss Franc,Buying,"2,287.5880",GH¢ per CHF,0.2287588,GH¢ per CHF,ok,
2000-03-13,CHFGHS,Swiss Franc,Selling,"2,367.9983",GH¢ per CHF,0.23679983,GH¢ per CHF,ok,
2000-03-13,CHFGHS,Swiss Franc,Mid Rate,"2,327.7932",GH¢ per CHF,0.23277932,GH¢ per CHF,ok,
2000-03-13,DKKGHS,Danish Krone,Buying,494.4182,GH¢ per DKK,0.04944182,GH¢ per DKK,ok,
2000-03-13,DKKGHS,Danish Krone,Selling,511.9286,GH¢ per DKK,0.05119286,GH¢ per DKK,ok,
2000-03-13,DKKGHS,Danish Krone,Mid Rate,503.1734,GH¢ per DKK,0.05031734,GH¢ per DKK,ok,
2000-03-13,GBPGHS,Pound Sterling,Buying,"6,006.2910",GH¢ per GBP,0.6006291,GH¢ per GBP,ok,
2000-03-13,GBPGHS,Pound Sterling,Selling,"6,222.3891",GH¢ per GBP,0.62223891,GH¢ per GBP,ok,
2000-03-13,GBPGHS,Pound Sterling,Mid Rate,"6,114.3401",GH¢ per GBP,0.61143401,GH¢ per GBP,ok,
2000-03-13,JPYGHS,Japanese yen,Buying,35.9464,GH¢ per JPY,0.00359464,GH¢ per JPY,ok,
2000-03-13,JPYGHS,Japanese yen,Selling,37.2130,GH¢ per JPY,0.0037213,GH¢ per JPY,ok,
2000-03-13,JPYGHS,Japanese yen,Mid Rate,36.5797,GH¢ per JPY,0.00365797,GH¢ per JPY,ok,
2000-03-13,NOKGHS,Norwegian Krone,Buying,455.0496,GH¢ per NOK,0.04550496,GH¢ per NOK,ok,
2000-03-13,NOKGHS,Norwegian Krone,Selling,471.0505,GH¢ per NOK,0.04710505,GH¢ per NOK,ok,
2000-03-13,NOKGHS,Norwegian Krone,Mid Rate,463.0501,GH¢ per NOK,0.04630501,GH¢ per NOK,ok,
2000-03-13,SEKGHS,Swedish Krona,Buying,437.4065,GH¢ per SEK,0.04374065,GH¢ per SEK,ok,
2000-03-13,SEKGHS,Swedish Krona,Selling,452.5374,GH¢ per SEK,0.04525374,GH¢ per SEK,ok,
2000-03-13,SEKGHS,Swedish Krona,Mid Rate,444.9720,GH¢ per SEK,0.0444972,GH¢ per SEK,ok,
2000-03-14,USDGHS,US Dollar,Buying,"3,823.7300",GH¢ per USD,0.382373,GH¢ per USD,ok,
2000-03-14,USDGHS,US Dollar,Selling,"3,958.2700",GH¢ per USD,0.395827,GH¢ per USD,ok,
2000-03-14,USDGHS,US Dollar,Mid Rate,"3,891.0000",GH¢ per USD,0.3891,GH¢ per USD,ok,
2000-03-14,AUDGHS,Australian Dollar,Buying,267.6419,GH¢ per AUD,0.02676419,GH¢ per AUD,ok,
2000-03-14,AUDGHS,Australian Dollar,Selling,"2,446.1803",GH¢ per AUD,0.24461803,GH¢ per AUD,ok,
2000-03-14,AUDGHS,Australian Dollar,Mid Rate,"1,356.9111",GH¢ per AUD,0.13569111,GH¢ per AUD,ok,
2000-03-14,CADGHS,Canadian Dollar,Buying,"2,616.9464",GH¢ per CAD,0.26169464,GH¢ per CAD,ok,
2000-03-14,CADGHS,Canadian Dollar,Selling,"2,706.6581",GH¢ per CAD,0.27066581,GH¢ per CAD,ok,
2000-03-14,CADGHS,Canadian Dollar,Mid Rate,"2,661.8023",GH¢ per CAD,0.26618023,GH¢ per CAD,ok,
2000-03-14,CHFGHS,Swiss Franc,Buying,"2,286.6406",GH¢ per CHF,0.22866406,GH¢ per CHF,ok,
2000-03-14,CHFGHS,Swiss Franc,Selling,"2,365.2379",GH¢ per CHF,0.23652379,GH¢ per CHF,ok,
2000-03-14,CHFGHS,Swiss Franc,Mid Rate,"2,325.9393",GH¢ per CHF,0.23259393,GH¢ per CHF,ok,
2000-03-14,DKKGHS,Danish Krone,Buying,494.4006,GH¢ per DKK,0.04944006,GH¢ per DKK,ok,
2000-03-14,DKKGHS,Danish Krone,Selling,511.4995,GH¢ per DKK,0.05114995,GH¢ per DKK,ok,
2000-03-14,DKKGHS,Danish Krone,Mid Rate,502.9501,GH¢ per DKK,0.05029501,GH¢ per DKK,ok,
2000-03-14,GBPGHS,Pound Sterling,Buying,"6,007.4622",GH¢ per GBP,0.60074622,GH¢ per GBP,ok,
2000-03-14,GBPGHS,Pound Sterling,Selling,"6,219.6297",GH¢ per GBP,0.62196297,GH¢ per GBP,ok,
2000-03-14,GBPGHS,Pound Sterling,Mid Rate,"6,113.5460",GH¢ per GBP,0.6113546,GH¢ per GBP,ok,
2000-03-14,JPYGHS,Japanese yen,Buying,36.3846,GH¢ per JPY,0.00363846,GH¢ per JPY,ok,
2000-03-14,JPYGHS,Japanese yen,Selling,37.6423,GH¢ per JPY,0.00376423,GH¢ per JPY,ok,
2000-03-14,JPYGHS,Japanese yen,Mid Rate,37.0135,GH¢ per JPY,0.00370135,GH¢ per JPY,ok,
2000-03-14,NOKGHS,Norwegian Krone,Buying,453.5782,GH¢ per NOK,0.04535782,GH¢ per NOK,ok,
2000-03-14,NOKGHS,Norwegian Krone,Selling,469.1688,GH¢ per NOK,0.04691688,GH¢ per NOK,ok,
2000-03-14,NOKGHS,Norwegian Krone,Mid Rate,461.3735,GH¢ per NOK,0.04613735,GH¢ per NOK,ok,
2000-03-14,SEKGHS,Swedish Krona,Buying,438.4913,GH¢ per SEK,0.04384913,GH¢ per SEK,ok,
2000-03-14,SEKGHS,Swedish Krona,Selling,453.3126,GH¢ per SEK,0.04533126,GH¢ per SEK,ok,
2000-03-14,SEKGHS,Swedish Krona,Mid Rate,445.9020,GH¢ per SEK,0.0445902,GH¢ per SEK,ok,
2000-03-15,USDGHS,US Dollar,Buying,"3,843.0900",GH¢ per USD,0.384309,GH¢ per USD,ok,
2000-03-15,USDGHS,US Dollar,Selling,"3,974.8200",GH¢ per USD,0.397482,GH¢ per USD,ok,
2000-03-15,USDGHS,US Dollar,Mid Rate,"3,908.9550",GH¢ per USD,0.3908955,GH¢ per USD,ok,
2000-03-15,AUDGHS,Australian Dollar,Buying,270.3397,GH¢ per AUD,0.02703397,GH¢ per AUD,ok,
2000-03-15,AUDGHS,Australian Dollar,Selling,"2,442.3253",GH¢ per AUD,0.24423253,GH¢ per AUD,ok,
2000-03-15,AUDGHS,Australian Dollar,Mid Rate,"1,356.3325",GH¢ per AUD,0.13563325,GH¢ per AUD,ok,
2000-03-15,CADGHS,Canadian Dollar,Buying,"2,626.4787",GH¢ per CAD,0.26264787,GH¢ per CAD,ok,
2000-03-15,CADGHS,Canadian Dollar,Selling,"2,715.9545",GH¢ per CAD,0.27159545,GH¢ per CAD,ok,
2000-03-15,CADGHS,Canadian Dollar,Mid Rate,"2,671.2166",GH¢ per CAD,0.26712166,GH¢ per CAD,ok,
2000-03-15,CHFGHS,Swiss Franc,Buying,"2,308.5824",GH¢ per CHF,0.23085824,GH¢ per CHF,ok,
2000-03-15,CHFGHS,Swiss Franc,Selling,"2,386.0136",GH¢ per CHF,0.23860136,GH¢ per CHF,ok,
2000-03-15,CHFGHS,Swiss Franc,Mid Rate,"2,347.2980",GH¢ per CHF,0.2347298,GH¢ per CHF,ok,
2000-03-15,DKKGHS,Danish Krone,Buying,499.3853,GH¢ per DKK,0.04993853,GH¢ per DKK,ok,
2000-03-15,DKKGHS,Danish Krone,Selling,516.2023,GH¢ per DKK,0.05162023,GH¢ per DKK,ok,
2000-03-15,DKKGHS,Danish Krone,Mid Rate,507.7938,GH¢ per DKK,0.05077938,GH¢ per DKK,ok,
2000-03-15,GBPGHS,Pound Sterling,Buying,"6,048.2550",GH¢ per GBP,0.6048255,GH¢ per GBP,ok,
2000-03-15,GBPGHS,Pound Sterling,Selling,"6,257.5591",GH¢ per GBP,0.62575591,GH¢ per GBP,ok,
2000-03-15,GBPGHS,Pound Sterling,Mid Rate,"6,152.9071",GH¢ per GBP,0.61529071,GH¢ per GBP,ok,
2000-03-15,JPYGHS,Japanese yen,Buying,36.2649,GH¢ per JPY,0.00362649,GH¢ per JPY,ok,
2000-03-15,JPYGHS,Japanese yen,Selling,37.4929,GH¢ per JPY,0.00374929,GH¢ per JPY,ok,
2000-03-15,JPYGHS,Japanese yen,Mid Rate,36.8789,GH¢ per JPY,0.00368789,GH¢ per JPY,ok,
2000-03-15,NOKGHS,Norwegian Krone,Buying,456.5065,GH¢ per NOK,0.04565065,GH¢ per NOK,ok,
2000-03-15,NOKGHS,Norwegian Krone,Selling,471.8164,GH¢ per NOK,0.04718164,GH¢ per NOK,ok,
2000-03-15,NOKGHS,Norwegian Krone,Mid Rate,464.1615,GH¢ per NOK,0.04641615,GH¢ per NOK,ok,
2000-03-15,SEKGHS,Swedish Krona,Buying,442.1336,GH¢ per SEK,0.04421336,GH¢ per SEK,ok,
2000-03-15,SEKGHS,Swedish Krona,Selling,456.7161,GH¢ per SEK,0.04567161,GH¢ per SEK,ok,
2000-03-15,SEKGHS,Swedish Krona,Mid Rate,449.4249,GH¢ per SEK,0.04494249,GH¢ per SEK,ok,
2000-03-17,USDGHS,US Dollar,Buying,"3,867.5500",GH¢ per USD,0.386755,GH¢ per USD,ok,
2000-03-17,USDGHS,US Dollar,Selling,"3,997.7300",GH¢ per USD,0.399773,GH¢ per USD,ok,
2000-03-17,USDGHS,US Dollar,Mid Rate,"3,932.6400",GH¢ per USD,0.393264,GH¢ per USD,ok,
2000-03-17,AUDGHS,Australian Dollar,Buying,272.4224,GH¢ per AUD,0.02724224,GH¢ per AUD,ok,
2000-03-17,AUDGHS,Australian Dollar,Selling,"2,447.9096",GH¢ per AUD,0.24479096,GH¢ per AUD,ok,
2000-03-17,AUDGHS,Australian Dollar,Mid Rate,"1,360.1660",GH¢ per AUD,0.1360166,GH¢ per AUD,ok,
2000-03-17,CADGHS,Canadian Dollar,Buying,"2,629.3727",GH¢ per CAD,0.26293727,GH¢ per CAD,ok,
2000-03-17,CADGHS,Canadian Dollar,Selling,"2,714.7657",GH¢ per CAD,0.27147657,GH¢ per CAD,ok,
2000-03-17,CADGHS,Canadian Dollar,Mid Rate,"2,672.0692",GH¢ per CAD,0.26720692,GH¢ per CAD,ok,
2000-03-17,CHFGHS,Swiss Franc,Buying,"2,326.7682",GH¢ per CHF,0.23267682,GH¢ per CHF,ok,
2000-03-17,CHFGHS,Swiss Franc,Selling,"2,402.5759",GH¢ per CHF,0.24025759,GH¢ per CHF,ok,
2000-03-17,CHFGHS,Swiss Franc,Mid Rate,"2,364.6721",GH¢ per CHF,0.23646721,GH¢ per CHF,ok,
2000-03-17,DKKGHS,Danish Krone,Buying,503.3882,GH¢ per DKK,0.05033882,GH¢ per DKK,ok,
2000-03-17,DKKGHS,Danish Krone,Selling,519.8965,GH¢ per DKK,0.05198965,GH¢ per DKK,ok,
2000-03-17,DKKGHS,Danish Krone,Mid Rate,511.6424,GH¢ per DKK,0.05116424,GH¢ per DKK,ok,
2000-03-17,GBPGHS,Pound Sterling,Buying,"6,087.5237",GH¢ per GBP,0.60875237,GH¢ per GBP,ok,
2000-03-17,GBPGHS,Pound Sterling,Selling,"6,292.8268",GH¢ per GBP,0.62928268,GH¢ per GBP,ok,
2000-03-17,GBPGHS,Pound Sterling,Mid Rate,"6,190.1753",GH¢ per GBP,0.61901753,GH¢ per GBP,ok,
2000-03-17,JPYGHS,Japanese yen,Buying,36.5135,GH¢ per JPY,0.00365135,GH¢ per JPY,ok,
2000-03-17,JPYGHS,Japanese yen,Selling,37.7177,GH¢ per JPY,0.00377177,GH¢ per JPY,ok,
2000-03-17,JPYGHS,Japanese yen,Mid Rate,37.1156,GH¢ per JPY,0.00371156,GH¢ per JPY,ok,
2000-03-17,NOKGHS,Norwegian Krone,Buying,460.1546,GH¢ per NOK,0.04601546,GH¢ per NOK,ok,
2000-03-17,NOKGHS,Norwegian Krone,Selling,475.3213,GH¢ per NOK,0.04753213,GH¢ per NOK,ok,
2000-03-17,NOKGHS,Norwegian Krone,Mid Rate,467.7380,GH¢ per NOK,0.0467738,GH¢ per NOK,ok,
2000-03-17,SEKGHS,Swedish Krona,Buying,445.9920,GH¢ per SEK,0.0445992,GH¢ per SEK,ok,
2000-03-17,SEKGHS,Swedish Krona,Selling,460.2678,GH¢ per SEK,0.04602678,GH¢ per SEK,ok,
2000-03-17,SEKGHS,Swedish Krona,Mid Rate,453.1299,GH¢ per SEK,0.04531299,GH¢ per SEK,ok,
2000-03-20,USDGHS,US Dollar,Buying,"3,892.1800",GH¢ per USD,0.389218,GH¢ per USD,ok,
2000-03-20,USDGHS,US Dollar,Selling,"4,026.1800",GH¢ per USD,0.402618,GH¢ per USD,ok,
2000-03-20,USDGHS,US Dollar,Mid Rate,"3,959.1800",GH¢ per USD,0.395918,GH¢ per USD,ok,
2000-03-20,AUDGHS,Australian Dollar,Buying,275.0869,GH¢ per AUD,0.02750869,GH¢ per AUD,ok,
2000-03-20,AUDGHS,Australian Dollar,Selling,"2,440.3669",GH¢ per AUD,0.24403669,GH¢ per AUD,ok,
2000-03-20,AUDGHS,Australian Dollar,Mid Rate,"1,357.7269",GH¢ per AUD,0.13577269,GH¢ per AUD,ok,
2000-03-20,CADGHS,Canadian Dollar,Buying,"2,650.3322",GH¢ per CAD,0.26503322,GH¢ per CAD,ok,
2000-03-20,CADGHS,Canadian Dollar,Selling,"2,739.1267",GH¢ per CAD,0.27391267,GH¢ per CAD,ok,
2000-03-20,CADGHS,Canadian Dollar,Mid Rate,"2,694.7295",GH¢ per CAD,0.26947295,GH¢ per CAD,ok,
2000-03-20,CHFGHS,Swiss Franc,Buying,"2,348.2192",GH¢ per CHF,0.23482192,GH¢ per CHF,ok,
2000-03-20,CHFGHS,Swiss Franc,Selling,"2,428.6244",GH¢ per CHF,0.24286244,GH¢ per CHF,ok,
2000-03-20,CHFGHS,Swiss Franc,Mid Rate,"2,388.4218",GH¢ per CHF,0.23884218,GH¢ per CHF,ok,
2000-03-20,DKKGHS,Danish Krone,Buying,508.3170,GH¢ per DKK,0.0508317,GH¢ per DKK,ok,
2000-03-20,DKKGHS,Danish Krone,Selling,525.8142,GH¢ per DKK,0.05258142,GH¢ per DKK,ok,
2000-03-20,DKKGHS,Danish Krone,Mid Rate,517.0656,GH¢ per DKK,0.05170656,GH¢ per DKK,ok,
2000-03-20,GBPGHS,Pound Sterling,Buying,"6,116.1717",GH¢ per GBP,0.61161717,GH¢ per GBP,ok,
2000-03-20,GBPGHS,Pound Sterling,Selling,"6,328.7523",GH¢ per GBP,0.63287523,GH¢ per GBP,ok,
2000-03-20,GBPGHS,Pound Sterling,Mid Rate,"6,222.4620",GH¢ per GBP,0.6222462,GH¢ per GBP,ok,
2000-03-20,JPYGHS,Japanese yen,Buying,36.5123,GH¢ per JPY,0.00365123,GH¢ per JPY,ok,
2000-03-20,JPYGHS,Japanese yen,Selling,37.7543,GH¢ per JPY,0.00377543,GH¢ per JPY,ok,
2000-03-20,JPYGHS,Japanese yen,Mid Rate,37.1333,GH¢ per JPY,0.00371333,GH¢ per JPY,ok,
2000-03-20,NOKGHS,Norwegian Krone,Buying,462.8835,GH¢ per NOK,0.04628835,GH¢ per NOK,ok,
2000-03-20,NOKGHS,Norwegian Krone,Selling,478.5953,GH¢ per NOK,0.04785953,GH¢ per NOK,ok,
2000-03-20,NOKGHS,Norwegian Krone,Mid Rate,470.7394,GH¢ per NOK,0.04707394,GH¢ per NOK,ok,
2000-03-20,SEKGHS,Swedish Krona,Buying,450.1422,GH¢ per SEK,0.04501422,GH¢ per SEK,ok,
2000-03-20,SEKGHS,Swedish Krona,Selling,465.1613,GH¢ per SEK,0.04651613,GH¢ per SEK,ok,
2000-03-20,SEKGHS,Swedish Krona,Mid Rate,457.6518,GH¢ per SEK,0.04576518,GH¢ per SEK,ok,
2000-03-21,USDGHS,US Dollar,Buying,"3,916.5500",GH¢ per USD,0.391655,GH¢ per USD,ok,
2000-03-21,USDGHS,US Dollar,Selling,"4,051.4500",GH¢ per USD,0.405145,GH¢ per USD,ok,
2000-03-21,USDGHS,US Dollar,Mid Rate,"3,984.0000",GH¢ per USD,0.3984,GH¢ per USD,ok,
2000-03-21,AUDGHS,Australian Dollar,Buying,276.8566,GH¢ per AUD,0.02768566,GH¢ per AUD,ok,
2000-03-21,AUDGHS,Australian Dollar,Selling,"2,471.4947",GH¢ per AUD,0.24714947,GH¢ per AUD,ok,
2000-03-21,AUDGHS,Australian Dollar,Mid Rate,"1,374.1757",GH¢ per AUD,0.13741757,GH¢ per AUD,ok,
2000-03-21,CADGHS,Canadian Dollar,Buying,"2,668.3252",GH¢ per CAD,0.26683252,GH¢ per CAD,ok,
2000-03-21,CADGHS,Canadian Dollar,Selling,"2,758.5163",GH¢ per CAD,0.27585163,GH¢ per CAD,ok,
2000-03-21,CADGHS,Canadian Dollar,Mid Rate,"2,713.4208",GH¢ per CAD,0.27134208,GH¢ per CAD,ok,
2000-03-21,CHFGHS,Swiss Franc,Buying,"2,365.5292",GH¢ per CHF,0.23655292,GH¢ per CHF,ok,
2000-03-21,CHFGHS,Swiss Franc,Selling,"2,445.6468",GH¢ per CHF,0.24456468,GH¢ per CHF,ok,
2000-03-21,CHFGHS,Swiss Franc,Mid Rate,"2,405.5880",GH¢ per CHF,0.2405588,GH¢ per CHF,ok,
2000-03-21,DKKGHS,Danish Krone,Buying,511.6261,GH¢ per DKK,0.05116261,GH¢ per DKK,ok,
2000-03-21,DKKGHS,Danish Krone,Selling,529.0041,GH¢ per DKK,0.05290041,GH¢ per DKK,ok,
2000-03-21,DKKGHS,Danish Krone,Mid Rate,520.3151,GH¢ per DKK,0.05203151,GH¢ per DKK,ok,
2000-03-21,GBPGHS,Pound Sterling,Buying,"6,141.1504",GH¢ per GBP,0.61411504,GH¢ per GBP,ok,
2000-03-21,GBPGHS,Pound Sterling,Selling,"6,356.7251",GH¢ per GBP,0.63567251,GH¢ per GBP,ok,
2000-03-21,GBPGHS,Pound Sterling,Mid Rate,"6,248.9378",GH¢ per GBP,0.62489378,GH¢ per GBP,ok,
2000-03-21,JPYGHS,Japanese yen,Buying,36.7800,GH¢ per JPY,0.003678,GH¢ per JPY,ok,
2000-03-21,JPYGHS,Japanese yen,Selling,38.0437,GH¢ per JPY,0.00380437,GH¢ per JPY,ok,
2000-03-21,JPYGHS,Japanese yen,Mid Rate,37.4119,GH¢ per JPY,0.00374119,GH¢ per JPY,ok,
2000-03-21,NOKGHS,Norwegian Krone,Buying,465.8386,GH¢ per NOK,0.04658386,GH¢ per NOK,ok,
2000-03-21,NOKGHS,Norwegian Krone,Selling,481.6285,GH¢ per NOK,0.04816285,GH¢ per NOK,ok,
2000-03-21,NOKGHS,Norwegian Krone,Mid Rate,473.7336,GH¢ per NOK,0.04737336,GH¢ per NOK,ok,
2000-03-21,SEKGHS,Swedish Krona,Buying,453.1579,GH¢ per SEK,0.04531579,GH¢ per SEK,ok,
2000-03-21,SEKGHS,Swedish Krona,Selling,468.2532,GH¢ per SEK,0.04682532,GH¢ per SEK,ok,
2000-03-21,SEKGHS,Swedish Krona,Mid Rate,460.7056,GH¢ per SEK,0.04607056,GH¢ per SEK,ok,
2000-03-22,USDGHS,US Dollar,Buying,"3,944.6400",GH¢ per USD,0.394464,GH¢ per USD,ok,
2000-03-22,USDGHS,US Dollar,Selling,"4,090.0900",GH¢ per USD,0.409009,GH¢ per USD,ok,
2000-03-22,USDGHS,US Dollar,Mid Rate,"4,017.3650",GH¢ per USD,0.4017365,GH¢ per USD,ok,
2000-03-22,AUDGHS,Australian Dollar,Buying,275.4545,GH¢ per AUD,0.02754545,GH¢ per AUD,ok,
2000-03-22,AUDGHS,Australian Dollar,Selling,"2,487.0406",GH¢ per AUD,0.24870406,GH¢ per AUD,ok,
2000-03-22,AUDGHS,Australian Dollar,Mid Rate,"1,381.2476",GH¢ per AUD,0.13812476,GH¢ per AUD,ok,
2000-03-22,CADGHS,Canadian Dollar,Buying,"2,685.0387",GH¢ per CAD,0.26850387,GH¢ per CAD,ok,
2000-03-22,CADGHS,Canadian Dollar,Selling,"2,781.3179",GH¢ per CAD,0.27813179,GH¢ per CAD,ok,
2000-03-22,CADGHS,Canadian Dollar,Mid Rate,"2,733.1783",GH¢ per CAD,0.27331783,GH¢ per CAD,ok,
2000-03-22,CHFGHS,Swiss Franc,Buying,"2,352.6880",GH¢ per CHF,0.2352688,GH¢ per CHF,ok,
2000-03-22,CHFGHS,Swiss Franc,Selling,"2,438.1436",GH¢ per CHF,0.24381436,GH¢ per CHF,ok,
2000-03-22,CHFGHS,Swiss Franc,Mid Rate,"2,395.4158",GH¢ per CHF,0.23954158,GH¢ per CHF,ok,
2000-03-22,DKKGHS,Danish Krone,Buying,508.9178,GH¢ per DKK,0.05089178,GH¢ per DKK,ok,
2000-03-22,DKKGHS,Danish Krone,Selling,527.3113,GH¢ per DKK,0.05273113,GH¢ per DKK,ok,
2000-03-22,DKKGHS,Danish Krone,Mid Rate,518.1146,GH¢ per DKK,0.05181146,GH¢ per DKK,ok,
2000-03-22,GBPGHS,Pound Sterling,Buying,"6,188.7457",GH¢ per GBP,0.61887457,GH¢ per GBP,ok,
2000-03-22,GBPGHS,Pound Sterling,Selling,"6,418.1692",GH¢ per GBP,0.64181692,GH¢ per GBP,ok,
2000-03-22,GBPGHS,Pound Sterling,Mid Rate,"6,303.4575",GH¢ per GBP,0.63034575,GH¢ per GBP,ok,
2000-03-22,JPYGHS,Japanese yen,Buying,37.0229,GH¢ per JPY,0.00370229,GH¢ per JPY,ok,
2000-03-22,JPYGHS,Japanese yen,Selling,38.3678,GH¢ per JPY,0.00383678,GH¢ per JPY,ok,
2000-03-22,JPYGHS,Japanese yen,Mid Rate,37.6954,GH¢ per JPY,0.00376954,GH¢ per JPY,ok,
2000-03-22,NOKGHS,Norwegian Krone,Buying,464.6554,GH¢ per NOK,0.04646554,GH¢ per NOK,ok,
2000-03-22,NOKGHS,Norwegian Krone,Selling,481.3531,GH¢ per NOK,0.04813531,GH¢ per NOK,ok,
2000-03-22,NOKGHS,Norwegian Krone,Mid Rate,473.0043,GH¢ per NOK,0.04730043,GH¢ per NOK,ok,
2000-03-22,SEKGHS,Swedish Krona,Buying,452.7114,GH¢ per SEK,0.04527114,GH¢ per SEK,ok,
2000-03-22,SEKGHS,Swedish Krona,Selling,468.7190,GH¢ per SEK,0.0468719,GH¢ per SEK,ok,
2000-03-22,SEKGHS,Swedish Krona,Mid Rate,460.7152,GH¢ per SEK,0.04607152,GH¢ per SEK,ok,
2000-03-23,USDGHS,US Dollar,Buying,"3,960.0900",GH¢ per USD,0.396009,GH¢ per USD,ok,
2000-03-23,USDGHS,US Dollar,Selling,"4,101.0000",GH¢ per USD,0.4101,GH¢ per USD,ok,
2000-03-23,USDGHS,US Dollar,Mid Rate,"4,030.5450",GH¢ per USD,0.4030545,GH¢ per USD,ok,
2000-03-23,AUDGHS,Australian Dollar,Buying,277.0460,GH¢ per AUD,0.0277046,GH¢ per AUD,ok,
2000-03-23,AUDGHS,Australian Dollar,Selling,"2,477.6320",GH¢ per AUD,0.2477632,GH¢ per AUD,ok,
2000-03-23,AUDGHS,Australian Dollar,Mid Rate,"1,377.3390",GH¢ per AUD,0.1377339,GH¢ per AUD,ok,
2000-03-23,CADGHS,Canadian Dollar,Buying,"2,694.3585",GH¢ per CAD,0.26943585,GH¢ per CAD,ok,
2000-03-23,CADGHS,Canadian Dollar,Selling,"2,787.5131",GH¢ per CAD,0.27875131,GH¢ per CAD,ok,
2000-03-23,CADGHS,Canadian Dollar,Mid Rate,"2,740.9358",GH¢ per CAD,0.27409358,GH¢ per CAD,ok,
2000-03-23,CHFGHS,Swiss Franc,Buying,"2,368.2714",GH¢ per CHF,0.23682714,GH¢ per CHF,ok,
2000-03-23,CHFGHS,Swiss Franc,Selling,"2,450.9616",GH¢ per CHF,0.24509616,GH¢ per CHF,ok,
2000-03-23,CHFGHS,Swiss Franc,Mid Rate,"2,409.6165",GH¢ per CHF,0.24096165,GH¢ per CHF,ok,
2000-03-23,DKKGHS,Danish Krone,Buying,511.6044,GH¢ per DKK,0.05116044,GH¢ per DKK,ok,
2000-03-23,DKKGHS,Danish Krone,Selling,529.4321,GH¢ per DKK,0.05294321,GH¢ per DKK,ok,
2000-03-23,DKKGHS,Danish Krone,Mid Rate,520.5183,GH¢ per DKK,0.05205183,GH¢ per DKK,ok,
2000-03-23,GBPGHS,Pound Sterling,Buying,"6,242.2899",GH¢ per GBP,0.62422899,GH¢ per GBP,ok,
2000-03-23,GBPGHS,Pound Sterling,Selling,"6,465.6366",GH¢ per GBP,0.64656366,GH¢ per GBP,ok,
2000-03-23,GBPGHS,Pound Sterling,Mid Rate,"6,353.9633",GH¢ per GBP,0.63539633,GH¢ per GBP,ok,
2000-03-23,JPYGHS,Japanese yen,Buying,36.8734,GH¢ per JPY,0.00368734,GH¢ per JPY,ok,
2000-03-23,JPYGHS,Japanese yen,Selling,38.1656,GH¢ per JPY,0.00381656,GH¢ per JPY,ok,
2000-03-23,JPYGHS,Japanese yen,Mid Rate,37.5195,GH¢ per JPY,0.00375195,GH¢ per JPY,ok,
2000-03-23,NOKGHS,Norwegian Krone,Buying,468.6052,GH¢ per NOK,0.04686052,GH¢ per NOK,ok,
2000-03-23,NOKGHS,Norwegian Krone,Selling,484.8403,GH¢ per NOK,0.04848403,GH¢ per NOK,ok,
2000-03-23,NOKGHS,Norwegian Krone,Mid Rate,476.7228,GH¢ per NOK,0.04767228,GH¢ per NOK,ok,
2000-03-23,SEKGHS,Swedish Krona,Buying,456.1410,GH¢ per SEK,0.0456141,GH¢ per SEK,ok,
2000-03-23,SEKGHS,Swedish Krona,Selling,471.6792,GH¢ per SEK,0.04716792,GH¢ per SEK,ok,
2000-03-23,SEKGHS,Swedish Krona,Mid Rate,463.9101,GH¢ per SEK,0.04639101,GH¢ per SEK,ok,
2000-03-24,USDGHS,US Dollar,Buying,"3,980.0000",GH¢ per USD,0.398,GH¢ per USD,ok,
2000-03-24,USDGHS,US Dollar,Selling,"4,118.2700",GH¢ per USD,0.411827,GH¢ per USD,ok,
2000-03-24,USDGHS,US Dollar,Mid Rate,"4,049.1350",GH¢ per USD,0.4049135,GH¢ per USD,ok,
2000-03-24,AUDGHS,Australian Dollar,Buying,281.1516,GH¢ per AUD,0.02811516,GH¢ per AUD,ok,
2000-03-24,AUDGHS,Australian Dollar,Selling,"2,502.7386",GH¢ per AUD,0.25027386,GH¢ per AUD,ok,
2000-03-24,AUDGHS,Australian Dollar,Mid Rate,"1,391.9451",GH¢ per AUD,0.13919451,GH¢ per AUD,ok,
2000-03-24,CADGHS,Canadian Dollar,Buying,"2,712.0913",GH¢ per CAD,0.27120913,GH¢ per CAD,ok,
2000-03-24,CADGHS,Canadian Dollar,Selling,"2,804.3491",GH¢ per CAD,0.28043491,GH¢ per CAD,ok,
2000-03-24,CADGHS,Canadian Dollar,Mid Rate,"2,758.2202",GH¢ per CAD,0.27582202,GH¢ per CAD,ok,
2000-03-24,CHFGHS,Swiss Franc,Buying,"2,416.5210",GH¢ per CHF,0.2416521,GH¢ per CHF,ok,
2000-03-24,CHFGHS,Swiss Franc,Selling,"2,498.9907",GH¢ per CHF,0.24989907,GH¢ per CHF,ok,
2000-03-24,CHFGHS,Swiss Franc,Mid Rate,"2,457.7559",GH¢ per CHF,0.24577559,GH¢ per CHF,ok,
2000-03-24,DKKGHS,Danish Krone,Buying,519.4348,GH¢ per DKK,0.05194348,GH¢ per DKK,ok,
2000-03-24,DKKGHS,Danish Krone,Selling,537.2715,GH¢ per DKK,0.05372715,GH¢ per DKK,ok,
2000-03-24,DKKGHS,Danish Krone,Mid Rate,528.3532,GH¢ per DKK,0.05283532,GH¢ per DKK,ok,
2000-03-24,GBPGHS,Pound Sterling,Buying,"6,319.4440",GH¢ per GBP,0.6319444,GH¢ per GBP,ok,
2000-03-24,GBPGHS,Pound Sterling,Selling,"6,543.1074",GH¢ per GBP,0.65431074,GH¢ per GBP,ok,
2000-03-24,GBPGHS,Pound Sterling,Mid Rate,"6,431.2757",GH¢ per GBP,0.64312757,GH¢ per GBP,ok,
2000-03-24,JPYGHS,Japanese yen,Buying,37.1099,GH¢ per JPY,0.00371099,GH¢ per JPY,ok,
2000-03-24,JPYGHS,Japanese yen,Selling,38.3963,GH¢ per JPY,0.00383963,GH¢ per JPY,ok,
2000-03-24,JPYGHS,Japanese yen,Mid Rate,37.7531,GH¢ per JPY,0.00377531,GH¢ per JPY,ok,
2000-03-24,NOKGHS,Norwegian Krone,Buying,475.4858,GH¢ per NOK,0.04754858,GH¢ per NOK,ok,
2000-03-24,NOKGHS,Norwegian Krone,Selling,491.4161,GH¢ per NOK,0.04914161,GH¢ per NOK,ok,
2000-03-24,NOKGHS,Norwegian Krone,Mid Rate,483.4510,GH¢ per NOK,0.0483451,GH¢ per NOK,ok,
2000-03-24,SEKGHS,Swedish Krona,Buying,460.9234,GH¢ per SEK,0.04609234,GH¢ per SEK,ok,
2000-03-24,SEKGHS,Swedish Krona,Selling,476.5521,GH¢ per SEK,0.04765521,GH¢ per SEK,ok,
2000-03-24,SEKGHS,Swedish Krona,Mid Rate,468.7378,GH¢ per SEK,0.04687378,GH¢ per SEK,ok,
2000-03-28,USDGHS,US Dollar,Buying,"3,979.0900",GH¢ per USD,0.397909,GH¢ per USD,ok,
2000-03-28,USDGHS,US Dollar,Selling,"4,125.2700",GH¢ per USD,0.412527,GH¢ per USD,ok,
2000-03-28,USDGHS,US Dollar,Mid Rate,"4,052.1800",GH¢ per USD,0.405218,GH¢ per USD,ok,
2000-03-28,AUDGHS,Australian Dollar,Buying,279.6344,GH¢ per AUD,0.02796344,GH¢ per AUD,ok,
2000-03-28,AUDGHS,Australian Dollar,Selling,"2,533.5801",GH¢ per AUD,0.25335801,GH¢ per AUD,ok,
2000-03-28,AUDGHS,Australian Dollar,Mid Rate,"1,406.6073",GH¢ per AUD,0.14066073,GH¢ per AUD,ok,
2000-03-28,CADGHS,Canadian Dollar,Buying,"2,732.8584",GH¢ per CAD,0.27328584,GH¢ per CAD,ok,
2000-03-28,CADGHS,Canadian Dollar,Selling,"2,831.1306",GH¢ per CAD,0.28311306,GH¢ per CAD,ok,
2000-03-28,CADGHS,Canadian Dollar,Mid Rate,"2,781.9945",GH¢ per CAD,0.27819945,GH¢ per CAD,ok,
2000-03-28,CHFGHS,Swiss Franc,Buying,"2,419.7478",GH¢ per CHF,0.24197478,GH¢ per CHF,ok,
2000-03-28,CHFGHS,Swiss Franc,Selling,"2,507.0248",GH¢ per CHF,0.25070248,GH¢ per CHF,ok,
2000-03-28,CHFGHS,Swiss Franc,Mid Rate,"2,463.3863",GH¢ per CHF,0.24633863,GH¢ per CHF,ok,
2000-03-28,DKKGHS,Danish Krone,Buying,516.7353,GH¢ per DKK,0.05167353,GH¢ per DKK,ok,
2000-03-28,DKKGHS,Danish Krone,Selling,535.4060,GH¢ per DKK,0.0535406,GH¢ per DKK,ok,
2000-03-28,DKKGHS,Danish Krone,Mid Rate,526.0707,GH¢ per DKK,0.05260707,GH¢ per DKK,ok,
2000-03-28,GBPGHS,Pound Sterling,Buying,"6,314.8158",GH¢ per GBP,0.63148158,GH¢ per GBP,ok,
2000-03-28,GBPGHS,Pound Sterling,Selling,"6,550.1037",GH¢ per GBP,0.65501037,GH¢ per GBP,ok,
2000-03-28,GBPGHS,Pound Sterling,Mid Rate,"6,432.4598",GH¢ per GBP,0.64324598,GH¢ per GBP,ok,
2000-03-28,JPYGHS,Japanese yen,Buying,37.3680,GH¢ per JPY,0.0037368,GH¢ per JPY,ok,
2000-03-28,JPYGHS,Japanese yen,Selling,38.7328,GH¢ per JPY,0.00387328,GH¢ per JPY,ok,
2000-03-28,JPYGHS,Japanese yen,Mid Rate,38.0504,GH¢ per JPY,0.00380504,GH¢ per JPY,ok,
2000-03-28,NOKGHS,Norwegian Krone,Buying,473.7047,GH¢ per NOK,0.04737047,GH¢ per NOK,ok,
2000-03-28,NOKGHS,Norwegian Krone,Selling,490.7842,GH¢ per NOK,0.04907842,GH¢ per NOK,ok,
2000-03-28,NOKGHS,Norwegian Krone,Mid Rate,482.2445,GH¢ per NOK,0.04822445,GH¢ per NOK,ok,
2000-03-28,SEKGHS,Swedish Krona,Buying,461.4002,GH¢ per SEK,0.04614002,GH¢ per SEK,ok,
2000-03-28,SEKGHS,Swedish Krona,Selling,477.7680,GH¢ per SEK,0.0477768,GH¢ per SEK,ok,
2000-03-28,SEKGHS,Swedish Krona,Mid Rate,469.5841,GH¢ per SEK,0.04695841,GH¢ per SEK,ok,
2000-03-29,USDGHS,US Dollar,Buying,"3,980.8200",GH¢ per USD,0.398082,GH¢ per USD,ok,
2000-03-29,USDGHS,US Dollar,Selling,"4,133.1800",GH¢ per USD,0.413318,GH¢ per USD,ok,
2000-03-29,USDGHS,US Dollar,Mid Rate,"4,057.0000",GH¢ per USD,0.4057,GH¢ per USD,ok,
2000-03-29,AUDGHS,Australian Dollar,Buying,276.6370,GH¢ per AUD,0.0276637,GH¢ per AUD,ok,
2000-03-29,AUDGHS,Australian Dollar,Selling,"2,529.0052",GH¢ per AUD,0.25290052,GH¢ per AUD,ok,
2000-03-29,AUDGHS,Australian Dollar,Mid Rate,"1,402.8211",GH¢ per AUD,0.14028211,GH¢ per AUD,ok,
2000-03-29,CADGHS,Canadian Dollar,Buying,"2,734.1735",GH¢ per CAD,0.27341735,GH¢ per CAD,ok,
2000-03-29,CADGHS,Canadian Dollar,Selling,"2,837.0222",GH¢ per CAD,0.28370222,GH¢ per CAD,ok,
2000-03-29,CADGHS,Canadian Dollar,Mid Rate,"2,785.5979",GH¢ per CAD,0.27855979,GH¢ per CAD,ok,
2000-03-29,CHFGHS,Swiss Franc,Buying,"2,395.5925",GH¢ per CHF,0.23955925,GH¢ per CHF,ok,
2000-03-29,CHFGHS,Swiss Franc,Selling,"2,486.7128",GH¢ per CHF,0.24867128,GH¢ per CHF,ok,
2000-03-29,CHFGHS,Swiss Franc,Mid Rate,"2,441.1527",GH¢ per CHF,0.24411527,GH¢ per CHF,ok,
2000-03-29,DKKGHS,Danish Krone,Buying,511.2444,GH¢ per DKK,0.05112444,GH¢ per DKK,ok,
2000-03-29,DKKGHS,Danish Krone,Selling,530.5725,GH¢ per DKK,0.05305725,GH¢ per DKK,ok,
2000-03-29,DKKGHS,Danish Krone,Mid Rate,520.9085,GH¢ per DKK,0.05209085,GH¢ per DKK,ok,
2000-03-29,GBPGHS,Pound Sterling,Buying,"6,312.3863",GH¢ per GBP,0.63123863,GH¢ per GBP,ok,
2000-03-29,GBPGHS,Pound Sterling,Selling,"6,555.2235",GH¢ per GBP,0.65552235,GH¢ per GBP,ok,
2000-03-29,GBPGHS,Pound Sterling,Mid Rate,"6,433.8049",GH¢ per GBP,0.64338049,GH¢ per GBP,ok,
2000-03-29,JPYGHS,Japanese yen,Buying,37.5581,GH¢ per JPY,0.00375581,GH¢ per JPY,ok,
2000-03-29,JPYGHS,Japanese yen,Selling,38.9751,GH¢ per JPY,0.00389751,GH¢ per JPY,ok,
2000-03-29,JPYGHS,Japanese yen,Mid Rate,38.2666,GH¢ per JPY,0.00382666,GH¢ per JPY,ok,
2000-03-29,NOKGHS,Norwegian Krone,Buying,472.8556,GH¢ per NOK,0.04728556,GH¢ per NOK,ok,
2000-03-29,NOKGHS,Norwegian Krone,Selling,490.6935,GH¢ per NOK,0.04906935,GH¢ per NOK,ok,
2000-03-29,NOKGHS,Norwegian Krone,Mid Rate,481.7746,GH¢ per NOK,0.04817746,GH¢ per NOK,ok,
2000-03-29,SEKGHS,Swedish Krona,Buying,464.4500,GH¢ per SEK,0.046445,GH¢ per SEK,ok,
2000-03-29,SEKGHS,Swedish Krona,Selling,481.6936,GH¢ per SEK,0.04816936,GH¢ per SEK,ok,
2000-03-29,SEKGHS,Swedish Krona,Mid Rate,473.0718,GH¢ per SEK,0.04730718,GH¢ per SEK,ok,
2000-03-30,USDGHS,US Dollar,Buying,"4,011.9100",GH¢ per USD,0.401191,GH¢ per USD,ok,
2000-03-30,USDGHS,US Dollar,Selling,"4,149.3600",GH¢ per USD,0.414936,GH¢ per USD,ok,
2000-03-30,USDGHS,US Dollar,Mid Rate,"4,080.6350",GH¢ per USD,0.4080635,GH¢ per USD,ok,
2000-03-30,AUDGHS,Australian Dollar,Buying,278.2803,GH¢ per AUD,0.02782803,GH¢ per AUD,ok,
2000-03-30,AUDGHS,Australian Dollar,Selling,"2,531.4943",GH¢ per AUD,0.25314943,GH¢ per AUD,ok,
2000-03-30,AUDGHS,Australian Dollar,Mid Rate,"1,404.8873",GH¢ per AUD,0.14048873,GH¢ per AUD,ok,
2000-03-30,CADGHS,Canadian Dollar,Buying,"2,750.9302",GH¢ per CAD,0.27509302,GH¢ per CAD,ok,
2000-03-30,CADGHS,Canadian Dollar,Selling,"2,843.2090",GH¢ per CAD,0.2843209,GH¢ per CAD,ok,
2000-03-30,CADGHS,Canadian Dollar,Mid Rate,"2,797.0696",GH¢ per CAD,0.27970696,GH¢ per CAD,ok,
2000-03-30,CHFGHS,Swiss Franc,Buying,"2,401.2330",GH¢ per CHF,0.2401233,GH¢ per CHF,ok,
2000-03-30,CHFGHS,Swiss Franc,Selling,"2,482.6923",GH¢ per CHF,0.24826923,GH¢ per CHF,ok,
2000-03-30,CHFGHS,Swiss Franc,Mid Rate,"2,441.9627",GH¢ per CHF,0.24419627,GH¢ per CHF,ok,
2000-03-30,DKKGHS,Danish Krone,Buying,514.1495,GH¢ per DKK,0.05141495,GH¢ per DKK,ok,
2000-03-30,DKKGHS,Danish Krone,Selling,531.4933,GH¢ per DKK,0.05314933,GH¢ per DKK,ok,
2000-03-30,DKKGHS,Danish Krone,Mid Rate,522.8214,GH¢ per DKK,0.05228214,GH¢ per DKK,ok,
2000-03-30,GBPGHS,Pound Sterling,Buying,"6,386.5595",GH¢ per GBP,0.63865595,GH¢ per GBP,ok,
2000-03-30,GBPGHS,Pound Sterling,Selling,"6,606.1961",GH¢ per GBP,0.66061961,GH¢ per GBP,ok,
2000-03-30,GBPGHS,Pound Sterling,Mid Rate,"6,496.3778",GH¢ per GBP,0.64963778,GH¢ per GBP,ok,
2000-03-30,JPYGHS,Japanese yen,Buying,38.1151,GH¢ per JPY,0.00381151,GH¢ per JPY,ok,
2000-03-30,JPYGHS,Japanese yen,Selling,39.3976,GH¢ per JPY,0.00393976,GH¢ per JPY,ok,
2000-03-30,JPYGHS,Japanese yen,Mid Rate,38.7564,GH¢ per JPY,0.00387564,GH¢ per JPY,ok,
2000-03-30,NOKGHS,Norwegian Krone,Buying,474.2800,GH¢ per NOK,0.047428,GH¢ per NOK,ok,
2000-03-30,NOKGHS,Norwegian Krone,Selling,490.2376,GH¢ per NOK,0.04902376,GH¢ per NOK,ok,
2000-03-30,NOKGHS,Norwegian Krone,Mid Rate,482.2588,GH¢ per NOK,0.04822588,GH¢ per NOK,ok,
2000-03-30,SEKGHS,Swedish Krona,Buying,463.5668,GH¢ per SEK,0.04635668,GH¢ per SEK,ok,
2000-03-30,SEKGHS,Swedish Krona,Selling,478.8938,GH¢ per SEK,0.04788938,GH¢ per SEK,ok,
2000-03-30,SEKGHS,Swedish Krona,Mid Rate,471.2303,GH¢ per SEK,0.04712303,GH¢ per SEK,ok,
2000-03-31,USDGHS,US Dollar,Buying,"4,029.2700",GH¢ per USD,0.402927,GH¢ per USD,ok,
2000-03-31,USDGHS,US Dollar,Selling,"4,159.9100",GH¢ per USD,0.415991,GH¢ per USD,ok,
2000-03-31,USDGHS,US Dollar,Mid Rate,"4,094.5900",GH¢ per USD,0.409459,GH¢ per USD,ok,
2000-03-31,AUDGHS,Australian Dollar,Buying,280.3851,GH¢ per AUD,0.02803851,GH¢ per AUD,ok,
2000-03-31,AUDGHS,Australian Dollar,Selling,"2,515.1922",GH¢ per AUD,0.25151922,GH¢ per AUD,ok,
2000-03-31,AUDGHS,Australian Dollar,Mid Rate,"1,397.7887",GH¢ per AUD,0.13977887,GH¢ per AUD,ok,
2000-03-31,CADGHS,Canadian Dollar,Buying,"2,769.5586",GH¢ per CAD,0.27695586,GH¢ per CAD,ok,
2000-03-31,CADGHS,Canadian Dollar,Selling,"2,856.5575",GH¢ per CAD,0.28565575,GH¢ per CAD,ok,
2000-03-31,CADGHS,Canadian Dollar,Mid Rate,"2,813.0581",GH¢ per CAD,0.28130581,GH¢ per CAD,ok,
2000-03-31,CHFGHS,Swiss Franc,Buying,"2,424.3436",GH¢ per CHF,0.24243436,GH¢ per CHF,ok,
2000-03-31,CHFGHS,Swiss Franc,Selling,"2,500.7126",GH¢ per CHF,0.25007126,GH¢ per CHF,ok,
2000-03-31,CHFGHS,Swiss Franc,Mid Rate,"2,462.5281",GH¢ per CHF,0.24625281,GH¢ per CHF,ok,
2000-03-31,DKKGHS,Danish Krone,Buying,518.1655,GH¢ per DKK,0.05181655,GH¢ per DKK,ok,
2000-03-31,DKKGHS,Danish Krone,Selling,534.6593,GH¢ per DKK,0.05346593,GH¢ per DKK,ok,
2000-03-31,DKKGHS,Danish Krone,Mid Rate,526.4124,GH¢ per DKK,0.05264124,GH¢ per DKK,ok,
2000-03-31,GBPGHS,Pound Sterling,Buying,"6,424.2681",GH¢ per GBP,0.64242681,GH¢ per GBP,ok,
2000-03-31,GBPGHS,Pound Sterling,Selling,"6,634.6405",GH¢ per GBP,0.66346405,GH¢ per GBP,ok,
2000-03-31,GBPGHS,Pound Sterling,Mid Rate,"6,529.4543",GH¢ per GBP,0.65294543,GH¢ per GBP,ok,
2000-03-31,JPYGHS,Japanese yen,Buying,38.3516,GH¢ per JPY,0.00383516,GH¢ per JPY,ok,
2000-03-31,JPYGHS,Japanese yen,Selling,39.5791,GH¢ per JPY,0.00395791,GH¢ per JPY,ok,
2000-03-31,JPYGHS,Japanese yen,Mid Rate,38.9654,GH¢ per JPY,0.00389654,GH¢ per JPY,ok,
2000-03-31,NOKGHS,Norwegian Krone,Buying,477.6905,GH¢ per NOK,0.04776905,GH¢ per NOK,ok,
2000-03-31,NOKGHS,Norwegian Krone,Selling,492.7323,GH¢ per NOK,0.04927323,GH¢ per NOK,ok,
2000-03-31,NOKGHS,Norwegian Krone,Mid Rate,485.2114,GH¢ per NOK,0.04852114,GH¢ per NOK,ok,
2000-03-31,SEKGHS,Swedish Krona,Buying,465.3378,GH¢ per SEK,0.04653378,GH¢ per SEK,ok,
2000-03-31,SEKGHS,Swedish Krona,Selling,479.7212,GH¢ per SEK,0.04797212,GH¢ per SEK,ok,
2000-03-31,SEKGHS,Swedish Krona,Mid Rate,472.5295,GH¢ per SEK,0.04725295,GH¢ per SEK,ok,
2000-04-03,USDGHS,US Dollar,Buying,"4,053.5500",GH¢ per USD,0.405355,GH¢ per USD,ok,
2000-04-03,USDGHS,US Dollar,Selling,"4,190.9100",GH¢ per USD,0.419091,GH¢ per USD,ok,
2000-04-03,USDGHS,US Dollar,Mid Rate,"4,122.2300",GH¢ per USD,0.412223,GH¢ per USD,ok,
2000-04-03,AUDGHS,Australian Dollar,Buying,280.6193,GH¢ per AUD,0.02806193,GH¢ per AUD,ok,
2000-04-03,AUDGHS,Australian Dollar,Selling,"2,547.3138",GH¢ per AUD,0.25473138,GH¢ per AUD,ok,
2000-04-03,AUDGHS,Australian Dollar,Mid Rate,"1,413.9666",GH¢ per AUD,0.14139666,GH¢ per AUD,ok,
2000-04-03,CADGHS,Canadian Dollar,Buying,"2,797.2751",GH¢ per CAD,0.27972751,GH¢ per CAD,ok,
2000-04-03,CADGHS,Canadian Dollar,Selling,"2,888.8480",GH¢ per CAD,0.2888848,GH¢ per CAD,ok,
2000-04-03,CADGHS,Canadian Dollar,Mid Rate,"2,843.0616",GH¢ per CAD,0.28430616,GH¢ per CAD,ok,
2000-04-03,CHFGHS,Swiss Franc,Buying,"2,433.4465",GH¢ per CHF,0.24334465,GH¢ per CHF,ok,
2000-04-03,CHFGHS,Swiss Franc,Selling,"2,513.3446",GH¢ per CHF,0.25133446,GH¢ per CHF,ok,
2000-04-03,CHFGHS,Swiss Franc,Mid Rate,"2,473.3956",GH¢ per CHF,0.24733956,GH¢ per CHF,ok,
2000-04-03,DKKGHS,Danish Krone,Buying,518.6519,GH¢ per DKK,0.05186519,GH¢ per DKK,ok,
2000-04-03,DKKGHS,Danish Krone,Selling,535.8538,GH¢ per DKK,0.05358538,GH¢ per DKK,ok,
2000-04-03,DKKGHS,Danish Krone,Mid Rate,527.2529,GH¢ per DKK,0.05272529,GH¢ per DKK,ok,
2000-04-03,GBPGHS,Pound Sterling,Buying,"6,443.5231",GH¢ per GBP,0.64435231,GH¢ per GBP,ok,
2000-04-03,GBPGHS,Pound Sterling,Selling,"6,663.1278",GH¢ per GBP,0.66631278,GH¢ per GBP,ok,
2000-04-03,GBPGHS,Pound Sterling,Mid Rate,"6,553.3255",GH¢ per GBP,0.65533255,GH¢ per GBP,ok,
2000-04-03,JPYGHS,Japanese yen,Buying,38.7022,GH¢ per JPY,0.00387022,GH¢ per JPY,ok,
2000-04-03,JPYGHS,Japanese yen,Selling,39.9924,GH¢ per JPY,0.00399924,GH¢ per JPY,ok,
2000-04-03,JPYGHS,Japanese yen,Mid Rate,39.3473,GH¢ per JPY,0.00393473,GH¢ per JPY,ok,
2000-04-03,NOKGHS,Norwegian Krone,Buying,476.7965,GH¢ per NOK,0.04767965,GH¢ per NOK,ok,
2000-04-03,NOKGHS,Norwegian Krone,Selling,492.4452,GH¢ per NOK,0.04924452,GH¢ per NOK,ok,
2000-04-03,NOKGHS,Norwegian Krone,Mid Rate,484.6209,GH¢ per NOK,0.04846209,GH¢ per NOK,ok,
2000-04-03,SEKGHS,Swedish Krona,Buying,467.1318,GH¢ per SEK,0.04671318,GH¢ per SEK,ok,
2000-04-03,SEKGHS,Swedish Krona,Selling,482.1924,GH¢ per SEK,0.04821924,GH¢ per SEK,ok,
2000-04-03,SEKGHS,Swedish Krona,Mid Rate,474.6621,GH¢ per SEK,0.04746621,GH¢ per SEK,ok,
2000-04-04,USDGHS,US Dollar,Buying,"4,080.3600",GH¢ per USD,0.408036,GH¢ per USD,ok,
2000-04-04,USDGHS,US Dollar,Selling,"4,207.3600",GH¢ per USD,0.420736,GH¢ per USD,ok,
2000-04-04,USDGHS,US Dollar,Mid Rate,"4,143.8600",GH¢ per USD,0.414386,GH¢ per USD,ok,
2000-04-04,AUDGHS,Australian Dollar,Buying,283.1812,GH¢ per AUD,0.02831812,GH¢ per AUD,ok,
2000-04-04,AUDGHS,Australian Dollar,Selling,"2,535.0622",GH¢ per AUD,0.25350622,GH¢ per AUD,ok,
2000-04-04,AUDGHS,Australian Dollar,Mid Rate,"1,409.1217",GH¢ per AUD,0.14091217,GH¢ per AUD,ok,
2000-04-04,CADGHS,Canadian Dollar,Buying,"2,811.3216",GH¢ per CAD,0.28113216,GH¢ per CAD,ok,
2000-04-04,CADGHS,Canadian Dollar,Selling,"2,898.5124",GH¢ per CAD,0.28985124,GH¢ per CAD,ok,
2000-04-04,CADGHS,Canadian Dollar,Mid Rate,"2,854.9170",GH¢ per CAD,0.2854917,GH¢ per CAD,ok,
2000-04-04,CHFGHS,Swiss Franc,Buying,"2,465.1982",GH¢ per CHF,0.24651982,GH¢ per CHF,ok,
2000-04-04,CHFGHS,Swiss Franc,Selling,"2,541.7876",GH¢ per CHF,0.25417876,GH¢ per CHF,ok,
2000-04-04,CHFGHS,Swiss Franc,Mid Rate,"2,503.4929",GH¢ per CHF,0.25034929,GH¢ per CHF,ok,
2000-04-04,DKKGHS,Danish Krone,Buying,523.1584,GH¢ per DKK,0.05231584,GH¢ per DKK,ok,
2000-04-04,DKKGHS,Danish Krone,Selling,539.4675,GH¢ per DKK,0.05394675,GH¢ per DKK,ok,
2000-04-04,DKKGHS,Danish Krone,Mid Rate,531.3130,GH¢ per DKK,0.0531313,GH¢ per DKK,ok,
2000-04-04,GBPGHS,Pound Sterling,Buying,"6,515.5189",GH¢ per GBP,0.65155189,GH¢ per GBP,ok,
2000-04-04,GBPGHS,Pound Sterling,Selling,"6,722.5198",GH¢ per GBP,0.67225198,GH¢ per GBP,ok,
2000-04-04,GBPGHS,Pound Sterling,Mid Rate,"6,619.0194",GH¢ per GBP,0.66190194,GH¢ per GBP,ok,
2000-04-04,JPYGHS,Japanese yen,Buying,38.7690,GH¢ per JPY,0.0038769,GH¢ per JPY,ok,
2000-04-04,JPYGHS,Japanese yen,Selling,39.9722,GH¢ per JPY,0.00399722,GH¢ per JPY,ok,
2000-04-04,JPYGHS,Japanese yen,Mid Rate,39.3706,GH¢ per JPY,0.00393706,GH¢ per JPY,ok,
2000-04-04,NOKGHS,Norwegian Krone,Buying,481.2408,GH¢ per NOK,0.04812408,GH¢ per NOK,ok,
2000-04-04,NOKGHS,Norwegian Krone,Selling,495.9110,GH¢ per NOK,0.0495911,GH¢ per NOK,ok,
2000-04-04,NOKGHS,Norwegian Krone,Mid Rate,488.5759,GH¢ per NOK,0.04885759,GH¢ per NOK,ok,
2000-04-04,SEKGHS,Swedish Krona,Buying,469.0393,GH¢ per SEK,0.04690393,GH¢ per SEK,ok,
2000-04-04,SEKGHS,Swedish Krona,Selling,483.3563,GH¢ per SEK,0.04833563,GH¢ per SEK,ok,
2000-04-04,SEKGHS,Swedish Krona,Mid Rate,476.1978,GH¢ per SEK,0.04761978,GH¢ per SEK,ok,
2000-04-05,USDGHS,US Dollar,Buying,"4,094.4500",GH¢ per USD,0.409445,GH¢ per USD,ok,
2000-04-05,USDGHS,US Dollar,Selling,"4,237.0000",GH¢ per USD,0.4237,GH¢ per USD,ok,
2000-04-05,USDGHS,US Dollar,Mid Rate,"4,165.7250",GH¢ per USD,0.4165725,GH¢ per USD,ok,
2000-04-05,AUDGHS,Australian Dollar,Buying,286.8734,GH¢ per AUD,0.02868734,GH¢ per AUD,ok,
2000-04-05,AUDGHS,Australian Dollar,Selling,"2,562.9272",GH¢ per AUD,0.25629272,GH¢ per AUD,ok,
2000-04-05,AUDGHS,Australian Dollar,Mid Rate,"1,424.9003",GH¢ per AUD,0.14249003,GH¢ per AUD,ok,
2000-04-05,CADGHS,Canadian Dollar,Buying,"2,816.4136",GH¢ per CAD,0.28164136,GH¢ per CAD,ok,
2000-04-05,CADGHS,Canadian Dollar,Selling,"2,912.4013",GH¢ per CAD,0.29124013,GH¢ per CAD,ok,
2000-04-05,CADGHS,Canadian Dollar,Mid Rate,"2,864.4075",GH¢ per CAD,0.28644075,GH¢ per CAD,ok,
2000-04-05,CHFGHS,Swiss Franc,Buying,"2,505.7607",GH¢ per CHF,0.25057607,GH¢ per CHF,ok,
2000-04-05,CHFGHS,Swiss Franc,Selling,"2,591.9400",GH¢ per CHF,0.259194,GH¢ per CHF,ok,
2000-04-05,CHFGHS,Swiss Franc,Mid Rate,"2,548.8504",GH¢ per CHF,0.25488504,GH¢ per CHF,ok,
2000-04-05,DKKGHS,Danish Krone,Buying,529.9091,GH¢ per DKK,0.05299091,GH¢ per DKK,ok,
2000-04-05,DKKGHS,Danish Krone,Selling,548.0748,GH¢ per DKK,0.05480748,GH¢ per DKK,ok,
2000-04-05,DKKGHS,Danish Krone,Mid Rate,538.9920,GH¢ per DKK,0.0538992,GH¢ per DKK,ok,
2000-04-05,GBPGHS,Pound Sterling,Buying,"6,529.0100",GH¢ per GBP,0.652901,GH¢ per GBP,ok,
2000-04-05,GBPGHS,Pound Sterling,Selling,"6,760.5572",GH¢ per GBP,0.67605572,GH¢ per GBP,ok,
2000-04-05,GBPGHS,Pound Sterling,Mid Rate,"6,644.7836",GH¢ per GBP,0.66447836,GH¢ per GBP,ok,
2000-04-05,JPYGHS,Japanese yen,Buying,38.9164,GH¢ per JPY,0.00389164,GH¢ per JPY,ok,
2000-04-05,JPYGHS,Japanese yen,Selling,40.2678,GH¢ per JPY,0.00402678,GH¢ per JPY,ok,
2000-04-05,JPYGHS,Japanese yen,Mid Rate,39.5921,GH¢ per JPY,0.00395921,GH¢ per JPY,ok,
2000-04-05,NOKGHS,Norwegian Krone,Buying,483.5623,GH¢ per NOK,0.04835623,GH¢ per NOK,ok,
2000-04-05,NOKGHS,Norwegian Krone,Selling,500.1966,GH¢ per NOK,0.05001966,GH¢ per NOK,ok,
2000-04-05,NOKGHS,Norwegian Krone,Mid Rate,491.8795,GH¢ per NOK,0.04918795,GH¢ per NOK,ok,
2000-04-05,SEKGHS,Swedish Krona,Buying,474.3955,GH¢ per SEK,0.04743955,GH¢ per SEK,ok,
2000-04-05,SEKGHS,Swedish Krona,Selling,490.4356,GH¢ per SEK,0.04904356,GH¢ per SEK,ok,
2000-04-05,SEKGHS,Swedish Krona,Mid Rate,482.4156,GH¢ per SEK,0.04824156,GH¢ per SEK,ok,
2000-04-06,USDGHS,US Dollar,Buying,"4,106.6400",GH¢ per USD,0.410664,GH¢ per USD,ok,
2000-04-06,USDGHS,US Dollar,Selling,"4,258.8200",GH¢ per USD,0.425882,GH¢ per USD,ok,
2000-04-06,USDGHS,US Dollar,Mid Rate,"4,182.7300",GH¢ per USD,0.418273,GH¢ per USD,ok,
2000-04-06,AUDGHS,Australian Dollar,Buying,287.4708,GH¢ per AUD,0.02874708,GH¢ per AUD,ok,
2000-04-06,AUDGHS,Australian Dollar,Selling,"2,574.4250",GH¢ per AUD,0.2574425,GH¢ per AUD,ok,
2000-04-06,AUDGHS,Australian Dollar,Mid Rate,"1,430.9479",GH¢ per AUD,0.14309479,GH¢ per AUD,ok,
2000-04-06,CADGHS,Canadian Dollar,Buying,"2,829.6819",GH¢ per CAD,0.28296819,GH¢ per CAD,ok,
2000-04-06,CADGHS,Canadian Dollar,Selling,"2,934.1090",GH¢ per CAD,0.2934109,GH¢ per CAD,ok,
2000-04-06,CADGHS,Canadian Dollar,Mid Rate,"2,881.8955",GH¢ per CAD,0.28818955,GH¢ per CAD,ok,
2000-04-06,CHFGHS,Swiss Franc,Buying,"2,511.9932",GH¢ per CHF,0.25119932,GH¢ per CHF,ok,
2000-04-06,CHFGHS,Swiss Franc,Selling,"2,603.9821",GH¢ per CHF,0.26039821,GH¢ per CHF,ok,
2000-04-06,CHFGHS,Swiss Franc,Mid Rate,"2,557.9877",GH¢ per CHF,0.25579877,GH¢ per CHF,ok,
2000-04-06,DKKGHS,Danish Krone,Buying,531.0478,GH¢ per DKK,0.05310478,GH¢ per DKK,ok,
2000-04-06,DKKGHS,Danish Krone,Selling,550.5465,GH¢ per DKK,0.05505465,GH¢ per DKK,ok,
2000-04-06,DKKGHS,Danish Krone,Mid Rate,540.7972,GH¢ per DKK,0.05407972,GH¢ per DKK,ok,
2000-04-06,GBPGHS,Pound Sterling,Buying,"6,502.0431",GH¢ per GBP,0.65020431,GH¢ per GBP,ok,
2000-04-06,GBPGHS,Pound Sterling,Selling,"6,746.3968",GH¢ per GBP,0.67463968,GH¢ per GBP,ok,
2000-04-06,GBPGHS,Pound Sterling,Mid Rate,"6,624.2200",GH¢ per GBP,0.662422,GH¢ per GBP,ok,
2000-04-06,JPYGHS,Japanese yen,Buying,39.2588,GH¢ per JPY,0.00392588,GH¢ per JPY,ok,
2000-04-06,JPYGHS,Japanese yen,Selling,40.7047,GH¢ per JPY,0.00407047,GH¢ per JPY,ok,
2000-04-06,JPYGHS,Japanese yen,Mid Rate,39.9818,GH¢ per JPY,0.00399818,GH¢ per JPY,ok,
2000-04-06,NOKGHS,Norwegian Krone,Buying,486.1341,GH¢ per NOK,0.04861341,GH¢ per NOK,ok,
2000-04-06,NOKGHS,Norwegian Krone,Selling,503.9476,GH¢ per NOK,0.05039476,GH¢ per NOK,ok,
2000-04-06,NOKGHS,Norwegian Krone,Mid Rate,495.0409,GH¢ per NOK,0.04950409,GH¢ per NOK,ok,
2000-04-06,SEKGHS,Swedish Krona,Buying,476.7138,GH¢ per SEK,0.04767138,GH¢ per SEK,ok,
2000-04-06,SEKGHS,Swedish Krona,Selling,493.9014,GH¢ per SEK,0.04939014,GH¢ per SEK,ok,
2000-04-06,SEKGHS,Swedish Krona,Mid Rate,485.3076,GH¢ per SEK,0.04853076,GH¢ per SEK,ok,
2000-04-07,USDGHS,US Dollar,Buying,"4,112.3600",GH¢ per USD,0.411236,GH¢ per USD,ok,
2000-04-07,USDGHS,US Dollar,Selling,"4,265.3600",GH¢ per USD,0.426536,GH¢ per USD,ok,
2000-04-07,USDGHS,US Dollar,Mid Rate,"4,188.8600",GH¢ per USD,0.418886,GH¢ per USD,ok,
2000-04-07,AUDGHS,Australian Dollar,Buying,286.5259,GH¢ per AUD,0.02865259,GH¢ per AUD,ok,
2000-04-07,AUDGHS,Australian Dollar,Selling,"2,554.7297",GH¢ per AUD,0.25547297,GH¢ per AUD,ok,
2000-04-07,AUDGHS,Australian Dollar,Mid Rate,"1,420.6278",GH¢ per AUD,0.14206278,GH¢ per AUD,ok,
2000-04-07,CADGHS,Canadian Dollar,Buying,"2,832.3906",GH¢ per CAD,0.28323906,GH¢ per CAD,ok,
2000-04-07,CADGHS,Canadian Dollar,Selling,"2,936.3160",GH¢ per CAD,0.2936316,GH¢ per CAD,ok,
2000-04-07,CADGHS,Canadian Dollar,Mid Rate,"2,884.3533",GH¢ per CAD,0.28843533,GH¢ per CAD,ok,
2000-04-07,CHFGHS,Swiss Franc,Buying,"2,513.1618",GH¢ per CHF,0.25131618,GH¢ per CHF,ok,
2000-04-07,CHFGHS,Swiss Franc,Selling,"2,606.5723",GH¢ per CHF,0.26065723,GH¢ per CHF,ok,
2000-04-07,CHFGHS,Swiss Franc,Mid Rate,"2,559.8671",GH¢ per CHF,0.25598671,GH¢ per CHF,ok,
2000-04-07,DKKGHS,Danish Krone,Buying,529.3921,GH¢ per DKK,0.05293921,GH¢ per DKK,ok,
2000-04-07,DKKGHS,Danish Krone,Selling,549.0575,GH¢ per DKK,0.05490575,GH¢ per DKK,ok,
2000-04-07,DKKGHS,Danish Krone,Mid Rate,539.2248,GH¢ per DKK,0.05392248,GH¢ per DKK,ok,
2000-04-07,GBPGHS,Pound Sterling,Buying,"6,511.0996",GH¢ per GBP,0.65110996,GH¢ per GBP,ok,
2000-04-07,GBPGHS,Pound Sterling,Selling,"6,756.7568",GH¢ per GBP,0.67567568,GH¢ per GBP,ok,
2000-04-07,GBPGHS,Pound Sterling,Mid Rate,"6,633.9282",GH¢ per GBP,0.66339282,GH¢ per GBP,ok,
2000-04-07,JPYGHS,Japanese yen,Buying,39.1904,GH¢ per JPY,0.00391904,GH¢ per JPY,ok,
2000-04-07,JPYGHS,Japanese yen,Selling,40.6397,GH¢ per JPY,0.00406397,GH¢ per JPY,ok,
2000-04-07,JPYGHS,Japanese yen,Mid Rate,39.9151,GH¢ per JPY,0.00399151,GH¢ per JPY,ok,
2000-04-07,NOKGHS,Norwegian Krone,Buying,485.7761,GH¢ per NOK,0.04857761,GH¢ per NOK,ok,
2000-04-07,NOKGHS,Norwegian Krone,Selling,503.6492,GH¢ per NOK,0.05036492,GH¢ per NOK,ok,
2000-04-07,NOKGHS,Norwegian Krone,Mid Rate,494.7127,GH¢ per NOK,0.04947127,GH¢ per NOK,ok,
2000-04-07,SEKGHS,Swedish Krona,Buying,477.0980,GH¢ per SEK,0.0477098,GH¢ per SEK,ok,
2000-04-07,SEKGHS,Swedish Krona,Selling,494.3667,GH¢ per SEK,0.04943667,GH¢ per SEK,ok,
2000-04-07,SEKGHS,Swedish Krona,Mid Rate,485.7324,GH¢ per SEK,0.04857324,GH¢ per SEK,ok,
2000-04-10,USDGHS,US Dollar,Buying,"4,126.5500",GH¢ per USD,0.412655,GH¢ per USD,ok,
2000-04-10,USDGHS,US Dollar,Selling,"4,283.1800",GH¢ per USD,0.428318,GH¢ per USD,ok,
2000-04-10,USDGHS,US Dollar,Mid Rate,"4,204.8650",GH¢ per USD,0.4204865,GH¢ per USD,ok,
2000-04-10,AUDGHS,Australian Dollar,Buying,286.9931,GH¢ per AUD,0.02869931,GH¢ per AUD,ok,
2000-04-10,AUDGHS,Australian Dollar,Selling,"2,559.9080",GH¢ per AUD,0.2559908,GH¢ per AUD,ok,
2000-04-10,AUDGHS,Australian Dollar,Mid Rate,"1,423.4506",GH¢ per AUD,0.14234506,GH¢ per AUD,ok,
2000-04-10,CADGHS,Canadian Dollar,Buying,"2,831.0864",GH¢ per CAD,0.28310864,GH¢ per CAD,ok,
2000-04-10,CADGHS,Canadian Dollar,Selling,"2,937.4831",GH¢ per CAD,0.29374831,GH¢ per CAD,ok,
2000-04-10,CADGHS,Canadian Dollar,Mid Rate,"2,884.2848",GH¢ per CAD,0.28842848,GH¢ per CAD,ok,
2000-04-10,CHFGHS,Swiss Franc,Buying,"2,510.9435",GH¢ per CHF,0.25109435,GH¢ per CHF,ok,
2000-04-10,CHFGHS,Swiss Franc,Selling,"2,604.6632",GH¢ per CHF,0.26046632,GH¢ per CHF,ok,
2000-04-10,CHFGHS,Swiss Franc,Mid Rate,"2,557.8034",GH¢ per CHF,0.25578034,GH¢ per CHF,ok,
2000-04-10,DKKGHS,Danish Krone,Buying,530.0457,GH¢ per DKK,0.05300457,GH¢ per DKK,ok,
2000-04-10,DKKGHS,Danish Krone,Selling,549.8801,GH¢ per DKK,0.05498801,GH¢ per DKK,ok,
2000-04-10,DKKGHS,Danish Krone,Mid Rate,539.9629,GH¢ per DKK,0.05399629,GH¢ per DKK,ok,
2000-04-10,GBPGHS,Pound Sterling,Buying,"6,528.2021",GH¢ per GBP,0.65282021,GH¢ per GBP,ok,
2000-04-10,GBPGHS,Pound Sterling,Selling,"6,779.4173",GH¢ per GBP,0.67794173,GH¢ per GBP,ok,
2000-04-10,GBPGHS,Pound Sterling,Mid Rate,"6,653.8097",GH¢ per GBP,0.66538097,GH¢ per GBP,ok,
2000-04-10,JPYGHS,Japanese yen,Buying,38.8584,GH¢ per JPY,0.00388584,GH¢ per JPY,ok,
2000-04-10,JPYGHS,Japanese yen,Selling,40.3249,GH¢ per JPY,0.00403249,GH¢ per JPY,ok,
2000-04-10,JPYGHS,Japanese yen,Mid Rate,39.5917,GH¢ per JPY,0.00395917,GH¢ per JPY,ok,
2000-04-10,NOKGHS,Norwegian Krone,Buying,485.5342,GH¢ per NOK,0.04855342,GH¢ per NOK,ok,
2000-04-10,NOKGHS,Norwegian Krone,Selling,503.6677,GH¢ per NOK,0.05036677,GH¢ per NOK,ok,
2000-04-10,NOKGHS,Norwegian Krone,Mid Rate,494.6010,GH¢ per NOK,0.0494601,GH¢ per NOK,ok,
2000-04-10,SEKGHS,Swedish Krona,Buying,477.0857,GH¢ per SEK,0.04770857,GH¢ per SEK,ok,
2000-04-10,SEKGHS,Swedish Krona,Selling,494.6205,GH¢ per SEK,0.04946205,GH¢ per SEK,ok,
2000-04-10,SEKGHS,Swedish Krona,Mid Rate,485.8531,GH¢ per SEK,0.04858531,GH¢ per SEK,ok,
2000-04-11,USDGHS,US Dollar,Buying,"4,163.9100",GH¢ per USD,0.416391,GH¢ per USD,ok,
2000-04-11,USDGHS,US Dollar,Selling,"4,322.5500",GH¢ per USD,0.432255,GH¢ per USD,ok,
2000-04-11,USDGHS,US Dollar,Mid Rate,"4,243.2300",GH¢ per USD,0.424323,GH¢ per USD,ok,
2000-04-11,AUDGHS,Australian Dollar,Buying,291.3356,GH¢ per AUD,0.02913356,GH¢ per AUD,ok,
2000-04-11,AUDGHS,Australian Dollar,Selling,"2,577.5649",GH¢ per AUD,0.25775649,GH¢ per AUD,ok,
2000-04-11,AUDGHS,Australian Dollar,Mid Rate,"1,434.4503",GH¢ per AUD,0.14344503,GH¢ per AUD,ok,
2000-04-11,CADGHS,Canadian Dollar,Buying,"2,849.2371",GH¢ per CAD,0.28492371,GH¢ per CAD,ok,
2000-04-11,CADGHS,Canadian Dollar,Selling,"2,955.4543",GH¢ per CAD,0.29554543,GH¢ per CAD,ok,
2000-04-11,CADGHS,Canadian Dollar,Mid Rate,"2,902.3457",GH¢ per CAD,0.29023457,GH¢ per CAD,ok,
2000-04-11,CHFGHS,Swiss Franc,Buying,"2,549.6709",GH¢ per CHF,0.25496709,GH¢ per CHF,ok,
2000-04-11,CHFGHS,Swiss Franc,Selling,"2,645.6930",GH¢ per CHF,0.2645693,GH¢ per CHF,ok,
2000-04-11,CHFGHS,Swiss Franc,Mid Rate,"2,597.6820",GH¢ per CHF,0.2597682,GH¢ per CHF,ok,
2000-04-11,DKKGHS,Danish Krone,Buying,538.3186,GH¢ per DKK,0.05383186,GH¢ per DKK,ok,
2000-04-11,DKKGHS,Danish Krone,Selling,558.5405,GH¢ per DKK,0.05585405,GH¢ per DKK,ok,
2000-04-11,DKKGHS,Danish Krone,Mid Rate,548.4296,GH¢ per DKK,0.05484296,GH¢ per DKK,ok,
2000-04-11,GBPGHS,Pound Sterling,Buying,"6,598.5482",GH¢ per GBP,0.65985482,GH¢ per GBP,ok,
2000-04-11,GBPGHS,Pound Sterling,Selling,"6,853.4030",GH¢ per GBP,0.6853403,GH¢ per GBP,ok,
2000-04-11,GBPGHS,Pound Sterling,Mid Rate,"6,725.9756",GH¢ per GBP,0.67259756,GH¢ per GBP,ok,
2000-04-11,JPYGHS,Japanese yen,Buying,38.9180,GH¢ per JPY,0.0038918,GH¢ per JPY,ok,
2000-04-11,JPYGHS,Japanese yen,Selling,40.3925,GH¢ per JPY,0.00403925,GH¢ per JPY,ok,
2000-04-11,JPYGHS,Japanese yen,Mid Rate,39.6553,GH¢ per JPY,0.00396553,GH¢ per JPY,ok,
2000-04-11,NOKGHS,Norwegian Krone,Buying,489.3831,GH¢ per NOK,0.04893831,GH¢ per NOK,ok,
2000-04-11,NOKGHS,Norwegian Krone,Selling,507.6670,GH¢ per NOK,0.0507667,GH¢ per NOK,ok,
2000-04-11,NOKGHS,Norwegian Krone,Mid Rate,498.5251,GH¢ per NOK,0.04985251,GH¢ per NOK,ok,
2000-04-11,SEKGHS,Swedish Krona,Buying,483.9881,GH¢ per SEK,0.04839881,GH¢ per SEK,ok,
2000-04-11,SEKGHS,Swedish Krona,Selling,501.7977,GH¢ per SEK,0.05017977,GH¢ per SEK,ok,
2000-04-11,SEKGHS,Swedish Krona,Mid Rate,492.8929,GH¢ per SEK,0.04928929,GH¢ per SEK,ok,
2000-04-12,USDGHS,US Dollar,Buying,"4,167.2700",GH¢ per USD,0.416727,GH¢ per USD,ok,
2000-04-12,USDGHS,US Dollar,Selling,"4,326.1800",GH¢ per USD,0.432618,GH¢ per USD,ok,
2000-04-12,USDGHS,US Dollar,Mid Rate,"4,246.7250",GH¢ per USD,0.4246725,GH¢ per USD,ok,
2000-04-12,AUDGHS,Australian Dollar,Buying,290.1637,GH¢ per AUD,0.02901637,GH¢ per AUD,ok,
2000-04-12,AUDGHS,Australian Dollar,Selling,"2,577.9248",GH¢ per AUD,0.25779248,GH¢ per AUD,ok,
2000-04-12,AUDGHS,Australian Dollar,Mid Rate,"1,434.0443",GH¢ per AUD,0.14340443,GH¢ per AUD,ok,
2000-04-12,CADGHS,Canadian Dollar,Buying,"2,844.9080",GH¢ per CAD,0.2844908,GH¢ per CAD,ok,
2000-04-12,CADGHS,Canadian Dollar,Selling,"2,951.1479",GH¢ per CAD,0.29511479,GH¢ per CAD,ok,
2000-04-12,CADGHS,Canadian Dollar,Mid Rate,"2,898.0280",GH¢ per CAD,0.2898028,GH¢ per CAD,ok,
2000-04-12,CHFGHS,Swiss Franc,Buying,"2,534.2371",GH¢ per CHF,0.25342371,GH¢ per CHF,ok,
2000-04-12,CHFGHS,Swiss Franc,Selling,"2,629.8891",GH¢ per CHF,0.26298891,GH¢ per CHF,ok,
2000-04-12,CHFGHS,Swiss Franc,Mid Rate,"2,582.0631",GH¢ per CHF,0.25820631,GH¢ per CHF,ok,
2000-04-12,DKKGHS,Danish Krone,Buying,536.0159,GH¢ per DKK,0.05360159,GH¢ per DKK,ok,
2000-04-12,DKKGHS,Danish Krone,Selling,556.2071,GH¢ per DKK,0.05562071,GH¢ per DKK,ok,
2000-04-12,DKKGHS,Danish Krone,Mid Rate,546.1115,GH¢ per DKK,0.05461115,GH¢ per DKK,ok,
2000-04-12,GBPGHS,Pound Sterling,Buying,"6,609.2902",GH¢ per GBP,0.66092902,GH¢ per GBP,ok,
2000-04-12,GBPGHS,Pound Sterling,Selling,"6,863.4846",GH¢ per GBP,0.68634846,GH¢ per GBP,ok,
2000-04-12,GBPGHS,Pound Sterling,Mid Rate,"6,736.3874",GH¢ per GBP,0.67363874,GH¢ per GBP,ok,
2000-04-12,JPYGHS,Japanese yen,Buying,39.5529,GH¢ per JPY,0.00395529,GH¢ per JPY,ok,
2000-04-12,JPYGHS,Japanese yen,Selling,41.0446,GH¢ per JPY,0.00410446,GH¢ per JPY,ok,
2000-04-12,JPYGHS,Japanese yen,Mid Rate,40.2988,GH¢ per JPY,0.00402988,GH¢ per JPY,ok,
2000-04-12,NOKGHS,Norwegian Krone,Buying,488.6324,GH¢ per NOK,0.04886324,GH¢ per NOK,ok,
2000-04-12,NOKGHS,Norwegian Krone,Selling,506.9380,GH¢ per NOK,0.0506938,GH¢ per NOK,ok,
2000-04-12,NOKGHS,Norwegian Krone,Mid Rate,497.7852,GH¢ per NOK,0.04977852,GH¢ per NOK,ok,
2000-04-12,SEKGHS,Swedish Krona,Buying,482.8317,GH¢ per SEK,0.04828317,GH¢ per SEK,ok,
2000-04-12,SEKGHS,Swedish Krona,Selling,500.6298,GH¢ per SEK,0.05006298,GH¢ per SEK,ok,
2000-04-12,SEKGHS,Swedish Krona,Mid Rate,491.7308,GH¢ per SEK,0.04917308,GH¢ per SEK,ok,
2000-04-13,USDGHS,US Dollar,Buying,"4,212.9100",GH¢ per USD,0.421291,GH¢ per USD,ok,
2000-04-13,USDGHS,US Dollar,Selling,"4,357.3600",GH¢ per USD,0.435736,GH¢ per USD,ok,
2000-04-13,USDGHS,US Dollar,Mid Rate,"4,285.1350",GH¢ per USD,0.4285135,GH¢ per USD,ok,
2000-04-13,AUDGHS,Australian Dollar,Buying,293.5992,GH¢ per AUD,0.02935992,GH¢ per AUD,ok,
2000-04-13,AUDGHS,Australian Dollar,Selling,"2,614.2103",GH¢ per AUD,0.26142103,GH¢ per AUD,ok,
2000-04-13,AUDGHS,Australian Dollar,Mid Rate,"1,453.9048",GH¢ per AUD,0.14539048,GH¢ per AUD,ok,
2000-04-13,CADGHS,Canadian Dollar,Buying,"2,881.6109",GH¢ per CAD,0.28816109,GH¢ per CAD,ok,
2000-04-13,CADGHS,Canadian Dollar,Selling,"2,977.0050",GH¢ per CAD,0.2977005,GH¢ per CAD,ok,
2000-04-13,CADGHS,Canadian Dollar,Mid Rate,"2,929.3080",GH¢ per CAD,0.2929308,GH¢ per CAD,ok,
2000-04-13,CHFGHS,Swiss Franc,Buying,"2,565.9102",GH¢ per CHF,0.25659102,GH¢ per CHF,ok,
2000-04-13,CHFGHS,Swiss Franc,Selling,"2,651.0372",GH¢ per CHF,0.26510372,GH¢ per CHF,ok,
2000-04-13,CHFGHS,Swiss Franc,Mid Rate,"2,608.4737",GH¢ per CHF,0.26084737,GH¢ per CHF,ok,
2000-04-13,DKKGHS,Danish Krone,Buying,542.4453,GH¢ per DKK,0.05424453,GH¢ per DKK,ok,
2000-04-13,DKKGHS,Danish Krone,Selling,560.5100,GH¢ per DKK,0.056051,GH¢ per DKK,ok,
2000-04-13,DKKGHS,Danish Krone,Mid Rate,551.4777,GH¢ per DKK,0.05514777,GH¢ per DKK,ok,
2000-04-13,GBPGHS,Pound Sterling,Buying,"6,695.9992",GH¢ per GBP,0.66959992,GH¢ per GBP,ok,
2000-04-13,GBPGHS,Pound Sterling,Selling,"6,926.8952",GH¢ per GBP,0.69268952,GH¢ per GBP,ok,
2000-04-13,GBPGHS,Pound Sterling,Mid Rate,"6,811.4472",GH¢ per GBP,0.68114472,GH¢ per GBP,ok,
2000-04-13,JPYGHS,Japanese yen,Buying,39.8453,GH¢ per JPY,0.00398453,GH¢ per JPY,ok,
2000-04-13,JPYGHS,Japanese yen,Selling,41.1898,GH¢ per JPY,0.00411898,GH¢ per JPY,ok,
2000-04-13,JPYGHS,Japanese yen,Mid Rate,40.5176,GH¢ per JPY,0.00405176,GH¢ per JPY,ok,
2000-04-13,NOKGHS,Norwegian Krone,Buying,495.3175,GH¢ per NOK,0.04953175,GH¢ per NOK,ok,
2000-04-13,NOKGHS,Norwegian Krone,Selling,511.7765,GH¢ per NOK,0.05117765,GH¢ per NOK,ok,
2000-04-13,NOKGHS,Norwegian Krone,Mid Rate,503.5470,GH¢ per NOK,0.0503547,GH¢ per NOK,ok,
2000-04-13,SEKGHS,Swedish Krona,Buying,487.8617,GH¢ per SEK,0.04878617,GH¢ per SEK,ok,
2000-04-13,SEKGHS,Swedish Krona,Selling,503.7852,GH¢ per SEK,0.05037852,GH¢ per SEK,ok,
2000-04-13,SEKGHS,Swedish Krona,Mid Rate,495.8235,GH¢ per SEK,0.04958235,GH¢ per SEK,ok,
2000-04-14,USDGHS,US Dollar,Buying,"4,241.1800",GH¢ per USD,0.424118,GH¢ per USD,ok,
2000-04-14,USDGHS,US Dollar,Selling,"4,381.5500",GH¢ per USD,0.438155,GH¢ per USD,ok,
2000-04-14,USDGHS,US Dollar,Mid Rate,"4,311.3650",GH¢ per USD,0.4311365,GH¢ per USD,ok,
2000-04-14,AUDGHS,Australian Dollar,Buying,295.5693,GH¢ per AUD,0.02955693,GH¢ per AUD,ok,
2000-04-14,AUDGHS,Australian Dollar,Selling,"2,628.7231",GH¢ per AUD,0.26287231,GH¢ per AUD,ok,
2000-04-14,AUDGHS,Australian Dollar,Mid Rate,"1,462.1462",GH¢ per AUD,0.14621462,GH¢ per AUD,ok,
2000-04-14,CADGHS,Canadian Dollar,Buying,"2,900.9474",GH¢ per CAD,0.29009474,GH¢ per CAD,ok,
2000-04-14,CADGHS,Canadian Dollar,Selling,"2,993.5319",GH¢ per CAD,0.29935319,GH¢ per CAD,ok,
2000-04-14,CADGHS,Canadian Dollar,Mid Rate,"2,947.2397",GH¢ per CAD,0.29472397,GH¢ per CAD,ok,
2000-04-14,CHFGHS,Swiss Franc,Buying,"2,583.1283",GH¢ per CHF,0.25831283,GH¢ per CHF,ok,
2000-04-14,CHFGHS,Swiss Franc,Selling,"2,665.7545",GH¢ per CHF,0.26657545,GH¢ per CHF,ok,
2000-04-14,CHFGHS,Swiss Franc,Mid Rate,"2,624.4414",GH¢ per CHF,0.26244414,GH¢ per CHF,ok,
2000-04-14,DKKGHS,Danish Krone,Buying,546.0853,GH¢ per DKK,0.05460853,GH¢ per DKK,ok,
2000-04-14,DKKGHS,Danish Krone,Selling,563.6217,GH¢ per DKK,0.05636217,GH¢ per DKK,ok,
2000-04-14,DKKGHS,Danish Krone,Mid Rate,554.8535,GH¢ per DKK,0.05548535,GH¢ per DKK,ok,
2000-04-14,GBPGHS,Pound Sterling,Buying,"6,740.9315",GH¢ per GBP,0.67409315,GH¢ per GBP,ok,
2000-04-14,GBPGHS,Pound Sterling,Selling,"6,965.3500",GH¢ per GBP,0.696535,GH¢ per GBP,ok,
2000-04-14,GBPGHS,Pound Sterling,Mid Rate,"6,853.1408",GH¢ per GBP,0.68531408,GH¢ per GBP,ok,
2000-04-14,JPYGHS,Japanese yen,Buying,40.1127,GH¢ per JPY,0.00401127,GH¢ per JPY,ok,
2000-04-14,JPYGHS,Japanese yen,Selling,41.4185,GH¢ per JPY,0.00414185,GH¢ per JPY,ok,
2000-04-14,JPYGHS,Japanese yen,Mid Rate,40.7656,GH¢ per JPY,0.00407656,GH¢ per JPY,ok,
2000-04-14,NOKGHS,Norwegian Krone,Buying,498.6412,GH¢ per NOK,0.04986412,GH¢ per NOK,ok,
2000-04-14,NOKGHS,Norwegian Krone,Selling,514.6177,GH¢ per NOK,0.05146177,GH¢ per NOK,ok,
2000-04-14,NOKGHS,Norwegian Krone,Mid Rate,506.6295,GH¢ per NOK,0.05066295,GH¢ per NOK,ok,
2000-04-14,SEKGHS,Swedish Krona,Buying,491.1354,GH¢ per SEK,0.04911354,GH¢ per SEK,ok,
2000-04-14,SEKGHS,Swedish Krona,Selling,506.5820,GH¢ per SEK,0.0506582,GH¢ per SEK,ok,
2000-04-14,SEKGHS,Swedish Krona,Mid Rate,498.8587,GH¢ per SEK,0.04988587,GH¢ per SEK,ok,
2000-04-17,USDGHS,US Dollar,Buying,"4,248.7300",GH¢ per USD,0.424873,GH¢ per USD,ok,
2000-04-17,USDGHS,US Dollar,Selling,"4,388.8200",GH¢ per USD,0.438882,GH¢ per USD,ok,
2000-04-17,USDGHS,US Dollar,Mid Rate,"4,318.7750",GH¢ per USD,0.4318775,GH¢ per USD,ok,
2000-04-17,AUDGHS,Australian Dollar,Buying,296.8538,GH¢ per AUD,0.02968538,GH¢ per AUD,ok,
2000-04-17,AUDGHS,Australian Dollar,Selling,"2,640.4601",GH¢ per AUD,0.26404601,GH¢ per AUD,ok,
2000-04-17,AUDGHS,Australian Dollar,Mid Rate,"1,468.6570",GH¢ per AUD,0.1468657,GH¢ per AUD,ok,
2000-04-17,CADGHS,Canadian Dollar,Buying,"2,875.6372",GH¢ per CAD,0.28756372,GH¢ per CAD,ok,
2000-04-17,CADGHS,Canadian Dollar,Selling,"2,969.5452",GH¢ per CAD,0.29695452,GH¢ per CAD,ok,
2000-04-17,CADGHS,Canadian Dollar,Mid Rate,"2,922.5912",GH¢ per CAD,0.29225912,GH¢ per CAD,ok,
2000-04-17,CHFGHS,Swiss Franc,Buying,"2,603.1932",GH¢ per CHF,0.26031932,GH¢ per CHF,ok,
2000-04-17,CHFGHS,Swiss Franc,Selling,"2,689.2396",GH¢ per CHF,0.26892396,GH¢ per CHF,ok,
2000-04-17,CHFGHS,Swiss Franc,Mid Rate,"2,646.2164",GH¢ per CHF,0.26462164,GH¢ per CHF,ok,
2000-04-17,DKKGHS,Danish Krone,Buying,548.6522,GH¢ per DKK,0.05486522,GH¢ per DKK,ok,
2000-04-17,DKKGHS,Danish Krone,Selling,566.8068,GH¢ per DKK,0.05668068,GH¢ per DKK,ok,
2000-04-17,DKKGHS,Danish Krone,Mid Rate,557.7295,GH¢ per DKK,0.05577295,GH¢ per DKK,ok,
2000-04-17,GBPGHS,Pound Sterling,Buying,"6,748.2579",GH¢ per GBP,0.67482579,GH¢ per GBP,ok,
2000-04-17,GBPGHS,Pound Sterling,Selling,"6,974.2739",GH¢ per GBP,0.69742739,GH¢ per GBP,ok,
2000-04-17,GBPGHS,Pound Sterling,Mid Rate,"6,861.2659",GH¢ per GBP,0.68612659,GH¢ per GBP,ok,
2000-04-17,JPYGHS,Japanese yen,Buying,41.1028,GH¢ per JPY,0.00411028,GH¢ per JPY,ok,
2000-04-17,JPYGHS,Japanese yen,Selling,42.4484,GH¢ per JPY,0.00424484,GH¢ per JPY,ok,
2000-04-17,JPYGHS,Japanese yen,Mid Rate,41.7756,GH¢ per JPY,0.00417756,GH¢ per JPY,ok,
2000-04-17,NOKGHS,Norwegian Krone,Buying,499.1094,GH¢ per NOK,0.04991094,GH¢ per NOK,ok,
2000-04-17,NOKGHS,Norwegian Krone,Selling,515.4598,GH¢ per NOK,0.05154598,GH¢ per NOK,ok,
2000-04-17,NOKGHS,Norwegian Krone,Mid Rate,507.2846,GH¢ per NOK,0.05072846,GH¢ per NOK,ok,
2000-04-17,SEKGHS,Swedish Krona,Buying,490.7431,GH¢ per SEK,0.04907431,GH¢ per SEK,ok,
2000-04-17,SEKGHS,Swedish Krona,Selling,506.5310,GH¢ per SEK,0.0506531,GH¢ per SEK,ok,
2000-04-17,SEKGHS,Swedish Krona,Mid Rate,498.6371,GH¢ per SEK,0.04986371,GH¢ per SEK,ok,
2000-04-18,USDGHS,US Dollar,Buying,"4,262.6400",GH¢ per USD,0.426264,GH¢ per USD,ok,
2000-04-18,USDGHS,US Dollar,Selling,"4,405.3600",GH¢ per USD,0.440536,GH¢ per USD,ok,
2000-04-18,USDGHS,US Dollar,Mid Rate,"4,334.0000",GH¢ per USD,0.4334,GH¢ per USD,ok,
2000-04-18,AUDGHS,Australian Dollar,Buying,297.8256,GH¢ per AUD,0.02978256,GH¢ per AUD,ok,
2000-04-18,AUDGHS,Australian Dollar,Selling,"2,650.4111",GH¢ per AUD,0.26504111,GH¢ per AUD,ok,
2000-04-18,AUDGHS,Australian Dollar,Mid Rate,"1,474.1184",GH¢ per AUD,0.14741184,GH¢ per AUD,ok,
2000-04-18,CADGHS,Canadian Dollar,Buying,"2,885.0518",GH¢ per CAD,0.28850518,GH¢ per CAD,ok,
2000-04-18,CADGHS,Canadian Dollar,Selling,"2,980.7364",GH¢ per CAD,0.29807364,GH¢ per CAD,ok,
2000-04-18,CADGHS,Canadian Dollar,Mid Rate,"2,932.8941",GH¢ per CAD,0.29328941,GH¢ per CAD,ok,
2000-04-18,CHFGHS,Swiss Franc,Buying,"2,611.7159",GH¢ per CHF,0.26117159,GH¢ per CHF,ok,
2000-04-18,CHFGHS,Swiss Franc,Selling,"2,699.3744",GH¢ per CHF,0.26993744,GH¢ per CHF,ok,
2000-04-18,CHFGHS,Swiss Franc,Mid Rate,"2,655.5452",GH¢ per CHF,0.26555452,GH¢ per CHF,ok,
2000-04-18,DKKGHS,Danish Krone,Buying,550.4485,GH¢ per DKK,0.05504485,GH¢ per DKK,ok,
2000-04-18,DKKGHS,Danish Krone,Selling,568.9429,GH¢ per DKK,0.05689429,GH¢ per DKK,ok,
2000-04-18,DKKGHS,Danish Krone,Mid Rate,559.6957,GH¢ per DKK,0.05596957,GH¢ per DKK,ok,
2000-04-18,GBPGHS,Pound Sterling,Buying,"6,770.3511",GH¢ per GBP,0.67703511,GH¢ per GBP,ok,
2000-04-18,GBPGHS,Pound Sterling,Selling,"7,000.5576",GH¢ per GBP,0.70005576,GH¢ per GBP,ok,
2000-04-18,GBPGHS,Pound Sterling,Mid Rate,"6,885.4544",GH¢ per GBP,0.68854544,GH¢ per GBP,ok,
2000-04-18,JPYGHS,Japanese yen,Buying,41.2374,GH¢ per JPY,0.00412374,GH¢ per JPY,ok,
2000-04-18,JPYGHS,Japanese yen,Selling,42.6084,GH¢ per JPY,0.00426084,GH¢ per JPY,ok,
2000-04-18,JPYGHS,Japanese yen,Mid Rate,41.9229,GH¢ per JPY,0.00419229,GH¢ per JPY,ok,
2000-04-18,NOKGHS,Norwegian Krone,Buying,500.7434,GH¢ per NOK,0.05007434,GH¢ per NOK,ok,
2000-04-18,NOKGHS,Norwegian Krone,Selling,517.4024,GH¢ per NOK,0.05174024,GH¢ per NOK,ok,
2000-04-18,NOKGHS,Norwegian Krone,Mid Rate,509.0729,GH¢ per NOK,0.05090729,GH¢ per NOK,ok,
2000-04-18,SEKGHS,Swedish Krona,Buying,492.3498,GH¢ per SEK,0.04923498,GH¢ per SEK,ok,
2000-04-18,SEKGHS,Swedish Krona,Selling,508.4400,GH¢ per SEK,0.050844,GH¢ per SEK,ok,
2000-04-18,SEKGHS,Swedish Krona,Mid Rate,500.3949,GH¢ per SEK,0.05003949,GH¢ per SEK,ok,
2000-04-19,USDGHS,US Dollar,Buying,"4,277.0900",GH¢ per USD,0.427709,GH¢ per USD,ok,
2000-04-19,USDGHS,US Dollar,Selling,"4,412.3600",GH¢ per USD,0.441236,GH¢ per USD,ok,
2000-04-19,USDGHS,US Dollar,Mid Rate,"4,344.7250",GH¢ per USD,0.4344725,GH¢ per USD,ok,
2000-04-19,AUDGHS,Australian Dollar,Buying,294.2866,GH¢ per AUD,0.02942866,GH¢ per AUD,ok,
2000-04-19,AUDGHS,Australian Dollar,Selling,"2,635.1009",GH¢ per AUD,0.26351009,GH¢ per AUD,ok,
2000-04-19,AUDGHS,Australian Dollar,Mid Rate,"1,464.6938",GH¢ per AUD,0.14646938,GH¢ per AUD,ok,
2000-04-19,CADGHS,Canadian Dollar,Buying,"2,890.3265",GH¢ per CAD,0.28903265,GH¢ per CAD,ok,
2000-04-19,CADGHS,Canadian Dollar,Selling,"2,980.5083",GH¢ per CAD,0.29805083,GH¢ per CAD,ok,
2000-04-19,CADGHS,Canadian Dollar,Mid Rate,"2,935.4174",GH¢ per CAD,0.29354174,GH¢ per CAD,ok,
2000-04-19,CHFGHS,Swiss Franc,Buying,"2,570.7807",GH¢ per CHF,0.25707807,GH¢ per CHF,ok,
2000-04-19,CHFGHS,Swiss Franc,Selling,"2,651.9493",GH¢ per CHF,0.26519493,GH¢ per CHF,ok,
2000-04-19,CHFGHS,Swiss Franc,Mid Rate,"2,611.3650",GH¢ per CHF,0.2611365,GH¢ per CHF,ok,
2000-04-19,DKKGHS,Danish Krone,Buying,543.2252,GH¢ per DKK,0.05432252,GH¢ per DKK,ok,
2000-04-19,DKKGHS,Danish Krone,Selling,560.4061,GH¢ per DKK,0.05604061,GH¢ per DKK,ok,
2000-04-19,DKKGHS,Danish Krone,Mid Rate,551.8157,GH¢ per DKK,0.05518157,GH¢ per DKK,ok,
2000-04-19,GBPGHS,Pound Sterling,Buying,"6,752.6697",GH¢ per GBP,0.67526697,GH¢ per GBP,ok,
2000-04-19,GBPGHS,Pound Sterling,Selling,"6,969.3226",GH¢ per GBP,0.69693226,GH¢ per GBP,ok,
2000-04-19,GBPGHS,Pound Sterling,Mid Rate,"6,860.9962",GH¢ per GBP,0.68609962,GH¢ per GBP,ok,
2000-04-19,JPYGHS,Japanese yen,Buying,40.9327,GH¢ per JPY,0.00409327,GH¢ per JPY,ok,
2000-04-19,JPYGHS,Japanese yen,Selling,42.2153,GH¢ per JPY,0.00422153,GH¢ per JPY,ok,
2000-04-19,JPYGHS,Japanese yen,Mid Rate,41.5740,GH¢ per JPY,0.0041574,GH¢ per JPY,ok,
2000-04-19,NOKGHS,Norwegian Krone,Buying,496.0603,GH¢ per NOK,0.04960603,GH¢ per NOK,ok,
2000-04-19,NOKGHS,Norwegian Krone,Selling,511.5850,GH¢ per NOK,0.0511585,GH¢ per NOK,ok,
2000-04-19,NOKGHS,Norwegian Krone,Mid Rate,503.8227,GH¢ per NOK,0.05038227,GH¢ per NOK,ok,
2000-04-19,SEKGHS,Swedish Krona,Buying,490.3187,GH¢ per SEK,0.04903187,GH¢ per SEK,ok,
2000-04-19,SEKGHS,Swedish Krona,Selling,505.3749,GH¢ per SEK,0.05053749,GH¢ per SEK,ok,
2000-04-19,SEKGHS,Swedish Krona,Mid Rate,497.8468,GH¢ per SEK,0.04978468,GH¢ per SEK,ok,
2000-04-20,USDGHS,US Dollar,Buying,"4,287.9100",GH¢ per USD,0.428791,GH¢ per USD,ok,
2000-04-20,USDGHS,US Dollar,Selling,"4,422.0000",GH¢ per USD,0.4422,GH¢ per USD,ok,
2000-04-20,USDGHS,US Dollar,Mid Rate,"4,354.9550",GH¢ per USD,0.4354955,GH¢ per USD,ok,
2000-04-20,AUDGHS,Australian Dollar,Buying,292.4872,GH¢ per AUD,0.02924872,GH¢ per AUD,ok,
2000-04-20,AUDGHS,Australian Dollar,Selling,"2,637.5019",GH¢ per AUD,0.26375019,GH¢ per AUD,ok,
2000-04-20,AUDGHS,Australian Dollar,Mid Rate,"1,464.9946",GH¢ per AUD,0.14649946,GH¢ per AUD,ok,
2000-04-20,CADGHS,Canadian Dollar,Buying,"2,908.4625",GH¢ per CAD,0.29084625,GH¢ per CAD,ok,
2000-04-20,CADGHS,Canadian Dollar,Selling,"2,997.3230",GH¢ per CAD,0.2997323,GH¢ per CAD,ok,
2000-04-20,CADGHS,Canadian Dollar,Mid Rate,"2,952.8928",GH¢ per CAD,0.29528928,GH¢ per CAD,ok,
2000-04-20,CHFGHS,Swiss Franc,Buying,"2,561.5201",GH¢ per CHF,0.25615201,GH¢ per CHF,ok,
2000-04-20,CHFGHS,Swiss Franc,Selling,"2,640.0000",GH¢ per CHF,0.264,GH¢ per CHF,ok,
2000-04-20,CHFGHS,Swiss Franc,Mid Rate,"2,600.7601",GH¢ per CHF,0.26007601,GH¢ per CHF,ok,
2000-04-20,DKKGHS,Danish Krone,Buying,541.1985,GH¢ per DKK,0.05411985,GH¢ per DKK,ok,
2000-04-20,DKKGHS,Danish Krone,Selling,557.9811,GH¢ per DKK,0.05579811,GH¢ per DKK,ok,
2000-04-20,DKKGHS,Danish Krone,Mid Rate,549.5898,GH¢ per DKK,0.05495898,GH¢ per DKK,ok,
2000-04-20,GBPGHS,Pound Sterling,Buying,"6,770.6099",GH¢ per GBP,0.67706099,GH¢ per GBP,ok,
2000-04-20,GBPGHS,Pound Sterling,Selling,"6,986.7600",GH¢ per GBP,0.698676,GH¢ per GBP,ok,
2000-04-20,GBPGHS,Pound Sterling,Mid Rate,"6,878.6850",GH¢ per GBP,0.6878685,GH¢ per GBP,ok,
2000-04-20,JPYGHS,Japanese yen,Buying,40.9645,GH¢ per JPY,0.00409645,GH¢ per JPY,ok,
2000-04-20,JPYGHS,Japanese yen,Selling,42.2416,GH¢ per JPY,0.00422416,GH¢ per JPY,ok,
2000-04-20,JPYGHS,Japanese yen,Mid Rate,41.6031,GH¢ per JPY,0.00416031,GH¢ per JPY,ok,
2000-04-20,NOKGHS,Norwegian Krone,Buying,493.5494,GH¢ per NOK,0.04935494,GH¢ per NOK,ok,
2000-04-20,NOKGHS,Norwegian Krone,Selling,508.6903,GH¢ per NOK,0.05086903,GH¢ per NOK,ok,
2000-04-20,NOKGHS,Norwegian Krone,Mid Rate,501.1199,GH¢ per NOK,0.05011199,GH¢ per NOK,ok,
2000-04-20,SEKGHS,Swedish Krona,Buying,489.0187,GH¢ per SEK,0.04890187,GH¢ per SEK,ok,
2000-04-20,SEKGHS,Swedish Krona,Selling,503.7354,GH¢ per SEK,0.05037354,GH¢ per SEK,ok,
2000-04-20,SEKGHS,Swedish Krona,Mid Rate,496.3771,GH¢ per SEK,0.04963771,GH¢ per SEK,ok,
2000-04-25,USDGHS,US Dollar,Buying,"4,288.9100",GH¢ per USD,0.428891,GH¢ per USD,ok,
2000-04-25,USDGHS,US Dollar,Selling,"4,420.1800",GH¢ per USD,0.442018,GH¢ per USD,ok,
2000-04-25,USDGHS,US Dollar,Mid Rate,"4,354.5450",GH¢ per USD,0.4354545,GH¢ per USD,ok,
2000-04-25,AUDGHS,Australian Dollar,Buying,292.6181,GH¢ per AUD,0.02926181,GH¢ per AUD,ok,
2000-04-25,AUDGHS,Australian Dollar,Selling,"2,634.9881",GH¢ per AUD,0.26349881,GH¢ per AUD,ok,
2000-04-25,AUDGHS,Australian Dollar,Mid Rate,"1,463.8031",GH¢ per AUD,0.14638031,GH¢ per AUD,ok,
2000-04-25,CADGHS,Canadian Dollar,Buying,"2,904.5127",GH¢ per CAD,0.29045127,GH¢ per CAD,ok,
2000-04-25,CADGHS,Canadian Dollar,Selling,"2,992.4831",GH¢ per CAD,0.29924831,GH¢ per CAD,ok,
2000-04-25,CADGHS,Canadian Dollar,Mid Rate,"2,948.4979",GH¢ per CAD,0.29484979,GH¢ per CAD,ok,
2000-04-25,CHFGHS,Swiss Franc,Buying,"2,563.3484",GH¢ per CHF,0.25633484,GH¢ per CHF,ok,
2000-04-25,CHFGHS,Swiss Franc,Selling,"2,640.1801",GH¢ per CHF,0.26401801,GH¢ per CHF,ok,
2000-04-25,CHFGHS,Swiss Franc,Mid Rate,"2,601.7643",GH¢ per CHF,0.26017643,GH¢ per CHF,ok,
2000-04-25,DKKGHS,Danish Krone,Buying,540.2527,GH¢ per DKK,0.05402527,GH¢ per DKK,ok,
2000-04-25,DKKGHS,Danish Krone,Selling,556.5104,GH¢ per DKK,0.05565104,GH¢ per DKK,ok,
2000-04-25,DKKGHS,Danish Krone,Mid Rate,548.3816,GH¢ per DKK,0.05483816,GH¢ per DKK,ok,
2000-04-25,GBPGHS,Pound Sterling,Buying,"6,773.9045",GH¢ per GBP,0.67739045,GH¢ per GBP,ok,
2000-04-25,GBPGHS,Pound Sterling,Selling,"6,985.6525",GH¢ per GBP,0.69856525,GH¢ per GBP,ok,
2000-04-25,GBPGHS,Pound Sterling,Mid Rate,"6,879.7785",GH¢ per GBP,0.68797785,GH¢ per GBP,ok,
2000-04-25,JPYGHS,Japanese yen,Buying,40.7159,GH¢ per JPY,0.00407159,GH¢ per JPY,ok,
2000-04-25,JPYGHS,Japanese yen,Selling,41.9584,GH¢ per JPY,0.00419584,GH¢ per JPY,ok,
2000-04-25,JPYGHS,Japanese yen,Mid Rate,41.3372,GH¢ per JPY,0.00413372,GH¢ per JPY,ok,
2000-04-25,NOKGHS,Norwegian Krone,Buying,493.7212,GH¢ per NOK,0.04937212,GH¢ per NOK,ok,
2000-04-25,NOKGHS,Norwegian Krone,Selling,508.5394,GH¢ per NOK,0.05085394,GH¢ per NOK,ok,
2000-04-25,NOKGHS,Norwegian Krone,Mid Rate,501.1303,GH¢ per NOK,0.05011303,GH¢ per NOK,ok,
2000-04-25,SEKGHS,Swedish Krona,Buying,486.8829,GH¢ per SEK,0.04868829,GH¢ per SEK,ok,
2000-04-25,SEKGHS,Swedish Krona,Selling,501.2163,GH¢ per SEK,0.05012163,GH¢ per SEK,ok,
2000-04-25,SEKGHS,Swedish Krona,Mid Rate,494.0496,GH¢ per SEK,0.04940496,GH¢ per SEK,ok,
2000-04-26,USDGHS,US Dollar,Buying,"4,314.4500",GH¢ per USD,0.431445,GH¢ per USD,ok,
2000-04-26,USDGHS,US Dollar,Selling,"4,460.9100",GH¢ per USD,0.446091,GH¢ per USD,ok,
2000-04-26,USDGHS,US Dollar,Mid Rate,"4,387.6800",GH¢ per USD,0.438768,GH¢ per USD,ok,
2000-04-26,AUDGHS,Australian Dollar,Buying,294.3606,GH¢ per AUD,0.02943606,GH¢ per AUD,ok,
2000-04-26,AUDGHS,Australian Dollar,Selling,"2,659.2684",GH¢ per AUD,0.26592684,GH¢ per AUD,ok,
2000-04-26,AUDGHS,Australian Dollar,Mid Rate,"1,476.8145",GH¢ per AUD,0.14768145,GH¢ per AUD,ok,
2000-04-26,CADGHS,Canadian Dollar,Buying,"2,921.8087",GH¢ per CAD,0.29218087,GH¢ per CAD,ok,
2000-04-26,CADGHS,Canadian Dollar,Selling,"3,020.0575",GH¢ per CAD,0.30200575,GH¢ per CAD,ok,
2000-04-26,CADGHS,Canadian Dollar,Mid Rate,"2,970.9331",GH¢ per CAD,0.29709331,GH¢ per CAD,ok,
2000-04-26,CHFGHS,Swiss Franc,Buying,"2,578.6129",GH¢ per CHF,0.25786129,GH¢ per CHF,ok,
2000-04-26,CHFGHS,Swiss Franc,Selling,"2,664.5082",GH¢ per CHF,0.26645082,GH¢ per CHF,ok,
2000-04-26,CHFGHS,Swiss Franc,Mid Rate,"2,621.5606",GH¢ per CHF,0.26215606,GH¢ per CHF,ok,
2000-04-26,DKKGHS,Danish Krone,Buying,543.4698,GH¢ per DKK,0.05434698,GH¢ per DKK,ok,
2000-04-26,DKKGHS,Danish Krone,Selling,561.6384,GH¢ per DKK,0.05616384,GH¢ per DKK,ok,
2000-04-26,DKKGHS,Danish Krone,Mid Rate,552.5541,GH¢ per DKK,0.05525541,GH¢ per DKK,ok,
2000-04-26,GBPGHS,Pound Sterling,Buying,"6,814.2423",GH¢ per GBP,0.68142423,GH¢ per GBP,ok,
2000-04-26,GBPGHS,Pound Sterling,Selling,"7,050.0222",GH¢ per GBP,0.70500222,GH¢ per GBP,ok,
2000-04-26,GBPGHS,Pound Sterling,Mid Rate,"6,932.1323",GH¢ per GBP,0.69321323,GH¢ per GBP,ok,
2000-04-26,JPYGHS,Japanese yen,Buying,40.9584,GH¢ per JPY,0.00409584,GH¢ per JPY,ok,
2000-04-26,JPYGHS,Japanese yen,Selling,42.3450,GH¢ per JPY,0.0042345,GH¢ per JPY,ok,
2000-04-26,JPYGHS,Japanese yen,Mid Rate,41.6517,GH¢ per JPY,0.00416517,GH¢ per JPY,ok,
2000-04-26,NOKGHS,Norwegian Krone,Buying,496.6613,GH¢ per NOK,0.04966613,GH¢ per NOK,ok,
2000-04-26,NOKGHS,Norwegian Krone,Selling,513.2253,GH¢ per NOK,0.05132253,GH¢ per NOK,ok,
2000-04-26,NOKGHS,Norwegian Krone,Mid Rate,504.9433,GH¢ per NOK,0.05049433,GH¢ per NOK,ok,
2000-04-26,SEKGHS,Swedish Krona,Buying,489.7822,GH¢ per SEK,0.04897822,GH¢ per SEK,ok,
2000-04-26,SEKGHS,Swedish Krona,Selling,505.8348,GH¢ per SEK,0.05058348,GH¢ per SEK,ok,
2000-04-26,SEKGHS,Swedish Krona,Mid Rate,497.8085,GH¢ per SEK,0.04978085,GH¢ per SEK,ok,
2000-04-27,USDGHS,US Dollar,Buying,"4,318.0900",GH¢ per USD,0.431809,GH¢ per USD,ok,
2000-04-27,USDGHS,US Dollar,Selling,"4,474.6400",GH¢ per USD,0.447464,GH¢ per USD,ok,
2000-04-27,USDGHS,US Dollar,Mid Rate,"4,396.3650",GH¢ per USD,0.4396365,GH¢ per USD,ok,
2000-04-27,AUDGHS,Australian Dollar,Buying,289.7200,GH¢ per AUD,0.028972,GH¢ per AUD,ok,
2000-04-27,AUDGHS,Australian Dollar,Selling,"2,632.5091",GH¢ per AUD,0.26325091,GH¢ per AUD,ok,
2000-04-27,AUDGHS,Australian Dollar,Mid Rate,"1,461.1146",GH¢ per AUD,0.14611146,GH¢ per AUD,ok,
2000-04-27,CADGHS,Canadian Dollar,Buying,"2,929.6951",GH¢ per CAD,0.29296951,GH¢ per CAD,ok,
2000-04-27,CADGHS,Canadian Dollar,Selling,"3,034.3118",GH¢ per CAD,0.30343118,GH¢ per CAD,ok,
2000-04-27,CADGHS,Canadian Dollar,Mid Rate,"2,982.0035",GH¢ per CAD,0.29820035,GH¢ per CAD,ok,
2000-04-27,CHFGHS,Swiss Franc,Buying,"2,535.3864",GH¢ per CHF,0.25353864,GH¢ per CHF,ok,
2000-04-27,CHFGHS,Swiss Franc,Selling,"2,626.4300",GH¢ per CHF,0.262643,GH¢ per CHF,ok,
2000-04-27,CHFGHS,Swiss Franc,Mid Rate,"2,580.9082",GH¢ per CHF,0.25809082,GH¢ per CHF,ok,
2000-04-27,DKKGHS,Danish Krone,Buying,534.5430,GH¢ per DKK,0.0534543,GH¢ per DKK,ok,
2000-04-27,DKKGHS,Danish Krone,Selling,553.7176,GH¢ per DKK,0.05537176,GH¢ per DKK,ok,
2000-04-27,DKKGHS,Danish Krone,Mid Rate,544.1303,GH¢ per DKK,0.05441303,GH¢ per DKK,ok,
2000-04-27,GBPGHS,Pound Sterling,Buying,"6,817.4005",GH¢ per GBP,0.68174005,GH¢ per GBP,ok,
2000-04-27,GBPGHS,Pound Sterling,Selling,"7,069.0363",GH¢ per GBP,0.70690363,GH¢ per GBP,ok,
2000-04-27,GBPGHS,Pound Sterling,Mid Rate,"6,943.2184",GH¢ per GBP,0.69432184,GH¢ per GBP,ok,
2000-04-27,JPYGHS,Japanese yen,Buying,40.6524,GH¢ per JPY,0.00406524,GH¢ per JPY,ok,
2000-04-27,JPYGHS,Japanese yen,Selling,42.1227,GH¢ per JPY,0.00421227,GH¢ per JPY,ok,
2000-04-27,JPYGHS,Japanese yen,Mid Rate,41.3876,GH¢ per JPY,0.00413876,GH¢ per JPY,ok,
2000-04-27,NOKGHS,Norwegian Krone,Buying,489.6643,GH¢ per NOK,0.04896643,GH¢ per NOK,ok,
2000-04-27,NOKGHS,Norwegian Krone,Selling,507.3665,GH¢ per NOK,0.05073665,GH¢ per NOK,ok,
2000-04-27,NOKGHS,Norwegian Krone,Mid Rate,498.5154,GH¢ per NOK,0.04985154,GH¢ per NOK,ok,
2000-04-27,SEKGHS,Swedish Krona,Buying,486.1654,GH¢ per SEK,0.04861654,GH¢ per SEK,ok,
2000-04-27,SEKGHS,Swedish Krona,Selling,503.5715,GH¢ per SEK,0.05035715,GH¢ per SEK,ok,
2000-04-27,SEKGHS,Swedish Krona,Mid Rate,494.8685,GH¢ per SEK,0.04948685,GH¢ per SEK,ok,
2000-04-28,USDGHS,US Dollar,Buying,"4,341.1800",GH¢ per USD,0.434118,GH¢ per USD,ok,
2000-04-28,USDGHS,US Dollar,Selling,"4,504.5500",GH¢ per USD,0.450455,GH¢ per USD,ok,
2000-04-28,USDGHS,US Dollar,Mid Rate,"4,422.8650",GH¢ per USD,0.4422865,GH¢ per USD,ok,
2000-04-28,AUDGHS,Australian Dollar,Buying,287.0295,GH¢ per AUD,0.02870295,GH¢ per AUD,ok,
2000-04-28,AUDGHS,Australian Dollar,Selling,"2,653.9438",GH¢ per AUD,0.26539438,GH¢ per AUD,ok,
2000-04-28,AUDGHS,Australian Dollar,Mid Rate,"1,470.4867",GH¢ per AUD,0.14704867,GH¢ per AUD,ok,
2000-04-28,CADGHS,Canadian Dollar,Buying,"2,942.2138",GH¢ per CAD,0.29422138,GH¢ per CAD,ok,
2000-04-28,CADGHS,Canadian Dollar,Selling,"3,050.0913",GH¢ per CAD,0.30500913,GH¢ per CAD,ok,
2000-04-28,CADGHS,Canadian Dollar,Mid Rate,"2,996.1526",GH¢ per CAD,0.29961526,GH¢ per CAD,ok,
2000-04-28,CHFGHS,Swiss Franc,Buying,"2,510.7816",GH¢ per CHF,0.25107816,GH¢ per CHF,ok,
2000-04-28,CHFGHS,Swiss Franc,Selling,"2,603.8925",GH¢ per CHF,0.26038925,GH¢ per CHF,ok,
2000-04-28,CHFGHS,Swiss Franc,Mid Rate,"2,557.3371",GH¢ per CHF,0.25573371,GH¢ per CHF,ok,
2000-04-28,DKKGHS,Danish Krone,Buying,530.1880,GH¢ per DKK,0.0530188,GH¢ per DKK,ok,
2000-04-28,DKKGHS,Danish Krone,Selling,549.7981,GH¢ per DKK,0.05497981,GH¢ per DKK,ok,
2000-04-28,DKKGHS,Danish Krone,Mid Rate,539.9931,GH¢ per DKK,0.05399931,GH¢ per DKK,ok,
2000-04-28,GBPGHS,Pound Sterling,Buying,"6,816.5208",GH¢ per GBP,0.68165208,GH¢ per GBP,ok,
2000-04-28,GBPGHS,Pound Sterling,Selling,"7,075.2967",GH¢ per GBP,0.70752967,GH¢ per GBP,ok,
2000-04-28,GBPGHS,Pound Sterling,Mid Rate,"6,945.9088",GH¢ per GBP,0.69459088,GH¢ per GBP,ok,
2000-04-28,JPYGHS,Japanese yen,Buying,40.7833,GH¢ per JPY,0.00407833,GH¢ per JPY,ok,
2000-04-28,JPYGHS,Japanese yen,Selling,42.3012,GH¢ per JPY,0.00423012,GH¢ per JPY,ok,
2000-04-28,JPYGHS,Japanese yen,Mid Rate,41.5423,GH¢ per JPY,0.00415423,GH¢ per JPY,ok,
2000-04-28,NOKGHS,Norwegian Krone,Buying,484.3997,GH¢ per NOK,0.04843997,GH¢ per NOK,ok,
2000-04-28,NOKGHS,Norwegian Krone,Selling,502.2180,GH¢ per NOK,0.0502218,GH¢ per NOK,ok,
2000-04-28,NOKGHS,Norwegian Krone,Mid Rate,493.3089,GH¢ per NOK,0.04933089,GH¢ per NOK,ok,
2000-04-28,SEKGHS,Swedish Krona,Buying,485.2652,GH¢ per SEK,0.04852652,GH¢ per SEK,ok,
2000-04-28,SEKGHS,Swedish Krona,Selling,502.8354,GH¢ per SEK,0.05028354,GH¢ per SEK,ok,
2000-04-28,SEKGHS,Swedish Krona,Mid Rate,494.0503,GH¢ per SEK,0.04940503,GH¢ per SEK,ok,
2000-05-02,USDGHS,US Dollar,Buying,"4,347.8200",GH¢ per USD,0.434782,GH¢ per USD,ok,
2000-05-02,USDGHS,US Dollar,Selling,"4,512.2700",GH¢ per USD,0.451227,GH¢ per USD,ok,
2000-05-02,USDGHS,US Dollar,Mid Rate,"4,430.0450",GH¢ per USD,0.4430045,GH¢ per USD,ok,
2000-05-02,AUDGHS,Australian Dollar,Buying,288.0808,GH¢ per AUD,0.02880808,GH¢ per AUD,ok,
2000-05-02,AUDGHS,Australian Dollar,Selling,"2,643.5882",GH¢ per AUD,0.26435882,GH¢ per AUD,ok,
2000-05-02,AUDGHS,Australian Dollar,Mid Rate,"1,465.8345",GH¢ per AUD,0.14658345,GH¢ per AUD,ok,
2000-05-02,CADGHS,Canadian Dollar,Buying,"2,941.2445",GH¢ per CAD,0.29412445,GH¢ per CAD,ok,
2000-05-02,CADGHS,Canadian Dollar,Selling,"3,050.1686",GH¢ per CAD,0.30501686,GH¢ per CAD,ok,
2000-05-02,CADGHS,Canadian Dollar,Mid Rate,"2,995.7066",GH¢ per CAD,0.29957066,GH¢ per CAD,ok,
2000-05-02,CHFGHS,Swiss Franc,Buying,"2,539.0240",GH¢ per CHF,0.2539024,GH¢ per CHF,ok,
2000-05-02,CHFGHS,Swiss Franc,Selling,"2,633.1003",GH¢ per CHF,0.26331003,GH¢ per CHF,ok,
2000-05-02,CHFGHS,Swiss Franc,Mid Rate,"2,586.0622",GH¢ per CHF,0.25860622,GH¢ per CHF,ok,
2000-05-02,DKKGHS,Danish Krone,Buying,531.3199,GH¢ per DKK,0.05313199,GH¢ per DKK,ok,
2000-05-02,DKKGHS,Danish Krone,Selling,551.0344,GH¢ per DKK,0.05510344,GH¢ per DKK,ok,
2000-05-02,DKKGHS,Danish Krone,Mid Rate,541.1772,GH¢ per DKK,0.05411772,GH¢ per DKK,ok,
2000-05-02,GBPGHS,Pound Sterling,Buying,"6,778.6862",GH¢ per GBP,0.67786862,GH¢ per GBP,ok,
2000-05-02,GBPGHS,Pound Sterling,Selling,"7,036.4338",GH¢ per GBP,0.70364338,GH¢ per GBP,ok,
2000-05-02,GBPGHS,Pound Sterling,Mid Rate,"6,907.5600",GH¢ per GBP,0.690756,GH¢ per GBP,ok,
2000-05-02,JPYGHS,Japanese yen,Buying,40.0774,GH¢ per JPY,0.00400774,GH¢ per JPY,ok,
2000-05-02,JPYGHS,Japanese yen,Selling,41.5718,GH¢ per JPY,0.00415718,GH¢ per JPY,ok,
2000-05-02,JPYGHS,Japanese yen,Mid Rate,40.8246,GH¢ per JPY,0.00408246,GH¢ per JPY,ok,
2000-05-02,NOKGHS,Norwegian Krone,Buying,486.1329,GH¢ per NOK,0.04861329,GH¢ per NOK,ok,
2000-05-02,NOKGHS,Norwegian Krone,Selling,503.9018,GH¢ per NOK,0.05039018,GH¢ per NOK,ok,
2000-05-02,NOKGHS,Norwegian Krone,Mid Rate,495.0174,GH¢ per NOK,0.04950174,GH¢ per NOK,ok,
2000-05-02,SEKGHS,Swedish Krona,Buying,486.5691,GH¢ per SEK,0.04865691,GH¢ per SEK,ok,
2000-05-02,SEKGHS,Swedish Krona,Selling,504.3496,GH¢ per SEK,0.05043496,GH¢ per SEK,ok,
2000-05-02,SEKGHS,Swedish Krona,Mid Rate,495.4594,GH¢ per SEK,0.04954594,GH¢ per SEK,ok,
2000-05-03,USDGHS,US Dollar,Buying,"4,365.2700",GH¢ per USD,0.436527,GH¢ per USD,ok,
2000-05-03,USDGHS,US Dollar,Selling,"4,532.9100",GH¢ per USD,0.453291,GH¢ per USD,ok,
2000-05-03,USDGHS,US Dollar,Mid Rate,"4,449.0900",GH¢ per USD,0.444909,GH¢ per USD,ok,
2000-05-03,AUDGHS,Australian Dollar,Buying,289.2371,GH¢ per AUD,0.02892371,GH¢ per AUD,ok,
2000-05-03,AUDGHS,Australian Dollar,Selling,"2,655.6805",GH¢ per AUD,0.26556805,GH¢ per AUD,ok,
2000-05-03,AUDGHS,Australian Dollar,Mid Rate,"1,472.4588",GH¢ per AUD,0.14724588,GH¢ per AUD,ok,
2000-05-03,CADGHS,Canadian Dollar,Buying,"2,953.0492",GH¢ per CAD,0.29530492,GH¢ per CAD,ok,
2000-05-03,CADGHS,Canadian Dollar,Selling,"3,064.1206",GH¢ per CAD,0.30641206,GH¢ per CAD,ok,
2000-05-03,CADGHS,Canadian Dollar,Mid Rate,"3,008.5849",GH¢ per CAD,0.30085849,GH¢ per CAD,ok,
2000-05-03,CHFGHS,Swiss Franc,Buying,"2,549.2143",GH¢ per CHF,0.25492143,GH¢ per CHF,ok,
2000-05-03,CHFGHS,Swiss Franc,Selling,"2,645.1446",GH¢ per CHF,0.26451446,GH¢ per CHF,ok,
2000-05-03,CHFGHS,Swiss Franc,Mid Rate,"2,597.1795",GH¢ per CHF,0.25971795,GH¢ per CHF,ok,
2000-05-03,DKKGHS,Danish Krone,Buying,533.4524,GH¢ per DKK,0.05334524,GH¢ per DKK,ok,
2000-05-03,DKKGHS,Danish Krone,Selling,553.5549,GH¢ per DKK,0.05535549,GH¢ per DKK,ok,
2000-05-03,DKKGHS,Danish Krone,Mid Rate,543.5037,GH¢ per DKK,0.05435037,GH¢ per DKK,ok,
2000-05-03,GBPGHS,Pound Sterling,Buying,"6,805.8925",GH¢ per GBP,0.68058925,GH¢ per GBP,ok,
2000-05-03,GBPGHS,Pound Sterling,Selling,"7,068.6199",GH¢ per GBP,0.70686199,GH¢ per GBP,ok,
2000-05-03,GBPGHS,Pound Sterling,Mid Rate,"6,937.2562",GH¢ per GBP,0.69372562,GH¢ per GBP,ok,
2000-05-03,JPYGHS,Japanese yen,Buying,40.2382,GH¢ per JPY,0.00402382,GH¢ per JPY,ok,
2000-05-03,JPYGHS,Japanese yen,Selling,41.7619,GH¢ per JPY,0.00417619,GH¢ per JPY,ok,
2000-05-03,JPYGHS,Japanese yen,Mid Rate,41.0001,GH¢ per JPY,0.00410001,GH¢ per JPY,ok,
2000-05-03,NOKGHS,Norwegian Krone,Buying,488.0840,GH¢ per NOK,0.0488084,GH¢ per NOK,ok,
2000-05-03,NOKGHS,Norwegian Krone,Selling,506.2067,GH¢ per NOK,0.05062067,GH¢ per NOK,ok,
2000-05-03,NOKGHS,Norwegian Krone,Mid Rate,497.1454,GH¢ per NOK,0.04971454,GH¢ per NOK,ok,
2000-05-03,SEKGHS,Swedish Krona,Buying,488.5220,GH¢ per SEK,0.0488522,GH¢ per SEK,ok,
2000-05-03,SEKGHS,Swedish Krona,Selling,506.6566,GH¢ per SEK,0.05066566,GH¢ per SEK,ok,
2000-05-03,SEKGHS,Swedish Krona,Mid Rate,497.5893,GH¢ per SEK,0.04975893,GH¢ per SEK,ok,
2000-05-04,USDGHS,US Dollar,Buying,"4,369.5500",GH¢ per USD,0.436955,GH¢ per USD,ok,
2000-05-04,USDGHS,US Dollar,Selling,"4,537.0900",GH¢ per USD,0.453709,GH¢ per USD,ok,
2000-05-04,USDGHS,US Dollar,Mid Rate,"4,453.3200",GH¢ per USD,0.445332,GH¢ per USD,ok,
2000-05-04,AUDGHS,Australian Dollar,Buying,283.0165,GH¢ per AUD,0.02830165,GH¢ per AUD,ok,
2000-05-04,AUDGHS,Australian Dollar,Selling,"2,673.7162",GH¢ per AUD,0.26737162,GH¢ per AUD,ok,
2000-05-04,AUDGHS,Australian Dollar,Mid Rate,"1,478.3664",GH¢ per AUD,0.14783664,GH¢ per AUD,ok,
2000-05-04,CADGHS,Canadian Dollar,Buying,"2,926.7422",GH¢ per CAD,0.29267422,GH¢ per CAD,ok,
2000-05-04,CADGHS,Canadian Dollar,Selling,"3,036.8038",GH¢ per CAD,0.30368038,GH¢ per CAD,ok,
2000-05-04,CADGHS,Canadian Dollar,Mid Rate,"2,981.7730",GH¢ per CAD,0.2981773,GH¢ per CAD,ok,
2000-05-04,CHFGHS,Swiss Franc,Buying,"2,521.5476",GH¢ per CHF,0.25215476,GH¢ per CHF,ok,
2000-05-04,CHFGHS,Swiss Franc,Selling,"2,616.7450",GH¢ per CHF,0.2616745,GH¢ per CHF,ok,
2000-05-04,CHFGHS,Swiss Franc,Mid Rate,"2,569.1463",GH¢ per CHF,0.25691463,GH¢ per CHF,ok,
2000-05-04,DKKGHS,Danish Krone,Buying,522.5074,GH¢ per DKK,0.05225074,GH¢ per DKK,ok,
2000-05-04,DKKGHS,Danish Krone,Selling,542.2831,GH¢ per DKK,0.05422831,GH¢ per DKK,ok,
2000-05-04,DKKGHS,Danish Krone,Mid Rate,532.3953,GH¢ per DKK,0.05323953,GH¢ per DKK,ok,
2000-05-04,GBPGHS,Pound Sterling,Buying,"6,809.9437",GH¢ per GBP,0.68099437,GH¢ per GBP,ok,
2000-05-04,GBPGHS,Pound Sterling,Selling,"7,073.3233",GH¢ per GBP,0.70733233,GH¢ per GBP,ok,
2000-05-04,GBPGHS,Pound Sterling,Mid Rate,"6,941.6335",GH¢ per GBP,0.69416335,GH¢ per GBP,ok,
2000-05-04,JPYGHS,Japanese yen,Buying,40.0020,GH¢ per JPY,0.0040002,GH¢ per JPY,ok,
2000-05-04,JPYGHS,Japanese yen,Selling,41.5199,GH¢ per JPY,0.00415199,GH¢ per JPY,ok,
2000-05-04,JPYGHS,Japanese yen,Mid Rate,40.7610,GH¢ per JPY,0.0040761,GH¢ per JPY,ok,
2000-05-04,NOKGHS,Norwegian Krone,Buying,482.1097,GH¢ per NOK,0.04821097,GH¢ per NOK,ok,
2000-05-04,NOKGHS,Norwegian Krone,Selling,500.2067,GH¢ per NOK,0.05002067,GH¢ per NOK,ok,
2000-05-04,NOKGHS,Norwegian Krone,Mid Rate,491.1582,GH¢ per NOK,0.04911582,GH¢ per NOK,ok,
2000-05-04,SEKGHS,Swedish Krona,Buying,482.1028,GH¢ per SEK,0.04821028,GH¢ per SEK,ok,
2000-05-04,SEKGHS,Swedish Krona,Selling,500.2032,GH¢ per SEK,0.05002032,GH¢ per SEK,ok,
2000-05-04,SEKGHS,Swedish Krona,Mid Rate,491.1530,GH¢ per SEK,0.0491153,GH¢ per SEK,ok,
2000-05-05,USDGHS,US Dollar,Buying,"4,377.2700",GH¢ per USD,0.437727,GH¢ per USD,ok,
2000-05-05,USDGHS,US Dollar,Selling,"4,539.2700",GH¢ per USD,0.453927,GH¢ per USD,ok,
2000-05-05,USDGHS,US Dollar,Mid Rate,"4,458.2700",GH¢ per USD,0.445827,GH¢ per USD,ok,
2000-05-05,AUDGHS,Australian Dollar,Buying,284.1603,GH¢ per AUD,0.02841603,GH¢ per AUD,ok,
2000-05-05,AUDGHS,Australian Dollar,Selling,"2,695.1188",GH¢ per AUD,0.26951188,GH¢ per AUD,ok,
2000-05-05,AUDGHS,Australian Dollar,Mid Rate,"1,489.6396",GH¢ per AUD,0.14896396,GH¢ per AUD,ok,
2000-05-05,CADGHS,Canadian Dollar,Buying,"2,929.0687",GH¢ per CAD,0.29290687,GH¢ per CAD,ok,
2000-05-05,CADGHS,Canadian Dollar,Selling,"3,035.5478",GH¢ per CAD,0.30355478,GH¢ per CAD,ok,
2000-05-05,CADGHS,Canadian Dollar,Mid Rate,"2,982.3083",GH¢ per CAD,0.29823083,GH¢ per CAD,ok,
2000-05-05,CHFGHS,Swiss Franc,Buying,"2,521.0984",GH¢ per CHF,0.25210984,GH¢ per CHF,ok,
2000-05-05,CHFGHS,Swiss Franc,Selling,"2,612.8996",GH¢ per CHF,0.26128996,GH¢ per CHF,ok,
2000-05-05,CHFGHS,Swiss Franc,Mid Rate,"2,566.9990",GH¢ per CHF,0.2566999,GH¢ per CHF,ok,
2000-05-05,DKKGHS,Danish Krone,Buying,524.5212,GH¢ per DKK,0.05245212,GH¢ per DKK,ok,
2000-05-05,DKKGHS,Danish Krone,Selling,543.6731,GH¢ per DKK,0.05436731,GH¢ per DKK,ok,
2000-05-05,DKKGHS,Danish Krone,Mid Rate,534.0972,GH¢ per DKK,0.05340972,GH¢ per DKK,ok,
2000-05-05,GBPGHS,Pound Sterling,Buying,"6,711.6681",GH¢ per GBP,0.67116681,GH¢ per GBP,ok,
2000-05-05,GBPGHS,Pound Sterling,Selling,"6,962.3323",GH¢ per GBP,0.69623323,GH¢ per GBP,ok,
2000-05-05,GBPGHS,Pound Sterling,Mid Rate,"6,837.0002",GH¢ per GBP,0.68370002,GH¢ per GBP,ok,
2000-05-05,JPYGHS,Japanese yen,Buying,40.6866,GH¢ per JPY,0.00406866,GH¢ per JPY,ok,
2000-05-05,JPYGHS,Japanese yen,Selling,42.1755,GH¢ per JPY,0.00421755,GH¢ per JPY,ok,
2000-05-05,JPYGHS,Japanese yen,Mid Rate,41.4311,GH¢ per JPY,0.00414311,GH¢ per JPY,ok,
2000-05-05,NOKGHS,Norwegian Krone,Buying,481.5650,GH¢ per NOK,0.0481565,GH¢ per NOK,ok,
2000-05-05,NOKGHS,Norwegian Krone,Selling,499.1134,GH¢ per NOK,0.04991134,GH¢ per NOK,ok,
2000-05-05,NOKGHS,Norwegian Krone,Mid Rate,490.3392,GH¢ per NOK,0.04903392,GH¢ per NOK,ok,
2000-05-05,SEKGHS,Swedish Krona,Buying,481.4856,GH¢ per SEK,0.04814856,GH¢ per SEK,ok,
2000-05-05,SEKGHS,Swedish Krona,Selling,498.7558,GH¢ per SEK,0.04987558,GH¢ per SEK,ok,
2000-05-05,SEKGHS,Swedish Krona,Mid Rate,490.1207,GH¢ per SEK,0.04901207,GH¢ per SEK,ok,
2000-05-08,USDGHS,US Dollar,Buying,"4,383.8200",GH¢ per USD,0.438382,GH¢ per USD,ok,
2000-05-08,USDGHS,US Dollar,Selling,"4,551.2700",GH¢ per USD,0.455127,GH¢ per USD,ok,
2000-05-08,USDGHS,US Dollar,Mid Rate,"4,467.5450",GH¢ per USD,0.4467545,GH¢ per USD,ok,
2000-05-08,AUDGHS,Australian Dollar,Buying,287.6806,GH¢ per AUD,0.02876806,GH¢ per AUD,ok,
2000-05-08,AUDGHS,Australian Dollar,Selling,"2,676.4144",GH¢ per AUD,0.26764144,GH¢ per AUD,ok,
2000-05-08,AUDGHS,Australian Dollar,Mid Rate,"1,482.0475",GH¢ per AUD,0.14820475,GH¢ per AUD,ok,
2000-05-08,CADGHS,Canadian Dollar,Buying,"2,941.1628",GH¢ per CAD,0.29411628,GH¢ per CAD,ok,
2000-05-08,CADGHS,Canadian Dollar,Selling,"3,050.4971",GH¢ per CAD,0.30504971,GH¢ per CAD,ok,
2000-05-08,CADGHS,Canadian Dollar,Mid Rate,"2,995.8300",GH¢ per CAD,0.299583,GH¢ per CAD,ok,
2000-05-08,CHFGHS,Swiss Franc,Buying,"2,548.2492",GH¢ per CHF,0.25482492,GH¢ per CHF,ok,
2000-05-08,CHFGHS,Swiss Franc,Selling,"2,643.9414",GH¢ per CHF,0.26439414,GH¢ per CHF,ok,
2000-05-08,CHFGHS,Swiss Franc,Mid Rate,"2,596.0953",GH¢ per CHF,0.25960953,GH¢ per CHF,ok,
2000-05-08,DKKGHS,Danish Krone,Buying,529.9397,GH¢ per DKK,0.05299397,GH¢ per DKK,ok,
2000-05-08,DKKGHS,Danish Krone,Selling,549.8713,GH¢ per DKK,0.05498713,GH¢ per DKK,ok,
2000-05-08,DKKGHS,Danish Krone,Mid Rate,539.9055,GH¢ per DKK,0.05399055,GH¢ per DKK,ok,
2000-05-08,GBPGHS,Pound Sterling,Buying,"6,718.2042",GH¢ per GBP,0.67182042,GH¢ per GBP,ok,
2000-05-08,GBPGHS,Pound Sterling,Selling,"6,977.0969",GH¢ per GBP,0.69770969,GH¢ per GBP,ok,
2000-05-08,GBPGHS,Pound Sterling,Mid Rate,"6,847.6506",GH¢ per GBP,0.68476506,GH¢ per GBP,ok,
2000-05-08,JPYGHS,Japanese yen,Buying,40.3108,GH¢ per JPY,0.00403108,GH¢ per JPY,ok,
2000-05-08,JPYGHS,Japanese yen,Selling,41.8341,GH¢ per JPY,0.00418341,GH¢ per JPY,ok,
2000-05-08,JPYGHS,Japanese yen,Mid Rate,41.0725,GH¢ per JPY,0.00410725,GH¢ per JPY,ok,
2000-05-08,NOKGHS,Norwegian Krone,Buying,485.2020,GH¢ per NOK,0.0485202,GH¢ per NOK,ok,
2000-05-08,NOKGHS,Norwegian Krone,Selling,503.2927,GH¢ per NOK,0.05032927,GH¢ per NOK,ok,
2000-05-08,NOKGHS,Norwegian Krone,Mid Rate,494.2474,GH¢ per NOK,0.04942474,GH¢ per NOK,ok,
2000-05-08,SEKGHS,Swedish Krona,Buying,484.5581,GH¢ per SEK,0.04845581,GH¢ per SEK,ok,
2000-05-08,SEKGHS,Swedish Krona,Selling,502.3470,GH¢ per SEK,0.0502347,GH¢ per SEK,ok,
2000-05-08,SEKGHS,Swedish Krona,Mid Rate,493.4526,GH¢ per SEK,0.04934526,GH¢ per SEK,ok,
2000-05-09,USDGHS,US Dollar,Buying,"4,387.1800",GH¢ per USD,0.438718,GH¢ per USD,ok,
2000-05-09,USDGHS,US Dollar,Selling,"4,543.2700",GH¢ per USD,0.454327,GH¢ per USD,ok,
2000-05-09,USDGHS,US Dollar,Mid Rate,"4,465.2250",GH¢ per USD,0.4465225,GH¢ per USD,ok,
2000-05-09,AUDGHS,Australian Dollar,Buying,286.6149,GH¢ per AUD,0.02866149,GH¢ per AUD,ok,
2000-05-09,AUDGHS,Australian Dollar,Selling,"2,650.1082",GH¢ per AUD,0.26501082,GH¢ per AUD,ok,
2000-05-09,AUDGHS,Australian Dollar,Mid Rate,"1,468.3616",GH¢ per AUD,0.14683616,GH¢ per AUD,ok,
2000-05-09,CADGHS,Canadian Dollar,Buying,"2,939.9321",GH¢ per CAD,0.29399321,GH¢ per CAD,ok,
2000-05-09,CADGHS,Canadian Dollar,Selling,"3,042.9989",GH¢ per CAD,0.30429989,GH¢ per CAD,ok,
2000-05-09,CADGHS,Canadian Dollar,Mid Rate,"2,991.4655",GH¢ per CAD,0.29914655,GH¢ per CAD,ok,
2000-05-09,CHFGHS,Swiss Franc,Buying,"2,549.5455",GH¢ per CHF,0.25495455,GH¢ per CHF,ok,
2000-05-09,CHFGHS,Swiss Franc,Selling,"2,638.3718",GH¢ per CHF,0.26383718,GH¢ per CHF,ok,
2000-05-09,CHFGHS,Swiss Franc,Mid Rate,"2,593.9587",GH¢ per CHF,0.25939587,GH¢ per CHF,ok,
2000-05-09,DKKGHS,Danish Krone,Buying,529.2974,GH¢ per DKK,0.05292974,GH¢ per DKK,ok,
2000-05-09,DKKGHS,Danish Krone,Selling,547.7279,GH¢ per DKK,0.05477279,GH¢ per DKK,ok,
2000-05-09,DKKGHS,Danish Krone,Mid Rate,538.5127,GH¢ per DKK,0.05385127,GH¢ per DKK,ok,
2000-05-09,GBPGHS,Pound Sterling,Buying,"6,727.7405",GH¢ per GBP,0.67277405,GH¢ per GBP,ok,
2000-05-09,GBPGHS,Pound Sterling,Selling,"6,968.4675",GH¢ per GBP,0.69684675,GH¢ per GBP,ok,
2000-05-09,GBPGHS,Pound Sterling,Mid Rate,"6,848.1040",GH¢ per GBP,0.6848104,GH¢ per GBP,ok,
2000-05-09,JPYGHS,Japanese yen,Buying,40.2208,GH¢ per JPY,0.00402208,GH¢ per JPY,ok,
2000-05-09,JPYGHS,Japanese yen,Selling,41.6301,GH¢ per JPY,0.00416301,GH¢ per JPY,ok,
2000-05-09,JPYGHS,Japanese yen,Mid Rate,40.9255,GH¢ per JPY,0.00409255,GH¢ per JPY,ok,
2000-05-09,NOKGHS,Norwegian Krone,Buying,484.4248,GH¢ per NOK,0.04844248,GH¢ per NOK,ok,
2000-05-09,NOKGHS,Norwegian Krone,Selling,501.3827,GH¢ per NOK,0.05013827,GH¢ per NOK,ok,
2000-05-09,NOKGHS,Norwegian Krone,Mid Rate,492.9038,GH¢ per NOK,0.04929038,GH¢ per NOK,ok,
2000-05-09,SEKGHS,Swedish Krona,Buying,484.4493,GH¢ per SEK,0.04844493,GH¢ per SEK,ok,
2000-05-09,SEKGHS,Swedish Krona,Selling,501.1339,GH¢ per SEK,0.05011339,GH¢ per SEK,ok,
2000-05-09,SEKGHS,Swedish Krona,Mid Rate,492.7916,GH¢ per SEK,0.04927916,GH¢ per SEK,ok,
2000-05-10,USDGHS,US Dollar,Buying,"4,403.3600",GH¢ per USD,0.440336,GH¢ per USD,ok,
2000-05-10,USDGHS,US Dollar,Selling,"4,560.2700",GH¢ per USD,0.456027,GH¢ per USD,ok,
2000-05-10,USDGHS,US Dollar,Mid Rate,"4,481.8150",GH¢ per USD,0.4481815,GH¢ per USD,ok,
2000-05-10,AUDGHS,Australian Dollar,Buying,287.6720,GH¢ per AUD,0.0287672,GH¢ per AUD,ok,
2000-05-10,AUDGHS,Australian Dollar,Selling,"2,660.0244",GH¢ per AUD,0.26600244,GH¢ per AUD,ok,
2000-05-10,AUDGHS,Australian Dollar,Mid Rate,"1,473.8482",GH¢ per AUD,0.14738482,GH¢ per AUD,ok,
2000-05-10,CADGHS,Canadian Dollar,Buying,"2,950.7746",GH¢ per CAD,0.29507746,GH¢ per CAD,ok,
2000-05-10,CADGHS,Canadian Dollar,Selling,"3,054.3852",GH¢ per CAD,0.30543852,GH¢ per CAD,ok,
2000-05-10,CADGHS,Canadian Dollar,Mid Rate,"3,002.5799",GH¢ per CAD,0.30025799,GH¢ per CAD,ok,
2000-05-10,CHFGHS,Swiss Franc,Buying,"2,558.9482",GH¢ per CHF,0.25589482,GH¢ per CHF,ok,
2000-05-10,CHFGHS,Swiss Franc,Selling,"2,648.2440",GH¢ per CHF,0.2648244,GH¢ per CHF,ok,
2000-05-10,CHFGHS,Swiss Franc,Mid Rate,"2,603.5961",GH¢ per CHF,0.26035961,GH¢ per CHF,ok,
2000-05-10,DKKGHS,Danish Krone,Buying,531.2495,GH¢ per DKK,0.05312495,GH¢ per DKK,ok,
2000-05-10,DKKGHS,Danish Krone,Selling,549.7773,GH¢ per DKK,0.05497773,GH¢ per DKK,ok,
2000-05-10,DKKGHS,Danish Krone,Mid Rate,540.5134,GH¢ per DKK,0.05405134,GH¢ per DKK,ok,
2000-05-10,GBPGHS,Pound Sterling,Buying,"6,752.5526",GH¢ per GBP,0.67525526,GH¢ per GBP,ok,
2000-05-10,GBPGHS,Pound Sterling,Selling,"6,994.5421",GH¢ per GBP,0.69945421,GH¢ per GBP,ok,
2000-05-10,GBPGHS,Pound Sterling,Mid Rate,"6,873.5474",GH¢ per GBP,0.68735474,GH¢ per GBP,ok,
2000-05-10,JPYGHS,Japanese yen,Buying,40.3692,GH¢ per JPY,0.00403692,GH¢ per JPY,ok,
2000-05-10,JPYGHS,Japanese yen,Selling,41.7859,GH¢ per JPY,0.00417859,GH¢ per JPY,ok,
2000-05-10,JPYGHS,Japanese yen,Mid Rate,41.0776,GH¢ per JPY,0.00410776,GH¢ per JPY,ok,
2000-05-10,NOKGHS,Norwegian Krone,Buying,486.2114,GH¢ per NOK,0.04862114,GH¢ per NOK,ok,
2000-05-10,NOKGHS,Norwegian Krone,Selling,503.2588,GH¢ per NOK,0.05032588,GH¢ per NOK,ok,
2000-05-10,NOKGHS,Norwegian Krone,Mid Rate,494.7351,GH¢ per NOK,0.04947351,GH¢ per NOK,ok,
2000-05-10,SEKGHS,Swedish Krona,Buying,486.2359,GH¢ per SEK,0.04862359,GH¢ per SEK,ok,
2000-05-10,SEKGHS,Swedish Krona,Selling,503.0091,GH¢ per SEK,0.05030091,GH¢ per SEK,ok,
2000-05-10,SEKGHS,Swedish Krona,Mid Rate,494.6225,GH¢ per SEK,0.04946225,GH¢ per SEK,ok,
2000-05-11,USDGHS,US Dollar,Buying,"4,415.7300",GH¢ per USD,0.441573,GH¢ per USD,ok,
2000-05-11,USDGHS,US Dollar,Selling,"4,573.6400",GH¢ per USD,0.457364,GH¢ per USD,ok,
2000-05-11,USDGHS,US Dollar,Mid Rate,"4,494.6850",GH¢ per USD,0.4494685,GH¢ per USD,ok,
2000-05-11,AUDGHS,Australian Dollar,Buying,290.8354,GH¢ per AUD,0.02908354,GH¢ per AUD,ok,
2000-05-11,AUDGHS,Australian Dollar,Selling,"2,642.1443",GH¢ per AUD,0.26421443,GH¢ per AUD,ok,
2000-05-11,AUDGHS,Australian Dollar,Mid Rate,"1,466.4899",GH¢ per AUD,0.14664899,GH¢ per AUD,ok,
2000-05-11,CADGHS,Canadian Dollar,Buying,"2,953.2490",GH¢ per CAD,0.2953249,GH¢ per CAD,ok,
2000-05-11,CADGHS,Canadian Dollar,Selling,"3,056.8146",GH¢ per CAD,0.30568146,GH¢ per CAD,ok,
2000-05-11,CADGHS,Canadian Dollar,Mid Rate,"3,005.0318",GH¢ per CAD,0.30050318,GH¢ per CAD,ok,
2000-05-11,CHFGHS,Swiss Franc,Buying,"2,572.7052",GH¢ per CHF,0.25727052,GH¢ per CHF,ok,
2000-05-11,CHFGHS,Swiss Franc,Selling,"2,663.0739",GH¢ per CHF,0.26630739,GH¢ per CHF,ok,
2000-05-11,CHFGHS,Swiss Franc,Mid Rate,"2,617.8896",GH¢ per CHF,0.26178896,GH¢ per CHF,ok,
2000-05-11,DKKGHS,Danish Krone,Buying,536.7351,GH¢ per DKK,0.05367351,GH¢ per DKK,ok,
2000-05-11,DKKGHS,Danish Krone,Selling,555.7284,GH¢ per DKK,0.05557284,GH¢ per DKK,ok,
2000-05-11,DKKGHS,Danish Krone,Mid Rate,546.2318,GH¢ per DKK,0.05462318,GH¢ per DKK,ok,
2000-05-11,GBPGHS,Pound Sterling,Buying,"6,638.6085",GH¢ per GBP,0.66386085,GH¢ per GBP,ok,
2000-05-11,GBPGHS,Pound Sterling,Selling,"6,880.5840",GH¢ per GBP,0.6880584,GH¢ per GBP,ok,
2000-05-11,GBPGHS,Pound Sterling,Mid Rate,"6,759.5963",GH¢ per GBP,0.67595963,GH¢ per GBP,ok,
2000-05-11,JPYGHS,Japanese yen,Buying,40.2072,GH¢ per JPY,0.00402072,GH¢ per JPY,ok,
2000-05-11,JPYGHS,Japanese yen,Selling,41.6425,GH¢ per JPY,0.00416425,GH¢ per JPY,ok,
2000-05-11,JPYGHS,Japanese yen,Mid Rate,40.9249,GH¢ per JPY,0.00409249,GH¢ per JPY,ok,
2000-05-11,NOKGHS,Norwegian Krone,Buying,486.6908,GH¢ per NOK,0.04866908,GH¢ per NOK,ok,
2000-05-11,NOKGHS,Norwegian Krone,Selling,503.8174,GH¢ per NOK,0.05038174,GH¢ per NOK,ok,
2000-05-11,NOKGHS,Norwegian Krone,Mid Rate,495.2541,GH¢ per NOK,0.04952541,GH¢ per NOK,ok,
2000-05-11,SEKGHS,Swedish Krona,Buying,485.6192,GH¢ per SEK,0.04856192,GH¢ per SEK,ok,
2000-05-11,SEKGHS,Swedish Krona,Selling,502.4305,GH¢ per SEK,0.05024305,GH¢ per SEK,ok,
2000-05-11,SEKGHS,Swedish Krona,Mid Rate,494.0249,GH¢ per SEK,0.04940249,GH¢ per SEK,ok,
2000-05-12,USDGHS,US Dollar,Buying,"4,432.8200",GH¢ per USD,0.443282,GH¢ per USD,ok,
2000-05-12,USDGHS,US Dollar,Selling,"4,578.0900",GH¢ per USD,0.457809,GH¢ per USD,ok,
2000-05-12,USDGHS,US Dollar,Mid Rate,"4,505.4550",GH¢ per USD,0.4505455,GH¢ per USD,ok,
2000-05-12,AUDGHS,Australian Dollar,Buying,290.5630,GH¢ per AUD,0.0290563,GH¢ per AUD,ok,
2000-05-12,AUDGHS,Australian Dollar,Selling,"2,649.7692",GH¢ per AUD,0.26497692,GH¢ per AUD,ok,
2000-05-12,AUDGHS,Australian Dollar,Mid Rate,"1,470.1661",GH¢ per AUD,0.14701661,GH¢ per AUD,ok,
2000-05-12,CADGHS,Canadian Dollar,Buying,"2,978.0023",GH¢ per CAD,0.29780023,GH¢ per CAD,ok,
2000-05-12,CADGHS,Canadian Dollar,Selling,"3,073.6078",GH¢ per CAD,0.30736078,GH¢ per CAD,ok,
2000-05-12,CADGHS,Canadian Dollar,Mid Rate,"3,025.8051",GH¢ per CAD,0.30258051,GH¢ per CAD,ok,
2000-05-12,CHFGHS,Swiss Franc,Buying,"2,571.6617",GH¢ per CHF,0.25716617,GH¢ per CHF,ok,
2000-05-12,CHFGHS,Swiss Franc,Selling,"2,655.1868",GH¢ per CHF,0.26551868,GH¢ per CHF,ok,
2000-05-12,CHFGHS,Swiss Franc,Mid Rate,"2,613.4243",GH¢ per CHF,0.26134243,GH¢ per CHF,ok,
2000-05-12,DKKGHS,Danish Krone,Buying,536.5789,GH¢ per DKK,0.05365789,GH¢ per DKK,ok,
2000-05-12,DKKGHS,Danish Krone,Selling,553.8367,GH¢ per DKK,0.05538367,GH¢ per DKK,ok,
2000-05-12,DKKGHS,Danish Krone,Mid Rate,545.2078,GH¢ per DKK,0.05452078,GH¢ per DKK,ok,
2000-05-12,GBPGHS,Pound Sterling,Buying,"6,700.2074",GH¢ per GBP,0.67002074,GH¢ per GBP,ok,
2000-05-12,GBPGHS,Pound Sterling,Selling,"6,922.0721",GH¢ per GBP,0.69220721,GH¢ per GBP,ok,
2000-05-12,GBPGHS,Pound Sterling,Mid Rate,"6,811.1398",GH¢ per GBP,0.68111398,GH¢ per GBP,ok,
2000-05-12,JPYGHS,Japanese yen,Buying,40.9248,GH¢ per JPY,0.00409248,GH¢ per JPY,ok,
2000-05-12,JPYGHS,Japanese yen,Selling,42.2490,GH¢ per JPY,0.0042249,GH¢ per JPY,ok,
2000-05-12,JPYGHS,Japanese yen,Mid Rate,41.5869,GH¢ per JPY,0.00415869,GH¢ per JPY,ok,
2000-05-12,NOKGHS,Norwegian Krone,Buying,487.5573,GH¢ per NOK,0.04875573,GH¢ per NOK,ok,
2000-05-12,NOKGHS,Norwegian Krone,Selling,503.2587,GH¢ per NOK,0.05032587,GH¢ per NOK,ok,
2000-05-12,NOKGHS,Norwegian Krone,Mid Rate,495.4080,GH¢ per NOK,0.0495408,GH¢ per NOK,ok,
2000-05-12,SEKGHS,Swedish Krona,Buying,485.6067,GH¢ per SEK,0.04856067,GH¢ per SEK,ok,
2000-05-12,SEKGHS,Swedish Krona,Selling,500.9714,GH¢ per SEK,0.05009714,GH¢ per SEK,ok,
2000-05-12,SEKGHS,Swedish Krona,Mid Rate,493.2891,GH¢ per SEK,0.04932891,GH¢ per SEK,ok,
2000-05-15,USDGHS,US Dollar,Buying,"4,440.7300",GH¢ per USD,0.444073,GH¢ per USD,ok,
2000-05-15,USDGHS,US Dollar,Selling,"4,601.1800",GH¢ per USD,0.460118,GH¢ per USD,ok,
2000-05-15,USDGHS,US Dollar,Mid Rate,"4,520.9550",GH¢ per USD,0.4520955,GH¢ per USD,ok,
2000-05-15,AUDGHS,Australian Dollar,Buying,296.0956,GH¢ per AUD,0.02960956,GH¢ per AUD,ok,
2000-05-15,AUDGHS,Australian Dollar,Selling,"2,651.6905",GH¢ per AUD,0.26516905,GH¢ per AUD,ok,
2000-05-15,AUDGHS,Australian Dollar,Mid Rate,"1,473.8931",GH¢ per AUD,0.14738931,GH¢ per AUD,ok,
2000-05-15,CADGHS,Canadian Dollar,Buying,"2,989.4388",GH¢ per CAD,0.29894388,GH¢ per CAD,ok,
2000-05-15,CADGHS,Canadian Dollar,Selling,"3,095.3690",GH¢ per CAD,0.3095369,GH¢ per CAD,ok,
2000-05-15,CADGHS,Canadian Dollar,Mid Rate,"3,042.4039",GH¢ per CAD,0.30424039,GH¢ per CAD,ok,
2000-05-15,CHFGHS,Swiss Franc,Buying,"2,614.6112",GH¢ per CHF,0.26146112,GH¢ per CHF,ok,
2000-05-15,CHFGHS,Swiss Franc,Selling,"2,707.5013",GH¢ per CHF,0.27075013,GH¢ per CHF,ok,
2000-05-15,CHFGHS,Swiss Franc,Mid Rate,"2,661.0563",GH¢ per CHF,0.26610563,GH¢ per CHF,ok,
2000-05-15,DKKGHS,Danish Krone,Buying,545.8106,GH¢ per DKK,0.05458106,GH¢ per DKK,ok,
2000-05-15,DKKGHS,Danish Krone,Selling,565.4644,GH¢ per DKK,0.05654644,GH¢ per DKK,ok,
2000-05-15,DKKGHS,Danish Krone,Mid Rate,555.6375,GH¢ per DKK,0.05556375,GH¢ per DKK,ok,
2000-05-15,GBPGHS,Pound Sterling,Buying,"6,725.0415",GH¢ per GBP,0.67250415,GH¢ per GBP,ok,
2000-05-15,GBPGHS,Pound Sterling,Selling,"6,972.6282",GH¢ per GBP,0.69726282,GH¢ per GBP,ok,
2000-05-15,GBPGHS,Pound Sterling,Mid Rate,"6,848.8349",GH¢ per GBP,0.68488349,GH¢ per GBP,ok,
2000-05-15,JPYGHS,Japanese yen,Buying,40.7702,GH¢ per JPY,0.00407702,GH¢ per JPY,ok,
2000-05-15,JPYGHS,Japanese yen,Selling,42.2404,GH¢ per JPY,0.00422404,GH¢ per JPY,ok,
2000-05-15,JPYGHS,Japanese yen,Mid Rate,41.5053,GH¢ per JPY,0.00415053,GH¢ per JPY,ok,
2000-05-15,NOKGHS,Norwegian Krone,Buying,496.1995,GH¢ per NOK,0.04961995,GH¢ per NOK,ok,
2000-05-15,NOKGHS,Norwegian Krone,Selling,513.8380,GH¢ per NOK,0.0513838,GH¢ per NOK,ok,
2000-05-15,NOKGHS,Norwegian Krone,Mid Rate,505.0188,GH¢ per NOK,0.05050188,GH¢ per NOK,ok,
2000-05-15,SEKGHS,Swedish Krona,Buying,492.8106,GH¢ per SEK,0.04928106,GH¢ per SEK,ok,
2000-05-15,SEKGHS,Swedish Krona,Selling,510.0530,GH¢ per SEK,0.0510053,GH¢ per SEK,ok,
2000-05-15,SEKGHS,Swedish Krona,Mid Rate,501.4318,GH¢ per SEK,0.05014318,GH¢ per SEK,ok,
2000-05-16,USDGHS,US Dollar,Buying,"4,447.8200",GH¢ per USD,0.444782,GH¢ per USD,ok,
2000-05-16,USDGHS,US Dollar,Selling,"4,607.8200",GH¢ per USD,0.460782,GH¢ per USD,ok,
2000-05-16,USDGHS,US Dollar,Mid Rate,"4,527.8200",GH¢ per USD,0.452782,GH¢ per USD,ok,
2000-05-16,AUDGHS,Australian Dollar,Buying,293.7885,GH¢ per AUD,0.02937885,GH¢ per AUD,ok,
2000-05-16,AUDGHS,Australian Dollar,Selling,"2,658.3740",GH¢ per AUD,0.2658374,GH¢ per AUD,ok,
2000-05-16,AUDGHS,Australian Dollar,Mid Rate,"1,476.0813",GH¢ per AUD,0.14760813,GH¢ per AUD,ok,
2000-05-16,CADGHS,Canadian Dollar,Buying,"2,992.3151",GH¢ per CAD,0.29923151,GH¢ per CAD,ok,
2000-05-16,CADGHS,Canadian Dollar,Selling,"3,098.1301",GH¢ per CAD,0.30981301,GH¢ per CAD,ok,
2000-05-16,CADGHS,Canadian Dollar,Mid Rate,"3,045.2226",GH¢ per CAD,0.30452226,GH¢ per CAD,ok,
2000-05-16,CHFGHS,Swiss Franc,Buying,"2,601.6829",GH¢ per CHF,0.26016829,GH¢ per CHF,ok,
2000-05-16,CHFGHS,Swiss Franc,Selling,"2,694.6516",GH¢ per CHF,0.26946516,GH¢ per CHF,ok,
2000-05-16,CHFGHS,Swiss Franc,Mid Rate,"2,648.1673",GH¢ per CHF,0.26481673,GH¢ per CHF,ok,
2000-05-16,DKKGHS,Danish Krone,Buying,541.8868,GH¢ per DKK,0.05418868,GH¢ per DKK,ok,
2000-05-16,DKKGHS,Danish Krone,Selling,561.3529,GH¢ per DKK,0.05613529,GH¢ per DKK,ok,
2000-05-16,DKKGHS,Danish Krone,Mid Rate,551.6199,GH¢ per DKK,0.05516199,GH¢ per DKK,ok,
2000-05-16,GBPGHS,Pound Sterling,Buying,"6,662.3896",GH¢ per GBP,0.66623896,GH¢ per GBP,ok,
2000-05-16,GBPGHS,Pound Sterling,Selling,"6,906.6614",GH¢ per GBP,0.69066614,GH¢ per GBP,ok,
2000-05-16,GBPGHS,Pound Sterling,Mid Rate,"6,784.5255",GH¢ per GBP,0.67845255,GH¢ per GBP,ok,
2000-05-16,JPYGHS,Japanese yen,Buying,40.8410,GH¢ per JPY,0.0040841,GH¢ per JPY,ok,
2000-05-16,JPYGHS,Japanese yen,Selling,42.3073,GH¢ per JPY,0.00423073,GH¢ per JPY,ok,
2000-05-16,JPYGHS,Japanese yen,Mid Rate,41.5742,GH¢ per JPY,0.00415742,GH¢ per JPY,ok,
2000-05-16,NOKGHS,Norwegian Krone,Buying,495.2750,GH¢ per NOK,0.0495275,GH¢ per NOK,ok,
2000-05-16,NOKGHS,Norwegian Krone,Selling,512.8392,GH¢ per NOK,0.05128392,GH¢ per NOK,ok,
2000-05-16,NOKGHS,Norwegian Krone,Mid Rate,504.0571,GH¢ per NOK,0.05040571,GH¢ per NOK,ok,
2000-05-16,SEKGHS,Swedish Krona,Buying,491.9071,GH¢ per SEK,0.04919071,GH¢ per SEK,ok,
2000-05-16,SEKGHS,Swedish Krona,Selling,509.0743,GH¢ per SEK,0.05090743,GH¢ per SEK,ok,
2000-05-16,SEKGHS,Swedish Krona,Mid Rate,500.4907,GH¢ per SEK,0.05004907,GH¢ per SEK,ok,
2000-05-17,USDGHS,US Dollar,Buying,"4,453.0000",GH¢ per USD,0.4453,GH¢ per USD,ok,
2000-05-17,USDGHS,US Dollar,Selling,"4,630.2700",GH¢ per USD,0.463027,GH¢ per USD,ok,
2000-05-17,USDGHS,US Dollar,Mid Rate,"4,541.6350",GH¢ per USD,0.4541635,GH¢ per USD,ok,
2000-05-17,AUDGHS,Australian Dollar,Buying,290.0407,GH¢ per AUD,0.02900407,GH¢ per AUD,ok,
2000-05-17,AUDGHS,Australian Dollar,Selling,"2,640.9312",GH¢ per AUD,0.26409312,GH¢ per AUD,ok,
2000-05-17,AUDGHS,Australian Dollar,Mid Rate,"1,465.4860",GH¢ per AUD,0.1465486,GH¢ per AUD,ok,
2000-05-17,CADGHS,Canadian Dollar,Buying,"2,990.6450",GH¢ per CAD,0.2990645,GH¢ per CAD,ok,
2000-05-17,CADGHS,Canadian Dollar,Selling,"3,107.5944",GH¢ per CAD,0.31075944,GH¢ per CAD,ok,
2000-05-17,CADGHS,Canadian Dollar,Mid Rate,"3,049.1197",GH¢ per CAD,0.30491197,GH¢ per CAD,ok,
2000-05-17,CHFGHS,Swiss Franc,Buying,"2,577.6357",GH¢ per CHF,0.25776357,GH¢ per CHF,ok,
2000-05-17,CHFGHS,Swiss Franc,Selling,"2,679.0352",GH¢ per CHF,0.26790352,GH¢ per CHF,ok,
2000-05-17,CHFGHS,Swiss Franc,Mid Rate,"2,628.3355",GH¢ per CHF,0.26283355,GH¢ per CHF,ok,
2000-05-17,DKKGHS,Danish Krone,Buying,534.9662,GH¢ per DKK,0.05349662,GH¢ per DKK,ok,
2000-05-17,DKKGHS,Danish Krone,Selling,556.1210,GH¢ per DKK,0.0556121,GH¢ per DKK,ok,
2000-05-17,DKKGHS,Danish Krone,Mid Rate,545.5436,GH¢ per DKK,0.05455436,GH¢ per DKK,ok,
2000-05-17,GBPGHS,Pound Sterling,Buying,"6,665.2504",GH¢ per GBP,0.66652504,GH¢ per GBP,ok,
2000-05-17,GBPGHS,Pound Sterling,Selling,"6,935.2184",GH¢ per GBP,0.69352184,GH¢ per GBP,ok,
2000-05-17,GBPGHS,Pound Sterling,Mid Rate,"6,800.2344",GH¢ per GBP,0.68002344,GH¢ per GBP,ok,
2000-05-17,JPYGHS,Japanese yen,Buying,40.7661,GH¢ per JPY,0.00407661,GH¢ per JPY,ok,
2000-05-17,JPYGHS,Japanese yen,Selling,42.3861,GH¢ per JPY,0.00423861,GH¢ per JPY,ok,
2000-05-17,JPYGHS,Japanese yen,Mid Rate,41.5761,GH¢ per JPY,0.00415761,GH¢ per JPY,ok,
2000-05-17,NOKGHS,Norwegian Krone,Buying,489.2645,GH¢ per NOK,0.04892645,GH¢ per NOK,ok,
2000-05-17,NOKGHS,Norwegian Krone,Selling,508.4620,GH¢ per NOK,0.0508462,GH¢ per NOK,ok,
2000-05-17,NOKGHS,Norwegian Krone,Mid Rate,498.8633,GH¢ per NOK,0.04988633,GH¢ per NOK,ok,
2000-05-17,SEKGHS,Swedish Krona,Buying,486.9625,GH¢ per SEK,0.04869625,GH¢ per SEK,ok,
2000-05-17,SEKGHS,Swedish Krona,Selling,505.7958,GH¢ per SEK,0.05057958,GH¢ per SEK,ok,
2000-05-17,SEKGHS,Swedish Krona,Mid Rate,496.3792,GH¢ per SEK,0.04963792,GH¢ per SEK,ok,
2000-05-18,USDGHS,US Dollar,Buying,"4,481.6400",GH¢ per USD,0.448164,GH¢ per USD,ok,
2000-05-18,USDGHS,US Dollar,Selling,"4,655.0000",GH¢ per USD,0.4655,GH¢ per USD,ok,
2000-05-18,USDGHS,US Dollar,Mid Rate,"4,568.3200",GH¢ per USD,0.456832,GH¢ per USD,ok,
2000-05-18,AUDGHS,Australian Dollar,Buying,290.7133,GH¢ per AUD,0.02907133,GH¢ per AUD,ok,
2000-05-18,AUDGHS,Australian Dollar,Selling,"2,649.7943",GH¢ per AUD,0.26497943,GH¢ per AUD,ok,
2000-05-18,AUDGHS,Australian Dollar,Mid Rate,"1,470.2538",GH¢ per AUD,0.14702538,GH¢ per AUD,ok,
2000-05-18,CADGHS,Canadian Dollar,Buying,"2,990.0992",GH¢ per CAD,0.29900992,GH¢ per CAD,ok,
2000-05-18,CADGHS,Canadian Dollar,Selling,"3,103.6800",GH¢ per CAD,0.310368,GH¢ per CAD,ok,
2000-05-18,CADGHS,Canadian Dollar,Mid Rate,"3,046.8896",GH¢ per CAD,0.30468896,GH¢ per CAD,ok,
2000-05-18,CHFGHS,Swiss Franc,Buying,"2,578.0018",GH¢ per CHF,0.25780018,GH¢ per CHF,ok,
2000-05-18,CHFGHS,Swiss Franc,Selling,"2,676.4770",GH¢ per CHF,0.2676477,GH¢ per CHF,ok,
2000-05-18,CHFGHS,Swiss Franc,Mid Rate,"2,627.2394",GH¢ per CHF,0.26272394,GH¢ per CHF,ok,
2000-05-18,DKKGHS,Danish Krone,Buying,536.2090,GH¢ per DKK,0.0536209,GH¢ per DKK,ok,
2000-05-18,DKKGHS,Danish Krone,Selling,556.8162,GH¢ per DKK,0.05568162,GH¢ per DKK,ok,
2000-05-18,DKKGHS,Danish Krone,Mid Rate,546.5126,GH¢ per DKK,0.05465126,GH¢ per DKK,ok,
2000-05-18,GBPGHS,Pound Sterling,Buying,"6,683.4697",GH¢ per GBP,0.66834697,GH¢ per GBP,ok,
2000-05-18,GBPGHS,Pound Sterling,Selling,"6,945.7255",GH¢ per GBP,0.69457255,GH¢ per GBP,ok,
2000-05-18,GBPGHS,Pound Sterling,Mid Rate,"6,814.5976",GH¢ per GBP,0.68145976,GH¢ per GBP,ok,
2000-05-18,JPYGHS,Japanese yen,Buying,41.1392,GH¢ per JPY,0.00411392,GH¢ per JPY,ok,
2000-05-18,JPYGHS,Japanese yen,Selling,42.7219,GH¢ per JPY,0.00427219,GH¢ per JPY,ok,
2000-05-18,JPYGHS,Japanese yen,Mid Rate,41.9306,GH¢ per JPY,0.00419306,GH¢ per JPY,ok,
2000-05-18,NOKGHS,Norwegian Krone,Buying,528.9983,GH¢ per NOK,0.05289983,GH¢ per NOK,warn,FX2_spread
2000-05-18,NOKGHS,Norwegian Krone,Selling,508.8816,GH¢ per NOK,0.05088816,GH¢ per NOK,warn,FX2_spread
2000-05-18,NOKGHS,Norwegian Krone,Mid Rate,518.9400,GH¢ per NOK,0.051894,GH¢ per NOK,ok,
2000-05-18,SEKGHS,Swedish Krona,Buying,489.1549,GH¢ per SEK,0.04891549,GH¢ per SEK,ok,
2000-05-18,SEKGHS,Swedish Krona,Selling,507.5244,GH¢ per SEK,0.05075244,GH¢ per SEK,ok,
2000-05-18,SEKGHS,Swedish Krona,Mid Rate,498.3397,GH¢ per SEK,0.04983397,GH¢ per SEK,ok,
2000-05-19,USDGHS,US Dollar,Buying,"4,485.1800",GH¢ per USD,0.448518,GH¢ per USD,ok,
2000-05-19,USDGHS,US Dollar,Selling,"4,661.8200",GH¢ per USD,0.466182,GH¢ per USD,ok,
2000-05-19,USDGHS,US Dollar,Mid Rate,"4,573.5000",GH¢ per USD,0.45735,GH¢ per USD,ok,
2000-05-19,AUDGHS,Australian Dollar,Buying,291.4197,GH¢ per AUD,0.02914197,GH¢ per AUD,ok,
2000-05-19,AUDGHS,Australian Dollar,Selling,"2,676.4441",GH¢ per AUD,0.26764441,GH¢ per AUD,ok,
2000-05-19,AUDGHS,Australian Dollar,Mid Rate,"1,483.9319",GH¢ per AUD,0.14839319,GH¢ per AUD,ok,
2000-05-19,CADGHS,Canadian Dollar,Buying,"2,988.9764",GH¢ per CAD,0.29889764,GH¢ per CAD,ok,
2000-05-19,CADGHS,Canadian Dollar,Selling,"3,104.5274",GH¢ per CAD,0.31045274,GH¢ per CAD,ok,
2000-05-19,CADGHS,Canadian Dollar,Mid Rate,"3,046.7519",GH¢ per CAD,0.30467519,GH¢ per CAD,ok,
2000-05-19,CHFGHS,Swiss Franc,Buying,"2,580.4071",GH¢ per CHF,0.25804071,GH¢ per CHF,ok,
2000-05-19,CHFGHS,Swiss Franc,Selling,"2,681.2704",GH¢ per CHF,0.26812704,GH¢ per CHF,ok,
2000-05-19,CHFGHS,Swiss Franc,Mid Rate,"2,630.8388",GH¢ per CHF,0.26308388,GH¢ per CHF,ok,
2000-05-19,DKKGHS,Danish Krone,Buying,537.7032,GH¢ per DKK,0.05377032,GH¢ per DKK,ok,
2000-05-19,DKKGHS,Danish Krone,Selling,558.6116,GH¢ per DKK,0.05586116,GH¢ per DKK,ok,
2000-05-19,DKKGHS,Danish Krone,Mid Rate,548.1574,GH¢ per DKK,0.05481574,GH¢ per DKK,ok,
2000-05-19,GBPGHS,Pound Sterling,Buying,"6,643.0001",GH¢ per GBP,0.66430001,GH¢ per GBP,ok,
2000-05-19,GBPGHS,Pound Sterling,Selling,"6,906.9525",GH¢ per GBP,0.69069525,GH¢ per GBP,ok,
2000-05-19,GBPGHS,Pound Sterling,Mid Rate,"6,774.9763",GH¢ per GBP,0.67749763,GH¢ per GBP,ok,
2000-05-19,JPYGHS,Japanese yen,Buying,41.6280,GH¢ per JPY,0.0041628,GH¢ per JPY,ok,
2000-05-19,JPYGHS,Japanese yen,Selling,43.2496,GH¢ per JPY,0.00432496,GH¢ per JPY,ok,
2000-05-19,JPYGHS,Japanese yen,Mid Rate,42.4388,GH¢ per JPY,0.00424388,GH¢ per JPY,ok,
2000-05-19,NOKGHS,Norwegian Krone,Buying,491.4807,GH¢ per NOK,0.04914807,GH¢ per NOK,ok,
2000-05-19,NOKGHS,Norwegian Krone,Selling,510.5558,GH¢ per NOK,0.05105558,GH¢ per NOK,ok,
2000-05-19,NOKGHS,Norwegian Krone,Mid Rate,501.0183,GH¢ per NOK,0.05010183,GH¢ per NOK,ok,
2000-05-19,SEKGHS,Swedish Krona,Buying,491.1282,GH¢ per SEK,0.04911282,GH¢ per SEK,ok,
2000-05-19,SEKGHS,Swedish Krona,Selling,509.9113,GH¢ per SEK,0.05099113,GH¢ per SEK,ok,
2000-05-19,SEKGHS,Swedish Krona,Mid Rate,500.5198,GH¢ per SEK,0.05005198,GH¢ per SEK,ok,
2000-05-22,USDGHS,US Dollar,Buying,"4,507.7300",GH¢ per USD,0.450773,GH¢ per USD,ok,
2000-05-22,USDGHS,US Dollar,Selling,"4,667.0000",GH¢ per USD,0.4667,GH¢ per USD,ok,
2000-05-22,USDGHS,US Dollar,Mid Rate,"4,587.3650",GH¢ per USD,0.4587365,GH¢ per USD,ok,
2000-05-22,AUDGHS,Australian Dollar,Buying,295.3221,GH¢ per AUD,0.02953221,GH¢ per AUD,ok,
2000-05-22,AUDGHS,Australian Dollar,Selling,"2,674.9698",GH¢ per AUD,0.26749698,GH¢ per AUD,ok,
2000-05-22,AUDGHS,Australian Dollar,Mid Rate,"1,485.1460",GH¢ per AUD,0.1485146,GH¢ per AUD,ok,
2000-05-22,CADGHS,Canadian Dollar,Buying,"3,015.2278",GH¢ per CAD,0.30152278,GH¢ per CAD,ok,
2000-05-22,CADGHS,Canadian Dollar,Selling,"3,119.5840",GH¢ per CAD,0.3119584,GH¢ per CAD,ok,
2000-05-22,CADGHS,Canadian Dollar,Mid Rate,"3,067.4059",GH¢ per CAD,0.30674059,GH¢ per CAD,ok,
2000-05-22,CHFGHS,Swiss Franc,Buying,"2,618.1927",GH¢ per CHF,0.26181927,GH¢ per CHF,ok,
2000-05-22,CHFGHS,Swiss Franc,Selling,"2,709.1188",GH¢ per CHF,0.27091188,GH¢ per CHF,ok,
2000-05-22,CHFGHS,Swiss Franc,Mid Rate,"2,663.6558",GH¢ per CHF,0.26636558,GH¢ per CHF,ok,
2000-05-22,DKKGHS,Danish Krone,Buying,544.8598,GH¢ per DKK,0.05448598,GH¢ per DKK,ok,
2000-05-22,DKKGHS,Danish Krone,Selling,563.9183,GH¢ per DKK,0.05639183,GH¢ per DKK,ok,
2000-05-22,DKKGHS,Danish Krone,Mid Rate,554.3891,GH¢ per DKK,0.05543891,GH¢ per DKK,ok,
2000-05-22,GBPGHS,Pound Sterling,Buying,"6,700.7407",GH¢ per GBP,0.67007407,GH¢ per GBP,ok,
2000-05-22,GBPGHS,Pound Sterling,Selling,"6,940.7624",GH¢ per GBP,0.69407624,GH¢ per GBP,ok,
2000-05-22,GBPGHS,Pound Sterling,Mid Rate,"6,820.7516",GH¢ per GBP,0.68207516,GH¢ per GBP,ok,
2000-05-22,JPYGHS,Japanese yen,Buying,42.1457,GH¢ per JPY,0.00421457,GH¢ per JPY,ok,
2000-05-22,JPYGHS,Japanese yen,Selling,43.6224,GH¢ per JPY,0.00436224,GH¢ per JPY,ok,
2000-05-22,JPYGHS,Japanese yen,Mid Rate,42.8841,GH¢ per JPY,0.00428841,GH¢ per JPY,ok,
2000-05-22,NOKGHS,Norwegian Krone,Buying,497.0249,GH¢ per NOK,0.04970249,GH¢ per NOK,ok,
2000-05-22,NOKGHS,Norwegian Krone,Selling,514.1915,GH¢ per NOK,0.05141915,GH¢ per NOK,ok,
2000-05-22,NOKGHS,Norwegian Krone,Mid Rate,505.6082,GH¢ per NOK,0.05056082,GH¢ per NOK,ok,
2000-05-22,SEKGHS,Swedish Krona,Buying,492.5132,GH¢ per SEK,0.04925132,GH¢ per SEK,ok,
2000-05-22,SEKGHS,Swedish Krona,Selling,509.5259,GH¢ per SEK,0.05095259,GH¢ per SEK,ok,
2000-05-22,SEKGHS,Swedish Krona,Mid Rate,501.0196,GH¢ per SEK,0.05010196,GH¢ per SEK,ok,
2000-05-23,USDGHS,US Dollar,Buying,"4,527.5500",GH¢ per USD,0.452755,GH¢ per USD,ok,
2000-05-23,USDGHS,US Dollar,Selling,"4,687.9100",GH¢ per USD,0.468791,GH¢ per USD,ok,
2000-05-23,USDGHS,US Dollar,Mid Rate,"4,607.7300",GH¢ per USD,0.460773,GH¢ per USD,ok,
2000-05-23,AUDGHS,Australian Dollar,Buying,298.7734,GH¢ per AUD,0.02987734,GH¢ per AUD,ok,
2000-05-23,AUDGHS,Australian Dollar,Selling,"2,704.5359",GH¢ per AUD,0.27045359,GH¢ per AUD,ok,
2000-05-23,AUDGHS,Australian Dollar,Mid Rate,"1,501.6547",GH¢ per AUD,0.15016547,GH¢ per AUD,ok,
2000-05-23,CADGHS,Canadian Dollar,Buying,"3,021.7549",GH¢ per CAD,0.30217549,GH¢ per CAD,ok,
2000-05-23,CADGHS,Canadian Dollar,Selling,"3,126.7453",GH¢ per CAD,0.31267453,GH¢ per CAD,ok,
2000-05-23,CADGHS,Canadian Dollar,Mid Rate,"3,074.2501",GH¢ per CAD,0.30742501,GH¢ per CAD,ok,
2000-05-23,CHFGHS,Swiss Franc,Buying,"2,641.9151",GH¢ per CHF,0.26419151,GH¢ per CHF,ok,
2000-05-23,CHFGHS,Swiss Franc,Selling,"2,733.9400",GH¢ per CHF,0.273394,GH¢ per CHF,ok,
2000-05-23,CHFGHS,Swiss Franc,Mid Rate,"2,687.9276",GH¢ per CHF,0.26879276,GH¢ per CHF,ok,
2000-05-23,DKKGHS,Danish Krone,Buying,551.1265,GH¢ per DKK,0.05511265,GH¢ per DKK,ok,
2000-05-23,DKKGHS,Danish Krone,Selling,570.5116,GH¢ per DKK,0.05705116,GH¢ per DKK,ok,
2000-05-23,DKKGHS,Danish Krone,Mid Rate,560.8191,GH¢ per DKK,0.05608191,GH¢ per DKK,ok,
2000-05-23,GBPGHS,Pound Sterling,Buying,"6,729.7503",GH¢ per GBP,0.67297503,GH¢ per GBP,ok,
2000-05-23,GBPGHS,Pound Sterling,Selling,"6,970.4534",GH¢ per GBP,0.69704534,GH¢ per GBP,ok,
2000-05-23,GBPGHS,Pound Sterling,Mid Rate,"6,850.1019",GH¢ per GBP,0.68501019,GH¢ per GBP,ok,
2000-05-23,JPYGHS,Japanese yen,Buying,42.3868,GH¢ per JPY,0.00423868,GH¢ per JPY,ok,
2000-05-23,JPYGHS,Japanese yen,Selling,43.8697,GH¢ per JPY,0.00438697,GH¢ per JPY,ok,
2000-05-23,JPYGHS,Japanese yen,Mid Rate,43.1283,GH¢ per JPY,0.00431283,GH¢ per JPY,ok,
2000-05-23,NOKGHS,Norwegian Krone,Buying,497.6559,GH¢ per NOK,0.04976559,GH¢ per NOK,ok,
2000-05-23,NOKGHS,Norwegian Krone,Selling,514.8235,GH¢ per NOK,0.05148235,GH¢ per NOK,ok,
2000-05-23,NOKGHS,Norwegian Krone,Mid Rate,506.2397,GH¢ per NOK,0.05062397,GH¢ per NOK,ok,
2000-05-23,SEKGHS,Swedish Krona,Buying,492.0847,GH¢ per SEK,0.04920847,GH¢ per SEK,ok,
2000-05-23,SEKGHS,Swedish Krona,Selling,508.7885,GH¢ per SEK,0.05087885,GH¢ per SEK,ok,
2000-05-23,SEKGHS,Swedish Krona,Mid Rate,500.4366,GH¢ per SEK,0.05004366,GH¢ per SEK,ok,
2000-05-24,USDGHS,US Dollar,Buying,"4,576.6400",GH¢ per USD,0.457664,GH¢ per USD,ok,
2000-05-24,USDGHS,US Dollar,Selling,"4,738.0000",GH¢ per USD,0.4738,GH¢ per USD,ok,
2000-05-24,USDGHS,US Dollar,Mid Rate,"4,657.3200",GH¢ per USD,0.465732,GH¢ per USD,ok,
2000-05-24,AUDGHS,Australian Dollar,Buying,301.3042,GH¢ per AUD,0.03013042,GH¢ per AUD,ok,
2000-05-24,AUDGHS,Australian Dollar,Selling,"2,707.5285",GH¢ per AUD,0.27075285,GH¢ per AUD,ok,
2000-05-24,AUDGHS,Australian Dollar,Mid Rate,"1,504.4164",GH¢ per AUD,0.15044164,GH¢ per AUD,ok,
2000-05-24,CADGHS,Canadian Dollar,Buying,"3,034.1520",GH¢ per CAD,0.3034152,GH¢ per CAD,ok,
2000-05-24,CADGHS,Canadian Dollar,Selling,"3,140.0042",GH¢ per CAD,0.31400042,GH¢ per CAD,ok,
2000-05-24,CADGHS,Canadian Dollar,Mid Rate,"3,087.0781",GH¢ per CAD,0.30870781,GH¢ per CAD,ok,
2000-05-24,CHFGHS,Swiss Franc,Buying,"2,655.6772",GH¢ per CHF,0.26556772,GH¢ per CHF,ok,
2000-05-24,CHFGHS,Swiss Franc,Selling,"2,748.6349",GH¢ per CHF,0.27486349,GH¢ per CHF,ok,
2000-05-24,CHFGHS,Swiss Franc,Mid Rate,"2,702.1561",GH¢ per CHF,0.27021561,GH¢ per CHF,ok,
2000-05-24,DKKGHS,Danish Krone,Buying,555.9120,GH¢ per DKK,0.0555912,GH¢ per DKK,ok,
2000-05-24,DKKGHS,Danish Krone,Selling,575.4970,GH¢ per DKK,0.0575497,GH¢ per DKK,ok,
2000-05-24,DKKGHS,Danish Krone,Mid Rate,565.7045,GH¢ per DKK,0.05657045,GH¢ per DKK,ok,
2000-05-24,GBPGHS,Pound Sterling,Buying,"6,721.2535",GH¢ per GBP,0.67212535,GH¢ per GBP,ok,
2000-05-24,GBPGHS,Pound Sterling,Selling,"6,962.0172",GH¢ per GBP,0.69620172,GH¢ per GBP,ok,
2000-05-24,GBPGHS,Pound Sterling,Mid Rate,"6,841.6354",GH¢ per GBP,0.68416354,GH¢ per GBP,ok,
2000-05-24,JPYGHS,Japanese yen,Buying,42.9171,GH¢ per JPY,0.00429171,GH¢ per JPY,ok,
2000-05-24,JPYGHS,Japanese yen,Selling,44.4205,GH¢ per JPY,0.00444205,GH¢ per JPY,ok,
2000-05-24,JPYGHS,Japanese yen,Mid Rate,43.6688,GH¢ per JPY,0.00436688,GH¢ per JPY,ok,
2000-05-24,NOKGHS,Norwegian Krone,Buying,501.3354,GH¢ per NOK,0.05013354,GH¢ per NOK,ok,
2000-05-24,NOKGHS,Norwegian Krone,Selling,518.9068,GH¢ per NOK,0.05189068,GH¢ per NOK,ok,
2000-05-24,NOKGHS,Norwegian Krone,Mid Rate,510.1211,GH¢ per NOK,0.05101211,GH¢ per NOK,ok,
2000-05-24,SEKGHS,Swedish Krona,Buying,498.0625,GH¢ per SEK,0.04980625,GH¢ per SEK,ok,
2000-05-24,SEKGHS,Swedish Krona,Selling,515.2393,GH¢ per SEK,0.05152393,GH¢ per SEK,ok,
2000-05-24,SEKGHS,Swedish Krona,Mid Rate,506.6509,GH¢ per SEK,0.05066509,GH¢ per SEK,ok,
2000-05-25,USDGHS,US Dollar,Buying,"4,584.4500",GH¢ per USD,0.458445,GH¢ per USD,ok,
2000-05-25,USDGHS,US Dollar,Selling,"4,742.0900",GH¢ per USD,0.474209,GH¢ per USD,ok,
2000-05-25,USDGHS,US Dollar,Mid Rate,"4,663.2700",GH¢ per USD,0.466327,GH¢ per USD,ok,
2000-05-25,AUDGHS,Australian Dollar,Buying,300.7138,GH¢ per AUD,0.03007138,GH¢ per AUD,ok,
2000-05-25,AUDGHS,Australian Dollar,Selling,"2,702.4443",GH¢ per AUD,0.27024443,GH¢ per AUD,ok,
2000-05-25,AUDGHS,Australian Dollar,Mid Rate,"1,501.5791",GH¢ per AUD,0.15015791,GH¢ per AUD,ok,
2000-05-25,CADGHS,Canadian Dollar,Buying,"3,033.9843",GH¢ per CAD,0.30339843,GH¢ per CAD,ok,
2000-05-25,CADGHS,Canadian Dollar,Selling,"3,137.8325",GH¢ per CAD,0.31378325,GH¢ per CAD,ok,
2000-05-25,CADGHS,Canadian Dollar,Mid Rate,"3,085.9084",GH¢ per CAD,0.30859084,GH¢ per CAD,ok,
2000-05-25,CHFGHS,Swiss Franc,Buying,"2,654.5430",GH¢ per CHF,0.2654543,GH¢ per CHF,ok,
2000-05-25,CHFGHS,Swiss Franc,Selling,"2,745.5574",GH¢ per CHF,0.27455574,GH¢ per CHF,ok,
2000-05-25,CHFGHS,Swiss Franc,Mid Rate,"2,700.0502",GH¢ per CHF,0.27000502,GH¢ per CHF,ok,
2000-05-25,DKKGHS,Danish Krone,Buying,554.8374,GH¢ per DKK,0.05548374,GH¢ per DKK,ok,
2000-05-25,DKKGHS,Danish Krone,Selling,573.9082,GH¢ per DKK,0.05739082,GH¢ per DKK,ok,
2000-05-25,DKKGHS,Danish Krone,Mid Rate,564.3728,GH¢ per DKK,0.05643728,GH¢ per DKK,ok,
2000-05-25,GBPGHS,Pound Sterling,Buying,"6,773.0664",GH¢ per GBP,0.67730664,GH¢ per GBP,ok,
2000-05-25,GBPGHS,Pound Sterling,Selling,"7,010.2317",GH¢ per GBP,0.70102317,GH¢ per GBP,ok,
2000-05-25,GBPGHS,Pound Sterling,Mid Rate,"6,891.6491",GH¢ per GBP,0.68916491,GH¢ per GBP,ok,
2000-05-25,JPYGHS,Japanese yen,Buying,42.5417,GH¢ per JPY,0.00425417,GH¢ per JPY,ok,
2000-05-25,JPYGHS,Japanese yen,Selling,43.9982,GH¢ per JPY,0.00439982,GH¢ per JPY,ok,
2000-05-25,JPYGHS,Japanese yen,Mid Rate,43.2700,GH¢ per JPY,0.004327,GH¢ per JPY,ok,
2000-05-25,NOKGHS,Norwegian Krone,Buying,501.7495,GH¢ per NOK,0.05017495,GH¢ per NOK,ok,
2000-05-25,NOKGHS,Norwegian Krone,Selling,518.8613,GH¢ per NOK,0.05188613,GH¢ per NOK,ok,
2000-05-25,NOKGHS,Norwegian Krone,Mid Rate,510.3054,GH¢ per NOK,0.05103054,GH¢ per NOK,ok,
2000-05-25,SEKGHS,Swedish Krona,Buying,498.7494,GH¢ per SEK,0.04987494,GH¢ per SEK,ok,
2000-05-25,SEKGHS,Swedish Krona,Selling,515.4772,GH¢ per SEK,0.05154772,GH¢ per SEK,ok,
2000-05-25,SEKGHS,Swedish Krona,Mid Rate,507.1133,GH¢ per SEK,0.05071133,GH¢ per SEK,ok,
2000-05-26,USDGHS,US Dollar,Buying,"4,618.2700",GH¢ per USD,0.461827,GH¢ per USD,ok,
2000-05-26,USDGHS,US Dollar,Selling,"4,773.8200",GH¢ per USD,0.477382,GH¢ per USD,ok,
2000-05-26,USDGHS,US Dollar,Mid Rate,"4,696.0450",GH¢ per USD,0.4696045,GH¢ per USD,ok,
2000-05-26,AUDGHS,Australian Dollar,Buying,306.9590,GH¢ per AUD,0.0306959,GH¢ per AUD,ok,
2000-05-26,AUDGHS,Australian Dollar,Selling,"2,723.7922",GH¢ per AUD,0.27237922,GH¢ per AUD,ok,
2000-05-26,AUDGHS,Australian Dollar,Mid Rate,"1,515.3756",GH¢ per AUD,0.15153756,GH¢ per AUD,ok,
2000-05-26,CADGHS,Canadian Dollar,Buying,"3,073.9826",GH¢ per CAD,0.30739826,GH¢ per CAD,ok,
2000-05-26,CADGHS,Canadian Dollar,Selling,"3,175.2996",GH¢ per CAD,0.31752996,GH¢ per CAD,ok,
2000-05-26,CADGHS,Canadian Dollar,Mid Rate,"3,124.6411",GH¢ per CAD,0.31246411,GH¢ per CAD,ok,
2000-05-26,CHFGHS,Swiss Franc,Buying,"2,700.2779",GH¢ per CHF,0.27002779,GH¢ per CHF,ok,
2000-05-26,CHFGHS,Swiss Franc,Selling,"2,790.4034",GH¢ per CHF,0.27904034,GH¢ per CHF,ok,
2000-05-26,CHFGHS,Swiss Franc,Mid Rate,"2,745.3407",GH¢ per CHF,0.27453407,GH¢ per CHF,ok,
2000-05-26,DKKGHS,Danish Krone,Buying,566.2061,GH¢ per DKK,0.05662061,GH¢ per DKK,ok,
2000-05-26,DKKGHS,Danish Krone,Selling,585.1347,GH¢ per DKK,0.05851347,GH¢ per DKK,ok,
2000-05-26,DKKGHS,Danish Krone,Mid Rate,575.6704,GH¢ per DKK,0.05756704,GH¢ per DKK,ok,
2000-05-26,GBPGHS,Pound Sterling,Buying,"6,810.1009",GH¢ per GBP,0.68101009,GH¢ per GBP,ok,
2000-05-26,GBPGHS,Pound Sterling,Selling,"7,041.8619",GH¢ per GBP,0.70418619,GH¢ per GBP,ok,
2000-05-26,GBPGHS,Pound Sterling,Mid Rate,"6,925.9814",GH¢ per GBP,0.69259814,GH¢ per GBP,ok,
2000-05-26,JPYGHS,Japanese yen,Buying,43.0393,GH¢ per JPY,0.00430393,GH¢ per JPY,ok,
2000-05-26,JPYGHS,Japanese yen,Selling,44.4702,GH¢ per JPY,0.00444702,GH¢ per JPY,ok,
2000-05-26,JPYGHS,Japanese yen,Mid Rate,43.7548,GH¢ per JPY,0.00437548,GH¢ per JPY,ok,
2000-05-26,NOKGHS,Norwegian Krone,Buying,511.2650,GH¢ per NOK,0.0511265,GH¢ per NOK,ok,
2000-05-26,NOKGHS,Norwegian Krone,Selling,528.1925,GH¢ per NOK,0.05281925,GH¢ per NOK,ok,
2000-05-26,NOKGHS,Norwegian Krone,Mid Rate,519.7288,GH¢ per NOK,0.05197288,GH¢ per NOK,ok,
2000-05-26,SEKGHS,Swedish Krona,Buying,506.1391,GH¢ per SEK,0.05061391,GH¢ per SEK,ok,
2000-05-26,SEKGHS,Swedish Krona,Selling,522.6143,GH¢ per SEK,0.05226143,GH¢ per SEK,ok,
2000-05-26,SEKGHS,Swedish Krona,Mid Rate,514.3767,GH¢ per SEK,0.05143767,GH¢ per SEK,ok,
2000-05-29,USDGHS,US Dollar,Buying,"4,630.4500",GH¢ per USD,0.463045,GH¢ per USD,ok,
2000-05-29,USDGHS,US Dollar,Selling,"4,785.8200",GH¢ per USD,0.478582,GH¢ per USD,ok,
2000-05-29,USDGHS,US Dollar,Mid Rate,"4,708.1350",GH¢ per USD,0.4708135,GH¢ per USD,ok,
2000-05-29,AUDGHS,Australian Dollar,Buying,311.9220,GH¢ per AUD,0.0311922,GH¢ per AUD,ok,
2000-05-29,AUDGHS,Australian Dollar,Selling,"2,741.4289",GH¢ per AUD,0.27414289,GH¢ per AUD,ok,
2000-05-29,AUDGHS,Australian Dollar,Mid Rate,"1,526.6755",GH¢ per AUD,0.15266755,GH¢ per AUD,ok,
2000-05-29,CADGHS,Canadian Dollar,Buying,"3,083.4456",GH¢ per CAD,0.30834456,GH¢ per CAD,ok,
2000-05-29,CADGHS,Canadian Dollar,Selling,"3,185.2714",GH¢ per CAD,0.31852714,GH¢ per CAD,ok,
2000-05-29,CADGHS,Canadian Dollar,Mid Rate,"3,134.3585",GH¢ per CAD,0.31343585,GH¢ per CAD,ok,
2000-05-29,CHFGHS,Swiss Franc,Buying,"2,739.3701",GH¢ per CHF,0.27393701,GH¢ per CHF,ok,
2000-05-29,CHFGHS,Swiss Franc,Selling,"2,829.1329",GH¢ per CHF,0.28291329,GH¢ per CHF,ok,
2000-05-29,CHFGHS,Swiss Franc,Mid Rate,"2,784.2515",GH¢ per CHF,0.27842515,GH¢ per CHF,ok,
2000-05-29,DKKGHS,Danish Krone,Buying,575.3665,GH¢ per DKK,0.05753665,GH¢ per DKK,ok,
2000-05-29,DKKGHS,Danish Krone,Selling,594.2575,GH¢ per DKK,0.05942575,GH¢ per DKK,ok,
2000-05-29,DKKGHS,Danish Krone,Mid Rate,584.8120,GH¢ per DKK,0.0584812,GH¢ per DKK,ok,
2000-05-29,GBPGHS,Pound Sterling,Buying,"6,893.3509",GH¢ per GBP,0.68933509,GH¢ per GBP,ok,
2000-05-29,GBPGHS,Pound Sterling,Selling,"7,128.0003",GH¢ per GBP,0.71280003,GH¢ per GBP,ok,
2000-05-29,GBPGHS,Pound Sterling,Mid Rate,"7,010.6756",GH¢ per GBP,0.70106756,GH¢ per GBP,ok,
2000-05-29,JPYGHS,Japanese yen,Buying,43.2619,GH¢ per JPY,0.00432619,GH¢ per JPY,ok,
2000-05-29,JPYGHS,Japanese yen,Selling,44.7009,GH¢ per JPY,0.00447009,GH¢ per JPY,ok,
2000-05-29,JPYGHS,Japanese yen,Mid Rate,43.9814,GH¢ per JPY,0.00439814,GH¢ per JPY,ok,
2000-05-29,NOKGHS,Norwegian Krone,Buying,515.6645,GH¢ per NOK,0.05156645,GH¢ per NOK,ok,
2000-05-29,NOKGHS,Norwegian Krone,Selling,532.5603,GH¢ per NOK,0.05325603,GH¢ per NOK,ok,
2000-05-29,NOKGHS,Norwegian Krone,Mid Rate,524.1124,GH¢ per NOK,0.05241124,GH¢ per NOK,ok,
2000-05-29,SEKGHS,Swedish Krona,Buying,509.5165,GH¢ per SEK,0.05095165,GH¢ per SEK,ok,
2000-05-29,SEKGHS,Swedish Krona,Selling,525.9275,GH¢ per SEK,0.05259275,GH¢ per SEK,ok,
2000-05-29,SEKGHS,Swedish Krona,Mid Rate,517.7220,GH¢ per SEK,0.0517722,GH¢ per SEK,ok,
2000-05-30,USDGHS,US Dollar,Buying,"4,654.5500",GH¢ per USD,0.465455,GH¢ per USD,ok,
2000-05-30,USDGHS,US Dollar,Selling,"4,800.5500",GH¢ per USD,0.480055,GH¢ per USD,ok,
2000-05-30,USDGHS,US Dollar,Mid Rate,"4,727.5500",GH¢ per USD,0.472755,GH¢ per USD,ok,
2000-05-30,AUDGHS,Australian Dollar,Buying,315.4103,GH¢ per AUD,0.03154103,GH¢ per AUD,ok,
2000-05-30,AUDGHS,Australian Dollar,Selling,"2,774.6019",GH¢ per AUD,0.27746019,GH¢ per AUD,ok,
2000-05-30,AUDGHS,Australian Dollar,Mid Rate,"1,545.0061",GH¢ per AUD,0.15450061,GH¢ per AUD,ok,
2000-05-30,CADGHS,Canadian Dollar,Buying,"3,102.2739",GH¢ per CAD,0.31022739,GH¢ per CAD,ok,
2000-05-30,CADGHS,Canadian Dollar,Selling,"3,199.2995",GH¢ per CAD,0.31992995,GH¢ per CAD,ok,
2000-05-30,CADGHS,Canadian Dollar,Mid Rate,"3,150.7867",GH¢ per CAD,0.31507867,GH¢ per CAD,ok,
2000-05-30,CHFGHS,Swiss Franc,Buying,"2,767.5653",GH¢ per CHF,0.27675653,GH¢ per CHF,ok,
2000-05-30,CHFGHS,Swiss Franc,Selling,"2,855.1482",GH¢ per CHF,0.28551482,GH¢ per CHF,ok,
2000-05-30,CHFGHS,Swiss Franc,Mid Rate,"2,811.3568",GH¢ per CHF,0.28113568,GH¢ per CHF,ok,
2000-05-30,DKKGHS,Danish Krone,Buying,581.8139,GH¢ per DKK,0.05818139,GH¢ per DKK,ok,
2000-05-30,DKKGHS,Danish Krone,Selling,600.1288,GH¢ per DKK,0.06001288,GH¢ per DKK,ok,
2000-05-30,DKKGHS,Danish Krone,Mid Rate,590.9714,GH¢ per DKK,0.05909714,GH¢ per DKK,ok,
2000-05-30,GBPGHS,Pound Sterling,Buying,"6,972.0505",GH¢ per GBP,0.69720505,GH¢ per GBP,ok,
2000-05-30,GBPGHS,Pound Sterling,Selling,"7,195.5444",GH¢ per GBP,0.71955444,GH¢ per GBP,ok,
2000-05-30,GBPGHS,Pound Sterling,Mid Rate,"7,083.7975",GH¢ per GBP,0.70837975,GH¢ per GBP,ok,
2000-05-30,JPYGHS,Japanese yen,Buying,43.5046,GH¢ per JPY,0.00435046,GH¢ per JPY,ok,
2000-05-30,JPYGHS,Japanese yen,Selling,44.8656,GH¢ per JPY,0.00448656,GH¢ per JPY,ok,
2000-05-30,JPYGHS,Japanese yen,Mid Rate,44.1851,GH¢ per JPY,0.00441851,GH¢ per JPY,ok,
2000-05-30,NOKGHS,Norwegian Krone,Buying,521.1462,GH¢ per NOK,0.05211462,GH¢ per NOK,ok,
2000-05-30,NOKGHS,Norwegian Krone,Selling,537.5144,GH¢ per NOK,0.05375144,GH¢ per NOK,ok,
2000-05-30,NOKGHS,Norwegian Krone,Mid Rate,529.3303,GH¢ per NOK,0.05293303,GH¢ per NOK,ok,
2000-05-30,SEKGHS,Swedish Krona,Buying,515.4288,GH¢ per SEK,0.05154288,GH¢ per SEK,ok,
2000-05-30,SEKGHS,Swedish Krona,Selling,531.3306,GH¢ per SEK,0.05313306,GH¢ per SEK,ok,
2000-05-30,SEKGHS,Swedish Krona,Mid Rate,523.3797,GH¢ per SEK,0.05233797,GH¢ per SEK,ok,
2000-05-31,USDGHS,US Dollar,Buying,"4,668.6400",GH¢ per USD,0.466864,GH¢ per USD,ok,
2000-05-31,USDGHS,US Dollar,Selling,"4,816.4500",GH¢ per USD,0.481645,GH¢ per USD,ok,
2000-05-31,USDGHS,US Dollar,Mid Rate,"4,742.5450",GH¢ per USD,0.4742545,GH¢ per USD,ok,
2000-05-31,AUDGHS,Australian Dollar,Buying,315.1610,GH¢ per AUD,0.0315161,GH¢ per AUD,ok,
2000-05-31,AUDGHS,Australian Dollar,Selling,"2,767.7631",GH¢ per AUD,0.27677631,GH¢ per AUD,ok,
2000-05-31,AUDGHS,Australian Dollar,Mid Rate,"1,541.4621",GH¢ per AUD,0.15414621,GH¢ per AUD,ok,
2000-05-31,CADGHS,Canadian Dollar,Buying,"3,105.0214",GH¢ per CAD,0.31050214,GH¢ per CAD,ok,
2000-05-31,CADGHS,Canadian Dollar,Selling,"3,201.1928",GH¢ per CAD,0.32011928,GH¢ per CAD,ok,
2000-05-31,CADGHS,Canadian Dollar,Mid Rate,"3,153.1071",GH¢ per CAD,0.31531071,GH¢ per CAD,ok,
2000-05-31,CHFGHS,Swiss Franc,Buying,"2,758.5741",GH¢ per CHF,0.27585741,GH¢ per CHF,ok,
2000-05-31,CHFGHS,Swiss Franc,Selling,"2,845.0552",GH¢ per CHF,0.28450552,GH¢ per CHF,ok,
2000-05-31,CHFGHS,Swiss Franc,Mid Rate,"2,801.8147",GH¢ per CHF,0.28018147,GH¢ per CHF,ok,
2000-05-31,DKKGHS,Danish Krone,Buying,581.0884,GH¢ per DKK,0.05810884,GH¢ per DKK,ok,
2000-05-31,DKKGHS,Danish Krone,Selling,599.1869,GH¢ per DKK,0.05991869,GH¢ per DKK,ok,
2000-05-31,DKKGHS,Danish Krone,Mid Rate,590.1377,GH¢ per DKK,0.05901377,GH¢ per DKK,ok,
2000-05-31,GBPGHS,Pound Sterling,Buying,"6,981.9511",GH¢ per GBP,0.69819511,GH¢ per GBP,ok,
2000-05-31,GBPGHS,Pound Sterling,Selling,"7,203.9643",GH¢ per GBP,0.72039643,GH¢ per GBP,ok,
2000-05-31,GBPGHS,Pound Sterling,Mid Rate,"7,092.9577",GH¢ per GBP,0.70929577,GH¢ per GBP,ok,
2000-05-31,JPYGHS,Japanese yen,Buying,43.5528,GH¢ per JPY,0.00435528,GH¢ per JPY,ok,
2000-05-31,JPYGHS,Japanese yen,Selling,44.9041,GH¢ per JPY,0.00449041,GH¢ per JPY,ok,
2000-05-31,JPYGHS,Japanese yen,Mid Rate,44.2285,GH¢ per JPY,0.00442285,GH¢ per JPY,ok,
2000-05-31,NOKGHS,Norwegian Krone,Buying,522.7224,GH¢ per NOK,0.05227224,GH¢ per NOK,ok,
2000-05-31,NOKGHS,Norwegian Krone,Selling,538.9688,GH¢ per NOK,0.05389688,GH¢ per NOK,ok,
2000-05-31,NOKGHS,Norwegian Krone,Mid Rate,530.8456,GH¢ per NOK,0.05308456,GH¢ per NOK,ok,
2000-05-31,SEKGHS,Swedish Krona,Buying,518.5606,GH¢ per SEK,0.05185606,GH¢ per SEK,ok,
2000-05-31,SEKGHS,Swedish Krona,Selling,534.3830,GH¢ per SEK,0.0534383,GH¢ per SEK,ok,
2000-05-31,SEKGHS,Swedish Krona,Mid Rate,526.4718,GH¢ per SEK,0.05264718,GH¢ per SEK,ok,
2000-06-01,USDGHS,US Dollar,Buying,"4,680.8200",GH¢ per USD,0.468082,GH¢ per USD,ok,
2000-06-01,USDGHS,US Dollar,Selling,"4,836.9100",GH¢ per USD,0.483691,GH¢ per USD,ok,
2000-06-01,USDGHS,US Dollar,Mid Rate,"4,758.8650",GH¢ per USD,0.4758865,GH¢ per USD,ok,
2000-06-01,AUDGHS,Australian Dollar,Buying,318.6069,GH¢ per AUD,0.03186069,GH¢ per AUD,ok,
2000-06-01,AUDGHS,Australian Dollar,Selling,"2,773.6819",GH¢ per AUD,0.27736819,GH¢ per AUD,ok,
2000-06-01,AUDGHS,Australian Dollar,Mid Rate,"1,546.1444",GH¢ per AUD,0.15461444,GH¢ per AUD,ok,
2000-06-01,CADGHS,Canadian Dollar,Buying,"3,129.4601",GH¢ per CAD,0.31294601,GH¢ per CAD,ok,
2000-06-01,CADGHS,Canadian Dollar,Selling,"3,232.3706",GH¢ per CAD,0.32323706,GH¢ per CAD,ok,
2000-06-01,CADGHS,Canadian Dollar,Mid Rate,"3,180.9154",GH¢ per CAD,0.31809154,GH¢ per CAD,ok,
2000-06-01,CHFGHS,Swiss Franc,Buying,"2,784.4764",GH¢ per CHF,0.27844764,GH¢ per CHF,ok,
2000-06-01,CHFGHS,Swiss Franc,Selling,"2,876.2391",GH¢ per CHF,0.28762391,GH¢ per CHF,ok,
2000-06-01,CHFGHS,Swiss Franc,Mid Rate,"2,830.3578",GH¢ per CHF,0.28303578,GH¢ per CHF,ok,
2000-06-01,DKKGHS,Danish Krone,Buying,586.8556,GH¢ per DKK,0.05868556,GH¢ per DKK,ok,
2000-06-01,DKKGHS,Danish Krone,Selling,606.3939,GH¢ per DKK,0.06063939,GH¢ per DKK,ok,
2000-06-01,DKKGHS,Danish Krone,Mid Rate,596.6248,GH¢ per DKK,0.05966248,GH¢ per DKK,ok,
2000-06-01,GBPGHS,Pound Sterling,Buying,"7,011.8684",GH¢ per GBP,0.70118684,GH¢ per GBP,ok,
2000-06-01,GBPGHS,Pound Sterling,Selling,"7,249.5607",GH¢ per GBP,0.72495607,GH¢ per GBP,ok,
2000-06-01,GBPGHS,Pound Sterling,Mid Rate,"7,130.7146",GH¢ per GBP,0.71307146,GH¢ per GBP,ok,
2000-06-01,JPYGHS,Japanese yen,Buying,43.0652,GH¢ per JPY,0.00430652,GH¢ per JPY,ok,
2000-06-01,JPYGHS,Japanese yen,Selling,44.4922,GH¢ per JPY,0.00444922,GH¢ per JPY,ok,
2000-06-01,JPYGHS,Japanese yen,Mid Rate,43.7787,GH¢ per JPY,0.00437787,GH¢ per JPY,ok,
2000-06-01,NOKGHS,Norwegian Krone,Buying,527.1368,GH¢ per NOK,0.05271368,GH¢ per NOK,ok,
2000-06-01,NOKGHS,Norwegian Krone,Selling,544.5189,GH¢ per NOK,0.05445189,GH¢ per NOK,ok,
2000-06-01,NOKGHS,Norwegian Krone,Mid Rate,535.8279,GH¢ per NOK,0.05358279,GH¢ per NOK,ok,
2000-06-01,SEKGHS,Swedish Krona,Buying,523.5355,GH¢ per SEK,0.05235355,GH¢ per SEK,ok,
2000-06-01,SEKGHS,Swedish Krona,Selling,540.4957,GH¢ per SEK,0.05404957,GH¢ per SEK,ok,
2000-06-01,SEKGHS,Swedish Krona,Mid Rate,532.0156,GH¢ per SEK,0.05320156,GH¢ per SEK,ok,
2000-06-02,USDGHS,US Dollar,Buying,"4,688.2700",GH¢ per USD,0.468827,GH¢ per USD,ok,
2000-06-02,USDGHS,US Dollar,Selling,"4,845.1800",GH¢ per USD,0.484518,GH¢ per USD,ok,
2000-06-02,USDGHS,US Dollar,Mid Rate,"4,766.7250",GH¢ per USD,0.4766725,GH¢ per USD,ok,
2000-06-02,AUDGHS,Australian Dollar,Buying,318.4538,GH¢ per AUD,0.03184538,GH¢ per AUD,ok,
2000-06-02,AUDGHS,Australian Dollar,Selling,"2,772.8287",GH¢ per AUD,0.27728287,GH¢ per AUD,ok,
2000-06-02,AUDGHS,Australian Dollar,Mid Rate,"1,545.6413",GH¢ per AUD,0.15456413,GH¢ per AUD,ok,
2000-06-02,CADGHS,Canadian Dollar,Buying,"3,145.2258",GH¢ per CAD,0.31452258,GH¢ per CAD,ok,
2000-06-02,CADGHS,Canadian Dollar,Selling,"3,248.8088",GH¢ per CAD,0.32488088,GH¢ per CAD,ok,
2000-06-02,CADGHS,Canadian Dollar,Mid Rate,"3,197.0173",GH¢ per CAD,0.31970173,GH¢ per CAD,ok,
2000-06-02,CHFGHS,Swiss Franc,Buying,"2,785.8214",GH¢ per CHF,0.27858214,GH¢ per CHF,ok,
2000-06-02,CHFGHS,Swiss Franc,Selling,"2,878.5345",GH¢ per CHF,0.28785345,GH¢ per CHF,ok,
2000-06-02,CHFGHS,Swiss Franc,Mid Rate,"2,832.1780",GH¢ per CHF,0.2832178,GH¢ per CHF,ok,
2000-06-02,DKKGHS,Danish Krone,Buying,586.9075,GH¢ per DKK,0.05869075,GH¢ per DKK,ok,
2000-06-02,DKKGHS,Danish Krone,Selling,606.4791,GH¢ per DKK,0.06064791,GH¢ per DKK,ok,
2000-06-02,DKKGHS,Danish Krone,Mid Rate,596.6933,GH¢ per DKK,0.05966933,GH¢ per DKK,ok,
2000-06-02,GBPGHS,Pound Sterling,Buying,"7,006.6195",GH¢ per GBP,0.70066195,GH¢ per GBP,ok,
2000-06-02,GBPGHS,Pound Sterling,Selling,"7,243.5441",GH¢ per GBP,0.72435441,GH¢ per GBP,ok,
2000-06-02,GBPGHS,Pound Sterling,Mid Rate,"7,125.0818",GH¢ per GBP,0.71250818,GH¢ per GBP,ok,
2000-06-02,JPYGHS,Japanese yen,Buying,43.1097,GH¢ per JPY,0.00431097,GH¢ per JPY,ok,
2000-06-02,JPYGHS,Japanese yen,Selling,44.5346,GH¢ per JPY,0.00445346,GH¢ per JPY,ok,
2000-06-02,JPYGHS,Japanese yen,Mid Rate,43.8222,GH¢ per JPY,0.00438222,GH¢ per JPY,ok,
2000-06-02,NOKGHS,Norwegian Krone,Buying,527.8692,GH¢ per NOK,0.05278692,GH¢ per NOK,ok,
2000-06-02,NOKGHS,Norwegian Krone,Selling,545.3039,GH¢ per NOK,0.05453039,GH¢ per NOK,ok,
2000-06-02,NOKGHS,Norwegian Krone,Mid Rate,536.5866,GH¢ per NOK,0.05365866,GH¢ per NOK,ok,
2000-06-02,SEKGHS,Swedish Krona,Buying,525.8725,GH¢ per SEK,0.05258725,GH¢ per SEK,ok,
2000-06-02,SEKGHS,Swedish Krona,Selling,542.9373,GH¢ per SEK,0.05429373,GH¢ per SEK,ok,
2000-06-02,SEKGHS,Swedish Krona,Mid Rate,534.4049,GH¢ per SEK,0.05344049,GH¢ per SEK,ok,
2000-06-05,USDGHS,US Dollar,Buying,"4,697.0900",GH¢ per USD,0.469709,GH¢ per USD,ok,
2000-06-05,USDGHS,US Dollar,Selling,"4,852.2700",GH¢ per USD,0.485227,GH¢ per USD,ok,
2000-06-05,USDGHS,US Dollar,Mid Rate,"4,774.6800",GH¢ per USD,0.477468,GH¢ per USD,ok,
2000-06-05,AUDGHS,Australian Dollar,Buying,322.4048,GH¢ per AUD,0.03224048,GH¢ per AUD,ok,
2000-06-05,AUDGHS,Australian Dollar,Selling,"2,832.3848",GH¢ per AUD,0.28323848,GH¢ per AUD,ok,
2000-06-05,AUDGHS,Australian Dollar,Mid Rate,"1,577.3948",GH¢ per AUD,0.15773948,GH¢ per AUD,ok,
2000-06-05,CADGHS,Canadian Dollar,Buying,"3,180.0031",GH¢ per CAD,0.31800031,GH¢ per CAD,ok,
2000-06-05,CADGHS,Canadian Dollar,Selling,"3,282.7633",GH¢ per CAD,0.32827633,GH¢ per CAD,ok,
2000-06-05,CADGHS,Canadian Dollar,Mid Rate,"3,231.3832",GH¢ per CAD,0.32313832,GH¢ per CAD,ok,
2000-06-05,CHFGHS,Swiss Franc,Buying,"2,818.7023",GH¢ per CHF,0.28187023,GH¢ per CHF,ok,
2000-06-05,CHFGHS,Swiss Franc,Selling,"2,910.1282",GH¢ per CHF,0.29101282,GH¢ per CHF,ok,
2000-06-05,CHFGHS,Swiss Franc,Mid Rate,"2,864.4153",GH¢ per CHF,0.28644153,GH¢ per CHF,ok,
2000-06-05,DKKGHS,Danish Krone,Buying,594.1148,GH¢ per DKK,0.05941148,GH¢ per DKK,ok,
2000-06-05,DKKGHS,Danish Krone,Selling,613.5914,GH¢ per DKK,0.06135914,GH¢ per DKK,ok,
2000-06-05,DKKGHS,Danish Krone,Mid Rate,603.8531,GH¢ per DKK,0.06038531,GH¢ per DKK,ok,
2000-06-05,GBPGHS,Pound Sterling,Buying,"7,087.9088",GH¢ per GBP,0.70879088,GH¢ per GBP,ok,
2000-06-05,GBPGHS,Pound Sterling,Selling,"7,324.5016",GH¢ per GBP,0.73245016,GH¢ per GBP,ok,
2000-06-05,GBPGHS,Pound Sterling,Mid Rate,"7,206.2052",GH¢ per GBP,0.72062052,GH¢ per GBP,ok,
2000-06-05,JPYGHS,Japanese yen,Buying,43.5536,GH¢ per JPY,0.00435536,GH¢ per JPY,ok,
2000-06-05,JPYGHS,Japanese yen,Selling,44.9742,GH¢ per JPY,0.00449742,GH¢ per JPY,ok,
2000-06-05,JPYGHS,Japanese yen,Mid Rate,44.2639,GH¢ per JPY,0.00442639,GH¢ per JPY,ok,
2000-06-05,NOKGHS,Norwegian Krone,Buying,535.5266,GH¢ per NOK,0.05355266,GH¢ per NOK,ok,
2000-06-05,NOKGHS,Norwegian Krone,Selling,552.9011,GH¢ per NOK,0.05529011,GH¢ per NOK,ok,
2000-06-05,NOKGHS,Norwegian Krone,Mid Rate,544.2139,GH¢ per NOK,0.05442139,GH¢ per NOK,ok,
2000-06-05,SEKGHS,Swedish Krona,Buying,533.6999,GH¢ per SEK,0.05336999,GH¢ per SEK,ok,
2000-06-05,SEKGHS,Swedish Krona,Selling,550.7061,GH¢ per SEK,0.05507061,GH¢ per SEK,ok,
2000-06-05,SEKGHS,Swedish Krona,Mid Rate,542.2030,GH¢ per SEK,0.0542203,GH¢ per SEK,ok,
2000-06-06,USDGHS,US Dollar,Buying,"4,715.1800",GH¢ per USD,0.471518,GH¢ per USD,ok,
2000-06-06,USDGHS,US Dollar,Selling,"4,865.6400",GH¢ per USD,0.486564,GH¢ per USD,ok,
2000-06-06,USDGHS,US Dollar,Mid Rate,"4,790.4100",GH¢ per USD,0.479041,GH¢ per USD,ok,
2000-06-06,AUDGHS,Australian Dollar,Buying,325.3861,GH¢ per AUD,0.03253861,GH¢ per AUD,ok,
2000-06-06,AUDGHS,Australian Dollar,Selling,"2,827.5421",GH¢ per AUD,0.28275421,GH¢ per AUD,ok,
2000-06-06,AUDGHS,Australian Dollar,Mid Rate,"1,576.4641",GH¢ per AUD,0.15764641,GH¢ per AUD,ok,
2000-06-06,CADGHS,Canadian Dollar,Buying,"3,194.8610",GH¢ per CAD,0.3194861,GH¢ per CAD,ok,
2000-06-06,CADGHS,Canadian Dollar,Selling,"3,294.5094",GH¢ per CAD,0.32945094,GH¢ per CAD,ok,
2000-06-06,CADGHS,Canadian Dollar,Mid Rate,"3,244.6852",GH¢ per CAD,0.32446852,GH¢ per CAD,ok,
2000-06-06,CHFGHS,Swiss Franc,Buying,"2,845.3575",GH¢ per CHF,0.28453575,GH¢ per CHF,ok,
2000-06-06,CHFGHS,Swiss Franc,Selling,"2,934.4344",GH¢ per CHF,0.29344344,GH¢ per CHF,ok,
2000-06-06,CHFGHS,Swiss Franc,Mid Rate,"2,889.8960",GH¢ per CHF,0.2889896,GH¢ per CHF,ok,
2000-06-06,DKKGHS,Danish Krone,Buying,600.0016,GH¢ per DKK,0.06000016,GH¢ per DKK,ok,
2000-06-06,DKKGHS,Danish Krone,Selling,618.8323,GH¢ per DKK,0.06188323,GH¢ per DKK,ok,
2000-06-06,DKKGHS,Danish Krone,Mid Rate,609.4170,GH¢ per DKK,0.0609417,GH¢ per DKK,ok,
2000-06-06,GBPGHS,Pound Sterling,Buying,"7,150.0990",GH¢ per GBP,0.7150099,GH¢ per GBP,ok,
2000-06-06,GBPGHS,Pound Sterling,Selling,"7,380.6893",GH¢ per GBP,0.73806893,GH¢ per GBP,ok,
2000-06-06,GBPGHS,Pound Sterling,Mid Rate,"7,265.3942",GH¢ per GBP,0.72653942,GH¢ per GBP,ok,
2000-06-06,JPYGHS,Japanese yen,Buying,44.0711,GH¢ per JPY,0.00440711,GH¢ per JPY,ok,
2000-06-06,JPYGHS,Japanese yen,Selling,45.4588,GH¢ per JPY,0.00454588,GH¢ per JPY,ok,
2000-06-06,JPYGHS,Japanese yen,Mid Rate,44.7650,GH¢ per JPY,0.0044765,GH¢ per JPY,ok,
2000-06-06,NOKGHS,Norwegian Krone,Buying,539.6220,GH¢ per NOK,0.0539622,GH¢ per NOK,ok,
2000-06-06,NOKGHS,Norwegian Krone,Selling,556.2020,GH¢ per NOK,0.0556202,GH¢ per NOK,ok,
2000-06-06,NOKGHS,Norwegian Krone,Mid Rate,547.9120,GH¢ per NOK,0.0547912,GH¢ per NOK,ok,
2000-06-06,SEKGHS,Swedish Krona,Buying,536.5364,GH¢ per SEK,0.05365364,GH¢ per SEK,ok,
2000-06-06,SEKGHS,Swedish Krona,Selling,553.0305,GH¢ per SEK,0.05530305,GH¢ per SEK,ok,
2000-06-06,SEKGHS,Swedish Krona,Mid Rate,544.7835,GH¢ per SEK,0.05447835,GH¢ per SEK,ok,
2000-06-07,USDGHS,US Dollar,Buying,"4,728.6400",GH¢ per USD,0.472864,GH¢ per USD,ok,
2000-06-07,USDGHS,US Dollar,Selling,"4,882.3600",GH¢ per USD,0.488236,GH¢ per USD,ok,
2000-06-07,USDGHS,US Dollar,Mid Rate,"4,805.5000",GH¢ per USD,0.48055,GH¢ per USD,ok,
2000-06-07,AUDGHS,Australian Dollar,Buying,329.3478,GH¢ per AUD,0.03293478,GH¢ per AUD,ok,
2000-06-07,AUDGHS,Australian Dollar,Selling,"2,891.6125",GH¢ per AUD,0.28916125,GH¢ per AUD,ok,
2000-06-07,AUDGHS,Australian Dollar,Mid Rate,"1,610.4802",GH¢ per AUD,0.16104802,GH¢ per AUD,ok,
2000-06-07,CADGHS,Canadian Dollar,Buying,"3,205.9181",GH¢ per CAD,0.32059181,GH¢ per CAD,ok,
2000-06-07,CADGHS,Canadian Dollar,Selling,"3,307.8449",GH¢ per CAD,0.33078449,GH¢ per CAD,ok,
2000-06-07,CADGHS,Canadian Dollar,Mid Rate,"3,256.8815",GH¢ per CAD,0.32568815,GH¢ per CAD,ok,
2000-06-07,CHFGHS,Swiss Franc,Buying,"2,887.9398",GH¢ per CHF,0.28879398,GH¢ per CHF,ok,
2000-06-07,CHFGHS,Swiss Franc,Selling,"2,979.9393",GH¢ per CHF,0.29799393,GH¢ per CHF,ok,
2000-06-07,CHFGHS,Swiss Franc,Mid Rate,"2,933.9396",GH¢ per CHF,0.29339396,GH¢ per CHF,ok,
2000-06-07,DKKGHS,Danish Krone,Buying,607.3180,GH¢ per DKK,0.0607318,GH¢ per DKK,ok,
2000-06-07,DKKGHS,Danish Krone,Selling,626.7393,GH¢ per DKK,0.06267393,GH¢ per DKK,ok,
2000-06-07,DKKGHS,Danish Krone,Mid Rate,617.0287,GH¢ per DKK,0.06170287,GH¢ per DKK,ok,
2000-06-07,GBPGHS,Pound Sterling,Buying,"7,226.7805",GH¢ per GBP,0.72267805,GH¢ per GBP,ok,
2000-06-07,GBPGHS,Pound Sterling,Selling,"7,464.1520",GH¢ per GBP,0.7464152,GH¢ per GBP,ok,
2000-06-07,GBPGHS,Pound Sterling,Mid Rate,"7,345.4663",GH¢ per GBP,0.73454663,GH¢ per GBP,ok,
2000-06-07,JPYGHS,Japanese yen,Buying,44.9064,GH¢ per JPY,0.00449064,GH¢ per JPY,ok,
2000-06-07,JPYGHS,Japanese yen,Selling,46.3468,GH¢ per JPY,0.00463468,GH¢ per JPY,ok,
2000-06-07,JPYGHS,Japanese yen,Mid Rate,45.6266,GH¢ per JPY,0.00456266,GH¢ per JPY,ok,
2000-06-07,NOKGHS,Norwegian Krone,Buying,548.5847,GH¢ per NOK,0.05485847,GH¢ per NOK,ok,
2000-06-07,NOKGHS,Norwegian Krone,Selling,566.2382,GH¢ per NOK,0.05662382,GH¢ per NOK,ok,
2000-06-07,NOKGHS,Norwegian Krone,Mid Rate,557.4115,GH¢ per NOK,0.05574115,GH¢ per NOK,ok,
2000-06-07,SEKGHS,Swedish Krona,Buying,544.5215,GH¢ per SEK,0.05445215,GH¢ per SEK,ok,
2000-06-07,SEKGHS,Swedish Krona,Selling,561.7255,GH¢ per SEK,0.05617255,GH¢ per SEK,ok,
2000-06-07,SEKGHS,Swedish Krona,Mid Rate,553.1235,GH¢ per SEK,0.05531235,GH¢ per SEK,ok,
2000-06-08,USDGHS,US Dollar,Buying,"4,770.8200",GH¢ per USD,0.477082,GH¢ per USD,ok,
2000-06-08,USDGHS,US Dollar,Selling,"4,929.2700",GH¢ per USD,0.492927,GH¢ per USD,ok,
2000-06-08,USDGHS,US Dollar,Mid Rate,"4,850.0450",GH¢ per USD,0.4850045,GH¢ per USD,ok,
2000-06-08,AUDGHS,Australian Dollar,Buying,332.3808,GH¢ per AUD,0.03323808,GH¢ per AUD,ok,
2000-06-08,AUDGHS,Australian Dollar,Selling,"2,912.7160",GH¢ per AUD,0.2912716,GH¢ per AUD,ok,
2000-06-08,AUDGHS,Australian Dollar,Mid Rate,"1,622.5484",GH¢ per AUD,0.16225484,GH¢ per AUD,ok,
2000-06-08,CADGHS,Canadian Dollar,Buying,"3,226.0925",GH¢ per CAD,0.32260925,GH¢ per CAD,ok,
2000-06-08,CADGHS,Canadian Dollar,Selling,"3,331.0688",GH¢ per CAD,0.33310688,GH¢ per CAD,ok,
2000-06-08,CADGHS,Canadian Dollar,Mid Rate,"3,278.5807",GH¢ per CAD,0.32785807,GH¢ per CAD,ok,
2000-06-08,CHFGHS,Swiss Franc,Buying,"2,922.2164",GH¢ per CHF,0.29222164,GH¢ per CHF,ok,
2000-06-08,CHFGHS,Swiss Franc,Selling,"3,017.3397",GH¢ per CHF,0.30173397,GH¢ per CHF,ok,
2000-06-08,CHFGHS,Swiss Franc,Mid Rate,"2,969.7781",GH¢ per CHF,0.29697781,GH¢ per CHF,ok,
2000-06-08,DKKGHS,Danish Krone,Buying,613.0872,GH¢ per DKK,0.06130872,GH¢ per DKK,ok,
2000-06-08,DKKGHS,Danish Krone,Selling,633.2931,GH¢ per DKK,0.06332931,GH¢ per DKK,ok,
2000-06-08,DKKGHS,Danish Krone,Mid Rate,623.1902,GH¢ per DKK,0.06231902,GH¢ per DKK,ok,
2000-06-08,GBPGHS,Pound Sterling,Buying,"7,231.6090",GH¢ per GBP,0.7231609,GH¢ per GBP,ok,
2000-06-08,GBPGHS,Pound Sterling,Selling,"7,474.2521",GH¢ per GBP,0.74742521,GH¢ per GBP,ok,
2000-06-08,GBPGHS,Pound Sterling,Mid Rate,"7,352.9306",GH¢ per GBP,0.73529306,GH¢ per GBP,ok,
2000-06-08,JPYGHS,Japanese yen,Buying,45.1383,GH¢ per JPY,0.00451383,GH¢ per JPY,ok,
2000-06-08,JPYGHS,Japanese yen,Selling,46.6179,GH¢ per JPY,0.00466179,GH¢ per JPY,ok,
2000-06-08,JPYGHS,Japanese yen,Mid Rate,45.8781,GH¢ per JPY,0.00458781,GH¢ per JPY,ok,
2000-06-08,NOKGHS,Norwegian Krone,Buying,552.3601,GH¢ per NOK,0.05523601,GH¢ per NOK,ok,
2000-06-08,NOKGHS,Norwegian Krone,Selling,570.3751,GH¢ per NOK,0.05703751,GH¢ per NOK,ok,
2000-06-08,NOKGHS,Norwegian Krone,Mid Rate,561.3676,GH¢ per NOK,0.05613676,GH¢ per NOK,ok,
2000-06-08,SEKGHS,Swedish Krona,Buying,549.6229,GH¢ per SEK,0.05496229,GH¢ per SEK,ok,
2000-06-08,SEKGHS,Swedish Krona,Selling,567.2239,GH¢ per SEK,0.05672239,GH¢ per SEK,ok,
2000-06-08,SEKGHS,Swedish Krona,Mid Rate,558.4234,GH¢ per SEK,0.05584234,GH¢ per SEK,ok,
2000-06-09,USDGHS,US Dollar,Buying,"4,805.3600",GH¢ per USD,0.480536,GH¢ per USD,ok,
2000-06-09,USDGHS,US Dollar,Selling,"4,963.0900",GH¢ per USD,0.496309,GH¢ per USD,ok,
2000-06-09,USDGHS,US Dollar,Mid Rate,"4,884.2250",GH¢ per USD,0.4884225,GH¢ per USD,ok,
2000-06-09,AUDGHS,Australian Dollar,Buying,334.0336,GH¢ per AUD,0.03340336,GH¢ per AUD,ok,
2000-06-09,AUDGHS,Australian Dollar,Selling,"2,916.5148",GH¢ per AUD,0.29165148,GH¢ per AUD,ok,
2000-06-09,AUDGHS,Australian Dollar,Mid Rate,"1,625.2742",GH¢ per AUD,0.16252742,GH¢ per AUD,ok,
2000-06-09,CADGHS,Canadian Dollar,Buying,"3,252.1210",GH¢ per CAD,0.3252121,GH¢ per CAD,ok,
2000-06-09,CADGHS,Canadian Dollar,Selling,"3,356.6728",GH¢ per CAD,0.33566728,GH¢ per CAD,ok,
2000-06-09,CADGHS,Canadian Dollar,Mid Rate,"3,304.3969",GH¢ per CAD,0.33043969,GH¢ per CAD,ok,
2000-06-09,CHFGHS,Swiss Franc,Buying,"2,936.4794",GH¢ per CHF,0.29364794,GH¢ per CHF,ok,
2000-06-09,CHFGHS,Swiss Franc,Selling,"3,030.9283",GH¢ per CHF,0.30309283,GH¢ per CHF,ok,
2000-06-09,CHFGHS,Swiss Franc,Mid Rate,"2,983.7039",GH¢ per CHF,0.29837039,GH¢ per CHF,ok,
2000-06-09,DKKGHS,Danish Krone,Buying,615.9443,GH¢ per DKK,0.06159443,GH¢ per DKK,ok,
2000-06-09,DKKGHS,Danish Krone,Selling,635.7309,GH¢ per DKK,0.06357309,GH¢ per DKK,ok,
2000-06-09,DKKGHS,Danish Krone,Mid Rate,625.8376,GH¢ per DKK,0.06258376,GH¢ per DKK,ok,
2000-06-09,GBPGHS,Pound Sterling,Buying,"7,264.2627",GH¢ per GBP,0.72642627,GH¢ per GBP,ok,
2000-06-09,GBPGHS,Pound Sterling,Selling,"7,505.1847",GH¢ per GBP,0.75051847,GH¢ per GBP,ok,
2000-06-09,GBPGHS,Pound Sterling,Mid Rate,"7,384.7237",GH¢ per GBP,0.73847237,GH¢ per GBP,ok,
2000-06-09,JPYGHS,Japanese yen,Buying,45.1533,GH¢ per JPY,0.00451533,GH¢ per JPY,ok,
2000-06-09,JPYGHS,Japanese yen,Selling,46.6161,GH¢ per JPY,0.00466161,GH¢ per JPY,ok,
2000-06-09,JPYGHS,Japanese yen,Mid Rate,45.8847,GH¢ per JPY,0.00458847,GH¢ per JPY,ok,
2000-06-09,NOKGHS,Norwegian Krone,Buying,553.7334,GH¢ per NOK,0.05537334,GH¢ per NOK,ok,
2000-06-09,NOKGHS,Norwegian Krone,Selling,571.3883,GH¢ per NOK,0.05713883,GH¢ per NOK,ok,
2000-06-09,NOKGHS,Norwegian Krone,Mid Rate,562.5609,GH¢ per NOK,0.05625609,GH¢ per NOK,ok,
2000-06-09,SEKGHS,Swedish Krona,Buying,551.0660,GH¢ per SEK,0.0551066,GH¢ per SEK,ok,
2000-06-09,SEKGHS,Swedish Krona,Selling,568.3163,GH¢ per SEK,0.05683163,GH¢ per SEK,ok,
2000-06-09,SEKGHS,Swedish Krona,Mid Rate,559.6912,GH¢ per SEK,0.05596912,GH¢ per SEK,ok,
2000-06-12,USDGHS,US Dollar,Buying,"4,830.7300",GH¢ per USD,0.483073,GH¢ per USD,ok,
2000-06-12,USDGHS,US Dollar,Selling,"4,986.1800",GH¢ per USD,0.498618,GH¢ per USD,ok,
2000-06-12,USDGHS,US Dollar,Mid Rate,"4,908.4550",GH¢ per USD,0.4908455,GH¢ per USD,ok,
2000-06-12,AUDGHS,Australian Dollar,Buying,334.0043,GH¢ per AUD,0.03340043,GH¢ per AUD,ok,
2000-06-12,AUDGHS,Australian Dollar,Selling,"2,933.1439",GH¢ per AUD,0.29331439,GH¢ per AUD,ok,
2000-06-12,AUDGHS,Australian Dollar,Mid Rate,"1,633.5741",GH¢ per AUD,0.16335741,GH¢ per AUD,ok,
2000-06-12,CADGHS,Canadian Dollar,Buying,"3,277.9565",GH¢ per CAD,0.32779565,GH¢ per CAD,ok,
2000-06-12,CADGHS,Canadian Dollar,Selling,"3,382.9421",GH¢ per CAD,0.33829421,GH¢ per CAD,ok,
2000-06-12,CADGHS,Canadian Dollar,Mid Rate,"3,330.4493",GH¢ per CAD,0.33304493,GH¢ per CAD,ok,
2000-06-12,CHFGHS,Swiss Franc,Buying,"2,941.0558",GH¢ per CHF,0.29410558,GH¢ per CHF,ok,
2000-06-12,CHFGHS,Swiss Franc,Selling,"3,035.3814",GH¢ per CHF,0.30353814,GH¢ per CHF,ok,
2000-06-12,CHFGHS,Swiss Franc,Mid Rate,"2,988.2186",GH¢ per CHF,0.29882186,GH¢ per CHF,ok,
2000-06-12,DKKGHS,Danish Krone,Buying,615.7041,GH¢ per DKK,0.06157041,GH¢ per DKK,ok,
2000-06-12,DKKGHS,Danish Krone,Selling,635.5303,GH¢ per DKK,0.06355303,GH¢ per DKK,ok,
2000-06-12,DKKGHS,Danish Krone,Mid Rate,625.6172,GH¢ per DKK,0.06256172,GH¢ per DKK,ok,
2000-06-12,GBPGHS,Pound Sterling,Buying,"7,274.1132",GH¢ per GBP,0.72741132,GH¢ per GBP,ok,
2000-06-12,GBPGHS,Pound Sterling,Selling,"7,513.1760",GH¢ per GBP,0.7513176,GH¢ per GBP,ok,
2000-06-12,GBPGHS,Pound Sterling,Mid Rate,"7,393.6446",GH¢ per GBP,0.73936446,GH¢ per GBP,ok,
2000-06-12,JPYGHS,Japanese yen,Buying,45.2089,GH¢ per JPY,0.00452089,GH¢ per JPY,ok,
2000-06-12,JPYGHS,Japanese yen,Selling,46.6599,GH¢ per JPY,0.00466599,GH¢ per JPY,ok,
2000-06-12,JPYGHS,Japanese yen,Mid Rate,45.9344,GH¢ per JPY,0.00459344,GH¢ per JPY,ok,
2000-06-12,NOKGHS,Norwegian Krone,Buying,553.3034,GH¢ per NOK,0.05533034,GH¢ per NOK,ok,
2000-06-12,NOKGHS,Norwegian Krone,Selling,571.0836,GH¢ per NOK,0.05710836,GH¢ per NOK,ok,
2000-06-12,NOKGHS,Norwegian Krone,Mid Rate,562.1935,GH¢ per NOK,0.05621935,GH¢ per NOK,ok,
2000-06-12,SEKGHS,Swedish Krona,Buying,552.8576,GH¢ per SEK,0.05528576,GH¢ per SEK,ok,
2000-06-12,SEKGHS,Swedish Krona,Selling,570.2990,GH¢ per SEK,0.0570299,GH¢ per SEK,ok,
2000-06-12,SEKGHS,Swedish Krona,Mid Rate,561.5783,GH¢ per SEK,0.05615783,GH¢ per SEK,ok,
2000-06-13,USDGHS,US Dollar,Buying,"4,843.0900",GH¢ per USD,0.484309,GH¢ per USD,ok,
2000-06-13,USDGHS,US Dollar,Selling,"5,003.7300",GH¢ per USD,0.500373,GH¢ per USD,ok,
2000-06-13,USDGHS,US Dollar,Mid Rate,"4,923.4100",GH¢ per USD,0.492341,GH¢ per USD,ok,
2000-06-13,AUDGHS,Australian Dollar,Buying,337.1505,GH¢ per AUD,0.03371505,GH¢ per AUD,ok,
2000-06-13,AUDGHS,Australian Dollar,Selling,"2,968.6583",GH¢ per AUD,0.29686583,GH¢ per AUD,ok,
2000-06-13,AUDGHS,Australian Dollar,Mid Rate,"1,652.9044",GH¢ per AUD,0.16529044,GH¢ per AUD,ok,
2000-06-13,CADGHS,Canadian Dollar,Buying,"3,282.7458",GH¢ per CAD,0.32827458,GH¢ per CAD,ok,
2000-06-13,CADGHS,Canadian Dollar,Selling,"3,391.4419",GH¢ per CAD,0.33914419,GH¢ per CAD,ok,
2000-06-13,CADGHS,Canadian Dollar,Mid Rate,"3,337.0939",GH¢ per CAD,0.33370939,GH¢ per CAD,ok,
2000-06-13,CHFGHS,Swiss Franc,Buying,"2,968.9080",GH¢ per CHF,0.2968908,GH¢ per CHF,ok,
2000-06-13,CHFGHS,Swiss Franc,Selling,"3,068.6630",GH¢ per CHF,0.3068663,GH¢ per CHF,ok,
2000-06-13,CHFGHS,Swiss Franc,Mid Rate,"3,018.7855",GH¢ per CHF,0.30187855,GH¢ per CHF,ok,
2000-06-13,DKKGHS,Danish Krone,Buying,621.7012,GH¢ per DKK,0.06217012,GH¢ per DKK,ok,
2000-06-13,DKKGHS,Danish Krone,Selling,642.4523,GH¢ per DKK,0.06424523,GH¢ per DKK,ok,
2000-06-13,DKKGHS,Danish Krone,Mid Rate,632.0768,GH¢ per DKK,0.06320768,GH¢ per DKK,ok,
2000-06-13,GBPGHS,Pound Sterling,Buying,"7,338.2500",GH¢ per GBP,0.733825,GH¢ per GBP,ok,
2000-06-13,GBPGHS,Pound Sterling,Selling,"7,586.6554",GH¢ per GBP,0.75866554,GH¢ per GBP,ok,
2000-06-13,GBPGHS,Pound Sterling,Mid Rate,"7,462.4527",GH¢ per GBP,0.74624527,GH¢ per GBP,ok,
2000-06-13,JPYGHS,Japanese yen,Buying,45.5142,GH¢ per JPY,0.00455142,GH¢ per JPY,ok,
2000-06-13,JPYGHS,Japanese yen,Selling,47.0199,GH¢ per JPY,0.00470199,GH¢ per JPY,ok,
2000-06-13,JPYGHS,Japanese yen,Mid Rate,46.2671,GH¢ per JPY,0.00462671,GH¢ per JPY,ok,
2000-06-13,NOKGHS,Norwegian Krone,Buying,560.2573,GH¢ per NOK,0.05602573,GH¢ per NOK,ok,
2000-06-13,NOKGHS,Norwegian Krone,Selling,578.8468,GH¢ per NOK,0.05788468,GH¢ per NOK,ok,
2000-06-13,NOKGHS,Norwegian Krone,Mid Rate,569.5521,GH¢ per NOK,0.05695521,GH¢ per NOK,ok,
2000-06-13,SEKGHS,Swedish Krona,Buying,559.3519,GH¢ per SEK,0.05593519,GH¢ per SEK,ok,
2000-06-13,SEKGHS,Swedish Krona,Selling,577.5776,GH¢ per SEK,0.05775776,GH¢ per SEK,ok,
2000-06-13,SEKGHS,Swedish Krona,Mid Rate,568.4648,GH¢ per SEK,0.05684648,GH¢ per SEK,ok,
2000-06-14,USDGHS,US Dollar,Buying,"4,855.7300",GH¢ per USD,0.485573,GH¢ per USD,ok,
2000-06-14,USDGHS,US Dollar,Selling,"5,016.7300",GH¢ per USD,0.501673,GH¢ per USD,ok,
2000-06-14,USDGHS,US Dollar,Mid Rate,"4,936.2300",GH¢ per USD,0.493623,GH¢ per USD,ok,
2000-06-14,AUDGHS,Australian Dollar,Buying,339.9637,GH¢ per AUD,0.03399637,GH¢ per AUD,ok,
2000-06-14,AUDGHS,Australian Dollar,Selling,"3,026.0725",GH¢ per AUD,0.30260725,GH¢ per AUD,ok,
2000-06-14,AUDGHS,Australian Dollar,Mid Rate,"1,683.0181",GH¢ per AUD,0.16830181,GH¢ per AUD,ok,
2000-06-14,CADGHS,Canadian Dollar,Buying,"3,309.0007",GH¢ per CAD,0.33090007,GH¢ per CAD,ok,
2000-06-14,CADGHS,Canadian Dollar,Selling,"3,416.2286",GH¢ per CAD,0.34162286,GH¢ per CAD,ok,
2000-06-14,CADGHS,Canadian Dollar,Mid Rate,"3,362.6147",GH¢ per CAD,0.33626147,GH¢ per CAD,ok,
2000-06-14,CHFGHS,Swiss Franc,Buying,"2,994.3536",GH¢ per CHF,0.29943536,GH¢ per CHF,ok,
2000-06-14,CHFGHS,Swiss Franc,Selling,"3,091.5509",GH¢ per CHF,0.30915509,GH¢ per CHF,ok,
2000-06-14,CHFGHS,Swiss Franc,Mid Rate,"3,042.9523",GH¢ per CHF,0.30429523,GH¢ per CHF,ok,
2000-06-14,DKKGHS,Danish Krone,Buying,627.0297,GH¢ per DKK,0.06270297,GH¢ per DKK,ok,
2000-06-14,DKKGHS,Danish Krone,Selling,647.6923,GH¢ per DKK,0.06476923,GH¢ per DKK,ok,
2000-06-14,DKKGHS,Danish Krone,Mid Rate,637.3610,GH¢ per DKK,0.0637361,GH¢ per DKK,ok,
2000-06-14,GBPGHS,Pound Sterling,Buying,"7,327.7821",GH¢ per GBP,0.73277821,GH¢ per GBP,ok,
2000-06-14,GBPGHS,Pound Sterling,Selling,"7,572.7539",GH¢ per GBP,0.75727539,GH¢ per GBP,ok,
2000-06-14,GBPGHS,Pound Sterling,Mid Rate,"7,450.2680",GH¢ per GBP,0.7450268,GH¢ per GBP,ok,
2000-06-14,JPYGHS,Japanese yen,Buying,45.5510,GH¢ per JPY,0.0045551,GH¢ per JPY,ok,
2000-06-14,JPYGHS,Japanese yen,Selling,47.0387,GH¢ per JPY,0.00470387,GH¢ per JPY,ok,
2000-06-14,JPYGHS,Japanese yen,Mid Rate,46.2949,GH¢ per JPY,0.00462949,GH¢ per JPY,ok,
2000-06-14,NOKGHS,Norwegian Krone,Buying,565.9481,GH¢ per NOK,0.05659481,GH¢ per NOK,ok,
2000-06-14,NOKGHS,Norwegian Krone,Selling,584.1417,GH¢ per NOK,0.05841417,GH¢ per NOK,ok,
2000-06-14,NOKGHS,Norwegian Krone,Mid Rate,575.0449,GH¢ per NOK,0.05750449,GH¢ per NOK,ok,
2000-06-14,SEKGHS,Swedish Krona,Buying,566.9069,GH¢ per SEK,0.05669069,GH¢ per SEK,ok,
2000-06-14,SEKGHS,Swedish Krona,Selling,584.7867,GH¢ per SEK,0.05847867,GH¢ per SEK,ok,
2000-06-14,SEKGHS,Swedish Krona,Mid Rate,575.8468,GH¢ per SEK,0.05758468,GH¢ per SEK,ok,
2000-06-15,USDGHS,US Dollar,Buying,"4,865.0900",GH¢ per USD,0.486509,GH¢ per USD,ok,
2000-06-15,USDGHS,US Dollar,Selling,"5,030.6400",GH¢ per USD,0.503064,GH¢ per USD,ok,
2000-06-15,USDGHS,US Dollar,Mid Rate,"4,947.8650",GH¢ per USD,0.4947865,GH¢ per USD,ok,
2000-06-15,AUDGHS,Australian Dollar,Buying,337.5390,GH¢ per AUD,0.0337539,GH¢ per AUD,ok,
2000-06-15,AUDGHS,Australian Dollar,Selling,"3,027.5198",GH¢ per AUD,0.30275198,GH¢ per AUD,ok,
2000-06-15,AUDGHS,Australian Dollar,Mid Rate,"1,682.5294",GH¢ per AUD,0.16825294,GH¢ per AUD,ok,
2000-06-15,CADGHS,Canadian Dollar,Buying,"3,310.7828",GH¢ per CAD,0.33107828,GH¢ per CAD,ok,
2000-06-15,CADGHS,Canadian Dollar,Selling,"3,422.1512",GH¢ per CAD,0.34221512,GH¢ per CAD,ok,
2000-06-15,CADGHS,Canadian Dollar,Mid Rate,"3,366.4670",GH¢ per CAD,0.3366467,GH¢ per CAD,ok,
2000-06-15,CHFGHS,Swiss Franc,Buying,"2,970.3323",GH¢ per CHF,0.29703323,GH¢ per CHF,ok,
2000-06-15,CHFGHS,Swiss Franc,Selling,"3,070.5785",GH¢ per CHF,0.30705785,GH¢ per CHF,ok,
2000-06-15,CHFGHS,Swiss Franc,Mid Rate,"3,020.4554",GH¢ per CHF,0.30204554,GH¢ per CHF,ok,
2000-06-15,DKKGHS,Danish Krone,Buying,622.6756,GH¢ per DKK,0.06226756,GH¢ per DKK,ok,
2000-06-15,DKKGHS,Danish Krone,Selling,643.9144,GH¢ per DKK,0.06439144,GH¢ per DKK,ok,
2000-06-15,DKKGHS,Danish Krone,Mid Rate,633.2950,GH¢ per DKK,0.0633295,GH¢ per DKK,ok,
2000-06-15,GBPGHS,Pound Sterling,Buying,"7,282.0667",GH¢ per GBP,0.72820667,GH¢ per GBP,ok,
2000-06-15,GBPGHS,Pound Sterling,Selling,"7,534.8926",GH¢ per GBP,0.75348926,GH¢ per GBP,ok,
2000-06-15,GBPGHS,Pound Sterling,Mid Rate,"7,408.4797",GH¢ per GBP,0.74084797,GH¢ per GBP,ok,
2000-06-15,JPYGHS,Japanese yen,Buying,45.6184,GH¢ per JPY,0.00456184,GH¢ per JPY,ok,
2000-06-15,JPYGHS,Japanese yen,Selling,47.1668,GH¢ per JPY,0.00471668,GH¢ per JPY,ok,
2000-06-15,JPYGHS,Japanese yen,Mid Rate,46.3926,GH¢ per JPY,0.00463926,GH¢ per JPY,ok,
2000-06-15,NOKGHS,Norwegian Krone,Buying,565.4393,GH¢ per NOK,0.05654393,GH¢ per NOK,ok,
2000-06-15,NOKGHS,Norwegian Krone,Selling,584.7393,GH¢ per NOK,0.05847393,GH¢ per NOK,ok,
2000-06-15,NOKGHS,Norwegian Krone,Mid Rate,575.0893,GH¢ per NOK,0.05750893,GH¢ per NOK,ok,
2000-06-15,SEKGHS,Swedish Krona,Buying,566.6581,GH¢ per SEK,0.05666581,GH¢ per SEK,ok,
2000-06-15,SEKGHS,Swedish Krona,Selling,585.4526,GH¢ per SEK,0.05854526,GH¢ per SEK,ok,
2000-06-15,SEKGHS,Swedish Krona,Mid Rate,576.0554,GH¢ per SEK,0.05760554,GH¢ per SEK,ok,
2000-06-16,USDGHS,US Dollar,Buying,"4,875.0000",GH¢ per USD,0.4875,GH¢ per USD,ok,
2000-06-16,USDGHS,US Dollar,Selling,"5,045.0900",GH¢ per USD,0.504509,GH¢ per USD,ok,
2000-06-16,USDGHS,US Dollar,Mid Rate,"4,960.0450",GH¢ per USD,0.4960045,GH¢ per USD,ok,
2000-06-16,AUDGHS,Australian Dollar,Buying,337.7535,GH¢ per AUD,0.03377535,GH¢ per AUD,ok,
2000-06-16,AUDGHS,Australian Dollar,Selling,"3,069.8662",GH¢ per AUD,0.30698662,GH¢ per AUD,ok,
2000-06-16,AUDGHS,Australian Dollar,Mid Rate,"1,703.8099",GH¢ per AUD,0.17038099,GH¢ per AUD,ok,
2000-06-16,CADGHS,Canadian Dollar,Buying,"3,305.9140",GH¢ per CAD,0.3305914,GH¢ per CAD,ok,
2000-06-16,CADGHS,Canadian Dollar,Selling,"3,418.4717",GH¢ per CAD,0.34184717,GH¢ per CAD,ok,
2000-06-16,CADGHS,Canadian Dollar,Mid Rate,"3,362.1929",GH¢ per CAD,0.33621929,GH¢ per CAD,ok,
2000-06-16,CHFGHS,Swiss Franc,Buying,"2,981.5743",GH¢ per CHF,0.29815743,GH¢ per CHF,ok,
2000-06-16,CHFGHS,Swiss Franc,Selling,"3,084.2420",GH¢ per CHF,0.3084242,GH¢ per CHF,ok,
2000-06-16,CHFGHS,Swiss Franc,Mid Rate,"3,032.9082",GH¢ per CHF,0.30329082,GH¢ per CHF,ok,
2000-06-16,DKKGHS,Danish Krone,Buying,623.2095,GH¢ per DKK,0.06232095,GH¢ per DKK,ok,
2000-06-16,DKKGHS,Danish Krone,Selling,644.7824,GH¢ per DKK,0.06447824,GH¢ per DKK,ok,
2000-06-16,DKKGHS,Danish Krone,Mid Rate,633.9960,GH¢ per DKK,0.0633996,GH¢ per DKK,ok,
2000-06-16,GBPGHS,Pound Sterling,Buying,"7,378.8000",GH¢ per GBP,0.73788,GH¢ per GBP,ok,
2000-06-16,GBPGHS,Pound Sterling,Selling,"7,640.2843",GH¢ per GBP,0.76402843,GH¢ per GBP,ok,
2000-06-16,GBPGHS,Pound Sterling,Mid Rate,"7,509.5422",GH¢ per GBP,0.75095422,GH¢ per GBP,ok,
2000-06-16,JPYGHS,Japanese yen,Buying,45.8481,GH¢ per JPY,0.00458481,GH¢ per JPY,ok,
2000-06-16,JPYGHS,Japanese yen,Selling,47.4375,GH¢ per JPY,0.00474375,GH¢ per JPY,ok,
2000-06-16,JPYGHS,Japanese yen,Mid Rate,46.6428,GH¢ per JPY,0.00466428,GH¢ per JPY,ok,
2000-06-16,NOKGHS,Norwegian Krone,Buying,565.0875,GH¢ per NOK,0.05650875,GH¢ per NOK,ok,
2000-06-16,NOKGHS,Norwegian Krone,Selling,584.4637,GH¢ per NOK,0.05844637,GH¢ per NOK,ok,
2000-06-16,NOKGHS,Norwegian Krone,Mid Rate,574.7756,GH¢ per NOK,0.05747756,GH¢ per NOK,ok,
2000-06-16,SEKGHS,Swedish Krona,Buying,563.4866,GH¢ per SEK,0.05634866,GH¢ per SEK,ok,
2000-06-16,SEKGHS,Swedish Krona,Selling,582.4719,GH¢ per SEK,0.05824719,GH¢ per SEK,ok,
2000-06-16,SEKGHS,Swedish Krona,Mid Rate,572.9793,GH¢ per SEK,0.05729793,GH¢ per SEK,ok,
2000-06-19,USDGHS,US Dollar,Buying,"4,894.0900",GH¢ per USD,0.489409,GH¢ per USD,ok,
2000-06-19,USDGHS,US Dollar,Selling,"5,064.5500",GH¢ per USD,0.506455,GH¢ per USD,ok,
2000-06-19,USDGHS,US Dollar,Mid Rate,"4,979.3200",GH¢ per USD,0.497932,GH¢ per USD,ok,
2000-06-19,AUDGHS,Australian Dollar,Buying,343.8470,GH¢ per AUD,0.0343847,GH¢ per AUD,ok,
2000-06-19,AUDGHS,Australian Dollar,Selling,"3,058.2942",GH¢ per AUD,0.30582942,GH¢ per AUD,ok,
2000-06-19,AUDGHS,Australian Dollar,Mid Rate,"1,701.0706",GH¢ per AUD,0.17010706,GH¢ per AUD,ok,
2000-06-19,CADGHS,Canadian Dollar,Buying,"3,333.1162",GH¢ per CAD,0.33331162,GH¢ per CAD,ok,
2000-06-19,CADGHS,Canadian Dollar,Selling,"3,446.9353",GH¢ per CAD,0.34469353,GH¢ per CAD,ok,
2000-06-19,CADGHS,Canadian Dollar,Mid Rate,"3,390.0258",GH¢ per CAD,0.33900258,GH¢ per CAD,ok,
2000-06-19,CHFGHS,Swiss Franc,Buying,"3,031.2959",GH¢ per CHF,0.30312959,GH¢ per CHF,ok,
2000-06-19,CHFGHS,Swiss Franc,Selling,"3,134.9610",GH¢ per CHF,0.3134961,GH¢ per CHF,ok,
2000-06-19,CHFGHS,Swiss Franc,Mid Rate,"3,083.1285",GH¢ per CHF,0.30831285,GH¢ per CHF,ok,
2000-06-19,DKKGHS,Danish Krone,Buying,635.5138,GH¢ per DKK,0.06355138,GH¢ per DKK,ok,
2000-06-19,DKKGHS,Danish Krone,Selling,657.5612,GH¢ per DKK,0.06575612,GH¢ per DKK,ok,
2000-06-19,DKKGHS,Danish Krone,Mid Rate,646.5375,GH¢ per DKK,0.06465375,GH¢ per DKK,ok,
2000-06-19,GBPGHS,Pound Sterling,Buying,"7,408.1840",GH¢ per GBP,0.7408184,GH¢ per GBP,ok,
2000-06-19,GBPGHS,Pound Sterling,Selling,"7,668.7416",GH¢ per GBP,0.76687416,GH¢ per GBP,ok,
2000-06-19,GBPGHS,Pound Sterling,Mid Rate,"7,538.4628",GH¢ per GBP,0.75384628,GH¢ per GBP,ok,
2000-06-19,JPYGHS,Japanese yen,Buying,46.2145,GH¢ per JPY,0.00462145,GH¢ per JPY,ok,
2000-06-19,JPYGHS,Japanese yen,Selling,47.8042,GH¢ per JPY,0.00478042,GH¢ per JPY,ok,
2000-06-19,JPYGHS,Japanese yen,Mid Rate,47.0094,GH¢ per JPY,0.00470094,GH¢ per JPY,ok,
2000-06-19,NOKGHS,Norwegian Krone,Buying,571.1960,GH¢ per NOK,0.0571196,GH¢ per NOK,ok,
2000-06-19,NOKGHS,Norwegian Krone,Selling,590.7484,GH¢ per NOK,0.05907484,GH¢ per NOK,ok,
2000-06-19,NOKGHS,Norwegian Krone,Mid Rate,580.9722,GH¢ per NOK,0.05809722,GH¢ per NOK,ok,
2000-06-19,SEKGHS,Swedish Krona,Buying,569.3173,GH¢ per SEK,0.05693173,GH¢ per SEK,ok,
2000-06-19,SEKGHS,Swedish Krona,Selling,588.4592,GH¢ per SEK,0.05884592,GH¢ per SEK,ok,
2000-06-19,SEKGHS,Swedish Krona,Mid Rate,578.8883,GH¢ per SEK,0.05788883,GH¢ per SEK,ok,
2000-06-20,USDGHS,US Dollar,Buying,"4,914.0000",GH¢ per USD,0.4914,GH¢ per USD,ok,
2000-06-20,USDGHS,US Dollar,Selling,"5,089.5500",GH¢ per USD,0.508955,GH¢ per USD,ok,
2000-06-20,USDGHS,US Dollar,Mid Rate,"5,001.7750",GH¢ per USD,0.5001775,GH¢ per USD,ok,
2000-06-20,AUDGHS,Australian Dollar,Buying,342.7102,GH¢ per AUD,0.03427102,GH¢ per AUD,ok,
2000-06-20,AUDGHS,Australian Dollar,Selling,"3,084.8160",GH¢ per AUD,0.3084816,GH¢ per AUD,ok,
2000-06-20,AUDGHS,Australian Dollar,Mid Rate,"1,713.7631",GH¢ per AUD,0.17137631,GH¢ per AUD,ok,
2000-06-20,CADGHS,Canadian Dollar,Buying,"3,353.6198",GH¢ per CAD,0.33536198,GH¢ per CAD,ok,
2000-06-20,CADGHS,Canadian Dollar,Selling,"3,471.1906",GH¢ per CAD,0.34711906,GH¢ per CAD,ok,
2000-06-20,CADGHS,Canadian Dollar,Mid Rate,"3,412.4052",GH¢ per CAD,0.34124052,GH¢ per CAD,ok,
2000-06-20,CHFGHS,Swiss Franc,Buying,"3,024.7693",GH¢ per CHF,0.30247693,GH¢ per CHF,ok,
2000-06-20,CHFGHS,Swiss Franc,Selling,"3,131.0438",GH¢ per CHF,0.31310438,GH¢ per CHF,ok,
2000-06-20,CHFGHS,Swiss Franc,Mid Rate,"3,077.9066",GH¢ per CHF,0.30779066,GH¢ per CHF,ok,
2000-06-20,DKKGHS,Danish Krone,Buying,632.3137,GH¢ per DKK,0.06323137,GH¢ per DKK,ok,
2000-06-20,DKKGHS,Danish Krone,Selling,654.7757,GH¢ per DKK,0.06547757,GH¢ per DKK,ok,
2000-06-20,DKKGHS,Danish Krone,Mid Rate,643.5447,GH¢ per DKK,0.06435447,GH¢ per DKK,ok,
2000-06-20,GBPGHS,Pound Sterling,Buying,"7,430.9508",GH¢ per GBP,0.74309508,GH¢ per GBP,ok,
2000-06-20,GBPGHS,Pound Sterling,Selling,"7,700.4892",GH¢ per GBP,0.77004892,GH¢ per GBP,ok,
2000-06-20,GBPGHS,Pound Sterling,Mid Rate,"7,565.7200",GH¢ per GBP,0.756572,GH¢ per GBP,ok,
2000-06-20,JPYGHS,Japanese yen,Buying,46.5569,GH¢ per JPY,0.00465569,GH¢ per JPY,ok,
2000-06-20,JPYGHS,Japanese yen,Selling,48.2094,GH¢ per JPY,0.00482094,GH¢ per JPY,ok,
2000-06-20,JPYGHS,Japanese yen,Mid Rate,47.3832,GH¢ per JPY,0.00473832,GH¢ per JPY,ok,
2000-06-20,NOKGHS,Norwegian Krone,Buying,572.0604,GH¢ per NOK,0.05720604,GH¢ per NOK,ok,
2000-06-20,NOKGHS,Norwegian Krone,Selling,592.1950,GH¢ per NOK,0.0592195,GH¢ per NOK,ok,
2000-06-20,NOKGHS,Norwegian Krone,Mid Rate,582.1277,GH¢ per NOK,0.05821277,GH¢ per NOK,ok,
2000-06-20,SEKGHS,Swedish Krona,Buying,569.7097,GH¢ per SEK,0.05697097,GH¢ per SEK,ok,
2000-06-20,SEKGHS,Swedish Krona,Selling,589.4209,GH¢ per SEK,0.05894209,GH¢ per SEK,ok,
2000-06-20,SEKGHS,Swedish Krona,Mid Rate,579.5653,GH¢ per SEK,0.05795653,GH¢ per SEK,ok,
2000-06-21,USDGHS,US Dollar,Buying,"4,966.7300",GH¢ per USD,0.496673,GH¢ per USD,ok,
2000-06-21,USDGHS,US Dollar,Selling,"5,149.0900",GH¢ per USD,0.514909,GH¢ per USD,ok,
2000-06-21,USDGHS,US Dollar,Mid Rate,"5,057.9100",GH¢ per USD,0.505791,GH¢ per USD,ok,
2000-06-21,AUDGHS,Australian Dollar,Buying,343.5306,GH¢ per AUD,0.03435306,GH¢ per AUD,ok,
2000-06-21,AUDGHS,Australian Dollar,Selling,"3,093.3426",GH¢ per AUD,0.30933426,GH¢ per AUD,ok,
2000-06-21,AUDGHS,Australian Dollar,Mid Rate,"1,718.4366",GH¢ per AUD,0.17184366,GH¢ per AUD,ok,
2000-06-21,CADGHS,Canadian Dollar,Buying,"3,375.1011",GH¢ per CAD,0.33751011,GH¢ per CAD,ok,
2000-06-21,CADGHS,Canadian Dollar,Selling,"3,497.7218",GH¢ per CAD,0.34977218,GH¢ per CAD,ok,
2000-06-21,CADGHS,Canadian Dollar,Mid Rate,"3,436.4115",GH¢ per CAD,0.34364115,GH¢ per CAD,ok,
2000-06-21,CHFGHS,Swiss Franc,Buying,"3,045.9497",GH¢ per CHF,0.30459497,GH¢ per CHF,ok,
2000-06-21,CHFGHS,Swiss Franc,Selling,"3,156.8019",GH¢ per CHF,0.31568019,GH¢ per CHF,ok,
2000-06-21,CHFGHS,Swiss Franc,Mid Rate,"3,101.3758",GH¢ per CHF,0.31013758,GH¢ per CHF,ok,
2000-06-21,DKKGHS,Danish Krone,Buying,634.1755,GH¢ per DKK,0.06341755,GH¢ per DKK,ok,
2000-06-21,DKKGHS,Danish Krone,Selling,657.3454,GH¢ per DKK,0.06573454,GH¢ per DKK,ok,
2000-06-21,DKKGHS,Danish Krone,Mid Rate,645.7605,GH¢ per DKK,0.06457605,GH¢ per DKK,ok,
2000-06-21,GBPGHS,Pound Sterling,Buying,"7,514.6625",GH¢ per GBP,0.75146625,GH¢ per GBP,ok,
2000-06-21,GBPGHS,Pound Sterling,Selling,"7,795.7223",GH¢ per GBP,0.77957223,GH¢ per GBP,ok,
2000-06-21,GBPGHS,Pound Sterling,Mid Rate,"7,655.1924",GH¢ per GBP,0.76551924,GH¢ per GBP,ok,
2000-06-21,JPYGHS,Japanese yen,Buying,47.1139,GH¢ per JPY,0.00471139,GH¢ per JPY,ok,
2000-06-21,JPYGHS,Japanese yen,Selling,48.8393,GH¢ per JPY,0.00488393,GH¢ per JPY,ok,
2000-06-21,JPYGHS,Japanese yen,Mid Rate,47.9766,GH¢ per JPY,0.00479766,GH¢ per JPY,ok,
2000-06-21,NOKGHS,Norwegian Krone,Buying,575.1003,GH¢ per NOK,0.05751003,GH¢ per NOK,ok,
2000-06-21,NOKGHS,Norwegian Krone,Selling,596.0670,GH¢ per NOK,0.0596067,GH¢ per NOK,ok,
2000-06-21,NOKGHS,Norwegian Krone,Mid Rate,585.5837,GH¢ per NOK,0.05855837,GH¢ per NOK,ok,
2000-06-21,SEKGHS,Swedish Krona,Buying,573.7041,GH¢ per SEK,0.05737041,GH¢ per SEK,ok,
2000-06-21,SEKGHS,Swedish Krona,Selling,594.2813,GH¢ per SEK,0.05942813,GH¢ per SEK,ok,
2000-06-21,SEKGHS,Swedish Krona,Mid Rate,583.9927,GH¢ per SEK,0.05839927,GH¢ per SEK,ok,
2000-06-22,USDGHS,US Dollar,Buying,"4,978.8200",GH¢ per USD,0.497882,GH¢ per USD,ok,
2000-06-22,USDGHS,US Dollar,Selling,"5,159.0000",GH¢ per USD,0.5159,GH¢ per USD,ok,
2000-06-22,USDGHS,US Dollar,Mid Rate,"5,068.9100",GH¢ per USD,0.506891,GH¢ per USD,ok,
2000-06-22,AUDGHS,Australian Dollar,Buying,342.3593,GH¢ per AUD,0.03423593,GH¢ per AUD,ok,
2000-06-22,AUDGHS,Australian Dollar,Selling,"3,102.2025",GH¢ per AUD,0.31022025,GH¢ per AUD,ok,
2000-06-22,AUDGHS,Australian Dollar,Mid Rate,"1,722.2809",GH¢ per AUD,0.17222809,GH¢ per AUD,ok,
2000-06-22,CADGHS,Canadian Dollar,Buying,"3,379.5804",GH¢ per CAD,0.33795804,GH¢ per CAD,ok,
2000-06-22,CADGHS,Canadian Dollar,Selling,"3,498.6241",GH¢ per CAD,0.34986241,GH¢ per CAD,ok,
2000-06-22,CADGHS,Canadian Dollar,Mid Rate,"3,439.1023",GH¢ per CAD,0.34391023,GH¢ per CAD,ok,
2000-06-22,CHFGHS,Swiss Franc,Buying,"3,039.6259",GH¢ per CHF,0.30396259,GH¢ per CHF,ok,
2000-06-22,CHFGHS,Swiss Franc,Selling,"3,147.1811",GH¢ per CHF,0.31471811,GH¢ per CHF,ok,
2000-06-22,CHFGHS,Swiss Franc,Mid Rate,"3,093.4035",GH¢ per CHF,0.30934035,GH¢ per CHF,ok,
2000-06-22,DKKGHS,Danish Krone,Buying,631.9680,GH¢ per DKK,0.0631968,GH¢ per DKK,ok,
2000-06-22,DKKGHS,Danish Krone,Selling,654.2879,GH¢ per DKK,0.06542879,GH¢ per DKK,ok,
2000-06-22,DKKGHS,Danish Krone,Mid Rate,643.1280,GH¢ per DKK,0.0643128,GH¢ per DKK,ok,
2000-06-22,GBPGHS,Pound Sterling,Buying,"7,460.7618",GH¢ per GBP,0.74607618,GH¢ per GBP,ok,
2000-06-22,GBPGHS,Pound Sterling,Selling,"7,732.3092",GH¢ per GBP,0.77323092,GH¢ per GBP,ok,
2000-06-22,GBPGHS,Pound Sterling,Mid Rate,"7,596.5355",GH¢ per GBP,0.75965355,GH¢ per GBP,ok,
2000-06-22,JPYGHS,Japanese yen,Buying,47.3218,GH¢ per JPY,0.00473218,GH¢ per JPY,ok,
2000-06-22,JPYGHS,Japanese yen,Selling,49.0069,GH¢ per JPY,0.00490069,GH¢ per JPY,ok,
2000-06-22,JPYGHS,Japanese yen,Mid Rate,48.1644,GH¢ per JPY,0.00481644,GH¢ per JPY,ok,
2000-06-22,NOKGHS,Norwegian Krone,Buying,573.2301,GH¢ per NOK,0.05732301,GH¢ per NOK,ok,
2000-06-22,NOKGHS,Norwegian Krone,Selling,593.7106,GH¢ per NOK,0.05937106,GH¢ per NOK,ok,
2000-06-22,NOKGHS,Norwegian Krone,Mid Rate,583.4704,GH¢ per NOK,0.05834704,GH¢ per NOK,ok,
2000-06-22,SEKGHS,Swedish Krona,Buying,571.1238,GH¢ per SEK,0.05711238,GH¢ per SEK,ok,
2000-06-22,SEKGHS,Swedish Krona,Selling,591.1913,GH¢ per SEK,0.05911913,GH¢ per SEK,ok,
2000-06-22,SEKGHS,Swedish Krona,Mid Rate,581.1576,GH¢ per SEK,0.05811576,GH¢ per SEK,ok,
2000-06-23,USDGHS,US Dollar,Buying,"5,006.7300",GH¢ per USD,0.500673,GH¢ per USD,ok,
2000-06-23,USDGHS,US Dollar,Selling,"5,194.0000",GH¢ per USD,0.5194,GH¢ per USD,ok,
2000-06-23,USDGHS,US Dollar,Mid Rate,"5,100.3650",GH¢ per USD,0.5100365,GH¢ per USD,ok,
2000-06-23,AUDGHS,Australian Dollar,Buying,340.3862,GH¢ per AUD,0.03403862,GH¢ per AUD,ok,
2000-06-23,AUDGHS,Australian Dollar,Selling,"3,099.3795",GH¢ per AUD,0.30993795,GH¢ per AUD,ok,
2000-06-23,AUDGHS,Australian Dollar,Mid Rate,"1,719.8829",GH¢ per AUD,0.17198829,GH¢ per AUD,ok,
2000-06-23,CADGHS,Canadian Dollar,Buying,"3,391.2131",GH¢ per CAD,0.33912131,GH¢ per CAD,ok,
2000-06-23,CADGHS,Canadian Dollar,Selling,"3,516.7563",GH¢ per CAD,0.35167563,GH¢ per CAD,ok,
2000-06-23,CADGHS,Canadian Dollar,Mid Rate,"3,453.9847",GH¢ per CAD,0.34539847,GH¢ per CAD,ok,
2000-06-23,CHFGHS,Swiss Franc,Buying,"3,024.0593",GH¢ per CHF,0.30240593,GH¢ per CHF,ok,
2000-06-23,CHFGHS,Swiss Franc,Selling,"3,137.3657",GH¢ per CHF,0.31373657,GH¢ per CHF,ok,
2000-06-23,CHFGHS,Swiss Franc,Mid Rate,"3,080.7125",GH¢ per CHF,0.30807125,GH¢ per CHF,ok,
2000-06-23,DKKGHS,Danish Krone,Buying,628.1174,GH¢ per DKK,0.06281174,GH¢ per DKK,ok,
2000-06-23,DKKGHS,Danish Krone,Selling,651.5014,GH¢ per DKK,0.06515014,GH¢ per DKK,ok,
2000-06-23,DKKGHS,Danish Krone,Mid Rate,639.8094,GH¢ per DKK,0.06398094,GH¢ per DKK,ok,
2000-06-23,GBPGHS,Pound Sterling,Buying,"7,547.1448",GH¢ per GBP,0.75471448,GH¢ per GBP,ok,
2000-06-23,GBPGHS,Pound Sterling,Selling,"7,834.6296",GH¢ per GBP,0.78346296,GH¢ per GBP,ok,
2000-06-23,GBPGHS,Pound Sterling,Mid Rate,"7,690.8872",GH¢ per GBP,0.76908872,GH¢ per GBP,ok,
2000-06-23,JPYGHS,Japanese yen,Buying,47.9275,GH¢ per JPY,0.00479275,GH¢ per JPY,ok,
2000-06-23,JPYGHS,Japanese yen,Selling,49.7153,GH¢ per JPY,0.00497153,GH¢ per JPY,ok,
2000-06-23,JPYGHS,Japanese yen,Mid Rate,48.8214,GH¢ per JPY,0.00488214,GH¢ per JPY,ok,
2000-06-23,NOKGHS,Norwegian Krone,Buying,572.6558,GH¢ per NOK,0.05726558,GH¢ per NOK,ok,
2000-06-23,NOKGHS,Norwegian Krone,Selling,593.9420,GH¢ per NOK,0.0593942,GH¢ per NOK,ok,
2000-06-23,NOKGHS,Norwegian Krone,Mid Rate,583.2989,GH¢ per NOK,0.05832989,GH¢ per NOK,ok,
2000-06-23,SEKGHS,Swedish Krona,Buying,565.8845,GH¢ per SEK,0.05658845,GH¢ per SEK,ok,
2000-06-23,SEKGHS,Swedish Krona,Selling,586.5824,GH¢ per SEK,0.05865824,GH¢ per SEK,ok,
2000-06-23,SEKGHS,Swedish Krona,Mid Rate,576.2335,GH¢ per SEK,0.05762335,GH¢ per SEK,ok,
2000-06-26,USDGHS,US Dollar,Buying,"5,027.9100",GH¢ per USD,0.502791,GH¢ per USD,ok,
2000-06-26,USDGHS,US Dollar,Selling,"5,208.2700",GH¢ per USD,0.520827,GH¢ per USD,ok,
2000-06-26,USDGHS,US Dollar,Mid Rate,"5,118.0900",GH¢ per USD,0.511809,GH¢ per USD,ok,
2000-06-26,AUDGHS,Australian Dollar,Buying,340.4088,GH¢ per AUD,0.03404088,GH¢ per AUD,ok,
2000-06-26,AUDGHS,Australian Dollar,Selling,"3,089.9693",GH¢ per AUD,0.30899693,GH¢ per AUD,ok,
2000-06-26,AUDGHS,Australian Dollar,Mid Rate,"1,715.1891",GH¢ per AUD,0.17151891,GH¢ per AUD,ok,
2000-06-26,CADGHS,Canadian Dollar,Buying,"3,386.2725",GH¢ per CAD,0.33862725,GH¢ per CAD,ok,
2000-06-26,CADGHS,Canadian Dollar,Selling,"3,504.6630",GH¢ per CAD,0.3504663,GH¢ per CAD,ok,
2000-06-26,CADGHS,Canadian Dollar,Mid Rate,"3,445.4678",GH¢ per CAD,0.34454678,GH¢ per CAD,ok,
2000-06-26,CHFGHS,Swiss Franc,Buying,"3,023.6032",GH¢ per CHF,0.30236032,GH¢ per CHF,ok,
2000-06-26,CHFGHS,Swiss Franc,Selling,"3,130.4727",GH¢ per CHF,0.31304727,GH¢ per CHF,ok,
2000-06-26,CHFGHS,Swiss Franc,Mid Rate,"3,077.0380",GH¢ per CHF,0.3077038,GH¢ per CHF,ok,
2000-06-26,DKKGHS,Danish Krone,Buying,628.3054,GH¢ per DKK,0.06283054,GH¢ per DKK,ok,
2000-06-26,DKKGHS,Danish Krone,Selling,650.4807,GH¢ per DKK,0.06504807,GH¢ per DKK,ok,
2000-06-26,DKKGHS,Danish Krone,Mid Rate,639.3931,GH¢ per DKK,0.06393931,GH¢ per DKK,ok,
2000-06-26,GBPGHS,Pound Sterling,Buying,"7,537.8427",GH¢ per GBP,0.75378427,GH¢ per GBP,ok,
2000-06-26,GBPGHS,Pound Sterling,Selling,"7,810.8425",GH¢ per GBP,0.78108425,GH¢ per GBP,ok,
2000-06-26,GBPGHS,Pound Sterling,Mid Rate,"7,674.3426",GH¢ per GBP,0.76743426,GH¢ per GBP,ok,
2000-06-26,JPYGHS,Japanese yen,Buying,48.1436,GH¢ per JPY,0.00481436,GH¢ per JPY,ok,
2000-06-26,JPYGHS,Japanese yen,Selling,49.8490,GH¢ per JPY,0.0049849,GH¢ per JPY,ok,
2000-06-26,JPYGHS,Japanese yen,Mid Rate,48.9963,GH¢ per JPY,0.00489963,GH¢ per JPY,ok,
2000-06-26,NOKGHS,Norwegian Krone,Buying,573.4118,GH¢ per NOK,0.05734118,GH¢ per NOK,ok,
2000-06-26,NOKGHS,Norwegian Krone,Selling,593.5291,GH¢ per NOK,0.05935291,GH¢ per NOK,ok,
2000-06-26,NOKGHS,Norwegian Krone,Mid Rate,583.4705,GH¢ per NOK,0.05834705,GH¢ per NOK,ok,
2000-06-26,SEKGHS,Swedish Krona,Buying,565.7087,GH¢ per SEK,0.05657087,GH¢ per SEK,ok,
2000-06-26,SEKGHS,Swedish Krona,Selling,585.2265,GH¢ per SEK,0.05852265,GH¢ per SEK,ok,
2000-06-26,SEKGHS,Swedish Krona,Mid Rate,575.4676,GH¢ per SEK,0.05754676,GH¢ per SEK,ok,
2000-06-27,USDGHS,US Dollar,Buying,"5,099.7300",GH¢ per USD,0.509973,GH¢ per USD,ok,
2000-06-27,USDGHS,US Dollar,Selling,"5,276.4500",GH¢ per USD,0.527645,GH¢ per USD,ok,
2000-06-27,USDGHS,US Dollar,Mid Rate,"5,188.0900",GH¢ per USD,0.518809,GH¢ per USD,ok,
2000-06-27,AUDGHS,Australian Dollar,Buying,348.3442,GH¢ per AUD,0.03483442,GH¢ per AUD,ok,
2000-06-27,AUDGHS,Australian Dollar,Selling,"3,168.9278",GH¢ per AUD,0.31689278,GH¢ per AUD,ok,
2000-06-27,AUDGHS,Australian Dollar,Mid Rate,"1,758.6360",GH¢ per AUD,0.1758636,GH¢ per AUD,ok,
2000-06-27,CADGHS,Canadian Dollar,Buying,"3,441.8356",GH¢ per CAD,0.34418356,GH¢ per CAD,ok,
2000-06-27,CADGHS,Canadian Dollar,Selling,"3,557.1786",GH¢ per CAD,0.35571786,GH¢ per CAD,ok,
2000-06-27,CADGHS,Canadian Dollar,Mid Rate,"3,499.5071",GH¢ per CAD,0.34995071,GH¢ per CAD,ok,
2000-06-27,CHFGHS,Swiss Franc,Buying,"3,095.5198",GH¢ per CHF,0.30955198,GH¢ per CHF,ok,
2000-06-27,CHFGHS,Swiss Franc,Selling,"3,199.6335",GH¢ per CHF,0.31996335,GH¢ per CHF,ok,
2000-06-27,CHFGHS,Swiss Franc,Mid Rate,"3,147.5767",GH¢ per CHF,0.31475767,GH¢ per CHF,ok,
2000-06-27,DKKGHS,Danish Krone,Buying,642.8318,GH¢ per DKK,0.06428318,GH¢ per DKK,ok,
2000-06-27,DKKGHS,Danish Krone,Selling,664.5988,GH¢ per DKK,0.06645988,GH¢ per DKK,ok,
2000-06-27,DKKGHS,Danish Krone,Mid Rate,653.7153,GH¢ per DKK,0.06537153,GH¢ per DKK,ok,
2000-06-27,GBPGHS,Pound Sterling,Buying,"7,645.0052",GH¢ per GBP,0.76450052,GH¢ per GBP,ok,
2000-06-27,GBPGHS,Pound Sterling,Selling,"7,910.4538",GH¢ per GBP,0.79104538,GH¢ per GBP,ok,
2000-06-27,GBPGHS,Pound Sterling,Mid Rate,"7,777.7295",GH¢ per GBP,0.77777295,GH¢ per GBP,ok,
2000-06-27,JPYGHS,Japanese yen,Buying,48.2944,GH¢ per JPY,0.00482944,GH¢ per JPY,ok,
2000-06-27,JPYGHS,Japanese yen,Selling,49.9334,GH¢ per JPY,0.00499334,GH¢ per JPY,ok,
2000-06-27,JPYGHS,Japanese yen,Mid Rate,49.1139,GH¢ per JPY,0.00491139,GH¢ per JPY,ok,
2000-06-27,NOKGHS,Norwegian Krone,Buying,585.0083,GH¢ per NOK,0.05850083,GH¢ per NOK,ok,
2000-06-27,NOKGHS,Norwegian Krone,Selling,604.6915,GH¢ per NOK,0.06046915,GH¢ per NOK,ok,
2000-06-27,NOKGHS,Norwegian Krone,Mid Rate,594.8499,GH¢ per NOK,0.05948499,GH¢ per NOK,ok,
2000-06-27,SEKGHS,Swedish Krona,Buying,574.7433,GH¢ per SEK,0.05747433,GH¢ per SEK,ok,
2000-06-27,SEKGHS,Swedish Krona,Selling,593.7531,GH¢ per SEK,0.05937531,GH¢ per SEK,ok,
2000-06-27,SEKGHS,Swedish Krona,Mid Rate,584.2482,GH¢ per SEK,0.05842482,GH¢ per SEK,ok,
2000-06-28,USDGHS,US Dollar,Buying,"5,229.0900",GH¢ per USD,0.522909,GH¢ per USD,ok,
2000-06-28,USDGHS,US Dollar,Selling,"5,420.5500",GH¢ per USD,0.542055,GH¢ per USD,ok,
2000-06-28,USDGHS,US Dollar,Mid Rate,"5,324.8200",GH¢ per USD,0.532482,GH¢ per USD,ok,
2000-06-28,AUDGHS,Australian Dollar,Buying,358.8898,GH¢ per AUD,0.03588898,GH¢ per AUD,ok,
2000-06-28,AUDGHS,Australian Dollar,Selling,"3,260.4044",GH¢ per AUD,0.32604044,GH¢ per AUD,ok,
2000-06-28,AUDGHS,Australian Dollar,Mid Rate,"1,809.6471",GH¢ per AUD,0.18096471,GH¢ per AUD,ok,
2000-06-28,CADGHS,Canadian Dollar,Buying,"3,536.7236",GH¢ per CAD,0.35367236,GH¢ per CAD,ok,
2000-06-28,CADGHS,Canadian Dollar,Selling,"3,665.9394",GH¢ per CAD,0.36659394,GH¢ per CAD,ok,
2000-06-28,CADGHS,Canadian Dollar,Mid Rate,"3,601.3315",GH¢ per CAD,0.36013315,GH¢ per CAD,ok,
2000-06-28,CHFGHS,Swiss Franc,Buying,"3,192.9353",GH¢ per CHF,0.31929353,GH¢ per CHF,ok,
2000-06-28,CHFGHS,Swiss Franc,Selling,"3,309.6733",GH¢ per CHF,0.33096733,GH¢ per CHF,ok,
2000-06-28,CHFGHS,Swiss Franc,Mid Rate,"3,251.3043",GH¢ per CHF,0.32513043,GH¢ per CHF,ok,
2000-06-28,DKKGHS,Danish Krone,Buying,662.1153,GH¢ per DKK,0.06621153,GH¢ per DKK,ok,
2000-06-28,DKKGHS,Danish Krone,Selling,686.2778,GH¢ per DKK,0.06862778,GH¢ per DKK,ok,
2000-06-28,DKKGHS,Danish Krone,Mid Rate,674.1966,GH¢ per DKK,0.06741966,GH¢ per DKK,ok,
2000-06-28,GBPGHS,Pound Sterling,Buying,"7,860.3681",GH¢ per GBP,0.78603681,GH¢ per GBP,ok,
2000-06-28,GBPGHS,Pound Sterling,Selling,"8,153.0493",GH¢ per GBP,0.81530493,GH¢ per GBP,ok,
2000-06-28,GBPGHS,Pound Sterling,Mid Rate,"8,006.7087",GH¢ per GBP,0.80067087,GH¢ per GBP,ok,
2000-06-28,JPYGHS,Japanese yen,Buying,49.5735,GH¢ per JPY,0.00495735,GH¢ per JPY,ok,
2000-06-28,JPYGHS,Japanese yen,Selling,51.3805,GH¢ per JPY,0.00513805,GH¢ per JPY,ok,
2000-06-28,JPYGHS,Japanese yen,Mid Rate,50.4770,GH¢ per JPY,0.0050477,GH¢ per JPY,ok,
2000-06-28,NOKGHS,Norwegian Krone,Buying,601.8060,GH¢ per NOK,0.0601806,GH¢ per NOK,ok,
2000-06-28,NOKGHS,Norwegian Krone,Selling,623.4410,GH¢ per NOK,0.0623441,GH¢ per NOK,ok,
2000-06-28,NOKGHS,Norwegian Krone,Mid Rate,612.6235,GH¢ per NOK,0.06126235,GH¢ per NOK,ok,
2000-06-28,SEKGHS,Swedish Krona,Buying,588.3333,GH¢ per SEK,0.05883333,GH¢ per SEK,ok,
2000-06-28,SEKGHS,Swedish Krona,Selling,609.1457,GH¢ per SEK,0.06091457,GH¢ per SEK,ok,
2000-06-28,SEKGHS,Swedish Krona,Mid Rate,598.7395,GH¢ per SEK,0.05987395,GH¢ per SEK,ok,
2000-06-29,USDGHS,US Dollar,Buying,"5,307.1800",GH¢ per USD,0.530718,GH¢ per USD,ok,
2000-06-29,USDGHS,US Dollar,Selling,"5,515.5500",GH¢ per USD,0.551555,GH¢ per USD,ok,
2000-06-29,USDGHS,US Dollar,Mid Rate,"5,411.3650",GH¢ per USD,0.5411365,GH¢ per USD,ok,
2000-06-29,AUDGHS,Australian Dollar,Buying,364.3217,GH¢ per AUD,0.03643217,GH¢ per AUD,ok,
2000-06-29,AUDGHS,Australian Dollar,Selling,"3,323.0770",GH¢ per AUD,0.3323077,GH¢ per AUD,ok,
2000-06-29,AUDGHS,Australian Dollar,Mid Rate,"1,843.6994",GH¢ per AUD,0.18436994,GH¢ per AUD,ok,
2000-06-29,CADGHS,Canadian Dollar,Buying,"3,588.4070",GH¢ per CAD,0.3588407,GH¢ per CAD,ok,
2000-06-29,CADGHS,Canadian Dollar,Selling,"3,728.4271",GH¢ per CAD,0.37284271,GH¢ per CAD,ok,
2000-06-29,CADGHS,Canadian Dollar,Mid Rate,"3,658.4171",GH¢ per CAD,0.36584171,GH¢ per CAD,ok,
2000-06-29,CHFGHS,Swiss Franc,Buying,"3,222.9545",GH¢ per CHF,0.32229545,GH¢ per CHF,ok,
2000-06-29,CHFGHS,Swiss Franc,Selling,"3,350.2286",GH¢ per CHF,0.33502286,GH¢ per CHF,ok,
2000-06-29,CHFGHS,Swiss Franc,Mid Rate,"3,286.5916",GH¢ per CHF,0.32865916,GH¢ per CHF,ok,
2000-06-29,DKKGHS,Danish Krone,Buying,672.0604,GH¢ per DKK,0.06720604,GH¢ per DKK,ok,
2000-06-29,DKKGHS,Danish Krone,Selling,698.4115,GH¢ per DKK,0.06984115,GH¢ per DKK,ok,
2000-06-29,DKKGHS,Danish Krone,Mid Rate,685.2360,GH¢ per DKK,0.0685236,GH¢ per DKK,ok,
2000-06-29,GBPGHS,Pound Sterling,Buying,"8,028.7019",GH¢ per GBP,0.80287019,GH¢ per GBP,ok,
2000-06-29,GBPGHS,Pound Sterling,Selling,"8,349.4396",GH¢ per GBP,0.83494396,GH¢ per GBP,ok,
2000-06-29,GBPGHS,Pound Sterling,Mid Rate,"8,189.0708",GH¢ per GBP,0.81890708,GH¢ per GBP,ok,
2000-06-29,JPYGHS,Japanese yen,Buying,50.6032,GH¢ per JPY,0.00506032,GH¢ per JPY,ok,
2000-06-29,JPYGHS,Japanese yen,Selling,52.5850,GH¢ per JPY,0.0052585,GH¢ per JPY,ok,
2000-06-29,JPYGHS,Japanese yen,Mid Rate,51.5941,GH¢ per JPY,0.00515941,GH¢ per JPY,ok,
2000-06-29,NOKGHS,Norwegian Krone,Buying,614.3271,GH¢ per NOK,0.06143271,GH¢ per NOK,ok,
2000-06-29,NOKGHS,Norwegian Krone,Selling,638.3754,GH¢ per NOK,0.06383754,GH¢ per NOK,ok,
2000-06-29,NOKGHS,Norwegian Krone,Mid Rate,626.3513,GH¢ per NOK,0.06263513,GH¢ per NOK,ok,
2000-06-29,SEKGHS,Swedish Krona,Buying,598.7011,GH¢ per SEK,0.05987011,GH¢ per SEK,ok,
2000-06-29,SEKGHS,Swedish Krona,Selling,621.7932,GH¢ per SEK,0.06217932,GH¢ per SEK,ok,
2000-06-29,SEKGHS,Swedish Krona,Mid Rate,610.2472,GH¢ per SEK,0.06102472,GH¢ per SEK,ok,
2000-06-30,USDGHS,US Dollar,Buying,"5,377.0000",GH¢ per USD,0.5377,GH¢ per USD,ok,
2000-06-30,USDGHS,US Dollar,Selling,"5,594.1800",GH¢ per USD,0.559418,GH¢ per USD,ok,
2000-06-30,USDGHS,US Dollar,Mid Rate,"5,485.5900",GH¢ per USD,0.548559,GH¢ per USD,ok,
2000-06-30,AUDGHS,Australian Dollar,Buying,374.6861,GH¢ per AUD,0.03746861,GH¢ per AUD,ok,
2000-06-30,AUDGHS,Australian Dollar,Selling,"3,357.2639",GH¢ per AUD,0.33572639,GH¢ per AUD,ok,
2000-06-30,AUDGHS,Australian Dollar,Mid Rate,"1,865.9750",GH¢ per AUD,0.1865975,GH¢ per AUD,ok,
2000-06-30,CADGHS,Canadian Dollar,Buying,"3,629.1450",GH¢ per CAD,0.3629145,GH¢ per CAD,ok,
2000-06-30,CADGHS,Canadian Dollar,Selling,"3,773.6774",GH¢ per CAD,0.37736774,GH¢ per CAD,ok,
2000-06-30,CADGHS,Canadian Dollar,Mid Rate,"3,701.4112",GH¢ per CAD,0.37014112,GH¢ per CAD,ok,
2000-06-30,CHFGHS,Swiss Franc,Buying,"3,308.5528",GH¢ per CHF,0.33085528,GH¢ per CHF,ok,
2000-06-30,CHFGHS,Swiss Franc,Selling,"3,440.9630",GH¢ per CHF,0.3440963,GH¢ per CHF,ok,
2000-06-30,CHFGHS,Swiss Franc,Mid Rate,"3,374.7579",GH¢ per CHF,0.33747579,GH¢ per CHF,ok,
2000-06-30,DKKGHS,Danish Krone,Buying,691.1321,GH¢ per DKK,0.06911321,GH¢ per DKK,ok,
2000-06-30,DKKGHS,Danish Krone,Selling,718.7347,GH¢ per DKK,0.07187347,GH¢ per DKK,ok,
2000-06-30,DKKGHS,Danish Krone,Mid Rate,704.9334,GH¢ per DKK,0.07049334,GH¢ per DKK,ok,
2000-06-30,GBPGHS,Pound Sterling,Buying,"8,131.0994",GH¢ per GBP,0.81310994,GH¢ per GBP,ok,
2000-06-30,GBPGHS,Pound Sterling,Selling,"8,465.1132",GH¢ per GBP,0.84651132,GH¢ per GBP,ok,
2000-06-30,GBPGHS,Pound Sterling,Mid Rate,"8,298.1063",GH¢ per GBP,0.82981063,GH¢ per GBP,ok,
2000-06-30,JPYGHS,Japanese yen,Buying,51.0363,GH¢ per JPY,0.00510363,GH¢ per JPY,ok,
2000-06-30,JPYGHS,Japanese yen,Selling,53.0928,GH¢ per JPY,0.00530928,GH¢ per JPY,ok,
2000-06-30,JPYGHS,Japanese yen,Mid Rate,52.0646,GH¢ per JPY,0.00520646,GH¢ per JPY,ok,
2000-06-30,NOKGHS,Norwegian Krone,Buying,629.1132,GH¢ per NOK,0.06291132,GH¢ per NOK,ok,
2000-06-30,NOKGHS,Norwegian Krone,Selling,654.2274,GH¢ per NOK,0.06542274,GH¢ per NOK,ok,
2000-06-30,NOKGHS,Norwegian Krone,Mid Rate,641.6703,GH¢ per NOK,0.06416703,GH¢ per NOK,ok,
2000-06-30,SEKGHS,Swedish Krona,Buying,612.2447,GH¢ per SEK,0.06122447,GH¢ per SEK,ok,
2000-06-30,SEKGHS,Swedish Krona,Selling,636.3359,GH¢ per SEK,0.06363359,GH¢ per SEK,ok,
2000-06-30,SEKGHS,Swedish Krona,Mid Rate,624.2903,GH¢ per SEK,0.06242903,GH¢ per SEK,ok,
2000-07-03,USDGHS,US Dollar,Buying,"5,392.4500",GH¢ per USD,0.539245,GH¢ per USD,ok,
2000-07-03,USDGHS,US Dollar,Selling,"5,605.8200",GH¢ per USD,0.560582,GH¢ per USD,ok,
2000-07-03,USDGHS,US Dollar,Mid Rate,"5,499.1350",GH¢ per USD,0.5499135,GH¢ per USD,ok,
2000-07-03,AUDGHS,Australian Dollar,Buying,373.4323,GH¢ per AUD,0.03734323,GH¢ per AUD,ok,
2000-07-03,AUDGHS,Australian Dollar,Selling,"3,369.3813",GH¢ per AUD,0.33693813,GH¢ per AUD,ok,
2000-07-03,AUDGHS,Australian Dollar,Mid Rate,"1,871.4068",GH¢ per AUD,0.18714068,GH¢ per AUD,ok,
2000-07-03,CADGHS,Canadian Dollar,Buying,"3,645.7426",GH¢ per CAD,0.36457426,GH¢ per CAD,ok,
2000-07-03,CADGHS,Canadian Dollar,Selling,"3,788.7784",GH¢ per CAD,0.37887784,GH¢ per CAD,ok,
2000-07-03,CADGHS,Canadian Dollar,Mid Rate,"3,717.2605",GH¢ per CAD,0.37172605,GH¢ per CAD,ok,
2000-07-03,CHFGHS,Swiss Franc,Buying,"3,302.9439",GH¢ per CHF,0.33029439,GH¢ per CHF,ok,
2000-07-03,CHFGHS,Swiss Franc,Selling,"3,433.6810",GH¢ per CHF,0.3433681,GH¢ per CHF,ok,
2000-07-03,CHFGHS,Swiss Franc,Mid Rate,"3,368.3125",GH¢ per CHF,0.33683125,GH¢ per CHF,ok,
2000-07-03,DKKGHS,Danish Krone,Buying,688.8455,GH¢ per DKK,0.06888455,GH¢ per DKK,ok,
2000-07-03,DKKGHS,Danish Krone,Selling,715.9707,GH¢ per DKK,0.07159707,GH¢ per DKK,ok,
2000-07-03,DKKGHS,Danish Krone,Mid Rate,702.4081,GH¢ per DKK,0.07024081,GH¢ per DKK,ok,
2000-07-03,GBPGHS,Pound Sterling,Buying,"8,156.6199",GH¢ per GBP,0.81566199,GH¢ per GBP,ok,
2000-07-03,GBPGHS,Pound Sterling,Selling,"8,484.9692",GH¢ per GBP,0.84849692,GH¢ per GBP,ok,
2000-07-03,GBPGHS,Pound Sterling,Mid Rate,"8,320.7946",GH¢ per GBP,0.83207946,GH¢ per GBP,ok,
2000-07-03,JPYGHS,Japanese yen,Buying,50.7410,GH¢ per JPY,0.0050741,GH¢ per JPY,ok,
2000-07-03,JPYGHS,Japanese yen,Selling,52.7443,GH¢ per JPY,0.00527443,GH¢ per JPY,ok,
2000-07-03,JPYGHS,Japanese yen,Mid Rate,51.7427,GH¢ per JPY,0.00517427,GH¢ per JPY,ok,
2000-07-03,NOKGHS,Norwegian Krone,Buying,629.0824,GH¢ per NOK,0.06290824,GH¢ per NOK,ok,
2000-07-03,NOKGHS,Norwegian Krone,Selling,653.8115,GH¢ per NOK,0.06538115,GH¢ per NOK,ok,
2000-07-03,NOKGHS,Norwegian Krone,Mid Rate,641.4470,GH¢ per NOK,0.0641447,GH¢ per NOK,ok,
2000-07-03,SEKGHS,Swedish Krona,Buying,612.3083,GH¢ per SEK,0.06123083,GH¢ per SEK,ok,
2000-07-03,SEKGHS,Swedish Krona,Selling,636.0261,GH¢ per SEK,0.06360261,GH¢ per SEK,ok,
2000-07-03,SEKGHS,Swedish Krona,Mid Rate,624.1672,GH¢ per SEK,0.06241672,GH¢ per SEK,ok,
2000-07-04,USDGHS,US Dollar,Buying,"5,425.6400",GH¢ per USD,0.542564,GH¢ per USD,ok,
2000-07-04,USDGHS,US Dollar,Selling,"5,638.7300",GH¢ per USD,0.563873,GH¢ per USD,ok,
2000-07-04,USDGHS,US Dollar,Mid Rate,"5,532.1850",GH¢ per USD,0.5532185,GH¢ per USD,ok,
2000-07-04,AUDGHS,Australian Dollar,Buying,374.3314,GH¢ per AUD,0.03743314,GH¢ per AUD,ok,
2000-07-04,AUDGHS,Australian Dollar,Selling,"3,382.7809",GH¢ per AUD,0.33827809,GH¢ per AUD,ok,
2000-07-04,AUDGHS,Australian Dollar,Mid Rate,"1,878.5562",GH¢ per AUD,0.18785562,GH¢ per AUD,ok,
2000-07-04,CADGHS,Canadian Dollar,Buying,"3,664.8078",GH¢ per CAD,0.36648078,GH¢ per CAD,ok,
2000-07-04,CADGHS,Canadian Dollar,Selling,"3,807.1047",GH¢ per CAD,0.38071047,GH¢ per CAD,ok,
2000-07-04,CADGHS,Canadian Dollar,Mid Rate,"3,735.9563",GH¢ per CAD,0.37359563,GH¢ per CAD,ok,
2000-07-04,CHFGHS,Swiss Franc,Buying,"3,316.0463",GH¢ per CHF,0.33160463,GH¢ per CHF,ok,
2000-07-04,CHFGHS,Swiss Franc,Selling,"3,445.0940",GH¢ per CHF,0.3445094,GH¢ per CHF,ok,
2000-07-04,CHFGHS,Swiss Franc,Mid Rate,"3,380.5702",GH¢ per CHF,0.33805702,GH¢ per CHF,ok,
2000-07-04,DKKGHS,Danish Krone,Buying,690.3294,GH¢ per DKK,0.06903294,GH¢ per DKK,ok,
2000-07-04,DKKGHS,Danish Krone,Selling,717.2250,GH¢ per DKK,0.0717225,GH¢ per DKK,ok,
2000-07-04,DKKGHS,Danish Krone,Mid Rate,703.7772,GH¢ per DKK,0.07037772,GH¢ per DKK,ok,
2000-07-04,GBPGHS,Pound Sterling,Buying,"8,209.5359",GH¢ per GBP,0.82095359,GH¢ per GBP,ok,
2000-07-04,GBPGHS,Pound Sterling,Selling,"8,535.9095",GH¢ per GBP,0.85359095,GH¢ per GBP,ok,
2000-07-04,GBPGHS,Pound Sterling,Mid Rate,"8,372.7227",GH¢ per GBP,0.83727227,GH¢ per GBP,ok,
2000-07-04,JPYGHS,Japanese yen,Buying,51.0416,GH¢ per JPY,0.00510416,GH¢ per JPY,ok,
2000-07-04,JPYGHS,Japanese yen,Selling,53.0313,GH¢ per JPY,0.00530313,GH¢ per JPY,ok,
2000-07-04,JPYGHS,Japanese yen,Mid Rate,52.0365,GH¢ per JPY,0.00520365,GH¢ per JPY,ok,
2000-07-04,NOKGHS,Norwegian Krone,Buying,629.4450,GH¢ per NOK,0.0629445,GH¢ per NOK,ok,
2000-07-04,NOKGHS,Norwegian Krone,Selling,653.9574,GH¢ per NOK,0.06539574,GH¢ per NOK,ok,
2000-07-04,NOKGHS,Norwegian Krone,Mid Rate,641.7012,GH¢ per NOK,0.06417012,GH¢ per NOK,ok,
2000-07-04,SEKGHS,Swedish Krona,Buying,615.2645,GH¢ per SEK,0.06152645,GH¢ per SEK,ok,
2000-07-04,SEKGHS,Swedish Krona,Selling,638.8723,GH¢ per SEK,0.06388723,GH¢ per SEK,ok,
2000-07-04,SEKGHS,Swedish Krona,Mid Rate,627.0684,GH¢ per SEK,0.06270684,GH¢ per SEK,ok,
2000-07-05,USDGHS,US Dollar,Buying,"5,454.1800",GH¢ per USD,0.545418,GH¢ per USD,ok,
2000-07-05,USDGHS,US Dollar,Selling,"5,675.3600",GH¢ per USD,0.567536,GH¢ per USD,ok,
2000-07-05,USDGHS,US Dollar,Mid Rate,"5,564.7700",GH¢ per USD,0.556477,GH¢ per USD,ok,
2000-07-05,AUDGHS,Australian Dollar,Buying,378.3375,GH¢ per AUD,0.03783375,GH¢ per AUD,ok,
2000-07-05,AUDGHS,Australian Dollar,Selling,"3,386.9733",GH¢ per AUD,0.33869733,GH¢ per AUD,ok,
2000-07-05,AUDGHS,Australian Dollar,Mid Rate,"1,882.6554",GH¢ per AUD,0.18826554,GH¢ per AUD,ok,
2000-07-05,CADGHS,Canadian Dollar,Buying,"3,670.6442",GH¢ per CAD,0.36706442,GH¢ per CAD,ok,
2000-07-05,CADGHS,Canadian Dollar,Selling,"3,816.9291",GH¢ per CAD,0.38169291,GH¢ per CAD,ok,
2000-07-05,CADGHS,Canadian Dollar,Mid Rate,"3,743.7867",GH¢ per CAD,0.37437867,GH¢ per CAD,ok,
2000-07-05,CHFGHS,Swiss Franc,Buying,"3,351.5291",GH¢ per CHF,0.33515291,GH¢ per CHF,ok,
2000-07-05,CHFGHS,Swiss Franc,Selling,"3,485.2174",GH¢ per CHF,0.34852174,GH¢ per CHF,ok,
2000-07-05,CHFGHS,Swiss Franc,Mid Rate,"3,418.3733",GH¢ per CHF,0.34183733,GH¢ per CHF,ok,
2000-07-05,DKKGHS,Danish Krone,Buying,697.6427,GH¢ per DKK,0.06976427,GH¢ per DKK,ok,
2000-07-05,DKKGHS,Danish Krone,Selling,725.5243,GH¢ per DKK,0.07255243,GH¢ per DKK,ok,
2000-07-05,DKKGHS,Danish Krone,Mid Rate,711.5835,GH¢ per DKK,0.07115835,GH¢ per DKK,ok,
2000-07-05,GBPGHS,Pound Sterling,Buying,"8,253.8106",GH¢ per GBP,0.82538106,GH¢ per GBP,ok,
2000-07-05,GBPGHS,Pound Sterling,Selling,"8,594.1977",GH¢ per GBP,0.85941977,GH¢ per GBP,ok,
2000-07-05,GBPGHS,Pound Sterling,Mid Rate,"8,424.0042",GH¢ per GBP,0.84240042,GH¢ per GBP,ok,
2000-07-05,JPYGHS,Japanese yen,Buying,51.3904,GH¢ per JPY,0.00513904,GH¢ per JPY,ok,
2000-07-05,JPYGHS,Japanese yen,Selling,53.4698,GH¢ per JPY,0.00534698,GH¢ per JPY,ok,
2000-07-05,JPYGHS,Japanese yen,Mid Rate,52.4301,GH¢ per JPY,0.00524301,GH¢ per JPY,ok,
2000-07-05,NOKGHS,Norwegian Krone,Buying,634.9867,GH¢ per NOK,0.06349867,GH¢ per NOK,ok,
2000-07-05,NOKGHS,Norwegian Krone,Selling,660.5688,GH¢ per NOK,0.06605688,GH¢ per NOK,ok,
2000-07-05,NOKGHS,Norwegian Krone,Mid Rate,647.7778,GH¢ per NOK,0.06477778,GH¢ per NOK,ok,
2000-07-05,SEKGHS,Swedish Krona,Buying,619.5020,GH¢ per SEK,0.0619502,GH¢ per SEK,ok,
2000-07-05,SEKGHS,Swedish Krona,Selling,644.1123,GH¢ per SEK,0.06441123,GH¢ per SEK,ok,
2000-07-05,SEKGHS,Swedish Krona,Mid Rate,631.8072,GH¢ per SEK,0.06318072,GH¢ per SEK,ok,
2000-07-06,USDGHS,US Dollar,Buying,"5,541.2700",GH¢ per USD,0.554127,GH¢ per USD,ok,
2000-07-06,USDGHS,US Dollar,Selling,"5,722.2700",GH¢ per USD,0.572227,GH¢ per USD,ok,
2000-07-06,USDGHS,US Dollar,Mid Rate,"5,631.7700",GH¢ per USD,0.563177,GH¢ per USD,ok,
2000-07-06,AUDGHS,Australian Dollar,Buying,386.2320,GH¢ per AUD,0.0386232,GH¢ per AUD,ok,
2000-07-06,AUDGHS,Australian Dollar,Selling,"3,384.5980",GH¢ per AUD,0.3384598,GH¢ per AUD,ok,
2000-07-06,AUDGHS,Australian Dollar,Mid Rate,"1,885.4150",GH¢ per AUD,0.1885415,GH¢ per AUD,ok,
2000-07-06,CADGHS,Canadian Dollar,Buying,"3,724.2742",GH¢ per CAD,0.37242742,GH¢ per CAD,ok,
2000-07-06,CADGHS,Canadian Dollar,Selling,"3,843.3385",GH¢ per CAD,0.38433385,GH¢ per CAD,ok,
2000-07-06,CADGHS,Canadian Dollar,Mid Rate,"3,783.8064",GH¢ per CAD,0.37838064,GH¢ per CAD,ok,
2000-07-06,CHFGHS,Swiss Franc,Buying,"3,430.8835",GH¢ per CHF,0.34308835,GH¢ per CHF,ok,
2000-07-06,CHFGHS,Swiss Franc,Selling,"3,541.8106",GH¢ per CHF,0.35418106,GH¢ per CHF,ok,
2000-07-06,CHFGHS,Swiss Franc,Mid Rate,"3,486.3471",GH¢ per CHF,0.34863471,GH¢ per CHF,ok,
2000-07-06,DKKGHS,Danish Krone,Buying,712.0178,GH¢ per DKK,0.07120178,GH¢ per DKK,ok,
2000-07-06,DKKGHS,Danish Krone,Selling,734.8991,GH¢ per DKK,0.07348991,GH¢ per DKK,ok,
2000-07-06,DKKGHS,Danish Krone,Mid Rate,723.4585,GH¢ per DKK,0.07234585,GH¢ per DKK,ok,
2000-07-06,GBPGHS,Pound Sterling,Buying,"8,366.2095",GH¢ per GBP,0.83662095,GH¢ per GBP,ok,
2000-07-06,GBPGHS,Pound Sterling,Selling,"8,645.2055",GH¢ per GBP,0.86452055,GH¢ per GBP,ok,
2000-07-06,GBPGHS,Pound Sterling,Mid Rate,"8,505.7075",GH¢ per GBP,0.85057075,GH¢ per GBP,ok,
2000-07-06,JPYGHS,Japanese yen,Buying,51.8545,GH¢ per JPY,0.00518545,GH¢ per JPY,ok,
2000-07-06,JPYGHS,Japanese yen,Selling,53.5440,GH¢ per JPY,0.0053544,GH¢ per JPY,ok,
2000-07-06,JPYGHS,Japanese yen,Mid Rate,52.6993,GH¢ per JPY,0.00526993,GH¢ per JPY,ok,
2000-07-06,NOKGHS,Norwegian Krone,Buying,648.2168,GH¢ per NOK,0.06482168,GH¢ per NOK,ok,
2000-07-06,NOKGHS,Norwegian Krone,Selling,668.9989,GH¢ per NOK,0.06689989,GH¢ per NOK,ok,
2000-07-06,NOKGHS,Norwegian Krone,Mid Rate,658.6079,GH¢ per NOK,0.06586079,GH¢ per NOK,ok,
2000-07-06,SEKGHS,Swedish Krona,Buying,628.3580,GH¢ per SEK,0.0628358,GH¢ per SEK,ok,
2000-07-06,SEKGHS,Swedish Krona,Selling,648.1490,GH¢ per SEK,0.0648149,GH¢ per SEK,ok,
2000-07-06,SEKGHS,Swedish Krona,Mid Rate,638.2535,GH¢ per SEK,0.06382535,GH¢ per SEK,ok,
2000-07-07,USDGHS,US Dollar,Buying,"5,563.7300",GH¢ per USD,0.556373,GH¢ per USD,ok,
2000-07-07,USDGHS,US Dollar,Selling,"5,741.0900",GH¢ per USD,0.574109,GH¢ per USD,ok,
2000-07-07,USDGHS,US Dollar,Mid Rate,"5,652.4100",GH¢ per USD,0.565241,GH¢ per USD,ok,
2000-07-07,AUDGHS,Australian Dollar,Buying,384.7355,GH¢ per AUD,0.03847355,GH¢ per AUD,ok,
2000-07-07,AUDGHS,Australian Dollar,Selling,"3,377.4158",GH¢ per AUD,0.33774158,GH¢ per AUD,ok,
2000-07-07,AUDGHS,Australian Dollar,Mid Rate,"1,881.0757",GH¢ per AUD,0.18810757,GH¢ per AUD,ok,
2000-07-07,CADGHS,Canadian Dollar,Buying,"3,746.3925",GH¢ per CAD,0.37463925,GH¢ per CAD,ok,
2000-07-07,CADGHS,Canadian Dollar,Selling,"3,864.2445",GH¢ per CAD,0.38642445,GH¢ per CAD,ok,
2000-07-07,CADGHS,Canadian Dollar,Mid Rate,"3,805.3185",GH¢ per CAD,0.38053185,GH¢ per CAD,ok,
2000-07-07,CHFGHS,Swiss Franc,Buying,"3,423.3616",GH¢ per CHF,0.34233616,GH¢ per CHF,ok,
2000-07-07,CHFGHS,Swiss Franc,Selling,"3,531.3376",GH¢ per CHF,0.35313376,GH¢ per CHF,ok,
2000-07-07,CHFGHS,Swiss Franc,Mid Rate,"3,477.3496",GH¢ per CHF,0.34773496,GH¢ per CHF,ok,
2000-07-07,DKKGHS,Danish Krone,Buying,709.1781,GH¢ per DKK,0.07091781,GH¢ per DKK,ok,
2000-07-07,DKKGHS,Danish Krone,Selling,731.6042,GH¢ per DKK,0.07316042,GH¢ per DKK,ok,
2000-07-07,DKKGHS,Danish Krone,Mid Rate,720.3912,GH¢ per DKK,0.07203912,GH¢ per DKK,ok,
2000-07-07,GBPGHS,Pound Sterling,Buying,"8,377.3083",GH¢ per GBP,0.83773083,GH¢ per GBP,ok,
2000-07-07,GBPGHS,Pound Sterling,Selling,"8,648.9521",GH¢ per GBP,0.86489521,GH¢ per GBP,ok,
2000-07-07,GBPGHS,Pound Sterling,Mid Rate,"8,513.1302",GH¢ per GBP,0.85131302,GH¢ per GBP,ok,
2000-07-07,JPYGHS,Japanese yen,Buying,51.7118,GH¢ per JPY,0.00517118,GH¢ per JPY,ok,
2000-07-07,JPYGHS,Japanese yen,Selling,53.3491,GH¢ per JPY,0.00533491,GH¢ per JPY,ok,
2000-07-07,JPYGHS,Japanese yen,Mid Rate,52.5305,GH¢ per JPY,0.00525305,GH¢ per JPY,ok,
2000-07-07,NOKGHS,Norwegian Krone,Buying,647.3713,GH¢ per NOK,0.06473713,GH¢ per NOK,ok,
2000-07-07,NOKGHS,Norwegian Krone,Selling,667.7954,GH¢ per NOK,0.06677954,GH¢ per NOK,ok,
2000-07-07,NOKGHS,Norwegian Krone,Mid Rate,657.5834,GH¢ per NOK,0.06575834,GH¢ per NOK,ok,
2000-07-07,SEKGHS,Swedish Krona,Buying,626.9220,GH¢ per SEK,0.0626922,GH¢ per SEK,ok,
2000-07-07,SEKGHS,Swedish Krona,Selling,646.5684,GH¢ per SEK,0.06465684,GH¢ per SEK,ok,
2000-07-07,SEKGHS,Swedish Krona,Mid Rate,636.7452,GH¢ per SEK,0.06367452,GH¢ per SEK,ok,
2000-07-10,USDGHS,US Dollar,Buying,"5,586.7300",GH¢ per USD,0.558673,GH¢ per USD,ok,
2000-07-10,USDGHS,US Dollar,Selling,"5,761.0000",GH¢ per USD,0.5761,GH¢ per USD,ok,
2000-07-10,USDGHS,US Dollar,Mid Rate,"5,673.8650",GH¢ per USD,0.5673865,GH¢ per USD,ok,
2000-07-10,AUDGHS,Australian Dollar,Buying,385.5360,GH¢ per AUD,0.0385536,GH¢ per AUD,ok,
2000-07-10,AUDGHS,Australian Dollar,Selling,"3,391.3736",GH¢ per AUD,0.33913736,GH¢ per AUD,ok,
2000-07-10,AUDGHS,Australian Dollar,Mid Rate,"1,888.4548",GH¢ per AUD,0.18884548,GH¢ per AUD,ok,
2000-07-10,CADGHS,Canadian Dollar,Buying,"3,774.7164",GH¢ per CAD,0.37747164,GH¢ per CAD,ok,
2000-07-10,CADGHS,Canadian Dollar,Selling,"3,889.0540",GH¢ per CAD,0.3889054,GH¢ per CAD,ok,
2000-07-10,CADGHS,Canadian Dollar,Mid Rate,"3,831.8852",GH¢ per CAD,0.38318852,GH¢ per CAD,ok,
2000-07-10,CHFGHS,Swiss Franc,Buying,"3,437.8828",GH¢ per CHF,0.34378828,GH¢ per CHF,ok,
2000-07-10,CHFGHS,Swiss Franc,Selling,"3,543.4481",GH¢ per CHF,0.35434481,GH¢ per CHF,ok,
2000-07-10,CHFGHS,Swiss Franc,Mid Rate,"3,490.6655",GH¢ per CHF,0.34906655,GH¢ per CHF,ok,
2000-07-10,DKKGHS,Danish Krone,Buying,711.1794,GH¢ per DKK,0.07111794,GH¢ per DKK,ok,
2000-07-10,DKKGHS,Danish Krone,Selling,732.8705,GH¢ per DKK,0.07328705,GH¢ per DKK,ok,
2000-07-10,DKKGHS,Danish Krone,Mid Rate,722.0250,GH¢ per DKK,0.0722025,GH¢ per DKK,ok,
2000-07-10,GBPGHS,Pound Sterling,Buying,"8,452.7225",GH¢ per GBP,0.84527225,GH¢ per GBP,ok,
2000-07-10,GBPGHS,Pound Sterling,Selling,"8,720.4257",GH¢ per GBP,0.87204257,GH¢ per GBP,ok,
2000-07-10,GBPGHS,Pound Sterling,Mid Rate,"8,586.5741",GH¢ per GBP,0.85865741,GH¢ per GBP,ok,
2000-07-10,JPYGHS,Japanese yen,Buying,51.8381,GH¢ per JPY,0.00518381,GH¢ per JPY,ok,
2000-07-10,JPYGHS,Japanese yen,Selling,53.4405,GH¢ per JPY,0.00534405,GH¢ per JPY,ok,
2000-07-10,JPYGHS,Japanese yen,Mid Rate,52.6393,GH¢ per JPY,0.00526393,GH¢ per JPY,ok,
2000-07-10,NOKGHS,Norwegian Krone,Buying,650.9054,GH¢ per NOK,0.06509054,GH¢ per NOK,ok,
2000-07-10,NOKGHS,Norwegian Krone,Selling,670.6833,GH¢ per NOK,0.06706833,GH¢ per NOK,ok,
2000-07-10,NOKGHS,Norwegian Krone,Mid Rate,660.7944,GH¢ per NOK,0.06607944,GH¢ per NOK,ok,
2000-07-10,SEKGHS,Swedish Krona,Buying,627.7551,GH¢ per SEK,0.06277551,GH¢ per SEK,ok,
2000-07-10,SEKGHS,Swedish Krona,Selling,646.4842,GH¢ per SEK,0.06464842,GH¢ per SEK,ok,
2000-07-10,SEKGHS,Swedish Krona,Mid Rate,637.1197,GH¢ per SEK,0.06371197,GH¢ per SEK,ok,
2000-07-11,USDGHS,US Dollar,Buying,"5,652.4500",GH¢ per USD,0.565245,GH¢ per USD,ok,
2000-07-11,USDGHS,US Dollar,Selling,"5,835.5500",GH¢ per USD,0.583555,GH¢ per USD,ok,
2000-07-11,USDGHS,US Dollar,Mid Rate,"5,744.0000",GH¢ per USD,0.5744,GH¢ per USD,ok,
2000-07-11,AUDGHS,Australian Dollar,Buying,390.0713,GH¢ per AUD,0.03900713,GH¢ per AUD,ok,
2000-07-11,AUDGHS,Australian Dollar,Selling,"3,435.2595",GH¢ per AUD,0.34352595,GH¢ per AUD,ok,
2000-07-11,AUDGHS,Australian Dollar,Mid Rate,"1,912.6654",GH¢ per AUD,0.19126654,GH¢ per AUD,ok,
2000-07-11,CADGHS,Canadian Dollar,Buying,"3,819.1206",GH¢ per CAD,0.38191206,GH¢ per CAD,ok,
2000-07-11,CADGHS,Canadian Dollar,Selling,"3,939.3801",GH¢ per CAD,0.39393801,GH¢ per CAD,ok,
2000-07-11,CADGHS,Canadian Dollar,Mid Rate,"3,879.2504",GH¢ per CAD,0.38792504,GH¢ per CAD,ok,
2000-07-11,CHFGHS,Swiss Franc,Buying,"3,478.3247",GH¢ per CHF,0.34783247,GH¢ per CHF,ok,
2000-07-11,CHFGHS,Swiss Franc,Selling,"3,589.3019",GH¢ per CHF,0.35893019,GH¢ per CHF,ok,
2000-07-11,CHFGHS,Swiss Franc,Mid Rate,"3,533.8133",GH¢ per CHF,0.35338133,GH¢ per CHF,ok,
2000-07-11,DKKGHS,Danish Krone,Buying,719.5454,GH¢ per DKK,0.07195454,GH¢ per DKK,ok,
2000-07-11,DKKGHS,Danish Krone,Selling,742.3542,GH¢ per DKK,0.07423542,GH¢ per DKK,ok,
2000-07-11,DKKGHS,Danish Krone,Mid Rate,730.9498,GH¢ per DKK,0.07309498,GH¢ per DKK,ok,
2000-07-11,GBPGHS,Pound Sterling,Buying,"8,552.1569",GH¢ per GBP,0.85521569,GH¢ per GBP,ok,
2000-07-11,GBPGHS,Pound Sterling,Selling,"8,833.2720",GH¢ per GBP,0.8833272,GH¢ per GBP,ok,
2000-07-11,GBPGHS,Pound Sterling,Mid Rate,"8,692.7145",GH¢ per GBP,0.86927145,GH¢ per GBP,ok,
2000-07-11,JPYGHS,Japanese yen,Buying,52.4479,GH¢ per JPY,0.00524479,GH¢ per JPY,ok,
2000-07-11,JPYGHS,Japanese yen,Selling,54.1321,GH¢ per JPY,0.00541321,GH¢ per JPY,ok,
2000-07-11,JPYGHS,Japanese yen,Mid Rate,53.2900,GH¢ per JPY,0.005329,GH¢ per JPY,ok,
2000-07-11,NOKGHS,Norwegian Krone,Buying,658.5624,GH¢ per NOK,0.06585624,GH¢ per NOK,ok,
2000-07-11,NOKGHS,Norwegian Krone,Selling,679.3623,GH¢ per NOK,0.06793623,GH¢ per NOK,ok,
2000-07-11,NOKGHS,Norwegian Krone,Mid Rate,668.9624,GH¢ per NOK,0.06689624,GH¢ per NOK,ok,
2000-07-11,SEKGHS,Swedish Krona,Buying,635.1398,GH¢ per SEK,0.06351398,GH¢ per SEK,ok,
2000-07-11,SEKGHS,Swedish Krona,Selling,654.8500,GH¢ per SEK,0.065485,GH¢ per SEK,ok,
2000-07-11,SEKGHS,Swedish Krona,Mid Rate,644.9949,GH¢ per SEK,0.06449949,GH¢ per SEK,ok,
2000-07-12,USDGHS,US Dollar,Buying,"5,690.1800",GH¢ per USD,0.569018,GH¢ per USD,ok,
2000-07-12,USDGHS,US Dollar,Selling,"5,877.8200",GH¢ per USD,0.587782,GH¢ per USD,ok,
2000-07-12,USDGHS,US Dollar,Mid Rate,"5,784.0000",GH¢ per USD,0.5784,GH¢ per USD,ok,
2000-07-12,AUDGHS,Australian Dollar,Buying,394.4190,GH¢ per AUD,0.0394419,GH¢ per AUD,ok,
2000-07-12,AUDGHS,Australian Dollar,Selling,"3,473.2593",GH¢ per AUD,0.34732593,GH¢ per AUD,ok,
2000-07-12,AUDGHS,Australian Dollar,Mid Rate,"1,933.8392",GH¢ per AUD,0.19338392,GH¢ per AUD,ok,
2000-07-12,CADGHS,Canadian Dollar,Buying,"3,855.8876",GH¢ per CAD,0.38558876,GH¢ per CAD,ok,
2000-07-12,CADGHS,Canadian Dollar,Selling,"3,980.9685",GH¢ per CAD,0.39809685,GH¢ per CAD,ok,
2000-07-12,CADGHS,Canadian Dollar,Mid Rate,"3,918.4281",GH¢ per CAD,0.39184281,GH¢ per CAD,ok,
2000-07-12,CHFGHS,Swiss Franc,Buying,"3,497.0802",GH¢ per CHF,0.34970802,GH¢ per CHF,ok,
2000-07-12,CHFGHS,Swiss Franc,Selling,"3,610.3678",GH¢ per CHF,0.36103678,GH¢ per CHF,ok,
2000-07-12,CHFGHS,Swiss Franc,Mid Rate,"3,553.7240",GH¢ per CHF,0.3553724,GH¢ per CHF,ok,
2000-07-12,DKKGHS,Danish Krone,Buying,727.4565,GH¢ per DKK,0.07274565,GH¢ per DKK,ok,
2000-07-12,DKKGHS,Danish Krone,Selling,750.7737,GH¢ per DKK,0.07507737,GH¢ per DKK,ok,
2000-07-12,DKKGHS,Danish Krone,Mid Rate,739.1151,GH¢ per DKK,0.07391151,GH¢ per DKK,ok,
2000-07-12,GBPGHS,Pound Sterling,Buying,"8,609.8114",GH¢ per GBP,0.86098114,GH¢ per GBP,ok,
2000-07-12,GBPGHS,Pound Sterling,Selling,"8,896.6684",GH¢ per GBP,0.88966684,GH¢ per GBP,ok,
2000-07-12,GBPGHS,Pound Sterling,Mid Rate,"8,753.2399",GH¢ per GBP,0.87532399,GH¢ per GBP,ok,
2000-07-12,JPYGHS,Japanese yen,Buying,53.2719,GH¢ per JPY,0.00532719,GH¢ per JPY,ok,
2000-07-12,JPYGHS,Japanese yen,Selling,55.0060,GH¢ per JPY,0.0055006,GH¢ per JPY,ok,
2000-07-12,JPYGHS,Japanese yen,Mid Rate,54.1390,GH¢ per JPY,0.0054139,GH¢ per JPY,ok,
2000-07-12,NOKGHS,Norwegian Krone,Buying,664.1221,GH¢ per NOK,0.06641221,GH¢ per NOK,ok,
2000-07-12,NOKGHS,Norwegian Krone,Selling,685.7570,GH¢ per NOK,0.0685757,GH¢ per NOK,ok,
2000-07-12,NOKGHS,Norwegian Krone,Mid Rate,674.9396,GH¢ per NOK,0.06749396,GH¢ per NOK,ok,
2000-07-12,SEKGHS,Swedish Krona,Buying,644.7269,GH¢ per SEK,0.06447269,GH¢ per SEK,ok,
2000-07-12,SEKGHS,Swedish Krona,Selling,665.1019,GH¢ per SEK,0.06651019,GH¢ per SEK,ok,
2000-07-12,SEKGHS,Swedish Krona,Mid Rate,654.9144,GH¢ per SEK,0.06549144,GH¢ per SEK,ok,
2000-07-13,USDGHS,US Dollar,Buying,"5,748.1800",GH¢ per USD,0.574818,GH¢ per USD,ok,
2000-07-13,USDGHS,US Dollar,Selling,"5,931.6400",GH¢ per USD,0.593164,GH¢ per USD,ok,
2000-07-13,USDGHS,US Dollar,Mid Rate,"5,839.9100",GH¢ per USD,0.583991,GH¢ per USD,ok,
2000-07-13,AUDGHS,Australian Dollar,Buying,393.3828,GH¢ per AUD,0.03933828,GH¢ per AUD,ok,
2000-07-13,AUDGHS,Australian Dollar,Selling,"3,505.9123",GH¢ per AUD,0.35059123,GH¢ per AUD,ok,
2000-07-13,AUDGHS,Australian Dollar,Mid Rate,"1,949.6476",GH¢ per AUD,0.19496476,GH¢ per AUD,ok,
2000-07-13,CADGHS,Canadian Dollar,Buying,"3,883.8426",GH¢ per CAD,0.38838426,GH¢ per CAD,ok,
2000-07-13,CADGHS,Canadian Dollar,Selling,"4,005.0744",GH¢ per CAD,0.40050744,GH¢ per CAD,ok,
2000-07-13,CADGHS,Canadian Dollar,Mid Rate,"3,944.4585",GH¢ per CAD,0.39444585,GH¢ per CAD,ok,
2000-07-13,CHFGHS,Swiss Franc,Buying,"3,477.8535",GH¢ per CHF,0.34778535,GH¢ per CHF,ok,
2000-07-13,CHFGHS,Swiss Franc,Selling,"3,586.7227",GH¢ per CHF,0.35867227,GH¢ per CHF,ok,
2000-07-13,CHFGHS,Swiss Franc,Mid Rate,"3,532.2881",GH¢ per CHF,0.35322881,GH¢ per CHF,ok,
2000-07-13,DKKGHS,Danish Krone,Buying,725.4853,GH¢ per DKK,0.07254853,GH¢ per DKK,ok,
2000-07-13,DKKGHS,Danish Krone,Selling,748.2911,GH¢ per DKK,0.07482911,GH¢ per DKK,ok,
2000-07-13,DKKGHS,Danish Krone,Mid Rate,736.8882,GH¢ per DKK,0.07368882,GH¢ per DKK,ok,
2000-07-13,GBPGHS,Pound Sterling,Buying,"8,646.9872",GH¢ per GBP,0.86469872,GH¢ per GBP,ok,
2000-07-13,GBPGHS,Pound Sterling,Selling,"8,927.7114",GH¢ per GBP,0.89277114,GH¢ per GBP,ok,
2000-07-13,GBPGHS,Pound Sterling,Mid Rate,"8,787.3493",GH¢ per GBP,0.87873493,GH¢ per GBP,ok,
2000-07-13,JPYGHS,Japanese yen,Buying,53.1044,GH¢ per JPY,0.00531044,GH¢ per JPY,ok,
2000-07-13,JPYGHS,Japanese yen,Selling,54.7880,GH¢ per JPY,0.0054788,GH¢ per JPY,ok,
2000-07-13,JPYGHS,Japanese yen,Mid Rate,53.9462,GH¢ per JPY,0.00539462,GH¢ per JPY,ok,
2000-07-13,NOKGHS,Norwegian Krone,Buying,664.4680,GH¢ per NOK,0.0664468,GH¢ per NOK,ok,
2000-07-13,NOKGHS,Norwegian Krone,Selling,685.2868,GH¢ per NOK,0.06852868,GH¢ per NOK,ok,
2000-07-13,NOKGHS,Norwegian Krone,Mid Rate,674.8774,GH¢ per NOK,0.06748774,GH¢ per NOK,ok,
2000-07-13,SEKGHS,Swedish Krona,Buying,648.0493,GH¢ per SEK,0.06480493,GH¢ per SEK,ok,
2000-07-13,SEKGHS,Swedish Krona,Selling,667.9769,GH¢ per SEK,0.06679769,GH¢ per SEK,ok,
2000-07-13,SEKGHS,Swedish Krona,Mid Rate,658.0131,GH¢ per SEK,0.06580131,GH¢ per SEK,ok,
2000-07-14,USDGHS,US Dollar,Buying,"5,765.2700",GH¢ per USD,0.576527,GH¢ per USD,ok,
2000-07-14,USDGHS,US Dollar,Selling,"5,959.2700",GH¢ per USD,0.595927,GH¢ per USD,ok,
2000-07-14,USDGHS,US Dollar,Mid Rate,"5,862.2700",GH¢ per USD,0.586227,GH¢ per USD,ok,
2000-07-14,AUDGHS,Australian Dollar,Buying,392.3734,GH¢ per AUD,0.03923734,GH¢ per AUD,ok,
2000-07-14,AUDGHS,Australian Dollar,Selling,"3,493.1111",GH¢ per AUD,0.34931111,GH¢ per AUD,ok,
2000-07-14,AUDGHS,Australian Dollar,Mid Rate,"1,942.7423",GH¢ per AUD,0.19427423,GH¢ per AUD,ok,
2000-07-14,CADGHS,Canadian Dollar,Buying,"3,893.6446",GH¢ per CAD,0.38936446,GH¢ per CAD,ok,
2000-07-14,CADGHS,Canadian Dollar,Selling,"4,023.1833",GH¢ per CAD,0.40231833,GH¢ per CAD,ok,
2000-07-14,CADGHS,Canadian Dollar,Mid Rate,"3,958.4140",GH¢ per CAD,0.3958414,GH¢ per CAD,ok,
2000-07-14,CHFGHS,Swiss Franc,Buying,"3,486.1392",GH¢ per CHF,0.34861392,GH¢ per CHF,ok,
2000-07-14,CHFGHS,Swiss Franc,Selling,"3,601.9305",GH¢ per CHF,0.36019305,GH¢ per CHF,ok,
2000-07-14,CHFGHS,Swiss Franc,Mid Rate,"3,544.0349",GH¢ per CHF,0.35440349,GH¢ per CHF,ok,
2000-07-14,DKKGHS,Danish Krone,Buying,723.7797,GH¢ per DKK,0.07237797,GH¢ per DKK,ok,
2000-07-14,DKKGHS,Danish Krone,Selling,748.1014,GH¢ per DKK,0.07481014,GH¢ per DKK,ok,
2000-07-14,DKKGHS,Danish Krone,Mid Rate,735.9406,GH¢ per DKK,0.07359406,GH¢ per DKK,ok,
2000-07-14,GBPGHS,Pound Sterling,Buying,"8,657.1294",GH¢ per GBP,0.86571294,GH¢ per GBP,ok,
2000-07-14,GBPGHS,Pound Sterling,Selling,"8,954.3991",GH¢ per GBP,0.89543991,GH¢ per GBP,ok,
2000-07-14,GBPGHS,Pound Sterling,Mid Rate,"8,805.7643",GH¢ per GBP,0.88057643,GH¢ per GBP,ok,
2000-07-14,JPYGHS,Japanese yen,Buying,53.3633,GH¢ per JPY,0.00533633,GH¢ per JPY,ok,
2000-07-14,JPYGHS,Japanese yen,Selling,55.1549,GH¢ per JPY,0.00551549,GH¢ per JPY,ok,
2000-07-14,JPYGHS,Japanese yen,Mid Rate,54.2591,GH¢ per JPY,0.00542591,GH¢ per JPY,ok,
2000-07-14,NOKGHS,Norwegian Krone,Buying,662.1030,GH¢ per NOK,0.0662103,GH¢ per NOK,ok,
2000-07-14,NOKGHS,Norwegian Krone,Selling,684.2209,GH¢ per NOK,0.06842209,GH¢ per NOK,ok,
2000-07-14,NOKGHS,Norwegian Krone,Mid Rate,673.1620,GH¢ per NOK,0.0673162,GH¢ per NOK,ok,
2000-07-14,SEKGHS,Swedish Krona,Buying,646.5466,GH¢ per SEK,0.06465466,GH¢ per SEK,ok,
2000-07-14,SEKGHS,Swedish Krona,Selling,667.5562,GH¢ per SEK,0.06675562,GH¢ per SEK,ok,
2000-07-14,SEKGHS,Swedish Krona,Mid Rate,657.0514,GH¢ per SEK,0.06570514,GH¢ per SEK,ok,
2000-07-17,USDGHS,US Dollar,Buying,"5,789.5500",GH¢ per USD,0.578955,GH¢ per USD,ok,
2000-07-17,USDGHS,US Dollar,Selling,"5,978.0900",GH¢ per USD,0.597809,GH¢ per USD,ok,
2000-07-17,USDGHS,US Dollar,Mid Rate,"5,883.8200",GH¢ per USD,0.588382,GH¢ per USD,ok,
2000-07-17,AUDGHS,Australian Dollar,Buying,394.4191,GH¢ per AUD,0.03944191,GH¢ per AUD,ok,
2000-07-17,AUDGHS,Australian Dollar,Selling,"3,501.0793",GH¢ per AUD,0.35010793,GH¢ per AUD,ok,
2000-07-17,AUDGHS,Australian Dollar,Mid Rate,"1,947.7492",GH¢ per AUD,0.19477492,GH¢ per AUD,ok,
2000-07-17,CADGHS,Canadian Dollar,Buying,"3,898.9677",GH¢ per CAD,0.38989677,GH¢ per CAD,ok,
2000-07-17,CADGHS,Canadian Dollar,Selling,"4,022.7631",GH¢ per CAD,0.40227631,GH¢ per CAD,ok,
2000-07-17,CADGHS,Canadian Dollar,Mid Rate,"3,960.8654",GH¢ per CAD,0.39608654,GH¢ per CAD,ok,
2000-07-17,CHFGHS,Swiss Franc,Buying,"3,503.8500",GH¢ per CHF,0.350385,GH¢ per CHF,ok,
2000-07-17,CHFGHS,Swiss Franc,Selling,"3,615.3165",GH¢ per CHF,0.36153165,GH¢ per CHF,ok,
2000-07-17,CHFGHS,Swiss Franc,Mid Rate,"3,559.5833",GH¢ per CHF,0.35595833,GH¢ per CHF,ok,
2000-07-17,DKKGHS,Danish Krone,Buying,727.5112,GH¢ per DKK,0.07275112,GH¢ per DKK,ok,
2000-07-17,DKKGHS,Danish Krone,Selling,750.8176,GH¢ per DKK,0.07508176,GH¢ per DKK,ok,
2000-07-17,DKKGHS,Danish Krone,Mid Rate,739.1644,GH¢ per DKK,0.07391644,GH¢ per DKK,ok,
2000-07-17,GBPGHS,Pound Sterling,Buying,"8,661.1668",GH¢ per GBP,0.86611668,GH¢ per GBP,ok,
2000-07-17,GBPGHS,Pound Sterling,Selling,"8,945.0161",GH¢ per GBP,0.89450161,GH¢ per GBP,ok,
2000-07-17,GBPGHS,Pound Sterling,Mid Rate,"8,803.0915",GH¢ per GBP,0.88030915,GH¢ per GBP,ok,
2000-07-17,JPYGHS,Japanese yen,Buying,53.4970,GH¢ per JPY,0.0053497,GH¢ per JPY,ok,
2000-07-17,JPYGHS,Japanese yen,Selling,55.2093,GH¢ per JPY,0.00552093,GH¢ per JPY,ok,
2000-07-17,JPYGHS,Japanese yen,Mid Rate,54.3532,GH¢ per JPY,0.00543532,GH¢ per JPY,ok,
2000-07-17,NOKGHS,Norwegian Krone,Buying,665.5678,GH¢ per NOK,0.06655678,GH¢ per NOK,ok,
2000-07-17,NOKGHS,Norwegian Krone,Selling,686.7522,GH¢ per NOK,0.06867522,GH¢ per NOK,ok,
2000-07-17,NOKGHS,Norwegian Krone,Mid Rate,676.1600,GH¢ per NOK,0.067616,GH¢ per NOK,ok,
2000-07-17,SEKGHS,Swedish Krona,Buying,650.1011,GH¢ per SEK,0.06501011,GH¢ per SEK,ok,
2000-07-17,SEKGHS,Swedish Krona,Selling,670.4304,GH¢ per SEK,0.06704304,GH¢ per SEK,ok,
2000-07-17,SEKGHS,Swedish Krona,Mid Rate,660.2658,GH¢ per SEK,0.06602658,GH¢ per SEK,ok,
2000-07-18,USDGHS,US Dollar,Buying,"5,810.0000",GH¢ per USD,0.581,GH¢ per USD,ok,
2000-07-18,USDGHS,US Dollar,Selling,"6,007.0900",GH¢ per USD,0.600709,GH¢ per USD,ok,
2000-07-18,USDGHS,US Dollar,Mid Rate,"5,908.5450",GH¢ per USD,0.5908545,GH¢ per USD,ok,
2000-07-18,AUDGHS,Australian Dollar,Buying,395.1587,GH¢ per AUD,0.03951587,GH¢ per AUD,ok,
2000-07-18,AUDGHS,Australian Dollar,Selling,"3,512.9949",GH¢ per AUD,0.35129949,GH¢ per AUD,ok,
2000-07-18,AUDGHS,Australian Dollar,Mid Rate,"1,954.0768",GH¢ per AUD,0.19540768,GH¢ per AUD,ok,
2000-07-18,CADGHS,Canadian Dollar,Buying,"3,924.4251",GH¢ per CAD,0.39244251,GH¢ per CAD,ok,
2000-07-18,CADGHS,Canadian Dollar,Selling,"4,054.1476",GH¢ per CAD,0.40541476,GH¢ per CAD,ok,
2000-07-18,CADGHS,Canadian Dollar,Mid Rate,"3,989.2864",GH¢ per CAD,0.39892864,GH¢ per CAD,ok,
2000-07-18,CHFGHS,Swiss Franc,Buying,"3,510.8845",GH¢ per CHF,0.35108845,GH¢ per CHF,ok,
2000-07-18,CHFGHS,Swiss Franc,Selling,"3,627.1881",GH¢ per CHF,0.36271881,GH¢ per CHF,ok,
2000-07-18,CHFGHS,Swiss Franc,Mid Rate,"3,569.0363",GH¢ per CHF,0.35690363,GH¢ per CHF,ok,
2000-07-18,DKKGHS,Danish Krone,Buying,729.2668,GH¢ per DKK,0.07292668,GH¢ per DKK,ok,
2000-07-18,DKKGHS,Danish Krone,Selling,753.4664,GH¢ per DKK,0.07534664,GH¢ per DKK,ok,
2000-07-18,DKKGHS,Danish Krone,Mid Rate,741.3666,GH¢ per DKK,0.07413666,GH¢ per DKK,ok,
2000-07-18,GBPGHS,Pound Sterling,Buying,"8,672.5870",GH¢ per GBP,0.8672587,GH¢ per GBP,ok,
2000-07-18,GBPGHS,Pound Sterling,Selling,"8,968.5854",GH¢ per GBP,0.89685854,GH¢ per GBP,ok,
2000-07-18,GBPGHS,Pound Sterling,Mid Rate,"8,820.5862",GH¢ per GBP,0.88205862,GH¢ per GBP,ok,
2000-07-18,JPYGHS,Japanese yen,Buying,53.8169,GH¢ per JPY,0.00538169,GH¢ per JPY,ok,
2000-07-18,JPYGHS,Japanese yen,Selling,55.6122,GH¢ per JPY,0.00556122,GH¢ per JPY,ok,
2000-07-18,JPYGHS,Japanese yen,Mid Rate,54.7146,GH¢ per JPY,0.00547146,GH¢ per JPY,ok,
2000-07-18,NOKGHS,Norwegian Krone,Buying,664.1335,GH¢ per NOK,0.06641335,GH¢ per NOK,ok,
2000-07-18,NOKGHS,Norwegian Krone,Selling,685.9496,GH¢ per NOK,0.06859496,GH¢ per NOK,ok,
2000-07-18,NOKGHS,Norwegian Krone,Mid Rate,675.0416,GH¢ per NOK,0.06750416,GH¢ per NOK,ok,
2000-07-18,SEKGHS,Swedish Krona,Buying,649.0729,GH¢ per SEK,0.06490729,GH¢ per SEK,ok,
2000-07-18,SEKGHS,Swedish Krona,Selling,670.0325,GH¢ per SEK,0.06700325,GH¢ per SEK,ok,
2000-07-18,SEKGHS,Swedish Krona,Mid Rate,659.5527,GH¢ per SEK,0.06595527,GH¢ per SEK,ok,
2000-07-19,USDGHS,US Dollar,Buying,"5,838.1800",GH¢ per USD,0.583818,GH¢ per USD,ok,
2000-07-19,USDGHS,US Dollar,Selling,"6,035.1800",GH¢ per USD,0.603518,GH¢ per USD,ok,
2000-07-19,USDGHS,US Dollar,Mid Rate,"5,936.6800",GH¢ per USD,0.593668,GH¢ per USD,ok,
2000-07-19,AUDGHS,Australian Dollar,Buying,391.3991,GH¢ per AUD,0.03913991,GH¢ per AUD,ok,
2000-07-19,AUDGHS,Australian Dollar,Selling,"3,520.5358",GH¢ per AUD,0.35205358,GH¢ per AUD,ok,
2000-07-19,AUDGHS,Australian Dollar,Mid Rate,"1,955.9675",GH¢ per AUD,0.19559675,GH¢ per AUD,ok,
2000-07-19,CADGHS,Canadian Dollar,Buying,"3,960.4385",GH¢ per CAD,0.39604385,GH¢ per CAD,ok,
2000-07-19,CADGHS,Canadian Dollar,Selling,"4,090.0608",GH¢ per CAD,0.40900608,GH¢ per CAD,ok,
2000-07-19,CADGHS,Canadian Dollar,Mid Rate,"4,025.2497",GH¢ per CAD,0.40252497,GH¢ per CAD,ok,
2000-07-19,CHFGHS,Swiss Franc,Buying,"3,479.1500",GH¢ per CHF,0.347915,GH¢ per CHF,ok,
2000-07-19,CHFGHS,Swiss Franc,Selling,"3,594.3106",GH¢ per CHF,0.35943106,GH¢ per CHF,ok,
2000-07-19,CHFGHS,Swiss Franc,Mid Rate,"3,536.7303",GH¢ per CHF,0.35367303,GH¢ per CHF,ok,
2000-07-19,DKKGHS,Danish Krone,Buying,722.5767,GH¢ per DKK,0.07225767,GH¢ per DKK,ok,
2000-07-19,DKKGHS,Danish Krone,Selling,746.2444,GH¢ per DKK,0.07462444,GH¢ per DKK,ok,
2000-07-19,DKKGHS,Danish Krone,Mid Rate,734.4106,GH¢ per DKK,0.07344106,GH¢ per DKK,ok,
2000-07-19,GBPGHS,Pound Sterling,Buying,"8,720.4895",GH¢ per GBP,0.87204895,GH¢ per GBP,ok,
2000-07-19,GBPGHS,Pound Sterling,Selling,"9,017.7660",GH¢ per GBP,0.9017766,GH¢ per GBP,ok,
2000-07-19,GBPGHS,Pound Sterling,Mid Rate,"8,869.1278",GH¢ per GBP,0.88691278,GH¢ per GBP,ok,
2000-07-19,JPYGHS,Japanese yen,Buying,54.0705,GH¢ per JPY,0.00540705,GH¢ per JPY,ok,
2000-07-19,JPYGHS,Japanese yen,Selling,55.8722,GH¢ per JPY,0.00558722,GH¢ per JPY,ok,
2000-07-19,JPYGHS,Japanese yen,Mid Rate,54.9714,GH¢ per JPY,0.00549714,GH¢ per JPY,ok,
2000-07-19,NOKGHS,Norwegian Krone,Buying,658.3787,GH¢ per NOK,0.06583787,GH¢ per NOK,ok,
2000-07-19,NOKGHS,Norwegian Krone,Selling,679.6013,GH¢ per NOK,0.06796013,GH¢ per NOK,ok,
2000-07-19,NOKGHS,Norwegian Krone,Mid Rate,668.9900,GH¢ per NOK,0.066899,GH¢ per NOK,ok,
2000-07-19,SEKGHS,Swedish Krona,Buying,640.8025,GH¢ per SEK,0.06408025,GH¢ per SEK,ok,
2000-07-19,SEKGHS,Swedish Krona,Selling,661.4757,GH¢ per SEK,0.06614757,GH¢ per SEK,ok,
2000-07-19,SEKGHS,Swedish Krona,Mid Rate,651.1391,GH¢ per SEK,0.06511391,GH¢ per SEK,ok,
2000-07-20,USDGHS,US Dollar,Buying,"5,854.3600",GH¢ per USD,0.585436,GH¢ per USD,ok,
2000-07-20,USDGHS,US Dollar,Selling,"6,051.3600",GH¢ per USD,0.605136,GH¢ per USD,ok,
2000-07-20,USDGHS,US Dollar,Mid Rate,"5,952.8600",GH¢ per USD,0.595286,GH¢ per USD,ok,
2000-07-20,AUDGHS,Australian Dollar,Buying,392.5734,GH¢ per AUD,0.03925734,GH¢ per AUD,ok,
2000-07-20,AUDGHS,Australian Dollar,Selling,"3,498.1031",GH¢ per AUD,0.34981031,GH¢ per AUD,ok,
2000-07-20,AUDGHS,Australian Dollar,Mid Rate,"1,945.3383",GH¢ per AUD,0.19453383,GH¢ per AUD,ok,
2000-07-20,CADGHS,Canadian Dollar,Buying,"3,966.3528",GH¢ per CAD,0.39663528,GH¢ per CAD,ok,
2000-07-20,CADGHS,Canadian Dollar,Selling,"4,100.8900",GH¢ per CAD,0.410089,GH¢ per CAD,ok,
2000-07-20,CADGHS,Canadian Dollar,Mid Rate,"4,033.6214",GH¢ per CAD,0.40336214,GH¢ per CAD,ok,
2000-07-20,CHFGHS,Swiss Franc,Buying,"3,489.0633",GH¢ per CHF,0.34890633,GH¢ per CHF,ok,
2000-07-20,CHFGHS,Swiss Franc,Selling,"3,607.5879",GH¢ per CHF,0.36075879,GH¢ per CHF,ok,
2000-07-20,CHFGHS,Swiss Franc,Mid Rate,"3,548.3256",GH¢ per CHF,0.35483256,GH¢ per CHF,ok,
2000-07-20,DKKGHS,Danish Krone,Buying,724.5852,GH¢ per DKK,0.07245852,GH¢ per DKK,ok,
2000-07-20,DKKGHS,Danish Krone,Selling,749.1398,GH¢ per DKK,0.07491398,GH¢ per DKK,ok,
2000-07-20,DKKGHS,Danish Krone,Mid Rate,736.8625,GH¢ per DKK,0.07368625,GH¢ per DKK,ok,
2000-07-20,GBPGHS,Pound Sterling,Buying,"8,759.2934",GH¢ per GBP,0.87592934,GH¢ per GBP,ok,
2000-07-20,GBPGHS,Pound Sterling,Selling,"9,060.0962",GH¢ per GBP,0.90600962,GH¢ per GBP,ok,
2000-07-20,GBPGHS,Pound Sterling,Mid Rate,"8,909.6948",GH¢ per GBP,0.89096948,GH¢ per GBP,ok,
2000-07-20,JPYGHS,Japanese yen,Buying,54.1332,GH¢ per JPY,0.00541332,GH¢ per JPY,ok,
2000-07-20,JPYGHS,Japanese yen,Selling,55.9507,GH¢ per JPY,0.00559507,GH¢ per JPY,ok,
2000-07-20,JPYGHS,Japanese yen,Mid Rate,55.0420,GH¢ per JPY,0.0055042,GH¢ per JPY,ok,
2000-07-20,NOKGHS,Norwegian Krone,Buying,660.2366,GH¢ per NOK,0.06602366,GH¢ per NOK,ok,
2000-07-20,NOKGHS,Norwegian Krone,Selling,682.4777,GH¢ per NOK,0.06824777,GH¢ per NOK,ok,
2000-07-20,NOKGHS,Norwegian Krone,Mid Rate,671.3572,GH¢ per NOK,0.06713572,GH¢ per NOK,ok,
2000-07-20,SEKGHS,Swedish Krona,Buying,643.3467,GH¢ per SEK,0.06433467,GH¢ per SEK,ok,
2000-07-20,SEKGHS,Swedish Krona,Selling,664.6685,GH¢ per SEK,0.06646685,GH¢ per SEK,ok,
2000-07-20,SEKGHS,Swedish Krona,Mid Rate,654.0076,GH¢ per SEK,0.06540076,GH¢ per SEK,ok,
2000-07-21,USDGHS,US Dollar,Buying,"5,872.1800",GH¢ per USD,0.587218,GH¢ per USD,ok,
2000-07-21,USDGHS,US Dollar,Selling,"6,072.8200",GH¢ per USD,0.607282,GH¢ per USD,ok,
2000-07-21,USDGHS,US Dollar,Mid Rate,"5,972.5000",GH¢ per USD,0.59725,GH¢ per USD,ok,
2000-07-21,AUDGHS,Australian Dollar,Buying,398.1327,GH¢ per AUD,0.03981327,GH¢ per AUD,ok,
2000-07-21,AUDGHS,Australian Dollar,Selling,"3,549.2888",GH¢ per AUD,0.35492888,GH¢ per AUD,ok,
2000-07-21,AUDGHS,Australian Dollar,Mid Rate,"1,973.7108",GH¢ per AUD,0.19737108,GH¢ per AUD,ok,
2000-07-21,CADGHS,Canadian Dollar,Buying,"3,988.2021",GH¢ per CAD,0.39882021,GH¢ per CAD,ok,
2000-07-21,CADGHS,Canadian Dollar,Selling,"4,122.3914",GH¢ per CAD,0.41223914,GH¢ per CAD,ok,
2000-07-21,CADGHS,Canadian Dollar,Mid Rate,"4,055.2968",GH¢ per CAD,0.40552968,GH¢ per CAD,ok,
2000-07-21,CHFGHS,Swiss Franc,Buying,"3,533.6971",GH¢ per CHF,0.35336971,GH¢ per CHF,ok,
2000-07-21,CHFGHS,Swiss Franc,Selling,"3,654.0423",GH¢ per CHF,0.36540423,GH¢ per CHF,ok,
2000-07-21,CHFGHS,Swiss Franc,Mid Rate,"3,593.8697",GH¢ per CHF,0.35938697,GH¢ per CHF,ok,
2000-07-21,DKKGHS,Danish Krone,Buying,734.8010,GH¢ per DKK,0.0734801,GH¢ per DKK,ok,
2000-07-21,DKKGHS,Danish Krone,Selling,759.6744,GH¢ per DKK,0.07596744,GH¢ per DKK,ok,
2000-07-21,DKKGHS,Danish Krone,Mid Rate,747.2377,GH¢ per DKK,0.07472377,GH¢ per DKK,ok,
2000-07-21,GBPGHS,Pound Sterling,Buying,"8,868.1662",GH¢ per GBP,0.88681662,GH¢ per GBP,ok,
2000-07-21,GBPGHS,Pound Sterling,Selling,"9,176.0310",GH¢ per GBP,0.9176031,GH¢ per GBP,ok,
2000-07-21,GBPGHS,Pound Sterling,Mid Rate,"9,022.0986",GH¢ per GBP,0.90220986,GH¢ per GBP,ok,
2000-07-21,JPYGHS,Japanese yen,Buying,54.2661,GH¢ per JPY,0.00542661,GH¢ per JPY,ok,
2000-07-21,JPYGHS,Japanese yen,Selling,56.1191,GH¢ per JPY,0.00561191,GH¢ per JPY,ok,
2000-07-21,JPYGHS,Japanese yen,Mid Rate,55.1926,GH¢ per JPY,0.00551926,GH¢ per JPY,ok,
2000-07-21,NOKGHS,Norwegian Krone,Buying,668.8867,GH¢ per NOK,0.06688867,GH¢ per NOK,ok,
2000-07-21,NOKGHS,Norwegian Krone,Selling,691.4921,GH¢ per NOK,0.06914921,GH¢ per NOK,ok,
2000-07-21,NOKGHS,Norwegian Krone,Mid Rate,680.1894,GH¢ per NOK,0.06801894,GH¢ per NOK,ok,
2000-07-21,SEKGHS,Swedish Krona,Buying,651.7547,GH¢ per SEK,0.06517547,GH¢ per SEK,ok,
2000-07-21,SEKGHS,Swedish Krona,Selling,673.4109,GH¢ per SEK,0.06734109,GH¢ per SEK,ok,
2000-07-21,SEKGHS,Swedish Krona,Mid Rate,662.5828,GH¢ per SEK,0.06625828,GH¢ per SEK,ok,
2000-07-24,USDGHS,US Dollar,Buying,"5,886.5500",GH¢ per USD,0.588655,GH¢ per USD,ok,
2000-07-24,USDGHS,US Dollar,Selling,"6,082.0900",GH¢ per USD,0.608209,GH¢ per USD,ok,
2000-07-24,USDGHS,US Dollar,Mid Rate,"5,984.3200",GH¢ per USD,0.598432,GH¢ per USD,ok,
2000-07-24,AUDGHS,Australian Dollar,Buying,399.9683,GH¢ per AUD,0.03999683,GH¢ per AUD,ok,
2000-07-24,AUDGHS,Australian Dollar,Selling,"3,577.8922",GH¢ per AUD,0.35778922,GH¢ per AUD,ok,
2000-07-24,AUDGHS,Australian Dollar,Mid Rate,"1,988.9303",GH¢ per AUD,0.19889303,GH¢ per AUD,ok,
2000-07-24,CADGHS,Canadian Dollar,Buying,"4,003.5713",GH¢ per CAD,0.40035713,GH¢ per CAD,ok,
2000-07-24,CADGHS,Canadian Dollar,Selling,"4,133.7632",GH¢ per CAD,0.41337632,GH¢ per CAD,ok,
2000-07-24,CADGHS,Canadian Dollar,Mid Rate,"4,068.6673",GH¢ per CAD,0.40686673,GH¢ per CAD,ok,
2000-07-24,CHFGHS,Swiss Franc,Buying,"3,538.0361",GH¢ per CHF,0.35380361,GH¢ per CHF,ok,
2000-07-24,CHFGHS,Swiss Franc,Selling,"3,654.5005",GH¢ per CHF,0.36545005,GH¢ per CHF,ok,
2000-07-24,CHFGHS,Swiss Franc,Mid Rate,"3,596.2683",GH¢ per CHF,0.35962683,GH¢ per CHF,ok,
2000-07-24,DKKGHS,Danish Krone,Buying,738.0003,GH¢ per DKK,0.07380003,GH¢ per DKK,ok,
2000-07-24,DKKGHS,Danish Krone,Selling,762.3195,GH¢ per DKK,0.07623195,GH¢ per DKK,ok,
2000-07-24,DKKGHS,Danish Krone,Mid Rate,750.1599,GH¢ per DKK,0.07501599,GH¢ per DKK,ok,
2000-07-24,GBPGHS,Pound Sterling,Buying,"8,936.3716",GH¢ per GBP,0.89363716,GH¢ per GBP,ok,
2000-07-24,GBPGHS,Pound Sterling,Selling,"9,235.6537",GH¢ per GBP,0.92356537,GH¢ per GBP,ok,
2000-07-24,GBPGHS,Pound Sterling,Mid Rate,"9,086.0127",GH¢ per GBP,0.90860127,GH¢ per GBP,ok,
2000-07-24,JPYGHS,Japanese yen,Buying,54.1041,GH¢ per JPY,0.00541041,GH¢ per JPY,ok,
2000-07-24,JPYGHS,Japanese yen,Selling,55.8755,GH¢ per JPY,0.00558755,GH¢ per JPY,ok,
2000-07-24,JPYGHS,Japanese yen,Mid Rate,54.9898,GH¢ per JPY,0.00549898,GH¢ per JPY,ok,
2000-07-24,NOKGHS,Norwegian Krone,Buying,671.7965,GH¢ per NOK,0.06717965,GH¢ per NOK,ok,
2000-07-24,NOKGHS,Norwegian Krone,Selling,693.7163,GH¢ per NOK,0.06937163,GH¢ per NOK,ok,
2000-07-24,NOKGHS,Norwegian Krone,Mid Rate,682.7564,GH¢ per NOK,0.06827564,GH¢ per NOK,ok,
2000-07-24,SEKGHS,Swedish Krona,Buying,654.0324,GH¢ per SEK,0.06540324,GH¢ per SEK,ok,
2000-07-24,SEKGHS,Swedish Krona,Selling,675.0074,GH¢ per SEK,0.06750074,GH¢ per SEK,ok,
2000-07-24,SEKGHS,Swedish Krona,Mid Rate,664.5199,GH¢ per SEK,0.06645199,GH¢ per SEK,ok,
2000-07-25,USDGHS,US Dollar,Buying,"5,920.6400",GH¢ per USD,0.592064,GH¢ per USD,ok,
2000-07-25,USDGHS,US Dollar,Selling,"6,128.3600",GH¢ per USD,0.612836,GH¢ per USD,ok,
2000-07-25,USDGHS,US Dollar,Mid Rate,"6,024.5000",GH¢ per USD,0.60245,GH¢ per USD,ok,
2000-07-25,AUDGHS,Australian Dollar,Buying,403.6788,GH¢ per AUD,0.04036788,GH¢ per AUD,ok,
2000-07-25,AUDGHS,Australian Dollar,Selling,"3,585.7297",GH¢ per AUD,0.35857297,GH¢ per AUD,ok,
2000-07-25,AUDGHS,Australian Dollar,Mid Rate,"1,994.7043",GH¢ per AUD,0.19947043,GH¢ per AUD,ok,
2000-07-25,CADGHS,Canadian Dollar,Buying,"4,042.5316",GH¢ per CAD,0.40425316,GH¢ per CAD,ok,
2000-07-25,CADGHS,Canadian Dollar,Selling,"4,180.9585",GH¢ per CAD,0.41809585,GH¢ per CAD,ok,
2000-07-25,CADGHS,Canadian Dollar,Mid Rate,"4,111.7451",GH¢ per CAD,0.41117451,GH¢ per CAD,ok,
2000-07-25,CHFGHS,Swiss Franc,Buying,"3,573.4988",GH¢ per CHF,0.35734988,GH¢ per CHF,ok,
2000-07-25,CHFGHS,Swiss Franc,Selling,"3,697.2992",GH¢ per CHF,0.36972992,GH¢ per CHF,ok,
2000-07-25,CHFGHS,Swiss Franc,Mid Rate,"3,635.3990",GH¢ per CHF,0.3635399,GH¢ per CHF,ok,
2000-07-25,DKKGHS,Danish Krone,Buying,745.1104,GH¢ per DKK,0.07451104,GH¢ per DKK,ok,
2000-07-25,DKKGHS,Danish Krone,Selling,770.9569,GH¢ per DKK,0.07709569,GH¢ per DKK,ok,
2000-07-25,DKKGHS,Danish Krone,Mid Rate,758.0337,GH¢ per DKK,0.07580337,GH¢ per DKK,ok,
2000-07-25,GBPGHS,Pound Sterling,Buying,"8,978.0585",GH¢ per GBP,0.89780585,GH¢ per GBP,ok,
2000-07-25,GBPGHS,Pound Sterling,Selling,"9,294.2708",GH¢ per GBP,0.92942708,GH¢ per GBP,ok,
2000-07-25,GBPGHS,Pound Sterling,Mid Rate,"9,136.1647",GH¢ per GBP,0.91361647,GH¢ per GBP,ok,
2000-07-25,JPYGHS,Japanese yen,Buying,54.3269,GH¢ per JPY,0.00543269,GH¢ per JPY,ok,
2000-07-25,JPYGHS,Japanese yen,Selling,56.1995,GH¢ per JPY,0.00561995,GH¢ per JPY,ok,
2000-07-25,JPYGHS,Japanese yen,Mid Rate,55.2632,GH¢ per JPY,0.00552632,GH¢ per JPY,ok,
2000-07-25,NOKGHS,Norwegian Krone,Buying,679.5022,GH¢ per NOK,0.06795022,GH¢ per NOK,ok,
2000-07-25,NOKGHS,Norwegian Krone,Selling,702.8442,GH¢ per NOK,0.07028442,GH¢ per NOK,ok,
2000-07-25,NOKGHS,Norwegian Krone,Mid Rate,691.1732,GH¢ per NOK,0.06911732,GH¢ per NOK,ok,
2000-07-25,SEKGHS,Swedish Krona,Buying,663.2286,GH¢ per SEK,0.06632286,GH¢ per SEK,ok,
2000-07-25,SEKGHS,Swedish Krona,Selling,685.6407,GH¢ per SEK,0.06856407,GH¢ per SEK,ok,
2000-07-25,SEKGHS,Swedish Krona,Mid Rate,674.4347,GH¢ per SEK,0.06744347,GH¢ per SEK,ok,
2000-07-26,USDGHS,US Dollar,Buying,"5,946.4500",GH¢ per USD,0.594645,GH¢ per USD,ok,
2000-07-26,USDGHS,US Dollar,Selling,"6,160.2700",GH¢ per USD,0.616027,GH¢ per USD,ok,
2000-07-26,USDGHS,US Dollar,Mid Rate,"6,053.3600",GH¢ per USD,0.605336,GH¢ per USD,ok,
2000-07-26,AUDGHS,Australian Dollar,Buying,407.5564,GH¢ per AUD,0.04075564,GH¢ per AUD,ok,
2000-07-26,AUDGHS,Australian Dollar,Selling,"3,641.9872",GH¢ per AUD,0.36419872,GH¢ per AUD,ok,
2000-07-26,AUDGHS,Australian Dollar,Mid Rate,"2,024.7718",GH¢ per AUD,0.20247718,GH¢ per AUD,ok,
2000-07-26,CADGHS,Canadian Dollar,Buying,"4,054.4948",GH¢ per CAD,0.40544948,GH¢ per CAD,ok,
2000-07-26,CADGHS,Canadian Dollar,Selling,"4,197.5986",GH¢ per CAD,0.41975986,GH¢ per CAD,ok,
2000-07-26,CADGHS,Canadian Dollar,Mid Rate,"4,126.0467",GH¢ per CAD,0.41260467,GH¢ per CAD,ok,
2000-07-26,CHFGHS,Swiss Franc,Buying,"3,608.9619",GH¢ per CHF,0.36089619,GH¢ per CHF,ok,
2000-07-26,CHFGHS,Swiss Franc,Selling,"3,737.5648",GH¢ per CHF,0.37375648,GH¢ per CHF,ok,
2000-07-26,CHFGHS,Swiss Franc,Mid Rate,"3,673.2634",GH¢ per CHF,0.36732634,GH¢ per CHF,ok,
2000-07-26,DKKGHS,Danish Krone,Buying,752.1049,GH¢ per DKK,0.07521049,GH¢ per DKK,ok,
2000-07-26,DKKGHS,Danish Krone,Selling,778.7552,GH¢ per DKK,0.07787552,GH¢ per DKK,ok,
2000-07-26,DKKGHS,Danish Krone,Mid Rate,765.4301,GH¢ per DKK,0.07654301,GH¢ per DKK,ok,
2000-07-26,GBPGHS,Pound Sterling,Buying,"9,035.0361",GH¢ per GBP,0.90350361,GH¢ per GBP,ok,
2000-07-26,GBPGHS,Pound Sterling,Selling,"9,364.8425",GH¢ per GBP,0.93648425,GH¢ per GBP,ok,
2000-07-26,GBPGHS,Pound Sterling,Mid Rate,"9,199.9393",GH¢ per GBP,0.91999393,GH¢ per GBP,ok,
2000-07-26,JPYGHS,Japanese yen,Buying,54.4443,GH¢ per JPY,0.00544443,GH¢ per JPY,ok,
2000-07-26,JPYGHS,Japanese yen,Selling,56.3909,GH¢ per JPY,0.00563909,GH¢ per JPY,ok,
2000-07-26,JPYGHS,Japanese yen,Mid Rate,55.4176,GH¢ per JPY,0.00554176,GH¢ per JPY,ok,
2000-07-26,NOKGHS,Norwegian Krone,Buying,685.0953,GH¢ per NOK,0.06850953,GH¢ per NOK,ok,
2000-07-26,NOKGHS,Norwegian Krone,Selling,709.2321,GH¢ per NOK,0.07092321,GH¢ per NOK,ok,
2000-07-26,NOKGHS,Norwegian Krone,Mid Rate,697.1637,GH¢ per NOK,0.06971637,GH¢ per NOK,ok,
2000-07-26,SEKGHS,Swedish Krona,Buying,667.8668,GH¢ per SEK,0.06678668,GH¢ per SEK,ok,
2000-07-26,SEKGHS,Swedish Krona,Selling,691.0150,GH¢ per SEK,0.0691015,GH¢ per SEK,ok,
2000-07-26,SEKGHS,Swedish Krona,Mid Rate,679.4409,GH¢ per SEK,0.06794409,GH¢ per SEK,ok,
2000-07-27,USDGHS,US Dollar,Buying,"5,965.0900",GH¢ per USD,0.596509,GH¢ per USD,ok,
2000-07-27,USDGHS,US Dollar,Selling,"6,134.0900",GH¢ per USD,0.613409,GH¢ per USD,ok,
2000-07-27,USDGHS,US Dollar,Mid Rate,"6,049.5900",GH¢ per USD,0.604959,GH¢ per USD,ok,
2000-07-27,AUDGHS,Australian Dollar,Buying,407.9168,GH¢ per AUD,0.04079168,GH¢ per AUD,ok,
2000-07-27,AUDGHS,Australian Dollar,Selling,"3,631.1575",GH¢ per AUD,0.36311575,GH¢ per AUD,ok,
2000-07-27,AUDGHS,Australian Dollar,Mid Rate,"2,019.5372",GH¢ per AUD,0.20195372,GH¢ per AUD,ok,
2000-07-27,CADGHS,Canadian Dollar,Buying,"4,070.9034",GH¢ per CAD,0.40709034,GH¢ per CAD,ok,
2000-07-27,CADGHS,Canadian Dollar,Selling,"4,184.7929",GH¢ per CAD,0.41847929,GH¢ per CAD,ok,
2000-07-27,CADGHS,Canadian Dollar,Mid Rate,"4,127.8482",GH¢ per CAD,0.41278482,GH¢ per CAD,ok,
2000-07-27,CHFGHS,Swiss Franc,Buying,"3,609.5343",GH¢ per CHF,0.36095343,GH¢ per CHF,ok,
2000-07-27,CHFGHS,Swiss Franc,Selling,"3,710.9482",GH¢ per CHF,0.37109482,GH¢ per CHF,ok,
2000-07-27,CHFGHS,Swiss Franc,Mid Rate,"3,660.2413",GH¢ per CHF,0.36602413,GH¢ per CHF,ok,
2000-07-27,DKKGHS,Danish Krone,Buying,752.6060,GH¢ per DKK,0.0752606,GH¢ per DKK,ok,
2000-07-27,DKKGHS,Danish Krone,Selling,773.7329,GH¢ per DKK,0.07737329,GH¢ per DKK,ok,
2000-07-27,DKKGHS,Danish Krone,Mid Rate,763.1695,GH¢ per DKK,0.07631695,GH¢ per DKK,ok,
2000-07-27,GBPGHS,Pound Sterling,Buying,"9,041.8834",GH¢ per GBP,0.90418834,GH¢ per GBP,ok,
2000-07-27,GBPGHS,Pound Sterling,Selling,"9,301.1207",GH¢ per GBP,0.93011207,GH¢ per GBP,ok,
2000-07-27,GBPGHS,Pound Sterling,Mid Rate,"9,171.5021",GH¢ per GBP,0.91715021,GH¢ per GBP,ok,
2000-07-27,JPYGHS,Japanese yen,Buying,54.7827,GH¢ per JPY,0.00547827,GH¢ per JPY,ok,
2000-07-27,JPYGHS,Japanese yen,Selling,56.3124,GH¢ per JPY,0.00563124,GH¢ per JPY,ok,
2000-07-27,JPYGHS,Japanese yen,Mid Rate,55.5476,GH¢ per JPY,0.00555476,GH¢ per JPY,ok,
2000-07-27,NOKGHS,Norwegian Krone,Buying,685.0794,GH¢ per NOK,0.06850794,GH¢ per NOK,ok,
2000-07-27,NOKGHS,Norwegian Krone,Selling,704.0810,GH¢ per NOK,0.0704081,GH¢ per NOK,ok,
2000-07-27,NOKGHS,Norwegian Krone,Mid Rate,694.5802,GH¢ per NOK,0.06945802,GH¢ per NOK,ok,
2000-07-27,SEKGHS,Swedish Krona,Buying,667.2927,GH¢ per SEK,0.06672927,GH¢ per SEK,ok,
2000-07-27,SEKGHS,Swedish Krona,Selling,685.4330,GH¢ per SEK,0.0685433,GH¢ per SEK,ok,
2000-07-27,SEKGHS,Swedish Krona,Mid Rate,676.3629,GH¢ per SEK,0.06763629,GH¢ per SEK,ok,
2000-07-28,USDGHS,US Dollar,Buying,"5,975.0900",GH¢ per USD,0.597509,GH¢ per USD,ok,
2000-07-28,USDGHS,US Dollar,Selling,"6,149.5500",GH¢ per USD,0.614955,GH¢ per USD,ok,
2000-07-28,USDGHS,US Dollar,Mid Rate,"6,062.3200",GH¢ per USD,0.606232,GH¢ per USD,ok,
2000-07-28,AUDGHS,Australian Dollar,Buying,403.2330,GH¢ per AUD,0.0403233,GH¢ per AUD,ok,
2000-07-28,AUDGHS,Australian Dollar,Selling,"3,635.2920",GH¢ per AUD,0.3635292,GH¢ per AUD,ok,
2000-07-28,AUDGHS,Australian Dollar,Mid Rate,"2,019.2625",GH¢ per AUD,0.20192625,GH¢ per AUD,ok,
2000-07-28,CADGHS,Canadian Dollar,Buying,"4,059.5046",GH¢ per CAD,0.40595046,GH¢ per CAD,ok,
2000-07-28,CADGHS,Canadian Dollar,Selling,"4,174.5463",GH¢ per CAD,0.41745463,GH¢ per CAD,ok,
2000-07-28,CADGHS,Canadian Dollar,Mid Rate,"4,117.0255",GH¢ per CAD,0.41170255,GH¢ per CAD,ok,
2000-07-28,CHFGHS,Swiss Franc,Buying,"3,584.0105",GH¢ per CHF,0.35840105,GH¢ per CHF,ok,
2000-07-28,CHFGHS,Swiss Franc,Selling,"3,684.8542",GH¢ per CHF,0.36848542,GH¢ per CHF,ok,
2000-07-28,CHFGHS,Swiss Franc,Mid Rate,"3,634.4324",GH¢ per CHF,0.36344324,GH¢ per CHF,ok,
2000-07-28,DKKGHS,Danish Krone,Buying,744.5583,GH¢ per DKK,0.07445583,GH¢ per DKK,ok,
2000-07-28,DKKGHS,Danish Krone,Selling,765.6544,GH¢ per DKK,0.07656544,GH¢ per DKK,ok,
2000-07-28,DKKGHS,Danish Krone,Mid Rate,755.1064,GH¢ per DKK,0.07551064,GH¢ per DKK,ok,
2000-07-28,GBPGHS,Pound Sterling,Buying,"9,029.5560",GH¢ per GBP,0.9029556,GH¢ per GBP,ok,
2000-07-28,GBPGHS,Pound Sterling,Selling,"9,295.0448",GH¢ per GBP,0.92950448,GH¢ per GBP,ok,
2000-07-28,GBPGHS,Pound Sterling,Mid Rate,"9,162.3004",GH¢ per GBP,0.91623004,GH¢ per GBP,ok,
2000-07-28,JPYGHS,Japanese yen,Buying,54.8642,GH¢ per JPY,0.00548642,GH¢ per JPY,ok,
2000-07-28,JPYGHS,Japanese yen,Selling,56.4362,GH¢ per JPY,0.00564362,GH¢ per JPY,ok,
2000-07-28,JPYGHS,Japanese yen,Mid Rate,55.6502,GH¢ per JPY,0.00556502,GH¢ per JPY,ok,
2000-07-28,NOKGHS,Norwegian Krone,Buying,676.7717,GH¢ per NOK,0.06767717,GH¢ per NOK,ok,
2000-07-28,NOKGHS,Norwegian Krone,Selling,695.6588,GH¢ per NOK,0.06956588,GH¢ per NOK,ok,
2000-07-28,NOKGHS,Norwegian Krone,Mid Rate,686.2153,GH¢ per NOK,0.06862153,GH¢ per NOK,ok,
2000-07-28,SEKGHS,Swedish Krona,Buying,655.2511,GH¢ per SEK,0.06552511,GH¢ per SEK,ok,
2000-07-28,SEKGHS,Swedish Krona,Selling,673.3295,GH¢ per SEK,0.06733295,GH¢ per SEK,ok,
2000-07-28,SEKGHS,Swedish Krona,Mid Rate,664.2903,GH¢ per SEK,0.06642903,GH¢ per SEK,ok,
2000-07-31,USDGHS,US Dollar,Buying,"5,985.9100",GH¢ per USD,0.598591,GH¢ per USD,ok,
2000-07-31,USDGHS,US Dollar,Selling,"6,153.1800",GH¢ per USD,0.615318,GH¢ per USD,ok,
2000-07-31,USDGHS,US Dollar,Mid Rate,"6,069.5450",GH¢ per USD,0.6069545,GH¢ per USD,ok,
2000-07-31,AUDGHS,Australian Dollar,Buying,401.7861,GH¢ per AUD,0.04017861,GH¢ per AUD,ok,
2000-07-31,AUDGHS,Australian Dollar,Selling,"3,563.7963",GH¢ per AUD,0.35637963,GH¢ per AUD,ok,
2000-07-31,AUDGHS,Australian Dollar,Mid Rate,"1,982.7912",GH¢ per AUD,0.19827912,GH¢ per AUD,ok,
2000-07-31,CADGHS,Canadian Dollar,Buying,"4,047.4970",GH¢ per CAD,0.4047497,GH¢ per CAD,ok,
2000-07-31,CADGHS,Canadian Dollar,Selling,"4,158.0488",GH¢ per CAD,0.41580488,GH¢ per CAD,ok,
2000-07-31,CADGHS,Canadian Dollar,Mid Rate,"4,102.7729",GH¢ per CAD,0.41027729,GH¢ per CAD,ok,
2000-07-31,CHFGHS,Swiss Franc,Buying,"3,571.2451",GH¢ per CHF,0.35712451,GH¢ per CHF,ok,
2000-07-31,CHFGHS,Swiss Franc,Selling,"3,669.0514",GH¢ per CHF,0.36690514,GH¢ per CHF,ok,
2000-07-31,CHFGHS,Swiss Franc,Mid Rate,"3,620.1483",GH¢ per CHF,0.36201483,GH¢ per CHF,ok,
2000-07-31,DKKGHS,Danish Krone,Buying,741.5103,GH¢ per DKK,0.07415103,GH¢ per DKK,ok,
2000-07-31,DKKGHS,Danish Krone,Selling,761.9941,GH¢ per DKK,0.07619941,GH¢ per DKK,ok,
2000-07-31,DKKGHS,Danish Krone,Mid Rate,751.7522,GH¢ per DKK,0.07517522,GH¢ per DKK,ok,
2000-07-31,GBPGHS,Pound Sterling,Buying,"8,971.6819",GH¢ per GBP,0.89716819,GH¢ per GBP,ok,
2000-07-31,GBPGHS,Pound Sterling,Selling,"9,225.4628",GH¢ per GBP,0.92254628,GH¢ per GBP,ok,
2000-07-31,GBPGHS,Pound Sterling,Mid Rate,"9,098.5724",GH¢ per GBP,0.90985724,GH¢ per GBP,ok,
2000-07-31,JPYGHS,Japanese yen,Buying,54.6554,GH¢ per JPY,0.00546554,GH¢ per JPY,ok,
2000-07-31,JPYGHS,Japanese yen,Selling,56.1604,GH¢ per JPY,0.00561604,GH¢ per JPY,ok,
2000-07-31,JPYGHS,Japanese yen,Mid Rate,55.4079,GH¢ per JPY,0.00554079,GH¢ per JPY,ok,
2000-07-31,NOKGHS,Norwegian Krone,Buying,674.1064,GH¢ per NOK,0.06741064,GH¢ per NOK,ok,
2000-07-31,NOKGHS,Norwegian Krone,Selling,692.5971,GH¢ per NOK,0.06925971,GH¢ per NOK,ok,
2000-07-31,NOKGHS,Norwegian Krone,Mid Rate,683.3518,GH¢ per NOK,0.06833518,GH¢ per NOK,ok,
2000-07-31,SEKGHS,Swedish Krona,Buying,650.5839,GH¢ per SEK,0.06505839,GH¢ per SEK,ok,
2000-07-31,SEKGHS,Swedish Krona,Selling,668.0809,GH¢ per SEK,0.06680809,GH¢ per SEK,ok,
2000-07-31,SEKGHS,Swedish Krona,Mid Rate,659.3324,GH¢ per SEK,0.06593324,GH¢ per SEK,ok,
2000-08-01,USDGHS,US Dollar,Buying,"6,005.0900",GH¢ per USD,0.600509,GH¢ per USD,ok,
2000-08-01,USDGHS,US Dollar,Selling,"6,171.6400",GH¢ per USD,0.617164,GH¢ per USD,ok,
2000-08-01,USDGHS,US Dollar,Mid Rate,"6,088.3650",GH¢ per USD,0.6088365,GH¢ per USD,ok,
2000-08-01,AUDGHS,Australian Dollar,Buying,403.9212,GH¢ per AUD,0.04039212,GH¢ per AUD,ok,
2000-08-01,AUDGHS,Australian Dollar,Selling,"3,577.4269",GH¢ per AUD,0.35774269,GH¢ per AUD,ok,
2000-08-01,AUDGHS,Australian Dollar,Mid Rate,"1,990.6741",GH¢ per AUD,0.19906741,GH¢ per AUD,ok,
2000-08-01,CADGHS,Canadian Dollar,Buying,"4,038.5945",GH¢ per CAD,0.40385945,GH¢ per CAD,ok,
2000-08-01,CADGHS,Canadian Dollar,Selling,"4,147.6150",GH¢ per CAD,0.4147615,GH¢ per CAD,ok,
2000-08-01,CADGHS,Canadian Dollar,Mid Rate,"4,093.1048",GH¢ per CAD,0.40931048,GH¢ per CAD,ok,
2000-08-01,CHFGHS,Swiss Franc,Buying,"3,593.7770",GH¢ per CHF,0.3593777,GH¢ per CHF,ok,
2000-08-01,CHFGHS,Swiss Franc,Selling,"3,692.0227",GH¢ per CHF,0.36920227,GH¢ per CHF,ok,
2000-08-01,CHFGHS,Swiss Franc,Mid Rate,"3,642.8999",GH¢ per CHF,0.36428999,GH¢ per CHF,ok,
2000-08-01,DKKGHS,Danish Krone,Buying,745.3464,GH¢ per DKK,0.07453464,GH¢ per DKK,ok,
2000-08-01,DKKGHS,Danish Krone,Selling,765.5299,GH¢ per DKK,0.07655299,GH¢ per DKK,ok,
2000-08-01,DKKGHS,Danish Krone,Mid Rate,755.4382,GH¢ per DKK,0.07554382,GH¢ per DKK,ok,
2000-08-01,GBPGHS,Pound Sterling,Buying,"8,979.4111",GH¢ per GBP,0.89794111,GH¢ per GBP,ok,
2000-08-01,GBPGHS,Pound Sterling,Selling,"9,229.6876",GH¢ per GBP,0.92296876,GH¢ per GBP,ok,
2000-08-01,GBPGHS,Pound Sterling,Mid Rate,"9,104.5494",GH¢ per GBP,0.91045494,GH¢ per GBP,ok,
2000-08-01,JPYGHS,Japanese yen,Buying,54.8428,GH¢ per JPY,0.00548428,GH¢ per JPY,ok,
2000-08-01,JPYGHS,Japanese yen,Selling,56.3301,GH¢ per JPY,0.00563301,GH¢ per JPY,ok,
2000-08-01,JPYGHS,Japanese yen,Mid Rate,55.5865,GH¢ per JPY,0.00555865,GH¢ per JPY,ok,
2000-08-01,NOKGHS,Norwegian Krone,Buying,678.4236,GH¢ per NOK,0.06784236,GH¢ per NOK,ok,
2000-08-01,NOKGHS,Norwegian Krone,Selling,696.8011,GH¢ per NOK,0.06968011,GH¢ per NOK,ok,
2000-08-01,NOKGHS,Norwegian Krone,Mid Rate,687.6124,GH¢ per NOK,0.06876124,GH¢ per NOK,ok,
2000-08-01,SEKGHS,Swedish Krona,Buying,654.7624,GH¢ per SEK,0.06547624,GH¢ per SEK,ok,
2000-08-01,SEKGHS,Swedish Krona,Selling,672.1446,GH¢ per SEK,0.06721446,GH¢ per SEK,ok,
2000-08-01,SEKGHS,Swedish Krona,Mid Rate,663.4535,GH¢ per SEK,0.06634535,GH¢ per SEK,ok,
2000-08-02,USDGHS,US Dollar,Buying,"6,029.5500",GH¢ per USD,0.602955,GH¢ per USD,ok,
2000-08-02,USDGHS,US Dollar,Selling,"6,232.4500",GH¢ per USD,0.623245,GH¢ per USD,ok,
2000-08-02,USDGHS,US Dollar,Mid Rate,"6,131.0000",GH¢ per USD,0.6131,GH¢ per USD,ok,
2000-08-02,AUDGHS,Australian Dollar,Buying,402.2699,GH¢ per AUD,0.04022699,GH¢ per AUD,ok,
2000-08-02,AUDGHS,Australian Dollar,Selling,"3,630.6701",GH¢ per AUD,0.36306701,GH¢ per AUD,ok,
2000-08-02,AUDGHS,Australian Dollar,Mid Rate,"2,016.4700",GH¢ per AUD,0.201647,GH¢ per AUD,ok,
2000-08-02,CADGHS,Canadian Dollar,Buying,"4,064.3331",GH¢ per CAD,0.40643331,GH¢ per CAD,ok,
2000-08-02,CADGHS,Canadian Dollar,Selling,"4,199.8604",GH¢ per CAD,0.41998604,GH¢ per CAD,ok,
2000-08-02,CADGHS,Canadian Dollar,Mid Rate,"4,132.0968",GH¢ per CAD,0.41320968,GH¢ per CAD,ok,
2000-08-02,CHFGHS,Swiss Franc,Buying,"3,585.6051",GH¢ per CHF,0.35856051,GH¢ per CHF,ok,
2000-08-02,CHFGHS,Swiss Franc,Selling,"3,705.0906",GH¢ per CHF,0.37050906,GH¢ per CHF,ok,
2000-08-02,CHFGHS,Swiss Franc,Mid Rate,"3,645.3479",GH¢ per CHF,0.36453479,GH¢ per CHF,ok,
2000-08-02,DKKGHS,Danish Krone,Buying,742.4580,GH¢ per DKK,0.0742458,GH¢ per DKK,ok,
2000-08-02,DKKGHS,Danish Krone,Selling,767.2549,GH¢ per DKK,0.07672549,GH¢ per DKK,ok,
2000-08-02,DKKGHS,Danish Krone,Mid Rate,754.8565,GH¢ per DKK,0.07548565,GH¢ per DKK,ok,
2000-08-02,GBPGHS,Pound Sterling,Buying,"9,004.5300",GH¢ per GBP,0.900453,GH¢ per GBP,ok,
2000-08-02,GBPGHS,Pound Sterling,Selling,"9,309.4106",GH¢ per GBP,0.93094106,GH¢ per GBP,ok,
2000-08-02,GBPGHS,Pound Sterling,Mid Rate,"9,156.9703",GH¢ per GBP,0.91569703,GH¢ per GBP,ok,
2000-08-02,JPYGHS,Japanese yen,Buying,55.4330,GH¢ per JPY,0.0055433,GH¢ per JPY,ok,
2000-08-02,JPYGHS,Japanese yen,Selling,57.2675,GH¢ per JPY,0.00572675,GH¢ per JPY,ok,
2000-08-02,JPYGHS,Japanese yen,Mid Rate,56.3503,GH¢ per JPY,0.00563503,GH¢ per JPY,ok,
2000-08-02,NOKGHS,Norwegian Krone,Buying,677.3736,GH¢ per NOK,0.06773736,GH¢ per NOK,ok,
2000-08-02,NOKGHS,Norwegian Krone,Selling,699.7821,GH¢ per NOK,0.06997821,GH¢ per NOK,ok,
2000-08-02,NOKGHS,Norwegian Krone,Mid Rate,688.5779,GH¢ per NOK,0.06885779,GH¢ per NOK,ok,
2000-08-02,SEKGHS,Swedish Krona,Buying,653.2122,GH¢ per SEK,0.06532122,GH¢ per SEK,ok,
2000-08-02,SEKGHS,Swedish Krona,Selling,674.4630,GH¢ per SEK,0.0674463,GH¢ per SEK,ok,
2000-08-02,SEKGHS,Swedish Krona,Mid Rate,663.8376,GH¢ per SEK,0.06638376,GH¢ per SEK,ok,
2000-08-03,USDGHS,US Dollar,Buying,"6,074.5500",GH¢ per USD,0.607455,GH¢ per USD,ok,
2000-08-03,USDGHS,US Dollar,Selling,"6,266.5500",GH¢ per USD,0.626655,GH¢ per USD,ok,
2000-08-03,USDGHS,US Dollar,Mid Rate,"6,170.5500",GH¢ per USD,0.617055,GH¢ per USD,ok,
2000-08-03,AUDGHS,Australian Dollar,Buying,402.0720,GH¢ per AUD,0.0402072,GH¢ per AUD,ok,
2000-08-03,AUDGHS,Australian Dollar,Selling,"3,675.7512",GH¢ per AUD,0.36757512,GH¢ per AUD,ok,
2000-08-03,AUDGHS,Australian Dollar,Mid Rate,"2,038.9116",GH¢ per AUD,0.20389116,GH¢ per AUD,ok,
2000-08-03,CADGHS,Canadian Dollar,Buying,"4,105.8288",GH¢ per CAD,0.41058288,GH¢ per CAD,ok,
2000-08-03,CADGHS,Canadian Dollar,Selling,"4,233.5738",GH¢ per CAD,0.42335738,GH¢ per CAD,ok,
2000-08-03,CADGHS,Canadian Dollar,Mid Rate,"4,169.7013",GH¢ per CAD,0.41697013,GH¢ per CAD,ok,
2000-08-03,CHFGHS,Swiss Franc,Buying,"3,584.3946",GH¢ per CHF,0.35843946,GH¢ per CHF,ok,
2000-08-03,CHFGHS,Swiss Franc,Selling,"3,695.1317",GH¢ per CHF,0.36951317,GH¢ per CHF,ok,
2000-08-03,CHFGHS,Swiss Franc,Mid Rate,"3,639.7632",GH¢ per CHF,0.36397632,GH¢ per CHF,ok,
2000-08-03,DKKGHS,Danish Krone,Buying,741.6484,GH¢ per DKK,0.07416484,GH¢ per DKK,ok,
2000-08-03,DKKGHS,Danish Krone,Selling,764.7086,GH¢ per DKK,0.07647086,GH¢ per DKK,ok,
2000-08-03,DKKGHS,Danish Krone,Mid Rate,753.1785,GH¢ per DKK,0.07531785,GH¢ per DKK,ok,
2000-08-03,GBPGHS,Pound Sterling,Buying,"9,079.6299",GH¢ per GBP,0.90796299,GH¢ per GBP,ok,
2000-08-03,GBPGHS,Pound Sterling,Selling,"9,369.7456",GH¢ per GBP,0.93697456,GH¢ per GBP,ok,
2000-08-03,GBPGHS,Pound Sterling,Mid Rate,"9,224.6878",GH¢ per GBP,0.92246878,GH¢ per GBP,ok,
2000-08-03,JPYGHS,Japanese yen,Buying,55.9228,GH¢ per JPY,0.00559228,GH¢ per JPY,ok,
2000-08-03,JPYGHS,Japanese yen,Selling,57.6671,GH¢ per JPY,0.00576671,GH¢ per JPY,ok,
2000-08-03,JPYGHS,Japanese yen,Mid Rate,56.7950,GH¢ per JPY,0.0056795,GH¢ per JPY,ok,
2000-08-03,NOKGHS,Norwegian Krone,Buying,676.2419,GH¢ per NOK,0.06762419,GH¢ per NOK,ok,
2000-08-03,NOKGHS,Norwegian Krone,Selling,697.1433,GH¢ per NOK,0.06971433,GH¢ per NOK,ok,
2000-08-03,NOKGHS,Norwegian Krone,Mid Rate,686.6926,GH¢ per NOK,0.06866926,GH¢ per NOK,ok,
2000-08-03,SEKGHS,Swedish Krona,Buying,653.8082,GH¢ per SEK,0.06538082,GH¢ per SEK,ok,
2000-08-03,SEKGHS,Swedish Krona,Selling,673.6608,GH¢ per SEK,0.06736608,GH¢ per SEK,ok,
2000-08-03,SEKGHS,Swedish Krona,Mid Rate,663.7345,GH¢ per SEK,0.06637345,GH¢ per SEK,ok,
2000-08-04,USDGHS,US Dollar,Buying,"6,090.4500",GH¢ per USD,0.609045,GH¢ per USD,ok,
2000-08-04,USDGHS,US Dollar,Selling,"6,286.0900",GH¢ per USD,0.628609,GH¢ per USD,ok,
2000-08-04,USDGHS,US Dollar,Mid Rate,"6,188.2700",GH¢ per USD,0.618827,GH¢ per USD,ok,
2000-08-04,AUDGHS,Australian Dollar,Buying,400.3395,GH¢ per AUD,0.04003395,GH¢ per AUD,ok,
2000-08-04,AUDGHS,Australian Dollar,Selling,"3,675.1714",GH¢ per AUD,0.36751714,GH¢ per AUD,ok,
2000-08-04,AUDGHS,Australian Dollar,Mid Rate,"2,037.7555",GH¢ per AUD,0.20377555,GH¢ per AUD,ok,
2000-08-04,CADGHS,Canadian Dollar,Buying,"4,102.4497",GH¢ per CAD,0.41024497,GH¢ per CAD,ok,
2000-08-04,CADGHS,Canadian Dollar,Selling,"4,232.6963",GH¢ per CAD,0.42326963,GH¢ per CAD,ok,
2000-08-04,CADGHS,Canadian Dollar,Mid Rate,"4,167.5730",GH¢ per CAD,0.4167573,GH¢ per CAD,ok,
2000-08-04,CHFGHS,Swiss Franc,Buying,"3,563.3478",GH¢ per CHF,0.35633478,GH¢ per CHF,ok,
2000-08-04,CHFGHS,Swiss Franc,Selling,"3,675.7102",GH¢ per CHF,0.36757102,GH¢ per CHF,ok,
2000-08-04,CHFGHS,Swiss Franc,Mid Rate,"3,619.5290",GH¢ per CHF,0.3619529,GH¢ per CHF,ok,
2000-08-04,DKKGHS,Danish Krone,Buying,738.4943,GH¢ per DKK,0.07384943,GH¢ per DKK,ok,
2000-08-04,DKKGHS,Danish Krone,Selling,761.9410,GH¢ per DKK,0.0761941,GH¢ per DKK,ok,
2000-08-04,DKKGHS,Danish Krone,Mid Rate,750.2177,GH¢ per DKK,0.07502177,GH¢ per DKK,ok,
2000-08-04,GBPGHS,Pound Sterling,Buying,"9,089.3876",GH¢ per GBP,0.90893876,GH¢ per GBP,ok,
2000-08-04,GBPGHS,Pound Sterling,Selling,"9,382.6179",GH¢ per GBP,0.93826179,GH¢ per GBP,ok,
2000-08-04,GBPGHS,Pound Sterling,Mid Rate,"9,236.0028",GH¢ per GBP,0.92360028,GH¢ per GBP,ok,
2000-08-04,JPYGHS,Japanese yen,Buying,56.2706,GH¢ per JPY,0.00562706,GH¢ per JPY,ok,
2000-08-04,JPYGHS,Japanese yen,Selling,58.0428,GH¢ per JPY,0.00580428,GH¢ per JPY,ok,
2000-08-04,JPYGHS,Japanese yen,Mid Rate,57.1567,GH¢ per JPY,0.00571567,GH¢ per JPY,ok,
2000-08-04,NOKGHS,Norwegian Krone,Buying,679.0473,GH¢ per NOK,0.06790473,GH¢ per NOK,ok,
2000-08-04,NOKGHS,Norwegian Krone,Selling,700.4724,GH¢ per NOK,0.07004724,GH¢ per NOK,ok,
2000-08-04,NOKGHS,Norwegian Krone,Mid Rate,689.7599,GH¢ per NOK,0.06897599,GH¢ per NOK,ok,
2000-08-04,SEKGHS,Swedish Krona,Buying,656.2972,GH¢ per SEK,0.06562972,GH¢ per SEK,ok,
2000-08-04,SEKGHS,Swedish Krona,Selling,676.8687,GH¢ per SEK,0.06768687,GH¢ per SEK,ok,
2000-08-04,SEKGHS,Swedish Krona,Mid Rate,666.5830,GH¢ per SEK,0.0666583,GH¢ per SEK,ok,
2000-08-07,USDGHS,US Dollar,Buying,"6,078.1800",GH¢ per USD,0.607818,GH¢ per USD,ok,
2000-08-07,USDGHS,US Dollar,Selling,"6,296.9100",GH¢ per USD,0.629691,GH¢ per USD,ok,
2000-08-07,USDGHS,US Dollar,Mid Rate,"6,187.5450",GH¢ per USD,0.6187545,GH¢ per USD,ok,
2000-08-07,AUDGHS,Australian Dollar,Buying,401.1447,GH¢ per AUD,0.04011447,GH¢ per AUD,ok,
2000-08-07,AUDGHS,Australian Dollar,Selling,"3,694.6666",GH¢ per AUD,0.36946666,GH¢ per AUD,ok,
2000-08-07,AUDGHS,Australian Dollar,Mid Rate,"2,047.9057",GH¢ per AUD,0.20479057,GH¢ per AUD,ok,
2000-08-07,CADGHS,Canadian Dollar,Buying,"4,072.7674",GH¢ per CAD,0.40727674,GH¢ per CAD,ok,
2000-08-07,CADGHS,Canadian Dollar,Selling,"4,215.6639",GH¢ per CAD,0.42156639,GH¢ per CAD,ok,
2000-08-07,CADGHS,Canadian Dollar,Mid Rate,"4,144.2157",GH¢ per CAD,0.41442157,GH¢ per CAD,ok,
2000-08-07,CHFGHS,Swiss Franc,Buying,"3,565.3573",GH¢ per CHF,0.35653573,GH¢ per CHF,ok,
2000-08-07,CHFGHS,Swiss Franc,Selling,"3,690.7767",GH¢ per CHF,0.36907767,GH¢ per CHF,ok,
2000-08-07,CHFGHS,Swiss Franc,Mid Rate,"3,628.0670",GH¢ per CHF,0.3628067,GH¢ per CHF,ok,
2000-08-07,DKKGHS,Danish Krone,Buying,740.1289,GH¢ per DKK,0.07401289,GH¢ per DKK,ok,
2000-08-07,DKKGHS,Danish Krone,Selling,766.3264,GH¢ per DKK,0.07663264,GH¢ per DKK,ok,
2000-08-07,DKKGHS,Danish Krone,Mid Rate,753.2277,GH¢ per DKK,0.07532277,GH¢ per DKK,ok,
2000-08-07,GBPGHS,Pound Sterling,Buying,"9,151.9156",GH¢ per GBP,0.91519156,GH¢ per GBP,ok,
2000-08-07,GBPGHS,Pound Sterling,Selling,"9,485.6652",GH¢ per GBP,0.94856652,GH¢ per GBP,ok,
2000-08-07,GBPGHS,Pound Sterling,Mid Rate,"9,318.7904",GH¢ per GBP,0.93187904,GH¢ per GBP,ok,
2000-08-07,JPYGHS,Japanese yen,Buying,55.9511,GH¢ per JPY,0.00559511,GH¢ per JPY,ok,
2000-08-07,JPYGHS,Japanese yen,Selling,57.9490,GH¢ per JPY,0.0057949,GH¢ per JPY,ok,
2000-08-07,JPYGHS,Japanese yen,Mid Rate,56.9501,GH¢ per JPY,0.00569501,GH¢ per JPY,ok,
2000-08-07,NOKGHS,Norwegian Krone,Buying,682.7648,GH¢ per NOK,0.06827648,GH¢ per NOK,ok,
2000-08-07,NOKGHS,Norwegian Krone,Selling,706.7936,GH¢ per NOK,0.07067936,GH¢ per NOK,ok,
2000-08-07,NOKGHS,Norwegian Krone,Mid Rate,694.7792,GH¢ per NOK,0.06947792,GH¢ per NOK,ok,
2000-08-07,SEKGHS,Swedish Krona,Buying,658.2833,GH¢ per SEK,0.06582833,GH¢ per SEK,ok,
2000-08-07,SEKGHS,Swedish Krona,Selling,681.0990,GH¢ per SEK,0.0681099,GH¢ per SEK,ok,
2000-08-07,SEKGHS,Swedish Krona,Mid Rate,669.6912,GH¢ per SEK,0.06696912,GH¢ per SEK,ok,
2000-08-08,USDGHS,US Dollar,Buying,"6,114.5500",GH¢ per USD,0.611455,GH¢ per USD,ok,
2000-08-08,USDGHS,US Dollar,Selling,"6,319.6400",GH¢ per USD,0.631964,GH¢ per USD,ok,
2000-08-08,USDGHS,US Dollar,Mid Rate,"6,217.0950",GH¢ per USD,0.6217095,GH¢ per USD,ok,
2000-08-08,AUDGHS,Australian Dollar,Buying,401.8288,GH¢ per AUD,0.04018288,GH¢ per AUD,ok,
2000-08-08,AUDGHS,Australian Dollar,Selling,"3,712.8017",GH¢ per AUD,0.37128017,GH¢ per AUD,ok,
2000-08-08,AUDGHS,Australian Dollar,Mid Rate,"2,057.3153",GH¢ per AUD,0.20573153,GH¢ per AUD,ok,
2000-08-08,CADGHS,Canadian Dollar,Buying,"4,114.1680",GH¢ per CAD,0.4114168,GH¢ per CAD,ok,
2000-08-08,CADGHS,Canadian Dollar,Selling,"4,249.9663",GH¢ per CAD,0.42499663,GH¢ per CAD,ok,
2000-08-08,CADGHS,Canadian Dollar,Mid Rate,"4,182.0672",GH¢ per CAD,0.41820672,GH¢ per CAD,ok,
2000-08-08,CHFGHS,Swiss Franc,Buying,"3,578.1616",GH¢ per CHF,0.35781616,GH¢ per CHF,ok,
2000-08-08,CHFGHS,Swiss Franc,Selling,"3,697.5992",GH¢ per CHF,0.36975992,GH¢ per CHF,ok,
2000-08-08,CHFGHS,Swiss Franc,Mid Rate,"3,637.8804",GH¢ per CHF,0.36378804,GH¢ per CHF,ok,
2000-08-08,DKKGHS,Danish Krone,Buying,741.1933,GH¢ per DKK,0.07411933,GH¢ per DKK,ok,
2000-08-08,DKKGHS,Danish Krone,Selling,765.9724,GH¢ per DKK,0.07659724,GH¢ per DKK,ok,
2000-08-08,DKKGHS,Danish Krone,Mid Rate,753.5829,GH¢ per DKK,0.07535829,GH¢ per DKK,ok,
2000-08-08,GBPGHS,Pound Sterling,Buying,"9,228.0789",GH¢ per GBP,0.92280789,GH¢ per GBP,ok,
2000-08-08,GBPGHS,Pound Sterling,Selling,"9,542.0244",GH¢ per GBP,0.95420244,GH¢ per GBP,ok,
2000-08-08,GBPGHS,Pound Sterling,Mid Rate,"9,385.0517",GH¢ per GBP,0.93850517,GH¢ per GBP,ok,
2000-08-08,JPYGHS,Japanese yen,Buying,56.2756,GH¢ per JPY,0.00562756,GH¢ per JPY,ok,
2000-08-08,JPYGHS,Japanese yen,Selling,58.1476,GH¢ per JPY,0.00581476,GH¢ per JPY,ok,
2000-08-08,JPYGHS,Japanese yen,Mid Rate,57.2116,GH¢ per JPY,0.00572116,GH¢ per JPY,ok,
2000-08-08,NOKGHS,Norwegian Krone,Buying,682.3382,GH¢ per NOK,0.06823382,GH¢ per NOK,ok,
2000-08-08,NOKGHS,Norwegian Krone,Selling,704.9212,GH¢ per NOK,0.07049212,GH¢ per NOK,ok,
2000-08-08,NOKGHS,Norwegian Krone,Mid Rate,693.6297,GH¢ per NOK,0.06936297,GH¢ per NOK,ok,
2000-08-08,SEKGHS,Swedish Krona,Buying,661.5158,GH¢ per SEK,0.06615158,GH¢ per SEK,ok,
2000-08-08,SEKGHS,Swedish Krona,Selling,683.0564,GH¢ per SEK,0.06830564,GH¢ per SEK,ok,
2000-08-08,SEKGHS,Swedish Krona,Mid Rate,672.2861,GH¢ per SEK,0.06722861,GH¢ per SEK,ok,
2000-08-09,USDGHS,US Dollar,Buying,"6,105.9100",GH¢ per USD,0.610591,GH¢ per USD,ok,
2000-08-09,USDGHS,US Dollar,Selling,"6,327.2700",GH¢ per USD,0.632727,GH¢ per USD,ok,
2000-08-09,USDGHS,US Dollar,Mid Rate,"6,216.5900",GH¢ per USD,0.621659,GH¢ per USD,ok,
2000-08-09,AUDGHS,Australian Dollar,Buying,398.2956,GH¢ per AUD,0.03982956,GH¢ per AUD,ok,
2000-08-09,AUDGHS,Australian Dollar,Selling,"3,686.9831",GH¢ per AUD,0.36869831,GH¢ per AUD,ok,
2000-08-09,AUDGHS,Australian Dollar,Mid Rate,"2,042.6394",GH¢ per AUD,0.20426394,GH¢ per AUD,ok,
2000-08-09,CADGHS,Canadian Dollar,Buying,"4,108.9742",GH¢ per CAD,0.41089742,GH¢ per CAD,ok,
2000-08-09,CADGHS,Canadian Dollar,Selling,"4,254.9829",GH¢ per CAD,0.42549829,GH¢ per CAD,ok,
2000-08-09,CADGHS,Canadian Dollar,Mid Rate,"4,181.9786",GH¢ per CAD,0.41819786,GH¢ per CAD,ok,
2000-08-09,CHFGHS,Swiss Franc,Buying,"3,546.6384",GH¢ per CHF,0.35466384,GH¢ per CHF,ok,
2000-08-09,CHFGHS,Swiss Franc,Selling,"3,673.0473",GH¢ per CHF,0.36730473,GH¢ per CHF,ok,
2000-08-09,CHFGHS,Swiss Franc,Mid Rate,"3,609.8429",GH¢ per CHF,0.36098429,GH¢ per CHF,ok,
2000-08-09,DKKGHS,Danish Krone,Buying,734.9254,GH¢ per DKK,0.07349254,GH¢ per DKK,ok,
2000-08-09,DKKGHS,Danish Krone,Selling,761.1929,GH¢ per DKK,0.07611929,GH¢ per DKK,ok,
2000-08-09,DKKGHS,Danish Krone,Mid Rate,748.0592,GH¢ per DKK,0.07480592,GH¢ per DKK,ok,
2000-08-09,GBPGHS,Pound Sterling,Buying,"9,176.5721",GH¢ per GBP,0.91765721,GH¢ per GBP,ok,
2000-08-09,GBPGHS,Pound Sterling,Selling,"9,509.8868",GH¢ per GBP,0.95098868,GH¢ per GBP,ok,
2000-08-09,GBPGHS,Pound Sterling,Mid Rate,"9,343.2295",GH¢ per GBP,0.93432295,GH¢ per GBP,ok,
2000-08-09,JPYGHS,Japanese yen,Buying,56.4157,GH¢ per JPY,0.00564157,GH¢ per JPY,ok,
2000-08-09,JPYGHS,Japanese yen,Selling,58.4217,GH¢ per JPY,0.00584217,GH¢ per JPY,ok,
2000-08-09,JPYGHS,Japanese yen,Mid Rate,57.4187,GH¢ per JPY,0.00574187,GH¢ per JPY,ok,
2000-08-09,NOKGHS,Norwegian Krone,Buying,677.5328,GH¢ per NOK,0.06775328,GH¢ per NOK,ok,
2000-08-09,NOKGHS,Norwegian Krone,Selling,701.7020,GH¢ per NOK,0.0701702,GH¢ per NOK,ok,
2000-08-09,NOKGHS,Norwegian Krone,Mid Rate,689.6174,GH¢ per NOK,0.06896174,GH¢ per NOK,ok,
2000-08-09,SEKGHS,Swedish Krona,Buying,658.6025,GH¢ per SEK,0.06586025,GH¢ per SEK,ok,
2000-08-09,SEKGHS,Swedish Krona,Selling,681.7465,GH¢ per SEK,0.06817465,GH¢ per SEK,ok,
2000-08-09,SEKGHS,Swedish Krona,Mid Rate,670.1745,GH¢ per SEK,0.06701745,GH¢ per SEK,ok,
2000-08-10,USDGHS,US Dollar,Buying,"6,146.0000",GH¢ per USD,0.6146,GH¢ per USD,ok,
2000-08-10,USDGHS,US Dollar,Selling,"6,367.9100",GH¢ per USD,0.636791,GH¢ per USD,ok,
2000-08-10,USDGHS,US Dollar,Mid Rate,"6,256.9550",GH¢ per USD,0.6256955,GH¢ per USD,ok,
2000-08-10,AUDGHS,Australian Dollar,Buying,403.8132,GH¢ per AUD,0.04038132,GH¢ per AUD,ok,
2000-08-10,AUDGHS,Australian Dollar,Selling,"3,686.0647",GH¢ per AUD,0.36860647,GH¢ per AUD,ok,
2000-08-10,AUDGHS,Australian Dollar,Mid Rate,"2,044.9390",GH¢ per AUD,0.2044939,GH¢ per AUD,ok,
2000-08-10,CADGHS,Canadian Dollar,Buying,"4,145.1503",GH¢ per CAD,0.41451503,GH¢ per CAD,ok,
2000-08-10,CADGHS,Canadian Dollar,Selling,"4,293.5519",GH¢ per CAD,0.42935519,GH¢ per CAD,ok,
2000-08-10,CADGHS,Canadian Dollar,Mid Rate,"4,219.3511",GH¢ per CAD,0.42193511,GH¢ per CAD,ok,
2000-08-10,CHFGHS,Swiss Franc,Buying,"3,594.8347",GH¢ per CHF,0.35948347,GH¢ per CHF,ok,
2000-08-10,CHFGHS,Swiss Franc,Selling,"3,723.9240",GH¢ per CHF,0.3723924,GH¢ per CHF,ok,
2000-08-10,CHFGHS,Swiss Franc,Mid Rate,"3,659.3794",GH¢ per CHF,0.36593794,GH¢ per CHF,ok,
2000-08-10,DKKGHS,Danish Krone,Buying,745.0615,GH¢ per DKK,0.07450615,GH¢ per DKK,ok,
2000-08-10,DKKGHS,Danish Krone,Selling,771.7307,GH¢ per DKK,0.07717307,GH¢ per DKK,ok,
2000-08-10,DKKGHS,Danish Krone,Mid Rate,758.3961,GH¢ per DKK,0.07583961,GH¢ per DKK,ok,
2000-08-10,GBPGHS,Pound Sterling,Buying,"9,217.1562",GH¢ per GBP,0.92171562,GH¢ per GBP,ok,
2000-08-10,GBPGHS,Pound Sterling,Selling,"9,551.8650",GH¢ per GBP,0.9551865,GH¢ per GBP,ok,
2000-08-10,GBPGHS,Pound Sterling,Mid Rate,"9,384.5106",GH¢ per GBP,0.93845106,GH¢ per GBP,ok,
2000-08-10,JPYGHS,Japanese yen,Buying,57.0899,GH¢ per JPY,0.00570899,GH¢ per JPY,ok,
2000-08-10,JPYGHS,Japanese yen,Selling,59.1191,GH¢ per JPY,0.00591191,GH¢ per JPY,ok,
2000-08-10,JPYGHS,Japanese yen,Mid Rate,58.1045,GH¢ per JPY,0.00581045,GH¢ per JPY,ok,
2000-08-10,NOKGHS,Norwegian Krone,Buying,685.5555,GH¢ per NOK,0.06855555,GH¢ per NOK,ok,
2000-08-10,NOKGHS,Norwegian Krone,Selling,709.9594,GH¢ per NOK,0.07099594,GH¢ per NOK,ok,
2000-08-10,NOKGHS,Norwegian Krone,Mid Rate,697.7575,GH¢ per NOK,0.06977575,GH¢ per NOK,ok,
2000-08-10,SEKGHS,Swedish Krona,Buying,666.1624,GH¢ per SEK,0.06661624,GH¢ per SEK,ok,
2000-08-10,SEKGHS,Swedish Krona,Selling,689.5110,GH¢ per SEK,0.0689511,GH¢ per SEK,ok,
2000-08-10,SEKGHS,Swedish Krona,Mid Rate,677.8367,GH¢ per SEK,0.06778367,GH¢ per SEK,ok,
2000-08-11,USDGHS,US Dollar,Buying,"6,164.1800",GH¢ per USD,0.616418,GH¢ per USD,ok,
2000-08-11,USDGHS,US Dollar,Selling,"6,391.5500",GH¢ per USD,0.639155,GH¢ per USD,ok,
2000-08-11,USDGHS,US Dollar,Mid Rate,"6,277.8650",GH¢ per USD,0.6277865,GH¢ per USD,ok,
2000-08-11,AUDGHS,Australian Dollar,Buying,407.8671,GH¢ per AUD,0.04078671,GH¢ per AUD,ok,
2000-08-11,AUDGHS,Australian Dollar,Selling,"3,727.2317",GH¢ per AUD,0.37272317,GH¢ per AUD,ok,
2000-08-11,AUDGHS,Australian Dollar,Mid Rate,"2,067.5494",GH¢ per AUD,0.20675494,GH¢ per AUD,ok,
2000-08-11,CADGHS,Canadian Dollar,Buying,"4,158.4635",GH¢ per CAD,0.41584635,GH¢ per CAD,ok,
2000-08-11,CADGHS,Canadian Dollar,Selling,"4,309.2299",GH¢ per CAD,0.43092299,GH¢ per CAD,ok,
2000-08-11,CADGHS,Canadian Dollar,Mid Rate,"4,233.8467",GH¢ per CAD,0.42338467,GH¢ per CAD,ok,
2000-08-11,CHFGHS,Swiss Franc,Buying,"3,618.6042",GH¢ per CHF,0.36186042,GH¢ per CHF,ok,
2000-08-11,CHFGHS,Swiss Franc,Selling,"3,748.9524",GH¢ per CHF,0.37489524,GH¢ per CHF,ok,
2000-08-11,CHFGHS,Swiss Franc,Mid Rate,"3,683.7783",GH¢ per CHF,0.36837783,GH¢ per CHF,ok,
2000-08-11,DKKGHS,Danish Krone,Buying,752.8440,GH¢ per DKK,0.0752844,GH¢ per DKK,ok,
2000-08-11,DKKGHS,Danish Krone,Selling,780.0995,GH¢ per DKK,0.07800995,GH¢ per DKK,ok,
2000-08-11,DKKGHS,Danish Krone,Mid Rate,766.4718,GH¢ per DKK,0.07664718,GH¢ per DKK,ok,
2000-08-11,GBPGHS,Pound Sterling,Buying,"9,240.1058",GH¢ per GBP,0.92401058,GH¢ per GBP,ok,
2000-08-11,GBPGHS,Pound Sterling,Selling,"9,581.5726",GH¢ per GBP,0.95815726,GH¢ per GBP,ok,
2000-08-11,GBPGHS,Pound Sterling,Mid Rate,"9,410.8392",GH¢ per GBP,0.94108392,GH¢ per GBP,ok,
2000-08-11,JPYGHS,Japanese yen,Buying,56.7261,GH¢ per JPY,0.00567261,GH¢ per JPY,ok,
2000-08-11,JPYGHS,Japanese yen,Selling,58.7791,GH¢ per JPY,0.00587791,GH¢ per JPY,ok,
2000-08-11,JPYGHS,Japanese yen,Mid Rate,57.7526,GH¢ per JPY,0.00577526,GH¢ per JPY,ok,
2000-08-11,NOKGHS,Norwegian Krone,Buying,690.9110,GH¢ per NOK,0.0690911,GH¢ per NOK,ok,
2000-08-11,NOKGHS,Norwegian Krone,Selling,715.8013,GH¢ per NOK,0.07158013,GH¢ per NOK,ok,
2000-08-11,NOKGHS,Norwegian Krone,Mid Rate,703.3562,GH¢ per NOK,0.07033562,GH¢ per NOK,ok,
2000-08-11,SEKGHS,Swedish Krona,Buying,671.4656,GH¢ per SEK,0.06714656,GH¢ per SEK,ok,
2000-08-11,SEKGHS,Swedish Krona,Selling,695.2943,GH¢ per SEK,0.06952943,GH¢ per SEK,ok,
2000-08-11,SEKGHS,Swedish Krona,Mid Rate,683.3800,GH¢ per SEK,0.068338,GH¢ per SEK,ok,
2000-08-14,USDGHS,US Dollar,Buying,"6,165.8200",GH¢ per USD,0.616582,GH¢ per USD,ok,
2000-08-14,USDGHS,US Dollar,Selling,"6,393.7300",GH¢ per USD,0.639373,GH¢ per USD,ok,
2000-08-14,USDGHS,US Dollar,Mid Rate,"6,279.7750",GH¢ per USD,0.6279775,GH¢ per USD,ok,
2000-08-14,AUDGHS,Australian Dollar,Buying,404.4431,GH¢ per AUD,0.04044431,GH¢ per AUD,ok,
2000-08-14,AUDGHS,Australian Dollar,Selling,"3,706.2693",GH¢ per AUD,0.37062693,GH¢ per AUD,ok,
2000-08-14,AUDGHS,Australian Dollar,Mid Rate,"2,055.3562",GH¢ per AUD,0.20553562,GH¢ per AUD,ok,
2000-08-14,CADGHS,Canadian Dollar,Buying,"4,160.5650",GH¢ per CAD,0.4160565,GH¢ per CAD,ok,
2000-08-14,CADGHS,Canadian Dollar,Selling,"4,312.8845",GH¢ per CAD,0.43128845,GH¢ per CAD,ok,
2000-08-14,CADGHS,Canadian Dollar,Mid Rate,"4,236.7248",GH¢ per CAD,0.42367248,GH¢ per CAD,ok,
2000-08-14,CHFGHS,Swiss Franc,Buying,"3,582.3066",GH¢ per CHF,0.35823066,GH¢ per CHF,ok,
2000-08-14,CHFGHS,Swiss Franc,Selling,"3,713.6598",GH¢ per CHF,0.37136598,GH¢ per CHF,ok,
2000-08-14,CHFGHS,Swiss Franc,Mid Rate,"3,647.9832",GH¢ per CHF,0.36479832,GH¢ per CHF,ok,
2000-08-14,DKKGHS,Danish Krone,Buying,746.0183,GH¢ per DKK,0.07460183,GH¢ per DKK,ok,
2000-08-14,DKKGHS,Danish Krone,Selling,773.4027,GH¢ per DKK,0.07734027,GH¢ per DKK,ok,
2000-08-14,DKKGHS,Danish Krone,Mid Rate,759.7105,GH¢ per DKK,0.07597105,GH¢ per DKK,ok,
2000-08-14,GBPGHS,Pound Sterling,Buying,"9,265.9943",GH¢ per GBP,0.92659943,GH¢ per GBP,ok,
2000-08-14,GBPGHS,Pound Sterling,Selling,"9,611.6943",GH¢ per GBP,0.96116943,GH¢ per GBP,ok,
2000-08-14,GBPGHS,Pound Sterling,Mid Rate,"9,438.8443",GH¢ per GBP,0.94388443,GH¢ per GBP,ok,
2000-08-14,JPYGHS,Japanese yen,Buying,56.7213,GH¢ per JPY,0.00567213,GH¢ per JPY,ok,
2000-08-14,JPYGHS,Japanese yen,Selling,58.7943,GH¢ per JPY,0.00587943,GH¢ per JPY,ok,
2000-08-14,JPYGHS,Japanese yen,Mid Rate,57.7578,GH¢ per JPY,0.00577578,GH¢ per JPY,ok,
2000-08-14,NOKGHS,Norwegian Krone,Buying,689.3828,GH¢ per NOK,0.06893828,GH¢ per NOK,ok,
2000-08-14,NOKGHS,Norwegian Krone,Selling,714.4648,GH¢ per NOK,0.07144648,GH¢ per NOK,ok,
2000-08-14,NOKGHS,Norwegian Krone,Mid Rate,701.9238,GH¢ per NOK,0.07019238,GH¢ per NOK,ok,
2000-08-14,SEKGHS,Swedish Krona,Buying,667.5837,GH¢ per SEK,0.06675837,GH¢ per SEK,ok,
2000-08-14,SEKGHS,Swedish Krona,Selling,691.5137,GH¢ per SEK,0.06915137,GH¢ per SEK,ok,
2000-08-14,SEKGHS,Swedish Krona,Mid Rate,679.5487,GH¢ per SEK,0.06795487,GH¢ per SEK,ok,
2000-08-15,USDGHS,US Dollar,Buying,"6,216.9100",GH¢ per USD,0.621691,GH¢ per USD,ok,
2000-08-15,USDGHS,US Dollar,Selling,"6,414.0900",GH¢ per USD,0.641409,GH¢ per USD,ok,
2000-08-15,USDGHS,US Dollar,Mid Rate,"6,315.5000",GH¢ per USD,0.63155,GH¢ per USD,ok,
2000-08-15,AUDGHS,Australian Dollar,Buying,409.8927,GH¢ per AUD,0.04098927,GH¢ per AUD,ok,
2000-08-15,AUDGHS,Australian Dollar,Selling,"3,747.2571",GH¢ per AUD,0.37472571,GH¢ per AUD,ok,
2000-08-15,AUDGHS,Australian Dollar,Mid Rate,"2,078.5749",GH¢ per AUD,0.20785749,GH¢ per AUD,ok,
2000-08-15,CADGHS,Canadian Dollar,Buying,"4,189.8377",GH¢ per CAD,0.41898377,GH¢ per CAD,ok,
2000-08-15,CADGHS,Canadian Dollar,Selling,"4,319.7225",GH¢ per CAD,0.43197225,GH¢ per CAD,ok,
2000-08-15,CADGHS,Canadian Dollar,Mid Rate,"4,254.7801",GH¢ per CAD,0.42547801,GH¢ per CAD,ok,
2000-08-15,CHFGHS,Swiss Franc,Buying,"3,623.0315",GH¢ per CHF,0.36230315,GH¢ per CHF,ok,
2000-08-15,CHFGHS,Swiss Franc,Selling,"3,735.7196",GH¢ per CHF,0.37357196,GH¢ per CHF,ok,
2000-08-15,CHFGHS,Swiss Franc,Mid Rate,"3,679.3756",GH¢ per CHF,0.36793756,GH¢ per CHF,ok,
2000-08-15,DKKGHS,Danish Krone,Buying,756.1493,GH¢ per DKK,0.07561493,GH¢ per DKK,ok,
2000-08-15,DKKGHS,Danish Krone,Selling,779.6679,GH¢ per DKK,0.07796679,GH¢ per DKK,ok,
2000-08-15,DKKGHS,Danish Krone,Mid Rate,767.9086,GH¢ per DKK,0.07679086,GH¢ per DKK,ok,
2000-08-15,GBPGHS,Pound Sterling,Buying,"9,386.9124",GH¢ per GBP,0.93869124,GH¢ per GBP,ok,
2000-08-15,GBPGHS,Pound Sterling,Selling,"9,687.8415",GH¢ per GBP,0.96878415,GH¢ per GBP,ok,
2000-08-15,GBPGHS,Pound Sterling,Mid Rate,"9,537.3770",GH¢ per GBP,0.9537377,GH¢ per GBP,ok,
2000-08-15,JPYGHS,Japanese yen,Buying,56.8697,GH¢ per JPY,0.00568697,GH¢ per JPY,ok,
2000-08-15,JPYGHS,Japanese yen,Selling,58.6502,GH¢ per JPY,0.00586502,GH¢ per JPY,ok,
2000-08-15,JPYGHS,Japanese yen,Mid Rate,57.7600,GH¢ per JPY,0.005776,GH¢ per JPY,ok,
2000-08-15,NOKGHS,Norwegian Krone,Buying,699.0291,GH¢ per NOK,0.06990291,GH¢ per NOK,ok,
2000-08-15,NOKGHS,Norwegian Krone,Selling,720.7947,GH¢ per NOK,0.07207947,GH¢ per NOK,ok,
2000-08-15,NOKGHS,Norwegian Krone,Mid Rate,709.9119,GH¢ per NOK,0.07099119,GH¢ per NOK,ok,
2000-08-15,SEKGHS,Swedish Krona,Buying,677.2566,GH¢ per SEK,0.06772566,GH¢ per SEK,ok,
2000-08-15,SEKGHS,Swedish Krona,Selling,697.9763,GH¢ per SEK,0.06979763,GH¢ per SEK,ok,
2000-08-15,SEKGHS,Swedish Krona,Mid Rate,687.6165,GH¢ per SEK,0.06876165,GH¢ per SEK,ok,
2000-08-16,USDGHS,US Dollar,Buying,"6,229.7300",GH¢ per USD,0.622973,GH¢ per USD,ok,
2000-08-16,USDGHS,US Dollar,Selling,"6,434.4500",GH¢ per USD,0.643445,GH¢ per USD,ok,
2000-08-16,USDGHS,US Dollar,Mid Rate,"6,332.0900",GH¢ per USD,0.633209,GH¢ per USD,ok,
2000-08-16,AUDGHS,Australian Dollar,Buying,412.9550,GH¢ per AUD,0.0412955,GH¢ per AUD,ok,
2000-08-16,AUDGHS,Australian Dollar,Selling,"3,796.4856",GH¢ per AUD,0.37964856,GH¢ per AUD,ok,
2000-08-16,AUDGHS,Australian Dollar,Mid Rate,"2,104.7203",GH¢ per AUD,0.21047203,GH¢ per AUD,ok,
2000-08-16,CADGHS,Canadian Dollar,Buying,"4,205.5440",GH¢ per CAD,0.4205544,GH¢ per CAD,ok,
2000-08-16,CADGHS,Canadian Dollar,Selling,"4,341.3679",GH¢ per CAD,0.43413679,GH¢ per CAD,ok,
2000-08-16,CADGHS,Canadian Dollar,Mid Rate,"4,273.4560",GH¢ per CAD,0.4273456,GH¢ per CAD,ok,
2000-08-16,CHFGHS,Swiss Franc,Buying,"3,637.7048",GH¢ per CHF,0.36377048,GH¢ per CHF,ok,
2000-08-16,CHFGHS,Swiss Franc,Selling,"3,756.0964",GH¢ per CHF,0.37560964,GH¢ per CHF,ok,
2000-08-16,CHFGHS,Swiss Franc,Mid Rate,"3,696.9006",GH¢ per CHF,0.36969006,GH¢ per CHF,ok,
2000-08-16,DKKGHS,Danish Krone,Buying,761.8908,GH¢ per DKK,0.07618908,GH¢ per DKK,ok,
2000-08-16,DKKGHS,Danish Krone,Selling,786.6510,GH¢ per DKK,0.0786651,GH¢ per DKK,ok,
2000-08-16,DKKGHS,Danish Krone,Mid Rate,774.2709,GH¢ per DKK,0.07742709,GH¢ per DKK,ok,
2000-08-16,GBPGHS,Pound Sterling,Buying,"9,351.4477",GH¢ per GBP,0.93514477,GH¢ per GBP,ok,
2000-08-16,GBPGHS,Pound Sterling,Selling,"9,665.1874",GH¢ per GBP,0.96651874,GH¢ per GBP,ok,
2000-08-16,GBPGHS,Pound Sterling,Mid Rate,"9,508.3176",GH¢ per GBP,0.95083176,GH¢ per GBP,ok,
2000-08-16,JPYGHS,Japanese yen,Buying,57.2725,GH¢ per JPY,0.00572725,GH¢ per JPY,ok,
2000-08-16,JPYGHS,Japanese yen,Selling,59.1505,GH¢ per JPY,0.00591505,GH¢ per JPY,ok,
2000-08-16,JPYGHS,Japanese yen,Mid Rate,58.2115,GH¢ per JPY,0.00582115,GH¢ per JPY,ok,
2000-08-16,NOKGHS,Norwegian Krone,Buying,700.7874,GH¢ per NOK,0.07007874,GH¢ per NOK,ok,
2000-08-16,NOKGHS,Norwegian Krone,Selling,723.5072,GH¢ per NOK,0.07235072,GH¢ per NOK,ok,
2000-08-16,NOKGHS,Norwegian Krone,Mid Rate,712.1473,GH¢ per NOK,0.07121473,GH¢ per NOK,ok,
2000-08-16,SEKGHS,Swedish Krona,Buying,677.7639,GH¢ per SEK,0.06777639,GH¢ per SEK,ok,
2000-08-16,SEKGHS,Swedish Krona,Selling,699.3674,GH¢ per SEK,0.06993674,GH¢ per SEK,ok,
2000-08-16,SEKGHS,Swedish Krona,Mid Rate,688.5657,GH¢ per SEK,0.06885657,GH¢ per SEK,ok,
2000-08-17,USDGHS,US Dollar,Buying,"6,240.0000",GH¢ per USD,0.624,GH¢ per USD,ok,
2000-08-17,USDGHS,US Dollar,Selling,"6,447.1800",GH¢ per USD,0.644718,GH¢ per USD,ok,
2000-08-17,USDGHS,US Dollar,Mid Rate,"6,343.5900",GH¢ per USD,0.634359,GH¢ per USD,ok,
2000-08-17,AUDGHS,Australian Dollar,Buying,414.0380,GH¢ per AUD,0.0414038,GH¢ per AUD,ok,
2000-08-17,AUDGHS,Australian Dollar,Selling,"3,804.9406",GH¢ per AUD,0.38049406,GH¢ per AUD,ok,
2000-08-17,AUDGHS,Australian Dollar,Mid Rate,"2,109.4893",GH¢ per AUD,0.21094893,GH¢ per AUD,ok,
2000-08-17,CADGHS,Canadian Dollar,Buying,"4,232.5319",GH¢ per CAD,0.42325319,GH¢ per CAD,ok,
2000-08-17,CADGHS,Canadian Dollar,Selling,"4,367.4257",GH¢ per CAD,0.43674257,GH¢ per CAD,ok,
2000-08-17,CADGHS,Canadian Dollar,Mid Rate,"4,299.9788",GH¢ per CAD,0.42999788,GH¢ per CAD,ok,
2000-08-17,CHFGHS,Swiss Franc,Buying,"3,647.8241",GH¢ per CHF,0.36478241,GH¢ per CHF,ok,
2000-08-17,CHFGHS,Swiss Franc,Selling,"3,765.5207",GH¢ per CHF,0.37655207,GH¢ per CHF,ok,
2000-08-17,CHFGHS,Swiss Franc,Mid Rate,"3,706.6724",GH¢ per CHF,0.37066724,GH¢ per CHF,ok,
2000-08-17,DKKGHS,Danish Krone,Buying,763.5673,GH¢ per DKK,0.07635673,GH¢ per DKK,ok,
2000-08-17,DKKGHS,Danish Krone,Selling,788.2515,GH¢ per DKK,0.07882515,GH¢ per DKK,ok,
2000-08-17,DKKGHS,Danish Krone,Mid Rate,775.9094,GH¢ per DKK,0.07759094,GH¢ per DKK,ok,
2000-08-17,GBPGHS,Pound Sterling,Buying,"9,358.1280",GH¢ per GBP,0.9358128,GH¢ per GBP,ok,
2000-08-17,GBPGHS,Pound Sterling,Selling,"9,669.4806",GH¢ per GBP,0.96694806,GH¢ per GBP,ok,
2000-08-17,GBPGHS,Pound Sterling,Mid Rate,"9,513.8043",GH¢ per GBP,0.95138043,GH¢ per GBP,ok,
2000-08-17,JPYGHS,Japanese yen,Buying,57.5956,GH¢ per JPY,0.00575956,GH¢ per JPY,ok,
2000-08-17,JPYGHS,Japanese yen,Selling,59.4679,GH¢ per JPY,0.00594679,GH¢ per JPY,ok,
2000-08-17,JPYGHS,Japanese yen,Mid Rate,58.5318,GH¢ per JPY,0.00585318,GH¢ per JPY,ok,
2000-08-17,NOKGHS,Norwegian Krone,Buying,702.8946,GH¢ per NOK,0.07028946,GH¢ per NOK,ok,
2000-08-17,NOKGHS,Norwegian Krone,Selling,725.3870,GH¢ per NOK,0.0725387,GH¢ per NOK,ok,
2000-08-17,NOKGHS,Norwegian Krone,Mid Rate,714.1408,GH¢ per NOK,0.07141408,GH¢ per NOK,ok,
2000-08-17,SEKGHS,Swedish Krona,Buying,676.5173,GH¢ per SEK,0.06765173,GH¢ per SEK,ok,
2000-08-17,SEKGHS,Swedish Krona,Selling,697.8048,GH¢ per SEK,0.06978048,GH¢ per SEK,ok,
2000-08-17,SEKGHS,Swedish Krona,Mid Rate,687.1611,GH¢ per SEK,0.06871611,GH¢ per SEK,ok,
2000-08-18,USDGHS,US Dollar,Buying,"6,242.2700",GH¢ per USD,0.624227,GH¢ per USD,ok,
2000-08-18,USDGHS,US Dollar,Selling,"6,448.3600",GH¢ per USD,0.644836,GH¢ per USD,ok,
2000-08-18,USDGHS,US Dollar,Mid Rate,"6,345.3150",GH¢ per USD,0.6345315,GH¢ per USD,ok,
2000-08-18,AUDGHS,Australian Dollar,Buying,416.0939,GH¢ per AUD,0.04160939,GH¢ per AUD,ok,
2000-08-18,AUDGHS,Australian Dollar,Selling,"3,828.7129",GH¢ per AUD,0.38287129,GH¢ per AUD,ok,
2000-08-18,AUDGHS,Australian Dollar,Mid Rate,"2,122.4034",GH¢ per AUD,0.21224034,GH¢ per AUD,ok,
2000-08-18,CADGHS,Canadian Dollar,Buying,"4,235.4824",GH¢ per CAD,0.42354824,GH¢ per CAD,ok,
2000-08-18,CADGHS,Canadian Dollar,Selling,"4,371.4181",GH¢ per CAD,0.43714181,GH¢ per CAD,ok,
2000-08-18,CADGHS,Canadian Dollar,Mid Rate,"4,303.4503",GH¢ per CAD,0.43034503,GH¢ per CAD,ok,
2000-08-18,CHFGHS,Swiss Franc,Buying,"3,660.8139",GH¢ per CHF,0.36608139,GH¢ per CHF,ok,
2000-08-18,CHFGHS,Swiss Franc,Selling,"3,778.7067",GH¢ per CHF,0.37787067,GH¢ per CHF,ok,
2000-08-18,CHFGHS,Swiss Franc,Mid Rate,"3,719.7603",GH¢ per CHF,0.37197603,GH¢ per CHF,ok,
2000-08-18,DKKGHS,Danish Krone,Buying,767.6764,GH¢ per DKK,0.07676764,GH¢ per DKK,ok,
2000-08-18,DKKGHS,Danish Krone,Selling,792.6628,GH¢ per DKK,0.07926628,GH¢ per DKK,ok,
2000-08-18,DKKGHS,Danish Krone,Mid Rate,780.1696,GH¢ per DKK,0.07801696,GH¢ per DKK,ok,
2000-08-18,GBPGHS,Pound Sterling,Buying,"9,340.9328",GH¢ per GBP,0.93409328,GH¢ per GBP,ok,
2000-08-18,GBPGHS,Pound Sterling,Selling,"9,653.8398",GH¢ per GBP,0.96538398,GH¢ per GBP,ok,
2000-08-18,GBPGHS,Pound Sterling,Mid Rate,"9,497.3863",GH¢ per GBP,0.94973863,GH¢ per GBP,ok,
2000-08-18,JPYGHS,Japanese yen,Buying,57.3591,GH¢ per JPY,0.00573591,GH¢ per JPY,ok,
2000-08-18,JPYGHS,Japanese yen,Selling,59.2369,GH¢ per JPY,0.00592369,GH¢ per JPY,ok,
2000-08-18,JPYGHS,Japanese yen,Mid Rate,58.2980,GH¢ per JPY,0.0058298,GH¢ per JPY,ok,
2000-08-18,NOKGHS,Norwegian Krone,Buying,707.7805,GH¢ per NOK,0.07077805,GH¢ per NOK,ok,
2000-08-18,NOKGHS,Norwegian Krone,Selling,730.5932,GH¢ per NOK,0.07305932,GH¢ per NOK,ok,
2000-08-18,NOKGHS,Norwegian Krone,Mid Rate,719.1869,GH¢ per NOK,0.07191869,GH¢ per NOK,ok,
2000-08-18,SEKGHS,Swedish Krona,Buying,680.2261,GH¢ per SEK,0.06802261,GH¢ per SEK,ok,
2000-08-18,SEKGHS,Swedish Krona,Selling,701.7759,GH¢ per SEK,0.07017759,GH¢ per SEK,ok,
2000-08-18,SEKGHS,Swedish Krona,Mid Rate,691.0010,GH¢ per SEK,0.0691001,GH¢ per SEK,ok,
2000-08-21,USDGHS,US Dollar,Buying,"6,243.3600",GH¢ per USD,0.624336,GH¢ per USD,ok,
2000-08-21,USDGHS,US Dollar,Selling,"6,460.2700",GH¢ per USD,0.646027,GH¢ per USD,ok,
2000-08-21,USDGHS,US Dollar,Mid Rate,"6,351.8150",GH¢ per USD,0.6351815,GH¢ per USD,ok,
2000-08-21,AUDGHS,Australian Dollar,Buying,410.5902,GH¢ per AUD,0.04105902,GH¢ per AUD,ok,
2000-08-21,AUDGHS,Australian Dollar,Selling,"3,815.7146",GH¢ per AUD,0.38157146,GH¢ per AUD,ok,
2000-08-21,AUDGHS,Australian Dollar,Mid Rate,"2,113.1524",GH¢ per AUD,0.21131524,GH¢ per AUD,ok,
2000-08-21,CADGHS,Canadian Dollar,Buying,"4,234.1529",GH¢ per CAD,0.42341529,GH¢ per CAD,ok,
2000-08-21,CADGHS,Canadian Dollar,Selling,"4,378.7546",GH¢ per CAD,0.43787546,GH¢ per CAD,ok,
2000-08-21,CADGHS,Canadian Dollar,Mid Rate,"4,306.4538",GH¢ per CAD,0.43064538,GH¢ per CAD,ok,
2000-08-21,CHFGHS,Swiss Franc,Buying,"3,623.7191",GH¢ per CHF,0.36237191,GH¢ per CHF,ok,
2000-08-21,CHFGHS,Swiss Franc,Selling,"3,746.4343",GH¢ per CHF,0.37464343,GH¢ per CHF,ok,
2000-08-21,CHFGHS,Swiss Franc,Mid Rate,"3,685.0767",GH¢ per CHF,0.36850767,GH¢ per CHF,ok,
2000-08-21,DKKGHS,Danish Krone,Buying,758.0152,GH¢ per DKK,0.07580152,GH¢ per DKK,ok,
2000-08-21,DKKGHS,Danish Krone,Selling,783.6727,GH¢ per DKK,0.07836727,GH¢ per DKK,ok,
2000-08-21,DKKGHS,Danish Krone,Mid Rate,770.8440,GH¢ per DKK,0.0770844,GH¢ per DKK,ok,
2000-08-21,GBPGHS,Pound Sterling,Buying,"9,312.5958",GH¢ per GBP,0.93125958,GH¢ per GBP,ok,
2000-08-21,GBPGHS,Pound Sterling,Selling,"9,638.0768",GH¢ per GBP,0.96380768,GH¢ per GBP,ok,
2000-08-21,GBPGHS,Pound Sterling,Mid Rate,"9,475.3363",GH¢ per GBP,0.94753363,GH¢ per GBP,ok,
2000-08-21,JPYGHS,Japanese yen,Buying,57.9034,GH¢ per JPY,0.00579034,GH¢ per JPY,ok,
2000-08-21,JPYGHS,Japanese yen,Selling,59.8824,GH¢ per JPY,0.00598824,GH¢ per JPY,ok,
2000-08-21,JPYGHS,Japanese yen,Mid Rate,58.8929,GH¢ per JPY,0.00588929,GH¢ per JPY,ok,
2000-08-21,NOKGHS,Norwegian Krone,Buying,702.0056,GH¢ per NOK,0.07020056,GH¢ per NOK,ok,
2000-08-21,NOKGHS,Norwegian Krone,Selling,725.7916,GH¢ per NOK,0.07257916,GH¢ per NOK,ok,
2000-08-21,NOKGHS,Norwegian Krone,Mid Rate,713.8986,GH¢ per NOK,0.07138986,GH¢ per NOK,ok,
2000-08-21,SEKGHS,Swedish Krona,Buying,672.0790,GH¢ per SEK,0.0672079,GH¢ per SEK,ok,
2000-08-21,SEKGHS,Swedish Krona,Selling,694.4960,GH¢ per SEK,0.0694496,GH¢ per SEK,ok,
2000-08-21,SEKGHS,Swedish Krona,Mid Rate,683.2875,GH¢ per SEK,0.06832875,GH¢ per SEK,ok,
2000-08-22,USDGHS,US Dollar,Buying,"6,248.0000",GH¢ per USD,0.6248,GH¢ per USD,ok,
2000-08-22,USDGHS,US Dollar,Selling,"6,461.3600",GH¢ per USD,0.646136,GH¢ per USD,ok,
2000-08-22,USDGHS,US Dollar,Mid Rate,"6,354.6800",GH¢ per USD,0.635468,GH¢ per USD,ok,
2000-08-22,AUDGHS,Australian Dollar,Buying,409.9437,GH¢ per AUD,0.04099437,GH¢ per AUD,ok,
2000-08-22,AUDGHS,Australian Dollar,Selling,"3,813.4320",GH¢ per AUD,0.3813432,GH¢ per AUD,ok,
2000-08-22,AUDGHS,Australian Dollar,Mid Rate,"2,111.6879",GH¢ per AUD,0.21116879,GH¢ per AUD,ok,
2000-08-22,CADGHS,Canadian Dollar,Buying,"4,232.1670",GH¢ per CAD,0.4232167,GH¢ per CAD,ok,
2000-08-22,CADGHS,Canadian Dollar,Selling,"4,376.0441",GH¢ per CAD,0.43760441,GH¢ per CAD,ok,
2000-08-22,CADGHS,Canadian Dollar,Mid Rate,"4,304.1056",GH¢ per CAD,0.43041056,GH¢ per CAD,ok,
2000-08-22,CHFGHS,Swiss Franc,Buying,"3,612.5162",GH¢ per CHF,0.36125162,GH¢ per CHF,ok,
2000-08-22,CHFGHS,Swiss Franc,Selling,"3,735.7760",GH¢ per CHF,0.3735776,GH¢ per CHF,ok,
2000-08-22,CHFGHS,Swiss Franc,Mid Rate,"3,674.1461",GH¢ per CHF,0.36741461,GH¢ per CHF,ok,
2000-08-22,DKKGHS,Danish Krone,Buying,755.5215,GH¢ per DKK,0.07555215,GH¢ per DKK,ok,
2000-08-22,DKKGHS,Danish Krone,Selling,781.4593,GH¢ per DKK,0.07814593,GH¢ per DKK,ok,
2000-08-22,DKKGHS,Danish Krone,Mid Rate,768.4904,GH¢ per DKK,0.07684904,GH¢ per DKK,ok,
2000-08-22,GBPGHS,Pound Sterling,Buying,"9,284.5280",GH¢ per GBP,0.9284528,GH¢ per GBP,ok,
2000-08-22,GBPGHS,Pound Sterling,Selling,"9,608.0423",GH¢ per GBP,0.96080423,GH¢ per GBP,ok,
2000-08-22,GBPGHS,Pound Sterling,Mid Rate,"9,446.2852",GH¢ per GBP,0.94462852,GH¢ per GBP,ok,
2000-08-22,JPYGHS,Japanese yen,Buying,57.6822,GH¢ per JPY,0.00576822,GH¢ per JPY,ok,
2000-08-22,JPYGHS,Japanese yen,Selling,59.6476,GH¢ per JPY,0.00596476,GH¢ per JPY,ok,
2000-08-22,JPYGHS,Japanese yen,Mid Rate,58.6649,GH¢ per JPY,0.00586649,GH¢ per JPY,ok,
2000-08-22,NOKGHS,Norwegian Krone,Buying,699.7421,GH¢ per NOK,0.06997421,GH¢ per NOK,ok,
2000-08-22,NOKGHS,Norwegian Krone,Selling,723.6225,GH¢ per NOK,0.07236225,GH¢ per NOK,ok,
2000-08-22,NOKGHS,Norwegian Krone,Mid Rate,711.6823,GH¢ per NOK,0.07116823,GH¢ per NOK,ok,
2000-08-22,SEKGHS,Swedish Krona,Buying,671.6384,GH¢ per SEK,0.06716384,GH¢ per SEK,ok,
2000-08-22,SEKGHS,Swedish Krona,Selling,694.2026,GH¢ per SEK,0.06942026,GH¢ per SEK,ok,
2000-08-22,SEKGHS,Swedish Krona,Mid Rate,682.9205,GH¢ per SEK,0.06829205,GH¢ per SEK,ok,
2000-08-23,USDGHS,US Dollar,Buying,"6,253.4500",GH¢ per USD,0.625345,GH¢ per USD,ok,
2000-08-23,USDGHS,US Dollar,Selling,"6,472.3600",GH¢ per USD,0.647236,GH¢ per USD,ok,
2000-08-23,USDGHS,US Dollar,Mid Rate,"6,362.9050",GH¢ per USD,0.6362905,GH¢ per USD,ok,
2000-08-23,AUDGHS,Australian Dollar,Buying,406.1471,GH¢ per AUD,0.04061471,GH¢ per AUD,ok,
2000-08-23,AUDGHS,Australian Dollar,Selling,"3,697.4032",GH¢ per AUD,0.36974032,GH¢ per AUD,ok,
2000-08-23,AUDGHS,Australian Dollar,Mid Rate,"2,051.7752",GH¢ per AUD,0.20517752,GH¢ per AUD,ok,
2000-08-23,CADGHS,Canadian Dollar,Buying,"4,217.0979",GH¢ per CAD,0.42170979,GH¢ per CAD,ok,
2000-08-23,CADGHS,Canadian Dollar,Selling,"4,363.0970",GH¢ per CAD,0.4363097,GH¢ per CAD,ok,
2000-08-23,CADGHS,Canadian Dollar,Mid Rate,"4,290.0975",GH¢ per CAD,0.42900975,GH¢ per CAD,ok,
2000-08-23,CHFGHS,Swiss Franc,Buying,"3,591.6628",GH¢ per CHF,0.35916628,GH¢ per CHF,ok,
2000-08-23,CHFGHS,Swiss Franc,Selling,"3,717.5973",GH¢ per CHF,0.37175973,GH¢ per CHF,ok,
2000-08-23,CHFGHS,Swiss Franc,Mid Rate,"3,654.6301",GH¢ per CHF,0.36546301,GH¢ per CHF,ok,
2000-08-23,DKKGHS,Danish Krone,Buying,749.3370,GH¢ per DKK,0.0749337,GH¢ per DKK,ok,
2000-08-23,DKKGHS,Danish Krone,Selling,775.6468,GH¢ per DKK,0.07756468,GH¢ per DKK,ok,
2000-08-23,DKKGHS,Danish Krone,Mid Rate,762.4919,GH¢ per DKK,0.07624919,GH¢ per DKK,ok,
2000-08-23,GBPGHS,Pound Sterling,Buying,"9,241.3484",GH¢ per GBP,0.92413484,GH¢ per GBP,ok,
2000-08-23,GBPGHS,Pound Sterling,Selling,"9,571.3260",GH¢ per GBP,0.9571326,GH¢ per GBP,ok,
2000-08-23,GBPGHS,Pound Sterling,Mid Rate,"9,406.3372",GH¢ per GBP,0.94063372,GH¢ per GBP,ok,
2000-08-23,JPYGHS,Japanese yen,Buying,58.3566,GH¢ per JPY,0.00583566,GH¢ per JPY,ok,
2000-08-23,JPYGHS,Japanese yen,Selling,60.3945,GH¢ per JPY,0.00603945,GH¢ per JPY,ok,
2000-08-23,JPYGHS,Japanese yen,Mid Rate,59.3756,GH¢ per JPY,0.00593756,GH¢ per JPY,ok,
2000-08-23,NOKGHS,Norwegian Krone,Buying,693.5919,GH¢ per NOK,0.06935919,GH¢ per NOK,ok,
2000-08-23,NOKGHS,Norwegian Krone,Selling,717.7167,GH¢ per NOK,0.07177167,GH¢ per NOK,ok,
2000-08-23,NOKGHS,Norwegian Krone,Mid Rate,705.6543,GH¢ per NOK,0.07056543,GH¢ per NOK,ok,
2000-08-23,SEKGHS,Swedish Krona,Buying,668.7519,GH¢ per SEK,0.06687519,GH¢ per SEK,ok,
2000-08-23,SEKGHS,Swedish Krona,Selling,691.6598,GH¢ per SEK,0.06916598,GH¢ per SEK,ok,
2000-08-23,SEKGHS,Swedish Krona,Mid Rate,680.2059,GH¢ per SEK,0.06802059,GH¢ per SEK,ok,
2000-08-24,USDGHS,US Dollar,Buying,"6,264.8200",GH¢ per USD,0.626482,GH¢ per USD,ok,
2000-08-24,USDGHS,US Dollar,Selling,"6,483.3600",GH¢ per USD,0.648336,GH¢ per USD,ok,
2000-08-24,USDGHS,US Dollar,Mid Rate,"6,374.0900",GH¢ per USD,0.637409,GH¢ per USD,ok,
2000-08-24,AUDGHS,Australian Dollar,Buying,410.0327,GH¢ per AUD,0.04100327,GH¢ per AUD,ok,
2000-08-24,AUDGHS,Australian Dollar,Selling,"3,714.9170",GH¢ per AUD,0.3714917,GH¢ per AUD,ok,
2000-08-24,AUDGHS,Australian Dollar,Mid Rate,"2,062.4749",GH¢ per AUD,0.20624749,GH¢ per AUD,ok,
2000-08-24,CADGHS,Canadian Dollar,Buying,"4,214.9445",GH¢ per CAD,0.42149445,GH¢ per CAD,ok,
2000-08-24,CADGHS,Canadian Dollar,Selling,"4,360.5654",GH¢ per CAD,0.43605654,GH¢ per CAD,ok,
2000-08-24,CADGHS,Canadian Dollar,Mid Rate,"4,287.7550",GH¢ per CAD,0.4287755,GH¢ per CAD,ok,
2000-08-24,CHFGHS,Swiss Franc,Buying,"3,636.7270",GH¢ per CHF,0.3636727,GH¢ per CHF,ok,
2000-08-24,CHFGHS,Swiss Franc,Selling,"3,761.4141",GH¢ per CHF,0.37614141,GH¢ per CHF,ok,
2000-08-24,CHFGHS,Swiss Franc,Mid Rate,"3,699.0706",GH¢ per CHF,0.36990706,GH¢ per CHF,ok,
2000-08-24,DKKGHS,Danish Krone,Buying,756.5672,GH¢ per DKK,0.07565672,GH¢ per DKK,ok,
2000-08-24,DKKGHS,Danish Krone,Selling,782.6774,GH¢ per DKK,0.07826774,GH¢ per DKK,ok,
2000-08-24,DKKGHS,Danish Krone,Mid Rate,769.6223,GH¢ per DKK,0.07696223,GH¢ per DKK,ok,
2000-08-24,GBPGHS,Pound Sterling,Buying,"9,283.8368",GH¢ per GBP,0.92838368,GH¢ per GBP,ok,
2000-08-24,GBPGHS,Pound Sterling,Selling,"9,614.1745",GH¢ per GBP,0.96141745,GH¢ per GBP,ok,
2000-08-24,GBPGHS,Pound Sterling,Mid Rate,"9,449.0057",GH¢ per GBP,0.94490057,GH¢ per GBP,ok,
2000-08-24,JPYGHS,Japanese yen,Buying,58.4809,GH¢ per JPY,0.00584809,GH¢ per JPY,ok,
2000-08-24,JPYGHS,Japanese yen,Selling,60.5160,GH¢ per JPY,0.0060516,GH¢ per JPY,ok,
2000-08-24,JPYGHS,Japanese yen,Mid Rate,59.4985,GH¢ per JPY,0.00594985,GH¢ per JPY,ok,
2000-08-24,NOKGHS,Norwegian Krone,Buying,696.8749,GH¢ per NOK,0.06968749,GH¢ per NOK,ok,
2000-08-24,NOKGHS,Norwegian Krone,Selling,720.7838,GH¢ per NOK,0.07207838,GH¢ per NOK,ok,
2000-08-24,NOKGHS,Norwegian Krone,Mid Rate,708.8294,GH¢ per NOK,0.07088294,GH¢ per NOK,ok,
2000-08-24,SEKGHS,Swedish Krona,Buying,674.3544,GH¢ per SEK,0.06743544,GH¢ per SEK,ok,
2000-08-24,SEKGHS,Swedish Krona,Selling,697.3514,GH¢ per SEK,0.06973514,GH¢ per SEK,ok,
2000-08-24,SEKGHS,Swedish Krona,Mid Rate,685.8529,GH¢ per SEK,0.06858529,GH¢ per SEK,ok,
2000-08-25,USDGHS,US Dollar,Buying,"6,266.8200",GH¢ per USD,0.626682,GH¢ per USD,ok,
2000-08-25,USDGHS,US Dollar,Selling,"6,487.0900",GH¢ per USD,0.648709,GH¢ per USD,ok,
2000-08-25,USDGHS,US Dollar,Mid Rate,"6,376.9550",GH¢ per USD,0.6376955,GH¢ per USD,ok,
2000-08-25,AUDGHS,Australian Dollar,Buying,411.2062,GH¢ per AUD,0.04112062,GH¢ per AUD,ok,
2000-08-25,AUDGHS,Australian Dollar,Selling,"3,722.4459",GH¢ per AUD,0.37224459,GH¢ per AUD,ok,
2000-08-25,AUDGHS,Australian Dollar,Mid Rate,"2,066.8261",GH¢ per AUD,0.20668261,GH¢ per AUD,ok,
2000-08-25,CADGHS,Canadian Dollar,Buying,"4,223.9861",GH¢ per CAD,0.42239861,GH¢ per CAD,ok,
2000-08-25,CADGHS,Canadian Dollar,Selling,"4,371.1445",GH¢ per CAD,0.43711445,GH¢ per CAD,ok,
2000-08-25,CADGHS,Canadian Dollar,Mid Rate,"4,297.5653",GH¢ per CAD,0.42975653,GH¢ per CAD,ok,
2000-08-25,CHFGHS,Swiss Franc,Buying,"3,661.3101",GH¢ per CHF,0.36613101,GH¢ per CHF,ok,
2000-08-25,CHFGHS,Swiss Franc,Selling,"3,787.8429",GH¢ per CHF,0.37878429,GH¢ per CHF,ok,
2000-08-25,CHFGHS,Swiss Franc,Mid Rate,"3,724.5765",GH¢ per CHF,0.37245765,GH¢ per CHF,ok,
2000-08-25,DKKGHS,Danish Krone,Buying,758.5762,GH¢ per DKK,0.07585762,GH¢ per DKK,ok,
2000-08-25,DKKGHS,Danish Krone,Selling,784.9461,GH¢ per DKK,0.07849461,GH¢ per DKK,ok,
2000-08-25,DKKGHS,Danish Krone,Mid Rate,771.7612,GH¢ per DKK,0.07717612,GH¢ per DKK,ok,
2000-08-25,GBPGHS,Pound Sterling,Buying,"9,281.7871",GH¢ per GBP,0.92817871,GH¢ per GBP,ok,
2000-08-25,GBPGHS,Pound Sterling,Selling,"9,611.2725",GH¢ per GBP,0.96112725,GH¢ per GBP,ok,
2000-08-25,GBPGHS,Pound Sterling,Mid Rate,"9,446.5298",GH¢ per GBP,0.94465298,GH¢ per GBP,ok,
2000-08-25,JPYGHS,Japanese yen,Buying,58.5713,GH¢ per JPY,0.00585713,GH¢ per JPY,ok,
2000-08-25,JPYGHS,Japanese yen,Selling,60.6045,GH¢ per JPY,0.00606045,GH¢ per JPY,ok,
2000-08-25,JPYGHS,Japanese yen,Mid Rate,59.5879,GH¢ per JPY,0.00595879,GH¢ per JPY,ok,
2000-08-25,NOKGHS,Norwegian Krone,Buying,698.5353,GH¢ per NOK,0.06985353,GH¢ per NOK,ok,
2000-08-25,NOKGHS,Norwegian Krone,Selling,722.6847,GH¢ per NOK,0.07226847,GH¢ per NOK,ok,
2000-08-25,NOKGHS,Norwegian Krone,Mid Rate,710.6100,GH¢ per NOK,0.071061,GH¢ per NOK,ok,
2000-08-25,SEKGHS,Swedish Krona,Buying,675.6681,GH¢ per SEK,0.06756681,GH¢ per SEK,ok,
2000-08-25,SEKGHS,Swedish Krona,Selling,698.6612,GH¢ per SEK,0.06986612,GH¢ per SEK,ok,
2000-08-25,SEKGHS,Swedish Krona,Mid Rate,687.1647,GH¢ per SEK,0.06871647,GH¢ per SEK,ok,
2000-08-28,USDGHS,US Dollar,Buying,"6,277.0000",GH¢ per USD,0.6277,GH¢ per USD,ok,
2000-08-28,USDGHS,US Dollar,Selling,"6,492.0000",GH¢ per USD,0.6492,GH¢ per USD,ok,
2000-08-28,USDGHS,US Dollar,Mid Rate,"6,384.5000",GH¢ per USD,0.63845,GH¢ per USD,ok,
2000-08-28,AUDGHS,Australian Dollar,Buying,412.0214,GH¢ per AUD,0.04120214,GH¢ per AUD,ok,
2000-08-28,AUDGHS,Australian Dollar,Selling,"3,725.3255",GH¢ per AUD,0.37253255,GH¢ per AUD,ok,
2000-08-28,AUDGHS,Australian Dollar,Mid Rate,"2,068.6735",GH¢ per AUD,0.20686735,GH¢ per AUD,ok,
2000-08-28,CADGHS,Canadian Dollar,Buying,"4,231.8146",GH¢ per CAD,0.42318146,GH¢ per CAD,ok,
2000-08-28,CADGHS,Canadian Dollar,Selling,"4,372.2420",GH¢ per CAD,0.4372242,GH¢ per CAD,ok,
2000-08-28,CADGHS,Canadian Dollar,Mid Rate,"4,302.0283",GH¢ per CAD,0.43020283,GH¢ per CAD,ok,
2000-08-28,CHFGHS,Swiss Franc,Buying,"3,669.9146",GH¢ per CHF,0.36699146,GH¢ per CHF,ok,
2000-08-28,CHFGHS,Swiss Franc,Selling,"3,793.4405",GH¢ per CHF,0.37934405,GH¢ per CHF,ok,
2000-08-28,CHFGHS,Swiss Franc,Mid Rate,"3,731.6776",GH¢ per CHF,0.37316776,GH¢ per CHF,ok,
2000-08-28,DKKGHS,Danish Krone,Buying,760.3977,GH¢ per DKK,0.07603977,GH¢ per DKK,ok,
2000-08-28,DKKGHS,Danish Krone,Selling,785.8886,GH¢ per DKK,0.07858886,GH¢ per DKK,ok,
2000-08-28,DKKGHS,Danish Krone,Mid Rate,773.1432,GH¢ per DKK,0.07731432,GH¢ per DKK,ok,
2000-08-28,GBPGHS,Pound Sterling,Buying,"9,239.7440",GH¢ per GBP,0.9239744,GH¢ per GBP,ok,
2000-08-28,GBPGHS,Pound Sterling,Selling,"9,559.4700",GH¢ per GBP,0.955947,GH¢ per GBP,ok,
2000-08-28,GBPGHS,Pound Sterling,Mid Rate,"9,399.6070",GH¢ per GBP,0.9399607,GH¢ per GBP,ok,
2000-08-28,JPYGHS,Japanese yen,Buying,59.1495,GH¢ per JPY,0.00591495,GH¢ per JPY,ok,
2000-08-28,JPYGHS,Japanese yen,Selling,61.1493,GH¢ per JPY,0.00611493,GH¢ per JPY,ok,
2000-08-28,JPYGHS,Japanese yen,Mid Rate,60.1494,GH¢ per JPY,0.00601494,GH¢ per JPY,ok,
2000-08-28,NOKGHS,Norwegian Krone,Buying,701.1013,GH¢ per NOK,0.07011013,GH¢ per NOK,ok,
2000-08-28,NOKGHS,Norwegian Krone,Selling,724.4712,GH¢ per NOK,0.07244712,GH¢ per NOK,ok,
2000-08-28,NOKGHS,Norwegian Krone,Mid Rate,712.7863,GH¢ per NOK,0.07127863,GH¢ per NOK,ok,
2000-08-28,SEKGHS,Swedish Krona,Buying,673.4066,GH¢ per SEK,0.06734066,GH¢ per SEK,ok,
2000-08-28,SEKGHS,Swedish Krona,Selling,695.4922,GH¢ per SEK,0.06954922,GH¢ per SEK,ok,
2000-08-28,SEKGHS,Swedish Krona,Mid Rate,684.4494,GH¢ per SEK,0.06844494,GH¢ per SEK,ok,
2000-08-29,USDGHS,US Dollar,Buying,"6,277.9100",GH¢ per USD,0.627791,GH¢ per USD,ok,
2000-08-29,USDGHS,US Dollar,Selling,"6,492.4500",GH¢ per USD,0.649245,GH¢ per USD,ok,
2000-08-29,USDGHS,US Dollar,Mid Rate,"6,385.1800",GH¢ per USD,0.638518,GH¢ per USD,ok,
2000-08-29,AUDGHS,Australian Dollar,Buying,410.8112,GH¢ per AUD,0.04108112,GH¢ per AUD,ok,
2000-08-29,AUDGHS,Australian Dollar,Selling,"3,730.8774",GH¢ per AUD,0.37308774,GH¢ per AUD,ok,
2000-08-29,AUDGHS,Australian Dollar,Mid Rate,"2,070.8443",GH¢ per AUD,0.20708443,GH¢ per AUD,ok,
2000-08-29,CADGHS,Canadian Dollar,Buying,"4,235.8308",GH¢ per CAD,0.42358308,GH¢ per CAD,ok,
2000-08-29,CADGHS,Canadian Dollar,Selling,"4,377.6484",GH¢ per CAD,0.43776484,GH¢ per CAD,ok,
2000-08-29,CADGHS,Canadian Dollar,Mid Rate,"4,306.7396",GH¢ per CAD,0.43067396,GH¢ per CAD,ok,
2000-08-29,CHFGHS,Swiss Franc,Buying,"3,660.3424",GH¢ per CHF,0.36603424,GH¢ per CHF,ok,
2000-08-29,CHFGHS,Swiss Franc,Selling,"3,782.5893",GH¢ per CHF,0.37825893,GH¢ per CHF,ok,
2000-08-29,CHFGHS,Swiss Franc,Mid Rate,"3,721.4659",GH¢ per CHF,0.37214659,GH¢ per CHF,ok,
2000-08-29,DKKGHS,Danish Krone,Buying,758.1048,GH¢ per DKK,0.07581048,GH¢ per DKK,ok,
2000-08-29,DKKGHS,Danish Krone,Selling,783.6297,GH¢ per DKK,0.07836297,GH¢ per DKK,ok,
2000-08-29,DKKGHS,Danish Krone,Mid Rate,770.8673,GH¢ per DKK,0.07708673,GH¢ per DKK,ok,
2000-08-29,GBPGHS,Pound Sterling,Buying,"9,187.0935",GH¢ per GBP,0.91870935,GH¢ per GBP,ok,
2000-08-29,GBPGHS,Pound Sterling,Selling,"9,502.9991",GH¢ per GBP,0.95029991,GH¢ per GBP,ok,
2000-08-29,GBPGHS,Pound Sterling,Mid Rate,"9,345.0463",GH¢ per GBP,0.93450463,GH¢ per GBP,ok,
2000-08-29,JPYGHS,Japanese yen,Buying,58.9181,GH¢ per JPY,0.00589181,GH¢ per JPY,ok,
2000-08-29,JPYGHS,Japanese yen,Selling,60.8971,GH¢ per JPY,0.00608971,GH¢ per JPY,ok,
2000-08-29,JPYGHS,Japanese yen,Mid Rate,59.9076,GH¢ per JPY,0.00599076,GH¢ per JPY,ok,
2000-08-29,NOKGHS,Norwegian Krone,Buying,700.4173,GH¢ per NOK,0.07004173,GH¢ per NOK,ok,
2000-08-29,NOKGHS,Norwegian Krone,Selling,723.6025,GH¢ per NOK,0.07236025,GH¢ per NOK,ok,
2000-08-29,NOKGHS,Norwegian Krone,Mid Rate,712.0099,GH¢ per NOK,0.07120099,GH¢ per NOK,ok,
2000-08-29,SEKGHS,Swedish Krona,Buying,671.0610,GH¢ per SEK,0.0671061,GH¢ per SEK,ok,
2000-08-29,SEKGHS,Swedish Krona,Selling,692.9212,GH¢ per SEK,0.06929212,GH¢ per SEK,ok,
2000-08-29,SEKGHS,Swedish Krona,Mid Rate,681.9911,GH¢ per SEK,0.06819911,GH¢ per SEK,ok,
2000-08-30,USDGHS,US Dollar,Buying,"6,293.4500",GH¢ per USD,0.629345,GH¢ per USD,ok,
2000-08-30,USDGHS,US Dollar,Selling,"6,501.5500",GH¢ per USD,0.650155,GH¢ per USD,ok,
2000-08-30,USDGHS,US Dollar,Mid Rate,"6,397.5000",GH¢ per USD,0.63975,GH¢ per USD,ok,
2000-08-30,AUDGHS,Australian Dollar,Buying,406.3533,GH¢ per AUD,0.04063533,GH¢ per AUD,ok,
2000-08-30,AUDGHS,Australian Dollar,Selling,"3,714.2442",GH¢ per AUD,0.37142442,GH¢ per AUD,ok,
2000-08-30,AUDGHS,Australian Dollar,Mid Rate,"2,060.2988",GH¢ per AUD,0.20602988,GH¢ per AUD,ok,
2000-08-30,CADGHS,Canadian Dollar,Buying,"4,241.9793",GH¢ per CAD,0.42419793,GH¢ per CAD,ok,
2000-08-30,CADGHS,Canadian Dollar,Selling,"4,380.3715",GH¢ per CAD,0.43803715,GH¢ per CAD,ok,
2000-08-30,CADGHS,Canadian Dollar,Mid Rate,"4,311.1754",GH¢ per CAD,0.43111754,GH¢ per CAD,ok,
2000-08-30,CHFGHS,Swiss Franc,Buying,"3,612.0258",GH¢ per CHF,0.36120258,GH¢ per CHF,ok,
2000-08-30,CHFGHS,Swiss Franc,Selling,"3,730.0419",GH¢ per CHF,0.37300419,GH¢ per CHF,ok,
2000-08-30,CHFGHS,Swiss Franc,Mid Rate,"3,671.0339",GH¢ per CHF,0.36710339,GH¢ per CHF,ok,
2000-08-30,DKKGHS,Danish Krone,Buying,749.9713,GH¢ per DKK,0.07499713,GH¢ per DKK,ok,
2000-08-30,DKKGHS,Danish Krone,Selling,774.6544,GH¢ per DKK,0.07746544,GH¢ per DKK,ok,
2000-08-30,DKKGHS,Danish Krone,Mid Rate,762.3129,GH¢ per DKK,0.07623129,GH¢ per DKK,ok,
2000-08-30,GBPGHS,Pound Sterling,Buying,"9,082.0777",GH¢ per GBP,0.90820777,GH¢ per GBP,ok,
2000-08-30,GBPGHS,Pound Sterling,Selling,"9,388.8884",GH¢ per GBP,0.93888884,GH¢ per GBP,ok,
2000-08-30,GBPGHS,Pound Sterling,Mid Rate,"9,235.4831",GH¢ per GBP,0.92354831,GH¢ per GBP,ok,
2000-08-30,JPYGHS,Japanese yen,Buying,59.3406,GH¢ per JPY,0.00593406,GH¢ per JPY,ok,
2000-08-30,JPYGHS,Japanese yen,Selling,61.2972,GH¢ per JPY,0.00612972,GH¢ per JPY,ok,
2000-08-30,JPYGHS,Japanese yen,Mid Rate,60.3189,GH¢ per JPY,0.00603189,GH¢ per JPY,ok,
2000-08-30,NOKGHS,Norwegian Krone,Buying,694.3166,GH¢ per NOK,0.06943166,GH¢ per NOK,ok,
2000-08-30,NOKGHS,Norwegian Krone,Selling,717.0265,GH¢ per NOK,0.07170265,GH¢ per NOK,ok,
2000-08-30,NOKGHS,Norwegian Krone,Mid Rate,705.6716,GH¢ per NOK,0.07056716,GH¢ per NOK,ok,
2000-08-30,SEKGHS,Swedish Krona,Buying,664.6622,GH¢ per SEK,0.06646622,GH¢ per SEK,ok,
2000-08-30,SEKGHS,Swedish Krona,Selling,685.9161,GH¢ per SEK,0.06859161,GH¢ per SEK,ok,
2000-08-30,SEKGHS,Swedish Krona,Mid Rate,675.2892,GH¢ per SEK,0.06752892,GH¢ per SEK,ok,
2000-08-31,USDGHS,US Dollar,Buying,"6,285.7300",GH¢ per USD,0.628573,GH¢ per USD,ok,
2000-08-31,USDGHS,US Dollar,Selling,"6,493.3600",GH¢ per USD,0.649336,GH¢ per USD,ok,
2000-08-31,USDGHS,US Dollar,Mid Rate,"6,389.5450",GH¢ per USD,0.6389545,GH¢ per USD,ok,
2000-08-31,AUDGHS,Australian Dollar,Buying,407.8586,GH¢ per AUD,0.04078586,GH¢ per AUD,ok,
2000-08-31,AUDGHS,Australian Dollar,Selling,"3,742.7192",GH¢ per AUD,0.37427192,GH¢ per AUD,ok,
2000-08-31,AUDGHS,Australian Dollar,Mid Rate,"2,075.2889",GH¢ per AUD,0.20752889,GH¢ per AUD,ok,
2000-08-31,CADGHS,Canadian Dollar,Buying,"4,259.8332",GH¢ per CAD,0.42598332,GH¢ per CAD,ok,
2000-08-31,CADGHS,Canadian Dollar,Selling,"4,400.4938",GH¢ per CAD,0.44004938,GH¢ per CAD,ok,
2000-08-31,CADGHS,Canadian Dollar,Mid Rate,"4,330.1635",GH¢ per CAD,0.43301635,GH¢ per CAD,ok,
2000-08-31,CHFGHS,Swiss Franc,Buying,"3,625.4044",GH¢ per CHF,0.36254044,GH¢ per CHF,ok,
2000-08-31,CHFGHS,Swiss Franc,Selling,"3,745.3573",GH¢ per CHF,0.37453573,GH¢ per CHF,ok,
2000-08-31,CHFGHS,Swiss Franc,Mid Rate,"3,685.3809",GH¢ per CHF,0.36853809,GH¢ per CHF,ok,
2000-08-31,DKKGHS,Danish Krone,Buying,752.6661,GH¢ per DKK,0.07526661,GH¢ per DKK,ok,
2000-08-31,DKKGHS,Danish Krone,Selling,777.6082,GH¢ per DKK,0.07776082,GH¢ per DKK,ok,
2000-08-31,DKKGHS,Danish Krone,Mid Rate,765.1372,GH¢ per DKK,0.07651372,GH¢ per DKK,ok,
2000-08-31,GBPGHS,Pound Sterling,Buying,"9,138.1943",GH¢ per GBP,0.91381943,GH¢ per GBP,ok,
2000-08-31,GBPGHS,Pound Sterling,Selling,"9,446.5401",GH¢ per GBP,0.94465401,GH¢ per GBP,ok,
2000-08-31,GBPGHS,Pound Sterling,Mid Rate,"9,292.3672",GH¢ per GBP,0.92923672,GH¢ per GBP,ok,
2000-08-31,JPYGHS,Japanese yen,Buying,59.0475,GH¢ per JPY,0.00590475,GH¢ per JPY,ok,
2000-08-31,JPYGHS,Japanese yen,Selling,60.9926,GH¢ per JPY,0.00609926,GH¢ per JPY,ok,
2000-08-31,JPYGHS,Japanese yen,Mid Rate,60.0201,GH¢ per JPY,0.00600201,GH¢ per JPY,ok,
2000-08-31,NOKGHS,Norwegian Krone,Buying,694.8035,GH¢ per NOK,0.06948035,GH¢ per NOK,ok,
2000-08-31,NOKGHS,Norwegian Krone,Selling,717.6041,GH¢ per NOK,0.07176041,GH¢ per NOK,ok,
2000-08-31,NOKGHS,Norwegian Krone,Mid Rate,706.2038,GH¢ per NOK,0.07062038,GH¢ per NOK,ok,
2000-08-31,SEKGHS,Swedish Krona,Buying,665.8211,GH¢ per SEK,0.06658211,GH¢ per SEK,ok,
2000-08-31,SEKGHS,Swedish Krona,Selling,687.3210,GH¢ per SEK,0.0687321,GH¢ per SEK,ok,
2000-08-31,SEKGHS,Swedish Krona,Mid Rate,676.5711,GH¢ per SEK,0.06765711,GH¢ per SEK,ok,
2000-09-01,USDGHS,US Dollar,Buying,"6,277.8200",GH¢ per USD,0.627782,GH¢ per USD,ok,
2000-09-01,USDGHS,US Dollar,Selling,"6,497.0900",GH¢ per USD,0.649709,GH¢ per USD,ok,
2000-09-01,USDGHS,US Dollar,Mid Rate,"6,387.4550",GH¢ per USD,0.6387455,GH¢ per USD,ok,
2000-09-01,AUDGHS,Australian Dollar,Buying,405.8859,GH¢ per AUD,0.04058859,GH¢ per AUD,ok,
2000-09-01,AUDGHS,Australian Dollar,Selling,"3,734.3170",GH¢ per AUD,0.3734317,GH¢ per AUD,ok,
2000-09-01,AUDGHS,Australian Dollar,Mid Rate,"2,070.1015",GH¢ per AUD,0.20701015,GH¢ per AUD,ok,
2000-09-01,CADGHS,Canadian Dollar,Buying,"4,260.8721",GH¢ per CAD,0.42608721,GH¢ per CAD,ok,
2000-09-01,CADGHS,Canadian Dollar,Selling,"4,408.7288",GH¢ per CAD,0.44087288,GH¢ per CAD,ok,
2000-09-01,CADGHS,Canadian Dollar,Mid Rate,"4,334.8005",GH¢ per CAD,0.43348005,GH¢ per CAD,ok,
2000-09-01,CHFGHS,Swiss Franc,Buying,"3,607.8196",GH¢ per CHF,0.36078196,GH¢ per CHF,ok,
2000-09-01,CHFGHS,Swiss Franc,Selling,"3,732.0864",GH¢ per CHF,0.37320864,GH¢ per CHF,ok,
2000-09-01,CHFGHS,Swiss Franc,Mid Rate,"3,669.9530",GH¢ per CHF,0.3669953,GH¢ per CHF,ok,
2000-09-01,DKKGHS,Danish Krone,Buying,748.7502,GH¢ per DKK,0.07487502,GH¢ per DKK,ok,
2000-09-01,DKKGHS,Danish Krone,Selling,774.7286,GH¢ per DKK,0.07747286,GH¢ per DKK,ok,
2000-09-01,DKKGHS,Danish Krone,Mid Rate,761.7394,GH¢ per DKK,0.07617394,GH¢ per DKK,ok,
2000-09-01,GBPGHS,Pound Sterling,Buying,"9,109.7446",GH¢ per GBP,0.91097446,GH¢ per GBP,ok,
2000-09-01,GBPGHS,Pound Sterling,Selling,"9,432.4753",GH¢ per GBP,0.94324753,GH¢ per GBP,ok,
2000-09-01,GBPGHS,Pound Sterling,Mid Rate,"9,271.1100",GH¢ per GBP,0.927111,GH¢ per GBP,ok,
2000-09-01,JPYGHS,Japanese yen,Buying,58.9437,GH¢ per JPY,0.00589437,GH¢ per JPY,ok,
2000-09-01,JPYGHS,Japanese yen,Selling,60.9845,GH¢ per JPY,0.00609845,GH¢ per JPY,ok,
2000-09-01,JPYGHS,Japanese yen,Mid Rate,59.9641,GH¢ per JPY,0.00599641,GH¢ per JPY,ok,
2000-09-01,NOKGHS,Norwegian Krone,Buying,692.1983,GH¢ per NOK,0.06921983,GH¢ per NOK,ok,
2000-09-01,NOKGHS,Norwegian Krone,Selling,716.0787,GH¢ per NOK,0.07160787,GH¢ per NOK,ok,
2000-09-01,NOKGHS,Norwegian Krone,Mid Rate,704.1385,GH¢ per NOK,0.07041385,GH¢ per NOK,ok,
2000-09-01,SEKGHS,Swedish Krona,Buying,667.3317,GH¢ per SEK,0.06673317,GH¢ per SEK,ok,
2000-09-01,SEKGHS,Swedish Krona,Selling,690.0027,GH¢ per SEK,0.06900027,GH¢ per SEK,ok,
2000-09-01,SEKGHS,Swedish Krona,Mid Rate,678.6672,GH¢ per SEK,0.06786672,GH¢ per SEK,ok,
2000-09-04,USDGHS,US Dollar,Buying,"6,276.1800",GH¢ per USD,0.627618,GH¢ per USD,ok,
2000-09-04,USDGHS,US Dollar,Selling,"6,497.4500",GH¢ per USD,0.649745,GH¢ per USD,ok,
2000-09-04,USDGHS,US Dollar,Mid Rate,"6,386.8150",GH¢ per USD,0.6386815,GH¢ per USD,ok,
2000-09-04,AUDGHS,Australian Dollar,Buying,411.2972,GH¢ per AUD,0.04112972,GH¢ per AUD,ok,
2000-09-04,AUDGHS,Australian Dollar,Selling,"3,747.2817",GH¢ per AUD,0.37472817,GH¢ per AUD,ok,
2000-09-04,AUDGHS,Australian Dollar,Mid Rate,"2,079.2895",GH¢ per AUD,0.20792895,GH¢ per AUD,ok,
2000-09-04,CADGHS,Canadian Dollar,Buying,"4,262.0386",GH¢ per CAD,0.42620386,GH¢ per CAD,ok,
2000-09-04,CADGHS,Canadian Dollar,Selling,"4,410.2097",GH¢ per CAD,0.44102097,GH¢ per CAD,ok,
2000-09-04,CADGHS,Canadian Dollar,Mid Rate,"4,336.1242",GH¢ per CAD,0.43361242,GH¢ per CAD,ok,
2000-09-04,CHFGHS,Swiss Franc,Buying,"3,641.6420",GH¢ per CHF,0.3641642,GH¢ per CHF,ok,
2000-09-04,CHFGHS,Swiss Franc,Selling,"3,768.5056",GH¢ per CHF,0.37685056,GH¢ per CHF,ok,
2000-09-04,CHFGHS,Swiss Franc,Mid Rate,"3,705.0738",GH¢ per CHF,0.37050738,GH¢ per CHF,ok,
2000-09-04,DKKGHS,Danish Krone,Buying,758.5214,GH¢ per DKK,0.07585214,GH¢ per DKK,ok,
2000-09-04,DKKGHS,Danish Krone,Selling,785.1351,GH¢ per DKK,0.07851351,GH¢ per DKK,ok,
2000-09-04,DKKGHS,Danish Krone,Mid Rate,771.8283,GH¢ per DKK,0.07718283,GH¢ per DKK,ok,
2000-09-04,GBPGHS,Pound Sterling,Buying,"9,188.9551",GH¢ per GBP,0.91889551,GH¢ per GBP,ok,
2000-09-04,GBPGHS,Pound Sterling,Selling,"9,518.1145",GH¢ per GBP,0.95181145,GH¢ per GBP,ok,
2000-09-04,GBPGHS,Pound Sterling,Mid Rate,"9,353.5348",GH¢ per GBP,0.93535348,GH¢ per GBP,ok,
2000-09-04,JPYGHS,Japanese yen,Buying,59.3257,GH¢ per JPY,0.00593257,GH¢ per JPY,ok,
2000-09-04,JPYGHS,Japanese yen,Selling,61.4032,GH¢ per JPY,0.00614032,GH¢ per JPY,ok,
2000-09-04,JPYGHS,Japanese yen,Mid Rate,60.3645,GH¢ per JPY,0.00603645,GH¢ per JPY,ok,
2000-09-04,NOKGHS,Norwegian Krone,Buying,699.1893,GH¢ per NOK,0.06991893,GH¢ per NOK,ok,
2000-09-04,NOKGHS,Norwegian Krone,Selling,723.5964,GH¢ per NOK,0.07235964,GH¢ per NOK,ok,
2000-09-04,NOKGHS,Norwegian Krone,Mid Rate,711.3929,GH¢ per NOK,0.07113929,GH¢ per NOK,ok,
2000-09-04,SEKGHS,Swedish Krona,Buying,674.4583,GH¢ per SEK,0.06744583,GH¢ per SEK,ok,
2000-09-04,SEKGHS,Swedish Krona,Selling,697.6300,GH¢ per SEK,0.069763,GH¢ per SEK,ok,
2000-09-04,SEKGHS,Swedish Krona,Mid Rate,686.0442,GH¢ per SEK,0.06860442,GH¢ per SEK,ok,
2000-09-05,USDGHS,US Dollar,Buying,"6,281.4500",GH¢ per USD,0.628145,GH¢ per USD,ok,
2000-09-05,USDGHS,US Dollar,Selling,"6,506.5500",GH¢ per USD,0.650655,GH¢ per USD,ok,
2000-09-05,USDGHS,US Dollar,Mid Rate,"6,394.0000",GH¢ per USD,0.6394,GH¢ per USD,ok,
2000-09-05,AUDGHS,Australian Dollar,Buying,409.1530,GH¢ per AUD,0.0409153,GH¢ per AUD,ok,
2000-09-05,AUDGHS,Australian Dollar,Selling,"3,737.1505",GH¢ per AUD,0.37371505,GH¢ per AUD,ok,
2000-09-05,AUDGHS,Australian Dollar,Mid Rate,"2,073.1518",GH¢ per AUD,0.20731518,GH¢ per AUD,ok,
2000-09-05,CADGHS,Canadian Dollar,Buying,"4,262.3393",GH¢ per CAD,0.42623393,GH¢ per CAD,ok,
2000-09-05,CADGHS,Canadian Dollar,Selling,"4,413.5233",GH¢ per CAD,0.44135233,GH¢ per CAD,ok,
2000-09-05,CADGHS,Canadian Dollar,Mid Rate,"4,337.9313",GH¢ per CAD,0.43379313,GH¢ per CAD,ok,
2000-09-05,CHFGHS,Swiss Franc,Buying,"3,629.4208",GH¢ per CHF,0.36294208,GH¢ per CHF,ok,
2000-09-05,CHFGHS,Swiss Franc,Selling,"3,758.4676",GH¢ per CHF,0.37584676,GH¢ per CHF,ok,
2000-09-05,CHFGHS,Swiss Franc,Mid Rate,"3,693.9442",GH¢ per CHF,0.36939442,GH¢ per CHF,ok,
2000-09-05,DKKGHS,Danish Krone,Buying,754.5312,GH¢ per DKK,0.07545312,GH¢ per DKK,ok,
2000-09-05,DKKGHS,Danish Krone,Selling,781.2864,GH¢ per DKK,0.07812864,GH¢ per DKK,ok,
2000-09-05,DKKGHS,Danish Krone,Mid Rate,767.9088,GH¢ per DKK,0.07679088,GH¢ per DKK,ok,
2000-09-05,GBPGHS,Pound Sterling,Buying,"9,138.8816",GH¢ per GBP,0.91388816,GH¢ per GBP,ok,
2000-09-05,GBPGHS,Pound Sterling,Selling,"9,468.3316",GH¢ per GBP,0.94683316,GH¢ per GBP,ok,
2000-09-05,GBPGHS,Pound Sterling,Mid Rate,"9,303.6066",GH¢ per GBP,0.93036066,GH¢ per GBP,ok,
2000-09-05,JPYGHS,Japanese yen,Buying,59.0901,GH¢ per JPY,0.00590901,GH¢ per JPY,ok,
2000-09-05,JPYGHS,Japanese yen,Selling,61.1728,GH¢ per JPY,0.00611728,GH¢ per JPY,ok,
2000-09-05,JPYGHS,Japanese yen,Mid Rate,60.1315,GH¢ per JPY,0.00601315,GH¢ per JPY,ok,
2000-09-05,NOKGHS,Norwegian Krone,Buying,695.6226,GH¢ per NOK,0.06956226,GH¢ per NOK,ok,
2000-09-05,NOKGHS,Norwegian Krone,Selling,720.3868,GH¢ per NOK,0.07203868,GH¢ per NOK,ok,
2000-09-05,NOKGHS,Norwegian Krone,Mid Rate,708.0047,GH¢ per NOK,0.07080047,GH¢ per NOK,ok,
2000-09-05,SEKGHS,Swedish Krona,Buying,671.3842,GH¢ per SEK,0.06713842,GH¢ per SEK,ok,
2000-09-05,SEKGHS,Swedish Krona,Selling,694.6991,GH¢ per SEK,0.06946991,GH¢ per SEK,ok,
2000-09-05,SEKGHS,Swedish Krona,Mid Rate,683.0417,GH¢ per SEK,0.06830417,GH¢ per SEK,ok,
2000-09-06,USDGHS,US Dollar,Buying,"6,293.2700",GH¢ per USD,0.629327,GH¢ per USD,ok,
2000-09-06,USDGHS,US Dollar,Selling,"6,516.5500",GH¢ per USD,0.651655,GH¢ per USD,ok,
2000-09-06,USDGHS,US Dollar,Mid Rate,"6,404.9100",GH¢ per USD,0.640491,GH¢ per USD,ok,
2000-09-06,AUDGHS,Australian Dollar,Buying,403.6119,GH¢ per AUD,0.04036119,GH¢ per AUD,ok,
2000-09-06,AUDGHS,Australian Dollar,Selling,"3,702.2960",GH¢ per AUD,0.3702296,GH¢ per AUD,ok,
2000-09-06,AUDGHS,Australian Dollar,Mid Rate,"2,052.9540",GH¢ per AUD,0.2052954,GH¢ per AUD,ok,
2000-09-06,CADGHS,Canadian Dollar,Buying,"4,255.7262",GH¢ per CAD,0.42557262,GH¢ per CAD,ok,
2000-09-06,CADGHS,Canadian Dollar,Selling,"4,405.2425",GH¢ per CAD,0.44052425,GH¢ per CAD,ok,
2000-09-06,CADGHS,Canadian Dollar,Mid Rate,"4,330.4844",GH¢ per CAD,0.43304844,GH¢ per CAD,ok,
2000-09-06,CHFGHS,Swiss Franc,Buying,"3,583.1181",GH¢ per CHF,0.35831181,GH¢ per CHF,ok,
2000-09-06,CHFGHS,Swiss Franc,Selling,"3,709.3775",GH¢ per CHF,0.37093775,GH¢ per CHF,ok,
2000-09-06,CHFGHS,Swiss Franc,Mid Rate,"3,646.2478",GH¢ per CHF,0.36462478,GH¢ per CHF,ok,
2000-09-06,DKKGHS,Danish Krone,Buying,744.1521,GH¢ per DKK,0.07441521,GH¢ per DKK,ok,
2000-09-06,DKKGHS,Danish Krone,Selling,770.3696,GH¢ per DKK,0.07703696,GH¢ per DKK,ok,
2000-09-06,DKKGHS,Danish Krone,Mid Rate,757.2609,GH¢ per DKK,0.07572609,GH¢ per DKK,ok,
2000-09-06,GBPGHS,Pound Sterling,Buying,"9,118.3189",GH¢ per GBP,0.91183189,GH¢ per GBP,ok,
2000-09-06,GBPGHS,Pound Sterling,Selling,"9,447.0425",GH¢ per GBP,0.94470425,GH¢ per GBP,ok,
2000-09-06,GBPGHS,Pound Sterling,Mid Rate,"9,282.6807",GH¢ per GBP,0.92826807,GH¢ per GBP,ok,
2000-09-06,JPYGHS,Japanese yen,Buying,59.4996,GH¢ per JPY,0.00594996,GH¢ per JPY,ok,
2000-09-06,JPYGHS,Japanese yen,Selling,61.5964,GH¢ per JPY,0.00615964,GH¢ per JPY,ok,
2000-09-06,JPYGHS,Japanese yen,Mid Rate,60.5480,GH¢ per JPY,0.0060548,GH¢ per JPY,ok,
2000-09-06,NOKGHS,Norwegian Krone,Buying,689.0903,GH¢ per NOK,0.06890903,GH¢ per NOK,ok,
2000-09-06,NOKGHS,Norwegian Krone,Selling,713.1512,GH¢ per NOK,0.07131512,GH¢ per NOK,ok,
2000-09-06,NOKGHS,Norwegian Krone,Mid Rate,701.1208,GH¢ per NOK,0.07011208,GH¢ per NOK,ok,
2000-09-06,SEKGHS,Swedish Krona,Buying,660.4271,GH¢ per SEK,0.06604271,GH¢ per SEK,ok,
2000-09-06,SEKGHS,Swedish Krona,Selling,683.3551,GH¢ per SEK,0.06833551,GH¢ per SEK,ok,
2000-09-06,SEKGHS,Swedish Krona,Mid Rate,671.8911,GH¢ per SEK,0.06718911,GH¢ per SEK,ok,
2000-09-07,USDGHS,US Dollar,Buying,"6,296.6400",GH¢ per USD,0.629664,GH¢ per USD,ok,
2000-09-07,USDGHS,US Dollar,Selling,"6,517.4500",GH¢ per USD,0.651745,GH¢ per USD,ok,
2000-09-07,USDGHS,US Dollar,Mid Rate,"6,407.0450",GH¢ per USD,0.6407045,GH¢ per USD,ok,
2000-09-07,AUDGHS,Australian Dollar,Buying,396.0575,GH¢ per AUD,0.03960575,GH¢ per AUD,ok,
2000-09-07,AUDGHS,Australian Dollar,Selling,"3,664.2390",GH¢ per AUD,0.3664239,GH¢ per AUD,ok,
2000-09-07,AUDGHS,Australian Dollar,Mid Rate,"2,030.1483",GH¢ per AUD,0.20301483,GH¢ per AUD,ok,
2000-09-07,CADGHS,Canadian Dollar,Buying,"4,247.3360",GH¢ per CAD,0.4247336,GH¢ per CAD,ok,
2000-09-07,CADGHS,Canadian Dollar,Selling,"4,396.2450",GH¢ per CAD,0.4396245,GH¢ per CAD,ok,
2000-09-07,CADGHS,Canadian Dollar,Mid Rate,"4,321.7905",GH¢ per CAD,0.43217905,GH¢ per CAD,ok,
2000-09-07,CHFGHS,Swiss Franc,Buying,"3,522.2659",GH¢ per CHF,0.35222659,GH¢ per CHF,ok,
2000-09-07,CHFGHS,Swiss Franc,Selling,"3,646.0512",GH¢ per CHF,0.36460512,GH¢ per CHF,ok,
2000-09-07,CHFGHS,Swiss Franc,Mid Rate,"3,584.1586",GH¢ per CHF,0.35841586,GH¢ per CHF,ok,
2000-09-07,DKKGHS,Danish Krone,Buying,730.4824,GH¢ per DKK,0.07304824,GH¢ per DKK,ok,
2000-09-07,DKKGHS,Danish Krone,Selling,756.1918,GH¢ per DKK,0.07561918,GH¢ per DKK,ok,
2000-09-07,DKKGHS,Danish Krone,Mid Rate,743.3371,GH¢ per DKK,0.07433371,GH¢ per DKK,ok,
2000-09-07,GBPGHS,Pound Sterling,Buying,"9,026.8631",GH¢ per GBP,0.90268631,GH¢ per GBP,ok,
2000-09-07,GBPGHS,Pound Sterling,Selling,"9,349.9338",GH¢ per GBP,0.93499338,GH¢ per GBP,ok,
2000-09-07,GBPGHS,Pound Sterling,Mid Rate,"9,188.3985",GH¢ per GBP,0.91883985,GH¢ per GBP,ok,
2000-09-07,JPYGHS,Japanese yen,Buying,59.3873,GH¢ per JPY,0.00593873,GH¢ per JPY,ok,
2000-09-07,JPYGHS,Japanese yen,Selling,61.4642,GH¢ per JPY,0.00614642,GH¢ per JPY,ok,
2000-09-07,JPYGHS,Japanese yen,Mid Rate,60.4258,GH¢ per JPY,0.00604258,GH¢ per JPY,ok,
2000-09-07,NOKGHS,Norwegian Krone,Buying,679.1813,GH¢ per NOK,0.06791813,GH¢ per NOK,ok,
2000-09-07,NOKGHS,Norwegian Krone,Selling,702.8651,GH¢ per NOK,0.07028651,GH¢ per NOK,ok,
2000-09-07,NOKGHS,Norwegian Krone,Mid Rate,691.0232,GH¢ per NOK,0.06910232,GH¢ per NOK,ok,
2000-09-07,SEKGHS,Swedish Krona,Buying,652.2300,GH¢ per SEK,0.065223,GH¢ per SEK,ok,
2000-09-07,SEKGHS,Swedish Krona,Selling,674.6373,GH¢ per SEK,0.06746373,GH¢ per SEK,ok,
2000-09-07,SEKGHS,Swedish Krona,Mid Rate,663.4337,GH¢ per SEK,0.06634337,GH¢ per SEK,ok,
2000-09-08,USDGHS,US Dollar,Buying,"6,310.6400",GH¢ per USD,0.631064,GH¢ per USD,ok,
2000-09-08,USDGHS,US Dollar,Selling,"6,526.5500",GH¢ per USD,0.652655,GH¢ per USD,ok,
2000-09-08,USDGHS,US Dollar,Mid Rate,"6,418.5950",GH¢ per USD,0.6418595,GH¢ per USD,ok,
2000-09-08,AUDGHS,Australian Dollar,Buying,400.2844,GH¢ per AUD,0.04002844,GH¢ per AUD,ok,
2000-09-08,AUDGHS,Australian Dollar,Selling,"3,661.3529",GH¢ per AUD,0.36613529,GH¢ per AUD,ok,
2000-09-08,AUDGHS,Australian Dollar,Mid Rate,"2,030.8187",GH¢ per AUD,0.20308187,GH¢ per AUD,ok,
2000-09-08,CADGHS,Canadian Dollar,Buying,"4,275.7392",GH¢ per CAD,0.42757392,GH¢ per CAD,ok,
2000-09-08,CADGHS,Canadian Dollar,Selling,"4,420.2165",GH¢ per CAD,0.44202165,GH¢ per CAD,ok,
2000-09-08,CADGHS,Canadian Dollar,Mid Rate,"4,347.9779",GH¢ per CAD,0.43479779,GH¢ per CAD,ok,
2000-09-08,CHFGHS,Swiss Franc,Buying,"3,556.3600",GH¢ per CHF,0.355636,GH¢ per CHF,ok,
2000-09-08,CHFGHS,Swiss Franc,Selling,"3,677.9524",GH¢ per CHF,0.36779524,GH¢ per CHF,ok,
2000-09-08,CHFGHS,Swiss Franc,Mid Rate,"3,617.1562",GH¢ per CHF,0.36171562,GH¢ per CHF,ok,
2000-09-08,DKKGHS,Danish Krone,Buying,738.3657,GH¢ per DKK,0.07383657,GH¢ per DKK,ok,
2000-09-08,DKKGHS,Danish Krone,Selling,763.5707,GH¢ per DKK,0.07635707,GH¢ per DKK,ok,
2000-09-08,DKKGHS,Danish Krone,Mid Rate,750.9682,GH¢ per DKK,0.07509682,GH¢ per DKK,ok,
2000-09-08,GBPGHS,Pound Sterling,Buying,"9,040.6229",GH¢ per GBP,0.90406229,GH¢ per GBP,ok,
2000-09-08,GBPGHS,Pound Sterling,Selling,"9,354.5041",GH¢ per GBP,0.93545041,GH¢ per GBP,ok,
2000-09-08,GBPGHS,Pound Sterling,Mid Rate,"9,197.5635",GH¢ per GBP,0.91975635,GH¢ per GBP,ok,
2000-09-08,JPYGHS,Japanese yen,Buying,59.8717,GH¢ per JPY,0.00598717,GH¢ per JPY,ok,
2000-09-08,JPYGHS,Japanese yen,Selling,61.9012,GH¢ per JPY,0.00619012,GH¢ per JPY,ok,
2000-09-08,JPYGHS,Japanese yen,Mid Rate,60.8865,GH¢ per JPY,0.00608865,GH¢ per JPY,ok,
2000-09-08,NOKGHS,Norwegian Krone,Buying,686.3776,GH¢ per NOK,0.06863776,GH¢ per NOK,ok,
2000-09-08,NOKGHS,Norwegian Krone,Selling,709.6746,GH¢ per NOK,0.07096746,GH¢ per NOK,ok,
2000-09-08,NOKGHS,Norwegian Krone,Mid Rate,698.0261,GH¢ per NOK,0.06980261,GH¢ per NOK,ok,
2000-09-08,SEKGHS,Swedish Krona,Buying,660.8015,GH¢ per SEK,0.06608015,GH¢ per SEK,ok,
2000-09-08,SEKGHS,Swedish Krona,Selling,682.8853,GH¢ per SEK,0.06828853,GH¢ per SEK,ok,
2000-09-08,SEKGHS,Swedish Krona,Mid Rate,671.8434,GH¢ per SEK,0.06718434,GH¢ per SEK,ok,
2000-09-11,USDGHS,US Dollar,Buying,"6,311.9100",GH¢ per USD,0.631191,GH¢ per USD,ok,
2000-09-11,USDGHS,US Dollar,Selling,"6,532.0000",GH¢ per USD,0.6532,GH¢ per USD,ok,
2000-09-11,USDGHS,US Dollar,Mid Rate,"6,421.9550",GH¢ per USD,0.6421955,GH¢ per USD,ok,
2000-09-11,AUDGHS,Australian Dollar,Buying,397.6227,GH¢ per AUD,0.03976227,GH¢ per AUD,ok,
2000-09-11,AUDGHS,Australian Dollar,Selling,"3,651.2708",GH¢ per AUD,0.36512708,GH¢ per AUD,ok,
2000-09-11,AUDGHS,Australian Dollar,Mid Rate,"2,024.4468",GH¢ per AUD,0.20244468,GH¢ per AUD,ok,
2000-09-11,CADGHS,Canadian Dollar,Buying,"4,275.5673",GH¢ per CAD,0.42755673,GH¢ per CAD,ok,
2000-09-11,CADGHS,Canadian Dollar,Selling,"4,420.7282",GH¢ per CAD,0.44207282,GH¢ per CAD,ok,
2000-09-11,CADGHS,Canadian Dollar,Mid Rate,"4,348.1478",GH¢ per CAD,0.43481478,GH¢ per CAD,ok,
2000-09-11,CHFGHS,Swiss Franc,Buying,"3,545.4728",GH¢ per CHF,0.35454728,GH¢ per CHF,ok,
2000-09-11,CHFGHS,Swiss Franc,Selling,"3,666.7663",GH¢ per CHF,0.36667663,GH¢ per CHF,ok,
2000-09-11,CHFGHS,Swiss Franc,Mid Rate,"3,606.1196",GH¢ per CHF,0.36061196,GH¢ per CHF,ok,
2000-09-11,DKKGHS,Danish Krone,Buying,733.6872,GH¢ per DKK,0.07336872,GH¢ per DKK,ok,
2000-09-11,DKKGHS,Danish Krone,Selling,758.7550,GH¢ per DKK,0.0758755,GH¢ per DKK,ok,
2000-09-11,DKKGHS,Danish Krone,Mid Rate,746.2211,GH¢ per DKK,0.07462211,GH¢ per DKK,ok,
2000-09-11,GBPGHS,Pound Sterling,Buying,"8,965.4370",GH¢ per GBP,0.8965437,GH¢ per GBP,ok,
2000-09-11,GBPGHS,Pound Sterling,Selling,"9,281.3188",GH¢ per GBP,0.92813188,GH¢ per GBP,ok,
2000-09-11,GBPGHS,Pound Sterling,Mid Rate,"9,123.3779",GH¢ per GBP,0.91233779,GH¢ per GBP,ok,
2000-09-11,JPYGHS,Japanese yen,Buying,59.4367,GH¢ per JPY,0.00594367,GH¢ per JPY,ok,
2000-09-11,JPYGHS,Japanese yen,Selling,61.4820,GH¢ per JPY,0.0061482,GH¢ per JPY,ok,
2000-09-11,JPYGHS,Japanese yen,Mid Rate,60.4594,GH¢ per JPY,0.00604594,GH¢ per JPY,ok,
2000-09-11,NOKGHS,Norwegian Krone,Buying,680.7004,GH¢ per NOK,0.06807004,GH¢ per NOK,ok,
2000-09-11,NOKGHS,Norwegian Krone,Selling,703.9034,GH¢ per NOK,0.07039034,GH¢ per NOK,ok,
2000-09-11,NOKGHS,Norwegian Krone,Mid Rate,692.3019,GH¢ per NOK,0.06923019,GH¢ per NOK,ok,
2000-09-11,SEKGHS,Swedish Krona,Buying,653.8626,GH¢ per SEK,0.06538626,GH¢ per SEK,ok,
2000-09-11,SEKGHS,Swedish Krona,Selling,675.8209,GH¢ per SEK,0.06758209,GH¢ per SEK,ok,
2000-09-11,SEKGHS,Swedish Krona,Mid Rate,664.8418,GH¢ per SEK,0.06648418,GH¢ per SEK,ok,
2000-09-12,USDGHS,US Dollar,Buying,"6,330.0900",GH¢ per USD,0.633009,GH¢ per USD,ok,
2000-09-12,USDGHS,US Dollar,Selling,"6,550.6400",GH¢ per USD,0.655064,GH¢ per USD,ok,
2000-09-12,USDGHS,US Dollar,Mid Rate,"6,440.3650",GH¢ per USD,0.6440365,GH¢ per USD,ok,
2000-09-12,AUDGHS,Australian Dollar,Buying,396.1731,GH¢ per AUD,0.03961731,GH¢ per AUD,ok,
2000-09-12,AUDGHS,Australian Dollar,Selling,"3,661.7944",GH¢ per AUD,0.36617944,GH¢ per AUD,ok,
2000-09-12,AUDGHS,Australian Dollar,Mid Rate,"2,028.9838",GH¢ per AUD,0.20289838,GH¢ per AUD,ok,
2000-09-12,CADGHS,Canadian Dollar,Buying,"4,275.5951",GH¢ per CAD,0.42755951,GH¢ per CAD,ok,
2000-09-12,CADGHS,Canadian Dollar,Selling,"4,421.6662",GH¢ per CAD,0.44216662,GH¢ per CAD,ok,
2000-09-12,CADGHS,Canadian Dollar,Mid Rate,"4,348.6307",GH¢ per CAD,0.43486307,GH¢ per CAD,ok,
2000-09-12,CHFGHS,Swiss Franc,Buying,"3,591.2714",GH¢ per CHF,0.35912714,GH¢ per CHF,ok,
2000-09-12,CHFGHS,Swiss Franc,Selling,"3,714.4143",GH¢ per CHF,0.37144143,GH¢ per CHF,ok,
2000-09-12,CHFGHS,Swiss Franc,Mid Rate,"3,652.8429",GH¢ per CHF,0.36528429,GH¢ per CHF,ok,
2000-09-12,DKKGHS,Danish Krone,Buying,730.8604,GH¢ per DKK,0.07308604,GH¢ per DKK,ok,
2000-09-12,DKKGHS,Danish Krone,Selling,756.0651,GH¢ per DKK,0.07560651,GH¢ per DKK,ok,
2000-09-12,DKKGHS,Danish Krone,Mid Rate,743.4628,GH¢ per DKK,0.07434628,GH¢ per DKK,ok,
2000-09-12,GBPGHS,Pound Sterling,Buying,"8,869.7221",GH¢ per GBP,0.88697221,GH¢ per GBP,ok,
2000-09-12,GBPGHS,Pound Sterling,Selling,"9,182.0321",GH¢ per GBP,0.91820321,GH¢ per GBP,ok,
2000-09-12,GBPGHS,Pound Sterling,Mid Rate,"9,025.8771",GH¢ per GBP,0.90258771,GH¢ per GBP,ok,
2000-09-12,JPYGHS,Japanese yen,Buying,59.5563,GH¢ per JPY,0.00595563,GH¢ per JPY,ok,
2000-09-12,JPYGHS,Japanese yen,Selling,61.6037,GH¢ per JPY,0.00616037,GH¢ per JPY,ok,
2000-09-12,JPYGHS,Japanese yen,Mid Rate,60.5800,GH¢ per JPY,0.006058,GH¢ per JPY,ok,
2000-09-12,NOKGHS,Norwegian Krone,Buying,683.1008,GH¢ per NOK,0.06831008,GH¢ per NOK,ok,
2000-09-12,NOKGHS,Norwegian Krone,Selling,706.5221,GH¢ per NOK,0.07065221,GH¢ per NOK,ok,
2000-09-12,NOKGHS,Norwegian Krone,Mid Rate,694.8115,GH¢ per NOK,0.06948115,GH¢ per NOK,ok,
2000-09-12,SEKGHS,Swedish Krona,Buying,651.1083,GH¢ per SEK,0.06511083,GH¢ per SEK,ok,
2000-09-12,SEKGHS,Swedish Krona,Selling,673.4509,GH¢ per SEK,0.06734509,GH¢ per SEK,ok,
2000-09-12,SEKGHS,Swedish Krona,Mid Rate,662.2796,GH¢ per SEK,0.06622796,GH¢ per SEK,ok,
2000-09-13,USDGHS,US Dollar,Buying,"6,339.0900",GH¢ per USD,0.633909,GH¢ per USD,ok,
2000-09-13,USDGHS,US Dollar,Selling,"6,559.6400",GH¢ per USD,0.655964,GH¢ per USD,ok,
2000-09-13,USDGHS,US Dollar,Mid Rate,"6,449.3650",GH¢ per USD,0.6449365,GH¢ per USD,ok,
2000-09-13,AUDGHS,Australian Dollar,Buying,399.6077,GH¢ per AUD,0.03996077,GH¢ per AUD,ok,
2000-09-13,AUDGHS,Australian Dollar,Selling,"3,658.9410",GH¢ per AUD,0.3658941,GH¢ per AUD,ok,
2000-09-13,AUDGHS,Australian Dollar,Mid Rate,"2,029.2744",GH¢ per AUD,0.20292744,GH¢ per AUD,ok,
2000-09-13,CADGHS,Canadian Dollar,Buying,"4,287.8143",GH¢ per CAD,0.42878143,GH¢ per CAD,ok,
2000-09-13,CADGHS,Canadian Dollar,Selling,"4,434.7394",GH¢ per CAD,0.44347394,GH¢ per CAD,ok,
2000-09-13,CADGHS,Canadian Dollar,Mid Rate,"4,361.2769",GH¢ per CAD,0.43612769,GH¢ per CAD,ok,
2000-09-13,CHFGHS,Swiss Franc,Buying,"3,596.1311",GH¢ per CHF,0.35961311,GH¢ per CHF,ok,
2000-09-13,CHFGHS,Swiss Franc,Selling,"3,720.7709",GH¢ per CHF,0.37207709,GH¢ per CHF,ok,
2000-09-13,CHFGHS,Swiss Franc,Mid Rate,"3,658.4510",GH¢ per CHF,0.3658451,GH¢ per CHF,ok,
2000-09-13,DKKGHS,Danish Krone,Buying,736.6538,GH¢ per DKK,0.07366538,GH¢ per DKK,ok,
2000-09-13,DKKGHS,Danish Krone,Selling,762.1266,GH¢ per DKK,0.07621266,GH¢ per DKK,ok,
2000-09-13,DKKGHS,Danish Krone,Mid Rate,749.3902,GH¢ per DKK,0.07493902,GH¢ per DKK,ok,
2000-09-13,GBPGHS,Pound Sterling,Buying,"8,934.9474",GH¢ per GBP,0.89349474,GH¢ per GBP,ok,
2000-09-13,GBPGHS,Pound Sterling,Selling,"9,249.0924",GH¢ per GBP,0.92490924,GH¢ per GBP,ok,
2000-09-13,GBPGHS,Pound Sterling,Mid Rate,"9,092.0199",GH¢ per GBP,0.90920199,GH¢ per GBP,ok,
2000-09-13,JPYGHS,Japanese yen,Buying,59.1954,GH¢ per JPY,0.00591954,GH¢ per JPY,ok,
2000-09-13,JPYGHS,Japanese yen,Selling,61.2279,GH¢ per JPY,0.00612279,GH¢ per JPY,ok,
2000-09-13,JPYGHS,Japanese yen,Mid Rate,60.2117,GH¢ per JPY,0.00602117,GH¢ per JPY,ok,
2000-09-13,NOKGHS,Norwegian Krone,Buying,683.2776,GH¢ per NOK,0.06832776,GH¢ per NOK,ok,
2000-09-13,NOKGHS,Norwegian Krone,Selling,706.7713,GH¢ per NOK,0.07067713,GH¢ per NOK,ok,
2000-09-13,NOKGHS,Norwegian Krone,Mid Rate,695.0245,GH¢ per NOK,0.06950245,GH¢ per NOK,ok,
2000-09-13,SEKGHS,Swedish Krona,Buying,653.0058,GH¢ per SEK,0.06530058,GH¢ per SEK,ok,
2000-09-13,SEKGHS,Swedish Krona,Selling,675.1261,GH¢ per SEK,0.06751261,GH¢ per SEK,ok,
2000-09-13,SEKGHS,Swedish Krona,Mid Rate,664.0660,GH¢ per SEK,0.0664066,GH¢ per SEK,ok,
2000-09-14,USDGHS,US Dollar,Buying,"6,341.7300",GH¢ per USD,0.634173,GH¢ per USD,ok,
2000-09-14,USDGHS,US Dollar,Selling,"6,566.8200",GH¢ per USD,0.656682,GH¢ per USD,ok,
2000-09-14,USDGHS,US Dollar,Mid Rate,"6,454.2750",GH¢ per USD,0.6454275,GH¢ per USD,ok,
2000-09-14,AUDGHS,Australian Dollar,Buying,397.2995,GH¢ per AUD,0.03972995,GH¢ per AUD,ok,
2000-09-14,AUDGHS,Australian Dollar,Selling,"3,614.6982",GH¢ per AUD,0.36146982,GH¢ per AUD,ok,
2000-09-14,AUDGHS,Australian Dollar,Mid Rate,"2,005.9989",GH¢ per AUD,0.20059989,GH¢ per AUD,ok,
2000-09-14,CADGHS,Canadian Dollar,Buying,"4,262.7223",GH¢ per CAD,0.42627223,GH¢ per CAD,ok,
2000-09-14,CADGHS,Canadian Dollar,Selling,"4,412.7327",GH¢ per CAD,0.44127327,GH¢ per CAD,ok,
2000-09-14,CADGHS,Canadian Dollar,Mid Rate,"4,337.7275",GH¢ per CAD,0.43377275,GH¢ per CAD,ok,
2000-09-14,CHFGHS,Swiss Franc,Buying,"3,596.2000",GH¢ per CHF,0.35962,GH¢ per CHF,ok,
2000-09-14,CHFGHS,Swiss Franc,Selling,"3,723.0380",GH¢ per CHF,0.3723038,GH¢ per CHF,ok,
2000-09-14,CHFGHS,Swiss Franc,Mid Rate,"3,659.6190",GH¢ per CHF,0.3659619,GH¢ per CHF,ok,
2000-09-14,DKKGHS,Danish Krone,Buying,732.3540,GH¢ per DKK,0.0732354,GH¢ per DKK,ok,
2000-09-14,DKKGHS,Danish Krone,Selling,758.1775,GH¢ per DKK,0.07581775,GH¢ per DKK,ok,
2000-09-14,DKKGHS,Danish Krone,Mid Rate,745.2658,GH¢ per DKK,0.07452658,GH¢ per DKK,ok,
2000-09-14,GBPGHS,Pound Sterling,Buying,"8,932.9609",GH¢ per GBP,0.89329609,GH¢ per GBP,ok,
2000-09-14,GBPGHS,Pound Sterling,Selling,"9,256.5895",GH¢ per GBP,0.92565895,GH¢ per GBP,ok,
2000-09-14,GBPGHS,Pound Sterling,Mid Rate,"9,094.7752",GH¢ per GBP,0.90947752,GH¢ per GBP,ok,
2000-09-14,JPYGHS,Japanese yen,Buying,59.2332,GH¢ per JPY,0.00592332,GH¢ per JPY,ok,
2000-09-14,JPYGHS,Japanese yen,Selling,61.3304,GH¢ per JPY,0.00613304,GH¢ per JPY,ok,
2000-09-14,JPYGHS,Japanese yen,Mid Rate,60.2818,GH¢ per JPY,0.00602818,GH¢ per JPY,ok,
2000-09-14,NOKGHS,Norwegian Krone,Buying,682.6089,GH¢ per NOK,0.06826089,GH¢ per NOK,ok,
2000-09-14,NOKGHS,Norwegian Krone,Selling,706.7124,GH¢ per NOK,0.07067124,GH¢ per NOK,ok,
2000-09-14,NOKGHS,Norwegian Krone,Mid Rate,694.6607,GH¢ per NOK,0.06946607,GH¢ per NOK,ok,
2000-09-14,SEKGHS,Swedish Krona,Buying,650.9813,GH¢ per SEK,0.06509813,GH¢ per SEK,ok,
2000-09-14,SEKGHS,Swedish Krona,Selling,673.9810,GH¢ per SEK,0.0673981,GH¢ per SEK,ok,
2000-09-14,SEKGHS,Swedish Krona,Mid Rate,662.4812,GH¢ per SEK,0.06624812,GH¢ per SEK,ok,
2000-09-15,USDGHS,US Dollar,Buying,"6,351.0900",GH¢ per USD,0.635109,GH¢ per USD,ok,
2000-09-15,USDGHS,US Dollar,Selling,"6,576.5500",GH¢ per USD,0.657655,GH¢ per USD,ok,
2000-09-15,USDGHS,US Dollar,Mid Rate,"6,463.8200",GH¢ per USD,0.646382,GH¢ per USD,ok,
2000-09-15,AUDGHS,Australian Dollar,Buying,399.8991,GH¢ per AUD,0.03998991,GH¢ per AUD,ok,
2000-09-15,AUDGHS,Australian Dollar,Selling,"3,620.5677",GH¢ per AUD,0.36205677,GH¢ per AUD,ok,
2000-09-15,AUDGHS,Australian Dollar,Mid Rate,"2,010.2334",GH¢ per AUD,0.20102334,GH¢ per AUD,ok,
2000-09-15,CADGHS,Canadian Dollar,Buying,"4,268.4824",GH¢ per CAD,0.42684824,GH¢ per CAD,ok,
2000-09-15,CADGHS,Canadian Dollar,Selling,"4,418.6342",GH¢ per CAD,0.44186342,GH¢ per CAD,ok,
2000-09-15,CADGHS,Canadian Dollar,Mid Rate,"4,343.5583",GH¢ per CAD,0.43435583,GH¢ per CAD,ok,
2000-09-15,CHFGHS,Swiss Franc,Buying,"3,591.8073",GH¢ per CHF,0.35918073,GH¢ per CHF,ok,
2000-09-15,CHFGHS,Swiss Franc,Selling,"3,718.1666",GH¢ per CHF,0.37181666,GH¢ per CHF,ok,
2000-09-15,CHFGHS,Swiss Franc,Mid Rate,"3,654.9870",GH¢ per CHF,0.3654987,GH¢ per CHF,ok,
2000-09-15,DKKGHS,Danish Krone,Buying,737.0335,GH¢ per DKK,0.07370335,GH¢ per DKK,ok,
2000-09-15,DKKGHS,Danish Krone,Selling,762.9079,GH¢ per DKK,0.07629079,GH¢ per DKK,ok,
2000-09-15,DKKGHS,Danish Krone,Mid Rate,749.9707,GH¢ per DKK,0.07499707,GH¢ per DKK,ok,
2000-09-15,GBPGHS,Pound Sterling,Buying,"8,951.8613",GH¢ per GBP,0.89518613,GH¢ per GBP,ok,
2000-09-15,GBPGHS,Pound Sterling,Selling,"9,271.6202",GH¢ per GBP,0.92716202,GH¢ per GBP,ok,
2000-09-15,GBPGHS,Pound Sterling,Mid Rate,"9,111.7408",GH¢ per GBP,0.91117408,GH¢ per GBP,ok,
2000-09-15,JPYGHS,Japanese yen,Buying,59.1350,GH¢ per JPY,0.0059135,GH¢ per JPY,ok,
2000-09-15,JPYGHS,Japanese yen,Selling,61.1988,GH¢ per JPY,0.00611988,GH¢ per JPY,ok,
2000-09-15,JPYGHS,Japanese yen,Mid Rate,60.1669,GH¢ per JPY,0.00601669,GH¢ per JPY,ok,
2000-09-15,NOKGHS,Norwegian Krone,Buying,685.2942,GH¢ per NOK,0.06852942,GH¢ per NOK,ok,
2000-09-15,NOKGHS,Norwegian Krone,Selling,709.2407,GH¢ per NOK,0.07092407,GH¢ per NOK,ok,
2000-09-15,NOKGHS,Norwegian Krone,Mid Rate,697.2675,GH¢ per NOK,0.06972675,GH¢ per NOK,ok,
2000-09-15,SEKGHS,Swedish Krona,Buying,654.1702,GH¢ per SEK,0.06541702,GH¢ per SEK,ok,
2000-09-15,SEKGHS,Swedish Krona,Selling,676.9039,GH¢ per SEK,0.06769039,GH¢ per SEK,ok,
2000-09-15,SEKGHS,Swedish Krona,Mid Rate,665.5371,GH¢ per SEK,0.06655371,GH¢ per SEK,ok,
2000-09-18,USDGHS,US Dollar,Buying,"6,356.4500",GH¢ per USD,0.635645,GH¢ per USD,ok,
2000-09-18,USDGHS,US Dollar,Selling,"6,582.0000",GH¢ per USD,0.6582,GH¢ per USD,ok,
2000-09-18,USDGHS,US Dollar,Mid Rate,"6,469.2250",GH¢ per USD,0.6469225,GH¢ per USD,ok,
2000-09-18,AUDGHS,Australian Dollar,Buying,395.4216,GH¢ per AUD,0.03954216,GH¢ per AUD,ok,
2000-09-18,AUDGHS,Australian Dollar,Selling,"3,578.5170",GH¢ per AUD,0.3578517,GH¢ per AUD,ok,
2000-09-18,AUDGHS,Australian Dollar,Mid Rate,"1,986.9693",GH¢ per AUD,0.19869693,GH¢ per AUD,ok,
2000-09-18,CADGHS,Canadian Dollar,Buying,"4,282.8361",GH¢ per CAD,0.42828361,GH¢ per CAD,ok,
2000-09-18,CADGHS,Canadian Dollar,Selling,"4,431.6900",GH¢ per CAD,0.443169,GH¢ per CAD,ok,
2000-09-18,CADGHS,Canadian Dollar,Mid Rate,"4,357.2631",GH¢ per CAD,0.43572631,GH¢ per CAD,ok,
2000-09-18,CHFGHS,Swiss Franc,Buying,"3,568.3141",GH¢ per CHF,0.35683141,GH¢ per CHF,ok,
2000-09-18,CHFGHS,Swiss Franc,Selling,"3,695.0004",GH¢ per CHF,0.36950004,GH¢ per CHF,ok,
2000-09-18,CHFGHS,Swiss Franc,Mid Rate,"3,631.6573",GH¢ per CHF,0.36316573,GH¢ per CHF,ok,
2000-09-18,DKKGHS,Danish Krone,Buying,728.3687,GH¢ per DKK,0.07283687,GH¢ per DKK,ok,
2000-09-18,DKKGHS,Danish Krone,Selling,753.9491,GH¢ per DKK,0.07539491,GH¢ per DKK,ok,
2000-09-18,DKKGHS,Danish Krone,Mid Rate,741.1589,GH¢ per DKK,0.07411589,GH¢ per DKK,ok,
2000-09-18,GBPGHS,Pound Sterling,Buying,"8,893.3092",GH¢ per GBP,0.88933092,GH¢ per GBP,ok,
2000-09-18,GBPGHS,Pound Sterling,Selling,"9,213.4836",GH¢ per GBP,0.92134836,GH¢ per GBP,ok,
2000-09-18,GBPGHS,Pound Sterling,Mid Rate,"9,053.3964",GH¢ per GBP,0.90533964,GH¢ per GBP,ok,
2000-09-18,JPYGHS,Japanese yen,Buying,59.4115,GH¢ per JPY,0.00594115,GH¢ per JPY,ok,
2000-09-18,JPYGHS,Japanese yen,Selling,61.5011,GH¢ per JPY,0.00615011,GH¢ per JPY,ok,
2000-09-18,JPYGHS,Japanese yen,Mid Rate,60.4563,GH¢ per JPY,0.00604563,GH¢ per JPY,ok,
2000-09-18,NOKGHS,Norwegian Krone,Buying,681.1456,GH¢ per NOK,0.06811456,GH¢ per NOK,ok,
2000-09-18,NOKGHS,Norwegian Krone,Selling,704.9391,GH¢ per NOK,0.07049391,GH¢ per NOK,ok,
2000-09-18,NOKGHS,Norwegian Krone,Mid Rate,693.0424,GH¢ per NOK,0.06930424,GH¢ per NOK,ok,
2000-09-18,SEKGHS,Swedish Krona,Buying,648.4178,GH¢ per SEK,0.06484178,GH¢ per SEK,ok,
2000-09-18,SEKGHS,Swedish Krona,Selling,670.7447,GH¢ per SEK,0.06707447,GH¢ per SEK,ok,
2000-09-18,SEKGHS,Swedish Krona,Mid Rate,659.5813,GH¢ per SEK,0.06595813,GH¢ per SEK,ok,
2000-09-19,USDGHS,US Dollar,Buying,"6,357.8200",GH¢ per USD,0.635782,GH¢ per USD,ok,
2000-09-19,USDGHS,US Dollar,Selling,"6,577.9100",GH¢ per USD,0.657791,GH¢ per USD,ok,
2000-09-19,USDGHS,US Dollar,Mid Rate,"6,467.8650",GH¢ per USD,0.6467865,GH¢ per USD,ok,
2000-09-19,AUDGHS,Australian Dollar,Buying,394.1129,GH¢ per AUD,0.03941129,GH¢ per AUD,ok,
2000-09-19,AUDGHS,Australian Dollar,Selling,"3,574.3400",GH¢ per AUD,0.357434,GH¢ per AUD,ok,
2000-09-19,AUDGHS,Australian Dollar,Mid Rate,"1,984.2265",GH¢ per AUD,0.19842265,GH¢ per AUD,ok,
2000-09-19,CADGHS,Canadian Dollar,Buying,"4,275.5752",GH¢ per CAD,0.42755752,GH¢ per CAD,ok,
2000-09-19,CADGHS,Canadian Dollar,Selling,"4,420.1839",GH¢ per CAD,0.44201839,GH¢ per CAD,ok,
2000-09-19,CADGHS,Canadian Dollar,Mid Rate,"4,347.8796",GH¢ per CAD,0.43478796,GH¢ per CAD,ok,
2000-09-19,CHFGHS,Swiss Franc,Buying,"3,570.7780",GH¢ per CHF,0.3570778,GH¢ per CHF,ok,
2000-09-19,CHFGHS,Swiss Franc,Selling,"3,691.8079",GH¢ per CHF,0.36918079,GH¢ per CHF,ok,
2000-09-19,CHFGHS,Swiss Franc,Mid Rate,"3,631.2930",GH¢ per CHF,0.3631293,GH¢ per CHF,ok,
2000-09-19,DKKGHS,Danish Krone,Buying,726.3384,GH¢ per DKK,0.07263384,GH¢ per DKK,ok,
2000-09-19,DKKGHS,Danish Krone,Selling,750.9588,GH¢ per DKK,0.07509588,GH¢ per DKK,ok,
2000-09-19,DKKGHS,Danish Krone,Mid Rate,738.6486,GH¢ per DKK,0.07386486,GH¢ per DKK,ok,
2000-09-19,GBPGHS,Pound Sterling,Buying,"8,907.3058",GH¢ per GBP,0.89073058,GH¢ per GBP,ok,
2000-09-19,GBPGHS,Pound Sterling,Selling,"9,216.9675",GH¢ per GBP,0.92169675,GH¢ per GBP,ok,
2000-09-19,GBPGHS,Pound Sterling,Mid Rate,"9,062.1367",GH¢ per GBP,0.90621367,GH¢ per GBP,ok,
2000-09-19,JPYGHS,Japanese yen,Buying,59.5090,GH¢ per JPY,0.0059509,GH¢ per JPY,ok,
2000-09-19,JPYGHS,Japanese yen,Selling,61.5285,GH¢ per JPY,0.00615285,GH¢ per JPY,ok,
2000-09-19,JPYGHS,Japanese yen,Mid Rate,60.5188,GH¢ per JPY,0.00605188,GH¢ per JPY,ok,
2000-09-19,NOKGHS,Norwegian Krone,Buying,677.8153,GH¢ per NOK,0.06778153,GH¢ per NOK,ok,
2000-09-19,NOKGHS,Norwegian Krone,Selling,700.6064,GH¢ per NOK,0.07006064,GH¢ per NOK,ok,
2000-09-19,NOKGHS,Norwegian Krone,Mid Rate,689.2109,GH¢ per NOK,0.06892109,GH¢ per NOK,ok,
2000-09-19,SEKGHS,Swedish Krona,Buying,646.2531,GH¢ per SEK,0.06462531,GH¢ per SEK,ok,
2000-09-19,SEKGHS,Swedish Krona,Selling,667.9446,GH¢ per SEK,0.06679446,GH¢ per SEK,ok,
2000-09-19,SEKGHS,Swedish Krona,Mid Rate,657.0989,GH¢ per SEK,0.06570989,GH¢ per SEK,ok,
2000-09-20,USDGHS,US Dollar,Buying,"6,358.0000",GH¢ per USD,0.6358,GH¢ per USD,ok,
2000-09-20,USDGHS,US Dollar,Selling,"6,586.6400",GH¢ per USD,0.658664,GH¢ per USD,ok,
2000-09-20,USDGHS,US Dollar,Mid Rate,"6,472.3200",GH¢ per USD,0.647232,GH¢ per USD,ok,
2000-09-20,AUDGHS,Australian Dollar,Buying,391.6096,GH¢ per AUD,0.03916096,GH¢ per AUD,ok,
2000-09-20,AUDGHS,Australian Dollar,Selling,"3,549.2232",GH¢ per AUD,0.35492232,GH¢ per AUD,ok,
2000-09-20,AUDGHS,Australian Dollar,Mid Rate,"1,970.4164",GH¢ per AUD,0.19704164,GH¢ per AUD,ok,
2000-09-20,CADGHS,Canadian Dollar,Buying,"4,289.6102",GH¢ per CAD,0.42896102,GH¢ per CAD,ok,
2000-09-20,CADGHS,Canadian Dollar,Selling,"4,440.7678",GH¢ per CAD,0.44407678,GH¢ per CAD,ok,
2000-09-20,CADGHS,Canadian Dollar,Mid Rate,"4,365.1890",GH¢ per CAD,0.4365189,GH¢ per CAD,ok,
2000-09-20,CHFGHS,Swiss Franc,Buying,"3,574.9320",GH¢ per CHF,0.3574932,GH¢ per CHF,ok,
2000-09-20,CHFGHS,Swiss Franc,Selling,"3,700.0793",GH¢ per CHF,0.37000793,GH¢ per CHF,ok,
2000-09-20,CHFGHS,Swiss Franc,Mid Rate,"3,637.5057",GH¢ per CHF,0.36375057,GH¢ per CHF,ok,
2000-09-20,DKKGHS,Danish Krone,Buying,721.7200,GH¢ per DKK,0.072172,GH¢ per DKK,ok,
2000-09-20,DKKGHS,Danish Krone,Selling,747.2047,GH¢ per DKK,0.07472047,GH¢ per DKK,ok,
2000-09-20,DKKGHS,Danish Krone,Mid Rate,734.4624,GH¢ per DKK,0.07344624,GH¢ per DKK,ok,
2000-09-20,GBPGHS,Pound Sterling,Buying,"8,958.4220",GH¢ per GBP,0.8958422,GH¢ per GBP,ok,
2000-09-20,GBPGHS,Pound Sterling,Selling,"9,283.8691",GH¢ per GBP,0.92838691,GH¢ per GBP,ok,
2000-09-20,GBPGHS,Pound Sterling,Mid Rate,"9,121.1456",GH¢ per GBP,0.91211456,GH¢ per GBP,ok,
2000-09-20,JPYGHS,Japanese yen,Buying,59.6155,GH¢ per JPY,0.00596155,GH¢ per JPY,ok,
2000-09-20,JPYGHS,Japanese yen,Selling,61.7320,GH¢ per JPY,0.0061732,GH¢ per JPY,ok,
2000-09-20,JPYGHS,Japanese yen,Mid Rate,60.6738,GH¢ per JPY,0.00606738,GH¢ per JPY,ok,
2000-09-20,NOKGHS,Norwegian Krone,Buying,675.5465,GH¢ per NOK,0.06755465,GH¢ per NOK,ok,
2000-09-20,NOKGHS,Norwegian Krone,Selling,699.2234,GH¢ per NOK,0.06992234,GH¢ per NOK,ok,
2000-09-20,NOKGHS,Norwegian Krone,Mid Rate,687.3850,GH¢ per NOK,0.0687385,GH¢ per NOK,ok,
2000-09-20,SEKGHS,Swedish Krona,Buying,644.5511,GH¢ per SEK,0.06445511,GH¢ per SEK,ok,
2000-09-20,SEKGHS,Swedish Krona,Selling,666.8201,GH¢ per SEK,0.06668201,GH¢ per SEK,ok,
2000-09-20,SEKGHS,Swedish Krona,Mid Rate,655.6856,GH¢ per SEK,0.06556856,GH¢ per SEK,ok,
2000-09-21,USDGHS,US Dollar,Buying,"6,389.8200",GH¢ per USD,0.638982,GH¢ per USD,ok,
2000-09-21,USDGHS,US Dollar,Selling,"6,601.0900",GH¢ per USD,0.660109,GH¢ per USD,ok,
2000-09-21,USDGHS,US Dollar,Mid Rate,"6,495.4550",GH¢ per USD,0.6495455,GH¢ per USD,ok,
2000-09-21,AUDGHS,Australian Dollar,Buying,396.3558,GH¢ per AUD,0.03963558,GH¢ per AUD,ok,
2000-09-21,AUDGHS,Australian Dollar,Selling,"3,565.2850",GH¢ per AUD,0.3565285,GH¢ per AUD,ok,
2000-09-21,AUDGHS,Australian Dollar,Mid Rate,"1,980.8204",GH¢ per AUD,0.19808204,GH¢ per AUD,ok,
2000-09-21,CADGHS,Canadian Dollar,Buying,"4,312.1990",GH¢ per CAD,0.4312199,GH¢ per CAD,ok,
2000-09-21,CADGHS,Canadian Dollar,Selling,"4,450.6325",GH¢ per CAD,0.44506325,GH¢ per CAD,ok,
2000-09-21,CADGHS,Canadian Dollar,Mid Rate,"4,381.4158",GH¢ per CAD,0.43814158,GH¢ per CAD,ok,
2000-09-21,CHFGHS,Swiss Franc,Buying,"3,614.3585",GH¢ per CHF,0.36143585,GH¢ per CHF,ok,
2000-09-21,CHFGHS,Swiss Franc,Selling,"3,730.6955",GH¢ per CHF,0.37306955,GH¢ per CHF,ok,
2000-09-21,CHFGHS,Swiss Franc,Mid Rate,"3,672.5270",GH¢ per CHF,0.3672527,GH¢ per CHF,ok,
2000-09-21,DKKGHS,Danish Krone,Buying,730.3463,GH¢ per DKK,0.07303463,GH¢ per DKK,ok,
2000-09-21,DKKGHS,Danish Krone,Selling,754.1088,GH¢ per DKK,0.07541088,GH¢ per DKK,ok,
2000-09-21,DKKGHS,Danish Krone,Mid Rate,742.2276,GH¢ per DKK,0.07422276,GH¢ per DKK,ok,
2000-09-21,GBPGHS,Pound Sterling,Buying,"9,040.9563",GH¢ per GBP,0.90409563,GH¢ per GBP,ok,
2000-09-21,GBPGHS,Pound Sterling,Selling,"9,340.5424",GH¢ per GBP,0.93405424,GH¢ per GBP,ok,
2000-09-21,GBPGHS,Pound Sterling,Mid Rate,"9,190.7494",GH¢ per GBP,0.91907494,GH¢ per GBP,ok,
2000-09-21,JPYGHS,Japanese yen,Buying,59.8739,GH¢ per JPY,0.00598739,GH¢ per JPY,ok,
2000-09-21,JPYGHS,Japanese yen,Selling,61.8088,GH¢ per JPY,0.00618088,GH¢ per JPY,ok,
2000-09-21,JPYGHS,Japanese yen,Mid Rate,60.8414,GH¢ per JPY,0.00608414,GH¢ per JPY,ok,
2000-09-21,NOKGHS,Norwegian Krone,Buying,683.3420,GH¢ per NOK,0.0683342,GH¢ per NOK,ok,
2000-09-21,NOKGHS,Norwegian Krone,Selling,704.9785,GH¢ per NOK,0.07049785,GH¢ per NOK,ok,
2000-09-21,NOKGHS,Norwegian Krone,Mid Rate,694.1603,GH¢ per NOK,0.06941603,GH¢ per NOK,ok,
2000-09-21,SEKGHS,Swedish Krona,Buying,651.4737,GH¢ per SEK,0.06514737,GH¢ per SEK,ok,
2000-09-21,SEKGHS,Swedish Krona,Selling,672.1410,GH¢ per SEK,0.0672141,GH¢ per SEK,ok,
2000-09-21,SEKGHS,Swedish Krona,Mid Rate,661.8074,GH¢ per SEK,0.06618074,GH¢ per SEK,ok,
2000-09-22,USDGHS,US Dollar,Buying,"6,400.9100",GH¢ per USD,0.640091,GH¢ per USD,ok,
2000-09-22,USDGHS,US Dollar,Selling,"6,606.9100",GH¢ per USD,0.660691,GH¢ per USD,ok,
2000-09-22,USDGHS,US Dollar,Mid Rate,"6,503.9100",GH¢ per USD,0.650391,GH¢ per USD,ok,
2000-09-22,AUDGHS,Australian Dollar,Buying,401.5695,GH¢ per AUD,0.04015695,GH¢ per AUD,ok,
2000-09-22,AUDGHS,Australian Dollar,Selling,"3,624.4940",GH¢ per AUD,0.3624494,GH¢ per AUD,ok,
2000-09-22,AUDGHS,Australian Dollar,Mid Rate,"2,013.0318",GH¢ per AUD,0.20130318,GH¢ per AUD,ok,
2000-09-22,CADGHS,Canadian Dollar,Buying,"4,309.4205",GH¢ per CAD,0.43094205,GH¢ per CAD,ok,
2000-09-22,CADGHS,Canadian Dollar,Selling,"4,445.9261",GH¢ per CAD,0.44459261,GH¢ per CAD,ok,
2000-09-22,CADGHS,Canadian Dollar,Mid Rate,"4,377.6733",GH¢ per CAD,0.43776733,GH¢ per CAD,ok,
2000-09-22,CHFGHS,Swiss Franc,Buying,"3,633.8304",GH¢ per CHF,0.36338304,GH¢ per CHF,ok,
2000-09-22,CHFGHS,Swiss Franc,Selling,"3,749.1336",GH¢ per CHF,0.37491336,GH¢ per CHF,ok,
2000-09-22,CHFGHS,Swiss Franc,Mid Rate,"3,691.4820",GH¢ per CHF,0.3691482,GH¢ per CHF,ok,
2000-09-22,DKKGHS,Danish Krone,Buying,740.6117,GH¢ per DKK,0.07406117,GH¢ per DKK,ok,
2000-09-22,DKKGHS,Danish Krone,Selling,764.1369,GH¢ per DKK,0.07641369,GH¢ per DKK,ok,
2000-09-22,DKKGHS,Danish Krone,Mid Rate,752.3743,GH¢ per DKK,0.07523743,GH¢ per DKK,ok,
2000-09-22,GBPGHS,Pound Sterling,Buying,"9,271.7181",GH¢ per GBP,0.92717181,GH¢ per GBP,ok,
2000-09-22,GBPGHS,Pound Sterling,Selling,"9,573.4126",GH¢ per GBP,0.95734126,GH¢ per GBP,ok,
2000-09-22,GBPGHS,Pound Sterling,Mid Rate,"9,422.5654",GH¢ per GBP,0.94225654,GH¢ per GBP,ok,
2000-09-22,JPYGHS,Japanese yen,Buying,59.9258,GH¢ per JPY,0.00599258,GH¢ per JPY,ok,
2000-09-22,JPYGHS,Japanese yen,Selling,61.8278,GH¢ per JPY,0.00618278,GH¢ per JPY,ok,
2000-09-22,JPYGHS,Japanese yen,Mid Rate,60.8768,GH¢ per JPY,0.00608768,GH¢ per JPY,ok,
2000-09-22,NOKGHS,Norwegian Krone,Buying,688.3338,GH¢ per NOK,0.06883338,GH¢ per NOK,ok,
2000-09-22,NOKGHS,Norwegian Krone,Selling,710.1043,GH¢ per NOK,0.07101043,GH¢ per NOK,ok,
2000-09-22,NOKGHS,Norwegian Krone,Mid Rate,699.2191,GH¢ per NOK,0.06992191,GH¢ per NOK,ok,
2000-09-22,SEKGHS,Swedish Krona,Buying,656.9723,GH¢ per SEK,0.06569723,GH¢ per SEK,ok,
2000-09-22,SEKGHS,Swedish Krona,Selling,677.4232,GH¢ per SEK,0.06774232,GH¢ per SEK,ok,
2000-09-22,SEKGHS,Swedish Krona,Mid Rate,667.1978,GH¢ per SEK,0.06671978,GH¢ per SEK,ok,
2000-09-25,USDGHS,US Dollar,Buying,"6,406.4500",GH¢ per USD,0.640645,GH¢ per USD,ok,
2000-09-25,USDGHS,US Dollar,Selling,"6,607.4500",GH¢ per USD,0.660745,GH¢ per USD,ok,
2000-09-25,USDGHS,US Dollar,Mid Rate,"6,506.9500",GH¢ per USD,0.650695,GH¢ per USD,ok,
2000-09-25,AUDGHS,Australian Dollar,Buying,409.3050,GH¢ per AUD,0.0409305,GH¢ per AUD,ok,
2000-09-25,AUDGHS,Australian Dollar,Selling,"3,602.1439",GH¢ per AUD,0.36021439,GH¢ per AUD,ok,
2000-09-25,AUDGHS,Australian Dollar,Mid Rate,"2,005.7245",GH¢ per AUD,0.20057245,GH¢ per AUD,ok,
2000-09-25,CADGHS,Canadian Dollar,Buying,"4,307.1797",GH¢ per CAD,0.43071797,GH¢ per CAD,ok,
2000-09-25,CADGHS,Canadian Dollar,Selling,"4,439.2237",GH¢ per CAD,0.44392237,GH¢ per CAD,ok,
2000-09-25,CADGHS,Canadian Dollar,Mid Rate,"4,373.2017",GH¢ per CAD,0.43732017,GH¢ per CAD,ok,
2000-09-25,CHFGHS,Swiss Franc,Buying,"3,696.9547",GH¢ per CHF,0.36969547,GH¢ per CHF,ok,
2000-09-25,CHFGHS,Swiss Franc,Selling,"3,810.7355",GH¢ per CHF,0.38107355,GH¢ per CHF,ok,
2000-09-25,CHFGHS,Swiss Franc,Mid Rate,"3,753.8451",GH¢ per CHF,0.37538451,GH¢ per CHF,ok,
2000-09-25,DKKGHS,Danish Krone,Buying,755.5521,GH¢ per DKK,0.07555521,GH¢ per DKK,ok,
2000-09-25,DKKGHS,Danish Krone,Selling,778.8910,GH¢ per DKK,0.0778891,GH¢ per DKK,ok,
2000-09-25,DKKGHS,Danish Krone,Mid Rate,767.2216,GH¢ per DKK,0.07672216,GH¢ per DKK,ok,
2000-09-25,GBPGHS,Pound Sterling,Buying,"9,347.0106",GH¢ per GBP,0.93470106,GH¢ per GBP,ok,
2000-09-25,GBPGHS,Pound Sterling,Selling,"9,646.8770",GH¢ per GBP,0.9646877,GH¢ per GBP,ok,
2000-09-25,GBPGHS,Pound Sterling,Mid Rate,"9,496.9438",GH¢ per GBP,0.94969438,GH¢ per GBP,ok,
2000-09-25,JPYGHS,Japanese yen,Buying,59.4669,GH¢ per JPY,0.00594669,GH¢ per JPY,ok,
2000-09-25,JPYGHS,Japanese yen,Selling,61.3279,GH¢ per JPY,0.00613279,GH¢ per JPY,ok,
2000-09-25,JPYGHS,Japanese yen,Mid Rate,60.3974,GH¢ per JPY,0.00603974,GH¢ per JPY,ok,
2000-09-25,NOKGHS,Norwegian Krone,Buying,698.2155,GH¢ per NOK,0.06982155,GH¢ per NOK,ok,
2000-09-25,NOKGHS,Norwegian Krone,Selling,719.7282,GH¢ per NOK,0.07197282,GH¢ per NOK,ok,
2000-09-25,NOKGHS,Norwegian Krone,Mid Rate,708.9719,GH¢ per NOK,0.07089719,GH¢ per NOK,ok,
2000-09-25,SEKGHS,Swedish Krona,Buying,665.5092,GH¢ per SEK,0.06655092,GH¢ per SEK,ok,
2000-09-25,SEKGHS,Swedish Krona,Selling,685.6783,GH¢ per SEK,0.06856783,GH¢ per SEK,ok,
2000-09-25,SEKGHS,Swedish Krona,Mid Rate,675.5938,GH¢ per SEK,0.06755938,GH¢ per SEK,ok,
2000-09-26,USDGHS,US Dollar,Buying,"6,425.0900",GH¢ per USD,0.642509,GH¢ per USD,ok,
2000-09-26,USDGHS,US Dollar,Selling,"6,625.6400",GH¢ per USD,0.662564,GH¢ per USD,ok,
2000-09-26,USDGHS,US Dollar,Mid Rate,"6,525.3650",GH¢ per USD,0.6525365,GH¢ per USD,ok,
2000-09-26,AUDGHS,Australian Dollar,Buying,410.0571,GH¢ per AUD,0.04100571,GH¢ per AUD,ok,
2000-09-26,AUDGHS,Australian Dollar,Selling,"3,644.8865",GH¢ per AUD,0.36448865,GH¢ per AUD,ok,
2000-09-26,AUDGHS,Australian Dollar,Mid Rate,"2,027.4718",GH¢ per AUD,0.20274718,GH¢ per AUD,ok,
2000-09-26,CADGHS,Canadian Dollar,Buying,"4,318.2313",GH¢ per CAD,0.43182313,GH¢ per CAD,ok,
2000-09-26,CADGHS,Canadian Dollar,Selling,"4,451.4636",GH¢ per CAD,0.44514636,GH¢ per CAD,ok,
2000-09-26,CADGHS,Canadian Dollar,Mid Rate,"4,384.8475",GH¢ per CAD,0.43848475,GH¢ per CAD,ok,
2000-09-26,CHFGHS,Swiss Franc,Buying,"3,713.3435",GH¢ per CHF,0.37133435,GH¢ per CHF,ok,
2000-09-26,CHFGHS,Swiss Franc,Selling,"3,828.0543",GH¢ per CHF,0.38280543,GH¢ per CHF,ok,
2000-09-26,CHFGHS,Swiss Franc,Mid Rate,"3,770.6989",GH¢ per CHF,0.37706989,GH¢ per CHF,ok,
2000-09-26,DKKGHS,Danish Krone,Buying,755.8899,GH¢ per DKK,0.07558899,GH¢ per DKK,ok,
2000-09-26,DKKGHS,Danish Krone,Selling,779.1165,GH¢ per DKK,0.07791165,GH¢ per DKK,ok,
2000-09-26,DKKGHS,Danish Krone,Mid Rate,767.5032,GH¢ per DKK,0.07675032,GH¢ per DKK,ok,
2000-09-26,GBPGHS,Pound Sterling,Buying,"9,370.9938",GH¢ per GBP,0.93709938,GH¢ per GBP,ok,
2000-09-26,GBPGHS,Pound Sterling,Selling,"9,668.1339",GH¢ per GBP,0.96681339,GH¢ per GBP,ok,
2000-09-26,GBPGHS,Pound Sterling,Mid Rate,"9,519.5639",GH¢ per GBP,0.95195639,GH¢ per GBP,ok,
2000-09-26,JPYGHS,Japanese yen,Buying,59.8136,GH¢ per JPY,0.00598136,GH¢ per JPY,ok,
2000-09-26,JPYGHS,Japanese yen,Selling,61.6630,GH¢ per JPY,0.0061663,GH¢ per JPY,ok,
2000-09-26,JPYGHS,Japanese yen,Mid Rate,60.7383,GH¢ per JPY,0.00607383,GH¢ per JPY,ok,
2000-09-26,NOKGHS,Norwegian Krone,Buying,701.9524,GH¢ per NOK,0.07019524,GH¢ per NOK,ok,
2000-09-26,NOKGHS,Norwegian Krone,Selling,723.4678,GH¢ per NOK,0.07234678,GH¢ per NOK,ok,
2000-09-26,NOKGHS,Norwegian Krone,Mid Rate,712.7101,GH¢ per NOK,0.07127101,GH¢ per NOK,ok,
2000-09-26,SEKGHS,Swedish Krona,Buying,665.9698,GH¢ per SEK,0.06659698,GH¢ per SEK,ok,
2000-09-26,SEKGHS,Swedish Krona,Selling,685.9606,GH¢ per SEK,0.06859606,GH¢ per SEK,ok,
2000-09-26,SEKGHS,Swedish Krona,Mid Rate,675.9652,GH¢ per SEK,0.06759652,GH¢ per SEK,ok,
2000-09-27,USDGHS,US Dollar,Buying,"6,431.3600",GH¢ per USD,0.643136,GH¢ per USD,ok,
2000-09-27,USDGHS,US Dollar,Selling,"6,631.9100",GH¢ per USD,0.663191,GH¢ per USD,ok,
2000-09-27,USDGHS,US Dollar,Mid Rate,"6,531.6350",GH¢ per USD,0.6531635,GH¢ per USD,ok,
2000-09-27,AUDGHS,Australian Dollar,Buying,414.3356,GH¢ per AUD,0.04143356,GH¢ per AUD,ok,
2000-09-27,AUDGHS,Australian Dollar,Selling,"3,644.9638",GH¢ per AUD,0.36449638,GH¢ per AUD,ok,
2000-09-27,AUDGHS,Australian Dollar,Mid Rate,"2,029.6497",GH¢ per AUD,0.20296497,GH¢ per AUD,ok,
2000-09-27,CADGHS,Canadian Dollar,Buying,"4,325.1457",GH¢ per CAD,0.43251457,GH¢ per CAD,ok,
2000-09-27,CADGHS,Canadian Dollar,Selling,"4,458.3554",GH¢ per CAD,0.44583554,GH¢ per CAD,ok,
2000-09-27,CADGHS,Canadian Dollar,Mid Rate,"4,391.7506",GH¢ per CAD,0.43917506,GH¢ per CAD,ok,
2000-09-27,CHFGHS,Swiss Franc,Buying,"3,739.5722",GH¢ per CHF,0.37395722,GH¢ per CHF,ok,
2000-09-27,CHFGHS,Swiss Franc,Selling,"3,853.9224",GH¢ per CHF,0.38539224,GH¢ per CHF,ok,
2000-09-27,CHFGHS,Swiss Franc,Mid Rate,"3,796.7473",GH¢ per CHF,0.37967473,GH¢ per CHF,ok,
2000-09-27,DKKGHS,Danish Krone,Buying,763.5000,GH¢ per DKK,0.07635,GH¢ per DKK,ok,
2000-09-27,DKKGHS,Danish Krone,Selling,787.1251,GH¢ per DKK,0.07871251,GH¢ per DKK,ok,
2000-09-27,DKKGHS,Danish Krone,Mid Rate,775.3126,GH¢ per DKK,0.07753126,GH¢ per DKK,ok,
2000-09-27,GBPGHS,Pound Sterling,Buying,"9,427.0875",GH¢ per GBP,0.94270875,GH¢ per GBP,ok,
2000-09-27,GBPGHS,Pound Sterling,Selling,"9,727.6856",GH¢ per GBP,0.97276856,GH¢ per GBP,ok,
2000-09-27,GBPGHS,Pound Sterling,Mid Rate,"9,577.3866",GH¢ per GBP,0.95773866,GH¢ per GBP,ok,
2000-09-27,JPYGHS,Japanese yen,Buying,59.6991,GH¢ per JPY,0.00596991,GH¢ per JPY,ok,
2000-09-27,JPYGHS,Japanese yen,Selling,61.5559,GH¢ per JPY,0.00615559,GH¢ per JPY,ok,
2000-09-27,JPYGHS,Japanese yen,Mid Rate,60.6275,GH¢ per JPY,0.00606275,GH¢ per JPY,ok,
2000-09-27,NOKGHS,Norwegian Krone,Buying,707.7552,GH¢ per NOK,0.07077552,GH¢ per NOK,ok,
2000-09-27,NOKGHS,Norwegian Krone,Selling,729.4251,GH¢ per NOK,0.07294251,GH¢ per NOK,ok,
2000-09-27,NOKGHS,Norwegian Krone,Mid Rate,718.5902,GH¢ per NOK,0.07185902,GH¢ per NOK,ok,
2000-09-27,SEKGHS,Swedish Krona,Buying,671.2633,GH¢ per SEK,0.06712633,GH¢ per SEK,ok,
2000-09-27,SEKGHS,Swedish Krona,Selling,691.4712,GH¢ per SEK,0.06914712,GH¢ per SEK,ok,
2000-09-27,SEKGHS,Swedish Krona,Mid Rate,681.3673,GH¢ per SEK,0.06813673,GH¢ per SEK,ok,
2000-09-28,USDGHS,US Dollar,Buying,"6,432.8200",GH¢ per USD,0.643282,GH¢ per USD,ok,
2000-09-28,USDGHS,US Dollar,Selling,"6,638.8200",GH¢ per USD,0.663882,GH¢ per USD,ok,
2000-09-28,USDGHS,US Dollar,Mid Rate,"6,535.8200",GH¢ per USD,0.653582,GH¢ per USD,ok,
2000-09-28,AUDGHS,Australian Dollar,Buying,413.3839,GH¢ per AUD,0.04133839,GH¢ per AUD,ok,
2000-09-28,AUDGHS,Australian Dollar,Selling,"3,654.7330",GH¢ per AUD,0.3654733,GH¢ per AUD,ok,
2000-09-28,AUDGHS,Australian Dollar,Mid Rate,"2,034.0585",GH¢ per AUD,0.20340585,GH¢ per AUD,ok,
2000-09-28,CADGHS,Canadian Dollar,Buying,"4,296.2740",GH¢ per CAD,0.4296274,GH¢ per CAD,ok,
2000-09-28,CADGHS,Canadian Dollar,Selling,"4,431.8299",GH¢ per CAD,0.44318299,GH¢ per CAD,ok,
2000-09-28,CADGHS,Canadian Dollar,Mid Rate,"4,364.0520",GH¢ per CAD,0.4364052,GH¢ per CAD,ok,
2000-09-28,CHFGHS,Swiss Franc,Buying,"3,726.7695",GH¢ per CHF,0.37267695,GH¢ per CHF,ok,
2000-09-28,CHFGHS,Swiss Franc,Selling,"3,844.5633",GH¢ per CHF,0.38445633,GH¢ per CHF,ok,
2000-09-28,CHFGHS,Swiss Franc,Mid Rate,"3,785.6664",GH¢ per CHF,0.37856664,GH¢ per CHF,ok,
2000-09-28,DKKGHS,Danish Krone,Buying,762.1272,GH¢ per DKK,0.07621272,GH¢ per DKK,ok,
2000-09-28,DKKGHS,Danish Krone,Selling,786.0532,GH¢ per DKK,0.07860532,GH¢ per DKK,ok,
2000-09-28,DKKGHS,Danish Krone,Mid Rate,774.0902,GH¢ per DKK,0.07740902,GH¢ per DKK,ok,
2000-09-28,GBPGHS,Pound Sterling,Buying,"9,418.2918",GH¢ per GBP,0.94182918,GH¢ per GBP,ok,
2000-09-28,GBPGHS,Pound Sterling,Selling,"9,725.2074",GH¢ per GBP,0.97252074,GH¢ per GBP,ok,
2000-09-28,GBPGHS,Pound Sterling,Mid Rate,"9,571.7496",GH¢ per GBP,0.95717496,GH¢ per GBP,ok,
2000-09-28,JPYGHS,Japanese yen,Buying,59.8367,GH¢ per JPY,0.00598367,GH¢ per JPY,ok,
2000-09-28,JPYGHS,Japanese yen,Selling,61.7395,GH¢ per JPY,0.00617395,GH¢ per JPY,ok,
2000-09-28,JPYGHS,Japanese yen,Mid Rate,60.7881,GH¢ per JPY,0.00607881,GH¢ per JPY,ok,
2000-09-28,NOKGHS,Norwegian Krone,Buying,707.1161,GH¢ per NOK,0.07071161,GH¢ per NOK,ok,
2000-09-28,NOKGHS,Norwegian Krone,Selling,729.2611,GH¢ per NOK,0.07292611,GH¢ per NOK,ok,
2000-09-28,NOKGHS,Norwegian Krone,Mid Rate,718.1886,GH¢ per NOK,0.07181886,GH¢ per NOK,ok,
2000-09-28,SEKGHS,Swedish Krona,Buying,667.4527,GH¢ per SEK,0.06674527,GH¢ per SEK,ok,
2000-09-28,SEKGHS,Swedish Krona,Selling,688.0183,GH¢ per SEK,0.06880183,GH¢ per SEK,ok,
2000-09-28,SEKGHS,Swedish Krona,Mid Rate,677.7355,GH¢ per SEK,0.06777355,GH¢ per SEK,ok,
2000-09-29,USDGHS,US Dollar,Buying,"6,426.1800",GH¢ per USD,0.642618,GH¢ per USD,ok,
2000-09-29,USDGHS,US Dollar,Selling,"6,641.7300",GH¢ per USD,0.664173,GH¢ per USD,ok,
2000-09-29,USDGHS,US Dollar,Mid Rate,"6,533.9550",GH¢ per USD,0.6533955,GH¢ per USD,ok,
2000-09-29,AUDGHS,Australian Dollar,Buying,411.1167,GH¢ per AUD,0.04111167,GH¢ per AUD,ok,
2000-09-29,AUDGHS,Australian Dollar,Selling,"3,611.2754",GH¢ per AUD,0.36112754,GH¢ per AUD,ok,
2000-09-29,AUDGHS,Australian Dollar,Mid Rate,"2,011.1961",GH¢ per AUD,0.20111961,GH¢ per AUD,ok,
2000-09-29,CADGHS,Canadian Dollar,Buying,"4,282.9484",GH¢ per CAD,0.42829484,GH¢ per CAD,ok,
2000-09-29,CADGHS,Canadian Dollar,Selling,"4,426.6099",GH¢ per CAD,0.44266099,GH¢ per CAD,ok,
2000-09-29,CADGHS,Canadian Dollar,Mid Rate,"4,354.7792",GH¢ per CAD,0.43547792,GH¢ per CAD,ok,
2000-09-29,CHFGHS,Swiss Franc,Buying,"3,710.7497",GH¢ per CHF,0.37107497,GH¢ per CHF,ok,
2000-09-29,CHFGHS,Swiss Franc,Selling,"3,834.3576",GH¢ per CHF,0.38343576,GH¢ per CHF,ok,
2000-09-29,CHFGHS,Swiss Franc,Mid Rate,"3,772.5537",GH¢ per CHF,0.37725537,GH¢ per CHF,ok,
2000-09-29,DKKGHS,Danish Krone,Buying,757.6305,GH¢ per DKK,0.07576305,GH¢ per DKK,ok,
2000-09-29,DKKGHS,Danish Krone,Selling,783.1052,GH¢ per DKK,0.07831052,GH¢ per DKK,ok,
2000-09-29,DKKGHS,Danish Krone,Mid Rate,770.3679,GH¢ per DKK,0.07703679,GH¢ per DKK,ok,
2000-09-29,GBPGHS,Pound Sterling,Buying,"9,396.3604",GH¢ per GBP,0.93963604,GH¢ per GBP,ok,
2000-09-29,GBPGHS,Pound Sterling,Selling,"9,718.1793",GH¢ per GBP,0.97181793,GH¢ per GBP,ok,
2000-09-29,GBPGHS,Pound Sterling,Mid Rate,"9,557.2699",GH¢ per GBP,0.95572699,GH¢ per GBP,ok,
2000-09-29,JPYGHS,Japanese yen,Buying,59.6746,GH¢ per JPY,0.00596746,GH¢ per JPY,ok,
2000-09-29,JPYGHS,Japanese yen,Selling,61.6714,GH¢ per JPY,0.00616714,GH¢ per JPY,ok,
2000-09-29,JPYGHS,Japanese yen,Mid Rate,60.6730,GH¢ per JPY,0.0060673,GH¢ per JPY,ok,
2000-09-29,NOKGHS,Norwegian Krone,Buying,706.6367,GH¢ per NOK,0.07066367,GH¢ per NOK,ok,
2000-09-29,NOKGHS,Norwegian Krone,Selling,730.1851,GH¢ per NOK,0.07301851,GH¢ per NOK,ok,
2000-09-29,NOKGHS,Norwegian Krone,Mid Rate,718.4109,GH¢ per NOK,0.07184109,GH¢ per NOK,ok,
2000-09-29,SEKGHS,Swedish Krona,Buying,663.7957,GH¢ per SEK,0.06637957,GH¢ per SEK,ok,
2000-09-29,SEKGHS,Swedish Krona,Selling,685.5858,GH¢ per SEK,0.06855858,GH¢ per SEK,ok,
2000-09-29,SEKGHS,Swedish Krona,Mid Rate,674.6908,GH¢ per SEK,0.06746908,GH¢ per SEK,ok,
2000-10-02,USDGHS,US Dollar,Buying,"6,441.0000",GH¢ per USD,0.6441,GH¢ per USD,ok,
2000-10-02,USDGHS,US Dollar,Selling,"6,658.3600",GH¢ per USD,0.665836,GH¢ per USD,ok,
2000-10-02,USDGHS,US Dollar,Mid Rate,"6,549.6800",GH¢ per USD,0.654968,GH¢ per USD,ok,
2000-10-02,AUDGHS,Australian Dollar,Buying,413.7036,GH¢ per AUD,0.04137036,GH¢ per AUD,ok,
2000-10-02,AUDGHS,Australian Dollar,Selling,"3,610.2074",GH¢ per AUD,0.36102074,GH¢ per AUD,ok,
2000-10-02,AUDGHS,Australian Dollar,Mid Rate,"2,011.9555",GH¢ per AUD,0.20119555,GH¢ per AUD,ok,
2000-10-02,CADGHS,Canadian Dollar,Buying,"4,285.3896",GH¢ per CAD,0.42853896,GH¢ per CAD,ok,
2000-10-02,CADGHS,Canadian Dollar,Selling,"4,427.1170",GH¢ per CAD,0.4427117,GH¢ per CAD,ok,
2000-10-02,CADGHS,Canadian Dollar,Mid Rate,"4,356.2533",GH¢ per CAD,0.43562533,GH¢ per CAD,ok,
2000-10-02,CHFGHS,Swiss Franc,Buying,"3,732.6857",GH¢ per CHF,0.37326857,GH¢ per CHF,ok,
2000-10-02,CHFGHS,Swiss Franc,Selling,"3,857.5342",GH¢ per CHF,0.38575342,GH¢ per CHF,ok,
2000-10-02,CHFGHS,Swiss Franc,Mid Rate,"3,795.1100",GH¢ per CHF,0.379511,GH¢ per CHF,ok,
2000-10-02,DKKGHS,Danish Krone,Buying,763.2105,GH¢ per DKK,0.07632105,GH¢ per DKK,ok,
2000-10-02,DKKGHS,Danish Krone,Selling,788.7774,GH¢ per DKK,0.07887774,GH¢ per DKK,ok,
2000-10-02,DKKGHS,Danish Krone,Mid Rate,775.9940,GH¢ per DKK,0.0775994,GH¢ per DKK,ok,
2000-10-02,GBPGHS,Pound Sterling,Buying,"9,510.1365",GH¢ per GBP,0.95101365,GH¢ per GBP,ok,
2000-10-02,GBPGHS,Pound Sterling,Selling,"9,834.3977",GH¢ per GBP,0.98343977,GH¢ per GBP,ok,
2000-10-02,GBPGHS,Pound Sterling,Mid Rate,"9,672.2671",GH¢ per GBP,0.96722671,GH¢ per GBP,ok,
2000-10-02,JPYGHS,Japanese yen,Buying,59.4569,GH¢ per JPY,0.00594569,GH¢ per JPY,ok,
2000-10-02,JPYGHS,Japanese yen,Selling,61.4381,GH¢ per JPY,0.00614381,GH¢ per JPY,ok,
2000-10-02,JPYGHS,Japanese yen,Mid Rate,60.4475,GH¢ per JPY,0.00604475,GH¢ per JPY,ok,
2000-10-02,NOKGHS,Norwegian Krone,Buying,709.1454,GH¢ per NOK,0.07091454,GH¢ per NOK,ok,
2000-10-02,NOKGHS,Norwegian Krone,Selling,732.6746,GH¢ per NOK,0.07326746,GH¢ per NOK,ok,
2000-10-02,NOKGHS,Norwegian Krone,Mid Rate,720.9100,GH¢ per NOK,0.072091,GH¢ per NOK,ok,
2000-10-02,SEKGHS,Swedish Krona,Buying,667.8279,GH¢ per SEK,0.06678279,GH¢ per SEK,ok,
2000-10-02,SEKGHS,Swedish Krona,Selling,689.6492,GH¢ per SEK,0.06896492,GH¢ per SEK,ok,
2000-10-02,SEKGHS,Swedish Krona,Mid Rate,678.7386,GH¢ per SEK,0.06787386,GH¢ per SEK,ok,
2000-10-03,USDGHS,US Dollar,Buying,"6,442.3600",GH¢ per USD,0.644236,GH¢ per USD,ok,
2000-10-03,USDGHS,US Dollar,Selling,"6,660.7300",GH¢ per USD,0.666073,GH¢ per USD,ok,
2000-10-03,USDGHS,US Dollar,Mid Rate,"6,551.5450",GH¢ per USD,0.6551545,GH¢ per USD,ok,
2000-10-03,AUDGHS,Australian Dollar,Buying,410.9625,GH¢ per AUD,0.04109625,GH¢ per AUD,ok,
2000-10-03,AUDGHS,Australian Dollar,Selling,"3,623.6151",GH¢ per AUD,0.36236151,GH¢ per AUD,ok,
2000-10-03,AUDGHS,Australian Dollar,Mid Rate,"2,017.2888",GH¢ per AUD,0.20172888,GH¢ per AUD,ok,
2000-10-03,CADGHS,Canadian Dollar,Buying,"4,276.3161",GH¢ per CAD,0.42763161,GH¢ per CAD,ok,
2000-10-03,CADGHS,Canadian Dollar,Selling,"4,416.3667",GH¢ per CAD,0.44163667,GH¢ per CAD,ok,
2000-10-03,CADGHS,Canadian Dollar,Mid Rate,"4,346.3414",GH¢ per CAD,0.43463414,GH¢ per CAD,ok,
2000-10-03,CHFGHS,Swiss Franc,Buying,"3,714.2100",GH¢ per CHF,0.371421,GH¢ per CHF,ok,
2000-10-03,CHFGHS,Swiss Franc,Selling,"3,836.0609",GH¢ per CHF,0.38360609,GH¢ per CHF,ok,
2000-10-03,CHFGHS,Swiss Franc,Mid Rate,"3,775.1355",GH¢ per CHF,0.37751355,GH¢ per CHF,ok,
2000-10-03,DKKGHS,Danish Krone,Buying,758.3481,GH¢ per DKK,0.07583481,GH¢ per DKK,ok,
2000-10-03,DKKGHS,Danish Krone,Selling,783.4957,GH¢ per DKK,0.07834957,GH¢ per DKK,ok,
2000-10-03,DKKGHS,Danish Krone,Mid Rate,770.9219,GH¢ per DKK,0.07709219,GH¢ per DKK,ok,
2000-10-03,GBPGHS,Pound Sterling,Buying,"9,434.8362",GH¢ per GBP,0.94348362,GH¢ per GBP,ok,
2000-10-03,GBPGHS,Pound Sterling,Selling,"9,756.6373",GH¢ per GBP,0.97566373,GH¢ per GBP,ok,
2000-10-03,GBPGHS,Pound Sterling,Mid Rate,"9,595.7368",GH¢ per GBP,0.95957368,GH¢ per GBP,ok,
2000-10-03,JPYGHS,Japanese yen,Buying,59.1823,GH¢ per JPY,0.00591823,GH¢ per JPY,ok,
2000-10-03,JPYGHS,Japanese yen,Selling,61.1548,GH¢ per JPY,0.00611548,GH¢ per JPY,ok,
2000-10-03,JPYGHS,Japanese yen,Mid Rate,60.1686,GH¢ per JPY,0.00601686,GH¢ per JPY,ok,
2000-10-03,NOKGHS,Norwegian Krone,Buying,703.5725,GH¢ per NOK,0.07035725,GH¢ per NOK,ok,
2000-10-03,NOKGHS,Norwegian Krone,Selling,726.9788,GH¢ per NOK,0.07269788,GH¢ per NOK,ok,
2000-10-03,NOKGHS,Norwegian Krone,Mid Rate,715.2757,GH¢ per NOK,0.07152757,GH¢ per NOK,ok,
2000-10-03,SEKGHS,Swedish Krona,Buying,662.5680,GH¢ per SEK,0.0662568,GH¢ per SEK,ok,
2000-10-03,SEKGHS,Swedish Krona,Selling,684.2729,GH¢ per SEK,0.06842729,GH¢ per SEK,ok,
2000-10-03,SEKGHS,Swedish Krona,Mid Rate,673.4205,GH¢ per SEK,0.06734205,GH¢ per SEK,ok,
2000-10-04,USDGHS,US Dollar,Buying,"6,453.3600",GH¢ per USD,0.645336,GH¢ per USD,ok,
2000-10-04,USDGHS,US Dollar,Selling,"6,674.6400",GH¢ per USD,0.667464,GH¢ per USD,ok,
2000-10-04,USDGHS,US Dollar,Mid Rate,"6,564.0000",GH¢ per USD,0.6564,GH¢ per USD,ok,
2000-10-04,AUDGHS,Australian Dollar,Buying,410.4070,GH¢ per AUD,0.0410407,GH¢ per AUD,ok,
2000-10-04,AUDGHS,Australian Dollar,Selling,"3,579.1769",GH¢ per AUD,0.35791769,GH¢ per AUD,ok,
2000-10-04,AUDGHS,Australian Dollar,Mid Rate,"1,994.7920",GH¢ per AUD,0.1994792,GH¢ per AUD,ok,
2000-10-04,CADGHS,Canadian Dollar,Buying,"4,295.9326",GH¢ per CAD,0.42959326,GH¢ per CAD,ok,
2000-10-04,CADGHS,Canadian Dollar,Selling,"4,441.8173",GH¢ per CAD,0.44418173,GH¢ per CAD,ok,
2000-10-04,CADGHS,Canadian Dollar,Mid Rate,"4,368.8750",GH¢ per CAD,0.4368875,GH¢ per CAD,ok,
2000-10-04,CHFGHS,Swiss Franc,Buying,"3,727.2855",GH¢ per CHF,0.37272855,GH¢ per CHF,ok,
2000-10-04,CHFGHS,Swiss Franc,Selling,"3,854.2202",GH¢ per CHF,0.38542202,GH¢ per CHF,ok,
2000-10-04,CHFGHS,Swiss Franc,Mid Rate,"3,790.7529",GH¢ per CHF,0.37907529,GH¢ per CHF,ok,
2000-10-04,DKKGHS,Danish Krone,Buying,757.6178,GH¢ per DKK,0.07576178,GH¢ per DKK,ok,
2000-10-04,DKKGHS,Danish Krone,Selling,783.5906,GH¢ per DKK,0.07835906,GH¢ per DKK,ok,
2000-10-04,DKKGHS,Danish Krone,Mid Rate,770.6042,GH¢ per DKK,0.07706042,GH¢ per DKK,ok,
2000-10-04,GBPGHS,Pound Sterling,Buying,"9,376.7321",GH¢ per GBP,0.93767321,GH¢ per GBP,ok,
2000-10-04,GBPGHS,Pound Sterling,Selling,"9,704.9266",GH¢ per GBP,0.97049266,GH¢ per GBP,ok,
2000-10-04,GBPGHS,Pound Sterling,Mid Rate,"9,540.8294",GH¢ per GBP,0.95408294,GH¢ per GBP,ok,
2000-10-04,JPYGHS,Japanese yen,Buying,59.3314,GH¢ per JPY,0.00593314,GH¢ per JPY,ok,
2000-10-04,JPYGHS,Japanese yen,Selling,61.3615,GH¢ per JPY,0.00613615,GH¢ per JPY,ok,
2000-10-04,JPYGHS,Japanese yen,Mid Rate,60.3465,GH¢ per JPY,0.00603465,GH¢ per JPY,ok,
2000-10-04,NOKGHS,Norwegian Krone,Buying,701.7357,GH¢ per NOK,0.07017357,GH¢ per NOK,ok,
2000-10-04,NOKGHS,Norwegian Krone,Selling,725.6562,GH¢ per NOK,0.07256562,GH¢ per NOK,ok,
2000-10-04,NOKGHS,Norwegian Krone,Mid Rate,713.6960,GH¢ per NOK,0.0713696,GH¢ per NOK,ok,
2000-10-04,SEKGHS,Swedish Krona,Buying,657.6102,GH¢ per SEK,0.06576102,GH¢ per SEK,ok,
2000-10-04,SEKGHS,Swedish Krona,Selling,679.6976,GH¢ per SEK,0.06796976,GH¢ per SEK,ok,
2000-10-04,SEKGHS,Swedish Krona,Mid Rate,668.6539,GH¢ per SEK,0.06686539,GH¢ per SEK,ok,
2000-10-05,USDGHS,US Dollar,Buying,"6,465.7300",GH¢ per USD,0.646573,GH¢ per USD,ok,
2000-10-05,USDGHS,US Dollar,Selling,"6,687.2700",GH¢ per USD,0.668727,GH¢ per USD,ok,
2000-10-05,USDGHS,US Dollar,Mid Rate,"6,576.5000",GH¢ per USD,0.65765,GH¢ per USD,ok,
2000-10-05,AUDGHS,Australian Dollar,Buying,410.9508,GH¢ per AUD,0.04109508,GH¢ per AUD,ok,
2000-10-05,AUDGHS,Australian Dollar,Selling,"3,595.8029",GH¢ per AUD,0.35958029,GH¢ per AUD,ok,
2000-10-05,AUDGHS,Australian Dollar,Mid Rate,"2,003.3769",GH¢ per AUD,0.20033769,GH¢ per AUD,ok,
2000-10-05,CADGHS,Canadian Dollar,Buying,"4,320.2684",GH¢ per CAD,0.43202684,GH¢ per CAD,ok,
2000-10-05,CADGHS,Canadian Dollar,Selling,"4,464.1011",GH¢ per CAD,0.44641011,GH¢ per CAD,ok,
2000-10-05,CADGHS,Canadian Dollar,Mid Rate,"4,392.1848",GH¢ per CAD,0.43921848,GH¢ per CAD,ok,
2000-10-05,CHFGHS,Swiss Franc,Buying,"3,723.4982",GH¢ per CHF,0.37234982,GH¢ per CHF,ok,
2000-10-05,CHFGHS,Swiss Franc,Selling,"3,846.4799",GH¢ per CHF,0.38464799,GH¢ per CHF,ok,
2000-10-05,CHFGHS,Swiss Franc,Mid Rate,"3,784.9891",GH¢ per CHF,0.37849891,GH¢ per CHF,ok,
2000-10-05,DKKGHS,Danish Krone,Buying,759.0474,GH¢ per DKK,0.07590474,GH¢ per DKK,ok,
2000-10-05,DKKGHS,Danish Krone,Selling,784.3825,GH¢ per DKK,0.07843825,GH¢ per DKK,ok,
2000-10-05,DKKGHS,Danish Krone,Mid Rate,771.7150,GH¢ per DKK,0.0771715,GH¢ per DKK,ok,
2000-10-05,GBPGHS,Pound Sterling,Buying,"9,423.8015",GH¢ per GBP,0.94238015,GH¢ per GBP,ok,
2000-10-05,GBPGHS,Pound Sterling,Selling,"9,747.3648",GH¢ per GBP,0.97473648,GH¢ per GBP,ok,
2000-10-05,GBPGHS,Pound Sterling,Mid Rate,"9,585.5832",GH¢ per GBP,0.95855832,GH¢ per GBP,ok,
2000-10-05,JPYGHS,Japanese yen,Buying,59.2767,GH¢ per JPY,0.00592767,GH¢ per JPY,ok,
2000-10-05,JPYGHS,Japanese yen,Selling,61.2657,GH¢ per JPY,0.00612657,GH¢ per JPY,ok,
2000-10-05,JPYGHS,Japanese yen,Mid Rate,60.2712,GH¢ per JPY,0.00602712,GH¢ per JPY,ok,
2000-10-05,NOKGHS,Norwegian Krone,Buying,703.9359,GH¢ per NOK,0.07039359,GH¢ per NOK,ok,
2000-10-05,NOKGHS,Norwegian Krone,Selling,727.2091,GH¢ per NOK,0.07272091,GH¢ per NOK,ok,
2000-10-05,NOKGHS,Norwegian Krone,Mid Rate,715.5725,GH¢ per NOK,0.07155725,GH¢ per NOK,ok,
2000-10-05,SEKGHS,Swedish Krona,Buying,661.5933,GH¢ per SEK,0.06615933,GH¢ per SEK,ok,
2000-10-05,SEKGHS,Swedish Krona,Selling,683.1387,GH¢ per SEK,0.06831387,GH¢ per SEK,ok,
2000-10-05,SEKGHS,Swedish Krona,Mid Rate,672.3660,GH¢ per SEK,0.0672366,GH¢ per SEK,ok,
2000-10-06,USDGHS,US Dollar,Buying,"6,469.6400",GH¢ per USD,0.646964,GH¢ per USD,ok,
2000-10-06,USDGHS,US Dollar,Selling,"6,690.1800",GH¢ per USD,0.669018,GH¢ per USD,ok,
2000-10-06,USDGHS,US Dollar,Mid Rate,"6,579.9100",GH¢ per USD,0.657991,GH¢ per USD,ok,
2000-10-06,AUDGHS,Australian Dollar,Buying,409.7594,GH¢ per AUD,0.04097594,GH¢ per AUD,ok,
2000-10-06,AUDGHS,Australian Dollar,Selling,"3,561.0811",GH¢ per AUD,0.35610811,GH¢ per AUD,ok,
2000-10-06,AUDGHS,Australian Dollar,Mid Rate,"1,985.4203",GH¢ per AUD,0.19854203,GH¢ per AUD,ok,
2000-10-06,CADGHS,Canadian Dollar,Buying,"4,326.0486",GH¢ per CAD,0.43260486,GH¢ per CAD,ok,
2000-10-06,CADGHS,Canadian Dollar,Selling,"4,471.2363",GH¢ per CAD,0.44712363,GH¢ per CAD,ok,
2000-10-06,CADGHS,Canadian Dollar,Mid Rate,"4,398.6425",GH¢ per CAD,0.43986425,GH¢ per CAD,ok,
2000-10-06,CHFGHS,Swiss Franc,Buying,"3,700.6638",GH¢ per CHF,0.37006638,GH¢ per CHF,ok,
2000-10-06,CHFGHS,Swiss Franc,Selling,"3,826.1308",GH¢ per CHF,0.38261308,GH¢ per CHF,ok,
2000-10-06,CHFGHS,Swiss Franc,Mid Rate,"3,763.3973",GH¢ per CHF,0.37633973,GH¢ per CHF,ok,
2000-10-06,DKKGHS,Danish Krone,Buying,756.6127,GH¢ per DKK,0.07566127,GH¢ per DKK,ok,
2000-10-06,DKKGHS,Danish Krone,Selling,782.5847,GH¢ per DKK,0.07825847,GH¢ per DKK,ok,
2000-10-06,DKKGHS,Danish Krone,Mid Rate,769.5987,GH¢ per DKK,0.07695987,GH¢ per DKK,ok,
2000-10-06,GBPGHS,Pound Sterling,Buying,"9,361.5691",GH¢ per GBP,0.93615691,GH¢ per GBP,ok,
2000-10-06,GBPGHS,Pound Sterling,Selling,"9,687.3806",GH¢ per GBP,0.96873806,GH¢ per GBP,ok,
2000-10-06,GBPGHS,Pound Sterling,Mid Rate,"9,524.4749",GH¢ per GBP,0.95244749,GH¢ per GBP,ok,
2000-10-06,JPYGHS,Japanese yen,Buying,59.4423,GH¢ per JPY,0.00594423,GH¢ per JPY,ok,
2000-10-06,JPYGHS,Japanese yen,Selling,61.4643,GH¢ per JPY,0.00614643,GH¢ per JPY,ok,
2000-10-06,JPYGHS,Japanese yen,Mid Rate,60.4533,GH¢ per JPY,0.00604533,GH¢ per JPY,ok,
2000-10-06,NOKGHS,Norwegian Krone,Buying,701.8405,GH¢ per NOK,0.07018405,GH¢ per NOK,ok,
2000-10-06,NOKGHS,Norwegian Krone,Selling,725.4726,GH¢ per NOK,0.07254726,GH¢ per NOK,ok,
2000-10-06,NOKGHS,Norwegian Krone,Mid Rate,713.6566,GH¢ per NOK,0.07136566,GH¢ per NOK,ok,
2000-10-06,SEKGHS,Swedish Krona,Buying,661.0017,GH¢ per SEK,0.06610017,GH¢ per SEK,ok,
2000-10-06,SEKGHS,Swedish Krona,Selling,682.9313,GH¢ per SEK,0.06829313,GH¢ per SEK,ok,
2000-10-06,SEKGHS,Swedish Krona,Mid Rate,671.9665,GH¢ per SEK,0.06719665,GH¢ per SEK,ok,
2000-10-09,USDGHS,US Dollar,Buying,"6,479.0900",GH¢ per USD,0.647909,GH¢ per USD,ok,
2000-10-09,USDGHS,US Dollar,Selling,"6,699.5500",GH¢ per USD,0.669955,GH¢ per USD,ok,
2000-10-09,USDGHS,US Dollar,Mid Rate,"6,589.3200",GH¢ per USD,0.658932,GH¢ per USD,ok,
2000-10-09,AUDGHS,Australian Dollar,Buying,409.6518,GH¢ per AUD,0.04096518,GH¢ per AUD,ok,
2000-10-09,AUDGHS,Australian Dollar,Selling,"3,578.4510",GH¢ per AUD,0.3578451,GH¢ per AUD,ok,
2000-10-09,AUDGHS,Australian Dollar,Mid Rate,"1,994.0514",GH¢ per AUD,0.19940514,GH¢ per AUD,ok,
2000-10-09,CADGHS,Canadian Dollar,Buying,"4,314.8242",GH¢ per CAD,0.43148242,GH¢ per CAD,ok,
2000-10-09,CADGHS,Canadian Dollar,Selling,"4,459.4900",GH¢ per CAD,0.445949,GH¢ per CAD,ok,
2000-10-09,CADGHS,Canadian Dollar,Mid Rate,"4,387.1571",GH¢ per CAD,0.43871571,GH¢ per CAD,ok,
2000-10-09,CHFGHS,Swiss Franc,Buying,"3,705.5543",GH¢ per CHF,0.37055543,GH¢ per CHF,ok,
2000-10-09,CHFGHS,Swiss Franc,Selling,"3,830.0143",GH¢ per CHF,0.38300143,GH¢ per CHF,ok,
2000-10-09,CHFGHS,Swiss Franc,Mid Rate,"3,767.7843",GH¢ per CHF,0.37677843,GH¢ per CHF,ok,
2000-10-09,DKKGHS,Danish Krone,Buying,756.2185,GH¢ per DKK,0.07562185,GH¢ per DKK,ok,
2000-10-09,DKKGHS,Danish Krone,Selling,781.4316,GH¢ per DKK,0.07814316,GH¢ per DKK,ok,
2000-10-09,DKKGHS,Danish Krone,Mid Rate,768.8251,GH¢ per DKK,0.07688251,GH¢ per DKK,ok,
2000-10-09,GBPGHS,Pound Sterling,Buying,"9,381.7223",GH¢ per GBP,0.93817223,GH¢ per GBP,ok,
2000-10-09,GBPGHS,Pound Sterling,Selling,"9,702.9583",GH¢ per GBP,0.97029583,GH¢ per GBP,ok,
2000-10-09,GBPGHS,Pound Sterling,Mid Rate,"9,542.3403",GH¢ per GBP,0.95423403,GH¢ per GBP,ok,
2000-10-09,JPYGHS,Japanese yen,Buying,59.4081,GH¢ per JPY,0.00594081,GH¢ per JPY,ok,
2000-10-09,JPYGHS,Japanese yen,Selling,61.3956,GH¢ per JPY,0.00613956,GH¢ per JPY,ok,
2000-10-09,JPYGHS,Japanese yen,Mid Rate,60.4019,GH¢ per JPY,0.00604019,GH¢ per JPY,ok,
2000-10-09,NOKGHS,Norwegian Krone,Buying,701.2432,GH¢ per NOK,0.07012432,GH¢ per NOK,ok,
2000-10-09,NOKGHS,Norwegian Krone,Selling,724.6151,GH¢ per NOK,0.07246151,GH¢ per NOK,ok,
2000-10-09,NOKGHS,Norwegian Krone,Mid Rate,712.9292,GH¢ per NOK,0.07129292,GH¢ per NOK,ok,
2000-10-09,SEKGHS,Swedish Krona,Buying,658.9352,GH¢ per SEK,0.06589352,GH¢ per SEK,ok,
2000-10-09,SEKGHS,Swedish Krona,Selling,680.5703,GH¢ per SEK,0.06805703,GH¢ per SEK,ok,
2000-10-09,SEKGHS,Swedish Krona,Mid Rate,669.7528,GH¢ per SEK,0.06697528,GH¢ per SEK,ok,
2000-10-10,USDGHS,US Dollar,Buying,"6,485.3600",GH¢ per USD,0.648536,GH¢ per USD,ok,
2000-10-10,USDGHS,US Dollar,Selling,"6,706.8200",GH¢ per USD,0.670682,GH¢ per USD,ok,
2000-10-10,USDGHS,US Dollar,Mid Rate,"6,596.0900",GH¢ per USD,0.659609,GH¢ per USD,ok,
2000-10-10,AUDGHS,Australian Dollar,Buying,411.4994,GH¢ per AUD,0.04114994,GH¢ per AUD,ok,
2000-10-10,AUDGHS,Australian Dollar,Selling,"3,570.3841",GH¢ per AUD,0.35703841,GH¢ per AUD,ok,
2000-10-10,AUDGHS,Australian Dollar,Mid Rate,"1,990.9418",GH¢ per AUD,0.19909418,GH¢ per AUD,ok,
2000-10-10,CADGHS,Canadian Dollar,Buying,"4,316.1649",GH¢ per CAD,0.43161649,GH¢ per CAD,ok,
2000-10-10,CADGHS,Canadian Dollar,Selling,"4,459.6833",GH¢ per CAD,0.44596833,GH¢ per CAD,ok,
2000-10-10,CADGHS,Canadian Dollar,Mid Rate,"4,387.9241",GH¢ per CAD,0.43879241,GH¢ per CAD,ok,
2000-10-10,CHFGHS,Swiss Franc,Buying,"3,721.2129",GH¢ per CHF,0.37212129,GH¢ per CHF,ok,
2000-10-10,CHFGHS,Swiss Franc,Selling,"3,845.2505",GH¢ per CHF,0.38452505,GH¢ per CHF,ok,
2000-10-10,CHFGHS,Swiss Franc,Mid Rate,"3,783.2317",GH¢ per CHF,0.37832317,GH¢ per CHF,ok,
2000-10-10,DKKGHS,Danish Krone,Buying,759.6242,GH¢ per DKK,0.07596242,GH¢ per DKK,ok,
2000-10-10,DKKGHS,Danish Krone,Selling,785.3246,GH¢ per DKK,0.07853246,GH¢ per DKK,ok,
2000-10-10,DKKGHS,Danish Krone,Mid Rate,772.4744,GH¢ per DKK,0.07724744,GH¢ per DKK,ok,
2000-10-10,GBPGHS,Pound Sterling,Buying,"9,445.9268",GH¢ per GBP,0.94459268,GH¢ per GBP,ok,
2000-10-10,GBPGHS,Pound Sterling,Selling,"9,771.1661",GH¢ per GBP,0.97711661,GH¢ per GBP,ok,
2000-10-10,GBPGHS,Pound Sterling,Mid Rate,"9,608.5465",GH¢ per GBP,0.96085465,GH¢ per GBP,ok,
2000-10-10,JPYGHS,Japanese yen,Buying,59.9057,GH¢ per JPY,0.00599057,GH¢ per JPY,ok,
2000-10-10,JPYGHS,Japanese yen,Selling,61.9212,GH¢ per JPY,0.00619212,GH¢ per JPY,ok,
2000-10-10,JPYGHS,Japanese yen,Mid Rate,60.9135,GH¢ per JPY,0.00609135,GH¢ per JPY,ok,
2000-10-10,NOKGHS,Norwegian Krone,Buying,703.6282,GH¢ per NOK,0.07036282,GH¢ per NOK,ok,
2000-10-10,NOKGHS,Norwegian Krone,Selling,727.2648,GH¢ per NOK,0.07272648,GH¢ per NOK,ok,
2000-10-10,NOKGHS,Norwegian Krone,Mid Rate,715.4465,GH¢ per NOK,0.07154465,GH¢ per NOK,ok,
2000-10-10,SEKGHS,Swedish Krona,Buying,659.8207,GH¢ per SEK,0.06598207,GH¢ per SEK,ok,
2000-10-10,SEKGHS,Swedish Krona,Selling,681.6585,GH¢ per SEK,0.06816585,GH¢ per SEK,ok,
2000-10-10,SEKGHS,Swedish Krona,Mid Rate,670.7396,GH¢ per SEK,0.06707396,GH¢ per SEK,ok,
2000-10-11,USDGHS,US Dollar,Buying,"6,495.9100",GH¢ per USD,0.649591,GH¢ per USD,ok,
2000-10-11,USDGHS,US Dollar,Selling,"6,716.5500",GH¢ per USD,0.671655,GH¢ per USD,ok,
2000-10-11,USDGHS,US Dollar,Mid Rate,"6,606.2300",GH¢ per USD,0.660623,GH¢ per USD,ok,
2000-10-11,AUDGHS,Australian Dollar,Buying,412.9714,GH¢ per AUD,0.04129714,GH¢ per AUD,ok,
2000-10-11,AUDGHS,Australian Dollar,Selling,"3,594.6776",GH¢ per AUD,0.35946776,GH¢ per AUD,ok,
2000-10-11,AUDGHS,Australian Dollar,Mid Rate,"2,003.8245",GH¢ per AUD,0.20038245,GH¢ per AUD,ok,
2000-10-11,CADGHS,Canadian Dollar,Buying,"4,330.1118",GH¢ per CAD,0.43301118,GH¢ per CAD,ok,
2000-10-11,CADGHS,Canadian Dollar,Selling,"4,474.1216",GH¢ per CAD,0.44741216,GH¢ per CAD,ok,
2000-10-11,CADGHS,Canadian Dollar,Mid Rate,"4,402.1167",GH¢ per CAD,0.44021167,GH¢ per CAD,ok,
2000-10-11,CHFGHS,Swiss Franc,Buying,"3,745.7436",GH¢ per CHF,0.37457436,GH¢ per CHF,ok,
2000-10-11,CHFGHS,Swiss Franc,Selling,"3,871.8904",GH¢ per CHF,0.38718904,GH¢ per CHF,ok,
2000-10-11,CHFGHS,Swiss Franc,Mid Rate,"3,808.8170",GH¢ per CHF,0.3808817,GH¢ per CHF,ok,
2000-10-11,DKKGHS,Danish Krone,Buying,762.7080,GH¢ per DKK,0.0762708,GH¢ per DKK,ok,
2000-10-11,DKKGHS,Danish Krone,Selling,788.2085,GH¢ per DKK,0.07882085,GH¢ per DKK,ok,
2000-10-11,DKKGHS,Danish Krone,Mid Rate,775.4583,GH¢ per DKK,0.07754583,GH¢ per DKK,ok,
2000-10-11,GBPGHS,Pound Sterling,Buying,"9,472.9856",GH¢ per GBP,0.94729856,GH¢ per GBP,ok,
2000-10-11,GBPGHS,Pound Sterling,Selling,"9,797.4315",GH¢ per GBP,0.97974315,GH¢ per GBP,ok,
2000-10-11,GBPGHS,Pound Sterling,Mid Rate,"9,635.2086",GH¢ per GBP,0.96352086,GH¢ per GBP,ok,
2000-10-11,JPYGHS,Japanese yen,Buying,60.2914,GH¢ per JPY,0.00602914,GH¢ per JPY,ok,
2000-10-11,JPYGHS,Japanese yen,Selling,62.3088,GH¢ per JPY,0.00623088,GH¢ per JPY,ok,
2000-10-11,JPYGHS,Japanese yen,Mid Rate,61.3001,GH¢ per JPY,0.00613001,GH¢ per JPY,ok,
2000-10-11,NOKGHS,Norwegian Krone,Buying,705.6175,GH¢ per NOK,0.07056175,GH¢ per NOK,ok,
2000-10-11,NOKGHS,Norwegian Krone,Selling,729.1872,GH¢ per NOK,0.07291872,GH¢ per NOK,ok,
2000-10-11,NOKGHS,Norwegian Krone,Mid Rate,717.4024,GH¢ per NOK,0.07174024,GH¢ per NOK,ok,
2000-10-11,SEKGHS,Swedish Krona,Buying,659.8165,GH¢ per SEK,0.06598165,GH¢ per SEK,ok,
2000-10-11,SEKGHS,Swedish Krona,Selling,681.5368,GH¢ per SEK,0.06815368,GH¢ per SEK,ok,
2000-10-11,SEKGHS,Swedish Krona,Mid Rate,670.6767,GH¢ per SEK,0.06706767,GH¢ per SEK,ok,
2000-10-12,USDGHS,US Dollar,Buying,"6,500.4500",GH¢ per USD,0.650045,GH¢ per USD,ok,
2000-10-12,USDGHS,US Dollar,Selling,"6,718.3600",GH¢ per USD,0.671836,GH¢ per USD,ok,
2000-10-12,USDGHS,US Dollar,Mid Rate,"6,609.4050",GH¢ per USD,0.6609405,GH¢ per USD,ok,
2000-10-12,AUDGHS,Australian Dollar,Buying,409.5288,GH¢ per AUD,0.04095288,GH¢ per AUD,ok,
2000-10-12,AUDGHS,Australian Dollar,Selling,"3,570.1504",GH¢ per AUD,0.35701504,GH¢ per AUD,ok,
2000-10-12,AUDGHS,Australian Dollar,Mid Rate,"1,989.8396",GH¢ per AUD,0.19898396,GH¢ per AUD,ok,
2000-10-12,CADGHS,Canadian Dollar,Buying,"4,319.6348",GH¢ per CAD,0.43196348,GH¢ per CAD,ok,
2000-10-12,CADGHS,Canadian Dollar,Selling,"4,461.2988",GH¢ per CAD,0.44612988,GH¢ per CAD,ok,
2000-10-12,CADGHS,Canadian Dollar,Mid Rate,"4,390.4668",GH¢ per CAD,0.43904668,GH¢ per CAD,ok,
2000-10-12,CHFGHS,Swiss Franc,Buying,"3,736.2495",GH¢ per CHF,0.37362495,GH¢ per CHF,ok,
2000-10-12,CHFGHS,Swiss Franc,Selling,"3,858.4159",GH¢ per CHF,0.38584159,GH¢ per CHF,ok,
2000-10-12,CHFGHS,Swiss Franc,Mid Rate,"3,797.3327",GH¢ per CHF,0.37973327,GH¢ per CHF,ok,
2000-10-12,DKKGHS,Danish Krone,Buying,756.6168,GH¢ per DKK,0.07566168,GH¢ per DKK,ok,
2000-10-12,DKKGHS,Danish Krone,Selling,781.6501,GH¢ per DKK,0.07816501,GH¢ per DKK,ok,
2000-10-12,DKKGHS,Danish Krone,Mid Rate,769.1335,GH¢ per DKK,0.07691335,GH¢ per DKK,ok,
2000-10-12,GBPGHS,Pound Sterling,Buying,"9,494.5573",GH¢ per GBP,0.94945573,GH¢ per GBP,ok,
2000-10-12,GBPGHS,Pound Sterling,Selling,"9,816.1958",GH¢ per GBP,0.98161958,GH¢ per GBP,ok,
2000-10-12,GBPGHS,Pound Sterling,Mid Rate,"9,655.3766",GH¢ per GBP,0.96553766,GH¢ per GBP,ok,
2000-10-12,JPYGHS,Japanese yen,Buying,60.4287,GH¢ per JPY,0.00604287,GH¢ per JPY,ok,
2000-10-12,JPYGHS,Japanese yen,Selling,62.4281,GH¢ per JPY,0.00624281,GH¢ per JPY,ok,
2000-10-12,JPYGHS,Japanese yen,Mid Rate,61.4284,GH¢ per JPY,0.00614284,GH¢ per JPY,ok,
2000-10-12,NOKGHS,Norwegian Krone,Buying,698.4219,GH¢ per NOK,0.06984219,GH¢ per NOK,ok,
2000-10-12,NOKGHS,Norwegian Krone,Selling,721.4449,GH¢ per NOK,0.07214449,GH¢ per NOK,ok,
2000-10-12,NOKGHS,Norwegian Krone,Mid Rate,709.9334,GH¢ per NOK,0.07099334,GH¢ per NOK,ok,
2000-10-12,SEKGHS,Swedish Krona,Buying,656.7446,GH¢ per SEK,0.06567446,GH¢ per SEK,ok,
2000-10-12,SEKGHS,Swedish Krona,Selling,678.0733,GH¢ per SEK,0.06780733,GH¢ per SEK,ok,
2000-10-12,SEKGHS,Swedish Krona,Mid Rate,667.4090,GH¢ per SEK,0.0667409,GH¢ per SEK,ok,
2000-10-13,USDGHS,US Dollar,Buying,"6,517.2700",GH¢ per USD,0.651727,GH¢ per USD,ok,
2000-10-13,USDGHS,US Dollar,Selling,"6,726.6400",GH¢ per USD,0.672664,GH¢ per USD,ok,
2000-10-13,USDGHS,US Dollar,Mid Rate,"6,621.9550",GH¢ per USD,0.6621955,GH¢ per USD,ok,
2000-10-13,AUDGHS,Australian Dollar,Buying,409.8604,GH¢ per AUD,0.04098604,GH¢ per AUD,ok,
2000-10-13,AUDGHS,Australian Dollar,Selling,"3,581.2091",GH¢ per AUD,0.35812091,GH¢ per AUD,ok,
2000-10-13,AUDGHS,Australian Dollar,Mid Rate,"1,995.5348",GH¢ per AUD,0.19955348,GH¢ per AUD,ok,
2000-10-13,CADGHS,Canadian Dollar,Buying,"4,301.3401",GH¢ per CAD,0.43013401,GH¢ per CAD,ok,
2000-10-13,CADGHS,Canadian Dollar,Selling,"4,436.1716",GH¢ per CAD,0.44361716,GH¢ per CAD,ok,
2000-10-13,CADGHS,Canadian Dollar,Mid Rate,"4,368.7559",GH¢ per CAD,0.43687559,GH¢ per CAD,ok,
2000-10-13,CHFGHS,Swiss Franc,Buying,"3,739.8606",GH¢ per CHF,0.37398606,GH¢ per CHF,ok,
2000-10-13,CHFGHS,Swiss Franc,Selling,"3,856.1137",GH¢ per CHF,0.38561137,GH¢ per CHF,ok,
2000-10-13,CHFGHS,Swiss Franc,Mid Rate,"3,797.9872",GH¢ per CHF,0.37979872,GH¢ per CHF,ok,
2000-10-13,DKKGHS,Danish Krone,Buying,757.0737,GH¢ per DKK,0.07570737,GH¢ per DKK,ok,
2000-10-13,DKKGHS,Danish Krone,Selling,780.8032,GH¢ per DKK,0.07808032,GH¢ per DKK,ok,
2000-10-13,DKKGHS,Danish Krone,Mid Rate,768.9385,GH¢ per DKK,0.07689385,GH¢ per DKK,ok,
2000-10-13,GBPGHS,Pound Sterling,Buying,"9,643.6044",GH¢ per GBP,0.96436044,GH¢ per GBP,ok,
2000-10-13,GBPGHS,Pound Sterling,Selling,"9,956.0999",GH¢ per GBP,0.99560999,GH¢ per GBP,ok,
2000-10-13,GBPGHS,Pound Sterling,Mid Rate,"9,799.8522",GH¢ per GBP,0.97998522,GH¢ per GBP,ok,
2000-10-13,JPYGHS,Japanese yen,Buying,60.4387,GH¢ per JPY,0.00604387,GH¢ per JPY,ok,
2000-10-13,JPYGHS,Japanese yen,Selling,62.3503,GH¢ per JPY,0.00623503,GH¢ per JPY,ok,
2000-10-13,JPYGHS,Japanese yen,Mid Rate,61.3945,GH¢ per JPY,0.00613945,GH¢ per JPY,ok,
2000-10-13,NOKGHS,Norwegian Krone,Buying,702.1906,GH¢ per NOK,0.07021906,GH¢ per NOK,ok,
2000-10-13,NOKGHS,Norwegian Krone,Selling,723.6747,GH¢ per NOK,0.07236747,GH¢ per NOK,ok,
2000-10-13,NOKGHS,Norwegian Krone,Mid Rate,712.9327,GH¢ per NOK,0.07129327,GH¢ per NOK,ok,
2000-10-13,SEKGHS,Swedish Krona,Buying,660.5571,GH¢ per SEK,0.06605571,GH¢ per SEK,ok,
2000-10-13,SEKGHS,Swedish Krona,Selling,680.8102,GH¢ per SEK,0.06808102,GH¢ per SEK,ok,
2000-10-13,SEKGHS,Swedish Krona,Mid Rate,670.6837,GH¢ per SEK,0.06706837,GH¢ per SEK,ok,
2000-10-16,USDGHS,US Dollar,Buying,"6,530.6400",GH¢ per USD,0.653064,GH¢ per USD,ok,
2000-10-16,USDGHS,US Dollar,Selling,"6,734.7300",GH¢ per USD,0.673473,GH¢ per USD,ok,
2000-10-16,USDGHS,US Dollar,Mid Rate,"6,632.6850",GH¢ per USD,0.6632685,GH¢ per USD,ok,
2000-10-16,AUDGHS,Australian Dollar,Buying,404.2447,GH¢ per AUD,0.04042447,GH¢ per AUD,ok,
2000-10-16,AUDGHS,Australian Dollar,Selling,"3,547.9588",GH¢ per AUD,0.35479588,GH¢ per AUD,ok,
2000-10-16,AUDGHS,Australian Dollar,Mid Rate,"1,976.1018",GH¢ per AUD,0.19761018,GH¢ per AUD,ok,
2000-10-16,CADGHS,Canadian Dollar,Buying,"4,325.8423",GH¢ per CAD,0.43258423,GH¢ per CAD,ok,
2000-10-16,CADGHS,Canadian Dollar,Selling,"4,457.4637",GH¢ per CAD,0.44574637,GH¢ per CAD,ok,
2000-10-16,CADGHS,Canadian Dollar,Mid Rate,"4,391.6530",GH¢ per CAD,0.4391653,GH¢ per CAD,ok,
2000-10-16,CHFGHS,Swiss Franc,Buying,"3,678.0947",GH¢ per CHF,0.36780947,GH¢ per CHF,ok,
2000-10-16,CHFGHS,Swiss Franc,Selling,"3,790.2836",GH¢ per CHF,0.37902836,GH¢ per CHF,ok,
2000-10-16,CHFGHS,Swiss Franc,Mid Rate,"3,734.1892",GH¢ per CHF,0.37341892,GH¢ per CHF,ok,
2000-10-16,DKKGHS,Danish Krone,Buying,746.7926,GH¢ per DKK,0.07467926,GH¢ per DKK,ok,
2000-10-16,DKKGHS,Danish Krone,Selling,769.8522,GH¢ per DKK,0.07698522,GH¢ per DKK,ok,
2000-10-16,DKKGHS,Danish Krone,Mid Rate,758.3224,GH¢ per DKK,0.07583224,GH¢ per DKK,ok,
2000-10-16,GBPGHS,Pound Sterling,Buying,"9,444.6116",GH¢ per GBP,0.94446116,GH¢ per GBP,ok,
2000-10-16,GBPGHS,Pound Sterling,Selling,"9,741.7870",GH¢ per GBP,0.9741787,GH¢ per GBP,ok,
2000-10-16,GBPGHS,Pound Sterling,Mid Rate,"9,593.1993",GH¢ per GBP,0.95931993,GH¢ per GBP,ok,
2000-10-16,JPYGHS,Japanese yen,Buying,60.5191,GH¢ per JPY,0.00605191,GH¢ per JPY,ok,
2000-10-16,JPYGHS,Japanese yen,Selling,62.3754,GH¢ per JPY,0.00623754,GH¢ per JPY,ok,
2000-10-16,JPYGHS,Japanese yen,Mid Rate,61.4473,GH¢ per JPY,0.00614473,GH¢ per JPY,ok,
2000-10-16,NOKGHS,Norwegian Krone,Buying,696.1767,GH¢ per NOK,0.06961767,GH¢ per NOK,ok,
2000-10-16,NOKGHS,Norwegian Krone,Selling,717.2044,GH¢ per NOK,0.07172044,GH¢ per NOK,ok,
2000-10-16,NOKGHS,Norwegian Krone,Mid Rate,706.6906,GH¢ per NOK,0.07066906,GH¢ per NOK,ok,
2000-10-16,SEKGHS,Swedish Krona,Buying,654.1586,GH¢ per SEK,0.06541586,GH¢ per SEK,ok,
2000-10-16,SEKGHS,Swedish Krona,Selling,673.6034,GH¢ per SEK,0.06736034,GH¢ per SEK,ok,
2000-10-16,SEKGHS,Swedish Krona,Mid Rate,663.8810,GH¢ per SEK,0.0663881,GH¢ per SEK,ok,
2000-10-17,USDGHS,US Dollar,Buying,"6,527.3600",GH¢ per USD,0.652736,GH¢ per USD,ok,
2000-10-17,USDGHS,US Dollar,Selling,"6,723.6400",GH¢ per USD,0.672364,GH¢ per USD,ok,
2000-10-17,USDGHS,US Dollar,Mid Rate,"6,625.5000",GH¢ per USD,0.66255,GH¢ per USD,ok,
2000-10-17,AUDGHS,Australian Dollar,Buying,403.3305,GH¢ per AUD,0.04033305,GH¢ per AUD,ok,
2000-10-17,AUDGHS,Australian Dollar,Selling,"3,517.3122",GH¢ per AUD,0.35173122,GH¢ per AUD,ok,
2000-10-17,AUDGHS,Australian Dollar,Mid Rate,"1,960.3214",GH¢ per AUD,0.19603214,GH¢ per AUD,ok,
2000-10-17,CADGHS,Canadian Dollar,Buying,"4,298.8029",GH¢ per CAD,0.42988029,GH¢ per CAD,ok,
2000-10-17,CADGHS,Canadian Dollar,Selling,"4,425.1638",GH¢ per CAD,0.44251638,GH¢ per CAD,ok,
2000-10-17,CADGHS,Canadian Dollar,Mid Rate,"4,361.9834",GH¢ per CAD,0.43619834,GH¢ per CAD,ok,
2000-10-17,CHFGHS,Swiss Franc,Buying,"3,674.3266",GH¢ per CHF,0.36743266,GH¢ per CHF,ok,
2000-10-17,CHFGHS,Swiss Franc,Selling,"3,781.4097",GH¢ per CHF,0.37814097,GH¢ per CHF,ok,
2000-10-17,CHFGHS,Swiss Franc,Mid Rate,"3,727.8682",GH¢ per CHF,0.37278682,GH¢ per CHF,ok,
2000-10-17,DKKGHS,Danish Krone,Buying,745.5269,GH¢ per DKK,0.07455269,GH¢ per DKK,ok,
2000-10-17,DKKGHS,Danish Krone,Selling,767.5010,GH¢ per DKK,0.0767501,GH¢ per DKK,ok,
2000-10-17,DKKGHS,Danish Krone,Mid Rate,756.5140,GH¢ per DKK,0.0756514,GH¢ per DKK,ok,
2000-10-17,GBPGHS,Pound Sterling,Buying,"9,429.4243",GH¢ per GBP,0.94294243,GH¢ per GBP,ok,
2000-10-17,GBPGHS,Pound Sterling,Selling,"9,716.3322",GH¢ per GBP,0.97163322,GH¢ per GBP,ok,
2000-10-17,GBPGHS,Pound Sterling,Mid Rate,"9,572.8783",GH¢ per GBP,0.95728783,GH¢ per GBP,ok,
2000-10-17,JPYGHS,Japanese yen,Buying,60.3406,GH¢ per JPY,0.00603406,GH¢ per JPY,ok,
2000-10-17,JPYGHS,Japanese yen,Selling,62.1289,GH¢ per JPY,0.00621289,GH¢ per JPY,ok,
2000-10-17,JPYGHS,Japanese yen,Mid Rate,61.2348,GH¢ per JPY,0.00612348,GH¢ per JPY,ok,
2000-10-17,NOKGHS,Norwegian Krone,Buying,691.7937,GH¢ per NOK,0.06917937,GH¢ per NOK,ok,
2000-10-17,NOKGHS,Norwegian Krone,Selling,711.9705,GH¢ per NOK,0.07119705,GH¢ per NOK,ok,
2000-10-17,NOKGHS,Norwegian Krone,Mid Rate,701.8821,GH¢ per NOK,0.07018821,GH¢ per NOK,ok,
2000-10-17,SEKGHS,Swedish Krona,Buying,652.7857,GH¢ per SEK,0.06527857,GH¢ per SEK,ok,
2000-10-17,SEKGHS,Swedish Krona,Selling,671.5136,GH¢ per SEK,0.06715136,GH¢ per SEK,ok,
2000-10-17,SEKGHS,Swedish Krona,Mid Rate,662.1497,GH¢ per SEK,0.06621497,GH¢ per SEK,ok,
2000-10-18,USDGHS,US Dollar,Buying,"6,527.0000",GH¢ per USD,0.6527,GH¢ per USD,ok,
2000-10-18,USDGHS,US Dollar,Selling,"6,727.1800",GH¢ per USD,0.672718,GH¢ per USD,ok,
2000-10-18,USDGHS,US Dollar,Mid Rate,"6,627.0900",GH¢ per USD,0.662709,GH¢ per USD,ok,
2000-10-18,AUDGHS,Australian Dollar,Buying,405.6736,GH¢ per AUD,0.04056736,GH¢ per AUD,ok,
2000-10-18,AUDGHS,Australian Dollar,Selling,"3,510.8734",GH¢ per AUD,0.35108734,GH¢ per AUD,ok,
2000-10-18,AUDGHS,Australian Dollar,Mid Rate,"1,958.2735",GH¢ per AUD,0.19582735,GH¢ per AUD,ok,
2000-10-18,CADGHS,Canadian Dollar,Buying,"4,299.1807",GH¢ per CAD,0.42991807,GH¢ per CAD,ok,
2000-10-18,CADGHS,Canadian Dollar,Selling,"4,429.2516",GH¢ per CAD,0.44292516,GH¢ per CAD,ok,
2000-10-18,CADGHS,Canadian Dollar,Mid Rate,"4,364.2162",GH¢ per CAD,0.43642162,GH¢ per CAD,ok,
2000-10-18,CHFGHS,Swiss Franc,Buying,"3,696.5657",GH¢ per CHF,0.36965657,GH¢ per CHF,ok,
2000-10-18,CHFGHS,Swiss Franc,Selling,"3,808.9141",GH¢ per CHF,0.38089141,GH¢ per CHF,ok,
2000-10-18,CHFGHS,Swiss Franc,Mid Rate,"3,752.7399",GH¢ per CHF,0.37527399,GH¢ per CHF,ok,
2000-10-18,DKKGHS,Danish Krone,Buying,749.8531,GH¢ per DKK,0.07498531,GH¢ per DKK,ok,
2000-10-18,DKKGHS,Danish Krone,Selling,772.8853,GH¢ per DKK,0.07728853,GH¢ per DKK,ok,
2000-10-18,DKKGHS,Danish Krone,Mid Rate,761.3692,GH¢ per DKK,0.07613692,GH¢ per DKK,ok,
2000-10-18,GBPGHS,Pound Sterling,Buying,"9,451.7487",GH¢ per GBP,0.94517487,GH¢ per GBP,ok,
2000-10-18,GBPGHS,Pound Sterling,Selling,"9,747.0111",GH¢ per GBP,0.97470111,GH¢ per GBP,ok,
2000-10-18,GBPGHS,Pound Sterling,Mid Rate,"9,599.3799",GH¢ per GBP,0.95993799,GH¢ per GBP,ok,
2000-10-18,JPYGHS,Japanese yen,Buying,60.3868,GH¢ per JPY,0.00603868,GH¢ per JPY,ok,
2000-10-18,JPYGHS,Japanese yen,Selling,62.2256,GH¢ per JPY,0.00622256,GH¢ per JPY,ok,
2000-10-18,JPYGHS,Japanese yen,Mid Rate,61.3062,GH¢ per JPY,0.00613062,GH¢ per JPY,ok,
2000-10-18,NOKGHS,Norwegian Krone,Buying,694.0527,GH¢ per NOK,0.06940527,GH¢ per NOK,ok,
2000-10-18,NOKGHS,Norwegian Krone,Selling,715.1565,GH¢ per NOK,0.07151565,GH¢ per NOK,ok,
2000-10-18,NOKGHS,Norwegian Krone,Mid Rate,704.6046,GH¢ per NOK,0.07046046,GH¢ per NOK,ok,
2000-10-18,SEKGHS,Swedish Krona,Buying,655.5338,GH¢ per SEK,0.06555338,GH¢ per SEK,ok,
2000-10-18,SEKGHS,Swedish Krona,Selling,675.1504,GH¢ per SEK,0.06751504,GH¢ per SEK,ok,
2000-10-18,SEKGHS,Swedish Krona,Mid Rate,665.3421,GH¢ per SEK,0.06653421,GH¢ per SEK,ok,
2000-10-19,USDGHS,US Dollar,Buying,"6,531.5500",GH¢ per USD,0.653155,GH¢ per USD,ok,
2000-10-19,USDGHS,US Dollar,Selling,"6,734.7300",GH¢ per USD,0.673473,GH¢ per USD,ok,
2000-10-19,USDGHS,US Dollar,Mid Rate,"6,633.1400",GH¢ per USD,0.663314,GH¢ per USD,ok,
2000-10-19,AUDGHS,Australian Dollar,Buying,400.3410,GH¢ per AUD,0.0400341,GH¢ per AUD,ok,
2000-10-19,AUDGHS,Australian Dollar,Selling,"3,502.1664",GH¢ per AUD,0.35021664,GH¢ per AUD,ok,
2000-10-19,AUDGHS,Australian Dollar,Mid Rate,"1,951.2537",GH¢ per AUD,0.19512537,GH¢ per AUD,ok,
2000-10-19,CADGHS,Canadian Dollar,Buying,"4,317.4551",GH¢ per CAD,0.43174551,GH¢ per CAD,ok,
2000-10-19,CADGHS,Canadian Dollar,Selling,"4,447.0979",GH¢ per CAD,0.44470979,GH¢ per CAD,ok,
2000-10-19,CADGHS,Canadian Dollar,Mid Rate,"4,382.2765",GH¢ per CAD,0.43822765,GH¢ per CAD,ok,
2000-10-19,CHFGHS,Swiss Franc,Buying,"3,663.6758",GH¢ per CHF,0.36636758,GH¢ per CHF,ok,
2000-10-19,CHFGHS,Swiss Franc,Selling,"3,774.0050",GH¢ per CHF,0.3774005,GH¢ per CHF,ok,
2000-10-19,CHFGHS,Swiss Franc,Mid Rate,"3,718.8404",GH¢ per CHF,0.37188404,GH¢ per CHF,ok,
2000-10-19,DKKGHS,Danish Krone,Buying,740.0936,GH¢ per DKK,0.07400936,GH¢ per DKK,ok,
2000-10-19,DKKGHS,Danish Krone,Selling,762.6281,GH¢ per DKK,0.07626281,GH¢ per DKK,ok,
2000-10-19,DKKGHS,Danish Krone,Mid Rate,751.3609,GH¢ per DKK,0.07513609,GH¢ per DKK,ok,
2000-10-19,GBPGHS,Pound Sterling,Buying,"9,447.8871",GH¢ per GBP,0.94478871,GH¢ per GBP,ok,
2000-10-19,GBPGHS,Pound Sterling,Selling,"9,744.4808",GH¢ per GBP,0.97444808,GH¢ per GBP,ok,
2000-10-19,GBPGHS,Pound Sterling,Mid Rate,"9,596.1840",GH¢ per GBP,0.9596184,GH¢ per GBP,ok,
2000-10-19,JPYGHS,Japanese yen,Buying,60.5906,GH¢ per JPY,0.00605906,GH¢ per JPY,ok,
2000-10-19,JPYGHS,Japanese yen,Selling,62.4446,GH¢ per JPY,0.00624446,GH¢ per JPY,ok,
2000-10-19,JPYGHS,Japanese yen,Mid Rate,61.5176,GH¢ per JPY,0.00615176,GH¢ per JPY,ok,
2000-10-19,NOKGHS,Norwegian Krone,Buying,688.1350,GH¢ per NOK,0.0688135,GH¢ per NOK,ok,
2000-10-19,NOKGHS,Norwegian Krone,Selling,709.0969,GH¢ per NOK,0.07090969,GH¢ per NOK,ok,
2000-10-19,NOKGHS,Norwegian Krone,Mid Rate,698.6160,GH¢ per NOK,0.0698616,GH¢ per NOK,ok,
2000-10-19,SEKGHS,Swedish Krona,Buying,649.0271,GH¢ per SEK,0.06490271,GH¢ per SEK,ok,
2000-10-19,SEKGHS,Swedish Krona,Selling,668.2770,GH¢ per SEK,0.0668277,GH¢ per SEK,ok,
2000-10-19,SEKGHS,Swedish Krona,Mid Rate,658.6521,GH¢ per SEK,0.06586521,GH¢ per SEK,ok,
2000-10-20,USDGHS,US Dollar,Buying,"6,545.6400",GH¢ per USD,0.654564,GH¢ per USD,ok,
2000-10-20,USDGHS,US Dollar,Selling,"6,753.6400",GH¢ per USD,0.675364,GH¢ per USD,ok,
2000-10-20,USDGHS,US Dollar,Mid Rate,"6,649.6400",GH¢ per USD,0.664964,GH¢ per USD,ok,
2000-10-20,AUDGHS,Australian Dollar,Buying,402.2718,GH¢ per AUD,0.04022718,GH¢ per AUD,ok,
2000-10-20,AUDGHS,Australian Dollar,Selling,"3,576.9518",GH¢ per AUD,0.35769518,GH¢ per AUD,ok,
2000-10-20,AUDGHS,Australian Dollar,Mid Rate,"1,989.6118",GH¢ per AUD,0.19896118,GH¢ per AUD,ok,
2000-10-20,CADGHS,Canadian Dollar,Buying,"4,339.7470",GH¢ per CAD,0.4339747,GH¢ per CAD,ok,
2000-10-20,CADGHS,Canadian Dollar,Selling,"4,473.8572",GH¢ per CAD,0.44738572,GH¢ per CAD,ok,
2000-10-20,CADGHS,Canadian Dollar,Mid Rate,"4,406.8021",GH¢ per CAD,0.44068021,GH¢ per CAD,ok,
2000-10-20,CHFGHS,Swiss Franc,Buying,"3,674.2192",GH¢ per CHF,0.36742192,GH¢ per CHF,ok,
2000-10-20,CHFGHS,Swiss Franc,Selling,"3,788.1481",GH¢ per CHF,0.37881481,GH¢ per CHF,ok,
2000-10-20,CHFGHS,Swiss Franc,Mid Rate,"3,731.1837",GH¢ per CHF,0.37311837,GH¢ per CHF,ok,
2000-10-20,DKKGHS,Danish Krone,Buying,743.7666,GH¢ per DKK,0.07437666,GH¢ per DKK,ok,
2000-10-20,DKKGHS,Danish Krone,Selling,766.9178,GH¢ per DKK,0.07669178,GH¢ per DKK,ok,
2000-10-20,DKKGHS,Danish Krone,Mid Rate,755.3422,GH¢ per DKK,0.07553422,GH¢ per DKK,ok,
2000-10-20,GBPGHS,Pound Sterling,Buying,"9,463.6863",GH¢ per GBP,0.94636863,GH¢ per GBP,ok,
2000-10-20,GBPGHS,Pound Sterling,Selling,"9,765.0881",GH¢ per GBP,0.97650881,GH¢ per GBP,ok,
2000-10-20,GBPGHS,Pound Sterling,Mid Rate,"9,614.3872",GH¢ per GBP,0.96143872,GH¢ per GBP,ok,
2000-10-20,JPYGHS,Japanese yen,Buying,60.2629,GH¢ per JPY,0.00602629,GH¢ per JPY,ok,
2000-10-20,JPYGHS,Japanese yen,Selling,62.1347,GH¢ per JPY,0.00621347,GH¢ per JPY,ok,
2000-10-20,JPYGHS,Japanese yen,Mid Rate,61.1988,GH¢ per JPY,0.00611988,GH¢ per JPY,ok,
2000-10-20,NOKGHS,Norwegian Krone,Buying,690.7347,GH¢ per NOK,0.06907347,GH¢ per NOK,ok,
2000-10-20,NOKGHS,Norwegian Krone,Selling,712.1616,GH¢ per NOK,0.07121616,GH¢ per NOK,ok,
2000-10-20,NOKGHS,Norwegian Krone,Mid Rate,701.4482,GH¢ per NOK,0.07014482,GH¢ per NOK,ok,
2000-10-20,SEKGHS,Swedish Krona,Buying,651.2756,GH¢ per SEK,0.06512756,GH¢ per SEK,ok,
2000-10-20,SEKGHS,Swedish Krona,Selling,670.8819,GH¢ per SEK,0.06708819,GH¢ per SEK,ok,
2000-10-20,SEKGHS,Swedish Krona,Mid Rate,661.0788,GH¢ per SEK,0.06610788,GH¢ per SEK,ok,
2000-10-23,USDGHS,US Dollar,Buying,"6,551.4500",GH¢ per USD,0.655145,GH¢ per USD,ok,
2000-10-23,USDGHS,US Dollar,Selling,"6,759.7300",GH¢ per USD,0.675973,GH¢ per USD,ok,
2000-10-23,USDGHS,US Dollar,Mid Rate,"6,655.5900",GH¢ per USD,0.665559,GH¢ per USD,ok,
2000-10-23,AUDGHS,Australian Dollar,Buying,400.4168,GH¢ per AUD,0.04004168,GH¢ per AUD,ok,
2000-10-23,AUDGHS,Australian Dollar,Selling,"3,586.9770",GH¢ per AUD,0.3586977,GH¢ per AUD,ok,
2000-10-23,AUDGHS,Australian Dollar,Mid Rate,"1,993.6969",GH¢ per AUD,0.19936969,GH¢ per AUD,ok,
2000-10-23,CADGHS,Canadian Dollar,Buying,"4,333.5872",GH¢ per CAD,0.43335872,GH¢ per CAD,ok,
2000-10-23,CADGHS,Canadian Dollar,Selling,"4,468.4262",GH¢ per CAD,0.44684262,GH¢ per CAD,ok,
2000-10-23,CADGHS,Canadian Dollar,Mid Rate,"4,401.0067",GH¢ per CAD,0.44010067,GH¢ per CAD,ok,
2000-10-23,CHFGHS,Swiss Franc,Buying,"3,665.6383",GH¢ per CHF,0.36656383,GH¢ per CHF,ok,
2000-10-23,CHFGHS,Swiss Franc,Selling,"3,781.1477",GH¢ per CHF,0.37811477,GH¢ per CHF,ok,
2000-10-23,CHFGHS,Swiss Franc,Mid Rate,"3,723.3930",GH¢ per CHF,0.3723393,GH¢ per CHF,ok,
2000-10-23,DKKGHS,Danish Krone,Buying,740.2771,GH¢ per DKK,0.07402771,GH¢ per DKK,ok,
2000-10-23,DKKGHS,Danish Krone,Selling,763.4694,GH¢ per DKK,0.07634694,GH¢ per DKK,ok,
2000-10-23,DKKGHS,Danish Krone,Mid Rate,751.8733,GH¢ per DKK,0.07518733,GH¢ per DKK,ok,
2000-10-23,GBPGHS,Pound Sterling,Buying,"9,534.3252",GH¢ per GBP,0.95343252,GH¢ per GBP,ok,
2000-10-23,GBPGHS,Pound Sterling,Selling,"9,840.8149",GH¢ per GBP,0.98408149,GH¢ per GBP,ok,
2000-10-23,GBPGHS,Pound Sterling,Mid Rate,"9,687.5701",GH¢ per GBP,0.96875701,GH¢ per GBP,ok,
2000-10-23,JPYGHS,Japanese yen,Buying,60.1497,GH¢ per JPY,0.00601497,GH¢ per JPY,ok,
2000-10-23,JPYGHS,Japanese yen,Selling,62.0363,GH¢ per JPY,0.00620363,GH¢ per JPY,ok,
2000-10-23,JPYGHS,Japanese yen,Mid Rate,61.0930,GH¢ per JPY,0.0061093,GH¢ per JPY,ok,
2000-10-23,NOKGHS,Norwegian Krone,Buying,692.1269,GH¢ per NOK,0.06921269,GH¢ per NOK,ok,
2000-10-23,NOKGHS,Norwegian Krone,Selling,713.7542,GH¢ per NOK,0.07137542,GH¢ per NOK,ok,
2000-10-23,NOKGHS,Norwegian Krone,Mid Rate,702.9406,GH¢ per NOK,0.07029406,GH¢ per NOK,ok,
2000-10-23,SEKGHS,Swedish Krona,Buying,648.4259,GH¢ per SEK,0.06484259,GH¢ per SEK,ok,
2000-10-23,SEKGHS,Swedish Krona,Selling,668.3792,GH¢ per SEK,0.06683792,GH¢ per SEK,ok,
2000-10-23,SEKGHS,Swedish Krona,Mid Rate,658.4026,GH¢ per SEK,0.06584026,GH¢ per SEK,ok,
2000-10-24,USDGHS,US Dollar,Buying,"6,551.9100",GH¢ per USD,0.655191,GH¢ per USD,ok,
2000-10-24,USDGHS,US Dollar,Selling,"6,760.4500",GH¢ per USD,0.676045,GH¢ per USD,ok,
2000-10-24,USDGHS,US Dollar,Mid Rate,"6,656.1800",GH¢ per USD,0.665618,GH¢ per USD,ok,
2000-10-24,AUDGHS,Australian Dollar,Buying,399.2268,GH¢ per AUD,0.03992268,GH¢ per AUD,ok,
2000-10-24,AUDGHS,Australian Dollar,Selling,"3,568.1807",GH¢ per AUD,0.35681807,GH¢ per AUD,ok,
2000-10-24,AUDGHS,Australian Dollar,Mid Rate,"1,983.7038",GH¢ per AUD,0.19837038,GH¢ per AUD,ok,
2000-10-24,CADGHS,Canadian Dollar,Buying,"4,338.7660",GH¢ per CAD,0.4338766,GH¢ per CAD,ok,
2000-10-24,CADGHS,Canadian Dollar,Selling,"4,472.9038",GH¢ per CAD,0.44729038,GH¢ per CAD,ok,
2000-10-24,CADGHS,Canadian Dollar,Mid Rate,"4,405.8349",GH¢ per CAD,0.44058349,GH¢ per CAD,ok,
2000-10-24,CHFGHS,Swiss Franc,Buying,"3,659.1238",GH¢ per CHF,0.36591238,GH¢ per CHF,ok,
2000-10-24,CHFGHS,Swiss Franc,Selling,"3,773.7817",GH¢ per CHF,0.37737817,GH¢ per CHF,ok,
2000-10-24,CHFGHS,Swiss Franc,Mid Rate,"3,716.4528",GH¢ per CHF,0.37164528,GH¢ per CHF,ok,
2000-10-24,DKKGHS,Danish Krone,Buying,737.8391,GH¢ per DKK,0.07378391,GH¢ per DKK,ok,
2000-10-24,DKKGHS,Danish Krone,Selling,761.0770,GH¢ per DKK,0.0761077,GH¢ per DKK,ok,
2000-10-24,DKKGHS,Danish Krone,Mid Rate,749.4581,GH¢ per DKK,0.07494581,GH¢ per DKK,ok,
2000-10-24,GBPGHS,Pound Sterling,Buying,"9,516.6493",GH¢ per GBP,0.95166493,GH¢ per GBP,ok,
2000-10-24,GBPGHS,Pound Sterling,Selling,"9,824.2859",GH¢ per GBP,0.98242859,GH¢ per GBP,ok,
2000-10-24,GBPGHS,Pound Sterling,Mid Rate,"9,670.4676",GH¢ per GBP,0.96704676,GH¢ per GBP,ok,
2000-10-24,JPYGHS,Japanese yen,Buying,60.5924,GH¢ per JPY,0.00605924,GH¢ per JPY,ok,
2000-10-24,JPYGHS,Japanese yen,Selling,62.5034,GH¢ per JPY,0.00625034,GH¢ per JPY,ok,
2000-10-24,JPYGHS,Japanese yen,Mid Rate,61.5479,GH¢ per JPY,0.00615479,GH¢ per JPY,ok,
2000-10-24,NOKGHS,Norwegian Krone,Buying,691.7125,GH¢ per NOK,0.06917125,GH¢ per NOK,ok,
2000-10-24,NOKGHS,Norwegian Krone,Selling,713.2020,GH¢ per NOK,0.0713202,GH¢ per NOK,ok,
2000-10-24,NOKGHS,Norwegian Krone,Mid Rate,702.4573,GH¢ per NOK,0.07024573,GH¢ per NOK,ok,
2000-10-24,SEKGHS,Swedish Krona,Buying,649.8402,GH¢ per SEK,0.06498402,GH¢ per SEK,ok,
2000-10-24,SEKGHS,Swedish Krona,Selling,669.7220,GH¢ per SEK,0.0669722,GH¢ per SEK,ok,
2000-10-24,SEKGHS,Swedish Krona,Mid Rate,659.7811,GH¢ per SEK,0.06597811,GH¢ per SEK,ok,
2000-10-25,USDGHS,US Dollar,Buying,"6,565.6400",GH¢ per USD,0.656564,GH¢ per USD,ok,
2000-10-25,USDGHS,US Dollar,Selling,"6,774.0900",GH¢ per USD,0.677409,GH¢ per USD,ok,
2000-10-25,USDGHS,US Dollar,Mid Rate,"6,669.8650",GH¢ per USD,0.6669865,GH¢ per USD,ok,
2000-10-25,AUDGHS,Australian Dollar,Buying,397.7671,GH¢ per AUD,0.03977671,GH¢ per AUD,ok,
2000-10-25,AUDGHS,Australian Dollar,Selling,"3,568.8568",GH¢ per AUD,0.35688568,GH¢ per AUD,ok,
2000-10-25,AUDGHS,Australian Dollar,Mid Rate,"1,983.3120",GH¢ per AUD,0.1983312,GH¢ per AUD,ok,
2000-10-25,CADGHS,Canadian Dollar,Buying,"4,322.3397",GH¢ per CAD,0.43223397,GH¢ per CAD,ok,
2000-10-25,CADGHS,Canadian Dollar,Selling,"4,459.6067",GH¢ per CAD,0.44596067,GH¢ per CAD,ok,
2000-10-25,CADGHS,Canadian Dollar,Mid Rate,"4,390.9732",GH¢ per CAD,0.43909732,GH¢ per CAD,ok,
2000-10-25,CHFGHS,Swiss Franc,Buying,"3,638.7459",GH¢ per CHF,0.36387459,GH¢ per CHF,ok,
2000-10-25,CHFGHS,Swiss Franc,Selling,"3,752.2598",GH¢ per CHF,0.37522598,GH¢ per CHF,ok,
2000-10-25,CHFGHS,Swiss Franc,Mid Rate,"3,695.5029",GH¢ per CHF,0.36955029,GH¢ per CHF,ok,
2000-10-25,DKKGHS,Danish Krone,Buying,735.1347,GH¢ per DKK,0.07351347,GH¢ per DKK,ok,
2000-10-25,DKKGHS,Danish Krone,Selling,758.2172,GH¢ per DKK,0.07582172,GH¢ per DKK,ok,
2000-10-25,DKKGHS,Danish Krone,Mid Rate,746.6760,GH¢ per DKK,0.0746676,GH¢ per DKK,ok,
2000-10-25,GBPGHS,Pound Sterling,Buying,"9,467.6529",GH¢ per GBP,0.94676529,GH¢ per GBP,ok,
2000-10-25,GBPGHS,Pound Sterling,Selling,"9,775.0119",GH¢ per GBP,0.97750119,GH¢ per GBP,ok,
2000-10-25,GBPGHS,Pound Sterling,Mid Rate,"9,621.3324",GH¢ per GBP,0.96213324,GH¢ per GBP,ok,
2000-10-25,JPYGHS,Japanese yen,Buying,60.7446,GH¢ per JPY,0.00607446,GH¢ per JPY,ok,
2000-10-25,JPYGHS,Japanese yen,Selling,62.6684,GH¢ per JPY,0.00626684,GH¢ per JPY,ok,
2000-10-25,JPYGHS,Japanese yen,Mid Rate,61.7065,GH¢ per JPY,0.00617065,GH¢ per JPY,ok,
2000-10-25,NOKGHS,Norwegian Krone,Buying,688.2012,GH¢ per NOK,0.06882012,GH¢ per NOK,ok,
2000-10-25,NOKGHS,Norwegian Krone,Selling,709.6764,GH¢ per NOK,0.07096764,GH¢ per NOK,ok,
2000-10-25,NOKGHS,Norwegian Krone,Mid Rate,698.9388,GH¢ per NOK,0.06989388,GH¢ per NOK,ok,
2000-10-25,SEKGHS,Swedish Krona,Buying,647.0600,GH¢ per SEK,0.064706,GH¢ per SEK,ok,
2000-10-25,SEKGHS,Swedish Krona,Selling,666.9449,GH¢ per SEK,0.06669449,GH¢ per SEK,ok,
2000-10-25,SEKGHS,Swedish Krona,Mid Rate,657.0025,GH¢ per SEK,0.06570025,GH¢ per SEK,ok,
2000-10-26,USDGHS,US Dollar,Buying,"6,566.9100",GH¢ per USD,0.656691,GH¢ per USD,ok,
2000-10-26,USDGHS,US Dollar,Selling,"6,784.4500",GH¢ per USD,0.678445,GH¢ per USD,ok,
2000-10-26,USDGHS,US Dollar,Mid Rate,"6,675.6800",GH¢ per USD,0.667568,GH¢ per USD,ok,
2000-10-26,AUDGHS,Australian Dollar,Buying,393.1347,GH¢ per AUD,0.03931347,GH¢ per AUD,ok,
2000-10-26,AUDGHS,Australian Dollar,Selling,"3,505.3468",GH¢ per AUD,0.35053468,GH¢ per AUD,ok,
2000-10-26,AUDGHS,Australian Dollar,Mid Rate,"1,949.2408",GH¢ per AUD,0.19492408,GH¢ per AUD,ok,
2000-10-26,CADGHS,Canadian Dollar,Buying,"4,335.5539",GH¢ per CAD,0.43355539,GH¢ per CAD,ok,
2000-10-26,CADGHS,Canadian Dollar,Selling,"4,476.1860",GH¢ per CAD,0.4476186,GH¢ per CAD,ok,
2000-10-26,CADGHS,Canadian Dollar,Mid Rate,"4,405.8700",GH¢ per CAD,0.440587,GH¢ per CAD,ok,
2000-10-26,CHFGHS,Swiss Franc,Buying,"3,593.5955",GH¢ per CHF,0.35935955,GH¢ per CHF,ok,
2000-10-26,CHFGHS,Swiss Franc,Selling,"3,711.5193",GH¢ per CHF,0.37115193,GH¢ per CHF,ok,
2000-10-26,CHFGHS,Swiss Franc,Mid Rate,"3,652.5574",GH¢ per CHF,0.36525574,GH¢ per CHF,ok,
2000-10-26,DKKGHS,Danish Krone,Buying,726.9589,GH¢ per DKK,0.07269589,GH¢ per DKK,ok,
2000-10-26,DKKGHS,Danish Krone,Selling,750.6278,GH¢ per DKK,0.07506278,GH¢ per DKK,ok,
2000-10-26,DKKGHS,Danish Krone,Mid Rate,738.7934,GH¢ per DKK,0.07387934,GH¢ per DKK,ok,
2000-10-26,GBPGHS,Pound Sterling,Buying,"9,359.1601",GH¢ per GBP,0.93591601,GH¢ per GBP,ok,
2000-10-26,GBPGHS,Pound Sterling,Selling,"9,672.5904",GH¢ per GBP,0.96725904,GH¢ per GBP,ok,
2000-10-26,GBPGHS,Pound Sterling,Mid Rate,"9,515.8753",GH¢ per GBP,0.95158753,GH¢ per GBP,ok,
2000-10-26,JPYGHS,Japanese yen,Buying,60.7422,GH¢ per JPY,0.00607422,GH¢ per JPY,ok,
2000-10-26,JPYGHS,Japanese yen,Selling,62.7276,GH¢ per JPY,0.00627276,GH¢ per JPY,ok,
2000-10-26,JPYGHS,Japanese yen,Mid Rate,61.7349,GH¢ per JPY,0.00617349,GH¢ per JPY,ok,
2000-10-26,NOKGHS,Norwegian Krone,Buying,682.5276,GH¢ per NOK,0.06825276,GH¢ per NOK,ok,
2000-10-26,NOKGHS,Norwegian Krone,Selling,704.7784,GH¢ per NOK,0.07047784,GH¢ per NOK,ok,
2000-10-26,NOKGHS,Norwegian Krone,Mid Rate,693.6530,GH¢ per NOK,0.0693653,GH¢ per NOK,ok,
2000-10-26,SEKGHS,Swedish Krona,Buying,638.0709,GH¢ per SEK,0.06380709,GH¢ per SEK,ok,
2000-10-26,SEKGHS,Swedish Krona,Selling,658.5683,GH¢ per SEK,0.06585683,GH¢ per SEK,ok,
2000-10-26,SEKGHS,Swedish Krona,Mid Rate,648.3196,GH¢ per SEK,0.06483196,GH¢ per SEK,ok,
2000-10-27,USDGHS,US Dollar,Buying,"6,566.9100",GH¢ per USD,0.656691,GH¢ per USD,ok,
2000-10-27,USDGHS,US Dollar,Selling,"6,784.4500",GH¢ per USD,0.678445,GH¢ per USD,ok,
2000-10-27,USDGHS,US Dollar,Mid Rate,"6,675.6800",GH¢ per USD,0.667568,GH¢ per USD,ok,
2000-10-27,AUDGHS,Australian Dollar,Buying,397.0265,GH¢ per AUD,0.03970265,GH¢ per AUD,ok,
2000-10-27,AUDGHS,Australian Dollar,Selling,"3,535.2362",GH¢ per AUD,0.35352362,GH¢ per AUD,ok,
2000-10-27,AUDGHS,Australian Dollar,Mid Rate,"1,966.1314",GH¢ per AUD,0.19661314,GH¢ per AUD,ok,
2000-10-27,CADGHS,Canadian Dollar,Buying,"4,315.2001",GH¢ per CAD,0.43152001,GH¢ per CAD,ok,
2000-10-27,CADGHS,Canadian Dollar,Selling,"4,456.5591",GH¢ per CAD,0.44565591,GH¢ per CAD,ok,
2000-10-27,CADGHS,Canadian Dollar,Mid Rate,"4,385.8796",GH¢ per CAD,0.43858796,GH¢ per CAD,ok,
2000-10-27,CHFGHS,Swiss Franc,Buying,"3,613.8434",GH¢ per CHF,0.36138434,GH¢ per CHF,ok,
2000-10-27,CHFGHS,Swiss Franc,Selling,"3,731.4345",GH¢ per CHF,0.37314345,GH¢ per CHF,ok,
2000-10-27,CHFGHS,Swiss Franc,Mid Rate,"3,672.6390",GH¢ per CHF,0.3672639,GH¢ per CHF,ok,
2000-10-27,DKKGHS,Danish Krone,Buying,733.9879,GH¢ per DKK,0.07339879,GH¢ per DKK,ok,
2000-10-27,DKKGHS,Danish Krone,Selling,758.0512,GH¢ per DKK,0.07580512,GH¢ per DKK,ok,
2000-10-27,DKKGHS,Danish Krone,Mid Rate,746.0196,GH¢ per DKK,0.07460196,GH¢ per DKK,ok,
2000-10-27,GBPGHS,Pound Sterling,Buying,"9,409.7253",GH¢ per GBP,0.94097253,GH¢ per GBP,ok,
2000-10-27,GBPGHS,Pound Sterling,Selling,"9,728.2229",GH¢ per GBP,0.97282229,GH¢ per GBP,ok,
2000-10-27,GBPGHS,Pound Sterling,Mid Rate,"9,568.9741",GH¢ per GBP,0.95689741,GH¢ per GBP,ok,
2000-10-27,JPYGHS,Japanese yen,Buying,60.5711,GH¢ per JPY,0.00605711,GH¢ per JPY,ok,
2000-10-27,JPYGHS,Japanese yen,Selling,62.5730,GH¢ per JPY,0.0062573,GH¢ per JPY,ok,
2000-10-27,JPYGHS,Japanese yen,Mid Rate,61.5721,GH¢ per JPY,0.00615721,GH¢ per JPY,ok,
2000-10-27,NOKGHS,Norwegian Krone,Buying,688.3536,GH¢ per NOK,0.06883536,GH¢ per NOK,ok,
2000-10-27,NOKGHS,Norwegian Krone,Selling,710.7845,GH¢ per NOK,0.07107845,GH¢ per NOK,ok,
2000-10-27,NOKGHS,Norwegian Krone,Mid Rate,699.5691,GH¢ per NOK,0.06995691,GH¢ per NOK,ok,
2000-10-27,SEKGHS,Swedish Krona,Buying,642.8594,GH¢ per SEK,0.06428594,GH¢ per SEK,ok,
2000-10-27,SEKGHS,Swedish Krona,Selling,663.5081,GH¢ per SEK,0.06635081,GH¢ per SEK,ok,
2000-10-27,SEKGHS,Swedish Krona,Mid Rate,653.1838,GH¢ per SEK,0.06531838,GH¢ per SEK,ok,
2000-10-30,USDGHS,US Dollar,Buying,"6,567.0000",GH¢ per USD,0.6567,GH¢ per USD,ok,
2000-10-30,USDGHS,US Dollar,Selling,"6,782.6400",GH¢ per USD,0.678264,GH¢ per USD,ok,
2000-10-30,USDGHS,US Dollar,Mid Rate,"6,674.8200",GH¢ per USD,0.667482,GH¢ per USD,ok,
2000-10-30,AUDGHS,Australian Dollar,Buying,401.5635,GH¢ per AUD,0.04015635,GH¢ per AUD,ok,
2000-10-30,AUDGHS,Australian Dollar,Selling,"3,557.4452",GH¢ per AUD,0.35574452,GH¢ per AUD,ok,
2000-10-30,AUDGHS,Australian Dollar,Mid Rate,"1,979.5044",GH¢ per AUD,0.19795044,GH¢ per AUD,ok,
2000-10-30,CADGHS,Canadian Dollar,Buying,"4,301.0892",GH¢ per CAD,0.43010892,GH¢ per CAD,ok,
2000-10-30,CADGHS,Canadian Dollar,Selling,"4,438.8526",GH¢ per CAD,0.44388526,GH¢ per CAD,ok,
2000-10-30,CADGHS,Canadian Dollar,Mid Rate,"4,369.9709",GH¢ per CAD,0.43699709,GH¢ per CAD,ok,
2000-10-30,CHFGHS,Swiss Franc,Buying,"3,637.4926",GH¢ per CHF,0.36374926,GH¢ per CHF,ok,
2000-10-30,CHFGHS,Swiss Franc,Selling,"3,754.3669",GH¢ per CHF,0.37543669,GH¢ per CHF,ok,
2000-10-30,CHFGHS,Swiss Franc,Mid Rate,"3,695.9298",GH¢ per CHF,0.36959298,GH¢ per CHF,ok,
2000-10-30,DKKGHS,Danish Krone,Buying,742.3397,GH¢ per DKK,0.07423397,GH¢ per DKK,ok,
2000-10-30,DKKGHS,Danish Krone,Selling,766.2646,GH¢ per DKK,0.07662646,GH¢ per DKK,ok,
2000-10-30,DKKGHS,Danish Krone,Mid Rate,754.3022,GH¢ per DKK,0.07543022,GH¢ per DKK,ok,
2000-10-30,GBPGHS,Pound Sterling,Buying,"9,548.4180",GH¢ per GBP,0.9548418,GH¢ per GBP,ok,
2000-10-30,GBPGHS,Pound Sterling,Selling,"9,865.3499",GH¢ per GBP,0.98653499,GH¢ per GBP,ok,
2000-10-30,GBPGHS,Pound Sterling,Mid Rate,"9,706.8840",GH¢ per GBP,0.9706884,GH¢ per GBP,ok,
2000-10-30,JPYGHS,Japanese yen,Buying,60.4636,GH¢ per JPY,0.00604636,GH¢ per JPY,ok,
2000-10-30,JPYGHS,Japanese yen,Selling,62.4231,GH¢ per JPY,0.00624231,GH¢ per JPY,ok,
2000-10-30,JPYGHS,Japanese yen,Mid Rate,61.4434,GH¢ per JPY,0.00614434,GH¢ per JPY,ok,
2000-10-30,NOKGHS,Norwegian Krone,Buying,696.8122,GH¢ per NOK,0.06968122,GH¢ per NOK,ok,
2000-10-30,NOKGHS,Norwegian Krone,Selling,719.2113,GH¢ per NOK,0.07192113,GH¢ per NOK,ok,
2000-10-30,NOKGHS,Norwegian Krone,Mid Rate,708.0118,GH¢ per NOK,0.07080118,GH¢ per NOK,ok,
2000-10-30,SEKGHS,Swedish Krona,Buying,650.3220,GH¢ per SEK,0.0650322,GH¢ per SEK,ok,
2000-10-30,SEKGHS,Swedish Krona,Selling,670.9206,GH¢ per SEK,0.06709206,GH¢ per SEK,ok,
2000-10-30,SEKGHS,Swedish Krona,Mid Rate,660.6213,GH¢ per SEK,0.06606213,GH¢ per SEK,ok,
2000-10-31,USDGHS,US Dollar,Buying,"6,567.0000",GH¢ per USD,0.6567,GH¢ per USD,ok,
2000-10-31,USDGHS,US Dollar,Selling,"6,782.5500",GH¢ per USD,0.678255,GH¢ per USD,ok,
2000-10-31,USDGHS,US Dollar,Mid Rate,"6,674.7750",GH¢ per USD,0.6674775,GH¢ per USD,ok,
2000-10-31,AUDGHS,Australian Dollar,Buying,401.1277,GH¢ per AUD,0.04011277,GH¢ per AUD,ok,
2000-10-31,AUDGHS,Australian Dollar,Selling,"3,494.1176",GH¢ per AUD,0.34941176,GH¢ per AUD,ok,
2000-10-31,AUDGHS,Australian Dollar,Mid Rate,"1,947.6227",GH¢ per AUD,0.19476227,GH¢ per AUD,ok,
2000-10-31,CADGHS,Canadian Dollar,Buying,"4,287.8124",GH¢ per CAD,0.42878124,GH¢ per CAD,ok,
2000-10-31,CADGHS,Canadian Dollar,Selling,"4,429.2144",GH¢ per CAD,0.44292144,GH¢ per CAD,ok,
2000-10-31,CADGHS,Canadian Dollar,Mid Rate,"4,358.5134",GH¢ per CAD,0.43585134,GH¢ per CAD,ok,
2000-10-31,CHFGHS,Swiss Franc,Buying,"3,633.5726",GH¢ per CHF,0.36335726,GH¢ per CHF,ok,
2000-10-31,CHFGHS,Swiss Franc,Selling,"3,753.5658",GH¢ per CHF,0.37535658,GH¢ per CHF,ok,
2000-10-31,CHFGHS,Swiss Franc,Mid Rate,"3,693.5692",GH¢ per CHF,0.36935692,GH¢ per CHF,ok,
2000-10-31,DKKGHS,Danish Krone,Buying,741.6612,GH¢ per DKK,0.07416612,GH¢ per DKK,ok,
2000-10-31,DKKGHS,Danish Krone,Selling,766.0261,GH¢ per DKK,0.07660261,GH¢ per DKK,ok,
2000-10-31,DKKGHS,Danish Krone,Mid Rate,753.8437,GH¢ per DKK,0.07538437,GH¢ per DKK,ok,
2000-10-31,GBPGHS,Pound Sterling,Buying,"9,501.7923",GH¢ per GBP,0.95017923,GH¢ per GBP,ok,
2000-10-31,GBPGHS,Pound Sterling,Selling,"9,820.4542",GH¢ per GBP,0.98204542,GH¢ per GBP,ok,
2000-10-31,GBPGHS,Pound Sterling,Mid Rate,"9,661.1233",GH¢ per GBP,0.96611233,GH¢ per GBP,ok,
2000-10-31,JPYGHS,Japanese yen,Buying,60.3174,GH¢ per JPY,0.00603174,GH¢ per JPY,ok,
2000-10-31,JPYGHS,Japanese yen,Selling,62.2928,GH¢ per JPY,0.00622928,GH¢ per JPY,ok,
2000-10-31,JPYGHS,Japanese yen,Mid Rate,61.3051,GH¢ per JPY,0.00613051,GH¢ per JPY,ok,
2000-10-31,NOKGHS,Norwegian Krone,Buying,700.9134,GH¢ per NOK,0.07009134,GH¢ per NOK,ok,
2000-10-31,NOKGHS,Norwegian Krone,Selling,723.4967,GH¢ per NOK,0.07234967,GH¢ per NOK,ok,
2000-10-31,NOKGHS,Norwegian Krone,Mid Rate,712.2051,GH¢ per NOK,0.07122051,GH¢ per NOK,ok,
2000-10-31,SEKGHS,Swedish Krona,Buying,651.5664,GH¢ per SEK,0.06515664,GH¢ per SEK,ok,
2000-10-31,SEKGHS,Swedish Krona,Selling,672.8505,GH¢ per SEK,0.06728505,GH¢ per SEK,ok,
2000-10-31,SEKGHS,Swedish Krona,Mid Rate,662.2085,GH¢ per SEK,0.06622085,GH¢ per SEK,ok,
2000-11-01,USDGHS,US Dollar,Buying,"6,594.2700",GH¢ per USD,0.659427,GH¢ per USD,ok,
2000-11-01,USDGHS,US Dollar,Selling,"6,813.4500",GH¢ per USD,0.681345,GH¢ per USD,ok,
2000-11-01,USDGHS,US Dollar,Mid Rate,"6,703.8600",GH¢ per USD,0.670386,GH¢ per USD,ok,
2000-11-01,AUDGHS,Australian Dollar,Buying,409.1349,GH¢ per AUD,0.04091349,GH¢ per AUD,ok,
2000-11-01,AUDGHS,Australian Dollar,Selling,"3,559.9985",GH¢ per AUD,0.35599985,GH¢ per AUD,ok,
2000-11-01,AUDGHS,Australian Dollar,Mid Rate,"1,984.5667",GH¢ per AUD,0.19845667,GH¢ per AUD,ok,
2000-11-01,CADGHS,Canadian Dollar,Buying,"4,332.2872",GH¢ per CAD,0.43322872,GH¢ per CAD,ok,
2000-11-01,CADGHS,Canadian Dollar,Selling,"4,475.8003",GH¢ per CAD,0.44758003,GH¢ per CAD,ok,
2000-11-01,CADGHS,Canadian Dollar,Mid Rate,"4,404.0438",GH¢ per CAD,0.44040438,GH¢ per CAD,ok,
2000-11-01,CHFGHS,Swiss Franc,Buying,"3,691.4805",GH¢ per CHF,0.36914805,GH¢ per CHF,ok,
2000-11-01,CHFGHS,Swiss Franc,Selling,"3,812.8464",GH¢ per CHF,0.38128464,GH¢ per CHF,ok,
2000-11-01,CHFGHS,Swiss Franc,Mid Rate,"3,752.1635",GH¢ per CHF,0.37521635,GH¢ per CHF,ok,
2000-11-01,DKKGHS,Danish Krone,Buying,756.6939,GH¢ per DKK,0.07566939,GH¢ per DKK,ok,
2000-11-01,DKKGHS,Danish Krone,Selling,781.8237,GH¢ per DKK,0.07818237,GH¢ per DKK,ok,
2000-11-01,DKKGHS,Danish Krone,Mid Rate,769.2588,GH¢ per DKK,0.07692588,GH¢ per DKK,ok,
2000-11-01,GBPGHS,Pound Sterling,Buying,"9,583.4526",GH¢ per GBP,0.95834526,GH¢ per GBP,ok,
2000-11-01,GBPGHS,Pound Sterling,Selling,"9,905.3936",GH¢ per GBP,0.99053936,GH¢ per GBP,ok,
2000-11-01,GBPGHS,Pound Sterling,Mid Rate,"9,744.4231",GH¢ per GBP,0.97444231,GH¢ per GBP,ok,
2000-11-01,JPYGHS,Japanese yen,Buying,60.7779,GH¢ per JPY,0.00607779,GH¢ per JPY,ok,
2000-11-01,JPYGHS,Japanese yen,Selling,62.7718,GH¢ per JPY,0.00627718,GH¢ per JPY,ok,
2000-11-01,JPYGHS,Japanese yen,Mid Rate,61.7749,GH¢ per JPY,0.00617749,GH¢ per JPY,ok,
2000-11-01,NOKGHS,Norwegian Krone,Buying,716.8736,GH¢ per NOK,0.07168736,GH¢ per NOK,ok,
2000-11-01,NOKGHS,Norwegian Krone,Selling,740.4518,GH¢ per NOK,0.07404518,GH¢ per NOK,ok,
2000-11-01,NOKGHS,Norwegian Krone,Mid Rate,728.6627,GH¢ per NOK,0.07286627,GH¢ per NOK,ok,
2000-11-01,SEKGHS,Swedish Krona,Buying,665.2034,GH¢ per SEK,0.06652034,GH¢ per SEK,ok,
2000-11-01,SEKGHS,Swedish Krona,Selling,686.7633,GH¢ per SEK,0.06867633,GH¢ per SEK,ok,
2000-11-01,SEKGHS,Swedish Krona,Mid Rate,675.9834,GH¢ per SEK,0.06759834,GH¢ per SEK,ok,
2000-11-02,USDGHS,US Dollar,Buying,"6,589.7300",GH¢ per USD,0.658973,GH¢ per USD,ok,
2000-11-02,USDGHS,US Dollar,Selling,"6,813.4500",GH¢ per USD,0.681345,GH¢ per USD,ok,
2000-11-02,USDGHS,US Dollar,Mid Rate,"6,701.5900",GH¢ per USD,0.670159,GH¢ per USD,ok,
2000-11-02,AUDGHS,Australian Dollar,Buying,410.6236,GH¢ per AUD,0.04106236,GH¢ per AUD,ok,
2000-11-02,AUDGHS,Australian Dollar,Selling,"3,599.0635",GH¢ per AUD,0.35990635,GH¢ per AUD,ok,
2000-11-02,AUDGHS,Australian Dollar,Mid Rate,"2,004.8436",GH¢ per AUD,0.20048436,GH¢ per AUD,ok,
2000-11-02,CADGHS,Canadian Dollar,Buying,"4,301.6830",GH¢ per CAD,0.4301683,GH¢ per CAD,ok,
2000-11-02,CADGHS,Canadian Dollar,Selling,"4,445.2633",GH¢ per CAD,0.44452633,GH¢ per CAD,ok,
2000-11-02,CADGHS,Canadian Dollar,Mid Rate,"4,373.4732",GH¢ per CAD,0.43734732,GH¢ per CAD,ok,
2000-11-02,CHFGHS,Swiss Franc,Buying,"3,704.5149",GH¢ per CHF,0.37045149,GH¢ per CHF,ok,
2000-11-02,CHFGHS,Swiss Franc,Selling,"3,827.3769",GH¢ per CHF,0.38273769,GH¢ per CHF,ok,
2000-11-02,CHFGHS,Swiss Franc,Mid Rate,"3,765.9459",GH¢ per CHF,0.37659459,GH¢ per CHF,ok,
2000-11-02,DKKGHS,Danish Krone,Buying,758.6112,GH¢ per DKK,0.07586112,GH¢ per DKK,ok,
2000-11-02,DKKGHS,Danish Krone,Selling,783.9283,GH¢ per DKK,0.07839283,GH¢ per DKK,ok,
2000-11-02,DKKGHS,Danish Krone,Mid Rate,771.2698,GH¢ per DKK,0.07712698,GH¢ per DKK,ok,
2000-11-02,GBPGHS,Pound Sterling,Buying,"9,534.6803",GH¢ per GBP,0.95346803,GH¢ per GBP,ok,
2000-11-02,GBPGHS,Pound Sterling,Selling,"9,863.1502",GH¢ per GBP,0.98631502,GH¢ per GBP,ok,
2000-11-02,GBPGHS,Pound Sterling,Mid Rate,"9,698.9153",GH¢ per GBP,0.96989153,GH¢ per GBP,ok,
2000-11-02,JPYGHS,Japanese yen,Buying,60.9050,GH¢ per JPY,0.0060905,GH¢ per JPY,ok,
2000-11-02,JPYGHS,Japanese yen,Selling,62.9549,GH¢ per JPY,0.00629549,GH¢ per JPY,ok,
2000-11-02,JPYGHS,Japanese yen,Mid Rate,61.9300,GH¢ per JPY,0.006193,GH¢ per JPY,ok,
2000-11-02,NOKGHS,Norwegian Krone,Buying,712.0003,GH¢ per NOK,0.07120003,GH¢ per NOK,ok,
2000-11-02,NOKGHS,Norwegian Krone,Selling,735.2275,GH¢ per NOK,0.07352275,GH¢ per NOK,ok,
2000-11-02,NOKGHS,Norwegian Krone,Mid Rate,723.6139,GH¢ per NOK,0.07236139,GH¢ per NOK,ok,
2000-11-02,SEKGHS,Swedish Krona,Buying,664.4423,GH¢ per SEK,0.06644423,GH¢ per SEK,ok,
2000-11-02,SEKGHS,Swedish Krona,Selling,686.1656,GH¢ per SEK,0.06861656,GH¢ per SEK,ok,
2000-11-02,SEKGHS,Swedish Krona,Mid Rate,675.3040,GH¢ per SEK,0.0675304,GH¢ per SEK,ok,
2000-11-03,USDGHS,US Dollar,Buying,"6,602.7300",GH¢ per USD,0.660273,GH¢ per USD,ok,
2000-11-03,USDGHS,US Dollar,Selling,"6,827.0900",GH¢ per USD,0.682709,GH¢ per USD,ok,
2000-11-03,USDGHS,US Dollar,Mid Rate,"6,714.9100",GH¢ per USD,0.671491,GH¢ per USD,ok,
2000-11-03,AUDGHS,Australian Dollar,Buying,413.9097,GH¢ per AUD,0.04139097,GH¢ per AUD,ok,
2000-11-03,AUDGHS,Australian Dollar,Selling,"3,575.1286",GH¢ per AUD,0.35751286,GH¢ per AUD,ok,
2000-11-03,AUDGHS,Australian Dollar,Mid Rate,"1,994.5192",GH¢ per AUD,0.19945192,GH¢ per AUD,ok,
2000-11-03,CADGHS,Canadian Dollar,Buying,"4,313.7358",GH¢ per CAD,0.43137358,GH¢ per CAD,ok,
2000-11-03,CADGHS,Canadian Dollar,Selling,"4,457.4124",GH¢ per CAD,0.44574124,GH¢ per CAD,ok,
2000-11-03,CADGHS,Canadian Dollar,Mid Rate,"4,385.5741",GH¢ per CAD,0.43855741,GH¢ per CAD,ok,
2000-11-03,CHFGHS,Swiss Franc,Buying,"3,731.8431",GH¢ per CHF,0.37318431,GH¢ per CHF,ok,
2000-11-03,CHFGHS,Swiss Franc,Selling,"3,857.4901",GH¢ per CHF,0.38574901,GH¢ per CHF,ok,
2000-11-03,CHFGHS,Swiss Franc,Mid Rate,"3,794.6666",GH¢ per CHF,0.37946666,GH¢ per CHF,ok,
2000-11-03,DKKGHS,Danish Krone,Buying,764.8487,GH¢ per DKK,0.07648487,GH¢ per DKK,ok,
2000-11-03,DKKGHS,Danish Krone,Selling,790.5207,GH¢ per DKK,0.07905207,GH¢ per DKK,ok,
2000-11-03,DKKGHS,Danish Krone,Mid Rate,777.6847,GH¢ per DKK,0.07776847,GH¢ per DKK,ok,
2000-11-03,GBPGHS,Pound Sterling,Buying,"9,538.9640",GH¢ per GBP,0.9538964,GH¢ per GBP,ok,
2000-11-03,GBPGHS,Pound Sterling,Selling,"9,865.1450",GH¢ per GBP,0.9865145,GH¢ per GBP,ok,
2000-11-03,GBPGHS,Pound Sterling,Mid Rate,"9,702.0545",GH¢ per GBP,0.97020545,GH¢ per GBP,ok,
2000-11-03,JPYGHS,Japanese yen,Buying,61.0806,GH¢ per JPY,0.00610806,GH¢ per JPY,ok,
2000-11-03,JPYGHS,Japanese yen,Selling,62.9878,GH¢ per JPY,0.00629878,GH¢ per JPY,ok,
2000-11-03,JPYGHS,Japanese yen,Mid Rate,62.0342,GH¢ per JPY,0.00620342,GH¢ per JPY,ok,
2000-11-03,NOKGHS,Norwegian Krone,Buying,717.8414,GH¢ per NOK,0.07178414,GH¢ per NOK,ok,
2000-11-03,NOKGHS,Norwegian Krone,Selling,741.8351,GH¢ per NOK,0.07418351,GH¢ per NOK,ok,
2000-11-03,NOKGHS,Norwegian Krone,Mid Rate,729.8383,GH¢ per NOK,0.07298383,GH¢ per NOK,ok,
2000-11-03,SEKGHS,Swedish Krona,Buying,668.6971,GH¢ per SEK,0.06686971,GH¢ per SEK,ok,
2000-11-03,SEKGHS,Swedish Krona,Selling,690.7204,GH¢ per SEK,0.06907204,GH¢ per SEK,ok,
2000-11-03,SEKGHS,Swedish Krona,Mid Rate,679.7088,GH¢ per SEK,0.06797088,GH¢ per SEK,ok,
2000-11-06,USDGHS,US Dollar,Buying,"6,602.7300",GH¢ per USD,0.660273,GH¢ per USD,ok,
2000-11-06,USDGHS,US Dollar,Selling,"6,827.0900",GH¢ per USD,0.682709,GH¢ per USD,ok,
2000-11-06,USDGHS,US Dollar,Mid Rate,"6,714.9100",GH¢ per USD,0.671491,GH¢ per USD,ok,
2000-11-06,AUDGHS,Australian Dollar,Buying,417.3363,GH¢ per AUD,0.04173363,GH¢ per AUD,ok,
2000-11-06,AUDGHS,Australian Dollar,Selling,"3,610.7455",GH¢ per AUD,0.36107455,GH¢ per AUD,ok,
2000-11-06,AUDGHS,Australian Dollar,Mid Rate,"2,014.0409",GH¢ per AUD,0.20140409,GH¢ per AUD,ok,
2000-11-06,CADGHS,Canadian Dollar,Buying,"4,312.4062",GH¢ per CAD,0.43124062,GH¢ per CAD,ok,
2000-11-06,CADGHS,Canadian Dollar,Selling,"4,456.0601",GH¢ per CAD,0.44560601,GH¢ per CAD,ok,
2000-11-06,CADGHS,Canadian Dollar,Mid Rate,"4,384.2332",GH¢ per CAD,0.43842332,GH¢ per CAD,ok,
2000-11-06,CHFGHS,Swiss Franc,Buying,"3,765.3758",GH¢ per CHF,0.37653758,GH¢ per CHF,ok,
2000-11-06,CHFGHS,Swiss Franc,Selling,"3,891.1432",GH¢ per CHF,0.38911432,GH¢ per CHF,ok,
2000-11-06,CHFGHS,Swiss Franc,Mid Rate,"3,828.2595",GH¢ per CHF,0.38282595,GH¢ per CHF,ok,
2000-11-06,DKKGHS,Danish Krone,Buying,768.9012,GH¢ per DKK,0.07689012,GH¢ per DKK,ok,
2000-11-06,DKKGHS,Danish Krone,Selling,794.5682,GH¢ per DKK,0.07945682,GH¢ per DKK,ok,
2000-11-06,DKKGHS,Danish Krone,Mid Rate,781.7347,GH¢ per DKK,0.07817347,GH¢ per DKK,ok,
2000-11-06,GBPGHS,Pound Sterling,Buying,"9,564.0544",GH¢ per GBP,0.95640544,GH¢ per GBP,ok,
2000-11-06,GBPGHS,Pound Sterling,Selling,"9,892.4534",GH¢ per GBP,0.98924534,GH¢ per GBP,ok,
2000-11-06,GBPGHS,Pound Sterling,Mid Rate,"9,728.2539",GH¢ per GBP,0.97282539,GH¢ per GBP,ok,
2000-11-06,JPYGHS,Japanese yen,Buying,61.6598,GH¢ per JPY,0.00616598,GH¢ per JPY,ok,
2000-11-06,JPYGHS,Japanese yen,Selling,63.7277,GH¢ per JPY,0.00637277,GH¢ per JPY,ok,
2000-11-06,JPYGHS,Japanese yen,Mid Rate,62.6938,GH¢ per JPY,0.00626938,GH¢ per JPY,ok,
2000-11-06,NOKGHS,Norwegian Krone,Buying,722.2351,GH¢ per NOK,0.07222351,GH¢ per NOK,ok,
2000-11-06,NOKGHS,Norwegian Krone,Selling,746.3693,GH¢ per NOK,0.07463693,GH¢ per NOK,ok,
2000-11-06,NOKGHS,Norwegian Krone,Mid Rate,734.3022,GH¢ per NOK,0.07343022,GH¢ per NOK,ok,
2000-11-06,SEKGHS,Swedish Krona,Buying,670.6158,GH¢ per SEK,0.06706158,GH¢ per SEK,ok,
2000-11-06,SEKGHS,Swedish Krona,Selling,692.7003,GH¢ per SEK,0.06927003,GH¢ per SEK,ok,
2000-11-06,SEKGHS,Swedish Krona,Mid Rate,681.6581,GH¢ per SEK,0.06816581,GH¢ per SEK,ok,
2000-11-07,USDGHS,US Dollar,Buying,"6,610.2700",GH¢ per USD,0.661027,GH¢ per USD,ok,
2000-11-07,USDGHS,US Dollar,Selling,"6,837.4500",GH¢ per USD,0.683745,GH¢ per USD,ok,
2000-11-07,USDGHS,US Dollar,Mid Rate,"6,723.8600",GH¢ per USD,0.672386,GH¢ per USD,ok,
2000-11-07,AUDGHS,Australian Dollar,Buying,415.8908,GH¢ per AUD,0.04158908,GH¢ per AUD,ok,
2000-11-07,AUDGHS,Australian Dollar,Selling,"3,601.9414",GH¢ per AUD,0.36019414,GH¢ per AUD,ok,
2000-11-07,AUDGHS,Australian Dollar,Mid Rate,"2,008.9161",GH¢ per AUD,0.20089161,GH¢ per AUD,ok,
2000-11-07,CADGHS,Canadian Dollar,Buying,"4,319.1522",GH¢ per CAD,0.43191522,GH¢ per CAD,ok,
2000-11-07,CADGHS,Canadian Dollar,Selling,"4,463.4350",GH¢ per CAD,0.4463435,GH¢ per CAD,ok,
2000-11-07,CADGHS,Canadian Dollar,Mid Rate,"4,391.2936",GH¢ per CAD,0.43912936,GH¢ per CAD,ok,
2000-11-07,CHFGHS,Swiss Franc,Buying,"3,751.9874",GH¢ per CHF,0.37519874,GH¢ per CHF,ok,
2000-11-07,CHFGHS,Swiss Franc,Selling,"3,877.5970",GH¢ per CHF,0.3877597,GH¢ per CHF,ok,
2000-11-07,CHFGHS,Swiss Franc,Mid Rate,"3,814.7922",GH¢ per CHF,0.38147922,GH¢ per CHF,ok,
2000-11-07,DKKGHS,Danish Krone,Buying,767.3621,GH¢ per DKK,0.07673621,GH¢ per DKK,ok,
2000-11-07,DKKGHS,Danish Krone,Selling,793.1420,GH¢ per DKK,0.0793142,GH¢ per DKK,ok,
2000-11-07,DKKGHS,Danish Krone,Mid Rate,780.2521,GH¢ per DKK,0.07802521,GH¢ per DKK,ok,
2000-11-07,GBPGHS,Pound Sterling,Buying,"9,463.2625",GH¢ per GBP,0.94632625,GH¢ per GBP,ok,
2000-11-07,GBPGHS,Pound Sterling,Selling,"9,790.5447",GH¢ per GBP,0.97905447,GH¢ per GBP,ok,
2000-11-07,GBPGHS,Pound Sterling,Mid Rate,"9,626.9036",GH¢ per GBP,0.96269036,GH¢ per GBP,ok,
2000-11-07,JPYGHS,Japanese yen,Buying,61.6660,GH¢ per JPY,0.0061666,GH¢ per JPY,ok,
2000-11-07,JPYGHS,Japanese yen,Selling,63.7488,GH¢ per JPY,0.00637488,GH¢ per JPY,ok,
2000-11-07,JPYGHS,Japanese yen,Mid Rate,62.7074,GH¢ per JPY,0.00627074,GH¢ per JPY,ok,
2000-11-07,NOKGHS,Norwegian Krone,Buying,716.8487,GH¢ per NOK,0.07168487,GH¢ per NOK,ok,
2000-11-07,NOKGHS,Norwegian Krone,Selling,740.8829,GH¢ per NOK,0.07408829,GH¢ per NOK,ok,
2000-11-07,NOKGHS,Norwegian Krone,Mid Rate,728.8658,GH¢ per NOK,0.07288658,GH¢ per NOK,ok,
2000-11-07,SEKGHS,Swedish Krona,Buying,665.7003,GH¢ per SEK,0.06657003,GH¢ per SEK,ok,
2000-11-07,SEKGHS,Swedish Krona,Selling,687.6928,GH¢ per SEK,0.06876928,GH¢ per SEK,ok,
2000-11-07,SEKGHS,Swedish Krona,Mid Rate,676.6966,GH¢ per SEK,0.06766966,GH¢ per SEK,ok,
2000-11-08,USDGHS,US Dollar,Buying,"6,625.4500",GH¢ per USD,0.662545,GH¢ per USD,ok,
2000-11-08,USDGHS,US Dollar,Selling,"6,855.4500",GH¢ per USD,0.685545,GH¢ per USD,ok,
2000-11-08,USDGHS,US Dollar,Mid Rate,"6,740.4500",GH¢ per USD,0.674045,GH¢ per USD,ok,
2000-11-08,AUDGHS,Australian Dollar,Buying,412.0302,GH¢ per AUD,0.04120302,GH¢ per AUD,ok,
2000-11-08,AUDGHS,Australian Dollar,Selling,"3,626.5128",GH¢ per AUD,0.36265128,GH¢ per AUD,ok,
2000-11-08,AUDGHS,Australian Dollar,Mid Rate,"2,019.2715",GH¢ per AUD,0.20192715,GH¢ per AUD,ok,
2000-11-08,CADGHS,Canadian Dollar,Buying,"4,318.8861",GH¢ per CAD,0.43188861,GH¢ per CAD,ok,
2000-11-08,CADGHS,Canadian Dollar,Selling,"4,465.8826",GH¢ per CAD,0.44658826,GH¢ per CAD,ok,
2000-11-08,CADGHS,Canadian Dollar,Mid Rate,"4,392.3844",GH¢ per CAD,0.43923844,GH¢ per CAD,ok,
2000-11-08,CHFGHS,Swiss Franc,Buying,"3,739.2872",GH¢ per CHF,0.37392872,GH¢ per CHF,ok,
2000-11-08,CHFGHS,Swiss Franc,Selling,"3,867.9995",GH¢ per CHF,0.38679995,GH¢ per CHF,ok,
2000-11-08,CHFGHS,Swiss Franc,Mid Rate,"3,803.6434",GH¢ per CHF,0.38036434,GH¢ per CHF,ok,
2000-11-08,DKKGHS,Danish Krone,Buying,760.8764,GH¢ per DKK,0.07608764,GH¢ per DKK,ok,
2000-11-08,DKKGHS,Danish Krone,Selling,787.0201,GH¢ per DKK,0.07870201,GH¢ per DKK,ok,
2000-11-08,DKKGHS,Danish Krone,Mid Rate,773.9483,GH¢ per DKK,0.07739483,GH¢ per DKK,ok,
2000-11-08,GBPGHS,Pound Sterling,Buying,"9,423.3775",GH¢ per GBP,0.94233775,GH¢ per GBP,ok,
2000-11-08,GBPGHS,Pound Sterling,Selling,"9,753.9343",GH¢ per GBP,0.97539343,GH¢ per GBP,ok,
2000-11-08,GBPGHS,Pound Sterling,Mid Rate,"9,588.6559",GH¢ per GBP,0.95886559,GH¢ per GBP,ok,
2000-11-08,JPYGHS,Japanese yen,Buying,61.6996,GH¢ per JPY,0.00616996,GH¢ per JPY,ok,
2000-11-08,JPYGHS,Japanese yen,Selling,63.8138,GH¢ per JPY,0.00638138,GH¢ per JPY,ok,
2000-11-08,JPYGHS,Japanese yen,Mid Rate,62.7567,GH¢ per JPY,0.00627567,GH¢ per JPY,ok,
2000-11-08,NOKGHS,Norwegian Krone,Buying,712.5373,GH¢ per NOK,0.07125373,GH¢ per NOK,ok,
2000-11-08,NOKGHS,Norwegian Krone,Selling,736.8745,GH¢ per NOK,0.07368745,GH¢ per NOK,ok,
2000-11-08,NOKGHS,Norwegian Krone,Mid Rate,724.7059,GH¢ per NOK,0.07247059,GH¢ per NOK,ok,
2000-11-08,SEKGHS,Swedish Krona,Buying,662.1353,GH¢ per SEK,0.06621353,GH¢ per SEK,ok,
2000-11-08,SEKGHS,Swedish Krona,Selling,684.4338,GH¢ per SEK,0.06844338,GH¢ per SEK,ok,
2000-11-08,SEKGHS,Swedish Krona,Mid Rate,673.2846,GH¢ per SEK,0.06732846,GH¢ per SEK,ok,
2000-11-09,USDGHS,US Dollar,Buying,"6,643.1800",GH¢ per USD,0.664318,GH¢ per USD,ok,
2000-11-09,USDGHS,US Dollar,Selling,"6,857.0900",GH¢ per USD,0.685709,GH¢ per USD,ok,
2000-11-09,USDGHS,US Dollar,Mid Rate,"6,750.1350",GH¢ per USD,0.6750135,GH¢ per USD,ok,
2000-11-09,AUDGHS,Australian Dollar,Buying,412.2345,GH¢ per AUD,0.04122345,GH¢ per AUD,ok,
2000-11-09,AUDGHS,Australian Dollar,Selling,"3,596.4505",GH¢ per AUD,0.35964505,GH¢ per AUD,ok,
2000-11-09,AUDGHS,Australian Dollar,Mid Rate,"2,004.3425",GH¢ per AUD,0.20043425,GH¢ per AUD,ok,
2000-11-09,CADGHS,Canadian Dollar,Buying,"4,306.4411",GH¢ per CAD,0.43064411,GH¢ per CAD,ok,
2000-11-09,CADGHS,Canadian Dollar,Selling,"4,445.1950",GH¢ per CAD,0.4445195,GH¢ per CAD,ok,
2000-11-09,CADGHS,Canadian Dollar,Mid Rate,"4,375.8181",GH¢ per CAD,0.43758181,GH¢ per CAD,ok,
2000-11-09,CHFGHS,Swiss Franc,Buying,"3,733.7543",GH¢ per CHF,0.37337543,GH¢ per CHF,ok,
2000-11-09,CHFGHS,Swiss Franc,Selling,"3,853.1844",GH¢ per CHF,0.38531844,GH¢ per CHF,ok,
2000-11-09,CHFGHS,Swiss Franc,Mid Rate,"3,793.4694",GH¢ per CHF,0.37934694,GH¢ per CHF,ok,
2000-11-09,DKKGHS,Danish Krone,Buying,760.6366,GH¢ per DKK,0.07606366,GH¢ per DKK,ok,
2000-11-09,DKKGHS,Danish Krone,Selling,785.2265,GH¢ per DKK,0.07852265,GH¢ per DKK,ok,
2000-11-09,DKKGHS,Danish Krone,Mid Rate,772.9316,GH¢ per DKK,0.07729316,GH¢ per DKK,ok,
2000-11-09,GBPGHS,Pound Sterling,Buying,"9,400.0997",GH¢ per GBP,0.94000997,GH¢ per GBP,ok,
2000-11-09,GBPGHS,Pound Sterling,Selling,"9,709.6394",GH¢ per GBP,0.97096394,GH¢ per GBP,ok,
2000-11-09,GBPGHS,Pound Sterling,Mid Rate,"9,554.8696",GH¢ per GBP,0.95548696,GH¢ per GBP,ok,
2000-11-09,JPYGHS,Japanese yen,Buying,61.8957,GH¢ per JPY,0.00618957,GH¢ per JPY,ok,
2000-11-09,JPYGHS,Japanese yen,Selling,63.8834,GH¢ per JPY,0.00638834,GH¢ per JPY,ok,
2000-11-09,JPYGHS,Japanese yen,Mid Rate,62.8896,GH¢ per JPY,0.00628896,GH¢ per JPY,ok,
2000-11-09,NOKGHS,Norwegian Krone,Buying,714.5974,GH¢ per NOK,0.07145974,GH¢ per NOK,ok,
2000-11-09,NOKGHS,Norwegian Krone,Selling,737.4671,GH¢ per NOK,0.07374671,GH¢ per NOK,ok,
2000-11-09,NOKGHS,Norwegian Krone,Mid Rate,726.0323,GH¢ per NOK,0.07260323,GH¢ per NOK,ok,
2000-11-09,SEKGHS,Swedish Krona,Buying,661.8437,GH¢ per SEK,0.06618437,GH¢ per SEK,ok,
2000-11-09,SEKGHS,Swedish Krona,Selling,682.7149,GH¢ per SEK,0.06827149,GH¢ per SEK,ok,
2000-11-09,SEKGHS,Swedish Krona,Mid Rate,672.2793,GH¢ per SEK,0.06722793,GH¢ per SEK,ok,
2000-11-10,USDGHS,US Dollar,Buying,"6,649.3600",GH¢ per USD,0.664936,GH¢ per USD,ok,
2000-11-10,USDGHS,US Dollar,Selling,"6,861.8200",GH¢ per USD,0.686182,GH¢ per USD,ok,
2000-11-10,USDGHS,US Dollar,Mid Rate,"6,755.5900",GH¢ per USD,0.675559,GH¢ per USD,ok,
2000-11-10,AUDGHS,Australian Dollar,Buying,420.1277,GH¢ per AUD,0.04201277,GH¢ per AUD,ok,
2000-11-10,AUDGHS,Australian Dollar,Selling,"3,627.1937",GH¢ per AUD,0.36271937,GH¢ per AUD,ok,
2000-11-10,AUDGHS,Australian Dollar,Mid Rate,"2,023.6607",GH¢ per AUD,0.20236607,GH¢ per AUD,ok,
2000-11-10,CADGHS,Canadian Dollar,Buying,"4,308.7684",GH¢ per CAD,0.43087684,GH¢ per CAD,ok,
2000-11-10,CADGHS,Canadian Dollar,Selling,"4,443.6476",GH¢ per CAD,0.44436476,GH¢ per CAD,ok,
2000-11-10,CADGHS,Canadian Dollar,Mid Rate,"4,376.2080",GH¢ per CAD,0.4376208,GH¢ per CAD,ok,
2000-11-10,CHFGHS,Swiss Franc,Buying,"3,796.1916",GH¢ per CHF,0.37961916,GH¢ per CHF,ok,
2000-11-10,CHFGHS,Swiss Franc,Selling,"3,915.3830",GH¢ per CHF,0.3915383,GH¢ per CHF,ok,
2000-11-10,CHFGHS,Swiss Franc,Mid Rate,"3,855.7873",GH¢ per CHF,0.38557873,GH¢ per CHF,ok,
2000-11-10,DKKGHS,Danish Krone,Buying,775.0927,GH¢ per DKK,0.07750927,GH¢ per DKK,ok,
2000-11-10,DKKGHS,Danish Krone,Selling,799.5799,GH¢ per DKK,0.07995799,GH¢ per DKK,ok,
2000-11-10,DKKGHS,Danish Krone,Mid Rate,787.3363,GH¢ per DKK,0.07873363,GH¢ per DKK,ok,
2000-11-10,GBPGHS,Pound Sterling,Buying,"9,531.8576",GH¢ per GBP,0.95318576,GH¢ per GBP,ok,
2000-11-10,GBPGHS,Pound Sterling,Selling,"9,837.7913",GH¢ per GBP,0.98377913,GH¢ per GBP,ok,
2000-11-10,GBPGHS,Pound Sterling,Mid Rate,"9,684.8245",GH¢ per GBP,0.96848245,GH¢ per GBP,ok,
2000-11-10,JPYGHS,Japanese yen,Buying,61.8029,GH¢ per JPY,0.00618029,GH¢ per JPY,ok,
2000-11-10,JPYGHS,Japanese yen,Selling,63.7369,GH¢ per JPY,0.00637369,GH¢ per JPY,ok,
2000-11-10,JPYGHS,Japanese yen,Mid Rate,62.7699,GH¢ per JPY,0.00627699,GH¢ per JPY,ok,
2000-11-10,NOKGHS,Norwegian Krone,Buying,722.1268,GH¢ per NOK,0.07221268,GH¢ per NOK,ok,
2000-11-10,NOKGHS,Norwegian Krone,Selling,744.7963,GH¢ per NOK,0.07447963,GH¢ per NOK,ok,
2000-11-10,NOKGHS,Norwegian Krone,Mid Rate,733.4616,GH¢ per NOK,0.07334616,GH¢ per NOK,ok,
2000-11-10,SEKGHS,Swedish Krona,Buying,671.6786,GH¢ per SEK,0.06716786,GH¢ per SEK,ok,
2000-11-10,SEKGHS,Swedish Krona,Selling,692.4414,GH¢ per SEK,0.06924414,GH¢ per SEK,ok,
2000-11-10,SEKGHS,Swedish Krona,Mid Rate,682.0600,GH¢ per SEK,0.068206,GH¢ per SEK,ok,
2000-11-13,USDGHS,US Dollar,Buying,"6,651.7300",GH¢ per USD,0.665173,GH¢ per USD,ok,
2000-11-13,USDGHS,US Dollar,Selling,"6,866.8200",GH¢ per USD,0.686682,GH¢ per USD,ok,
2000-11-13,USDGHS,US Dollar,Mid Rate,"6,759.2750",GH¢ per USD,0.6759275,GH¢ per USD,ok,
2000-11-13,AUDGHS,Australian Dollar,Buying,417.7445,GH¢ per AUD,0.04177445,GH¢ per AUD,ok,
2000-11-13,AUDGHS,Australian Dollar,Selling,"3,583.2836",GH¢ per AUD,0.35832836,GH¢ per AUD,ok,
2000-11-13,AUDGHS,Australian Dollar,Mid Rate,"2,000.5141",GH¢ per AUD,0.20005141,GH¢ per AUD,ok,
2000-11-13,CADGHS,Canadian Dollar,Buying,"4,310.2584",GH¢ per CAD,0.43102584,GH¢ per CAD,ok,
2000-11-13,CADGHS,Canadian Dollar,Selling,"4,450.5268",GH¢ per CAD,0.44505268,GH¢ per CAD,ok,
2000-11-13,CADGHS,Canadian Dollar,Mid Rate,"4,380.3926",GH¢ per CAD,0.43803926,GH¢ per CAD,ok,
2000-11-13,CHFGHS,Swiss Franc,Buying,"3,770.0685",GH¢ per CHF,0.37700685,GH¢ per CHF,ok,
2000-11-13,CHFGHS,Swiss Franc,Selling,"3,891.9224",GH¢ per CHF,0.38919224,GH¢ per CHF,ok,
2000-11-13,CHFGHS,Swiss Franc,Mid Rate,"3,830.9955",GH¢ per CHF,0.38309955,GH¢ per CHF,ok,
2000-11-13,DKKGHS,Danish Krone,Buying,770.8640,GH¢ per DKK,0.0770864,GH¢ per DKK,ok,
2000-11-13,DKKGHS,Danish Krone,Selling,795.8697,GH¢ per DKK,0.07958697,GH¢ per DKK,ok,
2000-11-13,DKKGHS,Danish Krone,Mid Rate,783.3669,GH¢ per DKK,0.07833669,GH¢ per DKK,ok,
2000-11-13,GBPGHS,Pound Sterling,Buying,"9,523.9470",GH¢ per GBP,0.9523947,GH¢ per GBP,ok,
2000-11-13,GBPGHS,Pound Sterling,Selling,"9,838.7797",GH¢ per GBP,0.98387797,GH¢ per GBP,ok,
2000-11-13,GBPGHS,Pound Sterling,Mid Rate,"9,681.3634",GH¢ per GBP,0.96813634,GH¢ per GBP,ok,
2000-11-13,JPYGHS,Japanese yen,Buying,61.6756,GH¢ per JPY,0.00616756,GH¢ per JPY,ok,
2000-11-13,JPYGHS,Japanese yen,Selling,63.6649,GH¢ per JPY,0.00636649,GH¢ per JPY,ok,
2000-11-13,JPYGHS,Japanese yen,Mid Rate,62.6703,GH¢ per JPY,0.00626703,GH¢ per JPY,ok,
2000-11-13,NOKGHS,Norwegian Krone,Buying,718.9947,GH¢ per NOK,0.07189947,GH¢ per NOK,ok,
2000-11-13,NOKGHS,Norwegian Krone,Selling,742.2637,GH¢ per NOK,0.07422637,GH¢ per NOK,ok,
2000-11-13,NOKGHS,Norwegian Krone,Mid Rate,730.6292,GH¢ per NOK,0.07306292,GH¢ per NOK,ok,
2000-11-13,SEKGHS,Swedish Krona,Buying,666.9804,GH¢ per SEK,0.06669804,GH¢ per SEK,ok,
2000-11-13,SEKGHS,Swedish Krona,Selling,688.2431,GH¢ per SEK,0.06882431,GH¢ per SEK,ok,
2000-11-13,SEKGHS,Swedish Krona,Mid Rate,677.6118,GH¢ per SEK,0.06776118,GH¢ per SEK,ok,
2000-11-14,USDGHS,US Dollar,Buying,"6,666.5500",GH¢ per USD,0.666655,GH¢ per USD,ok,
2000-11-14,USDGHS,US Dollar,Selling,"6,880.0000",GH¢ per USD,0.688,GH¢ per USD,ok,
2000-11-14,USDGHS,US Dollar,Mid Rate,"6,773.2750",GH¢ per USD,0.6773275,GH¢ per USD,ok,
2000-11-14,AUDGHS,Australian Dollar,Buying,417.2512,GH¢ per AUD,0.04172512,GH¢ per AUD,ok,
2000-11-14,AUDGHS,Australian Dollar,Selling,"3,584.4404",GH¢ per AUD,0.35844404,GH¢ per AUD,ok,
2000-11-14,AUDGHS,Australian Dollar,Mid Rate,"2,000.8458",GH¢ per AUD,0.20008458,GH¢ per AUD,ok,
2000-11-14,CADGHS,Canadian Dollar,Buying,"4,320.1403",GH¢ per CAD,0.43201403,GH¢ per CAD,ok,
2000-11-14,CADGHS,Canadian Dollar,Selling,"4,458.4231",GH¢ per CAD,0.44584231,GH¢ per CAD,ok,
2000-11-14,CADGHS,Canadian Dollar,Mid Rate,"4,389.2817",GH¢ per CAD,0.43892817,GH¢ per CAD,ok,
2000-11-14,CHFGHS,Swiss Franc,Buying,"3,776.6196",GH¢ per CHF,0.37766196,GH¢ per CHF,ok,
2000-11-14,CHFGHS,Swiss Franc,Selling,"3,896.6754",GH¢ per CHF,0.38966754,GH¢ per CHF,ok,
2000-11-14,CHFGHS,Swiss Franc,Mid Rate,"3,836.6475",GH¢ per CHF,0.38366475,GH¢ per CHF,ok,
2000-11-14,DKKGHS,Danish Krone,Buying,769.5686,GH¢ per DKK,0.07695686,GH¢ per DKK,ok,
2000-11-14,DKKGHS,Danish Krone,Selling,794.1555,GH¢ per DKK,0.07941555,GH¢ per DKK,ok,
2000-11-14,DKKGHS,Danish Krone,Mid Rate,781.8621,GH¢ per DKK,0.07818621,GH¢ per DKK,ok,
2000-11-14,GBPGHS,Pound Sterling,Buying,"9,605.8319",GH¢ per GBP,0.96058319,GH¢ per GBP,ok,
2000-11-14,GBPGHS,Pound Sterling,Selling,"9,918.2080",GH¢ per GBP,0.9918208,GH¢ per GBP,ok,
2000-11-14,GBPGHS,Pound Sterling,Mid Rate,"9,762.0200",GH¢ per GBP,0.976202,GH¢ per GBP,ok,
2000-11-14,JPYGHS,Japanese yen,Buying,61.8933,GH¢ per JPY,0.00618933,GH¢ per JPY,ok,
2000-11-14,JPYGHS,Japanese yen,Selling,63.8566,GH¢ per JPY,0.00638566,GH¢ per JPY,ok,
2000-11-14,JPYGHS,Japanese yen,Mid Rate,62.8750,GH¢ per JPY,0.0062875,GH¢ per JPY,ok,
2000-11-14,NOKGHS,Norwegian Krone,Buying,718.4079,GH¢ per NOK,0.07184079,GH¢ per NOK,ok,
2000-11-14,NOKGHS,Norwegian Krone,Selling,741.2158,GH¢ per NOK,0.07412158,GH¢ per NOK,ok,
2000-11-14,NOKGHS,Norwegian Krone,Mid Rate,729.8119,GH¢ per NOK,0.07298119,GH¢ per NOK,ok,
2000-11-14,SEKGHS,Swedish Krona,Buying,664.5427,GH¢ per SEK,0.06645427,GH¢ per SEK,ok,
2000-11-14,SEKGHS,Swedish Krona,Selling,685.6694,GH¢ per SEK,0.06856694,GH¢ per SEK,ok,
2000-11-14,SEKGHS,Swedish Krona,Mid Rate,675.1061,GH¢ per SEK,0.06751061,GH¢ per SEK,ok,
2000-11-15,USDGHS,US Dollar,Buying,"6,667.9100",GH¢ per USD,0.666791,GH¢ per USD,ok,
2000-11-15,USDGHS,US Dollar,Selling,"6,881.1800",GH¢ per USD,0.688118,GH¢ per USD,ok,
2000-11-15,USDGHS,US Dollar,Mid Rate,"6,774.5450",GH¢ per USD,0.6774545,GH¢ per USD,ok,
2000-11-15,AUDGHS,Australian Dollar,Buying,417.8112,GH¢ per AUD,0.04178112,GH¢ per AUD,ok,
2000-11-15,AUDGHS,Australian Dollar,Selling,"3,588.5383",GH¢ per AUD,0.35885383,GH¢ per AUD,ok,
2000-11-15,AUDGHS,Australian Dollar,Mid Rate,"2,003.1748",GH¢ per AUD,0.20031748,GH¢ per AUD,ok,
2000-11-15,CADGHS,Canadian Dollar,Buying,"4,318.3086",GH¢ per CAD,0.43183086,GH¢ per CAD,ok,
2000-11-15,CADGHS,Canadian Dollar,Selling,"4,454.6505",GH¢ per CAD,0.44546505,GH¢ per CAD,ok,
2000-11-15,CADGHS,Canadian Dollar,Mid Rate,"4,386.4796",GH¢ per CAD,0.43864796,GH¢ per CAD,ok,
2000-11-15,CHFGHS,Swiss Franc,Buying,"3,773.8262",GH¢ per CHF,0.37738262,GH¢ per CHF,ok,
2000-11-15,CHFGHS,Swiss Franc,Selling,"3,892.0800",GH¢ per CHF,0.389208,GH¢ per CHF,ok,
2000-11-15,CHFGHS,Swiss Franc,Mid Rate,"3,832.9531",GH¢ per CHF,0.38329531,GH¢ per CHF,ok,
2000-11-15,DKKGHS,Danish Krone,Buying,770.6348,GH¢ per DKK,0.07706348,GH¢ per DKK,ok,
2000-11-15,DKKGHS,Danish Krone,Selling,794.8959,GH¢ per DKK,0.07948959,GH¢ per DKK,ok,
2000-11-15,DKKGHS,Danish Krone,Mid Rate,782.7654,GH¢ per DKK,0.07827654,GH¢ per DKK,ok,
2000-11-15,GBPGHS,Pound Sterling,Buying,"9,547.7803",GH¢ per GBP,0.95477803,GH¢ per GBP,ok,
2000-11-15,GBPGHS,Pound Sterling,Selling,"9,855.9141",GH¢ per GBP,0.98559141,GH¢ per GBP,ok,
2000-11-15,GBPGHS,Pound Sterling,Mid Rate,"9,701.8472",GH¢ per GBP,0.97018472,GH¢ per GBP,ok,
2000-11-15,JPYGHS,Japanese yen,Buying,61.6224,GH¢ per JPY,0.00616224,GH¢ per JPY,ok,
2000-11-15,JPYGHS,Japanese yen,Selling,63.5619,GH¢ per JPY,0.00635619,GH¢ per JPY,ok,
2000-11-15,JPYGHS,Japanese yen,Mid Rate,62.5922,GH¢ per JPY,0.00625922,GH¢ per JPY,ok,
2000-11-15,NOKGHS,Norwegian Krone,Buying,715.3128,GH¢ per NOK,0.07153128,GH¢ per NOK,ok,
2000-11-15,NOKGHS,Norwegian Krone,Selling,737.7402,GH¢ per NOK,0.07377402,GH¢ per NOK,ok,
2000-11-15,NOKGHS,Norwegian Krone,Mid Rate,726.5265,GH¢ per NOK,0.07265265,GH¢ per NOK,ok,
2000-11-15,SEKGHS,Swedish Krona,Buying,665.9539,GH¢ per SEK,0.06659539,GH¢ per SEK,ok,
2000-11-15,SEKGHS,Swedish Krona,Selling,686.5171,GH¢ per SEK,0.06865171,GH¢ per SEK,ok,
2000-11-15,SEKGHS,Swedish Krona,Mid Rate,676.2355,GH¢ per SEK,0.06762355,GH¢ per SEK,ok,
2000-11-16,USDGHS,US Dollar,Buying,"6,674.3600",GH¢ per USD,0.667436,GH¢ per USD,ok,
2000-11-16,USDGHS,US Dollar,Selling,"6,883.5600",GH¢ per USD,0.688356,GH¢ per USD,ok,
2000-11-16,USDGHS,US Dollar,Mid Rate,"6,778.9600",GH¢ per USD,0.677896,GH¢ per USD,ok,
2000-11-16,AUDGHS,Australian Dollar,Buying,416.7218,GH¢ per AUD,0.04167218,GH¢ per AUD,ok,
2000-11-16,AUDGHS,Australian Dollar,Selling,"3,582.8241",GH¢ per AUD,0.35828241,GH¢ per AUD,ok,
2000-11-16,AUDGHS,Australian Dollar,Mid Rate,"1,999.7730",GH¢ per AUD,0.1999773,GH¢ per AUD,ok,
2000-11-16,CADGHS,Canadian Dollar,Buying,"4,302.3877",GH¢ per CAD,0.43023877,GH¢ per CAD,ok,
2000-11-16,CADGHS,Canadian Dollar,Selling,"4,434.3859",GH¢ per CAD,0.44343859,GH¢ per CAD,ok,
2000-11-16,CADGHS,Canadian Dollar,Mid Rate,"4,368.3868",GH¢ per CAD,0.43683868,GH¢ per CAD,ok,
2000-11-16,CHFGHS,Swiss Franc,Buying,"3,757.6225",GH¢ per CHF,0.37576225,GH¢ per CHF,ok,
2000-11-16,CHFGHS,Swiss Franc,Selling,"3,873.2418",GH¢ per CHF,0.38732418,GH¢ per CHF,ok,
2000-11-16,CHFGHS,Swiss Franc,Mid Rate,"3,815.4322",GH¢ per CHF,0.38154322,GH¢ per CHF,ok,
2000-11-16,DKKGHS,Danish Krone,Buying,768.5032,GH¢ per DKK,0.07685032,GH¢ per DKK,ok,
2000-11-16,DKKGHS,Danish Krone,Selling,792.3506,GH¢ per DKK,0.07923506,GH¢ per DKK,ok,
2000-11-16,DKKGHS,Danish Krone,Mid Rate,780.4269,GH¢ per DKK,0.07804269,GH¢ per DKK,ok,
2000-11-16,GBPGHS,Pound Sterling,Buying,"9,514.3002",GH¢ per GBP,0.95143002,GH¢ per GBP,ok,
2000-11-16,GBPGHS,Pound Sterling,Selling,"9,815.9566",GH¢ per GBP,0.98159566,GH¢ per GBP,ok,
2000-11-16,GBPGHS,Pound Sterling,Mid Rate,"9,665.1284",GH¢ per GBP,0.96651284,GH¢ per GBP,ok,
2000-11-16,JPYGHS,Japanese yen,Buying,61.3668,GH¢ per JPY,0.00613668,GH¢ per JPY,ok,
2000-11-16,JPYGHS,Japanese yen,Selling,63.2635,GH¢ per JPY,0.00632635,GH¢ per JPY,ok,
2000-11-16,JPYGHS,Japanese yen,Mid Rate,62.3152,GH¢ per JPY,0.00623152,GH¢ per JPY,ok,
2000-11-16,NOKGHS,Norwegian Krone,Buying,715.0007,GH¢ per NOK,0.07150007,GH¢ per NOK,ok,
2000-11-16,NOKGHS,Norwegian Krone,Selling,737.0167,GH¢ per NOK,0.07370167,GH¢ per NOK,ok,
2000-11-16,NOKGHS,Norwegian Krone,Mid Rate,726.0087,GH¢ per NOK,0.07260087,GH¢ per NOK,ok,
2000-11-16,SEKGHS,Swedish Krona,Buying,663.6742,GH¢ per SEK,0.06636742,GH¢ per SEK,ok,
2000-11-16,SEKGHS,Swedish Krona,Selling,683.7958,GH¢ per SEK,0.06837958,GH¢ per SEK,ok,
2000-11-16,SEKGHS,Swedish Krona,Mid Rate,673.7350,GH¢ per SEK,0.0673735,GH¢ per SEK,ok,
2000-11-17,USDGHS,US Dollar,Buying,"6,676.7300",GH¢ per USD,0.667673,GH¢ per USD,ok,
2000-11-17,USDGHS,US Dollar,Selling,"6,886.0900",GH¢ per USD,0.688609,GH¢ per USD,ok,
2000-11-17,USDGHS,US Dollar,Mid Rate,"6,781.4100",GH¢ per USD,0.678141,GH¢ per USD,ok,
2000-11-17,AUDGHS,Australian Dollar,Buying,415.7732,GH¢ per AUD,0.04157732,GH¢ per AUD,ok,
2000-11-17,AUDGHS,Australian Dollar,Selling,"3,589.6484",GH¢ per AUD,0.35896484,GH¢ per AUD,ok,
2000-11-17,AUDGHS,Australian Dollar,Mid Rate,"2,002.7108",GH¢ per AUD,0.20027108,GH¢ per AUD,ok,
2000-11-17,CADGHS,Canadian Dollar,Buying,"4,297.8770",GH¢ per CAD,0.4297877,GH¢ per CAD,ok,
2000-11-17,CADGHS,Canadian Dollar,Selling,"4,429.8832",GH¢ per CAD,0.44298832,GH¢ per CAD,ok,
2000-11-17,CADGHS,Canadian Dollar,Mid Rate,"4,363.8801",GH¢ per CAD,0.43638801,GH¢ per CAD,ok,
2000-11-17,CHFGHS,Swiss Franc,Buying,"3,749.2407",GH¢ per CHF,0.37492407,GH¢ per CHF,ok,
2000-11-17,CHFGHS,Swiss Franc,Selling,"3,864.6894",GH¢ per CHF,0.38646894,GH¢ per CHF,ok,
2000-11-17,CHFGHS,Swiss Franc,Mid Rate,"3,806.9651",GH¢ per CHF,0.38069651,GH¢ per CHF,ok,
2000-11-17,DKKGHS,Danish Krone,Buying,766.4655,GH¢ per DKK,0.07664655,GH¢ per DKK,ok,
2000-11-17,DKKGHS,Danish Krone,Selling,790.1352,GH¢ per DKK,0.07901352,GH¢ per DKK,ok,
2000-11-17,DKKGHS,Danish Krone,Mid Rate,778.3004,GH¢ per DKK,0.07783004,GH¢ per DKK,ok,
2000-11-17,GBPGHS,Pound Sterling,Buying,"9,504.3252",GH¢ per GBP,0.95043252,GH¢ per GBP,ok,
2000-11-17,GBPGHS,Pound Sterling,Selling,"9,805.1036",GH¢ per GBP,0.98051036,GH¢ per GBP,ok,
2000-11-17,GBPGHS,Pound Sterling,Mid Rate,"9,654.7144",GH¢ per GBP,0.96547144,GH¢ per GBP,ok,
2000-11-17,JPYGHS,Japanese yen,Buying,61.3975,GH¢ per JPY,0.00613975,GH¢ per JPY,ok,
2000-11-17,JPYGHS,Japanese yen,Selling,63.2914,GH¢ per JPY,0.00632914,GH¢ per JPY,ok,
2000-11-17,JPYGHS,Japanese yen,Mid Rate,62.3445,GH¢ per JPY,0.00623445,GH¢ per JPY,ok,
2000-11-17,NOKGHS,Norwegian Krone,Buying,714.6055,GH¢ per NOK,0.07146055,GH¢ per NOK,ok,
2000-11-17,NOKGHS,Norwegian Krone,Selling,736.6221,GH¢ per NOK,0.07366221,GH¢ per NOK,ok,
2000-11-17,NOKGHS,Norwegian Krone,Mid Rate,725.6138,GH¢ per NOK,0.07256138,GH¢ per NOK,ok,
2000-11-17,SEKGHS,Swedish Krona,Buying,660.4858,GH¢ per SEK,0.06604858,GH¢ per SEK,ok,
2000-11-17,SEKGHS,Swedish Krona,Selling,680.5225,GH¢ per SEK,0.06805225,GH¢ per SEK,ok,
2000-11-17,SEKGHS,Swedish Krona,Mid Rate,670.5042,GH¢ per SEK,0.06705042,GH¢ per SEK,ok,
2000-11-20,USDGHS,US Dollar,Buying,"6,677.0000",GH¢ per USD,0.6677,GH¢ per USD,ok,
2000-11-20,USDGHS,US Dollar,Selling,"6,887.1800",GH¢ per USD,0.688718,GH¢ per USD,ok,
2000-11-20,USDGHS,US Dollar,Mid Rate,"6,782.0900",GH¢ per USD,0.678209,GH¢ per USD,ok,
2000-11-20,AUDGHS,Australian Dollar,Buying,412.2768,GH¢ per AUD,0.04122768,GH¢ per AUD,ok,
2000-11-20,AUDGHS,Australian Dollar,Selling,"3,570.5337",GH¢ per AUD,0.35705337,GH¢ per AUD,ok,
2000-11-20,AUDGHS,Australian Dollar,Mid Rate,"1,991.4053",GH¢ per AUD,0.19914053,GH¢ per AUD,ok,
2000-11-20,CADGHS,Canadian Dollar,Buying,"4,288.6734",GH¢ per CAD,0.42886734,GH¢ per CAD,ok,
2000-11-20,CADGHS,Canadian Dollar,Selling,"4,420.2603",GH¢ per CAD,0.44202603,GH¢ per CAD,ok,
2000-11-20,CADGHS,Canadian Dollar,Mid Rate,"4,354.4669",GH¢ per CAD,0.43544669,GH¢ per CAD,ok,
2000-11-20,CHFGHS,Swiss Franc,Buying,"3,713.6520",GH¢ per CHF,0.3713652,GH¢ per CHF,ok,
2000-11-20,CHFGHS,Swiss Franc,Selling,"3,827.9451",GH¢ per CHF,0.38279451,GH¢ per CHF,ok,
2000-11-20,CHFGHS,Swiss Franc,Mid Rate,"3,770.7986",GH¢ per CHF,0.37707986,GH¢ per CHF,ok,
2000-11-20,DKKGHS,Danish Krone,Buying,760.4698,GH¢ per DKK,0.07604698,GH¢ per DKK,ok,
2000-11-20,DKKGHS,Danish Krone,Selling,784.1159,GH¢ per DKK,0.07841159,GH¢ per DKK,ok,
2000-11-20,DKKGHS,Danish Krone,Mid Rate,772.2929,GH¢ per DKK,0.07722929,GH¢ per DKK,ok,
2000-11-20,GBPGHS,Pound Sterling,Buying,"9,494.6940",GH¢ per GBP,0.9494694,GH¢ per GBP,ok,
2000-11-20,GBPGHS,Pound Sterling,Selling,"9,798.3910",GH¢ per GBP,0.9798391,GH¢ per GBP,ok,
2000-11-20,GBPGHS,Pound Sterling,Mid Rate,"9,646.5425",GH¢ per GBP,0.96465425,GH¢ per GBP,ok,
2000-11-20,JPYGHS,Japanese yen,Buying,61.1653,GH¢ per JPY,0.00611653,GH¢ per JPY,ok,
2000-11-20,JPYGHS,Japanese yen,Selling,63.0730,GH¢ per JPY,0.0063073,GH¢ per JPY,ok,
2000-11-20,JPYGHS,Japanese yen,Mid Rate,62.1192,GH¢ per JPY,0.00621192,GH¢ per JPY,ok,
2000-11-20,NOKGHS,Norwegian Krone,Buying,710.9095,GH¢ per NOK,0.07109095,GH¢ per NOK,ok,
2000-11-20,NOKGHS,Norwegian Krone,Selling,732.7982,GH¢ per NOK,0.07327982,GH¢ per NOK,ok,
2000-11-20,NOKGHS,Norwegian Krone,Mid Rate,721.8539,GH¢ per NOK,0.07218539,GH¢ per NOK,ok,
2000-11-20,SEKGHS,Swedish Krona,Buying,655.8468,GH¢ per SEK,0.06558468,GH¢ per SEK,ok,
2000-11-20,SEKGHS,Swedish Krona,Selling,675.7325,GH¢ per SEK,0.06757325,GH¢ per SEK,ok,
2000-11-20,SEKGHS,Swedish Krona,Mid Rate,665.7897,GH¢ per SEK,0.06657897,GH¢ per SEK,ok,
2000-11-21,USDGHS,US Dollar,Buying,"6,693.3600",GH¢ per USD,0.669336,GH¢ per USD,ok,
2000-11-21,USDGHS,US Dollar,Selling,"6,905.4500",GH¢ per USD,0.690545,GH¢ per USD,ok,
2000-11-21,USDGHS,US Dollar,Mid Rate,"6,799.4050",GH¢ per USD,0.6799405,GH¢ per USD,ok,
2000-11-21,AUDGHS,Australian Dollar,Buying,414.2783,GH¢ per AUD,0.04142783,GH¢ per AUD,ok,
2000-11-21,AUDGHS,Australian Dollar,Selling,"3,553.3802",GH¢ per AUD,0.35533802,GH¢ per AUD,ok,
2000-11-21,AUDGHS,Australian Dollar,Mid Rate,"1,983.8293",GH¢ per AUD,0.19838293,GH¢ per AUD,ok,
2000-11-21,CADGHS,Canadian Dollar,Buying,"4,302.4865",GH¢ per CAD,0.43024865,GH¢ per CAD,ok,
2000-11-21,CADGHS,Canadian Dollar,Selling,"4,437.3743",GH¢ per CAD,0.44373743,GH¢ per CAD,ok,
2000-11-21,CADGHS,Canadian Dollar,Mid Rate,"4,369.9304",GH¢ per CAD,0.43699304,GH¢ per CAD,ok,
2000-11-21,CHFGHS,Swiss Franc,Buying,"3,735.8471",GH¢ per CHF,0.37358471,GH¢ per CHF,ok,
2000-11-21,CHFGHS,Swiss Franc,Selling,"3,852.1079",GH¢ per CHF,0.38521079,GH¢ per CHF,ok,
2000-11-21,CHFGHS,Swiss Franc,Mid Rate,"3,793.9775",GH¢ per CHF,0.37939775,GH¢ per CHF,ok,
2000-11-21,DKKGHS,Danish Krone,Buying,764.1947,GH¢ per DKK,0.07641947,GH¢ per DKK,ok,
2000-11-21,DKKGHS,Danish Krone,Selling,788.2253,GH¢ per DKK,0.07882253,GH¢ per DKK,ok,
2000-11-21,DKKGHS,Danish Krone,Mid Rate,776.2100,GH¢ per DKK,0.077621,GH¢ per DKK,ok,
2000-11-21,GBPGHS,Pound Sterling,Buying,"9,548.0780",GH¢ per GBP,0.9548078,GH¢ per GBP,ok,
2000-11-21,GBPGHS,Pound Sterling,Selling,"9,854.0771",GH¢ per GBP,0.98540771,GH¢ per GBP,ok,
2000-11-21,GBPGHS,Pound Sterling,Mid Rate,"9,701.0776",GH¢ per GBP,0.97010776,GH¢ per GBP,ok,
2000-11-21,JPYGHS,Japanese yen,Buying,60.8662,GH¢ per JPY,0.00608662,GH¢ per JPY,ok,
2000-11-21,JPYGHS,Japanese yen,Selling,62.7688,GH¢ per JPY,0.00627688,GH¢ per JPY,ok,
2000-11-21,JPYGHS,Japanese yen,Mid Rate,61.8175,GH¢ per JPY,0.00618175,GH¢ per JPY,ok,
2000-11-21,NOKGHS,Norwegian Krone,Buying,710.6446,GH¢ per NOK,0.07106446,GH¢ per NOK,ok,
2000-11-21,NOKGHS,Norwegian Krone,Selling,732.7705,GH¢ per NOK,0.07327705,GH¢ per NOK,ok,
2000-11-21,NOKGHS,Norwegian Krone,Mid Rate,721.7076,GH¢ per NOK,0.07217076,GH¢ per NOK,ok,
2000-11-21,SEKGHS,Swedish Krona,Buying,657.5359,GH¢ per SEK,0.06575359,GH¢ per SEK,ok,
2000-11-21,SEKGHS,Swedish Krona,Selling,677.7080,GH¢ per SEK,0.0677708,GH¢ per SEK,ok,
2000-11-21,SEKGHS,Swedish Krona,Mid Rate,667.6220,GH¢ per SEK,0.0667622,GH¢ per SEK,ok,
2000-11-22,USDGHS,US Dollar,Buying,"6,694.8200",GH¢ per USD,0.669482,GH¢ per USD,ok,
2000-11-22,USDGHS,US Dollar,Selling,"6,907.0900",GH¢ per USD,0.690709,GH¢ per USD,ok,
2000-11-22,USDGHS,US Dollar,Mid Rate,"6,800.9550",GH¢ per USD,0.6800955,GH¢ per USD,ok,
2000-11-22,AUDGHS,Australian Dollar,Buying,412.0238,GH¢ per AUD,0.04120238,GH¢ per AUD,ok,
2000-11-22,AUDGHS,Australian Dollar,Selling,"3,593.4543",GH¢ per AUD,0.35934543,GH¢ per AUD,ok,
2000-11-22,AUDGHS,Australian Dollar,Mid Rate,"2,002.7391",GH¢ per AUD,0.20027391,GH¢ per AUD,ok,
2000-11-22,CADGHS,Canadian Dollar,Buying,"4,323.5413",GH¢ per CAD,0.43235413,GH¢ per CAD,ok,
2000-11-22,CADGHS,Canadian Dollar,Selling,"4,458.1413",GH¢ per CAD,0.44581413,GH¢ per CAD,ok,
2000-11-22,CADGHS,Canadian Dollar,Mid Rate,"4,390.8413",GH¢ per CAD,0.43908413,GH¢ per CAD,ok,
2000-11-22,CHFGHS,Swiss Franc,Buying,"3,726.6939",GH¢ per CHF,0.37266939,GH¢ per CHF,ok,
2000-11-22,CHFGHS,Swiss Franc,Selling,"3,841.8406",GH¢ per CHF,0.38418406,GH¢ per CHF,ok,
2000-11-22,CHFGHS,Swiss Franc,Mid Rate,"3,784.2673",GH¢ per CHF,0.37842673,GH¢ per CHF,ok,
2000-11-22,DKKGHS,Danish Krone,Buying,759.6648,GH¢ per DKK,0.07596648,GH¢ per DKK,ok,
2000-11-22,DKKGHS,Danish Krone,Selling,783.2259,GH¢ per DKK,0.07832259,GH¢ per DKK,ok,
2000-11-22,DKKGHS,Danish Krone,Mid Rate,771.4454,GH¢ per DKK,0.07714454,GH¢ per DKK,ok,
2000-11-22,GBPGHS,Pound Sterling,Buying,"9,505.3054",GH¢ per GBP,0.95053054,GH¢ per GBP,ok,
2000-11-22,GBPGHS,Pound Sterling,Selling,"9,810.1399",GH¢ per GBP,0.98101399,GH¢ per GBP,ok,
2000-11-22,GBPGHS,Pound Sterling,Mid Rate,"9,657.7227",GH¢ per GBP,0.96577227,GH¢ per GBP,ok,
2000-11-22,JPYGHS,Japanese yen,Buying,60.8885,GH¢ per JPY,0.00608885,GH¢ per JPY,ok,
2000-11-22,JPYGHS,Japanese yen,Selling,62.7929,GH¢ per JPY,0.00627929,GH¢ per JPY,ok,
2000-11-22,JPYGHS,Japanese yen,Mid Rate,61.8407,GH¢ per JPY,0.00618407,GH¢ per JPY,ok,
2000-11-22,NOKGHS,Norwegian Krone,Buying,705.9479,GH¢ per NOK,0.07059479,GH¢ per NOK,ok,
2000-11-22,NOKGHS,Norwegian Krone,Selling,727.4098,GH¢ per NOK,0.07274098,GH¢ per NOK,ok,
2000-11-22,NOKGHS,Norwegian Krone,Mid Rate,716.6789,GH¢ per NOK,0.07166789,GH¢ per NOK,ok,
2000-11-22,SEKGHS,Swedish Krona,Buying,650.5404,GH¢ per SEK,0.06505404,GH¢ per SEK,ok,
2000-11-22,SEKGHS,Swedish Krona,Selling,670.3754,GH¢ per SEK,0.06703754,GH¢ per SEK,ok,
2000-11-22,SEKGHS,Swedish Krona,Mid Rate,660.4579,GH¢ per SEK,0.06604579,GH¢ per SEK,ok,
2000-11-23,USDGHS,US Dollar,Buying,"6,708.6400",GH¢ per USD,0.670864,GH¢ per USD,ok,
2000-11-23,USDGHS,US Dollar,Selling,"6,913.6400",GH¢ per USD,0.691364,GH¢ per USD,ok,
2000-11-23,USDGHS,US Dollar,Mid Rate,"6,811.1400",GH¢ per USD,0.681114,GH¢ per USD,ok,
2000-11-23,AUDGHS,Australian Dollar,Buying,411.9089,GH¢ per AUD,0.04119089,GH¢ per AUD,ok,
2000-11-23,AUDGHS,Australian Dollar,Selling,"3,622.8321",GH¢ per AUD,0.36228321,GH¢ per AUD,ok,
2000-11-23,AUDGHS,Australian Dollar,Mid Rate,"2,017.3705",GH¢ per AUD,0.20173705,GH¢ per AUD,ok,
2000-11-23,CADGHS,Canadian Dollar,Buying,"4,347.3915",GH¢ per CAD,0.43473915,GH¢ per CAD,ok,
2000-11-23,CADGHS,Canadian Dollar,Selling,"4,478.7354",GH¢ per CAD,0.44787354,GH¢ per CAD,ok,
2000-11-23,CADGHS,Canadian Dollar,Mid Rate,"4,413.0635",GH¢ per CAD,0.44130635,GH¢ per CAD,ok,
2000-11-23,CHFGHS,Swiss Franc,Buying,"3,724.9631",GH¢ per CHF,0.37249631,GH¢ per CHF,ok,
2000-11-23,CHFGHS,Swiss Franc,Selling,"3,836.6709",GH¢ per CHF,0.38366709,GH¢ per CHF,ok,
2000-11-23,CHFGHS,Swiss Franc,Mid Rate,"3,780.8170",GH¢ per CHF,0.3780817,GH¢ per CHF,ok,
2000-11-23,DKKGHS,Danish Krone,Buying,759.4015,GH¢ per DKK,0.07594015,GH¢ per DKK,ok,
2000-11-23,DKKGHS,Danish Krone,Selling,782.3438,GH¢ per DKK,0.07823438,GH¢ per DKK,ok,
2000-11-23,DKKGHS,Danish Krone,Mid Rate,770.8727,GH¢ per DKK,0.07708727,GH¢ per DKK,ok,
2000-11-23,GBPGHS,Pound Sterling,Buying,"9,439.0565",GH¢ per GBP,0.94390565,GH¢ per GBP,ok,
2000-11-23,GBPGHS,Pound Sterling,Selling,"9,730.9483",GH¢ per GBP,0.97309483,GH¢ per GBP,ok,
2000-11-23,GBPGHS,Pound Sterling,Mid Rate,"9,585.0024",GH¢ per GBP,0.95850024,GH¢ per GBP,ok,
2000-11-23,JPYGHS,Japanese yen,Buying,60.9129,GH¢ per JPY,0.00609129,GH¢ per JPY,ok,
2000-11-23,JPYGHS,Japanese yen,Selling,62.7479,GH¢ per JPY,0.00627479,GH¢ per JPY,ok,
2000-11-23,JPYGHS,Japanese yen,Mid Rate,61.8304,GH¢ per JPY,0.00618304,GH¢ per JPY,ok,
2000-11-23,NOKGHS,Norwegian Krone,Buying,709.1170,GH¢ per NOK,0.0709117,GH¢ per NOK,ok,
2000-11-23,NOKGHS,Norwegian Krone,Selling,730.3981,GH¢ per NOK,0.07303981,GH¢ per NOK,ok,
2000-11-23,NOKGHS,Norwegian Krone,Mid Rate,719.7576,GH¢ per NOK,0.07197576,GH¢ per NOK,ok,
2000-11-23,SEKGHS,Swedish Krona,Buying,654.3858,GH¢ per SEK,0.06543858,GH¢ per SEK,ok,
2000-11-23,SEKGHS,Swedish Krona,Selling,673.7251,GH¢ per SEK,0.06737251,GH¢ per SEK,ok,
2000-11-23,SEKGHS,Swedish Krona,Mid Rate,664.0555,GH¢ per SEK,0.06640555,GH¢ per SEK,ok,
2000-11-24,USDGHS,US Dollar,Buying,"6,711.7300",GH¢ per USD,0.671173,GH¢ per USD,ok,
2000-11-24,USDGHS,US Dollar,Selling,"6,915.8200",GH¢ per USD,0.691582,GH¢ per USD,ok,
2000-11-24,USDGHS,US Dollar,Mid Rate,"6,813.7750",GH¢ per USD,0.6813775,GH¢ per USD,ok,
2000-11-24,AUDGHS,Australian Dollar,Buying,409.7183,GH¢ per AUD,0.04097183,GH¢ per AUD,ok,
2000-11-24,AUDGHS,Australian Dollar,Selling,"3,617.7609",GH¢ per AUD,0.36177609,GH¢ per AUD,ok,
2000-11-24,AUDGHS,Australian Dollar,Mid Rate,"2,013.7396",GH¢ per AUD,0.20137396,GH¢ per AUD,ok,
2000-11-24,CADGHS,Canadian Dollar,Buying,"4,344.9866",GH¢ per CAD,0.43449866,GH¢ per CAD,ok,
2000-11-24,CADGHS,Canadian Dollar,Selling,"4,476.2413",GH¢ per CAD,0.44762413,GH¢ per CAD,ok,
2000-11-24,CADGHS,Canadian Dollar,Mid Rate,"4,410.6140",GH¢ per CAD,0.4410614,GH¢ per CAD,ok,
2000-11-24,CHFGHS,Swiss Franc,Buying,"3,705.6193",GH¢ per CHF,0.37056193,GH¢ per CHF,ok,
2000-11-24,CHFGHS,Swiss Franc,Selling,"3,816.7446",GH¢ per CHF,0.38167446,GH¢ per CHF,ok,
2000-11-24,CHFGHS,Swiss Franc,Mid Rate,"3,761.1820",GH¢ per CHF,0.3761182,GH¢ per CHF,ok,
2000-11-24,DKKGHS,Danish Krone,Buying,755.4445,GH¢ per DKK,0.07554445,GH¢ per DKK,ok,
2000-11-24,DKKGHS,Danish Krone,Selling,778.1730,GH¢ per DKK,0.0778173,GH¢ per DKK,ok,
2000-11-24,DKKGHS,Danish Krone,Mid Rate,766.8088,GH¢ per DKK,0.07668088,GH¢ per DKK,ok,
2000-11-24,GBPGHS,Pound Sterling,Buying,"9,382.9985",GH¢ per GBP,0.93829985,GH¢ per GBP,ok,
2000-11-24,GBPGHS,Pound Sterling,Selling,"9,673.1574",GH¢ per GBP,0.96731574,GH¢ per GBP,ok,
2000-11-24,GBPGHS,Pound Sterling,Mid Rate,"9,528.0780",GH¢ per GBP,0.9528078,GH¢ per GBP,ok,
2000-11-24,JPYGHS,Japanese yen,Buying,60.5941,GH¢ per JPY,0.00605941,GH¢ per JPY,ok,
2000-11-24,JPYGHS,Japanese yen,Selling,62.4196,GH¢ per JPY,0.00624196,GH¢ per JPY,ok,
2000-11-24,JPYGHS,Japanese yen,Mid Rate,61.5069,GH¢ per JPY,0.00615069,GH¢ per JPY,ok,
2000-11-24,NOKGHS,Norwegian Krone,Buying,705.3613,GH¢ per NOK,0.07053613,GH¢ per NOK,ok,
2000-11-24,NOKGHS,Norwegian Krone,Selling,726.5348,GH¢ per NOK,0.07265348,GH¢ per NOK,ok,
2000-11-24,NOKGHS,Norwegian Krone,Mid Rate,715.9481,GH¢ per NOK,0.07159481,GH¢ per NOK,ok,
2000-11-24,SEKGHS,Swedish Krona,Buying,649.9002,GH¢ per SEK,0.06499002,GH¢ per SEK,ok,
2000-11-24,SEKGHS,Swedish Krona,Selling,669.1124,GH¢ per SEK,0.06691124,GH¢ per SEK,ok,
2000-11-24,SEKGHS,Swedish Krona,Mid Rate,659.5063,GH¢ per SEK,0.06595063,GH¢ per SEK,ok,
2000-11-27,USDGHS,US Dollar,Buying,"6,716.5500",GH¢ per USD,0.671655,GH¢ per USD,ok,
2000-11-27,USDGHS,US Dollar,Selling,"6,924.6400",GH¢ per USD,0.692464,GH¢ per USD,ok,
2000-11-27,USDGHS,US Dollar,Mid Rate,"6,820.5950",GH¢ per USD,0.6820595,GH¢ per USD,ok,
2000-11-27,AUDGHS,Australian Dollar,Buying,410.9789,GH¢ per AUD,0.04109789,GH¢ per AUD,ok,
2000-11-27,AUDGHS,Australian Dollar,Selling,"3,609.3927",GH¢ per AUD,0.36093927,GH¢ per AUD,ok,
2000-11-27,AUDGHS,Australian Dollar,Mid Rate,"2,010.1858",GH¢ per AUD,0.20101858,GH¢ per AUD,ok,
2000-11-27,CADGHS,Canadian Dollar,Buying,"4,368.0603",GH¢ per CAD,0.43680603,GH¢ per CAD,ok,
2000-11-27,CADGHS,Canadian Dollar,Selling,"4,498.7413",GH¢ per CAD,0.44987413,GH¢ per CAD,ok,
2000-11-27,CADGHS,Canadian Dollar,Mid Rate,"4,433.4008",GH¢ per CAD,0.44334008,GH¢ per CAD,ok,
2000-11-27,CHFGHS,Swiss Franc,Buying,"3,731.2099",GH¢ per CHF,0.37312099,GH¢ per CHF,ok,
2000-11-27,CHFGHS,Swiss Franc,Selling,"3,843.3121",GH¢ per CHF,0.38433121,GH¢ per CHF,ok,
2000-11-27,CHFGHS,Swiss Franc,Mid Rate,"3,787.2610",GH¢ per CHF,0.3787261,GH¢ per CHF,ok,
2000-11-27,DKKGHS,Danish Krone,Buying,758.0745,GH¢ per DKK,0.07580745,GH¢ per DKK,ok,
2000-11-27,DKKGHS,Danish Krone,Selling,780.9289,GH¢ per DKK,0.07809289,GH¢ per DKK,ok,
2000-11-27,DKKGHS,Danish Krone,Mid Rate,769.5017,GH¢ per DKK,0.07695017,GH¢ per DKK,ok,
2000-11-27,GBPGHS,Pound Sterling,Buying,"9,428.0212",GH¢ per GBP,0.94280212,GH¢ per GBP,ok,
2000-11-27,GBPGHS,Pound Sterling,Selling,"9,723.5795",GH¢ per GBP,0.97235795,GH¢ per GBP,ok,
2000-11-27,GBPGHS,Pound Sterling,Mid Rate,"9,575.8004",GH¢ per GBP,0.95758004,GH¢ per GBP,ok,
2000-11-27,JPYGHS,Japanese yen,Buying,60.5408,GH¢ per JPY,0.00605408,GH¢ per JPY,ok,
2000-11-27,JPYGHS,Japanese yen,Selling,62.3906,GH¢ per JPY,0.00623906,GH¢ per JPY,ok,
2000-11-27,JPYGHS,Japanese yen,Mid Rate,61.4657,GH¢ per JPY,0.00614657,GH¢ per JPY,ok,
2000-11-27,NOKGHS,Norwegian Krone,Buying,705.2837,GH¢ per NOK,0.07052837,GH¢ per NOK,ok,
2000-11-27,NOKGHS,Norwegian Krone,Selling,726.4969,GH¢ per NOK,0.07264969,GH¢ per NOK,ok,
2000-11-27,NOKGHS,Norwegian Krone,Mid Rate,715.8903,GH¢ per NOK,0.07158903,GH¢ per NOK,ok,
2000-11-27,SEKGHS,Swedish Krona,Buying,651.7276,GH¢ per SEK,0.06517276,GH¢ per SEK,ok,
2000-11-27,SEKGHS,Swedish Krona,Selling,671.0267,GH¢ per SEK,0.06710267,GH¢ per SEK,ok,
2000-11-27,SEKGHS,Swedish Krona,Mid Rate,661.3772,GH¢ per SEK,0.06613772,GH¢ per SEK,ok,
2000-11-28,USDGHS,US Dollar,Buying,"6,721.5500",GH¢ per USD,0.672155,GH¢ per USD,ok,
2000-11-28,USDGHS,US Dollar,Selling,"6,930.0000",GH¢ per USD,0.693,GH¢ per USD,ok,
2000-11-28,USDGHS,US Dollar,Mid Rate,"6,825.7750",GH¢ per USD,0.6825775,GH¢ per USD,ok,
2000-11-28,AUDGHS,Australian Dollar,Buying,416.4141,GH¢ per AUD,0.04164141,GH¢ per AUD,ok,
2000-11-28,AUDGHS,Australian Dollar,Selling,"3,639.9467",GH¢ per AUD,0.36399467,GH¢ per AUD,ok,
2000-11-28,AUDGHS,Australian Dollar,Mid Rate,"2,028.1804",GH¢ per AUD,0.20281804,GH¢ per AUD,ok,
2000-11-28,CADGHS,Canadian Dollar,Buying,"4,382.6239",GH¢ per CAD,0.43826239,GH¢ per CAD,ok,
2000-11-28,CADGHS,Canadian Dollar,Selling,"4,518.8996",GH¢ per CAD,0.45188996,GH¢ per CAD,ok,
2000-11-28,CADGHS,Canadian Dollar,Mid Rate,"4,450.7618",GH¢ per CAD,0.44507618,GH¢ per CAD,ok,
2000-11-28,CHFGHS,Swiss Franc,Buying,"3,781.6062",GH¢ per CHF,0.37816062,GH¢ per CHF,ok,
2000-11-28,CHFGHS,Swiss Franc,Selling,"3,899.4150",GH¢ per CHF,0.3899415,GH¢ per CHF,ok,
2000-11-28,CHFGHS,Swiss Franc,Mid Rate,"3,840.5106",GH¢ per CHF,0.38405106,GH¢ per CHF,ok,
2000-11-28,DKKGHS,Danish Krone,Buying,768.0687,GH¢ per DKK,0.07680687,GH¢ per DKK,ok,
2000-11-28,DKKGHS,Danish Krone,Selling,791.9537,GH¢ per DKK,0.07919537,GH¢ per DKK,ok,
2000-11-28,DKKGHS,Danish Krone,Mid Rate,780.0112,GH¢ per DKK,0.07800112,GH¢ per DKK,ok,
2000-11-28,GBPGHS,Pound Sterling,Buying,"9,519.0591",GH¢ per GBP,0.95190591,GH¢ per GBP,ok,
2000-11-28,GBPGHS,Pound Sterling,Selling,"9,819.1170",GH¢ per GBP,0.9819117,GH¢ per GBP,ok,
2000-11-28,GBPGHS,Pound Sterling,Mid Rate,"9,669.0881",GH¢ per GBP,0.96690881,GH¢ per GBP,ok,
2000-11-28,JPYGHS,Japanese yen,Buying,60.7975,GH¢ per JPY,0.00607975,GH¢ per JPY,ok,
2000-11-28,JPYGHS,Japanese yen,Selling,62.6659,GH¢ per JPY,0.00626659,GH¢ per JPY,ok,
2000-11-28,JPYGHS,Japanese yen,Mid Rate,61.7317,GH¢ per JPY,0.00617317,GH¢ per JPY,ok,
2000-11-28,NOKGHS,Norwegian Krone,Buying,714.5797,GH¢ per NOK,0.07145797,GH¢ per NOK,ok,
2000-11-28,NOKGHS,Norwegian Krone,Selling,736.5793,GH¢ per NOK,0.07365793,GH¢ per NOK,ok,
2000-11-28,NOKGHS,Norwegian Krone,Mid Rate,725.5795,GH¢ per NOK,0.07255795,GH¢ per NOK,ok,
2000-11-28,SEKGHS,Swedish Krona,Buying,659.8864,GH¢ per SEK,0.06598864,GH¢ per SEK,ok,
2000-11-28,SEKGHS,Swedish Krona,Selling,679.6836,GH¢ per SEK,0.06796836,GH¢ per SEK,ok,
2000-11-28,SEKGHS,Swedish Krona,Mid Rate,669.7850,GH¢ per SEK,0.0669785,GH¢ per SEK,ok,
2000-11-29,USDGHS,US Dollar,Buying,"6,724.7300",GH¢ per USD,0.672473,GH¢ per USD,ok,
2000-11-29,USDGHS,US Dollar,Selling,"6,931.3600",GH¢ per USD,0.693136,GH¢ per USD,ok,
2000-11-29,USDGHS,US Dollar,Mid Rate,"6,828.0450",GH¢ per USD,0.6828045,GH¢ per USD,ok,
2000-11-29,AUDGHS,Australian Dollar,Buying,419.7678,GH¢ per AUD,0.04197678,GH¢ per AUD,ok,
2000-11-29,AUDGHS,Australian Dollar,Selling,"3,647.8514",GH¢ per AUD,0.36478514,GH¢ per AUD,ok,
2000-11-29,AUDGHS,Australian Dollar,Mid Rate,"2,033.8096",GH¢ per AUD,0.20338096,GH¢ per AUD,ok,
2000-11-29,CADGHS,Canadian Dollar,Buying,"4,373.7206",GH¢ per CAD,0.43737206,GH¢ per CAD,ok,
2000-11-29,CADGHS,Canadian Dollar,Selling,"4,505.1622",GH¢ per CAD,0.45051622,GH¢ per CAD,ok,
2000-11-29,CADGHS,Canadian Dollar,Mid Rate,"4,439.4414",GH¢ per CAD,0.44394414,GH¢ per CAD,ok,
2000-11-29,CHFGHS,Swiss Franc,Buying,"3,826.4365",GH¢ per CHF,0.38264365,GH¢ per CHF,ok,
2000-11-29,CHFGHS,Swiss Franc,Selling,"3,942.8730",GH¢ per CHF,0.3942873,GH¢ per CHF,ok,
2000-11-29,CHFGHS,Swiss Franc,Mid Rate,"3,884.6548",GH¢ per CHF,0.38846548,GH¢ per CHF,ok,
2000-11-29,DKKGHS,Danish Krone,Buying,774.1061,GH¢ per DKK,0.07741061,GH¢ per DKK,ok,
2000-11-29,DKKGHS,Danish Krone,Selling,797.7075,GH¢ per DKK,0.07977075,GH¢ per DKK,ok,
2000-11-29,DKKGHS,Danish Krone,Mid Rate,785.9068,GH¢ per DKK,0.07859068,GH¢ per DKK,ok,
2000-11-29,GBPGHS,Pound Sterling,Buying,"9,559.2037",GH¢ per GBP,0.95592037,GH¢ per GBP,ok,
2000-11-29,GBPGHS,Pound Sterling,Selling,"9,856.3939",GH¢ per GBP,0.98563939,GH¢ per GBP,ok,
2000-11-29,GBPGHS,Pound Sterling,Mid Rate,"9,707.7988",GH¢ per GBP,0.97077988,GH¢ per GBP,ok,
2000-11-29,JPYGHS,Japanese yen,Buying,61.0227,GH¢ per JPY,0.00610227,GH¢ per JPY,ok,
2000-11-29,JPYGHS,Japanese yen,Selling,62.8717,GH¢ per JPY,0.00628717,GH¢ per JPY,ok,
2000-11-29,JPYGHS,Japanese yen,Mid Rate,61.9472,GH¢ per JPY,0.00619472,GH¢ per JPY,ok,
2000-11-29,NOKGHS,Norwegian Krone,Buying,719.4782,GH¢ per NOK,0.07194782,GH¢ per NOK,ok,
2000-11-29,NOKGHS,Norwegian Krone,Selling,741.1881,GH¢ per NOK,0.07411881,GH¢ per NOK,ok,
2000-11-29,NOKGHS,Norwegian Krone,Mid Rate,730.3332,GH¢ per NOK,0.07303332,GH¢ per NOK,ok,
2000-11-29,SEKGHS,Swedish Krona,Buying,662.8807,GH¢ per SEK,0.06628807,GH¢ per SEK,ok,
2000-11-29,SEKGHS,Swedish Krona,Selling,682.5758,GH¢ per SEK,0.06825758,GH¢ per SEK,ok,
2000-11-29,SEKGHS,Swedish Krona,Mid Rate,672.7283,GH¢ per SEK,0.06727283,GH¢ per SEK,ok,
2000-11-30,USDGHS,US Dollar,Buying,"6,725.0000",GH¢ per USD,0.6725,GH¢ per USD,ok,
2000-11-30,USDGHS,US Dollar,Selling,"6,931.4500",GH¢ per USD,0.693145,GH¢ per USD,ok,
2000-11-30,USDGHS,US Dollar,Mid Rate,"6,828.2250",GH¢ per USD,0.6828225,GH¢ per USD,ok,
2000-11-30,AUDGHS,Australian Dollar,Buying,422.2636,GH¢ per AUD,0.04222636,GH¢ per AUD,ok,
2000-11-30,AUDGHS,Australian Dollar,Selling,"3,627.5564",GH¢ per AUD,0.36275564,GH¢ per AUD,ok,
2000-11-30,AUDGHS,Australian Dollar,Mid Rate,"2,024.9100",GH¢ per AUD,0.202491,GH¢ per AUD,ok,
2000-11-30,CADGHS,Canadian Dollar,Buying,"4,361.9468",GH¢ per CAD,0.43619468,GH¢ per CAD,ok,
2000-11-30,CADGHS,Canadian Dollar,Selling,"4,490.8653",GH¢ per CAD,0.44908653,GH¢ per CAD,ok,
2000-11-30,CADGHS,Canadian Dollar,Mid Rate,"4,426.4061",GH¢ per CAD,0.44264061,GH¢ per CAD,ok,
2000-11-30,CHFGHS,Swiss Franc,Buying,"3,847.7243",GH¢ per CHF,0.38477243,GH¢ per CHF,ok,
2000-11-30,CHFGHS,Swiss Franc,Selling,"3,961.7432",GH¢ per CHF,0.39617432,GH¢ per CHF,ok,
2000-11-30,CHFGHS,Swiss Franc,Mid Rate,"3,904.7338",GH¢ per CHF,0.39047338,GH¢ per CHF,ok,
2000-11-30,DKKGHS,Danish Krone,Buying,778.7695,GH¢ per DKK,0.07787695,GH¢ per DKK,ok,
2000-11-30,DKKGHS,Danish Krone,Selling,802.0954,GH¢ per DKK,0.08020954,GH¢ per DKK,ok,
2000-11-30,DKKGHS,Danish Krone,Mid Rate,790.4325,GH¢ per DKK,0.07904325,GH¢ per DKK,ok,
2000-11-30,GBPGHS,Pound Sterling,Buying,"9,569.6750",GH¢ per GBP,0.9569675,GH¢ per GBP,ok,
2000-11-30,GBPGHS,Pound Sterling,Selling,"9,865.5328",GH¢ per GBP,0.98655328,GH¢ per GBP,ok,
2000-11-30,GBPGHS,Pound Sterling,Mid Rate,"9,717.6039",GH¢ per GBP,0.97176039,GH¢ per GBP,ok,
2000-11-30,JPYGHS,Japanese yen,Buying,60.6098,GH¢ per JPY,0.00606098,GH¢ per JPY,ok,
2000-11-30,JPYGHS,Japanese yen,Selling,62.4361,GH¢ per JPY,0.00624361,GH¢ per JPY,ok,
2000-11-30,JPYGHS,Japanese yen,Mid Rate,61.5230,GH¢ per JPY,0.0061523,GH¢ per JPY,ok,
2000-11-30,NOKGHS,Norwegian Krone,Buying,721.4719,GH¢ per NOK,0.07214719,GH¢ per NOK,ok,
2000-11-30,NOKGHS,Norwegian Krone,Selling,742.8529,GH¢ per NOK,0.07428529,GH¢ per NOK,ok,
2000-11-30,NOKGHS,Norwegian Krone,Mid Rate,732.1624,GH¢ per NOK,0.07321624,GH¢ per NOK,ok,
2000-11-30,SEKGHS,Swedish Krona,Buying,667.7651,GH¢ per SEK,0.06677651,GH¢ per SEK,ok,
2000-11-30,SEKGHS,Swedish Krona,Selling,687.2445,GH¢ per SEK,0.06872445,GH¢ per SEK,ok,
2000-11-30,SEKGHS,Swedish Krona,Mid Rate,677.5048,GH¢ per SEK,0.06775048,GH¢ per SEK,ok,
2000-12-04,USDGHS,US Dollar,Buying,"6,731.3600",GH¢ per USD,0.673136,GH¢ per USD,ok,
2000-12-04,USDGHS,US Dollar,Selling,"6,937.8200",GH¢ per USD,0.693782,GH¢ per USD,ok,
2000-12-04,USDGHS,US Dollar,Mid Rate,"6,834.5900",GH¢ per USD,0.683459,GH¢ per USD,ok,
2000-12-04,AUDGHS,Australian Dollar,Buying,429.8597,GH¢ per AUD,0.04298597,GH¢ per AUD,ok,
2000-12-04,AUDGHS,Australian Dollar,Selling,"3,755.0183",GH¢ per AUD,0.37550183,GH¢ per AUD,ok,
2000-12-04,AUDGHS,Australian Dollar,Mid Rate,"2,092.4390",GH¢ per AUD,0.2092439,GH¢ per AUD,ok,
2000-12-04,CADGHS,Canadian Dollar,Buying,"4,360.3645",GH¢ per CAD,0.43603645,GH¢ per CAD,ok,
2000-12-04,CADGHS,Canadian Dollar,Selling,"4,491.0874",GH¢ per CAD,0.44910874,GH¢ per CAD,ok,
2000-12-04,CADGHS,Canadian Dollar,Mid Rate,"4,425.7260",GH¢ per CAD,0.4425726,GH¢ per CAD,ok,
2000-12-04,CHFGHS,Swiss Franc,Buying,"3,901.6284",GH¢ per CHF,0.39016284,GH¢ per CHF,ok,
2000-12-04,CHFGHS,Swiss Franc,Selling,"4,018.7791",GH¢ per CHF,0.40187791,GH¢ per CHF,ok,
2000-12-04,CHFGHS,Swiss Franc,Mid Rate,"3,960.2038",GH¢ per CHF,0.39602038,GH¢ per CHF,ok,
2000-12-04,DKKGHS,Danish Krone,Buying,793.4724,GH¢ per DKK,0.07934724,GH¢ per DKK,ok,
2000-12-04,DKKGHS,Danish Krone,Selling,817.1864,GH¢ per DKK,0.08171864,GH¢ per DKK,ok,
2000-12-04,DKKGHS,Danish Krone,Mid Rate,805.3294,GH¢ per DKK,0.08053294,GH¢ per DKK,ok,
2000-12-04,GBPGHS,Pound Sterling,Buying,"9,683.0614",GH¢ per GBP,0.96830614,GH¢ per GBP,ok,
2000-12-04,GBPGHS,Pound Sterling,Selling,"9,981.4416",GH¢ per GBP,0.99814416,GH¢ per GBP,ok,
2000-12-04,GBPGHS,Pound Sterling,Mid Rate,"9,832.2515",GH¢ per GBP,0.98322515,GH¢ per GBP,ok,
2000-12-04,JPYGHS,Japanese yen,Buying,60.6404,GH¢ per JPY,0.00606404,GH¢ per JPY,ok,
2000-12-04,JPYGHS,Japanese yen,Selling,62.4621,GH¢ per JPY,0.00624621,GH¢ per JPY,ok,
2000-12-04,JPYGHS,Japanese yen,Mid Rate,61.5513,GH¢ per JPY,0.00615513,GH¢ per JPY,ok,
2000-12-04,NOKGHS,Norwegian Krone,Buying,729.9927,GH¢ per NOK,0.07299927,GH¢ per NOK,ok,
2000-12-04,NOKGHS,Norwegian Krone,Selling,751.7221,GH¢ per NOK,0.07517221,GH¢ per NOK,ok,
2000-12-04,NOKGHS,Norwegian Krone,Mid Rate,740.8574,GH¢ per NOK,0.07408574,GH¢ per NOK,ok,
2000-12-04,SEKGHS,Swedish Krona,Buying,683.0457,GH¢ per SEK,0.06830457,GH¢ per SEK,ok,
2000-12-04,SEKGHS,Swedish Krona,Selling,702.8887,GH¢ per SEK,0.07028887,GH¢ per SEK,ok,
2000-12-04,SEKGHS,Swedish Krona,Mid Rate,692.9672,GH¢ per SEK,0.06929672,GH¢ per SEK,ok,
2000-12-05,USDGHS,US Dollar,Buying,"6,737.3600",GH¢ per USD,0.673736,GH¢ per USD,ok,
2000-12-05,USDGHS,US Dollar,Selling,"6,943.9100",GH¢ per USD,0.694391,GH¢ per USD,ok,
2000-12-05,USDGHS,US Dollar,Mid Rate,"6,840.6350",GH¢ per USD,0.6840635,GH¢ per USD,ok,
2000-12-05,AUDGHS,Australian Dollar,Buying,434.7698,GH¢ per AUD,0.04347698,GH¢ per AUD,ok,
2000-12-05,AUDGHS,Australian Dollar,Selling,"3,774.6809",GH¢ per AUD,0.37746809,GH¢ per AUD,ok,
2000-12-05,AUDGHS,Australian Dollar,Mid Rate,"2,104.7254",GH¢ per AUD,0.21047254,GH¢ per AUD,ok,
2000-12-05,CADGHS,Canadian Dollar,Buying,"4,377.1134",GH¢ per CAD,0.43771134,GH¢ per CAD,ok,
2000-12-05,CADGHS,Canadian Dollar,Selling,"4,506.4977",GH¢ per CAD,0.45064977,GH¢ per CAD,ok,
2000-12-05,CADGHS,Canadian Dollar,Mid Rate,"4,441.8056",GH¢ per CAD,0.44418056,GH¢ per CAD,ok,
2000-12-05,CHFGHS,Swiss Franc,Buying,"3,964.9682",GH¢ per CHF,0.39649682,GH¢ per CHF,ok,
2000-12-05,CHFGHS,Swiss Franc,Selling,"4,082.5198",GH¢ per CHF,0.40825198,GH¢ per CHF,ok,
2000-12-05,CHFGHS,Swiss Franc,Mid Rate,"4,023.7440",GH¢ per CHF,0.4023744,GH¢ per CHF,ok,
2000-12-05,DKKGHS,Danish Krone,Buying,802.9990,GH¢ per DKK,0.0802999,GH¢ per DKK,ok,
2000-12-05,DKKGHS,Danish Krone,Selling,827.1251,GH¢ per DKK,0.08271251,GH¢ per DKK,ok,
2000-12-05,DKKGHS,Danish Krone,Mid Rate,815.0621,GH¢ per DKK,0.08150621,GH¢ per DKK,ok,
2000-12-05,GBPGHS,Pound Sterling,Buying,"9,781.9730",GH¢ per GBP,0.9781973,GH¢ per GBP,ok,
2000-12-05,GBPGHS,Pound Sterling,Selling,"10,084.6405",GH¢ per GBP,1.00846405,GH¢ per GBP,ok,
2000-12-05,GBPGHS,Pound Sterling,Mid Rate,"9,933.3068",GH¢ per GBP,0.99333068,GH¢ per GBP,ok,
2000-12-05,JPYGHS,Japanese yen,Buying,60.9241,GH¢ per JPY,0.00609241,GH¢ per JPY,ok,
2000-12-05,JPYGHS,Japanese yen,Selling,62.7623,GH¢ per JPY,0.00627623,GH¢ per JPY,ok,
2000-12-05,JPYGHS,Japanese yen,Mid Rate,61.8432,GH¢ per JPY,0.00618432,GH¢ per JPY,ok,
2000-12-05,NOKGHS,Norwegian Krone,Buying,735.0667,GH¢ per NOK,0.07350667,GH¢ per NOK,ok,
2000-12-05,NOKGHS,Norwegian Krone,Selling,756.8779,GH¢ per NOK,0.07568779,GH¢ per NOK,ok,
2000-12-05,NOKGHS,Norwegian Krone,Mid Rate,745.9723,GH¢ per NOK,0.07459723,GH¢ per NOK,ok,
2000-12-05,SEKGHS,Swedish Krona,Buying,695.7603,GH¢ per SEK,0.06957603,GH¢ per SEK,ok,
2000-12-05,SEKGHS,Swedish Krona,Selling,716.0556,GH¢ per SEK,0.07160556,GH¢ per SEK,ok,
2000-12-05,SEKGHS,Swedish Krona,Mid Rate,705.9080,GH¢ per SEK,0.0705908,GH¢ per SEK,ok,
2000-12-06,USDGHS,US Dollar,Buying,"6,753.3600",GH¢ per USD,0.675336,GH¢ per USD,ok,
2000-12-06,USDGHS,US Dollar,Selling,"6,959.9100",GH¢ per USD,0.695991,GH¢ per USD,ok,
2000-12-06,USDGHS,US Dollar,Mid Rate,"6,856.6350",GH¢ per USD,0.6856635,GH¢ per USD,ok,
2000-12-06,AUDGHS,Australian Dollar,Buying,432.8177,GH¢ per AUD,0.04328177,GH¢ per AUD,ok,
2000-12-06,AUDGHS,Australian Dollar,Selling,"3,787.5267",GH¢ per AUD,0.37875267,GH¢ per AUD,ok,
2000-12-06,AUDGHS,Australian Dollar,Mid Rate,"2,110.1722",GH¢ per AUD,0.21101722,GH¢ per AUD,ok,
2000-12-06,CADGHS,Canadian Dollar,Buying,"4,384.9539",GH¢ per CAD,0.43849539,GH¢ per CAD,ok,
2000-12-06,CADGHS,Canadian Dollar,Selling,"4,515.7083",GH¢ per CAD,0.45157083,GH¢ per CAD,ok,
2000-12-06,CADGHS,Canadian Dollar,Mid Rate,"4,450.3311",GH¢ per CAD,0.44503311,GH¢ per CAD,ok,
2000-12-06,CHFGHS,Swiss Franc,Buying,"3,943.0731",GH¢ per CHF,0.39430731,GH¢ per CHF,ok,
2000-12-06,CHFGHS,Swiss Franc,Selling,"4,062.1383",GH¢ per CHF,0.40621383,GH¢ per CHF,ok,
2000-12-06,CHFGHS,Swiss Franc,Mid Rate,"4,002.6057",GH¢ per CHF,0.40026057,GH¢ per CHF,ok,
2000-12-06,DKKGHS,Danish Krone,Buying,798.8066,GH¢ per DKK,0.07988066,GH¢ per DKK,ok,
2000-12-06,DKKGHS,Danish Krone,Selling,822.8888,GH¢ per DKK,0.08228888,GH¢ per DKK,ok,
2000-12-06,DKKGHS,Danish Krone,Mid Rate,810.8477,GH¢ per DKK,0.08108477,GH¢ per DKK,ok,
2000-12-06,GBPGHS,Pound Sterling,Buying,"9,703.9030",GH¢ per GBP,0.9703903,GH¢ per GBP,ok,
2000-12-06,GBPGHS,Pound Sterling,Selling,"10,001.3907",GH¢ per GBP,1.00013907,GH¢ per GBP,ok,
2000-12-06,GBPGHS,Pound Sterling,Mid Rate,"9,852.6469",GH¢ per GBP,0.98526469,GH¢ per GBP,ok,
2000-12-06,JPYGHS,Japanese yen,Buying,60.9925,GH¢ per JPY,0.00609925,GH¢ per JPY,ok,
2000-12-06,JPYGHS,Japanese yen,Selling,62.8149,GH¢ per JPY,0.00628149,GH¢ per JPY,ok,
2000-12-06,JPYGHS,Japanese yen,Mid Rate,61.9037,GH¢ per JPY,0.00619037,GH¢ per JPY,ok,
2000-12-06,NOKGHS,Norwegian Krone,Buying,737.3899,GH¢ per NOK,0.07373899,GH¢ per NOK,ok,
2000-12-06,NOKGHS,Norwegian Krone,Selling,759.4820,GH¢ per NOK,0.0759482,GH¢ per NOK,ok,
2000-12-06,NOKGHS,Norwegian Krone,Mid Rate,748.4360,GH¢ per NOK,0.0748436,GH¢ per NOK,ok,
2000-12-06,SEKGHS,Swedish Krona,Buying,695.7500,GH¢ per SEK,0.069575,GH¢ per SEK,ok,
2000-12-06,SEKGHS,Swedish Krona,Selling,716.2422,GH¢ per SEK,0.07162422,GH¢ per SEK,ok,
2000-12-06,SEKGHS,Swedish Krona,Mid Rate,705.9961,GH¢ per SEK,0.07059961,GH¢ per SEK,ok,
2000-12-07,USDGHS,US Dollar,Buying,"6,755.7300",GH¢ per USD,0.675573,GH¢ per USD,ok,
2000-12-07,USDGHS,US Dollar,Selling,"6,961.3600",GH¢ per USD,0.696136,GH¢ per USD,ok,
2000-12-07,USDGHS,US Dollar,Mid Rate,"6,858.5450",GH¢ per USD,0.6858545,GH¢ per USD,ok,
2000-12-07,AUDGHS,Australian Dollar,Buying,440.2474,GH¢ per AUD,0.04402474,GH¢ per AUD,ok,
2000-12-07,AUDGHS,Australian Dollar,Selling,"3,833.2345",GH¢ per AUD,0.38332345,GH¢ per AUD,ok,
2000-12-07,AUDGHS,Australian Dollar,Mid Rate,"2,136.7410",GH¢ per AUD,0.2136741,GH¢ per AUD,ok,
2000-12-07,CADGHS,Canadian Dollar,Buying,"4,420.4310",GH¢ per CAD,0.4420431,GH¢ per CAD,ok,
2000-12-07,CADGHS,Canadian Dollar,Selling,"4,554.8318",GH¢ per CAD,0.45548318,GH¢ per CAD,ok,
2000-12-07,CADGHS,Canadian Dollar,Mid Rate,"4,487.6314",GH¢ per CAD,0.44876314,GH¢ per CAD,ok,
2000-12-07,CHFGHS,Swiss Franc,Buying,"3,995.0627",GH¢ per CHF,0.39950627,GH¢ per CHF,ok,
2000-12-07,CHFGHS,Swiss Franc,Selling,"4,116.6487",GH¢ per CHF,0.41166487,GH¢ per CHF,ok,
2000-12-07,CHFGHS,Swiss Franc,Mid Rate,"4,055.8557",GH¢ per CHF,0.40558557,GH¢ per CHF,ok,
2000-12-07,DKKGHS,Danish Krone,Buying,812.4413,GH¢ per DKK,0.08124413,GH¢ per DKK,ok,
2000-12-07,DKKGHS,Danish Krone,Selling,837.2897,GH¢ per DKK,0.08372897,GH¢ per DKK,ok,
2000-12-07,DKKGHS,Danish Krone,Mid Rate,824.8655,GH¢ per DKK,0.08248655,GH¢ per DKK,ok,
2000-12-07,GBPGHS,Pound Sterling,Buying,"9,764.7321",GH¢ per GBP,0.97647321,GH¢ per GBP,ok,
2000-12-07,GBPGHS,Pound Sterling,Selling,"10,068.9111",GH¢ per GBP,1.00689111,GH¢ per GBP,ok,
2000-12-07,GBPGHS,Pound Sterling,Mid Rate,"9,916.8216",GH¢ per GBP,0.99168216,GH¢ per GBP,ok,
2000-12-07,JPYGHS,Japanese yen,Buying,61.2516,GH¢ per JPY,0.00612516,GH¢ per JPY,ok,
2000-12-07,JPYGHS,Japanese yen,Selling,63.1121,GH¢ per JPY,0.00631121,GH¢ per JPY,ok,
2000-12-07,JPYGHS,Japanese yen,Mid Rate,62.1819,GH¢ per JPY,0.00621819,GH¢ per JPY,ok,
2000-12-07,NOKGHS,Norwegian Krone,Buying,749.9218,GH¢ per NOK,0.07499218,GH¢ per NOK,ok,
2000-12-07,NOKGHS,Norwegian Krone,Selling,772.3157,GH¢ per NOK,0.07723157,GH¢ per NOK,ok,
2000-12-07,NOKGHS,Norwegian Krone,Mid Rate,761.1188,GH¢ per NOK,0.07611188,GH¢ per NOK,ok,
2000-12-07,SEKGHS,Swedish Krona,Buying,707.2562,GH¢ per SEK,0.07072562,GH¢ per SEK,ok,
2000-12-07,SEKGHS,Swedish Krona,Selling,728.0222,GH¢ per SEK,0.07280222,GH¢ per SEK,ok,
2000-12-07,SEKGHS,Swedish Krona,Mid Rate,717.6392,GH¢ per SEK,0.07176392,GH¢ per SEK,ok,
2000-12-08,USDGHS,US Dollar,Buying,"6,761.4500",GH¢ per USD,0.676145,GH¢ per USD,ok,
2000-12-08,USDGHS,US Dollar,Selling,"6,963.7300",GH¢ per USD,0.696373,GH¢ per USD,ok,
2000-12-08,USDGHS,US Dollar,Mid Rate,"6,862.5900",GH¢ per USD,0.686259,GH¢ per USD,ok,
2000-12-08,AUDGHS,Australian Dollar,Buying,435.9265,GH¢ per AUD,0.04359265,GH¢ per AUD,ok,
2000-12-08,AUDGHS,Australian Dollar,Selling,"3,813.6718",GH¢ per AUD,0.38136718,GH¢ per AUD,ok,
2000-12-08,AUDGHS,Australian Dollar,Mid Rate,"2,124.7992",GH¢ per AUD,0.21247992,GH¢ per AUD,ok,
2000-12-08,CADGHS,Canadian Dollar,Buying,"4,416.6648",GH¢ per CAD,0.44166648,GH¢ per CAD,ok,
2000-12-08,CADGHS,Canadian Dollar,Selling,"4,547.4208",GH¢ per CAD,0.45474208,GH¢ per CAD,ok,
2000-12-08,CADGHS,Canadian Dollar,Mid Rate,"4,482.0428",GH¢ per CAD,0.44820428,GH¢ per CAD,ok,
2000-12-08,CHFGHS,Swiss Franc,Buying,"3,971.5300",GH¢ per CHF,0.397153,GH¢ per CHF,ok,
2000-12-08,CHFGHS,Swiss Franc,Selling,"4,089.3514",GH¢ per CHF,0.40893514,GH¢ per CHF,ok,
2000-12-08,CHFGHS,Swiss Franc,Mid Rate,"4,030.4407",GH¢ per CHF,0.40304407,GH¢ per CHF,ok,
2000-12-08,DKKGHS,Danish Krone,Buying,805.1563,GH¢ per DKK,0.08051563,GH¢ per DKK,ok,
2000-12-08,DKKGHS,Danish Krone,Selling,828.9499,GH¢ per DKK,0.08289499,GH¢ per DKK,ok,
2000-12-08,DKKGHS,Danish Krone,Mid Rate,817.0531,GH¢ per DKK,0.08170531,GH¢ per DKK,ok,
2000-12-08,GBPGHS,Pound Sterling,Buying,"9,760.8292",GH¢ per GBP,0.97608292,GH¢ per GBP,ok,
2000-12-08,GBPGHS,Pound Sterling,Selling,"10,059.8044",GH¢ per GBP,1.00598044,GH¢ per GBP,ok,
2000-12-08,GBPGHS,Pound Sterling,Mid Rate,"9,910.3168",GH¢ per GBP,0.99103168,GH¢ per GBP,ok,
2000-12-08,JPYGHS,Japanese yen,Buying,61.1198,GH¢ per JPY,0.00611198,GH¢ per JPY,ok,
2000-12-08,JPYGHS,Japanese yen,Selling,62.9446,GH¢ per JPY,0.00629446,GH¢ per JPY,ok,
2000-12-08,JPYGHS,Japanese yen,Mid Rate,62.0322,GH¢ per JPY,0.00620322,GH¢ per JPY,ok,
2000-12-08,NOKGHS,Norwegian Krone,Buying,739.8099,GH¢ per NOK,0.07398099,GH¢ per NOK,ok,
2000-12-08,NOKGHS,Norwegian Krone,Selling,761.7717,GH¢ per NOK,0.07617717,GH¢ per NOK,ok,
2000-12-08,NOKGHS,Norwegian Krone,Mid Rate,750.7908,GH¢ per NOK,0.07507908,GH¢ per NOK,ok,
2000-12-08,SEKGHS,Swedish Krona,Buying,695.5278,GH¢ per SEK,0.06955278,GH¢ per SEK,ok,
2000-12-08,SEKGHS,Swedish Krona,Selling,715.6030,GH¢ per SEK,0.0715603,GH¢ per SEK,ok,
2000-12-08,SEKGHS,Swedish Krona,Mid Rate,705.5654,GH¢ per SEK,0.07055654,GH¢ per SEK,ok,
2000-12-11,USDGHS,US Dollar,Buying,"6,766.4500",GH¢ per USD,0.676645,GH¢ per USD,ok,
2000-12-11,USDGHS,US Dollar,Selling,"6,969.0000",GH¢ per USD,0.6969,GH¢ per USD,ok,
2000-12-11,USDGHS,US Dollar,Mid Rate,"6,867.7250",GH¢ per USD,0.6867725,GH¢ per USD,ok,
2000-12-11,AUDGHS,Australian Dollar,Buying,435.6196,GH¢ per AUD,0.04356196,GH¢ per AUD,ok,
2000-12-11,AUDGHS,Australian Dollar,Selling,"3,801.4568",GH¢ per AUD,0.38014568,GH¢ per AUD,ok,
2000-12-11,AUDGHS,Australian Dollar,Mid Rate,"2,118.5382",GH¢ per AUD,0.21185382,GH¢ per AUD,ok,
2000-12-11,CADGHS,Canadian Dollar,Buying,"4,456.9487",GH¢ per CAD,0.44569487,GH¢ per CAD,ok,
2000-12-11,CADGHS,Canadian Dollar,Selling,"4,588.6132",GH¢ per CAD,0.45886132,GH¢ per CAD,ok,
2000-12-11,CADGHS,Canadian Dollar,Mid Rate,"4,522.7810",GH¢ per CAD,0.4522781,GH¢ per CAD,ok,
2000-12-11,CHFGHS,Swiss Franc,Buying,"3,969.4784",GH¢ per CHF,0.39694784,GH¢ per CHF,ok,
2000-12-11,CHFGHS,Swiss Franc,Selling,"4,086.9636",GH¢ per CHF,0.40869636,GH¢ per CHF,ok,
2000-12-11,CHFGHS,Swiss Franc,Mid Rate,"4,028.2210",GH¢ per CHF,0.4028221,GH¢ per CHF,ok,
2000-12-11,DKKGHS,Danish Krone,Buying,804.5189,GH¢ per DKK,0.08045189,GH¢ per DKK,ok,
2000-12-11,DKKGHS,Danish Krone,Selling,827.9943,GH¢ per DKK,0.08279943,GH¢ per DKK,ok,
2000-12-11,DKKGHS,Danish Krone,Mid Rate,816.2566,GH¢ per DKK,0.08162566,GH¢ per DKK,ok,
2000-12-11,GBPGHS,Pound Sterling,Buying,"9,770.0772",GH¢ per GBP,0.97700772,GH¢ per GBP,ok,
2000-12-11,GBPGHS,Pound Sterling,Selling,"10,067.4174",GH¢ per GBP,1.00674174,GH¢ per GBP,ok,
2000-12-11,GBPGHS,Pound Sterling,Mid Rate,"9,918.7473",GH¢ per GBP,0.99187473,GH¢ per GBP,ok,
2000-12-11,JPYGHS,Japanese yen,Buying,61.0134,GH¢ per JPY,0.00610134,GH¢ per JPY,ok,
2000-12-11,JPYGHS,Japanese yen,Selling,62.8232,GH¢ per JPY,0.00628232,GH¢ per JPY,ok,
2000-12-11,JPYGHS,Japanese yen,Mid Rate,61.9183,GH¢ per JPY,0.00619183,GH¢ per JPY,ok,
2000-12-11,NOKGHS,Norwegian Krone,Buying,741.4943,GH¢ per NOK,0.07414943,GH¢ per NOK,ok,
2000-12-11,NOKGHS,Norwegian Krone,Selling,763.1167,GH¢ per NOK,0.07631167,GH¢ per NOK,ok,
2000-12-11,NOKGHS,Norwegian Krone,Mid Rate,752.3055,GH¢ per NOK,0.07523055,GH¢ per NOK,ok,
2000-12-11,SEKGHS,Swedish Krona,Buying,697.8128,GH¢ per SEK,0.06978128,GH¢ per SEK,ok,
2000-12-11,SEKGHS,Swedish Krona,Selling,717.9116,GH¢ per SEK,0.07179116,GH¢ per SEK,ok,
2000-12-11,SEKGHS,Swedish Krona,Mid Rate,707.8622,GH¢ per SEK,0.07078622,GH¢ per SEK,ok,
2000-12-12,USDGHS,US Dollar,Buying,"6,767.3600",GH¢ per USD,0.676736,GH¢ per USD,ok,
2000-12-12,USDGHS,US Dollar,Selling,"6,969.9100",GH¢ per USD,0.696991,GH¢ per USD,ok,
2000-12-12,USDGHS,US Dollar,Mid Rate,"6,868.6350",GH¢ per USD,0.6868635,GH¢ per USD,ok,
2000-12-12,AUDGHS,Australian Dollar,Buying,432.9432,GH¢ per AUD,0.04329432,GH¢ per AUD,ok,
2000-12-12,AUDGHS,Australian Dollar,Selling,"3,769.8341",GH¢ per AUD,0.37698341,GH¢ per AUD,ok,
2000-12-12,AUDGHS,Australian Dollar,Mid Rate,"2,101.3887",GH¢ per AUD,0.21013887,GH¢ per AUD,ok,
2000-12-12,CADGHS,Canadian Dollar,Buying,"4,442.2427",GH¢ per CAD,0.44422427,GH¢ per CAD,ok,
2000-12-12,CADGHS,Canadian Dollar,Selling,"4,569.3375",GH¢ per CAD,0.45693375,GH¢ per CAD,ok,
2000-12-12,CADGHS,Canadian Dollar,Mid Rate,"4,505.7901",GH¢ per CAD,0.45057901,GH¢ per CAD,ok,
2000-12-12,CHFGHS,Swiss Franc,Buying,"3,968.8113",GH¢ per CHF,0.39688113,GH¢ per CHF,ok,
2000-12-12,CHFGHS,Swiss Franc,Selling,"4,083.7696",GH¢ per CHF,0.40837696,GH¢ per CHF,ok,
2000-12-12,CHFGHS,Swiss Franc,Mid Rate,"4,026.2905",GH¢ per CHF,0.40262905,GH¢ per CHF,ok,
2000-12-12,DKKGHS,Danish Krone,Buying,799.0124,GH¢ per DKK,0.07990124,GH¢ per DKK,ok,
2000-12-12,DKKGHS,Danish Krone,Selling,822.1773,GH¢ per DKK,0.08221773,GH¢ per DKK,ok,
2000-12-12,DKKGHS,Danish Krone,Mid Rate,810.5949,GH¢ per DKK,0.08105949,GH¢ per DKK,ok,
2000-12-12,GBPGHS,Pound Sterling,Buying,"9,857.3366",GH¢ per GBP,0.98573366,GH¢ per GBP,ok,
2000-12-12,GBPGHS,Pound Sterling,Selling,"10,153.0679",GH¢ per GBP,1.01530679,GH¢ per GBP,ok,
2000-12-12,GBPGHS,Pound Sterling,Mid Rate,"10,005.2023",GH¢ per GBP,1.00052023,GH¢ per GBP,ok,
2000-12-12,JPYGHS,Japanese yen,Buying,60.8140,GH¢ per JPY,0.0060814,GH¢ per JPY,ok,
2000-12-12,JPYGHS,Japanese yen,Selling,62.5921,GH¢ per JPY,0.00625921,GH¢ per JPY,ok,
2000-12-12,JPYGHS,Japanese yen,Mid Rate,61.7031,GH¢ per JPY,0.00617031,GH¢ per JPY,ok,
2000-12-12,NOKGHS,Norwegian Krone,Buying,737.5099,GH¢ per NOK,0.07375099,GH¢ per NOK,ok,
2000-12-12,NOKGHS,Norwegian Krone,Selling,758.7051,GH¢ per NOK,0.07587051,GH¢ per NOK,ok,
2000-12-12,NOKGHS,Norwegian Krone,Mid Rate,748.1075,GH¢ per NOK,0.07481075,GH¢ per NOK,ok,
2000-12-12,SEKGHS,Swedish Krona,Buying,701.5249,GH¢ per SEK,0.07015249,GH¢ per SEK,ok,
2000-12-12,SEKGHS,Swedish Krona,Selling,721.3240,GH¢ per SEK,0.0721324,GH¢ per SEK,ok,
2000-12-12,SEKGHS,Swedish Krona,Mid Rate,711.4245,GH¢ per SEK,0.07114245,GH¢ per SEK,ok,
2000-12-13,USDGHS,US Dollar,Buying,"6,768.8200",GH¢ per USD,0.676882,GH¢ per USD,ok,
2000-12-13,USDGHS,US Dollar,Selling,"6,971.3600",GH¢ per USD,0.697136,GH¢ per USD,ok,
2000-12-13,USDGHS,US Dollar,Mid Rate,"6,870.0900",GH¢ per USD,0.687009,GH¢ per USD,ok,
2000-12-13,AUDGHS,Australian Dollar,Buying,429.9266,GH¢ per AUD,0.04299266,GH¢ per AUD,ok,
2000-12-13,AUDGHS,Australian Dollar,Selling,"3,774.3445",GH¢ per AUD,0.37743445,GH¢ per AUD,ok,
2000-12-13,AUDGHS,Australian Dollar,Mid Rate,"2,102.1356",GH¢ per AUD,0.21021356,GH¢ per AUD,ok,
2000-12-13,CADGHS,Canadian Dollar,Buying,"4,433.5296",GH¢ per CAD,0.44335296,GH¢ per CAD,ok,
2000-12-13,CADGHS,Canadian Dollar,Selling,"4,564.7686",GH¢ per CAD,0.45647686,GH¢ per CAD,ok,
2000-12-13,CADGHS,Canadian Dollar,Mid Rate,"4,499.1491",GH¢ per CAD,0.44991491,GH¢ per CAD,ok,
2000-12-13,CHFGHS,Swiss Franc,Buying,"3,929.4770",GH¢ per CHF,0.3929477,GH¢ per CHF,ok,
2000-12-13,CHFGHS,Swiss Franc,Selling,"4,044.6067",GH¢ per CHF,0.40446067,GH¢ per CHF,ok,
2000-12-13,CHFGHS,Swiss Franc,Mid Rate,"3,987.0419",GH¢ per CHF,0.39870419,GH¢ per CHF,ok,
2000-12-13,DKKGHS,Danish Krone,Buying,793.6871,GH¢ per DKK,0.07936871,GH¢ per DKK,ok,
2000-12-13,DKKGHS,Danish Krone,Selling,817.0532,GH¢ per DKK,0.08170532,GH¢ per DKK,ok,
2000-12-13,DKKGHS,Danish Krone,Mid Rate,805.3702,GH¢ per DKK,0.08053702,GH¢ per DKK,ok,
2000-12-13,GBPGHS,Pound Sterling,Buying,"9,798.5438",GH¢ per GBP,0.97985438,GH¢ per GBP,ok,
2000-12-13,GBPGHS,Pound Sterling,Selling,"10,094.5293",GH¢ per GBP,1.00945293,GH¢ per GBP,ok,
2000-12-13,GBPGHS,Pound Sterling,Mid Rate,"9,946.5366",GH¢ per GBP,0.99465366,GH¢ per GBP,ok,
2000-12-13,JPYGHS,Japanese yen,Buying,60.1322,GH¢ per JPY,0.00601322,GH¢ per JPY,ok,
2000-12-13,JPYGHS,Japanese yen,Selling,61.9030,GH¢ per JPY,0.0061903,GH¢ per JPY,ok,
2000-12-13,JPYGHS,Japanese yen,Mid Rate,61.0176,GH¢ per JPY,0.00610176,GH¢ per JPY,ok,
2000-12-13,NOKGHS,Norwegian Krone,Buying,731.9994,GH¢ per NOK,0.07319994,GH¢ per NOK,ok,
2000-12-13,NOKGHS,Norwegian Krone,Selling,753.7393,GH¢ per NOK,0.07537393,GH¢ per NOK,ok,
2000-12-13,NOKGHS,Norwegian Krone,Mid Rate,742.8694,GH¢ per NOK,0.07428694,GH¢ per NOK,ok,
2000-12-13,SEKGHS,Swedish Krona,Buying,693.3341,GH¢ per SEK,0.06933341,GH¢ per SEK,ok,
2000-12-13,SEKGHS,Swedish Krona,Selling,713.3489,GH¢ per SEK,0.07133489,GH¢ per SEK,ok,
2000-12-13,SEKGHS,Swedish Krona,Mid Rate,703.3415,GH¢ per SEK,0.07033415,GH¢ per SEK,ok,
2000-12-14,USDGHS,US Dollar,Buying,"6,771.7300",GH¢ per USD,0.677173,GH¢ per USD,ok,
2000-12-14,USDGHS,US Dollar,Selling,"6,971.4500",GH¢ per USD,0.697145,GH¢ per USD,ok,
2000-12-14,USDGHS,US Dollar,Mid Rate,"6,871.5900",GH¢ per USD,0.687159,GH¢ per USD,ok,
2000-12-14,AUDGHS,Australian Dollar,Buying,435.3504,GH¢ per AUD,0.04353504,GH¢ per AUD,ok,
2000-12-14,AUDGHS,Australian Dollar,Selling,"3,784.7315",GH¢ per AUD,0.37847315,GH¢ per AUD,ok,
2000-12-14,AUDGHS,Australian Dollar,Mid Rate,"2,110.0410",GH¢ per AUD,0.2110041,GH¢ per AUD,ok,
2000-12-14,CADGHS,Canadian Dollar,Buying,"4,460.9701",GH¢ per CAD,0.44609701,GH¢ per CAD,ok,
2000-12-14,CADGHS,Canadian Dollar,Selling,"4,590.4809",GH¢ per CAD,0.45904809,GH¢ per CAD,ok,
2000-12-14,CADGHS,Canadian Dollar,Mid Rate,"4,525.7255",GH¢ per CAD,0.45257255,GH¢ per CAD,ok,
2000-12-14,CHFGHS,Swiss Franc,Buying,"3,978.9111",GH¢ per CHF,0.39789111,GH¢ per CHF,ok,
2000-12-14,CHFGHS,Swiss Franc,Selling,"4,093.2079",GH¢ per CHF,0.40932079,GH¢ per CHF,ok,
2000-12-14,CHFGHS,Swiss Franc,Mid Rate,"4,036.0595",GH¢ per CHF,0.40360595,GH¢ per CHF,ok,
2000-12-14,DKKGHS,Danish Krone,Buying,803.4619,GH¢ per DKK,0.08034619,GH¢ per DKK,ok,
2000-12-14,DKKGHS,Danish Krone,Selling,826.8494,GH¢ per DKK,0.08268494,GH¢ per DKK,ok,
2000-12-14,DKKGHS,Danish Krone,Mid Rate,815.1557,GH¢ per DKK,0.08151557,GH¢ per DKK,ok,
2000-12-14,GBPGHS,Pound Sterling,Buying,"9,915.8442",GH¢ per GBP,0.99158442,GH¢ per GBP,ok,
2000-12-14,GBPGHS,Pound Sterling,Selling,"10,209.6885",GH¢ per GBP,1.02096885,GH¢ per GBP,ok,
2000-12-14,GBPGHS,Pound Sterling,Mid Rate,"10,062.7664",GH¢ per GBP,1.00627664,GH¢ per GBP,ok,
2000-12-14,JPYGHS,Japanese yen,Buying,60.2274,GH¢ per JPY,0.00602274,GH¢ per JPY,ok,
2000-12-14,JPYGHS,Japanese yen,Selling,61.9670,GH¢ per JPY,0.0061967,GH¢ per JPY,ok,
2000-12-14,JPYGHS,Japanese yen,Mid Rate,61.0972,GH¢ per JPY,0.00610972,GH¢ per JPY,ok,
2000-12-14,NOKGHS,Norwegian Krone,Buying,738.3134,GH¢ per NOK,0.07383134,GH¢ per NOK,ok,
2000-12-14,NOKGHS,Norwegian Krone,Selling,759.5703,GH¢ per NOK,0.07595703,GH¢ per NOK,ok,
2000-12-14,NOKGHS,Norwegian Krone,Mid Rate,748.9419,GH¢ per NOK,0.07489419,GH¢ per NOK,ok,
2000-12-14,SEKGHS,Swedish Krona,Buying,698.9979,GH¢ per SEK,0.06989979,GH¢ per SEK,ok,
2000-12-14,SEKGHS,Swedish Krona,Selling,718.7745,GH¢ per SEK,0.07187745,GH¢ per SEK,ok,
2000-12-14,SEKGHS,Swedish Krona,Mid Rate,708.8862,GH¢ per SEK,0.07088862,GH¢ per SEK,ok,
2000-12-15,USDGHS,US Dollar,Buying,"6,774.7300",GH¢ per USD,0.677473,GH¢ per USD,ok,
2000-12-15,USDGHS,US Dollar,Selling,"6,975.0900",GH¢ per USD,0.697509,GH¢ per USD,ok,
2000-12-15,USDGHS,US Dollar,Mid Rate,"6,874.9100",GH¢ per USD,0.687491,GH¢ per USD,ok,
2000-12-15,AUDGHS,Australian Dollar,Buying,440.2572,GH¢ per AUD,0.04402572,GH¢ per AUD,ok,
2000-12-15,AUDGHS,Australian Dollar,Selling,"3,812.2996",GH¢ per AUD,0.38122996,GH¢ per AUD,ok,
2000-12-15,AUDGHS,Australian Dollar,Mid Rate,"2,126.2784",GH¢ per AUD,0.21262784,GH¢ per AUD,ok,
2000-12-15,CADGHS,Canadian Dollar,Buying,"4,469.7560",GH¢ per CAD,0.4469756,GH¢ per CAD,ok,
2000-12-15,CADGHS,Canadian Dollar,Selling,"4,600.7440",GH¢ per CAD,0.4600744,GH¢ per CAD,ok,
2000-12-15,CADGHS,Canadian Dollar,Mid Rate,"4,535.2500",GH¢ per CAD,0.453525,GH¢ per CAD,ok,
2000-12-15,CHFGHS,Swiss Franc,Buying,"4,018.6764",GH¢ per CHF,0.40186764,GH¢ per CHF,ok,
2000-12-15,CHFGHS,Swiss Franc,Selling,"4,136.6712",GH¢ per CHF,0.41366712,GH¢ per CHF,ok,
2000-12-15,CHFGHS,Swiss Franc,Mid Rate,"4,077.6738",GH¢ per CHF,0.40776738,GH¢ per CHF,ok,
2000-12-15,DKKGHS,Danish Krone,Buying,812.4910,GH¢ per DKK,0.0812491,GH¢ per DKK,ok,
2000-12-15,DKKGHS,Danish Krone,Selling,836.6657,GH¢ per DKK,0.08366657,GH¢ per DKK,ok,
2000-12-15,DKKGHS,Danish Krone,Mid Rate,824.5784,GH¢ per DKK,0.08245784,GH¢ per DKK,ok,
2000-12-15,GBPGHS,Pound Sterling,Buying,"9,979.1773",GH¢ per GBP,0.99791773,GH¢ per GBP,ok,
2000-12-15,GBPGHS,Pound Sterling,Selling,"10,281.2827",GH¢ per GBP,1.02812827,GH¢ per GBP,ok,
2000-12-15,GBPGHS,Pound Sterling,Mid Rate,"10,130.2300",GH¢ per GBP,1.013023,GH¢ per GBP,ok,
2000-12-15,JPYGHS,Japanese yen,Buying,60.2535,GH¢ per JPY,0.00602535,GH¢ per JPY,ok,
2000-12-15,JPYGHS,Japanese yen,Selling,62.0326,GH¢ per JPY,0.00620326,GH¢ per JPY,ok,
2000-12-15,JPYGHS,Japanese yen,Mid Rate,61.1431,GH¢ per JPY,0.00611431,GH¢ per JPY,ok,
2000-12-15,NOKGHS,Norwegian Krone,Buying,745.1485,GH¢ per NOK,0.07451485,GH¢ per NOK,ok,
2000-12-15,NOKGHS,Norwegian Krone,Selling,766.7621,GH¢ per NOK,0.07667621,GH¢ per NOK,ok,
2000-12-15,NOKGHS,Norwegian Krone,Mid Rate,755.9553,GH¢ per NOK,0.07559553,GH¢ per NOK,ok,
2000-12-15,SEKGHS,Swedish Krona,Buying,705.8458,GH¢ per SEK,0.07058458,GH¢ per SEK,ok,
2000-12-15,SEKGHS,Swedish Krona,Selling,725.9665,GH¢ per SEK,0.07259665,GH¢ per SEK,ok,
2000-12-15,SEKGHS,Swedish Krona,Mid Rate,715.9062,GH¢ per SEK,0.07159062,GH¢ per SEK,ok,
2000-12-18,USDGHS,US Dollar,Buying,"6,776.8200",GH¢ per USD,0.677682,GH¢ per USD,ok,
2000-12-18,USDGHS,US Dollar,Selling,"6,977.2700",GH¢ per USD,0.697727,GH¢ per USD,ok,
2000-12-18,USDGHS,US Dollar,Mid Rate,"6,877.0450",GH¢ per USD,0.6877045,GH¢ per USD,ok,
2000-12-18,AUDGHS,Australian Dollar,Buying,442.5419,GH¢ per AUD,0.04425419,GH¢ per AUD,ok,
2000-12-18,AUDGHS,Australian Dollar,Selling,"3,807.8560",GH¢ per AUD,0.3807856,GH¢ per AUD,ok,
2000-12-18,AUDGHS,Australian Dollar,Mid Rate,"2,125.1990",GH¢ per AUD,0.2125199,GH¢ per AUD,ok,
2000-12-18,CADGHS,Canadian Dollar,Buying,"4,457.2981",GH¢ per CAD,0.44572981,GH¢ per CAD,ok,
2000-12-18,CADGHS,Canadian Dollar,Selling,"4,588.7726",GH¢ per CAD,0.45887726,GH¢ per CAD,ok,
2000-12-18,CADGHS,Canadian Dollar,Mid Rate,"4,523.0354",GH¢ per CAD,0.45230354,GH¢ per CAD,ok,
2000-12-18,CHFGHS,Swiss Franc,Buying,"4,046.3045",GH¢ per CHF,0.40463045,GH¢ per CHF,ok,
2000-12-18,CHFGHS,Swiss Franc,Selling,"4,165.9468",GH¢ per CHF,0.41659468,GH¢ per CHF,ok,
2000-12-18,CHFGHS,Swiss Franc,Mid Rate,"4,106.1257",GH¢ per CHF,0.41061257,GH¢ per CHF,ok,
2000-12-18,DKKGHS,Danish Krone,Buying,816.6390,GH¢ per DKK,0.0816639,GH¢ per DKK,ok,
2000-12-18,DKKGHS,Danish Krone,Selling,840.8832,GH¢ per DKK,0.08408832,GH¢ per DKK,ok,
2000-12-18,DKKGHS,Danish Krone,Mid Rate,828.7611,GH¢ per DKK,0.08287611,GH¢ per DKK,ok,
2000-12-18,GBPGHS,Pound Sterling,Buying,"10,005.2970",GH¢ per GBP,1.0005297,GH¢ per GBP,ok,
2000-12-18,GBPGHS,Pound Sterling,Selling,"10,308.2187",GH¢ per GBP,1.03082187,GH¢ per GBP,ok,
2000-12-18,GBPGHS,Pound Sterling,Mid Rate,"10,156.7579",GH¢ per GBP,1.01567579,GH¢ per GBP,ok,
2000-12-18,JPYGHS,Japanese yen,Buying,60.2040,GH¢ per JPY,0.0060204,GH¢ per JPY,ok,
2000-12-18,JPYGHS,Japanese yen,Selling,61.9820,GH¢ per JPY,0.0061982,GH¢ per JPY,ok,
2000-12-18,JPYGHS,Japanese yen,Mid Rate,61.0930,GH¢ per JPY,0.0061093,GH¢ per JPY,ok,
2000-12-18,NOKGHS,Norwegian Krone,Buying,750.9117,GH¢ per NOK,0.07509117,GH¢ per NOK,ok,
2000-12-18,NOKGHS,Norwegian Krone,Selling,773.1647,GH¢ per NOK,0.07731647,GH¢ per NOK,ok,
2000-12-18,NOKGHS,Norwegian Krone,Mid Rate,762.0382,GH¢ per NOK,0.07620382,GH¢ per NOK,ok,
2000-12-18,SEKGHS,Swedish Krona,Buying,706.1150,GH¢ per SEK,0.0706115,GH¢ per SEK,ok,
2000-12-18,SEKGHS,Swedish Krona,Selling,727.0676,GH¢ per SEK,0.07270676,GH¢ per SEK,ok,
2000-12-18,SEKGHS,Swedish Krona,Mid Rate,716.5913,GH¢ per SEK,0.07165913,GH¢ per SEK,ok,
2000-12-19,USDGHS,US Dollar,Buying,"6,777.9100",GH¢ per USD,0.677791,GH¢ per USD,ok,
2000-12-19,USDGHS,US Dollar,Selling,"6,977.4500",GH¢ per USD,0.697745,GH¢ per USD,ok,
2000-12-19,USDGHS,US Dollar,Mid Rate,"6,877.6800",GH¢ per USD,0.687768,GH¢ per USD,ok,
2000-12-19,AUDGHS,Australian Dollar,Buying,441.3611,GH¢ per AUD,0.04413611,GH¢ per AUD,ok,
2000-12-19,AUDGHS,Australian Dollar,Selling,"3,787.1052",GH¢ per AUD,0.37871052,GH¢ per AUD,ok,
2000-12-19,AUDGHS,Australian Dollar,Mid Rate,"2,114.2332",GH¢ per AUD,0.21142332,GH¢ per AUD,ok,
2000-12-19,CADGHS,Canadian Dollar,Buying,"4,442.4583",GH¢ per CAD,0.44424583,GH¢ per CAD,ok,
2000-12-19,CADGHS,Canadian Dollar,Selling,"4,571.4328",GH¢ per CAD,0.45714328,GH¢ per CAD,ok,
2000-12-19,CADGHS,Canadian Dollar,Mid Rate,"4,506.9456",GH¢ per CAD,0.45069456,GH¢ per CAD,ok,
2000-12-19,CHFGHS,Swiss Franc,Buying,"4,038.5984",GH¢ per CHF,0.40385984,GH¢ per CHF,ok,
2000-12-19,CHFGHS,Swiss Franc,Selling,"4,154.5876",GH¢ per CHF,0.41545876,GH¢ per CHF,ok,
2000-12-19,CHFGHS,Swiss Franc,Mid Rate,"4,096.5930",GH¢ per CHF,0.4096593,GH¢ per CHF,ok,
2000-12-19,DKKGHS,Danish Krone,Buying,814.1854,GH¢ per DKK,0.08141854,GH¢ per DKK,ok,
2000-12-19,DKKGHS,Danish Krone,Selling,837.8562,GH¢ per DKK,0.08378562,GH¢ per DKK,ok,
2000-12-19,DKKGHS,Danish Krone,Mid Rate,826.0208,GH¢ per DKK,0.08260208,GH¢ per DKK,ok,
2000-12-19,GBPGHS,Pound Sterling,Buying,"9,977.7613",GH¢ per GBP,0.99777613,GH¢ per GBP,ok,
2000-12-19,GBPGHS,Pound Sterling,Selling,"10,274.2951",GH¢ per GBP,1.02742951,GH¢ per GBP,ok,
2000-12-19,GBPGHS,Pound Sterling,Mid Rate,"10,126.0282",GH¢ per GBP,1.01260282,GH¢ per GBP,ok,
2000-12-19,JPYGHS,Japanese yen,Buying,60.5778,GH¢ per JPY,0.00605778,GH¢ per JPY,ok,
2000-12-19,JPYGHS,Japanese yen,Selling,62.3327,GH¢ per JPY,0.00623327,GH¢ per JPY,ok,
2000-12-19,JPYGHS,Japanese yen,Mid Rate,61.4553,GH¢ per JPY,0.00614553,GH¢ per JPY,ok,
2000-12-19,NOKGHS,Norwegian Krone,Buying,752.7716,GH¢ per NOK,0.07527716,GH¢ per NOK,ok,
2000-12-19,NOKGHS,Norwegian Krone,Selling,774.4541,GH¢ per NOK,0.07744541,GH¢ per NOK,ok,
2000-12-19,NOKGHS,Norwegian Krone,Mid Rate,763.6129,GH¢ per NOK,0.07636129,GH¢ per NOK,ok,
2000-12-19,SEKGHS,Swedish Krona,Buying,700.7003,GH¢ per SEK,0.07007003,GH¢ per SEK,ok,
2000-12-19,SEKGHS,Swedish Krona,Selling,720.5329,GH¢ per SEK,0.07205329,GH¢ per SEK,ok,
2000-12-19,SEKGHS,Swedish Krona,Mid Rate,710.6166,GH¢ per SEK,0.07106166,GH¢ per SEK,ok,
2000-12-20,USDGHS,US Dollar,Buying,"6,778.0000",GH¢ per USD,0.6778,GH¢ per USD,ok,
2000-12-20,USDGHS,US Dollar,Selling,"6,984.7300",GH¢ per USD,0.698473,GH¢ per USD,ok,
2000-12-20,USDGHS,US Dollar,Mid Rate,"6,881.3650",GH¢ per USD,0.6881365,GH¢ per USD,ok,
2000-12-20,AUDGHS,Australian Dollar,Buying,442.0010,GH¢ per AUD,0.0442001,GH¢ per AUD,ok,
2000-12-20,AUDGHS,Australian Dollar,Selling,"3,823.3901",GH¢ per AUD,0.38233901,GH¢ per AUD,ok,
2000-12-20,AUDGHS,Australian Dollar,Mid Rate,"2,132.6956",GH¢ per AUD,0.21326956,GH¢ per AUD,ok,
2000-12-20,CADGHS,Canadian Dollar,Buying,"4,454.0191",GH¢ per CAD,0.44540191,GH¢ per CAD,ok,
2000-12-20,CADGHS,Canadian Dollar,Selling,"4,586.7122",GH¢ per CAD,0.45867122,GH¢ per CAD,ok,
2000-12-20,CADGHS,Canadian Dollar,Mid Rate,"4,520.3657",GH¢ per CAD,0.45203657,GH¢ per CAD,ok,
2000-12-20,CHFGHS,Swiss Franc,Buying,"4,021.9235",GH¢ per CHF,0.40219235,GH¢ per CHF,ok,
2000-12-20,CHFGHS,Swiss Franc,Selling,"4,143.3263",GH¢ per CHF,0.41433263,GH¢ per CHF,ok,
2000-12-20,CHFGHS,Swiss Franc,Mid Rate,"4,082.6249",GH¢ per CHF,0.40826249,GH¢ per CHF,ok,
2000-12-20,DKKGHS,Danish Krone,Buying,815.0191,GH¢ per DKK,0.08150191,GH¢ per DKK,ok,
2000-12-20,DKKGHS,Danish Krone,Selling,839.6753,GH¢ per DKK,0.08396753,GH¢ per DKK,ok,
2000-12-20,DKKGHS,Danish Krone,Mid Rate,827.3472,GH¢ per DKK,0.08273472,GH¢ per DKK,ok,
2000-12-20,GBPGHS,Pound Sterling,Buying,"9,962.3044",GH¢ per GBP,0.99623044,GH¢ per GBP,ok,
2000-12-20,GBPGHS,Pound Sterling,Selling,"10,269.6485",GH¢ per GBP,1.02696485,GH¢ per GBP,ok,
2000-12-20,GBPGHS,Pound Sterling,Mid Rate,"10,115.9765",GH¢ per GBP,1.01159765,GH¢ per GBP,ok,
2000-12-20,JPYGHS,Japanese yen,Buying,60.0573,GH¢ per JPY,0.00600573,GH¢ per JPY,ok,
2000-12-20,JPYGHS,Japanese yen,Selling,61.8654,GH¢ per JPY,0.00618654,GH¢ per JPY,ok,
2000-12-20,JPYGHS,Japanese yen,Mid Rate,60.9614,GH¢ per JPY,0.00609614,GH¢ per JPY,ok,
2000-12-20,NOKGHS,Norwegian Krone,Buying,750.2639,GH¢ per NOK,0.07502639,GH¢ per NOK,ok,
2000-12-20,NOKGHS,Norwegian Krone,Selling,772.7176,GH¢ per NOK,0.07727176,GH¢ per NOK,ok,
2000-12-20,NOKGHS,Norwegian Krone,Mid Rate,761.4908,GH¢ per NOK,0.07614908,GH¢ per NOK,ok,
2000-12-20,SEKGHS,Swedish Krona,Buying,701.0277,GH¢ per SEK,0.07010277,GH¢ per SEK,ok,
2000-12-20,SEKGHS,Swedish Krona,Selling,721.6596,GH¢ per SEK,0.07216596,GH¢ per SEK,ok,
2000-12-20,SEKGHS,Swedish Krona,Mid Rate,711.3437,GH¢ per SEK,0.07113437,GH¢ per SEK,ok,
2000-12-21,USDGHS,US Dollar,Buying,"6,778.9100",GH¢ per USD,0.677891,GH¢ per USD,ok,
2000-12-21,USDGHS,US Dollar,Selling,"6,986.8200",GH¢ per USD,0.698682,GH¢ per USD,ok,
2000-12-21,USDGHS,US Dollar,Mid Rate,"6,882.8650",GH¢ per USD,0.6882865,GH¢ per USD,ok,
2000-12-21,AUDGHS,Australian Dollar,Buying,446.8848,GH¢ per AUD,0.04468848,GH¢ per AUD,ok,
2000-12-21,AUDGHS,Australian Dollar,Selling,"3,858.5524",GH¢ per AUD,0.38585524,GH¢ per AUD,ok,
2000-12-21,AUDGHS,Australian Dollar,Mid Rate,"2,152.7186",GH¢ per AUD,0.21527186,GH¢ per AUD,ok,
2000-12-21,CADGHS,Canadian Dollar,Buying,"4,454.6949",GH¢ per CAD,0.44546949,GH¢ per CAD,ok,
2000-12-21,CADGHS,Canadian Dollar,Selling,"4,590.1328",GH¢ per CAD,0.45901328,GH¢ per CAD,ok,
2000-12-21,CADGHS,Canadian Dollar,Mid Rate,"4,522.4139",GH¢ per CAD,0.45224139,GH¢ per CAD,ok,
2000-12-21,CHFGHS,Swiss Franc,Buying,"4,043.0382",GH¢ per CHF,0.40430382,GH¢ per CHF,ok,
2000-12-21,CHFGHS,Swiss Franc,Selling,"4,166.3221",GH¢ per CHF,0.41663221,GH¢ per CHF,ok,
2000-12-21,CHFGHS,Swiss Franc,Mid Rate,"4,104.6802",GH¢ per CHF,0.41046802,GH¢ per CHF,ok,
2000-12-21,DKKGHS,Danish Krone,Buying,823.9292,GH¢ per DKK,0.08239292,GH¢ per DKK,ok,
2000-12-21,DKKGHS,Danish Krone,Selling,849.1309,GH¢ per DKK,0.08491309,GH¢ per DKK,ok,
2000-12-21,DKKGHS,Danish Krone,Mid Rate,836.5301,GH¢ per DKK,0.08365301,GH¢ per DKK,ok,
2000-12-21,GBPGHS,Pound Sterling,Buying,"9,944.6610",GH¢ per GBP,0.9944661,GH¢ per GBP,ok,
2000-12-21,GBPGHS,Pound Sterling,Selling,"10,256.6518",GH¢ per GBP,1.02566518,GH¢ per GBP,ok,
2000-12-21,GBPGHS,Pound Sterling,Mid Rate,"10,100.6564",GH¢ per GBP,1.01006564,GH¢ per GBP,ok,
2000-12-21,JPYGHS,Japanese yen,Buying,60.0959,GH¢ per JPY,0.00600959,GH¢ per JPY,ok,
2000-12-21,JPYGHS,Japanese yen,Selling,61.9363,GH¢ per JPY,0.00619363,GH¢ per JPY,ok,
2000-12-21,JPYGHS,Japanese yen,Mid Rate,61.0161,GH¢ per JPY,0.00610161,GH¢ per JPY,ok,
2000-12-21,NOKGHS,Norwegian Krone,Buying,752.5966,GH¢ per NOK,0.07525966,GH¢ per NOK,ok,
2000-12-21,NOKGHS,Norwegian Krone,Selling,775.5737,GH¢ per NOK,0.07755737,GH¢ per NOK,ok,
2000-12-21,NOKGHS,Norwegian Krone,Mid Rate,764.0852,GH¢ per NOK,0.07640852,GH¢ per NOK,ok,
2000-12-21,SEKGHS,Swedish Krona,Buying,705.2851,GH¢ per SEK,0.07052851,GH¢ per SEK,ok,
2000-12-21,SEKGHS,Swedish Krona,Selling,726.4587,GH¢ per SEK,0.07264587,GH¢ per SEK,ok,
2000-12-21,SEKGHS,Swedish Krona,Mid Rate,715.8719,GH¢ per SEK,0.07158719,GH¢ per SEK,ok,
2000-12-22,USDGHS,US Dollar,Buying,"6,779.0000",GH¢ per USD,0.6779,GH¢ per USD,ok,
2000-12-22,USDGHS,US Dollar,Selling,"6,989.7300",GH¢ per USD,0.698973,GH¢ per USD,ok,
2000-12-22,USDGHS,US Dollar,Mid Rate,"6,884.3650",GH¢ per USD,0.6884365,GH¢ per USD,ok,
2000-12-22,AUDGHS,Australian Dollar,Buying,452.8975,GH¢ per AUD,0.04528975,GH¢ per AUD,ok,
2000-12-22,AUDGHS,Australian Dollar,Selling,"3,881.1958",GH¢ per AUD,0.38811958,GH¢ per AUD,ok,
2000-12-22,AUDGHS,Australian Dollar,Mid Rate,"2,167.0467",GH¢ per AUD,0.21670467,GH¢ per AUD,ok,
2000-12-22,CADGHS,Canadian Dollar,Buying,"4,456.6879",GH¢ per CAD,0.44566879,GH¢ per CAD,ok,
2000-12-22,CADGHS,Canadian Dollar,Selling,"4,593.6335",GH¢ per CAD,0.45936335,GH¢ per CAD,ok,
2000-12-22,CADGHS,Canadian Dollar,Mid Rate,"4,525.1607",GH¢ per CAD,0.45251607,GH¢ per CAD,ok,
2000-12-22,CHFGHS,Swiss Franc,Buying,"4,082.4011",GH¢ per CHF,0.40824011,GH¢ per CHF,ok,
2000-12-22,CHFGHS,Swiss Franc,Selling,"4,209.4094",GH¢ per CHF,0.42094094,GH¢ per CHF,ok,
2000-12-22,CHFGHS,Swiss Franc,Mid Rate,"4,145.9053",GH¢ per CHF,0.41459053,GH¢ per CHF,ok,
2000-12-22,DKKGHS,Danish Krone,Buying,834.8034,GH¢ per DKK,0.08348034,GH¢ per DKK,ok,
2000-12-22,DKKGHS,Danish Krone,Selling,860.6261,GH¢ per DKK,0.08606261,GH¢ per DKK,ok,
2000-12-22,DKKGHS,Danish Krone,Mid Rate,847.7148,GH¢ per DKK,0.08477148,GH¢ per DKK,ok,
2000-12-22,GBPGHS,Pound Sterling,Buying,"9,999.0250",GH¢ per GBP,0.9999025,GH¢ per GBP,ok,
2000-12-22,GBPGHS,Pound Sterling,Selling,"10,316.8415",GH¢ per GBP,1.03168415,GH¢ per GBP,ok,
2000-12-22,GBPGHS,Pound Sterling,Mid Rate,"10,157.9333",GH¢ per GBP,1.01579333,GH¢ per GBP,ok,
2000-12-22,JPYGHS,Japanese yen,Buying,60.1916,GH¢ per JPY,0.00601916,GH¢ per JPY,ok,
2000-12-22,JPYGHS,Japanese yen,Selling,62.0599,GH¢ per JPY,0.00620599,GH¢ per JPY,ok,
2000-12-22,JPYGHS,Japanese yen,Mid Rate,61.1258,GH¢ per JPY,0.00611258,GH¢ per JPY,ok,
2000-12-22,NOKGHS,Norwegian Krone,Buying,760.8913,GH¢ per NOK,0.07608913,GH¢ per NOK,ok,
2000-12-22,NOKGHS,Norwegian Krone,Selling,784.3777,GH¢ per NOK,0.07843777,GH¢ per NOK,ok,
2000-12-22,NOKGHS,Norwegian Krone,Mid Rate,772.6345,GH¢ per NOK,0.07726345,GH¢ per NOK,ok,
2000-12-22,SEKGHS,Swedish Krona,Buying,712.9887,GH¢ per SEK,0.07129887,GH¢ per SEK,ok,
2000-12-22,SEKGHS,Swedish Krona,Selling,734.5771,GH¢ per SEK,0.07345771,GH¢ per SEK,ok,
2000-12-22,SEKGHS,Swedish Krona,Mid Rate,723.7829,GH¢ per SEK,0.07237829,GH¢ per SEK,ok,
2000-12-28,USDGHS,US Dollar,Buying,"3,008.3670",GH¢ per USD,,GH¢ per USD,held,FX1_outlier
2000-12-28,USDGHS,US Dollar,Selling,"3,111.3297",GH¢ per USD,,GH¢ per USD,held,FX1_outlier
2000-12-28,USDGHS,US Dollar,Mid Rate,"3,059.8484",GH¢ per USD,,GH¢ per USD,held,FX1_outlier
2000-12-28,AUDGHS,Australian Dollar,Buying,446.8848,GH¢ per AUD,0.04468848,GH¢ per AUD,ok,
2000-12-28,AUDGHS,Australian Dollar,Selling,"3,904.0652",GH¢ per AUD,0.39040652,GH¢ per AUD,ok,
2000-12-28,AUDGHS,Australian Dollar,Mid Rate,"2,175.4750",GH¢ per AUD,0.2175475,GH¢ per AUD,ok,
2000-12-28,CADGHS,Canadian Dollar,Buying,"3,776.1590",GH¢ per CAD,0.3776159,GH¢ per CAD,warn,FX1_outlier
2000-12-28,CADGHS,Canadian Dollar,Selling,"3,904.0652",GH¢ per CAD,0.39040652,GH¢ per CAD,warn,FX1_outlier
2000-12-28,CADGHS,Canadian Dollar,Mid Rate,"3,840.1121",GH¢ per CAD,0.38401121,GH¢ per CAD,warn,FX1_outlier
2000-12-28,CHFGHS,Swiss Franc,Buying,"3,612.8508",GH¢ per CHF,0.36128508,GH¢ per CHF,ok,
2000-12-28,CHFGHS,Swiss Franc,Selling,"3,734.8458",GH¢ per CHF,0.37348458,GH¢ per CHF,ok,
2000-12-28,CHFGHS,Swiss Franc,Mid Rate,"3,673.8483",GH¢ per CHF,0.36738483,GH¢ per CHF,ok,
2000-12-28,DKKGHS,Danish Krone,Buying,845.5077,GH¢ per DKK,0.08455077,GH¢ per DKK,ok,
2000-12-28,DKKGHS,Danish Krone,Selling,871.9569,GH¢ per DKK,0.08719569,GH¢ per DKK,ok,
2000-12-28,DKKGHS,Danish Krone,Mid Rate,858.7323,GH¢ per DKK,0.08587323,GH¢ per DKK,ok,
2000-12-28,GBPGHS,Pound Sterling,Buying,"10,139.3664",GH¢ per GBP,1.01393664,GH¢ per GBP,ok,
2000-12-28,GBPGHS,Pound Sterling,Selling,"10,465.7000",GH¢ per GBP,1.04657,GH¢ per GBP,ok,
2000-12-28,GBPGHS,Pound Sterling,Mid Rate,"10,302.5332",GH¢ per GBP,1.03025332,GH¢ per GBP,ok,
2000-12-28,JPYGHS,Japanese yen,Buying,59.2315,GH¢ per JPY,0.00592315,GH¢ per JPY,ok,
2000-12-28,JPYGHS,Japanese yen,Selling,61.1129,GH¢ per JPY,0.00611129,GH¢ per JPY,ok,
2000-12-28,JPYGHS,Japanese yen,Mid Rate,60.1722,GH¢ per JPY,0.00601722,GH¢ per JPY,ok,
2000-12-28,NOKGHS,Norwegian Krone,Buying,763.6079,GH¢ per NOK,0.07636079,GH¢ per NOK,ok,
2000-12-28,NOKGHS,Norwegian Krone,Selling,787.4418,GH¢ per NOK,0.07874418,GH¢ per NOK,ok,
2000-12-28,NOKGHS,Norwegian Krone,Mid Rate,775.5249,GH¢ per NOK,0.07755249,GH¢ per NOK,ok,
2000-12-28,SEKGHS,Swedish Krona,Buying,712.8508,GH¢ per SEK,0.07128508,GH¢ per SEK,ok,
2000-12-28,SEKGHS,Swedish Krona,Selling,734.8457,GH¢ per SEK,0.07348457,GH¢ per SEK,ok,
2000-12-28,SEKGHS,Swedish Krona,Mid Rate,723.8483,GH¢ per SEK,0.07238483,GH¢ per SEK,ok,
2000-12-29,USDGHS,US Dollar,Buying,"6,784.0000",GH¢ per USD,0.6784,GH¢ per USD,ok,
2000-12-29,USDGHS,US Dollar,Selling,"7,000.0000",GH¢ per USD,0.7,GH¢ per USD,ok,
2000-12-29,USDGHS,US Dollar,Mid Rate,"6,892.0000",GH¢ per USD,0.6892,GH¢ per USD,ok,
2000-12-29,AUDGHS,Australian Dollar,Buying,446.8848,GH¢ per AUD,0.04468848,GH¢ per AUD,ok,
2000-12-29,AUDGHS,Australian Dollar,Selling,"3,875.3470",GH¢ per AUD,0.3875347,GH¢ per AUD,ok,
2000-12-29,AUDGHS,Australian Dollar,Mid Rate,"2,161.1159",GH¢ per AUD,0.21611159,GH¢ per AUD,ok,
2000-12-29,CADGHS,Canadian Dollar,Buying,"3,752.8935",GH¢ per CAD,,GH¢ per CAD,held,FX1_outlier
2000-12-29,CADGHS,Canadian Dollar,Selling,"3,875.3470",GH¢ per CAD,,GH¢ per CAD,held,FX1_outlier
2000-12-29,CADGHS,Canadian Dollar,Mid Rate,"3,814.1203",GH¢ per CAD,,GH¢ per CAD,held,FX1_outlier
2000-12-29,CHFGHS,Swiss Franc,Buying,"3,611.6623",GH¢ per CHF,,GH¢ per CHF,held,FX1_outlier
2000-12-29,CHFGHS,Swiss Franc,Selling,"3,733.0758",GH¢ per CHF,,GH¢ per CHF,held,FX1_outlier
2000-12-29,CHFGHS,Swiss Franc,Mid Rate,"3,672.3691",GH¢ per CHF,,GH¢ per CHF,held,FX1_outlier
2000-12-29,DKKGHS,Danish Krone,Buying,844.4831,GH¢ per DKK,0.08444831,GH¢ per DKK,ok,
2000-12-29,DKKGHS,Danish Krone,Selling,870.3720,GH¢ per DKK,0.0870372,GH¢ per DKK,ok,
2000-12-29,DKKGHS,Danish Krone,Mid Rate,857.4276,GH¢ per DKK,0.08574276,GH¢ per DKK,ok,
2000-12-29,GBPGHS,Pound Sterling,Buying,"10,197.0412",GH¢ per GBP,1.01970412,GH¢ per GBP,ok,
2000-12-29,GBPGHS,Pound Sterling,Selling,"10,465.7000",GH¢ per GBP,1.04657,GH¢ per GBP,ok,
2000-12-29,GBPGHS,Pound Sterling,Mid Rate,"10,331.3706",GH¢ per GBP,1.03313706,GH¢ per GBP,ok,
2000-12-29,JPYGHS,Japanese yen,Buying,59.1094,GH¢ per JPY,0.00591094,GH¢ per JPY,ok,
2000-12-29,JPYGHS,Japanese yen,Selling,60.9296,GH¢ per JPY,0.00609296,GH¢ per JPY,ok,
2000-12-29,JPYGHS,Japanese yen,Mid Rate,60.0195,GH¢ per JPY,0.00600195,GH¢ per JPY,ok,
2000-12-29,NOKGHS,Norwegian Krone,Buying,762.3253,GH¢ per NOK,0.07623253,GH¢ per NOK,ok,
2000-12-29,NOKGHS,Norwegian Krone,Selling,785.9130,GH¢ per NOK,0.0785913,GH¢ per NOK,ok,
2000-12-29,NOKGHS,Norwegian Krone,Mid Rate,774.1192,GH¢ per NOK,0.07741192,GH¢ per NOK,ok,
2000-12-29,SEKGHS,Swedish Krona,Buying,711.6623,GH¢ per SEK,,GH¢ per SEK,held,FX1_outlier
2000-12-29,SEKGHS,Swedish Krona,Selling,733.0758,GH¢ per SEK,,GH¢ per SEK,held,FX1_outlier
2000-12-29,SEKGHS,Swedish Krona,Mid Rate,722.3691,GH¢ per SEK,,GH¢ per SEK,held,FX1_outlier
