date,pair,currency,rate,published,published_unit,ghs_per_unit,ghs_per_unit_of,status,rules
2005-01-04,USDGHS,US Dollar,Buying,"8,947.0000",GH¢ per USD,0.8947,GH¢ per USD,ok,
2005-01-04,USDGHS,US Dollar,Selling,"9,112.4500",GH¢ per USD,0.911245,GH¢ per USD,ok,
2005-01-04,USDGHS,US Dollar,Mid Rate,"9,029.7250",GH¢ per USD,0.9029725,GH¢ per USD,ok,
2005-01-04,AUDGHS,Australian Dollar,Selling,"7,093.5900",GH¢ per AUD,0.709359,GH¢ per AUD,ok,
2005-01-04,AUDGHS,Australian Dollar,Mid Rate,"3,546.7950",GH¢ per AUD,0.3546795,GH¢ per AUD,ok,
2005-01-04,CADGHS,Canadian Dollar,Buying,"7,405.4100",GH¢ per CAD,0.740541,GH¢ per CAD,ok,
2005-01-04,CADGHS,Canadian Dollar,Selling,"7,536.7900",GH¢ per CAD,0.753679,GH¢ per CAD,ok,
2005-01-04,CADGHS,Canadian Dollar,Mid Rate,"7,471.1000",GH¢ per CAD,0.74711,GH¢ per CAD,ok,
2005-01-04,CHFGHS,Swiss Franc,Buying,"7,804.7000",GH¢ per CHF,0.78047,GH¢ per CHF,ok,
2005-01-04,CHFGHS,Swiss Franc,Selling,"7,945.6500",GH¢ per CHF,0.794565,GH¢ per CHF,ok,
2005-01-04,CHFGHS,Swiss Franc,Mid Rate,"7,875.1750",GH¢ per CHF,0.7875175,GH¢ per CHF,ok,
2005-01-04,DKKGHS,Danish Krone,Buying,"1,620.9900",GH¢ per DKK,0.162099,GH¢ per DKK,ok,
2005-01-04,DKKGHS,Danish Krone,Selling,"1,650.8300",GH¢ per DKK,0.165083,GH¢ per DKK,ok,
2005-01-04,DKKGHS,Danish Krone,Mid Rate,"1,635.9100",GH¢ per DKK,0.163591,GH¢ per DKK,ok,
2005-01-04,GBPGHS,Pound Sterling,Buying,"17,036.8800",GH¢ per GBP,1.703688,GH¢ per GBP,ok,
2005-01-04,GBPGHS,Pound Sterling,Selling,"17,356.4800",GH¢ per GBP,1.735648,GH¢ per GBP,ok,
2005-01-04,GBPGHS,Pound Sterling,Mid Rate,"17,196.6800",GH¢ per GBP,1.719668,GH¢ per GBP,ok,
2005-01-04,JPYGHS,Japanese yen,Buying,87.2200,GH¢ per JPY,0.008722,GH¢ per JPY,ok,
2005-01-04,JPYGHS,Japanese yen,Selling,88.8000,GH¢ per JPY,0.00888,GH¢ per JPY,ok,
2005-01-04,JPYGHS,Japanese yen,Mid Rate,88.0100,GH¢ per JPY,0.008801,GH¢ per JPY,ok,
2005-01-04,NOKGHS,Norwegian Krone,Buying,"1,462.1500",GH¢ per NOK,0.146215,GH¢ per NOK,ok,
2005-01-04,NOKGHS,Norwegian Krone,Selling,"1,488.2200",GH¢ per NOK,0.148822,GH¢ per NOK,ok,
2005-01-04,NOKGHS,Norwegian Krone,Mid Rate,"1,475.1850",GH¢ per NOK,0.1475185,GH¢ per NOK,ok,
2005-01-04,NZDGHS,New Zealand Dollar,Buying,"6,378.6100",GH¢ per NZD,0.637861,GH¢ per NZD,ok,
2005-01-04,NZDGHS,New Zealand Dollar,Selling,"6,503.4700",GH¢ per NZD,0.650347,GH¢ per NZD,ok,
2005-01-04,NZDGHS,New Zealand Dollar,Mid Rate,"6,441.0400",GH¢ per NZD,0.644104,GH¢ per NZD,ok,
2005-01-04,SEKGHS,Swedish Krona,Buying,"1,334.3000",GH¢ per SEK,0.13343,GH¢ per SEK,ok,
2005-01-04,SEKGHS,Swedish Krona,Selling,"1,357.7600",GH¢ per SEK,0.135776,GH¢ per SEK,ok,
2005-01-04,SEKGHS,Swedish Krona,Mid Rate,"1,346.0300",GH¢ per SEK,0.134603,GH¢ per SEK,ok,
2005-01-05,USDGHS,US Dollar,Buying,"8,947.0000",GH¢ per USD,0.8947,GH¢ per USD,ok,
2005-01-05,USDGHS,US Dollar,Selling,"9,112.4500",GH¢ per USD,0.911245,GH¢ per USD,ok,
2005-01-05,USDGHS,US Dollar,Mid Rate,"9,029.7250",GH¢ per USD,0.9029725,GH¢ per USD,ok,
2005-01-05,AUDGHS,Australian Dollar,Selling,"6,960.3500",GH¢ per AUD,0.696035,GH¢ per AUD,ok,
2005-01-05,AUDGHS,Australian Dollar,Mid Rate,"3,480.1750",GH¢ per AUD,0.3480175,GH¢ per AUD,ok,
2005-01-05,CADGHS,Canadian Dollar,Buying,"7,302.4000",GH¢ per CAD,0.73024,GH¢ per CAD,ok,
2005-01-05,CADGHS,Canadian Dollar,Selling,"7,434.8200",GH¢ per CAD,0.743482,GH¢ per CAD,ok,
2005-01-05,CADGHS,Canadian Dollar,Mid Rate,"7,368.6100",GH¢ per CAD,0.736861,GH¢ per CAD,ok,
2005-01-05,CHFGHS,Swiss Franc,Buying,"7,646.4800",GH¢ per CHF,0.764648,GH¢ per CHF,ok,
2005-01-05,CHFGHS,Swiss Franc,Selling,"7,781.3900",GH¢ per CHF,0.778139,GH¢ per CHF,ok,
2005-01-05,CHFGHS,Swiss Franc,Mid Rate,"7,713.9350",GH¢ per CHF,0.7713935,GH¢ per CHF,ok,
2005-01-05,DKKGHS,Danish Krone,Buying,"1,595.4300",GH¢ per DKK,0.159543,GH¢ per DKK,ok,
2005-01-05,DKKGHS,Danish Krone,Selling,"1,624.1500",GH¢ per DKK,0.162415,GH¢ per DKK,ok,
2005-01-05,DKKGHS,Danish Krone,Mid Rate,"1,609.7900",GH¢ per DKK,0.160979,GH¢ per DKK,ok,
2005-01-05,GBPGHS,Pound Sterling,Buying,"16,812.3100",GH¢ per GBP,1.681231,GH¢ per GBP,ok,
2005-01-05,GBPGHS,Pound Sterling,Selling,"17,126.8500",GH¢ per GBP,1.712685,GH¢ per GBP,ok,
2005-01-05,GBPGHS,Pound Sterling,Mid Rate,"16,969.5800",GH¢ per GBP,1.696958,GH¢ per GBP,ok,
2005-01-05,JPYGHS,Japanese yen,Buying,85.4200,GH¢ per JPY,0.008542,GH¢ per JPY,ok,
2005-01-05,JPYGHS,Japanese yen,Selling,86.9600,GH¢ per JPY,0.008696,GH¢ per JPY,ok,
2005-01-05,JPYGHS,Japanese yen,Mid Rate,86.1900,GH¢ per JPY,0.008619,GH¢ per JPY,ok,
2005-01-05,NOKGHS,Norwegian Krone,Buying,"1,431.2700",GH¢ per NOK,0.143127,GH¢ per NOK,ok,
2005-01-05,NOKGHS,Norwegian Krone,Selling,"1,456.8900",GH¢ per NOK,0.145689,GH¢ per NOK,ok,
2005-01-05,NOKGHS,Norwegian Krone,Mid Rate,"1,444.0800",GH¢ per NOK,0.144408,GH¢ per NOK,ok,
2005-01-05,NZDGHS,New Zealand Dollar,Buying,"6,255.8600",GH¢ per NZD,0.625586,GH¢ per NZD,ok,
2005-01-05,NZDGHS,New Zealand Dollar,Selling,"6,378.0400",GH¢ per NZD,0.637804,GH¢ per NZD,ok,
2005-01-05,NZDGHS,New Zealand Dollar,Mid Rate,"6,316.9500",GH¢ per NZD,0.631695,GH¢ per NZD,ok,
2005-01-05,SEKGHS,Swedish Krona,Buying,"1,309.9000",GH¢ per SEK,0.13099,GH¢ per SEK,ok,
2005-01-05,SEKGHS,Swedish Krona,Selling,"1,333.4100",GH¢ per SEK,0.133341,GH¢ per SEK,ok,
2005-01-05,SEKGHS,Swedish Krona,Mid Rate,"1,321.6550",GH¢ per SEK,0.1321655,GH¢ per SEK,ok,
2005-01-06,USDGHS,US Dollar,Buying,"8,947.0000",GH¢ per USD,0.8947,GH¢ per USD,ok,
2005-01-06,USDGHS,US Dollar,Selling,"9,112.4500",GH¢ per USD,0.911245,GH¢ per USD,ok,
2005-01-06,USDGHS,US Dollar,Mid Rate,"9,029.7250",GH¢ per USD,0.9029725,GH¢ per USD,ok,
2005-01-06,AUDGHS,Australian Dollar,Selling,"6,938.7900",GH¢ per AUD,0.693879,GH¢ per AUD,ok,
2005-01-06,AUDGHS,Australian Dollar,Mid Rate,"3,469.3950",GH¢ per AUD,0.3469395,GH¢ per AUD,ok,
2005-01-06,CADGHS,Canadian Dollar,Buying,"7,287.2700",GH¢ per CAD,0.728727,GH¢ per CAD,ok,
2005-01-06,CADGHS,Canadian Dollar,Selling,"7,421.7000",GH¢ per CAD,0.74217,GH¢ per CAD,ok,
2005-01-06,CADGHS,Canadian Dollar,Mid Rate,"7,354.4850",GH¢ per CAD,0.7354485,GH¢ per CAD,ok,
2005-01-06,CHFGHS,Swiss Franc,Buying,"7,629.2600",GH¢ per CHF,0.762926,GH¢ per CHF,ok,
2005-01-06,CHFGHS,Swiss Franc,Selling,"7,769.7200",GH¢ per CHF,0.776972,GH¢ per CHF,ok,
2005-01-06,CHFGHS,Swiss Franc,Mid Rate,"7,699.4900",GH¢ per CHF,0.769949,GH¢ per CHF,ok,
2005-01-06,DKKGHS,Danish Krone,Buying,"1,589.9600",GH¢ per DKK,0.158996,GH¢ per DKK,ok,
2005-01-06,DKKGHS,Danish Krone,Selling,"1,619.4800",GH¢ per DKK,0.161948,GH¢ per DKK,ok,
2005-01-06,DKKGHS,Danish Krone,Mid Rate,"1,604.7200",GH¢ per DKK,0.160472,GH¢ per DKK,ok,
2005-01-06,GBPGHS,Pound Sterling,Buying,"16,793.5200",GH¢ per GBP,1.679352,GH¢ per GBP,ok,
2005-01-06,GBPGHS,Pound Sterling,Selling,"17,115.9100",GH¢ per GBP,1.711591,GH¢ per GBP,ok,
2005-01-06,GBPGHS,Pound Sterling,Mid Rate,"16,954.7150",GH¢ per GBP,1.6954715,GH¢ per GBP,ok,
2005-01-06,JPYGHS,Japanese yen,Buying,85.4200,GH¢ per JPY,0.008542,GH¢ per JPY,ok,
2005-01-06,JPYGHS,Japanese yen,Selling,87.0000,GH¢ per JPY,0.0087,GH¢ per JPY,ok,
2005-01-06,JPYGHS,Japanese yen,Mid Rate,86.2100,GH¢ per JPY,0.008621,GH¢ per JPY,ok,
2005-01-06,NOKGHS,Norwegian Krone,Buying,"1,432.5900",GH¢ per NOK,0.143259,GH¢ per NOK,ok,
2005-01-06,NOKGHS,Norwegian Krone,Selling,"1,458.5400",GH¢ per NOK,0.145854,GH¢ per NOK,ok,
2005-01-06,NOKGHS,Norwegian Krone,Mid Rate,"1,445.5650",GH¢ per NOK,0.1445565,GH¢ per NOK,ok,
2005-01-06,NZDGHS,New Zealand Dollar,Buying,"6,230.4000",GH¢ per NZD,0.62304,GH¢ per NZD,ok,
2005-01-06,NZDGHS,New Zealand Dollar,Selling,"6,358.5600",GH¢ per NZD,0.635856,GH¢ per NZD,ok,
2005-01-06,NZDGHS,New Zealand Dollar,Mid Rate,"6,294.4800",GH¢ per NZD,0.629448,GH¢ per NZD,ok,
2005-01-06,SEKGHS,Swedish Krona,Buying,"1,311.1900",GH¢ per SEK,0.131119,GH¢ per SEK,ok,
2005-01-06,SEKGHS,Swedish Krona,Selling,"1,334.0600",GH¢ per SEK,0.133406,GH¢ per SEK,ok,
2005-01-06,SEKGHS,Swedish Krona,Mid Rate,"1,322.6250",GH¢ per SEK,0.1322625,GH¢ per SEK,ok,
2005-01-07,USDGHS,US Dollar,Buying,"8,947.0000",GH¢ per USD,0.8947,GH¢ per USD,ok,
2005-01-07,USDGHS,US Dollar,Selling,"9,112.4500",GH¢ per USD,0.911245,GH¢ per USD,ok,
2005-01-07,USDGHS,US Dollar,Mid Rate,"9,029.7250",GH¢ per USD,0.9029725,GH¢ per USD,ok,
2005-01-07,AUDGHS,Australian Dollar,Selling,"6,954.7100",GH¢ per AUD,0.695471,GH¢ per AUD,ok,
2005-01-07,AUDGHS,Australian Dollar,Mid Rate,"3,477.3550",GH¢ per AUD,0.3477355,GH¢ per AUD,ok,
2005-01-07,CADGHS,Canadian Dollar,Buying,"7,250.8600",GH¢ per CAD,0.725086,GH¢ per CAD,ok,
2005-01-07,CADGHS,Canadian Dollar,Selling,"7,382.1300",GH¢ per CAD,0.738213,GH¢ per CAD,ok,
2005-01-07,CADGHS,Canadian Dollar,Mid Rate,"7,316.4950",GH¢ per CAD,0.7316495,GH¢ per CAD,ok,
2005-01-07,CHFGHS,Swiss Franc,Buying,"7,627.3200",GH¢ per CHF,0.762732,GH¢ per CHF,ok,
2005-01-07,CHFGHS,Swiss Franc,Selling,"7,764.4500",GH¢ per CHF,0.776445,GH¢ per CHF,ok,
2005-01-07,CHFGHS,Swiss Franc,Mid Rate,"7,695.8850",GH¢ per CHF,0.7695885,GH¢ per CHF,ok,
2005-01-07,DKKGHS,Danish Krone,Buying,"1,586.9400",GH¢ per DKK,0.158694,GH¢ per DKK,ok,
2005-01-07,DKKGHS,Danish Krone,Selling,"1,615.7100",GH¢ per DKK,0.161571,GH¢ per DKK,ok,
2005-01-07,DKKGHS,Danish Krone,Mid Rate,"1,601.3250",GH¢ per DKK,0.1601325,GH¢ per DKK,ok,
2005-01-07,GBPGHS,Pound Sterling,Buying,"16,806.0400",GH¢ per GBP,1.680604,GH¢ per GBP,ok,
2005-01-07,GBPGHS,Pound Sterling,Selling,"17,121.3800",GH¢ per GBP,1.712138,GH¢ per GBP,ok,
2005-01-07,GBPGHS,Pound Sterling,Mid Rate,"16,963.7100",GH¢ per GBP,1.696371,GH¢ per GBP,ok,
2005-01-07,JPYGHS,Japanese yen,Buying,85.5400,GH¢ per JPY,0.008554,GH¢ per JPY,ok,
2005-01-07,JPYGHS,Japanese yen,Selling,87.0900,GH¢ per JPY,0.008709,GH¢ per JPY,ok,
2005-01-07,JPYGHS,Japanese yen,Mid Rate,86.3150,GH¢ per JPY,0.0086315,GH¢ per JPY,ok,
2005-01-07,NOKGHS,Norwegian Krone,Buying,"1,430.4200",GH¢ per NOK,0.143042,GH¢ per NOK,ok,
2005-01-07,NOKGHS,Norwegian Krone,Selling,"1,455.9400",GH¢ per NOK,0.145594,GH¢ per NOK,ok,
2005-01-07,NOKGHS,Norwegian Krone,Mid Rate,"1,443.1800",GH¢ per NOK,0.144318,GH¢ per NOK,ok,
2005-01-07,NZDGHS,New Zealand Dollar,Buying,"6,272.0200",GH¢ per NZD,0.627202,GH¢ per NZD,ok,
2005-01-07,NZDGHS,New Zealand Dollar,Selling,"6,396.5500",GH¢ per NZD,0.639655,GH¢ per NZD,ok,
2005-01-07,NZDGHS,New Zealand Dollar,Mid Rate,"6,334.2850",GH¢ per NZD,0.6334285,GH¢ per NZD,ok,
2005-01-07,SEKGHS,Swedish Krona,Buying,"1,303.2400",GH¢ per SEK,0.130324,GH¢ per SEK,ok,
2005-01-07,SEKGHS,Swedish Krona,Selling,"1,326.1800",GH¢ per SEK,0.132618,GH¢ per SEK,ok,
2005-01-07,SEKGHS,Swedish Krona,Mid Rate,"1,314.7100",GH¢ per SEK,0.131471,GH¢ per SEK,ok,
2005-01-10,USDGHS,US Dollar,Buying,"8,947.0000",GH¢ per USD,0.8947,GH¢ per USD,ok,
2005-01-10,USDGHS,US Dollar,Selling,"9,112.4500",GH¢ per USD,0.911245,GH¢ per USD,ok,
2005-01-10,USDGHS,US Dollar,Mid Rate,"9,029.7250",GH¢ per USD,0.9029725,GH¢ per USD,ok,
2005-01-10,AUDGHS,Australian Dollar,Selling,"6,916.4800",GH¢ per AUD,0.691648,GH¢ per AUD,ok,
2005-01-10,AUDGHS,Australian Dollar,Mid Rate,"3,458.2400",GH¢ per AUD,0.345824,GH¢ per AUD,ok,
2005-01-10,CADGHS,Canadian Dollar,Buying,"7,274.7700",GH¢ per CAD,0.727477,GH¢ per CAD,ok,
2005-01-10,CADGHS,Canadian Dollar,Selling,"7,406.4600",GH¢ per CAD,0.740646,GH¢ per CAD,ok,
2005-01-10,CADGHS,Canadian Dollar,Mid Rate,"7,340.6150",GH¢ per CAD,0.7340615,GH¢ per CAD,ok,
2005-01-10,CHFGHS,Swiss Franc,Buying,"7,560.6700",GH¢ per CHF,0.756067,GH¢ per CHF,ok,
2005-01-10,CHFGHS,Swiss Franc,Selling,"7,698.0300",GH¢ per CHF,0.769803,GH¢ per CHF,ok,
2005-01-10,CHFGHS,Swiss Franc,Mid Rate,"7,629.3500",GH¢ per CHF,0.762935,GH¢ per CHF,ok,
2005-01-10,DKKGHS,Danish Krone,Buying,"1,572.1800",GH¢ per DKK,0.157218,GH¢ per DKK,ok,
2005-01-10,DKKGHS,Danish Krone,Selling,"1,601.2300",GH¢ per DKK,0.160123,GH¢ per DKK,ok,
2005-01-10,DKKGHS,Danish Krone,Mid Rate,"1,586.7050",GH¢ per DKK,0.1586705,GH¢ per DKK,ok,
2005-01-10,GBPGHS,Pound Sterling,Buying,"16,775.6300",GH¢ per GBP,1.677563,GH¢ per GBP,ok,
2005-01-10,GBPGHS,Pound Sterling,Selling,"17,090.4000",GH¢ per GBP,1.70904,GH¢ per GBP,ok,
2005-01-10,GBPGHS,Pound Sterling,Mid Rate,"16,933.0150",GH¢ per GBP,1.6933015,GH¢ per GBP,ok,
2005-01-10,JPYGHS,Japanese yen,Buying,85.5100,GH¢ per JPY,0.008551,GH¢ per JPY,ok,
2005-01-10,JPYGHS,Japanese yen,Selling,87.0600,GH¢ per JPY,0.008706,GH¢ per JPY,ok,
2005-01-10,JPYGHS,Japanese yen,Mid Rate,86.2850,GH¢ per JPY,0.0086285,GH¢ per JPY,ok,
2005-01-10,NOKGHS,Norwegian Krone,Buying,"1,422.9900",GH¢ per NOK,0.142299,GH¢ per NOK,ok,
2005-01-10,NOKGHS,Norwegian Krone,Selling,"1,448.6100",GH¢ per NOK,0.144861,GH¢ per NOK,ok,
2005-01-10,NOKGHS,Norwegian Krone,Mid Rate,"1,435.8000",GH¢ per NOK,0.14358,GH¢ per NOK,ok,
2005-01-10,NZDGHS,New Zealand Dollar,Buying,"6,217.0500",GH¢ per NZD,0.621705,GH¢ per NZD,ok,
2005-01-10,NZDGHS,New Zealand Dollar,Selling,"6,340.5400",GH¢ per NZD,0.634054,GH¢ per NZD,ok,
2005-01-10,NZDGHS,New Zealand Dollar,Mid Rate,"6,278.7950",GH¢ per NZD,0.6278795,GH¢ per NZD,ok,
2005-01-10,SEKGHS,Swedish Krona,Buying,"1,293.3100",GH¢ per SEK,0.129331,GH¢ per SEK,ok,
2005-01-10,SEKGHS,Swedish Krona,Selling,"1,316.6700",GH¢ per SEK,0.131667,GH¢ per SEK,ok,
2005-01-10,SEKGHS,Swedish Krona,Mid Rate,"1,304.9900",GH¢ per SEK,0.130499,GH¢ per SEK,ok,
2005-01-11,USDGHS,US Dollar,Buying,"8,995.4500",GH¢ per USD,0.899545,GH¢ per USD,ok,
2005-01-11,USDGHS,US Dollar,Selling,"9,122.2700",GH¢ per USD,0.912227,GH¢ per USD,ok,
2005-01-11,USDGHS,US Dollar,Mid Rate,"9,058.8600",GH¢ per USD,0.905886,GH¢ per USD,ok,
2005-01-11,AUDGHS,Australian Dollar,Selling,"6,808.8600",GH¢ per AUD,0.680886,GH¢ per AUD,ok,
2005-01-11,AUDGHS,Australian Dollar,Mid Rate,"3,404.4300",GH¢ per AUD,0.340443,GH¢ per AUD,ok,
2005-01-11,CADGHS,Canadian Dollar,Buying,"7,612.2000",GH¢ per CAD,0.76122,GH¢ per CAD,ok,
2005-01-11,CADGHS,Canadian Dollar,Selling,"7,718.3700",GH¢ per CAD,0.771837,GH¢ per CAD,ok,
2005-01-11,CADGHS,Canadian Dollar,Mid Rate,"7,665.2850",GH¢ per CAD,0.7665285,GH¢ per CAD,ok,
2005-01-11,CHFGHS,Swiss Franc,Buying,"6,978.3500",GH¢ per CHF,0.697835,GH¢ per CHF,ok,
2005-01-11,CHFGHS,Swiss Franc,Selling,"7,075.6300",GH¢ per CHF,0.707563,GH¢ per CHF,ok,
2005-01-11,CHFGHS,Swiss Franc,Mid Rate,"7,026.9900",GH¢ per CHF,0.702699,GH¢ per CHF,ok,
2005-01-11,DKKGHS,Danish Krone,Buying,"1,446.4600",GH¢ per DKK,0.144646,GH¢ per DKK,ok,
2005-01-11,DKKGHS,Danish Krone,Selling,"1,466.8100",GH¢ per DKK,0.146681,GH¢ per DKK,ok,
2005-01-11,DKKGHS,Danish Krone,Mid Rate,"1,456.6350",GH¢ per DKK,0.1456635,GH¢ per DKK,ok,
2005-01-11,GBPGHS,Pound Sterling,Buying,"15,939.9400",GH¢ per GBP,1.593994,GH¢ per GBP,ok,
2005-01-11,GBPGHS,Pound Sterling,Selling,"16,169.2200",GH¢ per GBP,1.616922,GH¢ per GBP,ok,
2005-01-11,GBPGHS,Pound Sterling,Mid Rate,"16,054.5800",GH¢ per GBP,1.605458,GH¢ per GBP,ok,
2005-01-11,JPYGHS,Japanese yen,Buying,77.2000,GH¢ per JPY,,GH¢ per JPY,held,FX1_outlier
2005-01-11,JPYGHS,Japanese yen,Selling,78.2600,GH¢ per JPY,,GH¢ per JPY,held,FX1_outlier
2005-01-11,JPYGHS,Japanese yen,Mid Rate,77.7300,GH¢ per JPY,,GH¢ per JPY,held,FX1_outlier
2005-01-11,NOKGHS,Norwegian Krone,Buying,"1,387.4100",GH¢ per NOK,0.138741,GH¢ per NOK,ok,
2005-01-11,NOKGHS,Norwegian Krone,Selling,"1,406.6200",GH¢ per NOK,0.140662,GH¢ per NOK,ok,
2005-01-11,NOKGHS,Norwegian Krone,Mid Rate,"1,397.0150",GH¢ per NOK,0.1397015,GH¢ per NOK,ok,
2005-01-11,NZDGHS,New Zealand Dollar,Buying,"6,286.7100",GH¢ per NZD,0.628671,GH¢ per NZD,ok,
2005-01-11,NZDGHS,New Zealand Dollar,Selling,"6,386.8400",GH¢ per NZD,0.638684,GH¢ per NZD,ok,
2005-01-11,NZDGHS,New Zealand Dollar,Mid Rate,"6,336.7750",GH¢ per NZD,0.6336775,GH¢ per NZD,ok,
2005-01-11,SEKGHS,Swedish Krona,Buying,"1,131.5300",GH¢ per SEK,,GH¢ per SEK,held,FX1_outlier
2005-01-11,SEKGHS,Swedish Krona,Selling,"1,146.9800",GH¢ per SEK,,GH¢ per SEK,held,FX1_outlier
2005-01-11,SEKGHS,Swedish Krona,Mid Rate,"1,139.2550",GH¢ per SEK,,GH¢ per SEK,held,FX1_outlier
2005-01-12,USDGHS,US Dollar,Buying,"9,000.4500",GH¢ per USD,0.900045,GH¢ per USD,ok,
2005-01-12,USDGHS,US Dollar,Selling,"9,125.0000",GH¢ per USD,0.9125,GH¢ per USD,ok,
2005-01-12,USDGHS,US Dollar,Mid Rate,"9,062.7250",GH¢ per USD,0.9062725,GH¢ per USD,ok,
2005-01-12,AUDGHS,Australian Dollar,Selling,"6,991.8700",GH¢ per AUD,0.699187,GH¢ per AUD,ok,
2005-01-12,AUDGHS,Australian Dollar,Mid Rate,"3,495.9350",GH¢ per AUD,0.3495935,GH¢ per AUD,ok,
2005-01-12,CADGHS,Canadian Dollar,Buying,"7,718.7500",GH¢ per CAD,0.771875,GH¢ per CAD,ok,
2005-01-12,CADGHS,Canadian Dollar,Selling,"7,821.9500",GH¢ per CAD,0.782195,GH¢ per CAD,ok,
2005-01-12,CADGHS,Canadian Dollar,Mid Rate,"7,770.3500",GH¢ per CAD,0.777035,GH¢ per CAD,ok,
2005-01-12,CHFGHS,Swiss Franc,Buying,"7,562.6700",GH¢ per CHF,0.756267,GH¢ per CHF,ok,
2005-01-12,CHFGHS,Swiss Franc,Selling,"7,699.3600",GH¢ per CHF,0.769936,GH¢ per CHF,ok,
2005-01-12,CHFGHS,Swiss Franc,Mid Rate,"7,631.0150",GH¢ per CHF,0.7631015,GH¢ per CHF,ok,
2005-01-12,DKKGHS,Danish Krone,Buying,"1,422.5400",GH¢ per DKK,0.142254,GH¢ per DKK,ok,
2005-01-12,DKKGHS,Danish Krone,Selling,"1,442.0200",GH¢ per DKK,0.144202,GH¢ per DKK,ok,
2005-01-12,DKKGHS,Danish Krone,Mid Rate,"1,432.2800",GH¢ per DKK,0.143228,GH¢ per DKK,ok,
2005-01-12,GBPGHS,Pound Sterling,Buying,"16,740.7300",GH¢ per GBP,1.674073,GH¢ per GBP,ok,
2005-01-12,GBPGHS,Pound Sterling,Selling,"17,054.8600",GH¢ per GBP,1.705486,GH¢ per GBP,ok,
2005-01-12,GBPGHS,Pound Sterling,Mid Rate,"16,897.7950",GH¢ per GBP,1.6897795,GH¢ per GBP,ok,
2005-01-12,JPYGHS,Japanese yen,Buying,86.6000,GH¢ per JPY,0.00866,GH¢ per JPY,ok,
2005-01-12,JPYGHS,Japanese yen,Selling,88.1700,GH¢ per JPY,0.008817,GH¢ per JPY,ok,
2005-01-12,JPYGHS,Japanese yen,Mid Rate,87.3850,GH¢ per JPY,0.0087385,GH¢ per JPY,ok,
2005-01-12,NOKGHS,Norwegian Krone,Buying,"1,429.4000",GH¢ per NOK,0.14294,GH¢ per NOK,ok,
2005-01-12,NOKGHS,Norwegian Krone,Selling,"1,455.2200",GH¢ per NOK,0.145522,GH¢ per NOK,ok,
2005-01-12,NOKGHS,Norwegian Krone,Mid Rate,"1,442.3100",GH¢ per NOK,0.144231,GH¢ per NOK,ok,
2005-01-12,NZDGHS,New Zealand Dollar,Buying,"6,205.7900",GH¢ per NZD,0.620579,GH¢ per NZD,ok,
2005-01-12,NZDGHS,New Zealand Dollar,Selling,"6,327.3500",GH¢ per NZD,0.632735,GH¢ per NZD,ok,
2005-01-12,NZDGHS,New Zealand Dollar,Mid Rate,"6,266.5700",GH¢ per NZD,0.626657,GH¢ per NZD,ok,
2005-01-12,SEKGHS,Swedish Krona,Buying,"1,296.0100",GH¢ per SEK,0.129601,GH¢ per SEK,ok,
2005-01-12,SEKGHS,Swedish Krona,Selling,"1,318.9000",GH¢ per SEK,0.13189,GH¢ per SEK,ok,
2005-01-12,SEKGHS,Swedish Krona,Mid Rate,"1,307.4550",GH¢ per SEK,0.1307455,GH¢ per SEK,ok,
2005-01-13,USDGHS,US Dollar,Buying,"8,947.0000",GH¢ per USD,0.8947,GH¢ per USD,ok,
2005-01-13,USDGHS,US Dollar,Selling,"9,112.4500",GH¢ per USD,0.911245,GH¢ per USD,ok,
2005-01-13,USDGHS,US Dollar,Mid Rate,"9,029.7250",GH¢ per USD,0.9029725,GH¢ per USD,ok,
2005-01-13,AUDGHS,Australian Dollar,Selling,"6,978.8200",GH¢ per AUD,0.697882,GH¢ per AUD,ok,
2005-01-13,AUDGHS,Australian Dollar,Mid Rate,"3,489.4100",GH¢ per AUD,0.348941,GH¢ per AUD,ok,
2005-01-13,CADGHS,Canadian Dollar,Buying,"7,443.4900",GH¢ per CAD,0.744349,GH¢ per CAD,ok,
2005-01-13,CADGHS,Canadian Dollar,Selling,"7,580.0100",GH¢ per CAD,0.758001,GH¢ per CAD,ok,
2005-01-13,CADGHS,Canadian Dollar,Mid Rate,"7,511.7500",GH¢ per CAD,0.751175,GH¢ per CAD,ok,
2005-01-13,CHFGHS,Swiss Franc,Buying,"7,651.2800",GH¢ per CHF,0.765128,GH¢ per CHF,ok,
2005-01-13,CHFGHS,Swiss Franc,Selling,"7,790.0700",GH¢ per CHF,0.779007,GH¢ per CHF,ok,
2005-01-13,CHFGHS,Swiss Franc,Mid Rate,"7,720.6750",GH¢ per CHF,0.7720675,GH¢ per CHF,ok,
2005-01-13,DKKGHS,Danish Krone,Buying,"1,591.8000",GH¢ per DKK,0.15918,GH¢ per DKK,ok,
2005-01-13,DKKGHS,Danish Krone,Selling,"1,620.7900",GH¢ per DKK,0.162079,GH¢ per DKK,ok,
2005-01-13,DKKGHS,Danish Krone,Mid Rate,"1,606.2950",GH¢ per DKK,0.1606295,GH¢ per DKK,ok,
2005-01-13,GBPGHS,Pound Sterling,Buying,"16,911.6200",GH¢ per GBP,1.691162,GH¢ per GBP,ok,
2005-01-13,GBPGHS,Pound Sterling,Selling,"17,231.6400",GH¢ per GBP,1.723164,GH¢ per GBP,ok,
2005-01-13,GBPGHS,Pound Sterling,Mid Rate,"17,071.6300",GH¢ per GBP,1.707163,GH¢ per GBP,ok,
2005-01-13,JPYGHS,Japanese yen,Buying,87.4600,GH¢ per JPY,0.008746,GH¢ per JPY,ok,
2005-01-13,JPYGHS,Japanese yen,Selling,89.0600,GH¢ per JPY,0.008906,GH¢ per JPY,ok,
2005-01-13,JPYGHS,Japanese yen,Mid Rate,88.2600,GH¢ per JPY,0.008826,GH¢ per JPY,ok,
2005-01-13,NOKGHS,Norwegian Krone,Buying,"1,441.7500",GH¢ per NOK,0.144175,GH¢ per NOK,ok,
2005-01-13,NOKGHS,Norwegian Krone,Selling,"1,467.1800",GH¢ per NOK,0.146718,GH¢ per NOK,ok,
2005-01-13,NOKGHS,Norwegian Krone,Mid Rate,"1,454.4650",GH¢ per NOK,0.1454465,GH¢ per NOK,ok,
2005-01-13,NZDGHS,New Zealand Dollar,Buying,"6,302.9600",GH¢ per NZD,0.630296,GH¢ per NZD,ok,
2005-01-13,NZDGHS,New Zealand Dollar,Selling,"6,427.4000",GH¢ per NZD,0.64274,GH¢ per NZD,ok,
2005-01-13,NZDGHS,New Zealand Dollar,Mid Rate,"6,365.1800",GH¢ per NZD,0.636518,GH¢ per NZD,ok,
2005-01-13,SEKGHS,Swedish Krona,Buying,"1,309.2900",GH¢ per SEK,0.130929,GH¢ per SEK,ok,
2005-01-13,SEKGHS,Swedish Krona,Selling,"1,332.4700",GH¢ per SEK,0.133247,GH¢ per SEK,ok,
2005-01-13,SEKGHS,Swedish Krona,Mid Rate,"1,320.8800",GH¢ per SEK,0.132088,GH¢ per SEK,ok,
2005-01-14,USDGHS,US Dollar,Buying,"8,949.7300",GH¢ per USD,0.894973,GH¢ per USD,ok,
2005-01-14,USDGHS,US Dollar,Selling,"9,112.4500",GH¢ per USD,0.911245,GH¢ per USD,ok,
2005-01-14,USDGHS,US Dollar,Mid Rate,"9,031.0900",GH¢ per USD,0.903109,GH¢ per USD,ok,
2005-01-14,AUDGHS,Australian Dollar,Selling,"6,915.6600",GH¢ per AUD,0.691566,GH¢ per AUD,ok,
2005-01-14,AUDGHS,Australian Dollar,Mid Rate,"3,457.8300",GH¢ per AUD,0.345783,GH¢ per AUD,ok,
2005-01-14,CADGHS,Canadian Dollar,Buying,"7,389.5000",GH¢ per CAD,0.73895,GH¢ per CAD,ok,
2005-01-14,CADGHS,Canadian Dollar,Selling,"7,520.4100",GH¢ per CAD,0.752041,GH¢ per CAD,ok,
2005-01-14,CADGHS,Canadian Dollar,Mid Rate,"7,454.9550",GH¢ per CAD,0.7454955,GH¢ per CAD,ok,
2005-01-14,CHFGHS,Swiss Franc,Buying,"7,573.8800",GH¢ per CHF,0.757388,GH¢ per CHF,ok,
2005-01-14,CHFGHS,Swiss Franc,Selling,"7,709.3300",GH¢ per CHF,0.770933,GH¢ per CHF,ok,
2005-01-14,CHFGHS,Swiss Franc,Mid Rate,"7,641.6050",GH¢ per CHF,0.7641605,GH¢ per CHF,ok,
2005-01-14,DKKGHS,Danish Krone,Buying,"1,577.9600",GH¢ per DKK,0.157796,GH¢ per DKK,ok,
2005-01-14,DKKGHS,Danish Krone,Selling,"1,606.0000",GH¢ per DKK,0.1606,GH¢ per DKK,ok,
2005-01-14,DKKGHS,Danish Krone,Mid Rate,"1,591.9800",GH¢ per DKK,0.159198,GH¢ per DKK,ok,
2005-01-14,GBPGHS,Pound Sterling,Buying,"16,755.6800",GH¢ per GBP,1.675568,GH¢ per GBP,ok,
2005-01-14,GBPGHS,Pound Sterling,Selling,"17,063.0600",GH¢ per GBP,1.706306,GH¢ per GBP,ok,
2005-01-14,GBPGHS,Pound Sterling,Mid Rate,"16,909.3700",GH¢ per GBP,1.690937,GH¢ per GBP,ok,
2005-01-14,JPYGHS,Japanese yen,Buying,86.9900,GH¢ per JPY,0.008699,GH¢ per JPY,ok,
2005-01-14,JPYGHS,Japanese yen,Selling,88.5300,GH¢ per JPY,0.008853,GH¢ per JPY,ok,
2005-01-14,JPYGHS,Japanese yen,Mid Rate,87.7600,GH¢ per JPY,0.008776,GH¢ per JPY,ok,
2005-01-14,NOKGHS,Norwegian Krone,Buying,"1,436.1000",GH¢ per NOK,0.14361,GH¢ per NOK,ok,
2005-01-14,NOKGHS,Norwegian Krone,Selling,"1,461.1900",GH¢ per NOK,0.146119,GH¢ per NOK,ok,
2005-01-14,NOKGHS,Norwegian Krone,Mid Rate,"1,448.6450",GH¢ per NOK,0.1448645,GH¢ per NOK,ok,
2005-01-14,NZDGHS,New Zealand Dollar,Buying,"6,253.2200",GH¢ per NZD,0.625322,GH¢ per NZD,ok,
2005-01-14,NZDGHS,New Zealand Dollar,Selling,"6,373.0500",GH¢ per NZD,0.637305,GH¢ per NZD,ok,
2005-01-14,NZDGHS,New Zealand Dollar,Mid Rate,"6,313.1350",GH¢ per NZD,0.6313135,GH¢ per NZD,ok,
2005-01-14,SEKGHS,Swedish Krona,Buying,"1,298.5500",GH¢ per SEK,0.129855,GH¢ per SEK,ok,
2005-01-14,SEKGHS,Swedish Krona,Selling,"1,321.3100",GH¢ per SEK,0.132131,GH¢ per SEK,ok,
2005-01-14,SEKGHS,Swedish Krona,Mid Rate,"1,309.9300",GH¢ per SEK,0.130993,GH¢ per SEK,ok,
2005-01-17,USDGHS,US Dollar,Buying,"8,950.0000",GH¢ per USD,0.895,GH¢ per USD,ok,
2005-01-17,USDGHS,US Dollar,Selling,"9,112.4500",GH¢ per USD,0.911245,GH¢ per USD,ok,
2005-01-17,USDGHS,US Dollar,Mid Rate,"9,031.2250",GH¢ per USD,0.9031225,GH¢ per USD,ok,
2005-01-17,AUDGHS,Australian Dollar,Selling,"6,925.1600",GH¢ per AUD,0.692516,GH¢ per AUD,ok,
2005-01-17,AUDGHS,Australian Dollar,Mid Rate,"3,462.5800",GH¢ per AUD,0.346258,GH¢ per AUD,ok,
2005-01-17,CADGHS,Canadian Dollar,Buying,"7,370.9800",GH¢ per CAD,0.737098,GH¢ per CAD,ok,
2005-01-17,CADGHS,Canadian Dollar,Selling,"7,502.0800",GH¢ per CAD,0.750208,GH¢ per CAD,ok,
2005-01-17,CADGHS,Canadian Dollar,Mid Rate,"7,436.5300",GH¢ per CAD,0.743653,GH¢ per CAD,ok,
2005-01-17,CHFGHS,Swiss Franc,Buying,"7,591.0800",GH¢ per CHF,0.759108,GH¢ per CHF,ok,
2005-01-17,CHFGHS,Swiss Franc,Selling,"7,726.6600",GH¢ per CHF,0.772666,GH¢ per CHF,ok,
2005-01-17,CHFGHS,Swiss Franc,Mid Rate,"7,658.8700",GH¢ per CHF,0.765887,GH¢ per CHF,ok,
2005-01-17,DKKGHS,Danish Krone,Buying,"1,578.3500",GH¢ per DKK,0.157835,GH¢ per DKK,ok,
2005-01-17,DKKGHS,Danish Krone,Selling,"1,606.0500",GH¢ per DKK,0.160605,GH¢ per DKK,ok,
2005-01-17,DKKGHS,Danish Krone,Mid Rate,"1,592.2000",GH¢ per DKK,0.15922,GH¢ per DKK,ok,
2005-01-17,GBPGHS,Pound Sterling,Buying,"16,753.5000",GH¢ per GBP,1.67535,GH¢ per GBP,ok,
2005-01-17,GBPGHS,Pound Sterling,Selling,"17,061.2400",GH¢ per GBP,1.706124,GH¢ per GBP,ok,
2005-01-17,GBPGHS,Pound Sterling,Mid Rate,"16,907.3700",GH¢ per GBP,1.690737,GH¢ per GBP,ok,
2005-01-17,JPYGHS,Japanese yen,Buying,87.8900,GH¢ per JPY,0.008789,GH¢ per JPY,ok,
2005-01-17,JPYGHS,Japanese yen,Selling,89.4500,GH¢ per JPY,0.008945,GH¢ per JPY,ok,
2005-01-17,JPYGHS,Japanese yen,Mid Rate,88.6700,GH¢ per JPY,0.008867,GH¢ per JPY,ok,
2005-01-17,NOKGHS,Norwegian Krone,Buying,"1,431.4500",GH¢ per NOK,0.143145,GH¢ per NOK,ok,
2005-01-17,NOKGHS,Norwegian Krone,Selling,"1,455.8400",GH¢ per NOK,0.145584,GH¢ per NOK,ok,
2005-01-17,NOKGHS,Norwegian Krone,Mid Rate,"1,443.6450",GH¢ per NOK,0.1443645,GH¢ per NOK,ok,
2005-01-17,NZDGHS,New Zealand Dollar,Buying,"6,259.1100",GH¢ per NZD,0.625911,GH¢ per NZD,ok,
2005-01-17,NZDGHS,New Zealand Dollar,Selling,"6,379.2000",GH¢ per NZD,0.63792,GH¢ per NZD,ok,
2005-01-17,NZDGHS,New Zealand Dollar,Mid Rate,"6,319.1550",GH¢ per NZD,0.6319155,GH¢ per NZD,ok,
2005-01-17,SEKGHS,Swedish Krona,Buying,"1,294.9700",GH¢ per SEK,0.129497,GH¢ per SEK,ok,
2005-01-17,SEKGHS,Swedish Krona,Selling,"1,317.8300",GH¢ per SEK,0.131783,GH¢ per SEK,ok,
2005-01-17,SEKGHS,Swedish Krona,Mid Rate,"1,306.4000",GH¢ per SEK,0.13064,GH¢ per SEK,ok,
2005-01-18,USDGHS,US Dollar,Buying,"8,950.0000",GH¢ per USD,0.895,GH¢ per USD,ok,
2005-01-18,USDGHS,US Dollar,Selling,"9,112.4500",GH¢ per USD,0.911245,GH¢ per USD,ok,
2005-01-18,USDGHS,US Dollar,Mid Rate,"9,031.2250",GH¢ per USD,0.9031225,GH¢ per USD,ok,
2005-01-18,AUDGHS,Australian Dollar,Selling,"6,849.6500",GH¢ per AUD,0.684965,GH¢ per AUD,ok,
2005-01-18,AUDGHS,Australian Dollar,Mid Rate,"3,424.8250",GH¢ per AUD,0.3424825,GH¢ per AUD,ok,
2005-01-18,CADGHS,Canadian Dollar,Buying,"7,306.8000",GH¢ per CAD,0.73068,GH¢ per CAD,ok,
2005-01-18,CADGHS,Canadian Dollar,Selling,"7,436.7700",GH¢ per CAD,0.743677,GH¢ per CAD,ok,
2005-01-18,CADGHS,Canadian Dollar,Mid Rate,"7,371.7850",GH¢ per CAD,0.7371785,GH¢ per CAD,ok,
2005-01-18,CHFGHS,Swiss Franc,Buying,"7,532.4800",GH¢ per CHF,0.753248,GH¢ per CHF,ok,
2005-01-18,CHFGHS,Swiss Franc,Selling,"7,666.3400",GH¢ per CHF,0.766634,GH¢ per CHF,ok,
2005-01-18,CHFGHS,Swiss Franc,Mid Rate,"7,599.4100",GH¢ per CHF,0.759941,GH¢ per CHF,ok,
2005-01-18,DKKGHS,Danish Krone,Buying,"1,565.8700",GH¢ per DKK,0.156587,GH¢ per DKK,ok,
2005-01-18,DKKGHS,Danish Krone,Selling,"1,593.4500",GH¢ per DKK,0.159345,GH¢ per DKK,ok,
2005-01-18,DKKGHS,Danish Krone,Mid Rate,"1,579.6600",GH¢ per DKK,0.157966,GH¢ per DKK,ok,
2005-01-18,GBPGHS,Pound Sterling,Buying,"16,607.6200",GH¢ per GBP,1.660762,GH¢ per GBP,ok,
2005-01-18,GBPGHS,Pound Sterling,Selling,"16,912.7100",GH¢ per GBP,1.691271,GH¢ per GBP,ok,
2005-01-18,GBPGHS,Pound Sterling,Mid Rate,"16,760.1650",GH¢ per GBP,1.6760165,GH¢ per GBP,ok,
2005-01-18,JPYGHS,Japanese yen,Buying,87.2300,GH¢ per JPY,0.008723,GH¢ per JPY,ok,
2005-01-18,JPYGHS,Japanese yen,Selling,88.7800,GH¢ per JPY,0.008878,GH¢ per JPY,ok,
2005-01-18,JPYGHS,Japanese yen,Mid Rate,88.0050,GH¢ per JPY,0.0088005,GH¢ per JPY,ok,
2005-01-18,NOKGHS,Norwegian Krone,Buying,"1,424.4600",GH¢ per NOK,0.142446,GH¢ per NOK,ok,
2005-01-18,NOKGHS,Norwegian Krone,Selling,"1,449.1600",GH¢ per NOK,0.144916,GH¢ per NOK,ok,
2005-01-18,NOKGHS,Norwegian Krone,Mid Rate,"1,436.8100",GH¢ per NOK,0.143681,GH¢ per NOK,ok,
2005-01-18,NZDGHS,New Zealand Dollar,Buying,"6,183.0200",GH¢ per NZD,0.618302,GH¢ per NZD,ok,
2005-01-18,NZDGHS,New Zealand Dollar,Selling,"6,303.3700",GH¢ per NZD,0.630337,GH¢ per NZD,ok,
2005-01-18,NZDGHS,New Zealand Dollar,Mid Rate,"6,243.1950",GH¢ per NZD,0.6243195,GH¢ per NZD,ok,
2005-01-18,SEKGHS,Swedish Krona,Buying,"1,286.4700",GH¢ per SEK,0.128647,GH¢ per SEK,ok,
2005-01-18,SEKGHS,Swedish Krona,Selling,"1,309.2500",GH¢ per SEK,0.130925,GH¢ per SEK,ok,
2005-01-18,SEKGHS,Swedish Krona,Mid Rate,"1,297.8600",GH¢ per SEK,0.129786,GH¢ per SEK,ok,
2005-01-19,USDGHS,US Dollar,Buying,"8,950.0000",GH¢ per USD,0.895,GH¢ per USD,ok,
2005-01-19,USDGHS,US Dollar,Selling,"9,111.5500",GH¢ per USD,0.911155,GH¢ per USD,ok,
2005-01-19,USDGHS,US Dollar,Mid Rate,"9,030.7750",GH¢ per USD,0.9030775,GH¢ per USD,ok,
2005-01-19,AUDGHS,Australian Dollar,Selling,"6,940.2700",GH¢ per AUD,0.694027,GH¢ per AUD,ok,
2005-01-19,AUDGHS,Australian Dollar,Mid Rate,"3,470.1350",GH¢ per AUD,0.3470135,GH¢ per AUD,ok,
2005-01-19,CADGHS,Canadian Dollar,Buying,"7,339.9500",GH¢ per CAD,0.733995,GH¢ per CAD,ok,
2005-01-19,CADGHS,Canadian Dollar,Selling,"7,468.5800",GH¢ per CAD,0.746858,GH¢ per CAD,ok,
2005-01-19,CADGHS,Canadian Dollar,Mid Rate,"7,404.2650",GH¢ per CAD,0.7404265,GH¢ per CAD,ok,
2005-01-19,CHFGHS,Swiss Franc,Buying,"7,576.6900",GH¢ per CHF,0.757669,GH¢ per CHF,ok,
2005-01-19,CHFGHS,Swiss Franc,Selling,"7,707.5900",GH¢ per CHF,0.770759,GH¢ per CHF,ok,
2005-01-19,CHFGHS,Swiss Franc,Mid Rate,"7,642.1400",GH¢ per CHF,0.764214,GH¢ per CHF,ok,
2005-01-19,DKKGHS,Danish Krone,Buying,"1,571.5000",GH¢ per DKK,0.15715,GH¢ per DKK,ok,
2005-01-19,DKKGHS,Danish Krone,Selling,"1,598.6000",GH¢ per DKK,0.15986,GH¢ per DKK,ok,
2005-01-19,DKKGHS,Danish Krone,Mid Rate,"1,585.0500",GH¢ per DKK,0.158505,GH¢ per DKK,ok,
2005-01-19,GBPGHS,Pound Sterling,Buying,"16,749.0300",GH¢ per GBP,1.674903,GH¢ per GBP,ok,
2005-01-19,GBPGHS,Pound Sterling,Selling,"17,052.2700",GH¢ per GBP,1.705227,GH¢ per GBP,ok,
2005-01-19,GBPGHS,Pound Sterling,Mid Rate,"16,900.6500",GH¢ per GBP,1.690065,GH¢ per GBP,ok,
2005-01-19,JPYGHS,Japanese yen,Buying,87.4700,GH¢ per JPY,0.008747,GH¢ per JPY,ok,
2005-01-19,JPYGHS,Japanese yen,Selling,89.0000,GH¢ per JPY,0.0089,GH¢ per JPY,ok,
2005-01-19,JPYGHS,Japanese yen,Mid Rate,88.2350,GH¢ per JPY,0.0088235,GH¢ per JPY,ok,
2005-01-19,NOKGHS,Norwegian Krone,Buying,"1,435.3800",GH¢ per NOK,0.143538,GH¢ per NOK,ok,
2005-01-19,NOKGHS,Norwegian Krone,Selling,"1,460.2000",GH¢ per NOK,0.14602,GH¢ per NOK,ok,
2005-01-19,NOKGHS,Norwegian Krone,Mid Rate,"1,447.7900",GH¢ per NOK,0.144779,GH¢ per NOK,ok,
2005-01-19,NZDGHS,New Zealand Dollar,Buying,"6,292.6100",GH¢ per NZD,0.629261,GH¢ per NZD,ok,
2005-01-19,NZDGHS,New Zealand Dollar,Selling,"6,416.7700",GH¢ per NZD,0.641677,GH¢ per NZD,ok,
2005-01-19,NZDGHS,New Zealand Dollar,Mid Rate,"6,354.6900",GH¢ per NZD,0.635469,GH¢ per NZD,ok,
2005-01-19,SEKGHS,Swedish Krona,Buying,"1,296.6700",GH¢ per SEK,0.129667,GH¢ per SEK,ok,
2005-01-19,SEKGHS,Swedish Krona,Selling,"1,318.5700",GH¢ per SEK,0.131857,GH¢ per SEK,ok,
2005-01-19,SEKGHS,Swedish Krona,Mid Rate,"1,307.6200",GH¢ per SEK,0.130762,GH¢ per SEK,ok,
2005-01-21,USDGHS,US Dollar,Buying,"8,950.0000",GH¢ per USD,0.895,GH¢ per USD,ok,
2005-01-21,USDGHS,US Dollar,Selling,"9,111.5500",GH¢ per USD,0.911155,GH¢ per USD,ok,
2005-01-21,USDGHS,US Dollar,Mid Rate,"9,030.7750",GH¢ per USD,0.9030775,GH¢ per USD,ok,
2005-01-21,AUDGHS,Australian Dollar,Selling,"6,943.4600",GH¢ per AUD,0.694346,GH¢ per AUD,ok,
2005-01-21,AUDGHS,Australian Dollar,Mid Rate,"3,471.7300",GH¢ per AUD,0.347173,GH¢ per AUD,ok,
2005-01-21,CADGHS,Canadian Dollar,Buying,"7,272.5300",GH¢ per CAD,0.727253,GH¢ per CAD,ok,
2005-01-21,CADGHS,Canadian Dollar,Selling,"7,401.4500",GH¢ per CAD,0.740145,GH¢ per CAD,ok,
2005-01-21,CADGHS,Canadian Dollar,Mid Rate,"7,336.9900",GH¢ per CAD,0.733699,GH¢ per CAD,ok,
2005-01-21,CHFGHS,Swiss Franc,Buying,"7,514.2700",GH¢ per CHF,0.751427,GH¢ per CHF,ok,
2005-01-21,CHFGHS,Swiss Franc,Selling,"7,648.0500",GH¢ per CHF,0.764805,GH¢ per CHF,ok,
2005-01-21,CHFGHS,Swiss Franc,Mid Rate,"7,581.1600",GH¢ per CHF,0.758116,GH¢ per CHF,ok,
2005-01-21,DKKGHS,Danish Krone,Buying,"1,562.1700",GH¢ per DKK,0.156217,GH¢ per DKK,ok,
2005-01-21,DKKGHS,Danish Krone,Selling,"1,588.9600",GH¢ per DKK,0.158896,GH¢ per DKK,ok,
2005-01-21,DKKGHS,Danish Krone,Mid Rate,"1,575.5650",GH¢ per DKK,0.1575565,GH¢ per DKK,ok,
2005-01-21,GBPGHS,Pound Sterling,Buying,"16,750.8200",GH¢ per GBP,1.675082,GH¢ per GBP,ok,
2005-01-21,GBPGHS,Pound Sterling,Selling,"17,055.9100",GH¢ per GBP,1.705591,GH¢ per GBP,ok,
2005-01-21,GBPGHS,Pound Sterling,Mid Rate,"16,903.3650",GH¢ per GBP,1.6903365,GH¢ per GBP,ok,
2005-01-21,JPYGHS,Japanese yen,Buying,86.3000,GH¢ per JPY,0.00863,GH¢ per JPY,ok,
2005-01-21,JPYGHS,Japanese yen,Selling,87.8100,GH¢ per JPY,0.008781,GH¢ per JPY,ok,
2005-01-21,JPYGHS,Japanese yen,Mid Rate,87.0550,GH¢ per JPY,0.0087055,GH¢ per JPY,ok,
2005-01-21,NOKGHS,Norwegian Krone,Buying,"1,416.4900",GH¢ per NOK,0.141649,GH¢ per NOK,ok,
2005-01-21,NOKGHS,Norwegian Krone,Selling,"1,440.4800",GH¢ per NOK,0.144048,GH¢ per NOK,ok,
2005-01-21,NOKGHS,Norwegian Krone,Mid Rate,"1,428.4850",GH¢ per NOK,0.1428485,GH¢ per NOK,ok,
2005-01-21,NZDGHS,New Zealand Dollar,Buying,"6,336.8400",GH¢ per NZD,0.633684,GH¢ per NZD,ok,
2005-01-21,NZDGHS,New Zealand Dollar,Selling,"6,457.3700",GH¢ per NZD,0.645737,GH¢ per NZD,ok,
2005-01-21,NZDGHS,New Zealand Dollar,Mid Rate,"6,397.1050",GH¢ per NZD,0.6397105,GH¢ per NZD,ok,
2005-01-21,SEKGHS,Swedish Krona,Buying,"1,284.3200",GH¢ per SEK,0.128432,GH¢ per SEK,ok,
2005-01-21,SEKGHS,Swedish Krona,Selling,"1,306.5700",GH¢ per SEK,0.130657,GH¢ per SEK,ok,
2005-01-21,SEKGHS,Swedish Krona,Mid Rate,"1,295.4450",GH¢ per SEK,0.1295445,GH¢ per SEK,ok,
2005-01-24,USDGHS,US Dollar,Buying,"8,950.0000",GH¢ per USD,0.895,GH¢ per USD,ok,
2005-01-24,USDGHS,US Dollar,Selling,"9,111.4500",GH¢ per USD,0.911145,GH¢ per USD,ok,
2005-01-24,USDGHS,US Dollar,Mid Rate,"9,030.7250",GH¢ per USD,0.9030725,GH¢ per USD,ok,
2005-01-24,AUDGHS,Australian Dollar,Selling,"7,027.0000",GH¢ per AUD,0.7027,GH¢ per AUD,ok,
2005-01-24,AUDGHS,Australian Dollar,Mid Rate,"3,513.5000",GH¢ per AUD,0.35135,GH¢ per AUD,ok,
2005-01-24,CADGHS,Canadian Dollar,Buying,"7,340.9900",GH¢ per CAD,0.734099,GH¢ per CAD,ok,
2005-01-24,CADGHS,Canadian Dollar,Selling,"7,470.8500",GH¢ per CAD,0.747085,GH¢ per CAD,ok,
2005-01-24,CADGHS,Canadian Dollar,Mid Rate,"7,405.9200",GH¢ per CAD,0.740592,GH¢ per CAD,ok,
2005-01-24,CHFGHS,Swiss Franc,Buying,"7,574.3800",GH¢ per CHF,0.757438,GH¢ per CHF,ok,
2005-01-24,CHFGHS,Swiss Franc,Selling,"7,708.5800",GH¢ per CHF,0.770858,GH¢ per CHF,ok,
2005-01-24,CHFGHS,Swiss Franc,Mid Rate,"7,641.4800",GH¢ per CHF,0.764148,GH¢ per CHF,ok,
2005-01-24,DKKGHS,Danish Krone,Buying,"1,572.3600",GH¢ per DKK,0.157236,GH¢ per DKK,ok,
2005-01-24,DKKGHS,Danish Krone,Selling,"1,600.1700",GH¢ per DKK,0.160017,GH¢ per DKK,ok,
2005-01-24,DKKGHS,Danish Krone,Mid Rate,"1,586.2650",GH¢ per DKK,0.1586265,GH¢ per DKK,ok,
2005-01-24,GBPGHS,Pound Sterling,Buying,"16,843.9000",GH¢ per GBP,1.68439,GH¢ per GBP,ok,
2005-01-24,GBPGHS,Pound Sterling,Selling,"17,151.6800",GH¢ per GBP,1.715168,GH¢ per GBP,ok,
2005-01-24,GBPGHS,Pound Sterling,Mid Rate,"16,997.7900",GH¢ per GBP,1.699779,GH¢ per GBP,ok,
2005-01-24,JPYGHS,Japanese yen,Buying,87.0600,GH¢ per JPY,0.008706,GH¢ per JPY,ok,
2005-01-24,JPYGHS,Japanese yen,Selling,88.6000,GH¢ per JPY,0.00886,GH¢ per JPY,ok,
2005-01-24,JPYGHS,Japanese yen,Mid Rate,87.8300,GH¢ per JPY,0.008783,GH¢ per JPY,ok,
2005-01-24,NOKGHS,Norwegian Krone,Buying,"1,428.0500",GH¢ per NOK,0.142805,GH¢ per NOK,ok,
2005-01-24,NOKGHS,Norwegian Krone,Selling,"1,452.3300",GH¢ per NOK,0.145233,GH¢ per NOK,ok,
2005-01-24,NOKGHS,Norwegian Krone,Mid Rate,"1,440.1900",GH¢ per NOK,0.144019,GH¢ per NOK,ok,
2005-01-24,NZDGHS,New Zealand Dollar,Buying,"6,402.3700",GH¢ per NZD,0.640237,GH¢ per NZD,ok,
2005-01-24,NZDGHS,New Zealand Dollar,Selling,"6,526.1800",GH¢ per NZD,0.652618,GH¢ per NZD,ok,
2005-01-24,NZDGHS,New Zealand Dollar,Mid Rate,"6,464.2750",GH¢ per NZD,0.6464275,GH¢ per NZD,ok,
2005-01-24,SEKGHS,Swedish Krona,Buying,"1,292.3300",GH¢ per SEK,0.129233,GH¢ per SEK,ok,
2005-01-24,SEKGHS,Swedish Krona,Selling,"1,314.7200",GH¢ per SEK,0.131472,GH¢ per SEK,ok,
2005-01-24,SEKGHS,Swedish Krona,Mid Rate,"1,303.5250",GH¢ per SEK,0.1303525,GH¢ per SEK,ok,
2005-01-25,USDGHS,US Dollar,Buying,"8,950.0000",GH¢ per USD,0.895,GH¢ per USD,ok,
2005-01-25,USDGHS,US Dollar,Selling,"9,111.5500",GH¢ per USD,0.911155,GH¢ per USD,ok,
2005-01-25,USDGHS,US Dollar,Mid Rate,"9,030.7750",GH¢ per USD,0.9030775,GH¢ per USD,ok,
2005-01-25,AUDGHS,Australian Dollar,Selling,"7,027.4700",GH¢ per AUD,0.702747,GH¢ per AUD,ok,
2005-01-25,AUDGHS,Australian Dollar,Mid Rate,"3,513.7350",GH¢ per AUD,0.3513735,GH¢ per AUD,ok,
2005-01-25,CADGHS,Canadian Dollar,Buying,"7,323.7900",GH¢ per CAD,0.732379,GH¢ per CAD,ok,
2005-01-25,CADGHS,Canadian Dollar,Selling,"7,452.7000",GH¢ per CAD,0.74527,GH¢ per CAD,ok,
2005-01-25,CADGHS,Canadian Dollar,Mid Rate,"7,388.2450",GH¢ per CAD,0.7388245,GH¢ per CAD,ok,
2005-01-25,CHFGHS,Swiss Franc,Buying,"7,570.1900",GH¢ per CHF,0.757019,GH¢ per CHF,ok,
2005-01-25,CHFGHS,Swiss Franc,Selling,"7,700.9300",GH¢ per CHF,0.770093,GH¢ per CHF,ok,
2005-01-25,CHFGHS,Swiss Franc,Mid Rate,"7,635.5600",GH¢ per CHF,0.763556,GH¢ per CHF,ok,
2005-01-25,DKKGHS,Danish Krone,Buying,"1,570.9500",GH¢ per DKK,0.157095,GH¢ per DKK,ok,
2005-01-25,DKKGHS,Danish Krone,Selling,"1,598.4500",GH¢ per DKK,0.159845,GH¢ per DKK,ok,
2005-01-25,DKKGHS,Danish Krone,Mid Rate,"1,584.7000",GH¢ per DKK,0.15847,GH¢ per DKK,ok,
2005-01-25,GBPGHS,Pound Sterling,Buying,"16,808.1000",GH¢ per GBP,1.68081,GH¢ per GBP,ok,
2005-01-25,GBPGHS,Pound Sterling,Selling,"17,115.1400",GH¢ per GBP,1.711514,GH¢ per GBP,ok,
2005-01-25,GBPGHS,Pound Sterling,Mid Rate,"16,961.6200",GH¢ per GBP,1.696162,GH¢ per GBP,ok,
2005-01-25,JPYGHS,Japanese yen,Buying,86.7500,GH¢ per JPY,0.008675,GH¢ per JPY,ok,
2005-01-25,JPYGHS,Japanese yen,Selling,88.2800,GH¢ per JPY,0.008828,GH¢ per JPY,ok,
2005-01-25,JPYGHS,Japanese yen,Mid Rate,87.5150,GH¢ per JPY,0.0087515,GH¢ per JPY,ok,
2005-01-25,NOKGHS,Norwegian Krone,Buying,"1,425.5400",GH¢ per NOK,0.142554,GH¢ per NOK,ok,
2005-01-25,NOKGHS,Norwegian Krone,Selling,"1,450.1200",GH¢ per NOK,0.145012,GH¢ per NOK,ok,
2005-01-25,NOKGHS,Norwegian Krone,Mid Rate,"1,437.8300",GH¢ per NOK,0.143783,GH¢ per NOK,ok,
2005-01-25,NZDGHS,New Zealand Dollar,Buying,"6,385.4000",GH¢ per NZD,0.63854,GH¢ per NZD,ok,
2005-01-25,NZDGHS,New Zealand Dollar,Selling,"6,507.1700",GH¢ per NZD,0.650717,GH¢ per NZD,ok,
2005-01-25,NZDGHS,New Zealand Dollar,Mid Rate,"6,446.2850",GH¢ per NZD,0.6446285,GH¢ per NZD,ok,
2005-01-25,SEKGHS,Swedish Krona,Buying,"1,289.2200",GH¢ per SEK,0.128922,GH¢ per SEK,ok,
2005-01-25,SEKGHS,Swedish Krona,Selling,"1,311.8700",GH¢ per SEK,0.131187,GH¢ per SEK,ok,
2005-01-25,SEKGHS,Swedish Krona,Mid Rate,"1,300.5450",GH¢ per SEK,0.1300545,GH¢ per SEK,ok,
2005-01-26,USDGHS,US Dollar,Buying,"8,950.0000",GH¢ per USD,0.895,GH¢ per USD,ok,
2005-01-26,USDGHS,US Dollar,Selling,"9,111.5500",GH¢ per USD,0.911155,GH¢ per USD,ok,
2005-01-26,USDGHS,US Dollar,Mid Rate,"9,030.7750",GH¢ per USD,0.9030775,GH¢ per USD,ok,
2005-01-26,AUDGHS,Australian Dollar,Selling,"7,000.8200",GH¢ per AUD,0.700082,GH¢ per AUD,ok,
2005-01-26,AUDGHS,Australian Dollar,Mid Rate,"3,500.4100",GH¢ per AUD,0.350041,GH¢ per AUD,ok,
2005-01-26,CADGHS,Canadian Dollar,Buying,"7,242.7800",GH¢ per CAD,0.724278,GH¢ per CAD,ok,
2005-01-26,CADGHS,Canadian Dollar,Selling,"7,366.9700",GH¢ per CAD,0.736697,GH¢ per CAD,ok,
2005-01-26,CADGHS,Canadian Dollar,Mid Rate,"7,304.8750",GH¢ per CAD,0.7304875,GH¢ per CAD,ok,
2005-01-26,CHFGHS,Swiss Franc,Buying,"7,508.0800",GH¢ per CHF,0.750808,GH¢ per CHF,ok,
2005-01-26,CHFGHS,Swiss Franc,Selling,"7,639.6200",GH¢ per CHF,0.763962,GH¢ per CHF,ok,
2005-01-26,CHFGHS,Swiss Franc,Mid Rate,"7,573.8500",GH¢ per CHF,0.757385,GH¢ per CHF,ok,
2005-01-26,DKKGHS,Danish Krone,Buying,"1,562.7200",GH¢ per DKK,0.156272,GH¢ per DKK,ok,
2005-01-26,DKKGHS,Danish Krone,Selling,"1,590.0100",GH¢ per DKK,0.159001,GH¢ per DKK,ok,
2005-01-26,DKKGHS,Danish Krone,Mid Rate,"1,576.3650",GH¢ per DKK,0.1576365,GH¢ per DKK,ok,
2005-01-26,GBPGHS,Pound Sterling,Buying,"16,725.7600",GH¢ per GBP,1.672576,GH¢ per GBP,ok,
2005-01-26,GBPGHS,Pound Sterling,Selling,"17,029.4900",GH¢ per GBP,1.702949,GH¢ per GBP,ok,
2005-01-26,GBPGHS,Pound Sterling,Mid Rate,"16,877.6250",GH¢ per GBP,1.6877625,GH¢ per GBP,ok,
2005-01-26,JPYGHS,Japanese yen,Buying,86.4200,GH¢ per JPY,0.008642,GH¢ per JPY,ok,
2005-01-26,JPYGHS,Japanese yen,Selling,87.9400,GH¢ per JPY,0.008794,GH¢ per JPY,ok,
2005-01-26,JPYGHS,Japanese yen,Mid Rate,87.1800,GH¢ per JPY,0.008718,GH¢ per JPY,ok,
2005-01-26,NOKGHS,Norwegian Krone,Buying,"1,411.8500",GH¢ per NOK,0.141185,GH¢ per NOK,ok,
2005-01-26,NOKGHS,Norwegian Krone,Selling,"1,436.1300",GH¢ per NOK,0.143613,GH¢ per NOK,ok,
2005-01-26,NOKGHS,Norwegian Krone,Mid Rate,"1,423.9900",GH¢ per NOK,0.142399,GH¢ per NOK,ok,
2005-01-26,NZDGHS,New Zealand Dollar,Buying,"6,374.1900",GH¢ per NZD,0.637419,GH¢ per NZD,ok,
2005-01-26,NZDGHS,New Zealand Dollar,Selling,"6,496.7500",GH¢ per NZD,0.649675,GH¢ per NZD,ok,
2005-01-26,NZDGHS,New Zealand Dollar,Mid Rate,"6,435.4700",GH¢ per NZD,0.643547,GH¢ per NZD,ok,
2005-01-26,SEKGHS,Swedish Krona,Buying,"1,280.0800",GH¢ per SEK,0.128008,GH¢ per SEK,ok,
2005-01-26,SEKGHS,Swedish Krona,Selling,"1,302.5600",GH¢ per SEK,0.130256,GH¢ per SEK,ok,
2005-01-26,SEKGHS,Swedish Krona,Mid Rate,"1,291.3200",GH¢ per SEK,0.129132,GH¢ per SEK,ok,
2005-01-27,USDGHS,US Dollar,Buying,"8,950.0000",GH¢ per USD,0.895,GH¢ per USD,ok,
2005-01-27,USDGHS,US Dollar,Selling,"9,111.5500",GH¢ per USD,0.911155,GH¢ per USD,ok,
2005-01-27,USDGHS,US Dollar,Mid Rate,"9,030.7750",GH¢ per USD,0.9030775,GH¢ per USD,ok,
2005-01-27,AUDGHS,Australian Dollar,Selling,"7,088.4000",GH¢ per AUD,0.70884,GH¢ per AUD,ok,
2005-01-27,AUDGHS,Australian Dollar,Mid Rate,"3,544.2000",GH¢ per AUD,0.35442,GH¢ per AUD,ok,
2005-01-27,CADGHS,Canadian Dollar,Buying,"7,262.1700",GH¢ per CAD,0.726217,GH¢ per CAD,ok,
2005-01-27,CADGHS,Canadian Dollar,Selling,"7,381.2400",GH¢ per CAD,0.738124,GH¢ per CAD,ok,
2005-01-27,CADGHS,Canadian Dollar,Mid Rate,"7,321.7050",GH¢ per CAD,0.7321705,GH¢ per CAD,ok,
2005-01-27,CHFGHS,Swiss Franc,Buying,"7,586.4500",GH¢ per CHF,0.758645,GH¢ per CHF,ok,
2005-01-27,CHFGHS,Swiss Franc,Selling,"7,720.9200",GH¢ per CHF,0.772092,GH¢ per CHF,ok,
2005-01-27,CHFGHS,Swiss Franc,Mid Rate,"7,653.6850",GH¢ per CHF,0.7653685,GH¢ per CHF,ok,
2005-01-27,DKKGHS,Danish Krone,Buying,"1,576.6800",GH¢ per DKK,0.157668,GH¢ per DKK,ok,
2005-01-27,DKKGHS,Danish Krone,Selling,"1,604.8600",GH¢ per DKK,0.160486,GH¢ per DKK,ok,
2005-01-27,DKKGHS,Danish Krone,Mid Rate,"1,590.7700",GH¢ per DKK,0.159077,GH¢ per DKK,ok,
2005-01-27,GBPGHS,Pound Sterling,Buying,"16,870.7500",GH¢ per GBP,1.687075,GH¢ per GBP,ok,
2005-01-27,GBPGHS,Pound Sterling,Selling,"17,179.8300",GH¢ per GBP,1.717983,GH¢ per GBP,ok,
2005-01-27,GBPGHS,Pound Sterling,Mid Rate,"17,025.2900",GH¢ per GBP,1.702529,GH¢ per GBP,ok,
2005-01-27,JPYGHS,Japanese yen,Buying,86.7600,GH¢ per JPY,0.008676,GH¢ per JPY,ok,
2005-01-27,JPYGHS,Japanese yen,Selling,88.2900,GH¢ per JPY,0.008829,GH¢ per JPY,ok,
2005-01-27,JPYGHS,Japanese yen,Mid Rate,87.5250,GH¢ per JPY,0.0087525,GH¢ per JPY,ok,
2005-01-27,NOKGHS,Norwegian Krone,Buying,"1,420.9300",GH¢ per NOK,0.142093,GH¢ per NOK,ok,
2005-01-27,NOKGHS,Norwegian Krone,Selling,"1,446.0500",GH¢ per NOK,0.144605,GH¢ per NOK,ok,
2005-01-27,NOKGHS,Norwegian Krone,Mid Rate,"1,433.4900",GH¢ per NOK,0.143349,GH¢ per NOK,ok,
2005-01-27,NZDGHS,New Zealand Dollar,Buying,"6,414.2600",GH¢ per NZD,0.641426,GH¢ per NZD,ok,
2005-01-27,NZDGHS,New Zealand Dollar,Selling,"6,542.0800",GH¢ per NZD,0.654208,GH¢ per NZD,ok,
2005-01-27,NZDGHS,New Zealand Dollar,Mid Rate,"6,478.1700",GH¢ per NZD,0.647817,GH¢ per NZD,ok,
2005-01-27,SEKGHS,Swedish Krona,Buying,"1,294.7100",GH¢ per SEK,0.129471,GH¢ per SEK,ok,
2005-01-27,SEKGHS,Swedish Krona,Selling,"1,317.5300",GH¢ per SEK,0.131753,GH¢ per SEK,ok,
2005-01-27,SEKGHS,Swedish Krona,Mid Rate,"1,306.1200",GH¢ per SEK,0.130612,GH¢ per SEK,ok,
2005-01-28,USDGHS,US Dollar,Buying,"8,950.0000",GH¢ per USD,0.895,GH¢ per USD,ok,
2005-01-28,USDGHS,US Dollar,Selling,"9,111.3500",GH¢ per USD,0.911135,GH¢ per USD,ok,
2005-01-28,USDGHS,US Dollar,Mid Rate,"9,030.6750",GH¢ per USD,0.9030675,GH¢ per USD,ok,
2005-01-28,AUDGHS,Australian Dollar,Selling,"7,063.8400",GH¢ per AUD,0.706384,GH¢ per AUD,ok,
2005-01-28,AUDGHS,Australian Dollar,Mid Rate,"3,531.9200",GH¢ per AUD,0.353192,GH¢ per AUD,ok,
2005-01-28,CADGHS,Canadian Dollar,Buying,"7,220.2400",GH¢ per CAD,0.722024,GH¢ per CAD,ok,
2005-01-28,CADGHS,Canadian Dollar,Selling,"7,348.1100",GH¢ per CAD,0.734811,GH¢ per CAD,ok,
2005-01-28,CADGHS,Canadian Dollar,Mid Rate,"7,284.1750",GH¢ per CAD,0.7284175,GH¢ per CAD,ok,
2005-01-28,CHFGHS,Swiss Franc,Buying,"7,542.7500",GH¢ per CHF,0.754275,GH¢ per CHF,ok,
2005-01-28,CHFGHS,Swiss Franc,Selling,"7,675.4500",GH¢ per CHF,0.767545,GH¢ per CHF,ok,
2005-01-28,CHFGHS,Swiss Franc,Mid Rate,"7,609.1000",GH¢ per CHF,0.76091,GH¢ per CHF,ok,
2005-01-28,DKKGHS,Danish Krone,Buying,"1,567.0400",GH¢ per DKK,0.156704,GH¢ per DKK,ok,
2005-01-28,DKKGHS,Danish Krone,Selling,"1,594.7700",GH¢ per DKK,0.159477,GH¢ per DKK,ok,
2005-01-28,DKKGHS,Danish Krone,Mid Rate,"1,580.9050",GH¢ per DKK,0.1580905,GH¢ per DKK,ok,
2005-01-28,GBPGHS,Pound Sterling,Buying,"16,885.9700",GH¢ per GBP,1.688597,GH¢ per GBP,ok,
2005-01-28,GBPGHS,Pound Sterling,Selling,"17,195.3200",GH¢ per GBP,1.719532,GH¢ per GBP,ok,
2005-01-28,GBPGHS,Pound Sterling,Mid Rate,"17,040.6450",GH¢ per GBP,1.7040645,GH¢ per GBP,ok,
2005-01-28,JPYGHS,Japanese yen,Buying,86.7500,GH¢ per JPY,0.008675,GH¢ per JPY,ok,
2005-01-28,JPYGHS,Japanese yen,Selling,88.2800,GH¢ per JPY,0.008828,GH¢ per JPY,ok,
2005-01-28,JPYGHS,Japanese yen,Mid Rate,87.5150,GH¢ per JPY,0.0087515,GH¢ per JPY,ok,
2005-01-28,NOKGHS,Norwegian Krone,Buying,"1,413.9300",GH¢ per NOK,0.141393,GH¢ per NOK,ok,
2005-01-28,NOKGHS,Norwegian Krone,Selling,"1,438.7600",GH¢ per NOK,0.143876,GH¢ per NOK,ok,
2005-01-28,NOKGHS,Norwegian Krone,Mid Rate,"1,426.3450",GH¢ per NOK,0.1426345,GH¢ per NOK,ok,
2005-01-28,NZDGHS,New Zealand Dollar,Buying,"6,394.7100",GH¢ per NZD,0.639471,GH¢ per NZD,ok,
2005-01-28,NZDGHS,New Zealand Dollar,Selling,"6,518.7400",GH¢ per NZD,0.651874,GH¢ per NZD,ok,
2005-01-28,NZDGHS,New Zealand Dollar,Mid Rate,"6,456.7250",GH¢ per NZD,0.6456725,GH¢ per NZD,ok,
2005-01-28,SEKGHS,Swedish Krona,Buying,"1,282.8100",GH¢ per SEK,0.128281,GH¢ per SEK,ok,
2005-01-28,SEKGHS,Swedish Krona,Selling,"1,305.3300",GH¢ per SEK,0.130533,GH¢ per SEK,ok,
2005-01-28,SEKGHS,Swedish Krona,Mid Rate,"1,294.0700",GH¢ per SEK,0.129407,GH¢ per SEK,ok,
2005-01-31,USDGHS,US Dollar,Buying,"8,950.0000",GH¢ per USD,0.895,GH¢ per USD,ok,
2005-01-31,USDGHS,US Dollar,Selling,"9,111.5500",GH¢ per USD,0.911155,GH¢ per USD,ok,
2005-01-31,USDGHS,US Dollar,Mid Rate,"9,030.7750",GH¢ per USD,0.9030775,GH¢ per USD,ok,
2005-01-31,AUDGHS,Australian Dollar,Selling,"7,059.0400",GH¢ per AUD,0.705904,GH¢ per AUD,ok,
2005-01-31,AUDGHS,Australian Dollar,Mid Rate,"3,529.5200",GH¢ per AUD,0.352952,GH¢ per AUD,ok,
2005-01-31,CADGHS,Canadian Dollar,Buying,"7,210.1200",GH¢ per CAD,0.721012,GH¢ per CAD,ok,
2005-01-31,CADGHS,Canadian Dollar,Selling,"7,337.6600",GH¢ per CAD,0.733766,GH¢ per CAD,ok,
2005-01-31,CADGHS,Canadian Dollar,Mid Rate,"7,273.8900",GH¢ per CAD,0.727389,GH¢ per CAD,ok,
2005-01-31,CHFGHS,Swiss Franc,Buying,"7,521.9900",GH¢ per CHF,0.752199,GH¢ per CHF,ok,
2005-01-31,CHFGHS,Swiss Franc,Selling,"7,654.8900",GH¢ per CHF,0.765489,GH¢ per CHF,ok,
2005-01-31,CHFGHS,Swiss Franc,Mid Rate,"7,588.4400",GH¢ per CHF,0.758844,GH¢ per CHF,ok,
2005-01-31,DKKGHS,Danish Krone,Buying,"1,566.0300",GH¢ per DKK,0.156603,GH¢ per DKK,ok,
2005-01-31,DKKGHS,Danish Krone,Selling,"1,593.3000",GH¢ per DKK,0.15933,GH¢ per DKK,ok,
2005-01-31,DKKGHS,Danish Krone,Mid Rate,"1,579.6650",GH¢ per DKK,0.1579665,GH¢ per DKK,ok,
2005-01-31,GBPGHS,Pound Sterling,Buying,"16,868.0600",GH¢ per GBP,1.686806,GH¢ per GBP,ok,
2005-01-31,GBPGHS,Pound Sterling,Selling,"17,175.2700",GH¢ per GBP,1.717527,GH¢ per GBP,ok,
2005-01-31,GBPGHS,Pound Sterling,Mid Rate,"17,021.6650",GH¢ per GBP,1.7021665,GH¢ per GBP,ok,
2005-01-31,JPYGHS,Japanese yen,Buying,86.4300,GH¢ per JPY,0.008643,GH¢ per JPY,ok,
2005-01-31,JPYGHS,Japanese yen,Selling,87.9500,GH¢ per JPY,0.008795,GH¢ per JPY,ok,
2005-01-31,JPYGHS,Japanese yen,Mid Rate,87.1900,GH¢ per JPY,0.008719,GH¢ per JPY,ok,
2005-01-31,NOKGHS,Norwegian Krone,Buying,"1,411.3100",GH¢ per NOK,0.141131,GH¢ per NOK,ok,
2005-01-31,NOKGHS,Norwegian Krone,Selling,"1,435.9500",GH¢ per NOK,0.143595,GH¢ per NOK,ok,
2005-01-31,NOKGHS,Norwegian Krone,Mid Rate,"1,423.6300",GH¢ per NOK,0.142363,GH¢ per NOK,ok,
2005-01-31,NZDGHS,New Zealand Dollar,Buying,"6,366.0100",GH¢ per NZD,0.636601,GH¢ per NZD,ok,
2005-01-31,NZDGHS,New Zealand Dollar,Selling,"6,492.2500",GH¢ per NZD,0.649225,GH¢ per NZD,ok,
2005-01-31,NZDGHS,New Zealand Dollar,Mid Rate,"6,429.1300",GH¢ per NZD,0.642913,GH¢ per NZD,ok,
2005-01-31,SEKGHS,Swedish Krona,Buying,"1,280.2700",GH¢ per SEK,0.128027,GH¢ per SEK,ok,
2005-01-31,SEKGHS,Swedish Krona,Selling,"1,302.8600",GH¢ per SEK,0.130286,GH¢ per SEK,ok,
2005-01-31,SEKGHS,Swedish Krona,Mid Rate,"1,291.5650",GH¢ per SEK,0.1291565,GH¢ per SEK,ok,
2005-02-01,USDGHS,US Dollar,Buying,"8,950.0000",GH¢ per USD,0.895,GH¢ per USD,ok,
2005-02-01,USDGHS,US Dollar,Selling,"9,111.5500",GH¢ per USD,0.911155,GH¢ per USD,ok,
2005-02-01,USDGHS,US Dollar,Mid Rate,"9,030.7750",GH¢ per USD,0.9030775,GH¢ per USD,ok,
2005-02-01,AUDGHS,Australian Dollar,Selling,"7,193.5500",GH¢ per AUD,0.719355,GH¢ per AUD,ok,
2005-02-01,AUDGHS,Australian Dollar,Mid Rate,"3,596.7750",GH¢ per AUD,0.3596775,GH¢ per AUD,ok,
2005-02-01,CADGHS,Canadian Dollar,Buying,"7,213.5500",GH¢ per CAD,0.721355,GH¢ per CAD,ok,
2005-02-01,CADGHS,Canadian Dollar,Selling,"7,336.9000",GH¢ per CAD,0.73369,GH¢ per CAD,ok,
2005-02-01,CADGHS,Canadian Dollar,Mid Rate,"7,275.2250",GH¢ per CAD,0.7275225,GH¢ per CAD,ok,
2005-02-01,CHFGHS,Swiss Franc,Buying,"7,510.6500",GH¢ per CHF,0.751065,GH¢ per CHF,ok,
2005-02-01,CHFGHS,Swiss Franc,Selling,"7,642.8000",GH¢ per CHF,0.76428,GH¢ per CHF,ok,
2005-02-01,CHFGHS,Swiss Franc,Mid Rate,"7,576.7250",GH¢ per CHF,0.7576725,GH¢ per CHF,ok,
2005-02-01,DKKGHS,Danish Krone,Buying,"1,566.9300",GH¢ per DKK,0.156693,GH¢ per DKK,ok,
2005-02-01,DKKGHS,Danish Krone,Selling,"1,594.6600",GH¢ per DKK,0.159466,GH¢ per DKK,ok,
2005-02-01,DKKGHS,Danish Krone,Mid Rate,"1,580.7950",GH¢ per DKK,0.1580795,GH¢ per DKK,ok,
2005-02-01,GBPGHS,Pound Sterling,Buying,"16,831.3700",GH¢ per GBP,1.683137,GH¢ per GBP,ok,
2005-02-01,GBPGHS,Pound Sterling,Selling,"17,139.7400",GH¢ per GBP,1.713974,GH¢ per GBP,ok,
2005-02-01,GBPGHS,Pound Sterling,Mid Rate,"16,985.5550",GH¢ per GBP,1.6985555,GH¢ per GBP,ok,
2005-02-01,JPYGHS,Japanese yen,Buying,86.1200,GH¢ per JPY,0.008612,GH¢ per JPY,ok,
2005-02-01,JPYGHS,Japanese yen,Selling,87.6400,GH¢ per JPY,0.008764,GH¢ per JPY,ok,
2005-02-01,JPYGHS,Japanese yen,Mid Rate,86.8800,GH¢ per JPY,0.008688,GH¢ per JPY,ok,
2005-02-01,NOKGHS,Norwegian Krone,Buying,"1,406.2100",GH¢ per NOK,0.140621,GH¢ per NOK,ok,
2005-02-01,NOKGHS,Norwegian Krone,Selling,"1,431.0700",GH¢ per NOK,0.143107,GH¢ per NOK,ok,
2005-02-01,NOKGHS,Norwegian Krone,Mid Rate,"1,418.6400",GH¢ per NOK,0.141864,GH¢ per NOK,ok,
2005-02-01,NZDGHS,New Zealand Dollar,Buying,"6,347.1100",GH¢ per NZD,0.634711,GH¢ per NZD,ok,
2005-02-01,NZDGHS,New Zealand Dollar,Selling,"6,468.5400",GH¢ per NZD,0.646854,GH¢ per NZD,ok,
2005-02-01,NZDGHS,New Zealand Dollar,Mid Rate,"6,407.8250",GH¢ per NZD,0.6407825,GH¢ per NZD,ok,
2005-02-01,SEKGHS,Swedish Krona,Buying,"1,280.9900",GH¢ per SEK,0.128099,GH¢ per SEK,ok,
2005-02-01,SEKGHS,Swedish Krona,Selling,"1,303.7900",GH¢ per SEK,0.130379,GH¢ per SEK,ok,
2005-02-01,SEKGHS,Swedish Krona,Mid Rate,"1,292.3900",GH¢ per SEK,0.129239,GH¢ per SEK,ok,
2005-02-02,USDGHS,US Dollar,Buying,"8,950.0000",GH¢ per USD,0.895,GH¢ per USD,ok,
2005-02-02,USDGHS,US Dollar,Selling,"9,111.5500",GH¢ per USD,0.911155,GH¢ per USD,ok,
2005-02-02,USDGHS,US Dollar,Mid Rate,"9,030.7750",GH¢ per USD,0.9030775,GH¢ per USD,ok,
2005-02-02,AUDGHS,Australian Dollar,Selling,"7,073.9600",GH¢ per AUD,0.707396,GH¢ per AUD,ok,
2005-02-02,AUDGHS,Australian Dollar,Mid Rate,"3,536.9800",GH¢ per AUD,0.353698,GH¢ per AUD,ok,
2005-02-02,CADGHS,Canadian Dollar,Buying,"7,262.7000",GH¢ per CAD,0.72627,GH¢ per CAD,ok,
2005-02-02,CADGHS,Canadian Dollar,Selling,"7,388.0400",GH¢ per CAD,0.738804,GH¢ per CAD,ok,
2005-02-02,CADGHS,Canadian Dollar,Mid Rate,"7,325.3700",GH¢ per CAD,0.732537,GH¢ per CAD,ok,
2005-02-02,CHFGHS,Swiss Franc,Buying,"7,538.0200",GH¢ per CHF,0.753802,GH¢ per CHF,ok,
2005-02-02,CHFGHS,Swiss Franc,Selling,"7,672.2800",GH¢ per CHF,0.767228,GH¢ per CHF,ok,
2005-02-02,CHFGHS,Swiss Franc,Mid Rate,"7,605.1500",GH¢ per CHF,0.760515,GH¢ per CHF,ok,
2005-02-02,DKKGHS,Danish Krone,Buying,"1,573.4600",GH¢ per DKK,0.157346,GH¢ per DKK,ok,
2005-02-02,DKKGHS,Danish Krone,Selling,"1,601.0200",GH¢ per DKK,0.160102,GH¢ per DKK,ok,
2005-02-02,DKKGHS,Danish Krone,Mid Rate,"1,587.2400",GH¢ per DKK,0.158724,GH¢ per DKK,ok,
2005-02-02,GBPGHS,Pound Sterling,Buying,"16,861.8000",GH¢ per GBP,1.68618,GH¢ per GBP,ok,
2005-02-02,GBPGHS,Pound Sterling,Selling,"17,169.8000",GH¢ per GBP,1.71698,GH¢ per GBP,ok,
2005-02-02,GBPGHS,Pound Sterling,Mid Rate,"17,015.8000",GH¢ per GBP,1.70158,GH¢ per GBP,ok,
2005-02-02,JPYGHS,Japanese yen,Buying,86.3400,GH¢ per JPY,0.008634,GH¢ per JPY,ok,
2005-02-02,JPYGHS,Japanese yen,Selling,87.8600,GH¢ per JPY,0.008786,GH¢ per JPY,ok,
2005-02-02,JPYGHS,Japanese yen,Mid Rate,87.1000,GH¢ per JPY,0.00871,GH¢ per JPY,ok,
2005-02-02,NOKGHS,Norwegian Krone,Buying,"1,414.6400",GH¢ per NOK,0.141464,GH¢ per NOK,ok,
2005-02-02,NOKGHS,Norwegian Krone,Selling,"1,439.4900",GH¢ per NOK,0.143949,GH¢ per NOK,ok,
2005-02-02,NOKGHS,Norwegian Krone,Mid Rate,"1,427.0650",GH¢ per NOK,0.1427065,GH¢ per NOK,ok,
2005-02-02,NZDGHS,New Zealand Dollar,Buying,"6,390.6200",GH¢ per NZD,0.639062,GH¢ per NZD,ok,
2005-02-02,NZDGHS,New Zealand Dollar,Selling,"6,510.7900",GH¢ per NZD,0.651079,GH¢ per NZD,ok,
2005-02-02,NZDGHS,New Zealand Dollar,Mid Rate,"6,450.7050",GH¢ per NZD,0.6450705,GH¢ per NZD,ok,
2005-02-02,SEKGHS,Swedish Krona,Buying,"1,288.7300",GH¢ per SEK,0.128873,GH¢ per SEK,ok,
2005-02-02,SEKGHS,Swedish Krona,Selling,"1,310.8600",GH¢ per SEK,0.131086,GH¢ per SEK,ok,
2005-02-02,SEKGHS,Swedish Krona,Mid Rate,"1,299.7950",GH¢ per SEK,0.1299795,GH¢ per SEK,ok,
2005-02-03,USDGHS,US Dollar,Buying,"8,951.8200",GH¢ per USD,0.895182,GH¢ per USD,ok,
2005-02-03,USDGHS,US Dollar,Selling,"9,113.3600",GH¢ per USD,0.911336,GH¢ per USD,ok,
2005-02-03,USDGHS,US Dollar,Mid Rate,"9,032.5900",GH¢ per USD,0.903259,GH¢ per USD,ok,
2005-02-03,AUDGHS,Australian Dollar,Selling,"7,075.5800",GH¢ per AUD,0.707558,GH¢ per AUD,ok,
2005-02-03,AUDGHS,Australian Dollar,Mid Rate,"3,537.7900",GH¢ per AUD,0.353779,GH¢ per AUD,ok,
2005-02-03,CADGHS,Canadian Dollar,Buying,"7,231.1000",GH¢ per CAD,0.72311,GH¢ per CAD,ok,
2005-02-03,CADGHS,Canadian Dollar,Selling,"7,359.7500",GH¢ per CAD,0.735975,GH¢ per CAD,ok,
2005-02-03,CADGHS,Canadian Dollar,Mid Rate,"7,295.4250",GH¢ per CAD,0.7295425,GH¢ per CAD,ok,
2005-02-03,CHFGHS,Swiss Franc,Buying,"7,493.3300",GH¢ per CHF,0.749333,GH¢ per CHF,ok,
2005-02-03,CHFGHS,Swiss Franc,Selling,"7,627.1900",GH¢ per CHF,0.762719,GH¢ per CHF,ok,
2005-02-03,CHFGHS,Swiss Franc,Mid Rate,"7,560.2600",GH¢ per CHF,0.756026,GH¢ per CHF,ok,
2005-02-03,DKKGHS,Danish Krone,Buying,"1,566.4300",GH¢ per DKK,0.156643,GH¢ per DKK,ok,
2005-02-03,DKKGHS,Danish Krone,Selling,"1,594.4000",GH¢ per DKK,0.15944,GH¢ per DKK,ok,
2005-02-03,DKKGHS,Danish Krone,Mid Rate,"1,580.4150",GH¢ per DKK,0.1580415,GH¢ per DKK,ok,
2005-02-03,GBPGHS,Pound Sterling,Buying,"16,860.7500",GH¢ per GBP,1.686075,GH¢ per GBP,ok,
2005-02-03,GBPGHS,Pound Sterling,Selling,"17,169.5700",GH¢ per GBP,1.716957,GH¢ per GBP,ok,
2005-02-03,GBPGHS,Pound Sterling,Mid Rate,"17,015.1600",GH¢ per GBP,1.701516,GH¢ per GBP,ok,
2005-02-03,JPYGHS,Japanese yen,Buying,85.9800,GH¢ per JPY,0.008598,GH¢ per JPY,ok,
2005-02-03,JPYGHS,Japanese yen,Selling,87.5000,GH¢ per JPY,0.00875,GH¢ per JPY,ok,
2005-02-03,JPYGHS,Japanese yen,Mid Rate,86.7400,GH¢ per JPY,0.008674,GH¢ per JPY,ok,
2005-02-03,NOKGHS,Norwegian Krone,Buying,"1,411.5800",GH¢ per NOK,0.141158,GH¢ per NOK,ok,
2005-02-03,NOKGHS,Norwegian Krone,Selling,"1,436.5900",GH¢ per NOK,0.143659,GH¢ per NOK,ok,
2005-02-03,NOKGHS,Norwegian Krone,Mid Rate,"1,424.0850",GH¢ per NOK,0.1424085,GH¢ per NOK,ok,
2005-02-03,NZDGHS,New Zealand Dollar,Buying,"6,378.4200",GH¢ per NZD,0.637842,GH¢ per NZD,ok,
2005-02-03,NZDGHS,New Zealand Dollar,Selling,"6,503.8300",GH¢ per NZD,0.650383,GH¢ per NZD,ok,
2005-02-03,NZDGHS,New Zealand Dollar,Mid Rate,"6,441.1250",GH¢ per NZD,0.6441125,GH¢ per NZD,ok,
2005-02-03,SEKGHS,Swedish Krona,Buying,"1,287.0600",GH¢ per SEK,0.128706,GH¢ per SEK,ok,
2005-02-03,SEKGHS,Swedish Krona,Selling,"1,308.4000",GH¢ per SEK,0.13084,GH¢ per SEK,ok,
2005-02-03,SEKGHS,Swedish Krona,Mid Rate,"1,297.7300",GH¢ per SEK,0.129773,GH¢ per SEK,ok,
2005-02-04,USDGHS,US Dollar,Buying,"8,952.0000",GH¢ per USD,0.8952,GH¢ per USD,ok,
2005-02-04,USDGHS,US Dollar,Selling,"9,113.4500",GH¢ per USD,0.911345,GH¢ per USD,ok,
2005-02-04,USDGHS,US Dollar,Mid Rate,"9,032.7250",GH¢ per USD,0.9032725,GH¢ per USD,ok,
2005-02-04,AUDGHS,Australian Dollar,Selling,"7,011.0200",GH¢ per AUD,0.701102,GH¢ per AUD,ok,
2005-02-04,AUDGHS,Australian Dollar,Mid Rate,"3,505.5100",GH¢ per AUD,0.350551,GH¢ per AUD,ok,
2005-02-04,CADGHS,Canadian Dollar,Buying,"7,212.8400",GH¢ per CAD,0.721284,GH¢ per CAD,ok,
2005-02-04,CADGHS,Canadian Dollar,Selling,"7,342.7500",GH¢ per CAD,0.734275,GH¢ per CAD,ok,
2005-02-04,CADGHS,Canadian Dollar,Mid Rate,"7,277.7950",GH¢ per CAD,0.7277795,GH¢ per CAD,ok,
2005-02-04,CHFGHS,Swiss Franc,Buying,"7,447.9900",GH¢ per CHF,0.744799,GH¢ per CHF,ok,
2005-02-04,CHFGHS,Swiss Franc,Selling,"7,581.0400",GH¢ per CHF,0.758104,GH¢ per CHF,ok,
2005-02-04,CHFGHS,Swiss Franc,Mid Rate,"7,514.5150",GH¢ per CHF,0.7514515,GH¢ per CHF,ok,
2005-02-04,DKKGHS,Danish Krone,Buying,"1,559.6100",GH¢ per DKK,0.155961,GH¢ per DKK,ok,
2005-02-04,DKKGHS,Danish Krone,Selling,"1,587.7100",GH¢ per DKK,0.158771,GH¢ per DKK,ok,
2005-02-04,DKKGHS,Danish Krone,Mid Rate,"1,573.6600",GH¢ per DKK,0.157366,GH¢ per DKK,ok,
2005-02-04,GBPGHS,Pound Sterling,Buying,"16,836.9200",GH¢ per GBP,1.683692,GH¢ per GBP,ok,
2005-02-04,GBPGHS,Pound Sterling,Selling,"17,146.0400",GH¢ per GBP,1.714604,GH¢ per GBP,ok,
2005-02-04,GBPGHS,Pound Sterling,Mid Rate,"16,991.4800",GH¢ per GBP,1.699148,GH¢ per GBP,ok,
2005-02-04,JPYGHS,Japanese yen,Buying,85.7000,GH¢ per JPY,0.00857,GH¢ per JPY,ok,
2005-02-04,JPYGHS,Japanese yen,Selling,87.2200,GH¢ per JPY,0.008722,GH¢ per JPY,ok,
2005-02-04,JPYGHS,Japanese yen,Mid Rate,86.4600,GH¢ per JPY,0.008646,GH¢ per JPY,ok,
2005-02-04,NOKGHS,Norwegian Krone,Buying,"1,400.0800",GH¢ per NOK,0.140008,GH¢ per NOK,ok,
2005-02-04,NOKGHS,Norwegian Krone,Selling,"1,424.6600",GH¢ per NOK,0.142466,GH¢ per NOK,ok,
2005-02-04,NOKGHS,Norwegian Krone,Mid Rate,"1,412.3700",GH¢ per NOK,0.141237,GH¢ per NOK,ok,
2005-02-04,NZDGHS,New Zealand Dollar,Buying,"6,360.9900",GH¢ per NZD,0.636099,GH¢ per NZD,ok,
2005-02-04,NZDGHS,New Zealand Dollar,Selling,"6,484.6300",GH¢ per NZD,0.648463,GH¢ per NZD,ok,
2005-02-04,NZDGHS,New Zealand Dollar,Mid Rate,"6,422.8100",GH¢ per NZD,0.642281,GH¢ per NZD,ok,
2005-02-04,SEKGHS,Swedish Krona,Buying,"1,277.6500",GH¢ per SEK,0.127765,GH¢ per SEK,ok,
2005-02-04,SEKGHS,Swedish Krona,Selling,"1,300.3300",GH¢ per SEK,0.130033,GH¢ per SEK,ok,
2005-02-04,SEKGHS,Swedish Krona,Mid Rate,"1,288.9900",GH¢ per SEK,0.128899,GH¢ per SEK,ok,
2005-02-07,USDGHS,US Dollar,Buying,"8,952.0000",GH¢ per USD,0.8952,GH¢ per USD,ok,
2005-02-07,USDGHS,US Dollar,Selling,"9,113.4500",GH¢ per USD,0.911345,GH¢ per USD,ok,
2005-02-07,USDGHS,US Dollar,Mid Rate,"9,032.7250",GH¢ per USD,0.9032725,GH¢ per USD,ok,
2005-02-07,AUDGHS,Australian Dollar,Selling,"7,048.3700",GH¢ per AUD,0.704837,GH¢ per AUD,ok,
2005-02-07,AUDGHS,Australian Dollar,Mid Rate,"3,524.1850",GH¢ per AUD,0.3524185,GH¢ per AUD,ok,
2005-02-07,CADGHS,Canadian Dollar,Buying,"7,154.7200",GH¢ per CAD,0.715472,GH¢ per CAD,ok,
2005-02-07,CADGHS,Canadian Dollar,Selling,"7,278.8700",GH¢ per CAD,0.727887,GH¢ per CAD,ok,
2005-02-07,CADGHS,Canadian Dollar,Mid Rate,"7,216.7950",GH¢ per CAD,0.7216795,GH¢ per CAD,ok,
2005-02-07,CHFGHS,Swiss Franc,Buying,"7,388.0600",GH¢ per CHF,0.738806,GH¢ per CHF,ok,
2005-02-07,CHFGHS,Swiss Franc,Selling,"7,519.6700",GH¢ per CHF,0.751967,GH¢ per CHF,ok,
2005-02-07,CHFGHS,Swiss Franc,Mid Rate,"7,453.8650",GH¢ per CHF,0.7453865,GH¢ per CHF,ok,
2005-02-07,DKKGHS,Danish Krone,Buying,"1,545.8900",GH¢ per DKK,0.154589,GH¢ per DKK,ok,
2005-02-07,DKKGHS,Danish Krone,Selling,"1,573.1400",GH¢ per DKK,0.157314,GH¢ per DKK,ok,
2005-02-07,DKKGHS,Danish Krone,Mid Rate,"1,559.5150",GH¢ per DKK,0.1559515,GH¢ per DKK,ok,
2005-02-07,GBPGHS,Pound Sterling,Buying,"16,763.5200",GH¢ per GBP,1.676352,GH¢ per GBP,ok,
2005-02-07,GBPGHS,Pound Sterling,Selling,"17,070.4000",GH¢ per GBP,1.70704,GH¢ per GBP,ok,
2005-02-07,GBPGHS,Pound Sterling,Mid Rate,"16,916.9600",GH¢ per GBP,1.691696,GH¢ per GBP,ok,
2005-02-07,JPYGHS,Japanese yen,Buying,85.8300,GH¢ per JPY,0.008583,GH¢ per JPY,ok,
2005-02-07,JPYGHS,Japanese yen,Selling,87.3500,GH¢ per JPY,0.008735,GH¢ per JPY,ok,
2005-02-07,JPYGHS,Japanese yen,Mid Rate,86.5900,GH¢ per JPY,0.008659,GH¢ per JPY,ok,
2005-02-07,NOKGHS,Norwegian Krone,Buying,"1,387.6300",GH¢ per NOK,0.138763,GH¢ per NOK,ok,
2005-02-07,NOKGHS,Norwegian Krone,Selling,"1,412.1400",GH¢ per NOK,0.141214,GH¢ per NOK,ok,
2005-02-07,NOKGHS,Norwegian Krone,Mid Rate,"1,399.8850",GH¢ per NOK,0.1399885,GH¢ per NOK,ok,
2005-02-07,NZDGHS,New Zealand Dollar,Buying,"6,333.2600",GH¢ per NZD,0.633326,GH¢ per NZD,ok,
2005-02-07,NZDGHS,New Zealand Dollar,Selling,"6,457.7300",GH¢ per NZD,0.645773,GH¢ per NZD,ok,
2005-02-07,NZDGHS,New Zealand Dollar,Mid Rate,"6,395.4950",GH¢ per NZD,0.6395495,GH¢ per NZD,ok,
2005-02-07,SEKGHS,Swedish Krona,Buying,"1,267.9700",GH¢ per SEK,0.126797,GH¢ per SEK,ok,
2005-02-07,SEKGHS,Swedish Krona,Selling,"1,289.8800",GH¢ per SEK,0.128988,GH¢ per SEK,ok,
2005-02-07,SEKGHS,Swedish Krona,Mid Rate,"1,278.9250",GH¢ per SEK,0.1278925,GH¢ per SEK,ok,
2005-02-08,USDGHS,US Dollar,Buying,"8,952.0000",GH¢ per USD,0.8952,GH¢ per USD,ok,
2005-02-08,USDGHS,US Dollar,Selling,"9,113.4500",GH¢ per USD,0.911345,GH¢ per USD,ok,
2005-02-08,USDGHS,US Dollar,Mid Rate,"9,032.7250",GH¢ per USD,0.9032725,GH¢ per USD,ok,
2005-02-08,AUDGHS,Australian Dollar,Selling,"6,983.8400",GH¢ per AUD,0.698384,GH¢ per AUD,ok,
2005-02-08,AUDGHS,Australian Dollar,Mid Rate,"3,491.9200",GH¢ per AUD,0.349192,GH¢ per AUD,ok,
2005-02-08,CADGHS,Canadian Dollar,Buying,"7,133.5400",GH¢ per CAD,0.713354,GH¢ per CAD,ok,
2005-02-08,CADGHS,Canadian Dollar,Selling,"7,261.0300",GH¢ per CAD,0.726103,GH¢ per CAD,ok,
2005-02-08,CADGHS,Canadian Dollar,Mid Rate,"7,197.2850",GH¢ per CAD,0.7197285,GH¢ per CAD,ok,
2005-02-08,CHFGHS,Swiss Franc,Buying,"7,311.8600",GH¢ per CHF,0.731186,GH¢ per CHF,ok,
2005-02-08,CHFGHS,Swiss Franc,Selling,"7,443.7700",GH¢ per CHF,0.744377,GH¢ per CHF,ok,
2005-02-08,CHFGHS,Swiss Franc,Mid Rate,"7,377.8150",GH¢ per CHF,0.7377815,GH¢ per CHF,ok,
2005-02-08,DKKGHS,Danish Krone,Buying,"1,535.3600",GH¢ per DKK,0.153536,GH¢ per DKK,ok,
2005-02-08,DKKGHS,Danish Krone,Selling,"1,563.1100",GH¢ per DKK,0.156311,GH¢ per DKK,ok,
2005-02-08,DKKGHS,Danish Krone,Mid Rate,"1,549.2350",GH¢ per DKK,0.1549235,GH¢ per DKK,ok,
2005-02-08,GBPGHS,Pound Sterling,Buying,"16,614.0200",GH¢ per GBP,1.661402,GH¢ per GBP,ok,
2005-02-08,GBPGHS,Pound Sterling,Selling,"16,918.2100",GH¢ per GBP,1.691821,GH¢ per GBP,ok,
2005-02-08,GBPGHS,Pound Sterling,Mid Rate,"16,766.1150",GH¢ per GBP,1.6766115,GH¢ per GBP,ok,
2005-02-08,JPYGHS,Japanese yen,Buying,85.0600,GH¢ per JPY,0.008506,GH¢ per JPY,ok,
2005-02-08,JPYGHS,Japanese yen,Selling,86.5700,GH¢ per JPY,0.008657,GH¢ per JPY,ok,
2005-02-08,JPYGHS,Japanese yen,Mid Rate,85.8150,GH¢ per JPY,0.0085815,GH¢ per JPY,ok,
2005-02-08,NOKGHS,Norwegian Krone,Buying,"1,369.2700",GH¢ per NOK,0.136927,GH¢ per NOK,ok,
2005-02-08,NOKGHS,Norwegian Krone,Selling,"1,393.4000",GH¢ per NOK,0.13934,GH¢ per NOK,ok,
2005-02-08,NOKGHS,Norwegian Krone,Mid Rate,"1,381.3350",GH¢ per NOK,0.1381335,GH¢ per NOK,ok,
2005-02-08,NZDGHS,New Zealand Dollar,Buying,"6,265.1500",GH¢ per NZD,0.626515,GH¢ per NZD,ok,
2005-02-08,NZDGHS,New Zealand Dollar,Selling,"6,383.2400",GH¢ per NZD,0.638324,GH¢ per NZD,ok,
2005-02-08,NZDGHS,New Zealand Dollar,Mid Rate,"6,324.1950",GH¢ per NZD,0.6324195,GH¢ per NZD,ok,
2005-02-08,SEKGHS,Swedish Krona,Buying,"1,258.2700",GH¢ per SEK,0.125827,GH¢ per SEK,ok,
2005-02-08,SEKGHS,Swedish Krona,Selling,"1,279.9500",GH¢ per SEK,0.127995,GH¢ per SEK,ok,
2005-02-08,SEKGHS,Swedish Krona,Mid Rate,"1,269.1100",GH¢ per SEK,0.126911,GH¢ per SEK,ok,
2005-02-09,USDGHS,US Dollar,Buying,"8,954.7300",GH¢ per USD,0.895473,GH¢ per USD,ok,
2005-02-09,USDGHS,US Dollar,Selling,"9,113.4500",GH¢ per USD,0.911345,GH¢ per USD,ok,
2005-02-09,USDGHS,US Dollar,Mid Rate,"9,034.0900",GH¢ per USD,0.903409,GH¢ per USD,ok,
2005-02-09,AUDGHS,Australian Dollar,Selling,"7,007.5500",GH¢ per AUD,0.700755,GH¢ per AUD,ok,
2005-02-09,AUDGHS,Australian Dollar,Mid Rate,"3,503.7750",GH¢ per AUD,0.3503775,GH¢ per AUD,ok,
2005-02-09,CADGHS,Canadian Dollar,Buying,"7,187.1400",GH¢ per CAD,0.718714,GH¢ per CAD,ok,
2005-02-09,CADGHS,Canadian Dollar,Selling,"7,309.8700",GH¢ per CAD,0.730987,GH¢ per CAD,ok,
2005-02-09,CADGHS,Canadian Dollar,Mid Rate,"7,248.5050",GH¢ per CAD,0.7248505,GH¢ per CAD,ok,
2005-02-09,CHFGHS,Swiss Franc,Buying,"7,358.4100",GH¢ per CHF,0.735841,GH¢ per CHF,ok,
2005-02-09,CHFGHS,Swiss Franc,Selling,"7,486.5500",GH¢ per CHF,0.748655,GH¢ per CHF,ok,
2005-02-09,CHFGHS,Swiss Franc,Mid Rate,"7,422.4800",GH¢ per CHF,0.742248,GH¢ per CHF,ok,
2005-02-09,DKKGHS,Danish Krone,Buying,"1,540.0600",GH¢ per DKK,0.154006,GH¢ per DKK,ok,
2005-02-09,DKKGHS,Danish Krone,Selling,"1,567.4700",GH¢ per DKK,0.156747,GH¢ per DKK,ok,
2005-02-09,DKKGHS,Danish Krone,Mid Rate,"1,553.7650",GH¢ per DKK,0.1553765,GH¢ per DKK,ok,
2005-02-09,GBPGHS,Pound Sterling,Buying,"16,643.2600",GH¢ per GBP,1.664326,GH¢ per GBP,ok,
2005-02-09,GBPGHS,Pound Sterling,Selling,"16,942.8100",GH¢ per GBP,1.694281,GH¢ per GBP,ok,
2005-02-09,GBPGHS,Pound Sterling,Mid Rate,"16,793.0350",GH¢ per GBP,1.6793035,GH¢ per GBP,ok,
2005-02-09,JPYGHS,Japanese yen,Buying,85.0000,GH¢ per JPY,0.0085,GH¢ per JPY,ok,
2005-02-09,JPYGHS,Japanese yen,Selling,86.4800,GH¢ per JPY,0.008648,GH¢ per JPY,ok,
2005-02-09,JPYGHS,Japanese yen,Mid Rate,85.7400,GH¢ per JPY,0.008574,GH¢ per JPY,ok,
2005-02-09,NOKGHS,Norwegian Krone,Buying,"1,370.3600",GH¢ per NOK,0.137036,GH¢ per NOK,ok,
2005-02-09,NOKGHS,Norwegian Krone,Selling,"1,394.4750",GH¢ per NOK,0.1394475,GH¢ per NOK,ok,
2005-02-09,NOKGHS,Norwegian Krone,Mid Rate,"1,382.4175",GH¢ per NOK,0.13824175,GH¢ per NOK,ok,
2005-02-09,NZDGHS,New Zealand Dollar,Buying,"6,277.8400",GH¢ per NZD,0.627784,GH¢ per NZD,ok,
2005-02-09,NZDGHS,New Zealand Dollar,Selling,"6,401.0000",GH¢ per NZD,0.6401,GH¢ per NZD,ok,
2005-02-09,NZDGHS,New Zealand Dollar,Mid Rate,"6,339.4200",GH¢ per NZD,0.633942,GH¢ per NZD,ok,
2005-02-09,SEKGHS,Swedish Krona,Buying,"1,262.8000",GH¢ per SEK,0.12628,GH¢ per SEK,ok,
2005-02-09,SEKGHS,Swedish Krona,Selling,"1,285.0300",GH¢ per SEK,0.128503,GH¢ per SEK,ok,
2005-02-09,SEKGHS,Swedish Krona,Mid Rate,"1,273.9150",GH¢ per SEK,0.1273915,GH¢ per SEK,ok,
2005-02-10,USDGHS,US Dollar,Buying,"8,954.7300",GH¢ per USD,0.895473,GH¢ per USD,ok,
2005-02-10,USDGHS,US Dollar,Selling,"9,113.4500",GH¢ per USD,0.911345,GH¢ per USD,ok,
2005-02-10,USDGHS,US Dollar,Mid Rate,"9,034.0900",GH¢ per USD,0.903409,GH¢ per USD,ok,
2005-02-10,AUDGHS,Australian Dollar,Selling,"7,093.5200",GH¢ per AUD,0.709352,GH¢ per AUD,ok,
2005-02-10,AUDGHS,Australian Dollar,Mid Rate,"3,546.7600",GH¢ per AUD,0.354676,GH¢ per AUD,ok,
2005-02-10,CADGHS,Canadian Dollar,Buying,"7,171.1000",GH¢ per CAD,0.71711,GH¢ per CAD,ok,
2005-02-10,CADGHS,Canadian Dollar,Selling,"7,296.1700",GH¢ per CAD,0.729617,GH¢ per CAD,ok,
2005-02-10,CADGHS,Canadian Dollar,Mid Rate,"7,233.6350",GH¢ per CAD,0.7233635,GH¢ per CAD,ok,
2005-02-10,CHFGHS,Swiss Franc,Buying,"7,375.3900",GH¢ per CHF,0.737539,GH¢ per CHF,ok,
2005-02-10,CHFGHS,Swiss Franc,Selling,"7,504.2700",GH¢ per CHF,0.750427,GH¢ per CHF,ok,
2005-02-10,CHFGHS,Swiss Franc,Mid Rate,"7,439.8300",GH¢ per CHF,0.743983,GH¢ per CHF,ok,
2005-02-10,DKKGHS,Danish Krone,Buying,"1,542.8500",GH¢ per DKK,0.154285,GH¢ per DKK,ok,
2005-02-10,DKKGHS,Danish Krone,Selling,"1,569.3800",GH¢ per DKK,0.156938,GH¢ per DKK,ok,
2005-02-10,DKKGHS,Danish Krone,Mid Rate,"1,556.1150",GH¢ per DKK,0.1556115,GH¢ per DKK,ok,
2005-02-10,GBPGHS,Pound Sterling,Buying,"16,672.8100",GH¢ per GBP,1.667281,GH¢ per GBP,ok,
2005-02-10,GBPGHS,Pound Sterling,Selling,"16,970.1600",GH¢ per GBP,1.697016,GH¢ per GBP,ok,
2005-02-10,GBPGHS,Pound Sterling,Mid Rate,"16,821.4850",GH¢ per GBP,1.6821485,GH¢ per GBP,ok,
2005-02-10,JPYGHS,Japanese yen,Buying,84.7900,GH¢ per JPY,0.008479,GH¢ per JPY,ok,
2005-02-10,JPYGHS,Japanese yen,Selling,86.2500,GH¢ per JPY,0.008625,GH¢ per JPY,ok,
2005-02-10,JPYGHS,Japanese yen,Mid Rate,85.5200,GH¢ per JPY,0.008552,GH¢ per JPY,ok,
2005-02-10,NOKGHS,Norwegian Krone,Buying,"1,369.3700",GH¢ per NOK,0.136937,GH¢ per NOK,ok,
2005-02-10,NOKGHS,Norwegian Krone,Selling,"1,393.1400",GH¢ per NOK,0.139314,GH¢ per NOK,ok,
2005-02-10,NOKGHS,Norwegian Krone,Mid Rate,"1,381.2550",GH¢ per NOK,0.1381255,GH¢ per NOK,ok,
2005-02-10,NZDGHS,New Zealand Dollar,Buying,"6,329.0000",GH¢ per NZD,0.6329,GH¢ per NZD,ok,
2005-02-10,NZDGHS,New Zealand Dollar,Selling,"6,446.9600",GH¢ per NZD,0.644696,GH¢ per NZD,ok,
2005-02-10,NZDGHS,New Zealand Dollar,Mid Rate,"6,387.9800",GH¢ per NZD,0.638798,GH¢ per NZD,ok,
2005-02-10,SEKGHS,Swedish Krona,Buying,"1,265.5600",GH¢ per SEK,0.126556,GH¢ per SEK,ok,
2005-02-10,SEKGHS,Swedish Krona,Selling,"1,287.3000",GH¢ per SEK,0.12873,GH¢ per SEK,ok,
2005-02-10,SEKGHS,Swedish Krona,Mid Rate,"1,276.4300",GH¢ per SEK,0.127643,GH¢ per SEK,ok,
2005-02-11,USDGHS,US Dollar,Buying,"8,955.0000",GH¢ per USD,0.8955,GH¢ per USD,ok,
2005-02-11,USDGHS,US Dollar,Selling,"9,113.4500",GH¢ per USD,0.911345,GH¢ per USD,ok,
2005-02-11,USDGHS,US Dollar,Mid Rate,"9,034.2250",GH¢ per USD,0.9034225,GH¢ per USD,ok,
2005-02-11,AUDGHS,Australian Dollar,Selling,"6,778.3700",GH¢ per AUD,0.677837,GH¢ per AUD,ok,
2005-02-11,AUDGHS,Australian Dollar,Mid Rate,"3,389.1850",GH¢ per AUD,0.3389185,GH¢ per AUD,ok,
2005-02-11,CADGHS,Canadian Dollar,Buying,"7,645.7900",GH¢ per CAD,0.764579,GH¢ per CAD,ok,
2005-02-11,CADGHS,Canadian Dollar,Selling,"7,750.3500",GH¢ per CAD,0.775035,GH¢ per CAD,ok,
2005-02-11,CADGHS,Canadian Dollar,Mid Rate,"7,698.0700",GH¢ per CAD,0.769807,GH¢ per CAD,ok,
2005-02-11,CHFGHS,Swiss Franc,Buying,"6,992.5900",GH¢ per CHF,0.699259,GH¢ per CHF,ok,
2005-02-11,CHFGHS,Swiss Franc,Selling,"7,089.7900",GH¢ per CHF,0.708979,GH¢ per CHF,ok,
2005-02-11,CHFGHS,Swiss Franc,Mid Rate,"7,041.1900",GH¢ per CHF,0.704119,GH¢ per CHF,ok,
2005-02-11,DKKGHS,Danish Krone,Buying,"1,449.6800",GH¢ per DKK,0.144968,GH¢ per DKK,ok,
2005-02-11,DKKGHS,Danish Krone,Selling,"1,469.9100",GH¢ per DKK,0.146991,GH¢ per DKK,ok,
2005-02-11,DKKGHS,Danish Krone,Mid Rate,"1,459.7950",GH¢ per DKK,0.1459795,GH¢ per DKK,ok,
2005-02-11,GBPGHS,Pound Sterling,Buying,"15,878.7700",GH¢ per GBP,1.587877,GH¢ per GBP,ok,
2005-02-11,GBPGHS,Pound Sterling,Selling,"16,104.4600",GH¢ per GBP,1.610446,GH¢ per GBP,ok,
2005-02-11,GBPGHS,Pound Sterling,Mid Rate,"15,991.6150",GH¢ per GBP,1.5991615,GH¢ per GBP,ok,
2005-02-11,JPYGHS,Japanese yen,Buying,76.9900,GH¢ per JPY,,GH¢ per JPY,held,FX1_outlier
2005-02-11,JPYGHS,Japanese yen,Selling,78.0400,GH¢ per JPY,,GH¢ per JPY,held,FX1_outlier
2005-02-11,JPYGHS,Japanese yen,Mid Rate,77.5150,GH¢ per JPY,,GH¢ per JPY,held,FX1_outlier
2005-02-11,NOKGHS,Norwegian Krone,Buying,"1,392.2100",GH¢ per NOK,0.139221,GH¢ per NOK,ok,
2005-02-11,NOKGHS,Norwegian Krone,Selling,"1,411.1100",GH¢ per NOK,0.141111,GH¢ per NOK,ok,
2005-02-11,NOKGHS,Norwegian Krone,Mid Rate,"1,401.6600",GH¢ per NOK,0.140166,GH¢ per NOK,ok,
2005-02-11,NZDGHS,New Zealand Dollar,Buying,"6,251.4700",GH¢ per NZD,0.625147,GH¢ per NZD,ok,
2005-02-11,NZDGHS,New Zealand Dollar,Selling,"6,346.7700",GH¢ per NZD,0.634677,GH¢ per NZD,ok,
2005-02-11,NZDGHS,New Zealand Dollar,Mid Rate,"6,299.1200",GH¢ per NZD,0.629912,GH¢ per NZD,ok,
2005-02-11,SEKGHS,Swedish Krona,Buying,"1,129.2900",GH¢ per SEK,,GH¢ per SEK,held,FX1_outlier
2005-02-11,SEKGHS,Swedish Krona,Selling,"1,144.8600",GH¢ per SEK,,GH¢ per SEK,held,FX1_outlier
2005-02-11,SEKGHS,Swedish Krona,Mid Rate,"1,137.0750",GH¢ per SEK,,GH¢ per SEK,held,FX1_outlier
2005-02-14,USDGHS,US Dollar,Buying,"8,955.0000",GH¢ per USD,0.8955,GH¢ per USD,ok,
2005-02-14,USDGHS,US Dollar,Selling,"9,113.4500",GH¢ per USD,0.911345,GH¢ per USD,ok,
2005-02-14,USDGHS,US Dollar,Mid Rate,"9,034.2250",GH¢ per USD,0.9034225,GH¢ per USD,ok,
2005-02-14,AUDGHS,Australian Dollar,Selling,"7,155.4100",GH¢ per AUD,0.715541,GH¢ per AUD,ok,
2005-02-14,AUDGHS,Australian Dollar,Mid Rate,"3,577.7050",GH¢ per AUD,0.3577705,GH¢ per AUD,ok,
2005-02-14,CADGHS,Canadian Dollar,Buying,"7,265.8900",GH¢ per CAD,0.726589,GH¢ per CAD,ok,
2005-02-14,CADGHS,Canadian Dollar,Selling,"7,393.6200",GH¢ per CAD,0.739362,GH¢ per CAD,ok,
2005-02-14,CADGHS,Canadian Dollar,Mid Rate,"7,329.7550",GH¢ per CAD,0.7329755,GH¢ per CAD,ok,
2005-02-14,CHFGHS,Swiss Franc,Buying,"7,452.9000",GH¢ per CHF,0.74529,GH¢ per CHF,ok,
2005-02-14,CHFGHS,Swiss Franc,Selling,"7,582.8200",GH¢ per CHF,0.758282,GH¢ per CHF,ok,
2005-02-14,CHFGHS,Swiss Franc,Mid Rate,"7,517.8600",GH¢ per CHF,0.751786,GH¢ per CHF,ok,
2005-02-14,DKKGHS,Danish Krone,Buying,"1,556.2300",GH¢ per DKK,0.155623,GH¢ per DKK,ok,
2005-02-14,DKKGHS,Danish Krone,Selling,"1,583.6500",GH¢ per DKK,0.158365,GH¢ per DKK,ok,
2005-02-14,DKKGHS,Danish Krone,Mid Rate,"1,569.9400",GH¢ per DKK,0.156994,GH¢ per DKK,ok,
2005-02-14,GBPGHS,Pound Sterling,Buying,"16,795.1000",GH¢ per GBP,1.67951,GH¢ per GBP,ok,
2005-02-14,GBPGHS,Pound Sterling,Selling,"17,097.7400",GH¢ per GBP,1.709774,GH¢ per GBP,ok,
2005-02-14,GBPGHS,Pound Sterling,Mid Rate,"16,946.4200",GH¢ per GBP,1.694642,GH¢ per GBP,ok,
2005-02-14,JPYGHS,Japanese yen,Buying,85.3300,GH¢ per JPY,0.008533,GH¢ per JPY,ok,
2005-02-14,JPYGHS,Japanese yen,Selling,86.8100,GH¢ per JPY,0.008681,GH¢ per JPY,ok,
2005-02-14,JPYGHS,Japanese yen,Mid Rate,86.0700,GH¢ per JPY,0.008607,GH¢ per JPY,ok,
2005-02-14,NOKGHS,Norwegian Krone,Buying,"1,372.8900",GH¢ per NOK,0.137289,GH¢ per NOK,ok,
2005-02-14,NOKGHS,Norwegian Krone,Selling,"1,396.2600",GH¢ per NOK,0.139626,GH¢ per NOK,ok,
2005-02-14,NOKGHS,Norwegian Krone,Mid Rate,"1,384.5750",GH¢ per NOK,0.1384575,GH¢ per NOK,ok,
2005-02-14,NZDGHS,New Zealand Dollar,Buying,"6,388.8600",GH¢ per NZD,0.638886,GH¢ per NZD,ok,
2005-02-14,NZDGHS,New Zealand Dollar,Selling,"6,507.4000",GH¢ per NZD,0.65074,GH¢ per NZD,ok,
2005-02-14,NZDGHS,New Zealand Dollar,Mid Rate,"6,448.1300",GH¢ per NZD,0.644813,GH¢ per NZD,ok,
2005-02-14,SEKGHS,Swedish Krona,Buying,"1,272.6400",GH¢ per SEK,0.127264,GH¢ per SEK,ok,
2005-02-14,SEKGHS,Swedish Krona,Selling,"1,294.7400",GH¢ per SEK,0.129474,GH¢ per SEK,ok,
2005-02-14,SEKGHS,Swedish Krona,Mid Rate,"1,283.6900",GH¢ per SEK,0.128369,GH¢ per SEK,ok,
2005-02-15,USDGHS,US Dollar,Buying,"8,955.0000",GH¢ per USD,0.8955,GH¢ per USD,ok,
2005-02-15,USDGHS,US Dollar,Selling,"9,113.4500",GH¢ per USD,0.911345,GH¢ per USD,ok,
2005-02-15,USDGHS,US Dollar,Mid Rate,"9,034.2250",GH¢ per USD,0.9034225,GH¢ per USD,ok,
2005-02-15,AUDGHS,Australian Dollar,Selling,"7,160.0800",GH¢ per AUD,0.716008,GH¢ per AUD,ok,
2005-02-15,AUDGHS,Australian Dollar,Mid Rate,"3,580.0400",GH¢ per AUD,0.358004,GH¢ per AUD,ok,
2005-02-15,CADGHS,Canadian Dollar,Buying,"7,248.4300",GH¢ per CAD,0.724843,GH¢ per CAD,ok,
2005-02-15,CADGHS,Canadian Dollar,Selling,"7,374.6000",GH¢ per CAD,0.73746,GH¢ per CAD,ok,
2005-02-15,CADGHS,Canadian Dollar,Mid Rate,"7,311.5150",GH¢ per CAD,0.7311515,GH¢ per CAD,ok,
2005-02-15,CHFGHS,Swiss Franc,Buying,"7,477.4300",GH¢ per CHF,0.747743,GH¢ per CHF,ok,
2005-02-15,CHFGHS,Swiss Franc,Selling,"7,606.4300",GH¢ per CHF,0.760643,GH¢ per CHF,ok,
2005-02-15,CHFGHS,Swiss Franc,Mid Rate,"7,541.9300",GH¢ per CHF,0.754193,GH¢ per CHF,ok,
2005-02-15,DKKGHS,Danish Krone,Buying,"1,559.8200",GH¢ per DKK,0.155982,GH¢ per DKK,ok,
2005-02-15,DKKGHS,Danish Krone,Selling,"1,586.7700",GH¢ per DKK,0.158677,GH¢ per DKK,ok,
2005-02-15,DKKGHS,Danish Krone,Mid Rate,"1,573.2950",GH¢ per DKK,0.1573295,GH¢ per DKK,ok,
2005-02-15,GBPGHS,Pound Sterling,Buying,"16,898.9800",GH¢ per GBP,1.689898,GH¢ per GBP,ok,
2005-02-15,GBPGHS,Pound Sterling,Selling,"17,203.4600",GH¢ per GBP,1.720346,GH¢ per GBP,ok,
2005-02-15,GBPGHS,Pound Sterling,Mid Rate,"17,051.2200",GH¢ per GBP,1.705122,GH¢ per GBP,ok,
2005-02-15,JPYGHS,Japanese yen,Buying,85.2900,GH¢ per JPY,0.008529,GH¢ per JPY,ok,
2005-02-15,JPYGHS,Japanese yen,Selling,86.7700,GH¢ per JPY,0.008677,GH¢ per JPY,ok,
2005-02-15,JPYGHS,Japanese yen,Mid Rate,86.0300,GH¢ per JPY,0.008603,GH¢ per JPY,ok,
2005-02-15,NOKGHS,Norwegian Krone,Buying,"1,385.7100",GH¢ per NOK,0.138571,GH¢ per NOK,ok,
2005-02-15,NOKGHS,Norwegian Krone,Selling,"1,409.7300",GH¢ per NOK,0.140973,GH¢ per NOK,ok,
2005-02-15,NOKGHS,Norwegian Krone,Mid Rate,"1,397.7200",GH¢ per NOK,0.139772,GH¢ per NOK,ok,
2005-02-15,NZDGHS,New Zealand Dollar,Buying,"6,401.3300",GH¢ per NZD,0.640133,GH¢ per NZD,ok,
2005-02-15,NZDGHS,New Zealand Dollar,Selling,"6,526.9900",GH¢ per NZD,0.652699,GH¢ per NZD,ok,
2005-02-15,NZDGHS,New Zealand Dollar,Mid Rate,"6,464.1600",GH¢ per NZD,0.646416,GH¢ per NZD,ok,
2005-02-15,SEKGHS,Swedish Krona,Buying,"1,279.4000",GH¢ per SEK,0.12794,GH¢ per SEK,ok,
2005-02-15,SEKGHS,Swedish Krona,Selling,"1,301.0600",GH¢ per SEK,0.130106,GH¢ per SEK,ok,
2005-02-15,SEKGHS,Swedish Krona,Mid Rate,"1,290.2300",GH¢ per SEK,0.129023,GH¢ per SEK,ok,
2005-02-16,USDGHS,US Dollar,Buying,"8,959.5500",GH¢ per USD,0.895955,GH¢ per USD,ok,
2005-02-16,USDGHS,US Dollar,Selling,"9,130.7300",GH¢ per USD,0.913073,GH¢ per USD,ok,
2005-02-16,USDGHS,US Dollar,Mid Rate,"9,045.1400",GH¢ per USD,0.904514,GH¢ per USD,ok,
2005-02-16,AUDGHS,Australian Dollar,Selling,"7,166.3100",GH¢ per AUD,0.716631,GH¢ per AUD,ok,
2005-02-16,AUDGHS,Australian Dollar,Mid Rate,"3,583.1550",GH¢ per AUD,0.3583155,GH¢ per AUD,ok,
2005-02-16,CHFGHS,Swiss Franc,Buying,"7,533.0100",GH¢ per CHF,0.753301,GH¢ per CHF,ok,
2005-02-16,CHFGHS,Swiss Franc,Selling,"7,676.5100",GH¢ per CHF,0.767651,GH¢ per CHF,ok,
2005-02-16,CHFGHS,Swiss Franc,Mid Rate,"7,604.7600",GH¢ per CHF,0.760476,GH¢ per CHF,ok,
2005-02-16,DKKGHS,Danish Krone,Buying,"1,567.7800",GH¢ per DKK,0.156778,GH¢ per DKK,ok,
2005-02-16,DKKGHS,Danish Krone,Selling,"1,597.3500",GH¢ per DKK,0.159735,GH¢ per DKK,ok,
2005-02-16,DKKGHS,Danish Krone,Mid Rate,"1,582.5650",GH¢ per DKK,0.1582565,GH¢ per DKK,ok,
2005-02-16,GBPGHS,Pound Sterling,Buying,"16,961.3200",GH¢ per GBP,1.696132,GH¢ per GBP,ok,
2005-02-16,GBPGHS,Pound Sterling,Selling,"17,289.0400",GH¢ per GBP,1.728904,GH¢ per GBP,ok,
2005-02-16,GBPGHS,Pound Sterling,Mid Rate,"17,125.1800",GH¢ per GBP,1.712518,GH¢ per GBP,ok,
2005-02-16,JPYGHS,Japanese yen,Buying,85.3100,GH¢ per JPY,0.008531,GH¢ per JPY,ok,
2005-02-16,JPYGHS,Japanese yen,Selling,86.9100,GH¢ per JPY,0.008691,GH¢ per JPY,ok,
2005-02-16,JPYGHS,Japanese yen,Mid Rate,86.1100,GH¢ per JPY,0.008611,GH¢ per JPY,ok,
2005-02-16,NOKGHS,Norwegian Krone,Buying,"1,396.9100",GH¢ per NOK,0.139691,GH¢ per NOK,ok,
2005-02-16,NOKGHS,Norwegian Krone,Selling,"1,422.1900",GH¢ per NOK,0.142219,GH¢ per NOK,ok,
2005-02-16,NOKGHS,Norwegian Krone,Mid Rate,"1,409.5500",GH¢ per NOK,0.140955,GH¢ per NOK,ok,
2005-02-16,NZDGHS,New Zealand Dollar,Buying,"6,397.8100",GH¢ per NZD,0.639781,GH¢ per NZD,ok,
2005-02-16,NZDGHS,New Zealand Dollar,Selling,"6,531.8000",GH¢ per NZD,0.65318,GH¢ per NZD,ok,
2005-02-16,NZDGHS,New Zealand Dollar,Mid Rate,"6,464.8050",GH¢ per NZD,0.6464805,GH¢ per NZD,ok,
2005-02-16,SEKGHS,Swedish Krona,Buying,"1,287.1800",GH¢ per SEK,0.128718,GH¢ per SEK,ok,
2005-02-16,SEKGHS,Swedish Krona,Selling,"1,311.2100",GH¢ per SEK,0.131121,GH¢ per SEK,ok,
2005-02-16,SEKGHS,Swedish Krona,Mid Rate,"1,299.1950",GH¢ per SEK,0.1299195,GH¢ per SEK,ok,
2005-02-17,USDGHS,US Dollar,Buying,"8,961.8200",GH¢ per USD,0.896182,GH¢ per USD,ok,
2005-02-17,USDGHS,US Dollar,Selling,"9,133.2700",GH¢ per USD,0.913327,GH¢ per USD,ok,
2005-02-17,USDGHS,US Dollar,Mid Rate,"9,047.5450",GH¢ per USD,0.9047545,GH¢ per USD,ok,
2005-02-17,AUDGHS,Australian Dollar,Selling,"7,184.8900",GH¢ per AUD,0.718489,GH¢ per AUD,ok,
2005-02-17,AUDGHS,Australian Dollar,Mid Rate,"3,592.4450",GH¢ per AUD,0.3592445,GH¢ per AUD,ok,
2005-02-17,CADGHS,Canadian Dollar,Buying,"7,246.3300",GH¢ per CAD,0.724633,GH¢ per CAD,ok,
2005-02-17,CADGHS,Canadian Dollar,Selling,"7,381.1500",GH¢ per CAD,0.738115,GH¢ per CAD,ok,
2005-02-17,CADGHS,Canadian Dollar,Mid Rate,"7,313.7400",GH¢ per CAD,0.731374,GH¢ per CAD,ok,
2005-02-17,CHFGHS,Swiss Franc,Buying,"7,553.4600",GH¢ per CHF,0.755346,GH¢ per CHF,ok,
2005-02-17,CHFGHS,Swiss Franc,Selling,"7,693.7500",GH¢ per CHF,0.769375,GH¢ per CHF,ok,
2005-02-17,CHFGHS,Swiss Franc,Mid Rate,"7,623.6050",GH¢ per CHF,0.7623605,GH¢ per CHF,ok,
2005-02-17,DKKGHS,Danish Krone,Buying,"1,570.4000",GH¢ per DKK,0.15704,GH¢ per DKK,ok,
2005-02-17,DKKGHS,Danish Krone,Selling,"1,600.2200",GH¢ per DKK,0.160022,GH¢ per DKK,ok,
2005-02-17,DKKGHS,Danish Krone,Mid Rate,"1,585.3100",GH¢ per DKK,0.158531,GH¢ per DKK,ok,
2005-02-17,GBPGHS,Pound Sterling,Buying,"16,894.8200",GH¢ per GBP,1.689482,GH¢ per GBP,ok,
2005-02-17,GBPGHS,Pound Sterling,Selling,"17,221.6900",GH¢ per GBP,1.722169,GH¢ per GBP,ok,
2005-02-17,GBPGHS,Pound Sterling,Mid Rate,"17,058.2550",GH¢ per GBP,1.7058255,GH¢ per GBP,ok,
2005-02-17,JPYGHS,Japanese yen,Buying,85.1400,GH¢ per JPY,0.008514,GH¢ per JPY,ok,
2005-02-17,JPYGHS,Japanese yen,Selling,86.7300,GH¢ per JPY,0.008673,GH¢ per JPY,ok,
2005-02-17,JPYGHS,Japanese yen,Mid Rate,85.9350,GH¢ per JPY,0.0085935,GH¢ per JPY,ok,
2005-02-17,NOKGHS,Norwegian Krone,Buying,"1,397.0100",GH¢ per NOK,0.139701,GH¢ per NOK,ok,
2005-02-17,NOKGHS,Norwegian Krone,Selling,"1,422.6200",GH¢ per NOK,0.142262,GH¢ per NOK,ok,
2005-02-17,NOKGHS,Norwegian Krone,Mid Rate,"1,409.8150",GH¢ per NOK,0.1409815,GH¢ per NOK,ok,
2005-02-17,NZDGHS,New Zealand Dollar,Buying,"6,411.5900",GH¢ per NZD,0.641159,GH¢ per NZD,ok,
2005-02-17,NZDGHS,New Zealand Dollar,Selling,"6,545.9700",GH¢ per NZD,0.654597,GH¢ per NZD,ok,
2005-02-17,NZDGHS,New Zealand Dollar,Mid Rate,"6,478.7800",GH¢ per NZD,0.647878,GH¢ per NZD,ok,
2005-02-17,SEKGHS,Swedish Krona,Buying,"1,286.3600",GH¢ per SEK,0.128636,GH¢ per SEK,ok,
2005-02-17,SEKGHS,Swedish Krona,Selling,"1,310.5900",GH¢ per SEK,0.131059,GH¢ per SEK,ok,
2005-02-17,SEKGHS,Swedish Krona,Mid Rate,"1,298.4750",GH¢ per SEK,0.1298475,GH¢ per SEK,ok,
2005-02-18,USDGHS,US Dollar,Buying,"8,962.0000",GH¢ per USD,0.8962,GH¢ per USD,ok,
2005-02-18,USDGHS,US Dollar,Selling,"9,133.4500",GH¢ per USD,0.913345,GH¢ per USD,ok,
2005-02-18,USDGHS,US Dollar,Mid Rate,"9,047.7250",GH¢ per USD,0.9047725,GH¢ per USD,ok,
2005-02-18,AUDGHS,Australian Dollar,Selling,"7,179.5300",GH¢ per AUD,0.717953,GH¢ per AUD,ok,
2005-02-18,AUDGHS,Australian Dollar,Mid Rate,"3,589.7650",GH¢ per AUD,0.3589765,GH¢ per AUD,ok,
2005-02-18,CADGHS,Canadian Dollar,Buying,"7,290.6900",GH¢ per CAD,0.729069,GH¢ per CAD,ok,
2005-02-18,CADGHS,Canadian Dollar,Selling,"7,428.3000",GH¢ per CAD,0.74283,GH¢ per CAD,ok,
2005-02-18,CADGHS,Canadian Dollar,Mid Rate,"7,359.4950",GH¢ per CAD,0.7359495,GH¢ per CAD,ok,
2005-02-18,CHFGHS,Swiss Franc,Buying,"7,568.9700",GH¢ per CHF,0.756897,GH¢ per CHF,ok,
2005-02-18,CHFGHS,Swiss Franc,Selling,"7,713.0500",GH¢ per CHF,0.771305,GH¢ per CHF,ok,
2005-02-18,CHFGHS,Swiss Franc,Mid Rate,"7,641.0100",GH¢ per CHF,0.764101,GH¢ per CHF,ok,
2005-02-18,DKKGHS,Danish Krone,Buying,"1,572.7700",GH¢ per DKK,0.157277,GH¢ per DKK,ok,
2005-02-18,DKKGHS,Danish Krone,Selling,"1,602.9700",GH¢ per DKK,0.160297,GH¢ per DKK,ok,
2005-02-18,DKKGHS,Danish Krone,Mid Rate,"1,587.8700",GH¢ per DKK,0.158787,GH¢ per DKK,ok,
2005-02-18,GBPGHS,Pound Sterling,Buying,"16,974.9200",GH¢ per GBP,1.697492,GH¢ per GBP,ok,
2005-02-18,GBPGHS,Pound Sterling,Selling,"17,304.2300",GH¢ per GBP,1.730423,GH¢ per GBP,ok,
2005-02-18,GBPGHS,Pound Sterling,Mid Rate,"17,139.5750",GH¢ per GBP,1.7139575,GH¢ per GBP,ok,
2005-02-18,JPYGHS,Japanese yen,Buying,85.1600,GH¢ per JPY,0.008516,GH¢ per JPY,ok,
2005-02-18,JPYGHS,Japanese yen,Selling,86.7600,GH¢ per JPY,0.008676,GH¢ per JPY,ok,
2005-02-18,JPYGHS,Japanese yen,Mid Rate,85.9600,GH¢ per JPY,0.008596,GH¢ per JPY,ok,
2005-02-18,NOKGHS,Norwegian Krone,Buying,"1,408.7500",GH¢ per NOK,0.140875,GH¢ per NOK,ok,
2005-02-18,NOKGHS,Norwegian Krone,Selling,"1,435.4800",GH¢ per NOK,0.143548,GH¢ per NOK,ok,
2005-02-18,NOKGHS,Norwegian Krone,Mid Rate,"1,422.1150",GH¢ per NOK,0.1422115,GH¢ per NOK,ok,
2005-02-18,NZDGHS,New Zealand Dollar,Buying,"6,433.5000",GH¢ per NZD,0.64335,GH¢ per NZD,ok,
2005-02-18,NZDGHS,New Zealand Dollar,Selling,"6,570.4200",GH¢ per NZD,0.657042,GH¢ per NZD,ok,
2005-02-18,NZDGHS,New Zealand Dollar,Mid Rate,"6,501.9600",GH¢ per NZD,0.650196,GH¢ per NZD,ok,
2005-02-18,SEKGHS,Swedish Krona,Buying,"1,288.0100",GH¢ per SEK,0.128801,GH¢ per SEK,ok,
2005-02-18,SEKGHS,Swedish Krona,Selling,"1,312.4800",GH¢ per SEK,0.131248,GH¢ per SEK,ok,
2005-02-18,SEKGHS,Swedish Krona,Mid Rate,"1,300.2450",GH¢ per SEK,0.1300245,GH¢ per SEK,ok,
2005-02-21,USDGHS,US Dollar,Buying,"8,962.0000",GH¢ per USD,0.8962,GH¢ per USD,ok,
2005-02-21,USDGHS,US Dollar,Selling,"9,134.3600",GH¢ per USD,0.913436,GH¢ per USD,ok,
2005-02-21,USDGHS,US Dollar,Mid Rate,"9,048.1800",GH¢ per USD,0.904818,GH¢ per USD,ok,
2005-02-21,AUDGHS,Australian Dollar,Selling,"7,204.6800",GH¢ per AUD,0.720468,GH¢ per AUD,ok,
2005-02-21,AUDGHS,Australian Dollar,Mid Rate,"3,602.3400",GH¢ per AUD,0.360234,GH¢ per AUD,ok,
2005-02-21,CADGHS,Canadian Dollar,Buying,"7,285.4700",GH¢ per CAD,0.728547,GH¢ per CAD,ok,
2005-02-21,CADGHS,Canadian Dollar,Selling,"7,420.4700",GH¢ per CAD,0.742047,GH¢ per CAD,ok,
2005-02-21,CADGHS,Canadian Dollar,Mid Rate,"7,352.9700",GH¢ per CAD,0.735297,GH¢ per CAD,ok,
2005-02-21,CHFGHS,Swiss Franc,Buying,"7,579.6000",GH¢ per CHF,0.75796,GH¢ per CHF,ok,
2005-02-21,CHFGHS,Swiss Franc,Selling,"7,721.4900",GH¢ per CHF,0.772149,GH¢ per CHF,ok,
2005-02-21,CHFGHS,Swiss Franc,Mid Rate,"7,650.5450",GH¢ per CHF,0.7650545,GH¢ per CHF,ok,
2005-02-21,DKKGHS,Danish Krone,Buying,"1,572.7000",GH¢ per DKK,0.15727,GH¢ per DKK,ok,
2005-02-21,DKKGHS,Danish Krone,Selling,"1,602.5700",GH¢ per DKK,0.160257,GH¢ per DKK,ok,
2005-02-21,DKKGHS,Danish Krone,Mid Rate,"1,587.6350",GH¢ per DKK,0.1587635,GH¢ per DKK,ok,
2005-02-21,GBPGHS,Pound Sterling,Buying,"16,972.2400",GH¢ per GBP,1.697224,GH¢ per GBP,ok,
2005-02-21,GBPGHS,Pound Sterling,Selling,"17,302.3000",GH¢ per GBP,1.73023,GH¢ per GBP,ok,
2005-02-21,GBPGHS,Pound Sterling,Mid Rate,"17,137.2700",GH¢ per GBP,1.713727,GH¢ per GBP,ok,
2005-02-21,JPYGHS,Japanese yen,Buying,84.8300,GH¢ per JPY,0.008483,GH¢ per JPY,ok,
2005-02-21,JPYGHS,Japanese yen,Selling,86.4300,GH¢ per JPY,0.008643,GH¢ per JPY,ok,
2005-02-21,JPYGHS,Japanese yen,Mid Rate,85.6300,GH¢ per JPY,0.008563,GH¢ per JPY,ok,
2005-02-21,NOKGHS,Norwegian Krone,Buying,"1,412.3900",GH¢ per NOK,0.141239,GH¢ per NOK,ok,
2005-02-21,NOKGHS,Norwegian Krone,Selling,"1,438.3300",GH¢ per NOK,0.143833,GH¢ per NOK,ok,
2005-02-21,NOKGHS,Norwegian Krone,Mid Rate,"1,425.3600",GH¢ per NOK,0.142536,GH¢ per NOK,ok,
2005-02-21,NZDGHS,New Zealand Dollar,Buying,"6,488.4900",GH¢ per NZD,0.648849,GH¢ per NZD,ok,
2005-02-21,NZDGHS,New Zealand Dollar,Selling,"6,625.0500",GH¢ per NZD,0.662505,GH¢ per NZD,ok,
2005-02-21,NZDGHS,New Zealand Dollar,Mid Rate,"6,556.7700",GH¢ per NZD,0.655677,GH¢ per NZD,ok,
2005-02-21,SEKGHS,Swedish Krona,Buying,"1,284.9900",GH¢ per SEK,0.128499,GH¢ per SEK,ok,
2005-02-21,SEKGHS,Swedish Krona,Selling,"1,308.5000",GH¢ per SEK,0.13085,GH¢ per SEK,ok,
2005-02-21,SEKGHS,Swedish Krona,Mid Rate,"1,296.7450",GH¢ per SEK,0.1296745,GH¢ per SEK,ok,
2005-02-22,USDGHS,US Dollar,Buying,"8,966.5500",GH¢ per USD,0.896655,GH¢ per USD,ok,
2005-02-22,USDGHS,US Dollar,Selling,"9,137.1800",GH¢ per USD,0.913718,GH¢ per USD,ok,
2005-02-22,USDGHS,US Dollar,Mid Rate,"9,051.8650",GH¢ per USD,0.9051865,GH¢ per USD,ok,
2005-02-22,AUDGHS,Australian Dollar,Selling,"7,243.6500",GH¢ per AUD,0.724365,GH¢ per AUD,ok,
2005-02-22,AUDGHS,Australian Dollar,Mid Rate,"3,621.8250",GH¢ per AUD,0.3621825,GH¢ per AUD,ok,
2005-02-22,CADGHS,Canadian Dollar,Buying,"7,309.6000",GH¢ per CAD,0.73096,GH¢ per CAD,ok,
2005-02-22,CADGHS,Canadian Dollar,Selling,"7,444.2900",GH¢ per CAD,0.744429,GH¢ per CAD,ok,
2005-02-22,CADGHS,Canadian Dollar,Mid Rate,"7,376.9450",GH¢ per CAD,0.7376945,GH¢ per CAD,ok,
2005-02-22,CHFGHS,Swiss Franc,Buying,"7,674.8100",GH¢ per CHF,0.767481,GH¢ per CHF,ok,
2005-02-22,CHFGHS,Swiss Franc,Selling,"7,819.0500",GH¢ per CHF,0.781905,GH¢ per CHF,ok,
2005-02-22,CHFGHS,Swiss Franc,Mid Rate,"7,746.9300",GH¢ per CHF,0.774693,GH¢ per CHF,ok,
2005-02-22,DKKGHS,Danish Krone,Buying,"1,587.6700",GH¢ per DKK,0.158767,GH¢ per DKK,ok,
2005-02-22,DKKGHS,Danish Krone,Selling,"1,617.3200",GH¢ per DKK,0.161732,GH¢ per DKK,ok,
2005-02-22,DKKGHS,Danish Krone,Mid Rate,"1,602.4950",GH¢ per DKK,0.1602495,GH¢ per DKK,ok,
2005-02-22,GBPGHS,Pound Sterling,Buying,"17,111.7600",GH¢ per GBP,1.711176,GH¢ per GBP,ok,
2005-02-22,GBPGHS,Pound Sterling,Selling,"17,441.9600",GH¢ per GBP,1.744196,GH¢ per GBP,ok,
2005-02-22,GBPGHS,Pound Sterling,Mid Rate,"17,276.8600",GH¢ per GBP,1.727686,GH¢ per GBP,ok,
2005-02-22,JPYGHS,Japanese yen,Buying,85.7600,GH¢ per JPY,0.008576,GH¢ per JPY,ok,
2005-02-22,JPYGHS,Japanese yen,Selling,87.3900,GH¢ per JPY,0.008739,GH¢ per JPY,ok,
2005-02-22,JPYGHS,Japanese yen,Mid Rate,86.5750,GH¢ per JPY,0.0086575,GH¢ per JPY,ok,
2005-02-22,NOKGHS,Norwegian Krone,Buying,"1,431.0100",GH¢ per NOK,0.143101,GH¢ per NOK,ok,
2005-02-22,NOKGHS,Norwegian Krone,Selling,"1,457.5400",GH¢ per NOK,0.145754,GH¢ per NOK,ok,
2005-02-22,NOKGHS,Norwegian Krone,Mid Rate,"1,444.2750",GH¢ per NOK,0.1444275,GH¢ per NOK,ok,
2005-02-22,NZDGHS,New Zealand Dollar,Buying,"6,538.4100",GH¢ per NZD,0.653841,GH¢ per NZD,ok,
2005-02-22,NZDGHS,New Zealand Dollar,Selling,"6,675.0400",GH¢ per NZD,0.667504,GH¢ per NZD,ok,
2005-02-22,NZDGHS,New Zealand Dollar,Mid Rate,"6,606.7250",GH¢ per NZD,0.6606725,GH¢ per NZD,ok,
2005-02-22,SEKGHS,Swedish Krona,Buying,"1,297.8100",GH¢ per SEK,0.129781,GH¢ per SEK,ok,
2005-02-22,SEKGHS,Swedish Krona,Selling,"1,321.5500",GH¢ per SEK,0.132155,GH¢ per SEK,ok,
2005-02-22,SEKGHS,Swedish Krona,Mid Rate,"1,309.6800",GH¢ per SEK,0.130968,GH¢ per SEK,ok,
2005-02-23,USDGHS,US Dollar,Buying,"8,967.0000",GH¢ per USD,0.8967,GH¢ per USD,ok,
2005-02-23,USDGHS,US Dollar,Selling,"9,137.4500",GH¢ per USD,0.913745,GH¢ per USD,ok,
2005-02-23,USDGHS,US Dollar,Mid Rate,"9,052.2250",GH¢ per USD,0.9052225,GH¢ per USD,ok,
2005-02-23,AUDGHS,Australian Dollar,Selling,"7,232.1600",GH¢ per AUD,0.723216,GH¢ per AUD,ok,
2005-02-23,AUDGHS,Australian Dollar,Mid Rate,"3,616.0800",GH¢ per AUD,0.361608,GH¢ per AUD,ok,
2005-02-23,CADGHS,Canadian Dollar,Buying,"7,295.3400",GH¢ per CAD,0.729534,GH¢ per CAD,ok,
2005-02-23,CADGHS,Canadian Dollar,Selling,"7,429.8600",GH¢ per CAD,0.742986,GH¢ per CAD,ok,
2005-02-23,CADGHS,Canadian Dollar,Mid Rate,"7,362.6000",GH¢ per CAD,0.73626,GH¢ per CAD,ok,
2005-02-23,CHFGHS,Swiss Franc,Buying,"7,703.7400",GH¢ per CHF,0.770374,GH¢ per CHF,ok,
2005-02-23,CHFGHS,Swiss Franc,Selling,"7,848.9900",GH¢ per CHF,0.784899,GH¢ per CHF,ok,
2005-02-23,CHFGHS,Swiss Franc,Mid Rate,"7,776.3650",GH¢ per CHF,0.7776365,GH¢ per CHF,ok,
2005-02-23,DKKGHS,Danish Krone,Buying,"1,591.9200",GH¢ per DKK,0.159192,GH¢ per DKK,ok,
2005-02-23,DKKGHS,Danish Krone,Selling,"1,622.2200",GH¢ per DKK,0.162222,GH¢ per DKK,ok,
2005-02-23,DKKGHS,Danish Krone,Mid Rate,"1,607.0700",GH¢ per DKK,0.160707,GH¢ per DKK,ok,
2005-02-23,GBPGHS,Pound Sterling,Buying,"17,077.6500",GH¢ per GBP,1.707765,GH¢ per GBP,ok,
2005-02-23,GBPGHS,Pound Sterling,Selling,"17,405.9300",GH¢ per GBP,1.740593,GH¢ per GBP,ok,
2005-02-23,GBPGHS,Pound Sterling,Mid Rate,"17,241.7900",GH¢ per GBP,1.724179,GH¢ per GBP,ok,
2005-02-23,JPYGHS,Japanese yen,Buying,85.6100,GH¢ per JPY,0.008561,GH¢ per JPY,ok,
2005-02-23,JPYGHS,Japanese yen,Selling,87.2000,GH¢ per JPY,0.00872,GH¢ per JPY,ok,
2005-02-23,JPYGHS,Japanese yen,Mid Rate,86.4050,GH¢ per JPY,0.0086405,GH¢ per JPY,ok,
2005-02-23,NOKGHS,Norwegian Krone,Buying,"1,435.0800",GH¢ per NOK,0.143508,GH¢ per NOK,ok,
2005-02-23,NOKGHS,Norwegian Krone,Selling,"1,460.8800",GH¢ per NOK,0.146088,GH¢ per NOK,ok,
2005-02-23,NOKGHS,Norwegian Krone,Mid Rate,"1,447.9800",GH¢ per NOK,0.144798,GH¢ per NOK,ok,
2005-02-23,NZDGHS,New Zealand Dollar,Buying,"6,511.7100",GH¢ per NZD,0.651171,GH¢ per NZD,ok,
2005-02-23,NZDGHS,New Zealand Dollar,Selling,"6,640.3600",GH¢ per NZD,0.664036,GH¢ per NZD,ok,
2005-02-23,NZDGHS,New Zealand Dollar,Mid Rate,"6,576.0350",GH¢ per NZD,0.6576035,GH¢ per NZD,ok,
2005-02-23,SEKGHS,Swedish Krona,Buying,"1,302.3300",GH¢ per SEK,0.130233,GH¢ per SEK,ok,
2005-02-23,SEKGHS,Swedish Krona,Selling,"1,326.8300",GH¢ per SEK,0.132683,GH¢ per SEK,ok,
2005-02-23,SEKGHS,Swedish Krona,Mid Rate,"1,314.5800",GH¢ per SEK,0.131458,GH¢ per SEK,ok,
2005-02-24,USDGHS,US Dollar,Buying,"8,957.9100",GH¢ per USD,0.895791,GH¢ per USD,ok,
2005-02-24,USDGHS,US Dollar,Selling,"9,134.7300",GH¢ per USD,0.913473,GH¢ per USD,ok,
2005-02-24,USDGHS,US Dollar,Mid Rate,"9,046.3200",GH¢ per USD,0.904632,GH¢ per USD,ok,
2005-02-24,AUDGHS,Australian Dollar,Selling,"7,208.6300",GH¢ per AUD,0.720863,GH¢ per AUD,ok,
2005-02-24,AUDGHS,Australian Dollar,Mid Rate,"3,604.3150",GH¢ per AUD,0.3604315,GH¢ per AUD,ok,
2005-02-24,CADGHS,Canadian Dollar,Buying,"7,200.4100",GH¢ per CAD,0.720041,GH¢ per CAD,ok,
2005-02-24,CADGHS,Canadian Dollar,Selling,"7,340.9100",GH¢ per CAD,0.734091,GH¢ per CAD,ok,
2005-02-24,CADGHS,Canadian Dollar,Mid Rate,"7,270.6600",GH¢ per CAD,0.727066,GH¢ per CAD,ok,
2005-02-24,CHFGHS,Swiss Franc,Buying,"7,706.6800",GH¢ per CHF,0.770668,GH¢ per CHF,ok,
2005-02-24,CHFGHS,Swiss Franc,Selling,"7,858.2700",GH¢ per CHF,0.785827,GH¢ per CHF,ok,
2005-02-24,CHFGHS,Swiss Franc,Mid Rate,"7,782.4750",GH¢ per CHF,0.7782475,GH¢ per CHF,ok,
2005-02-24,DKKGHS,Danish Krone,Buying,"1,593.3100",GH¢ per DKK,0.159331,GH¢ per DKK,ok,
2005-02-24,DKKGHS,Danish Krone,Selling,"1,624.4700",GH¢ per DKK,0.162447,GH¢ per DKK,ok,
2005-02-24,DKKGHS,Danish Krone,Mid Rate,"1,608.8900",GH¢ per DKK,0.160889,GH¢ per DKK,ok,
2005-02-24,GBPGHS,Pound Sterling,Buying,"17,109.6100",GH¢ per GBP,1.710961,GH¢ per GBP,ok,
2005-02-24,GBPGHS,Pound Sterling,Selling,"17,450.0700",GH¢ per GBP,1.745007,GH¢ per GBP,ok,
2005-02-24,GBPGHS,Pound Sterling,Mid Rate,"17,279.8400",GH¢ per GBP,1.727984,GH¢ per GBP,ok,
2005-02-24,JPYGHS,Japanese yen,Buying,85.5900,GH¢ per JPY,0.008559,GH¢ per JPY,ok,
2005-02-24,JPYGHS,Japanese yen,Selling,87.2400,GH¢ per JPY,0.008724,GH¢ per JPY,ok,
2005-02-24,JPYGHS,Japanese yen,Mid Rate,86.4150,GH¢ per JPY,0.0086415,GH¢ per JPY,ok,
2005-02-24,NOKGHS,Norwegian Krone,Buying,"1,439.5600",GH¢ per NOK,0.143956,GH¢ per NOK,ok,
2005-02-24,NOKGHS,Norwegian Krone,Selling,"1,467.1100",GH¢ per NOK,0.146711,GH¢ per NOK,ok,
2005-02-24,NOKGHS,Norwegian Krone,Mid Rate,"1,453.3350",GH¢ per NOK,0.1453335,GH¢ per NOK,ok,
2005-02-24,NZDGHS,New Zealand Dollar,Buying,"6,481.1200",GH¢ per NZD,0.648112,GH¢ per NZD,ok,
2005-02-24,NZDGHS,New Zealand Dollar,Selling,"6,620.5600",GH¢ per NZD,0.662056,GH¢ per NZD,ok,
2005-02-24,NZDGHS,New Zealand Dollar,Mid Rate,"6,550.8400",GH¢ per NZD,0.655084,GH¢ per NZD,ok,
2005-02-24,SEKGHS,Swedish Krona,Buying,"1,307.2200",GH¢ per SEK,0.130722,GH¢ per SEK,ok,
2005-02-24,SEKGHS,Swedish Krona,Selling,"1,332.4900",GH¢ per SEK,0.133249,GH¢ per SEK,ok,
2005-02-24,SEKGHS,Swedish Krona,Mid Rate,"1,319.8550",GH¢ per SEK,0.1319855,GH¢ per SEK,ok,
2005-02-25,USDGHS,US Dollar,Buying,"8,954.3600",GH¢ per USD,0.895436,GH¢ per USD,ok,
2005-02-25,USDGHS,US Dollar,Selling,"9,134.5500",GH¢ per USD,0.913455,GH¢ per USD,ok,
2005-02-25,USDGHS,US Dollar,Mid Rate,"9,044.4550",GH¢ per USD,0.9044455,GH¢ per USD,ok,
2005-02-25,AUDGHS,Australian Dollar,Selling,"7,157.3900",GH¢ per AUD,0.715739,GH¢ per AUD,ok,
2005-02-25,AUDGHS,Australian Dollar,Mid Rate,"3,578.6950",GH¢ per AUD,0.3578695,GH¢ per AUD,ok,
2005-02-25,CADGHS,Canadian Dollar,Buying,"7,217.5100",GH¢ per CAD,0.721751,GH¢ per CAD,ok,
2005-02-25,CADGHS,Canadian Dollar,Selling,"7,359.9400",GH¢ per CAD,0.735994,GH¢ per CAD,ok,
2005-02-25,CADGHS,Canadian Dollar,Mid Rate,"7,288.7250",GH¢ per CAD,0.7288725,GH¢ per CAD,ok,
2005-02-25,CHFGHS,Swiss Franc,Buying,"7,658.3100",GH¢ per CHF,0.765831,GH¢ per CHF,ok,
2005-02-25,CHFGHS,Swiss Franc,Selling,"7,812.1500",GH¢ per CHF,0.781215,GH¢ per CHF,ok,
2005-02-25,CHFGHS,Swiss Franc,Mid Rate,"7,735.2300",GH¢ per CHF,0.773523,GH¢ per CHF,ok,
2005-02-25,DKKGHS,Danish Krone,Buying,"1,587.8200",GH¢ per DKK,0.158782,GH¢ per DKK,ok,
2005-02-25,DKKGHS,Danish Krone,Selling,"1,619.7200",GH¢ per DKK,0.161972,GH¢ per DKK,ok,
2005-02-25,DKKGHS,Danish Krone,Mid Rate,"1,603.7700",GH¢ per DKK,0.160377,GH¢ per DKK,ok,
2005-02-25,GBPGHS,Pound Sterling,Buying,"17,109.1000",GH¢ per GBP,1.71091,GH¢ per GBP,ok,
2005-02-25,GBPGHS,Pound Sterling,Selling,"17,457.0400",GH¢ per GBP,1.745704,GH¢ per GBP,ok,
2005-02-25,GBPGHS,Pound Sterling,Mid Rate,"17,283.0700",GH¢ per GBP,1.728307,GH¢ per GBP,ok,
2005-02-25,JPYGHS,Japanese yen,Buying,85.1100,GH¢ per JPY,0.008511,GH¢ per JPY,ok,
2005-02-25,JPYGHS,Japanese yen,Selling,86.7900,GH¢ per JPY,0.008679,GH¢ per JPY,ok,
2005-02-25,JPYGHS,Japanese yen,Mid Rate,85.9500,GH¢ per JPY,0.008595,GH¢ per JPY,ok,
2005-02-25,NOKGHS,Norwegian Krone,Buying,"1,433.0900",GH¢ per NOK,0.143309,GH¢ per NOK,ok,
2005-02-25,NOKGHS,Norwegian Krone,Selling,"1,461.4600",GH¢ per NOK,0.146146,GH¢ per NOK,ok,
2005-02-25,NOKGHS,Norwegian Krone,Mid Rate,"1,447.2750",GH¢ per NOK,0.1447275,GH¢ per NOK,ok,
2005-02-25,NZDGHS,New Zealand Dollar,Buying,"6,446.7100",GH¢ per NZD,0.644671,GH¢ per NZD,ok,
2005-02-25,NZDGHS,New Zealand Dollar,Selling,"6,588.2900",GH¢ per NZD,0.658829,GH¢ per NZD,ok,
2005-02-25,NZDGHS,New Zealand Dollar,Mid Rate,"6,517.5000",GH¢ per NZD,0.65175,GH¢ per NZD,ok,
2005-02-25,SEKGHS,Swedish Krona,Buying,"1,302.0300",GH¢ per SEK,0.130203,GH¢ per SEK,ok,
2005-02-25,SEKGHS,Swedish Krona,Selling,"1,327.6000",GH¢ per SEK,0.13276,GH¢ per SEK,ok,
2005-02-25,SEKGHS,Swedish Krona,Mid Rate,"1,314.8150",GH¢ per SEK,0.1314815,GH¢ per SEK,ok,
2005-02-28,USDGHS,US Dollar,Buying,"8,954.0000",GH¢ per USD,0.8954,GH¢ per USD,ok,
2005-02-28,USDGHS,US Dollar,Selling,"9,118.1800",GH¢ per USD,0.911818,GH¢ per USD,ok,
2005-02-28,USDGHS,US Dollar,Mid Rate,"9,036.0900",GH¢ per USD,0.903609,GH¢ per USD,ok,
2005-02-28,AUDGHS,Australian Dollar,Selling,"7,220.8600",GH¢ per AUD,0.722086,GH¢ per AUD,ok,
2005-02-28,AUDGHS,Australian Dollar,Mid Rate,"3,610.4300",GH¢ per AUD,0.361043,GH¢ per AUD,ok,
2005-02-28,CADGHS,Canadian Dollar,Buying,"7,257.5200",GH¢ per CAD,0.725752,GH¢ per CAD,ok,
2005-02-28,CADGHS,Canadian Dollar,Selling,"7,387.8400",GH¢ per CAD,0.738784,GH¢ per CAD,ok,
2005-02-28,CADGHS,Canadian Dollar,Mid Rate,"7,322.6800",GH¢ per CAD,0.732268,GH¢ per CAD,ok,
2005-02-28,CHFGHS,Swiss Franc,Buying,"7,718.4000",GH¢ per CHF,0.77184,GH¢ per CHF,ok,
2005-02-28,CHFGHS,Swiss Franc,Selling,"7,857.0300",GH¢ per CHF,0.785703,GH¢ per CHF,ok,
2005-02-28,CHFGHS,Swiss Franc,Mid Rate,"7,787.7150",GH¢ per CHF,0.7787715,GH¢ per CHF,ok,
2005-02-28,DKKGHS,Danish Krone,Buying,"1,596.3900",GH¢ per DKK,0.159639,GH¢ per DKK,ok,
2005-02-28,DKKGHS,Danish Krone,Selling,"1,625.0000",GH¢ per DKK,0.1625,GH¢ per DKK,ok,
2005-02-28,DKKGHS,Danish Krone,Mid Rate,"1,610.6950",GH¢ per DKK,0.1610695,GH¢ per DKK,ok,
2005-02-28,GBPGHS,Pound Sterling,Buying,"17,210.4800",GH¢ per GBP,1.721048,GH¢ per GBP,ok,
2005-02-28,GBPGHS,Pound Sterling,Selling,"17,530.6100",GH¢ per GBP,1.753061,GH¢ per GBP,ok,
2005-02-28,GBPGHS,Pound Sterling,Mid Rate,"17,370.5450",GH¢ per GBP,1.7370545,GH¢ per GBP,ok,
2005-02-28,JPYGHS,Japanese yen,Buying,85.6600,GH¢ per JPY,0.008566,GH¢ per JPY,ok,
2005-02-28,JPYGHS,Japanese yen,Selling,87.2000,GH¢ per JPY,0.00872,GH¢ per JPY,ok,
2005-02-28,JPYGHS,Japanese yen,Mid Rate,86.4300,GH¢ per JPY,0.008643,GH¢ per JPY,ok,
2005-02-28,NOKGHS,Norwegian Krone,Buying,"1,438.2700",GH¢ per NOK,0.143827,GH¢ per NOK,ok,
2005-02-28,NOKGHS,Norwegian Krone,Selling,"1,463.8600",GH¢ per NOK,0.146386,GH¢ per NOK,ok,
2005-02-28,NOKGHS,Norwegian Krone,Mid Rate,"1,451.0650",GH¢ per NOK,0.1451065,GH¢ per NOK,ok,
2005-02-28,NZDGHS,New Zealand Dollar,Buying,"6,500.4000",GH¢ per NZD,0.65004,GH¢ per NZD,ok,
2005-02-28,NZDGHS,New Zealand Dollar,Selling,"6,631.8300",GH¢ per NZD,0.663183,GH¢ per NZD,ok,
2005-02-28,NZDGHS,New Zealand Dollar,Mid Rate,"6,566.1150",GH¢ per NZD,0.6566115,GH¢ per NZD,ok,
2005-02-28,SEKGHS,Swedish Krona,Buying,"1,312.5200",GH¢ per SEK,0.131252,GH¢ per SEK,ok,
2005-02-28,SEKGHS,Swedish Krona,Selling,"1,335.3500",GH¢ per SEK,0.133535,GH¢ per SEK,ok,
2005-02-28,SEKGHS,Swedish Krona,Mid Rate,"1,323.9350",GH¢ per SEK,0.1323935,GH¢ per SEK,ok,
2005-03-01,USDGHS,US Dollar,Buying,"8,961.2700",GH¢ per USD,0.896127,GH¢ per USD,ok,
2005-03-01,USDGHS,US Dollar,Selling,"9,133.0000",GH¢ per USD,0.9133,GH¢ per USD,ok,
2005-03-01,USDGHS,US Dollar,Mid Rate,"9,047.1350",GH¢ per USD,0.9047135,GH¢ per USD,ok,
2005-03-01,AUDGHS,Australian Dollar,Selling,"7,198.4000",GH¢ per AUD,0.71984,GH¢ per AUD,ok,
2005-03-01,AUDGHS,Australian Dollar,Mid Rate,"3,599.2000",GH¢ per AUD,0.35992,GH¢ per AUD,ok,
2005-03-01,CADGHS,Canadian Dollar,Buying,"7,253.8600",GH¢ per CAD,0.725386,GH¢ per CAD,ok,
2005-03-01,CADGHS,Canadian Dollar,Selling,"7,391.9900",GH¢ per CAD,0.739199,GH¢ per CAD,ok,
2005-03-01,CADGHS,Canadian Dollar,Mid Rate,"7,322.9250",GH¢ per CAD,0.7322925,GH¢ per CAD,ok,
2005-03-01,CHFGHS,Swiss Franc,Buying,"7,691.6300",GH¢ per CHF,0.769163,GH¢ per CHF,ok,
2005-03-01,CHFGHS,Swiss Franc,Selling,"7,838.6100",GH¢ per CHF,0.783861,GH¢ per CHF,ok,
2005-03-01,CHFGHS,Swiss Franc,Mid Rate,"7,765.1200",GH¢ per CHF,0.776512,GH¢ per CHF,ok,
2005-03-01,DKKGHS,Danish Krone,Buying,"1,588.6600",GH¢ per DKK,0.158866,GH¢ per DKK,ok,
2005-03-01,DKKGHS,Danish Krone,Selling,"1,619.0600",GH¢ per DKK,0.161906,GH¢ per DKK,ok,
2005-03-01,DKKGHS,Danish Krone,Mid Rate,"1,603.8600",GH¢ per DKK,0.160386,GH¢ per DKK,ok,
2005-03-01,GBPGHS,Pound Sterling,Buying,"17,193.0900",GH¢ per GBP,1.719309,GH¢ per GBP,ok,
2005-03-01,GBPGHS,Pound Sterling,Selling,"17,527.1400",GH¢ per GBP,1.752714,GH¢ per GBP,ok,
2005-03-01,GBPGHS,Pound Sterling,Mid Rate,"17,360.1150",GH¢ per GBP,1.7360115,GH¢ per GBP,ok,
2005-03-01,JPYGHS,Japanese yen,Buying,85.7800,GH¢ per JPY,0.008578,GH¢ per JPY,ok,
2005-03-01,JPYGHS,Japanese yen,Selling,87.4000,GH¢ per JPY,0.00874,GH¢ per JPY,ok,
2005-03-01,JPYGHS,Japanese yen,Mid Rate,86.5900,GH¢ per JPY,0.008659,GH¢ per JPY,ok,
2005-03-01,NOKGHS,Norwegian Krone,Buying,"1,439.4600",GH¢ per NOK,0.143946,GH¢ per NOK,ok,
2005-03-01,NOKGHS,Norwegian Krone,Selling,"1,465.7100",GH¢ per NOK,0.146571,GH¢ per NOK,ok,
2005-03-01,NOKGHS,Norwegian Krone,Mid Rate,"1,452.5850",GH¢ per NOK,0.1452585,GH¢ per NOK,ok,
2005-03-01,NZDGHS,New Zealand Dollar,Buying,"6,498.9900",GH¢ per NZD,0.649899,GH¢ per NZD,ok,
2005-03-01,NZDGHS,New Zealand Dollar,Selling,"6,628.7600",GH¢ per NZD,0.662876,GH¢ per NZD,ok,
2005-03-01,NZDGHS,New Zealand Dollar,Mid Rate,"6,563.8750",GH¢ per NZD,0.6563875,GH¢ per NZD,ok,
2005-03-01,SEKGHS,Swedish Krona,Buying,"1,310.8500",GH¢ per SEK,0.131085,GH¢ per SEK,ok,
2005-03-01,SEKGHS,Swedish Krona,Selling,"1,336.0500",GH¢ per SEK,0.133605,GH¢ per SEK,ok,
2005-03-01,SEKGHS,Swedish Krona,Mid Rate,"1,323.4500",GH¢ per SEK,0.132345,GH¢ per SEK,ok,
2005-03-02,USDGHS,US Dollar,Buying,"8,961.2700",GH¢ per USD,0.896127,GH¢ per USD,ok,
2005-03-02,USDGHS,US Dollar,Selling,"9,133.0000",GH¢ per USD,0.9133,GH¢ per USD,ok,
2005-03-02,USDGHS,US Dollar,Mid Rate,"9,047.1350",GH¢ per USD,0.9047135,GH¢ per USD,ok,
2005-03-02,AUDGHS,Australian Dollar,Selling,"7,130.8400",GH¢ per AUD,0.713084,GH¢ per AUD,ok,
2005-03-02,AUDGHS,Australian Dollar,Mid Rate,"3,565.4200",GH¢ per AUD,0.356542,GH¢ per AUD,ok,
2005-03-02,CADGHS,Canadian Dollar,Buying,"7,205.4700",GH¢ per CAD,0.720547,GH¢ per CAD,ok,
2005-03-02,CADGHS,Canadian Dollar,Selling,"7,342.4600",GH¢ per CAD,0.734246,GH¢ per CAD,ok,
2005-03-02,CADGHS,Canadian Dollar,Mid Rate,"7,273.9650",GH¢ per CAD,0.7273965,GH¢ per CAD,ok,
2005-03-02,CHFGHS,Swiss Franc,Buying,"7,678.5100",GH¢ per CHF,0.767851,GH¢ per CHF,ok,
2005-03-02,CHFGHS,Swiss Franc,Selling,"7,823.1800",GH¢ per CHF,0.782318,GH¢ per CHF,ok,
2005-03-02,CHFGHS,Swiss Franc,Mid Rate,"7,750.8450",GH¢ per CHF,0.7750845,GH¢ per CHF,ok,
2005-03-02,DKKGHS,Danish Krone,Buying,"1,585.4000",GH¢ per DKK,0.15854,GH¢ per DKK,ok,
2005-03-02,DKKGHS,Danish Krone,Selling,"1,615.9700",GH¢ per DKK,0.161597,GH¢ per DKK,ok,
2005-03-02,DKKGHS,Danish Krone,Mid Rate,"1,600.6850",GH¢ per DKK,0.1600685,GH¢ per DKK,ok,
2005-03-02,GBPGHS,Pound Sterling,Buying,"17,181.4400",GH¢ per GBP,1.718144,GH¢ per GBP,ok,
2005-03-02,GBPGHS,Pound Sterling,Selling,"17,516.1800",GH¢ per GBP,1.751618,GH¢ per GBP,ok,
2005-03-02,GBPGHS,Pound Sterling,Mid Rate,"17,348.8100",GH¢ per GBP,1.734881,GH¢ per GBP,ok,
2005-03-02,JPYGHS,Japanese yen,Buying,85.6900,GH¢ per JPY,0.008569,GH¢ per JPY,ok,
2005-03-02,JPYGHS,Japanese yen,Selling,87.3100,GH¢ per JPY,0.008731,GH¢ per JPY,ok,
2005-03-02,JPYGHS,Japanese yen,Mid Rate,86.5000,GH¢ per JPY,0.00865,GH¢ per JPY,ok,
2005-03-02,NOKGHS,Norwegian Krone,Buying,"1,440.8500",GH¢ per NOK,0.144085,GH¢ per NOK,ok,
2005-03-02,NOKGHS,Norwegian Krone,Selling,"1,467.7700",GH¢ per NOK,0.146777,GH¢ per NOK,ok,
2005-03-02,NOKGHS,Norwegian Krone,Mid Rate,"1,454.3100",GH¢ per NOK,0.145431,GH¢ per NOK,ok,
2005-03-02,NZDGHS,New Zealand Dollar,Buying,"6,492.8700",GH¢ per NZD,0.649287,GH¢ per NZD,ok,
2005-03-02,NZDGHS,New Zealand Dollar,Selling,"6,628.1200",GH¢ per NZD,0.662812,GH¢ per NZD,ok,
2005-03-02,NZDGHS,New Zealand Dollar,Mid Rate,"6,560.4950",GH¢ per NZD,0.6560495,GH¢ per NZD,ok,
2005-03-02,SEKGHS,Swedish Krona,Buying,"1,303.7400",GH¢ per SEK,0.130374,GH¢ per SEK,ok,
2005-03-02,SEKGHS,Swedish Krona,Selling,"1,327.5700",GH¢ per SEK,0.132757,GH¢ per SEK,ok,
2005-03-02,SEKGHS,Swedish Krona,Mid Rate,"1,315.6550",GH¢ per SEK,0.1315655,GH¢ per SEK,ok,
2005-03-03,USDGHS,US Dollar,Buying,"8,962.8200",GH¢ per USD,0.896282,GH¢ per USD,ok,
2005-03-03,USDGHS,US Dollar,Selling,"9,133.0000",GH¢ per USD,0.9133,GH¢ per USD,ok,
2005-03-03,USDGHS,US Dollar,Mid Rate,"9,047.9100",GH¢ per USD,0.904791,GH¢ per USD,ok,
2005-03-03,AUDGHS,Australian Dollar,Selling,"7,131.8700",GH¢ per AUD,0.713187,GH¢ per AUD,ok,
2005-03-03,AUDGHS,Australian Dollar,Mid Rate,"3,565.9350",GH¢ per AUD,0.3565935,GH¢ per AUD,ok,
2005-03-03,CADGHS,Canadian Dollar,Buying,"7,222.1400",GH¢ per CAD,0.722214,GH¢ per CAD,ok,
2005-03-03,CADGHS,Canadian Dollar,Selling,"7,353.3600",GH¢ per CAD,0.735336,GH¢ per CAD,ok,
2005-03-03,CADGHS,Canadian Dollar,Mid Rate,"7,287.7500",GH¢ per CAD,0.728775,GH¢ per CAD,ok,
2005-03-03,CHFGHS,Swiss Franc,Buying,"7,617.4600",GH¢ per CHF,0.761746,GH¢ per CHF,ok,
2005-03-03,CHFGHS,Swiss Franc,Selling,"7,758.2000",GH¢ per CHF,0.77582,GH¢ per CHF,ok,
2005-03-03,CHFGHS,Swiss Franc,Mid Rate,"7,687.8300",GH¢ per CHF,0.768783,GH¢ per CHF,ok,
2005-03-03,DKKGHS,Danish Krone,Buying,"1,580.1000",GH¢ per DKK,0.15801,GH¢ per DKK,ok,
2005-03-03,DKKGHS,Danish Krone,Selling,"1,609.7100",GH¢ per DKK,0.160971,GH¢ per DKK,ok,
2005-03-03,DKKGHS,Danish Krone,Mid Rate,"1,594.9050",GH¢ per DKK,0.1594905,GH¢ per DKK,ok,
2005-03-03,GBPGHS,Pound Sterling,Buying,"17,117.1900",GH¢ per GBP,1.711719,GH¢ per GBP,ok,
2005-03-03,GBPGHS,Pound Sterling,Selling,"17,445.8600",GH¢ per GBP,1.744586,GH¢ per GBP,ok,
2005-03-03,GBPGHS,Pound Sterling,Mid Rate,"17,281.5250",GH¢ per GBP,1.7281525,GH¢ per GBP,ok,
2005-03-03,JPYGHS,Japanese yen,Buying,85.3100,GH¢ per JPY,0.008531,GH¢ per JPY,ok,
2005-03-03,JPYGHS,Japanese yen,Selling,86.9000,GH¢ per JPY,0.00869,GH¢ per JPY,ok,
2005-03-03,JPYGHS,Japanese yen,Mid Rate,86.1050,GH¢ per JPY,0.0086105,GH¢ per JPY,ok,
2005-03-03,NOKGHS,Norwegian Krone,Buying,"1,434.6700",GH¢ per NOK,0.143467,GH¢ per NOK,ok,
2005-03-03,NOKGHS,Norwegian Krone,Selling,"1,460.4200",GH¢ per NOK,0.146042,GH¢ per NOK,ok,
2005-03-03,NOKGHS,Norwegian Krone,Mid Rate,"1,447.5450",GH¢ per NOK,0.1447545,GH¢ per NOK,ok,
2005-03-03,NZDGHS,New Zealand Dollar,Buying,"6,495.9700",GH¢ per NZD,0.649597,GH¢ per NZD,ok,
2005-03-03,NZDGHS,New Zealand Dollar,Selling,"6,631.1700",GH¢ per NZD,0.663117,GH¢ per NZD,ok,
2005-03-03,NZDGHS,New Zealand Dollar,Mid Rate,"6,563.5700",GH¢ per NZD,0.656357,GH¢ per NZD,ok,
2005-03-03,SEKGHS,Swedish Krona,Buying,"1,396.4500",GH¢ per SEK,0.139645,GH¢ per SEK,warn,FX2_spread
2005-03-03,SEKGHS,Swedish Krona,Selling,"1,320.8300",GH¢ per SEK,0.132083,GH¢ per SEK,warn,FX2_spread
2005-03-03,SEKGHS,Swedish Krona,Mid Rate,"1,358.6400",GH¢ per SEK,0.135864,GH¢ per SEK,ok,
2005-03-04,USDGHS,US Dollar,Buying,"8,963.0000",GH¢ per USD,0.8963,GH¢ per USD,ok,
2005-03-04,USDGHS,US Dollar,Selling,"9,116.6400",GH¢ per USD,0.911664,GH¢ per USD,ok,
2005-03-04,USDGHS,US Dollar,Mid Rate,"9,039.8200",GH¢ per USD,0.903982,GH¢ per USD,ok,
2005-03-04,AUDGHS,Australian Dollar,Selling,"7,145.4100",GH¢ per AUD,0.714541,GH¢ per AUD,ok,
2005-03-04,AUDGHS,Australian Dollar,Mid Rate,"3,572.7050",GH¢ per AUD,0.3572705,GH¢ per AUD,ok,
2005-03-04,CADGHS,Canadian Dollar,Buying,"7,206.0800",GH¢ per CAD,0.720608,GH¢ per CAD,ok,
2005-03-04,CADGHS,Canadian Dollar,Selling,"7,324.8130",GH¢ per CAD,0.7324813,GH¢ per CAD,ok,
2005-03-04,CADGHS,Canadian Dollar,Mid Rate,"7,265.4465",GH¢ per CAD,0.72654465,GH¢ per CAD,ok,
2005-03-04,CHFGHS,Swiss Franc,Buying,"7,589.8700",GH¢ per CHF,0.758987,GH¢ per CHF,ok,
2005-03-04,CHFGHS,Swiss Franc,Selling,"7,718.6300",GH¢ per CHF,0.771863,GH¢ per CHF,ok,
2005-03-04,CHFGHS,Swiss Franc,Mid Rate,"7,654.2500",GH¢ per CHF,0.765425,GH¢ per CHF,ok,
2005-03-04,DKKGHS,Danish Krone,Buying,"1,578.1600",GH¢ per DKK,0.157816,GH¢ per DKK,ok,
2005-03-04,DKKGHS,Danish Krone,Selling,"1,605.1800",GH¢ per DKK,0.160518,GH¢ per DKK,ok,
2005-03-04,DKKGHS,Danish Krone,Mid Rate,"1,591.6700",GH¢ per DKK,0.159167,GH¢ per DKK,ok,
2005-03-04,GBPGHS,Pound Sterling,Buying,"17,087.0600",GH¢ per GBP,1.708706,GH¢ per GBP,ok,
2005-03-04,GBPGHS,Pound Sterling,Selling,"17,385.4300",GH¢ per GBP,1.738543,GH¢ per GBP,ok,
2005-03-04,GBPGHS,Pound Sterling,Mid Rate,"17,236.2450",GH¢ per GBP,1.7236245,GH¢ per GBP,ok,
2005-03-04,JPYGHS,Japanese yen,Buying,85.0000,GH¢ per JPY,0.0085,GH¢ per JPY,ok,
2005-03-04,JPYGHS,Japanese yen,Selling,86.4300,GH¢ per JPY,0.008643,GH¢ per JPY,ok,
2005-03-04,JPYGHS,Japanese yen,Mid Rate,85.7150,GH¢ per JPY,0.0085715,GH¢ per JPY,ok,
2005-03-04,NOKGHS,Norwegian Krone,Buying,"1,430.5000",GH¢ per NOK,0.14305,GH¢ per NOK,ok,
2005-03-04,NOKGHS,Norwegian Krone,Selling,"1,454.7100",GH¢ per NOK,0.145471,GH¢ per NOK,ok,
2005-03-04,NOKGHS,Norwegian Krone,Mid Rate,"1,442.6050",GH¢ per NOK,0.1442605,GH¢ per NOK,ok,
2005-03-04,NZDGHS,New Zealand Dollar,Buying,"6,511.8800",GH¢ per NZD,0.651188,GH¢ per NZD,ok,
2005-03-04,NZDGHS,New Zealand Dollar,Selling,"6,636.0200",GH¢ per NZD,0.663602,GH¢ per NZD,ok,
2005-03-04,NZDGHS,New Zealand Dollar,Mid Rate,"6,573.9500",GH¢ per NZD,0.657395,GH¢ per NZD,ok,
2005-03-04,SEKGHS,Swedish Krona,Buying,"1,300.6400",GH¢ per SEK,0.130064,GH¢ per SEK,ok,
2005-03-04,SEKGHS,Swedish Krona,Selling,"1,322.0000",GH¢ per SEK,0.1322,GH¢ per SEK,ok,
2005-03-04,SEKGHS,Swedish Krona,Mid Rate,"1,311.3200",GH¢ per SEK,0.131132,GH¢ per SEK,ok,
2005-03-05,USDGHS,US Dollar,Buying,"8,987.2700",GH¢ per USD,0.898727,GH¢ per USD,ok,
2005-03-05,USDGHS,US Dollar,Selling,"9,119.5500",GH¢ per USD,0.911955,GH¢ per USD,ok,
2005-03-05,USDGHS,US Dollar,Mid Rate,"9,053.4100",GH¢ per USD,0.905341,GH¢ per USD,ok,
2005-03-05,AUDGHS,Australian Dollar,Selling,"7,087.3900",GH¢ per AUD,0.708739,GH¢ per AUD,ok,
2005-03-05,AUDGHS,Australian Dollar,Mid Rate,"3,543.6950",GH¢ per AUD,0.3543695,GH¢ per AUD,ok,
2005-03-05,CADGHS,Canadian Dollar,Buying,"7,150.2600",GH¢ per CAD,0.715026,GH¢ per CAD,ok,
2005-03-05,CADGHS,Canadian Dollar,Selling,"7,248.0500",GH¢ per CAD,0.724805,GH¢ per CAD,ok,
2005-03-05,CADGHS,Canadian Dollar,Mid Rate,"7,199.1550",GH¢ per CAD,0.7199155,GH¢ per CAD,ok,
2005-03-05,CHFGHS,Swiss Franc,Buying,"7,490.6400",GH¢ per CHF,0.749064,GH¢ per CHF,ok,
2005-03-05,CHFGHS,Swiss Franc,Selling,"7,592.6800",GH¢ per CHF,0.759268,GH¢ per CHF,ok,
2005-03-05,CHFGHS,Swiss Franc,Mid Rate,"7,541.6600",GH¢ per CHF,0.754166,GH¢ per CHF,ok,
2005-03-05,DKKGHS,Danish Krone,Buying,"1,552.3400",GH¢ per DKK,0.155234,GH¢ per DKK,ok,
2005-03-05,DKKGHS,Danish Krone,Selling,"1,573.9500",GH¢ per DKK,0.157395,GH¢ per DKK,ok,
2005-03-05,DKKGHS,Danish Krone,Mid Rate,"1,563.1450",GH¢ per DKK,0.1563145,GH¢ per DKK,ok,
2005-03-05,GBPGHS,Pound Sterling,Buying,"17,025.4800",GH¢ per GBP,1.702548,GH¢ per GBP,ok,
2005-03-05,GBPGHS,Pound Sterling,Selling,"17,277.9000",GH¢ per GBP,1.72779,GH¢ per GBP,ok,
2005-03-05,GBPGHS,Pound Sterling,Mid Rate,"17,151.6900",GH¢ per GBP,1.715169,GH¢ per GBP,ok,
2005-03-05,JPYGHS,Japanese yen,Buying,85.5300,GH¢ per JPY,0.008553,GH¢ per JPY,ok,
2005-03-05,JPYGHS,Japanese yen,Selling,86.7500,GH¢ per JPY,0.008675,GH¢ per JPY,ok,
2005-03-05,JPYGHS,Japanese yen,Mid Rate,86.1400,GH¢ per JPY,0.008614,GH¢ per JPY,ok,
2005-03-05,NOKGHS,Norwegian Krone,Buying,"1,421.3100",GH¢ per NOK,0.142131,GH¢ per NOK,ok,
2005-03-05,NOKGHS,Norwegian Krone,Selling,"1,440.6500",GH¢ per NOK,0.144065,GH¢ per NOK,ok,
2005-03-05,NOKGHS,Norwegian Krone,Mid Rate,"1,430.9800",GH¢ per NOK,0.143098,GH¢ per NOK,ok,
2005-03-05,NZDGHS,New Zealand Dollar,Buying,"6,537.7900",GH¢ per NZD,0.653779,GH¢ per NZD,ok,
2005-03-05,NZDGHS,New Zealand Dollar,Selling,"6,645.0800",GH¢ per NZD,0.664508,GH¢ per NZD,ok,
2005-03-05,NZDGHS,New Zealand Dollar,Mid Rate,"6,591.4350",GH¢ per NZD,0.6591435,GH¢ per NZD,ok,
2005-03-05,SEKGHS,Swedish Krona,Buying,"1,253.4200",GH¢ per SEK,0.125342,GH¢ per SEK,ok,
2005-03-05,SEKGHS,Swedish Krona,Selling,"1,270.2900",GH¢ per SEK,0.127029,GH¢ per SEK,ok,
2005-03-05,SEKGHS,Swedish Krona,Mid Rate,"1,261.8550",GH¢ per SEK,0.1261855,GH¢ per SEK,ok,
2005-03-08,USDGHS,US Dollar,Buying,"8,964.0900",GH¢ per USD,0.896409,GH¢ per USD,ok,
2005-03-08,USDGHS,US Dollar,Selling,"9,115.1800",GH¢ per USD,0.911518,GH¢ per USD,ok,
2005-03-08,USDGHS,US Dollar,Mid Rate,"9,039.6350",GH¢ per USD,0.9039635,GH¢ per USD,ok,
2005-03-08,AUDGHS,Australian Dollar,Selling,"7,226.9300",GH¢ per AUD,0.722693,GH¢ per AUD,ok,
2005-03-08,AUDGHS,Australian Dollar,Mid Rate,"3,613.4650",GH¢ per AUD,0.3613465,GH¢ per AUD,ok,
2005-03-08,CADGHS,Canadian Dollar,Buying,"7,292.5400",GH¢ per CAD,0.729254,GH¢ per CAD,ok,
2005-03-08,CADGHS,Canadian Dollar,Selling,"7,411.5100",GH¢ per CAD,0.741151,GH¢ per CAD,ok,
2005-03-08,CADGHS,Canadian Dollar,Mid Rate,"7,352.0250",GH¢ per CAD,0.7352025,GH¢ per CAD,ok,
2005-03-08,CHFGHS,Swiss Franc,Buying,"7,627.8700",GH¢ per CHF,0.762787,GH¢ per CHF,ok,
2005-03-08,CHFGHS,Swiss Franc,Selling,"7,752.4200",GH¢ per CHF,0.775242,GH¢ per CHF,ok,
2005-03-08,CHFGHS,Swiss Franc,Mid Rate,"7,690.1450",GH¢ per CHF,0.7690145,GH¢ per CHF,ok,
2005-03-08,DKKGHS,Danish Krone,Buying,"1,591.7100",GH¢ per DKK,0.159171,GH¢ per DKK,ok,
2005-03-08,DKKGHS,Danish Krone,Selling,"1,618.1600",GH¢ per DKK,0.161816,GH¢ per DKK,ok,
2005-03-08,DKKGHS,Danish Krone,Mid Rate,"1,604.9350",GH¢ per DKK,0.1604935,GH¢ per DKK,ok,
2005-03-08,GBPGHS,Pound Sterling,Buying,"17,152.7900",GH¢ per GBP,1.715279,GH¢ per GBP,ok,
2005-03-08,GBPGHS,Pound Sterling,Selling,"17,443.7200",GH¢ per GBP,1.744372,GH¢ per GBP,ok,
2005-03-08,GBPGHS,Pound Sterling,Mid Rate,"17,298.2550",GH¢ per GBP,1.7298255,GH¢ per GBP,ok,
2005-03-08,JPYGHS,Japanese yen,Buying,85.3300,GH¢ per JPY,0.008533,GH¢ per JPY,ok,
2005-03-08,JPYGHS,Japanese yen,Selling,86.7300,GH¢ per JPY,0.008673,GH¢ per JPY,ok,
2005-03-08,JPYGHS,Japanese yen,Mid Rate,86.0300,GH¢ per JPY,0.008603,GH¢ per JPY,ok,
2005-03-08,NOKGHS,Norwegian Krone,Buying,"1,445.4100",GH¢ per NOK,0.144541,GH¢ per NOK,ok,
2005-03-08,NOKGHS,Norwegian Krone,Selling,"1,468.8200",GH¢ per NOK,0.146882,GH¢ per NOK,ok,
2005-03-08,NOKGHS,Norwegian Krone,Mid Rate,"1,457.1150",GH¢ per NOK,0.1457115,GH¢ per NOK,ok,
2005-03-08,NZDGHS,New Zealand Dollar,Buying,"6,598.6800",GH¢ per NZD,0.659868,GH¢ per NZD,ok,
2005-03-08,NZDGHS,New Zealand Dollar,Selling,"6,721.0700",GH¢ per NZD,0.672107,GH¢ per NZD,ok,
2005-03-08,NZDGHS,New Zealand Dollar,Mid Rate,"6,659.8750",GH¢ per NZD,0.6659875,GH¢ per NZD,ok,
2005-03-08,SEKGHS,Swedish Krona,Buying,"1,310.9200",GH¢ per SEK,0.131092,GH¢ per SEK,ok,
2005-03-08,SEKGHS,Swedish Krona,Selling,"1,332.1700",GH¢ per SEK,0.133217,GH¢ per SEK,ok,
2005-03-08,SEKGHS,Swedish Krona,Mid Rate,"1,321.5450",GH¢ per SEK,0.1321545,GH¢ per SEK,ok,
2005-03-09,USDGHS,US Dollar,Buying,"8,964.0900",GH¢ per USD,0.896409,GH¢ per USD,ok,
2005-03-09,USDGHS,US Dollar,Selling,"9,116.3600",GH¢ per USD,0.911636,GH¢ per USD,ok,
2005-03-09,USDGHS,US Dollar,Mid Rate,"9,040.2250",GH¢ per USD,0.9040225,GH¢ per USD,ok,
2005-03-09,AUDGHS,Australian Dollar,Selling,"7,267.6900",GH¢ per AUD,0.726769,GH¢ per AUD,ok,
2005-03-09,AUDGHS,Australian Dollar,Mid Rate,"3,633.8450",GH¢ per AUD,0.3633845,GH¢ per AUD,ok,
2005-03-09,CADGHS,Canadian Dollar,Buying,"7,402.0800",GH¢ per CAD,0.740208,GH¢ per CAD,ok,
2005-03-09,CADGHS,Canadian Dollar,Selling,"7,526.6600",GH¢ per CAD,0.752666,GH¢ per CAD,ok,
2005-03-09,CADGHS,Canadian Dollar,Mid Rate,"7,464.3700",GH¢ per CAD,0.746437,GH¢ per CAD,ok,
2005-03-09,CHFGHS,Swiss Franc,Buying,"7,721.7700",GH¢ per CHF,0.772177,GH¢ per CHF,ok,
2005-03-09,CHFGHS,Swiss Franc,Selling,"7,849.5400",GH¢ per CHF,0.784954,GH¢ per CHF,ok,
2005-03-09,CHFGHS,Swiss Franc,Mid Rate,"7,785.6550",GH¢ per CHF,0.7785655,GH¢ per CHF,ok,
2005-03-09,DKKGHS,Danish Krone,Buying,"1,608.2200",GH¢ per DKK,0.160822,GH¢ per DKK,ok,
2005-03-09,DKKGHS,Danish Krone,Selling,"1,634.5200",GH¢ per DKK,0.163452,GH¢ per DKK,ok,
2005-03-09,DKKGHS,Danish Krone,Mid Rate,"1,621.3700",GH¢ per DKK,0.162137,GH¢ per DKK,ok,
2005-03-09,GBPGHS,Pound Sterling,Buying,"17,289.0400",GH¢ per GBP,1.728904,GH¢ per GBP,ok,
2005-03-09,GBPGHS,Pound Sterling,Selling,"17,584.5500",GH¢ per GBP,1.758455,GH¢ per GBP,ok,
2005-03-09,GBPGHS,Pound Sterling,Mid Rate,"17,436.7950",GH¢ per GBP,1.7436795,GH¢ per GBP,ok,
2005-03-09,JPYGHS,Japanese yen,Buying,85.6800,GH¢ per JPY,0.008568,GH¢ per JPY,ok,
2005-03-09,JPYGHS,Japanese yen,Selling,87.1000,GH¢ per JPY,0.00871,GH¢ per JPY,ok,
2005-03-09,JPYGHS,Japanese yen,Mid Rate,86.3900,GH¢ per JPY,0.008639,GH¢ per JPY,ok,
2005-03-09,NOKGHS,Norwegian Krone,Buying,"1,463.7800",GH¢ per NOK,0.146378,GH¢ per NOK,ok,
2005-03-09,NOKGHS,Norwegian Krone,Selling,"1,488.1700",GH¢ per NOK,0.148817,GH¢ per NOK,ok,
2005-03-09,NOKGHS,Norwegian Krone,Mid Rate,"1,475.9750",GH¢ per NOK,0.1475975,GH¢ per NOK,ok,
2005-03-09,NZDGHS,New Zealand Dollar,Buying,"6,611.3300",GH¢ per NZD,0.661133,GH¢ per NZD,ok,
2005-03-09,NZDGHS,New Zealand Dollar,Selling,"6,734.8800",GH¢ per NZD,0.673488,GH¢ per NZD,ok,
2005-03-09,NZDGHS,New Zealand Dollar,Mid Rate,"6,673.1050",GH¢ per NZD,0.6673105,GH¢ per NZD,ok,
2005-03-09,SEKGHS,Swedish Krona,Buying,"1,326.7700",GH¢ per SEK,0.132677,GH¢ per SEK,ok,
2005-03-09,SEKGHS,Swedish Krona,Selling,"1,347.7100",GH¢ per SEK,0.134771,GH¢ per SEK,ok,
2005-03-09,SEKGHS,Swedish Krona,Mid Rate,"1,337.2400",GH¢ per SEK,0.133724,GH¢ per SEK,ok,
2005-03-10,USDGHS,US Dollar,Buying,"8,967.7300",GH¢ per USD,0.896773,GH¢ per USD,ok,
2005-03-10,USDGHS,US Dollar,Selling,"9,116.9100",GH¢ per USD,0.911691,GH¢ per USD,ok,
2005-03-10,USDGHS,US Dollar,Mid Rate,"9,042.3200",GH¢ per USD,0.904232,GH¢ per USD,ok,
2005-03-10,AUDGHS,Australian Dollar,Selling,"7,258.3400",GH¢ per AUD,0.725834,GH¢ per AUD,ok,
2005-03-10,AUDGHS,Australian Dollar,Mid Rate,"3,629.1700",GH¢ per AUD,0.362917,GH¢ per AUD,ok,
2005-03-10,CADGHS,Canadian Dollar,Buying,"7,456.6700",GH¢ per CAD,0.745667,GH¢ per CAD,ok,
2005-03-10,CADGHS,Canadian Dollar,Selling,"7,578.2300",GH¢ per CAD,0.757823,GH¢ per CAD,ok,
2005-03-10,CADGHS,Canadian Dollar,Mid Rate,"7,517.4500",GH¢ per CAD,0.751745,GH¢ per CAD,ok,
2005-03-10,CHFGHS,Swiss Franc,Buying,"7,765.1800",GH¢ per CHF,0.776518,GH¢ per CHF,ok,
2005-03-10,CHFGHS,Swiss Franc,Selling,"7,889.5100",GH¢ per CHF,0.788951,GH¢ per CHF,ok,
2005-03-10,CHFGHS,Swiss Franc,Mid Rate,"7,827.3450",GH¢ per CHF,0.7827345,GH¢ per CHF,ok,
2005-03-10,DKKGHS,Danish Krone,Buying,"1,617.5200",GH¢ per DKK,0.161752,GH¢ per DKK,ok,
2005-03-10,DKKGHS,Danish Krone,Selling,"1,644.1100",GH¢ per DKK,0.164411,GH¢ per DKK,ok,
2005-03-10,DKKGHS,Danish Krone,Mid Rate,"1,630.8150",GH¢ per DKK,0.1630815,GH¢ per DKK,ok,
2005-03-10,GBPGHS,Pound Sterling,Buying,"17,285.3000",GH¢ per GBP,1.72853,GH¢ per GBP,ok,
2005-03-10,GBPGHS,Pound Sterling,Selling,"17,574.6700",GH¢ per GBP,1.757467,GH¢ per GBP,ok,
2005-03-10,GBPGHS,Pound Sterling,Mid Rate,"17,429.9850",GH¢ per GBP,1.7429985,GH¢ per GBP,ok,
2005-03-10,JPYGHS,Japanese yen,Buying,86.3000,GH¢ per JPY,0.00863,GH¢ per JPY,ok,
2005-03-10,JPYGHS,Japanese yen,Selling,87.6900,GH¢ per JPY,0.008769,GH¢ per JPY,ok,
2005-03-10,JPYGHS,Japanese yen,Mid Rate,86.9950,GH¢ per JPY,0.0086995,GH¢ per JPY,ok,
2005-03-10,NOKGHS,Norwegian Krone,Buying,"1,468.6000",GH¢ per NOK,0.14686,GH¢ per NOK,ok,
2005-03-10,NOKGHS,Norwegian Krone,Selling,"1,492.3900",GH¢ per NOK,0.149239,GH¢ per NOK,ok,
2005-03-10,NOKGHS,Norwegian Krone,Mid Rate,"1,480.4950",GH¢ per NOK,0.1480495,GH¢ per NOK,ok,
2005-03-10,NZDGHS,New Zealand Dollar,Buying,"6,656.5700",GH¢ per NZD,0.665657,GH¢ per NZD,ok,
2005-03-10,NZDGHS,New Zealand Dollar,Selling,"6,776.7900",GH¢ per NZD,0.677679,GH¢ per NZD,ok,
2005-03-10,NZDGHS,New Zealand Dollar,Mid Rate,"6,716.6800",GH¢ per NZD,0.671668,GH¢ per NZD,ok,
2005-03-10,SEKGHS,Swedish Krona,Buying,"1,330.4000",GH¢ per SEK,0.13304,GH¢ per SEK,ok,
2005-03-10,SEKGHS,Swedish Krona,Selling,"1,350.3800",GH¢ per SEK,0.135038,GH¢ per SEK,ok,
2005-03-10,SEKGHS,Swedish Krona,Mid Rate,"1,340.3900",GH¢ per SEK,0.134039,GH¢ per SEK,ok,
2005-03-11,USDGHS,US Dollar,Buying,"8,967.8200",GH¢ per USD,0.896782,GH¢ per USD,ok,
2005-03-11,USDGHS,US Dollar,Selling,"9,116.4500",GH¢ per USD,0.911645,GH¢ per USD,ok,
2005-03-11,USDGHS,US Dollar,Mid Rate,"9,042.1350",GH¢ per USD,0.9042135,GH¢ per USD,ok,
2005-03-11,AUDGHS,Australian Dollar,Selling,"7,211.8500",GH¢ per AUD,0.721185,GH¢ per AUD,ok,
2005-03-11,AUDGHS,Australian Dollar,Mid Rate,"3,605.9250",GH¢ per AUD,0.3605925,GH¢ per AUD,ok,
2005-03-11,CADGHS,Canadian Dollar,Buying,"7,447.2900",GH¢ per CAD,0.744729,GH¢ per CAD,ok,
2005-03-11,CADGHS,Canadian Dollar,Selling,"7,568.4400",GH¢ per CAD,0.756844,GH¢ per CAD,ok,
2005-03-11,CADGHS,Canadian Dollar,Mid Rate,"7,507.8650",GH¢ per CAD,0.7507865,GH¢ per CAD,ok,
2005-03-11,CHFGHS,Swiss Franc,Buying,"7,774.7500",GH¢ per CHF,0.777475,GH¢ per CHF,ok,
2005-03-11,CHFGHS,Swiss Franc,Selling,"7,901.7500",GH¢ per CHF,0.790175,GH¢ per CHF,ok,
2005-03-11,CHFGHS,Swiss Franc,Mid Rate,"7,838.2500",GH¢ per CHF,0.783825,GH¢ per CHF,ok,
2005-03-11,DKKGHS,Danish Krone,Buying,"1,616.9500",GH¢ per DKK,0.161695,GH¢ per DKK,ok,
2005-03-11,DKKGHS,Danish Krone,Selling,"1,643.6800",GH¢ per DKK,0.164368,GH¢ per DKK,ok,
2005-03-11,DKKGHS,Danish Krone,Mid Rate,"1,630.3150",GH¢ per DKK,0.1630315,GH¢ per DKK,ok,
2005-03-11,GBPGHS,Pound Sterling,Buying,"17,239.7400",GH¢ per GBP,1.723974,GH¢ per GBP,ok,
2005-03-11,GBPGHS,Pound Sterling,Selling,"17,530.0200",GH¢ per GBP,1.753002,GH¢ per GBP,ok,
2005-03-11,GBPGHS,Pound Sterling,Mid Rate,"17,384.8800",GH¢ per GBP,1.738488,GH¢ per GBP,ok,
2005-03-11,JPYGHS,Japanese yen,Buying,86.1100,GH¢ per JPY,0.008611,GH¢ per JPY,ok,
2005-03-11,JPYGHS,Japanese yen,Selling,87.5100,GH¢ per JPY,0.008751,GH¢ per JPY,ok,
2005-03-11,JPYGHS,Japanese yen,Mid Rate,86.8100,GH¢ per JPY,0.008681,GH¢ per JPY,ok,
2005-03-11,NOKGHS,Norwegian Krone,Buying,"1,474.8600",GH¢ per NOK,0.147486,GH¢ per NOK,ok,
2005-03-11,NOKGHS,Norwegian Krone,Selling,"1,497.7300",GH¢ per NOK,0.149773,GH¢ per NOK,ok,
2005-03-11,NOKGHS,Norwegian Krone,Mid Rate,"1,486.2950",GH¢ per NOK,0.1486295,GH¢ per NOK,ok,
2005-03-11,NZDGHS,New Zealand Dollar,Buying,"6,614.8900",GH¢ per NZD,0.661489,GH¢ per NZD,ok,
2005-03-11,NZDGHS,New Zealand Dollar,Selling,"6,735.0300",GH¢ per NZD,0.673503,GH¢ per NZD,ok,
2005-03-11,NZDGHS,New Zealand Dollar,Mid Rate,"6,674.9600",GH¢ per NZD,0.667496,GH¢ per NZD,ok,
2005-03-11,SEKGHS,Swedish Krona,Buying,"1,326.8300",GH¢ per SEK,0.132683,GH¢ per SEK,ok,
2005-03-11,SEKGHS,Swedish Krona,Selling,"1,348.4600",GH¢ per SEK,0.134846,GH¢ per SEK,ok,
2005-03-11,SEKGHS,Swedish Krona,Mid Rate,"1,337.6450",GH¢ per SEK,0.1337645,GH¢ per SEK,ok,
2005-03-14,USDGHS,US Dollar,Buying,"8,970.5500",GH¢ per USD,0.897055,GH¢ per USD,ok,
2005-03-14,USDGHS,US Dollar,Selling,"9,166.4500",GH¢ per USD,0.916645,GH¢ per USD,ok,
2005-03-14,USDGHS,US Dollar,Mid Rate,"9,068.5000",GH¢ per USD,0.90685,GH¢ per USD,ok,
2005-03-14,AUDGHS,Australian Dollar,Selling,"7,220.4900",GH¢ per AUD,0.722049,GH¢ per AUD,ok,
2005-03-14,AUDGHS,Australian Dollar,Mid Rate,"3,610.2450",GH¢ per AUD,0.3610245,GH¢ per AUD,ok,
2005-03-14,CADGHS,Canadian Dollar,Buying,"7,437.9200",GH¢ per CAD,0.743792,GH¢ per CAD,ok,
2005-03-14,CADGHS,Canadian Dollar,Selling,"7,557.0100",GH¢ per CAD,0.755701,GH¢ per CAD,ok,
2005-03-14,CADGHS,Canadian Dollar,Mid Rate,"7,497.4650",GH¢ per CAD,0.7497465,GH¢ per CAD,ok,
2005-03-14,CHFGHS,Swiss Franc,Buying,"7,774.6900",GH¢ per CHF,0.777469,GH¢ per CHF,ok,
2005-03-14,CHFGHS,Swiss Franc,Selling,"7,899.3300",GH¢ per CHF,0.789933,GH¢ per CHF,ok,
2005-03-14,CHFGHS,Swiss Franc,Mid Rate,"7,837.0100",GH¢ per CHF,0.783701,GH¢ per CHF,ok,
2005-03-14,DKKGHS,Danish Krone,Buying,"1,617.0000",GH¢ per DKK,0.1617,GH¢ per DKK,ok,
2005-03-14,DKKGHS,Danish Krone,Selling,"1,643.4100",GH¢ per DKK,0.164341,GH¢ per DKK,ok,
2005-03-14,DKKGHS,Danish Krone,Mid Rate,"1,630.2050",GH¢ per DKK,0.1630205,GH¢ per DKK,ok,
2005-03-14,GBPGHS,Pound Sterling,Buying,"17,239.6000",GH¢ per GBP,1.72396,GH¢ per GBP,ok,
2005-03-14,GBPGHS,Pound Sterling,Selling,"17,525.4600",GH¢ per GBP,1.752546,GH¢ per GBP,ok,
2005-03-14,GBPGHS,Pound Sterling,Mid Rate,"17,382.5300",GH¢ per GBP,1.738253,GH¢ per GBP,ok,
2005-03-14,JPYGHS,Japanese yen,Buying,85.7600,GH¢ per JPY,0.008576,GH¢ per JPY,ok,
2005-03-14,JPYGHS,Japanese yen,Selling,87.1400,GH¢ per JPY,0.008714,GH¢ per JPY,ok,
2005-03-14,JPYGHS,Japanese yen,Mid Rate,86.4500,GH¢ per JPY,0.008645,GH¢ per JPY,ok,
2005-03-14,NOKGHS,Norwegian Krone,Buying,"1,475.8400",GH¢ per NOK,0.147584,GH¢ per NOK,ok,
2005-03-14,NOKGHS,Norwegian Krone,Selling,"1,499.3400",GH¢ per NOK,0.149934,GH¢ per NOK,ok,
2005-03-14,NOKGHS,Norwegian Krone,Mid Rate,"1,487.5900",GH¢ per NOK,0.148759,GH¢ per NOK,ok,
2005-03-14,NZDGHS,New Zealand Dollar,Buying,"6,635.5200",GH¢ per NZD,0.663552,GH¢ per NZD,ok,
2005-03-14,NZDGHS,New Zealand Dollar,Selling,"6,756.0700",GH¢ per NZD,0.675607,GH¢ per NZD,ok,
2005-03-14,NZDGHS,New Zealand Dollar,Mid Rate,"6,695.7950",GH¢ per NZD,0.6695795,GH¢ per NZD,ok,
2005-03-14,SEKGHS,Swedish Krona,Buying,"1,328.0200",GH¢ per SEK,0.132802,GH¢ per SEK,ok,
2005-03-14,SEKGHS,Swedish Krona,Selling,"1,348.6400",GH¢ per SEK,0.134864,GH¢ per SEK,ok,
2005-03-14,SEKGHS,Swedish Krona,Mid Rate,"1,338.3300",GH¢ per SEK,0.133833,GH¢ per SEK,ok,
2005-03-15,USDGHS,US Dollar,Buying,"8,970.5500",GH¢ per USD,0.897055,GH¢ per USD,ok,
2005-03-15,USDGHS,US Dollar,Selling,"9,116.3600",GH¢ per USD,0.911636,GH¢ per USD,ok,
2005-03-15,USDGHS,US Dollar,Mid Rate,"9,043.4550",GH¢ per USD,0.9043455,GH¢ per USD,ok,
2005-03-15,AUDGHS,Australian Dollar,Selling,"7,182.1300",GH¢ per AUD,0.718213,GH¢ per AUD,ok,
2005-03-15,AUDGHS,Australian Dollar,Mid Rate,"3,591.0650",GH¢ per AUD,0.3591065,GH¢ per AUD,ok,
2005-03-15,CADGHS,Canadian Dollar,Buying,"7,432.7300",GH¢ per CAD,0.743273,GH¢ per CAD,ok,
2005-03-15,CADGHS,Canadian Dollar,Selling,"7,550.6700",GH¢ per CAD,0.755067,GH¢ per CAD,ok,
2005-03-15,CADGHS,Canadian Dollar,Mid Rate,"7,491.7000",GH¢ per CAD,0.74917,GH¢ per CAD,ok,
2005-03-15,CHFGHS,Swiss Franc,Buying,"7,730.6600",GH¢ per CHF,0.773066,GH¢ per CHF,ok,
2005-03-15,CHFGHS,Swiss Franc,Selling,"7,853.1900",GH¢ per CHF,0.785319,GH¢ per CHF,ok,
2005-03-15,CHFGHS,Swiss Franc,Mid Rate,"7,791.9250",GH¢ per CHF,0.7791925,GH¢ per CHF,ok,
2005-03-15,DKKGHS,Danish Krone,Buying,"1,609.5700",GH¢ per DKK,0.160957,GH¢ per DKK,ok,
2005-03-15,DKKGHS,Danish Krone,Selling,"1,634.9000",GH¢ per DKK,0.16349,GH¢ per DKK,ok,
2005-03-15,DKKGHS,Danish Krone,Mid Rate,"1,622.2350",GH¢ per DKK,0.1622235,GH¢ per DKK,ok,
2005-03-15,GBPGHS,Pound Sterling,Buying,"17,165.1500",GH¢ per GBP,1.716515,GH¢ per GBP,ok,
2005-03-15,GBPGHS,Pound Sterling,Selling,"17,445.0700",GH¢ per GBP,1.744507,GH¢ per GBP,ok,
2005-03-15,GBPGHS,Pound Sterling,Mid Rate,"17,305.1100",GH¢ per GBP,1.730511,GH¢ per GBP,ok,
2005-03-15,JPYGHS,Japanese yen,Buying,85.5200,GH¢ per JPY,0.008552,GH¢ per JPY,ok,
2005-03-15,JPYGHS,Japanese yen,Selling,86.8600,GH¢ per JPY,0.008686,GH¢ per JPY,ok,
2005-03-15,JPYGHS,Japanese yen,Mid Rate,86.1900,GH¢ per JPY,0.008619,GH¢ per JPY,ok,
2005-03-15,NOKGHS,Norwegian Krone,Buying,"1,466.6300",GH¢ per NOK,0.146663,GH¢ per NOK,ok,
2005-03-15,NOKGHS,Norwegian Krone,Selling,"1,489.5000",GH¢ per NOK,0.14895,GH¢ per NOK,ok,
2005-03-15,NOKGHS,Norwegian Krone,Mid Rate,"1,478.0650",GH¢ per NOK,0.1478065,GH¢ per NOK,ok,
2005-03-15,NZDGHS,New Zealand Dollar,Buying,"6,615.4500",GH¢ per NZD,0.661545,GH¢ per NZD,ok,
2005-03-15,NZDGHS,New Zealand Dollar,Selling,"6,733.8000",GH¢ per NZD,0.67338,GH¢ per NZD,ok,
2005-03-15,NZDGHS,New Zealand Dollar,Mid Rate,"6,674.6250",GH¢ per NZD,0.6674625,GH¢ per NZD,ok,
2005-03-15,SEKGHS,Swedish Krona,Buying,"1,318.0500",GH¢ per SEK,0.131805,GH¢ per SEK,ok,
2005-03-15,SEKGHS,Swedish Krona,Selling,"1,338.0900",GH¢ per SEK,0.133809,GH¢ per SEK,ok,
2005-03-15,SEKGHS,Swedish Krona,Mid Rate,"1,328.0700",GH¢ per SEK,0.132807,GH¢ per SEK,ok,
2005-03-16,USDGHS,US Dollar,Buying,"8,970.5500",GH¢ per USD,0.897055,GH¢ per USD,ok,
2005-03-16,USDGHS,US Dollar,Selling,"9,116.4500",GH¢ per USD,0.911645,GH¢ per USD,ok,
2005-03-16,USDGHS,US Dollar,Mid Rate,"9,043.5000",GH¢ per USD,0.90435,GH¢ per USD,ok,
2005-03-16,AUDGHS,Australian Dollar,Selling,"7,216.6100",GH¢ per AUD,0.721661,GH¢ per AUD,ok,
2005-03-16,AUDGHS,Australian Dollar,Mid Rate,"3,608.3050",GH¢ per AUD,0.3608305,GH¢ per AUD,ok,
2005-03-16,CADGHS,Canadian Dollar,Buying,"7,272.0500",GH¢ per CAD,0.727205,GH¢ per CAD,ok,
2005-03-16,CADGHS,Canadian Dollar,Selling,"7,408.7400",GH¢ per CAD,0.740874,GH¢ per CAD,ok,
2005-03-16,CADGHS,Canadian Dollar,Mid Rate,"7,340.3950",GH¢ per CAD,0.7340395,GH¢ per CAD,ok,
2005-03-16,CHFGHS,Swiss Franc,Buying,"7,724.1500",GH¢ per CHF,0.772415,GH¢ per CHF,ok,
2005-03-16,CHFGHS,Swiss Franc,Selling,"7,848.2400",GH¢ per CHF,0.784824,GH¢ per CHF,ok,
2005-03-16,CHFGHS,Swiss Franc,Mid Rate,"7,786.1950",GH¢ per CHF,0.7786195,GH¢ per CHF,ok,
2005-03-16,DKKGHS,Danish Krone,Buying,"1,608.8400",GH¢ per DKK,0.160884,GH¢ per DKK,ok,
2005-03-16,DKKGHS,Danish Krone,Selling,"1,634.3200",GH¢ per DKK,0.163432,GH¢ per DKK,ok,
2005-03-16,DKKGHS,Danish Krone,Mid Rate,"1,621.5800",GH¢ per DKK,0.162158,GH¢ per DKK,ok,
2005-03-16,GBPGHS,Pound Sterling,Buying,"17,227.9400",GH¢ per GBP,1.722794,GH¢ per GBP,ok,
2005-03-16,GBPGHS,Pound Sterling,Selling,"17,511.7900",GH¢ per GBP,1.751179,GH¢ per GBP,ok,
2005-03-16,GBPGHS,Pound Sterling,Mid Rate,"17,369.8650",GH¢ per GBP,1.7369865,GH¢ per GBP,ok,
2005-03-16,JPYGHS,Japanese yen,Buying,86.0100,GH¢ per JPY,0.008601,GH¢ per JPY,ok,
2005-03-16,JPYGHS,Japanese yen,Selling,87.3700,GH¢ per JPY,0.008737,GH¢ per JPY,ok,
2005-03-16,JPYGHS,Japanese yen,Mid Rate,86.6900,GH¢ per JPY,0.008669,GH¢ per JPY,ok,
2005-03-16,NOKGHS,Norwegian Krone,Buying,"1,465.3200",GH¢ per NOK,0.146532,GH¢ per NOK,ok,
2005-03-16,NOKGHS,Norwegian Krone,Selling,"1,487.8700",GH¢ per NOK,0.148787,GH¢ per NOK,ok,
2005-03-16,NOKGHS,Norwegian Krone,Mid Rate,"1,476.5950",GH¢ per NOK,0.1476595,GH¢ per NOK,ok,
2005-03-16,NZDGHS,New Zealand Dollar,Buying,"6,646.5400",GH¢ per NZD,0.664654,GH¢ per NZD,ok,
2005-03-16,NZDGHS,New Zealand Dollar,Selling,"6,766.5600",GH¢ per NZD,0.676656,GH¢ per NZD,ok,
2005-03-16,NZDGHS,New Zealand Dollar,Mid Rate,"6,706.5500",GH¢ per NZD,0.670655,GH¢ per NZD,ok,
2005-03-16,SEKGHS,Swedish Krona,Buying,"1,317.9300",GH¢ per SEK,0.131793,GH¢ per SEK,ok,
2005-03-16,SEKGHS,Swedish Krona,Selling,"1,338.3100",GH¢ per SEK,0.133831,GH¢ per SEK,ok,
2005-03-16,SEKGHS,Swedish Krona,Mid Rate,"1,328.1200",GH¢ per SEK,0.132812,GH¢ per SEK,ok,
2005-03-17,USDGHS,US Dollar,Buying,"8,970.5500",GH¢ per USD,0.897055,GH¢ per USD,ok,
2005-03-17,USDGHS,US Dollar,Selling,"9,116.4500",GH¢ per USD,0.911645,GH¢ per USD,ok,
2005-03-17,USDGHS,US Dollar,Mid Rate,"9,043.5000",GH¢ per USD,0.90435,GH¢ per USD,ok,
2005-03-17,AUDGHS,Australian Dollar,Selling,"7,235.7700",GH¢ per AUD,0.723577,GH¢ per AUD,ok,
2005-03-17,AUDGHS,Australian Dollar,Mid Rate,"3,617.8850",GH¢ per AUD,0.3617885,GH¢ per AUD,ok,
2005-03-17,CADGHS,Canadian Dollar,Buying,"7,456.6500",GH¢ per CAD,0.745665,GH¢ per CAD,ok,
2005-03-17,CADGHS,Canadian Dollar,Selling,"7,574.5300",GH¢ per CAD,0.757453,GH¢ per CAD,ok,
2005-03-17,CADGHS,Canadian Dollar,Mid Rate,"7,515.5900",GH¢ per CAD,0.751559,GH¢ per CAD,ok,
2005-03-17,CHFGHS,Swiss Franc,Buying,"7,775.9900",GH¢ per CHF,0.777599,GH¢ per CHF,ok,
2005-03-17,CHFGHS,Swiss Franc,Selling,"7,900.1300",GH¢ per CHF,0.790013,GH¢ per CHF,ok,
2005-03-17,CHFGHS,Swiss Franc,Mid Rate,"7,838.0600",GH¢ per CHF,0.783806,GH¢ per CHF,ok,
2005-03-17,DKKGHS,Danish Krone,Buying,"1,614.4200",GH¢ per DKK,0.161442,GH¢ per DKK,ok,
2005-03-17,DKKGHS,Danish Krone,Selling,"1,640.6100",GH¢ per DKK,0.164061,GH¢ per DKK,ok,
2005-03-17,DKKGHS,Danish Krone,Mid Rate,"1,627.5150",GH¢ per DKK,0.1627515,GH¢ per DKK,ok,
2005-03-17,GBPGHS,Pound Sterling,Buying,"17,249.4700",GH¢ per GBP,1.724947,GH¢ per GBP,ok,
2005-03-17,GBPGHS,Pound Sterling,Selling,"17,532.7600",GH¢ per GBP,1.753276,GH¢ per GBP,ok,
2005-03-17,GBPGHS,Pound Sterling,Mid Rate,"17,391.1150",GH¢ per GBP,1.7391115,GH¢ per GBP,ok,
2005-03-17,JPYGHS,Japanese yen,Buying,86.1100,GH¢ per JPY,0.008611,GH¢ per JPY,ok,
2005-03-17,JPYGHS,Japanese yen,Selling,87.4800,GH¢ per JPY,0.008748,GH¢ per JPY,ok,
2005-03-17,JPYGHS,Japanese yen,Mid Rate,86.7950,GH¢ per JPY,0.0086795,GH¢ per JPY,ok,
2005-03-17,NOKGHS,Norwegian Krone,Buying,"1,478.0500",GH¢ per NOK,0.147805,GH¢ per NOK,ok,
2005-03-17,NOKGHS,Norwegian Krone,Selling,"1,501.6700",GH¢ per NOK,0.150167,GH¢ per NOK,ok,
2005-03-17,NOKGHS,Norwegian Krone,Mid Rate,"1,489.8600",GH¢ per NOK,0.148986,GH¢ per NOK,ok,
2005-03-17,NZDGHS,New Zealand Dollar,Buying,"6,666.9200",GH¢ per NZD,0.666692,GH¢ per NZD,ok,
2005-03-17,NZDGHS,New Zealand Dollar,Selling,"6,786.9300",GH¢ per NZD,0.678693,GH¢ per NZD,ok,
2005-03-17,NZDGHS,New Zealand Dollar,Mid Rate,"6,726.9250",GH¢ per NZD,0.6726925,GH¢ per NZD,ok,
2005-03-17,SEKGHS,Swedish Krona,Buying,"1,320.8200",GH¢ per SEK,0.132082,GH¢ per SEK,ok,
2005-03-17,SEKGHS,Swedish Krona,Selling,"1,341.9700",GH¢ per SEK,0.134197,GH¢ per SEK,ok,
2005-03-17,SEKGHS,Swedish Krona,Mid Rate,"1,331.3950",GH¢ per SEK,0.1331395,GH¢ per SEK,ok,
2005-03-18,USDGHS,US Dollar,Buying,"8,979.6400",GH¢ per USD,0.897964,GH¢ per USD,ok,
2005-03-18,USDGHS,US Dollar,Selling,"9,117.8200",GH¢ per USD,0.911782,GH¢ per USD,ok,
2005-03-18,USDGHS,US Dollar,Mid Rate,"9,048.7300",GH¢ per USD,0.904873,GH¢ per USD,ok,
2005-03-18,AUDGHS,Australian Dollar,Selling,"7,233.4300",GH¢ per AUD,0.723343,GH¢ per AUD,ok,
2005-03-18,AUDGHS,Australian Dollar,Mid Rate,"3,616.7150",GH¢ per AUD,0.3616715,GH¢ per AUD,ok,
2005-03-18,CADGHS,Canadian Dollar,Buying,"7,458.0300",GH¢ per CAD,0.745803,GH¢ per CAD,ok,
2005-03-18,CADGHS,Canadian Dollar,Selling,"7,570.9000",GH¢ per CAD,0.75709,GH¢ per CAD,ok,
2005-03-18,CADGHS,Canadian Dollar,Mid Rate,"7,514.4650",GH¢ per CAD,0.7514465,GH¢ per CAD,ok,
2005-03-18,CHFGHS,Swiss Franc,Buying,"7,747.0700",GH¢ per CHF,0.774707,GH¢ per CHF,ok,
2005-03-18,CHFGHS,Swiss Franc,Selling,"7,964.8500",GH¢ per CHF,0.796485,GH¢ per CHF,ok,
2005-03-18,CHFGHS,Swiss Franc,Mid Rate,"7,855.9600",GH¢ per CHF,0.785596,GH¢ per CHF,ok,
2005-03-18,DKKGHS,Danish Krone,Buying,"1,609.8100",GH¢ per DKK,0.160981,GH¢ per DKK,ok,
2005-03-18,DKKGHS,Danish Krone,Selling,"1,633.5800",GH¢ per DKK,0.163358,GH¢ per DKK,ok,
2005-03-18,DKKGHS,Danish Krone,Mid Rate,"1,621.6950",GH¢ per DKK,0.1621695,GH¢ per DKK,ok,
2005-03-18,GBPGHS,Pound Sterling,Buying,"17,231.0300",GH¢ per GBP,1.723103,GH¢ per GBP,ok,
2005-03-18,GBPGHS,Pound Sterling,Selling,"17,501.6600",GH¢ per GBP,1.750166,GH¢ per GBP,ok,
2005-03-18,GBPGHS,Pound Sterling,Mid Rate,"17,366.3450",GH¢ per GBP,1.7366345,GH¢ per GBP,ok,
2005-03-18,JPYGHS,Japanese yen,Buying,85.6800,GH¢ per JPY,0.008568,GH¢ per JPY,ok,
2005-03-18,JPYGHS,Japanese yen,Selling,86.9700,GH¢ per JPY,0.008697,GH¢ per JPY,ok,
2005-03-18,JPYGHS,Japanese yen,Mid Rate,86.3250,GH¢ per JPY,0.0086325,GH¢ per JPY,ok,
2005-03-18,NOKGHS,Norwegian Krone,Buying,"1,472.7000",GH¢ per NOK,0.14727,GH¢ per NOK,ok,
2005-03-18,NOKGHS,Norwegian Krone,Selling,"1,495.1000",GH¢ per NOK,0.14951,GH¢ per NOK,ok,
2005-03-18,NOKGHS,Norwegian Krone,Mid Rate,"1,483.9000",GH¢ per NOK,0.14839,GH¢ per NOK,ok,
2005-03-18,NZDGHS,New Zealand Dollar,Buying,"6,664.9600",GH¢ per NZD,0.666496,GH¢ per NZD,ok,
2005-03-18,NZDGHS,New Zealand Dollar,Selling,"6,778.3900",GH¢ per NZD,0.677839,GH¢ per NZD,ok,
2005-03-18,NZDGHS,New Zealand Dollar,Mid Rate,"6,721.6750",GH¢ per NZD,0.6721675,GH¢ per NZD,ok,
2005-03-18,SEKGHS,Swedish Krona,Buying,"1,317.3800",GH¢ per SEK,0.131738,GH¢ per SEK,ok,
2005-03-18,SEKGHS,Swedish Krona,Selling,"1,337.2300",GH¢ per SEK,0.133723,GH¢ per SEK,ok,
2005-03-18,SEKGHS,Swedish Krona,Mid Rate,"1,327.3050",GH¢ per SEK,0.1327305,GH¢ per SEK,ok,
2005-03-21,USDGHS,US Dollar,Buying,"8,979.5500",GH¢ per USD,0.897955,GH¢ per USD,ok,
2005-03-21,USDGHS,US Dollar,Selling,"9,117.7300",GH¢ per USD,0.911773,GH¢ per USD,ok,
2005-03-21,USDGHS,US Dollar,Mid Rate,"9,048.6400",GH¢ per USD,0.904864,GH¢ per USD,ok,
2005-03-21,AUDGHS,Australian Dollar,Selling,"7,235.2800",GH¢ per AUD,0.723528,GH¢ per AUD,ok,
2005-03-21,AUDGHS,Australian Dollar,Mid Rate,"3,617.6400",GH¢ per AUD,0.361764,GH¢ per AUD,ok,
2005-03-21,CADGHS,Canadian Dollar,Buying,"7,451.0700",GH¢ per CAD,0.745107,GH¢ per CAD,ok,
2005-03-21,CADGHS,Canadian Dollar,Selling,"7,654.7500",GH¢ per CAD,0.765475,GH¢ per CAD,ok,
2005-03-21,CADGHS,Canadian Dollar,Mid Rate,"7,552.9100",GH¢ per CAD,0.755291,GH¢ per CAD,ok,
2005-03-21,CHFGHS,Swiss Franc,Buying,"7,691.6000",GH¢ per CHF,0.76916,GH¢ per CHF,ok,
2005-03-21,CHFGHS,Swiss Franc,Selling,"7,806.4100",GH¢ per CHF,0.780641,GH¢ per CHF,ok,
2005-03-21,CHFGHS,Swiss Franc,Mid Rate,"7,749.0050",GH¢ per CHF,0.7749005,GH¢ per CHF,ok,
2005-03-21,DKKGHS,Danish Krone,Buying,"1,599.7500",GH¢ per DKK,0.159975,GH¢ per DKK,ok,
2005-03-21,DKKGHS,Danish Krone,Selling,"1,623.5800",GH¢ per DKK,0.162358,GH¢ per DKK,ok,
2005-03-21,DKKGHS,Danish Krone,Mid Rate,"1,611.6650",GH¢ per DKK,0.1611665,GH¢ per DKK,ok,
2005-03-21,GBPGHS,Pound Sterling,Buying,"17,203.0200",GH¢ per GBP,1.720302,GH¢ per GBP,ok,
2005-03-21,GBPGHS,Pound Sterling,Selling,"17,472.3100",GH¢ per GBP,1.747231,GH¢ per GBP,ok,
2005-03-21,GBPGHS,Pound Sterling,Mid Rate,"17,337.6650",GH¢ per GBP,1.7337665,GH¢ per GBP,ok,
2005-03-21,JPYGHS,Japanese yen,Buying,85.6900,GH¢ per JPY,0.008569,GH¢ per JPY,ok,
2005-03-21,JPYGHS,Japanese yen,Selling,86.9700,GH¢ per JPY,0.008697,GH¢ per JPY,ok,
2005-03-21,JPYGHS,Japanese yen,Mid Rate,86.3300,GH¢ per JPY,0.008633,GH¢ per JPY,ok,
2005-03-21,NOKGHS,Norwegian Krone,Buying,"1,464.1600",GH¢ per NOK,0.146416,GH¢ per NOK,ok,
2005-03-21,NOKGHS,Norwegian Krone,Selling,"1,485.1200",GH¢ per NOK,0.148512,GH¢ per NOK,ok,
2005-03-21,NOKGHS,Norwegian Krone,Mid Rate,"1,474.6400",GH¢ per NOK,0.147464,GH¢ per NOK,ok,
2005-03-21,NZDGHS,New Zealand Dollar,Buying,"6,659.2900",GH¢ per NZD,0.665929,GH¢ per NZD,ok,
2005-03-21,NZDGHS,New Zealand Dollar,Selling,"6,774.0100",GH¢ per NZD,0.677401,GH¢ per NZD,ok,
2005-03-21,NZDGHS,New Zealand Dollar,Mid Rate,"6,716.6500",GH¢ per NZD,0.671665,GH¢ per NZD,ok,
2005-03-21,SEKGHS,Swedish Krona,Buying,"1,306.1400",GH¢ per SEK,0.130614,GH¢ per SEK,ok,
2005-03-21,SEKGHS,Swedish Krona,Selling,"1,324.9100",GH¢ per SEK,0.132491,GH¢ per SEK,ok,
2005-03-21,SEKGHS,Swedish Krona,Mid Rate,"1,315.5250",GH¢ per SEK,0.1315525,GH¢ per SEK,ok,
2005-03-22,USDGHS,US Dollar,Buying,"8,980.4500",GH¢ per USD,0.898045,GH¢ per USD,ok,
2005-03-22,USDGHS,US Dollar,Selling,"9,118.6400",GH¢ per USD,0.911864,GH¢ per USD,ok,
2005-03-22,USDGHS,US Dollar,Mid Rate,"9,049.5450",GH¢ per USD,0.9049545,GH¢ per USD,ok,
2005-03-22,AUDGHS,Australian Dollar,Selling,"7,162.9700",GH¢ per AUD,0.716297,GH¢ per AUD,ok,
2005-03-22,AUDGHS,Australian Dollar,Mid Rate,"3,581.4850",GH¢ per AUD,0.3581485,GH¢ per AUD,ok,
2005-03-22,CADGHS,Canadian Dollar,Buying,"7,412.2900",GH¢ per CAD,0.741229,GH¢ per CAD,ok,
2005-03-22,CADGHS,Canadian Dollar,Selling,"7,521.5300",GH¢ per CAD,0.752153,GH¢ per CAD,ok,
2005-03-22,CADGHS,Canadian Dollar,Mid Rate,"7,466.9100",GH¢ per CAD,0.746691,GH¢ per CAD,ok,
2005-03-22,CHFGHS,Swiss Franc,Buying,"7,615.8700",GH¢ per CHF,0.761587,GH¢ per CHF,ok,
2005-03-22,CHFGHS,Swiss Franc,Selling,"7,727.9000",GH¢ per CHF,0.77279,GH¢ per CHF,ok,
2005-03-22,CHFGHS,Swiss Franc,Mid Rate,"7,671.8850",GH¢ per CHF,0.7671885,GH¢ per CHF,ok,
2005-03-22,DKKGHS,Danish Krone,Buying,"1,586.9300",GH¢ per DKK,0.158693,GH¢ per DKK,ok,
2005-03-22,DKKGHS,Danish Krone,Selling,"1,610.8700",GH¢ per DKK,0.161087,GH¢ per DKK,ok,
2005-03-22,DKKGHS,Danish Krone,Mid Rate,"1,598.9000",GH¢ per DKK,0.15989,GH¢ per DKK,ok,
2005-03-22,GBPGHS,Pound Sterling,Buying,"17,026.0400",GH¢ per GBP,1.702604,GH¢ per GBP,ok,
2005-03-22,GBPGHS,Pound Sterling,Selling,"17,293.5000",GH¢ per GBP,1.72935,GH¢ per GBP,ok,
2005-03-22,GBPGHS,Pound Sterling,Mid Rate,"17,159.7700",GH¢ per GBP,1.715977,GH¢ per GBP,ok,
2005-03-22,JPYGHS,Japanese yen,Buying,85.4700,GH¢ per JPY,0.008547,GH¢ per JPY,ok,
2005-03-22,JPYGHS,Japanese yen,Selling,86.7600,GH¢ per JPY,0.008676,GH¢ per JPY,ok,
2005-03-22,JPYGHS,Japanese yen,Mid Rate,86.1150,GH¢ per JPY,0.0086115,GH¢ per JPY,ok,
2005-03-22,NOKGHS,Norwegian Krone,Buying,"1,446.8600",GH¢ per NOK,0.144686,GH¢ per NOK,ok,
2005-03-22,NOKGHS,Norwegian Krone,Selling,"1,468.3400",GH¢ per NOK,0.146834,GH¢ per NOK,ok,
2005-03-22,NOKGHS,Norwegian Krone,Mid Rate,"1,457.6000",GH¢ per NOK,0.14576,GH¢ per NOK,ok,
2005-03-22,NZDGHS,New Zealand Dollar,Buying,"6,604.4000",GH¢ per NZD,0.66044,GH¢ per NZD,ok,
2005-03-22,NZDGHS,New Zealand Dollar,Selling,"6,709.8800",GH¢ per NZD,0.670988,GH¢ per NZD,ok,
2005-03-22,NZDGHS,New Zealand Dollar,Mid Rate,"6,657.1400",GH¢ per NZD,0.665714,GH¢ per NZD,ok,
2005-03-22,SEKGHS,Swedish Krona,Buying,"1,294.5800",GH¢ per SEK,0.129458,GH¢ per SEK,ok,
2005-03-22,SEKGHS,Swedish Krona,Selling,"1,313.8500",GH¢ per SEK,0.131385,GH¢ per SEK,ok,
2005-03-22,SEKGHS,Swedish Krona,Mid Rate,"1,304.2150",GH¢ per SEK,0.1304215,GH¢ per SEK,ok,
2005-03-23,USDGHS,US Dollar,Buying,"8,980.4500",GH¢ per USD,0.898045,GH¢ per USD,ok,
2005-03-23,USDGHS,US Dollar,Selling,"9,118.6400",GH¢ per USD,0.911864,GH¢ per USD,ok,
2005-03-23,USDGHS,US Dollar,Mid Rate,"9,049.5450",GH¢ per USD,0.9049545,GH¢ per USD,ok,
2005-03-23,AUDGHS,Australian Dollar,Selling,"7,118.9800",GH¢ per AUD,0.711898,GH¢ per AUD,ok,
2005-03-23,AUDGHS,Australian Dollar,Mid Rate,"3,559.4900",GH¢ per AUD,0.355949,GH¢ per AUD,ok,
2005-03-23,CADGHS,Canadian Dollar,Buying,"7,424.9800",GH¢ per CAD,0.742498,GH¢ per CAD,ok,
2005-03-23,CADGHS,Canadian Dollar,Selling,"7,538.9900",GH¢ per CAD,0.753899,GH¢ per CAD,ok,
2005-03-23,CADGHS,Canadian Dollar,Mid Rate,"7,481.9850",GH¢ per CAD,0.7481985,GH¢ per CAD,ok,
2005-03-23,CHFGHS,Swiss Franc,Buying,"7,560.0600",GH¢ per CHF,0.756006,GH¢ per CHF,ok,
2005-03-23,CHFGHS,Swiss Franc,Selling,"7,675.4100",GH¢ per CHF,0.767541,GH¢ per CHF,ok,
2005-03-23,CHFGHS,Swiss Franc,Mid Rate,"7,617.7350",GH¢ per CHF,0.7617735,GH¢ per CHF,ok,
2005-03-23,DKKGHS,Danish Krone,Buying,"1,577.6200",GH¢ per DKK,0.157762,GH¢ per DKK,ok,
2005-03-23,DKKGHS,Danish Krone,Selling,"1,601.9600",GH¢ per DKK,0.160196,GH¢ per DKK,ok,
2005-03-23,DKKGHS,Danish Krone,Mid Rate,"1,589.7900",GH¢ per DKK,0.158979,GH¢ per DKK,ok,
2005-03-23,GBPGHS,Pound Sterling,Buying,"16,954.1900",GH¢ per GBP,1.695419,GH¢ per GBP,ok,
2005-03-23,GBPGHS,Pound Sterling,Selling,"17,220.5500",GH¢ per GBP,1.722055,GH¢ per GBP,ok,
2005-03-23,GBPGHS,Pound Sterling,Mid Rate,"17,087.3700",GH¢ per GBP,1.708737,GH¢ per GBP,ok,
2005-03-23,JPYGHS,Japanese yen,Buying,85.2500,GH¢ per JPY,0.008525,GH¢ per JPY,ok,
2005-03-23,JPYGHS,Japanese yen,Selling,86.5400,GH¢ per JPY,0.008654,GH¢ per JPY,ok,
2005-03-23,JPYGHS,Japanese yen,Mid Rate,85.8950,GH¢ per JPY,0.0085895,GH¢ per JPY,ok,
2005-03-23,NOKGHS,Norwegian Krone,Buying,"1,437.5400",GH¢ per NOK,0.143754,GH¢ per NOK,ok,
2005-03-23,NOKGHS,Norwegian Krone,Selling,"1,459.2000",GH¢ per NOK,0.14592,GH¢ per NOK,ok,
2005-03-23,NOKGHS,Norwegian Krone,Mid Rate,"1,448.3700",GH¢ per NOK,0.144837,GH¢ per NOK,ok,
2005-03-23,NZDGHS,New Zealand Dollar,Buying,"6,539.2300",GH¢ per NZD,0.653923,GH¢ per NZD,ok,
2005-03-23,NZDGHS,New Zealand Dollar,Selling,"6,652.3000",GH¢ per NZD,0.66523,GH¢ per NZD,ok,
2005-03-23,NZDGHS,New Zealand Dollar,Mid Rate,"6,595.7650",GH¢ per NZD,0.6595765,GH¢ per NZD,ok,
2005-03-23,SEKGHS,Swedish Krona,Buying,"1,287.8900",GH¢ per SEK,0.128789,GH¢ per SEK,ok,
2005-03-23,SEKGHS,Swedish Krona,Selling,"1,306.4700",GH¢ per SEK,0.130647,GH¢ per SEK,ok,
2005-03-23,SEKGHS,Swedish Krona,Mid Rate,"1,297.1800",GH¢ per SEK,0.129718,GH¢ per SEK,ok,
2005-03-24,USDGHS,US Dollar,Buying,"8,980.4500",GH¢ per USD,0.898045,GH¢ per USD,ok,
2005-03-24,USDGHS,US Dollar,Selling,"9,118.6400",GH¢ per USD,0.911864,GH¢ per USD,ok,
2005-03-24,USDGHS,US Dollar,Mid Rate,"9,049.5450",GH¢ per USD,0.9049545,GH¢ per USD,ok,
2005-03-24,AUDGHS,Australian Dollar,Selling,"7,046.3600",GH¢ per AUD,0.704636,GH¢ per AUD,ok,
2005-03-24,AUDGHS,Australian Dollar,Mid Rate,"3,523.1800",GH¢ per AUD,0.352318,GH¢ per AUD,ok,
2005-03-24,CADGHS,Canadian Dollar,Buying,"7,386.7900",GH¢ per CAD,0.738679,GH¢ per CAD,ok,
2005-03-24,CADGHS,Canadian Dollar,Selling,"7,498.3700",GH¢ per CAD,0.749837,GH¢ per CAD,ok,
2005-03-24,CADGHS,Canadian Dollar,Mid Rate,"7,442.5800",GH¢ per CAD,0.744258,GH¢ per CAD,ok,
2005-03-24,CHFGHS,Swiss Franc,Buying,"7,519.6800",GH¢ per CHF,0.751968,GH¢ per CHF,ok,
2005-03-24,CHFGHS,Swiss Franc,Selling,"7,631.4900",GH¢ per CHF,0.763149,GH¢ per CHF,ok,
2005-03-24,CHFGHS,Swiss Franc,Mid Rate,"7,575.5850",GH¢ per CHF,0.7575585,GH¢ per CHF,ok,
2005-03-24,DKKGHS,Danish Krone,Buying,"1,568.0100",GH¢ per DKK,0.156801,GH¢ per DKK,ok,
2005-03-24,DKKGHS,Danish Krone,Selling,"1,591.4100",GH¢ per DKK,0.159141,GH¢ per DKK,ok,
2005-03-24,DKKGHS,Danish Krone,Mid Rate,"1,579.7100",GH¢ per DKK,0.157971,GH¢ per DKK,ok,
2005-03-24,GBPGHS,Pound Sterling,Buying,"16,804.2200",GH¢ per GBP,1.680422,GH¢ per GBP,ok,
2005-03-24,GBPGHS,Pound Sterling,Selling,"17,065.5300",GH¢ per GBP,1.706553,GH¢ per GBP,ok,
2005-03-24,GBPGHS,Pound Sterling,Mid Rate,"16,934.8750",GH¢ per GBP,1.6934875,GH¢ per GBP,ok,
2005-03-24,JPYGHS,Japanese yen,Buying,84.5600,GH¢ per JPY,0.008456,GH¢ per JPY,ok,
2005-03-24,JPYGHS,Japanese yen,Selling,85.8200,GH¢ per JPY,0.008582,GH¢ per JPY,ok,
2005-03-24,JPYGHS,Japanese yen,Mid Rate,85.1900,GH¢ per JPY,0.008519,GH¢ per JPY,ok,
2005-03-24,NOKGHS,Norwegian Krone,Buying,"1,424.7600",GH¢ per NOK,0.142476,GH¢ per NOK,ok,
2005-03-24,NOKGHS,Norwegian Krone,Selling,"1,445.8400",GH¢ per NOK,0.144584,GH¢ per NOK,ok,
2005-03-24,NOKGHS,Norwegian Krone,Mid Rate,"1,435.3000",GH¢ per NOK,0.14353,GH¢ per NOK,ok,
2005-03-24,NZDGHS,New Zealand Dollar,Buying,"6,444.4200",GH¢ per NZD,0.644442,GH¢ per NZD,ok,
2005-03-24,NZDGHS,New Zealand Dollar,Selling,"6,548.0500",GH¢ per NZD,0.654805,GH¢ per NZD,ok,
2005-03-24,NZDGHS,New Zealand Dollar,Mid Rate,"6,496.2350",GH¢ per NZD,0.6496235,GH¢ per NZD,ok,
2005-03-24,SEKGHS,Swedish Krona,Buying,"1,281.3400",GH¢ per SEK,0.128134,GH¢ per SEK,ok,
2005-03-24,SEKGHS,Swedish Krona,Selling,"1,299.3000",GH¢ per SEK,0.12993,GH¢ per SEK,ok,
2005-03-24,SEKGHS,Swedish Krona,Mid Rate,"1,290.3200",GH¢ per SEK,0.129032,GH¢ per SEK,ok,
2005-03-29,USDGHS,US Dollar,Buying,"8,985.0000",GH¢ per USD,0.8985,GH¢ per USD,ok,
2005-03-29,USDGHS,US Dollar,Selling,"9,118.6400",GH¢ per USD,0.911864,GH¢ per USD,ok,
2005-03-29,USDGHS,US Dollar,Mid Rate,"9,051.8200",GH¢ per USD,0.905182,GH¢ per USD,ok,
2005-03-29,AUDGHS,Australian Dollar,Selling,"7,051.0800",GH¢ per AUD,0.705108,GH¢ per AUD,ok,
2005-03-29,AUDGHS,Australian Dollar,Mid Rate,"3,525.5400",GH¢ per AUD,0.352554,GH¢ per AUD,ok,
2005-03-29,CADGHS,Canadian Dollar,Buying,"7,409.1200",GH¢ per CAD,0.740912,GH¢ per CAD,ok,
2005-03-29,CADGHS,Canadian Dollar,Selling,"7,518.4200",GH¢ per CAD,0.751842,GH¢ per CAD,ok,
2005-03-29,CADGHS,Canadian Dollar,Mid Rate,"7,463.7700",GH¢ per CAD,0.746377,GH¢ per CAD,ok,
2005-03-29,CHFGHS,Swiss Franc,Buying,"7,488.3000",GH¢ per CHF,0.74883,GH¢ per CHF,ok,
2005-03-29,CHFGHS,Swiss Franc,Selling,"7,597.3800",GH¢ per CHF,0.759738,GH¢ per CHF,ok,
2005-03-29,CHFGHS,Swiss Franc,Mid Rate,"7,542.8400",GH¢ per CHF,0.754284,GH¢ per CHF,ok,
2005-03-29,DKKGHS,Danish Krone,Buying,"1,559.7500",GH¢ per DKK,0.155975,GH¢ per DKK,ok,
2005-03-29,DKKGHS,Danish Krone,Selling,"1,583.1500",GH¢ per DKK,0.158315,GH¢ per DKK,ok,
2005-03-29,DKKGHS,Danish Krone,Mid Rate,"1,571.4500",GH¢ per DKK,0.157145,GH¢ per DKK,ok,
2005-03-29,GBPGHS,Pound Sterling,Buying,"16,817.2200",GH¢ per GBP,1.681722,GH¢ per GBP,ok,
2005-03-29,GBPGHS,Pound Sterling,Selling,"17,072.8300",GH¢ per GBP,1.707283,GH¢ per GBP,ok,
2005-03-29,GBPGHS,Pound Sterling,Mid Rate,"16,945.0250",GH¢ per GBP,1.6945025,GH¢ per GBP,ok,
2005-03-29,JPYGHS,Japanese yen,Buying,83.9300,GH¢ per JPY,0.008393,GH¢ per JPY,ok,
2005-03-29,JPYGHS,Japanese yen,Selling,85.1600,GH¢ per JPY,0.008516,GH¢ per JPY,ok,
2005-03-29,JPYGHS,Japanese yen,Mid Rate,84.5450,GH¢ per JPY,0.0084545,GH¢ per JPY,ok,
2005-03-29,NOKGHS,Norwegian Krone,Buying,"1,412.4900",GH¢ per NOK,0.141249,GH¢ per NOK,ok,
2005-03-29,NOKGHS,Norwegian Krone,Selling,"1,433.3500",GH¢ per NOK,0.143335,GH¢ per NOK,ok,
2005-03-29,NOKGHS,Norwegian Krone,Mid Rate,"1,422.9200",GH¢ per NOK,0.142292,GH¢ per NOK,ok,
2005-03-29,NZDGHS,New Zealand Dollar,Buying,"6,377.0900",GH¢ per NZD,0.637709,GH¢ per NZD,ok,
2005-03-29,NZDGHS,New Zealand Dollar,Selling,"6,479.1400",GH¢ per NZD,0.647914,GH¢ per NZD,ok,
2005-03-29,NZDGHS,New Zealand Dollar,Mid Rate,"6,428.1150",GH¢ per NZD,0.6428115,GH¢ per NZD,ok,
2005-03-29,SEKGHS,Swedish Krona,Buying,"1,271.9900",GH¢ per SEK,0.127199,GH¢ per SEK,ok,
2005-03-29,SEKGHS,Swedish Krona,Selling,"1,290.8200",GH¢ per SEK,0.129082,GH¢ per SEK,ok,
2005-03-29,SEKGHS,Swedish Krona,Mid Rate,"1,281.4050",GH¢ per SEK,0.1281405,GH¢ per SEK,ok,
2005-03-30,USDGHS,US Dollar,Buying,"8,985.0000",GH¢ per USD,0.8985,GH¢ per USD,ok,
2005-03-30,USDGHS,US Dollar,Selling,"9,118.6400",GH¢ per USD,0.911864,GH¢ per USD,ok,
2005-03-30,USDGHS,US Dollar,Mid Rate,"9,051.8200",GH¢ per USD,0.905182,GH¢ per USD,ok,
2005-03-30,CADGHS,Canadian Dollar,Buying,"7,450.7700",GH¢ per CAD,0.745077,GH¢ per CAD,ok,
2005-03-30,CADGHS,Canadian Dollar,Selling,"7,558.7300",GH¢ per CAD,0.755873,GH¢ per CAD,ok,
2005-03-30,CADGHS,Canadian Dollar,Mid Rate,"7,504.7500",GH¢ per CAD,0.750475,GH¢ per CAD,ok,
2005-03-30,CHFGHS,Swiss Franc,Buying,"6,945.5400",GH¢ per CHF,0.694554,GH¢ per CHF,ok,
2005-03-30,CHFGHS,Swiss Franc,Selling,"7,053.0200",GH¢ per CHF,0.705302,GH¢ per CHF,ok,
2005-03-30,CHFGHS,Swiss Franc,Mid Rate,"6,999.2800",GH¢ per CHF,0.699928,GH¢ per CHF,ok,
2005-03-30,DKKGHS,Danish Krone,Buying,"1,565.0000",GH¢ per DKK,0.1565,GH¢ per DKK,ok,
2005-03-30,DKKGHS,Danish Krone,Selling,"1,588.0600",GH¢ per DKK,0.158806,GH¢ per DKK,ok,
2005-03-30,DKKGHS,Danish Krone,Mid Rate,"1,576.5300",GH¢ per DKK,0.157653,GH¢ per DKK,ok,
2005-03-30,GBPGHS,Pound Sterling,Buying,"16,890.9000",GH¢ per GBP,1.68909,GH¢ per GBP,ok,
2005-03-30,GBPGHS,Pound Sterling,Selling,"17,143.9600",GH¢ per GBP,1.714396,GH¢ per GBP,ok,
2005-03-30,GBPGHS,Pound Sterling,Mid Rate,"17,017.4300",GH¢ per GBP,1.701743,GH¢ per GBP,ok,
2005-03-30,JPYGHS,Japanese yen,Buying,83.8000,GH¢ per JPY,0.00838,GH¢ per JPY,ok,
2005-03-30,JPYGHS,Japanese yen,Selling,85.0100,GH¢ per JPY,0.008501,GH¢ per JPY,ok,
2005-03-30,JPYGHS,Japanese yen,Mid Rate,84.4050,GH¢ per JPY,0.0084405,GH¢ per JPY,ok,
2005-03-30,NOKGHS,Norwegian Krone,Buying,"1,424.4900",GH¢ per NOK,0.142449,GH¢ per NOK,ok,
2005-03-30,NOKGHS,Norwegian Krone,Selling,"1,445.1500",GH¢ per NOK,0.144515,GH¢ per NOK,ok,
2005-03-30,NOKGHS,Norwegian Krone,Mid Rate,"1,434.8200",GH¢ per NOK,0.143482,GH¢ per NOK,ok,
2005-03-30,NZDGHS,New Zealand Dollar,Buying,"6,393.2100",GH¢ per NZD,0.639321,GH¢ per NZD,ok,
2005-03-30,NZDGHS,New Zealand Dollar,Selling,"6,500.9900",GH¢ per NZD,0.650099,GH¢ per NZD,ok,
2005-03-30,NZDGHS,New Zealand Dollar,Mid Rate,"6,447.1000",GH¢ per NZD,0.64471,GH¢ per NZD,ok,
2005-03-30,SEKGHS,Swedish Krona,Buying,"1,275.7400",GH¢ per SEK,0.127574,GH¢ per SEK,ok,
2005-03-30,SEKGHS,Swedish Krona,Selling,"1,294.2700",GH¢ per SEK,0.129427,GH¢ per SEK,ok,
2005-03-30,SEKGHS,Swedish Krona,Mid Rate,"1,285.0050",GH¢ per SEK,0.1285005,GH¢ per SEK,ok,
2005-03-31,USDGHS,US Dollar,Buying,"8,985.0000",GH¢ per USD,0.8985,GH¢ per USD,ok,
2005-03-31,USDGHS,US Dollar,Selling,"9,118.6400",GH¢ per USD,0.911864,GH¢ per USD,ok,
2005-03-31,USDGHS,US Dollar,Mid Rate,"9,051.8200",GH¢ per USD,0.905182,GH¢ per USD,ok,
2005-03-31,AUDGHS,Australian Dollar,Selling,"7,059.8300",GH¢ per AUD,0.705983,GH¢ per AUD,ok,
2005-03-31,AUDGHS,Australian Dollar,Mid Rate,"3,529.9150",GH¢ per AUD,0.3529915,GH¢ per AUD,ok,
2005-03-31,CADGHS,Canadian Dollar,Buying,"7,403.8400",GH¢ per CAD,0.740384,GH¢ per CAD,ok,
2005-03-31,CADGHS,Canadian Dollar,Selling,"7,512.6600",GH¢ per CAD,0.751266,GH¢ per CAD,ok,
2005-03-31,CADGHS,Canadian Dollar,Mid Rate,"7,458.2500",GH¢ per CAD,0.745825,GH¢ per CAD,ok,
2005-03-31,CHFGHS,Swiss Franc,Buying,"7,515.8100",GH¢ per CHF,0.751581,GH¢ per CHF,ok,
2005-03-31,CHFGHS,Swiss Franc,Selling,"7,626.2300",GH¢ per CHF,0.762623,GH¢ per CHF,ok,
2005-03-31,CHFGHS,Swiss Franc,Mid Rate,"7,571.0200",GH¢ per CHF,0.757102,GH¢ per CHF,ok,
2005-03-31,DKKGHS,Danish Krone,Buying,"1,563.8100",GH¢ per DKK,0.156381,GH¢ per DKK,ok,
2005-03-31,DKKGHS,Danish Krone,Selling,"1,586.3000",GH¢ per DKK,0.15863,GH¢ per DKK,ok,
2005-03-31,DKKGHS,Danish Krone,Mid Rate,"1,575.0550",GH¢ per DKK,0.1575055,GH¢ per DKK,ok,
2005-03-31,GBPGHS,Pound Sterling,Buying,"16,896.2900",GH¢ per GBP,1.689629,GH¢ per GBP,ok,
2005-03-31,GBPGHS,Pound Sterling,Selling,"17,152.1600",GH¢ per GBP,1.715216,GH¢ per GBP,ok,
2005-03-31,GBPGHS,Pound Sterling,Mid Rate,"17,024.2250",GH¢ per GBP,1.7024225,GH¢ per GBP,ok,
2005-03-31,JPYGHS,Japanese yen,Buying,84.0500,GH¢ per JPY,0.008405,GH¢ per JPY,ok,
2005-03-31,JPYGHS,Japanese yen,Selling,85.2700,GH¢ per JPY,0.008527,GH¢ per JPY,ok,
2005-03-31,JPYGHS,Japanese yen,Mid Rate,84.6600,GH¢ per JPY,0.008466,GH¢ per JPY,ok,
2005-03-31,NOKGHS,Norwegian Krone,Buying,"1,421.0700",GH¢ per NOK,0.142107,GH¢ per NOK,ok,
2005-03-31,NOKGHS,Norwegian Krone,Selling,"1,440.9200",GH¢ per NOK,0.144092,GH¢ per NOK,ok,
2005-03-31,NOKGHS,Norwegian Krone,Mid Rate,"1,430.9950",GH¢ per NOK,0.1430995,GH¢ per NOK,ok,
2005-03-31,NZDGHS,New Zealand Dollar,Buying,"6,391.8700",GH¢ per NZD,0.639187,GH¢ per NZD,ok,
2005-03-31,NZDGHS,New Zealand Dollar,Selling,"6,498.9500",GH¢ per NZD,0.649895,GH¢ per NZD,ok,
2005-03-31,NZDGHS,New Zealand Dollar,Mid Rate,"6,445.4100",GH¢ per NZD,0.644541,GH¢ per NZD,ok,
2005-03-31,SEKGHS,Swedish Krona,Buying,"1,274.7200",GH¢ per SEK,0.127472,GH¢ per SEK,ok,
2005-03-31,SEKGHS,Swedish Krona,Selling,"1,292.9100",GH¢ per SEK,0.129291,GH¢ per SEK,ok,
2005-03-31,SEKGHS,Swedish Krona,Mid Rate,"1,283.8150",GH¢ per SEK,0.1283815,GH¢ per SEK,ok,
2005-04-01,USDGHS,US Dollar,Buying,"8,985.0000",GH¢ per USD,0.8985,GH¢ per USD,ok,
2005-04-01,USDGHS,US Dollar,Selling,"9,118.6400",GH¢ per USD,0.911864,GH¢ per USD,ok,
2005-04-01,USDGHS,US Dollar,Mid Rate,"9,051.8200",GH¢ per USD,0.905182,GH¢ per USD,ok,
2005-04-01,AUDGHS,Australian Dollar,Selling,"7,055.7100",GH¢ per AUD,0.705571,GH¢ per AUD,ok,
2005-04-01,AUDGHS,Australian Dollar,Mid Rate,"3,527.8550",GH¢ per AUD,0.3527855,GH¢ per AUD,ok,
2005-04-01,CADGHS,Canadian Dollar,Buying,"7,417.8600",GH¢ per CAD,0.741786,GH¢ per CAD,ok,
2005-04-01,CADGHS,Canadian Dollar,Selling,"7,523.9300",GH¢ per CAD,0.752393,GH¢ per CAD,ok,
2005-04-01,CADGHS,Canadian Dollar,Mid Rate,"7,470.8950",GH¢ per CAD,0.7470895,GH¢ per CAD,ok,
2005-04-01,CHFGHS,Swiss Franc,Buying,"7,514.5100",GH¢ per CHF,0.751451,GH¢ per CHF,ok,
2005-04-01,CHFGHS,Swiss Franc,Selling,"7,623.9100",GH¢ per CHF,0.762391,GH¢ per CHF,ok,
2005-04-01,CHFGHS,Swiss Franc,Mid Rate,"7,569.2100",GH¢ per CHF,0.756921,GH¢ per CHF,ok,
2005-04-01,DKKGHS,Danish Krone,Buying,"1,565.0300",GH¢ per DKK,0.156503,GH¢ per DKK,ok,
2005-04-01,DKKGHS,Danish Krone,Selling,"1,587.7300",GH¢ per DKK,0.158773,GH¢ per DKK,ok,
2005-04-01,DKKGHS,Danish Krone,Mid Rate,"1,576.3800",GH¢ per DKK,0.157638,GH¢ per DKK,ok,
2005-04-01,GBPGHS,Pound Sterling,Buying,"16,956.4900",GH¢ per GBP,1.695649,GH¢ per GBP,ok,
2005-04-01,GBPGHS,Pound Sterling,Selling,"17,213.2600",GH¢ per GBP,1.721326,GH¢ per GBP,ok,
2005-04-01,GBPGHS,Pound Sterling,Mid Rate,"17,084.8750",GH¢ per GBP,1.7084875,GH¢ per GBP,ok,
2005-04-01,JPYGHS,Japanese yen,Buying,83.7900,GH¢ per JPY,0.008379,GH¢ per JPY,ok,
2005-04-01,JPYGHS,Japanese yen,Selling,85.0000,GH¢ per JPY,0.0085,GH¢ per JPY,ok,
2005-04-01,JPYGHS,Japanese yen,Mid Rate,84.3950,GH¢ per JPY,0.0084395,GH¢ per JPY,ok,
2005-04-01,NOKGHS,Norwegian Krone,Buying,"1,420.9700",GH¢ per NOK,0.142097,GH¢ per NOK,ok,
2005-04-01,NOKGHS,Norwegian Krone,Selling,"1,441.2000",GH¢ per NOK,0.14412,GH¢ per NOK,ok,
2005-04-01,NOKGHS,Norwegian Krone,Mid Rate,"1,431.0850",GH¢ per NOK,0.1431085,GH¢ per NOK,ok,
2005-04-01,NZDGHS,New Zealand Dollar,Buying,"6,385.8100",GH¢ per NZD,0.638581,GH¢ per NZD,ok,
2005-04-01,NZDGHS,New Zealand Dollar,Selling,"6,484.2300",GH¢ per NZD,0.648423,GH¢ per NZD,ok,
2005-04-01,NZDGHS,New Zealand Dollar,Mid Rate,"6,435.0200",GH¢ per NZD,0.643502,GH¢ per NZD,ok,
2005-04-01,SEKGHS,Swedish Krona,Buying,"1,273.1700",GH¢ per SEK,0.127317,GH¢ per SEK,ok,
2005-04-01,SEKGHS,Swedish Krona,Selling,"1,291.2200",GH¢ per SEK,0.129122,GH¢ per SEK,ok,
2005-04-01,SEKGHS,Swedish Krona,Mid Rate,"1,282.1950",GH¢ per SEK,0.1282195,GH¢ per SEK,ok,
2005-04-02,NZDGHS,New Zealand Dollar,Buying,"6,532.2300",GH¢ per NZD,0.653223,GH¢ per NZD,ok,
2005-04-02,NZDGHS,New Zealand Dollar,Selling,"6,638.1000",GH¢ per NZD,0.66381,GH¢ per NZD,ok,
2005-04-02,NZDGHS,New Zealand Dollar,Mid Rate,"6,585.1650",GH¢ per NZD,0.6585165,GH¢ per NZD,ok,
2005-04-04,USDGHS,US Dollar,Buying,"8,985.0000",GH¢ per USD,0.8985,GH¢ per USD,ok,
2005-04-04,USDGHS,US Dollar,Selling,"9,118.6400",GH¢ per USD,0.911864,GH¢ per USD,ok,
2005-04-04,USDGHS,US Dollar,Mid Rate,"9,051.8200",GH¢ per USD,0.905182,GH¢ per USD,ok,
2005-04-04,AUDGHS,Australian Dollar,Selling,"7,016.0900",GH¢ per AUD,0.701609,GH¢ per AUD,ok,
2005-04-04,AUDGHS,Australian Dollar,Mid Rate,"3,508.0450",GH¢ per AUD,0.3508045,GH¢ per AUD,ok,
2005-04-04,CADGHS,Canadian Dollar,Buying,"7,380.0900",GH¢ per CAD,0.738009,GH¢ per CAD,ok,
2005-04-04,CADGHS,Canadian Dollar,Selling,"7,484.9600",GH¢ per CAD,0.748496,GH¢ per CAD,ok,
2005-04-04,CADGHS,Canadian Dollar,Mid Rate,"7,432.5250",GH¢ per CAD,0.7432525,GH¢ per CAD,ok,
2005-04-04,CHFGHS,Swiss Franc,Buying,"7,457.9100",GH¢ per CHF,0.745791,GH¢ per CHF,ok,
2005-04-04,CHFGHS,Swiss Franc,Selling,"7,563.8200",GH¢ per CHF,0.756382,GH¢ per CHF,ok,
2005-04-04,CHFGHS,Swiss Franc,Mid Rate,"7,510.8650",GH¢ per CHF,0.7510865,GH¢ per CHF,ok,
2005-04-04,DKKGHS,Danish Krone,Buying,"1,554.4600",GH¢ per DKK,0.155446,GH¢ per DKK,ok,
2005-04-04,DKKGHS,Danish Krone,Selling,"1,576.3400",GH¢ per DKK,0.157634,GH¢ per DKK,ok,
2005-04-04,DKKGHS,Danish Krone,Mid Rate,"1,565.4000",GH¢ per DKK,0.15654,GH¢ per DKK,ok,
2005-04-04,GBPGHS,Pound Sterling,Buying,"16,832.5000",GH¢ per GBP,1.68325,GH¢ per GBP,ok,
2005-04-04,GBPGHS,Pound Sterling,Selling,"17,087.4200",GH¢ per GBP,1.708742,GH¢ per GBP,ok,
2005-04-04,GBPGHS,Pound Sterling,Mid Rate,"16,959.9600",GH¢ per GBP,1.695996,GH¢ per GBP,ok,
2005-04-04,JPYGHS,Japanese yen,Buying,83.2400,GH¢ per JPY,0.008324,GH¢ per JPY,ok,
2005-04-04,JPYGHS,Japanese yen,Selling,84.4500,GH¢ per JPY,0.008445,GH¢ per JPY,ok,
2005-04-04,JPYGHS,Japanese yen,Mid Rate,83.8450,GH¢ per JPY,0.0083845,GH¢ per JPY,ok,
2005-04-04,NOKGHS,Norwegian Krone,Buying,"1,411.7700",GH¢ per NOK,0.141177,GH¢ per NOK,ok,
2005-04-04,NOKGHS,Norwegian Krone,Selling,"1,431.2600",GH¢ per NOK,0.143126,GH¢ per NOK,ok,
2005-04-04,NOKGHS,Norwegian Krone,Mid Rate,"1,421.5150",GH¢ per NOK,0.1421515,GH¢ per NOK,ok,
2005-04-04,NZDGHS,New Zealand Dollar,Buying,"6,349.2200",GH¢ per NZD,0.634922,GH¢ per NZD,ok,
2005-04-04,NZDGHS,New Zealand Dollar,Selling,"6,457.3400",GH¢ per NZD,0.645734,GH¢ per NZD,ok,
2005-04-04,NZDGHS,New Zealand Dollar,Mid Rate,"6,403.2800",GH¢ per NZD,0.640328,GH¢ per NZD,ok,
2005-04-04,SEKGHS,Swedish Krona,Buying,"1,263.2300",GH¢ per SEK,0.126323,GH¢ per SEK,ok,
2005-04-04,SEKGHS,Swedish Krona,Selling,"1,280.6000",GH¢ per SEK,0.12806,GH¢ per SEK,ok,
2005-04-04,SEKGHS,Swedish Krona,Mid Rate,"1,271.9150",GH¢ per SEK,0.1271915,GH¢ per SEK,ok,
2005-04-05,USDGHS,US Dollar,Buying,"8,987.2700",GH¢ per USD,0.898727,GH¢ per USD,ok,
2005-04-05,USDGHS,US Dollar,Selling,"9,119.5500",GH¢ per USD,0.911955,GH¢ per USD,ok,
2005-04-05,USDGHS,US Dollar,Mid Rate,"9,053.4100",GH¢ per USD,0.905341,GH¢ per USD,ok,
2005-04-05,AUDGHS,Australian Dollar,Selling,"7,095.5700",GH¢ per AUD,0.709557,GH¢ per AUD,ok,
2005-04-05,AUDGHS,Australian Dollar,Mid Rate,"3,547.7850",GH¢ per AUD,0.3547785,GH¢ per AUD,ok,
2005-04-05,CADGHS,Canadian Dollar,Buying,"7,335.7100",GH¢ per CAD,0.733571,GH¢ per CAD,ok,
2005-04-05,CADGHS,Canadian Dollar,Selling,"7,440.9000",GH¢ per CAD,0.74409,GH¢ per CAD,ok,
2005-04-05,CADGHS,Canadian Dollar,Mid Rate,"7,388.3050",GH¢ per CAD,0.7388305,GH¢ per CAD,ok,
2005-04-05,CHFGHS,Swiss Franc,Buying,"7,543.8200",GH¢ per CHF,0.754382,GH¢ per CHF,ok,
2005-04-05,CHFGHS,Swiss Franc,Selling,"7,653.4300",GH¢ per CHF,0.765343,GH¢ per CHF,ok,
2005-04-05,CHFGHS,Swiss Franc,Mid Rate,"7,598.6250",GH¢ per CHF,0.7598625,GH¢ per CHF,ok,
2005-04-05,DKKGHS,Danish Krone,Buying,"1,563.1900",GH¢ per DKK,0.156319,GH¢ per DKK,ok,
2005-04-05,DKKGHS,Danish Krone,Selling,"1,586.0100",GH¢ per DKK,0.158601,GH¢ per DKK,ok,
2005-04-05,DKKGHS,Danish Krone,Mid Rate,"1,574.6000",GH¢ per DKK,0.15746,GH¢ per DKK,ok,
2005-04-05,GBPGHS,Pound Sterling,Buying,"17,091.0900",GH¢ per GBP,1.709109,GH¢ per GBP,ok,
2005-04-05,GBPGHS,Pound Sterling,Selling,"17,345.3800",GH¢ per GBP,1.734538,GH¢ per GBP,ok,
2005-04-05,GBPGHS,Pound Sterling,Mid Rate,"17,218.2350",GH¢ per GBP,1.7218235,GH¢ per GBP,ok,
2005-04-05,JPYGHS,Japanese yen,Buying,82.6000,GH¢ per JPY,0.00826,GH¢ per JPY,ok,
2005-04-05,JPYGHS,Japanese yen,Selling,83.8000,GH¢ per JPY,0.00838,GH¢ per JPY,ok,
2005-04-05,JPYGHS,Japanese yen,Mid Rate,83.2000,GH¢ per JPY,0.00832,GH¢ per JPY,ok,
2005-04-05,NOKGHS,Norwegian Krone,Buying,"1,408.5000",GH¢ per NOK,0.14085,GH¢ per NOK,ok,
2005-04-05,NOKGHS,Norwegian Krone,Selling,"1,428.2100",GH¢ per NOK,0.142821,GH¢ per NOK,ok,
2005-04-05,NOKGHS,Norwegian Krone,Mid Rate,"1,418.3550",GH¢ per NOK,0.1418355,GH¢ per NOK,ok,
2005-04-05,NZDGHS,New Zealand Dollar,Buying,"6,561.1600",GH¢ per NZD,0.656116,GH¢ per NZD,ok,
2005-04-05,NZDGHS,New Zealand Dollar,Selling,"6,669.5200",GH¢ per NZD,0.666952,GH¢ per NZD,ok,
2005-04-05,NZDGHS,New Zealand Dollar,Mid Rate,"6,615.3400",GH¢ per NZD,0.661534,GH¢ per NZD,ok,
2005-04-05,SEKGHS,Swedish Krona,Buying,"1,266.0100",GH¢ per SEK,0.126601,GH¢ per SEK,ok,
2005-04-05,SEKGHS,Swedish Krona,Selling,"1,284.3400",GH¢ per SEK,0.128434,GH¢ per SEK,ok,
2005-04-05,SEKGHS,Swedish Krona,Mid Rate,"1,275.1750",GH¢ per SEK,0.1275175,GH¢ per SEK,ok,
2005-04-06,USDGHS,US Dollar,Buying,"8,978.6400",GH¢ per USD,0.897864,GH¢ per USD,ok,
2005-04-06,USDGHS,US Dollar,Selling,"9,117.7300",GH¢ per USD,0.911773,GH¢ per USD,ok,
2005-04-06,USDGHS,US Dollar,Mid Rate,"9,048.1850",GH¢ per USD,0.9048185,GH¢ per USD,ok,
2005-04-06,AUDGHS,Australian Dollar,Selling,"6,985.5700",GH¢ per AUD,0.698557,GH¢ per AUD,ok,
2005-04-06,AUDGHS,Australian Dollar,Mid Rate,"3,492.7850",GH¢ per AUD,0.3492785,GH¢ per AUD,ok,
2005-04-06,CADGHS,Canadian Dollar,Buying,"7,367.4000",GH¢ per CAD,0.73674,GH¢ per CAD,ok,
2005-04-06,CADGHS,Canadian Dollar,Selling,"7,479.2100",GH¢ per CAD,0.747921,GH¢ per CAD,ok,
2005-04-06,CADGHS,Canadian Dollar,Mid Rate,"7,423.3050",GH¢ per CAD,0.7423305,GH¢ per CAD,ok,
2005-04-06,CHFGHS,Swiss Franc,Buying,"7,458.1000",GH¢ per CHF,0.74581,GH¢ per CHF,ok,
2005-04-06,CHFGHS,Swiss Franc,Selling,"7,570.5700",GH¢ per CHF,0.757057,GH¢ per CHF,ok,
2005-04-06,CHFGHS,Swiss Franc,Mid Rate,"7,514.3350",GH¢ per CHF,0.7514335,GH¢ per CHF,ok,
2005-04-06,DKKGHS,Danish Krone,Buying,"1,552.1100",GH¢ per DKK,0.155211,GH¢ per DKK,ok,
2005-04-06,DKKGHS,Danish Krone,Selling,"1,575.2600",GH¢ per DKK,0.157526,GH¢ per DKK,ok,
2005-04-06,DKKGHS,Danish Krone,Mid Rate,"1,563.6850",GH¢ per DKK,0.1563685,GH¢ per DKK,ok,
2005-04-06,GBPGHS,Pound Sterling,Buying,"16,902.2900",GH¢ per GBP,1.690229,GH¢ per GBP,ok,
2005-04-06,GBPGHS,Pound Sterling,Selling,"17,167.7700",GH¢ per GBP,1.716777,GH¢ per GBP,ok,
2005-04-06,GBPGHS,Pound Sterling,Mid Rate,"17,035.0300",GH¢ per GBP,1.703503,GH¢ per GBP,ok,
2005-04-06,JPYGHS,Japanese yen,Buying,83.1100,GH¢ per JPY,0.008311,GH¢ per JPY,ok,
2005-04-06,JPYGHS,Japanese yen,Selling,84.3600,GH¢ per JPY,0.008436,GH¢ per JPY,ok,
2005-04-06,JPYGHS,Japanese yen,Mid Rate,83.7350,GH¢ per JPY,0.0083735,GH¢ per JPY,ok,
2005-04-06,NOKGHS,Norwegian Krone,Buying,"1,417.1300",GH¢ per NOK,0.141713,GH¢ per NOK,ok,
2005-04-06,NOKGHS,Norwegian Krone,Selling,"1,438.5500",GH¢ per NOK,0.143855,GH¢ per NOK,ok,
2005-04-06,NOKGHS,Norwegian Krone,Mid Rate,"1,427.8400",GH¢ per NOK,0.142784,GH¢ per NOK,ok,
2005-04-06,NZDGHS,New Zealand Dollar,Buying,"6,382.3000",GH¢ per NZD,0.63823,GH¢ per NZD,ok,
2005-04-06,NZDGHS,New Zealand Dollar,Selling,"6,491.1400",GH¢ per NZD,0.649114,GH¢ per NZD,ok,
2005-04-06,NZDGHS,New Zealand Dollar,Mid Rate,"6,436.7200",GH¢ per NZD,0.643672,GH¢ per NZD,ok,
2005-04-06,SEKGHS,Swedish Krona,Buying,"1,261.1000",GH¢ per SEK,0.12611,GH¢ per SEK,ok,
2005-04-06,SEKGHS,Swedish Krona,Selling,"1,280.2000",GH¢ per SEK,0.12802,GH¢ per SEK,ok,
2005-04-06,SEKGHS,Swedish Krona,Mid Rate,"1,270.6500",GH¢ per SEK,0.127065,GH¢ per SEK,ok,
2005-04-07,USDGHS,US Dollar,Buying,"8,978.6400",GH¢ per USD,0.897864,GH¢ per USD,ok,
2005-04-07,USDGHS,US Dollar,Selling,"9,117.7300",GH¢ per USD,0.911773,GH¢ per USD,ok,
2005-04-07,USDGHS,US Dollar,Mid Rate,"9,048.1850",GH¢ per USD,0.9048185,GH¢ per USD,ok,
2005-04-07,AUDGHS,Australian Dollar,Selling,"7,010.4900",GH¢ per AUD,0.701049,GH¢ per AUD,ok,
2005-04-07,AUDGHS,Australian Dollar,Mid Rate,"3,505.2450",GH¢ per AUD,0.3505245,GH¢ per AUD,ok,
2005-04-07,CADGHS,Canadian Dollar,Buying,"7,359.1600",GH¢ per CAD,0.735916,GH¢ per CAD,ok,
2005-04-07,CADGHS,Canadian Dollar,Selling,"7,472.2200",GH¢ per CAD,0.747222,GH¢ per CAD,ok,
2005-04-07,CADGHS,Canadian Dollar,Mid Rate,"7,415.6900",GH¢ per CAD,0.741569,GH¢ per CAD,ok,
2005-04-07,CHFGHS,Swiss Franc,Buying,"7,486.2400",GH¢ per CHF,0.748624,GH¢ per CHF,ok,
2005-04-07,CHFGHS,Swiss Franc,Selling,"7,600.8700",GH¢ per CHF,0.760087,GH¢ per CHF,ok,
2005-04-07,CHFGHS,Swiss Franc,Mid Rate,"7,543.5550",GH¢ per CHF,0.7543555,GH¢ per CHF,ok,
2005-04-07,DKKGHS,Danish Krone,Buying,"1,557.9200",GH¢ per DKK,0.155792,GH¢ per DKK,ok,
2005-04-07,DKKGHS,Danish Krone,Selling,"1,581.4100",GH¢ per DKK,0.158141,GH¢ per DKK,ok,
2005-04-07,DKKGHS,Danish Krone,Mid Rate,"1,569.6650",GH¢ per DKK,0.1569665,GH¢ per DKK,ok,
2005-04-07,GBPGHS,Pound Sterling,Buying,"16,907.6800",GH¢ per GBP,1.690768,GH¢ per GBP,ok,
2005-04-07,GBPGHS,Pound Sterling,Selling,"17,174.1600",GH¢ per GBP,1.717416,GH¢ per GBP,ok,
2005-04-07,GBPGHS,Pound Sterling,Mid Rate,"17,040.9200",GH¢ per GBP,1.704092,GH¢ per GBP,ok,
2005-04-07,JPYGHS,Japanese yen,Buying,82.9500,GH¢ per JPY,0.008295,GH¢ per JPY,ok,
2005-04-07,JPYGHS,Japanese yen,Selling,84.2100,GH¢ per JPY,0.008421,GH¢ per JPY,ok,
2005-04-07,JPYGHS,Japanese yen,Mid Rate,83.5800,GH¢ per JPY,0.008358,GH¢ per JPY,ok,
2005-04-07,NOKGHS,Norwegian Krone,Buying,"1,421.7100",GH¢ per NOK,0.142171,GH¢ per NOK,ok,
2005-04-07,NOKGHS,Norwegian Krone,Selling,"1,443.2100",GH¢ per NOK,0.144321,GH¢ per NOK,ok,
2005-04-07,NOKGHS,Norwegian Krone,Mid Rate,"1,432.4600",GH¢ per NOK,0.143246,GH¢ per NOK,ok,
2005-04-07,NZDGHS,New Zealand Dollar,Buying,"6,413.0800",GH¢ per NZD,0.641308,GH¢ per NZD,ok,
2005-04-07,NZDGHS,New Zealand Dollar,Selling,"6,524.4600",GH¢ per NZD,0.652446,GH¢ per NZD,ok,
2005-04-07,NZDGHS,New Zealand Dollar,Mid Rate,"6,468.7700",GH¢ per NZD,0.646877,GH¢ per NZD,ok,
2005-04-07,SEKGHS,Swedish Krona,Buying,"1,268.8300",GH¢ per SEK,0.126883,GH¢ per SEK,ok,
2005-04-07,SEKGHS,Swedish Krona,Selling,"1,287.3200",GH¢ per SEK,0.128732,GH¢ per SEK,ok,
2005-04-07,SEKGHS,Swedish Krona,Mid Rate,"1,278.0750",GH¢ per SEK,0.1278075,GH¢ per SEK,ok,
2005-04-08,USDGHS,US Dollar,Buying,"8,981.3600",GH¢ per USD,0.898136,GH¢ per USD,ok,
2005-04-08,USDGHS,US Dollar,Selling,"9,117.7300",GH¢ per USD,0.911773,GH¢ per USD,ok,
2005-04-08,USDGHS,US Dollar,Mid Rate,"9,049.5450",GH¢ per USD,0.9049545,GH¢ per USD,ok,
2005-04-08,AUDGHS,Australian Dollar,Selling,"6,989.8200",GH¢ per AUD,0.698982,GH¢ per AUD,ok,
2005-04-08,AUDGHS,Australian Dollar,Mid Rate,"3,494.9100",GH¢ per AUD,0.349491,GH¢ per AUD,ok,
2005-04-08,CADGHS,Canadian Dollar,Buying,"7,336.4700",GH¢ per CAD,0.733647,GH¢ per CAD,ok,
2005-04-08,CADGHS,Canadian Dollar,Selling,"7,446.6400",GH¢ per CAD,0.744664,GH¢ per CAD,ok,
2005-04-08,CADGHS,Canadian Dollar,Mid Rate,"7,391.5550",GH¢ per CAD,0.7391555,GH¢ per CAD,ok,
2005-04-08,CHFGHS,Swiss Franc,Buying,"7,420.8000",GH¢ per CHF,0.74208,GH¢ per CHF,ok,
2005-04-08,CHFGHS,Swiss Franc,Selling,"7,531.5100",GH¢ per CHF,0.753151,GH¢ per CHF,ok,
2005-04-08,CHFGHS,Swiss Franc,Mid Rate,"7,476.1550",GH¢ per CHF,0.7476155,GH¢ per CHF,ok,
2005-04-08,DKKGHS,Danish Krone,Buying,"1,545.6400",GH¢ per DKK,0.154564,GH¢ per DKK,ok,
2005-04-08,DKKGHS,Danish Krone,Selling,"1,568.6300",GH¢ per DKK,0.156863,GH¢ per DKK,ok,
2005-04-08,DKKGHS,Danish Krone,Mid Rate,"1,557.1350",GH¢ per DKK,0.1557135,GH¢ per DKK,ok,
2005-04-08,GBPGHS,Pound Sterling,Buying,"16,784.3700",GH¢ per GBP,1.678437,GH¢ per GBP,ok,
2005-04-08,GBPGHS,Pound Sterling,Selling,"17,048.3300",GH¢ per GBP,1.704833,GH¢ per GBP,ok,
2005-04-08,GBPGHS,Pound Sterling,Mid Rate,"16,916.3500",GH¢ per GBP,1.691635,GH¢ per GBP,ok,
2005-04-08,JPYGHS,Japanese yen,Buying,82.6600,GH¢ per JPY,0.008266,GH¢ per JPY,ok,
2005-04-08,JPYGHS,Japanese yen,Selling,83.9100,GH¢ per JPY,0.008391,GH¢ per JPY,ok,
2005-04-08,JPYGHS,Japanese yen,Mid Rate,83.2850,GH¢ per JPY,0.0083285,GH¢ per JPY,ok,
2005-04-08,NOKGHS,Norwegian Krone,Buying,"1,408.0100",GH¢ per NOK,0.140801,GH¢ per NOK,ok,
2005-04-08,NOKGHS,Norwegian Krone,Selling,"1,428.5800",GH¢ per NOK,0.142858,GH¢ per NOK,ok,
2005-04-08,NOKGHS,Norwegian Krone,Mid Rate,"1,418.2950",GH¢ per NOK,0.1418295,GH¢ per NOK,ok,
2005-04-08,NZDGHS,New Zealand Dollar,Buying,"6,389.8100",GH¢ per NZD,0.638981,GH¢ per NZD,ok,
2005-04-08,NZDGHS,New Zealand Dollar,Selling,"6,497.1200",GH¢ per NZD,0.649712,GH¢ per NZD,ok,
2005-04-08,NZDGHS,New Zealand Dollar,Mid Rate,"6,443.4650",GH¢ per NZD,0.6443465,GH¢ per NZD,ok,
2005-04-08,SEKGHS,Swedish Krona,Buying,"1,257.6000",GH¢ per SEK,0.12576,GH¢ per SEK,ok,
2005-04-08,SEKGHS,Swedish Krona,Selling,"1,275.2500",GH¢ per SEK,0.127525,GH¢ per SEK,ok,
2005-04-08,SEKGHS,Swedish Krona,Mid Rate,"1,266.4250",GH¢ per SEK,0.1266425,GH¢ per SEK,ok,
2005-04-10,USDGHS,US Dollar,Buying,"8,995.4500",GH¢ per USD,0.899545,GH¢ per USD,ok,
2005-04-10,USDGHS,US Dollar,Selling,"9,122.2700",GH¢ per USD,0.912227,GH¢ per USD,ok,
2005-04-10,USDGHS,US Dollar,Mid Rate,"9,058.8600",GH¢ per USD,0.905886,GH¢ per USD,ok,
2005-04-10,AUDGHS,Australian Dollar,Selling,"6,750.4900",GH¢ per AUD,0.675049,GH¢ per AUD,ok,
2005-04-10,AUDGHS,Australian Dollar,Mid Rate,"3,375.2450",GH¢ per AUD,0.3375245,GH¢ per AUD,ok,
2005-04-10,CADGHS,Canadian Dollar,Buying,"7,619.1300",GH¢ per CAD,0.761913,GH¢ per CAD,ok,
2005-04-10,CADGHS,Canadian Dollar,Selling,"7,724.0900",GH¢ per CAD,0.772409,GH¢ per CAD,ok,
2005-04-10,CADGHS,Canadian Dollar,Mid Rate,"7,671.6100",GH¢ per CAD,0.767161,GH¢ per CAD,ok,
2005-04-10,CHFGHS,Swiss Franc,Buying,"6,959.6900",GH¢ per CHF,0.695969,GH¢ per CHF,ok,
2005-04-10,CHFGHS,Swiss Franc,Selling,"7,056.8700",GH¢ per CHF,0.705687,GH¢ per CHF,ok,
2005-04-10,CHFGHS,Swiss Franc,Mid Rate,"7,008.2800",GH¢ per CHF,0.700828,GH¢ per CHF,ok,
2005-04-10,DKKGHS,Danish Krone,Buying,"1,438.3800",GH¢ per DKK,0.143838,GH¢ per DKK,ok,
2005-04-10,DKKGHS,Danish Krone,Selling,"1,459.1900",GH¢ per DKK,0.145919,GH¢ per DKK,ok,
2005-04-10,DKKGHS,Danish Krone,Mid Rate,"1,448.7850",GH¢ per DKK,0.1448785,GH¢ per DKK,ok,
2005-04-10,JPYGHS,Japanese yen,Buying,76.4600,GH¢ per JPY,0.007646,GH¢ per JPY,ok,
2005-04-10,JPYGHS,Japanese yen,Selling,77.5500,GH¢ per JPY,0.007755,GH¢ per JPY,ok,
2005-04-10,JPYGHS,Japanese yen,Mid Rate,77.0050,GH¢ per JPY,0.0077005,GH¢ per JPY,ok,
2005-04-10,NOKGHS,Norwegian Krone,Buying,"1,377.5500",GH¢ per NOK,0.137755,GH¢ per NOK,ok,
2005-04-10,NOKGHS,Norwegian Krone,Selling,"1,397.4200",GH¢ per NOK,0.139742,GH¢ per NOK,ok,
2005-04-10,NOKGHS,Norwegian Krone,Mid Rate,"1,387.4850",GH¢ per NOK,0.1387485,GH¢ per NOK,ok,
2005-04-10,NZDGHS,New Zealand Dollar,Buying,"6,192.5100",GH¢ per NZD,0.619251,GH¢ per NZD,ok,
2005-04-10,NZDGHS,New Zealand Dollar,Selling,"6,294.1100",GH¢ per NZD,0.629411,GH¢ per NZD,ok,
2005-04-10,NZDGHS,New Zealand Dollar,Mid Rate,"6,243.3100",GH¢ per NZD,0.624331,GH¢ per NZD,ok,
2005-04-10,SEKGHS,Swedish Krona,Buying,"1,120.2200",GH¢ per SEK,0.112022,GH¢ per SEK,ok,
2005-04-10,SEKGHS,Swedish Krona,Selling,"1,136.1700",GH¢ per SEK,0.113617,GH¢ per SEK,ok,
2005-04-10,SEKGHS,Swedish Krona,Mid Rate,"1,128.1950",GH¢ per SEK,0.1128195,GH¢ per SEK,ok,
2005-04-11,USDGHS,US Dollar,Buying,"8,995.4500",GH¢ per USD,0.899545,GH¢ per USD,ok,
2005-04-11,USDGHS,US Dollar,Selling,"9,122.2700",GH¢ per USD,0.912227,GH¢ per USD,ok,
2005-04-11,USDGHS,US Dollar,Mid Rate,"9,058.8600",GH¢ per USD,0.905886,GH¢ per USD,ok,
2005-04-11,AUDGHS,Australian Dollar,Selling,"7,055.8300",GH¢ per AUD,0.705583,GH¢ per AUD,ok,
2005-04-11,AUDGHS,Australian Dollar,Mid Rate,"3,527.9150",GH¢ per AUD,0.3527915,GH¢ per AUD,ok,
2005-04-11,CADGHS,Canadian Dollar,Buying,"7,619.1300",GH¢ per CAD,0.761913,GH¢ per CAD,ok,
2005-04-11,CADGHS,Canadian Dollar,Selling,"7,724.0900",GH¢ per CAD,0.772409,GH¢ per CAD,ok,
2005-04-11,CADGHS,Canadian Dollar,Mid Rate,"7,671.6100",GH¢ per CAD,0.767161,GH¢ per CAD,ok,
2005-04-11,CHFGHS,Swiss Franc,Buying,"7,497.7100",GH¢ per CHF,0.749771,GH¢ per CHF,ok,
2005-04-11,CHFGHS,Swiss Franc,Selling,"7,605.6400",GH¢ per CHF,0.760564,GH¢ per CHF,ok,
2005-04-11,CHFGHS,Swiss Franc,Mid Rate,"7,551.6750",GH¢ per CHF,0.7551675,GH¢ per CHF,ok,
2005-04-11,DKKGHS,Danish Krone,Buying,"1,558.2600",GH¢ per DKK,0.155826,GH¢ per DKK,ok,
2005-04-11,DKKGHS,Danish Krone,Selling,"1,581.6800",GH¢ per DKK,0.158168,GH¢ per DKK,ok,
2005-04-11,DKKGHS,Danish Krone,Mid Rate,"1,569.9700",GH¢ per DKK,0.156997,GH¢ per DKK,ok,
2005-04-11,GBPGHS,Pound Sterling,Buying,"15,890.4600",GH¢ per GBP,1.589046,GH¢ per GBP,ok,
2005-04-11,GBPGHS,Pound Sterling,Selling,"16,126.3500",GH¢ per GBP,1.612635,GH¢ per GBP,ok,
2005-04-11,GBPGHS,Pound Sterling,Mid Rate,"16,008.4050",GH¢ per GBP,1.6008405,GH¢ per GBP,ok,
2005-04-11,JPYGHS,Japanese yen,Buying,82.9600,GH¢ per JPY,0.008296,GH¢ per JPY,ok,
2005-04-11,JPYGHS,Japanese yen,Selling,84.1900,GH¢ per JPY,0.008419,GH¢ per JPY,ok,
2005-04-11,JPYGHS,Japanese yen,Mid Rate,83.5750,GH¢ per JPY,0.0083575,GH¢ per JPY,ok,
2005-04-11,NOKGHS,Norwegian Krone,Buying,"1,377.5500",GH¢ per NOK,0.137755,GH¢ per NOK,ok,
2005-04-11,NOKGHS,Norwegian Krone,Selling,"1,397.4200",GH¢ per NOK,0.139742,GH¢ per NOK,ok,
2005-04-11,NOKGHS,Norwegian Krone,Mid Rate,"1,387.4850",GH¢ per NOK,0.1387485,GH¢ per NOK,ok,
2005-04-11,NZDGHS,New Zealand Dollar,Buying,"6,192.5100",GH¢ per NZD,0.619251,GH¢ per NZD,ok,
2005-04-11,NZDGHS,New Zealand Dollar,Selling,"6,294.1100",GH¢ per NZD,0.629411,GH¢ per NZD,ok,
2005-04-11,NZDGHS,New Zealand Dollar,Mid Rate,"6,243.3100",GH¢ per NZD,0.624331,GH¢ per NZD,ok,
2005-04-11,SEKGHS,Swedish Krona,Buying,"1,120.2200",GH¢ per SEK,0.112022,GH¢ per SEK,ok,
2005-04-11,SEKGHS,Swedish Krona,Selling,"1,136.1700",GH¢ per SEK,0.113617,GH¢ per SEK,ok,
2005-04-11,SEKGHS,Swedish Krona,Mid Rate,"1,128.1950",GH¢ per SEK,0.1128195,GH¢ per SEK,ok,
2005-04-12,USDGHS,US Dollar,Buying,"8,981.1800",GH¢ per USD,0.898118,GH¢ per USD,ok,
2005-04-12,USDGHS,US Dollar,Selling,"9,117.7300",GH¢ per USD,0.911773,GH¢ per USD,ok,
2005-04-12,USDGHS,US Dollar,Mid Rate,"9,049.4550",GH¢ per USD,0.9049455,GH¢ per USD,ok,
2005-04-12,AUDGHS,Australian Dollar,Selling,"7,077.6100",GH¢ per AUD,0.707761,GH¢ per AUD,ok,
2005-04-12,AUDGHS,Australian Dollar,Mid Rate,"3,538.8050",GH¢ per AUD,0.3538805,GH¢ per AUD,ok,
2005-04-12,CADGHS,Canadian Dollar,Buying,"7,290.0100",GH¢ per CAD,0.729001,GH¢ per CAD,ok,
2005-04-12,CADGHS,Canadian Dollar,Selling,"7,395.4300",GH¢ per CAD,0.739543,GH¢ per CAD,ok,
2005-04-12,CADGHS,Canadian Dollar,Mid Rate,"7,342.7200",GH¢ per CAD,0.734272,GH¢ per CAD,ok,
2005-04-12,CHFGHS,Swiss Franc,Buying,"7,532.1000",GH¢ per CHF,0.75321,GH¢ per CHF,ok,
2005-04-12,CHFGHS,Swiss Franc,Selling,"7,642.8100",GH¢ per CHF,0.764281,GH¢ per CHF,ok,
2005-04-12,CHFGHS,Swiss Franc,Mid Rate,"7,587.4550",GH¢ per CHF,0.7587455,GH¢ per CHF,ok,
2005-04-12,DKKGHS,Danish Krone,Buying,"1,565.7800",GH¢ per DKK,0.156578,GH¢ per DKK,ok,
2005-04-12,DKKGHS,Danish Krone,Selling,"1,588.9500",GH¢ per DKK,0.158895,GH¢ per DKK,ok,
2005-04-12,DKKGHS,Danish Krone,Mid Rate,"1,577.3650",GH¢ per DKK,0.1577365,GH¢ per DKK,ok,
2005-04-12,GBPGHS,Pound Sterling,Buying,"16,987.9000",GH¢ per GBP,1.69879,GH¢ per GBP,ok,
2005-04-12,GBPGHS,Pound Sterling,Selling,"17,249.8300",GH¢ per GBP,1.724983,GH¢ per GBP,ok,
2005-04-12,GBPGHS,Pound Sterling,Mid Rate,"17,118.8650",GH¢ per GBP,1.7118865,GH¢ per GBP,ok,
2005-04-12,JPYGHS,Japanese yen,Buying,83.3400,GH¢ per JPY,0.008334,GH¢ per JPY,ok,
2005-04-12,JPYGHS,Japanese yen,Selling,84.5700,GH¢ per JPY,0.008457,GH¢ per JPY,ok,
2005-04-12,JPYGHS,Japanese yen,Mid Rate,83.9550,GH¢ per JPY,0.0083955,GH¢ per JPY,ok,
2005-04-12,NOKGHS,Norwegian Krone,Buying,"1,423.8900",GH¢ per NOK,0.142389,GH¢ per NOK,ok,
2005-04-12,NOKGHS,Norwegian Krone,Selling,"1,444.0900",GH¢ per NOK,0.144409,GH¢ per NOK,ok,
2005-04-12,NOKGHS,Norwegian Krone,Mid Rate,"1,433.9900",GH¢ per NOK,0.143399,GH¢ per NOK,ok,
2005-04-12,NZDGHS,New Zealand Dollar,Buying,"6,484.2800",GH¢ per NZD,0.648428,GH¢ per NZD,ok,
2005-04-12,NZDGHS,New Zealand Dollar,Selling,"6,596.3400",GH¢ per NZD,0.659634,GH¢ per NZD,ok,
2005-04-12,NZDGHS,New Zealand Dollar,Mid Rate,"6,540.3100",GH¢ per NZD,0.654031,GH¢ per NZD,ok,
2005-04-12,SEKGHS,Swedish Krona,Buying,"1,275.2800",GH¢ per SEK,0.127528,GH¢ per SEK,ok,
2005-04-12,SEKGHS,Swedish Krona,Selling,"1,292.7700",GH¢ per SEK,0.129277,GH¢ per SEK,ok,
2005-04-12,SEKGHS,Swedish Krona,Mid Rate,"1,284.0250",GH¢ per SEK,0.1284025,GH¢ per SEK,ok,
2005-04-13,USDGHS,US Dollar,Buying,"8,978.6400",GH¢ per USD,0.897864,GH¢ per USD,ok,
2005-04-13,USDGHS,US Dollar,Selling,"9,117.7300",GH¢ per USD,0.911773,GH¢ per USD,ok,
2005-04-13,USDGHS,US Dollar,Mid Rate,"9,048.1850",GH¢ per USD,0.9048185,GH¢ per USD,ok,
2005-04-13,AUDGHS,Australian Dollar,Selling,"7,106.1900",GH¢ per AUD,0.710619,GH¢ per AUD,ok,
2005-04-13,AUDGHS,Australian Dollar,Mid Rate,"3,553.0950",GH¢ per AUD,0.3553095,GH¢ per AUD,ok,
2005-04-13,CADGHS,Canadian Dollar,Buying,"7,269.4500",GH¢ per CAD,0.726945,GH¢ per CAD,ok,
2005-04-13,CADGHS,Canadian Dollar,Selling,"7,381.1700",GH¢ per CAD,0.738117,GH¢ per CAD,ok,
2005-04-13,CADGHS,Canadian Dollar,Mid Rate,"7,325.3100",GH¢ per CAD,0.732531,GH¢ per CAD,ok,
2005-04-13,CHFGHS,Swiss Franc,Buying,"7,507.9700",GH¢ per CHF,0.750797,GH¢ per CHF,ok,
2005-04-13,CHFGHS,Swiss Franc,Selling,"7,623.6000",GH¢ per CHF,0.76236,GH¢ per CHF,ok,
2005-04-13,CHFGHS,Swiss Franc,Mid Rate,"7,565.7850",GH¢ per CHF,0.7565785,GH¢ per CHF,ok,
2005-04-13,DKKGHS,Danish Krone,Buying,"1,560.0600",GH¢ per DKK,0.156006,GH¢ per DKK,ok,
2005-04-13,DKKGHS,Danish Krone,Selling,"1,583.5700",GH¢ per DKK,0.158357,GH¢ per DKK,ok,
2005-04-13,DKKGHS,Danish Krone,Mid Rate,"1,571.8150",GH¢ per DKK,0.1571815,GH¢ per DKK,ok,
2005-04-13,GBPGHS,Pound Sterling,Buying,"17,001.0500",GH¢ per GBP,1.700105,GH¢ per GBP,ok,
2005-04-13,GBPGHS,Pound Sterling,Selling,"17,268.9800",GH¢ per GBP,1.726898,GH¢ per GBP,ok,
2005-04-13,GBPGHS,Pound Sterling,Mid Rate,"17,135.0150",GH¢ per GBP,1.7135015,GH¢ per GBP,ok,
2005-04-13,JPYGHS,Japanese yen,Buying,83.7000,GH¢ per JPY,0.00837,GH¢ per JPY,ok,
2005-04-13,JPYGHS,Japanese yen,Selling,84.9600,GH¢ per JPY,0.008496,GH¢ per JPY,ok,
2005-04-13,JPYGHS,Japanese yen,Mid Rate,84.3300,GH¢ per JPY,0.008433,GH¢ per JPY,ok,
2005-04-13,NOKGHS,Norwegian Krone,Buying,"1,420.0200",GH¢ per NOK,0.142002,GH¢ per NOK,ok,
2005-04-13,NOKGHS,Norwegian Krone,Selling,"1,441.4800",GH¢ per NOK,0.144148,GH¢ per NOK,ok,
2005-04-13,NOKGHS,Norwegian Krone,Mid Rate,"1,430.7500",GH¢ per NOK,0.143075,GH¢ per NOK,ok,
2005-04-13,NZDGHS,New Zealand Dollar,Buying,"6,501.2000",GH¢ per NZD,0.65012,GH¢ per NZD,ok,
2005-04-13,NZDGHS,New Zealand Dollar,Selling,"6,608.8400",GH¢ per NZD,0.660884,GH¢ per NZD,ok,
2005-04-13,NZDGHS,New Zealand Dollar,Mid Rate,"6,555.0200",GH¢ per NZD,0.655502,GH¢ per NZD,ok,
2005-04-13,SEKGHS,Swedish Krona,Buying,"1,270.6300",GH¢ per SEK,0.127063,GH¢ per SEK,ok,
2005-04-13,SEKGHS,Swedish Krona,Selling,"1,289.8600",GH¢ per SEK,0.128986,GH¢ per SEK,ok,
2005-04-13,SEKGHS,Swedish Krona,Mid Rate,"1,280.2450",GH¢ per SEK,0.1280245,GH¢ per SEK,ok,
2005-04-14,USDGHS,US Dollar,Buying,"8,977.7300",GH¢ per USD,0.897773,GH¢ per USD,ok,
2005-04-14,USDGHS,US Dollar,Selling,"9,117.7300",GH¢ per USD,0.911773,GH¢ per USD,ok,
2005-04-14,USDGHS,US Dollar,Mid Rate,"9,047.7300",GH¢ per USD,0.904773,GH¢ per USD,ok,
2005-04-14,AUDGHS,Australian Dollar,Selling,"7,231.3400",GH¢ per AUD,0.723134,GH¢ per AUD,ok,
2005-04-14,AUDGHS,Australian Dollar,Mid Rate,"3,615.6700",GH¢ per AUD,0.361567,GH¢ per AUD,ok,
2005-04-14,CADGHS,Canadian Dollar,Buying,"7,253.0400",GH¢ per CAD,0.725304,GH¢ per CAD,ok,
2005-04-14,CADGHS,Canadian Dollar,Selling,"7,359.6900",GH¢ per CAD,0.735969,GH¢ per CAD,ok,
2005-04-14,CADGHS,Canadian Dollar,Mid Rate,"7,306.3650",GH¢ per CAD,0.7306365,GH¢ per CAD,ok,
2005-04-14,CHFGHS,Swiss Franc,Buying,"7,456.1200",GH¢ per CHF,0.745612,GH¢ per CHF,ok,
2005-04-14,CHFGHS,Swiss Franc,Selling,"7,566.5400",GH¢ per CHF,0.756654,GH¢ per CHF,ok,
2005-04-14,CHFGHS,Swiss Franc,Mid Rate,"7,511.3300",GH¢ per CHF,0.751133,GH¢ per CHF,ok,
2005-04-14,DKKGHS,Danish Krone,Buying,"1,553.1100",GH¢ per DKK,0.155311,GH¢ per DKK,ok,
2005-04-14,DKKGHS,Danish Krone,Selling,"1,575.8400",GH¢ per DKK,0.157584,GH¢ per DKK,ok,
2005-04-14,DKKGHS,Danish Krone,Mid Rate,"1,564.4750",GH¢ per DKK,0.1564475,GH¢ per DKK,ok,
2005-04-14,GBPGHS,Pound Sterling,Buying,"16,963.4200",GH¢ per GBP,1.696342,GH¢ per GBP,ok,
2005-04-14,GBPGHS,Pound Sterling,Selling,"17,229.7700",GH¢ per GBP,1.722977,GH¢ per GBP,ok,
2005-04-14,GBPGHS,Pound Sterling,Mid Rate,"17,096.5950",GH¢ per GBP,1.7096595,GH¢ per GBP,ok,
2005-04-14,JPYGHS,Japanese yen,Buying,83.4400,GH¢ per JPY,0.008344,GH¢ per JPY,ok,
2005-04-14,JPYGHS,Japanese yen,Selling,84.7000,GH¢ per JPY,0.00847,GH¢ per JPY,ok,
2005-04-14,JPYGHS,Japanese yen,Mid Rate,84.0700,GH¢ per JPY,0.008407,GH¢ per JPY,ok,
2005-04-14,NOKGHS,Norwegian Krone,Buying,"1,407.2600",GH¢ per NOK,0.140726,GH¢ per NOK,ok,
2005-04-14,NOKGHS,Norwegian Krone,Selling,"1,428.2300",GH¢ per NOK,0.142823,GH¢ per NOK,ok,
2005-04-14,NOKGHS,Norwegian Krone,Mid Rate,"1,417.7450",GH¢ per NOK,0.1417745,GH¢ per NOK,ok,
2005-04-14,NZDGHS,New Zealand Dollar,Buying,"6,502.0800",GH¢ per NZD,0.650208,GH¢ per NZD,ok,
2005-04-14,NZDGHS,New Zealand Dollar,Selling,"6,616.2300",GH¢ per NZD,0.661623,GH¢ per NZD,ok,
2005-04-14,NZDGHS,New Zealand Dollar,Mid Rate,"6,559.1550",GH¢ per NZD,0.6559155,GH¢ per NZD,ok,
2005-04-14,SEKGHS,Swedish Krona,Buying,"1,262.9000",GH¢ per SEK,0.12629,GH¢ per SEK,ok,
2005-04-14,SEKGHS,Swedish Krona,Selling,"1,281.2400",GH¢ per SEK,0.128124,GH¢ per SEK,ok,
2005-04-14,SEKGHS,Swedish Krona,Mid Rate,"1,272.0700",GH¢ per SEK,0.127207,GH¢ per SEK,ok,
2005-04-15,USDGHS,US Dollar,Buying,"8,977.7300",GH¢ per USD,0.897773,GH¢ per USD,ok,
2005-04-15,USDGHS,US Dollar,Selling,"9,117.7300",GH¢ per USD,0.911773,GH¢ per USD,ok,
2005-04-15,USDGHS,US Dollar,Mid Rate,"9,047.7300",GH¢ per USD,0.904773,GH¢ per USD,ok,
2005-04-15,AUDGHS,Australian Dollar,Selling,"7,003.5600",GH¢ per AUD,0.700356,GH¢ per AUD,ok,
2005-04-15,AUDGHS,Australian Dollar,Mid Rate,"3,501.7800",GH¢ per AUD,0.350178,GH¢ per AUD,ok,
2005-04-15,CADGHS,Canadian Dollar,Buying,"7,230.9100",GH¢ per CAD,0.723091,GH¢ per CAD,ok,
2005-04-15,CADGHS,Canadian Dollar,Selling,"7,339.8900",GH¢ per CAD,0.733989,GH¢ per CAD,ok,
2005-04-15,CADGHS,Canadian Dollar,Mid Rate,"7,285.4000",GH¢ per CAD,0.72854,GH¢ per CAD,ok,
2005-04-15,DKKGHS,Danish Krone,Buying,"1,546.3300",GH¢ per DKK,0.154633,GH¢ per DKK,ok,
2005-04-15,DKKGHS,Danish Krone,Selling,"1,569.5400",GH¢ per DKK,0.156954,GH¢ per DKK,ok,
2005-04-15,DKKGHS,Danish Krone,Mid Rate,"1,557.9350",GH¢ per DKK,0.1557935,GH¢ per DKK,ok,
2005-04-15,GBPGHS,Pound Sterling,Buying,"16,894.2900",GH¢ per GBP,1.689429,GH¢ per GBP,ok,
2005-04-15,GBPGHS,Pound Sterling,Selling,"17,161.3900",GH¢ per GBP,1.716139,GH¢ per GBP,ok,
2005-04-15,GBPGHS,Pound Sterling,Mid Rate,"17,027.8400",GH¢ per GBP,1.702784,GH¢ per GBP,ok,
2005-04-15,NOKGHS,Norwegian Krone,Buying,"1,399.6900",GH¢ per NOK,0.139969,GH¢ per NOK,ok,
2005-04-15,NOKGHS,Norwegian Krone,Selling,"1,421.0000",GH¢ per NOK,0.1421,GH¢ per NOK,ok,
2005-04-15,NOKGHS,Norwegian Krone,Mid Rate,"1,410.3450",GH¢ per NOK,0.1410345,GH¢ per NOK,ok,
2005-04-15,NZDGHS,New Zealand Dollar,Buying,"6,402.9400",GH¢ per NZD,0.640294,GH¢ per NZD,ok,
2005-04-15,NZDGHS,New Zealand Dollar,Selling,"6,514.4600",GH¢ per NZD,0.651446,GH¢ per NZD,ok,
2005-04-15,NZDGHS,New Zealand Dollar,Mid Rate,"6,458.7000",GH¢ per NZD,0.64587,GH¢ per NZD,ok,
2005-04-15,SEKGHS,Swedish Krona,Buying,"1,254.2900",GH¢ per SEK,0.125429,GH¢ per SEK,ok,
2005-04-15,SEKGHS,Swedish Krona,Selling,"1,273.4200",GH¢ per SEK,0.127342,GH¢ per SEK,ok,
2005-04-15,SEKGHS,Swedish Krona,Mid Rate,"1,263.8550",GH¢ per SEK,0.1263855,GH¢ per SEK,ok,
2005-04-18,USDGHS,US Dollar,Buying,"8,977.7300",GH¢ per USD,0.897773,GH¢ per USD,ok,
2005-04-18,USDGHS,US Dollar,Selling,"9,118.1800",GH¢ per USD,0.911818,GH¢ per USD,ok,
2005-04-18,USDGHS,US Dollar,Mid Rate,"9,047.9550",GH¢ per USD,0.9047955,GH¢ per USD,ok,
2005-04-18,AUDGHS,Australian Dollar,Selling,"6,991.2100",GH¢ per AUD,0.699121,GH¢ per AUD,ok,
2005-04-18,AUDGHS,Australian Dollar,Mid Rate,"3,495.6050",GH¢ per AUD,0.3495605,GH¢ per AUD,ok,
2005-04-18,CADGHS,Canadian Dollar,Buying,"7,910.1800",GH¢ per CAD,0.791018,GH¢ per CAD,ok,
2005-04-18,CADGHS,Canadian Dollar,Selling,"8,003.8300",GH¢ per CAD,0.800383,GH¢ per CAD,ok,
2005-04-18,CADGHS,Canadian Dollar,Mid Rate,"7,957.0050",GH¢ per CAD,0.7957005,GH¢ per CAD,ok,
2005-04-18,CHFGHS,Swiss Franc,Buying,"7,506.7600",GH¢ per CHF,0.750676,GH¢ per CHF,ok,
2005-04-18,CHFGHS,Swiss Franc,Selling,"7,622.4500",GH¢ per CHF,0.762245,GH¢ per CHF,ok,
2005-04-18,CHFGHS,Swiss Franc,Mid Rate,"7,564.6050",GH¢ per CHF,0.7564605,GH¢ per CHF,ok,
2005-04-18,DKKGHS,Danish Krone,Buying,"1,558.4700",GH¢ per DKK,0.155847,GH¢ per DKK,ok,
2005-04-18,DKKGHS,Danish Krone,Selling,"1,582.5700",GH¢ per DKK,0.158257,GH¢ per DKK,ok,
2005-04-18,DKKGHS,Danish Krone,Mid Rate,"1,570.5200",GH¢ per DKK,0.157052,GH¢ per DKK,ok,
2005-04-18,GBPGHS,Pound Sterling,Buying,"16,988.5600",GH¢ per GBP,1.698856,GH¢ per GBP,ok,
2005-04-18,GBPGHS,Pound Sterling,Selling,"17,257.9800",GH¢ per GBP,1.725798,GH¢ per GBP,ok,
2005-04-18,GBPGHS,Pound Sterling,Mid Rate,"17,123.2700",GH¢ per GBP,1.712327,GH¢ per GBP,ok,
2005-04-18,JPYGHS,Japanese yen,Buying,83.3400,GH¢ per JPY,0.008334,GH¢ per JPY,ok,
2005-04-18,JPYGHS,Japanese yen,Selling,84.6100,GH¢ per JPY,0.008461,GH¢ per JPY,ok,
2005-04-18,JPYGHS,Japanese yen,Mid Rate,83.9750,GH¢ per JPY,0.0083975,GH¢ per JPY,ok,
2005-04-18,NOKGHS,Norwegian Krone,Buying,"1,409.2900",GH¢ per NOK,0.140929,GH¢ per NOK,ok,
2005-04-18,NOKGHS,Norwegian Krone,Selling,"1,430.7400",GH¢ per NOK,0.143074,GH¢ per NOK,ok,
2005-04-18,NOKGHS,Norwegian Krone,Mid Rate,"1,420.0150",GH¢ per NOK,0.1420015,GH¢ per NOK,ok,
2005-04-18,NZDGHS,New Zealand Dollar,Buying,"5,446.8100",GH¢ per NZD,,GH¢ per NZD,held,FX1_outlier
2005-04-18,NZDGHS,New Zealand Dollar,Selling,"5,726.5000",GH¢ per NZD,,GH¢ per NZD,held,FX1_outlier
2005-04-18,NZDGHS,New Zealand Dollar,Mid Rate,"5,586.6550",GH¢ per NZD,,GH¢ per NZD,held,FX1_outlier
2005-04-18,SEKGHS,Swedish Krona,Buying,"1,265.9000",GH¢ per SEK,0.12659,GH¢ per SEK,ok,
2005-04-18,SEKGHS,Swedish Krona,Selling,"1,285.1600",GH¢ per SEK,0.128516,GH¢ per SEK,ok,
2005-04-18,SEKGHS,Swedish Krona,Mid Rate,"1,275.5300",GH¢ per SEK,0.127553,GH¢ per SEK,ok,
2005-04-19,USDGHS,US Dollar,Buying,"8,980.9100",GH¢ per USD,0.898091,GH¢ per USD,ok,
2005-04-19,USDGHS,US Dollar,Selling,"9,118.6400",GH¢ per USD,0.911864,GH¢ per USD,ok,
2005-04-19,USDGHS,US Dollar,Mid Rate,"9,049.7750",GH¢ per USD,0.9049775,GH¢ per USD,ok,
2005-04-19,AUDGHS,Australian Dollar,Selling,"7,012.5500",GH¢ per AUD,0.701255,GH¢ per AUD,ok,
2005-04-19,AUDGHS,Australian Dollar,Mid Rate,"3,506.2750",GH¢ per AUD,0.3506275,GH¢ per AUD,ok,
2005-04-19,CADGHS,Canadian Dollar,Buying,"7,193.2500",GH¢ per CAD,0.719325,GH¢ per CAD,ok,
2005-04-19,CADGHS,Canadian Dollar,Selling,"7,301.8000",GH¢ per CAD,0.73018,GH¢ per CAD,ok,
2005-04-19,CADGHS,Canadian Dollar,Mid Rate,"7,247.5250",GH¢ per CAD,0.7247525,GH¢ per CAD,ok,
2005-04-19,CHFGHS,Swiss Franc,Buying,"7,565.9400",GH¢ per CHF,0.756594,GH¢ per CHF,ok,
2005-04-19,CHFGHS,Swiss Franc,Selling,"7,679.5800",GH¢ per CHF,0.767958,GH¢ per CHF,ok,
2005-04-19,CHFGHS,Swiss Franc,Mid Rate,"7,622.7600",GH¢ per CHF,0.762276,GH¢ per CHF,ok,
2005-04-19,DKKGHS,Danish Krone,Buying,"1,569.5600",GH¢ per DKK,0.156956,GH¢ per DKK,ok,
2005-04-19,DKKGHS,Danish Krone,Selling,"1,593.5000",GH¢ per DKK,0.15935,GH¢ per DKK,ok,
2005-04-19,DKKGHS,Danish Krone,Mid Rate,"1,581.5300",GH¢ per DKK,0.158153,GH¢ per DKK,ok,
2005-04-19,GBPGHS,Pound Sterling,Buying,"17,129.2900",GH¢ per GBP,1.712929,GH¢ per GBP,ok,
2005-04-19,GBPGHS,Pound Sterling,Selling,"17,396.5400",GH¢ per GBP,1.739654,GH¢ per GBP,ok,
2005-04-19,GBPGHS,Pound Sterling,Mid Rate,"17,262.9150",GH¢ per GBP,1.7262915,GH¢ per GBP,ok,
2005-04-19,JPYGHS,Japanese yen,Buying,83.8600,GH¢ per JPY,0.008386,GH¢ per JPY,ok,
2005-04-19,JPYGHS,Japanese yen,Selling,85.1100,GH¢ per JPY,0.008511,GH¢ per JPY,ok,
2005-04-19,JPYGHS,Japanese yen,Mid Rate,84.4850,GH¢ per JPY,0.0084485,GH¢ per JPY,ok,
2005-04-19,NOKGHS,Norwegian Krone,Buying,"1,426.1600",GH¢ per NOK,0.142616,GH¢ per NOK,ok,
2005-04-19,NOKGHS,Norwegian Krone,Selling,"1,446.1800",GH¢ per NOK,0.144618,GH¢ per NOK,ok,
2005-04-19,NOKGHS,Norwegian Krone,Mid Rate,"1,436.1700",GH¢ per NOK,0.143617,GH¢ per NOK,ok,
2005-04-19,NZDGHS,New Zealand Dollar,Buying,"6,454.3200",GH¢ per NZD,0.645432,GH¢ per NZD,ok,
2005-04-19,NZDGHS,New Zealand Dollar,Selling,"6,567.1900",GH¢ per NZD,0.656719,GH¢ per NZD,ok,
2005-04-19,NZDGHS,New Zealand Dollar,Mid Rate,"6,510.7550",GH¢ per NZD,0.6510755,GH¢ per NZD,ok,
2005-04-19,SEKGHS,Swedish Krona,Buying,"1,272.2900",GH¢ per SEK,0.127229,GH¢ per SEK,ok,
2005-04-19,SEKGHS,Swedish Krona,Selling,"1,290.7000",GH¢ per SEK,0.12907,GH¢ per SEK,ok,
2005-04-19,SEKGHS,Swedish Krona,Mid Rate,"1,281.4950",GH¢ per SEK,0.1281495,GH¢ per SEK,ok,
2005-04-20,USDGHS,US Dollar,Buying,"8,980.9100",GH¢ per USD,0.898091,GH¢ per USD,ok,
2005-04-20,USDGHS,US Dollar,Selling,"9,118.6400",GH¢ per USD,0.911864,GH¢ per USD,ok,
2005-04-20,USDGHS,US Dollar,Mid Rate,"9,049.7750",GH¢ per USD,0.9049775,GH¢ per USD,ok,
2005-04-20,AUDGHS,Australian Dollar,Selling,"7,039.4700",GH¢ per AUD,0.703947,GH¢ per AUD,ok,
2005-04-20,AUDGHS,Australian Dollar,Mid Rate,"3,519.7350",GH¢ per AUD,0.3519735,GH¢ per AUD,ok,
2005-04-20,CADGHS,Canadian Dollar,Buying,"7,250.2900",GH¢ per CAD,0.725029,GH¢ per CAD,ok,
2005-04-20,CADGHS,Canadian Dollar,Selling,"7,359.7700",GH¢ per CAD,0.735977,GH¢ per CAD,ok,
2005-04-20,CADGHS,Canadian Dollar,Mid Rate,"7,305.0300",GH¢ per CAD,0.730503,GH¢ per CAD,ok,
2005-04-20,CHFGHS,Swiss Franc,Buying,"7,584.0000",GH¢ per CHF,0.7584,GH¢ per CHF,ok,
2005-04-20,CHFGHS,Swiss Franc,Selling,"7,698.4000",GH¢ per CHF,0.76984,GH¢ per CHF,ok,
2005-04-20,CHFGHS,Swiss Franc,Mid Rate,"7,641.2000",GH¢ per CHF,0.76412,GH¢ per CHF,ok,
2005-04-20,DKKGHS,Danish Krone,Buying,"1,571.4400",GH¢ per DKK,0.157144,GH¢ per DKK,ok,
2005-04-20,DKKGHS,Danish Krone,Selling,"1,594.4800",GH¢ per DKK,0.159448,GH¢ per DKK,ok,
2005-04-20,DKKGHS,Danish Krone,Mid Rate,"1,582.9600",GH¢ per DKK,0.158296,GH¢ per DKK,ok,
2005-04-20,GBPGHS,Pound Sterling,Buying,"17,202.0400",GH¢ per GBP,1.720204,GH¢ per GBP,ok,
2005-04-20,GBPGHS,Pound Sterling,Selling,"17,467.6700",GH¢ per GBP,1.746767,GH¢ per GBP,ok,
2005-04-20,GBPGHS,Pound Sterling,Mid Rate,"17,334.8550",GH¢ per GBP,1.7334855,GH¢ per GBP,ok,
2005-04-20,JPYGHS,Japanese yen,Buying,83.9700,GH¢ per JPY,0.008397,GH¢ per JPY,ok,
2005-04-20,JPYGHS,Japanese yen,Selling,85.2200,GH¢ per JPY,0.008522,GH¢ per JPY,ok,
2005-04-20,JPYGHS,Japanese yen,Mid Rate,84.5950,GH¢ per JPY,0.0084595,GH¢ per JPY,ok,
2005-04-20,NOKGHS,Norwegian Krone,Buying,"1,428.4900",GH¢ per NOK,0.142849,GH¢ per NOK,ok,
2005-04-20,NOKGHS,Norwegian Krone,Selling,"1,449.9400",GH¢ per NOK,0.144994,GH¢ per NOK,ok,
2005-04-20,NOKGHS,Norwegian Krone,Mid Rate,"1,439.2150",GH¢ per NOK,0.1439215,GH¢ per NOK,ok,
2005-04-20,NZDGHS,New Zealand Dollar,Buying,"6,498.9300",GH¢ per NZD,0.649893,GH¢ per NZD,ok,
2005-04-20,NZDGHS,New Zealand Dollar,Selling,"6,609.7700",GH¢ per NZD,0.660977,GH¢ per NZD,ok,
2005-04-20,NZDGHS,New Zealand Dollar,Mid Rate,"6,554.3500",GH¢ per NZD,0.655435,GH¢ per NZD,ok,
2005-04-20,SEKGHS,Swedish Krona,Buying,"1,273.9000",GH¢ per SEK,0.12739,GH¢ per SEK,ok,
2005-04-20,SEKGHS,Swedish Krona,Selling,"1,293.0800",GH¢ per SEK,0.129308,GH¢ per SEK,ok,
2005-04-20,SEKGHS,Swedish Krona,Mid Rate,"1,283.4900",GH¢ per SEK,0.128349,GH¢ per SEK,ok,
2005-04-21,USDGHS,US Dollar,Buying,"8,980.9100",GH¢ per USD,0.898091,GH¢ per USD,ok,
2005-04-21,USDGHS,US Dollar,Selling,"9,118.8200",GH¢ per USD,0.911882,GH¢ per USD,ok,
2005-04-21,USDGHS,US Dollar,Mid Rate,"9,049.8650",GH¢ per USD,0.9049865,GH¢ per USD,ok,
2005-04-21,AUDGHS,Australian Dollar,Selling,"7,067.6500",GH¢ per AUD,0.706765,GH¢ per AUD,ok,
2005-04-21,AUDGHS,Australian Dollar,Mid Rate,"3,533.8250",GH¢ per AUD,0.3533825,GH¢ per AUD,ok,
2005-04-21,CADGHS,Canadian Dollar,Buying,"7,251.7300",GH¢ per CAD,0.725173,GH¢ per CAD,ok,
2005-04-21,CADGHS,Canadian Dollar,Selling,"7,360.9000",GH¢ per CAD,0.73609,GH¢ per CAD,ok,
2005-04-21,CADGHS,Canadian Dollar,Mid Rate,"7,306.3150",GH¢ per CAD,0.7306315,GH¢ per CAD,ok,
2005-04-21,CHFGHS,Swiss Franc,Buying,"7,620.4700",GH¢ per CHF,0.762047,GH¢ per CHF,ok,
2005-04-21,CHFGHS,Swiss Franc,Selling,"7,735.6800",GH¢ per CHF,0.773568,GH¢ per CHF,ok,
2005-04-21,CHFGHS,Swiss Franc,Mid Rate,"7,678.0750",GH¢ per CHF,0.7678075,GH¢ per CHF,ok,
2005-04-21,DKKGHS,Danish Krone,Buying,"1,577.2300",GH¢ per DKK,0.157723,GH¢ per DKK,ok,
2005-04-21,DKKGHS,Danish Krone,Selling,"1,600.5200",GH¢ per DKK,0.160052,GH¢ per DKK,ok,
2005-04-21,DKKGHS,Danish Krone,Mid Rate,"1,588.8750",GH¢ per DKK,0.1588875,GH¢ per DKK,ok,
2005-04-21,GBPGHS,Pound Sterling,Buying,"17,204.7300",GH¢ per GBP,1.720473,GH¢ per GBP,ok,
2005-04-21,GBPGHS,Pound Sterling,Selling,"17,472.5700",GH¢ per GBP,1.747257,GH¢ per GBP,ok,
2005-04-21,GBPGHS,Pound Sterling,Mid Rate,"17,338.6500",GH¢ per GBP,1.733865,GH¢ per GBP,ok,
2005-04-21,JPYGHS,Japanese yen,Buying,83.9700,GH¢ per JPY,0.008397,GH¢ per JPY,ok,
2005-04-21,JPYGHS,Japanese yen,Selling,85.2300,GH¢ per JPY,0.008523,GH¢ per JPY,ok,
2005-04-21,JPYGHS,Japanese yen,Mid Rate,84.6000,GH¢ per JPY,0.00846,GH¢ per JPY,ok,
2005-04-21,NOKGHS,Norwegian Krone,Buying,"1,439.7000",GH¢ per NOK,0.14397,GH¢ per NOK,ok,
2005-04-21,NOKGHS,Norwegian Krone,Selling,"1,461.0300",GH¢ per NOK,0.146103,GH¢ per NOK,ok,
2005-04-21,NOKGHS,Norwegian Krone,Mid Rate,"1,450.3650",GH¢ per NOK,0.1450365,GH¢ per NOK,ok,
2005-04-21,NZDGHS,New Zealand Dollar,Buying,"6,529.1900",GH¢ per NZD,0.652919,GH¢ per NZD,ok,
2005-04-21,NZDGHS,New Zealand Dollar,Selling,"6,634.3400",GH¢ per NZD,0.663434,GH¢ per NZD,ok,
2005-04-21,NZDGHS,New Zealand Dollar,Mid Rate,"6,581.7650",GH¢ per NZD,0.6581765,GH¢ per NZD,ok,
2005-04-21,SEKGHS,Swedish Krona,Buying,"1,279.2100",GH¢ per SEK,0.127921,GH¢ per SEK,ok,
2005-04-21,SEKGHS,Swedish Krona,Selling,"1,297.6800",GH¢ per SEK,0.129768,GH¢ per SEK,ok,
2005-04-21,SEKGHS,Swedish Krona,Mid Rate,"1,288.4450",GH¢ per SEK,0.1288445,GH¢ per SEK,ok,
2005-04-22,USDGHS,US Dollar,Buying,"8,980.9100",GH¢ per USD,0.898091,GH¢ per USD,ok,
2005-04-22,USDGHS,US Dollar,Selling,"9,118.8200",GH¢ per USD,0.911882,GH¢ per USD,ok,
2005-04-22,USDGHS,US Dollar,Mid Rate,"9,049.8650",GH¢ per USD,0.9049865,GH¢ per USD,ok,
2005-04-22,AUDGHS,Australian Dollar,Selling,"7,112.2700",GH¢ per AUD,0.711227,GH¢ per AUD,ok,
2005-04-22,AUDGHS,Australian Dollar,Mid Rate,"3,556.1350",GH¢ per AUD,0.3556135,GH¢ per AUD,ok,
2005-04-22,CHFGHS,Swiss Franc,Buying,"7,606.1100",GH¢ per CHF,0.760611,GH¢ per CHF,ok,
2005-04-22,CHFGHS,Swiss Franc,Selling,"7,720.7000",GH¢ per CHF,0.77207,GH¢ per CHF,ok,
2005-04-22,CHFGHS,Swiss Franc,Mid Rate,"7,663.4050",GH¢ per CHF,0.7663405,GH¢ per CHF,ok,
2005-04-22,DKKGHS,Danish Krone,Buying,"1,576.5400",GH¢ per DKK,0.157654,GH¢ per DKK,ok,
2005-04-22,DKKGHS,Danish Krone,Selling,"1,599.8200",GH¢ per DKK,0.159982,GH¢ per DKK,ok,
2005-04-22,DKKGHS,Danish Krone,Mid Rate,"1,588.1800",GH¢ per DKK,0.158818,GH¢ per DKK,ok,
2005-04-22,GBPGHS,Pound Sterling,Buying,"17,186.7700",GH¢ per GBP,1.718677,GH¢ per GBP,ok,
2005-04-22,GBPGHS,Pound Sterling,Selling,"17,453.4200",GH¢ per GBP,1.745342,GH¢ per GBP,ok,
2005-04-22,GBPGHS,Pound Sterling,Mid Rate,"17,320.0950",GH¢ per GBP,1.7320095,GH¢ per GBP,ok,
2005-04-22,JPYGHS,Japanese yen,Buying,84.4900,GH¢ per JPY,0.008449,GH¢ per JPY,ok,
2005-04-22,JPYGHS,Japanese yen,Selling,85.7500,GH¢ per JPY,0.008575,GH¢ per JPY,ok,
2005-04-22,JPYGHS,Japanese yen,Mid Rate,85.1200,GH¢ per JPY,0.008512,GH¢ per JPY,ok,
2005-04-22,NOKGHS,Norwegian Krone,Buying,"1,439.6400",GH¢ per NOK,0.143964,GH¢ per NOK,ok,
2005-04-22,NOKGHS,Norwegian Krone,Selling,"1,460.5300",GH¢ per NOK,0.146053,GH¢ per NOK,ok,
2005-04-22,NOKGHS,Norwegian Krone,Mid Rate,"1,450.0850",GH¢ per NOK,0.1450085,GH¢ per NOK,ok,
2005-04-22,NZDGHS,New Zealand Dollar,Buying,"6,551.6000",GH¢ per NZD,0.65516,GH¢ per NZD,ok,
2005-04-22,NZDGHS,New Zealand Dollar,Selling,"6,663.7200",GH¢ per NZD,0.666372,GH¢ per NZD,ok,
2005-04-22,NZDGHS,New Zealand Dollar,Mid Rate,"6,607.6600",GH¢ per NZD,0.660766,GH¢ per NZD,ok,
2005-04-22,SEKGHS,Swedish Krona,Buying,"1,281.4300",GH¢ per SEK,0.128143,GH¢ per SEK,ok,
2005-04-22,SEKGHS,Swedish Krona,Selling,"1,300.4800",GH¢ per SEK,0.130048,GH¢ per SEK,ok,
2005-04-22,SEKGHS,Swedish Krona,Mid Rate,"1,290.9550",GH¢ per SEK,0.1290955,GH¢ per SEK,ok,
2005-04-25,USDGHS,US Dollar,Buying,"8,980.9100",GH¢ per USD,0.898091,GH¢ per USD,ok,
2005-04-25,USDGHS,US Dollar,Selling,"9,118.6400",GH¢ per USD,0.911864,GH¢ per USD,ok,
2005-04-25,USDGHS,US Dollar,Mid Rate,"9,049.7750",GH¢ per USD,0.9049775,GH¢ per USD,ok,
2005-04-25,AUDGHS,Australian Dollar,Selling,"7,126.5800",GH¢ per AUD,0.712658,GH¢ per AUD,ok,
2005-04-25,AUDGHS,Australian Dollar,Mid Rate,"3,563.2900",GH¢ per AUD,0.356329,GH¢ per AUD,ok,
2005-04-25,CADGHS,Canadian Dollar,Buying,"7,259.9800",GH¢ per CAD,0.725998,GH¢ per CAD,ok,
2005-04-25,CADGHS,Canadian Dollar,Selling,"7,370.2100",GH¢ per CAD,0.737021,GH¢ per CAD,ok,
2005-04-25,CADGHS,Canadian Dollar,Mid Rate,"7,315.0950",GH¢ per CAD,0.7315095,GH¢ per CAD,ok,
2005-04-25,CHFGHS,Swiss Franc,Buying,"7,580.4600",GH¢ per CHF,0.758046,GH¢ per CHF,ok,
2005-04-25,CHFGHS,Swiss Franc,Selling,"7,695.7400",GH¢ per CHF,0.769574,GH¢ per CHF,ok,
2005-04-25,CHFGHS,Swiss Franc,Mid Rate,"7,638.1000",GH¢ per CHF,0.76381,GH¢ per CHF,ok,
2005-04-25,DKKGHS,Danish Krone,Buying,"1,570.5600",GH¢ per DKK,0.157056,GH¢ per DKK,ok,
2005-04-25,DKKGHS,Danish Krone,Selling,"1,594.1400",GH¢ per DKK,0.159414,GH¢ per DKK,ok,
2005-04-25,DKKGHS,Danish Krone,Mid Rate,"1,582.3500",GH¢ per DKK,0.158235,GH¢ per DKK,ok,
2005-04-25,GBPGHS,Pound Sterling,Buying,"17,189.4600",GH¢ per GBP,1.718946,GH¢ per GBP,ok,
2005-04-25,GBPGHS,Pound Sterling,Selling,"17,458.5500",GH¢ per GBP,1.745855,GH¢ per GBP,ok,
2005-04-25,GBPGHS,Pound Sterling,Mid Rate,"17,324.0050",GH¢ per GBP,1.7324005,GH¢ per GBP,ok,
2005-04-25,JPYGHS,Japanese yen,Buying,84.9700,GH¢ per JPY,0.008497,GH¢ per JPY,ok,
2005-04-25,JPYGHS,Japanese yen,Selling,86.2500,GH¢ per JPY,0.008625,GH¢ per JPY,ok,
2005-04-25,JPYGHS,Japanese yen,Mid Rate,85.6100,GH¢ per JPY,0.008561,GH¢ per JPY,ok,
2005-04-25,NOKGHS,Norwegian Krone,Buying,"1,435.7300",GH¢ per NOK,0.143573,GH¢ per NOK,ok,
2005-04-25,NOKGHS,Norwegian Krone,Selling,"1,457.0500",GH¢ per NOK,0.145705,GH¢ per NOK,ok,
2005-04-25,NOKGHS,Norwegian Krone,Mid Rate,"1,446.3900",GH¢ per NOK,0.144639,GH¢ per NOK,ok,
2005-04-25,NZDGHS,New Zealand Dollar,Buying,"6,580.1300",GH¢ per NZD,0.658013,GH¢ per NZD,ok,
2005-04-25,NZDGHS,New Zealand Dollar,Selling,"6,693.6100",GH¢ per NZD,0.669361,GH¢ per NZD,ok,
2005-04-25,NZDGHS,New Zealand Dollar,Mid Rate,"6,636.8700",GH¢ per NZD,0.663687,GH¢ per NZD,ok,
2005-04-25,SEKGHS,Swedish Krona,Buying,"1,276.9600",GH¢ per SEK,0.127696,GH¢ per SEK,ok,
2005-04-25,SEKGHS,Swedish Krona,Selling,"1,296.3700",GH¢ per SEK,0.129637,GH¢ per SEK,ok,
2005-04-25,SEKGHS,Swedish Krona,Mid Rate,"1,286.6650",GH¢ per SEK,0.1286665,GH¢ per SEK,ok,
2005-04-26,USDGHS,US Dollar,Buying,"8,987.2700",GH¢ per USD,0.898727,GH¢ per USD,ok,
2005-04-26,USDGHS,US Dollar,Selling,"9,119.5500",GH¢ per USD,0.911955,GH¢ per USD,ok,
2005-04-26,USDGHS,US Dollar,Mid Rate,"9,053.4100",GH¢ per USD,0.905341,GH¢ per USD,ok,
2005-04-26,AUDGHS,Australian Dollar,Selling,"7,110.1700",GH¢ per AUD,0.711017,GH¢ per AUD,ok,
2005-04-26,AUDGHS,Australian Dollar,Mid Rate,"3,555.0850",GH¢ per AUD,0.3555085,GH¢ per AUD,ok,
2005-04-26,CADGHS,Canadian Dollar,Buying,"7,253.0000",GH¢ per CAD,0.7253,GH¢ per CAD,ok,
2005-04-26,CADGHS,Canadian Dollar,Selling,"7,354.1400",GH¢ per CAD,0.735414,GH¢ per CAD,ok,
2005-04-26,CADGHS,Canadian Dollar,Mid Rate,"7,303.5700",GH¢ per CAD,0.730357,GH¢ per CAD,ok,
2005-04-26,CHFGHS,Swiss Franc,Buying,"7,558.0800",GH¢ per CHF,0.755808,GH¢ per CHF,ok,
2005-04-26,CHFGHS,Swiss Franc,Selling,"7,667.8900",GH¢ per CHF,0.766789,GH¢ per CHF,ok,
2005-04-26,CHFGHS,Swiss Franc,Mid Rate,"7,612.9850",GH¢ per CHF,0.7612985,GH¢ per CHF,ok,
2005-04-26,DKKGHS,Danish Krone,Buying,"1,556.2100",GH¢ per DKK,0.155621,GH¢ per DKK,ok,
2005-04-26,DKKGHS,Danish Krone,Selling,"1,589.2200",GH¢ per DKK,0.158922,GH¢ per DKK,ok,
2005-04-26,DKKGHS,Danish Krone,Mid Rate,"1,572.7150",GH¢ per DKK,0.1572715,GH¢ per DKK,ok,
2005-04-26,GBPGHS,Pound Sterling,Buying,"17,124.3400",GH¢ per GBP,1.712434,GH¢ per GBP,ok,
2005-04-26,GBPGHS,Pound Sterling,Selling,"17,380.0400",GH¢ per GBP,1.738004,GH¢ per GBP,ok,
2005-04-26,GBPGHS,Pound Sterling,Mid Rate,"17,252.1900",GH¢ per GBP,1.725219,GH¢ per GBP,ok,
2005-04-26,JPYGHS,Japanese yen,Buying,84.8800,GH¢ per JPY,0.008488,GH¢ per JPY,ok,
2005-04-26,JPYGHS,Japanese yen,Selling,86.1000,GH¢ per JPY,0.00861,GH¢ per JPY,ok,
2005-04-26,JPYGHS,Japanese yen,Mid Rate,85.4900,GH¢ per JPY,0.008549,GH¢ per JPY,ok,
2005-04-26,NOKGHS,Norwegian Krone,Buying,"1,433.8500",GH¢ per NOK,0.143385,GH¢ per NOK,ok,
2005-04-26,NOKGHS,Norwegian Krone,Selling,"1,454.3400",GH¢ per NOK,0.145434,GH¢ per NOK,ok,
2005-04-26,NOKGHS,Norwegian Krone,Mid Rate,"1,444.0950",GH¢ per NOK,0.1444095,GH¢ per NOK,ok,
2005-04-26,NZDGHS,New Zealand Dollar,Buying,"6,536.3600",GH¢ per NZD,0.653636,GH¢ per NZD,ok,
2005-04-26,NZDGHS,New Zealand Dollar,Selling,"6,646.1300",GH¢ per NZD,0.664613,GH¢ per NZD,ok,
2005-04-26,NZDGHS,New Zealand Dollar,Mid Rate,"6,591.2450",GH¢ per NZD,0.6591245,GH¢ per NZD,ok,
2005-04-26,SEKGHS,Swedish Krona,Buying,"1,277.8300",GH¢ per SEK,0.127783,GH¢ per SEK,ok,
2005-04-26,SEKGHS,Swedish Krona,Selling,"1,295.6100",GH¢ per SEK,0.129561,GH¢ per SEK,ok,
2005-04-26,SEKGHS,Swedish Krona,Mid Rate,"1,286.7200",GH¢ per SEK,0.128672,GH¢ per SEK,ok,
2005-04-27,AUDGHS,Australian Dollar,Selling,"7,087.3200",GH¢ per AUD,0.708732,GH¢ per AUD,ok,
2005-04-27,AUDGHS,Australian Dollar,Mid Rate,"3,543.6600",GH¢ per AUD,0.354366,GH¢ per AUD,ok,
2005-04-27,CADGHS,Canadian Dollar,Buying,"7,206.2600",GH¢ per CAD,0.720626,GH¢ per CAD,ok,
2005-04-27,CADGHS,Canadian Dollar,Selling,"7,309.7800",GH¢ per CAD,0.730978,GH¢ per CAD,ok,
2005-04-27,CADGHS,Canadian Dollar,Mid Rate,"7,258.0200",GH¢ per CAD,0.725802,GH¢ per CAD,ok,
2005-04-27,DKKGHS,Danish Krone,Buying,"1,560.2900",GH¢ per DKK,0.156029,GH¢ per DKK,ok,
2005-04-27,DKKGHS,Danish Krone,Selling,"1,582.9000",GH¢ per DKK,0.15829,GH¢ per DKK,ok,
2005-04-27,DKKGHS,Danish Krone,Mid Rate,"1,571.5950",GH¢ per DKK,0.1571595,GH¢ per DKK,ok,
2005-04-27,GBPGHS,Pound Sterling,Buying,"17,100.0800",GH¢ per GBP,1.710008,GH¢ per GBP,ok,
2005-04-27,GBPGHS,Pound Sterling,Selling,"17,354.5000",GH¢ per GBP,1.73545,GH¢ per GBP,ok,
2005-04-27,GBPGHS,Pound Sterling,Mid Rate,"17,227.2900",GH¢ per GBP,1.722729,GH¢ per GBP,ok,
2005-04-27,JPYGHS,Japanese yen,Buying,84.6400,GH¢ per JPY,0.008464,GH¢ per JPY,ok,
2005-04-27,JPYGHS,Japanese yen,Selling,85.8500,GH¢ per JPY,0.008585,GH¢ per JPY,ok,
2005-04-27,JPYGHS,Japanese yen,Mid Rate,85.2450,GH¢ per JPY,0.0085245,GH¢ per JPY,ok,
2005-04-27,NOKGHS,Norwegian Krone,Buying,"1,430.3400",GH¢ per NOK,0.143034,GH¢ per NOK,ok,
2005-04-27,NOKGHS,Norwegian Krone,Selling,"1,449.3900",GH¢ per NOK,0.144939,GH¢ per NOK,ok,
2005-04-27,NOKGHS,Norwegian Krone,Mid Rate,"1,439.8650",GH¢ per NOK,0.1439865,GH¢ per NOK,ok,
2005-04-27,NZDGHS,New Zealand Dollar,Buying,"6,486.0700",GH¢ per NZD,0.648607,GH¢ per NZD,ok,
2005-04-27,NZDGHS,New Zealand Dollar,Selling,"6,594.7200",GH¢ per NZD,0.659472,GH¢ per NZD,ok,
2005-04-27,NZDGHS,New Zealand Dollar,Mid Rate,"6,540.3950",GH¢ per NZD,0.6540395,GH¢ per NZD,ok,
2005-04-27,SEKGHS,Swedish Krona,Buying,"1,271.3900",GH¢ per SEK,0.127139,GH¢ per SEK,ok,
2005-04-27,SEKGHS,Swedish Krona,Selling,"1,288.3500",GH¢ per SEK,0.128835,GH¢ per SEK,ok,
2005-04-27,SEKGHS,Swedish Krona,Mid Rate,"1,279.8700",GH¢ per SEK,0.127987,GH¢ per SEK,ok,
2005-04-28,USDGHS,US Dollar,Buying,"8,987.2700",GH¢ per USD,0.898727,GH¢ per USD,ok,
2005-04-28,USDGHS,US Dollar,Selling,"9,119.5500",GH¢ per USD,0.911955,GH¢ per USD,ok,
2005-04-28,USDGHS,US Dollar,Mid Rate,"9,053.4100",GH¢ per USD,0.905341,GH¢ per USD,ok,
2005-04-28,AUDGHS,Australian Dollar,Selling,"7,104.9300",GH¢ per AUD,0.710493,GH¢ per AUD,ok,
2005-04-28,AUDGHS,Australian Dollar,Mid Rate,"3,552.4650",GH¢ per AUD,0.3552465,GH¢ per AUD,ok,
2005-04-28,CADGHS,Canadian Dollar,Buying,"7,179.7800",GH¢ per CAD,0.717978,GH¢ per CAD,ok,
2005-04-28,CADGHS,Canadian Dollar,Selling,"7,284.4600",GH¢ per CAD,0.728446,GH¢ per CAD,ok,
2005-04-28,CADGHS,Canadian Dollar,Mid Rate,"7,232.1200",GH¢ per CAD,0.723212,GH¢ per CAD,ok,
2005-04-28,CHFGHS,Swiss Franc,Buying,"7,537.3900",GH¢ per CHF,0.753739,GH¢ per CHF,ok,
2005-04-28,CHFGHS,Swiss Franc,Selling,"7,646.5000",GH¢ per CHF,0.76465,GH¢ per CHF,ok,
2005-04-28,CHFGHS,Swiss Franc,Mid Rate,"7,591.9450",GH¢ per CHF,0.7591945,GH¢ per CHF,ok,
2005-04-28,DKKGHS,Danish Krone,Buying,"1,559.4700",GH¢ per DKK,0.155947,GH¢ per DKK,ok,
2005-04-28,DKKGHS,Danish Krone,Selling,"1,582.0500",GH¢ per DKK,0.158205,GH¢ per DKK,ok,
2005-04-28,DKKGHS,Danish Krone,Mid Rate,"1,570.7600",GH¢ per DKK,0.157076,GH¢ per DKK,ok,
2005-04-28,JPYGHS,Japanese yen,Buying,84.8900,GH¢ per JPY,0.008489,GH¢ per JPY,ok,
2005-04-28,JPYGHS,Japanese yen,Selling,86.1100,GH¢ per JPY,0.008611,GH¢ per JPY,ok,
2005-04-28,JPYGHS,Japanese yen,Mid Rate,85.5000,GH¢ per JPY,0.00855,GH¢ per JPY,ok,
2005-04-28,NOKGHS,Norwegian Krone,Buying,"1,425.8000",GH¢ per NOK,0.14258,GH¢ per NOK,ok,
2005-04-28,NOKGHS,Norwegian Krone,Selling,"1,445.3300",GH¢ per NOK,0.144533,GH¢ per NOK,ok,
2005-04-28,NOKGHS,Norwegian Krone,Mid Rate,"1,435.5650",GH¢ per NOK,0.1435565,GH¢ per NOK,ok,
2005-04-28,SEKGHS,Swedish Krona,Buying,"1,270.4800",GH¢ per SEK,0.127048,GH¢ per SEK,ok,
2005-04-28,SEKGHS,Swedish Krona,Selling,"1,287.5000",GH¢ per SEK,0.12875,GH¢ per SEK,ok,
2005-04-28,SEKGHS,Swedish Krona,Mid Rate,"1,278.9900",GH¢ per SEK,0.127899,GH¢ per SEK,ok,
2005-04-29,USDGHS,US Dollar,Buying,"8,987.2700",GH¢ per USD,0.898727,GH¢ per USD,ok,
2005-04-29,USDGHS,US Dollar,Selling,"9,119.5500",GH¢ per USD,0.911955,GH¢ per USD,ok,
2005-04-29,USDGHS,US Dollar,Mid Rate,"9,053.4100",GH¢ per USD,0.905341,GH¢ per USD,ok,
2005-04-29,AUDGHS,Australian Dollar,Selling,"7,130.6800",GH¢ per AUD,0.713068,GH¢ per AUD,ok,
2005-04-29,AUDGHS,Australian Dollar,Mid Rate,"3,565.3400",GH¢ per AUD,0.356534,GH¢ per AUD,ok,
2005-04-29,CADGHS,Canadian Dollar,Buying,"7,196.6700",GH¢ per CAD,0.719667,GH¢ per CAD,ok,
2005-04-29,CADGHS,Canadian Dollar,Selling,"7,299.2300",GH¢ per CAD,0.729923,GH¢ per CAD,ok,
2005-04-29,CADGHS,Canadian Dollar,Mid Rate,"7,247.9500",GH¢ per CAD,0.724795,GH¢ per CAD,ok,
2005-04-29,CHFGHS,Swiss Franc,Buying,"7,576.4200",GH¢ per CHF,0.757642,GH¢ per CHF,ok,
2005-04-29,CHFGHS,Swiss Franc,Selling,"7,685.4800",GH¢ per CHF,0.768548,GH¢ per CHF,ok,
2005-04-29,CHFGHS,Swiss Franc,Mid Rate,"7,630.9500",GH¢ per CHF,0.763095,GH¢ per CHF,ok,
2005-04-29,DKKGHS,Danish Krone,Buying,"1,564.5600",GH¢ per DKK,0.156456,GH¢ per DKK,ok,
2005-04-29,DKKGHS,Danish Krone,Selling,"1,586.9500",GH¢ per DKK,0.158695,GH¢ per DKK,ok,
2005-04-29,DKKGHS,Danish Krone,Mid Rate,"1,575.7550",GH¢ per DKK,0.1575755,GH¢ per DKK,ok,
2005-04-29,GBPGHS,Pound Sterling,Buying,"17,186.3600",GH¢ per GBP,1.718636,GH¢ per GBP,ok,
2005-04-29,GBPGHS,Pound Sterling,Selling,"17,442.9600",GH¢ per GBP,1.744296,GH¢ per GBP,ok,
2005-04-29,GBPGHS,Pound Sterling,Mid Rate,"17,314.6600",GH¢ per GBP,1.731466,GH¢ per GBP,ok,
2005-04-29,JPYGHS,Japanese yen,Buying,85.4300,GH¢ per JPY,0.008543,GH¢ per JPY,ok,
2005-04-29,JPYGHS,Japanese yen,Selling,86.6500,GH¢ per JPY,0.008665,GH¢ per JPY,ok,
2005-04-29,JPYGHS,Japanese yen,Mid Rate,86.0400,GH¢ per JPY,0.008604,GH¢ per JPY,ok,
2005-04-29,NOKGHS,Norwegian Krone,Buying,"1,429.4800",GH¢ per NOK,0.142948,GH¢ per NOK,ok,
2005-04-29,NOKGHS,Norwegian Krone,Selling,"1,449.7600",GH¢ per NOK,0.144976,GH¢ per NOK,ok,
2005-04-29,NOKGHS,Norwegian Krone,Mid Rate,"1,439.6200",GH¢ per NOK,0.143962,GH¢ per NOK,ok,
2005-04-29,NZDGHS,New Zealand Dollar,Buying,"6,563.4700",GH¢ per NZD,0.656347,GH¢ per NZD,ok,
2005-04-29,NZDGHS,New Zealand Dollar,Selling,"6,671.9300",GH¢ per NZD,0.667193,GH¢ per NZD,ok,
2005-04-29,NZDGHS,New Zealand Dollar,Mid Rate,"6,617.7000",GH¢ per NZD,0.66177,GH¢ per NZD,ok,
2005-04-29,SEKGHS,Swedish Krona,Buying,"1,270.6300",GH¢ per SEK,0.127063,GH¢ per SEK,ok,
2005-04-29,SEKGHS,Swedish Krona,Selling,"1,287.4400",GH¢ per SEK,0.128744,GH¢ per SEK,ok,
2005-04-29,SEKGHS,Swedish Krona,Mid Rate,"1,279.0350",GH¢ per SEK,0.1279035,GH¢ per SEK,ok,
2005-05-03,USDGHS,US Dollar,Buying,"8,987.2700",GH¢ per USD,0.898727,GH¢ per USD,ok,
2005-05-03,USDGHS,US Dollar,Selling,"9,119.5500",GH¢ per USD,0.911955,GH¢ per USD,ok,
2005-05-03,USDGHS,US Dollar,Mid Rate,"9,053.4100",GH¢ per USD,0.905341,GH¢ per USD,ok,
2005-05-03,AUDGHS,Australian Dollar,Selling,"7,087.3900",GH¢ per AUD,0.708739,GH¢ per AUD,ok,
2005-05-03,AUDGHS,Australian Dollar,Mid Rate,"3,543.6950",GH¢ per AUD,0.3543695,GH¢ per AUD,ok,
2005-05-03,CADGHS,Canadian Dollar,Buying,"7,150.2600",GH¢ per CAD,0.715026,GH¢ per CAD,ok,
2005-05-03,CADGHS,Canadian Dollar,Selling,"7,248.0500",GH¢ per CAD,0.724805,GH¢ per CAD,ok,
2005-05-03,CADGHS,Canadian Dollar,Mid Rate,"7,199.1550",GH¢ per CAD,0.7199155,GH¢ per CAD,ok,
2005-05-03,CHFGHS,Swiss Franc,Buying,"7,490.6400",GH¢ per CHF,0.749064,GH¢ per CHF,ok,
2005-05-03,CHFGHS,Swiss Franc,Selling,"7,592.6800",GH¢ per CHF,0.759268,GH¢ per CHF,ok,
2005-05-03,CHFGHS,Swiss Franc,Mid Rate,"7,541.6600",GH¢ per CHF,0.754166,GH¢ per CHF,ok,
2005-05-03,DKKGHS,Danish Krone,Buying,"1,552.3400",GH¢ per DKK,0.155234,GH¢ per DKK,ok,
2005-05-03,DKKGHS,Danish Krone,Selling,"1,573.9500",GH¢ per DKK,0.157395,GH¢ per DKK,ok,
2005-05-03,DKKGHS,Danish Krone,Mid Rate,"1,563.1450",GH¢ per DKK,0.1563145,GH¢ per DKK,ok,
2005-05-03,GBPGHS,Pound Sterling,Buying,"17,025.4800",GH¢ per GBP,1.702548,GH¢ per GBP,ok,
2005-05-03,GBPGHS,Pound Sterling,Selling,"17,277.9000",GH¢ per GBP,1.72779,GH¢ per GBP,ok,
2005-05-03,GBPGHS,Pound Sterling,Mid Rate,"17,151.6900",GH¢ per GBP,1.715169,GH¢ per GBP,ok,
2005-05-03,JPYGHS,Japanese yen,Buying,85.5300,GH¢ per JPY,0.008553,GH¢ per JPY,ok,
2005-05-03,JPYGHS,Japanese yen,Selling,86.7500,GH¢ per JPY,0.008675,GH¢ per JPY,ok,
2005-05-03,JPYGHS,Japanese yen,Mid Rate,86.1400,GH¢ per JPY,0.008614,GH¢ per JPY,ok,
2005-05-03,NOKGHS,Norwegian Krone,Buying,"1,421.3100",GH¢ per NOK,0.142131,GH¢ per NOK,ok,
2005-05-03,NOKGHS,Norwegian Krone,Selling,"1,440.6500",GH¢ per NOK,0.144065,GH¢ per NOK,ok,
2005-05-03,NOKGHS,Norwegian Krone,Mid Rate,"1,430.9800",GH¢ per NOK,0.143098,GH¢ per NOK,ok,
2005-05-03,NZDGHS,New Zealand Dollar,Buying,"6,537.7900",GH¢ per NZD,0.653779,GH¢ per NZD,ok,
2005-05-03,NZDGHS,New Zealand Dollar,Selling,"6,645.0800",GH¢ per NZD,0.664508,GH¢ per NZD,ok,
2005-05-03,NZDGHS,New Zealand Dollar,Mid Rate,"6,591.4350",GH¢ per NZD,0.6591435,GH¢ per NZD,ok,
2005-05-03,SEKGHS,Swedish Krona,Buying,"1,253.4200",GH¢ per SEK,0.125342,GH¢ per SEK,ok,
2005-05-03,SEKGHS,Swedish Krona,Selling,"1,270.2900",GH¢ per SEK,0.127029,GH¢ per SEK,ok,
2005-05-03,SEKGHS,Swedish Krona,Mid Rate,"1,261.8550",GH¢ per SEK,0.1261855,GH¢ per SEK,ok,
2005-05-04,USDGHS,US Dollar,Buying,"8,987.2700",GH¢ per USD,0.898727,GH¢ per USD,ok,
2005-05-04,USDGHS,US Dollar,Selling,"9,119.5500",GH¢ per USD,0.911955,GH¢ per USD,ok,
2005-05-04,USDGHS,US Dollar,Mid Rate,"9,053.4100",GH¢ per USD,0.905341,GH¢ per USD,ok,
2005-05-04,AUDGHS,Australian Dollar,Selling,"7,095.5700",GH¢ per AUD,0.709557,GH¢ per AUD,ok,
2005-05-04,AUDGHS,Australian Dollar,Mid Rate,"3,547.7850",GH¢ per AUD,0.3547785,GH¢ per AUD,ok,
2005-05-04,CADGHS,Canadian Dollar,Buying,"7,193.0700",GH¢ per CAD,0.719307,GH¢ per CAD,ok,
2005-05-04,CADGHS,Canadian Dollar,Selling,"7,297.7200",GH¢ per CAD,0.729772,GH¢ per CAD,ok,
2005-05-04,CADGHS,Canadian Dollar,Mid Rate,"7,245.3950",GH¢ per CAD,0.7245395,GH¢ per CAD,ok,
2005-05-04,CHFGHS,Swiss Franc,Buying,"7,543.8200",GH¢ per CHF,0.754382,GH¢ per CHF,ok,
2005-05-04,CHFGHS,Swiss Franc,Selling,"7,653.4300",GH¢ per CHF,0.765343,GH¢ per CHF,ok,
2005-05-04,CHFGHS,Swiss Franc,Mid Rate,"7,598.6250",GH¢ per CHF,0.7598625,GH¢ per CHF,ok,
2005-05-04,DKKGHS,Danish Krone,Buying,"1,563.1900",GH¢ per DKK,0.156319,GH¢ per DKK,ok,
2005-05-04,DKKGHS,Danish Krone,Selling,"1,586.0100",GH¢ per DKK,0.158601,GH¢ per DKK,ok,
2005-05-04,DKKGHS,Danish Krone,Mid Rate,"1,574.6000",GH¢ per DKK,0.15746,GH¢ per DKK,ok,
2005-05-04,GBPGHS,Pound Sterling,Buying,"17,064.1300",GH¢ per GBP,1.706413,GH¢ per GBP,ok,
2005-05-04,GBPGHS,Pound Sterling,Selling,"17,318.9400",GH¢ per GBP,1.731894,GH¢ per GBP,ok,
2005-05-04,GBPGHS,Pound Sterling,Mid Rate,"17,191.5350",GH¢ per GBP,1.7191535,GH¢ per GBP,ok,
2005-05-04,JPYGHS,Japanese yen,Buying,85.8700,GH¢ per JPY,0.008587,GH¢ per JPY,ok,
2005-05-04,JPYGHS,Japanese yen,Selling,87.1000,GH¢ per JPY,0.00871,GH¢ per JPY,ok,
2005-05-04,JPYGHS,Japanese yen,Mid Rate,86.4850,GH¢ per JPY,0.0086485,GH¢ per JPY,ok,
2005-05-04,NOKGHS,Norwegian Krone,Buying,"1,433.5100",GH¢ per NOK,0.143351,GH¢ per NOK,ok,
2005-05-04,NOKGHS,Norwegian Krone,Selling,"1,454.2400",GH¢ per NOK,0.145424,GH¢ per NOK,ok,
2005-05-04,NOKGHS,Norwegian Krone,Mid Rate,"1,443.8750",GH¢ per NOK,0.1443875,GH¢ per NOK,ok,
2005-05-04,NZDGHS,New Zealand Dollar,Buying,"6,561.1600",GH¢ per NZD,0.656116,GH¢ per NZD,ok,
2005-05-04,NZDGHS,New Zealand Dollar,Selling,"6,669.5200",GH¢ per NZD,0.666952,GH¢ per NZD,ok,
2005-05-04,NZDGHS,New Zealand Dollar,Mid Rate,"6,615.3400",GH¢ per NZD,0.661534,GH¢ per NZD,ok,
2005-05-04,SEKGHS,Swedish Krona,Buying,"1,266.0100",GH¢ per SEK,0.126601,GH¢ per SEK,ok,
2005-05-04,SEKGHS,Swedish Krona,Selling,"1,284.3400",GH¢ per SEK,0.128434,GH¢ per SEK,ok,
2005-05-04,SEKGHS,Swedish Krona,Mid Rate,"1,275.1750",GH¢ per SEK,0.1275175,GH¢ per SEK,ok,
2005-05-05,USDGHS,US Dollar,Buying,"8,988.6400",GH¢ per USD,0.898864,GH¢ per USD,ok,
2005-05-05,USDGHS,US Dollar,Selling,"9,120.4500",GH¢ per USD,0.912045,GH¢ per USD,ok,
2005-05-05,USDGHS,US Dollar,Mid Rate,"9,054.5450",GH¢ per USD,0.9054545,GH¢ per USD,ok,
2005-05-05,AUDGHS,Australian Dollar,Selling,"7,137.1900",GH¢ per AUD,0.713719,GH¢ per AUD,ok,
2005-05-05,AUDGHS,Australian Dollar,Mid Rate,"3,568.5950",GH¢ per AUD,0.3568595,GH¢ per AUD,ok,
2005-05-05,CADGHS,Canadian Dollar,Buying,"7,218.2000",GH¢ per CAD,0.72182,GH¢ per CAD,ok,
2005-05-05,CADGHS,Canadian Dollar,Selling,"7,323.5700",GH¢ per CAD,0.732357,GH¢ per CAD,ok,
2005-05-05,CADGHS,Canadian Dollar,Mid Rate,"7,270.8850",GH¢ per CAD,0.7270885,GH¢ per CAD,ok,
2005-05-05,CHFGHS,Swiss Franc,Buying,"7,544.2000",GH¢ per CHF,0.75442,GH¢ per CHF,ok,
2005-05-05,CHFGHS,Swiss Franc,Selling,"7,654.2000",GH¢ per CHF,0.76542,GH¢ per CHF,ok,
2005-05-05,CHFGHS,Swiss Franc,Mid Rate,"7,599.2000",GH¢ per CHF,0.75992,GH¢ per CHF,ok,
2005-05-05,DKKGHS,Danish Krone,Buying,"1,566.4000",GH¢ per DKK,0.15664,GH¢ per DKK,ok,
2005-05-05,DKKGHS,Danish Krone,Selling,"1,588.7800",GH¢ per DKK,0.158878,GH¢ per DKK,ok,
2005-05-05,DKKGHS,Danish Krone,Mid Rate,"1,577.5900",GH¢ per DKK,0.157759,GH¢ per DKK,ok,
2005-05-05,GBPGHS,Pound Sterling,Buying,"17,121.5600",GH¢ per GBP,1.712156,GH¢ per GBP,ok,
2005-05-05,GBPGHS,Pound Sterling,Selling,"17,378.1100",GH¢ per GBP,1.737811,GH¢ per GBP,ok,
2005-05-05,GBPGHS,Pound Sterling,Mid Rate,"17,249.8350",GH¢ per GBP,1.7249835,GH¢ per GBP,ok,
2005-05-05,JPYGHS,Japanese yen,Buying,86.0900,GH¢ per JPY,0.008609,GH¢ per JPY,ok,
2005-05-05,JPYGHS,Japanese yen,Selling,87.3300,GH¢ per JPY,0.008733,GH¢ per JPY,ok,
2005-05-05,JPYGHS,Japanese yen,Mid Rate,86.7100,GH¢ per JPY,0.008671,GH¢ per JPY,ok,
2005-05-05,NOKGHS,Norwegian Krone,Buying,"1,436.4100",GH¢ per NOK,0.143641,GH¢ per NOK,ok,
2005-05-05,NOKGHS,Norwegian Krone,Selling,"1,457.2300",GH¢ per NOK,0.145723,GH¢ per NOK,ok,
2005-05-05,NOKGHS,Norwegian Krone,Mid Rate,"1,446.8200",GH¢ per NOK,0.144682,GH¢ per NOK,ok,
2005-05-05,NZDGHS,New Zealand Dollar,Buying,"6,610.6300",GH¢ per NZD,0.661063,GH¢ per NZD,ok,
2005-05-05,NZDGHS,New Zealand Dollar,Selling,"6,721.8500",GH¢ per NZD,0.672185,GH¢ per NZD,ok,
2005-05-05,NZDGHS,New Zealand Dollar,Mid Rate,"6,666.2400",GH¢ per NZD,0.666624,GH¢ per NZD,ok,
2005-05-05,SEKGHS,Swedish Krona,Buying,"1,271.4400",GH¢ per SEK,0.127144,GH¢ per SEK,ok,
2005-05-05,SEKGHS,Swedish Krona,Selling,"1,289.6600",GH¢ per SEK,0.128966,GH¢ per SEK,ok,
2005-05-05,SEKGHS,Swedish Krona,Mid Rate,"1,280.5500",GH¢ per SEK,0.128055,GH¢ per SEK,ok,
2005-05-06,USDGHS,US Dollar,Buying,"8,988.6400",GH¢ per USD,0.898864,GH¢ per USD,ok,
2005-05-06,USDGHS,US Dollar,Selling,"9,120.4500",GH¢ per USD,0.912045,GH¢ per USD,ok,
2005-05-06,USDGHS,US Dollar,Mid Rate,"9,054.5450",GH¢ per USD,0.9054545,GH¢ per USD,ok,
2005-05-06,AUDGHS,Australian Dollar,Selling,"7,110.1600",GH¢ per AUD,0.711016,GH¢ per AUD,ok,
2005-05-06,AUDGHS,Australian Dollar,Mid Rate,"3,555.0800",GH¢ per AUD,0.355508,GH¢ per AUD,ok,
2005-05-06,CADGHS,Canadian Dollar,Buying,"7,217.0200",GH¢ per CAD,0.721702,GH¢ per CAD,ok,
2005-05-06,CADGHS,Canadian Dollar,Selling,"7,320.1300",GH¢ per CAD,0.732013,GH¢ per CAD,ok,
2005-05-06,CADGHS,Canadian Dollar,Mid Rate,"7,268.5750",GH¢ per CAD,0.7268575,GH¢ per CAD,ok,
2005-05-06,CHFGHS,Swiss Franc,Buying,"7,521.4700",GH¢ per CHF,0.752147,GH¢ per CHF,ok,
2005-05-06,CHFGHS,Swiss Franc,Selling,"7,629.7400",GH¢ per CHF,0.762974,GH¢ per CHF,ok,
2005-05-06,CHFGHS,Swiss Franc,Mid Rate,"7,575.6050",GH¢ per CHF,0.7575605,GH¢ per CHF,ok,
2005-05-06,DKKGHS,Danish Krone,Buying,"1,563.9200",GH¢ per DKK,0.156392,GH¢ per DKK,ok,
2005-05-06,DKKGHS,Danish Krone,Selling,"1,586.5700",GH¢ per DKK,0.158657,GH¢ per DKK,ok,
2005-05-06,DKKGHS,Danish Krone,Mid Rate,"1,575.2450",GH¢ per DKK,0.1575245,GH¢ per DKK,ok,
2005-05-06,GBPGHS,Pound Sterling,Buying,"17,045.1600",GH¢ per GBP,1.704516,GH¢ per GBP,ok,
2005-05-06,GBPGHS,Pound Sterling,Selling,"17,299.6700",GH¢ per GBP,1.729967,GH¢ per GBP,ok,
2005-05-06,GBPGHS,Pound Sterling,Mid Rate,"17,172.4150",GH¢ per GBP,1.7172415,GH¢ per GBP,ok,
2005-05-06,JPYGHS,Japanese yen,Buying,85.8200,GH¢ per JPY,0.008582,GH¢ per JPY,ok,
2005-05-06,JPYGHS,Japanese yen,Selling,87.0500,GH¢ per JPY,0.008705,GH¢ per JPY,ok,
2005-05-06,JPYGHS,Japanese yen,Mid Rate,86.4350,GH¢ per JPY,0.0086435,GH¢ per JPY,ok,
2005-05-06,NOKGHS,Norwegian Krone,Buying,"1,436.0300",GH¢ per NOK,0.143603,GH¢ per NOK,ok,
2005-05-06,NOKGHS,Norwegian Krone,Selling,"1,455.9300",GH¢ per NOK,0.145593,GH¢ per NOK,ok,
2005-05-06,NOKGHS,Norwegian Krone,Mid Rate,"1,445.9800",GH¢ per NOK,0.144598,GH¢ per NOK,ok,
2005-05-06,NZDGHS,New Zealand Dollar,Buying,"6,606.7000",GH¢ per NZD,0.66067,GH¢ per NZD,ok,
2005-05-06,NZDGHS,New Zealand Dollar,Selling,"6,715.7300",GH¢ per NZD,0.671573,GH¢ per NZD,ok,
2005-05-06,NZDGHS,New Zealand Dollar,Mid Rate,"6,661.2150",GH¢ per NZD,0.6661215,GH¢ per NZD,ok,
2005-05-06,SEKGHS,Swedish Krona,Buying,"1,270.3400",GH¢ per SEK,0.127034,GH¢ per SEK,ok,
2005-05-06,SEKGHS,Swedish Krona,Selling,"1,288.3500",GH¢ per SEK,0.128835,GH¢ per SEK,ok,
2005-05-06,SEKGHS,Swedish Krona,Mid Rate,"1,279.3450",GH¢ per SEK,0.1279345,GH¢ per SEK,ok,
2005-05-09,USDGHS,US Dollar,Buying,"8,988.6400",GH¢ per USD,0.898864,GH¢ per USD,ok,
2005-05-09,USDGHS,US Dollar,Selling,"9,120.4500",GH¢ per USD,0.912045,GH¢ per USD,ok,
2005-05-09,USDGHS,US Dollar,Mid Rate,"9,054.5450",GH¢ per USD,0.9054545,GH¢ per USD,ok,
2005-05-09,AUDGHS,Australian Dollar,Selling,"7,054.8000",GH¢ per AUD,0.70548,GH¢ per AUD,ok,
2005-05-09,AUDGHS,Australian Dollar,Mid Rate,"3,527.4000",GH¢ per AUD,0.35274,GH¢ per AUD,ok,
2005-05-09,CADGHS,Canadian Dollar,Buying,"7,242.1500",GH¢ per CAD,0.724215,GH¢ per CAD,ok,
2005-05-09,CADGHS,Canadian Dollar,Selling,"7,340.3500",GH¢ per CAD,0.734035,GH¢ per CAD,ok,
2005-05-09,CADGHS,Canadian Dollar,Mid Rate,"7,291.2500",GH¢ per CAD,0.729125,GH¢ per CAD,ok,
2005-05-09,CHFGHS,Swiss Franc,Buying,"7,444.8000",GH¢ per CHF,0.74448,GH¢ per CHF,ok,
2005-05-09,CHFGHS,Swiss Franc,Selling,"7,550.7900",GH¢ per CHF,0.755079,GH¢ per CHF,ok,
2005-05-09,CHFGHS,Swiss Franc,Mid Rate,"7,497.7950",GH¢ per CHF,0.7497795,GH¢ per CHF,ok,
2005-05-09,DKKGHS,Danish Krone,Buying,"1,548.5900",GH¢ per DKK,0.154859,GH¢ per DKK,ok,
2005-05-09,DKKGHS,Danish Krone,Selling,"1,570.0700",GH¢ per DKK,0.157007,GH¢ per DKK,ok,
2005-05-09,DKKGHS,Danish Krone,Mid Rate,"1,559.3300",GH¢ per DKK,0.155933,GH¢ per DKK,ok,
2005-05-09,GBPGHS,Pound Sterling,Buying,"16,948.0800",GH¢ per GBP,1.694808,GH¢ per GBP,ok,
2005-05-09,GBPGHS,Pound Sterling,Selling,"17,198.4300",GH¢ per GBP,1.719843,GH¢ per GBP,ok,
2005-05-09,GBPGHS,Pound Sterling,Mid Rate,"17,073.2550",GH¢ per GBP,1.7073255,GH¢ per GBP,ok,
2005-05-09,JPYGHS,Japanese yen,Buying,85.3700,GH¢ per JPY,0.008537,GH¢ per JPY,ok,
2005-05-09,JPYGHS,Japanese yen,Selling,86.5800,GH¢ per JPY,0.008658,GH¢ per JPY,ok,
2005-05-09,JPYGHS,Japanese yen,Mid Rate,85.9750,GH¢ per JPY,0.0085975,GH¢ per JPY,ok,
2005-05-09,NOKGHS,Norwegian Krone,Buying,"1,416.4500",GH¢ per NOK,0.141645,GH¢ per NOK,ok,
2005-05-09,NOKGHS,Norwegian Krone,Selling,"1,436.3700",GH¢ per NOK,0.143637,GH¢ per NOK,ok,
2005-05-09,NOKGHS,Norwegian Krone,Mid Rate,"1,426.4100",GH¢ per NOK,0.142641,GH¢ per NOK,ok,
2005-05-09,NZDGHS,New Zealand Dollar,Buying,"6,565.6900",GH¢ per NZD,0.656569,GH¢ per NZD,ok,
2005-05-09,NZDGHS,New Zealand Dollar,Selling,"6,672.9900",GH¢ per NZD,0.667299,GH¢ per NZD,ok,
2005-05-09,NZDGHS,New Zealand Dollar,Mid Rate,"6,619.3400",GH¢ per NZD,0.661934,GH¢ per NZD,ok,
2005-05-09,SEKGHS,Swedish Krona,Buying,"1,255.3000",GH¢ per SEK,0.12553,GH¢ per SEK,ok,
2005-05-09,SEKGHS,Swedish Krona,Selling,"1,272.7500",GH¢ per SEK,0.127275,GH¢ per SEK,ok,
2005-05-09,SEKGHS,Swedish Krona,Mid Rate,"1,264.0250",GH¢ per SEK,0.1264025,GH¢ per SEK,ok,
2005-05-10,USDGHS,US Dollar,Buying,"8,988.6400",GH¢ per USD,0.898864,GH¢ per USD,ok,
2005-05-10,USDGHS,US Dollar,Selling,"9,120.4500",GH¢ per USD,0.912045,GH¢ per USD,ok,
2005-05-10,USDGHS,US Dollar,Mid Rate,"9,054.5450",GH¢ per USD,0.9054545,GH¢ per USD,ok,
2005-05-10,AUDGHS,Australian Dollar,Selling,"7,050.3400",GH¢ per AUD,0.705034,GH¢ per AUD,ok,
2005-05-10,AUDGHS,Australian Dollar,Mid Rate,"3,525.1700",GH¢ per AUD,0.352517,GH¢ per AUD,ok,
2005-05-10,CADGHS,Canadian Dollar,Buying,"7,266.1400",GH¢ per CAD,0.726614,GH¢ per CAD,ok,
2005-05-10,CADGHS,Canadian Dollar,Selling,"7,370.5300",GH¢ per CAD,0.737053,GH¢ per CAD,ok,
2005-05-10,CADGHS,Canadian Dollar,Mid Rate,"7,318.3350",GH¢ per CAD,0.7318335,GH¢ per CAD,ok,
2005-05-10,CHFGHS,Swiss Franc,Buying,"7,455.8500",GH¢ per CHF,0.745585,GH¢ per CHF,ok,
2005-05-10,CHFGHS,Swiss Franc,Selling,"7,562.8600",GH¢ per CHF,0.756286,GH¢ per CHF,ok,
2005-05-10,CHFGHS,Swiss Franc,Mid Rate,"7,509.3550",GH¢ per CHF,0.7509355,GH¢ per CHF,ok,
2005-05-10,DKKGHS,Danish Krone,Buying,"1,549.5800",GH¢ per DKK,0.154958,GH¢ per DKK,ok,
2005-05-10,DKKGHS,Danish Krone,Selling,"1,571.4900",GH¢ per DKK,0.157149,GH¢ per DKK,ok,
2005-05-10,DKKGHS,Danish Krone,Mid Rate,"1,560.5350",GH¢ per DKK,0.1560535,GH¢ per DKK,ok,
2005-05-10,GBPGHS,Pound Sterling,Buying,"16,877.0700",GH¢ per GBP,1.687707,GH¢ per GBP,ok,
2005-05-10,GBPGHS,Pound Sterling,Selling,"17,129.1200",GH¢ per GBP,1.712912,GH¢ per GBP,ok,
2005-05-10,GBPGHS,Pound Sterling,Mid Rate,"17,003.0950",GH¢ per GBP,1.7003095,GH¢ per GBP,ok,
2005-05-10,JPYGHS,Japanese yen,Buying,84.9300,GH¢ per JPY,0.008493,GH¢ per JPY,ok,
2005-05-10,JPYGHS,Japanese yen,Selling,86.1500,GH¢ per JPY,0.008615,GH¢ per JPY,ok,
2005-05-10,JPYGHS,Japanese yen,Mid Rate,85.5400,GH¢ per JPY,0.008554,GH¢ per JPY,ok,
2005-05-10,NOKGHS,Norwegian Krone,Buying,"1,422.2200",GH¢ per NOK,0.142222,GH¢ per NOK,ok,
2005-05-10,NOKGHS,Norwegian Krone,Selling,"1,442.7800",GH¢ per NOK,0.144278,GH¢ per NOK,ok,
2005-05-10,NOKGHS,Norwegian Krone,Mid Rate,"1,432.5000",GH¢ per NOK,0.14325,GH¢ per NOK,ok,
2005-05-10,NZDGHS,New Zealand Dollar,Buying,"6,524.6800",GH¢ per NZD,0.652468,GH¢ per NZD,ok,
2005-05-10,NZDGHS,New Zealand Dollar,Selling,"6,628.9700",GH¢ per NZD,0.662897,GH¢ per NZD,ok,
2005-05-10,NZDGHS,New Zealand Dollar,Mid Rate,"6,576.8250",GH¢ per NZD,0.6576825,GH¢ per NZD,ok,
2005-05-10,SEKGHS,Swedish Krona,Buying,"1,253.6400",GH¢ per SEK,0.125364,GH¢ per SEK,ok,
2005-05-10,SEKGHS,Swedish Krona,Selling,"1,271.0800",GH¢ per SEK,0.127108,GH¢ per SEK,ok,
2005-05-10,SEKGHS,Swedish Krona,Mid Rate,"1,262.3600",GH¢ per SEK,0.126236,GH¢ per SEK,ok,
2005-05-11,USDGHS,US Dollar,Buying,"8,988.6400",GH¢ per USD,0.898864,GH¢ per USD,ok,
2005-05-11,USDGHS,US Dollar,Selling,"9,127.7300",GH¢ per USD,0.912773,GH¢ per USD,ok,
2005-05-11,USDGHS,US Dollar,Mid Rate,"9,058.1850",GH¢ per USD,0.9058185,GH¢ per USD,ok,
2005-05-11,AUDGHS,Australian Dollar,Selling,"7,101.4700",GH¢ per AUD,0.710147,GH¢ per AUD,ok,
2005-05-11,AUDGHS,Australian Dollar,Mid Rate,"3,550.7350",GH¢ per AUD,0.3550735,GH¢ per AUD,ok,
2005-05-11,CADGHS,Canadian Dollar,Buying,"7,241.5800",GH¢ per CAD,0.724158,GH¢ per CAD,ok,
2005-05-11,CADGHS,Canadian Dollar,Selling,"7,349.7000",GH¢ per CAD,0.73497,GH¢ per CAD,ok,
2005-05-11,CADGHS,Canadian Dollar,Mid Rate,"7,295.6400",GH¢ per CAD,0.729564,GH¢ per CAD,ok,
2005-05-11,CHFGHS,Swiss Franc,Buying,"7,502.7300",GH¢ per CHF,0.750273,GH¢ per CHF,ok,
2005-05-11,CHFGHS,Swiss Franc,Selling,"7,617.2100",GH¢ per CHF,0.761721,GH¢ per CHF,ok,
2005-05-11,CHFGHS,Swiss Franc,Mid Rate,"7,559.9700",GH¢ per CHF,0.755997,GH¢ per CHF,ok,
2005-05-11,DKKGHS,Danish Krone,Buying,"1,556.7700",GH¢ per DKK,0.155677,GH¢ per DKK,ok,
2005-05-11,DKKGHS,Danish Krone,Selling,"1,580.8100",GH¢ per DKK,0.158081,GH¢ per DKK,ok,
2005-05-11,DKKGHS,Danish Krone,Mid Rate,"1,568.7900",GH¢ per DKK,0.156879,GH¢ per DKK,ok,
2005-05-11,GBPGHS,Pound Sterling,Buying,"16,956.1700",GH¢ per GBP,1.695617,GH¢ per GBP,ok,
2005-05-11,GBPGHS,Pound Sterling,Selling,"17,224.0300",GH¢ per GBP,1.722403,GH¢ per GBP,ok,
2005-05-11,GBPGHS,Pound Sterling,Mid Rate,"17,090.1000",GH¢ per GBP,1.70901,GH¢ per GBP,ok,
2005-05-11,JPYGHS,Japanese yen,Buying,85.1400,GH¢ per JPY,0.008514,GH¢ per JPY,ok,
2005-05-11,JPYGHS,Japanese yen,Selling,86.4300,GH¢ per JPY,0.008643,GH¢ per JPY,ok,
2005-05-11,JPYGHS,Japanese yen,Mid Rate,85.7850,GH¢ per JPY,0.0085785,GH¢ per JPY,ok,
2005-05-11,NOKGHS,Norwegian Krone,Buying,"1,432.9000",GH¢ per NOK,0.14329,GH¢ per NOK,ok,
2005-05-11,NOKGHS,Norwegian Krone,Selling,"1,454.4600",GH¢ per NOK,0.145446,GH¢ per NOK,ok,
2005-05-11,NOKGHS,Norwegian Krone,Mid Rate,"1,443.6800",GH¢ per NOK,0.144368,GH¢ per NOK,ok,
2005-05-11,NZDGHS,New Zealand Dollar,Buying,"6,573.9100",GH¢ per NZD,0.657391,GH¢ per NZD,ok,
2005-05-11,NZDGHS,New Zealand Dollar,Selling,"6,688.0900",GH¢ per NZD,0.668809,GH¢ per NZD,ok,
2005-05-11,NZDGHS,New Zealand Dollar,Mid Rate,"6,631.0000",GH¢ per NZD,0.6631,GH¢ per NZD,ok,
2005-05-11,SEKGHS,Swedish Krona,Buying,"1,257.6900",GH¢ per SEK,0.125769,GH¢ per SEK,ok,
2005-05-11,SEKGHS,Swedish Krona,Selling,"1,276.1500",GH¢ per SEK,0.127615,GH¢ per SEK,ok,
2005-05-11,SEKGHS,Swedish Krona,Mid Rate,"1,266.9200",GH¢ per SEK,0.126692,GH¢ per SEK,ok,
2005-05-12,USDGHS,US Dollar,Buying,"9,001.9100",GH¢ per USD,0.900191,GH¢ per USD,ok,
2005-05-12,USDGHS,US Dollar,Selling,"9,127.7300",GH¢ per USD,0.912773,GH¢ per USD,ok,
2005-05-12,USDGHS,US Dollar,Mid Rate,"9,064.8200",GH¢ per USD,0.906482,GH¢ per USD,ok,
2005-05-12,AUDGHS,Australian Dollar,Selling,"7,028.2700",GH¢ per AUD,0.702827,GH¢ per AUD,ok,
2005-05-12,AUDGHS,Australian Dollar,Mid Rate,"3,514.1350",GH¢ per AUD,0.3514135,GH¢ per AUD,ok,
2005-05-12,CADGHS,Canadian Dollar,Buying,"7,194.8500",GH¢ per CAD,0.719485,GH¢ per CAD,ok,
2005-05-12,CADGHS,Canadian Dollar,Selling,"7,299.3000",GH¢ per CAD,0.72993,GH¢ per CAD,ok,
2005-05-12,CADGHS,Canadian Dollar,Mid Rate,"7,247.0750",GH¢ per CAD,0.7247075,GH¢ per CAD,ok,
2005-05-12,CHFGHS,Swiss Franc,Buying,"6,819.7700",GH¢ per CHF,0.681977,GH¢ per CHF,ok,
2005-05-12,CHFGHS,Swiss Franc,Selling,"6,913.7600",GH¢ per CHF,0.691376,GH¢ per CHF,ok,
2005-05-12,CHFGHS,Swiss Franc,Mid Rate,"6,866.7650",GH¢ per CHF,0.6866765,GH¢ per CHF,ok,
2005-05-12,DKKGHS,Danish Krone,Buying,"1,541.0900",GH¢ per DKK,0.154109,GH¢ per DKK,ok,
2005-05-12,DKKGHS,Danish Krone,Selling,"1,563.9600",GH¢ per DKK,0.156396,GH¢ per DKK,ok,
2005-05-12,DKKGHS,Danish Krone,Mid Rate,"1,552.5250",GH¢ per DKK,0.1552525,GH¢ per DKK,ok,
2005-05-12,GBPGHS,Pound Sterling,Buying,"15,563.4000",GH¢ per GBP,1.55634,GH¢ per GBP,ok,
2005-05-12,GBPGHS,Pound Sterling,Selling,"15,785.5000",GH¢ per GBP,1.57855,GH¢ per GBP,ok,
2005-05-12,GBPGHS,Pound Sterling,Mid Rate,"15,674.4500",GH¢ per GBP,1.567445,GH¢ per GBP,ok,
2005-05-12,JPYGHS,Japanese yen,Buying,74.2500,GH¢ per JPY,,GH¢ per JPY,held,FX1_outlier
2005-05-12,JPYGHS,Japanese yen,Selling,75.2700,GH¢ per JPY,,GH¢ per JPY,held,FX1_outlier
2005-05-12,JPYGHS,Japanese yen,Mid Rate,74.7600,GH¢ per JPY,,GH¢ per JPY,held,FX1_outlier
2005-05-12,NOKGHS,Norwegian Krone,Buying,"1,417.1800",GH¢ per NOK,0.141718,GH¢ per NOK,ok,
2005-05-12,NOKGHS,Norwegian Krone,Selling,"1,437.7200",GH¢ per NOK,0.143772,GH¢ per NOK,ok,
2005-05-12,NOKGHS,Norwegian Krone,Mid Rate,"1,427.4500",GH¢ per NOK,0.142745,GH¢ per NOK,ok,
2005-05-12,NZDGHS,New Zealand Dollar,Buying,"6,432.3500",GH¢ per NZD,0.643235,GH¢ per NZD,ok,
2005-05-12,NZDGHS,New Zealand Dollar,Selling,"6,535.2000",GH¢ per NZD,0.65352,GH¢ per NZD,ok,
2005-05-12,NZDGHS,New Zealand Dollar,Mid Rate,"6,483.7750",GH¢ per NZD,0.6483775,GH¢ per NZD,ok,
2005-05-12,SEKGHS,Swedish Krona,Buying,"1,244.1500",GH¢ per SEK,0.124415,GH¢ per SEK,ok,
2005-05-12,SEKGHS,Swedish Krona,Selling,"1,262.4300",GH¢ per SEK,0.126243,GH¢ per SEK,ok,
2005-05-12,SEKGHS,Swedish Krona,Mid Rate,"1,253.2900",GH¢ per SEK,0.125329,GH¢ per SEK,ok,
2005-05-13,USDGHS,US Dollar,Buying,"8,988.6400",GH¢ per USD,0.898864,GH¢ per USD,ok,
2005-05-13,USDGHS,US Dollar,Selling,"9,127.7300",GH¢ per USD,0.912773,GH¢ per USD,ok,
2005-05-13,USDGHS,US Dollar,Mid Rate,"9,058.1850",GH¢ per USD,0.9058185,GH¢ per USD,ok,
2005-05-13,AUDGHS,Australian Dollar,Selling,"6,988.9000",GH¢ per AUD,0.69889,GH¢ per AUD,ok,
2005-05-13,AUDGHS,Australian Dollar,Mid Rate,"3,494.4500",GH¢ per AUD,0.349445,GH¢ per AUD,ok,
2005-05-13,CADGHS,Canadian Dollar,Buying,"7,189.9100",GH¢ per CAD,0.718991,GH¢ per CAD,ok,
2005-05-13,CADGHS,Canadian Dollar,Selling,"7,298.0300",GH¢ per CAD,0.729803,GH¢ per CAD,ok,
2005-05-13,CADGHS,Canadian Dollar,Mid Rate,"7,243.9700",GH¢ per CAD,0.724397,GH¢ per CAD,ok,
2005-05-13,CHFGHS,Swiss Franc,Buying,"7,376.7300",GH¢ per CHF,0.737673,GH¢ per CHF,ok,
2005-05-13,CHFGHS,Swiss Franc,Selling,"7,489.5100",GH¢ per CHF,0.748951,GH¢ per CHF,ok,
2005-05-13,CHFGHS,Swiss Franc,Mid Rate,"7,433.1200",GH¢ per CHF,0.743312,GH¢ per CHF,ok,
2005-05-13,DKKGHS,Danish Krone,Buying,"1,531.0400",GH¢ per DKK,0.153104,GH¢ per DKK,ok,
2005-05-13,DKKGHS,Danish Krone,Selling,"1,554.0100",GH¢ per DKK,0.155401,GH¢ per DKK,ok,
2005-05-13,DKKGHS,Danish Krone,Mid Rate,"1,542.5250",GH¢ per DKK,0.1542525,GH¢ per DKK,ok,
2005-05-13,GBPGHS,Pound Sterling,Buying,"16,721.5700",GH¢ per GBP,1.672157,GH¢ per GBP,ok,
2005-05-13,GBPGHS,Pound Sterling,Selling,"16,983.7000",GH¢ per GBP,1.69837,GH¢ per GBP,ok,
2005-05-13,GBPGHS,Pound Sterling,Mid Rate,"16,852.6350",GH¢ per GBP,1.6852635,GH¢ per GBP,ok,
2005-05-13,JPYGHS,Japanese yen,Buying,84.1000,GH¢ per JPY,0.00841,GH¢ per JPY,ok,
2005-05-13,JPYGHS,Japanese yen,Selling,85.3700,GH¢ per JPY,0.008537,GH¢ per JPY,ok,
2005-05-13,JPYGHS,Japanese yen,Mid Rate,84.7350,GH¢ per JPY,0.0084735,GH¢ per JPY,ok,
2005-05-13,NOKGHS,Norwegian Krone,Buying,"1,406.6500",GH¢ per NOK,0.140665,GH¢ per NOK,ok,
2005-05-13,NOKGHS,Norwegian Krone,Selling,"1,428.1200",GH¢ per NOK,0.142812,GH¢ per NOK,ok,
2005-05-13,NOKGHS,Norwegian Krone,Mid Rate,"1,417.3850",GH¢ per NOK,0.1417385,GH¢ per NOK,ok,
2005-05-13,NZDGHS,New Zealand Dollar,Buying,"6,454.5200",GH¢ per NZD,0.645452,GH¢ per NZD,ok,
2005-05-13,NZDGHS,New Zealand Dollar,Selling,"6,566.0000",GH¢ per NZD,0.6566,GH¢ per NZD,ok,
2005-05-13,NZDGHS,New Zealand Dollar,Mid Rate,"6,510.2600",GH¢ per NZD,0.651026,GH¢ per NZD,ok,
2005-05-13,SEKGHS,Swedish Krona,Buying,"1,237.3100",GH¢ per SEK,0.123731,GH¢ per SEK,ok,
2005-05-13,SEKGHS,Swedish Krona,Selling,"1,256.2400",GH¢ per SEK,0.125624,GH¢ per SEK,ok,
2005-05-13,SEKGHS,Swedish Krona,Mid Rate,"1,246.7750",GH¢ per SEK,0.1246775,GH¢ per SEK,ok,
2005-05-16,USDGHS,US Dollar,Buying,"8,981.8200",GH¢ per USD,0.898182,GH¢ per USD,ok,
2005-05-16,USDGHS,US Dollar,Selling,"9,122.2700",GH¢ per USD,0.912227,GH¢ per USD,ok,
2005-05-16,USDGHS,US Dollar,Mid Rate,"9,052.0450",GH¢ per USD,0.9052045,GH¢ per USD,ok,
2005-05-16,AUDGHS,Australian Dollar,Selling,"6,888.7500",GH¢ per AUD,0.688875,GH¢ per AUD,ok,
2005-05-16,AUDGHS,Australian Dollar,Mid Rate,"3,444.3750",GH¢ per AUD,0.3444375,GH¢ per AUD,ok,
2005-05-16,CADGHS,Canadian Dollar,Buying,"7,095.5400",GH¢ per CAD,0.709554,GH¢ per CAD,ok,
2005-05-16,CADGHS,Canadian Dollar,Selling,"7,199.9400",GH¢ per CAD,0.719994,GH¢ per CAD,ok,
2005-05-16,CADGHS,Canadian Dollar,Mid Rate,"7,147.7400",GH¢ per CAD,0.714774,GH¢ per CAD,ok,
2005-05-16,CHFGHS,Swiss Franc,Buying,"7,317.6400",GH¢ per CHF,0.731764,GH¢ per CHF,ok,
2005-05-16,CHFGHS,Swiss Franc,Selling,"7,428.0100",GH¢ per CHF,0.742801,GH¢ per CHF,ok,
2005-05-16,CHFGHS,Swiss Franc,Mid Rate,"7,372.8250",GH¢ per CHF,0.7372825,GH¢ per CHF,ok,
2005-05-16,DKKGHS,Danish Krone,Buying,"1,520.1800",GH¢ per DKK,0.152018,GH¢ per DKK,ok,
2005-05-16,DKKGHS,Danish Krone,Selling,"1,543.0000",GH¢ per DKK,0.1543,GH¢ per DKK,ok,
2005-05-16,DKKGHS,Danish Krone,Mid Rate,"1,531.5900",GH¢ per DKK,0.153159,GH¢ per DKK,ok,
2005-05-16,GBPGHS,Pound Sterling,Buying,"16,528.3500",GH¢ per GBP,1.652835,GH¢ per GBP,ok,
2005-05-16,GBPGHS,Pound Sterling,Selling,"16,789.5400",GH¢ per GBP,1.678954,GH¢ per GBP,ok,
2005-05-16,GBPGHS,Pound Sterling,Mid Rate,"16,658.9450",GH¢ per GBP,1.6658945,GH¢ per GBP,ok,
2005-05-16,JPYGHS,Japanese yen,Buying,83.4400,GH¢ per JPY,0.008344,GH¢ per JPY,ok,
2005-05-16,JPYGHS,Japanese yen,Selling,84.7100,GH¢ per JPY,0.008471,GH¢ per JPY,ok,
2005-05-16,JPYGHS,Japanese yen,Mid Rate,84.0750,GH¢ per JPY,0.0084075,GH¢ per JPY,ok,
2005-05-16,NOKGHS,Norwegian Krone,Buying,"1,397.7500",GH¢ per NOK,0.139775,GH¢ per NOK,ok,
2005-05-16,NOKGHS,Norwegian Krone,Selling,"1,418.7800",GH¢ per NOK,0.141878,GH¢ per NOK,ok,
2005-05-16,NOKGHS,Norwegian Krone,Mid Rate,"1,408.2650",GH¢ per NOK,0.1408265,GH¢ per NOK,ok,
2005-05-16,NZDGHS,New Zealand Dollar,Buying,"6,341.9300",GH¢ per NZD,0.634193,GH¢ per NZD,ok,
2005-05-16,NZDGHS,New Zealand Dollar,Selling,"6,453.9000",GH¢ per NZD,0.64539,GH¢ per NZD,ok,
2005-05-16,NZDGHS,New Zealand Dollar,Mid Rate,"6,397.9150",GH¢ per NZD,0.6397915,GH¢ per NZD,ok,
2005-05-16,SEKGHS,Swedish Krona,Buying,"1,228.6000",GH¢ per SEK,0.12286,GH¢ per SEK,ok,
2005-05-16,SEKGHS,Swedish Krona,Selling,"1,246.6500",GH¢ per SEK,0.124665,GH¢ per SEK,ok,
2005-05-16,SEKGHS,Swedish Krona,Mid Rate,"1,237.6250",GH¢ per SEK,0.1237625,GH¢ per SEK,ok,
2005-05-17,USDGHS,US Dollar,Buying,"8,983.6400",GH¢ per USD,0.898364,GH¢ per USD,ok,
2005-05-17,USDGHS,US Dollar,Selling,"9,124.0900",GH¢ per USD,0.912409,GH¢ per USD,ok,
2005-05-17,USDGHS,US Dollar,Mid Rate,"9,053.8650",GH¢ per USD,0.9053865,GH¢ per USD,ok,
2005-05-17,AUDGHS,Australian Dollar,Selling,"6,903.1400",GH¢ per AUD,0.690314,GH¢ per AUD,ok,
2005-05-17,AUDGHS,Australian Dollar,Mid Rate,"3,451.5700",GH¢ per AUD,0.345157,GH¢ per AUD,ok,
2005-05-17,CADGHS,Canadian Dollar,Buying,"7,082.4900",GH¢ per CAD,0.708249,GH¢ per CAD,ok,
2005-05-17,CADGHS,Canadian Dollar,Selling,"7,189.6200",GH¢ per CAD,0.718962,GH¢ per CAD,ok,
2005-05-17,CADGHS,Canadian Dollar,Mid Rate,"7,136.0550",GH¢ per CAD,0.7136055,GH¢ per CAD,ok,
2005-05-17,CHFGHS,Swiss Franc,Buying,"7,348.5100",GH¢ per CHF,0.734851,GH¢ per CHF,ok,
2005-05-17,CHFGHS,Swiss Franc,Selling,"7,460.7700",GH¢ per CHF,0.746077,GH¢ per CHF,ok,
2005-05-17,CHFGHS,Swiss Franc,Mid Rate,"7,404.6400",GH¢ per CHF,0.740464,GH¢ per CHF,ok,
2005-05-17,DKKGHS,Danish Krone,Buying,"1,524.8600",GH¢ per DKK,0.152486,GH¢ per DKK,ok,
2005-05-17,DKKGHS,Danish Krone,Selling,"1,548.4500",GH¢ per DKK,0.154845,GH¢ per DKK,ok,
2005-05-17,DKKGHS,Danish Krone,Mid Rate,"1,536.6550",GH¢ per DKK,0.1536655,GH¢ per DKK,ok,
2005-05-17,GBPGHS,Pound Sterling,Buying,"16,512.8300",GH¢ per GBP,1.651283,GH¢ per GBP,ok,
2005-05-17,GBPGHS,Pound Sterling,Selling,"16,775.5500",GH¢ per GBP,1.677555,GH¢ per GBP,ok,
2005-05-17,GBPGHS,Pound Sterling,Mid Rate,"16,644.1900",GH¢ per GBP,1.664419,GH¢ per GBP,ok,
2005-05-17,JPYGHS,Japanese yen,Buying,83.8400,GH¢ per JPY,0.008384,GH¢ per JPY,ok,
2005-05-17,JPYGHS,Japanese yen,Selling,85.1200,GH¢ per JPY,0.008512,GH¢ per JPY,ok,
2005-05-17,JPYGHS,Japanese yen,Mid Rate,84.4800,GH¢ per JPY,0.008448,GH¢ per JPY,ok,
2005-05-17,NOKGHS,Norwegian Krone,Buying,"1,402.9700",GH¢ per NOK,0.140297,GH¢ per NOK,ok,
2005-05-17,NOKGHS,Norwegian Krone,Selling,"1,423.4200",GH¢ per NOK,0.142342,GH¢ per NOK,ok,
2005-05-17,NOKGHS,Norwegian Krone,Mid Rate,"1,413.1950",GH¢ per NOK,0.1413195,GH¢ per NOK,ok,
2005-05-17,NZDGHS,New Zealand Dollar,Buying,"6,357.4400",GH¢ per NZD,0.635744,GH¢ per NZD,ok,
2005-05-17,NZDGHS,New Zealand Dollar,Selling,"6,466.9800",GH¢ per NZD,0.646698,GH¢ per NZD,ok,
2005-05-17,NZDGHS,New Zealand Dollar,Mid Rate,"6,412.2100",GH¢ per NZD,0.641221,GH¢ per NZD,ok,
2005-05-17,SEKGHS,Swedish Krona,Buying,"1,229.6300",GH¢ per SEK,0.122963,GH¢ per SEK,ok,
2005-05-17,SEKGHS,Swedish Krona,Selling,"1,247.5900",GH¢ per SEK,0.124759,GH¢ per SEK,ok,
2005-05-17,SEKGHS,Swedish Krona,Mid Rate,"1,238.6100",GH¢ per SEK,0.123861,GH¢ per SEK,ok,
2005-05-18,USDGHS,US Dollar,Buying,"8,983.6400",GH¢ per USD,0.898364,GH¢ per USD,ok,
2005-05-18,USDGHS,US Dollar,Selling,"9,122.2700",GH¢ per USD,0.912227,GH¢ per USD,ok,
2005-05-18,USDGHS,US Dollar,Mid Rate,"9,052.9550",GH¢ per USD,0.9052955,GH¢ per USD,ok,
2005-05-18,AUDGHS,Australian Dollar,Selling,"6,902.3100",GH¢ per AUD,0.690231,GH¢ per AUD,ok,
2005-05-18,AUDGHS,Australian Dollar,Mid Rate,"3,451.1550",GH¢ per AUD,0.3451155,GH¢ per AUD,ok,
2005-05-18,CADGHS,Canadian Dollar,Buying,"7,099.9100",GH¢ per CAD,0.709991,GH¢ per CAD,ok,
2005-05-18,CADGHS,Canadian Dollar,Selling,"7,206.7800",GH¢ per CAD,0.720678,GH¢ per CAD,ok,
2005-05-18,CADGHS,Canadian Dollar,Mid Rate,"7,153.3450",GH¢ per CAD,0.7153345,GH¢ per CAD,ok,
2005-05-18,CHFGHS,Swiss Franc,Buying,"7,350.9400",GH¢ per CHF,0.735094,GH¢ per CHF,ok,
2005-05-18,CHFGHS,Swiss Franc,Selling,"7,462.0800",GH¢ per CHF,0.746208,GH¢ per CHF,ok,
2005-05-18,CHFGHS,Swiss Franc,Mid Rate,"7,406.5100",GH¢ per CHF,0.740651,GH¢ per CHF,ok,
2005-05-18,DKKGHS,Danish Krone,Buying,"1,523.3400",GH¢ per DKK,0.152334,GH¢ per DKK,ok,
2005-05-18,DKKGHS,Danish Krone,Selling,"1,546.7300",GH¢ per DKK,0.154673,GH¢ per DKK,ok,
2005-05-18,DKKGHS,Danish Krone,Mid Rate,"1,535.0350",GH¢ per DKK,0.1535035,GH¢ per DKK,ok,
2005-05-18,GBPGHS,Pound Sterling,Buying,"16,466.1100",GH¢ per GBP,1.646611,GH¢ per GBP,ok,
2005-05-18,GBPGHS,Pound Sterling,Selling,"16,724.7700",GH¢ per GBP,1.672477,GH¢ per GBP,ok,
2005-05-18,GBPGHS,Pound Sterling,Mid Rate,"16,595.4400",GH¢ per GBP,1.659544,GH¢ per GBP,ok,
2005-05-18,JPYGHS,Japanese yen,Buying,83.5200,GH¢ per JPY,0.008352,GH¢ per JPY,ok,
2005-05-18,JPYGHS,Japanese yen,Selling,84.7800,GH¢ per JPY,0.008478,GH¢ per JPY,ok,
2005-05-18,JPYGHS,Japanese yen,Mid Rate,84.1500,GH¢ per JPY,0.008415,GH¢ per JPY,ok,
2005-05-18,NOKGHS,Norwegian Krone,Buying,"1,399.9800",GH¢ per NOK,0.139998,GH¢ per NOK,ok,
2005-05-18,NOKGHS,Norwegian Krone,Selling,"1,421.1400",GH¢ per NOK,0.142114,GH¢ per NOK,ok,
2005-05-18,NOKGHS,Norwegian Krone,Mid Rate,"1,410.5600",GH¢ per NOK,0.141056,GH¢ per NOK,ok,
2005-05-18,NZDGHS,New Zealand Dollar,Buying,"6,355.9200",GH¢ per NZD,0.635592,GH¢ per NZD,ok,
2005-05-18,NZDGHS,New Zealand Dollar,Selling,"6,467.4700",GH¢ per NZD,0.646747,GH¢ per NZD,ok,
2005-05-18,NZDGHS,New Zealand Dollar,Mid Rate,"6,411.6950",GH¢ per NZD,0.6411695,GH¢ per NZD,ok,
2005-05-18,SEKGHS,Swedish Krona,Buying,"1,231.6200",GH¢ per SEK,0.123162,GH¢ per SEK,ok,
2005-05-18,SEKGHS,Swedish Krona,Selling,"1,250.2700",GH¢ per SEK,0.125027,GH¢ per SEK,ok,
2005-05-18,SEKGHS,Swedish Krona,Mid Rate,"1,240.9450",GH¢ per SEK,0.1240945,GH¢ per SEK,ok,
2005-05-19,USDGHS,US Dollar,Buying,"8,983.6400",GH¢ per USD,0.898364,GH¢ per USD,ok,
2005-05-19,USDGHS,US Dollar,Selling,"9,122.2700",GH¢ per USD,0.912227,GH¢ per USD,ok,
2005-05-19,USDGHS,US Dollar,Mid Rate,"9,052.9550",GH¢ per USD,0.9052955,GH¢ per USD,ok,
2005-05-19,AUDGHS,Australian Dollar,Selling,"6,923.7700",GH¢ per AUD,0.692377,GH¢ per AUD,ok,
2005-05-19,AUDGHS,Australian Dollar,Mid Rate,"3,461.8850",GH¢ per AUD,0.3461885,GH¢ per AUD,ok,
2005-05-19,CADGHS,Canadian Dollar,Buying,"7,119.1600",GH¢ per CAD,0.711916,GH¢ per CAD,ok,
2005-05-19,CADGHS,Canadian Dollar,Selling,"7,225.4500",GH¢ per CAD,0.722545,GH¢ per CAD,ok,
2005-05-19,CADGHS,Canadian Dollar,Mid Rate,"7,172.3050",GH¢ per CAD,0.7172305,GH¢ per CAD,ok,
2005-05-19,CHFGHS,Swiss Franc,Buying,"7,370.7300",GH¢ per CHF,0.737073,GH¢ per CHF,ok,
2005-05-19,CHFGHS,Swiss Franc,Selling,"7,480.6100",GH¢ per CHF,0.748061,GH¢ per CHF,ok,
2005-05-19,CHFGHS,Swiss Franc,Mid Rate,"7,425.6700",GH¢ per CHF,0.742567,GH¢ per CHF,ok,
2005-05-19,DKKGHS,Danish Krone,Buying,"1,527.8600",GH¢ per DKK,0.152786,GH¢ per DKK,ok,
2005-05-19,DKKGHS,Danish Krone,Selling,"1,551.1400",GH¢ per DKK,0.155114,GH¢ per DKK,ok,
2005-05-19,DKKGHS,Danish Krone,Mid Rate,"1,539.5000",GH¢ per DKK,0.15395,GH¢ per DKK,ok,
2005-05-19,GBPGHS,Pound Sterling,Buying,"16,520.0200",GH¢ per GBP,1.652002,GH¢ per GBP,ok,
2005-05-19,GBPGHS,Pound Sterling,Selling,"16,776.7700",GH¢ per GBP,1.677677,GH¢ per GBP,ok,
2005-05-19,GBPGHS,Pound Sterling,Mid Rate,"16,648.3950",GH¢ per GBP,1.6648395,GH¢ per GBP,ok,
2005-05-19,JPYGHS,Japanese yen,Buying,83.8700,GH¢ per JPY,0.008387,GH¢ per JPY,ok,
2005-05-19,JPYGHS,Japanese yen,Selling,85.1300,GH¢ per JPY,0.008513,GH¢ per JPY,ok,
2005-05-19,JPYGHS,Japanese yen,Mid Rate,84.5000,GH¢ per JPY,0.00845,GH¢ per JPY,ok,
2005-05-19,NOKGHS,Norwegian Krone,Buying,"1,402.2100",GH¢ per NOK,0.140221,GH¢ per NOK,ok,
2005-05-19,NOKGHS,Norwegian Krone,Selling,"1,423.3300",GH¢ per NOK,0.142333,GH¢ per NOK,ok,
2005-05-19,NOKGHS,Norwegian Krone,Mid Rate,"1,412.7700",GH¢ per NOK,0.141277,GH¢ per NOK,ok,
2005-05-19,NZDGHS,New Zealand Dollar,Buying,"6,386.6400",GH¢ per NZD,0.638664,GH¢ per NZD,ok,
2005-05-19,NZDGHS,New Zealand Dollar,Selling,"6,494.2900",GH¢ per NZD,0.649429,GH¢ per NZD,ok,
2005-05-19,NZDGHS,New Zealand Dollar,Mid Rate,"6,440.4650",GH¢ per NZD,0.6440465,GH¢ per NZD,ok,
2005-05-19,SEKGHS,Swedish Krona,Buying,"1,238.5100",GH¢ per SEK,0.123851,GH¢ per SEK,ok,
2005-05-19,SEKGHS,Swedish Krona,Selling,"1,257.0400",GH¢ per SEK,0.125704,GH¢ per SEK,ok,
2005-05-19,SEKGHS,Swedish Krona,Mid Rate,"1,247.7750",GH¢ per SEK,0.1247775,GH¢ per SEK,ok,
2005-05-20,USDGHS,US Dollar,Buying,"8,985.4500",GH¢ per USD,0.898545,GH¢ per USD,ok,
2005-05-20,USDGHS,US Dollar,Selling,"9,122.2700",GH¢ per USD,0.912227,GH¢ per USD,ok,
2005-05-20,USDGHS,US Dollar,Mid Rate,"9,053.8600",GH¢ per USD,0.905386,GH¢ per USD,ok,
2005-05-20,AUDGHS,Australian Dollar,Selling,"6,937.0600",GH¢ per AUD,0.693706,GH¢ per AUD,ok,
2005-05-20,AUDGHS,Australian Dollar,Mid Rate,"3,468.5300",GH¢ per AUD,0.346853,GH¢ per AUD,ok,
2005-05-20,CADGHS,Canadian Dollar,Buying,"7,144.7800",GH¢ per CAD,0.714478,GH¢ per CAD,ok,
2005-05-20,CADGHS,Canadian Dollar,Selling,"7,253.2600",GH¢ per CAD,0.725326,GH¢ per CAD,ok,
2005-05-20,CADGHS,Canadian Dollar,Mid Rate,"7,199.0200",GH¢ per CAD,0.719902,GH¢ per CAD,ok,
2005-05-20,CHFGHS,Swiss Franc,Buying,"7,348.7800",GH¢ per CHF,0.734878,GH¢ per CHF,ok,
2005-05-20,CHFGHS,Swiss Franc,Selling,"7,456.9900",GH¢ per CHF,0.745699,GH¢ per CHF,ok,
2005-05-20,CHFGHS,Swiss Franc,Mid Rate,"7,402.8850",GH¢ per CHF,0.7402885,GH¢ per CHF,ok,
2005-05-20,DKKGHS,Danish Krone,Buying,"1,525.5500",GH¢ per DKK,0.152555,GH¢ per DKK,ok,
2005-05-20,DKKGHS,Danish Krone,Selling,"1,548.2400",GH¢ per DKK,0.154824,GH¢ per DKK,ok,
2005-05-20,DKKGHS,Danish Krone,Mid Rate,"1,536.8950",GH¢ per DKK,0.1536895,GH¢ per DKK,ok,
2005-05-20,GBPGHS,Pound Sterling,Buying,"16,497.2900",GH¢ per GBP,1.649729,GH¢ per GBP,ok,
2005-05-20,GBPGHS,Pound Sterling,Selling,"16,752.1400",GH¢ per GBP,1.675214,GH¢ per GBP,ok,
2005-05-20,GBPGHS,Pound Sterling,Mid Rate,"16,624.7150",GH¢ per GBP,1.6624715,GH¢ per GBP,ok,
2005-05-20,JPYGHS,Japanese yen,Buying,83.6200,GH¢ per JPY,0.008362,GH¢ per JPY,ok,
2005-05-20,JPYGHS,Japanese yen,Selling,84.8600,GH¢ per JPY,0.008486,GH¢ per JPY,ok,
2005-05-20,JPYGHS,Japanese yen,Mid Rate,84.2400,GH¢ per JPY,0.008424,GH¢ per JPY,ok,
2005-05-20,NOKGHS,Norwegian Krone,Buying,"1,400.4100",GH¢ per NOK,0.140041,GH¢ per NOK,ok,
2005-05-20,NOKGHS,Norwegian Krone,Selling,"1,421.0700",GH¢ per NOK,0.142107,GH¢ per NOK,ok,
2005-05-20,NOKGHS,Norwegian Krone,Mid Rate,"1,410.7400",GH¢ per NOK,0.141074,GH¢ per NOK,ok,
2005-05-20,NZDGHS,New Zealand Dollar,Buying,"6,396.0000",GH¢ per NZD,0.6396,GH¢ per NZD,ok,
2005-05-20,NZDGHS,New Zealand Dollar,Selling,"6,501.5000",GH¢ per NZD,0.65015,GH¢ per NZD,ok,
2005-05-20,NZDGHS,New Zealand Dollar,Mid Rate,"6,448.7500",GH¢ per NZD,0.644875,GH¢ per NZD,ok,
2005-05-20,SEKGHS,Swedish Krona,Buying,"1,236.4700",GH¢ per SEK,0.123647,GH¢ per SEK,ok,
2005-05-20,SEKGHS,Swedish Krona,Selling,"1,253.5700",GH¢ per SEK,0.125357,GH¢ per SEK,ok,
2005-05-20,SEKGHS,Swedish Krona,Mid Rate,"1,245.0200",GH¢ per SEK,0.124502,GH¢ per SEK,ok,
2005-05-23,USDGHS,US Dollar,Buying,"8,985.4500",GH¢ per USD,0.898545,GH¢ per USD,ok,
2005-05-23,USDGHS,US Dollar,Selling,"9,122.2700",GH¢ per USD,0.912227,GH¢ per USD,ok,
2005-05-23,USDGHS,US Dollar,Mid Rate,"9,053.8600",GH¢ per USD,0.905386,GH¢ per USD,ok,
2005-05-23,AUDGHS,Australian Dollar,Selling,"6,893.0600",GH¢ per AUD,0.689306,GH¢ per AUD,ok,
2005-05-23,AUDGHS,Australian Dollar,Mid Rate,"3,446.5300",GH¢ per AUD,0.344653,GH¢ per AUD,ok,
2005-05-23,CADGHS,Canadian Dollar,Buying,"7,110.2900",GH¢ per CAD,0.711029,GH¢ per CAD,ok,
2005-05-23,CADGHS,Canadian Dollar,Selling,"7,216.1500",GH¢ per CAD,0.721615,GH¢ per CAD,ok,
2005-05-23,CADGHS,Canadian Dollar,Mid Rate,"7,163.2200",GH¢ per CAD,0.716322,GH¢ per CAD,ok,
2005-05-23,CHFGHS,Swiss Franc,Buying,"7,285.4200",GH¢ per CHF,0.728542,GH¢ per CHF,ok,
2005-05-23,CHFGHS,Swiss Franc,Selling,"7,394.7700",GH¢ per CHF,0.739477,GH¢ per CHF,ok,
2005-05-23,CHFGHS,Swiss Franc,Mid Rate,"7,340.0950",GH¢ per CHF,0.7340095,GH¢ per CHF,ok,
2005-05-23,DKKGHS,Danish Krone,Buying,"1,513.0200",GH¢ per DKK,0.151302,GH¢ per DKK,ok,
2005-05-23,DKKGHS,Danish Krone,Selling,"1,535.8000",GH¢ per DKK,0.15358,GH¢ per DKK,ok,
2005-05-23,DKKGHS,Danish Krone,Mid Rate,"1,524.4100",GH¢ per DKK,0.152441,GH¢ per DKK,ok,
2005-05-23,GBPGHS,Pound Sterling,Buying,"16,415.5200",GH¢ per GBP,1.641552,GH¢ per GBP,ok,
2005-05-23,GBPGHS,Pound Sterling,Selling,"16,670.0400",GH¢ per GBP,1.667004,GH¢ per GBP,ok,
2005-05-23,GBPGHS,Pound Sterling,Mid Rate,"16,542.7800",GH¢ per GBP,1.654278,GH¢ per GBP,ok,
2005-05-23,JPYGHS,Japanese yen,Buying,83.1600,GH¢ per JPY,0.008316,GH¢ per JPY,ok,
2005-05-23,JPYGHS,Japanese yen,Selling,84.4000,GH¢ per JPY,0.00844,GH¢ per JPY,ok,
2005-05-23,JPYGHS,Japanese yen,Mid Rate,83.7800,GH¢ per JPY,0.008378,GH¢ per JPY,ok,
2005-05-23,NOKGHS,Norwegian Krone,Buying,"1,387.9100",GH¢ per NOK,0.138791,GH¢ per NOK,ok,
2005-05-23,NOKGHS,Norwegian Krone,Selling,"1,407.8200",GH¢ per NOK,0.140782,GH¢ per NOK,ok,
2005-05-23,NOKGHS,Norwegian Krone,Mid Rate,"1,397.8650",GH¢ per NOK,0.1397865,GH¢ per NOK,ok,
2005-05-23,NZDGHS,New Zealand Dollar,Buying,"6,346.2400",GH¢ per NZD,0.634624,GH¢ per NZD,ok,
2005-05-23,NZDGHS,New Zealand Dollar,Selling,"6,456.3100",GH¢ per NZD,0.645631,GH¢ per NZD,ok,
2005-05-23,NZDGHS,New Zealand Dollar,Mid Rate,"6,401.2750",GH¢ per NZD,0.6401275,GH¢ per NZD,ok,
2005-05-23,SEKGHS,Swedish Krona,Buying,"1,228.1700",GH¢ per SEK,0.122817,GH¢ per SEK,ok,
2005-05-23,SEKGHS,Swedish Krona,Selling,"1,246.2600",GH¢ per SEK,0.124626,GH¢ per SEK,ok,
2005-05-23,SEKGHS,Swedish Krona,Mid Rate,"1,237.2150",GH¢ per SEK,0.1237215,GH¢ per SEK,ok,
2005-05-24,USDGHS,US Dollar,Buying,"8,985.4500",GH¢ per USD,0.898545,GH¢ per USD,ok,
2005-05-24,USDGHS,US Dollar,Selling,"9,122.2700",GH¢ per USD,0.912227,GH¢ per USD,ok,
2005-05-24,USDGHS,US Dollar,Mid Rate,"9,053.8600",GH¢ per USD,0.905386,GH¢ per USD,ok,
2005-05-24,AUDGHS,Australian Dollar,Selling,"6,954.2400",GH¢ per AUD,0.695424,GH¢ per AUD,ok,
2005-05-24,AUDGHS,Australian Dollar,Mid Rate,"3,477.1200",GH¢ per AUD,0.347712,GH¢ per AUD,ok,
2005-05-24,CADGHS,Canadian Dollar,Buying,"7,139.8700",GH¢ per CAD,0.713987,GH¢ per CAD,ok,
2005-05-24,CADGHS,Canadian Dollar,Selling,"7,246.6300",GH¢ per CAD,0.724663,GH¢ per CAD,ok,
2005-05-24,CADGHS,Canadian Dollar,Mid Rate,"7,193.2500",GH¢ per CAD,0.719325,GH¢ per CAD,ok,
2005-05-24,CHFGHS,Swiss Franc,Buying,"7,316.0000",GH¢ per CHF,0.7316,GH¢ per CHF,ok,
2005-05-24,CHFGHS,Swiss Franc,Selling,"7,425.3200",GH¢ per CHF,0.742532,GH¢ per CHF,ok,
2005-05-24,CHFGHS,Swiss Franc,Mid Rate,"7,370.6600",GH¢ per CHF,0.737066,GH¢ per CHF,ok,
2005-05-24,DKKGHS,Danish Krone,Buying,"1,519.4500",GH¢ per DKK,0.151945,GH¢ per DKK,ok,
2005-05-24,DKKGHS,Danish Krone,Selling,"1,541.9000",GH¢ per DKK,0.15419,GH¢ per DKK,ok,
2005-05-24,DKKGHS,Danish Krone,Mid Rate,"1,530.6750",GH¢ per DKK,0.1530675,GH¢ per DKK,ok,
2005-05-24,GBPGHS,Pound Sterling,Buying,"16,459.5500",GH¢ per GBP,1.645955,GH¢ per GBP,ok,
2005-05-24,GBPGHS,Pound Sterling,Selling,"16,712.9100",GH¢ per GBP,1.671291,GH¢ per GBP,ok,
2005-05-24,GBPGHS,Pound Sterling,Mid Rate,"16,586.2300",GH¢ per GBP,1.658623,GH¢ per GBP,ok,
2005-05-24,JPYGHS,Japanese yen,Buying,83.6700,GH¢ per JPY,0.008367,GH¢ per JPY,ok,
2005-05-24,JPYGHS,Japanese yen,Selling,84.9000,GH¢ per JPY,0.00849,GH¢ per JPY,ok,
2005-05-24,JPYGHS,Japanese yen,Mid Rate,84.2850,GH¢ per JPY,0.0084285,GH¢ per JPY,ok,
2005-05-24,NOKGHS,Norwegian Krone,Buying,"1,395.6600",GH¢ per NOK,0.139566,GH¢ per NOK,ok,
2005-05-24,NOKGHS,Norwegian Krone,Selling,"1,415.3000",GH¢ per NOK,0.14153,GH¢ per NOK,ok,
2005-05-24,NOKGHS,Norwegian Krone,Mid Rate,"1,405.4800",GH¢ per NOK,0.140548,GH¢ per NOK,ok,
2005-05-24,NZDGHS,New Zealand Dollar,Buying,"6,391.2400",GH¢ per NZD,0.639124,GH¢ per NZD,ok,
2005-05-24,NZDGHS,New Zealand Dollar,Selling,"6,501.3200",GH¢ per NZD,0.650132,GH¢ per NZD,ok,
2005-05-24,NZDGHS,New Zealand Dollar,Mid Rate,"6,446.2800",GH¢ per NZD,0.644628,GH¢ per NZD,ok,
2005-05-24,SEKGHS,Swedish Krona,Buying,"1,232.9200",GH¢ per SEK,0.123292,GH¢ per SEK,ok,
2005-05-24,SEKGHS,Swedish Krona,Selling,"1,251.0500",GH¢ per SEK,0.125105,GH¢ per SEK,ok,
2005-05-24,SEKGHS,Swedish Krona,Mid Rate,"1,241.9850",GH¢ per SEK,0.1241985,GH¢ per SEK,ok,
2005-05-26,USDGHS,US Dollar,Buying,"8,985.4500",GH¢ per USD,0.898545,GH¢ per USD,ok,
2005-05-26,USDGHS,US Dollar,Selling,"9,122.2700",GH¢ per USD,0.912227,GH¢ per USD,ok,
2005-05-26,USDGHS,US Dollar,Mid Rate,"9,053.8600",GH¢ per USD,0.905386,GH¢ per USD,ok,
2005-05-26,AUDGHS,Australian Dollar,Selling,"6,950.5000",GH¢ per AUD,0.69505,GH¢ per AUD,ok,
2005-05-26,AUDGHS,Australian Dollar,Mid Rate,"3,475.2500",GH¢ per AUD,0.347525,GH¢ per AUD,ok,
2005-05-26,CADGHS,Canadian Dollar,Buying,"7,098.3700",GH¢ per CAD,0.709837,GH¢ per CAD,ok,
2005-05-26,CADGHS,Canadian Dollar,Selling,"7,204.0600",GH¢ per CAD,0.720406,GH¢ per CAD,ok,
2005-05-26,CADGHS,Canadian Dollar,Mid Rate,"7,151.2150",GH¢ per CAD,0.7151215,GH¢ per CAD,ok,
2005-05-26,CHFGHS,Swiss Franc,Buying,"7,298.1800",GH¢ per CHF,0.729818,GH¢ per CHF,ok,
2005-05-26,CHFGHS,Swiss Franc,Selling,"7,406.3900",GH¢ per CHF,0.740639,GH¢ per CHF,ok,
2005-05-26,CHFGHS,Swiss Franc,Mid Rate,"7,352.2850",GH¢ per CHF,0.7352285,GH¢ per CHF,ok,
2005-05-26,DKKGHS,Danish Krone,Buying,"1,514.9000",GH¢ per DKK,0.15149,GH¢ per DKK,ok,
2005-05-26,DKKGHS,Danish Krone,Selling,"1,537.7000",GH¢ per DKK,0.15377,GH¢ per DKK,ok,
2005-05-26,DKKGHS,Danish Krone,Mid Rate,"1,526.3000",GH¢ per DKK,0.15263,GH¢ per DKK,ok,
2005-05-26,GBPGHS,Pound Sterling,Buying,"16,385.8700",GH¢ per GBP,1.638587,GH¢ per GBP,ok,
2005-05-26,GBPGHS,Pound Sterling,Selling,"16,639.9300",GH¢ per GBP,1.663993,GH¢ per GBP,ok,
2005-05-26,GBPGHS,Pound Sterling,Mid Rate,"16,512.9000",GH¢ per GBP,1.65129,GH¢ per GBP,ok,
2005-05-26,JPYGHS,Japanese yen,Buying,83.1300,GH¢ per JPY,0.008313,GH¢ per JPY,ok,
2005-05-26,JPYGHS,Japanese yen,Selling,84.3700,GH¢ per JPY,0.008437,GH¢ per JPY,ok,
2005-05-26,JPYGHS,Japanese yen,Mid Rate,83.7500,GH¢ per JPY,0.008375,GH¢ per JPY,ok,
2005-05-26,NOKGHS,Norwegian Krone,Buying,"1,407.6200",GH¢ per NOK,0.140762,GH¢ per NOK,ok,
2005-05-26,NOKGHS,Norwegian Krone,Selling,"1,428.6100",GH¢ per NOK,0.142861,GH¢ per NOK,ok,
2005-05-26,NOKGHS,Norwegian Krone,Mid Rate,"1,418.1150",GH¢ per NOK,0.1418115,GH¢ per NOK,ok,
2005-05-26,NZDGHS,New Zealand Dollar,Buying,"6,390.4900",GH¢ per NZD,0.639049,GH¢ per NZD,ok,
2005-05-26,NZDGHS,New Zealand Dollar,Selling,"6,501.2200",GH¢ per NZD,0.650122,GH¢ per NZD,ok,
2005-05-26,NZDGHS,New Zealand Dollar,Mid Rate,"6,445.8550",GH¢ per NZD,0.6445855,GH¢ per NZD,ok,
2005-05-26,SEKGHS,Swedish Krona,Buying,"1,227.2200",GH¢ per SEK,0.122722,GH¢ per SEK,ok,
2005-05-26,SEKGHS,Swedish Krona,Selling,"1,245.3900",GH¢ per SEK,0.124539,GH¢ per SEK,ok,
2005-05-26,SEKGHS,Swedish Krona,Mid Rate,"1,236.3050",GH¢ per SEK,0.1236305,GH¢ per SEK,ok,
2005-05-27,USDGHS,US Dollar,Buying,"8,985.4500",GH¢ per USD,0.898545,GH¢ per USD,ok,
2005-05-27,USDGHS,US Dollar,Selling,"9,122.2700",GH¢ per USD,0.912227,GH¢ per USD,ok,
2005-05-27,USDGHS,US Dollar,Mid Rate,"9,053.8600",GH¢ per USD,0.905386,GH¢ per USD,ok,
2005-05-27,AUDGHS,Australian Dollar,Selling,"6,944.7500",GH¢ per AUD,0.694475,GH¢ per AUD,ok,
2005-05-27,AUDGHS,Australian Dollar,Mid Rate,"3,472.3750",GH¢ per AUD,0.3472375,GH¢ per AUD,ok,
2005-05-27,CADGHS,Canadian Dollar,Buying,"7,102.4500",GH¢ per CAD,0.710245,GH¢ per CAD,ok,
2005-05-27,CADGHS,Canadian Dollar,Selling,"7,207.0100",GH¢ per CAD,0.720701,GH¢ per CAD,ok,
2005-05-27,CADGHS,Canadian Dollar,Mid Rate,"7,154.7300",GH¢ per CAD,0.715473,GH¢ per CAD,ok,
2005-05-27,CHFGHS,Swiss Franc,Buying,"7,279.1200",GH¢ per CHF,0.727912,GH¢ per CHF,ok,
2005-05-27,CHFGHS,Swiss Franc,Selling,"7,386.8400",GH¢ per CHF,0.738684,GH¢ per CHF,ok,
2005-05-27,CHFGHS,Swiss Franc,Mid Rate,"7,332.9800",GH¢ per CHF,0.733298,GH¢ per CHF,ok,
2005-05-27,DKKGHS,Danish Krone,Buying,"1,512.9500",GH¢ per DKK,0.151295,GH¢ per DKK,ok,
2005-05-27,DKKGHS,Danish Krone,Selling,"1,535.7000",GH¢ per DKK,0.15357,GH¢ per DKK,ok,
2005-05-27,DKKGHS,Danish Krone,Mid Rate,"1,524.3250",GH¢ per DKK,0.1524325,GH¢ per DKK,ok,
2005-05-27,GBPGHS,Pound Sterling,Buying,"16,386.7700",GH¢ per GBP,1.638677,GH¢ per GBP,ok,
2005-05-27,GBPGHS,Pound Sterling,Selling,"16,638.1100",GH¢ per GBP,1.663811,GH¢ per GBP,ok,
2005-05-27,GBPGHS,Pound Sterling,Mid Rate,"16,512.4400",GH¢ per GBP,1.651244,GH¢ per GBP,ok,
2005-05-27,JPYGHS,Japanese yen,Buying,83.3600,GH¢ per JPY,0.008336,GH¢ per JPY,ok,
2005-05-27,JPYGHS,Japanese yen,Selling,84.5900,GH¢ per JPY,0.008459,GH¢ per JPY,ok,
2005-05-27,JPYGHS,Japanese yen,Mid Rate,83.9750,GH¢ per JPY,0.0083975,GH¢ per JPY,ok,
2005-05-27,NOKGHS,Norwegian Krone,Buying,"1,411.7400",GH¢ per NOK,0.141174,GH¢ per NOK,ok,
2005-05-27,NOKGHS,Norwegian Krone,Selling,"1,431.5700",GH¢ per NOK,0.143157,GH¢ per NOK,ok,
2005-05-27,NOKGHS,Norwegian Krone,Mid Rate,"1,421.6550",GH¢ per NOK,0.1421655,GH¢ per NOK,ok,
2005-05-27,NZDGHS,New Zealand Dollar,Buying,"6,408.8600",GH¢ per NZD,0.640886,GH¢ per NZD,ok,
2005-05-27,NZDGHS,New Zealand Dollar,Selling,"6,508.8300",GH¢ per NZD,0.650883,GH¢ per NZD,ok,
2005-05-27,NZDGHS,New Zealand Dollar,Mid Rate,"6,458.8450",GH¢ per NZD,0.6458845,GH¢ per NZD,ok,
2005-05-27,SEKGHS,Swedish Krona,Buying,"1,225.4300",GH¢ per SEK,0.122543,GH¢ per SEK,ok,
2005-05-27,SEKGHS,Swedish Krona,Selling,"1,243.0700",GH¢ per SEK,0.124307,GH¢ per SEK,ok,
2005-05-27,SEKGHS,Swedish Krona,Mid Rate,"1,234.2500",GH¢ per SEK,0.123425,GH¢ per SEK,ok,
2005-05-30,USDGHS,US Dollar,Buying,"8,985.4500",GH¢ per USD,0.898545,GH¢ per USD,ok,
2005-05-30,USDGHS,US Dollar,Selling,"9,122.2700",GH¢ per USD,0.912227,GH¢ per USD,ok,
2005-05-30,USDGHS,US Dollar,Mid Rate,"9,053.8600",GH¢ per USD,0.905386,GH¢ per USD,ok,
2005-05-30,AUDGHS,Australian Dollar,Selling,"6,958.2600",GH¢ per AUD,0.695826,GH¢ per AUD,ok,
2005-05-30,AUDGHS,Australian Dollar,Mid Rate,"3,479.1300",GH¢ per AUD,0.347913,GH¢ per AUD,ok,
2005-05-30,CADGHS,Canadian Dollar,Buying,"7,152.0000",GH¢ per CAD,0.7152,GH¢ per CAD,ok,
2005-05-30,CADGHS,Canadian Dollar,Selling,"7,258.7700",GH¢ per CAD,0.725877,GH¢ per CAD,ok,
2005-05-30,CADGHS,Canadian Dollar,Mid Rate,"7,205.3850",GH¢ per CAD,0.7205385,GH¢ per CAD,ok,
2005-05-30,CHFGHS,Swiss Franc,Buying,"7,286.7300",GH¢ per CHF,0.728673,GH¢ per CHF,ok,
2005-05-30,CHFGHS,Swiss Franc,Selling,"7,396.7500",GH¢ per CHF,0.739675,GH¢ per CHF,ok,
2005-05-30,CHFGHS,Swiss Franc,Mid Rate,"7,341.7400",GH¢ per CHF,0.734174,GH¢ per CHF,ok,
2005-05-30,DKKGHS,Danish Krone,Buying,"1,512.6200",GH¢ per DKK,0.151262,GH¢ per DKK,ok,
2005-05-30,DKKGHS,Danish Krone,Selling,"1,535.6300",GH¢ per DKK,0.153563,GH¢ per DKK,ok,
2005-05-30,DKKGHS,Danish Krone,Mid Rate,"1,524.1250",GH¢ per DKK,0.1524125,GH¢ per DKK,ok,
2005-05-30,GBPGHS,Pound Sterling,Buying,"16,400.2400",GH¢ per GBP,1.640024,GH¢ per GBP,ok,
2005-05-30,GBPGHS,Pound Sterling,Selling,"16,654.5300",GH¢ per GBP,1.665453,GH¢ per GBP,ok,
2005-05-30,GBPGHS,Pound Sterling,Mid Rate,"16,527.3850",GH¢ per GBP,1.6527385,GH¢ per GBP,ok,
2005-05-30,JPYGHS,Japanese yen,Buying,83.3000,GH¢ per JPY,0.00833,GH¢ per JPY,ok,
2005-05-30,JPYGHS,Japanese yen,Selling,84.5400,GH¢ per JPY,0.008454,GH¢ per JPY,ok,
2005-05-30,JPYGHS,Japanese yen,Mid Rate,83.9200,GH¢ per JPY,0.008392,GH¢ per JPY,ok,
2005-05-30,NOKGHS,Norwegian Krone,Buying,"1,411.9900",GH¢ per NOK,0.141199,GH¢ per NOK,ok,
2005-05-30,NOKGHS,Norwegian Krone,Selling,"1,432.5100",GH¢ per NOK,0.143251,GH¢ per NOK,ok,
2005-05-30,NOKGHS,Norwegian Krone,Mid Rate,"1,422.2500",GH¢ per NOK,0.142225,GH¢ per NOK,ok,
2005-05-30,NZDGHS,New Zealand Dollar,Buying,"6,409.2200",GH¢ per NZD,0.640922,GH¢ per NZD,ok,
2005-05-30,NZDGHS,New Zealand Dollar,Selling,"6,518.5800",GH¢ per NZD,0.651858,GH¢ per NZD,ok,
2005-05-30,NZDGHS,New Zealand Dollar,Mid Rate,"6,463.9000",GH¢ per NZD,0.64639,GH¢ per NZD,ok,
2005-05-30,SEKGHS,Swedish Krona,Buying,"1,225.2600",GH¢ per SEK,0.122526,GH¢ per SEK,ok,
2005-05-30,SEKGHS,Swedish Krona,Selling,"1,243.7100",GH¢ per SEK,0.124371,GH¢ per SEK,ok,
2005-05-30,SEKGHS,Swedish Krona,Mid Rate,"1,234.4850",GH¢ per SEK,0.1234485,GH¢ per SEK,ok,
2005-05-31,USDGHS,US Dollar,Buying,"8,985.4500",GH¢ per USD,0.898545,GH¢ per USD,ok,
2005-05-31,USDGHS,US Dollar,Selling,"9,122.2700",GH¢ per USD,0.912227,GH¢ per USD,ok,
2005-05-31,USDGHS,US Dollar,Mid Rate,"9,053.8600",GH¢ per USD,0.905386,GH¢ per USD,ok,
2005-05-31,AUDGHS,Australian Dollar,Selling,"6,914.3300",GH¢ per AUD,0.691433,GH¢ per AUD,ok,
2005-05-31,AUDGHS,Australian Dollar,Mid Rate,"3,457.1650",GH¢ per AUD,0.3457165,GH¢ per AUD,ok,
2005-05-31,CADGHS,Canadian Dollar,Buying,"7,134.3200",GH¢ per CAD,0.713432,GH¢ per CAD,ok,
2005-05-31,CADGHS,Canadian Dollar,Selling,"7,240.6700",GH¢ per CAD,0.724067,GH¢ per CAD,ok,
2005-05-31,CADGHS,Canadian Dollar,Mid Rate,"7,187.4950",GH¢ per CAD,0.7187495,GH¢ per CAD,ok,
2005-05-31,CHFGHS,Swiss Franc,Buying,"7,213.3400",GH¢ per CHF,0.721334,GH¢ per CHF,ok,
2005-05-31,CHFGHS,Swiss Franc,Selling,"7,318.8900",GH¢ per CHF,0.731889,GH¢ per CHF,ok,
2005-05-31,CHFGHS,Swiss Franc,Mid Rate,"7,266.1150",GH¢ per CHF,0.7266115,GH¢ per CHF,ok,
2005-05-31,DKKGHS,Danish Krone,Buying,"1,494.9600",GH¢ per DKK,0.149496,GH¢ per DKK,ok,
2005-05-31,DKKGHS,Danish Krone,Selling,"1,517.2100",GH¢ per DKK,0.151721,GH¢ per DKK,ok,
2005-05-31,DKKGHS,Danish Krone,Mid Rate,"1,506.0850",GH¢ per DKK,0.1506085,GH¢ per DKK,ok,
2005-05-31,GBPGHS,Pound Sterling,Buying,"16,345.4300",GH¢ per GBP,1.634543,GH¢ per GBP,ok,
2005-05-31,GBPGHS,Pound Sterling,Selling,"16,597.0600",GH¢ per GBP,1.659706,GH¢ per GBP,ok,
2005-05-31,GBPGHS,Pound Sterling,Mid Rate,"16,471.2450",GH¢ per GBP,1.6471245,GH¢ per GBP,ok,
2005-05-31,JPYGHS,Japanese yen,Buying,83.1400,GH¢ per JPY,0.008314,GH¢ per JPY,ok,
2005-05-31,JPYGHS,Japanese yen,Selling,84.3700,GH¢ per JPY,0.008437,GH¢ per JPY,ok,
2005-05-31,JPYGHS,Japanese yen,Mid Rate,83.7550,GH¢ per JPY,0.0083755,GH¢ per JPY,ok,
2005-05-31,NOKGHS,Norwegian Krone,Buying,"1,395.9000",GH¢ per NOK,0.13959,GH¢ per NOK,ok,
2005-05-31,NOKGHS,Norwegian Krone,Selling,"1,416.7100",GH¢ per NOK,0.141671,GH¢ per NOK,ok,
2005-05-31,NOKGHS,Norwegian Krone,Mid Rate,"1,406.3050",GH¢ per NOK,0.1406305,GH¢ per NOK,ok,
2005-05-31,NZDGHS,New Zealand Dollar,Buying,"6,360.0100",GH¢ per NZD,0.636001,GH¢ per NZD,ok,
2005-05-31,NZDGHS,New Zealand Dollar,Selling,"6,467.8700",GH¢ per NZD,0.646787,GH¢ per NZD,ok,
2005-05-31,NZDGHS,New Zealand Dollar,Mid Rate,"6,413.9400",GH¢ per NZD,0.641394,GH¢ per NZD,ok,
2005-05-31,SEKGHS,Swedish Krona,Buying,"1,215.7600",GH¢ per SEK,0.121576,GH¢ per SEK,ok,
2005-05-31,SEKGHS,Swedish Krona,Selling,"1,233.9300",GH¢ per SEK,0.123393,GH¢ per SEK,ok,
2005-05-31,SEKGHS,Swedish Krona,Mid Rate,"1,224.8450",GH¢ per SEK,0.1224845,GH¢ per SEK,ok,
2005-06-01,USDGHS,US Dollar,Buying,"8,985.4500",GH¢ per USD,0.898545,GH¢ per USD,ok,
2005-06-01,USDGHS,US Dollar,Selling,"9,122.2700",GH¢ per USD,0.912227,GH¢ per USD,ok,
2005-06-01,USDGHS,US Dollar,Mid Rate,"9,053.8600",GH¢ per USD,0.905386,GH¢ per USD,ok,
2005-06-01,AUDGHS,Australian Dollar,Selling,"6,884.4000",GH¢ per AUD,0.68844,GH¢ per AUD,ok,
2005-06-01,AUDGHS,Australian Dollar,Mid Rate,"3,442.2000",GH¢ per AUD,0.34422,GH¢ per AUD,ok,
2005-06-01,CADGHS,Canadian Dollar,Buying,"7,175.2700",GH¢ per CAD,0.717527,GH¢ per CAD,ok,
2005-06-01,CADGHS,Canadian Dollar,Selling,"7,278.8700",GH¢ per CAD,0.727887,GH¢ per CAD,ok,
2005-06-01,CADGHS,Canadian Dollar,Mid Rate,"7,227.0700",GH¢ per CAD,0.722707,GH¢ per CAD,ok,
2005-06-01,CHFGHS,Swiss Franc,Buying,"7,210.3800",GH¢ per CHF,0.721038,GH¢ per CHF,ok,
2005-06-01,CHFGHS,Swiss Franc,Selling,"7,318.9600",GH¢ per CHF,0.731896,GH¢ per CHF,ok,
2005-06-01,CHFGHS,Swiss Franc,Mid Rate,"7,264.6700",GH¢ per CHF,0.726467,GH¢ per CHF,ok,
2005-06-01,DKKGHS,Danish Krone,Buying,"1,488.4800",GH¢ per DKK,0.148848,GH¢ per DKK,ok,
2005-06-01,DKKGHS,Danish Krone,Selling,"1,510.9000",GH¢ per DKK,0.15109,GH¢ per DKK,ok,
2005-06-01,DKKGHS,Danish Krone,Mid Rate,"1,499.6900",GH¢ per DKK,0.149969,GH¢ per DKK,ok,
2005-06-01,GBPGHS,Pound Sterling,Buying,"16,355.3200",GH¢ per GBP,1.635532,GH¢ per GBP,ok,
2005-06-01,GBPGHS,Pound Sterling,Selling,"16,608.9200",GH¢ per GBP,1.660892,GH¢ per GBP,ok,
2005-06-01,GBPGHS,Pound Sterling,Mid Rate,"16,482.1200",GH¢ per GBP,1.648212,GH¢ per GBP,ok,
2005-06-01,JPYGHS,Japanese yen,Buying,83.0200,GH¢ per JPY,0.008302,GH¢ per JPY,ok,
2005-06-01,JPYGHS,Japanese yen,Selling,84.2500,GH¢ per JPY,0.008425,GH¢ per JPY,ok,
2005-06-01,JPYGHS,Japanese yen,Mid Rate,83.6350,GH¢ per JPY,0.0083635,GH¢ per JPY,ok,
2005-06-01,NOKGHS,Norwegian Krone,Buying,"1,396.4900",GH¢ per NOK,0.139649,GH¢ per NOK,ok,
2005-06-01,NOKGHS,Norwegian Krone,Selling,"1,417.4700",GH¢ per NOK,0.141747,GH¢ per NOK,ok,
2005-06-01,NOKGHS,Norwegian Krone,Mid Rate,"1,406.9800",GH¢ per NOK,0.140698,GH¢ per NOK,ok,
2005-06-01,NZDGHS,New Zealand Dollar,Buying,"6,321.3300",GH¢ per NZD,0.632133,GH¢ per NZD,ok,
2005-06-01,NZDGHS,New Zealand Dollar,Selling,"6,425.9900",GH¢ per NZD,0.642599,GH¢ per NZD,ok,
2005-06-01,NZDGHS,New Zealand Dollar,Mid Rate,"6,373.6600",GH¢ per NZD,0.637366,GH¢ per NZD,ok,
2005-06-01,SEKGHS,Swedish Krona,Buying,"1,211.8500",GH¢ per SEK,0.121185,GH¢ per SEK,ok,
2005-06-01,SEKGHS,Swedish Krona,Selling,"1,230.1000",GH¢ per SEK,0.12301,GH¢ per SEK,ok,
2005-06-01,SEKGHS,Swedish Krona,Mid Rate,"1,220.9750",GH¢ per SEK,0.1220975,GH¢ per SEK,ok,
2005-06-02,USDGHS,US Dollar,Buying,"8,985.4500",GH¢ per USD,0.898545,GH¢ per USD,ok,
2005-06-02,USDGHS,US Dollar,Selling,"9,122.2700",GH¢ per USD,0.912227,GH¢ per USD,ok,
2005-06-02,USDGHS,US Dollar,Mid Rate,"9,053.8600",GH¢ per USD,0.905386,GH¢ per USD,ok,
2005-06-02,AUDGHS,Australian Dollar,Selling,"6,867.2400",GH¢ per AUD,0.686724,GH¢ per AUD,ok,
2005-06-02,AUDGHS,Australian Dollar,Mid Rate,"3,433.6200",GH¢ per AUD,0.343362,GH¢ per AUD,ok,
2005-06-02,CADGHS,Canadian Dollar,Buying,"7,204.7800",GH¢ per CAD,0.720478,GH¢ per CAD,ok,
2005-06-02,CADGHS,Canadian Dollar,Selling,"7,312.1500",GH¢ per CAD,0.731215,GH¢ per CAD,ok,
2005-06-02,CADGHS,Canadian Dollar,Mid Rate,"7,258.4650",GH¢ per CAD,0.7258465,GH¢ per CAD,ok,
2005-06-02,CHFGHS,Swiss Franc,Buying,"7,180.0600",GH¢ per CHF,0.718006,GH¢ per CHF,ok,
2005-06-02,CHFGHS,Swiss Franc,Selling,"7,289.3100",GH¢ per CHF,0.728931,GH¢ per CHF,ok,
2005-06-02,CHFGHS,Swiss Franc,Mid Rate,"7,234.6850",GH¢ per CHF,0.7234685,GH¢ per CHF,ok,
2005-06-02,DKKGHS,Danish Krone,Buying,"1,480.2400",GH¢ per DKK,0.148024,GH¢ per DKK,ok,
2005-06-02,DKKGHS,Danish Krone,Selling,"1,501.9300",GH¢ per DKK,0.150193,GH¢ per DKK,ok,
2005-06-02,DKKGHS,Danish Krone,Mid Rate,"1,491.0850",GH¢ per DKK,0.1491085,GH¢ per DKK,ok,
2005-06-02,GBPGHS,Pound Sterling,Buying,"16,320.2700",GH¢ per GBP,1.632027,GH¢ per GBP,ok,
2005-06-02,GBPGHS,Pound Sterling,Selling,"16,571.5200",GH¢ per GBP,1.657152,GH¢ per GBP,ok,
2005-06-02,GBPGHS,Pound Sterling,Mid Rate,"16,445.8950",GH¢ per GBP,1.6445895,GH¢ per GBP,ok,
2005-06-02,JPYGHS,Japanese yen,Buying,82.9700,GH¢ per JPY,0.008297,GH¢ per JPY,ok,
2005-06-02,JPYGHS,Japanese yen,Selling,84.1900,GH¢ per JPY,0.008419,GH¢ per JPY,ok,
2005-06-02,JPYGHS,Japanese yen,Mid Rate,83.5800,GH¢ per JPY,0.008358,GH¢ per JPY,ok,
2005-06-02,NOKGHS,Norwegian Krone,Buying,"1,390.3700",GH¢ per NOK,0.139037,GH¢ per NOK,ok,
2005-06-02,NOKGHS,Norwegian Krone,Selling,"1,410.4500",GH¢ per NOK,0.141045,GH¢ per NOK,ok,
2005-06-02,NOKGHS,Norwegian Krone,Mid Rate,"1,400.4100",GH¢ per NOK,0.140041,GH¢ per NOK,ok,
2005-06-02,NZDGHS,New Zealand Dollar,Buying,"6,281.6700",GH¢ per NZD,0.628167,GH¢ per NZD,ok,
2005-06-02,NZDGHS,New Zealand Dollar,Selling,"6,388.3200",GH¢ per NZD,0.638832,GH¢ per NZD,ok,
2005-06-02,NZDGHS,New Zealand Dollar,Mid Rate,"6,334.9950",GH¢ per NZD,0.6334995,GH¢ per NZD,ok,
2005-06-02,SEKGHS,Swedish Krona,Buying,"1,203.7900",GH¢ per SEK,0.120379,GH¢ per SEK,ok,
2005-06-02,SEKGHS,Swedish Krona,Selling,"1,221.5200",GH¢ per SEK,0.122152,GH¢ per SEK,ok,
2005-06-02,SEKGHS,Swedish Krona,Mid Rate,"1,212.6550",GH¢ per SEK,0.1212655,GH¢ per SEK,ok,
2005-06-03,USDGHS,US Dollar,Buying,"8,985.4500",GH¢ per USD,0.898545,GH¢ per USD,ok,
2005-06-03,USDGHS,US Dollar,Selling,"9,122.2700",GH¢ per USD,0.912227,GH¢ per USD,ok,
2005-06-03,USDGHS,US Dollar,Mid Rate,"9,053.8600",GH¢ per USD,0.905386,GH¢ per USD,ok,
2005-06-03,AUDGHS,Australian Dollar,Selling,"6,904.5600",GH¢ per AUD,0.690456,GH¢ per AUD,ok,
2005-06-03,AUDGHS,Australian Dollar,Mid Rate,"3,452.2800",GH¢ per AUD,0.345228,GH¢ per AUD,ok,
2005-06-03,CADGHS,Canadian Dollar,Buying,"7,201.0400",GH¢ per CAD,0.720104,GH¢ per CAD,ok,
2005-06-03,CADGHS,Canadian Dollar,Selling,"7,304.9700",GH¢ per CAD,0.730497,GH¢ per CAD,ok,
2005-06-03,CADGHS,Canadian Dollar,Mid Rate,"7,253.0050",GH¢ per CAD,0.7253005,GH¢ per CAD,ok,
2005-06-03,CHFGHS,Swiss Franc,Buying,"7,184.2500",GH¢ per CHF,0.718425,GH¢ per CHF,ok,
2005-06-03,CHFGHS,Swiss Franc,Selling,"7,292.1200",GH¢ per CHF,0.729212,GH¢ per CHF,ok,
2005-06-03,CHFGHS,Swiss Franc,Mid Rate,"7,238.1850",GH¢ per CHF,0.7238185,GH¢ per CHF,ok,
2005-06-03,DKKGHS,Danish Krone,Buying,"1,482.0400",GH¢ per DKK,0.148204,GH¢ per DKK,ok,
2005-06-03,DKKGHS,Danish Krone,Selling,"1,504.3500",GH¢ per DKK,0.150435,GH¢ per DKK,ok,
2005-06-03,DKKGHS,Danish Krone,Mid Rate,"1,493.1950",GH¢ per DKK,0.1493195,GH¢ per DKK,ok,
2005-06-03,GBPGHS,Pound Sterling,Buying,"16,328.2600",GH¢ per GBP,1.632826,GH¢ per GBP,ok,
2005-06-03,GBPGHS,Pound Sterling,Selling,"16,581.5500",GH¢ per GBP,1.658155,GH¢ per GBP,ok,
2005-06-03,GBPGHS,Pound Sterling,Mid Rate,"16,454.9050",GH¢ per GBP,1.6454905,GH¢ per GBP,ok,
2005-06-03,JPYGHS,Japanese yen,Buying,83.3000,GH¢ per JPY,0.00833,GH¢ per JPY,ok,
2005-06-03,JPYGHS,Japanese yen,Selling,84.5400,GH¢ per JPY,0.008454,GH¢ per JPY,ok,
2005-06-03,JPYGHS,Japanese yen,Mid Rate,83.9200,GH¢ per JPY,0.008392,GH¢ per JPY,ok,
2005-06-03,NOKGHS,Norwegian Krone,Buying,"1,392.7900",GH¢ per NOK,0.139279,GH¢ per NOK,ok,
2005-06-03,NOKGHS,Norwegian Krone,Selling,"1,412.6400",GH¢ per NOK,0.141264,GH¢ per NOK,ok,
2005-06-03,NOKGHS,Norwegian Krone,Mid Rate,"1,402.7150",GH¢ per NOK,0.1402715,GH¢ per NOK,ok,
2005-06-03,NZDGHS,New Zealand Dollar,Buying,"6,302.7500",GH¢ per NZD,0.630275,GH¢ per NZD,ok,
2005-06-03,NZDGHS,New Zealand Dollar,Selling,"6,408.7700",GH¢ per NZD,0.640877,GH¢ per NZD,ok,
2005-06-03,NZDGHS,New Zealand Dollar,Mid Rate,"6,355.7600",GH¢ per NZD,0.635576,GH¢ per NZD,ok,
2005-06-03,SEKGHS,Swedish Krona,Buying,"1,208.2600",GH¢ per SEK,0.120826,GH¢ per SEK,ok,
2005-06-03,SEKGHS,Swedish Krona,Selling,"1,225.8300",GH¢ per SEK,0.122583,GH¢ per SEK,ok,
2005-06-03,SEKGHS,Swedish Krona,Mid Rate,"1,217.0450",GH¢ per SEK,0.1217045,GH¢ per SEK,ok,
2005-06-06,USDGHS,US Dollar,Buying,"8,985.4500",GH¢ per USD,0.898545,GH¢ per USD,ok,
2005-06-06,USDGHS,US Dollar,Selling,"9,123.1800",GH¢ per USD,0.912318,GH¢ per USD,ok,
2005-06-06,USDGHS,US Dollar,Mid Rate,"9,054.3150",GH¢ per USD,0.9054315,GH¢ per USD,ok,
2005-06-06,AUDGHS,Australian Dollar,Selling,"6,938.0100",GH¢ per AUD,0.693801,GH¢ per AUD,ok,
2005-06-06,AUDGHS,Australian Dollar,Mid Rate,"3,469.0050",GH¢ per AUD,0.3469005,GH¢ per AUD,ok,
2005-06-06,CADGHS,Canadian Dollar,Buying,"7,211.3600",GH¢ per CAD,0.721136,GH¢ per CAD,ok,
2005-06-06,CADGHS,Canadian Dollar,Selling,"7,320.2000",GH¢ per CAD,0.73202,GH¢ per CAD,ok,
2005-06-06,CADGHS,Canadian Dollar,Mid Rate,"7,265.7800",GH¢ per CAD,0.726578,GH¢ per CAD,ok,
2005-06-06,CHFGHS,Swiss Franc,Buying,"7,197.7000",GH¢ per CHF,0.71977,GH¢ per CHF,ok,
2005-06-06,CHFGHS,Swiss Franc,Selling,"7,305.0500",GH¢ per CHF,0.730505,GH¢ per CHF,ok,
2005-06-06,CHFGHS,Swiss Franc,Mid Rate,"7,251.3750",GH¢ per CHF,0.7251375,GH¢ per CHF,ok,
2005-06-06,DKKGHS,Danish Krone,Buying,"1,481.4500",GH¢ per DKK,0.148145,GH¢ per DKK,ok,
2005-06-06,DKKGHS,Danish Krone,Selling,"1,503.9100",GH¢ per DKK,0.150391,GH¢ per DKK,ok,
2005-06-06,DKKGHS,Danish Krone,Mid Rate,"1,492.6800",GH¢ per DKK,0.149268,GH¢ per DKK,ok,
2005-06-06,GBPGHS,Pound Sterling,Buying,"16,340.9400",GH¢ per GBP,1.634094,GH¢ per GBP,ok,
2005-06-06,GBPGHS,Pound Sterling,Selling,"16,594.1500",GH¢ per GBP,1.659415,GH¢ per GBP,ok,
2005-06-06,GBPGHS,Pound Sterling,Mid Rate,"16,467.5450",GH¢ per GBP,1.6467545,GH¢ per GBP,ok,
2005-06-06,JPYGHS,Japanese yen,Buying,83.7900,GH¢ per JPY,0.008379,GH¢ per JPY,ok,
2005-06-06,JPYGHS,Japanese yen,Selling,85.0400,GH¢ per JPY,0.008504,GH¢ per JPY,ok,
2005-06-06,JPYGHS,Japanese yen,Mid Rate,84.4150,GH¢ per JPY,0.0084415,GH¢ per JPY,ok,
2005-06-06,NOKGHS,Norwegian Krone,Buying,"1,397.5300",GH¢ per NOK,0.139753,GH¢ per NOK,ok,
2005-06-06,NOKGHS,Norwegian Krone,Selling,"1,418.2900",GH¢ per NOK,0.141829,GH¢ per NOK,ok,
2005-06-06,NOKGHS,Norwegian Krone,Mid Rate,"1,407.9100",GH¢ per NOK,0.140791,GH¢ per NOK,ok,
2005-06-06,NZDGHS,New Zealand Dollar,Buying,"6,319.0400",GH¢ per NZD,0.631904,GH¢ per NZD,ok,
2005-06-06,NZDGHS,New Zealand Dollar,Selling,"6,438.5700",GH¢ per NZD,0.643857,GH¢ per NZD,ok,
2005-06-06,NZDGHS,New Zealand Dollar,Mid Rate,"6,378.8050",GH¢ per NZD,0.6378805,GH¢ per NZD,ok,
2005-06-06,SEKGHS,Swedish Krona,Buying,"1,206.3900",GH¢ per SEK,0.120639,GH¢ per SEK,ok,
2005-06-06,SEKGHS,Swedish Krona,Selling,"1,224.3900",GH¢ per SEK,0.122439,GH¢ per SEK,ok,
2005-06-06,SEKGHS,Swedish Krona,Mid Rate,"1,215.3900",GH¢ per SEK,0.121539,GH¢ per SEK,ok,
2005-06-07,USDGHS,US Dollar,Buying,"8,985.4500",GH¢ per USD,0.898545,GH¢ per USD,ok,
2005-06-07,USDGHS,US Dollar,Selling,"9,123.1800",GH¢ per USD,0.912318,GH¢ per USD,ok,
2005-06-07,USDGHS,US Dollar,Mid Rate,"9,054.3150",GH¢ per USD,0.9054315,GH¢ per USD,ok,
2005-06-07,AUDGHS,Australian Dollar,Selling,"7,009.5300",GH¢ per AUD,0.700953,GH¢ per AUD,ok,
2005-06-07,AUDGHS,Australian Dollar,Mid Rate,"3,504.7650",GH¢ per AUD,0.3504765,GH¢ per AUD,ok,
2005-06-07,CADGHS,Canadian Dollar,Buying,"7,227.7300",GH¢ per CAD,0.722773,GH¢ per CAD,ok,
2005-06-07,CADGHS,Canadian Dollar,Selling,"7,335.8500",GH¢ per CAD,0.733585,GH¢ per CAD,ok,
2005-06-07,CADGHS,Canadian Dollar,Mid Rate,"7,281.7900",GH¢ per CAD,0.728179,GH¢ per CAD,ok,
2005-06-07,CHFGHS,Swiss Franc,Buying,"7,210.6000",GH¢ per CHF,0.72106,GH¢ per CHF,ok,
2005-06-07,CHFGHS,Swiss Franc,Selling,"7,318.1500",GH¢ per CHF,0.731815,GH¢ per CHF,ok,
2005-06-07,CHFGHS,Swiss Franc,Mid Rate,"7,264.3750",GH¢ per CHF,0.7264375,GH¢ per CHF,ok,
2005-06-07,DKKGHS,Danish Krone,Buying,"1,482.5900",GH¢ per DKK,0.148259,GH¢ per DKK,ok,
2005-06-07,DKKGHS,Danish Krone,Selling,"1,505.1900",GH¢ per DKK,0.150519,GH¢ per DKK,ok,
2005-06-07,DKKGHS,Danish Krone,Mid Rate,"1,493.8900",GH¢ per DKK,0.149389,GH¢ per DKK,ok,
2005-06-07,GBPGHS,Pound Sterling,Buying,"16,430.7900",GH¢ per GBP,1.643079,GH¢ per GBP,ok,
2005-06-07,GBPGHS,Pound Sterling,Selling,"16,685.3800",GH¢ per GBP,1.668538,GH¢ per GBP,ok,
2005-06-07,GBPGHS,Pound Sterling,Mid Rate,"16,558.0850",GH¢ per GBP,1.6558085,GH¢ per GBP,ok,
2005-06-07,JPYGHS,Japanese yen,Buying,84.1700,GH¢ per JPY,0.008417,GH¢ per JPY,ok,
2005-06-07,JPYGHS,Japanese yen,Selling,85.4300,GH¢ per JPY,0.008543,GH¢ per JPY,ok,
2005-06-07,JPYGHS,Japanese yen,Mid Rate,84.8000,GH¢ per JPY,0.00848,GH¢ per JPY,ok,
2005-06-07,NOKGHS,Norwegian Krone,Buying,"1,399.4700",GH¢ per NOK,0.139947,GH¢ per NOK,ok,
2005-06-07,NOKGHS,Norwegian Krone,Selling,"1,420.4800",GH¢ per NOK,0.142048,GH¢ per NOK,ok,
2005-06-07,NOKGHS,Norwegian Krone,Mid Rate,"1,409.9750",GH¢ per NOK,0.1409975,GH¢ per NOK,ok,
2005-06-07,NZDGHS,New Zealand Dollar,Buying,"6,399.7900",GH¢ per NZD,0.639979,GH¢ per NZD,ok,
2005-06-07,NZDGHS,New Zealand Dollar,Selling,"6,508.9700",GH¢ per NZD,0.650897,GH¢ per NZD,ok,
2005-06-07,NZDGHS,New Zealand Dollar,Mid Rate,"6,454.3800",GH¢ per NZD,0.645438,GH¢ per NZD,ok,
2005-06-07,SEKGHS,Swedish Krona,Buying,"1,207.2900",GH¢ per SEK,0.120729,GH¢ per SEK,ok,
2005-06-07,SEKGHS,Swedish Krona,Selling,"1,225.4600",GH¢ per SEK,0.122546,GH¢ per SEK,ok,
2005-06-07,SEKGHS,Swedish Krona,Mid Rate,"1,216.3750",GH¢ per SEK,0.1216375,GH¢ per SEK,ok,
2005-06-08,USDGHS,US Dollar,Buying,"8,985.4500",GH¢ per USD,0.898545,GH¢ per USD,ok,
2005-06-08,USDGHS,US Dollar,Selling,"9,123.1800",GH¢ per USD,0.912318,GH¢ per USD,ok,
2005-06-08,USDGHS,US Dollar,Mid Rate,"9,054.3150",GH¢ per USD,0.9054315,GH¢ per USD,ok,
2005-06-08,AUDGHS,Australian Dollar,Selling,"7,015.0500",GH¢ per AUD,0.701505,GH¢ per AUD,ok,
2005-06-08,AUDGHS,Australian Dollar,Mid Rate,"3,507.5250",GH¢ per AUD,0.3507525,GH¢ per AUD,ok,
2005-06-08,CADGHS,Canadian Dollar,Buying,"7,204.8400",GH¢ per CAD,0.720484,GH¢ per CAD,ok,
2005-06-08,CADGHS,Canadian Dollar,Selling,"7,312.6400",GH¢ per CAD,0.731264,GH¢ per CAD,ok,
2005-06-08,CADGHS,Canadian Dollar,Mid Rate,"7,258.7400",GH¢ per CAD,0.725874,GH¢ per CAD,ok,
2005-06-08,CHFGHS,Swiss Franc,Buying,"7,220.9100",GH¢ per CHF,0.722091,GH¢ per CHF,ok,
2005-06-08,CHFGHS,Swiss Franc,Selling,"7,328.9500",GH¢ per CHF,0.732895,GH¢ per CHF,ok,
2005-06-08,CHFGHS,Swiss Franc,Mid Rate,"7,274.9300",GH¢ per CHF,0.727493,GH¢ per CHF,ok,
2005-06-08,DKKGHS,Danish Krone,Buying,"1,486.7100",GH¢ per DKK,0.148671,GH¢ per DKK,ok,
2005-06-08,DKKGHS,Danish Krone,Selling,"1,508.8400",GH¢ per DKK,0.150884,GH¢ per DKK,ok,
2005-06-08,DKKGHS,Danish Krone,Mid Rate,"1,497.7750",GH¢ per DKK,0.1497775,GH¢ per DKK,ok,
2005-06-08,GBPGHS,Pound Sterling,Buying,"16,502.4500",GH¢ per GBP,1.650245,GH¢ per GBP,ok,
2005-06-08,GBPGHS,Pound Sterling,Selling,"16,758.3700",GH¢ per GBP,1.675837,GH¢ per GBP,ok,
2005-06-08,GBPGHS,Pound Sterling,Mid Rate,"16,630.4100",GH¢ per GBP,1.663041,GH¢ per GBP,ok,
2005-06-08,JPYGHS,Japanese yen,Buying,84.1700,GH¢ per JPY,0.008417,GH¢ per JPY,ok,
2005-06-08,JPYGHS,Japanese yen,Selling,85.4200,GH¢ per JPY,0.008542,GH¢ per JPY,ok,
2005-06-08,JPYGHS,Japanese yen,Mid Rate,84.7950,GH¢ per JPY,0.0084795,GH¢ per JPY,ok,
2005-06-08,NOKGHS,Norwegian Krone,Buying,"1,402.1400",GH¢ per NOK,0.140214,GH¢ per NOK,ok,
2005-06-08,NOKGHS,Norwegian Krone,Selling,"1,423.2800",GH¢ per NOK,0.142328,GH¢ per NOK,ok,
2005-06-08,NOKGHS,Norwegian Krone,Mid Rate,"1,412.7100",GH¢ per NOK,0.141271,GH¢ per NOK,ok,
2005-06-08,NZDGHS,New Zealand Dollar,Buying,"6,429.4400",GH¢ per NZD,0.642944,GH¢ per NZD,ok,
2005-06-08,NZDGHS,New Zealand Dollar,Selling,"6,539.1200",GH¢ per NZD,0.653912,GH¢ per NZD,ok,
2005-06-08,NZDGHS,New Zealand Dollar,Mid Rate,"6,484.2800",GH¢ per NZD,0.648428,GH¢ per NZD,ok,
2005-06-08,SEKGHS,Swedish Krona,Buying,"1,210.6200",GH¢ per SEK,0.121062,GH¢ per SEK,ok,
2005-06-08,SEKGHS,Swedish Krona,Selling,"1,228.4100",GH¢ per SEK,0.122841,GH¢ per SEK,ok,
2005-06-08,SEKGHS,Swedish Krona,Mid Rate,"1,219.5150",GH¢ per SEK,0.1219515,GH¢ per SEK,ok,
2005-06-09,USDGHS,US Dollar,Buying,"8,985.4500",GH¢ per USD,0.898545,GH¢ per USD,ok,
2005-06-09,USDGHS,US Dollar,Selling,"9,123.1800",GH¢ per USD,0.912318,GH¢ per USD,ok,
2005-06-09,USDGHS,US Dollar,Mid Rate,"9,054.3150",GH¢ per USD,0.9054315,GH¢ per USD,ok,
2005-06-09,AUDGHS,Australian Dollar,Selling,"7,007.7700",GH¢ per AUD,0.700777,GH¢ per AUD,ok,
2005-06-09,AUDGHS,Australian Dollar,Mid Rate,"3,503.8850",GH¢ per AUD,0.3503885,GH¢ per AUD,ok,
2005-06-09,CADGHS,Canadian Dollar,Buying,"7,167.8600",GH¢ per CAD,0.716786,GH¢ per CAD,ok,
2005-06-09,CADGHS,Canadian Dollar,Selling,"7,276.3800",GH¢ per CAD,0.727638,GH¢ per CAD,ok,
2005-06-09,CADGHS,Canadian Dollar,Mid Rate,"7,222.1200",GH¢ per CAD,0.722212,GH¢ per CAD,ok,
2005-06-09,CHFGHS,Swiss Franc,Buying,"7,170.0500",GH¢ per CHF,0.717005,GH¢ per CHF,ok,
2005-06-09,CHFGHS,Swiss Franc,Selling,"7,278.6100",GH¢ per CHF,0.727861,GH¢ per CHF,ok,
2005-06-09,CHFGHS,Swiss Franc,Mid Rate,"7,224.3300",GH¢ per CHF,0.722433,GH¢ per CHF,ok,
2005-06-09,DKKGHS,Danish Krone,Buying,"1,475.9000",GH¢ per DKK,0.14759,GH¢ per DKK,ok,
2005-06-09,DKKGHS,Danish Krone,Selling,"1,498.3700",GH¢ per DKK,0.149837,GH¢ per DKK,ok,
2005-06-09,DKKGHS,Danish Krone,Mid Rate,"1,487.1350",GH¢ per DKK,0.1487135,GH¢ per DKK,ok,
2005-06-09,GBPGHS,Pound Sterling,Buying,"16,399.3400",GH¢ per GBP,1.639934,GH¢ per GBP,ok,
2005-06-09,GBPGHS,Pound Sterling,Selling,"16,653.4500",GH¢ per GBP,1.665345,GH¢ per GBP,ok,
2005-06-09,GBPGHS,Pound Sterling,Mid Rate,"16,526.3950",GH¢ per GBP,1.6526395,GH¢ per GBP,ok,
2005-06-09,JPYGHS,Japanese yen,Buying,83.8000,GH¢ per JPY,0.00838,GH¢ per JPY,ok,
2005-06-09,JPYGHS,Japanese yen,Selling,85.0400,GH¢ per JPY,0.008504,GH¢ per JPY,ok,
2005-06-09,JPYGHS,Japanese yen,Mid Rate,84.4200,GH¢ per JPY,0.008442,GH¢ per JPY,ok,
2005-06-09,NOKGHS,Norwegian Krone,Buying,"1,387.5600",GH¢ per NOK,0.138756,GH¢ per NOK,ok,
2005-06-09,NOKGHS,Norwegian Krone,Selling,"1,408.4800",GH¢ per NOK,0.140848,GH¢ per NOK,ok,
2005-06-09,NOKGHS,Norwegian Krone,Mid Rate,"1,398.0200",GH¢ per NOK,0.139802,GH¢ per NOK,ok,
2005-06-09,NZDGHS,New Zealand Dollar,Buying,"6,410.5000",GH¢ per NZD,0.64105,GH¢ per NZD,ok,
2005-06-09,NZDGHS,New Zealand Dollar,Selling,"6,519.8300",GH¢ per NZD,0.651983,GH¢ per NZD,ok,
2005-06-09,NZDGHS,New Zealand Dollar,Mid Rate,"6,465.1650",GH¢ per NZD,0.6465165,GH¢ per NZD,ok,
2005-06-09,SEKGHS,Swedish Krona,Buying,"1,195.6400",GH¢ per SEK,0.119564,GH¢ per SEK,ok,
2005-06-09,SEKGHS,Swedish Krona,Selling,"1,213.7100",GH¢ per SEK,0.121371,GH¢ per SEK,ok,
2005-06-09,SEKGHS,Swedish Krona,Mid Rate,"1,204.6750",GH¢ per SEK,0.1204675,GH¢ per SEK,ok,
2005-06-10,USDGHS,US Dollar,Buying,"8,985.4500",GH¢ per USD,0.898545,GH¢ per USD,ok,
2005-06-10,USDGHS,US Dollar,Selling,"9,123.1800",GH¢ per USD,0.912318,GH¢ per USD,ok,
2005-06-10,USDGHS,US Dollar,Mid Rate,"9,054.3150",GH¢ per USD,0.9054315,GH¢ per USD,ok,
2005-06-10,AUDGHS,Australian Dollar,Selling,"6,994.8400",GH¢ per AUD,0.699484,GH¢ per AUD,ok,
2005-06-10,AUDGHS,Australian Dollar,Mid Rate,"3,497.4200",GH¢ per AUD,0.349742,GH¢ per AUD,ok,
2005-06-10,CADGHS,Canadian Dollar,Buying,"7,144.9400",GH¢ per CAD,0.714494,GH¢ per CAD,ok,
2005-06-10,CADGHS,Canadian Dollar,Selling,"7,252.2500",GH¢ per CAD,0.725225,GH¢ per CAD,ok,
2005-06-10,CADGHS,Canadian Dollar,Mid Rate,"7,198.5950",GH¢ per CAD,0.7198595,GH¢ per CAD,ok,
2005-06-10,CHFGHS,Swiss Franc,Buying,"7,164.0300",GH¢ per CHF,0.716403,GH¢ per CHF,ok,
2005-06-10,CHFGHS,Swiss Franc,Selling,"7,272.2600",GH¢ per CHF,0.727226,GH¢ per CHF,ok,
2005-06-10,CHFGHS,Swiss Franc,Mid Rate,"7,218.1450",GH¢ per CHF,0.7218145,GH¢ per CHF,ok,
2005-06-10,DKKGHS,Danish Krone,Buying,"1,475.5400",GH¢ per DKK,0.147554,GH¢ per DKK,ok,
2005-06-10,DKKGHS,Danish Krone,Selling,"1,497.9800",GH¢ per DKK,0.149798,GH¢ per DKK,ok,
2005-06-10,DKKGHS,Danish Krone,Mid Rate,"1,486.7600",GH¢ per DKK,0.148676,GH¢ per DKK,ok,
2005-06-10,GBPGHS,Pound Sterling,Buying,"16,352.6200",GH¢ per GBP,1.635262,GH¢ per GBP,ok,
2005-06-10,GBPGHS,Pound Sterling,Selling,"16,606.9200",GH¢ per GBP,1.660692,GH¢ per GBP,ok,
2005-06-10,GBPGHS,Pound Sterling,Mid Rate,"16,479.7700",GH¢ per GBP,1.647977,GH¢ per GBP,ok,
2005-06-10,JPYGHS,Japanese yen,Buying,83.6500,GH¢ per JPY,0.008365,GH¢ per JPY,ok,
2005-06-10,JPYGHS,Japanese yen,Selling,84.9000,GH¢ per JPY,0.00849,GH¢ per JPY,ok,
2005-06-10,JPYGHS,Japanese yen,Mid Rate,84.2750,GH¢ per JPY,0.0084275,GH¢ per JPY,ok,
2005-06-10,NOKGHS,Norwegian Krone,Buying,"1,397.0000",GH¢ per NOK,0.1397,GH¢ per NOK,ok,
2005-06-10,NOKGHS,Norwegian Krone,Selling,"1,418.0500",GH¢ per NOK,0.141805,GH¢ per NOK,ok,
2005-06-10,NOKGHS,Norwegian Krone,Mid Rate,"1,407.5250",GH¢ per NOK,0.1407525,GH¢ per NOK,ok,
2005-06-10,NZDGHS,New Zealand Dollar,Buying,"6,390.6000",GH¢ per NZD,0.63906,GH¢ per NZD,ok,
2005-06-10,NZDGHS,New Zealand Dollar,Selling,"6,496.6300",GH¢ per NZD,0.649663,GH¢ per NZD,ok,
2005-06-10,NZDGHS,New Zealand Dollar,Mid Rate,"6,443.6150",GH¢ per NZD,0.6443615,GH¢ per NZD,ok,
2005-06-10,SEKGHS,Swedish Krona,Buying,"1,194.6700",GH¢ per SEK,0.119467,GH¢ per SEK,ok,
2005-06-10,SEKGHS,Swedish Krona,Selling,"1,212.4700",GH¢ per SEK,0.121247,GH¢ per SEK,ok,
2005-06-10,SEKGHS,Swedish Krona,Mid Rate,"1,203.5700",GH¢ per SEK,0.120357,GH¢ per SEK,ok,
2005-06-13,USDGHS,US Dollar,Buying,"8,988.1800",GH¢ per USD,0.898818,GH¢ per USD,ok,
2005-06-13,USDGHS,US Dollar,Selling,"9,123.1800",GH¢ per USD,0.912318,GH¢ per USD,ok,
2005-06-13,USDGHS,US Dollar,Mid Rate,"9,055.6800",GH¢ per USD,0.905568,GH¢ per USD,ok,
2005-06-13,AUDGHS,Australian Dollar,Selling,"6,968.5800",GH¢ per AUD,0.696858,GH¢ per AUD,ok,
2005-06-13,AUDGHS,Australian Dollar,Mid Rate,"3,484.2900",GH¢ per AUD,0.348429,GH¢ per AUD,ok,
2005-06-13,CADGHS,Canadian Dollar,Buying,"7,167.5700",GH¢ per CAD,0.716757,GH¢ per CAD,ok,
2005-06-13,CADGHS,Canadian Dollar,Selling,"7,272.8200",GH¢ per CAD,0.727282,GH¢ per CAD,ok,
2005-06-13,CADGHS,Canadian Dollar,Mid Rate,"7,220.1950",GH¢ per CAD,0.7220195,GH¢ per CAD,ok,
2005-06-13,CHFGHS,Swiss Franc,Buying,"7,067.8900",GH¢ per CHF,0.706789,GH¢ per CHF,ok,
2005-06-13,CHFGHS,Swiss Franc,Selling,"7,171.7200",GH¢ per CHF,0.717172,GH¢ per CHF,ok,
2005-06-13,CHFGHS,Swiss Franc,Mid Rate,"7,119.8050",GH¢ per CHF,0.7119805,GH¢ per CHF,ok,
2005-06-13,DKKGHS,Danish Krone,Buying,"1,460.4400",GH¢ per DKK,0.146044,GH¢ per DKK,ok,
2005-06-13,DKKGHS,Danish Krone,Selling,"1,481.4400",GH¢ per DKK,0.148144,GH¢ per DKK,ok,
2005-06-13,DKKGHS,Danish Krone,Mid Rate,"1,470.9400",GH¢ per DKK,0.147094,GH¢ per DKK,ok,
2005-06-13,GBPGHS,Pound Sterling,Buying,"16,263.2100",GH¢ per GBP,1.626321,GH¢ per GBP,ok,
2005-06-13,GBPGHS,Pound Sterling,Selling,"16,509.3100",GH¢ per GBP,1.650931,GH¢ per GBP,ok,
2005-06-13,GBPGHS,Pound Sterling,Mid Rate,"16,386.2600",GH¢ per GBP,1.638626,GH¢ per GBP,ok,
2005-06-13,JPYGHS,Japanese yen,Buying,82.7700,GH¢ per JPY,0.008277,GH¢ per JPY,ok,
2005-06-13,JPYGHS,Japanese yen,Selling,83.9700,GH¢ per JPY,0.008397,GH¢ per JPY,ok,
2005-06-13,JPYGHS,Japanese yen,Mid Rate,83.3700,GH¢ per JPY,0.008337,GH¢ per JPY,ok,
2005-06-13,NOKGHS,Norwegian Krone,Buying,"1,385.3800",GH¢ per NOK,0.138538,GH¢ per NOK,ok,
2005-06-13,NOKGHS,Norwegian Krone,Selling,"1,405.5400",GH¢ per NOK,0.140554,GH¢ per NOK,ok,
2005-06-13,NOKGHS,Norwegian Krone,Mid Rate,"1,395.4600",GH¢ per NOK,0.139546,GH¢ per NOK,ok,
2005-06-13,NZDGHS,New Zealand Dollar,Buying,"6,365.4200",GH¢ per NZD,0.636542,GH¢ per NZD,ok,
2005-06-13,NZDGHS,New Zealand Dollar,Selling,"6,465.0400",GH¢ per NZD,0.646504,GH¢ per NZD,ok,
2005-06-13,NZDGHS,New Zealand Dollar,Mid Rate,"6,415.2300",GH¢ per NZD,0.641523,GH¢ per NZD,ok,
2005-06-13,SEKGHS,Swedish Krona,Buying,"1,177.5900",GH¢ per SEK,0.117759,GH¢ per SEK,ok,
2005-06-13,SEKGHS,Swedish Krona,Selling,"1,194.7000",GH¢ per SEK,0.11947,GH¢ per SEK,ok,
2005-06-13,SEKGHS,Swedish Krona,Mid Rate,"1,186.1450",GH¢ per SEK,0.1186145,GH¢ per SEK,ok,
2005-06-14,USDGHS,US Dollar,Buying,"8,988.1800",GH¢ per USD,0.898818,GH¢ per USD,ok,
2005-06-14,USDGHS,US Dollar,Selling,"9,123.1800",GH¢ per USD,0.912318,GH¢ per USD,ok,
2005-06-14,USDGHS,US Dollar,Mid Rate,"9,055.6800",GH¢ per USD,0.905568,GH¢ per USD,ok,
2005-06-14,AUDGHS,Australian Dollar,Selling,"6,980.3500",GH¢ per AUD,0.698035,GH¢ per AUD,ok,
2005-06-14,AUDGHS,Australian Dollar,Mid Rate,"3,490.1750",GH¢ per AUD,0.3490175,GH¢ per AUD,ok,
2005-06-14,CADGHS,Canadian Dollar,Buying,"7,156.1200",GH¢ per CAD,0.715612,GH¢ per CAD,ok,
2005-06-14,CADGHS,Canadian Dollar,Selling,"7,261.9300",GH¢ per CAD,0.726193,GH¢ per CAD,ok,
2005-06-14,CADGHS,Canadian Dollar,Mid Rate,"7,209.0250",GH¢ per CAD,0.7209025,GH¢ per CAD,ok,
2005-06-14,CHFGHS,Swiss Franc,Buying,"7,084.3900",GH¢ per CHF,0.708439,GH¢ per CHF,ok,
2005-06-14,CHFGHS,Swiss Franc,Selling,"7,189.1600",GH¢ per CHF,0.718916,GH¢ per CHF,ok,
2005-06-14,CHFGHS,Swiss Franc,Mid Rate,"7,136.7750",GH¢ per CHF,0.7136775,GH¢ per CHF,ok,
2005-06-14,DKKGHS,Danish Krone,Buying,"1,456.7700",GH¢ per DKK,0.145677,GH¢ per DKK,ok,
2005-06-14,DKKGHS,Danish Krone,Selling,"1,487.6700",GH¢ per DKK,0.148767,GH¢ per DKK,ok,
2005-06-14,DKKGHS,Danish Krone,Mid Rate,"1,472.2200",GH¢ per DKK,0.147222,GH¢ per DKK,ok,
2005-06-14,GBPGHS,Pound Sterling,Buying,"16,255.1200",GH¢ per GBP,1.625512,GH¢ per GBP,ok,
2005-06-14,GBPGHS,Pound Sterling,Selling,"16,502.0100",GH¢ per GBP,1.650201,GH¢ per GBP,ok,
2005-06-14,GBPGHS,Pound Sterling,Mid Rate,"16,378.5650",GH¢ per GBP,1.6378565,GH¢ per GBP,ok,
2005-06-14,JPYGHS,Japanese yen,Buying,82.2500,GH¢ per JPY,0.008225,GH¢ per JPY,ok,
2005-06-14,JPYGHS,Japanese yen,Selling,83.4500,GH¢ per JPY,0.008345,GH¢ per JPY,ok,
2005-06-14,JPYGHS,Japanese yen,Mid Rate,82.8500,GH¢ per JPY,0.008285,GH¢ per JPY,ok,
2005-06-14,NOKGHS,Norwegian Krone,Buying,"1,386.2100",GH¢ per NOK,0.138621,GH¢ per NOK,ok,
2005-06-14,NOKGHS,Norwegian Krone,Selling,"1,406.5900",GH¢ per NOK,0.140659,GH¢ per NOK,ok,
2005-06-14,NOKGHS,Norwegian Krone,Mid Rate,"1,396.4000",GH¢ per NOK,0.13964,GH¢ per NOK,ok,
2005-06-14,NZDGHS,New Zealand Dollar,Buying,"6,370.3800",GH¢ per NZD,0.637038,GH¢ per NZD,ok,
2005-06-14,NZDGHS,New Zealand Dollar,Selling,"6,473.7400",GH¢ per NZD,0.647374,GH¢ per NZD,ok,
2005-06-14,NZDGHS,New Zealand Dollar,Mid Rate,"6,422.0600",GH¢ per NZD,0.642206,GH¢ per NZD,ok,
2005-06-14,SEKGHS,Swedish Krona,Buying,"1,172.7300",GH¢ per SEK,0.117273,GH¢ per SEK,ok,
2005-06-14,SEKGHS,Swedish Krona,Selling,"1,190.0400",GH¢ per SEK,0.119004,GH¢ per SEK,ok,
2005-06-14,SEKGHS,Swedish Krona,Mid Rate,"1,181.3850",GH¢ per SEK,0.1181385,GH¢ per SEK,ok,
2005-06-15,USDGHS,US Dollar,Buying,"8,985.4500",GH¢ per USD,0.898545,GH¢ per USD,ok,
2005-06-15,USDGHS,US Dollar,Selling,"9,123.1800",GH¢ per USD,0.912318,GH¢ per USD,ok,
2005-06-15,USDGHS,US Dollar,Mid Rate,"9,054.3150",GH¢ per USD,0.9054315,GH¢ per USD,ok,
2005-06-15,AUDGHS,Australian Dollar,Selling,"6,987.5100",GH¢ per AUD,0.698751,GH¢ per AUD,ok,
2005-06-15,AUDGHS,Australian Dollar,Mid Rate,"3,493.7550",GH¢ per AUD,0.3493755,GH¢ per AUD,ok,
2005-06-15,CADGHS,Canadian Dollar,Buying,"7,177.4900",GH¢ per CAD,0.717749,GH¢ per CAD,ok,
2005-06-15,CADGHS,Canadian Dollar,Selling,"7,285.5000",GH¢ per CAD,0.72855,GH¢ per CAD,ok,
2005-06-15,CADGHS,Canadian Dollar,Mid Rate,"7,231.4950",GH¢ per CAD,0.7231495,GH¢ per CAD,ok,
2005-06-15,CHFGHS,Swiss Franc,Buying,"7,045.3100",GH¢ per CHF,0.704531,GH¢ per CHF,ok,
2005-06-15,CHFGHS,Swiss Franc,Selling,"7,151.3900",GH¢ per CHF,0.715139,GH¢ per CHF,ok,
2005-06-15,CHFGHS,Swiss Franc,Mid Rate,"7,098.3500",GH¢ per CHF,0.709835,GH¢ per CHF,ok,
2005-06-15,DKKGHS,Danish Krone,Buying,"1,455.5800",GH¢ per DKK,0.145558,GH¢ per DKK,ok,
2005-06-15,DKKGHS,Danish Krone,Selling,"1,477.4900",GH¢ per DKK,0.147749,GH¢ per DKK,ok,
2005-06-15,DKKGHS,Danish Krone,Mid Rate,"1,466.5350",GH¢ per DKK,0.1466535,GH¢ per DKK,ok,
2005-06-15,GBPGHS,Pound Sterling,Buying,"16,259.1700",GH¢ per GBP,1.625917,GH¢ per GBP,ok,
2005-06-15,GBPGHS,Pound Sterling,Selling,"16,511.1300",GH¢ per GBP,1.651113,GH¢ per GBP,ok,
2005-06-15,GBPGHS,Pound Sterling,Mid Rate,"16,385.1500",GH¢ per GBP,1.638515,GH¢ per GBP,ok,
2005-06-15,JPYGHS,Japanese yen,Buying,82.3200,GH¢ per JPY,0.008232,GH¢ per JPY,ok,
2005-06-15,JPYGHS,Japanese yen,Selling,83.5500,GH¢ per JPY,0.008355,GH¢ per JPY,ok,
2005-06-15,JPYGHS,Japanese yen,Mid Rate,82.9350,GH¢ per JPY,0.0082935,GH¢ per JPY,ok,
2005-06-15,NOKGHS,Norwegian Krone,Buying,"1,378.0400",GH¢ per NOK,0.137804,GH¢ per NOK,ok,
2005-06-15,NOKGHS,Norwegian Krone,Selling,"1,398.5700",GH¢ per NOK,0.139857,GH¢ per NOK,ok,
2005-06-15,NOKGHS,Norwegian Krone,Mid Rate,"1,388.3050",GH¢ per NOK,0.1388305,GH¢ per NOK,ok,
2005-06-15,NZDGHS,New Zealand Dollar,Buying,"6,383.3500",GH¢ per NZD,0.638335,GH¢ per NZD,ok,
2005-06-15,NZDGHS,New Zealand Dollar,Selling,"6,487.2200",GH¢ per NZD,0.648722,GH¢ per NZD,ok,
2005-06-15,NZDGHS,New Zealand Dollar,Mid Rate,"6,435.2850",GH¢ per NZD,0.6435285,GH¢ per NZD,ok,
2005-06-15,SEKGHS,Swedish Krona,Buying,"1,170.3500",GH¢ per SEK,0.117035,GH¢ per SEK,ok,
2005-06-15,SEKGHS,Swedish Krona,Selling,"1,187.5700",GH¢ per SEK,0.118757,GH¢ per SEK,ok,
2005-06-15,SEKGHS,Swedish Krona,Mid Rate,"1,178.9600",GH¢ per SEK,0.117896,GH¢ per SEK,ok,
2005-06-16,USDGHS,US Dollar,Buying,"8,985.4500",GH¢ per USD,0.898545,GH¢ per USD,ok,
2005-06-16,USDGHS,US Dollar,Selling,"9,123.1800",GH¢ per USD,0.912318,GH¢ per USD,ok,
2005-06-16,USDGHS,US Dollar,Mid Rate,"9,054.3150",GH¢ per USD,0.9054315,GH¢ per USD,ok,
2005-06-16,AUDGHS,Australian Dollar,Selling,"6,997.7500",GH¢ per AUD,0.699775,GH¢ per AUD,ok,
2005-06-16,AUDGHS,Australian Dollar,Mid Rate,"3,498.8750",GH¢ per AUD,0.3498875,GH¢ per AUD,ok,
2005-06-16,CADGHS,Canadian Dollar,Buying,"7,252.9700",GH¢ per CAD,0.725297,GH¢ per CAD,ok,
2005-06-16,CADGHS,Canadian Dollar,Selling,"7,359.8000",GH¢ per CAD,0.73598,GH¢ per CAD,ok,
2005-06-16,CADGHS,Canadian Dollar,Mid Rate,"7,306.3850",GH¢ per CAD,0.7306385,GH¢ per CAD,ok,
2005-06-16,CHFGHS,Swiss Franc,Buying,"7,060.8600",GH¢ per CHF,0.706086,GH¢ per CHF,ok,
2005-06-16,CHFGHS,Swiss Franc,Selling,"7,166.5500",GH¢ per CHF,0.716655,GH¢ per CHF,ok,
2005-06-16,CHFGHS,Swiss Franc,Mid Rate,"7,113.7050",GH¢ per CHF,0.7113705,GH¢ per CHF,ok,
2005-06-16,DKKGHS,Danish Krone,Buying,"1,459.1200",GH¢ per DKK,0.145912,GH¢ per DKK,ok,
2005-06-16,DKKGHS,Danish Krone,Selling,"1,480.6000",GH¢ per DKK,0.14806,GH¢ per DKK,ok,
2005-06-16,DKKGHS,Danish Krone,Mid Rate,"1,469.8600",GH¢ per DKK,0.146986,GH¢ per DKK,ok,
2005-06-16,GBPGHS,Pound Sterling,Buying,"16,340.9400",GH¢ per GBP,1.634094,GH¢ per GBP,ok,
2005-06-16,GBPGHS,Pound Sterling,Selling,"16,594.1500",GH¢ per GBP,1.659415,GH¢ per GBP,ok,
2005-06-16,GBPGHS,Pound Sterling,Mid Rate,"16,467.5450",GH¢ per GBP,1.6467545,GH¢ per GBP,ok,
2005-06-16,JPYGHS,Japanese yen,Buying,82.1700,GH¢ per JPY,0.008217,GH¢ per JPY,ok,
2005-06-16,JPYGHS,Japanese yen,Selling,83.3900,GH¢ per JPY,0.008339,GH¢ per JPY,ok,
2005-06-16,JPYGHS,Japanese yen,Mid Rate,82.7800,GH¢ per JPY,0.008278,GH¢ per JPY,ok,
2005-06-16,NOKGHS,Norwegian Krone,Buying,"1,379.4400",GH¢ per NOK,0.137944,GH¢ per NOK,ok,
2005-06-16,NOKGHS,Norwegian Krone,Selling,"1,399.0900",GH¢ per NOK,0.139909,GH¢ per NOK,ok,
2005-06-16,NOKGHS,Norwegian Krone,Mid Rate,"1,389.2650",GH¢ per NOK,0.1389265,GH¢ per NOK,ok,
2005-06-16,NZDGHS,New Zealand Dollar,Buying,"6,384.4100",GH¢ per NZD,0.638441,GH¢ per NZD,ok,
2005-06-16,NZDGHS,New Zealand Dollar,Selling,"6,493.2900",GH¢ per NZD,0.649329,GH¢ per NZD,ok,
2005-06-16,NZDGHS,New Zealand Dollar,Mid Rate,"6,438.8500",GH¢ per NZD,0.643885,GH¢ per NZD,ok,
2005-06-16,SEKGHS,Swedish Krona,Buying,"1,171.5400",GH¢ per SEK,0.117154,GH¢ per SEK,ok,
2005-06-16,SEKGHS,Swedish Krona,Selling,"1,188.1500",GH¢ per SEK,0.118815,GH¢ per SEK,ok,
2005-06-16,SEKGHS,Swedish Krona,Mid Rate,"1,179.8450",GH¢ per SEK,0.1179845,GH¢ per SEK,ok,
2005-06-17,USDGHS,US Dollar,Buying,"8,985.4500",GH¢ per USD,0.898545,GH¢ per USD,ok,
2005-06-17,USDGHS,US Dollar,Selling,"9,123.1800",GH¢ per USD,0.912318,GH¢ per USD,ok,
2005-06-17,USDGHS,US Dollar,Mid Rate,"9,054.3150",GH¢ per USD,0.9054315,GH¢ per USD,ok,
2005-06-17,AUDGHS,Australian Dollar,Selling,"7,054.8700",GH¢ per AUD,0.705487,GH¢ per AUD,ok,
2005-06-17,AUDGHS,Australian Dollar,Mid Rate,"3,527.4350",GH¢ per AUD,0.3527435,GH¢ per AUD,ok,
2005-06-17,CADGHS,Canadian Dollar,Buying,"7,266.3800",GH¢ per CAD,0.726638,GH¢ per CAD,ok,
2005-06-17,CADGHS,Canadian Dollar,Selling,"7,377.0100",GH¢ per CAD,0.737701,GH¢ per CAD,ok,
2005-06-17,CADGHS,Canadian Dollar,Mid Rate,"7,321.6950",GH¢ per CAD,0.7321695,GH¢ per CAD,ok,
2005-06-17,CHFGHS,Swiss Franc,Buying,"7,074.6800",GH¢ per CHF,0.707468,GH¢ per CHF,ok,
2005-06-17,CHFGHS,Swiss Franc,Selling,"7,181.8300",GH¢ per CHF,0.718183,GH¢ per CHF,ok,
2005-06-17,CHFGHS,Swiss Franc,Mid Rate,"7,128.2550",GH¢ per CHF,0.7128255,GH¢ per CHF,ok,
2005-06-17,DKKGHS,Danish Krone,Buying,"1,465.0000",GH¢ per DKK,0.1465,GH¢ per DKK,ok,
2005-06-17,DKKGHS,Danish Krone,Selling,"1,487.3700",GH¢ per DKK,0.148737,GH¢ per DKK,ok,
2005-06-17,DKKGHS,Danish Krone,Mid Rate,"1,476.1850",GH¢ per DKK,0.1476185,GH¢ per DKK,ok,
2005-06-17,GBPGHS,Pound Sterling,Buying,"16,384.9700",GH¢ per GBP,1.638497,GH¢ per GBP,ok,
2005-06-17,GBPGHS,Pound Sterling,Selling,"16,638.8600",GH¢ per GBP,1.663886,GH¢ per GBP,ok,
2005-06-17,GBPGHS,Pound Sterling,Mid Rate,"16,511.9150",GH¢ per GBP,1.6511915,GH¢ per GBP,ok,
2005-06-17,JPYGHS,Japanese yen,Buying,82.5400,GH¢ per JPY,0.008254,GH¢ per JPY,ok,
2005-06-17,JPYGHS,Japanese yen,Selling,83.7700,GH¢ per JPY,0.008377,GH¢ per JPY,ok,
2005-06-17,JPYGHS,Japanese yen,Mid Rate,83.1550,GH¢ per JPY,0.0083155,GH¢ per JPY,ok,
2005-06-17,NOKGHS,Norwegian Krone,Buying,"1,387.2000",GH¢ per NOK,0.13872,GH¢ per NOK,ok,
2005-06-17,NOKGHS,Norwegian Krone,Selling,"1,407.4600",GH¢ per NOK,0.140746,GH¢ per NOK,ok,
2005-06-17,NOKGHS,Norwegian Krone,Mid Rate,"1,397.3300",GH¢ per NOK,0.139733,GH¢ per NOK,ok,
2005-06-17,NZDGHS,New Zealand Dollar,Buying,"6,414.7200",GH¢ per NZD,0.641472,GH¢ per NZD,ok,
2005-06-17,NZDGHS,New Zealand Dollar,Selling,"6,525.7600",GH¢ per NZD,0.652576,GH¢ per NZD,ok,
2005-06-17,NZDGHS,New Zealand Dollar,Mid Rate,"6,470.2400",GH¢ per NZD,0.647024,GH¢ per NZD,ok,
2005-06-17,SEKGHS,Swedish Krona,Buying,"1,176.7000",GH¢ per SEK,0.11767,GH¢ per SEK,ok,
2005-06-17,SEKGHS,Swedish Krona,Selling,"1,194.0200",GH¢ per SEK,0.119402,GH¢ per SEK,ok,
2005-06-17,SEKGHS,Swedish Krona,Mid Rate,"1,185.3600",GH¢ per SEK,0.118536,GH¢ per SEK,ok,
2005-06-20,USDGHS,US Dollar,Buying,"8,985.4500",GH¢ per USD,0.898545,GH¢ per USD,ok,
2005-06-20,USDGHS,US Dollar,Selling,"9,123.1800",GH¢ per USD,0.912318,GH¢ per USD,ok,
2005-06-20,USDGHS,US Dollar,Mid Rate,"9,054.3150",GH¢ per USD,0.9054315,GH¢ per USD,ok,
2005-06-20,AUDGHS,Australian Dollar,Selling,"7,093.4800",GH¢ per AUD,0.709348,GH¢ per AUD,ok,
2005-06-20,AUDGHS,Australian Dollar,Mid Rate,"3,546.7400",GH¢ per AUD,0.354674,GH¢ per AUD,ok,
2005-06-20,CADGHS,Canadian Dollar,Buying,"7,299.7800",GH¢ per CAD,0.729978,GH¢ per CAD,ok,
2005-06-20,CADGHS,Canadian Dollar,Selling,"7,407.6100",GH¢ per CAD,0.740761,GH¢ per CAD,ok,
2005-06-20,CADGHS,Canadian Dollar,Mid Rate,"7,353.6950",GH¢ per CAD,0.7353695,GH¢ per CAD,ok,
2005-06-20,CHFGHS,Swiss Franc,Buying,"7,110.8400",GH¢ per CHF,0.711084,GH¢ per CHF,ok,
2005-06-20,CHFGHS,Swiss Franc,Selling,"7,217.8900",GH¢ per CHF,0.721789,GH¢ per CHF,ok,
2005-06-20,CHFGHS,Swiss Franc,Mid Rate,"7,164.3650",GH¢ per CHF,0.7164365,GH¢ per CHF,ok,
2005-06-20,DKKGHS,Danish Krone,Buying,"1,474.9900",GH¢ per DKK,0.147499,GH¢ per DKK,ok,
2005-06-20,DKKGHS,Danish Krone,Selling,"1,497.3200",GH¢ per DKK,0.149732,GH¢ per DKK,ok,
2005-06-20,DKKGHS,Danish Krone,Mid Rate,"1,486.1550",GH¢ per DKK,0.1486155,GH¢ per DKK,ok,
2005-06-20,GBPGHS,Pound Sterling,Buying,"16,401.1400",GH¢ per GBP,1.640114,GH¢ per GBP,ok,
2005-06-20,GBPGHS,Pound Sterling,Selling,"16,655.2800",GH¢ per GBP,1.665528,GH¢ per GBP,ok,
2005-06-20,GBPGHS,Pound Sterling,Mid Rate,"16,528.2100",GH¢ per GBP,1.652821,GH¢ per GBP,ok,
2005-06-20,JPYGHS,Japanese yen,Buying,82.6200,GH¢ per JPY,0.008262,GH¢ per JPY,ok,
2005-06-20,JPYGHS,Japanese yen,Selling,83.8500,GH¢ per JPY,0.008385,GH¢ per JPY,ok,
2005-06-20,JPYGHS,Japanese yen,Mid Rate,83.2350,GH¢ per JPY,0.0083235,GH¢ per JPY,ok,
2005-06-20,NOKGHS,Norwegian Krone,Buying,"1,396.5000",GH¢ per NOK,0.13965,GH¢ per NOK,ok,
2005-06-20,NOKGHS,Norwegian Krone,Selling,"1,417.3000",GH¢ per NOK,0.14173,GH¢ per NOK,ok,
2005-06-20,NOKGHS,Norwegian Krone,Mid Rate,"1,406.9000",GH¢ per NOK,0.14069,GH¢ per NOK,ok,
2005-06-20,NZDGHS,New Zealand Dollar,Buying,"6,447.2900",GH¢ per NZD,0.644729,GH¢ per NZD,ok,
2005-06-20,NZDGHS,New Zealand Dollar,Selling,"6,558.8500",GH¢ per NZD,0.655885,GH¢ per NZD,ok,
2005-06-20,NZDGHS,New Zealand Dollar,Mid Rate,"6,503.0700",GH¢ per NZD,0.650307,GH¢ per NZD,ok,
2005-06-20,SEKGHS,Swedish Krona,Buying,"1,190.3900",GH¢ per SEK,0.119039,GH¢ per SEK,ok,
2005-06-20,SEKGHS,Swedish Krona,Selling,"1,208.0200",GH¢ per SEK,0.120802,GH¢ per SEK,ok,
2005-06-20,SEKGHS,Swedish Krona,Mid Rate,"1,199.2050",GH¢ per SEK,0.1199205,GH¢ per SEK,ok,
2005-06-21,USDGHS,US Dollar,Buying,"8,987.7300",GH¢ per USD,0.898773,GH¢ per USD,ok,
2005-06-21,USDGHS,US Dollar,Selling,"9,123.1800",GH¢ per USD,0.912318,GH¢ per USD,ok,
2005-06-21,USDGHS,US Dollar,Mid Rate,"9,055.4550",GH¢ per USD,0.9055455,GH¢ per USD,ok,
2005-06-21,AUDGHS,Australian Dollar,Selling,"7,061.6400",GH¢ per AUD,0.706164,GH¢ per AUD,ok,
2005-06-21,AUDGHS,Australian Dollar,Mid Rate,"3,530.8200",GH¢ per AUD,0.353082,GH¢ per AUD,ok,
2005-06-21,CADGHS,Canadian Dollar,Buying,"7,258.7800",GH¢ per CAD,0.725878,GH¢ per CAD,ok,
2005-06-21,CADGHS,Canadian Dollar,Selling,"7,363.2600",GH¢ per CAD,0.736326,GH¢ per CAD,ok,
2005-06-21,CADGHS,Canadian Dollar,Mid Rate,"7,311.0200",GH¢ per CAD,0.731102,GH¢ per CAD,ok,
2005-06-21,CHFGHS,Swiss Franc,Buying,"7,061.6800",GH¢ per CHF,0.706168,GH¢ per CHF,ok,
2005-06-21,CHFGHS,Swiss Franc,Selling,"7,165.9600",GH¢ per CHF,0.716596,GH¢ per CHF,ok,
2005-06-21,CHFGHS,Swiss Franc,Mid Rate,"7,113.8200",GH¢ per CHF,0.711382,GH¢ per CHF,ok,
2005-06-21,DKKGHS,Danish Krone,Buying,"1,462.0900",GH¢ per DKK,0.146209,GH¢ per DKK,ok,
2005-06-21,DKKGHS,Danish Krone,Selling,"1,483.8000",GH¢ per DKK,0.14838,GH¢ per DKK,ok,
2005-06-21,DKKGHS,Danish Krone,Mid Rate,"1,472.9450",GH¢ per DKK,0.1472945,GH¢ per DKK,ok,
2005-06-21,GBPGHS,Pound Sterling,Buying,"16,357.6700",GH¢ per GBP,1.635767,GH¢ per GBP,ok,
2005-06-21,GBPGHS,Pound Sterling,Selling,"16,607.8400",GH¢ per GBP,1.660784,GH¢ per GBP,ok,
2005-06-21,GBPGHS,Pound Sterling,Mid Rate,"16,482.7550",GH¢ per GBP,1.6482755,GH¢ per GBP,ok,
2005-06-21,JPYGHS,Japanese yen,Buying,82.1700,GH¢ per JPY,0.008217,GH¢ per JPY,ok,
2005-06-21,JPYGHS,Japanese yen,Selling,83.3800,GH¢ per JPY,0.008338,GH¢ per JPY,ok,
2005-06-21,JPYGHS,Japanese yen,Mid Rate,82.7750,GH¢ per JPY,0.0082775,GH¢ per JPY,ok,
2005-06-21,NOKGHS,Norwegian Krone,Buying,"1,386.1000",GH¢ per NOK,0.13861,GH¢ per NOK,ok,
2005-06-21,NOKGHS,Norwegian Krone,Selling,"1,406.6300",GH¢ per NOK,0.140663,GH¢ per NOK,ok,
2005-06-21,NOKGHS,Norwegian Krone,Mid Rate,"1,396.3650",GH¢ per NOK,0.1396365,GH¢ per NOK,ok,
2005-06-21,NZDGHS,New Zealand Dollar,Buying,"6,408.9300",GH¢ per NZD,0.640893,GH¢ per NZD,ok,
2005-06-21,NZDGHS,New Zealand Dollar,Selling,"6,511.9300",GH¢ per NZD,0.651193,GH¢ per NZD,ok,
2005-06-21,NZDGHS,New Zealand Dollar,Mid Rate,"6,460.4300",GH¢ per NZD,0.646043,GH¢ per NZD,ok,
2005-06-21,SEKGHS,Swedish Krona,Buying,"1,175.3100",GH¢ per SEK,0.117531,GH¢ per SEK,ok,
2005-06-21,SEKGHS,Swedish Krona,Selling,"1,191.5300",GH¢ per SEK,0.119153,GH¢ per SEK,ok,
2005-06-21,SEKGHS,Swedish Krona,Mid Rate,"1,183.4200",GH¢ per SEK,0.118342,GH¢ per SEK,ok,
2005-06-22,USDGHS,US Dollar,Buying,"8,987.7300",GH¢ per USD,0.898773,GH¢ per USD,ok,
2005-06-22,USDGHS,US Dollar,Selling,"9,123.1800",GH¢ per USD,0.912318,GH¢ per USD,ok,
2005-06-22,USDGHS,US Dollar,Mid Rate,"9,055.4550",GH¢ per USD,0.9055455,GH¢ per USD,ok,
2005-06-22,AUDGHS,Australian Dollar,Selling,"7,101.2200",GH¢ per AUD,0.710122,GH¢ per AUD,ok,
2005-06-22,AUDGHS,Australian Dollar,Mid Rate,"3,550.6100",GH¢ per AUD,0.355061,GH¢ per AUD,ok,
2005-06-22,CADGHS,Canadian Dollar,Buying,"7,291.1300",GH¢ per CAD,0.729113,GH¢ per CAD,ok,
2005-06-22,CADGHS,Canadian Dollar,Selling,"7,395.3400",GH¢ per CAD,0.739534,GH¢ per CAD,ok,
2005-06-22,CADGHS,Canadian Dollar,Mid Rate,"7,343.2350",GH¢ per CAD,0.7343235,GH¢ per CAD,ok,
2005-06-22,CHFGHS,Swiss Franc,Buying,"7,106.5500",GH¢ per CHF,0.710655,GH¢ per CHF,ok,
2005-06-22,CHFGHS,Swiss Franc,Selling,"7,212.3400",GH¢ per CHF,0.721234,GH¢ per CHF,ok,
2005-06-22,CHFGHS,Swiss Franc,Mid Rate,"7,159.4450",GH¢ per CHF,0.7159445,GH¢ per CHF,ok,
2005-06-22,DKKGHS,Danish Krone,Buying,"1,470.3300",GH¢ per DKK,0.147033,GH¢ per DKK,ok,
2005-06-22,DKKGHS,Danish Krone,Selling,"1,492.3400",GH¢ per DKK,0.149234,GH¢ per DKK,ok,
2005-06-22,DKKGHS,Danish Krone,Mid Rate,"1,481.3350",GH¢ per DKK,0.1481335,GH¢ per DKK,ok,
2005-06-22,GBPGHS,Pound Sterling,Buying,"16,450.2400",GH¢ per GBP,1.645024,GH¢ per GBP,ok,
2005-06-22,GBPGHS,Pound Sterling,Selling,"16,700.8900",GH¢ per GBP,1.670089,GH¢ per GBP,ok,
2005-06-22,GBPGHS,Pound Sterling,Mid Rate,"16,575.5650",GH¢ per GBP,1.6575565,GH¢ per GBP,ok,
2005-06-22,JPYGHS,Japanese yen,Buying,82.8900,GH¢ per JPY,0.008289,GH¢ per JPY,ok,
2005-06-22,JPYGHS,Japanese yen,Selling,84.1000,GH¢ per JPY,0.00841,GH¢ per JPY,ok,
2005-06-22,JPYGHS,Japanese yen,Mid Rate,83.4950,GH¢ per JPY,0.0083495,GH¢ per JPY,ok,
2005-06-22,NOKGHS,Norwegian Krone,Buying,"1,391.7400",GH¢ per NOK,0.139174,GH¢ per NOK,ok,
2005-06-22,NOKGHS,Norwegian Krone,Selling,"1,412.1300",GH¢ per NOK,0.141213,GH¢ per NOK,ok,
2005-06-22,NOKGHS,Norwegian Krone,Mid Rate,"1,401.9350",GH¢ per NOK,0.1401935,GH¢ per NOK,ok,
2005-06-22,NZDGHS,New Zealand Dollar,Buying,"6,428.7500",GH¢ per NZD,0.642875,GH¢ per NZD,ok,
2005-06-22,NZDGHS,New Zealand Dollar,Selling,"6,538.4000",GH¢ per NZD,0.65384,GH¢ per NZD,ok,
2005-06-22,NZDGHS,New Zealand Dollar,Mid Rate,"6,483.5750",GH¢ per NZD,0.6483575,GH¢ per NZD,ok,
2005-06-22,SEKGHS,Swedish Krona,Buying,"1,182.7600",GH¢ per SEK,0.118276,GH¢ per SEK,ok,
2005-06-22,SEKGHS,Swedish Krona,Selling,"1,200.1600",GH¢ per SEK,0.120016,GH¢ per SEK,ok,
2005-06-22,SEKGHS,Swedish Krona,Mid Rate,"1,191.4600",GH¢ per SEK,0.119146,GH¢ per SEK,ok,
2005-06-23,USDGHS,US Dollar,Buying,"8,987.7300",GH¢ per USD,0.898773,GH¢ per USD,ok,
2005-06-23,USDGHS,US Dollar,Selling,"9,123.1800",GH¢ per USD,0.912318,GH¢ per USD,ok,
2005-06-23,USDGHS,US Dollar,Mid Rate,"9,055.4550",GH¢ per USD,0.9055455,GH¢ per USD,ok,
2005-06-23,AUDGHS,Australian Dollar,Selling,"7,057.9400",GH¢ per AUD,0.705794,GH¢ per AUD,ok,
2005-06-23,AUDGHS,Australian Dollar,Mid Rate,"3,528.9700",GH¢ per AUD,0.352897,GH¢ per AUD,ok,
2005-06-23,CADGHS,Canadian Dollar,Buying,"7,263.5400",GH¢ per CAD,0.726354,GH¢ per CAD,ok,
2005-06-23,CADGHS,Canadian Dollar,Selling,"7,369.7200",GH¢ per CAD,0.736972,GH¢ per CAD,ok,
2005-06-23,CADGHS,Canadian Dollar,Mid Rate,"7,316.6300",GH¢ per CAD,0.731663,GH¢ per CAD,ok,
2005-06-23,CHFGHS,Swiss Franc,Buying,"7,043.0500",GH¢ per CHF,0.704305,GH¢ per CHF,ok,
2005-06-23,CHFGHS,Swiss Franc,Selling,"7,146.7600",GH¢ per CHF,0.714676,GH¢ per CHF,ok,
2005-06-23,CHFGHS,Swiss Franc,Mid Rate,"7,094.9050",GH¢ per CHF,0.7094905,GH¢ per CHF,ok,
2005-06-23,DKKGHS,Danish Krone,Buying,"1,457.8700",GH¢ per DKK,0.145787,GH¢ per DKK,ok,
2005-06-23,DKKGHS,Danish Krone,Selling,"1,479.6400",GH¢ per DKK,0.147964,GH¢ per DKK,ok,
2005-06-23,DKKGHS,Danish Krone,Mid Rate,"1,468.7550",GH¢ per DKK,0.1468755,GH¢ per DKK,ok,
2005-06-23,GBPGHS,Pound Sterling,Buying,"16,356.7700",GH¢ per GBP,1.635677,GH¢ per GBP,ok,
2005-06-23,GBPGHS,Pound Sterling,Selling,"16,606.9200",GH¢ per GBP,1.660692,GH¢ per GBP,ok,
2005-06-23,GBPGHS,Pound Sterling,Mid Rate,"16,481.8450",GH¢ per GBP,1.6481845,GH¢ per GBP,ok,
2005-06-23,JPYGHS,Japanese yen,Buying,82.6300,GH¢ per JPY,0.008263,GH¢ per JPY,ok,
2005-06-23,JPYGHS,Japanese yen,Selling,83.8400,GH¢ per JPY,0.008384,GH¢ per JPY,ok,
2005-06-23,JPYGHS,Japanese yen,Mid Rate,83.2350,GH¢ per JPY,0.0083235,GH¢ per JPY,ok,
2005-06-23,NOKGHS,Norwegian Krone,Buying,"1,376.0900",GH¢ per NOK,0.137609,GH¢ per NOK,ok,
2005-06-23,NOKGHS,Norwegian Krone,Selling,"1,396.1100",GH¢ per NOK,0.139611,GH¢ per NOK,ok,
2005-06-23,NOKGHS,Norwegian Krone,Mid Rate,"1,386.1000",GH¢ per NOK,0.13861,GH¢ per NOK,ok,
2005-06-23,NZDGHS,New Zealand Dollar,Buying,"6,364.4200",GH¢ per NZD,0.636442,GH¢ per NZD,ok,
2005-06-23,NZDGHS,New Zealand Dollar,Selling,"6,471.7200",GH¢ per NZD,0.647172,GH¢ per NZD,ok,
2005-06-23,NZDGHS,New Zealand Dollar,Mid Rate,"6,418.0700",GH¢ per NZD,0.641807,GH¢ per NZD,ok,
2005-06-23,SEKGHS,Swedish Krona,Buying,"1,160.8400",GH¢ per SEK,0.116084,GH¢ per SEK,ok,
2005-06-23,SEKGHS,Swedish Krona,Selling,"1,177.9600",GH¢ per SEK,0.117796,GH¢ per SEK,ok,
2005-06-23,SEKGHS,Swedish Krona,Mid Rate,"1,169.4000",GH¢ per SEK,0.11694,GH¢ per SEK,ok,
2005-06-24,USDGHS,US Dollar,Buying,"8,987.7300",GH¢ per USD,0.898773,GH¢ per USD,ok,
2005-06-24,USDGHS,US Dollar,Selling,"9,123.1800",GH¢ per USD,0.912318,GH¢ per USD,ok,
2005-06-24,USDGHS,US Dollar,Mid Rate,"9,055.4550",GH¢ per USD,0.9055455,GH¢ per USD,ok,
2005-06-24,AUDGHS,Australian Dollar,Selling,"7,056.7200",GH¢ per AUD,0.705672,GH¢ per AUD,ok,
2005-06-24,AUDGHS,Australian Dollar,Mid Rate,"3,528.3600",GH¢ per AUD,0.352836,GH¢ per AUD,ok,
2005-06-24,CADGHS,Canadian Dollar,Buying,"7,299.9500",GH¢ per CAD,0.729995,GH¢ per CAD,ok,
2005-06-24,CADGHS,Canadian Dollar,Selling,"7,404.6400",GH¢ per CAD,0.740464,GH¢ per CAD,ok,
2005-06-24,CADGHS,Canadian Dollar,Mid Rate,"7,352.2950",GH¢ per CAD,0.7352295,GH¢ per CAD,ok,
2005-06-24,CHFGHS,Swiss Franc,Buying,"7,042.6200",GH¢ per CHF,0.704262,GH¢ per CHF,ok,
2005-06-24,CHFGHS,Swiss Franc,Selling,"7,148.7800",GH¢ per CHF,0.714878,GH¢ per CHF,ok,
2005-06-24,CHFGHS,Swiss Franc,Mid Rate,"7,095.7000",GH¢ per CHF,0.70957,GH¢ per CHF,ok,
2005-06-24,DKKGHS,Danish Krone,Buying,"1,455.4400",GH¢ per DKK,0.145544,GH¢ per DKK,ok,
2005-06-24,DKKGHS,Danish Krone,Selling,"1,476.8200",GH¢ per DKK,0.147682,GH¢ per DKK,ok,
2005-06-24,DKKGHS,Danish Krone,Mid Rate,"1,466.1300",GH¢ per DKK,0.146613,GH¢ per DKK,ok,
2005-06-24,GBPGHS,Pound Sterling,Buying,"16,342.3900",GH¢ per GBP,1.634239,GH¢ per GBP,ok,
2005-06-24,GBPGHS,Pound Sterling,Selling,"16,592.3300",GH¢ per GBP,1.659233,GH¢ per GBP,ok,
2005-06-24,GBPGHS,Pound Sterling,Mid Rate,"16,467.3600",GH¢ per GBP,1.646736,GH¢ per GBP,ok,
2005-06-24,JPYGHS,Japanese yen,Buying,82.4200,GH¢ per JPY,0.008242,GH¢ per JPY,ok,
2005-06-24,JPYGHS,Japanese yen,Selling,83.6300,GH¢ per JPY,0.008363,GH¢ per JPY,ok,
2005-06-24,JPYGHS,Japanese yen,Mid Rate,83.0250,GH¢ per JPY,0.0083025,GH¢ per JPY,ok,
2005-06-24,NOKGHS,Norwegian Krone,Buying,"1,361.3700",GH¢ per NOK,0.136137,GH¢ per NOK,ok,
2005-06-24,NOKGHS,Norwegian Krone,Selling,"1,380.5700",GH¢ per NOK,0.138057,GH¢ per NOK,ok,
2005-06-24,NOKGHS,Norwegian Krone,Mid Rate,"1,370.9700",GH¢ per NOK,0.137097,GH¢ per NOK,ok,
2005-06-24,NZDGHS,New Zealand Dollar,Buying,"6,355.5600",GH¢ per NZD,0.635556,GH¢ per NZD,ok,
2005-06-24,NZDGHS,New Zealand Dollar,Selling,"6,456.0700",GH¢ per NZD,0.645607,GH¢ per NZD,ok,
2005-06-24,NZDGHS,New Zealand Dollar,Mid Rate,"6,405.8150",GH¢ per NZD,0.6405815,GH¢ per NZD,ok,
2005-06-24,SEKGHS,Swedish Krona,Buying,"1,153.4600",GH¢ per SEK,0.115346,GH¢ per SEK,ok,
2005-06-24,SEKGHS,Swedish Krona,Selling,"1,170.3700",GH¢ per SEK,0.117037,GH¢ per SEK,ok,
2005-06-24,SEKGHS,Swedish Krona,Mid Rate,"1,161.9150",GH¢ per SEK,0.1161915,GH¢ per SEK,ok,
2005-06-27,USDGHS,US Dollar,Buying,"8,987.7300",GH¢ per USD,0.898773,GH¢ per USD,ok,
2005-06-27,USDGHS,US Dollar,Selling,"9,123.1800",GH¢ per USD,0.912318,GH¢ per USD,ok,
2005-06-27,USDGHS,US Dollar,Mid Rate,"9,055.4550",GH¢ per USD,0.9055455,GH¢ per USD,ok,
2005-06-27,AUDGHS,Australian Dollar,Selling,"7,004.5200",GH¢ per AUD,0.700452,GH¢ per AUD,ok,
2005-06-27,AUDGHS,Australian Dollar,Mid Rate,"3,502.2600",GH¢ per AUD,0.350226,GH¢ per AUD,ok,
2005-06-27,CADGHS,Canadian Dollar,Buying,"7,295.3500",GH¢ per CAD,0.729535,GH¢ per CAD,ok,
2005-06-27,CADGHS,Canadian Dollar,Selling,"7,401.2500",GH¢ per CAD,0.740125,GH¢ per CAD,ok,
2005-06-27,CADGHS,Canadian Dollar,Mid Rate,"7,348.3000",GH¢ per CAD,0.73483,GH¢ per CAD,ok,
2005-06-27,CHFGHS,Swiss Franc,Buying,"7,093.8200",GH¢ per CHF,0.709382,GH¢ per CHF,ok,
2005-06-27,CHFGHS,Swiss Franc,Selling,"7,197.8700",GH¢ per CHF,0.719787,GH¢ per CHF,ok,
2005-06-27,CHFGHS,Swiss Franc,Mid Rate,"7,145.8450",GH¢ per CHF,0.7145845,GH¢ per CHF,ok,
2005-06-27,DKKGHS,Danish Krone,Buying,"1,468.4600",GH¢ per DKK,0.146846,GH¢ per DKK,ok,
2005-06-27,DKKGHS,Danish Krone,Selling,"1,489.6900",GH¢ per DKK,0.148969,GH¢ per DKK,ok,
2005-06-27,DKKGHS,Danish Krone,Mid Rate,"1,479.0750",GH¢ per DKK,0.1479075,GH¢ per DKK,ok,
2005-06-27,GBPGHS,Pound Sterling,Buying,"16,434.9600",GH¢ per GBP,1.643496,GH¢ per GBP,ok,
2005-06-27,GBPGHS,Pound Sterling,Selling,"16,685.3800",GH¢ per GBP,1.668538,GH¢ per GBP,ok,
2005-06-27,GBPGHS,Pound Sterling,Mid Rate,"16,560.1700",GH¢ per GBP,1.656017,GH¢ per GBP,ok,
2005-06-27,JPYGHS,Japanese yen,Buying,82.3000,GH¢ per JPY,0.00823,GH¢ per JPY,ok,
2005-06-27,JPYGHS,Japanese yen,Selling,83.5100,GH¢ per JPY,0.008351,GH¢ per JPY,ok,
2005-06-27,JPYGHS,Japanese yen,Mid Rate,82.9050,GH¢ per JPY,0.0082905,GH¢ per JPY,ok,
2005-06-27,NOKGHS,Norwegian Krone,Buying,"1,378.3700",GH¢ per NOK,0.137837,GH¢ per NOK,ok,
2005-06-27,NOKGHS,Norwegian Krone,Selling,"1,397.8500",GH¢ per NOK,0.139785,GH¢ per NOK,ok,
2005-06-27,NOKGHS,Norwegian Krone,Mid Rate,"1,388.1100",GH¢ per NOK,0.138811,GH¢ per NOK,ok,
2005-06-27,NZDGHS,New Zealand Dollar,Buying,"6,345.5400",GH¢ per NZD,0.634554,GH¢ per NZD,ok,
2005-06-27,NZDGHS,New Zealand Dollar,Selling,"6,452.2400",GH¢ per NZD,0.645224,GH¢ per NZD,ok,
2005-06-27,NZDGHS,New Zealand Dollar,Mid Rate,"6,398.8900",GH¢ per NZD,0.639889,GH¢ per NZD,ok,
2005-06-27,SEKGHS,Swedish Krona,Buying,"1,164.1000",GH¢ per SEK,0.11641,GH¢ per SEK,ok,
2005-06-27,SEKGHS,Swedish Krona,Selling,"1,181.0700",GH¢ per SEK,0.118107,GH¢ per SEK,ok,
2005-06-27,SEKGHS,Swedish Krona,Mid Rate,"1,172.5850",GH¢ per SEK,0.1172585,GH¢ per SEK,ok,
2005-06-28,USDGHS,US Dollar,Buying,"8,987.7300",GH¢ per USD,0.898773,GH¢ per USD,ok,
2005-06-28,USDGHS,US Dollar,Selling,"9,123.1800",GH¢ per USD,0.912318,GH¢ per USD,ok,
2005-06-28,USDGHS,US Dollar,Mid Rate,"9,055.4550",GH¢ per USD,0.9055455,GH¢ per USD,ok,
2005-06-28,AUDGHS,Australian Dollar,Selling,"7,005.3300",GH¢ per AUD,0.700533,GH¢ per AUD,ok,
2005-06-28,AUDGHS,Australian Dollar,Mid Rate,"3,502.6650",GH¢ per AUD,0.3502665,GH¢ per AUD,ok,
2005-06-28,CADGHS,Canadian Dollar,Buying,"7,284.1100",GH¢ per CAD,0.728411,GH¢ per CAD,ok,
2005-06-28,CADGHS,Canadian Dollar,Selling,"7,391.4800",GH¢ per CAD,0.739148,GH¢ per CAD,ok,
2005-06-28,CADGHS,Canadian Dollar,Mid Rate,"7,337.7950",GH¢ per CAD,0.7337795,GH¢ per CAD,ok,
2005-06-28,CHFGHS,Swiss Franc,Buying,"7,052.1600",GH¢ per CHF,0.705216,GH¢ per CHF,ok,
2005-06-28,CHFGHS,Swiss Franc,Selling,"7,156.8500",GH¢ per CHF,0.715685,GH¢ per CHF,ok,
2005-06-28,CHFGHS,Swiss Franc,Mid Rate,"7,104.5050",GH¢ per CHF,0.7104505,GH¢ per CHF,ok,
2005-06-28,DKKGHS,Danish Krone,Buying,"1,461.8800",GH¢ per DKK,0.146188,GH¢ per DKK,ok,
2005-06-28,DKKGHS,Danish Krone,Selling,"1,483.8000",GH¢ per DKK,0.14838,GH¢ per DKK,ok,
2005-06-28,DKKGHS,Danish Krone,Mid Rate,"1,472.8400",GH¢ per DKK,0.147284,GH¢ per DKK,ok,
2005-06-28,GBPGHS,Pound Sterling,Buying,"16,366.6600",GH¢ per GBP,1.636666,GH¢ per GBP,ok,
2005-06-28,GBPGHS,Pound Sterling,Selling,"16,616.0500",GH¢ per GBP,1.661605,GH¢ per GBP,ok,
2005-06-28,GBPGHS,Pound Sterling,Mid Rate,"16,491.3550",GH¢ per GBP,1.6491355,GH¢ per GBP,ok,
2005-06-28,JPYGHS,Japanese yen,Buying,81.9100,GH¢ per JPY,0.008191,GH¢ per JPY,ok,
2005-06-28,JPYGHS,Japanese yen,Selling,83.1100,GH¢ per JPY,0.008311,GH¢ per JPY,ok,
2005-06-28,JPYGHS,Japanese yen,Mid Rate,82.5100,GH¢ per JPY,0.008251,GH¢ per JPY,ok,
2005-06-28,NOKGHS,Norwegian Krone,Buying,"1,370.2100",GH¢ per NOK,0.137021,GH¢ per NOK,ok,
2005-06-28,NOKGHS,Norwegian Krone,Selling,"1,389.0200",GH¢ per NOK,0.138902,GH¢ per NOK,ok,
2005-06-28,NOKGHS,Norwegian Krone,Mid Rate,"1,379.6150",GH¢ per NOK,0.1379615,GH¢ per NOK,ok,
2005-06-28,NZDGHS,New Zealand Dollar,Buying,"6,328.9900",GH¢ per NZD,0.632899,GH¢ per NZD,ok,
2005-06-28,NZDGHS,New Zealand Dollar,Selling,"6,437.0600",GH¢ per NZD,0.643706,GH¢ per NZD,ok,
2005-06-28,NZDGHS,New Zealand Dollar,Mid Rate,"6,383.0250",GH¢ per NZD,0.6383025,GH¢ per NZD,ok,
2005-06-28,SEKGHS,Swedish Krona,Buying,"1,159.1900",GH¢ per SEK,0.115919,GH¢ per SEK,ok,
2005-06-28,SEKGHS,Swedish Krona,Selling,"1,175.4700",GH¢ per SEK,0.117547,GH¢ per SEK,ok,
2005-06-28,SEKGHS,Swedish Krona,Mid Rate,"1,167.3300",GH¢ per SEK,0.116733,GH¢ per SEK,ok,
2005-06-29,USDGHS,US Dollar,Buying,"8,987.7300",GH¢ per USD,0.898773,GH¢ per USD,ok,
2005-06-29,USDGHS,US Dollar,Selling,"9,123.1800",GH¢ per USD,0.912318,GH¢ per USD,ok,
2005-06-29,USDGHS,US Dollar,Mid Rate,"9,055.4550",GH¢ per USD,0.9055455,GH¢ per USD,ok,
2005-06-29,AUDGHS,Australian Dollar,Selling,"6,958.0100",GH¢ per AUD,0.695801,GH¢ per AUD,ok,
2005-06-29,AUDGHS,Australian Dollar,Mid Rate,"3,479.0050",GH¢ per AUD,0.3479005,GH¢ per AUD,ok,
2005-06-29,CADGHS,Canadian Dollar,Buying,"7,286.1500",GH¢ per CAD,0.728615,GH¢ per CAD,ok,
2005-06-29,CADGHS,Canadian Dollar,Selling,"7,391.9000",GH¢ per CAD,0.73919,GH¢ per CAD,ok,
2005-06-29,CADGHS,Canadian Dollar,Mid Rate,"7,339.0250",GH¢ per CAD,0.7339025,GH¢ per CAD,ok,
2005-06-29,CHFGHS,Swiss Franc,Buying,"7,002.7700",GH¢ per CHF,0.700277,GH¢ per CHF,ok,
2005-06-29,CHFGHS,Swiss Franc,Selling,"7,103.0800",GH¢ per CHF,0.710308,GH¢ per CHF,ok,
2005-06-29,CHFGHS,Swiss Franc,Mid Rate,"7,052.9250",GH¢ per CHF,0.7052925,GH¢ per CHF,ok,
2005-06-29,DKKGHS,Danish Krone,Buying,"1,451.5800",GH¢ per DKK,0.145158,GH¢ per DKK,ok,
2005-06-29,DKKGHS,Danish Krone,Selling,"1,472.7700",GH¢ per DKK,0.147277,GH¢ per DKK,ok,
2005-06-29,DKKGHS,Danish Krone,Mid Rate,"1,462.1750",GH¢ per DKK,0.1462175,GH¢ per DKK,ok,
2005-06-29,GBPGHS,Pound Sterling,Buying,"16,294.7500",GH¢ per GBP,1.629475,GH¢ per GBP,ok,
2005-06-29,GBPGHS,Pound Sterling,Selling,"16,543.0600",GH¢ per GBP,1.654306,GH¢ per GBP,ok,
2005-06-29,GBPGHS,Pound Sterling,Mid Rate,"16,418.9050",GH¢ per GBP,1.6418905,GH¢ per GBP,ok,
2005-06-29,JPYGHS,Japanese yen,Buying,81.4900,GH¢ per JPY,0.008149,GH¢ per JPY,ok,
2005-06-29,JPYGHS,Japanese yen,Selling,82.6800,GH¢ per JPY,0.008268,GH¢ per JPY,ok,
2005-06-29,JPYGHS,Japanese yen,Mid Rate,82.0850,GH¢ per JPY,0.0082085,GH¢ per JPY,ok,
2005-06-29,NOKGHS,Norwegian Krone,Buying,"1,364.0700",GH¢ per NOK,0.136407,GH¢ per NOK,ok,
2005-06-29,NOKGHS,Norwegian Krone,Selling,"1,384.0800",GH¢ per NOK,0.138408,GH¢ per NOK,ok,
2005-06-29,NOKGHS,Norwegian Krone,Mid Rate,"1,374.0750",GH¢ per NOK,0.1374075,GH¢ per NOK,ok,
2005-06-29,NZDGHS,New Zealand Dollar,Buying,"6,297.9200",GH¢ per NZD,0.629792,GH¢ per NZD,ok,
2005-06-29,NZDGHS,New Zealand Dollar,Selling,"6,403.8200",GH¢ per NZD,0.640382,GH¢ per NZD,ok,
2005-06-29,NZDGHS,New Zealand Dollar,Mid Rate,"6,350.8700",GH¢ per NZD,0.635087,GH¢ per NZD,ok,
2005-06-29,SEKGHS,Swedish Krona,Buying,"1,147.7000",GH¢ per SEK,0.11477,GH¢ per SEK,ok,
2005-06-29,SEKGHS,Swedish Krona,Selling,"1,164.1700",GH¢ per SEK,0.116417,GH¢ per SEK,ok,
2005-06-29,SEKGHS,Swedish Krona,Mid Rate,"1,155.9350",GH¢ per SEK,0.1155935,GH¢ per SEK,ok,
2005-06-30,USDGHS,US Dollar,Buying,"8,987.7300",GH¢ per USD,0.898773,GH¢ per USD,ok,
2005-06-30,USDGHS,US Dollar,Selling,"9,123.1800",GH¢ per USD,0.912318,GH¢ per USD,ok,
2005-06-30,USDGHS,US Dollar,Mid Rate,"9,055.4550",GH¢ per USD,0.9055455,GH¢ per USD,ok,
2005-06-30,AUDGHS,Australian Dollar,Selling,"6,967.8200",GH¢ per AUD,0.696782,GH¢ per AUD,ok,
2005-06-30,AUDGHS,Australian Dollar,Mid Rate,"3,483.9100",GH¢ per AUD,0.348391,GH¢ per AUD,ok,
2005-06-30,CADGHS,Canadian Dollar,Buying,"7,293.9200",GH¢ per CAD,0.729392,GH¢ per CAD,ok,
2005-06-30,CADGHS,Canadian Dollar,Selling,"7,401.8200",GH¢ per CAD,0.740182,GH¢ per CAD,ok,
2005-06-30,CADGHS,Canadian Dollar,Mid Rate,"7,347.8700",GH¢ per CAD,0.734787,GH¢ per CAD,ok,
2005-06-30,CHFGHS,Swiss Franc,Buying,"7,005.9000",GH¢ per CHF,0.70059,GH¢ per CHF,ok,
2005-06-30,CHFGHS,Swiss Franc,Selling,"7,109.9900",GH¢ per CHF,0.710999,GH¢ per CHF,ok,
2005-06-30,CHFGHS,Swiss Franc,Mid Rate,"7,057.9450",GH¢ per CHF,0.7057945,GH¢ per CHF,ok,
2005-06-30,DKKGHS,Danish Krone,Buying,"1,456.4900",GH¢ per DKK,0.145649,GH¢ per DKK,ok,
2005-06-30,DKKGHS,Danish Krone,Selling,"1,477.7200",GH¢ per DKK,0.147772,GH¢ per DKK,ok,
2005-06-30,DKKGHS,Danish Krone,Mid Rate,"1,467.1050",GH¢ per DKK,0.1467105,GH¢ per DKK,ok,
2005-06-30,GBPGHS,Pound Sterling,Buying,"16,216.5600",GH¢ per GBP,1.621656,GH¢ per GBP,ok,
2005-06-30,GBPGHS,Pound Sterling,Selling,"16,454.6000",GH¢ per GBP,1.64546,GH¢ per GBP,ok,
2005-06-30,GBPGHS,Pound Sterling,Mid Rate,"16,335.5800",GH¢ per GBP,1.633558,GH¢ per GBP,ok,
2005-06-30,JPYGHS,Japanese yen,Buying,81.4200,GH¢ per JPY,0.008142,GH¢ per JPY,ok,
2005-06-30,JPYGHS,Japanese yen,Selling,82.6100,GH¢ per JPY,0.008261,GH¢ per JPY,ok,
2005-06-30,JPYGHS,Japanese yen,Mid Rate,82.0150,GH¢ per JPY,0.0082015,GH¢ per JPY,ok,
2005-06-30,NOKGHS,Norwegian Krone,Buying,"1,371.0800",GH¢ per NOK,0.137108,GH¢ per NOK,ok,
2005-06-30,NOKGHS,Norwegian Krone,Selling,"1,390.3000",GH¢ per NOK,0.13903,GH¢ per NOK,ok,
2005-06-30,NOKGHS,Norwegian Krone,Mid Rate,"1,380.6900",GH¢ per NOK,0.138069,GH¢ per NOK,ok,
2005-06-30,NZDGHS,New Zealand Dollar,Buying,"6,285.5400",GH¢ per NZD,0.628554,GH¢ per NZD,ok,
2005-06-30,NZDGHS,New Zealand Dollar,Selling,"6,391.5600",GH¢ per NZD,0.639156,GH¢ per NZD,ok,
2005-06-30,NZDGHS,New Zealand Dollar,Mid Rate,"6,338.5500",GH¢ per NZD,0.633855,GH¢ per NZD,ok,
2005-06-30,SEKGHS,Swedish Krona,Buying,"1,149.5300",GH¢ per SEK,0.114953,GH¢ per SEK,ok,
2005-06-30,SEKGHS,Swedish Krona,Selling,"1,166.6200",GH¢ per SEK,0.116662,GH¢ per SEK,ok,
2005-06-30,SEKGHS,Swedish Krona,Mid Rate,"1,158.0750",GH¢ per SEK,0.1158075,GH¢ per SEK,ok,
2005-07-04,USDGHS,US Dollar,Buying,"8,988.9300",GH¢ per USD,0.898893,GH¢ per USD,ok,
2005-07-04,USDGHS,US Dollar,Selling,"9,123.1800",GH¢ per USD,0.912318,GH¢ per USD,ok,
2005-07-04,USDGHS,US Dollar,Mid Rate,"9,056.0550",GH¢ per USD,0.9056055,GH¢ per USD,ok,
2005-07-04,AUDGHS,Australian Dollar,Selling,"6,949.6800",GH¢ per AUD,0.694968,GH¢ per AUD,ok,
2005-07-04,AUDGHS,Australian Dollar,Mid Rate,"3,474.8400",GH¢ per AUD,0.347484,GH¢ per AUD,ok,
2005-07-04,CADGHS,Canadian Dollar,Buying,"7,331.1800",GH¢ per CAD,0.733118,GH¢ per CAD,ok,
2005-07-04,CADGHS,Canadian Dollar,Selling,"7,437.2700",GH¢ per CAD,0.743727,GH¢ per CAD,ok,
2005-07-04,CADGHS,Canadian Dollar,Mid Rate,"7,384.2250",GH¢ per CAD,0.7384225,GH¢ per CAD,ok,
2005-07-04,CHFGHS,Swiss Franc,Buying,"7,013.0700",GH¢ per CHF,0.701307,GH¢ per CHF,ok,
2005-07-04,CHFGHS,Swiss Franc,Selling,"7,111.9400",GH¢ per CHF,0.711194,GH¢ per CHF,ok,
2005-07-04,CHFGHS,Swiss Franc,Mid Rate,"7,062.5050",GH¢ per CHF,0.7062505,GH¢ per CHF,ok,
2005-07-04,DKKGHS,Danish Krone,Buying,"1,460.0800",GH¢ per DKK,0.146008,GH¢ per DKK,ok,
2005-07-04,DKKGHS,Danish Krone,Selling,"1,481.6600",GH¢ per DKK,0.148166,GH¢ per DKK,ok,
2005-07-04,DKKGHS,Danish Krone,Mid Rate,"1,470.8700",GH¢ per DKK,0.147087,GH¢ per DKK,ok,
2005-07-04,GBPGHS,Pound Sterling,Buying,"16,113.9300",GH¢ per GBP,1.611393,GH¢ per GBP,ok,
2005-07-04,GBPGHS,Pound Sterling,Selling,"16,356.0400",GH¢ per GBP,1.635604,GH¢ per GBP,ok,
2005-07-04,GBPGHS,Pound Sterling,Mid Rate,"16,234.9850",GH¢ per GBP,1.6234985,GH¢ per GBP,ok,
2005-07-04,JPYGHS,Japanese yen,Buying,81.0500,GH¢ per JPY,0.008105,GH¢ per JPY,ok,
2005-07-04,JPYGHS,Japanese yen,Selling,82.2200,GH¢ per JPY,0.008222,GH¢ per JPY,ok,
2005-07-04,JPYGHS,Japanese yen,Mid Rate,81.6350,GH¢ per JPY,0.0081635,GH¢ per JPY,ok,
2005-07-04,NOKGHS,Norwegian Krone,Buying,"1,375.1300",GH¢ per NOK,0.137513,GH¢ per NOK,ok,
2005-07-04,NOKGHS,Norwegian Krone,Selling,"1,394.9200",GH¢ per NOK,0.139492,GH¢ per NOK,ok,
2005-07-04,NOKGHS,Norwegian Krone,Mid Rate,"1,385.0250",GH¢ per NOK,0.1385025,GH¢ per NOK,ok,
2005-07-04,NZDGHS,New Zealand Dollar,Buying,"6,252.2100",GH¢ per NZD,0.625221,GH¢ per NZD,ok,
2005-07-04,NZDGHS,New Zealand Dollar,Selling,"6,354.3200",GH¢ per NZD,0.635432,GH¢ per NZD,ok,
2005-07-04,NZDGHS,New Zealand Dollar,Mid Rate,"6,303.2650",GH¢ per NZD,0.6303265,GH¢ per NZD,ok,
2005-07-04,SEKGHS,Swedish Krona,Buying,"1,151.7600",GH¢ per SEK,0.115176,GH¢ per SEK,ok,
2005-07-04,SEKGHS,Swedish Krona,Selling,"1,167.9700",GH¢ per SEK,0.116797,GH¢ per SEK,ok,
2005-07-04,SEKGHS,Swedish Krona,Mid Rate,"1,159.8650",GH¢ per SEK,0.1159865,GH¢ per SEK,ok,
2005-07-05,USDGHS,US Dollar,Buying,"8,988.6400",GH¢ per USD,0.898864,GH¢ per USD,ok,
2005-07-05,USDGHS,US Dollar,Selling,"9,123.1800",GH¢ per USD,0.912318,GH¢ per USD,ok,
2005-07-05,USDGHS,US Dollar,Mid Rate,"9,055.9100",GH¢ per USD,0.905591,GH¢ per USD,ok,
2005-07-05,AUDGHS,Australian Dollar,Selling,"6,788.9500",GH¢ per AUD,0.678895,GH¢ per AUD,ok,
2005-07-05,AUDGHS,Australian Dollar,Mid Rate,"3,394.4750",GH¢ per AUD,0.3394475,GH¢ per AUD,ok,
2005-07-05,CADGHS,Canadian Dollar,Buying,"7,232.0800",GH¢ per CAD,0.723208,GH¢ per CAD,ok,
2005-07-05,CADGHS,Canadian Dollar,Selling,"7,334.1800",GH¢ per CAD,0.733418,GH¢ per CAD,ok,
2005-07-05,CADGHS,Canadian Dollar,Mid Rate,"7,283.1300",GH¢ per CAD,0.728313,GH¢ per CAD,ok,
2005-07-05,CHFGHS,Swiss Franc,Buying,"6,887.8300",GH¢ per CHF,0.688783,GH¢ per CHF,ok,
2005-07-05,CHFGHS,Swiss Franc,Selling,"6,987.5400",GH¢ per CHF,0.698754,GH¢ per CHF,ok,
2005-07-05,CHFGHS,Swiss Franc,Mid Rate,"6,937.6850",GH¢ per CHF,0.6937685,GH¢ per CHF,ok,
2005-07-05,DKKGHS,Danish Krone,Buying,"1,433.1400",GH¢ per DKK,0.143314,GH¢ per DKK,ok,
2005-07-05,DKKGHS,Danish Krone,Selling,"1,454.2000",GH¢ per DKK,0.14542,GH¢ per DKK,ok,
2005-07-05,DKKGHS,Danish Krone,Mid Rate,"1,443.6700",GH¢ per DKK,0.144367,GH¢ per DKK,ok,
2005-07-05,GBPGHS,Pound Sterling,Buying,"15,757.9800",GH¢ per GBP,1.575798,GH¢ per GBP,ok,
2005-07-05,GBPGHS,Pound Sterling,Selling,"15,996.5800",GH¢ per GBP,1.599658,GH¢ per GBP,ok,
2005-07-05,GBPGHS,Pound Sterling,Mid Rate,"15,877.2800",GH¢ per GBP,1.587728,GH¢ per GBP,ok,
2005-07-05,JPYGHS,Japanese yen,Buying,80.2200,GH¢ per JPY,0.008022,GH¢ per JPY,ok,
2005-07-05,JPYGHS,Japanese yen,Selling,81.3800,GH¢ per JPY,0.008138,GH¢ per JPY,ok,
2005-07-05,JPYGHS,Japanese yen,Mid Rate,80.8000,GH¢ per JPY,0.00808,GH¢ per JPY,ok,
2005-07-05,NOKGHS,Norwegian Krone,Buying,"1,352.3500",GH¢ per NOK,0.135235,GH¢ per NOK,ok,
2005-07-05,NOKGHS,Norwegian Krone,Selling,"1,371.0500",GH¢ per NOK,0.137105,GH¢ per NOK,ok,
2005-07-05,NOKGHS,Norwegian Krone,Mid Rate,"1,361.7000",GH¢ per NOK,0.13617,GH¢ per NOK,ok,
2005-07-05,NZDGHS,New Zealand Dollar,Buying,"6,068.4000",GH¢ per NZD,0.60684,GH¢ per NZD,ok,
2005-07-05,NZDGHS,New Zealand Dollar,Selling,"6,166.6800",GH¢ per NZD,0.616668,GH¢ per NZD,ok,
2005-07-05,NZDGHS,New Zealand Dollar,Mid Rate,"6,117.5400",GH¢ per NZD,0.611754,GH¢ per NZD,ok,
2005-07-05,SEKGHS,Swedish Krona,Buying,"1,131.4000",GH¢ per SEK,0.11314,GH¢ per SEK,ok,
2005-07-05,SEKGHS,Swedish Krona,Selling,"1,147.9200",GH¢ per SEK,0.114792,GH¢ per SEK,ok,
2005-07-05,SEKGHS,Swedish Krona,Mid Rate,"1,139.6600",GH¢ per SEK,0.113966,GH¢ per SEK,ok,
2005-07-06,USDGHS,US Dollar,Buying,"8,988.6400",GH¢ per USD,0.898864,GH¢ per USD,ok,
2005-07-06,USDGHS,US Dollar,Selling,"9,123.1800",GH¢ per USD,0.912318,GH¢ per USD,ok,
2005-07-06,USDGHS,US Dollar,Mid Rate,"9,055.9100",GH¢ per USD,0.905591,GH¢ per USD,ok,
2005-07-06,AUDGHS,Australian Dollar,Selling,"6,792.0000",GH¢ per AUD,0.6792,GH¢ per AUD,ok,
2005-07-06,AUDGHS,Australian Dollar,Mid Rate,"3,396.0000",GH¢ per AUD,0.3396,GH¢ per AUD,ok,
2005-07-06,CADGHS,Canadian Dollar,Buying,"7,240.2800",GH¢ per CAD,0.724028,GH¢ per CAD,ok,
2005-07-06,CADGHS,Canadian Dollar,Selling,"7,343.9200",GH¢ per CAD,0.734392,GH¢ per CAD,ok,
2005-07-06,CADGHS,Canadian Dollar,Mid Rate,"7,292.1000",GH¢ per CAD,0.72921,GH¢ per CAD,ok,
2005-07-06,CHFGHS,Swiss Franc,Buying,"6,905.3600",GH¢ per CHF,0.690536,GH¢ per CHF,ok,
2005-07-06,CHFGHS,Swiss Franc,Selling,"7,005.4100",GH¢ per CHF,0.700541,GH¢ per CHF,ok,
2005-07-06,CHFGHS,Swiss Franc,Mid Rate,"6,955.3850",GH¢ per CHF,0.6955385,GH¢ per CHF,ok,
2005-07-06,DKKGHS,Danish Krone,Buying,"1,439.2300",GH¢ per DKK,0.143923,GH¢ per DKK,ok,
2005-07-06,DKKGHS,Danish Krone,Selling,"1,460.3800",GH¢ per DKK,0.146038,GH¢ per DKK,ok,
2005-07-06,DKKGHS,Danish Krone,Mid Rate,"1,449.8050",GH¢ per DKK,0.1449805,GH¢ per DKK,ok,
2005-07-06,GBPGHS,Pound Sterling,Buying,"15,793.9400",GH¢ per GBP,1.579394,GH¢ per GBP,ok,
2005-07-06,GBPGHS,Pound Sterling,Selling,"16,033.9900",GH¢ per GBP,1.603399,GH¢ per GBP,ok,
2005-07-06,GBPGHS,Pound Sterling,Mid Rate,"15,913.9650",GH¢ per GBP,1.5913965,GH¢ per GBP,ok,
2005-07-06,JPYGHS,Japanese yen,Buying,80.5400,GH¢ per JPY,0.008054,GH¢ per JPY,ok,
2005-07-06,JPYGHS,Japanese yen,Selling,81.7100,GH¢ per JPY,0.008171,GH¢ per JPY,ok,
2005-07-06,JPYGHS,Japanese yen,Mid Rate,81.1250,GH¢ per JPY,0.0081125,GH¢ per JPY,ok,
2005-07-06,NOKGHS,Norwegian Krone,Buying,"1,357.3900",GH¢ per NOK,0.135739,GH¢ per NOK,ok,
2005-07-06,NOKGHS,Norwegian Krone,Selling,"1,376.6600",GH¢ per NOK,0.137666,GH¢ per NOK,ok,
2005-07-06,NOKGHS,Norwegian Krone,Mid Rate,"1,367.0250",GH¢ per NOK,0.1367025,GH¢ per NOK,ok,
2005-07-06,NZDGHS,New Zealand Dollar,Buying,"6,086.9800",GH¢ per NZD,0.608698,GH¢ per NZD,ok,
2005-07-06,NZDGHS,New Zealand Dollar,Selling,"6,190.7200",GH¢ per NZD,0.619072,GH¢ per NZD,ok,
2005-07-06,NZDGHS,New Zealand Dollar,Mid Rate,"6,138.8500",GH¢ per NZD,0.613885,GH¢ per NZD,ok,
2005-07-06,SEKGHS,Swedish Krona,Buying,"1,139.2100",GH¢ per SEK,0.113921,GH¢ per SEK,ok,
2005-07-06,SEKGHS,Swedish Krona,Selling,"1,155.7700",GH¢ per SEK,0.115577,GH¢ per SEK,ok,
2005-07-06,SEKGHS,Swedish Krona,Mid Rate,"1,147.4900",GH¢ per SEK,0.114749,GH¢ per SEK,ok,
2005-07-07,USDGHS,US Dollar,Buying,"8,991.3600",GH¢ per USD,0.899136,GH¢ per USD,ok,
2005-07-07,USDGHS,US Dollar,Selling,"9,123.1800",GH¢ per USD,0.912318,GH¢ per USD,ok,
2005-07-07,USDGHS,US Dollar,Mid Rate,"9,057.2700",GH¢ per USD,0.905727,GH¢ per USD,ok,
2005-07-07,AUDGHS,Australian Dollar,Selling,"6,786.1900",GH¢ per AUD,0.678619,GH¢ per AUD,ok,
2005-07-07,AUDGHS,Australian Dollar,Mid Rate,"3,393.0950",GH¢ per AUD,0.3393095,GH¢ per AUD,ok,
2005-07-07,CADGHS,Canadian Dollar,Buying,"7,285.7900",GH¢ per CAD,0.728579,GH¢ per CAD,ok,
2005-07-07,CADGHS,Canadian Dollar,Selling,"7,388.4800",GH¢ per CAD,0.738848,GH¢ per CAD,ok,
2005-07-07,CADGHS,Canadian Dollar,Mid Rate,"7,337.1350",GH¢ per CAD,0.7337135,GH¢ per CAD,ok,
2005-07-07,CHFGHS,Swiss Franc,Buying,"6,907.9700",GH¢ per CHF,0.690797,GH¢ per CHF,ok,
2005-07-07,CHFGHS,Swiss Franc,Selling,"7,007.1600",GH¢ per CHF,0.700716,GH¢ per CHF,ok,
2005-07-07,CHFGHS,Swiss Franc,Mid Rate,"6,957.5650",GH¢ per CHF,0.6957565,GH¢ per CHF,ok,
2005-07-07,DKKGHS,Danish Krone,Buying,"1,440.4300",GH¢ per DKK,0.144043,GH¢ per DKK,ok,
2005-07-07,DKKGHS,Danish Krone,Selling,"1,461.4800",GH¢ per DKK,0.146148,GH¢ per DKK,ok,
2005-07-07,DKKGHS,Danish Krone,Mid Rate,"1,450.9550",GH¢ per DKK,0.1450955,GH¢ per DKK,ok,
2005-07-07,GBPGHS,Pound Sterling,Buying,"15,759.1600",GH¢ per GBP,1.575916,GH¢ per GBP,ok,
2005-07-07,GBPGHS,Pound Sterling,Selling,"15,993.8500",GH¢ per GBP,1.599385,GH¢ per GBP,ok,
2005-07-07,GBPGHS,Pound Sterling,Mid Rate,"15,876.5050",GH¢ per GBP,1.5876505,GH¢ per GBP,ok,
2005-07-07,JPYGHS,Japanese yen,Buying,80.2800,GH¢ per JPY,0.008028,GH¢ per JPY,ok,
2005-07-07,JPYGHS,Japanese yen,Selling,81.4200,GH¢ per JPY,0.008142,GH¢ per JPY,ok,
2005-07-07,JPYGHS,Japanese yen,Mid Rate,80.8500,GH¢ per JPY,0.008085,GH¢ per JPY,ok,
2005-07-07,NOKGHS,Norwegian Krone,Buying,"1,356.2400",GH¢ per NOK,0.135624,GH¢ per NOK,ok,
2005-07-07,NOKGHS,Norwegian Krone,Selling,"1,375.5100",GH¢ per NOK,0.137551,GH¢ per NOK,ok,
2005-07-07,NOKGHS,Norwegian Krone,Mid Rate,"1,365.8750",GH¢ per NOK,0.1365875,GH¢ per NOK,ok,
2005-07-07,NZDGHS,New Zealand Dollar,Buying,"6,057.8200",GH¢ per NZD,0.605782,GH¢ per NZD,ok,
2005-07-07,NZDGHS,New Zealand Dollar,Selling,"6,159.2300",GH¢ per NZD,0.615923,GH¢ per NZD,ok,
2005-07-07,NZDGHS,New Zealand Dollar,Mid Rate,"6,108.5250",GH¢ per NZD,0.6108525,GH¢ per NZD,ok,
2005-07-07,SEKGHS,Swedish Krona,Buying,"1,141.1700",GH¢ per SEK,0.114117,GH¢ per SEK,ok,
2005-07-07,SEKGHS,Swedish Krona,Selling,"1,157.0200",GH¢ per SEK,0.115702,GH¢ per SEK,ok,
2005-07-07,SEKGHS,Swedish Krona,Mid Rate,"1,149.0950",GH¢ per SEK,0.1149095,GH¢ per SEK,ok,
2005-07-08,USDGHS,US Dollar,Buying,"8,988.6400",GH¢ per USD,0.898864,GH¢ per USD,ok,
2005-07-08,USDGHS,US Dollar,Selling,"9,123.1800",GH¢ per USD,0.912318,GH¢ per USD,ok,
2005-07-08,USDGHS,US Dollar,Mid Rate,"9,055.9100",GH¢ per USD,0.905591,GH¢ per USD,ok,
2005-07-08,AUDGHS,Australian Dollar,Selling,"6,740.8400",GH¢ per AUD,0.674084,GH¢ per AUD,ok,
2005-07-08,AUDGHS,Australian Dollar,Mid Rate,"3,370.4200",GH¢ per AUD,0.337042,GH¢ per AUD,ok,
2005-07-08,CADGHS,Canadian Dollar,Buying,"7,312.1400",GH¢ per CAD,0.731214,GH¢ per CAD,ok,
2005-07-08,CADGHS,Canadian Dollar,Selling,"7,415.3800",GH¢ per CAD,0.741538,GH¢ per CAD,ok,
2005-07-08,CADGHS,Canadian Dollar,Mid Rate,"7,363.7600",GH¢ per CAD,0.736376,GH¢ per CAD,ok,
2005-07-08,CHFGHS,Swiss Franc,Buying,"6,898.0300",GH¢ per CHF,0.689803,GH¢ per CHF,ok,
2005-07-08,CHFGHS,Swiss Franc,Selling,"6,998.9600",GH¢ per CHF,0.699896,GH¢ per CHF,ok,
2005-07-08,CHFGHS,Swiss Franc,Mid Rate,"6,948.4950",GH¢ per CHF,0.6948495,GH¢ per CHF,ok,
2005-07-08,DKKGHS,Danish Krone,Buying,"1,436.5700",GH¢ per DKK,0.143657,GH¢ per DKK,ok,
2005-07-08,DKKGHS,Danish Krone,Selling,"1,457.8500",GH¢ per DKK,0.145785,GH¢ per DKK,ok,
2005-07-08,DKKGHS,Danish Krone,Mid Rate,"1,447.2100",GH¢ per DKK,0.144721,GH¢ per DKK,ok,
2005-07-08,GBPGHS,Pound Sterling,Buying,"15,615.0700",GH¢ per GBP,1.561507,GH¢ per GBP,ok,
2005-07-08,GBPGHS,Pound Sterling,Selling,"15,853.3500",GH¢ per GBP,1.585335,GH¢ per GBP,ok,
2005-07-08,GBPGHS,Pound Sterling,Mid Rate,"15,734.2100",GH¢ per GBP,1.573421,GH¢ per GBP,ok,
2005-07-08,JPYGHS,Japanese yen,Buying,80.0700,GH¢ per JPY,0.008007,GH¢ per JPY,ok,
2005-07-08,JPYGHS,Japanese yen,Selling,81.2400,GH¢ per JPY,0.008124,GH¢ per JPY,ok,
2005-07-08,JPYGHS,Japanese yen,Mid Rate,80.6550,GH¢ per JPY,0.0080655,GH¢ per JPY,ok,
2005-07-08,NOKGHS,Norwegian Krone,Buying,"1,358.0100",GH¢ per NOK,0.135801,GH¢ per NOK,ok,
2005-07-08,NOKGHS,Norwegian Krone,Selling,"1,376.6700",GH¢ per NOK,0.137667,GH¢ per NOK,ok,
2005-07-08,NOKGHS,Norwegian Krone,Mid Rate,"1,367.3400",GH¢ per NOK,0.136734,GH¢ per NOK,ok,
2005-07-08,NZDGHS,New Zealand Dollar,Buying,"6,030.5400",GH¢ per NZD,0.603054,GH¢ per NZD,ok,
2005-07-08,NZDGHS,New Zealand Dollar,Selling,"6,127.3200",GH¢ per NZD,0.612732,GH¢ per NZD,ok,
2005-07-08,NZDGHS,New Zealand Dollar,Mid Rate,"6,078.9300",GH¢ per NZD,0.607893,GH¢ per NZD,ok,
2005-07-08,SEKGHS,Swedish Krona,Buying,"1,136.0900",GH¢ per SEK,0.113609,GH¢ per SEK,ok,
2005-07-08,SEKGHS,Swedish Krona,Selling,"1,152.3700",GH¢ per SEK,0.115237,GH¢ per SEK,ok,
2005-07-08,SEKGHS,Swedish Krona,Mid Rate,"1,144.2300",GH¢ per SEK,0.114423,GH¢ per SEK,ok,
2005-07-11,USDGHS,US Dollar,Buying,"8,995.4500",GH¢ per USD,0.899545,GH¢ per USD,ok,
2005-07-11,USDGHS,US Dollar,Selling,"9,122.2700",GH¢ per USD,0.912227,GH¢ per USD,ok,
2005-07-11,USDGHS,US Dollar,Mid Rate,"9,058.8600",GH¢ per USD,0.905886,GH¢ per USD,ok,
2005-07-11,AUDGHS,Australian Dollar,Selling,"6,793.3200",GH¢ per AUD,0.679332,GH¢ per AUD,ok,
2005-07-11,AUDGHS,Australian Dollar,Mid Rate,"3,396.6600",GH¢ per AUD,0.339666,GH¢ per AUD,ok,
2005-07-11,CADGHS,Canadian Dollar,Buying,"7,599.4500",GH¢ per CAD,0.759945,GH¢ per CAD,ok,
2005-07-11,CADGHS,Canadian Dollar,Selling,"7,703.4500",GH¢ per CAD,0.770345,GH¢ per CAD,ok,
2005-07-11,CADGHS,Canadian Dollar,Mid Rate,"7,651.4500",GH¢ per CAD,0.765145,GH¢ per CAD,ok,
2005-07-11,CHFGHS,Swiss Franc,Buying,"6,948.9300",GH¢ per CHF,0.694893,GH¢ per CHF,ok,
2005-07-11,CHFGHS,Swiss Franc,Selling,"7,049.4700",GH¢ per CHF,0.704947,GH¢ per CHF,ok,
2005-07-11,CHFGHS,Swiss Franc,Mid Rate,"6,999.2000",GH¢ per CHF,0.69992,GH¢ per CHF,ok,
2005-07-11,DKKGHS,Danish Krone,Buying,"1,449.5300",GH¢ per DKK,0.144953,GH¢ per DKK,ok,
2005-07-11,DKKGHS,Danish Krone,Selling,"1,470.7400",GH¢ per DKK,0.147074,GH¢ per DKK,ok,
2005-07-11,DKKGHS,Danish Krone,Mid Rate,"1,460.1350",GH¢ per DKK,0.1460135,GH¢ per DKK,ok,
2005-07-11,GBPGHS,Pound Sterling,Buying,"15,714.1500",GH¢ per GBP,1.571415,GH¢ per GBP,ok,
2005-07-11,GBPGHS,Pound Sterling,Selling,"15,938.4300",GH¢ per GBP,1.593843,GH¢ per GBP,ok,
2005-07-11,GBPGHS,Pound Sterling,Mid Rate,"15,826.2900",GH¢ per GBP,1.582629,GH¢ per GBP,ok,
2005-07-11,JPYGHS,Japanese yen,Buying,80.4500,GH¢ per JPY,0.008045,GH¢ per JPY,ok,
2005-07-11,JPYGHS,Japanese yen,Selling,81.6500,GH¢ per JPY,0.008165,GH¢ per JPY,ok,
2005-07-11,JPYGHS,Japanese yen,Mid Rate,81.0500,GH¢ per JPY,0.008105,GH¢ per JPY,ok,
2005-07-11,NOKGHS,Norwegian Krone,Buying,"1,368.7100",GH¢ per NOK,0.136871,GH¢ per NOK,ok,
2005-07-11,NOKGHS,Norwegian Krone,Selling,"1,388.5600",GH¢ per NOK,0.138856,GH¢ per NOK,ok,
2005-07-11,NOKGHS,Norwegian Krone,Mid Rate,"1,378.6350",GH¢ per NOK,0.1378635,GH¢ per NOK,ok,
2005-07-11,NZDGHS,New Zealand Dollar,Buying,"6,126.9500",GH¢ per NZD,0.612695,GH¢ per NZD,ok,
2005-07-11,NZDGHS,New Zealand Dollar,Selling,"6,223.9600",GH¢ per NZD,0.622396,GH¢ per NZD,ok,
2005-07-11,NZDGHS,New Zealand Dollar,Mid Rate,"6,175.4550",GH¢ per NZD,0.6175455,GH¢ per NZD,ok,
2005-07-11,SEKGHS,Swedish Krona,Buying,"1,141.6000",GH¢ per SEK,0.11416,GH¢ per SEK,ok,
2005-07-11,SEKGHS,Swedish Krona,Selling,"1,158.4000",GH¢ per SEK,0.11584,GH¢ per SEK,ok,
2005-07-11,SEKGHS,Swedish Krona,Mid Rate,"1,150.0000",GH¢ per SEK,0.115,GH¢ per SEK,ok,
2005-07-12,USDGHS,US Dollar,Buying,"8,988.6400",GH¢ per USD,0.898864,GH¢ per USD,ok,
2005-07-12,USDGHS,US Dollar,Selling,"9,123.1800",GH¢ per USD,0.912318,GH¢ per USD,ok,
2005-07-12,USDGHS,US Dollar,Mid Rate,"9,055.9100",GH¢ per USD,0.905591,GH¢ per USD,ok,
2005-07-12,AUDGHS,Australian Dollar,Selling,"6,868.1800",GH¢ per AUD,0.686818,GH¢ per AUD,ok,
2005-07-12,AUDGHS,Australian Dollar,Mid Rate,"3,434.0900",GH¢ per AUD,0.343409,GH¢ per AUD,ok,
2005-07-12,CADGHS,Canadian Dollar,Buying,"7,420.9400",GH¢ per CAD,0.742094,GH¢ per CAD,ok,
2005-07-12,CADGHS,Canadian Dollar,Selling,"7,531.4100",GH¢ per CAD,0.753141,GH¢ per CAD,ok,
2005-07-12,CADGHS,Canadian Dollar,Mid Rate,"7,476.1750",GH¢ per CAD,0.7476175,GH¢ per CAD,ok,
2005-07-12,CHFGHS,Swiss Franc,Buying,"7,041.2100",GH¢ per CHF,0.704121,GH¢ per CHF,ok,
2005-07-12,CHFGHS,Swiss Franc,Selling,"7,146.4900",GH¢ per CHF,0.714649,GH¢ per CHF,ok,
2005-07-12,CHFGHS,Swiss Franc,Mid Rate,"7,093.8500",GH¢ per CHF,0.709385,GH¢ per CHF,ok,
2005-07-12,DKKGHS,Danish Krone,Buying,"1,467.4000",GH¢ per DKK,0.14674,GH¢ per DKK,ok,
2005-07-12,DKKGHS,Danish Krone,Selling,"1,489.5800",GH¢ per DKK,0.148958,GH¢ per DKK,ok,
2005-07-12,DKKGHS,Danish Krone,Mid Rate,"1,478.4900",GH¢ per DKK,0.147849,GH¢ per DKK,ok,
2005-07-12,GBPGHS,Pound Sterling,Buying,"15,879.3300",GH¢ per GBP,1.587933,GH¢ per GBP,ok,
2005-07-12,GBPGHS,Pound Sterling,Selling,"16,122.4800",GH¢ per GBP,1.612248,GH¢ per GBP,ok,
2005-07-12,GBPGHS,Pound Sterling,Mid Rate,"16,000.9050",GH¢ per GBP,1.6000905,GH¢ per GBP,ok,
2005-07-12,JPYGHS,Japanese yen,Buying,80.7900,GH¢ per JPY,0.008079,GH¢ per JPY,ok,
2005-07-12,JPYGHS,Japanese yen,Selling,81.9800,GH¢ per JPY,0.008198,GH¢ per JPY,ok,
2005-07-12,JPYGHS,Japanese yen,Mid Rate,81.3850,GH¢ per JPY,0.0081385,GH¢ per JPY,ok,
2005-07-12,NOKGHS,Norwegian Krone,Buying,"1,386.3100",GH¢ per NOK,0.138631,GH¢ per NOK,ok,
2005-07-12,NOKGHS,Norwegian Krone,Selling,"1,406.9500",GH¢ per NOK,0.140695,GH¢ per NOK,ok,
2005-07-12,NOKGHS,Norwegian Krone,Mid Rate,"1,396.6300",GH¢ per NOK,0.139663,GH¢ per NOK,ok,
2005-07-12,NZDGHS,New Zealand Dollar,Buying,"6,145.3000",GH¢ per NZD,0.61453,GH¢ per NZD,ok,
2005-07-12,NZDGHS,New Zealand Dollar,Selling,"6,245.8500",GH¢ per NZD,0.624585,GH¢ per NZD,ok,
2005-07-12,NZDGHS,New Zealand Dollar,Mid Rate,"6,195.5750",GH¢ per NZD,0.6195575,GH¢ per NZD,ok,
2005-07-12,SEKGHS,Swedish Krona,Buying,"1,156.0900",GH¢ per SEK,0.115609,GH¢ per SEK,ok,
2005-07-12,SEKGHS,Swedish Krona,Selling,"1,173.3500",GH¢ per SEK,0.117335,GH¢ per SEK,ok,
2005-07-12,SEKGHS,Swedish Krona,Mid Rate,"1,164.7200",GH¢ per SEK,0.116472,GH¢ per SEK,ok,
2005-07-13,USDGHS,US Dollar,Buying,"8,988.6400",GH¢ per USD,0.898864,GH¢ per USD,ok,
2005-07-13,USDGHS,US Dollar,Selling,"9,123.1800",GH¢ per USD,0.912318,GH¢ per USD,ok,
2005-07-13,USDGHS,US Dollar,Mid Rate,"9,055.9100",GH¢ per USD,0.905591,GH¢ per USD,ok,
2005-07-13,AUDGHS,Australian Dollar,Selling,"6,871.5000",GH¢ per AUD,0.68715,GH¢ per AUD,ok,
2005-07-13,AUDGHS,Australian Dollar,Mid Rate,"3,435.7500",GH¢ per AUD,0.343575,GH¢ per AUD,ok,
2005-07-13,CADGHS,Canadian Dollar,Buying,"7,474.8300",GH¢ per CAD,0.747483,GH¢ per CAD,ok,
2005-07-13,CADGHS,Canadian Dollar,Selling,"7,586.0700",GH¢ per CAD,0.758607,GH¢ per CAD,ok,
2005-07-13,CADGHS,Canadian Dollar,Mid Rate,"7,530.4500",GH¢ per CAD,0.753045,GH¢ per CAD,ok,
2005-07-13,CHFGHS,Swiss Franc,Buying,"7,029.9400",GH¢ per CHF,0.702994,GH¢ per CHF,ok,
2005-07-13,CHFGHS,Swiss Franc,Selling,"7,134.1100",GH¢ per CHF,0.713411,GH¢ per CHF,ok,
2005-07-13,CHFGHS,Swiss Franc,Mid Rate,"7,082.0250",GH¢ per CHF,0.7082025,GH¢ per CHF,ok,
2005-07-13,DKKGHS,Danish Krone,Buying,"1,468.7200",GH¢ per DKK,0.146872,GH¢ per DKK,ok,
2005-07-13,DKKGHS,Danish Krone,Selling,"1,490.8400",GH¢ per DKK,0.149084,GH¢ per DKK,ok,
2005-07-13,DKKGHS,Danish Krone,Mid Rate,"1,479.7800",GH¢ per DKK,0.147978,GH¢ per DKK,ok,
2005-07-13,GBPGHS,Pound Sterling,Buying,"15,898.2100",GH¢ per GBP,1.589821,GH¢ per GBP,ok,
2005-07-13,GBPGHS,Pound Sterling,Selling,"16,141.6400",GH¢ per GBP,1.614164,GH¢ per GBP,ok,
2005-07-13,GBPGHS,Pound Sterling,Mid Rate,"16,019.9250",GH¢ per GBP,1.6019925,GH¢ per GBP,ok,
2005-07-13,JPYGHS,Japanese yen,Buying,80.7100,GH¢ per JPY,0.008071,GH¢ per JPY,ok,
2005-07-13,JPYGHS,Japanese yen,Selling,81.8900,GH¢ per JPY,0.008189,GH¢ per JPY,ok,
2005-07-13,JPYGHS,Japanese yen,Mid Rate,81.3000,GH¢ per JPY,0.00813,GH¢ per JPY,ok,
2005-07-13,NOKGHS,Norwegian Krone,Buying,"1,389.4100",GH¢ per NOK,0.138941,GH¢ per NOK,ok,
2005-07-13,NOKGHS,Norwegian Krone,Selling,"1,410.0800",GH¢ per NOK,0.141008,GH¢ per NOK,ok,
2005-07-13,NOKGHS,Norwegian Krone,Mid Rate,"1,399.7450",GH¢ per NOK,0.1399745,GH¢ per NOK,ok,
2005-07-13,NZDGHS,New Zealand Dollar,Buying,"6,096.9600",GH¢ per NZD,0.609696,GH¢ per NZD,ok,
2005-07-13,NZDGHS,New Zealand Dollar,Selling,"6,196.7800",GH¢ per NZD,0.619678,GH¢ per NZD,ok,
2005-07-13,NZDGHS,New Zealand Dollar,Mid Rate,"6,146.8700",GH¢ per NZD,0.614687,GH¢ per NZD,ok,
2005-07-13,SEKGHS,Swedish Krona,Buying,"1,168.0700",GH¢ per SEK,0.116807,GH¢ per SEK,ok,
2005-07-13,SEKGHS,Swedish Krona,Selling,"1,185.4500",GH¢ per SEK,0.118545,GH¢ per SEK,ok,
2005-07-13,SEKGHS,Swedish Krona,Mid Rate,"1,176.7600",GH¢ per SEK,0.117676,GH¢ per SEK,ok,
2005-07-14,USDGHS,US Dollar,Buying,"8,988.6400",GH¢ per USD,0.898864,GH¢ per USD,ok,
2005-07-14,USDGHS,US Dollar,Selling,"9,123.1800",GH¢ per USD,0.912318,GH¢ per USD,ok,
2005-07-14,USDGHS,US Dollar,Mid Rate,"9,055.9100",GH¢ per USD,0.905591,GH¢ per USD,ok,
2005-07-14,AUDGHS,Australian Dollar,Selling,"6,865.1600",GH¢ per AUD,0.686516,GH¢ per AUD,ok,
2005-07-14,AUDGHS,Australian Dollar,Mid Rate,"3,432.5800",GH¢ per AUD,0.343258,GH¢ per AUD,ok,
2005-07-14,CADGHS,Canadian Dollar,Buying,"7,458.7200",GH¢ per CAD,0.745872,GH¢ per CAD,ok,
2005-07-14,CADGHS,Canadian Dollar,Selling,"7,566.3100",GH¢ per CAD,0.756631,GH¢ per CAD,ok,
2005-07-14,CADGHS,Canadian Dollar,Mid Rate,"7,512.5150",GH¢ per CAD,0.7512515,GH¢ per CAD,ok,
2005-07-14,CHFGHS,Swiss Franc,Buying,"6,973.7500",GH¢ per CHF,0.697375,GH¢ per CHF,ok,
2005-07-14,CHFGHS,Swiss Franc,Selling,"7,074.6700",GH¢ per CHF,0.707467,GH¢ per CHF,ok,
2005-07-14,CHFGHS,Swiss Franc,Mid Rate,"7,024.2100",GH¢ per CHF,0.702421,GH¢ per CHF,ok,
2005-07-14,DKKGHS,Danish Krone,Buying,"1,456.1700",GH¢ per DKK,0.145617,GH¢ per DKK,ok,
2005-07-14,DKKGHS,Danish Krone,Selling,"1,477.6800",GH¢ per DKK,0.147768,GH¢ per DKK,ok,
2005-07-14,DKKGHS,Danish Krone,Mid Rate,"1,466.9250",GH¢ per DKK,0.1466925,GH¢ per DKK,ok,
2005-07-14,GBPGHS,Pound Sterling,Buying,"15,841.5800",GH¢ per GBP,1.584158,GH¢ per GBP,ok,
2005-07-14,GBPGHS,Pound Sterling,Selling,"16,081.4300",GH¢ per GBP,1.608143,GH¢ per GBP,ok,
2005-07-14,GBPGHS,Pound Sterling,Mid Rate,"15,961.5050",GH¢ per GBP,1.5961505,GH¢ per GBP,ok,
2005-07-14,JPYGHS,Japanese yen,Buying,80.4300,GH¢ per JPY,0.008043,GH¢ per JPY,ok,
2005-07-14,JPYGHS,Japanese yen,Selling,81.6000,GH¢ per JPY,0.00816,GH¢ per JPY,ok,
2005-07-14,JPYGHS,Japanese yen,Mid Rate,81.0150,GH¢ per JPY,0.0081015,GH¢ per JPY,ok,
2005-07-14,NOKGHS,Norwegian Krone,Buying,"1,372.3400",GH¢ per NOK,0.137234,GH¢ per NOK,ok,
2005-07-14,NOKGHS,Norwegian Krone,Selling,"1,392.3000",GH¢ per NOK,0.13923,GH¢ per NOK,ok,
2005-07-14,NOKGHS,Norwegian Krone,Mid Rate,"1,382.3200",GH¢ per NOK,0.138232,GH¢ per NOK,ok,
2005-07-14,NZDGHS,New Zealand Dollar,Buying,"6,075.2500",GH¢ per NZD,0.607525,GH¢ per NZD,ok,
2005-07-14,NZDGHS,New Zealand Dollar,Selling,"6,178.4900",GH¢ per NZD,0.617849,GH¢ per NZD,ok,
2005-07-14,NZDGHS,New Zealand Dollar,Mid Rate,"6,126.8700",GH¢ per NZD,0.612687,GH¢ per NZD,ok,
2005-07-14,SEKGHS,Swedish Krona,Buying,"1,159.8700",GH¢ per SEK,0.115987,GH¢ per SEK,ok,
2005-07-14,SEKGHS,Swedish Krona,Selling,"1,176.5200",GH¢ per SEK,0.117652,GH¢ per SEK,ok,
2005-07-14,SEKGHS,Swedish Krona,Mid Rate,"1,168.1950",GH¢ per SEK,0.1168195,GH¢ per SEK,ok,
2005-07-15,USDGHS,US Dollar,Buying,"8,988.6400",GH¢ per USD,0.898864,GH¢ per USD,ok,
2005-07-15,USDGHS,US Dollar,Selling,"9,123.1800",GH¢ per USD,0.912318,GH¢ per USD,ok,
2005-07-15,USDGHS,US Dollar,Mid Rate,"9,055.9100",GH¢ per USD,0.905591,GH¢ per USD,ok,
2005-07-15,AUDGHS,Australian Dollar,Selling,"6,867.5500",GH¢ per AUD,0.686755,GH¢ per AUD,ok,
2005-07-15,AUDGHS,Australian Dollar,Mid Rate,"3,433.7750",GH¢ per AUD,0.3433775,GH¢ per AUD,ok,
2005-07-15,CADGHS,Canadian Dollar,Buying,"7,416.3400",GH¢ per CAD,0.741634,GH¢ per CAD,ok,
2005-07-15,CADGHS,Canadian Dollar,Selling,"7,524.3300",GH¢ per CAD,0.752433,GH¢ per CAD,ok,
2005-07-15,CADGHS,Canadian Dollar,Mid Rate,"7,470.3350",GH¢ per CAD,0.7470335,GH¢ per CAD,ok,
2005-07-15,CHFGHS,Swiss Franc,Buying,"6,991.2500",GH¢ per CHF,0.699125,GH¢ per CHF,ok,
2005-07-15,CHFGHS,Swiss Franc,Selling,"7,094.2000",GH¢ per CHF,0.70942,GH¢ per CHF,ok,
2005-07-15,CHFGHS,Swiss Franc,Mid Rate,"7,042.7250",GH¢ per CHF,0.7042725,GH¢ per CHF,ok,
2005-07-15,DKKGHS,Danish Krone,Buying,"1,461.4500",GH¢ per DKK,0.146145,GH¢ per DKK,ok,
2005-07-15,DKKGHS,Danish Krone,Selling,"1,483.0800",GH¢ per DKK,0.148308,GH¢ per DKK,ok,
2005-07-15,DKKGHS,Danish Krone,Mid Rate,"1,472.2650",GH¢ per DKK,0.1472265,GH¢ per DKK,ok,
2005-07-15,GBPGHS,Pound Sterling,Buying,"15,844.2800",GH¢ per GBP,1.584428,GH¢ per GBP,ok,
2005-07-15,GBPGHS,Pound Sterling,Selling,"16,028.2500",GH¢ per GBP,1.602825,GH¢ per GBP,ok,
2005-07-15,GBPGHS,Pound Sterling,Mid Rate,"15,936.2650",GH¢ per GBP,1.5936265,GH¢ per GBP,ok,
2005-07-15,NOKGHS,Norwegian Krone,Buying,"1,370.2000",GH¢ per NOK,0.13702,GH¢ per NOK,ok,
2005-07-15,NOKGHS,Norwegian Krone,Selling,"1,390.0700",GH¢ per NOK,0.139007,GH¢ per NOK,ok,
2005-07-15,NOKGHS,Norwegian Krone,Mid Rate,"1,380.1350",GH¢ per NOK,0.1380135,GH¢ per NOK,ok,
2005-07-15,NZDGHS,New Zealand Dollar,Buying,"6,098.4600",GH¢ per NZD,0.609846,GH¢ per NZD,ok,
2005-07-15,NZDGHS,New Zealand Dollar,Selling,"6,195.2700",GH¢ per NZD,0.619527,GH¢ per NZD,ok,
2005-07-15,NZDGHS,New Zealand Dollar,Mid Rate,"6,146.8650",GH¢ per NZD,0.6146865,GH¢ per NZD,ok,
2005-07-15,SEKGHS,Swedish Krona,Buying,"1,159.5200",GH¢ per SEK,0.115952,GH¢ per SEK,ok,
2005-07-15,SEKGHS,Swedish Krona,Selling,"1,176.3200",GH¢ per SEK,0.117632,GH¢ per SEK,ok,
2005-07-15,SEKGHS,Swedish Krona,Mid Rate,"1,167.9200",GH¢ per SEK,0.116792,GH¢ per SEK,ok,
2005-07-18,USDGHS,US Dollar,Buying,"8,988.6400",GH¢ per USD,0.898864,GH¢ per USD,ok,
2005-07-18,USDGHS,US Dollar,Selling,"9,123.1800",GH¢ per USD,0.912318,GH¢ per USD,ok,
2005-07-18,USDGHS,US Dollar,Mid Rate,"9,055.9100",GH¢ per USD,0.905591,GH¢ per USD,ok,
2005-07-18,AUDGHS,Australian Dollar,Selling,"6,831.9200",GH¢ per AUD,0.683192,GH¢ per AUD,ok,
2005-07-18,AUDGHS,Australian Dollar,Mid Rate,"3,415.9600",GH¢ per AUD,0.341596,GH¢ per AUD,ok,
2005-07-18,CADGHS,Canadian Dollar,Buying,"7,362.7300",GH¢ per CAD,0.736273,GH¢ per CAD,ok,
2005-07-18,CADGHS,Canadian Dollar,Selling,"7,467.4900",GH¢ per CAD,0.746749,GH¢ per CAD,ok,
2005-07-18,CADGHS,Canadian Dollar,Mid Rate,"7,415.1100",GH¢ per CAD,0.741511,GH¢ per CAD,ok,
2005-07-18,CHFGHS,Swiss Franc,Buying,"6,952.8600",GH¢ per CHF,0.695286,GH¢ per CHF,ok,
2005-07-18,CHFGHS,Swiss Franc,Selling,"7,055.2400",GH¢ per CHF,0.705524,GH¢ per CHF,ok,
2005-07-18,CHFGHS,Swiss Franc,Mid Rate,"7,004.0500",GH¢ per CHF,0.700405,GH¢ per CHF,ok,
2005-07-18,DKKGHS,Danish Krone,Buying,"1,453.6400",GH¢ per DKK,0.145364,GH¢ per DKK,ok,
2005-07-18,DKKGHS,Danish Krone,Selling,"1,475.1900",GH¢ per DKK,0.147519,GH¢ per DKK,ok,
2005-07-18,DKKGHS,Danish Krone,Mid Rate,"1,464.4150",GH¢ per DKK,0.1464415,GH¢ per DKK,ok,
2005-07-18,GBPGHS,Pound Sterling,Buying,"15,699.5600",GH¢ per GBP,1.569956,GH¢ per GBP,ok,
2005-07-18,GBPGHS,Pound Sterling,Selling,"15,936.3700",GH¢ per GBP,1.593637,GH¢ per GBP,ok,
2005-07-18,GBPGHS,Pound Sterling,Mid Rate,"15,817.9650",GH¢ per GBP,1.5817965,GH¢ per GBP,ok,
2005-07-18,JPYGHS,Japanese yen,Buying,80.1400,GH¢ per JPY,0.008014,GH¢ per JPY,ok,
2005-07-18,JPYGHS,Japanese yen,Selling,81.3000,GH¢ per JPY,0.00813,GH¢ per JPY,ok,
2005-07-18,JPYGHS,Japanese yen,Mid Rate,80.7200,GH¢ per JPY,0.008072,GH¢ per JPY,ok,
2005-07-18,NOKGHS,Norwegian Krone,Buying,"1,363.8500",GH¢ per NOK,0.136385,GH¢ per NOK,ok,
2005-07-18,NOKGHS,Norwegian Krone,Selling,"1,383.5600",GH¢ per NOK,0.138356,GH¢ per NOK,ok,
2005-07-18,NOKGHS,Norwegian Krone,Mid Rate,"1,373.7050",GH¢ per NOK,0.1373705,GH¢ per NOK,ok,
2005-07-18,NZDGHS,New Zealand Dollar,Buying,"6,055.3200",GH¢ per NZD,0.605532,GH¢ per NZD,ok,
2005-07-18,NZDGHS,New Zealand Dollar,Selling,"6,156.2200",GH¢ per NZD,0.615622,GH¢ per NZD,ok,
2005-07-18,NZDGHS,New Zealand Dollar,Mid Rate,"6,105.7700",GH¢ per NZD,0.610577,GH¢ per NZD,ok,
2005-07-18,SEKGHS,Swedish Krona,Buying,"1,155.4100",GH¢ per SEK,0.115541,GH¢ per SEK,ok,
2005-07-18,SEKGHS,Swedish Krona,Selling,"1,172.0800",GH¢ per SEK,0.117208,GH¢ per SEK,ok,
2005-07-18,SEKGHS,Swedish Krona,Mid Rate,"1,163.7450",GH¢ per SEK,0.1163745,GH¢ per SEK,ok,
2005-07-19,USDGHS,US Dollar,Buying,"8,988.6400",GH¢ per USD,0.898864,GH¢ per USD,ok,
2005-07-19,USDGHS,US Dollar,Selling,"9,123.1800",GH¢ per USD,0.912318,GH¢ per USD,ok,
2005-07-19,USDGHS,US Dollar,Mid Rate,"9,055.9100",GH¢ per USD,0.905591,GH¢ per USD,ok,
2005-07-19,AUDGHS,Australian Dollar,Selling,"6,847.7900",GH¢ per AUD,0.684779,GH¢ per AUD,ok,
2005-07-19,AUDGHS,Australian Dollar,Mid Rate,"3,423.8950",GH¢ per AUD,0.3423895,GH¢ per AUD,ok,
2005-07-19,CADGHS,Canadian Dollar,Buying,"7,372.5700",GH¢ per CAD,0.737257,GH¢ per CAD,ok,
2005-07-19,CADGHS,Canadian Dollar,Selling,"7,479.7000",GH¢ per CAD,0.74797,GH¢ per CAD,ok,
2005-07-19,CADGHS,Canadian Dollar,Mid Rate,"7,426.1350",GH¢ per CAD,0.7426135,GH¢ per CAD,ok,
2005-07-19,CHFGHS,Swiss Franc,Buying,"6,893.7600",GH¢ per CHF,0.689376,GH¢ per CHF,ok,
2005-07-19,CHFGHS,Swiss Franc,Selling,"6,991.7700",GH¢ per CHF,0.699177,GH¢ per CHF,ok,
2005-07-19,CHFGHS,Swiss Franc,Mid Rate,"6,942.7650",GH¢ per CHF,0.6942765,GH¢ per CHF,ok,
2005-07-19,DKKGHS,Danish Krone,Buying,"1,444.3000",GH¢ per DKK,0.14443,GH¢ per DKK,ok,
2005-07-19,DKKGHS,Danish Krone,Selling,"1,465.7700",GH¢ per DKK,0.146577,GH¢ per DKK,ok,
2005-07-19,DKKGHS,Danish Krone,Mid Rate,"1,455.0350",GH¢ per DKK,0.1455035,GH¢ per DKK,ok,
2005-07-19,GBPGHS,Pound Sterling,Buying,"15,635.7400",GH¢ per GBP,1.563574,GH¢ per GBP,ok,
2005-07-19,GBPGHS,Pound Sterling,Selling,"15,873.4200",GH¢ per GBP,1.587342,GH¢ per GBP,ok,
2005-07-19,GBPGHS,Pound Sterling,Mid Rate,"15,754.5800",GH¢ per GBP,1.575458,GH¢ per GBP,ok,
2005-07-19,JPYGHS,Japanese yen,Buying,79.8100,GH¢ per JPY,0.007981,GH¢ per JPY,ok,
2005-07-19,JPYGHS,Japanese yen,Selling,80.9800,GH¢ per JPY,0.008098,GH¢ per JPY,ok,
2005-07-19,JPYGHS,Japanese yen,Mid Rate,80.3950,GH¢ per JPY,0.0080395,GH¢ per JPY,ok,
2005-07-19,NOKGHS,Norwegian Krone,Buying,"1,343.6700",GH¢ per NOK,0.134367,GH¢ per NOK,ok,
2005-07-19,NOKGHS,Norwegian Krone,Selling,"1,363.2500",GH¢ per NOK,0.136325,GH¢ per NOK,ok,
2005-07-19,NOKGHS,Norwegian Krone,Mid Rate,"1,353.4600",GH¢ per NOK,0.135346,GH¢ per NOK,ok,
2005-07-19,NZDGHS,New Zealand Dollar,Buying,"6,063.5400",GH¢ per NZD,0.606354,GH¢ per NZD,ok,
2005-07-19,NZDGHS,New Zealand Dollar,Selling,"6,162.0600",GH¢ per NZD,0.616206,GH¢ per NZD,ok,
2005-07-19,NZDGHS,New Zealand Dollar,Mid Rate,"6,112.8000",GH¢ per NZD,0.61128,GH¢ per NZD,ok,
2005-07-19,SEKGHS,Swedish Krona,Buying,"1,142.3100",GH¢ per SEK,0.114231,GH¢ per SEK,ok,
2005-07-19,SEKGHS,Swedish Krona,Selling,"1,159.0300",GH¢ per SEK,0.115903,GH¢ per SEK,ok,
2005-07-19,SEKGHS,Swedish Krona,Mid Rate,"1,150.6700",GH¢ per SEK,0.115067,GH¢ per SEK,ok,
2005-07-20,USDGHS,US Dollar,Buying,"8,988.6400",GH¢ per USD,0.898864,GH¢ per USD,ok,
2005-07-20,USDGHS,US Dollar,Selling,"9,123.1800",GH¢ per USD,0.912318,GH¢ per USD,ok,
2005-07-20,USDGHS,US Dollar,Mid Rate,"9,055.9100",GH¢ per USD,0.905591,GH¢ per USD,ok,
2005-07-20,AUDGHS,Australian Dollar,Selling,"6,860.5100",GH¢ per AUD,0.686051,GH¢ per AUD,ok,
2005-07-20,AUDGHS,Australian Dollar,Mid Rate,"3,430.2550",GH¢ per AUD,0.3430255,GH¢ per AUD,ok,
2005-07-20,CADGHS,Canadian Dollar,Buying,"7,384.0700",GH¢ per CAD,0.738407,GH¢ per CAD,ok,
2005-07-20,CADGHS,Canadian Dollar,Selling,"7,493.5600",GH¢ per CAD,0.749356,GH¢ per CAD,ok,
2005-07-20,CADGHS,Canadian Dollar,Mid Rate,"7,438.8150",GH¢ per CAD,0.7438815,GH¢ per CAD,ok,
2005-07-20,CHFGHS,Swiss Franc,Buying,"6,931.1400",GH¢ per CHF,0.693114,GH¢ per CHF,ok,
2005-07-20,CHFGHS,Swiss Franc,Selling,"7,034.1000",GH¢ per CHF,0.70341,GH¢ per CHF,ok,
2005-07-20,CHFGHS,Swiss Franc,Mid Rate,"6,982.6200",GH¢ per CHF,0.698262,GH¢ per CHF,ok,
2005-07-20,DKKGHS,Danish Krone,Buying,"1,452.8800",GH¢ per DKK,0.145288,GH¢ per DKK,ok,
2005-07-20,DKKGHS,Danish Krone,Selling,"1,474.5600",GH¢ per DKK,0.147456,GH¢ per DKK,ok,
2005-07-20,DKKGHS,Danish Krone,Mid Rate,"1,463.7200",GH¢ per DKK,0.146372,GH¢ per DKK,ok,
2005-07-20,GBPGHS,Pound Sterling,Buying,"15,627.6500",GH¢ per GBP,1.562765,GH¢ per GBP,ok,
2005-07-20,GBPGHS,Pound Sterling,Selling,"15,866.1200",GH¢ per GBP,1.586612,GH¢ per GBP,ok,
2005-07-20,GBPGHS,Pound Sterling,Mid Rate,"15,746.8850",GH¢ per GBP,1.5746885,GH¢ per GBP,ok,
2005-07-20,JPYGHS,Japanese yen,Buying,79.4700,GH¢ per JPY,0.007947,GH¢ per JPY,ok,
2005-07-20,JPYGHS,Japanese yen,Selling,80.6300,GH¢ per JPY,0.008063,GH¢ per JPY,ok,
2005-07-20,JPYGHS,Japanese yen,Mid Rate,80.0500,GH¢ per JPY,0.008005,GH¢ per JPY,ok,
2005-07-20,NOKGHS,Norwegian Krone,Buying,"1,354.9600",GH¢ per NOK,0.135496,GH¢ per NOK,ok,
2005-07-20,NOKGHS,Norwegian Krone,Selling,"1,374.6100",GH¢ per NOK,0.137461,GH¢ per NOK,ok,
2005-07-20,NOKGHS,Norwegian Krone,Mid Rate,"1,364.7850",GH¢ per NOK,0.1364785,GH¢ per NOK,ok,
2005-07-20,NZDGHS,New Zealand Dollar,Buying,"6,063.5300",GH¢ per NZD,0.606353,GH¢ per NZD,ok,
2005-07-20,NZDGHS,New Zealand Dollar,Selling,"6,167.1600",GH¢ per NZD,0.616716,GH¢ per NZD,ok,
2005-07-20,NZDGHS,New Zealand Dollar,Mid Rate,"6,115.3450",GH¢ per NZD,0.6115345,GH¢ per NZD,ok,
2005-07-20,SEKGHS,Swedish Krona,Buying,"1,151.1600",GH¢ per SEK,0.115116,GH¢ per SEK,ok,
2005-07-20,SEKGHS,Swedish Krona,Selling,"1,168.0900",GH¢ per SEK,0.116809,GH¢ per SEK,ok,
2005-07-20,SEKGHS,Swedish Krona,Mid Rate,"1,159.6250",GH¢ per SEK,0.1159625,GH¢ per SEK,ok,
2005-07-21,USDGHS,US Dollar,Buying,"8,988.6400",GH¢ per USD,0.898864,GH¢ per USD,ok,
2005-07-21,USDGHS,US Dollar,Selling,"9,123.1800",GH¢ per USD,0.912318,GH¢ per USD,ok,
2005-07-21,USDGHS,US Dollar,Mid Rate,"9,055.9100",GH¢ per USD,0.905591,GH¢ per USD,ok,
2005-07-21,AUDGHS,Australian Dollar,Selling,"6,932.7200",GH¢ per AUD,0.693272,GH¢ per AUD,ok,
2005-07-21,AUDGHS,Australian Dollar,Mid Rate,"3,466.3600",GH¢ per AUD,0.346636,GH¢ per AUD,ok,
2005-07-21,CADGHS,Canadian Dollar,Buying,"7,383.5600",GH¢ per CAD,0.738356,GH¢ per CAD,ok,
2005-07-21,CADGHS,Canadian Dollar,Selling,"7,490.7800",GH¢ per CAD,0.749078,GH¢ per CAD,ok,
2005-07-21,CADGHS,Canadian Dollar,Mid Rate,"7,437.1700",GH¢ per CAD,0.743717,GH¢ per CAD,ok,
2005-07-21,CHFGHS,Swiss Franc,Buying,"7,002.7500",GH¢ per CHF,0.700275,GH¢ per CHF,ok,
2005-07-21,CHFGHS,Swiss Franc,Selling,"7,101.1800",GH¢ per CHF,0.710118,GH¢ per CHF,ok,
2005-07-21,CHFGHS,Swiss Franc,Mid Rate,"7,051.9650",GH¢ per CHF,0.7051965,GH¢ per CHF,ok,
2005-07-21,DKKGHS,Danish Krone,Buying,"1,466.0600",GH¢ per DKK,0.146606,GH¢ per DKK,ok,
2005-07-21,DKKGHS,Danish Krone,Selling,"1,487.6000",GH¢ per DKK,0.14876,GH¢ per DKK,ok,
2005-07-21,DKKGHS,Danish Krone,Mid Rate,"1,476.8300",GH¢ per DKK,0.147683,GH¢ per DKK,ok,
2005-07-21,GBPGHS,Pound Sterling,Buying,"15,695.9600",GH¢ per GBP,1.569596,GH¢ per GBP,ok,
2005-07-21,GBPGHS,Pound Sterling,Selling,"15,933.6300",GH¢ per GBP,1.593363,GH¢ per GBP,ok,
2005-07-21,GBPGHS,Pound Sterling,Mid Rate,"15,814.7950",GH¢ per GBP,1.5814795,GH¢ per GBP,ok,
2005-07-21,JPYGHS,Japanese yen,Buying,80.0300,GH¢ per JPY,0.008003,GH¢ per JPY,ok,
2005-07-21,JPYGHS,Japanese yen,Selling,81.1900,GH¢ per JPY,0.008119,GH¢ per JPY,ok,
2005-07-21,JPYGHS,Japanese yen,Mid Rate,80.6100,GH¢ per JPY,0.008061,GH¢ per JPY,ok,
2005-07-21,NOKGHS,Norwegian Krone,Buying,"1,371.6900",GH¢ per NOK,0.137169,GH¢ per NOK,ok,
2005-07-21,NOKGHS,Norwegian Krone,Selling,"1,391.4300",GH¢ per NOK,0.139143,GH¢ per NOK,ok,
2005-07-21,NOKGHS,Norwegian Krone,Mid Rate,"1,381.5600",GH¢ per NOK,0.138156,GH¢ per NOK,ok,
2005-07-21,NZDGHS,New Zealand Dollar,Buying,"6,121.4300",GH¢ per NZD,0.612143,GH¢ per NZD,ok,
2005-07-21,NZDGHS,New Zealand Dollar,Selling,"6,223.6800",GH¢ per NZD,0.622368,GH¢ per NZD,ok,
2005-07-21,NZDGHS,New Zealand Dollar,Mid Rate,"6,172.5550",GH¢ per NZD,0.6172555,GH¢ per NZD,ok,
2005-07-21,SEKGHS,Swedish Krona,Buying,"1,157.2400",GH¢ per SEK,0.115724,GH¢ per SEK,ok,
2005-07-21,SEKGHS,Swedish Krona,Selling,"1,173.9600",GH¢ per SEK,0.117396,GH¢ per SEK,ok,
2005-07-21,SEKGHS,Swedish Krona,Mid Rate,"1,165.6000",GH¢ per SEK,0.11656,GH¢ per SEK,ok,
2005-07-22,USDGHS,US Dollar,Buying,"8,988.6400",GH¢ per USD,0.898864,GH¢ per USD,ok,
2005-07-22,USDGHS,US Dollar,Selling,"9,123.1800",GH¢ per USD,0.912318,GH¢ per USD,ok,
2005-07-22,USDGHS,US Dollar,Mid Rate,"9,055.9100",GH¢ per USD,0.905591,GH¢ per USD,ok,
2005-07-22,AUDGHS,Australian Dollar,Selling,"6,982.1200",GH¢ per AUD,0.698212,GH¢ per AUD,ok,
2005-07-22,AUDGHS,Australian Dollar,Mid Rate,"3,491.0600",GH¢ per AUD,0.349106,GH¢ per AUD,ok,
2005-07-22,CADGHS,Canadian Dollar,Buying,"7,401.6100",GH¢ per CAD,0.740161,GH¢ per CAD,ok,
2005-07-22,CADGHS,Canadian Dollar,Selling,"7,510.1600",GH¢ per CAD,0.751016,GH¢ per CAD,ok,
2005-07-22,CADGHS,Canadian Dollar,Mid Rate,"7,455.8850",GH¢ per CAD,0.7455885,GH¢ per CAD,ok,
2005-07-22,CHFGHS,Swiss Franc,Buying,"6,998.4000",GH¢ per CHF,0.69984,GH¢ per CHF,ok,
2005-07-22,CHFGHS,Swiss Franc,Selling,"7,101.8400",GH¢ per CHF,0.710184,GH¢ per CHF,ok,
2005-07-22,CHFGHS,Swiss Franc,Mid Rate,"7,050.1200",GH¢ per CHF,0.705012,GH¢ per CHF,ok,
2005-07-22,DKKGHS,Danish Krone,Buying,"1,466.5500",GH¢ per DKK,0.146655,GH¢ per DKK,ok,
2005-07-22,DKKGHS,Danish Krone,Selling,"1,488.3600",GH¢ per DKK,0.148836,GH¢ per DKK,ok,
2005-07-22,DKKGHS,Danish Krone,Mid Rate,"1,477.4550",GH¢ per DKK,0.1477455,GH¢ per DKK,ok,
2005-07-22,GBPGHS,Pound Sterling,Buying,"15,749.9000",GH¢ per GBP,1.57499,GH¢ per GBP,ok,
2005-07-22,GBPGHS,Pound Sterling,Selling,"15,988.3700",GH¢ per GBP,1.598837,GH¢ per GBP,ok,
2005-07-22,GBPGHS,Pound Sterling,Mid Rate,"15,869.1350",GH¢ per GBP,1.5869135,GH¢ per GBP,ok,
2005-07-22,JPYGHS,Japanese yen,Buying,81.0700,GH¢ per JPY,0.008107,GH¢ per JPY,ok,
2005-07-22,JPYGHS,Japanese yen,Selling,82.2500,GH¢ per JPY,0.008225,GH¢ per JPY,ok,
2005-07-22,JPYGHS,Japanese yen,Mid Rate,81.6600,GH¢ per JPY,0.008166,GH¢ per JPY,ok,
2005-07-22,NOKGHS,Norwegian Krone,Buying,"1,375.1600",GH¢ per NOK,0.137516,GH¢ per NOK,ok,
2005-07-22,NOKGHS,Norwegian Krone,Selling,"1,395.3000",GH¢ per NOK,0.13953,GH¢ per NOK,ok,
2005-07-22,NOKGHS,Norwegian Krone,Mid Rate,"1,385.2300",GH¢ per NOK,0.138523,GH¢ per NOK,ok,
2005-07-22,NZDGHS,New Zealand Dollar,Buying,"6,169.2300",GH¢ per NZD,0.616923,GH¢ per NZD,ok,
2005-07-22,NZDGHS,New Zealand Dollar,Selling,"6,272.2400",GH¢ per NZD,0.627224,GH¢ per NZD,ok,
2005-07-22,NZDGHS,New Zealand Dollar,Mid Rate,"6,220.7350",GH¢ per NZD,0.6220735,GH¢ per NZD,ok,
2005-07-22,SEKGHS,Swedish Krona,Buying,"1,158.2600",GH¢ per SEK,0.115826,GH¢ per SEK,ok,
2005-07-22,SEKGHS,Swedish Krona,Selling,"1,174.0600",GH¢ per SEK,0.117406,GH¢ per SEK,ok,
2005-07-22,SEKGHS,Swedish Krona,Mid Rate,"1,166.1600",GH¢ per SEK,0.116616,GH¢ per SEK,ok,
2005-07-25,USDGHS,US Dollar,Buying,"8,988.6400",GH¢ per USD,0.898864,GH¢ per USD,ok,
2005-07-25,USDGHS,US Dollar,Selling,"9,123.1800",GH¢ per USD,0.912318,GH¢ per USD,ok,
2005-07-25,USDGHS,US Dollar,Mid Rate,"9,055.9100",GH¢ per USD,0.905591,GH¢ per USD,ok,
2005-07-25,AUDGHS,Australian Dollar,Selling,"6,948.0400",GH¢ per AUD,0.694804,GH¢ per AUD,ok,
2005-07-25,AUDGHS,Australian Dollar,Mid Rate,"3,474.0200",GH¢ per AUD,0.347402,GH¢ per AUD,ok,
2005-07-25,CADGHS,Canadian Dollar,Buying,"7,374.7100",GH¢ per CAD,0.737471,GH¢ per CAD,ok,
2005-07-25,CADGHS,Canadian Dollar,Selling,"7,482.7200",GH¢ per CAD,0.748272,GH¢ per CAD,ok,
2005-07-25,CADGHS,Canadian Dollar,Mid Rate,"7,428.7150",GH¢ per CAD,0.7428715,GH¢ per CAD,ok,
2005-07-25,CHFGHS,Swiss Franc,Buying,"6,922.6300",GH¢ per CHF,0.692263,GH¢ per CHF,ok,
2005-07-25,CHFGHS,Swiss Franc,Selling,"7,024.6200",GH¢ per CHF,0.702462,GH¢ per CHF,ok,
2005-07-25,CHFGHS,Swiss Franc,Mid Rate,"6,973.6250",GH¢ per CHF,0.6973625,GH¢ per CHF,ok,
2005-07-25,DKKGHS,Danish Krone,Buying,"1,450.1600",GH¢ per DKK,0.145016,GH¢ per DKK,ok,
2005-07-25,DKKGHS,Danish Krone,Selling,"1,471.6200",GH¢ per DKK,0.147162,GH¢ per DKK,ok,
2005-07-25,DKKGHS,Danish Krone,Mid Rate,"1,460.8900",GH¢ per DKK,0.146089,GH¢ per DKK,ok,
2005-07-25,GBPGHS,Pound Sterling,Buying,"15,595.2900",GH¢ per GBP,1.559529,GH¢ per GBP,ok,
2005-07-25,GBPGHS,Pound Sterling,Selling,"15,834.1900",GH¢ per GBP,1.583419,GH¢ per GBP,ok,
2005-07-25,GBPGHS,Pound Sterling,Mid Rate,"15,714.7400",GH¢ per GBP,1.571474,GH¢ per GBP,ok,
2005-07-25,JPYGHS,Japanese yen,Buying,80.3300,GH¢ per JPY,0.008033,GH¢ per JPY,ok,
2005-07-25,JPYGHS,Japanese yen,Selling,81.5100,GH¢ per JPY,0.008151,GH¢ per JPY,ok,
2005-07-25,JPYGHS,Japanese yen,Mid Rate,80.9200,GH¢ per JPY,0.008092,GH¢ per JPY,ok,
2005-07-25,NOKGHS,Norwegian Krone,Buying,"1,365.6800",GH¢ per NOK,0.136568,GH¢ per NOK,ok,
2005-07-25,NOKGHS,Norwegian Krone,Selling,"1,385.5000",GH¢ per NOK,0.13855,GH¢ per NOK,ok,
2005-07-25,NOKGHS,Norwegian Krone,Mid Rate,"1,375.5900",GH¢ per NOK,0.137559,GH¢ per NOK,ok,
2005-07-25,NZDGHS,New Zealand Dollar,Buying,"6,138.3100",GH¢ per NZD,0.613831,GH¢ per NZD,ok,
2005-07-25,NZDGHS,New Zealand Dollar,Selling,"6,238.6700",GH¢ per NZD,0.623867,GH¢ per NZD,ok,
2005-07-25,NZDGHS,New Zealand Dollar,Mid Rate,"6,188.4900",GH¢ per NZD,0.618849,GH¢ per NZD,ok,
2005-07-25,SEKGHS,Swedish Krona,Buying,"1,148.2200",GH¢ per SEK,0.114822,GH¢ per SEK,ok,
2005-07-25,SEKGHS,Swedish Krona,Selling,"1,164.8400",GH¢ per SEK,0.116484,GH¢ per SEK,ok,
2005-07-25,SEKGHS,Swedish Krona,Mid Rate,"1,156.5300",GH¢ per SEK,0.115653,GH¢ per SEK,ok,
2005-07-26,USDGHS,US Dollar,Buying,"8,988.6400",GH¢ per USD,0.898864,GH¢ per USD,ok,
2005-07-26,USDGHS,US Dollar,Selling,"9,123.1800",GH¢ per USD,0.912318,GH¢ per USD,ok,
2005-07-26,USDGHS,US Dollar,Mid Rate,"9,055.9100",GH¢ per USD,0.905591,GH¢ per USD,ok,
2005-07-26,AUDGHS,Australian Dollar,Selling,"6,933.9400",GH¢ per AUD,0.693394,GH¢ per AUD,ok,
2005-07-26,AUDGHS,Australian Dollar,Mid Rate,"3,466.9700",GH¢ per AUD,0.346697,GH¢ per AUD,ok,
2005-07-26,CADGHS,Canadian Dollar,Buying,"7,380.6700",GH¢ per CAD,0.738067,GH¢ per CAD,ok,
2005-07-26,CADGHS,Canadian Dollar,Selling,"7,488.5500",GH¢ per CAD,0.748855,GH¢ per CAD,ok,
2005-07-26,CADGHS,Canadian Dollar,Mid Rate,"7,434.6100",GH¢ per CAD,0.743461,GH¢ per CAD,ok,
2005-07-26,CHFGHS,Swiss Franc,Buying,"6,939.1100",GH¢ per CHF,0.693911,GH¢ per CHF,ok,
2005-07-26,CHFGHS,Swiss Franc,Selling,"7,040.4400",GH¢ per CHF,0.704044,GH¢ per CHF,ok,
2005-07-26,CHFGHS,Swiss Franc,Mid Rate,"6,989.7750",GH¢ per CHF,0.6989775,GH¢ per CHF,ok,
2005-07-26,DKKGHS,Danish Krone,Buying,"1,451.9100",GH¢ per DKK,0.145191,GH¢ per DKK,ok,
2005-07-26,DKKGHS,Danish Krone,Selling,"1,473.4700",GH¢ per DKK,0.147347,GH¢ per DKK,ok,
2005-07-26,DKKGHS,Danish Krone,Mid Rate,"1,462.6900",GH¢ per DKK,0.146269,GH¢ per DKK,ok,
2005-07-26,GBPGHS,Pound Sterling,Buying,"15,669.9000",GH¢ per GBP,1.56699,GH¢ per GBP,ok,
2005-07-26,GBPGHS,Pound Sterling,Selling,"15,907.1800",GH¢ per GBP,1.590718,GH¢ per GBP,ok,
2005-07-26,GBPGHS,Pound Sterling,Mid Rate,"15,788.5400",GH¢ per GBP,1.578854,GH¢ per GBP,ok,
2005-07-26,JPYGHS,Japanese yen,Buying,80.4700,GH¢ per JPY,0.008047,GH¢ per JPY,ok,
2005-07-26,JPYGHS,Japanese yen,Selling,81.6300,GH¢ per JPY,0.008163,GH¢ per JPY,ok,
2005-07-26,JPYGHS,Japanese yen,Mid Rate,81.0500,GH¢ per JPY,0.008105,GH¢ per JPY,ok,
2005-07-26,NOKGHS,Norwegian Krone,Buying,"1,370.3600",GH¢ per NOK,0.137036,GH¢ per NOK,ok,
2005-07-26,NOKGHS,Norwegian Krone,Selling,"1,389.8100",GH¢ per NOK,0.138981,GH¢ per NOK,ok,
2005-07-26,NOKGHS,Norwegian Krone,Mid Rate,"1,380.0850",GH¢ per NOK,0.1380085,GH¢ per NOK,ok,
2005-07-26,NZDGHS,New Zealand Dollar,Buying,"6,137.9000",GH¢ per NZD,0.61379,GH¢ per NZD,ok,
2005-07-26,NZDGHS,New Zealand Dollar,Selling,"6,235.6100",GH¢ per NZD,0.623561,GH¢ per NZD,ok,
2005-07-26,NZDGHS,New Zealand Dollar,Mid Rate,"6,186.7550",GH¢ per NZD,0.6186755,GH¢ per NZD,ok,
2005-07-26,SEKGHS,Swedish Krona,Buying,"1,150.9000",GH¢ per SEK,0.11509,GH¢ per SEK,ok,
2005-07-26,SEKGHS,Swedish Krona,Selling,"1,167.8200",GH¢ per SEK,0.116782,GH¢ per SEK,ok,
2005-07-26,SEKGHS,Swedish Krona,Mid Rate,"1,159.3600",GH¢ per SEK,0.115936,GH¢ per SEK,ok,
2005-07-27,USDGHS,US Dollar,Buying,"8,988.6400",GH¢ per USD,0.898864,GH¢ per USD,ok,
2005-07-27,USDGHS,US Dollar,Selling,"9,123.1800",GH¢ per USD,0.912318,GH¢ per USD,ok,
2005-07-27,USDGHS,US Dollar,Mid Rate,"9,055.9100",GH¢ per USD,0.905591,GH¢ per USD,ok,
2005-07-27,AUDGHS,Australian Dollar,Selling,"6,874.8000",GH¢ per AUD,0.68748,GH¢ per AUD,ok,
2005-07-27,AUDGHS,Australian Dollar,Mid Rate,"3,437.4000",GH¢ per AUD,0.34374,GH¢ per AUD,ok,
2005-07-27,CADGHS,Canadian Dollar,Buying,"7,295.0900",GH¢ per CAD,0.729509,GH¢ per CAD,ok,
2005-07-27,CADGHS,Canadian Dollar,Selling,"7,400.2100",GH¢ per CAD,0.740021,GH¢ per CAD,ok,
2005-07-27,CADGHS,Canadian Dollar,Mid Rate,"7,347.6500",GH¢ per CAD,0.734765,GH¢ per CAD,ok,
2005-07-27,CHFGHS,Swiss Franc,Buying,"6,888.1800",GH¢ per CHF,0.688818,GH¢ per CHF,ok,
2005-07-27,CHFGHS,Swiss Franc,Selling,"6,987.9800",GH¢ per CHF,0.698798,GH¢ per CHF,ok,
2005-07-27,CHFGHS,Swiss Franc,Mid Rate,"6,938.0800",GH¢ per CHF,0.693808,GH¢ per CHF,ok,
2005-07-27,DKKGHS,Danish Krone,Buying,"1,443.1600",GH¢ per DKK,0.144316,GH¢ per DKK,ok,
2005-07-27,DKKGHS,Danish Krone,Selling,"1,464.3000",GH¢ per DKK,0.14643,GH¢ per DKK,ok,
2005-07-27,DKKGHS,Danish Krone,Mid Rate,"1,453.7300",GH¢ per DKK,0.145373,GH¢ per DKK,ok,
2005-07-27,GBPGHS,Pound Sterling,Buying,"15,584.5000",GH¢ per GBP,1.55845,GH¢ per GBP,ok,
2005-07-27,GBPGHS,Pound Sterling,Selling,"15,818.6800",GH¢ per GBP,1.581868,GH¢ per GBP,ok,
2005-07-27,GBPGHS,Pound Sterling,Mid Rate,"15,701.5900",GH¢ per GBP,1.570159,GH¢ per GBP,ok,
2005-07-27,JPYGHS,Japanese yen,Buying,79.7700,GH¢ per JPY,0.007977,GH¢ per JPY,ok,
2005-07-27,JPYGHS,Japanese yen,Selling,80.9200,GH¢ per JPY,0.008092,GH¢ per JPY,ok,
2005-07-27,JPYGHS,Japanese yen,Mid Rate,80.3450,GH¢ per JPY,0.0080345,GH¢ per JPY,ok,
2005-07-27,NOKGHS,Norwegian Krone,Buying,"1,362.4200",GH¢ per NOK,0.136242,GH¢ per NOK,ok,
2005-07-27,NOKGHS,Norwegian Krone,Selling,"1,380.7500",GH¢ per NOK,0.138075,GH¢ per NOK,ok,
2005-07-27,NOKGHS,Norwegian Krone,Mid Rate,"1,371.5850",GH¢ per NOK,0.1371585,GH¢ per NOK,ok,
2005-07-27,NZDGHS,New Zealand Dollar,Buying,"6,095.1000",GH¢ per NZD,0.60951,GH¢ per NZD,ok,
2005-07-27,NZDGHS,New Zealand Dollar,Selling,"6,196.1800",GH¢ per NZD,0.619618,GH¢ per NZD,ok,
2005-07-27,NZDGHS,New Zealand Dollar,Mid Rate,"6,145.6400",GH¢ per NZD,0.614564,GH¢ per NZD,ok,
2005-07-27,SEKGHS,Swedish Krona,Buying,"1,137.4600",GH¢ per SEK,0.113746,GH¢ per SEK,ok,
2005-07-27,SEKGHS,Swedish Krona,Selling,"1,153.9300",GH¢ per SEK,0.115393,GH¢ per SEK,ok,
2005-07-27,SEKGHS,Swedish Krona,Mid Rate,"1,145.6950",GH¢ per SEK,0.1145695,GH¢ per SEK,ok,
2005-07-28,USDGHS,US Dollar,Buying,"8,993.6400",GH¢ per USD,0.899364,GH¢ per USD,ok,
2005-07-28,USDGHS,US Dollar,Selling,"9,122.7300",GH¢ per USD,0.912273,GH¢ per USD,ok,
2005-07-28,USDGHS,US Dollar,Mid Rate,"9,058.1850",GH¢ per USD,0.9058185,GH¢ per USD,ok,
2005-07-28,AUDGHS,Australian Dollar,Selling,"6,910.9400",GH¢ per AUD,0.691094,GH¢ per AUD,ok,
2005-07-28,AUDGHS,Australian Dollar,Mid Rate,"3,455.4700",GH¢ per AUD,0.345547,GH¢ per AUD,ok,
2005-07-28,CADGHS,Canadian Dollar,Buying,"7,336.6200",GH¢ per CAD,0.733662,GH¢ per CAD,ok,
2005-07-28,CADGHS,Canadian Dollar,Selling,"7,439.1000",GH¢ per CAD,0.74391,GH¢ per CAD,ok,
2005-07-28,CADGHS,Canadian Dollar,Mid Rate,"7,387.8600",GH¢ per CAD,0.738786,GH¢ per CAD,ok,
2005-07-28,CHFGHS,Swiss Franc,Buying,"6,927.3900",GH¢ per CHF,0.692739,GH¢ per CHF,ok,
2005-07-28,CHFGHS,Swiss Franc,Selling,"7,024.7100",GH¢ per CHF,0.702471,GH¢ per CHF,ok,
2005-07-28,CHFGHS,Swiss Franc,Mid Rate,"6,976.0500",GH¢ per CHF,0.697605,GH¢ per CHF,ok,
2005-07-28,DKKGHS,Danish Krone,Buying,"1,452.5300",GH¢ per DKK,0.145253,GH¢ per DKK,ok,
2005-07-28,DKKGHS,Danish Krone,Selling,"1,471.5700",GH¢ per DKK,0.147157,GH¢ per DKK,ok,
2005-07-28,DKKGHS,Danish Krone,Mid Rate,"1,462.0500",GH¢ per DKK,0.146205,GH¢ per DKK,ok,
2005-07-28,GBPGHS,Pound Sterling,Buying,"15,673.2200",GH¢ per GBP,1.567322,GH¢ per GBP,ok,
2005-07-28,GBPGHS,Pound Sterling,Selling,"15,901.8300",GH¢ per GBP,1.590183,GH¢ per GBP,ok,
2005-07-28,GBPGHS,Pound Sterling,Mid Rate,"15,787.5250",GH¢ per GBP,1.5787525,GH¢ per GBP,ok,
2005-07-28,JPYGHS,Japanese yen,Buying,79.7300,GH¢ per JPY,0.007973,GH¢ per JPY,ok,
2005-07-28,JPYGHS,Japanese yen,Selling,80.8400,GH¢ per JPY,0.008084,GH¢ per JPY,ok,
2005-07-28,JPYGHS,Japanese yen,Mid Rate,80.2850,GH¢ per JPY,0.0080285,GH¢ per JPY,ok,
2005-07-28,NOKGHS,Norwegian Krone,Buying,"1,368.9700",GH¢ per NOK,0.136897,GH¢ per NOK,ok,
2005-07-28,NOKGHS,Norwegian Krone,Selling,"1,387.8400",GH¢ per NOK,0.138784,GH¢ per NOK,ok,
2005-07-28,NOKGHS,Norwegian Krone,Mid Rate,"1,378.4050",GH¢ per NOK,0.1378405,GH¢ per NOK,ok,
2005-07-28,NZDGHS,New Zealand Dollar,Buying,"6,129.7900",GH¢ per NZD,0.612979,GH¢ per NZD,ok,
2005-07-28,NZDGHS,New Zealand Dollar,Selling,"6,228.7500",GH¢ per NZD,0.622875,GH¢ per NZD,ok,
2005-07-28,NZDGHS,New Zealand Dollar,Mid Rate,"6,179.2700",GH¢ per NZD,0.617927,GH¢ per NZD,ok,
2005-07-28,SEKGHS,Swedish Krona,Buying,"1,154.2100",GH¢ per SEK,0.115421,GH¢ per SEK,ok,
2005-07-28,SEKGHS,Swedish Krona,Selling,"1,169.7300",GH¢ per SEK,0.116973,GH¢ per SEK,ok,
2005-07-28,SEKGHS,Swedish Krona,Mid Rate,"1,161.9700",GH¢ per SEK,0.116197,GH¢ per SEK,ok,
2005-07-29,USDGHS,US Dollar,Buying,"8,990.9100",GH¢ per USD,0.899091,GH¢ per USD,ok,
2005-07-29,USDGHS,US Dollar,Selling,"9,123.6400",GH¢ per USD,0.912364,GH¢ per USD,ok,
2005-07-29,USDGHS,US Dollar,Mid Rate,"9,057.2750",GH¢ per USD,0.9057275,GH¢ per USD,ok,
2005-07-29,AUDGHS,Australian Dollar,Selling,"6,940.4600",GH¢ per AUD,0.694046,GH¢ per AUD,ok,
2005-07-29,AUDGHS,Australian Dollar,Mid Rate,"3,470.2300",GH¢ per AUD,0.347023,GH¢ per AUD,ok,
2005-07-29,CADGHS,Canadian Dollar,Buying,"7,320.5100",GH¢ per CAD,0.732051,GH¢ per CAD,ok,
2005-07-29,CADGHS,Canadian Dollar,Selling,"7,425.9500",GH¢ per CAD,0.742595,GH¢ per CAD,ok,
2005-07-29,CADGHS,Canadian Dollar,Mid Rate,"7,373.2300",GH¢ per CAD,0.737323,GH¢ per CAD,ok,
2005-07-29,CHFGHS,Swiss Franc,Buying,"6,975.7700",GH¢ per CHF,0.697577,GH¢ per CHF,ok,
2005-07-29,CHFGHS,Swiss Franc,Selling,"7,078.6700",GH¢ per CHF,0.707867,GH¢ per CHF,ok,
2005-07-29,CHFGHS,Swiss Franc,Mid Rate,"7,027.2200",GH¢ per CHF,0.702722,GH¢ per CHF,ok,
2005-07-29,DKKGHS,Danish Krone,Buying,"1,459.3600",GH¢ per DKK,0.145936,GH¢ per DKK,ok,
2005-07-29,DKKGHS,Danish Krone,Selling,"1,480.8700",GH¢ per DKK,0.148087,GH¢ per DKK,ok,
2005-07-29,DKKGHS,Danish Krone,Mid Rate,"1,470.1150",GH¢ per DKK,0.1470115,GH¢ per DKK,ok,
2005-07-29,GBPGHS,Pound Sterling,Buying,"15,761.0700",GH¢ per GBP,1.576107,GH¢ per GBP,ok,
2005-07-29,GBPGHS,Pound Sterling,Selling,"15,999.2200",GH¢ per GBP,1.599922,GH¢ per GBP,ok,
2005-07-29,GBPGHS,Pound Sterling,Mid Rate,"15,880.1450",GH¢ per GBP,1.5880145,GH¢ per GBP,ok,
2005-07-29,JPYGHS,Japanese yen,Buying,80.1200,GH¢ per JPY,0.008012,GH¢ per JPY,ok,
2005-07-29,JPYGHS,Japanese yen,Selling,81.2800,GH¢ per JPY,0.008128,GH¢ per JPY,ok,
2005-07-29,JPYGHS,Japanese yen,Mid Rate,80.7000,GH¢ per JPY,0.00807,GH¢ per JPY,ok,
2005-07-29,NOKGHS,Norwegian Krone,Buying,"1,377.7300",GH¢ per NOK,0.137773,GH¢ per NOK,ok,
2005-07-29,NOKGHS,Norwegian Krone,Selling,"1,397.5100",GH¢ per NOK,0.139751,GH¢ per NOK,ok,
2005-07-29,NOKGHS,Norwegian Krone,Mid Rate,"1,387.6200",GH¢ per NOK,0.138762,GH¢ per NOK,ok,
2005-07-29,NZDGHS,New Zealand Dollar,Buying,"6,134.2100",GH¢ per NZD,0.613421,GH¢ per NZD,ok,
2005-07-29,NZDGHS,New Zealand Dollar,Selling,"6,236.4900",GH¢ per NZD,0.623649,GH¢ per NZD,ok,
2005-07-29,NZDGHS,New Zealand Dollar,Mid Rate,"6,185.3500",GH¢ per NZD,0.618535,GH¢ per NZD,ok,
2005-07-29,SEKGHS,Swedish Krona,Buying,"1,160.4400",GH¢ per SEK,0.116044,GH¢ per SEK,ok,
2005-07-29,SEKGHS,Swedish Krona,Selling,"1,176.2400",GH¢ per SEK,0.117624,GH¢ per SEK,ok,
2005-07-29,SEKGHS,Swedish Krona,Mid Rate,"1,168.3400",GH¢ per SEK,0.116834,GH¢ per SEK,ok,
2005-08-01,USDGHS,US Dollar,Buying,"8,990.9100",GH¢ per USD,0.899091,GH¢ per USD,ok,
2005-08-01,USDGHS,US Dollar,Selling,"9,124.0900",GH¢ per USD,0.912409,GH¢ per USD,ok,
2005-08-01,USDGHS,US Dollar,Mid Rate,"9,057.5000",GH¢ per USD,0.90575,GH¢ per USD,ok,
2005-08-01,AUDGHS,Australian Dollar,Selling,"6,934.9700",GH¢ per AUD,0.693497,GH¢ per AUD,ok,
2005-08-01,AUDGHS,Australian Dollar,Mid Rate,"3,467.4850",GH¢ per AUD,0.3467485,GH¢ per AUD,ok,
2005-08-01,CADGHS,Canadian Dollar,Buying,"7,371.3000",GH¢ per CAD,0.73713,GH¢ per CAD,ok,
2005-08-01,CADGHS,Canadian Dollar,Selling,"7,481.8300",GH¢ per CAD,0.748183,GH¢ per CAD,ok,
2005-08-01,CADGHS,Canadian Dollar,Mid Rate,"7,426.5650",GH¢ per CAD,0.7426565,GH¢ per CAD,ok,
2005-08-01,CHFGHS,Swiss Franc,Buying,"7,008.0000",GH¢ per CHF,0.7008,GH¢ per CHF,ok,
2005-08-01,CHFGHS,Swiss Franc,Selling,"7,112.9700",GH¢ per CHF,0.711297,GH¢ per CHF,ok,
2005-08-01,CHFGHS,Swiss Franc,Mid Rate,"7,060.4850",GH¢ per CHF,0.7060485,GH¢ per CHF,ok,
2005-08-01,DKKGHS,Danish Krone,Buying,"1,467.0100",GH¢ per DKK,0.146701,GH¢ per DKK,ok,
2005-08-01,DKKGHS,Danish Krone,Selling,"1,488.7900",GH¢ per DKK,0.148879,GH¢ per DKK,ok,
2005-08-01,DKKGHS,Danish Krone,Mid Rate,"1,477.9000",GH¢ per DKK,0.14779,GH¢ per DKK,ok,
2005-08-01,GBPGHS,Pound Sterling,Buying,"15,840.1900",GH¢ per GBP,1.584019,GH¢ per GBP,ok,
2005-08-01,GBPGHS,Pound Sterling,Selling,"16,086.6800",GH¢ per GBP,1.608668,GH¢ per GBP,ok,
2005-08-01,GBPGHS,Pound Sterling,Mid Rate,"15,963.4350",GH¢ per GBP,1.5963435,GH¢ per GBP,ok,
2005-08-01,JPYGHS,Japanese yen,Buying,80.1800,GH¢ per JPY,0.008018,GH¢ per JPY,ok,
2005-08-01,JPYGHS,Japanese yen,Selling,81.3700,GH¢ per JPY,0.008137,GH¢ per JPY,ok,
2005-08-01,JPYGHS,Japanese yen,Mid Rate,80.7750,GH¢ per JPY,0.0080775,GH¢ per JPY,ok,
2005-08-01,NOKGHS,Norwegian Krone,Buying,"1,393.1900",GH¢ per NOK,0.139319,GH¢ per NOK,ok,
2005-08-01,NOKGHS,Norwegian Krone,Selling,"1,413.0100",GH¢ per NOK,0.141301,GH¢ per NOK,ok,
2005-08-01,NOKGHS,Norwegian Krone,Mid Rate,"1,403.1000",GH¢ per NOK,0.14031,GH¢ per NOK,ok,
2005-08-01,NZDGHS,New Zealand Dollar,Buying,"6,134.9000",GH¢ per NZD,0.61349,GH¢ per NZD,ok,
2005-08-01,NZDGHS,New Zealand Dollar,Selling,"6,233.5900",GH¢ per NZD,0.623359,GH¢ per NZD,ok,
2005-08-01,NZDGHS,New Zealand Dollar,Mid Rate,"6,184.2450",GH¢ per NZD,0.6184245,GH¢ per NZD,ok,
2005-08-01,SEKGHS,Swedish Krona,Buying,"1,164.2800",GH¢ per SEK,0.116428,GH¢ per SEK,ok,
2005-08-01,SEKGHS,Swedish Krona,Selling,"1,181.3400",GH¢ per SEK,0.118134,GH¢ per SEK,ok,
2005-08-01,SEKGHS,Swedish Krona,Mid Rate,"1,172.8100",GH¢ per SEK,0.117281,GH¢ per SEK,ok,
2005-08-02,USDGHS,US Dollar,Buying,"8,990.9100",GH¢ per USD,0.899091,GH¢ per USD,ok,
2005-08-02,USDGHS,US Dollar,Selling,"9,124.0900",GH¢ per USD,0.912409,GH¢ per USD,ok,
2005-08-02,USDGHS,US Dollar,Mid Rate,"9,057.5000",GH¢ per USD,0.90575,GH¢ per USD,ok,
2005-08-02,AUDGHS,Australian Dollar,Selling,"6,980.3400",GH¢ per AUD,0.698034,GH¢ per AUD,ok,
2005-08-02,AUDGHS,Australian Dollar,Mid Rate,"3,490.1700",GH¢ per AUD,0.349017,GH¢ per AUD,ok,
2005-08-02,CADGHS,Canadian Dollar,Buying,"7,423.8300",GH¢ per CAD,0.742383,GH¢ per CAD,ok,
2005-08-02,CADGHS,Canadian Dollar,Selling,"7,530.0900",GH¢ per CAD,0.753009,GH¢ per CAD,ok,
2005-08-02,CADGHS,Canadian Dollar,Mid Rate,"7,476.9600",GH¢ per CAD,0.747696,GH¢ per CAD,ok,
2005-08-02,CHFGHS,Swiss Franc,Buying,"7,063.9700",GH¢ per CHF,0.706397,GH¢ per CHF,ok,
2005-08-02,CHFGHS,Swiss Franc,Selling,"7,165.9300",GH¢ per CHF,0.716593,GH¢ per CHF,ok,
2005-08-02,CHFGHS,Swiss Franc,Mid Rate,"7,114.9500",GH¢ per CHF,0.711495,GH¢ per CHF,ok,
2005-08-02,DKKGHS,Danish Krone,Buying,"1,474.1800",GH¢ per DKK,0.147418,GH¢ per DKK,ok,
2005-08-02,DKKGHS,Danish Krone,Selling,"1,495.8100",GH¢ per DKK,0.149581,GH¢ per DKK,ok,
2005-08-02,DKKGHS,Danish Krone,Mid Rate,"1,484.9950",GH¢ per DKK,0.1484995,GH¢ per DKK,ok,
2005-08-02,GBPGHS,Pound Sterling,Buying,"15,942.6800",GH¢ per GBP,1.594268,GH¢ per GBP,ok,
2005-08-02,GBPGHS,Pound Sterling,Selling,"16,180.6600",GH¢ per GBP,1.618066,GH¢ per GBP,ok,
2005-08-02,GBPGHS,Pound Sterling,Mid Rate,"16,061.6700",GH¢ per GBP,1.606167,GH¢ per GBP,ok,
2005-08-02,JPYGHS,Japanese yen,Buying,80.7600,GH¢ per JPY,0.008076,GH¢ per JPY,ok,
2005-08-02,JPYGHS,Japanese yen,Selling,81.9100,GH¢ per JPY,0.008191,GH¢ per JPY,ok,
2005-08-02,JPYGHS,Japanese yen,Mid Rate,81.3350,GH¢ per JPY,0.0081335,GH¢ per JPY,ok,
2005-08-02,NOKGHS,Norwegian Krone,Buying,"1,401.3100",GH¢ per NOK,0.140131,GH¢ per NOK,ok,
2005-08-02,NOKGHS,Norwegian Krone,Selling,"1,420.7900",GH¢ per NOK,0.142079,GH¢ per NOK,ok,
2005-08-02,NOKGHS,Norwegian Krone,Mid Rate,"1,411.0500",GH¢ per NOK,0.141105,GH¢ per NOK,ok,
2005-08-02,NZDGHS,New Zealand Dollar,Buying,"6,179.3800",GH¢ per NZD,0.617938,GH¢ per NZD,ok,
2005-08-02,NZDGHS,New Zealand Dollar,Selling,"6,276.4800",GH¢ per NZD,0.627648,GH¢ per NZD,ok,
2005-08-02,NZDGHS,New Zealand Dollar,Mid Rate,"6,227.9300",GH¢ per NZD,0.622793,GH¢ per NZD,ok,
2005-08-02,SEKGHS,Swedish Krona,Buying,"1,172.0900",GH¢ per SEK,0.117209,GH¢ per SEK,ok,
2005-08-02,SEKGHS,Swedish Krona,Selling,"1,188.9900",GH¢ per SEK,0.118899,GH¢ per SEK,ok,
2005-08-02,SEKGHS,Swedish Krona,Mid Rate,"1,180.5400",GH¢ per SEK,0.118054,GH¢ per SEK,ok,
2005-08-03,USDGHS,US Dollar,Buying,"8,991.8200",GH¢ per USD,0.899182,GH¢ per USD,ok,
2005-08-03,USDGHS,US Dollar,Selling,"9,124.0900",GH¢ per USD,0.912409,GH¢ per USD,ok,
2005-08-03,USDGHS,US Dollar,Mid Rate,"9,057.9550",GH¢ per USD,0.9057955,GH¢ per USD,ok,
2005-08-03,AUDGHS,Australian Dollar,Selling,"6,977.8300",GH¢ per AUD,0.697783,GH¢ per AUD,ok,
2005-08-03,AUDGHS,Australian Dollar,Mid Rate,"3,488.9150",GH¢ per AUD,0.3488915,GH¢ per AUD,ok,
2005-08-03,CADGHS,Canadian Dollar,Buying,"7,412.7600",GH¢ per CAD,0.741276,GH¢ per CAD,ok,
2005-08-03,CADGHS,Canadian Dollar,Selling,"7,520.7800",GH¢ per CAD,0.752078,GH¢ per CAD,ok,
2005-08-03,CADGHS,Canadian Dollar,Mid Rate,"7,466.7700",GH¢ per CAD,0.746677,GH¢ per CAD,ok,
2005-08-03,CHFGHS,Swiss Franc,Buying,"7,051.1400",GH¢ per CHF,0.705114,GH¢ per CHF,ok,
2005-08-03,CHFGHS,Swiss Franc,Selling,"7,154.0300",GH¢ per CHF,0.715403,GH¢ per CHF,ok,
2005-08-03,CHFGHS,Swiss Franc,Mid Rate,"7,102.5850",GH¢ per CHF,0.7102585,GH¢ per CHF,ok,
2005-08-03,DKKGHS,Danish Krone,Buying,"1,471.0100",GH¢ per DKK,0.147101,GH¢ per DKK,ok,
2005-08-03,DKKGHS,Danish Krone,Selling,"1,492.5800",GH¢ per DKK,0.149258,GH¢ per DKK,ok,
2005-08-03,DKKGHS,Danish Krone,Mid Rate,"1,481.7950",GH¢ per DKK,0.1481795,GH¢ per DKK,ok,
2005-08-03,GBPGHS,Pound Sterling,Buying,"15,913.7200",GH¢ per GBP,1.591372,GH¢ per GBP,ok,
2005-08-03,GBPGHS,Pound Sterling,Selling,"16,152.3800",GH¢ per GBP,1.615238,GH¢ per GBP,ok,
2005-08-03,GBPGHS,Pound Sterling,Mid Rate,"16,033.0500",GH¢ per GBP,1.603305,GH¢ per GBP,ok,
2005-08-03,JPYGHS,Japanese yen,Buying,80.5400,GH¢ per JPY,0.008054,GH¢ per JPY,ok,
2005-08-03,JPYGHS,Japanese yen,Selling,81.7000,GH¢ per JPY,0.00817,GH¢ per JPY,ok,
2005-08-03,JPYGHS,Japanese yen,Mid Rate,81.1200,GH¢ per JPY,0.008112,GH¢ per JPY,ok,
2005-08-03,NOKGHS,Norwegian Krone,Buying,"1,397.2200",GH¢ per NOK,0.139722,GH¢ per NOK,ok,
2005-08-03,NOKGHS,Norwegian Krone,Selling,"1,416.9000",GH¢ per NOK,0.14169,GH¢ per NOK,ok,
2005-08-03,NOKGHS,Norwegian Krone,Mid Rate,"1,407.0600",GH¢ per NOK,0.140706,GH¢ per NOK,ok,
2005-08-03,NZDGHS,New Zealand Dollar,Buying,"6,174.5200",GH¢ per NZD,0.617452,GH¢ per NZD,ok,
2005-08-03,NZDGHS,New Zealand Dollar,Selling,"6,278.4300",GH¢ per NZD,0.627843,GH¢ per NZD,ok,
2005-08-03,NZDGHS,New Zealand Dollar,Mid Rate,"6,226.4750",GH¢ per NZD,0.6226475,GH¢ per NZD,ok,
2005-08-03,SEKGHS,Swedish Krona,Buying,"1,171.9000",GH¢ per SEK,0.11719,GH¢ per SEK,ok,
2005-08-03,SEKGHS,Swedish Krona,Selling,"1,188.5000",GH¢ per SEK,0.11885,GH¢ per SEK,ok,
2005-08-03,SEKGHS,Swedish Krona,Mid Rate,"1,180.2000",GH¢ per SEK,0.11802,GH¢ per SEK,ok,
2005-08-04,USDGHS,US Dollar,Buying,"8,991.8200",GH¢ per USD,0.899182,GH¢ per USD,ok,
2005-08-04,USDGHS,US Dollar,Selling,"9,123.6400",GH¢ per USD,0.912364,GH¢ per USD,ok,
2005-08-04,USDGHS,US Dollar,Mid Rate,"9,057.7300",GH¢ per USD,0.905773,GH¢ per USD,ok,
2005-08-04,AUDGHS,Australian Dollar,Selling,"7,039.2700",GH¢ per AUD,0.703927,GH¢ per AUD,ok,
2005-08-04,AUDGHS,Australian Dollar,Mid Rate,"3,519.6350",GH¢ per AUD,0.3519635,GH¢ per AUD,ok,
2005-08-04,CADGHS,Canadian Dollar,Buying,"7,408.6100",GH¢ per CAD,0.740861,GH¢ per CAD,ok,
2005-08-04,CADGHS,Canadian Dollar,Selling,"7,514.3100",GH¢ per CAD,0.751431,GH¢ per CAD,ok,
2005-08-04,CADGHS,Canadian Dollar,Mid Rate,"7,461.4600",GH¢ per CAD,0.746146,GH¢ per CAD,ok,
2005-08-04,CHFGHS,Swiss Franc,Buying,"7,117.6100",GH¢ per CHF,0.711761,GH¢ per CHF,ok,
2005-08-04,CHFGHS,Swiss Franc,Selling,"7,221.2400",GH¢ per CHF,0.722124,GH¢ per CHF,ok,
2005-08-04,CHFGHS,Swiss Franc,Mid Rate,"7,169.4250",GH¢ per CHF,0.7169425,GH¢ per CHF,ok,
2005-08-04,DKKGHS,Danish Krone,Buying,"1,485.6100",GH¢ per DKK,0.148561,GH¢ per DKK,ok,
2005-08-04,DKKGHS,Danish Krone,Selling,"1,506.6400",GH¢ per DKK,0.150664,GH¢ per DKK,ok,
2005-08-04,DKKGHS,Danish Krone,Mid Rate,"1,496.1250",GH¢ per DKK,0.1496125,GH¢ per DKK,ok,
2005-08-04,GBPGHS,Pound Sterling,Buying,"15,964.0800",GH¢ per GBP,1.596408,GH¢ per GBP,ok,
2005-08-04,GBPGHS,Pound Sterling,Selling,"16,200.8500",GH¢ per GBP,1.620085,GH¢ per GBP,ok,
2005-08-04,GBPGHS,Pound Sterling,Mid Rate,"16,082.4650",GH¢ per GBP,1.6082465,GH¢ per GBP,ok,
2005-08-04,JPYGHS,Japanese yen,Buying,80.8300,GH¢ per JPY,0.008083,GH¢ per JPY,ok,
2005-08-04,JPYGHS,Japanese yen,Selling,81.9800,GH¢ per JPY,0.008198,GH¢ per JPY,ok,
2005-08-04,JPYGHS,Japanese yen,Mid Rate,81.4050,GH¢ per JPY,0.0081405,GH¢ per JPY,ok,
2005-08-04,NOKGHS,Norwegian Krone,Buying,"1,410.6500",GH¢ per NOK,0.141065,GH¢ per NOK,ok,
2005-08-04,NOKGHS,Norwegian Krone,Selling,"1,430.1300",GH¢ per NOK,0.143013,GH¢ per NOK,ok,
2005-08-04,NOKGHS,Norwegian Krone,Mid Rate,"1,420.3900",GH¢ per NOK,0.142039,GH¢ per NOK,ok,
2005-08-04,NZDGHS,New Zealand Dollar,Buying,"6,203.6400",GH¢ per NZD,0.620364,GH¢ per NZD,ok,
2005-08-04,NZDGHS,New Zealand Dollar,Selling,"6,305.3700",GH¢ per NZD,0.630537,GH¢ per NZD,ok,
2005-08-04,NZDGHS,New Zealand Dollar,Mid Rate,"6,254.5050",GH¢ per NZD,0.6254505,GH¢ per NZD,ok,
2005-08-04,SEKGHS,Swedish Krona,Buying,"1,183.9400",GH¢ per SEK,0.118394,GH¢ per SEK,ok,
2005-08-04,SEKGHS,Swedish Krona,Selling,"1,200.0800",GH¢ per SEK,0.120008,GH¢ per SEK,ok,
2005-08-04,SEKGHS,Swedish Krona,Mid Rate,"1,192.0100",GH¢ per SEK,0.119201,GH¢ per SEK,ok,
2005-08-05,USDGHS,US Dollar,Buying,"8,991.8200",GH¢ per USD,0.899182,GH¢ per USD,ok,
2005-08-05,USDGHS,US Dollar,Selling,"9,123.6400",GH¢ per USD,0.912364,GH¢ per USD,ok,
2005-08-05,USDGHS,US Dollar,Mid Rate,"9,057.7300",GH¢ per USD,0.905773,GH¢ per USD,ok,
2005-08-05,AUDGHS,Australian Dollar,Selling,"7,033.5300",GH¢ per AUD,0.703353,GH¢ per AUD,ok,
2005-08-05,AUDGHS,Australian Dollar,Mid Rate,"3,516.7650",GH¢ per AUD,0.3516765,GH¢ per AUD,ok,
2005-08-05,CADGHS,Canadian Dollar,Buying,"7,401.9700",GH¢ per CAD,0.740197,GH¢ per CAD,ok,
2005-08-05,CADGHS,Canadian Dollar,Selling,"7,509.1200",GH¢ per CAD,0.750912,GH¢ per CAD,ok,
2005-08-05,CADGHS,Canadian Dollar,Mid Rate,"7,455.5450",GH¢ per CAD,0.7455545,GH¢ per CAD,ok,
2005-08-05,CHFGHS,Swiss Franc,Buying,"7,148.3900",GH¢ per CHF,0.714839,GH¢ per CHF,ok,
2005-08-05,CHFGHS,Swiss Franc,Selling,"7,251.6600",GH¢ per CHF,0.725166,GH¢ per CHF,ok,
2005-08-05,CHFGHS,Swiss Franc,Mid Rate,"7,200.0250",GH¢ per CHF,0.7200025,GH¢ per CHF,ok,
2005-08-05,DKKGHS,Danish Krone,Buying,"1,493.1400",GH¢ per DKK,0.149314,GH¢ per DKK,ok,
2005-08-05,DKKGHS,Danish Krone,Selling,"1,514.8600",GH¢ per DKK,0.151486,GH¢ per DKK,ok,
2005-08-05,DKKGHS,Danish Krone,Mid Rate,"1,504.0000",GH¢ per DKK,0.1504,GH¢ per DKK,ok,
2005-08-05,GBPGHS,Pound Sterling,Buying,"16,004.5400",GH¢ per GBP,1.600454,GH¢ per GBP,ok,
2005-08-05,GBPGHS,Pound Sterling,Selling,"16,243.7300",GH¢ per GBP,1.624373,GH¢ per GBP,ok,
2005-08-05,GBPGHS,Pound Sterling,Mid Rate,"16,124.1350",GH¢ per GBP,1.6124135,GH¢ per GBP,ok,
2005-08-05,JPYGHS,Japanese yen,Buying,80.7500,GH¢ per JPY,0.008075,GH¢ per JPY,ok,
2005-08-05,JPYGHS,Japanese yen,Selling,81.9100,GH¢ per JPY,0.008191,GH¢ per JPY,ok,
2005-08-05,JPYGHS,Japanese yen,Mid Rate,81.3300,GH¢ per JPY,0.008133,GH¢ per JPY,ok,
2005-08-05,NOKGHS,Norwegian Krone,Buying,"1,417.5200",GH¢ per NOK,0.141752,GH¢ per NOK,ok,
2005-08-05,NOKGHS,Norwegian Krone,Selling,"1,438.3800",GH¢ per NOK,0.143838,GH¢ per NOK,ok,
2005-08-05,NOKGHS,Norwegian Krone,Mid Rate,"1,427.9500",GH¢ per NOK,0.142795,GH¢ per NOK,ok,
2005-08-05,NZDGHS,New Zealand Dollar,Buying,"6,217.7600",GH¢ per NZD,0.621776,GH¢ per NZD,ok,
2005-08-05,NZDGHS,New Zealand Dollar,Selling,"6,315.5600",GH¢ per NZD,0.631556,GH¢ per NZD,ok,
2005-08-05,NZDGHS,New Zealand Dollar,Mid Rate,"6,266.6600",GH¢ per NZD,0.626666,GH¢ per NZD,ok,
2005-08-05,SEKGHS,Swedish Krona,Buying,"1,193.6600",GH¢ per SEK,0.119366,GH¢ per SEK,ok,
2005-08-05,SEKGHS,Swedish Krona,Selling,"1,210.7500",GH¢ per SEK,0.121075,GH¢ per SEK,ok,
2005-08-05,SEKGHS,Swedish Krona,Mid Rate,"1,202.2050",GH¢ per SEK,0.1202205,GH¢ per SEK,ok,
2005-08-08,USDGHS,US Dollar,Buying,"8,991.8200",GH¢ per USD,0.899182,GH¢ per USD,ok,
2005-08-08,USDGHS,US Dollar,Selling,"9,123.6400",GH¢ per USD,0.912364,GH¢ per USD,ok,
2005-08-08,USDGHS,US Dollar,Mid Rate,"9,057.7300",GH¢ per USD,0.905773,GH¢ per USD,ok,
2005-08-08,AUDGHS,Australian Dollar,Selling,"6,985.1200",GH¢ per AUD,0.698512,GH¢ per AUD,ok,
2005-08-08,AUDGHS,Australian Dollar,Mid Rate,"3,492.5600",GH¢ per AUD,0.349256,GH¢ per AUD,ok,
2005-08-08,CADGHS,Canadian Dollar,Buying,"7,392.2100",GH¢ per CAD,0.739221,GH¢ per CAD,ok,
2005-08-08,CADGHS,Canadian Dollar,Selling,"7,499.3400",GH¢ per CAD,0.749934,GH¢ per CAD,ok,
2005-08-08,CADGHS,Canadian Dollar,Mid Rate,"7,445.7750",GH¢ per CAD,0.7445775,GH¢ per CAD,ok,
2005-08-08,CHFGHS,Swiss Franc,Buying,"7,118.9700",GH¢ per CHF,0.711897,GH¢ per CHF,ok,
2005-08-08,CHFGHS,Swiss Franc,Selling,"7,220.9400",GH¢ per CHF,0.722094,GH¢ per CHF,ok,
2005-08-08,CHFGHS,Swiss Franc,Mid Rate,"7,169.9550",GH¢ per CHF,0.7169955,GH¢ per CHF,ok,
2005-08-08,DKKGHS,Danish Krone,Buying,"1,489.1000",GH¢ per DKK,0.14891,GH¢ per DKK,ok,
2005-08-08,DKKGHS,Danish Krone,Selling,"1,510.8100",GH¢ per DKK,0.151081,GH¢ per DKK,ok,
2005-08-08,DKKGHS,Danish Krone,Mid Rate,"1,499.9550",GH¢ per DKK,0.1499955,GH¢ per DKK,ok,
2005-08-08,GBPGHS,Pound Sterling,Buying,"15,985.6600",GH¢ per GBP,1.598566,GH¢ per GBP,ok,
2005-08-08,GBPGHS,Pound Sterling,Selling,"16,221.8300",GH¢ per GBP,1.622183,GH¢ per GBP,ok,
2005-08-08,GBPGHS,Pound Sterling,Mid Rate,"16,103.7450",GH¢ per GBP,1.6103745,GH¢ per GBP,ok,
2005-08-08,JPYGHS,Japanese yen,Buying,80.2300,GH¢ per JPY,0.008023,GH¢ per JPY,ok,
2005-08-08,JPYGHS,Japanese yen,Selling,81.3600,GH¢ per JPY,0.008136,GH¢ per JPY,ok,
2005-08-08,JPYGHS,Japanese yen,Mid Rate,80.7950,GH¢ per JPY,0.0080795,GH¢ per JPY,ok,
2005-08-08,NOKGHS,Norwegian Krone,Buying,"1,402.7100",GH¢ per NOK,0.140271,GH¢ per NOK,ok,
2005-08-08,NOKGHS,Norwegian Krone,Selling,"1,423.0400",GH¢ per NOK,0.142304,GH¢ per NOK,ok,
2005-08-08,NOKGHS,Norwegian Krone,Mid Rate,"1,412.8750",GH¢ per NOK,0.1412875,GH¢ per NOK,ok,
2005-08-08,NZDGHS,New Zealand Dollar,Buying,"6,228.0100",GH¢ per NZD,0.622801,GH¢ per NZD,ok,
2005-08-08,NZDGHS,New Zealand Dollar,Selling,"6,324.8900",GH¢ per NZD,0.632489,GH¢ per NZD,ok,
2005-08-08,NZDGHS,New Zealand Dollar,Mid Rate,"6,276.4500",GH¢ per NZD,0.627645,GH¢ per NZD,ok,
2005-08-08,SEKGHS,Swedish Krona,Buying,"1,190.8900",GH¢ per SEK,0.119089,GH¢ per SEK,ok,
2005-08-08,SEKGHS,Swedish Krona,Selling,"1,208.0200",GH¢ per SEK,0.120802,GH¢ per SEK,ok,
2005-08-08,SEKGHS,Swedish Krona,Mid Rate,"1,199.4550",GH¢ per SEK,0.1199455,GH¢ per SEK,ok,
2005-08-09,USDGHS,US Dollar,Buying,"8,991.8200",GH¢ per USD,0.899182,GH¢ per USD,ok,
2005-08-09,USDGHS,US Dollar,Selling,"9,123.6400",GH¢ per USD,0.912364,GH¢ per USD,ok,
2005-08-09,USDGHS,US Dollar,Mid Rate,"9,057.7300",GH¢ per USD,0.905773,GH¢ per USD,ok,
2005-08-09,AUDGHS,Australian Dollar,Selling,"6,984.2900",GH¢ per AUD,0.698429,GH¢ per AUD,ok,
2005-08-09,AUDGHS,Australian Dollar,Mid Rate,"3,492.1450",GH¢ per AUD,0.3492145,GH¢ per AUD,ok,
2005-08-09,CADGHS,Canadian Dollar,Buying,"7,412.4000",GH¢ per CAD,0.74124,GH¢ per CAD,ok,
2005-08-09,CADGHS,Canadian Dollar,Selling,"7,516.0900",GH¢ per CAD,0.751609,GH¢ per CAD,ok,
2005-08-09,CADGHS,Canadian Dollar,Mid Rate,"7,464.2450",GH¢ per CAD,0.7464245,GH¢ per CAD,ok,
2005-08-09,CHFGHS,Swiss Franc,Buying,"7,157.7100",GH¢ per CHF,0.715771,GH¢ per CHF,ok,
2005-08-09,CHFGHS,Swiss Franc,Selling,"7,257.7200",GH¢ per CHF,0.725772,GH¢ per CHF,ok,
2005-08-09,CHFGHS,Swiss Franc,Mid Rate,"7,207.7150",GH¢ per CHF,0.7207715,GH¢ per CHF,ok,
2005-08-09,DKKGHS,Danish Krone,Buying,"1,492.6600",GH¢ per DKK,0.149266,GH¢ per DKK,ok,
2005-08-09,DKKGHS,Danish Krone,Selling,"1,514.0000",GH¢ per DKK,0.1514,GH¢ per DKK,ok,
2005-08-09,DKKGHS,Danish Krone,Mid Rate,"1,503.3300",GH¢ per DKK,0.150333,GH¢ per DKK,ok,
2005-08-09,GBPGHS,Pound Sterling,Buying,"16,061.1900",GH¢ per GBP,1.606119,GH¢ per GBP,ok,
2005-08-09,GBPGHS,Pound Sterling,Selling,"16,299.3800",GH¢ per GBP,1.629938,GH¢ per GBP,ok,
2005-08-09,GBPGHS,Pound Sterling,Mid Rate,"16,180.2850",GH¢ per GBP,1.6180285,GH¢ per GBP,ok,
2005-08-09,JPYGHS,Japanese yen,Buying,80.3500,GH¢ per JPY,0.008035,GH¢ per JPY,ok,
2005-08-09,JPYGHS,Japanese yen,Selling,81.5000,GH¢ per JPY,0.00815,GH¢ per JPY,ok,
2005-08-09,JPYGHS,Japanese yen,Mid Rate,80.9250,GH¢ per JPY,0.0080925,GH¢ per JPY,ok,
2005-08-09,NOKGHS,Norwegian Krone,Buying,"1,408.6800",GH¢ per NOK,0.140868,GH¢ per NOK,ok,
2005-08-09,NOKGHS,Norwegian Krone,Selling,"1,428.2500",GH¢ per NOK,0.142825,GH¢ per NOK,ok,
2005-08-09,NOKGHS,Norwegian Krone,Mid Rate,"1,418.4650",GH¢ per NOK,0.1418465,GH¢ per NOK,ok,
2005-08-09,NZDGHS,New Zealand Dollar,Buying,"6,247.8000",GH¢ per NZD,0.62478,GH¢ per NZD,ok,
2005-08-09,NZDGHS,New Zealand Dollar,Selling,"6,346.9800",GH¢ per NZD,0.634698,GH¢ per NZD,ok,
2005-08-09,NZDGHS,New Zealand Dollar,Mid Rate,"6,297.3900",GH¢ per NZD,0.629739,GH¢ per NZD,ok,
2005-08-09,SEKGHS,Swedish Krona,Buying,"1,192.3900",GH¢ per SEK,0.119239,GH¢ per SEK,ok,
2005-08-09,SEKGHS,Swedish Krona,Selling,"1,208.9500",GH¢ per SEK,0.120895,GH¢ per SEK,ok,
2005-08-09,SEKGHS,Swedish Krona,Mid Rate,"1,200.6700",GH¢ per SEK,0.120067,GH¢ per SEK,ok,
2005-08-10,USDGHS,US Dollar,Buying,"8,991.8200",GH¢ per USD,0.899182,GH¢ per USD,ok,
2005-08-10,USDGHS,US Dollar,Selling,"9,123.6400",GH¢ per USD,0.912364,GH¢ per USD,ok,
2005-08-10,USDGHS,US Dollar,Mid Rate,"9,057.7300",GH¢ per USD,0.905773,GH¢ per USD,ok,
2005-08-10,AUDGHS,Australian Dollar,Selling,"6,972.9300",GH¢ per AUD,0.697293,GH¢ per AUD,ok,
2005-08-10,AUDGHS,Australian Dollar,Mid Rate,"3,486.4650",GH¢ per AUD,0.3486465,GH¢ per AUD,ok,
2005-08-10,CADGHS,Canadian Dollar,Buying,"7,403.6400",GH¢ per CAD,0.740364,GH¢ per CAD,ok,
2005-08-10,CADGHS,Canadian Dollar,Selling,"7,510.9000",GH¢ per CAD,0.75109,GH¢ per CAD,ok,
2005-08-10,CADGHS,Canadian Dollar,Mid Rate,"7,457.2700",GH¢ per CAD,0.745727,GH¢ per CAD,ok,
2005-08-10,CHFGHS,Swiss Franc,Buying,"7,153.8900",GH¢ per CHF,0.715389,GH¢ per CHF,ok,
2005-08-10,CHFGHS,Swiss Franc,Selling,"7,258.6230",GH¢ per CHF,0.7258623,GH¢ per CHF,ok,
2005-08-10,CHFGHS,Swiss Franc,Mid Rate,"7,206.2565",GH¢ per CHF,0.72062565,GH¢ per CHF,ok,
2005-08-10,DKKGHS,Danish Krone,Buying,"1,493.1500",GH¢ per DKK,0.149315,GH¢ per DKK,ok,
2005-08-10,DKKGHS,Danish Krone,Selling,"1,514.5300",GH¢ per DKK,0.151453,GH¢ per DKK,ok,
2005-08-10,DKKGHS,Danish Krone,Mid Rate,"1,503.8400",GH¢ per DKK,0.150384,GH¢ per DKK,ok,
2005-08-10,GBPGHS,Pound Sterling,Buying,"16,096.2600",GH¢ per GBP,1.609626,GH¢ per GBP,ok,
2005-08-10,GBPGHS,Pound Sterling,Selling,"16,337.7000",GH¢ per GBP,1.63377,GH¢ per GBP,ok,
2005-08-10,GBPGHS,Pound Sterling,Mid Rate,"16,216.9800",GH¢ per GBP,1.621698,GH¢ per GBP,ok,
2005-08-10,JPYGHS,Japanese yen,Buying,80.9100,GH¢ per JPY,0.008091,GH¢ per JPY,ok,
2005-08-10,JPYGHS,Japanese yen,Selling,82.0700,GH¢ per JPY,0.008207,GH¢ per JPY,ok,
2005-08-10,JPYGHS,Japanese yen,Mid Rate,81.4900,GH¢ per JPY,0.008149,GH¢ per JPY,ok,
2005-08-10,NOKGHS,Norwegian Krone,Buying,"1,409.0500",GH¢ per NOK,0.140905,GH¢ per NOK,ok,
2005-08-10,NOKGHS,Norwegian Krone,Selling,"1,429.5700",GH¢ per NOK,0.142957,GH¢ per NOK,ok,
2005-08-10,NOKGHS,Norwegian Krone,Mid Rate,"1,419.3100",GH¢ per NOK,0.141931,GH¢ per NOK,ok,
2005-08-10,NZDGHS,New Zealand Dollar,Buying,"6,240.5200",GH¢ per NZD,0.624052,GH¢ per NZD,ok,
2005-08-10,NZDGHS,New Zealand Dollar,Selling,"6,343.9300",GH¢ per NZD,0.634393,GH¢ per NZD,ok,
2005-08-10,NZDGHS,New Zealand Dollar,Mid Rate,"6,292.2250",GH¢ per NZD,0.6292225,GH¢ per NZD,ok,
2005-08-10,SEKGHS,Swedish Krona,Buying,"1,191.7900",GH¢ per SEK,0.119179,GH¢ per SEK,ok,
2005-08-10,SEKGHS,Swedish Krona,Selling,"1,208.2300",GH¢ per SEK,0.120823,GH¢ per SEK,ok,
2005-08-10,SEKGHS,Swedish Krona,Mid Rate,"1,200.0100",GH¢ per SEK,0.120001,GH¢ per SEK,ok,
2005-08-11,USDGHS,US Dollar,Buying,"8,991.8200",GH¢ per USD,0.899182,GH¢ per USD,ok,
2005-08-11,USDGHS,US Dollar,Selling,"9,132.4500",GH¢ per USD,0.913245,GH¢ per USD,ok,
2005-08-11,USDGHS,US Dollar,Mid Rate,"9,062.1350",GH¢ per USD,0.9062135,GH¢ per USD,ok,
2005-08-11,AUDGHS,Australian Dollar,Selling,"7,039.2700",GH¢ per AUD,0.703927,GH¢ per AUD,ok,
2005-08-11,AUDGHS,Australian Dollar,Mid Rate,"3,519.6350",GH¢ per AUD,0.3519635,GH¢ per AUD,ok,
2005-08-11,CADGHS,Canadian Dollar,Buying,"7,445.1700",GH¢ per CAD,0.744517,GH¢ per CAD,ok,
2005-08-11,CADGHS,Canadian Dollar,Selling,"7,562.2300",GH¢ per CAD,0.756223,GH¢ per CAD,ok,
2005-08-11,CADGHS,Canadian Dollar,Mid Rate,"7,503.7000",GH¢ per CAD,0.75037,GH¢ per CAD,ok,
2005-08-11,CHFGHS,Swiss Franc,Buying,"7,183.6500",GH¢ per CHF,0.718365,GH¢ per CHF,ok,
2005-08-11,CHFGHS,Swiss Franc,Selling,"7,296.7000",GH¢ per CHF,0.72967,GH¢ per CHF,ok,
2005-08-11,CHFGHS,Swiss Franc,Mid Rate,"7,240.1750",GH¢ per CHF,0.7240175,GH¢ per CHF,ok,
2005-08-11,DKKGHS,Danish Krone,Buying,"1,495.3900",GH¢ per DKK,0.149539,GH¢ per DKK,ok,
2005-08-11,DKKGHS,Danish Krone,Selling,"1,519.0200",GH¢ per DKK,0.151902,GH¢ per DKK,ok,
2005-08-11,DKKGHS,Danish Krone,Mid Rate,"1,507.2050",GH¢ per DKK,0.1507205,GH¢ per DKK,ok,
2005-08-11,GBPGHS,Pound Sterling,Buying,"16,196.9700",GH¢ per GBP,1.619697,GH¢ per GBP,ok,
2005-08-11,GBPGHS,Pound Sterling,Selling,"16,458.4300",GH¢ per GBP,1.645843,GH¢ per GBP,ok,
2005-08-11,GBPGHS,Pound Sterling,Mid Rate,"16,327.7000",GH¢ per GBP,1.63277,GH¢ per GBP,ok,
2005-08-11,JPYGHS,Japanese yen,Buying,81.6400,GH¢ per JPY,0.008164,GH¢ per JPY,ok,
2005-08-11,JPYGHS,Japanese yen,Selling,82.9100,GH¢ per JPY,0.008291,GH¢ per JPY,ok,
2005-08-11,JPYGHS,Japanese yen,Mid Rate,82.2750,GH¢ per JPY,0.0082275,GH¢ per JPY,ok,
2005-08-11,NOKGHS,Norwegian Krone,Buying,"1,413.8800",GH¢ per NOK,0.141388,GH¢ per NOK,ok,
2005-08-11,NOKGHS,Norwegian Krone,Selling,"1,436.0100",GH¢ per NOK,0.143601,GH¢ per NOK,ok,
2005-08-11,NOKGHS,Norwegian Krone,Mid Rate,"1,424.9450",GH¢ per NOK,0.1424945,GH¢ per NOK,ok,
2005-08-11,NZDGHS,New Zealand Dollar,Buying,"6,303.8600",GH¢ per NZD,0.630386,GH¢ per NZD,ok,
2005-08-11,NZDGHS,New Zealand Dollar,Selling,"6,410.5600",GH¢ per NZD,0.641056,GH¢ per NZD,ok,
2005-08-11,NZDGHS,New Zealand Dollar,Mid Rate,"6,357.2100",GH¢ per NZD,0.635721,GH¢ per NZD,ok,
2005-08-11,SEKGHS,Swedish Krona,Buying,"1,196.8600",GH¢ per SEK,0.119686,GH¢ per SEK,ok,
2005-08-11,SEKGHS,Swedish Krona,Selling,"1,214.3700",GH¢ per SEK,0.121437,GH¢ per SEK,ok,
2005-08-11,SEKGHS,Swedish Krona,Mid Rate,"1,205.6150",GH¢ per SEK,0.1205615,GH¢ per SEK,ok,
2005-08-12,USDGHS,US Dollar,Buying,"8,991.8200",GH¢ per USD,0.899182,GH¢ per USD,ok,
2005-08-12,USDGHS,US Dollar,Selling,"9,130.0000",GH¢ per USD,0.913,GH¢ per USD,ok,
2005-08-12,USDGHS,US Dollar,Mid Rate,"9,060.9100",GH¢ per USD,0.906091,GH¢ per USD,ok,
2005-08-12,AUDGHS,Australian Dollar,Selling,"7,073.8500",GH¢ per AUD,0.707385,GH¢ per AUD,ok,
2005-08-12,AUDGHS,Australian Dollar,Mid Rate,"3,536.9250",GH¢ per AUD,0.3536925,GH¢ per AUD,ok,
2005-08-12,CADGHS,Canadian Dollar,Buying,"7,496.3500",GH¢ per CAD,0.749635,GH¢ per CAD,ok,
2005-08-12,CADGHS,Canadian Dollar,Selling,"7,608.6800",GH¢ per CAD,0.760868,GH¢ per CAD,ok,
2005-08-12,CADGHS,Canadian Dollar,Mid Rate,"7,552.5150",GH¢ per CAD,0.7552515,GH¢ per CAD,ok,
2005-08-12,CHFGHS,Swiss Franc,Buying,"7,221.2400",GH¢ per CHF,0.722124,GH¢ per CHF,ok,
2005-08-12,CHFGHS,Swiss Franc,Selling,"7,329.9300",GH¢ per CHF,0.732993,GH¢ per CHF,ok,
2005-08-12,CHFGHS,Swiss Franc,Mid Rate,"7,275.5850",GH¢ per CHF,0.7275585,GH¢ per CHF,ok,
2005-08-12,DKKGHS,Danish Krone,Buying,"1,503.3500",GH¢ per DKK,0.150335,GH¢ per DKK,ok,
2005-08-12,DKKGHS,Danish Krone,Selling,"1,526.2400",GH¢ per DKK,0.152624,GH¢ per DKK,ok,
2005-08-12,DKKGHS,Danish Krone,Mid Rate,"1,514.7950",GH¢ per DKK,0.1514795,GH¢ per DKK,ok,
2005-08-12,GBPGHS,Pound Sterling,Buying,"16,312.0600",GH¢ per GBP,1.631206,GH¢ per GBP,ok,
2005-08-12,GBPGHS,Pound Sterling,Selling,"16,566.3800",GH¢ per GBP,1.656638,GH¢ per GBP,ok,
2005-08-12,GBPGHS,Pound Sterling,Mid Rate,"16,439.2200",GH¢ per GBP,1.643922,GH¢ per GBP,ok,
2005-08-12,JPYGHS,Japanese yen,Buying,82.1100,GH¢ per JPY,0.008211,GH¢ per JPY,ok,
2005-08-12,JPYGHS,Japanese yen,Selling,83.3400,GH¢ per JPY,0.008334,GH¢ per JPY,ok,
2005-08-12,JPYGHS,Japanese yen,Mid Rate,82.7250,GH¢ per JPY,0.0082725,GH¢ per JPY,ok,
2005-08-12,NOKGHS,Norwegian Krone,Buying,"1,421.4400",GH¢ per NOK,0.142144,GH¢ per NOK,ok,
2005-08-12,NOKGHS,Norwegian Krone,Selling,"1,442.8300",GH¢ per NOK,0.144283,GH¢ per NOK,ok,
2005-08-12,NOKGHS,Norwegian Krone,Mid Rate,"1,432.1350",GH¢ per NOK,0.1432135,GH¢ per NOK,ok,
2005-08-12,NZDGHS,New Zealand Dollar,Buying,"6,371.4900",GH¢ per NZD,0.637149,GH¢ per NZD,ok,
2005-08-12,NZDGHS,New Zealand Dollar,Selling,"6,477.4600",GH¢ per NZD,0.647746,GH¢ per NZD,ok,
2005-08-12,NZDGHS,New Zealand Dollar,Mid Rate,"6,424.4750",GH¢ per NZD,0.6424475,GH¢ per NZD,ok,
2005-08-12,SEKGHS,Swedish Krona,Buying,"1,206.6500",GH¢ per SEK,0.120665,GH¢ per SEK,ok,
2005-08-12,SEKGHS,Swedish Krona,Selling,"1,224.7000",GH¢ per SEK,0.12247,GH¢ per SEK,ok,
2005-08-12,SEKGHS,Swedish Krona,Mid Rate,"1,215.6750",GH¢ per SEK,0.1215675,GH¢ per SEK,ok,
2005-08-15,USDGHS,US Dollar,Buying,"8,994.5500",GH¢ per USD,0.899455,GH¢ per USD,ok,
2005-08-15,USDGHS,US Dollar,Selling,"9,118.1800",GH¢ per USD,0.911818,GH¢ per USD,ok,
2005-08-15,USDGHS,US Dollar,Mid Rate,"9,056.3650",GH¢ per USD,0.9056365,GH¢ per USD,ok,
2005-08-15,AUDGHS,Australian Dollar,Selling,"7,038.9900",GH¢ per AUD,0.703899,GH¢ per AUD,ok,
2005-08-15,AUDGHS,Australian Dollar,Mid Rate,"3,519.4950",GH¢ per AUD,0.3519495,GH¢ per AUD,ok,
2005-08-15,CADGHS,Canadian Dollar,Buying,"7,523.0300",GH¢ per CAD,0.752303,GH¢ per CAD,ok,
2005-08-15,CADGHS,Canadian Dollar,Selling,"7,622.7800",GH¢ per CAD,0.762278,GH¢ per CAD,ok,
2005-08-15,CADGHS,Canadian Dollar,Mid Rate,"7,572.9050",GH¢ per CAD,0.7572905,GH¢ per CAD,ok,
2005-08-15,CHFGHS,Swiss Franc,Buying,"7,197.7100",GH¢ per CHF,0.719771,GH¢ per CHF,ok,
2005-08-15,CHFGHS,Swiss Franc,Selling,"7,294.7900",GH¢ per CHF,0.729479,GH¢ per CHF,ok,
2005-08-15,CHFGHS,Swiss Franc,Mid Rate,"7,246.2500",GH¢ per CHF,0.724625,GH¢ per CHF,ok,
2005-08-15,DKKGHS,Danish Krone,Buying,"1,495.6700",GH¢ per DKK,0.149567,GH¢ per DKK,ok,
2005-08-15,DKKGHS,Danish Krone,Selling,"1,515.6500",GH¢ per DKK,0.151565,GH¢ per DKK,ok,
2005-08-15,DKKGHS,Danish Krone,Mid Rate,"1,505.6600",GH¢ per DKK,0.150566,GH¢ per DKK,ok,
2005-08-15,GBPGHS,Pound Sterling,Buying,"16,319.7100",GH¢ per GBP,1.631971,GH¢ per GBP,ok,
2005-08-15,GBPGHS,Pound Sterling,Selling,"16,546.7600",GH¢ per GBP,1.654676,GH¢ per GBP,ok,
2005-08-15,GBPGHS,Pound Sterling,Mid Rate,"16,433.2350",GH¢ per GBP,1.6433235,GH¢ per GBP,ok,
2005-08-15,JPYGHS,Japanese yen,Buying,82.1200,GH¢ per JPY,0.008212,GH¢ per JPY,ok,
2005-08-15,JPYGHS,Japanese yen,Selling,83.2200,GH¢ per JPY,0.008322,GH¢ per JPY,ok,
2005-08-15,JPYGHS,Japanese yen,Mid Rate,82.6700,GH¢ per JPY,0.008267,GH¢ per JPY,ok,
2005-08-15,NOKGHS,Norwegian Krone,Buying,"1,411.5700",GH¢ per NOK,0.141157,GH¢ per NOK,ok,
2005-08-15,NOKGHS,Norwegian Krone,Selling,"1,429.5500",GH¢ per NOK,0.142955,GH¢ per NOK,ok,
2005-08-15,NOKGHS,Norwegian Krone,Mid Rate,"1,420.5600",GH¢ per NOK,0.142056,GH¢ per NOK,ok,
2005-08-15,NZDGHS,New Zealand Dollar,Buying,"6,361.4200",GH¢ per NZD,0.636142,GH¢ per NZD,ok,
2005-08-15,NZDGHS,New Zealand Dollar,Selling,"6,461.5100",GH¢ per NZD,0.646151,GH¢ per NZD,ok,
2005-08-15,NZDGHS,New Zealand Dollar,Mid Rate,"6,411.4650",GH¢ per NZD,0.6411465,GH¢ per NZD,ok,
2005-08-15,SEKGHS,Swedish Krona,Buying,"1,199.4300",GH¢ per SEK,0.119943,GH¢ per SEK,ok,
2005-08-15,SEKGHS,Swedish Krona,Selling,"1,215.3700",GH¢ per SEK,0.121537,GH¢ per SEK,ok,
2005-08-15,SEKGHS,Swedish Krona,Mid Rate,"1,207.4000",GH¢ per SEK,0.12074,GH¢ per SEK,ok,
2005-08-16,USDGHS,US Dollar,Buying,"8,994.5500",GH¢ per USD,0.899455,GH¢ per USD,ok,
2005-08-16,USDGHS,US Dollar,Selling,"9,123.6400",GH¢ per USD,0.912364,GH¢ per USD,ok,
2005-08-16,USDGHS,US Dollar,Mid Rate,"9,059.0950",GH¢ per USD,0.9059095,GH¢ per USD,ok,
2005-08-16,AUDGHS,Australian Dollar,Selling,"7,020.8400",GH¢ per AUD,0.702084,GH¢ per AUD,ok,
2005-08-16,AUDGHS,Australian Dollar,Mid Rate,"3,510.4200",GH¢ per AUD,0.351042,GH¢ per AUD,ok,
2005-08-16,CADGHS,Canadian Dollar,Buying,"7,491.4600",GH¢ per CAD,0.749146,GH¢ per CAD,ok,
2005-08-16,CADGHS,Canadian Dollar,Selling,"7,596.5400",GH¢ per CAD,0.759654,GH¢ per CAD,ok,
2005-08-16,CADGHS,Canadian Dollar,Mid Rate,"7,544.0000",GH¢ per CAD,0.7544,GH¢ per CAD,ok,
2005-08-16,CHFGHS,Swiss Franc,Buying,"7,170.8800",GH¢ per CHF,0.717088,GH¢ per CHF,ok,
2005-08-16,CHFGHS,Swiss Franc,Selling,"7,271.9600",GH¢ per CHF,0.727196,GH¢ per CHF,ok,
2005-08-16,CHFGHS,Swiss Franc,Mid Rate,"7,221.4200",GH¢ per CHF,0.722142,GH¢ per CHF,ok,
2005-08-16,DKKGHS,Danish Krone,Buying,"1,491.4400",GH¢ per DKK,0.149144,GH¢ per DKK,ok,
2005-08-16,DKKGHS,Danish Krone,Selling,"1,511.9500",GH¢ per DKK,0.151195,GH¢ per DKK,ok,
2005-08-16,DKKGHS,Danish Krone,Mid Rate,"1,501.6950",GH¢ per DKK,0.1501695,GH¢ per DKK,ok,
2005-08-16,GBPGHS,Pound Sterling,Buying,"16,304.4200",GH¢ per GBP,1.630442,GH¢ per GBP,ok,
2005-08-16,GBPGHS,Pound Sterling,Selling,"16,542.9800",GH¢ per GBP,1.654298,GH¢ per GBP,ok,
2005-08-16,GBPGHS,Pound Sterling,Mid Rate,"16,423.7000",GH¢ per GBP,1.64237,GH¢ per GBP,ok,
2005-08-16,JPYGHS,Japanese yen,Buying,82.4500,GH¢ per JPY,0.008245,GH¢ per JPY,ok,
2005-08-16,JPYGHS,Japanese yen,Selling,83.6000,GH¢ per JPY,0.00836,GH¢ per JPY,ok,
2005-08-16,JPYGHS,Japanese yen,Mid Rate,83.0250,GH¢ per JPY,0.0083025,GH¢ per JPY,ok,
2005-08-16,NOKGHS,Norwegian Krone,Buying,"1,393.9800",GH¢ per NOK,0.139398,GH¢ per NOK,ok,
2005-08-16,NOKGHS,Norwegian Krone,Selling,"1,413.3300",GH¢ per NOK,0.141333,GH¢ per NOK,ok,
2005-08-16,NOKGHS,Norwegian Krone,Mid Rate,"1,403.6550",GH¢ per NOK,0.1403655,GH¢ per NOK,ok,
2005-08-16,NZDGHS,New Zealand Dollar,Buying,"6,348.9400",GH¢ per NZD,0.634894,GH¢ per NZD,ok,
2005-08-16,NZDGHS,New Zealand Dollar,Selling,"6,448.4600",GH¢ per NZD,0.644846,GH¢ per NZD,ok,
2005-08-16,NZDGHS,New Zealand Dollar,Mid Rate,"6,398.7000",GH¢ per NZD,0.63987,GH¢ per NZD,ok,
2005-08-16,SEKGHS,Swedish Krona,Buying,"1,196.7600",GH¢ per SEK,0.119676,GH¢ per SEK,ok,
2005-08-16,SEKGHS,Swedish Krona,Selling,"1,213.9800",GH¢ per SEK,0.121398,GH¢ per SEK,ok,
2005-08-16,SEKGHS,Swedish Krona,Mid Rate,"1,205.3700",GH¢ per SEK,0.120537,GH¢ per SEK,ok,
2005-08-17,USDGHS,US Dollar,Buying,"8,994.5500",GH¢ per USD,0.899455,GH¢ per USD,ok,
2005-08-17,USDGHS,US Dollar,Selling,"9,123.6400",GH¢ per USD,0.912364,GH¢ per USD,ok,
2005-08-17,USDGHS,US Dollar,Mid Rate,"9,059.0950",GH¢ per USD,0.9059095,GH¢ per USD,ok,
2005-08-17,AUDGHS,Australian Dollar,Selling,"6,970.8700",GH¢ per AUD,0.697087,GH¢ per AUD,ok,
2005-08-17,AUDGHS,Australian Dollar,Mid Rate,"3,485.4350",GH¢ per AUD,0.3485435,GH¢ per AUD,ok,
2005-08-17,CADGHS,Canadian Dollar,Buying,"7,486.2000",GH¢ per CAD,0.74862,GH¢ per CAD,ok,
2005-08-17,CADGHS,Canadian Dollar,Selling,"7,589.3000",GH¢ per CAD,0.75893,GH¢ per CAD,ok,
2005-08-17,CADGHS,Canadian Dollar,Mid Rate,"7,537.7500",GH¢ per CAD,0.753775,GH¢ per CAD,ok,
2005-08-17,CHFGHS,Swiss Franc,Buying,"7,134.8500",GH¢ per CHF,0.713485,GH¢ per CHF,ok,
2005-08-17,CHFGHS,Swiss Franc,Selling,"7,234.3200",GH¢ per CHF,0.723432,GH¢ per CHF,ok,
2005-08-17,CHFGHS,Swiss Franc,Mid Rate,"7,184.5850",GH¢ per CHF,0.7184585,GH¢ per CHF,ok,
2005-08-17,DKKGHS,Danish Krone,Buying,"1,482.7200",GH¢ per DKK,0.148272,GH¢ per DKK,ok,
2005-08-17,DKKGHS,Danish Krone,Selling,"1,503.4800",GH¢ per DKK,0.150348,GH¢ per DKK,ok,
2005-08-17,DKKGHS,Danish Krone,Mid Rate,"1,493.1000",GH¢ per DKK,0.14931,GH¢ per DKK,ok,
2005-08-17,GBPGHS,Pound Sterling,Buying,"16,236.0600",GH¢ per GBP,1.623606,GH¢ per GBP,ok,
2005-08-17,GBPGHS,Pound Sterling,Selling,"16,471.8200",GH¢ per GBP,1.647182,GH¢ per GBP,ok,
2005-08-17,GBPGHS,Pound Sterling,Mid Rate,"16,353.9400",GH¢ per GBP,1.635394,GH¢ per GBP,ok,
2005-08-17,JPYGHS,Japanese yen,Buying,81.9300,GH¢ per JPY,0.008193,GH¢ per JPY,ok,
2005-08-17,JPYGHS,Japanese yen,Selling,83.0700,GH¢ per JPY,0.008307,GH¢ per JPY,ok,
2005-08-17,JPYGHS,Japanese yen,Mid Rate,82.5000,GH¢ per JPY,0.00825,GH¢ per JPY,ok,
2005-08-17,NOKGHS,Norwegian Krone,Buying,"1,393.6300",GH¢ per NOK,0.139363,GH¢ per NOK,ok,
2005-08-17,NOKGHS,Norwegian Krone,Selling,"1,412.1100",GH¢ per NOK,0.141211,GH¢ per NOK,ok,
2005-08-17,NOKGHS,Norwegian Krone,Mid Rate,"1,402.8700",GH¢ per NOK,0.140287,GH¢ per NOK,ok,
2005-08-17,NZDGHS,New Zealand Dollar,Buying,"6,309.3300",GH¢ per NZD,0.630933,GH¢ per NZD,ok,
2005-08-17,NZDGHS,New Zealand Dollar,Selling,"6,410.8300",GH¢ per NZD,0.641083,GH¢ per NZD,ok,
2005-08-17,NZDGHS,New Zealand Dollar,Mid Rate,"6,360.0800",GH¢ per NZD,0.636008,GH¢ per NZD,ok,
2005-08-17,SEKGHS,Swedish Krona,Buying,"1,183.9000",GH¢ per SEK,0.11839,GH¢ per SEK,ok,
2005-08-17,SEKGHS,Swedish Krona,Selling,"1,200.2100",GH¢ per SEK,0.120021,GH¢ per SEK,ok,
2005-08-17,SEKGHS,Swedish Krona,Mid Rate,"1,192.0550",GH¢ per SEK,0.1192055,GH¢ per SEK,ok,
2005-08-18,USDGHS,US Dollar,Buying,"8,991.8200",GH¢ per USD,0.899182,GH¢ per USD,ok,
2005-08-18,USDGHS,US Dollar,Selling,"9,123.6400",GH¢ per USD,0.912364,GH¢ per USD,ok,
2005-08-18,USDGHS,US Dollar,Mid Rate,"9,057.7300",GH¢ per USD,0.905773,GH¢ per USD,ok,
2005-08-18,AUDGHS,Australian Dollar,Selling,"6,933.9900",GH¢ per AUD,0.693399,GH¢ per AUD,ok,
2005-08-18,AUDGHS,Australian Dollar,Mid Rate,"3,466.9950",GH¢ per AUD,0.3466995,GH¢ per AUD,ok,
2005-08-18,CADGHS,Canadian Dollar,Buying,"7,417.9800",GH¢ per CAD,0.741798,GH¢ per CAD,ok,
2005-08-18,CADGHS,Canadian Dollar,Selling,"7,525.1100",GH¢ per CAD,0.752511,GH¢ per CAD,ok,
2005-08-18,CADGHS,Canadian Dollar,Mid Rate,"7,471.5450",GH¢ per CAD,0.7471545,GH¢ per CAD,ok,
2005-08-18,CHFGHS,Swiss Franc,Buying,"7,138.2800",GH¢ per CHF,0.713828,GH¢ per CHF,ok,
2005-08-18,CHFGHS,Swiss Franc,Selling,"7,242.4600",GH¢ per CHF,0.724246,GH¢ per CHF,ok,
2005-08-18,CHFGHS,Swiss Franc,Mid Rate,"7,190.3700",GH¢ per CHF,0.719037,GH¢ per CHF,ok,
2005-08-18,DKKGHS,Danish Krone,Buying,"1,480.1500",GH¢ per DKK,0.148015,GH¢ per DKK,ok,
2005-08-18,DKKGHS,Danish Krone,Selling,"1,501.7600",GH¢ per DKK,0.150176,GH¢ per DKK,ok,
2005-08-18,DKKGHS,Danish Krone,Mid Rate,"1,490.9550",GH¢ per DKK,0.1490955,GH¢ per DKK,ok,
2005-08-18,GBPGHS,Pound Sterling,Buying,"16,261.7100",GH¢ per GBP,1.626171,GH¢ per GBP,ok,
2005-08-18,GBPGHS,Pound Sterling,Selling,"16,505.5800",GH¢ per GBP,1.650558,GH¢ per GBP,ok,
2005-08-18,GBPGHS,Pound Sterling,Mid Rate,"16,383.6450",GH¢ per GBP,1.6383645,GH¢ per GBP,ok,
2005-08-18,JPYGHS,Japanese yen,Buying,81.6400,GH¢ per JPY,0.008164,GH¢ per JPY,ok,
2005-08-18,JPYGHS,Japanese yen,Selling,82.8100,GH¢ per JPY,0.008281,GH¢ per JPY,ok,
2005-08-18,JPYGHS,Japanese yen,Mid Rate,82.2250,GH¢ per JPY,0.0082225,GH¢ per JPY,ok,
2005-08-18,NOKGHS,Norwegian Krone,Buying,"1,390.8200",GH¢ per NOK,0.139082,GH¢ per NOK,ok,
2005-08-18,NOKGHS,Norwegian Krone,Selling,"1,409.8300",GH¢ per NOK,0.140983,GH¢ per NOK,ok,
2005-08-18,NOKGHS,Norwegian Krone,Mid Rate,"1,400.3250",GH¢ per NOK,0.1400325,GH¢ per NOK,ok,
2005-08-18,NZDGHS,New Zealand Dollar,Buying,"6,285.1500",GH¢ per NZD,0.628515,GH¢ per NZD,ok,
2005-08-18,NZDGHS,New Zealand Dollar,Selling,"6,390.9600",GH¢ per NZD,0.639096,GH¢ per NZD,ok,
2005-08-18,NZDGHS,New Zealand Dollar,Mid Rate,"6,338.0550",GH¢ per NZD,0.6338055,GH¢ per NZD,ok,
2005-08-18,SEKGHS,Swedish Krona,Buying,"1,183.0800",GH¢ per SEK,0.118308,GH¢ per SEK,ok,
2005-08-18,SEKGHS,Swedish Krona,Selling,"1,199.3900",GH¢ per SEK,0.119939,GH¢ per SEK,ok,
2005-08-18,SEKGHS,Swedish Krona,Mid Rate,"1,191.2350",GH¢ per SEK,0.1191235,GH¢ per SEK,ok,
2005-08-19,USDGHS,US Dollar,Buying,"8,991.8200",GH¢ per USD,0.899182,GH¢ per USD,ok,
2005-08-19,USDGHS,US Dollar,Selling,"9,123.6400",GH¢ per USD,0.912364,GH¢ per USD,ok,
2005-08-19,USDGHS,US Dollar,Mid Rate,"9,057.7300",GH¢ per USD,0.905773,GH¢ per USD,ok,
2005-08-19,AUDGHS,Australian Dollar,Selling,"6,861.2500",GH¢ per AUD,0.686125,GH¢ per AUD,ok,
2005-08-19,AUDGHS,Australian Dollar,Mid Rate,"3,430.6250",GH¢ per AUD,0.3430625,GH¢ per AUD,ok,
2005-08-19,CADGHS,Canadian Dollar,Buying,"7,368.4600",GH¢ per CAD,0.736846,GH¢ per CAD,ok,
2005-08-19,CADGHS,Canadian Dollar,Selling,"7,473.6300",GH¢ per CAD,0.747363,GH¢ per CAD,ok,
2005-08-19,CADGHS,Canadian Dollar,Mid Rate,"7,421.0450",GH¢ per CAD,0.7421045,GH¢ per CAD,ok,
2005-08-19,CHFGHS,Swiss Franc,Buying,"7,059.3700",GH¢ per CHF,0.705937,GH¢ per CHF,ok,
2005-08-19,CHFGHS,Swiss Franc,Selling,"7,160.9200",GH¢ per CHF,0.716092,GH¢ per CHF,ok,
2005-08-19,CHFGHS,Swiss Franc,Mid Rate,"7,110.1450",GH¢ per CHF,0.7110145,GH¢ per CHF,ok,
2005-08-19,DKKGHS,Danish Krone,Buying,"1,464.9300",GH¢ per DKK,0.146493,GH¢ per DKK,ok,
2005-08-19,DKKGHS,Danish Krone,Selling,"1,486.0800",GH¢ per DKK,0.148608,GH¢ per DKK,ok,
2005-08-19,DKKGHS,Danish Krone,Mid Rate,"1,475.5050",GH¢ per DKK,0.1475505,GH¢ per DKK,ok,
2005-08-19,GBPGHS,Pound Sterling,Buying,"16,105.2500",GH¢ per GBP,1.610525,GH¢ per GBP,ok,
2005-08-19,GBPGHS,Pound Sterling,Selling,"16,344.0900",GH¢ per GBP,1.634409,GH¢ per GBP,ok,
2005-08-19,GBPGHS,Pound Sterling,Mid Rate,"16,224.6700",GH¢ per GBP,1.622467,GH¢ per GBP,ok,
2005-08-19,JPYGHS,Japanese yen,Buying,81.2800,GH¢ per JPY,0.008128,GH¢ per JPY,ok,
2005-08-19,JPYGHS,Japanese yen,Selling,82.4400,GH¢ per JPY,0.008244,GH¢ per JPY,ok,
2005-08-19,JPYGHS,Japanese yen,Mid Rate,81.8600,GH¢ per JPY,0.008186,GH¢ per JPY,ok,
2005-08-19,NOKGHS,Norwegian Krone,Buying,"1,372.4600",GH¢ per NOK,0.137246,GH¢ per NOK,ok,
2005-08-19,NOKGHS,Norwegian Krone,Selling,"1,392.0800",GH¢ per NOK,0.139208,GH¢ per NOK,ok,
2005-08-19,NOKGHS,Norwegian Krone,Mid Rate,"1,382.2700",GH¢ per NOK,0.138227,GH¢ per NOK,ok,
2005-08-19,NZDGHS,New Zealand Dollar,Buying,"6,247.2300",GH¢ per NZD,0.624723,GH¢ per NZD,ok,
2005-08-19,NZDGHS,New Zealand Dollar,Selling,"6,349.6800",GH¢ per NZD,0.634968,GH¢ per NZD,ok,
2005-08-19,NZDGHS,New Zealand Dollar,Mid Rate,"6,298.4550",GH¢ per NZD,0.6298455,GH¢ per NZD,ok,
2005-08-19,SEKGHS,Swedish Krona,Buying,"1,169.3500",GH¢ per SEK,0.116935,GH¢ per SEK,ok,
2005-08-19,SEKGHS,Swedish Krona,Selling,"1,185.9700",GH¢ per SEK,0.118597,GH¢ per SEK,ok,
2005-08-19,SEKGHS,Swedish Krona,Mid Rate,"1,177.6600",GH¢ per SEK,0.117766,GH¢ per SEK,ok,
2005-08-22,USDGHS,US Dollar,Buying,"8,994.5500",GH¢ per USD,0.899455,GH¢ per USD,ok,
2005-08-22,USDGHS,US Dollar,Selling,"9,123.6400",GH¢ per USD,0.912364,GH¢ per USD,ok,
2005-08-22,USDGHS,US Dollar,Mid Rate,"9,059.0950",GH¢ per USD,0.9059095,GH¢ per USD,ok,
2005-08-22,AUDGHS,Australian Dollar,Selling,"6,888.9200",GH¢ per AUD,0.688892,GH¢ per AUD,ok,
2005-08-22,AUDGHS,Australian Dollar,Mid Rate,"3,444.4600",GH¢ per AUD,0.344446,GH¢ per AUD,ok,
2005-08-22,CADGHS,Canadian Dollar,Buying,"7,427.3400",GH¢ per CAD,0.742734,GH¢ per CAD,ok,
2005-08-22,CADGHS,Canadian Dollar,Selling,"7,530.3600",GH¢ per CAD,0.753036,GH¢ per CAD,ok,
2005-08-22,CADGHS,Canadian Dollar,Mid Rate,"7,478.8500",GH¢ per CAD,0.747885,GH¢ per CAD,ok,
2005-08-22,CHFGHS,Swiss Franc,Buying,"7,067.6200",GH¢ per CHF,0.706762,GH¢ per CHF,ok,
2005-08-22,CHFGHS,Swiss Franc,Selling,"7,166.8100",GH¢ per CHF,0.716681,GH¢ per CHF,ok,
2005-08-22,CHFGHS,Swiss Franc,Mid Rate,"7,117.2150",GH¢ per CHF,0.7117215,GH¢ per CHF,ok,
2005-08-22,DKKGHS,Danish Krone,Buying,"1,471.1500",GH¢ per DKK,0.147115,GH¢ per DKK,ok,
2005-08-22,DKKGHS,Danish Krone,Selling,"1,491.3500",GH¢ per DKK,0.149135,GH¢ per DKK,ok,
2005-08-22,DKKGHS,Danish Krone,Mid Rate,"1,481.2500",GH¢ per DKK,0.148125,GH¢ per DKK,ok,
2005-08-22,GBPGHS,Pound Sterling,Buying,"16,198.2900",GH¢ per GBP,1.619829,GH¢ per GBP,ok,
2005-08-22,GBPGHS,Pound Sterling,Selling,"16,433.5000",GH¢ per GBP,1.64335,GH¢ per GBP,ok,
2005-08-22,GBPGHS,Pound Sterling,Mid Rate,"16,315.8950",GH¢ per GBP,1.6315895,GH¢ per GBP,ok,
2005-08-22,JPYGHS,Japanese yen,Buying,81.8900,GH¢ per JPY,0.008189,GH¢ per JPY,ok,
2005-08-22,JPYGHS,Japanese yen,Selling,83.0300,GH¢ per JPY,0.008303,GH¢ per JPY,ok,
2005-08-22,JPYGHS,Japanese yen,Mid Rate,82.4600,GH¢ per JPY,0.008246,GH¢ per JPY,ok,
2005-08-22,NOKGHS,Norwegian Krone,Buying,"1,373.4900",GH¢ per NOK,0.137349,GH¢ per NOK,ok,
2005-08-22,NOKGHS,Norwegian Krone,Selling,"1,392.6100",GH¢ per NOK,0.139261,GH¢ per NOK,ok,
2005-08-22,NOKGHS,Norwegian Krone,Mid Rate,"1,383.0500",GH¢ per NOK,0.138305,GH¢ per NOK,ok,
2005-08-22,NZDGHS,New Zealand Dollar,Buying,"6,250.9200",GH¢ per NZD,0.625092,GH¢ per NZD,ok,
2005-08-22,NZDGHS,New Zealand Dollar,Selling,"6,351.5500",GH¢ per NZD,0.635155,GH¢ per NZD,ok,
2005-08-22,NZDGHS,New Zealand Dollar,Mid Rate,"6,301.2350",GH¢ per NZD,0.6301235,GH¢ per NZD,ok,
2005-08-22,SEKGHS,Swedish Krona,Buying,"1,171.6600",GH¢ per SEK,0.117166,GH¢ per SEK,ok,
2005-08-22,SEKGHS,Swedish Krona,Selling,"1,187.8600",GH¢ per SEK,0.118786,GH¢ per SEK,ok,
2005-08-22,SEKGHS,Swedish Krona,Mid Rate,"1,179.7600",GH¢ per SEK,0.117976,GH¢ per SEK,ok,
2005-08-23,USDGHS,US Dollar,Buying,"8,994.5500",GH¢ per USD,0.899455,GH¢ per USD,ok,
2005-08-23,USDGHS,US Dollar,Selling,"9,123.6400",GH¢ per USD,0.912364,GH¢ per USD,ok,
2005-08-23,USDGHS,US Dollar,Mid Rate,"9,059.0950",GH¢ per USD,0.9059095,GH¢ per USD,ok,
2005-08-23,AUDGHS,Australian Dollar,Selling,"6,899.7100",GH¢ per AUD,0.689971,GH¢ per AUD,ok,
2005-08-23,AUDGHS,Australian Dollar,Mid Rate,"3,449.8550",GH¢ per AUD,0.3449855,GH¢ per AUD,ok,
2005-08-23,CADGHS,Canadian Dollar,Buying,"7,478.8200",GH¢ per CAD,0.747882,GH¢ per CAD,ok,
2005-08-23,CADGHS,Canadian Dollar,Selling,"7,586.0300",GH¢ per CAD,0.758603,GH¢ per CAD,ok,
2005-08-23,CADGHS,Canadian Dollar,Mid Rate,"7,532.4250",GH¢ per CAD,0.7532425,GH¢ per CAD,ok,
2005-08-23,CHFGHS,Swiss Franc,Buying,"7,081.3800",GH¢ per CHF,0.708138,GH¢ per CHF,ok,
2005-08-23,CHFGHS,Swiss Franc,Selling,"7,183.6900",GH¢ per CHF,0.718369,GH¢ per CHF,ok,
2005-08-23,CHFGHS,Swiss Franc,Mid Rate,"7,132.5350",GH¢ per CHF,0.7132535,GH¢ per CHF,ok,
2005-08-23,DKKGHS,Danish Krone,Buying,"1,476.0600",GH¢ per DKK,0.147606,GH¢ per DKK,ok,
2005-08-23,DKKGHS,Danish Krone,Selling,"1,497.5000",GH¢ per DKK,0.14975,GH¢ per DKK,ok,
2005-08-23,DKKGHS,Danish Krone,Mid Rate,"1,486.7800",GH¢ per DKK,0.148678,GH¢ per DKK,ok,
2005-08-23,GBPGHS,Pound Sterling,Buying,"16,176.7000",GH¢ per GBP,1.61767,GH¢ per GBP,ok,
2005-08-23,GBPGHS,Pound Sterling,Selling,"16,416.1700",GH¢ per GBP,1.641617,GH¢ per GBP,ok,
2005-08-23,GBPGHS,Pound Sterling,Mid Rate,"16,296.4350",GH¢ per GBP,1.6296435,GH¢ per GBP,ok,
2005-08-23,JPYGHS,Japanese yen,Buying,81.7800,GH¢ per JPY,0.008178,GH¢ per JPY,ok,
2005-08-23,JPYGHS,Japanese yen,Selling,82.9400,GH¢ per JPY,0.008294,GH¢ per JPY,ok,
2005-08-23,JPYGHS,Japanese yen,Mid Rate,82.3600,GH¢ per JPY,0.008236,GH¢ per JPY,ok,
2005-08-23,NOKGHS,Norwegian Krone,Buying,"1,374.2500",GH¢ per NOK,0.137425,GH¢ per NOK,ok,
2005-08-23,NOKGHS,Norwegian Krone,Selling,"1,393.7200",GH¢ per NOK,0.139372,GH¢ per NOK,ok,
2005-08-23,NOKGHS,Norwegian Krone,Mid Rate,"1,383.9850",GH¢ per NOK,0.1383985,GH¢ per NOK,ok,
2005-08-23,NZDGHS,New Zealand Dollar,Buying,"6,268.4700",GH¢ per NZD,0.626847,GH¢ per NZD,ok,
2005-08-23,NZDGHS,New Zealand Dollar,Selling,"6,372.7600",GH¢ per NZD,0.637276,GH¢ per NZD,ok,
2005-08-23,NZDGHS,New Zealand Dollar,Mid Rate,"6,320.6150",GH¢ per NZD,0.6320615,GH¢ per NZD,ok,
2005-08-23,SEKGHS,Swedish Krona,Buying,"1,175.5400",GH¢ per SEK,0.117554,GH¢ per SEK,ok,
2005-08-23,SEKGHS,Swedish Krona,Selling,"1,191.1800",GH¢ per SEK,0.119118,GH¢ per SEK,ok,
2005-08-23,SEKGHS,Swedish Krona,Mid Rate,"1,183.3600",GH¢ per SEK,0.118336,GH¢ per SEK,ok,
2005-08-24,USDGHS,US Dollar,Buying,"8,994.5500",GH¢ per USD,0.899455,GH¢ per USD,ok,
2005-08-24,USDGHS,US Dollar,Selling,"9,123.6400",GH¢ per USD,0.912364,GH¢ per USD,ok,
2005-08-24,USDGHS,US Dollar,Mid Rate,"9,059.0950",GH¢ per USD,0.9059095,GH¢ per USD,ok,
2005-08-24,AUDGHS,Australian Dollar,Selling,"6,861.6000",GH¢ per AUD,0.68616,GH¢ per AUD,ok,
2005-08-24,AUDGHS,Australian Dollar,Mid Rate,"3,430.8000",GH¢ per AUD,0.34308,GH¢ per AUD,ok,
2005-08-24,CADGHS,Canadian Dollar,Buying,"7,490.9300",GH¢ per CAD,0.749093,GH¢ per CAD,ok,
2005-08-24,CADGHS,Canadian Dollar,Selling,"7,594.7000",GH¢ per CAD,0.75947,GH¢ per CAD,ok,
2005-08-24,CADGHS,Canadian Dollar,Mid Rate,"7,542.8150",GH¢ per CAD,0.7542815,GH¢ per CAD,ok,
2005-08-24,CHFGHS,Swiss Franc,Buying,"7,039.0800",GH¢ per CHF,0.703908,GH¢ per CHF,ok,
2005-08-24,CHFGHS,Swiss Franc,Selling,"7,137.4700",GH¢ per CHF,0.713747,GH¢ per CHF,ok,
2005-08-24,CHFGHS,Swiss Franc,Mid Rate,"7,088.2750",GH¢ per CHF,0.7088275,GH¢ per CHF,ok,
2005-08-24,DKKGHS,Danish Krone,Buying,"1,468.1400",GH¢ per DKK,0.146814,GH¢ per DKK,ok,
2005-08-24,DKKGHS,Danish Krone,Selling,"1,488.2400",GH¢ per DKK,0.148824,GH¢ per DKK,ok,
2005-08-24,DKKGHS,Danish Krone,Mid Rate,"1,478.1900",GH¢ per DKK,0.147819,GH¢ per DKK,ok,
2005-08-24,GBPGHS,Pound Sterling,Buying,"16,127.2300",GH¢ per GBP,1.612723,GH¢ per GBP,ok,
2005-08-24,GBPGHS,Pound Sterling,Selling,"16,360.5100",GH¢ per GBP,1.636051,GH¢ per GBP,ok,
2005-08-24,GBPGHS,Pound Sterling,Mid Rate,"16,243.8700",GH¢ per GBP,1.624387,GH¢ per GBP,ok,
2005-08-24,JPYGHS,Japanese yen,Buying,81.3800,GH¢ per JPY,0.008138,GH¢ per JPY,ok,
2005-08-24,JPYGHS,Japanese yen,Selling,82.5000,GH¢ per JPY,0.00825,GH¢ per JPY,ok,
2005-08-24,JPYGHS,Japanese yen,Mid Rate,81.9400,GH¢ per JPY,0.008194,GH¢ per JPY,ok,
2005-08-24,NOKGHS,Norwegian Krone,Buying,"1,376.6200",GH¢ per NOK,0.137662,GH¢ per NOK,ok,
2005-08-24,NOKGHS,Norwegian Krone,Selling,"1,395.4800",GH¢ per NOK,0.139548,GH¢ per NOK,ok,
2005-08-24,NOKGHS,Norwegian Krone,Mid Rate,"1,386.0500",GH¢ per NOK,0.138605,GH¢ per NOK,ok,
2005-08-24,NZDGHS,New Zealand Dollar,Buying,"6,244.4600",GH¢ per NZD,0.624446,GH¢ per NZD,ok,
2005-08-24,NZDGHS,New Zealand Dollar,Selling,"6,341.3300",GH¢ per NZD,0.634133,GH¢ per NZD,ok,
2005-08-24,NZDGHS,New Zealand Dollar,Mid Rate,"6,292.8950",GH¢ per NZD,0.6292895,GH¢ per NZD,ok,
2005-08-24,SEKGHS,Swedish Krona,Buying,"1,173.3900",GH¢ per SEK,0.117339,GH¢ per SEK,ok,
2005-08-24,SEKGHS,Swedish Krona,Selling,"1,189.4600",GH¢ per SEK,0.118946,GH¢ per SEK,ok,
2005-08-24,SEKGHS,Swedish Krona,Mid Rate,"1,181.4250",GH¢ per SEK,0.1181425,GH¢ per SEK,ok,
2005-08-25,USDGHS,US Dollar,Buying,"8,992.7300",GH¢ per USD,0.899273,GH¢ per USD,ok,
2005-08-25,USDGHS,US Dollar,Selling,"9,123.6400",GH¢ per USD,0.912364,GH¢ per USD,ok,
2005-08-25,USDGHS,US Dollar,Mid Rate,"9,058.1850",GH¢ per USD,0.9058185,GH¢ per USD,ok,
2005-08-25,AUDGHS,Australian Dollar,Selling,"6,946.9400",GH¢ per AUD,0.694694,GH¢ per AUD,ok,
2005-08-25,AUDGHS,Australian Dollar,Mid Rate,"3,473.4700",GH¢ per AUD,0.347347,GH¢ per AUD,ok,
2005-08-25,CADGHS,Canadian Dollar,Buying,"7,556.5900",GH¢ per CAD,0.755659,GH¢ per CAD,ok,
2005-08-25,CADGHS,Canadian Dollar,Selling,"7,663.2300",GH¢ per CAD,0.766323,GH¢ per CAD,ok,
2005-08-25,CADGHS,Canadian Dollar,Mid Rate,"7,609.9100",GH¢ per CAD,0.760991,GH¢ per CAD,ok,
2005-08-25,CHFGHS,Swiss Franc,Buying,"7,144.8700",GH¢ per CHF,0.714487,GH¢ per CHF,ok,
2005-08-25,CHFGHS,Swiss Franc,Selling,"7,246.2600",GH¢ per CHF,0.724626,GH¢ per CHF,ok,
2005-08-25,CHFGHS,Swiss Franc,Mid Rate,"7,195.5650",GH¢ per CHF,0.7195565,GH¢ per CHF,ok,
2005-08-25,DKKGHS,Danish Krone,Buying,"1,483.8200",GH¢ per DKK,0.148382,GH¢ per DKK,ok,
2005-08-25,DKKGHS,Danish Krone,Selling,"1,505.1200",GH¢ per DKK,0.150512,GH¢ per DKK,ok,
2005-08-25,DKKGHS,Danish Krone,Mid Rate,"1,494.4700",GH¢ per DKK,0.149447,GH¢ per DKK,ok,
2005-08-25,GBPGHS,Pound Sterling,Buying,"16,234.5800",GH¢ per GBP,1.623458,GH¢ per GBP,ok,
2005-08-25,GBPGHS,Pound Sterling,Selling,"16,473.6400",GH¢ per GBP,1.647364,GH¢ per GBP,ok,
2005-08-25,GBPGHS,Pound Sterling,Mid Rate,"16,354.1100",GH¢ per GBP,1.635411,GH¢ per GBP,ok,
2005-08-25,JPYGHS,Japanese yen,Buying,81.8300,GH¢ per JPY,0.008183,GH¢ per JPY,ok,
2005-08-25,JPYGHS,Japanese yen,Selling,82.9800,GH¢ per JPY,0.008298,GH¢ per JPY,ok,
2005-08-25,JPYGHS,Japanese yen,Mid Rate,82.4050,GH¢ per JPY,0.0082405,GH¢ per JPY,ok,
2005-08-25,NOKGHS,Norwegian Krone,Buying,"1,394.4700",GH¢ per NOK,0.139447,GH¢ per NOK,ok,
2005-08-25,NOKGHS,Norwegian Krone,Selling,"1,414.2500",GH¢ per NOK,0.141425,GH¢ per NOK,ok,
2005-08-25,NOKGHS,Norwegian Krone,Mid Rate,"1,404.3600",GH¢ per NOK,0.140436,GH¢ per NOK,ok,
2005-08-25,NZDGHS,New Zealand Dollar,Buying,"6,290.9000",GH¢ per NZD,0.62909,GH¢ per NZD,ok,
2005-08-25,NZDGHS,New Zealand Dollar,Selling,"6,388.4800",GH¢ per NZD,0.638848,GH¢ per NZD,ok,
2005-08-25,NZDGHS,New Zealand Dollar,Mid Rate,"6,339.6900",GH¢ per NZD,0.633969,GH¢ per NZD,ok,
2005-08-25,SEKGHS,Swedish Krona,Buying,"1,186.2900",GH¢ per SEK,0.118629,GH¢ per SEK,ok,
2005-08-25,SEKGHS,Swedish Krona,Selling,"1,202.6900",GH¢ per SEK,0.120269,GH¢ per SEK,ok,
2005-08-25,SEKGHS,Swedish Krona,Mid Rate,"1,194.4900",GH¢ per SEK,0.119449,GH¢ per SEK,ok,
2005-08-26,USDGHS,US Dollar,Buying,"8,991.8200",GH¢ per USD,0.899182,GH¢ per USD,ok,
2005-08-26,USDGHS,US Dollar,Selling,"9,123.6400",GH¢ per USD,0.912364,GH¢ per USD,ok,
2005-08-26,USDGHS,US Dollar,Mid Rate,"9,057.7300",GH¢ per USD,0.905773,GH¢ per USD,ok,
2005-08-26,AUDGHS,Australian Dollar,Selling,"6,934.4600",GH¢ per AUD,0.693446,GH¢ per AUD,ok,
2005-08-26,AUDGHS,Australian Dollar,Mid Rate,"3,467.2300",GH¢ per AUD,0.346723,GH¢ per AUD,ok,
2005-08-26,CADGHS,Canadian Dollar,Buying,"7,552.8800",GH¢ per CAD,0.755288,GH¢ per CAD,ok,
2005-08-26,CADGHS,Canadian Dollar,Selling,"7,660.6000",GH¢ per CAD,0.76606,GH¢ per CAD,ok,
2005-08-26,CADGHS,Canadian Dollar,Mid Rate,"7,606.7400",GH¢ per CAD,0.760674,GH¢ per CAD,ok,
2005-08-26,CHFGHS,Swiss Franc,Buying,"7,171.5500",GH¢ per CHF,0.717155,GH¢ per CHF,ok,
2005-08-26,CHFGHS,Swiss Franc,Selling,"7,275.9700",GH¢ per CHF,0.727597,GH¢ per CHF,ok,
2005-08-26,CHFGHS,Swiss Franc,Mid Rate,"7,223.7600",GH¢ per CHF,0.722376,GH¢ per CHF,ok,
2005-08-26,DKKGHS,Danish Krone,Buying,"1,487.2400",GH¢ per DKK,0.148724,GH¢ per DKK,ok,
2005-08-26,DKKGHS,Danish Krone,Selling,"1,508.1100",GH¢ per DKK,0.150811,GH¢ per DKK,ok,
2005-08-26,DKKGHS,Danish Krone,Mid Rate,"1,497.6750",GH¢ per DKK,0.1497675,GH¢ per DKK,ok,
2005-08-26,GBPGHS,Pound Sterling,Buying,"16,250.0200",GH¢ per GBP,1.625002,GH¢ per GBP,ok,
2005-08-26,GBPGHS,Pound Sterling,Selling,"16,490.9800",GH¢ per GBP,1.649098,GH¢ per GBP,ok,
2005-08-26,GBPGHS,Pound Sterling,Mid Rate,"16,370.5000",GH¢ per GBP,1.63705,GH¢ per GBP,ok,
2005-08-26,JPYGHS,Japanese yen,Buying,82.0700,GH¢ per JPY,0.008207,GH¢ per JPY,ok,
2005-08-26,JPYGHS,Japanese yen,Selling,83.2400,GH¢ per JPY,0.008324,GH¢ per JPY,ok,
2005-08-26,JPYGHS,Japanese yen,Mid Rate,82.6550,GH¢ per JPY,0.0082655,GH¢ per JPY,ok,
2005-08-26,NOKGHS,Norwegian Krone,Buying,"1,397.7900",GH¢ per NOK,0.139779,GH¢ per NOK,ok,
2005-08-26,NOKGHS,Norwegian Krone,Selling,"1,416.8700",GH¢ per NOK,0.141687,GH¢ per NOK,ok,
2005-08-26,NOKGHS,Norwegian Krone,Mid Rate,"1,407.3300",GH¢ per NOK,0.140733,GH¢ per NOK,ok,
2005-08-26,NZDGHS,New Zealand Dollar,Buying,"6,297.0100",GH¢ per NZD,0.629701,GH¢ per NZD,ok,
2005-08-26,NZDGHS,New Zealand Dollar,Selling,"6,382.0100",GH¢ per NZD,0.638201,GH¢ per NZD,ok,
2005-08-26,NZDGHS,New Zealand Dollar,Mid Rate,"6,339.5100",GH¢ per NZD,0.633951,GH¢ per NZD,ok,
2005-08-26,SEKGHS,Swedish Krona,Buying,"1,187.6100",GH¢ per SEK,0.118761,GH¢ per SEK,ok,
2005-08-26,SEKGHS,Swedish Krona,Selling,"1,204.6100",GH¢ per SEK,0.120461,GH¢ per SEK,ok,
2005-08-26,SEKGHS,Swedish Krona,Mid Rate,"1,196.1100",GH¢ per SEK,0.119611,GH¢ per SEK,ok,
2005-08-29,USDGHS,US Dollar,Buying,"8,991.8200",GH¢ per USD,0.899182,GH¢ per USD,ok,
2005-08-29,USDGHS,US Dollar,Selling,"9,123.6400",GH¢ per USD,0.912364,GH¢ per USD,ok,
2005-08-29,USDGHS,US Dollar,Mid Rate,"9,057.7300",GH¢ per USD,0.905773,GH¢ per USD,ok,
2005-08-29,AUDGHS,Australian Dollar,Selling,"6,892.4500",GH¢ per AUD,0.689245,GH¢ per AUD,ok,
2005-08-29,AUDGHS,Australian Dollar,Mid Rate,"3,446.2250",GH¢ per AUD,0.3446225,GH¢ per AUD,ok,
2005-08-29,CADGHS,Canadian Dollar,Buying,"7,538.2000",GH¢ per CAD,0.75382,GH¢ per CAD,ok,
2005-08-29,CADGHS,Canadian Dollar,Selling,"7,645.0100",GH¢ per CAD,0.764501,GH¢ per CAD,ok,
2005-08-29,CADGHS,Canadian Dollar,Mid Rate,"7,591.6050",GH¢ per CAD,0.7591605,GH¢ per CAD,ok,
2005-08-29,CHFGHS,Swiss Franc,Buying,"7,170.3500",GH¢ per CHF,0.717035,GH¢ per CHF,ok,
2005-08-29,CHFGHS,Swiss Franc,Selling,"7,272.5000",GH¢ per CHF,0.72725,GH¢ per CHF,ok,
2005-08-29,CHFGHS,Swiss Franc,Mid Rate,"7,221.4250",GH¢ per CHF,0.7221425,GH¢ per CHF,ok,
2005-08-29,DKKGHS,Danish Krone,Buying,"1,485.1600",GH¢ per DKK,0.148516,GH¢ per DKK,ok,
2005-08-29,DKKGHS,Danish Krone,Selling,"1,506.1800",GH¢ per DKK,0.150618,GH¢ per DKK,ok,
2005-08-29,DKKGHS,Danish Krone,Mid Rate,"1,495.6700",GH¢ per DKK,0.149567,GH¢ per DKK,ok,
2005-08-29,GBPGHS,Pound Sterling,Buying,"16,236.5300",GH¢ per GBP,1.623653,GH¢ per GBP,ok,
2005-08-29,GBPGHS,Pound Sterling,Selling,"16,477.2900",GH¢ per GBP,1.647729,GH¢ per GBP,ok,
2005-08-29,GBPGHS,Pound Sterling,Mid Rate,"16,356.9100",GH¢ per GBP,1.635691,GH¢ per GBP,ok,
2005-08-29,NOKGHS,Norwegian Krone,Buying,"1,401.1500",GH¢ per NOK,0.140115,GH¢ per NOK,ok,
2005-08-29,NOKGHS,Norwegian Krone,Selling,"1,420.2000",GH¢ per NOK,0.14202,GH¢ per NOK,ok,
2005-08-29,NOKGHS,Norwegian Krone,Mid Rate,"1,410.6750",GH¢ per NOK,0.1410675,GH¢ per NOK,ok,
2005-08-29,NZDGHS,New Zealand Dollar,Buying,"6,255.9300",GH¢ per NZD,0.625593,GH¢ per NZD,ok,
2005-08-29,NZDGHS,New Zealand Dollar,Selling,"6,358.5900",GH¢ per NZD,0.635859,GH¢ per NZD,ok,
2005-08-29,NZDGHS,New Zealand Dollar,Mid Rate,"6,307.2600",GH¢ per NZD,0.630726,GH¢ per NZD,ok,
2005-08-29,SEKGHS,Swedish Krona,Buying,"1,188.4400",GH¢ per SEK,0.118844,GH¢ per SEK,ok,
2005-08-29,SEKGHS,Swedish Krona,Selling,"1,204.0700",GH¢ per SEK,0.120407,GH¢ per SEK,ok,
2005-08-29,SEKGHS,Swedish Krona,Mid Rate,"1,196.2550",GH¢ per SEK,0.1196255,GH¢ per SEK,ok,
2005-08-30,USDGHS,US Dollar,Buying,"8,991.8200",GH¢ per USD,0.899182,GH¢ per USD,ok,
2005-08-30,USDGHS,US Dollar,Selling,"9,123.6400",GH¢ per USD,0.912364,GH¢ per USD,ok,
2005-08-30,USDGHS,US Dollar,Mid Rate,"9,057.7300",GH¢ per USD,0.905773,GH¢ per USD,ok,
2005-08-30,AUDGHS,Australian Dollar,Selling,"6,839.1300",GH¢ per AUD,0.683913,GH¢ per AUD,ok,
2005-08-30,AUDGHS,Australian Dollar,Mid Rate,"3,419.5650",GH¢ per AUD,0.3419565,GH¢ per AUD,ok,
2005-08-30,CADGHS,Canadian Dollar,Buying,"7,508.9700",GH¢ per CAD,0.750897,GH¢ per CAD,ok,
2005-08-30,CADGHS,Canadian Dollar,Selling,"7,617.2800",GH¢ per CAD,0.761728,GH¢ per CAD,ok,
2005-08-30,CADGHS,Canadian Dollar,Mid Rate,"7,563.1250",GH¢ per CAD,0.7563125,GH¢ per CAD,ok,
2005-08-30,CHFGHS,Swiss Franc,Buying,"7,090.7600",GH¢ per CHF,0.709076,GH¢ per CHF,ok,
2005-08-30,CHFGHS,Swiss Franc,Selling,"7,193.8700",GH¢ per CHF,0.719387,GH¢ per CHF,ok,
2005-08-30,CHFGHS,Swiss Franc,Mid Rate,"7,142.3150",GH¢ per CHF,0.7142315,GH¢ per CHF,ok,
2005-08-30,DKKGHS,Danish Krone,Buying,"1,472.9600",GH¢ per DKK,0.147296,GH¢ per DKK,ok,
2005-08-30,DKKGHS,Danish Krone,Selling,"1,494.4400",GH¢ per DKK,0.149444,GH¢ per DKK,ok,
2005-08-30,DKKGHS,Danish Krone,Mid Rate,"1,483.7000",GH¢ per DKK,0.14837,GH¢ per DKK,ok,
2005-08-30,GBPGHS,Pound Sterling,Buying,"16,105.2500",GH¢ per GBP,1.610525,GH¢ per GBP,ok,
2005-08-30,GBPGHS,Pound Sterling,Selling,"16,345.9100",GH¢ per GBP,1.634591,GH¢ per GBP,ok,
2005-08-30,GBPGHS,Pound Sterling,Mid Rate,"16,225.5800",GH¢ per GBP,1.622558,GH¢ per GBP,ok,
2005-08-30,JPYGHS,Japanese yen,Buying,80.8800,GH¢ per JPY,0.008088,GH¢ per JPY,ok,
2005-08-30,JPYGHS,Japanese yen,Selling,82.0400,GH¢ per JPY,0.008204,GH¢ per JPY,ok,
2005-08-30,JPYGHS,Japanese yen,Mid Rate,81.4600,GH¢ per JPY,0.008146,GH¢ per JPY,ok,
2005-08-30,NOKGHS,Norwegian Krone,Buying,"1,387.3900",GH¢ per NOK,0.138739,GH¢ per NOK,ok,
2005-08-30,NOKGHS,Norwegian Krone,Selling,"1,407.2100",GH¢ per NOK,0.140721,GH¢ per NOK,ok,
2005-08-30,NOKGHS,Norwegian Krone,Mid Rate,"1,397.3000",GH¢ per NOK,0.13973,GH¢ per NOK,ok,
2005-08-30,NZDGHS,New Zealand Dollar,Buying,"6,205.3500",GH¢ per NZD,0.620535,GH¢ per NZD,ok,
2005-08-30,NZDGHS,New Zealand Dollar,Selling,"6,304.6200",GH¢ per NZD,0.630462,GH¢ per NZD,ok,
2005-08-30,NZDGHS,New Zealand Dollar,Mid Rate,"6,254.9850",GH¢ per NZD,0.6254985,GH¢ per NZD,ok,
2005-08-30,SEKGHS,Swedish Krona,Buying,"1,176.6100",GH¢ per SEK,0.117661,GH¢ per SEK,ok,
2005-08-30,SEKGHS,Swedish Krona,Selling,"1,193.5300",GH¢ per SEK,0.119353,GH¢ per SEK,ok,
2005-08-30,SEKGHS,Swedish Krona,Mid Rate,"1,185.0700",GH¢ per SEK,0.118507,GH¢ per SEK,ok,
2005-08-31,USDGHS,US Dollar,Buying,"8,991.8200",GH¢ per USD,0.899182,GH¢ per USD,ok,
2005-08-31,USDGHS,US Dollar,Selling,"9,123.6400",GH¢ per USD,0.912364,GH¢ per USD,ok,
2005-08-31,USDGHS,US Dollar,Mid Rate,"9,057.7300",GH¢ per USD,0.905773,GH¢ per USD,ok,
2005-08-31,AUDGHS,Australian Dollar,Selling,"6,826.4800",GH¢ per AUD,0.682648,GH¢ per AUD,ok,
2005-08-31,AUDGHS,Australian Dollar,Mid Rate,"3,413.2400",GH¢ per AUD,0.341324,GH¢ per AUD,ok,
2005-08-31,CADGHS,Canadian Dollar,Buying,"7,555.8400",GH¢ per CAD,0.755584,GH¢ per CAD,ok,
2005-08-31,CADGHS,Canadian Dollar,Selling,"7,661.1800",GH¢ per CAD,0.766118,GH¢ per CAD,ok,
2005-08-31,CADGHS,Canadian Dollar,Mid Rate,"7,608.5100",GH¢ per CAD,0.760851,GH¢ per CAD,ok,
2005-08-31,CHFGHS,Swiss Franc,Buying,"7,089.5400",GH¢ per CHF,0.708954,GH¢ per CHF,ok,
2005-08-31,CHFGHS,Swiss Franc,Selling,"7,192.6300",GH¢ per CHF,0.719263,GH¢ per CHF,ok,
2005-08-31,CHFGHS,Swiss Franc,Mid Rate,"7,141.0850",GH¢ per CHF,0.7141085,GH¢ per CHF,ok,
2005-08-31,DKKGHS,Danish Krone,Buying,"1,472.8400",GH¢ per DKK,0.147284,GH¢ per DKK,ok,
2005-08-31,DKKGHS,Danish Krone,Selling,"1,494.3400",GH¢ per DKK,0.149434,GH¢ per DKK,ok,
2005-08-31,DKKGHS,Danish Krone,Mid Rate,"1,483.5900",GH¢ per DKK,0.148359,GH¢ per DKK,ok,
2005-08-31,GBPGHS,Pound Sterling,Buying,"16,048.6000",GH¢ per GBP,1.60486,GH¢ per GBP,ok,
2005-08-31,GBPGHS,Pound Sterling,Selling,"16,288.4300",GH¢ per GBP,1.628843,GH¢ per GBP,ok,
2005-08-31,GBPGHS,Pound Sterling,Mid Rate,"16,168.5150",GH¢ per GBP,1.6168515,GH¢ per GBP,ok,
2005-08-31,JPYGHS,Japanese yen,Buying,80.7300,GH¢ per JPY,0.008073,GH¢ per JPY,ok,
2005-08-31,JPYGHS,Japanese yen,Selling,81.8800,GH¢ per JPY,0.008188,GH¢ per JPY,ok,
2005-08-31,JPYGHS,Japanese yen,Mid Rate,81.3050,GH¢ per JPY,0.0081305,GH¢ per JPY,ok,
2005-08-31,NOKGHS,Norwegian Krone,Buying,"1,389.4800",GH¢ per NOK,0.138948,GH¢ per NOK,ok,
2005-08-31,NOKGHS,Norwegian Krone,Selling,"1,409.0100",GH¢ per NOK,0.140901,GH¢ per NOK,ok,
2005-08-31,NOKGHS,Norwegian Krone,Mid Rate,"1,399.2450",GH¢ per NOK,0.1399245,GH¢ per NOK,ok,
2005-08-31,NZDGHS,New Zealand Dollar,Buying,"6,189.9500",GH¢ per NZD,0.618995,GH¢ per NZD,ok,
2005-08-31,NZDGHS,New Zealand Dollar,Selling,"6,293.8500",GH¢ per NZD,0.629385,GH¢ per NZD,ok,
2005-08-31,NZDGHS,New Zealand Dollar,Mid Rate,"6,241.9000",GH¢ per NZD,0.62419,GH¢ per NZD,ok,
2005-08-31,SEKGHS,Swedish Krona,Buying,"1,174.4900",GH¢ per SEK,0.117449,GH¢ per SEK,ok,
2005-08-31,SEKGHS,Swedish Krona,Selling,"1,191.3700",GH¢ per SEK,0.119137,GH¢ per SEK,ok,
2005-08-31,SEKGHS,Swedish Krona,Mid Rate,"1,182.9300",GH¢ per SEK,0.118293,GH¢ per SEK,ok,
2005-09-01,USDGHS,US Dollar,Buying,"8,991.8200",GH¢ per USD,0.899182,GH¢ per USD,ok,
2005-09-01,USDGHS,US Dollar,Selling,"9,123.6400",GH¢ per USD,0.912364,GH¢ per USD,ok,
2005-09-01,USDGHS,US Dollar,Mid Rate,"9,057.7300",GH¢ per USD,0.905773,GH¢ per USD,ok,
2005-09-01,AUDGHS,Australian Dollar,Selling,"6,900.2500",GH¢ per AUD,0.690025,GH¢ per AUD,ok,
2005-09-01,AUDGHS,Australian Dollar,Mid Rate,"3,450.1250",GH¢ per AUD,0.3450125,GH¢ per AUD,ok,
2005-09-01,CADGHS,Canadian Dollar,Buying,"7,566.6900",GH¢ per CAD,0.756669,GH¢ per CAD,ok,
2005-09-01,CADGHS,Canadian Dollar,Selling,"7,674.1700",GH¢ per CAD,0.767417,GH¢ per CAD,ok,
2005-09-01,CADGHS,Canadian Dollar,Mid Rate,"7,620.4300",GH¢ per CAD,0.762043,GH¢ per CAD,ok,
2005-09-01,CHFGHS,Swiss Franc,Buying,"7,176.5000",GH¢ per CHF,0.71765,GH¢ per CHF,ok,
2005-09-01,CHFGHS,Swiss Franc,Selling,"7,279.6200",GH¢ per CHF,0.727962,GH¢ per CHF,ok,
2005-09-01,CHFGHS,Swiss Franc,Mid Rate,"7,228.0600",GH¢ per CHF,0.722806,GH¢ per CHF,ok,
2005-09-01,DKKGHS,Danish Krone,Buying,"1,488.7200",GH¢ per DKK,0.148872,GH¢ per DKK,ok,
2005-09-01,DKKGHS,Danish Krone,Selling,"1,510.2100",GH¢ per DKK,0.151021,GH¢ per DKK,ok,
2005-09-01,DKKGHS,Danish Krone,Mid Rate,"1,499.4650",GH¢ per DKK,0.1499465,GH¢ per DKK,ok,
2005-09-01,GBPGHS,Pound Sterling,Buying,"16,213.1500",GH¢ per GBP,1.621315,GH¢ per GBP,ok,
2005-09-01,GBPGHS,Pound Sterling,Selling,"16,452.6600",GH¢ per GBP,1.645266,GH¢ per GBP,ok,
2005-09-01,GBPGHS,Pound Sterling,Mid Rate,"16,332.9050",GH¢ per GBP,1.6332905,GH¢ per GBP,ok,
2005-09-01,JPYGHS,Japanese yen,Buying,81.1900,GH¢ per JPY,0.008119,GH¢ per JPY,ok,
2005-09-01,JPYGHS,Japanese yen,Selling,82.3400,GH¢ per JPY,0.008234,GH¢ per JPY,ok,
2005-09-01,JPYGHS,Japanese yen,Mid Rate,81.7650,GH¢ per JPY,0.0081765,GH¢ per JPY,ok,
2005-09-01,NOKGHS,Norwegian Krone,Buying,"1,413.3000",GH¢ per NOK,0.14133,GH¢ per NOK,ok,
2005-09-01,NOKGHS,Norwegian Krone,Selling,"1,433.2700",GH¢ per NOK,0.143327,GH¢ per NOK,ok,
2005-09-01,NOKGHS,Norwegian Krone,Mid Rate,"1,423.2850",GH¢ per NOK,0.1423285,GH¢ per NOK,ok,
2005-09-01,NZDGHS,New Zealand Dollar,Buying,"6,255.0300",GH¢ per NZD,0.625503,GH¢ per NZD,ok,
2005-09-01,NZDGHS,New Zealand Dollar,Selling,"6,357.3100",GH¢ per NZD,0.635731,GH¢ per NZD,ok,
2005-09-01,NZDGHS,New Zealand Dollar,Mid Rate,"6,306.1700",GH¢ per NZD,0.630617,GH¢ per NZD,ok,
2005-09-01,SEKGHS,Swedish Krona,Buying,"1,189.3600",GH¢ per SEK,0.118936,GH¢ per SEK,ok,
2005-09-01,SEKGHS,Swedish Krona,Selling,"1,206.4200",GH¢ per SEK,0.120642,GH¢ per SEK,ok,
2005-09-01,SEKGHS,Swedish Krona,Mid Rate,"1,197.8900",GH¢ per SEK,0.119789,GH¢ per SEK,ok,
2005-09-02,USDGHS,US Dollar,Buying,"8,991.8200",GH¢ per USD,0.899182,GH¢ per USD,ok,
2005-09-02,USDGHS,US Dollar,Selling,"9,123.6400",GH¢ per USD,0.912364,GH¢ per USD,ok,
2005-09-02,USDGHS,US Dollar,Mid Rate,"9,057.7300",GH¢ per USD,0.905773,GH¢ per USD,ok,
2005-09-02,AUDGHS,Australian Dollar,Selling,"6,986.6700",GH¢ per AUD,0.698667,GH¢ per AUD,ok,
2005-09-02,AUDGHS,Australian Dollar,Mid Rate,"3,493.3350",GH¢ per AUD,0.3493335,GH¢ per AUD,ok,
2005-09-02,CADGHS,Canadian Dollar,Buying,"7,599.3700",GH¢ per CAD,0.759937,GH¢ per CAD,ok,
2005-09-02,CADGHS,Canadian Dollar,Selling,"7,708.9700",GH¢ per CAD,0.770897,GH¢ per CAD,ok,
2005-09-02,CADGHS,Canadian Dollar,Mid Rate,"7,654.1700",GH¢ per CAD,0.765417,GH¢ per CAD,ok,
2005-09-02,CHFGHS,Swiss Franc,Buying,"7,321.3100",GH¢ per CHF,0.732131,GH¢ per CHF,ok,
2005-09-02,CHFGHS,Swiss Franc,Selling,"7,427.7000",GH¢ per CHF,0.74277,GH¢ per CHF,ok,
2005-09-02,CHFGHS,Swiss Franc,Mid Rate,"7,374.5050",GH¢ per CHF,0.7374505,GH¢ per CHF,ok,
2005-09-02,DKKGHS,Danish Krone,Buying,"1,512.7400",GH¢ per DKK,0.151274,GH¢ per DKK,ok,
2005-09-02,DKKGHS,Danish Krone,Selling,"1,534.7400",GH¢ per DKK,0.153474,GH¢ per DKK,ok,
2005-09-02,DKKGHS,Danish Krone,Mid Rate,"1,523.7400",GH¢ per DKK,0.152374,GH¢ per DKK,ok,
2005-09-02,GBPGHS,Pound Sterling,Buying,"16,527.8600",GH¢ per GBP,1.652786,GH¢ per GBP,ok,
2005-09-02,GBPGHS,Pound Sterling,Selling,"16,774.7200",GH¢ per GBP,1.677472,GH¢ per GBP,ok,
2005-09-02,GBPGHS,Pound Sterling,Mid Rate,"16,651.2900",GH¢ per GBP,1.665129,GH¢ per GBP,ok,
2005-09-02,JPYGHS,Japanese yen,Buying,82.1000,GH¢ per JPY,0.00821,GH¢ per JPY,ok,
2005-09-02,JPYGHS,Japanese yen,Selling,83.2700,GH¢ per JPY,0.008327,GH¢ per JPY,ok,
2005-09-02,JPYGHS,Japanese yen,Mid Rate,82.6850,GH¢ per JPY,0.0082685,GH¢ per JPY,ok,
2005-09-02,NOKGHS,Norwegian Krone,Buying,"1,448.4900",GH¢ per NOK,0.144849,GH¢ per NOK,ok,
2005-09-02,NOKGHS,Norwegian Krone,Selling,"1,469.1700",GH¢ per NOK,0.146917,GH¢ per NOK,ok,
2005-09-02,NOKGHS,Norwegian Krone,Mid Rate,"1,458.8300",GH¢ per NOK,0.145883,GH¢ per NOK,ok,
2005-09-02,NZDGHS,New Zealand Dollar,Buying,"6,358.2700",GH¢ per NZD,0.635827,GH¢ per NZD,ok,
2005-09-02,NZDGHS,New Zealand Dollar,Selling,"6,459.9500",GH¢ per NZD,0.645995,GH¢ per NZD,ok,
2005-09-02,NZDGHS,New Zealand Dollar,Mid Rate,"6,409.1100",GH¢ per NZD,0.640911,GH¢ per NZD,ok,
2005-09-02,SEKGHS,Swedish Krona,Buying,"1,213.5700",GH¢ per SEK,0.121357,GH¢ per SEK,ok,
2005-09-02,SEKGHS,Swedish Krona,Selling,"1,231.1500",GH¢ per SEK,0.123115,GH¢ per SEK,ok,
2005-09-02,SEKGHS,Swedish Krona,Mid Rate,"1,222.3600",GH¢ per SEK,0.122236,GH¢ per SEK,ok,
2005-09-05,USDGHS,US Dollar,Buying,"8,991.8200",GH¢ per USD,0.899182,GH¢ per USD,ok,
2005-09-05,USDGHS,US Dollar,Selling,"9,123.6400",GH¢ per USD,0.912364,GH¢ per USD,ok,
2005-09-05,USDGHS,US Dollar,Mid Rate,"9,057.7300",GH¢ per USD,0.905773,GH¢ per USD,ok,
2005-09-05,AUDGHS,Australian Dollar,Selling,"7,004.1800",GH¢ per AUD,0.700418,GH¢ per AUD,ok,
2005-09-05,AUDGHS,Australian Dollar,Mid Rate,"3,502.0900",GH¢ per AUD,0.350209,GH¢ per AUD,ok,
2005-09-05,CADGHS,Canadian Dollar,Buying,"7,583.4500",GH¢ per CAD,0.758345,GH¢ per CAD,ok,
2005-09-05,CADGHS,Canadian Dollar,Selling,"7,691.6600",GH¢ per CAD,0.769166,GH¢ per CAD,ok,
2005-09-05,CADGHS,Canadian Dollar,Mid Rate,"7,637.5550",GH¢ per CAD,0.7637555,GH¢ per CAD,ok,
2005-09-05,CHFGHS,Swiss Franc,Buying,"7,314.2400",GH¢ per CHF,0.731424,GH¢ per CHF,ok,
2005-09-05,CHFGHS,Swiss Franc,Selling,"7,420.0600",GH¢ per CHF,0.742006,GH¢ per CHF,ok,
2005-09-05,CHFGHS,Swiss Franc,Mid Rate,"7,367.1500",GH¢ per CHF,0.736715,GH¢ per CHF,ok,
2005-09-05,DKKGHS,Danish Krone,Buying,"1,512.4600",GH¢ per DKK,0.151246,GH¢ per DKK,ok,
2005-09-05,DKKGHS,Danish Krone,Selling,"1,534.0300",GH¢ per DKK,0.153403,GH¢ per DKK,ok,
2005-09-05,DKKGHS,Danish Krone,Mid Rate,"1,523.2450",GH¢ per DKK,0.1523245,GH¢ per DKK,ok,
2005-09-05,GBPGHS,Pound Sterling,Buying,"16,606.9900",GH¢ per GBP,1.660699,GH¢ per GBP,ok,
2005-09-05,GBPGHS,Pound Sterling,Selling,"16,853.1900",GH¢ per GBP,1.685319,GH¢ per GBP,ok,
2005-09-05,GBPGHS,Pound Sterling,Mid Rate,"16,730.0900",GH¢ per GBP,1.673009,GH¢ per GBP,ok,
2005-09-05,JPYGHS,Japanese yen,Buying,82.3700,GH¢ per JPY,0.008237,GH¢ per JPY,ok,
2005-09-05,JPYGHS,Japanese yen,Selling,83.5400,GH¢ per JPY,0.008354,GH¢ per JPY,ok,
2005-09-05,JPYGHS,Japanese yen,Mid Rate,82.9550,GH¢ per JPY,0.0082955,GH¢ per JPY,ok,
2005-09-05,NOKGHS,Norwegian Krone,Buying,"1,444.8900",GH¢ per NOK,0.144489,GH¢ per NOK,ok,
2005-09-05,NOKGHS,Norwegian Krone,Selling,"1,465.5300",GH¢ per NOK,0.146553,GH¢ per NOK,ok,
2005-09-05,NOKGHS,Norwegian Krone,Mid Rate,"1,455.2100",GH¢ per NOK,0.145521,GH¢ per NOK,ok,
2005-09-05,NZDGHS,New Zealand Dollar,Buying,"6,358.8200",GH¢ per NZD,0.635882,GH¢ per NZD,ok,
2005-09-05,NZDGHS,New Zealand Dollar,Selling,"6,463.2000",GH¢ per NZD,0.64632,GH¢ per NZD,ok,
2005-09-05,NZDGHS,New Zealand Dollar,Mid Rate,"6,411.0100",GH¢ per NZD,0.641101,GH¢ per NZD,ok,
2005-09-05,SEKGHS,Swedish Krona,Buying,"1,214.6200",GH¢ per SEK,0.121462,GH¢ per SEK,ok,
2005-09-05,SEKGHS,Swedish Krona,Selling,"1,231.7600",GH¢ per SEK,0.123176,GH¢ per SEK,ok,
2005-09-05,SEKGHS,Swedish Krona,Mid Rate,"1,223.1900",GH¢ per SEK,0.122319,GH¢ per SEK,ok,
2005-09-06,USDGHS,US Dollar,Buying,"8,991.8200",GH¢ per USD,0.899182,GH¢ per USD,ok,
2005-09-06,USDGHS,US Dollar,Selling,"9,123.6400",GH¢ per USD,0.912364,GH¢ per USD,ok,
2005-09-06,USDGHS,US Dollar,Mid Rate,"9,057.7300",GH¢ per USD,0.905773,GH¢ per USD,ok,
2005-09-06,AUDGHS,Australian Dollar,Selling,"6,994.7500",GH¢ per AUD,0.699475,GH¢ per AUD,ok,
2005-09-06,AUDGHS,Australian Dollar,Mid Rate,"3,497.3750",GH¢ per AUD,0.3497375,GH¢ per AUD,ok,
2005-09-06,CADGHS,Canadian Dollar,Buying,"7,547.1500",GH¢ per CAD,0.754715,GH¢ per CAD,ok,
2005-09-06,CADGHS,Canadian Dollar,Selling,"7,654.6400",GH¢ per CAD,0.765464,GH¢ per CAD,ok,
2005-09-06,CADGHS,Canadian Dollar,Mid Rate,"7,600.8950",GH¢ per CAD,0.7600895,GH¢ per CAD,ok,
2005-09-06,CHFGHS,Swiss Franc,Buying,"7,261.1400",GH¢ per CHF,0.726114,GH¢ per CHF,ok,
2005-09-06,CHFGHS,Swiss Franc,Selling,"7,366.0300",GH¢ per CHF,0.736603,GH¢ per CHF,ok,
2005-09-06,CHFGHS,Swiss Franc,Mid Rate,"7,313.5850",GH¢ per CHF,0.7313585,GH¢ per CHF,ok,
2005-09-06,DKKGHS,Danish Krone,Buying,"1,503.2300",GH¢ per DKK,0.150323,GH¢ per DKK,ok,
2005-09-06,DKKGHS,Danish Krone,Selling,"1,524.7700",GH¢ per DKK,0.152477,GH¢ per DKK,ok,
2005-09-06,DKKGHS,Danish Krone,Mid Rate,"1,514.0000",GH¢ per DKK,0.1514,GH¢ per DKK,ok,
2005-09-06,GBPGHS,Pound Sterling,Buying,"16,535.0600",GH¢ per GBP,1.653506,GH¢ per GBP,ok,
2005-09-06,GBPGHS,Pound Sterling,Selling,"16,782.0200",GH¢ per GBP,1.678202,GH¢ per GBP,ok,
2005-09-06,GBPGHS,Pound Sterling,Mid Rate,"16,658.5400",GH¢ per GBP,1.665854,GH¢ per GBP,ok,
2005-09-06,JPYGHS,Japanese yen,Buying,82.0100,GH¢ per JPY,0.008201,GH¢ per JPY,ok,
2005-09-06,JPYGHS,Japanese yen,Selling,83.1800,GH¢ per JPY,0.008318,GH¢ per JPY,ok,
2005-09-06,JPYGHS,Japanese yen,Mid Rate,82.5950,GH¢ per JPY,0.0082595,GH¢ per JPY,ok,
2005-09-06,NOKGHS,Norwegian Krone,Buying,"1,430.2900",GH¢ per NOK,0.143029,GH¢ per NOK,ok,
2005-09-06,NOKGHS,Norwegian Krone,Selling,"1,449.5800",GH¢ per NOK,0.144958,GH¢ per NOK,ok,
2005-09-06,NOKGHS,Norwegian Krone,Mid Rate,"1,439.9350",GH¢ per NOK,0.1439935,GH¢ per NOK,ok,
2005-09-06,NZDGHS,New Zealand Dollar,Buying,"6,362.6900",GH¢ per NZD,0.636269,GH¢ per NZD,ok,
2005-09-06,NZDGHS,New Zealand Dollar,Selling,"6,462.7600",GH¢ per NZD,0.646276,GH¢ per NZD,ok,
2005-09-06,NZDGHS,New Zealand Dollar,Mid Rate,"6,412.7250",GH¢ per NZD,0.6412725,GH¢ per NZD,ok,
2005-09-06,SEKGHS,Swedish Krona,Buying,"1,202.8600",GH¢ per SEK,0.120286,GH¢ per SEK,ok,
2005-09-06,SEKGHS,Swedish Krona,Selling,"1,219.5300",GH¢ per SEK,0.121953,GH¢ per SEK,ok,
2005-09-06,SEKGHS,Swedish Krona,Mid Rate,"1,211.1950",GH¢ per SEK,0.1211195,GH¢ per SEK,ok,
2005-09-07,USDGHS,US Dollar,Buying,"8,991.9100",GH¢ per USD,0.899191,GH¢ per USD,ok,
2005-09-07,USDGHS,US Dollar,Selling,"9,123.6400",GH¢ per USD,0.912364,GH¢ per USD,ok,
2005-09-07,USDGHS,US Dollar,Mid Rate,"9,057.7750",GH¢ per USD,0.9057775,GH¢ per USD,ok,
2005-09-07,AUDGHS,Australian Dollar,Selling,"7,029.0600",GH¢ per AUD,0.702906,GH¢ per AUD,ok,
2005-09-07,AUDGHS,Australian Dollar,Mid Rate,"3,514.5300",GH¢ per AUD,0.351453,GH¢ per AUD,ok,
2005-09-07,CADGHS,Canadian Dollar,Buying,"7,576.2700",GH¢ per CAD,0.757627,GH¢ per CAD,ok,
2005-09-07,CADGHS,Canadian Dollar,Selling,"7,684.2900",GH¢ per CAD,0.768429,GH¢ per CAD,ok,
2005-09-07,CADGHS,Canadian Dollar,Mid Rate,"7,630.2800",GH¢ per CAD,0.763028,GH¢ per CAD,ok,
2005-09-07,DKKGHS,Danish Krone,Buying,"1,509.6100",GH¢ per DKK,0.150961,GH¢ per DKK,ok,
2005-09-07,DKKGHS,Danish Krone,Selling,"1,531.4600",GH¢ per DKK,0.153146,GH¢ per DKK,ok,
2005-09-07,DKKGHS,Danish Krone,Mid Rate,"1,520.5350",GH¢ per DKK,0.1520535,GH¢ per DKK,ok,
2005-09-07,GBPGHS,Pound Sterling,Buying,"16,578.3800",GH¢ per GBP,1.657838,GH¢ per GBP,ok,
2005-09-07,GBPGHS,Pound Sterling,Selling,"16,823.9900",GH¢ per GBP,1.682399,GH¢ per GBP,ok,
2005-09-07,GBPGHS,Pound Sterling,Mid Rate,"16,701.1850",GH¢ per GBP,1.6701185,GH¢ per GBP,ok,
2005-09-07,JPYGHS,Japanese yen,Buying,82.0100,GH¢ per JPY,0.008201,GH¢ per JPY,ok,
2005-09-07,JPYGHS,Japanese yen,Selling,83.1700,GH¢ per JPY,0.008317,GH¢ per JPY,ok,
2005-09-07,JPYGHS,Japanese yen,Mid Rate,82.5900,GH¢ per JPY,0.008259,GH¢ per JPY,ok,
2005-09-07,NOKGHS,Norwegian Krone,Buying,"1,442.7900",GH¢ per NOK,0.144279,GH¢ per NOK,ok,
2005-09-07,NOKGHS,Norwegian Krone,Selling,"1,462.6800",GH¢ per NOK,0.146268,GH¢ per NOK,ok,
2005-09-07,NOKGHS,Norwegian Krone,Mid Rate,"1,452.7350",GH¢ per NOK,0.1452735,GH¢ per NOK,ok,
2005-09-07,NZDGHS,New Zealand Dollar,Buying,"6,372.7300",GH¢ per NZD,0.637273,GH¢ per NZD,ok,
2005-09-07,NZDGHS,New Zealand Dollar,Selling,"6,472.1900",GH¢ per NZD,0.647219,GH¢ per NZD,ok,
2005-09-07,NZDGHS,New Zealand Dollar,Mid Rate,"6,422.4600",GH¢ per NZD,0.642246,GH¢ per NZD,ok,
2005-09-07,SEKGHS,Swedish Krona,Buying,"1,209.0400",GH¢ per SEK,0.120904,GH¢ per SEK,ok,
2005-09-07,SEKGHS,Swedish Krona,Selling,"1,226.3100",GH¢ per SEK,0.122631,GH¢ per SEK,ok,
2005-09-07,SEKGHS,Swedish Krona,Mid Rate,"1,217.6750",GH¢ per SEK,0.1217675,GH¢ per SEK,ok,
2005-09-08,USDGHS,US Dollar,Buying,"8,991.9100",GH¢ per USD,0.899191,GH¢ per USD,warn,FX2_spread
2005-09-08,USDGHS,US Dollar,Selling,"8,123.6400",GH¢ per USD,,GH¢ per USD,held,FX1_outlier;FX2_spread
2005-09-08,USDGHS,US Dollar,Mid Rate,"8,557.7750",GH¢ per USD,0.8557775,GH¢ per USD,ok,
2005-09-08,AUDGHS,Australian Dollar,Selling,"7,026.3200",GH¢ per AUD,0.702632,GH¢ per AUD,ok,
2005-09-08,AUDGHS,Australian Dollar,Mid Rate,"3,513.1600",GH¢ per AUD,0.351316,GH¢ per AUD,ok,
2005-09-08,CADGHS,Canadian Dollar,Buying,"7,592.5500",GH¢ per CAD,0.759255,GH¢ per CAD,ok,
2005-09-08,CADGHS,Canadian Dollar,Selling,"7,700.7900",GH¢ per CAD,0.770079,GH¢ per CAD,ok,
2005-09-08,CADGHS,Canadian Dollar,Mid Rate,"7,646.6700",GH¢ per CAD,0.764667,GH¢ per CAD,ok,
2005-09-08,CHFGHS,Swiss Franc,Buying,"7,249.1500",GH¢ per CHF,0.724915,GH¢ per CHF,ok,
2005-09-08,CHFGHS,Swiss Franc,Selling,"7,353.3200",GH¢ per CHF,0.735332,GH¢ per CHF,ok,
2005-09-08,CHFGHS,Swiss Franc,Mid Rate,"7,301.2350",GH¢ per CHF,0.7301235,GH¢ per CHF,ok,
2005-09-08,DKKGHS,Danish Krone,Buying,"1,499.7100",GH¢ per DKK,0.149971,GH¢ per DKK,ok,
2005-09-08,DKKGHS,Danish Krone,Selling,"1,521.3400",GH¢ per DKK,0.152134,GH¢ per DKK,ok,
2005-09-08,DKKGHS,Danish Krone,Mid Rate,"1,510.5250",GH¢ per DKK,0.1510525,GH¢ per DKK,ok,
2005-09-08,GBPGHS,Pound Sterling,Buying,"16,524.4300",GH¢ per GBP,1.652443,GH¢ per GBP,ok,
2005-09-08,GBPGHS,Pound Sterling,Selling,"16,769.2500",GH¢ per GBP,1.676925,GH¢ per GBP,ok,
2005-09-08,GBPGHS,Pound Sterling,Mid Rate,"16,646.8400",GH¢ per GBP,1.664684,GH¢ per GBP,ok,
2005-09-08,JPYGHS,Japanese yen,Buying,81.5000,GH¢ per JPY,0.00815,GH¢ per JPY,ok,
2005-09-08,JPYGHS,Japanese yen,Selling,82.6600,GH¢ per JPY,0.008266,GH¢ per JPY,ok,
2005-09-08,JPYGHS,Japanese yen,Mid Rate,82.0800,GH¢ per JPY,0.008208,GH¢ per JPY,ok,
2005-09-08,NOKGHS,Norwegian Krone,Buying,"1,440.5500",GH¢ per NOK,0.144055,GH¢ per NOK,ok,
2005-09-08,NOKGHS,Norwegian Krone,Selling,"1,460.1600",GH¢ per NOK,0.146016,GH¢ per NOK,ok,
2005-09-08,NOKGHS,Norwegian Krone,Mid Rate,"1,450.3550",GH¢ per NOK,0.1450355,GH¢ per NOK,ok,
2005-09-08,NZDGHS,New Zealand Dollar,Buying,"6,330.5100",GH¢ per NZD,0.633051,GH¢ per NZD,ok,
2005-09-08,NZDGHS,New Zealand Dollar,Selling,"6,434.3600",GH¢ per NZD,0.643436,GH¢ per NZD,ok,
2005-09-08,NZDGHS,New Zealand Dollar,Mid Rate,"6,382.4350",GH¢ per NZD,0.6382435,GH¢ per NZD,ok,
2005-09-08,SEKGHS,Swedish Krona,Buying,"1,200.4800",GH¢ per SEK,0.120048,GH¢ per SEK,ok,
2005-09-08,SEKGHS,Swedish Krona,Selling,"1,216.3100",GH¢ per SEK,0.121631,GH¢ per SEK,ok,
2005-09-08,SEKGHS,Swedish Krona,Mid Rate,"1,208.3950",GH¢ per SEK,0.1208395,GH¢ per SEK,ok,
2005-09-09,USDGHS,US Dollar,Buying,"8,990.0000",GH¢ per USD,0.899,GH¢ per USD,ok,
2005-09-09,USDGHS,US Dollar,Selling,"9,120.0000",GH¢ per USD,0.912,GH¢ per USD,ok,
2005-09-09,USDGHS,US Dollar,Mid Rate,"9,055.0000",GH¢ per USD,0.9055,GH¢ per USD,ok,
2005-09-09,AUDGHS,Australian Dollar,Selling,"7,044.2200",GH¢ per AUD,0.704422,GH¢ per AUD,ok,
2005-09-09,AUDGHS,Australian Dollar,Mid Rate,"3,522.1100",GH¢ per AUD,0.352211,GH¢ per AUD,ok,
2005-09-09,CADGHS,Canadian Dollar,Buying,"7,618.3100",GH¢ per CAD,0.761831,GH¢ per CAD,ok,
2005-09-09,CADGHS,Canadian Dollar,Selling,"7,727.7700",GH¢ per CAD,0.772777,GH¢ per CAD,ok,
2005-09-09,CADGHS,Canadian Dollar,Mid Rate,"7,673.0400",GH¢ per CAD,0.767304,GH¢ per CAD,ok,
2005-09-09,CHFGHS,Swiss Franc,Buying,"7,242.0800",GH¢ per CHF,0.724208,GH¢ per CHF,ok,
2005-09-09,CHFGHS,Swiss Franc,Selling,"7,347.3300",GH¢ per CHF,0.734733,GH¢ per CHF,ok,
2005-09-09,CHFGHS,Swiss Franc,Mid Rate,"7,294.7050",GH¢ per CHF,0.7294705,GH¢ per CHF,ok,
2005-09-09,DKKGHS,Danish Krone,Buying,"1,497.8700",GH¢ per DKK,0.149787,GH¢ per DKK,ok,
2005-09-09,DKKGHS,Danish Krone,Selling,"1,519.7900",GH¢ per DKK,0.151979,GH¢ per DKK,ok,
2005-09-09,DKKGHS,Danish Krone,Mid Rate,"1,508.8300",GH¢ per DKK,0.150883,GH¢ per DKK,ok,
2005-09-09,GBPGHS,Pound Sterling,Buying,"16,511.9300",GH¢ per GBP,1.651193,GH¢ per GBP,ok,
2005-09-09,GBPGHS,Pound Sterling,Selling,"16,759.9900",GH¢ per GBP,1.675999,GH¢ per GBP,ok,
2005-09-09,GBPGHS,Pound Sterling,Mid Rate,"16,635.9600",GH¢ per GBP,1.663596,GH¢ per GBP,ok,
2005-09-09,JPYGHS,Japanese yen,Buying,81.3300,GH¢ per JPY,0.008133,GH¢ per JPY,ok,
2005-09-09,JPYGHS,Japanese yen,Selling,82.5000,GH¢ per JPY,0.00825,GH¢ per JPY,ok,
2005-09-09,JPYGHS,Japanese yen,Mid Rate,81.9150,GH¢ per JPY,0.0081915,GH¢ per JPY,ok,
2005-09-09,NOKGHS,Norwegian Krone,Buying,"1,433.5300",GH¢ per NOK,0.143353,GH¢ per NOK,ok,
2005-09-09,NOKGHS,Norwegian Krone,Selling,"1,454.0500",GH¢ per NOK,0.145405,GH¢ per NOK,ok,
2005-09-09,NOKGHS,Norwegian Krone,Mid Rate,"1,443.7900",GH¢ per NOK,0.144379,GH¢ per NOK,ok,
2005-09-09,NZDGHS,New Zealand Dollar,Buying,"6,337.2800",GH¢ per NZD,0.633728,GH¢ per NZD,ok,
2005-09-09,NZDGHS,New Zealand Dollar,Selling,"6,439.1900",GH¢ per NZD,0.643919,GH¢ per NZD,ok,
2005-09-09,NZDGHS,New Zealand Dollar,Mid Rate,"6,388.2350",GH¢ per NZD,0.6388235,GH¢ per NZD,ok,
2005-09-09,SEKGHS,Swedish Krona,Buying,"1,196.4600",GH¢ per SEK,0.119646,GH¢ per SEK,ok,
2005-09-09,SEKGHS,Swedish Krona,Selling,"1,213.8500",GH¢ per SEK,0.121385,GH¢ per SEK,ok,
2005-09-09,SEKGHS,Swedish Krona,Mid Rate,"1,205.1550",GH¢ per SEK,0.1205155,GH¢ per SEK,ok,
2005-09-12,USDGHS,US Dollar,Buying,"8,990.0000",GH¢ per USD,0.899,GH¢ per USD,ok,
2005-09-12,USDGHS,US Dollar,Selling,"9,120.0000",GH¢ per USD,0.912,GH¢ per USD,ok,
2005-09-12,USDGHS,US Dollar,Mid Rate,"9,055.0000",GH¢ per USD,0.9055,GH¢ per USD,ok,
2005-09-12,AUDGHS,Australian Dollar,Selling,"7,036.2700",GH¢ per AUD,0.703627,GH¢ per AUD,ok,
2005-09-12,AUDGHS,Australian Dollar,Mid Rate,"3,518.1350",GH¢ per AUD,0.3518135,GH¢ per AUD,ok,
2005-09-12,CADGHS,Canadian Dollar,Buying,"7,602.4700",GH¢ per CAD,0.760247,GH¢ per CAD,ok,
2005-09-12,CADGHS,Canadian Dollar,Selling,"7,711.9600",GH¢ per CAD,0.771196,GH¢ per CAD,ok,
2005-09-12,CADGHS,Canadian Dollar,Mid Rate,"7,657.2150",GH¢ per CAD,0.7657215,GH¢ per CAD,ok,
2005-09-12,CHFGHS,Swiss Franc,Buying,"7,172.9900",GH¢ per CHF,0.717299,GH¢ per CHF,ok,
2005-09-12,CHFGHS,Swiss Franc,Selling,"7,275.7600",GH¢ per CHF,0.727576,GH¢ per CHF,ok,
2005-09-12,CHFGHS,Swiss Franc,Mid Rate,"7,224.3750",GH¢ per CHF,0.7224375,GH¢ per CHF,ok,
2005-09-12,DKKGHS,Danish Krone,Buying,"1,485.3100",GH¢ per DKK,0.148531,GH¢ per DKK,ok,
2005-09-12,DKKGHS,Danish Krone,Selling,"1,506.6500",GH¢ per DKK,0.150665,GH¢ per DKK,ok,
2005-09-12,DKKGHS,Danish Krone,Mid Rate,"1,495.9800",GH¢ per DKK,0.149598,GH¢ per DKK,ok,
2005-09-12,GBPGHS,Pound Sterling,Buying,"16,417.5400",GH¢ per GBP,1.641754,GH¢ per GBP,ok,
2005-09-12,GBPGHS,Pound Sterling,Selling,"16,657.8400",GH¢ per GBP,1.665784,GH¢ per GBP,ok,
2005-09-12,GBPGHS,Pound Sterling,Mid Rate,"16,537.6900",GH¢ per GBP,1.653769,GH¢ per GBP,ok,
2005-09-12,JPYGHS,Japanese yen,Buying,81.9000,GH¢ per JPY,0.00819,GH¢ per JPY,ok,
2005-09-12,JPYGHS,Japanese yen,Selling,83.0500,GH¢ per JPY,0.008305,GH¢ per JPY,ok,
2005-09-12,JPYGHS,Japanese yen,Mid Rate,82.4750,GH¢ per JPY,0.0082475,GH¢ per JPY,ok,
2005-09-12,NOKGHS,Norwegian Krone,Buying,"1,422.4700",GH¢ per NOK,0.142247,GH¢ per NOK,ok,
2005-09-12,NOKGHS,Norwegian Krone,Selling,"1,442.5700",GH¢ per NOK,0.144257,GH¢ per NOK,ok,
2005-09-12,NOKGHS,Norwegian Krone,Mid Rate,"1,432.5200",GH¢ per NOK,0.143252,GH¢ per NOK,ok,
2005-09-12,NZDGHS,New Zealand Dollar,Buying,"6,335.5300",GH¢ per NZD,0.633553,GH¢ per NZD,ok,
2005-09-12,NZDGHS,New Zealand Dollar,Selling,"6,439.9200",GH¢ per NZD,0.643992,GH¢ per NZD,ok,
2005-09-12,NZDGHS,New Zealand Dollar,Mid Rate,"6,387.7250",GH¢ per NZD,0.6387725,GH¢ per NZD,ok,
2005-09-12,SEKGHS,Swedish Krona,Buying,"1,190.2200",GH¢ per SEK,0.119022,GH¢ per SEK,ok,
2005-09-12,SEKGHS,Swedish Krona,Selling,"1,207.1300",GH¢ per SEK,0.120713,GH¢ per SEK,ok,
2005-09-12,SEKGHS,Swedish Krona,Mid Rate,"1,198.6750",GH¢ per SEK,0.1198675,GH¢ per SEK,ok,
2005-09-13,USDGHS,US Dollar,Buying,"8,990.0000",GH¢ per USD,0.899,GH¢ per USD,ok,
2005-09-13,USDGHS,US Dollar,Selling,"9,120.0000",GH¢ per USD,0.912,GH¢ per USD,ok,
2005-09-13,USDGHS,US Dollar,Mid Rate,"9,055.0000",GH¢ per USD,0.9055,GH¢ per USD,ok,
2005-09-13,AUDGHS,Australian Dollar,Selling,"7,029.1100",GH¢ per AUD,0.702911,GH¢ per AUD,ok,
2005-09-13,AUDGHS,Australian Dollar,Mid Rate,"3,514.5550",GH¢ per AUD,0.3514555,GH¢ per AUD,ok,
2005-09-13,CADGHS,Canadian Dollar,Buying,"7,595.6700",GH¢ per CAD,0.759567,GH¢ per CAD,ok,
2005-09-13,CADGHS,Canadian Dollar,Selling,"7,702.1300",GH¢ per CAD,0.770213,GH¢ per CAD,ok,
2005-09-13,CADGHS,Canadian Dollar,Mid Rate,"7,648.9000",GH¢ per CAD,0.76489,GH¢ per CAD,ok,
2005-09-13,CHFGHS,Swiss Franc,Buying,"7,156.0300",GH¢ per CHF,0.715603,GH¢ per CHF,ok,
2005-09-13,CHFGHS,Swiss Franc,Selling,"7,257.8500",GH¢ per CHF,0.725785,GH¢ per CHF,ok,
2005-09-13,CHFGHS,Swiss Franc,Mid Rate,"7,206.9400",GH¢ per CHF,0.720694,GH¢ per CHF,ok,
2005-09-13,DKKGHS,Danish Krone,Buying,"1,483.6900",GH¢ per DKK,0.148369,GH¢ per DKK,ok,
2005-09-13,DKKGHS,Danish Krone,Selling,"1,505.0100",GH¢ per DKK,0.150501,GH¢ per DKK,ok,
2005-09-13,DKKGHS,Danish Krone,Mid Rate,"1,494.3500",GH¢ per DKK,0.149435,GH¢ per DKK,ok,
2005-09-13,GBPGHS,Pound Sterling,Buying,"16,381.5800",GH¢ per GBP,1.638158,GH¢ per GBP,ok,
2005-09-13,GBPGHS,Pound Sterling,Selling,"16,621.2000",GH¢ per GBP,1.66212,GH¢ per GBP,ok,
2005-09-13,GBPGHS,Pound Sterling,Mid Rate,"16,501.3900",GH¢ per GBP,1.650139,GH¢ per GBP,ok,
2005-09-13,JPYGHS,Japanese yen,Buying,81.3700,GH¢ per JPY,0.008137,GH¢ per JPY,ok,
2005-09-13,JPYGHS,Japanese yen,Selling,82.5200,GH¢ per JPY,0.008252,GH¢ per JPY,ok,
2005-09-13,JPYGHS,Japanese yen,Mid Rate,81.9450,GH¢ per JPY,0.0081945,GH¢ per JPY,ok,
2005-09-13,NOKGHS,Norwegian Krone,Buying,"1,419.0400",GH¢ per NOK,0.141904,GH¢ per NOK,ok,
2005-09-13,NOKGHS,Norwegian Krone,Selling,"1,438.0900",GH¢ per NOK,0.143809,GH¢ per NOK,ok,
2005-09-13,NOKGHS,Norwegian Krone,Mid Rate,"1,428.5650",GH¢ per NOK,0.1428565,GH¢ per NOK,ok,
2005-09-13,NZDGHS,New Zealand Dollar,Buying,"6,321.6500",GH¢ per NZD,0.632165,GH¢ per NZD,ok,
2005-09-13,NZDGHS,New Zealand Dollar,Selling,"6,424.0900",GH¢ per NZD,0.642409,GH¢ per NZD,ok,
2005-09-13,NZDGHS,New Zealand Dollar,Mid Rate,"6,372.8700",GH¢ per NZD,0.637287,GH¢ per NZD,ok,
2005-09-13,SEKGHS,Swedish Krona,Buying,"1,190.7700",GH¢ per SEK,0.119077,GH¢ per SEK,ok,
2005-09-13,SEKGHS,Swedish Krona,Selling,"1,207.4200",GH¢ per SEK,0.120742,GH¢ per SEK,ok,
2005-09-13,SEKGHS,Swedish Krona,Mid Rate,"1,199.0950",GH¢ per SEK,0.1199095,GH¢ per SEK,ok,
2005-09-14,USDGHS,US Dollar,Buying,"8,990.0000",GH¢ per USD,0.899,GH¢ per USD,ok,
2005-09-14,USDGHS,US Dollar,Selling,"9,120.0000",GH¢ per USD,0.912,GH¢ per USD,ok,
2005-09-14,USDGHS,US Dollar,Mid Rate,"9,055.0000",GH¢ per USD,0.9055,GH¢ per USD,ok,
2005-09-14,AUDGHS,Australian Dollar,Selling,"7,027.1600",GH¢ per AUD,0.702716,GH¢ per AUD,ok,
2005-09-14,AUDGHS,Australian Dollar,Mid Rate,"3,513.5800",GH¢ per AUD,0.351358,GH¢ per AUD,ok,
2005-09-14,CADGHS,Canadian Dollar,Buying,"7,619.3400",GH¢ per CAD,0.761934,GH¢ per CAD,ok,
2005-09-14,CADGHS,Canadian Dollar,Selling,"7,726.1300",GH¢ per CAD,0.772613,GH¢ per CAD,ok,
2005-09-14,CADGHS,Canadian Dollar,Mid Rate,"7,672.7350",GH¢ per CAD,0.7672735,GH¢ per CAD,ok,
2005-09-14,CHFGHS,Swiss Franc,Buying,"7,144.8100",GH¢ per CHF,0.714481,GH¢ per CHF,ok,
2005-09-14,CHFGHS,Swiss Franc,Selling,"7,245.5400",GH¢ per CHF,0.724554,GH¢ per CHF,ok,
2005-09-14,CHFGHS,Swiss Franc,Mid Rate,"7,195.1750",GH¢ per CHF,0.7195175,GH¢ per CHF,ok,
2005-09-14,DKKGHS,Danish Krone,Buying,"1,482.3700",GH¢ per DKK,0.148237,GH¢ per DKK,ok,
2005-09-14,DKKGHS,Danish Krone,Selling,"1,503.3900",GH¢ per DKK,0.150339,GH¢ per DKK,ok,
2005-09-14,DKKGHS,Danish Krone,Mid Rate,"1,492.8800",GH¢ per DKK,0.149288,GH¢ per DKK,ok,
2005-09-14,GBPGHS,Pound Sterling,Buying,"16,416.6400",GH¢ per GBP,1.641664,GH¢ per GBP,ok,
2005-09-14,GBPGHS,Pound Sterling,Selling,"16,656.7700",GH¢ per GBP,1.665677,GH¢ per GBP,ok,
2005-09-14,GBPGHS,Pound Sterling,Mid Rate,"16,536.7050",GH¢ per GBP,1.6536705,GH¢ per GBP,ok,
2005-09-14,JPYGHS,Japanese yen,Buying,81.3800,GH¢ per JPY,0.008138,GH¢ per JPY,ok,
2005-09-14,JPYGHS,Japanese yen,Selling,82.5200,GH¢ per JPY,0.008252,GH¢ per JPY,ok,
2005-09-14,JPYGHS,Japanese yen,Mid Rate,81.9500,GH¢ per JPY,0.008195,GH¢ per JPY,ok,
2005-09-14,NOKGHS,Norwegian Krone,Buying,"1,410.9100",GH¢ per NOK,0.141091,GH¢ per NOK,ok,
2005-09-14,NOKGHS,Norwegian Krone,Selling,"1,430.9300",GH¢ per NOK,0.143093,GH¢ per NOK,ok,
2005-09-14,NOKGHS,Norwegian Krone,Mid Rate,"1,420.9200",GH¢ per NOK,0.142092,GH¢ per NOK,ok,
2005-09-14,NZDGHS,New Zealand Dollar,Buying,"6,358.1600",GH¢ per NZD,0.635816,GH¢ per NZD,ok,
2005-09-14,NZDGHS,New Zealand Dollar,Selling,"6,454.5000",GH¢ per NZD,0.64545,GH¢ per NZD,ok,
2005-09-14,NZDGHS,New Zealand Dollar,Mid Rate,"6,406.3300",GH¢ per NZD,0.640633,GH¢ per NZD,ok,
2005-09-14,SEKGHS,Swedish Krona,Buying,"1,184.4700",GH¢ per SEK,0.118447,GH¢ per SEK,ok,
2005-09-14,SEKGHS,Swedish Krona,Selling,"1,199.8800",GH¢ per SEK,0.119988,GH¢ per SEK,ok,
2005-09-14,SEKGHS,Swedish Krona,Mid Rate,"1,192.1750",GH¢ per SEK,0.1192175,GH¢ per SEK,ok,
2005-09-15,USDGHS,US Dollar,Buying,"8,990.0000",GH¢ per USD,0.899,GH¢ per USD,ok,
2005-09-15,USDGHS,US Dollar,Selling,"9,120.0000",GH¢ per USD,0.912,GH¢ per USD,ok,
2005-09-15,USDGHS,US Dollar,Mid Rate,"9,055.0000",GH¢ per USD,0.9055,GH¢ per USD,ok,
2005-09-15,AUDGHS,Australian Dollar,Selling,"7,008.5100",GH¢ per AUD,0.700851,GH¢ per AUD,ok,
2005-09-15,AUDGHS,Australian Dollar,Mid Rate,"3,504.2550",GH¢ per AUD,0.3504255,GH¢ per AUD,ok,
2005-09-15,CADGHS,Canadian Dollar,Buying,"7,599.8400",GH¢ per CAD,0.759984,GH¢ per CAD,ok,
2005-09-15,CADGHS,Canadian Dollar,Selling,"7,703.4200",GH¢ per CAD,0.770342,GH¢ per CAD,ok,
2005-09-15,CADGHS,Canadian Dollar,Mid Rate,"7,651.6300",GH¢ per CAD,0.765163,GH¢ per CAD,ok,
2005-09-15,CHFGHS,Swiss Franc,Buying,"7,106.3100",GH¢ per CHF,0.710631,GH¢ per CHF,ok,
2005-09-15,CHFGHS,Swiss Franc,Selling,"7,207.5100",GH¢ per CHF,0.720751,GH¢ per CHF,ok,
2005-09-15,CHFGHS,Swiss Franc,Mid Rate,"7,156.9100",GH¢ per CHF,0.715691,GH¢ per CHF,ok,
2005-09-15,DKKGHS,Danish Krone,Buying,"1,472.9700",GH¢ per DKK,0.147297,GH¢ per DKK,ok,
2005-09-15,DKKGHS,Danish Krone,Selling,"1,494.0300",GH¢ per DKK,0.149403,GH¢ per DKK,ok,
2005-09-15,DKKGHS,Danish Krone,Mid Rate,"1,483.5000",GH¢ per DKK,0.14835,GH¢ per DKK,ok,
2005-09-15,GBPGHS,Pound Sterling,Buying,"16,326.7400",GH¢ per GBP,1.632674,GH¢ per GBP,ok,
2005-09-15,GBPGHS,Pound Sterling,Selling,"16,564.6600",GH¢ per GBP,1.656466,GH¢ per GBP,ok,
2005-09-15,GBPGHS,Pound Sterling,Mid Rate,"16,445.7000",GH¢ per GBP,1.64457,GH¢ per GBP,ok,
2005-09-15,JPYGHS,Japanese yen,Buying,81.4300,GH¢ per JPY,0.008143,GH¢ per JPY,ok,
2005-09-15,JPYGHS,Japanese yen,Selling,82.5700,GH¢ per JPY,0.008257,GH¢ per JPY,ok,
2005-09-15,JPYGHS,Japanese yen,Mid Rate,82.0000,GH¢ per JPY,0.0082,GH¢ per JPY,ok,
2005-09-15,NOKGHS,Norwegian Krone,Buying,"1,410.8300",GH¢ per NOK,0.141083,GH¢ per NOK,ok,
2005-09-15,NOKGHS,Norwegian Krone,Selling,"1,430.5700",GH¢ per NOK,0.143057,GH¢ per NOK,ok,
2005-09-15,NOKGHS,Norwegian Krone,Mid Rate,"1,420.7000",GH¢ per NOK,0.14207,GH¢ per NOK,ok,
2005-09-15,NZDGHS,New Zealand Dollar,Buying,"6,346.2000",GH¢ per NZD,0.63462,GH¢ per NZD,ok,
2005-09-15,NZDGHS,New Zealand Dollar,Selling,"6,448.6200",GH¢ per NZD,0.644862,GH¢ per NZD,ok,
2005-09-15,NZDGHS,New Zealand Dollar,Mid Rate,"6,397.4100",GH¢ per NZD,0.639741,GH¢ per NZD,ok,
2005-09-15,SEKGHS,Swedish Krona,Buying,"1,174.3300",GH¢ per SEK,0.117433,GH¢ per SEK,ok,
2005-09-15,SEKGHS,Swedish Krona,Selling,"1,189.8600",GH¢ per SEK,0.118986,GH¢ per SEK,ok,
2005-09-15,SEKGHS,Swedish Krona,Mid Rate,"1,182.0950",GH¢ per SEK,0.1182095,GH¢ per SEK,ok,
2005-09-16,USDGHS,US Dollar,Buying,"8,990.0000",GH¢ per USD,0.899,GH¢ per USD,ok,
2005-09-16,USDGHS,US Dollar,Selling,"9,120.0000",GH¢ per USD,0.912,GH¢ per USD,ok,
2005-09-16,USDGHS,US Dollar,Mid Rate,"9,055.0000",GH¢ per USD,0.9055,GH¢ per USD,ok,
2005-09-16,AUDGHS,Australian Dollar,Selling,"7,013.9900",GH¢ per AUD,0.701399,GH¢ per AUD,ok,
2005-09-16,AUDGHS,Australian Dollar,Mid Rate,"3,506.9950",GH¢ per AUD,0.3506995,GH¢ per AUD,ok,
2005-09-16,CADGHS,Canadian Dollar,Buying,"7,594.7600",GH¢ per CAD,0.759476,GH¢ per CAD,ok,
2005-09-16,CADGHS,Canadian Dollar,Selling,"7,700.4700",GH¢ per CAD,0.770047,GH¢ per CAD,ok,
2005-09-16,CADGHS,Canadian Dollar,Mid Rate,"7,647.6150",GH¢ per CAD,0.7647615,GH¢ per CAD,ok,
2005-09-16,CHFGHS,Swiss Franc,Buying,"7,118.8900",GH¢ per CHF,0.711889,GH¢ per CHF,ok,
2005-09-16,CHFGHS,Swiss Franc,Selling,"7,219.2400",GH¢ per CHF,0.721924,GH¢ per CHF,ok,
2005-09-16,CHFGHS,Swiss Franc,Mid Rate,"7,169.0650",GH¢ per CHF,0.7169065,GH¢ per CHF,ok,
2005-09-16,DKKGHS,Danish Krone,Buying,"1,480.6500",GH¢ per DKK,0.148065,GH¢ per DKK,ok,
2005-09-16,DKKGHS,Danish Krone,Selling,"1,501.5700",GH¢ per DKK,0.150157,GH¢ per DKK,ok,
2005-09-16,DKKGHS,Danish Krone,Mid Rate,"1,491.1100",GH¢ per DKK,0.149111,GH¢ per DKK,ok,
2005-09-16,GBPGHS,Pound Sterling,Buying,"16,280.8900",GH¢ per GBP,1.628089,GH¢ per GBP,ok,
2005-09-16,GBPGHS,Pound Sterling,Selling,"16,519.0600",GH¢ per GBP,1.651906,GH¢ per GBP,ok,
2005-09-16,GBPGHS,Pound Sterling,Mid Rate,"16,399.9750",GH¢ per GBP,1.6399975,GH¢ per GBP,ok,
2005-09-16,JPYGHS,Japanese yen,Buying,81.2500,GH¢ per JPY,0.008125,GH¢ per JPY,ok,
2005-09-16,JPYGHS,Japanese yen,Selling,82.3900,GH¢ per JPY,0.008239,GH¢ per JPY,ok,
2005-09-16,JPYGHS,Japanese yen,Mid Rate,81.8200,GH¢ per JPY,0.008182,GH¢ per JPY,ok,
2005-09-16,NOKGHS,Norwegian Krone,Buying,"1,418.6000",GH¢ per NOK,0.14186,GH¢ per NOK,ok,
2005-09-16,NOKGHS,Norwegian Krone,Selling,"1,438.4400",GH¢ per NOK,0.143844,GH¢ per NOK,ok,
2005-09-16,NOKGHS,Norwegian Krone,Mid Rate,"1,428.5200",GH¢ per NOK,0.142852,GH¢ per NOK,ok,
2005-09-16,NZDGHS,New Zealand Dollar,Buying,"6,349.5500",GH¢ per NZD,0.634955,GH¢ per NZD,ok,
2005-09-16,NZDGHS,New Zealand Dollar,Selling,"6,450.6900",GH¢ per NZD,0.645069,GH¢ per NZD,ok,
2005-09-16,NZDGHS,New Zealand Dollar,Mid Rate,"6,400.1200",GH¢ per NZD,0.640012,GH¢ per NZD,ok,
2005-09-16,SEKGHS,Swedish Krona,Buying,"1,181.5400",GH¢ per SEK,0.118154,GH¢ per SEK,ok,
2005-09-16,SEKGHS,Swedish Krona,Selling,"1,198.1500",GH¢ per SEK,0.119815,GH¢ per SEK,ok,
2005-09-16,SEKGHS,Swedish Krona,Mid Rate,"1,189.8450",GH¢ per SEK,0.1189845,GH¢ per SEK,ok,
2005-09-19,USDGHS,US Dollar,Buying,"8,989.0900",GH¢ per USD,0.898909,GH¢ per USD,ok,
2005-09-19,USDGHS,US Dollar,Selling,"9,119.0900",GH¢ per USD,0.911909,GH¢ per USD,ok,
2005-09-19,USDGHS,US Dollar,Mid Rate,"9,054.0900",GH¢ per USD,0.905409,GH¢ per USD,ok,
2005-09-19,AUDGHS,Australian Dollar,Selling,"6,960.0800",GH¢ per AUD,0.696008,GH¢ per AUD,ok,
2005-09-19,AUDGHS,Australian Dollar,Mid Rate,"3,480.0400",GH¢ per AUD,0.348004,GH¢ per AUD,ok,
2005-09-19,CADGHS,Canadian Dollar,Buying,"7,605.1500",GH¢ per CAD,0.760515,GH¢ per CAD,ok,
2005-09-19,CADGHS,Canadian Dollar,Selling,"7,713.2200",GH¢ per CAD,0.771322,GH¢ per CAD,ok,
2005-09-19,CADGHS,Canadian Dollar,Mid Rate,"7,659.1850",GH¢ per CAD,0.7659185,GH¢ per CAD,ok,
2005-09-19,CHFGHS,Swiss Franc,Buying,"7,030.1000",GH¢ per CHF,0.70301,GH¢ per CHF,ok,
2005-09-19,CHFGHS,Swiss Franc,Selling,"7,129.9500",GH¢ per CHF,0.712995,GH¢ per CHF,ok,
2005-09-19,CHFGHS,Swiss Franc,Mid Rate,"7,080.0250",GH¢ per CHF,0.7080025,GH¢ per CHF,ok,
2005-09-19,DKKGHS,Danish Krone,Buying,"1,461.9900",GH¢ per DKK,0.146199,GH¢ per DKK,ok,
2005-09-19,DKKGHS,Danish Krone,Selling,"1,482.3500",GH¢ per DKK,0.148235,GH¢ per DKK,ok,
2005-09-19,DKKGHS,Danish Krone,Mid Rate,"1,472.1700",GH¢ per DKK,0.147217,GH¢ per DKK,ok,
2005-09-19,GBPGHS,Pound Sterling,Buying,"16,177.6700",GH¢ per GBP,1.617767,GH¢ per GBP,ok,
2005-09-19,GBPGHS,Pound Sterling,Selling,"16,415.2700",GH¢ per GBP,1.641527,GH¢ per GBP,ok,
2005-09-19,GBPGHS,Pound Sterling,Mid Rate,"16,296.4700",GH¢ per GBP,1.629647,GH¢ per GBP,ok,
2005-09-19,JPYGHS,Japanese yen,Buying,80.5800,GH¢ per JPY,0.008058,GH¢ per JPY,ok,
2005-09-19,JPYGHS,Japanese yen,Selling,81.7100,GH¢ per JPY,0.008171,GH¢ per JPY,ok,
2005-09-19,JPYGHS,Japanese yen,Mid Rate,81.1450,GH¢ per JPY,0.0081145,GH¢ per JPY,ok,
2005-09-19,NOKGHS,Norwegian Krone,Buying,"1,397.8300",GH¢ per NOK,0.139783,GH¢ per NOK,ok,
2005-09-19,NOKGHS,Norwegian Krone,Selling,"1,417.6000",GH¢ per NOK,0.14176,GH¢ per NOK,ok,
2005-09-19,NOKGHS,Norwegian Krone,Mid Rate,"1,407.7150",GH¢ per NOK,0.1407715,GH¢ per NOK,ok,
2005-09-19,NZDGHS,New Zealand Dollar,Buying,"6,267.2300",GH¢ per NZD,0.626723,GH¢ per NZD,ok,
2005-09-19,NZDGHS,New Zealand Dollar,Selling,"6,364.2000",GH¢ per NZD,0.63642,GH¢ per NZD,ok,
2005-09-19,NZDGHS,New Zealand Dollar,Mid Rate,"6,315.7150",GH¢ per NZD,0.6315715,GH¢ per NZD,ok,
2005-09-19,SEKGHS,Swedish Krona,Buying,"1,167.7900",GH¢ per SEK,0.116779,GH¢ per SEK,ok,
2005-09-19,SEKGHS,Swedish Krona,Selling,"1,184.3700",GH¢ per SEK,0.118437,GH¢ per SEK,ok,
2005-09-19,SEKGHS,Swedish Krona,Mid Rate,"1,176.0800",GH¢ per SEK,0.117608,GH¢ per SEK,ok,
2005-09-20,USDGHS,US Dollar,Buying,"8,989.0900",GH¢ per USD,0.898909,GH¢ per USD,ok,
2005-09-20,USDGHS,US Dollar,Selling,"9,119.0900",GH¢ per USD,0.911909,GH¢ per USD,ok,
2005-09-20,USDGHS,US Dollar,Mid Rate,"9,054.0900",GH¢ per USD,0.905409,GH¢ per USD,ok,
2005-09-20,AUDGHS,Australian Dollar,Selling,"7,026.0100",GH¢ per AUD,0.702601,GH¢ per AUD,ok,
2005-09-20,AUDGHS,Australian Dollar,Mid Rate,"3,513.0050",GH¢ per AUD,0.3513005,GH¢ per AUD,ok,
2005-09-20,CADGHS,Canadian Dollar,Buying,"7,701.0400",GH¢ per CAD,0.770104,GH¢ per CAD,ok,
2005-09-20,CADGHS,Canadian Dollar,Selling,"7,808.1500",GH¢ per CAD,0.780815,GH¢ per CAD,ok,
2005-09-20,CADGHS,Canadian Dollar,Mid Rate,"7,754.5950",GH¢ per CAD,0.7754595,GH¢ per CAD,ok,
2005-09-20,CHFGHS,Swiss Franc,Buying,"7,037.1400",GH¢ per CHF,0.703714,GH¢ per CHF,ok,
2005-09-20,CHFGHS,Swiss Franc,Selling,"7,137.3100",GH¢ per CHF,0.713731,GH¢ per CHF,ok,
2005-09-20,CHFGHS,Swiss Franc,Mid Rate,"7,087.2250",GH¢ per CHF,0.7087225,GH¢ per CHF,ok,
2005-09-20,DKKGHS,Danish Krone,Buying,"1,464.9400",GH¢ per DKK,0.146494,GH¢ per DKK,ok,
2005-09-20,DKKGHS,Danish Krone,Selling,"1,485.9600",GH¢ per DKK,0.148596,GH¢ per DKK,ok,
2005-09-20,DKKGHS,Danish Krone,Mid Rate,"1,475.4500",GH¢ per DKK,0.147545,GH¢ per DKK,ok,
2005-09-20,GBPGHS,Pound Sterling,Buying,"16,236.0900",GH¢ per GBP,1.623609,GH¢ per GBP,ok,
2005-09-20,GBPGHS,Pound Sterling,Selling,"16,473.6400",GH¢ per GBP,1.647364,GH¢ per GBP,ok,
2005-09-20,GBPGHS,Pound Sterling,Mid Rate,"16,354.8650",GH¢ per GBP,1.6354865,GH¢ per GBP,ok,
2005-09-20,JPYGHS,Japanese yen,Buying,80.7600,GH¢ per JPY,0.008076,GH¢ per JPY,ok,
2005-09-20,JPYGHS,Japanese yen,Selling,81.9000,GH¢ per JPY,0.00819,GH¢ per JPY,ok,
2005-09-20,JPYGHS,Japanese yen,Mid Rate,81.3300,GH¢ per JPY,0.008133,GH¢ per JPY,ok,
2005-09-20,NOKGHS,Norwegian Krone,Buying,"1,405.9500",GH¢ per NOK,0.140595,GH¢ per NOK,ok,
2005-09-20,NOKGHS,Norwegian Krone,Selling,"1,424.7500",GH¢ per NOK,0.142475,GH¢ per NOK,ok,
2005-09-20,NOKGHS,Norwegian Krone,Mid Rate,"1,415.3500",GH¢ per NOK,0.141535,GH¢ per NOK,ok,
2005-09-20,NZDGHS,New Zealand Dollar,Buying,"6,306.1000",GH¢ per NZD,0.63061,GH¢ per NZD,ok,
2005-09-20,NZDGHS,New Zealand Dollar,Selling,"6,408.2400",GH¢ per NZD,0.640824,GH¢ per NZD,ok,
2005-09-20,NZDGHS,New Zealand Dollar,Mid Rate,"6,357.1700",GH¢ per NZD,0.635717,GH¢ per NZD,ok,
2005-09-20,SEKGHS,Swedish Krona,Buying,"1,170.2000",GH¢ per SEK,0.11702,GH¢ per SEK,ok,
2005-09-20,SEKGHS,Swedish Krona,Selling,"1,186.8200",GH¢ per SEK,0.118682,GH¢ per SEK,ok,
2005-09-20,SEKGHS,Swedish Krona,Mid Rate,"1,178.5100",GH¢ per SEK,0.117851,GH¢ per SEK,ok,
2005-09-21,USDGHS,US Dollar,Buying,"8,989.9000",GH¢ per USD,0.89899,GH¢ per USD,ok,
2005-09-21,USDGHS,US Dollar,Selling,"9,119.0900",GH¢ per USD,0.911909,GH¢ per USD,ok,
2005-09-21,USDGHS,US Dollar,Mid Rate,"9,054.4950",GH¢ per USD,0.9054495,GH¢ per USD,ok,
2005-09-21,AUDGHS,Australian Dollar,Selling,"7,028.2200",GH¢ per AUD,0.702822,GH¢ per AUD,ok,
2005-09-21,AUDGHS,Australian Dollar,Mid Rate,"3,514.1100",GH¢ per AUD,0.351411,GH¢ per AUD,ok,
2005-09-21,CADGHS,Canadian Dollar,Buying,"7,692.1500",GH¢ per CAD,0.769215,GH¢ per CAD,ok,
2005-09-21,CADGHS,Canadian Dollar,Selling,"7,802.5400",GH¢ per CAD,0.780254,GH¢ per CAD,ok,
2005-09-21,CADGHS,Canadian Dollar,Mid Rate,"7,747.3450",GH¢ per CAD,0.7747345,GH¢ per CAD,ok,
2005-09-21,CHFGHS,Swiss Franc,Buying,"7,072.9600",GH¢ per CHF,0.707296,GH¢ per CHF,ok,
2005-09-21,CHFGHS,Swiss Franc,Selling,"7,174.0200",GH¢ per CHF,0.717402,GH¢ per CHF,ok,
2005-09-21,CHFGHS,Swiss Franc,Mid Rate,"7,123.4900",GH¢ per CHF,0.712349,GH¢ per CHF,ok,
2005-09-21,DKKGHS,Danish Krone,Buying,"1,471.0900",GH¢ per DKK,0.147109,GH¢ per DKK,ok,
2005-09-21,DKKGHS,Danish Krone,Selling,"1,491.6900",GH¢ per DKK,0.149169,GH¢ per DKK,ok,
2005-09-21,DKKGHS,Danish Krone,Mid Rate,"1,481.3900",GH¢ per DKK,0.148139,GH¢ per DKK,ok,
2005-09-21,GBPGHS,Pound Sterling,Buying,"16,228.9000",GH¢ per GBP,1.62289,GH¢ per GBP,ok,
2005-09-21,GBPGHS,Pound Sterling,Selling,"16,467.2500",GH¢ per GBP,1.646725,GH¢ per GBP,ok,
2005-09-21,GBPGHS,Pound Sterling,Mid Rate,"16,348.0750",GH¢ per GBP,1.6348075,GH¢ per GBP,ok,
2005-09-21,JPYGHS,Japanese yen,Buying,80.6400,GH¢ per JPY,0.008064,GH¢ per JPY,ok,
2005-09-21,JPYGHS,Japanese yen,Selling,81.7800,GH¢ per JPY,0.008178,GH¢ per JPY,ok,
2005-09-21,JPYGHS,Japanese yen,Mid Rate,81.2100,GH¢ per JPY,0.008121,GH¢ per JPY,ok,
2005-09-21,NOKGHS,Norwegian Krone,Buying,"1,407.5900",GH¢ per NOK,0.140759,GH¢ per NOK,ok,
2005-09-21,NOKGHS,Norwegian Krone,Selling,"1,427.3400",GH¢ per NOK,0.142734,GH¢ per NOK,ok,
2005-09-21,NOKGHS,Norwegian Krone,Mid Rate,"1,417.4650",GH¢ per NOK,0.1417465,GH¢ per NOK,ok,
2005-09-21,NZDGHS,New Zealand Dollar,Buying,"6,270.8500",GH¢ per NZD,0.627085,GH¢ per NZD,ok,
2005-09-21,NZDGHS,New Zealand Dollar,Selling,"6,372.8300",GH¢ per NZD,0.637283,GH¢ per NZD,ok,
2005-09-21,NZDGHS,New Zealand Dollar,Mid Rate,"6,321.8400",GH¢ per NZD,0.632184,GH¢ per NZD,ok,
2005-09-21,SEKGHS,Swedish Krona,Buying,"1,174.7100",GH¢ per SEK,0.117471,GH¢ per SEK,ok,
2005-09-21,SEKGHS,Swedish Krona,Selling,"1,191.4300",GH¢ per SEK,0.119143,GH¢ per SEK,ok,
2005-09-21,SEKGHS,Swedish Krona,Mid Rate,"1,183.0700",GH¢ per SEK,0.118307,GH¢ per SEK,ok,
2005-09-22,USDGHS,US Dollar,Buying,"8,989.0900",GH¢ per USD,0.898909,GH¢ per USD,ok,
2005-09-22,USDGHS,US Dollar,Selling,"9,119.0900",GH¢ per USD,0.911909,GH¢ per USD,ok,
2005-09-22,USDGHS,US Dollar,Mid Rate,"9,054.0900",GH¢ per USD,0.905409,GH¢ per USD,ok,
2005-09-22,AUDGHS,Australian Dollar,Selling,"7,023.4000",GH¢ per AUD,0.70234,GH¢ per AUD,ok,
2005-09-22,AUDGHS,Australian Dollar,Mid Rate,"3,511.7000",GH¢ per AUD,0.35117,GH¢ per AUD,ok,
2005-09-22,CADGHS,Canadian Dollar,Buying,"7,719.1300",GH¢ per CAD,0.771913,GH¢ per CAD,ok,
2005-09-22,CADGHS,Canadian Dollar,Selling,"7,828.0400",GH¢ per CAD,0.782804,GH¢ per CAD,ok,
2005-09-22,CADGHS,Canadian Dollar,Mid Rate,"7,773.5850",GH¢ per CAD,0.7773585,GH¢ per CAD,ok,
2005-09-22,CHFGHS,Swiss Franc,Buying,"7,075.3400",GH¢ per CHF,0.707534,GH¢ per CHF,ok,
2005-09-22,CHFGHS,Swiss Franc,Selling,"7,176.1300",GH¢ per CHF,0.717613,GH¢ per CHF,ok,
2005-09-22,CHFGHS,Swiss Franc,Mid Rate,"7,125.7350",GH¢ per CHF,0.7125735,GH¢ per CHF,ok,
2005-09-22,DKKGHS,Danish Krone,Buying,"1,473.4100",GH¢ per DKK,0.147341,GH¢ per DKK,ok,
2005-09-22,DKKGHS,Danish Krone,Selling,"1,494.5500",GH¢ per DKK,0.149455,GH¢ per DKK,ok,
2005-09-22,DKKGHS,Danish Krone,Mid Rate,"1,483.9800",GH¢ per DKK,0.148398,GH¢ per DKK,ok,
2005-09-22,GBPGHS,Pound Sterling,Buying,"16,271.1500",GH¢ per GBP,1.627115,GH¢ per GBP,ok,
2005-09-22,GBPGHS,Pound Sterling,Selling,"16,510.1100",GH¢ per GBP,1.651011,GH¢ per GBP,ok,
2005-09-22,GBPGHS,Pound Sterling,Mid Rate,"16,390.6300",GH¢ per GBP,1.639063,GH¢ per GBP,ok,
2005-09-22,JPYGHS,Japanese yen,Buying,80.9100,GH¢ per JPY,0.008091,GH¢ per JPY,ok,
2005-09-22,JPYGHS,Japanese yen,Selling,82.0500,GH¢ per JPY,0.008205,GH¢ per JPY,ok,
2005-09-22,JPYGHS,Japanese yen,Mid Rate,81.4800,GH¢ per JPY,0.008148,GH¢ per JPY,ok,
2005-09-22,NOKGHS,Norwegian Krone,Buying,"1,412.7300",GH¢ per NOK,0.141273,GH¢ per NOK,ok,
2005-09-22,NOKGHS,Norwegian Krone,Selling,"1,432.5700",GH¢ per NOK,0.143257,GH¢ per NOK,ok,
2005-09-22,NOKGHS,Norwegian Krone,Mid Rate,"1,422.6500",GH¢ per NOK,0.142265,GH¢ per NOK,ok,
2005-09-22,NZDGHS,New Zealand Dollar,Buying,"6,279.0400",GH¢ per NZD,0.627904,GH¢ per NZD,ok,
2005-09-22,NZDGHS,New Zealand Dollar,Selling,"6,384.4600",GH¢ per NZD,0.638446,GH¢ per NZD,ok,
2005-09-22,NZDGHS,New Zealand Dollar,Mid Rate,"6,331.7500",GH¢ per NZD,0.633175,GH¢ per NZD,ok,
2005-09-22,SEKGHS,Swedish Krona,Buying,"1,176.3200",GH¢ per SEK,0.117632,GH¢ per SEK,ok,
2005-09-22,SEKGHS,Swedish Krona,Selling,"1,192.9300",GH¢ per SEK,0.119293,GH¢ per SEK,ok,
2005-09-22,SEKGHS,Swedish Krona,Mid Rate,"1,184.6250",GH¢ per SEK,0.1184625,GH¢ per SEK,ok,
2005-09-23,USDGHS,US Dollar,Buying,"8,989.0900",GH¢ per USD,0.898909,GH¢ per USD,ok,
2005-09-23,USDGHS,US Dollar,Selling,"9,119.0900",GH¢ per USD,0.911909,GH¢ per USD,ok,
2005-09-23,USDGHS,US Dollar,Mid Rate,"9,054.0900",GH¢ per USD,0.905409,GH¢ per USD,ok,
2005-09-23,AUDGHS,Australian Dollar,Selling,"6,925.4100",GH¢ per AUD,0.692541,GH¢ per AUD,ok,
2005-09-23,AUDGHS,Australian Dollar,Mid Rate,"3,462.7050",GH¢ per AUD,0.3462705,GH¢ per AUD,ok,
2005-09-23,CADGHS,Canadian Dollar,Buying,"7,662.2800",GH¢ per CAD,0.766228,GH¢ per CAD,ok,
2005-09-23,CADGHS,Canadian Dollar,Selling,"7,770.6900",GH¢ per CAD,0.777069,GH¢ per CAD,ok,
2005-09-23,CADGHS,Canadian Dollar,Mid Rate,"7,716.4850",GH¢ per CAD,0.7716485,GH¢ per CAD,ok,
2005-09-23,CHFGHS,Swiss Franc,Buying,"7,006.2900",GH¢ per CHF,0.700629,GH¢ per CHF,ok,
2005-09-23,CHFGHS,Swiss Franc,Selling,"7,106.3300",GH¢ per CHF,0.710633,GH¢ per CHF,ok,
2005-09-23,CHFGHS,Swiss Franc,Mid Rate,"7,056.3100",GH¢ per CHF,0.705631,GH¢ per CHF,ok,
2005-09-23,DKKGHS,Danish Krone,Buying,"1,460.8900",GH¢ per DKK,0.146089,GH¢ per DKK,ok,
2005-09-23,DKKGHS,Danish Krone,Selling,"1,481.6200",GH¢ per DKK,0.148162,GH¢ per DKK,ok,
2005-09-23,DKKGHS,Danish Krone,Mid Rate,"1,471.2550",GH¢ per DKK,0.1471255,GH¢ per DKK,ok,
2005-09-23,GBPGHS,Pound Sterling,Buying,"16,056.3100",GH¢ per GBP,1.605631,GH¢ per GBP,ok,
2005-09-23,GBPGHS,Pound Sterling,Selling,"16,291.2500",GH¢ per GBP,1.629125,GH¢ per GBP,ok,
2005-09-23,GBPGHS,Pound Sterling,Mid Rate,"16,173.7800",GH¢ per GBP,1.617378,GH¢ per GBP,ok,
2005-09-23,JPYGHS,Japanese yen,Buying,80.4700,GH¢ per JPY,0.008047,GH¢ per JPY,ok,
2005-09-23,JPYGHS,Japanese yen,Selling,81.6000,GH¢ per JPY,0.00816,GH¢ per JPY,ok,
2005-09-23,JPYGHS,Japanese yen,Mid Rate,81.0350,GH¢ per JPY,0.0081035,GH¢ per JPY,ok,
2005-09-23,NOKGHS,Norwegian Krone,Buying,"1,400.4900",GH¢ per NOK,0.140049,GH¢ per NOK,ok,
2005-09-23,NOKGHS,Norwegian Krone,Selling,"1,419.0700",GH¢ per NOK,0.141907,GH¢ per NOK,ok,
2005-09-23,NOKGHS,Norwegian Krone,Mid Rate,"1,409.7800",GH¢ per NOK,0.140978,GH¢ per NOK,ok,
2005-09-23,NZDGHS,New Zealand Dollar,Buying,"6,204.1600",GH¢ per NZD,0.620416,GH¢ per NZD,ok,
2005-09-23,NZDGHS,New Zealand Dollar,Selling,"6,299.8300",GH¢ per NZD,0.629983,GH¢ per NZD,ok,
2005-09-23,NZDGHS,New Zealand Dollar,Mid Rate,"6,251.9950",GH¢ per NZD,0.6251995,GH¢ per NZD,ok,
2005-09-23,SEKGHS,Swedish Krona,Buying,"1,164.2800",GH¢ per SEK,0.116428,GH¢ per SEK,ok,
2005-09-23,SEKGHS,Swedish Krona,Selling,"1,180.5500",GH¢ per SEK,0.118055,GH¢ per SEK,ok,
2005-09-23,SEKGHS,Swedish Krona,Mid Rate,"1,172.4150",GH¢ per SEK,0.1172415,GH¢ per SEK,ok,
2005-09-26,USDGHS,US Dollar,Buying,"8,989.0900",GH¢ per USD,0.898909,GH¢ per USD,ok,
2005-09-26,USDGHS,US Dollar,Selling,"9,119.0900",GH¢ per USD,0.911909,GH¢ per USD,ok,
2005-09-26,USDGHS,US Dollar,Mid Rate,"9,054.0900",GH¢ per USD,0.905409,GH¢ per USD,ok,
2005-09-26,AUDGHS,Australian Dollar,Selling,"6,914.1600",GH¢ per AUD,0.691416,GH¢ per AUD,ok,
2005-09-26,AUDGHS,Australian Dollar,Mid Rate,"3,457.0800",GH¢ per AUD,0.345708,GH¢ per AUD,ok,
2005-09-26,CADGHS,Canadian Dollar,Buying,"7,659.3400",GH¢ per CAD,0.765934,GH¢ per CAD,ok,
2005-09-26,CADGHS,Canadian Dollar,Selling,"7,767.8200",GH¢ per CAD,0.776782,GH¢ per CAD,ok,
2005-09-26,CADGHS,Canadian Dollar,Mid Rate,"7,713.5800",GH¢ per CAD,0.771358,GH¢ per CAD,ok,
2005-09-26,CHFGHS,Swiss Franc,Buying,"6,954.6500",GH¢ per CHF,0.695465,GH¢ per CHF,ok,
2005-09-26,CHFGHS,Swiss Franc,Selling,"7,053.8400",GH¢ per CHF,0.705384,GH¢ per CHF,ok,
2005-09-26,CHFGHS,Swiss Franc,Mid Rate,"7,004.2450",GH¢ per CHF,0.7004245,GH¢ per CHF,ok,
2005-09-26,DKKGHS,Danish Krone,Buying,"1,450.7600",GH¢ per DKK,0.145076,GH¢ per DKK,ok,
2005-09-26,DKKGHS,Danish Krone,Selling,"1,471.1200",GH¢ per DKK,0.147112,GH¢ per DKK,ok,
2005-09-26,DKKGHS,Danish Krone,Mid Rate,"1,460.9400",GH¢ per DKK,0.146094,GH¢ per DKK,ok,
2005-09-26,GBPGHS,Pound Sterling,Buying,"15,942.1500",GH¢ per GBP,1.594215,GH¢ per GBP,ok,
2005-09-26,GBPGHS,Pound Sterling,Selling,"16,177.2700",GH¢ per GBP,1.617727,GH¢ per GBP,ok,
2005-09-26,GBPGHS,Pound Sterling,Mid Rate,"16,059.7100",GH¢ per GBP,1.605971,GH¢ per GBP,ok,
2005-09-26,JPYGHS,Japanese yen,Buying,79.9200,GH¢ per JPY,0.007992,GH¢ per JPY,ok,
2005-09-26,JPYGHS,Japanese yen,Selling,81.0500,GH¢ per JPY,0.008105,GH¢ per JPY,ok,
2005-09-26,JPYGHS,Japanese yen,Mid Rate,80.4850,GH¢ per JPY,0.0080485,GH¢ per JPY,ok,
2005-09-26,NOKGHS,Norwegian Krone,Buying,"1,382.7600",GH¢ per NOK,0.138276,GH¢ per NOK,ok,
2005-09-26,NOKGHS,Norwegian Krone,Selling,"1,402.2000",GH¢ per NOK,0.14022,GH¢ per NOK,ok,
2005-09-26,NOKGHS,Norwegian Krone,Mid Rate,"1,392.4800",GH¢ per NOK,0.139248,GH¢ per NOK,ok,
2005-09-26,NZDGHS,New Zealand Dollar,Buying,"6,171.2100",GH¢ per NZD,0.617121,GH¢ per NZD,ok,
2005-09-26,NZDGHS,New Zealand Dollar,Selling,"6,267.0700",GH¢ per NZD,0.626707,GH¢ per NZD,ok,
2005-09-26,NZDGHS,New Zealand Dollar,Mid Rate,"6,219.1400",GH¢ per NZD,0.621914,GH¢ per NZD,ok,
2005-09-26,SEKGHS,Swedish Krona,Buying,"1,154.5700",GH¢ per SEK,0.115457,GH¢ per SEK,ok,
2005-09-26,SEKGHS,Swedish Krona,Selling,"1,170.4300",GH¢ per SEK,0.117043,GH¢ per SEK,ok,
2005-09-26,SEKGHS,Swedish Krona,Mid Rate,"1,162.5000",GH¢ per SEK,0.11625,GH¢ per SEK,ok,
2005-09-27,USDGHS,US Dollar,Buying,"8,991.8200",GH¢ per USD,0.899182,GH¢ per USD,ok,
2005-09-27,USDGHS,US Dollar,Selling,"9,119.0900",GH¢ per USD,0.911909,GH¢ per USD,ok,
2005-09-27,USDGHS,US Dollar,Mid Rate,"9,055.4550",GH¢ per USD,0.9055455,GH¢ per USD,ok,
2005-09-27,AUDGHS,Australian Dollar,Selling,"6,884.3800",GH¢ per AUD,0.688438,GH¢ per AUD,ok,
2005-09-27,AUDGHS,Australian Dollar,Mid Rate,"3,442.1900",GH¢ per AUD,0.344219,GH¢ per AUD,ok,
2005-09-27,CADGHS,Canadian Dollar,Buying,"7,668.2800",GH¢ per CAD,0.766828,GH¢ per CAD,ok,
2005-09-27,CADGHS,Canadian Dollar,Selling,"7,770.7700",GH¢ per CAD,0.777077,GH¢ per CAD,ok,
2005-09-27,CADGHS,Canadian Dollar,Mid Rate,"7,719.5250",GH¢ per CAD,0.7719525,GH¢ per CAD,ok,
2005-09-27,CHFGHS,Swiss Franc,Buying,"6,938.9300",GH¢ per CHF,0.693893,GH¢ per CHF,ok,
2005-09-27,CHFGHS,Swiss Franc,Selling,"7,035.7500",GH¢ per CHF,0.703575,GH¢ per CHF,ok,
2005-09-27,CHFGHS,Swiss Franc,Mid Rate,"6,987.3400",GH¢ per CHF,0.698734,GH¢ per CHF,ok,
2005-09-27,DKKGHS,Danish Krone,Buying,"1,447.6400",GH¢ per DKK,0.144764,GH¢ per DKK,ok,
2005-09-27,DKKGHS,Danish Krone,Selling,"1,467.7400",GH¢ per DKK,0.146774,GH¢ per DKK,ok,
2005-09-27,DKKGHS,Danish Krone,Mid Rate,"1,457.6900",GH¢ per DKK,0.145769,GH¢ per DKK,ok,
2005-09-27,GBPGHS,Pound Sterling,Buying,"15,889.4500",GH¢ per GBP,1.588945,GH¢ per GBP,ok,
2005-09-27,GBPGHS,Pound Sterling,Selling,"16,118.9000",GH¢ per GBP,1.61189,GH¢ per GBP,ok,
2005-09-27,GBPGHS,Pound Sterling,Mid Rate,"16,004.1750",GH¢ per GBP,1.6004175,GH¢ per GBP,ok,
2005-09-27,JPYGHS,Japanese yen,Buying,79.6800,GH¢ per JPY,0.007968,GH¢ per JPY,ok,
2005-09-27,JPYGHS,Japanese yen,Selling,80.7800,GH¢ per JPY,0.008078,GH¢ per JPY,ok,
2005-09-27,JPYGHS,Japanese yen,Mid Rate,80.2300,GH¢ per JPY,0.008023,GH¢ per JPY,ok,
2005-09-27,NOKGHS,Norwegian Krone,Buying,"1,381.0100",GH¢ per NOK,0.138101,GH¢ per NOK,ok,
2005-09-27,NOKGHS,Norwegian Krone,Selling,"1,400.0000",GH¢ per NOK,0.14,GH¢ per NOK,ok,
2005-09-27,NOKGHS,Norwegian Krone,Mid Rate,"1,390.5050",GH¢ per NOK,0.1390505,GH¢ per NOK,ok,
2005-09-27,NZDGHS,New Zealand Dollar,Buying,"6,115.8500",GH¢ per NZD,0.611585,GH¢ per NZD,ok,
2005-09-27,NZDGHS,New Zealand Dollar,Selling,"6,210.6100",GH¢ per NZD,0.621061,GH¢ per NZD,ok,
2005-09-27,NZDGHS,New Zealand Dollar,Mid Rate,"6,163.2300",GH¢ per NZD,0.616323,GH¢ per NZD,ok,
2005-09-27,SEKGHS,Swedish Krona,Buying,"1,150.9300",GH¢ per SEK,0.115093,GH¢ per SEK,ok,
2005-09-27,SEKGHS,Swedish Krona,Selling,"1,166.2000",GH¢ per SEK,0.11662,GH¢ per SEK,ok,
2005-09-27,SEKGHS,Swedish Krona,Mid Rate,"1,158.5650",GH¢ per SEK,0.1158565,GH¢ per SEK,ok,
2005-09-28,USDGHS,US Dollar,Buying,"8,991.8200",GH¢ per USD,0.899182,GH¢ per USD,ok,
2005-09-28,USDGHS,US Dollar,Selling,"9,119.0900",GH¢ per USD,0.911909,GH¢ per USD,ok,
2005-09-28,USDGHS,US Dollar,Mid Rate,"9,055.4550",GH¢ per USD,0.9055455,GH¢ per USD,ok,
2005-09-28,AUDGHS,Australian Dollar,Selling,"6,918.6200",GH¢ per AUD,0.691862,GH¢ per AUD,ok,
2005-09-28,AUDGHS,Australian Dollar,Mid Rate,"3,459.3100",GH¢ per AUD,0.345931,GH¢ per AUD,ok,
2005-09-28,CADGHS,Canadian Dollar,Buying,"7,637.7000",GH¢ per CAD,0.76377,GH¢ per CAD,ok,
2005-09-28,CADGHS,Canadian Dollar,Selling,"7,743.9000",GH¢ per CAD,0.77439,GH¢ per CAD,ok,
2005-09-28,CADGHS,Canadian Dollar,Mid Rate,"7,690.8000",GH¢ per CAD,0.76908,GH¢ per CAD,ok,
2005-09-28,CHFGHS,Swiss Franc,Buying,"6,954.7100",GH¢ per CHF,0.695471,GH¢ per CHF,ok,
2005-09-28,CHFGHS,Swiss Franc,Selling,"7,051.4400",GH¢ per CHF,0.705144,GH¢ per CHF,ok,
2005-09-28,CHFGHS,Swiss Franc,Mid Rate,"7,003.0750",GH¢ per CHF,0.7003075,GH¢ per CHF,ok,
2005-09-28,DKKGHS,Danish Krone,Buying,"1,449.9100",GH¢ per DKK,0.144991,GH¢ per DKK,ok,
2005-09-28,DKKGHS,Danish Krone,Selling,"1,470.3100",GH¢ per DKK,0.147031,GH¢ per DKK,ok,
2005-09-28,DKKGHS,Danish Krone,Mid Rate,"1,460.1100",GH¢ per DKK,0.146011,GH¢ per DKK,ok,
2005-09-28,GBPGHS,Pound Sterling,Buying,"15,920.0000",GH¢ per GBP,1.592,GH¢ per GBP,ok,
2005-09-28,GBPGHS,Pound Sterling,Selling,"16,149.9000",GH¢ per GBP,1.61499,GH¢ per GBP,ok,
2005-09-28,GBPGHS,Pound Sterling,Mid Rate,"16,034.9500",GH¢ per GBP,1.603495,GH¢ per GBP,ok,
2005-09-28,JPYGHS,Japanese yen,Buying,79.5900,GH¢ per JPY,0.007959,GH¢ per JPY,ok,
2005-09-28,JPYGHS,Japanese yen,Selling,80.6900,GH¢ per JPY,0.008069,GH¢ per JPY,ok,
2005-09-28,JPYGHS,Japanese yen,Mid Rate,80.1400,GH¢ per JPY,0.008014,GH¢ per JPY,ok,
2005-09-28,NOKGHS,Norwegian Krone,Buying,"1,384.0100",GH¢ per NOK,0.138401,GH¢ per NOK,ok,
2005-09-28,NOKGHS,Norwegian Krone,Selling,"1,403.1200",GH¢ per NOK,0.140312,GH¢ per NOK,ok,
2005-09-28,NOKGHS,Norwegian Krone,Mid Rate,"1,393.5650",GH¢ per NOK,0.1393565,GH¢ per NOK,ok,
2005-09-28,NZDGHS,New Zealand Dollar,Buying,"6,143.5300",GH¢ per NZD,0.614353,GH¢ per NZD,ok,
2005-09-28,NZDGHS,New Zealand Dollar,Selling,"6,241.9400",GH¢ per NZD,0.624194,GH¢ per NZD,ok,
2005-09-28,NZDGHS,New Zealand Dollar,Mid Rate,"6,192.7350",GH¢ per NZD,0.6192735,GH¢ per NZD,ok,
2005-09-28,SEKGHS,Swedish Krona,Buying,"1,152.2500",GH¢ per SEK,0.115225,GH¢ per SEK,ok,
2005-09-28,SEKGHS,Swedish Krona,Selling,"1,168.2400",GH¢ per SEK,0.116824,GH¢ per SEK,ok,
2005-09-28,SEKGHS,Swedish Krona,Mid Rate,"1,160.2450",GH¢ per SEK,0.1160245,GH¢ per SEK,ok,
2005-09-29,USDGHS,US Dollar,Buying,"8,991.8200",GH¢ per USD,0.899182,GH¢ per USD,ok,
2005-09-29,USDGHS,US Dollar,Selling,"9,119.0900",GH¢ per USD,0.911909,GH¢ per USD,ok,
2005-09-29,USDGHS,US Dollar,Mid Rate,"9,055.4550",GH¢ per USD,0.9055455,GH¢ per USD,ok,
2005-09-29,AUDGHS,Australian Dollar,Selling,"6,942.3200",GH¢ per AUD,0.694232,GH¢ per AUD,ok,
2005-09-29,AUDGHS,Australian Dollar,Mid Rate,"3,471.1600",GH¢ per AUD,0.347116,GH¢ per AUD,ok,
2005-09-29,CADGHS,Canadian Dollar,Buying,"7,667.7800",GH¢ per CAD,0.766778,GH¢ per CAD,ok,
2005-09-29,CADGHS,Canadian Dollar,Selling,"7,775.3800",GH¢ per CAD,0.777538,GH¢ per CAD,ok,
2005-09-29,CADGHS,Canadian Dollar,Mid Rate,"7,721.5800",GH¢ per CAD,0.772158,GH¢ per CAD,ok,
2005-09-29,CHFGHS,Swiss Franc,Buying,"6,955.3000",GH¢ per CHF,0.69553,GH¢ per CHF,ok,
2005-09-29,CHFGHS,Swiss Franc,Selling,"7,052.4700",GH¢ per CHF,0.705247,GH¢ per CHF,ok,
2005-09-29,CHFGHS,Swiss Franc,Mid Rate,"7,003.8850",GH¢ per CHF,0.7003885,GH¢ per CHF,ok,
2005-09-29,DKKGHS,Danish Krone,Buying,"1,452.3800",GH¢ per DKK,0.145238,GH¢ per DKK,ok,
2005-09-29,DKKGHS,Danish Krone,Selling,"1,472.7800",GH¢ per DKK,0.147278,GH¢ per DKK,ok,
2005-09-29,DKKGHS,Danish Krone,Mid Rate,"1,462.5800",GH¢ per DKK,0.146258,GH¢ per DKK,ok,
2005-09-29,GBPGHS,Pound Sterling,Buying,"15,861.5700",GH¢ per GBP,1.586157,GH¢ per GBP,ok,
2005-09-29,GBPGHS,Pound Sterling,Selling,"16,088.8100",GH¢ per GBP,1.608881,GH¢ per GBP,ok,
2005-09-29,GBPGHS,Pound Sterling,Mid Rate,"15,975.1900",GH¢ per GBP,1.597519,GH¢ per GBP,ok,
2005-09-29,JPYGHS,Japanese yen,Buying,79.5400,GH¢ per JPY,0.007954,GH¢ per JPY,ok,
2005-09-29,JPYGHS,Japanese yen,Selling,80.6300,GH¢ per JPY,0.008063,GH¢ per JPY,ok,
2005-09-29,JPYGHS,Japanese yen,Mid Rate,80.0850,GH¢ per JPY,0.0080085,GH¢ per JPY,ok,
2005-09-29,NOKGHS,Norwegian Krone,Buying,"1,388.5000",GH¢ per NOK,0.13885,GH¢ per NOK,ok,
2005-09-29,NOKGHS,Norwegian Krone,Selling,"1,407.0700",GH¢ per NOK,0.140707,GH¢ per NOK,ok,
2005-09-29,NOKGHS,Norwegian Krone,Mid Rate,"1,397.7850",GH¢ per NOK,0.1397785,GH¢ per NOK,ok,
2005-09-29,NZDGHS,New Zealand Dollar,Buying,"6,211.3900",GH¢ per NZD,0.621139,GH¢ per NZD,ok,
2005-09-29,NZDGHS,New Zealand Dollar,Selling,"6,305.2000",GH¢ per NZD,0.63052,GH¢ per NZD,ok,
2005-09-29,NZDGHS,New Zealand Dollar,Mid Rate,"6,258.2950",GH¢ per NZD,0.6258295,GH¢ per NZD,ok,
2005-09-29,SEKGHS,Swedish Krona,Buying,"1,155.7200",GH¢ per SEK,0.115572,GH¢ per SEK,ok,
2005-09-29,SEKGHS,Swedish Krona,Selling,"1,171.6900",GH¢ per SEK,0.117169,GH¢ per SEK,ok,
2005-09-29,SEKGHS,Swedish Krona,Mid Rate,"1,163.7050",GH¢ per SEK,0.1163705,GH¢ per SEK,ok,
2005-09-30,USDGHS,US Dollar,Buying,"8,991.8200",GH¢ per USD,0.899182,GH¢ per USD,ok,
2005-09-30,USDGHS,US Dollar,Selling,"9,119.0900",GH¢ per USD,0.911909,GH¢ per USD,ok,
2005-09-30,USDGHS,US Dollar,Mid Rate,"9,055.4550",GH¢ per USD,0.9055455,GH¢ per USD,ok,
2005-09-30,AUDGHS,Australian Dollar,Selling,"6,936.2400",GH¢ per AUD,0.693624,GH¢ per AUD,ok,
2005-09-30,AUDGHS,Australian Dollar,Mid Rate,"3,468.1200",GH¢ per AUD,0.346812,GH¢ per AUD,ok,
2005-09-30,CADGHS,Canadian Dollar,Buying,"7,688.4900",GH¢ per CAD,0.768849,GH¢ per CAD,ok,
2005-09-30,CADGHS,Canadian Dollar,Selling,"7,793.6500",GH¢ per CAD,0.779365,GH¢ per CAD,ok,
2005-09-30,CADGHS,Canadian Dollar,Mid Rate,"7,741.0700",GH¢ per CAD,0.774107,GH¢ per CAD,ok,
2005-09-30,CHFGHS,Swiss Franc,Buying,"6,954.2100",GH¢ per CHF,0.695421,GH¢ per CHF,ok,
2005-09-30,CHFGHS,Swiss Franc,Selling,"7,050.6500",GH¢ per CHF,0.705065,GH¢ per CHF,ok,
2005-09-30,CHFGHS,Swiss Franc,Mid Rate,"7,002.4300",GH¢ per CHF,0.700243,GH¢ per CHF,ok,
2005-09-30,DKKGHS,Danish Krone,Buying,"1,449.4100",GH¢ per DKK,0.144941,GH¢ per DKK,ok,
2005-09-30,DKKGHS,Danish Krone,Selling,"1,469.6100",GH¢ per DKK,0.146961,GH¢ per DKK,ok,
2005-09-30,DKKGHS,Danish Krone,Mid Rate,"1,459.5100",GH¢ per DKK,0.145951,GH¢ per DKK,ok,
2005-09-30,GBPGHS,Pound Sterling,Buying,"15,822.9100",GH¢ per GBP,1.582291,GH¢ per GBP,ok,
2005-09-30,GBPGHS,Pound Sterling,Selling,"16,048.6900",GH¢ per GBP,1.604869,GH¢ per GBP,ok,
2005-09-30,GBPGHS,Pound Sterling,Mid Rate,"15,935.8000",GH¢ per GBP,1.59358,GH¢ per GBP,ok,
2005-09-30,JPYGHS,Japanese yen,Buying,79.4100,GH¢ per JPY,0.007941,GH¢ per JPY,ok,
2005-09-30,JPYGHS,Japanese yen,Selling,80.5000,GH¢ per JPY,0.00805,GH¢ per JPY,ok,
2005-09-30,JPYGHS,Japanese yen,Mid Rate,79.9550,GH¢ per JPY,0.0079955,GH¢ per JPY,ok,
2005-09-30,NOKGHS,Norwegian Krone,Buying,"1,378.9300",GH¢ per NOK,0.137893,GH¢ per NOK,ok,
2005-09-30,NOKGHS,Norwegian Krone,Selling,"1,397.7100",GH¢ per NOK,0.139771,GH¢ per NOK,ok,
2005-09-30,NOKGHS,Norwegian Krone,Mid Rate,"1,388.3200",GH¢ per NOK,0.138832,GH¢ per NOK,ok,
2005-09-30,NZDGHS,New Zealand Dollar,Buying,"6,208.9100",GH¢ per NZD,0.620891,GH¢ per NZD,ok,
2005-09-30,NZDGHS,New Zealand Dollar,Selling,"6,307.1300",GH¢ per NZD,0.630713,GH¢ per NZD,ok,
2005-09-30,NZDGHS,New Zealand Dollar,Mid Rate,"6,258.0200",GH¢ per NZD,0.625802,GH¢ per NZD,ok,
2005-09-30,SEKGHS,Swedish Krona,Buying,"1,159.1100",GH¢ per SEK,0.115911,GH¢ per SEK,ok,
2005-09-30,SEKGHS,Swedish Krona,Selling,"1,175.0000",GH¢ per SEK,0.1175,GH¢ per SEK,ok,
2005-09-30,SEKGHS,Swedish Krona,Mid Rate,"1,167.0550",GH¢ per SEK,0.1167055,GH¢ per SEK,ok,
2005-10-03,USDGHS,US Dollar,Buying,"8,991.8200",GH¢ per USD,0.899182,GH¢ per USD,ok,
2005-10-03,USDGHS,US Dollar,Selling,"9,119.0900",GH¢ per USD,0.911909,GH¢ per USD,ok,
2005-10-03,USDGHS,US Dollar,Mid Rate,"9,055.4550",GH¢ per USD,0.9055455,GH¢ per USD,ok,
2005-10-03,CADGHS,Canadian Dollar,Buying,"7,728.7800",GH¢ per CAD,0.772878,GH¢ per CAD,ok,
2005-10-03,CADGHS,Canadian Dollar,Selling,"7,835.2900",GH¢ per CAD,0.783529,GH¢ per CAD,ok,
2005-10-03,CADGHS,Canadian Dollar,Mid Rate,"7,782.0350",GH¢ per CAD,0.7782035,GH¢ per CAD,ok,
2005-10-03,CHFGHS,Swiss Franc,Buying,"6,923.0300",GH¢ per CHF,0.692303,GH¢ per CHF,ok,
2005-10-03,CHFGHS,Swiss Franc,Selling,"7,019.1400",GH¢ per CHF,0.701914,GH¢ per CHF,ok,
2005-10-03,CHFGHS,Swiss Franc,Mid Rate,"6,971.0850",GH¢ per CHF,0.6971085,GH¢ per CHF,ok,
2005-10-03,DKKGHS,Danish Krone,Buying,"1,441.0600",GH¢ per DKK,0.144106,GH¢ per DKK,ok,
2005-10-03,DKKGHS,Danish Krone,Selling,"1,461.1700",GH¢ per DKK,0.146117,GH¢ per DKK,ok,
2005-10-03,DKKGHS,Danish Krone,Mid Rate,"1,451.1150",GH¢ per DKK,0.1451115,GH¢ per DKK,ok,
2005-10-03,GBPGHS,Pound Sterling,Buying,"15,791.4300",GH¢ per GBP,1.579143,GH¢ per GBP,ok,
2005-10-03,GBPGHS,Pound Sterling,Selling,"16,017.6800",GH¢ per GBP,1.601768,GH¢ per GBP,ok,
2005-10-03,GBPGHS,Pound Sterling,Mid Rate,"15,904.5550",GH¢ per GBP,1.5904555,GH¢ per GBP,ok,
2005-10-03,JPYGHS,Japanese yen,Buying,78.9000,GH¢ per JPY,0.00789,GH¢ per JPY,ok,
2005-10-03,JPYGHS,Japanese yen,Selling,79.9800,GH¢ per JPY,0.007998,GH¢ per JPY,ok,
2005-10-03,JPYGHS,Japanese yen,Mid Rate,79.4400,GH¢ per JPY,0.007944,GH¢ per JPY,ok,
2005-10-03,NOKGHS,Norwegian Krone,Buying,"1,363.4000",GH¢ per NOK,0.13634,GH¢ per NOK,ok,
2005-10-03,NOKGHS,Norwegian Krone,Selling,"1,382.3600",GH¢ per NOK,0.138236,GH¢ per NOK,ok,
2005-10-03,NOKGHS,Norwegian Krone,Mid Rate,"1,372.8800",GH¢ per NOK,0.137288,GH¢ per NOK,ok,
2005-10-03,NZDGHS,New Zealand Dollar,Buying,"6,207.6100",GH¢ per NZD,0.620761,GH¢ per NZD,ok,
2005-10-03,NZDGHS,New Zealand Dollar,Selling,"6,307.7600",GH¢ per NZD,0.630776,GH¢ per NZD,ok,
2005-10-03,NZDGHS,New Zealand Dollar,Mid Rate,"6,257.6850",GH¢ per NZD,0.6257685,GH¢ per NZD,ok,
2005-10-03,SEKGHS,Swedish Krona,Buying,"1,156.4600",GH¢ per SEK,0.115646,GH¢ per SEK,ok,
2005-10-03,SEKGHS,Swedish Krona,Selling,"1,172.5900",GH¢ per SEK,0.117259,GH¢ per SEK,ok,
2005-10-03,SEKGHS,Swedish Krona,Mid Rate,"1,164.5250",GH¢ per SEK,0.1164525,GH¢ per SEK,ok,
2005-10-04,USDGHS,US Dollar,Buying,"8,991.8200",GH¢ per USD,0.899182,GH¢ per USD,ok,
2005-10-04,USDGHS,US Dollar,Selling,"9,118.6400",GH¢ per USD,0.911864,GH¢ per USD,ok,
2005-10-04,USDGHS,US Dollar,Mid Rate,"9,055.2300",GH¢ per USD,0.905523,GH¢ per USD,ok,
2005-10-04,AUDGHS,Australian Dollar,Selling,"6,958.1700",GH¢ per AUD,0.695817,GH¢ per AUD,ok,
2005-10-04,AUDGHS,Australian Dollar,Mid Rate,"3,479.0850",GH¢ per AUD,0.3479085,GH¢ per AUD,ok,
2005-10-04,CADGHS,Canadian Dollar,Buying,"7,711.3500",GH¢ per CAD,0.771135,GH¢ per CAD,ok,
2005-10-04,CADGHS,Canadian Dollar,Selling,"7,817.2500",GH¢ per CAD,0.781725,GH¢ per CAD,ok,
2005-10-04,CADGHS,Canadian Dollar,Mid Rate,"7,764.3000",GH¢ per CAD,0.77643,GH¢ per CAD,ok,
2005-10-04,CHFGHS,Swiss Franc,Buying,"6,905.7400",GH¢ per CHF,0.690574,GH¢ per CHF,ok,
2005-10-04,CHFGHS,Swiss Franc,Selling,"7,001.2700",GH¢ per CHF,0.700127,GH¢ per CHF,ok,
2005-10-04,CHFGHS,Swiss Franc,Mid Rate,"6,953.5050",GH¢ per CHF,0.6953505,GH¢ per CHF,ok,
2005-10-04,DKKGHS,Danish Krone,Buying,"1,436.0000",GH¢ per DKK,0.1436,GH¢ per DKK,ok,
2005-10-04,DKKGHS,Danish Krone,Selling,"1,455.9200",GH¢ per DKK,0.145592,GH¢ per DKK,ok,
2005-10-04,DKKGHS,Danish Krone,Mid Rate,"1,445.9600",GH¢ per DKK,0.144596,GH¢ per DKK,ok,
2005-10-04,GBPGHS,Pound Sterling,Buying,"15,785.1000",GH¢ per GBP,1.57851,GH¢ per GBP,ok,
2005-10-04,GBPGHS,Pound Sterling,Selling,"16,010.5000",GH¢ per GBP,1.60105,GH¢ per GBP,ok,
2005-10-04,GBPGHS,Pound Sterling,Mid Rate,"15,897.8000",GH¢ per GBP,1.58978,GH¢ per GBP,ok,
2005-10-04,JPYGHS,Japanese yen,Buying,78.7700,GH¢ per JPY,0.007877,GH¢ per JPY,ok,
2005-10-04,JPYGHS,Japanese yen,Selling,79.8500,GH¢ per JPY,0.007985,GH¢ per JPY,ok,
2005-10-04,JPYGHS,Japanese yen,Mid Rate,79.3100,GH¢ per JPY,0.007931,GH¢ per JPY,ok,
2005-10-04,NOKGHS,Norwegian Krone,Buying,"1,361.3200",GH¢ per NOK,0.136132,GH¢ per NOK,ok,
2005-10-04,NOKGHS,Norwegian Krone,Selling,"1,379.9400",GH¢ per NOK,0.137994,GH¢ per NOK,ok,
2005-10-04,NOKGHS,Norwegian Krone,Mid Rate,"1,370.6300",GH¢ per NOK,0.137063,GH¢ per NOK,ok,
2005-10-04,NZDGHS,New Zealand Dollar,Buying,"6,225.6600",GH¢ per NZD,0.622566,GH¢ per NZD,ok,
2005-10-04,NZDGHS,New Zealand Dollar,Selling,"6,325.7500",GH¢ per NZD,0.632575,GH¢ per NZD,ok,
2005-10-04,NZDGHS,New Zealand Dollar,Mid Rate,"6,275.7050",GH¢ per NZD,0.6275705,GH¢ per NZD,ok,
2005-10-05,USDGHS,US Dollar,Buying,"8,991.8200",GH¢ per USD,0.899182,GH¢ per USD,ok,
2005-10-05,USDGHS,US Dollar,Selling,"9,118.6400",GH¢ per USD,0.911864,GH¢ per USD,ok,
2005-10-05,USDGHS,US Dollar,Mid Rate,"9,055.2300",GH¢ per USD,0.905523,GH¢ per USD,ok,
2005-10-05,AUDGHS,Australian Dollar,Selling,"6,931.6500",GH¢ per AUD,0.693165,GH¢ per AUD,ok,
2005-10-05,AUDGHS,Australian Dollar,Mid Rate,"3,465.8250",GH¢ per AUD,0.3465825,GH¢ per AUD,ok,
2005-10-05,CADGHS,Canadian Dollar,Buying,"7,672.1400",GH¢ per CAD,0.767214,GH¢ per CAD,ok,
2005-10-05,CADGHS,Canadian Dollar,Selling,"7,775.5900",GH¢ per CAD,0.777559,GH¢ per CAD,ok,
2005-10-05,CADGHS,Canadian Dollar,Mid Rate,"7,723.8650",GH¢ per CAD,0.7723865,GH¢ per CAD,ok,
2005-10-05,CHFGHS,Swiss Franc,Buying,"6,928.6100",GH¢ per CHF,0.692861,GH¢ per CHF,ok,
2005-10-05,CHFGHS,Swiss Franc,Selling,"7,023.4400",GH¢ per CHF,0.702344,GH¢ per CHF,ok,
2005-10-05,CHFGHS,Swiss Franc,Mid Rate,"6,976.0250",GH¢ per CHF,0.6976025,GH¢ per CHF,ok,
2005-10-05,DKKGHS,Danish Krone,Buying,"1,440.3100",GH¢ per DKK,0.144031,GH¢ per DKK,ok,
2005-10-05,DKKGHS,Danish Krone,Selling,"1,459.6700",GH¢ per DKK,0.145967,GH¢ per DKK,ok,
2005-10-05,DKKGHS,Danish Krone,Mid Rate,"1,449.9900",GH¢ per DKK,0.144999,GH¢ per DKK,ok,
2005-10-05,GBPGHS,Pound Sterling,Buying,"15,849.8000",GH¢ per GBP,1.58498,GH¢ per GBP,ok,
2005-10-05,GBPGHS,Pound Sterling,Selling,"16,075.2000",GH¢ per GBP,1.60752,GH¢ per GBP,ok,
2005-10-05,GBPGHS,Pound Sterling,Mid Rate,"15,962.5000",GH¢ per GBP,1.59625,GH¢ per GBP,ok,
2005-10-05,JPYGHS,Japanese yen,Buying,79.0000,GH¢ per JPY,0.0079,GH¢ per JPY,ok,
2005-10-05,JPYGHS,Japanese yen,Selling,80.0800,GH¢ per JPY,0.008008,GH¢ per JPY,ok,
2005-10-05,JPYGHS,Japanese yen,Mid Rate,79.5400,GH¢ per JPY,0.007954,GH¢ per JPY,ok,
2005-10-05,NOKGHS,Norwegian Krone,Buying,"1,360.1500",GH¢ per NOK,0.136015,GH¢ per NOK,ok,
2005-10-05,NOKGHS,Norwegian Krone,Selling,"1,378.6300",GH¢ per NOK,0.137863,GH¢ per NOK,ok,
2005-10-05,NOKGHS,Norwegian Krone,Mid Rate,"1,369.3900",GH¢ per NOK,0.136939,GH¢ per NOK,ok,
2005-10-05,NZDGHS,New Zealand Dollar,Buying,"6,254.3600",GH¢ per NZD,0.625436,GH¢ per NZD,ok,
2005-10-05,NZDGHS,New Zealand Dollar,Selling,"6,348.1200",GH¢ per NZD,0.634812,GH¢ per NZD,ok,
2005-10-05,NZDGHS,New Zealand Dollar,Mid Rate,"6,301.2400",GH¢ per NZD,0.630124,GH¢ per NZD,ok,
2005-10-05,SEKGHS,Swedish Krona,Buying,"1,155.3700",GH¢ per SEK,0.115537,GH¢ per SEK,ok,
2005-10-05,SEKGHS,Swedish Krona,Selling,"1,170.0900",GH¢ per SEK,0.117009,GH¢ per SEK,ok,
2005-10-05,SEKGHS,Swedish Krona,Mid Rate,"1,162.7300",GH¢ per SEK,0.116273,GH¢ per SEK,ok,
2005-10-06,USDGHS,US Dollar,Buying,"8,991.8200",GH¢ per USD,0.899182,GH¢ per USD,ok,
2005-10-06,USDGHS,US Dollar,Selling,"9,118.6400",GH¢ per USD,0.911864,GH¢ per USD,ok,
2005-10-06,USDGHS,US Dollar,Mid Rate,"9,055.2300",GH¢ per USD,0.905523,GH¢ per USD,ok,
2005-10-06,AUDGHS,Australian Dollar,Selling,"6,931.6500",GH¢ per AUD,0.693165,GH¢ per AUD,ok,
2005-10-06,AUDGHS,Australian Dollar,Mid Rate,"3,465.8250",GH¢ per AUD,0.3465825,GH¢ per AUD,ok,
2005-10-06,CADGHS,Canadian Dollar,Buying,"7,672.1400",GH¢ per CAD,0.767214,GH¢ per CAD,ok,
2005-10-06,CADGHS,Canadian Dollar,Selling,"7,775.5900",GH¢ per CAD,0.777559,GH¢ per CAD,ok,
2005-10-06,CADGHS,Canadian Dollar,Mid Rate,"7,723.8650",GH¢ per CAD,0.7723865,GH¢ per CAD,ok,
2005-10-06,CHFGHS,Swiss Franc,Buying,"6,928.6100",GH¢ per CHF,0.692861,GH¢ per CHF,ok,
2005-10-06,CHFGHS,Swiss Franc,Selling,"7,023.4400",GH¢ per CHF,0.702344,GH¢ per CHF,ok,
2005-10-06,CHFGHS,Swiss Franc,Mid Rate,"6,976.0250",GH¢ per CHF,0.6976025,GH¢ per CHF,ok,
2005-10-06,DKKGHS,Danish Krone,Buying,"1,440.3100",GH¢ per DKK,0.144031,GH¢ per DKK,ok,
2005-10-06,DKKGHS,Danish Krone,Selling,"1,459.6700",GH¢ per DKK,0.145967,GH¢ per DKK,ok,
2005-10-06,DKKGHS,Danish Krone,Mid Rate,"1,449.9900",GH¢ per DKK,0.144999,GH¢ per DKK,ok,
2005-10-06,GBPGHS,Pound Sterling,Buying,"15,849.8000",GH¢ per GBP,1.58498,GH¢ per GBP,ok,
2005-10-06,GBPGHS,Pound Sterling,Selling,"16,075.2000",GH¢ per GBP,1.60752,GH¢ per GBP,ok,
2005-10-06,GBPGHS,Pound Sterling,Mid Rate,"15,962.5000",GH¢ per GBP,1.59625,GH¢ per GBP,ok,
2005-10-06,JPYGHS,Japanese yen,Buying,79.0000,GH¢ per JPY,0.0079,GH¢ per JPY,ok,
2005-10-06,JPYGHS,Japanese yen,Selling,80.0800,GH¢ per JPY,0.008008,GH¢ per JPY,ok,
2005-10-06,JPYGHS,Japanese yen,Mid Rate,79.5400,GH¢ per JPY,0.007954,GH¢ per JPY,ok,
2005-10-06,NOKGHS,Norwegian Krone,Buying,"1,360.1500",GH¢ per NOK,0.136015,GH¢ per NOK,ok,
2005-10-06,NOKGHS,Norwegian Krone,Selling,"1,378.6300",GH¢ per NOK,0.137863,GH¢ per NOK,ok,
2005-10-06,NOKGHS,Norwegian Krone,Mid Rate,"1,369.3900",GH¢ per NOK,0.136939,GH¢ per NOK,ok,
2005-10-06,NZDGHS,New Zealand Dollar,Buying,"6,254.3600",GH¢ per NZD,0.625436,GH¢ per NZD,ok,
2005-10-06,NZDGHS,New Zealand Dollar,Selling,"6,348.1200",GH¢ per NZD,0.634812,GH¢ per NZD,ok,
2005-10-06,NZDGHS,New Zealand Dollar,Mid Rate,"6,301.2400",GH¢ per NZD,0.630124,GH¢ per NZD,ok,
2005-10-06,SEKGHS,Swedish Krona,Buying,"1,155.3700",GH¢ per SEK,0.115537,GH¢ per SEK,ok,
2005-10-06,SEKGHS,Swedish Krona,Selling,"1,170.0900",GH¢ per SEK,0.117009,GH¢ per SEK,ok,
2005-10-06,SEKGHS,Swedish Krona,Mid Rate,"1,162.7300",GH¢ per SEK,0.116273,GH¢ per SEK,ok,
2005-10-07,USDGHS,US Dollar,Buying,"8,992.7300",GH¢ per USD,0.899273,GH¢ per USD,ok,
2005-10-07,USDGHS,US Dollar,Selling,"9,119.5500",GH¢ per USD,0.911955,GH¢ per USD,ok,
2005-10-07,USDGHS,US Dollar,Mid Rate,"9,056.1400",GH¢ per USD,0.905614,GH¢ per USD,ok,
2005-10-07,AUDGHS,Australian Dollar,Selling,"6,928.5100",GH¢ per AUD,0.692851,GH¢ per AUD,ok,
2005-10-07,AUDGHS,Australian Dollar,Mid Rate,"3,464.2550",GH¢ per AUD,0.3464255,GH¢ per AUD,ok,
2005-10-07,CADGHS,Canadian Dollar,Buying,"7,617.8500",GH¢ per CAD,0.761785,GH¢ per CAD,ok,
2005-10-07,CADGHS,Canadian Dollar,Selling,"7,721.7800",GH¢ per CAD,0.772178,GH¢ per CAD,ok,
2005-10-07,CADGHS,Canadian Dollar,Mid Rate,"7,669.8150",GH¢ per CAD,0.7669815,GH¢ per CAD,ok,
2005-10-07,CHFGHS,Swiss Franc,Buying,"7,057.0800",GH¢ per CHF,0.705708,GH¢ per CHF,ok,
2005-10-07,CHFGHS,Swiss Franc,Selling,"7,153.6900",GH¢ per CHF,0.715369,GH¢ per CHF,ok,
2005-10-07,CHFGHS,Swiss Franc,Mid Rate,"7,105.3850",GH¢ per CHF,0.7105385,GH¢ per CHF,ok,
2005-10-07,DKKGHS,Danish Krone,Buying,"1,465.5700",GH¢ per DKK,0.146557,GH¢ per DKK,ok,
2005-10-07,DKKGHS,Danish Krone,Selling,"1,485.2600",GH¢ per DKK,0.148526,GH¢ per DKK,ok,
2005-10-07,DKKGHS,Danish Krone,Mid Rate,"1,475.4150",GH¢ per DKK,0.1475415,GH¢ per DKK,ok,
2005-10-07,GBPGHS,Pound Sterling,Buying,"15,904.5000",GH¢ per GBP,1.59045,GH¢ per GBP,ok,
2005-10-07,GBPGHS,Pound Sterling,Selling,"16,131.5000",GH¢ per GBP,1.61315,GH¢ per GBP,ok,
2005-10-07,GBPGHS,Pound Sterling,Mid Rate,"16,018.0000",GH¢ per GBP,1.6018,GH¢ per GBP,ok,
2005-10-07,JPYGHS,Japanese yen,Buying,79.2800,GH¢ per JPY,0.007928,GH¢ per JPY,ok,
2005-10-07,JPYGHS,Japanese yen,Selling,80.3600,GH¢ per JPY,0.008036,GH¢ per JPY,ok,
2005-10-07,JPYGHS,Japanese yen,Mid Rate,79.8200,GH¢ per JPY,0.007982,GH¢ per JPY,ok,
2005-10-07,NOKGHS,Norwegian Krone,Buying,"1,383.9900",GH¢ per NOK,0.138399,GH¢ per NOK,ok,
2005-10-07,NOKGHS,Norwegian Krone,Selling,"1,401.7600",GH¢ per NOK,0.140176,GH¢ per NOK,ok,
2005-10-07,NOKGHS,Norwegian Krone,Mid Rate,"1,392.8750",GH¢ per NOK,0.1392875,GH¢ per NOK,ok,
2005-10-07,NZDGHS,New Zealand Dollar,Buying,"6,269.5700",GH¢ per NZD,0.626957,GH¢ per NZD,ok,
2005-10-07,NZDGHS,New Zealand Dollar,Selling,"6,365.5200",GH¢ per NZD,0.636552,GH¢ per NZD,ok,
2005-10-07,NZDGHS,New Zealand Dollar,Mid Rate,"6,317.5450",GH¢ per NZD,0.6317545,GH¢ per NZD,ok,
2005-10-07,SEKGHS,Swedish Krona,Buying,"1,170.6200",GH¢ per SEK,0.117062,GH¢ per SEK,ok,
2005-10-07,SEKGHS,Swedish Krona,Selling,"1,186.6200",GH¢ per SEK,0.118662,GH¢ per SEK,ok,
2005-10-07,SEKGHS,Swedish Krona,Mid Rate,"1,178.6200",GH¢ per SEK,0.117862,GH¢ per SEK,ok,
2005-10-10,USDGHS,US Dollar,Buying,"8,992.7300",GH¢ per USD,0.899273,GH¢ per USD,ok,
2005-10-10,USDGHS,US Dollar,Selling,"9,119.5500",GH¢ per USD,0.911955,GH¢ per USD,ok,
2005-10-10,USDGHS,US Dollar,Mid Rate,"9,056.1400",GH¢ per USD,0.905614,GH¢ per USD,ok,
2005-10-10,AUDGHS,Australian Dollar,Selling,"6,930.3400",GH¢ per AUD,0.693034,GH¢ per AUD,ok,
2005-10-10,AUDGHS,Australian Dollar,Mid Rate,"3,465.1700",GH¢ per AUD,0.346517,GH¢ per AUD,ok,
2005-10-10,CADGHS,Canadian Dollar,Buying,"7,652.7900",GH¢ per CAD,0.765279,GH¢ per CAD,ok,
2005-10-10,CADGHS,Canadian Dollar,Selling,"7,759.4100",GH¢ per CAD,0.775941,GH¢ per CAD,ok,
2005-10-10,CADGHS,Canadian Dollar,Mid Rate,"7,706.1000",GH¢ per CAD,0.77061,GH¢ per CAD,ok,
2005-10-10,CHFGHS,Swiss Franc,Buying,"7,047.7500",GH¢ per CHF,0.704775,GH¢ per CHF,ok,
2005-10-10,CHFGHS,Swiss Franc,Selling,"7,145.8200",GH¢ per CHF,0.714582,GH¢ per CHF,ok,
2005-10-10,CHFGHS,Swiss Franc,Mid Rate,"7,096.7850",GH¢ per CHF,0.7096785,GH¢ per CHF,ok,
2005-10-10,DKKGHS,Danish Krone,Buying,"1,464.1200",GH¢ per DKK,0.146412,GH¢ per DKK,ok,
2005-10-10,DKKGHS,Danish Krone,Selling,"1,483.8400",GH¢ per DKK,0.148384,GH¢ per DKK,ok,
2005-10-10,DKKGHS,Danish Krone,Mid Rate,"1,473.9800",GH¢ per DKK,0.147398,GH¢ per DKK,ok,
2005-10-10,GBPGHS,Pound Sterling,Buying,"15,849.6000",GH¢ per GBP,1.58496,GH¢ per GBP,ok,
2005-10-10,GBPGHS,Pound Sterling,Selling,"16,075.9000",GH¢ per GBP,1.60759,GH¢ per GBP,ok,
2005-10-10,GBPGHS,Pound Sterling,Mid Rate,"15,962.7500",GH¢ per GBP,1.596275,GH¢ per GBP,ok,
2005-10-10,JPYGHS,Japanese yen,Buying,79.1900,GH¢ per JPY,0.007919,GH¢ per JPY,ok,
2005-10-10,JPYGHS,Japanese yen,Selling,80.2700,GH¢ per JPY,0.008027,GH¢ per JPY,ok,
2005-10-10,JPYGHS,Japanese yen,Mid Rate,79.7300,GH¢ per JPY,0.007973,GH¢ per JPY,ok,
2005-10-10,NOKGHS,Norwegian Krone,Buying,"1,380.6300",GH¢ per NOK,0.138063,GH¢ per NOK,ok,
2005-10-10,NOKGHS,Norwegian Krone,Selling,"1,398.6000",GH¢ per NOK,0.13986,GH¢ per NOK,ok,
2005-10-10,NOKGHS,Norwegian Krone,Mid Rate,"1,389.6150",GH¢ per NOK,0.1389615,GH¢ per NOK,ok,
2005-10-10,NZDGHS,New Zealand Dollar,Buying,"6,281.2300",GH¢ per NZD,0.628123,GH¢ per NZD,ok,
2005-10-10,NZDGHS,New Zealand Dollar,Selling,"6,377.3300",GH¢ per NZD,0.637733,GH¢ per NZD,ok,
2005-10-10,NZDGHS,New Zealand Dollar,Mid Rate,"6,329.2800",GH¢ per NZD,0.632928,GH¢ per NZD,ok,
2005-10-10,SEKGHS,Swedish Krona,Buying,"1,169.3900",GH¢ per SEK,0.116939,GH¢ per SEK,ok,
2005-10-10,SEKGHS,Swedish Krona,Selling,"1,185.5800",GH¢ per SEK,0.118558,GH¢ per SEK,ok,
2005-10-10,SEKGHS,Swedish Krona,Mid Rate,"1,177.4850",GH¢ per SEK,0.1177485,GH¢ per SEK,ok,
2005-10-11,USDGHS,US Dollar,Buying,"8,992.7300",GH¢ per USD,0.899273,GH¢ per USD,ok,
2005-10-11,USDGHS,US Dollar,Selling,"9,119.5500",GH¢ per USD,0.911955,GH¢ per USD,ok,
2005-10-11,USDGHS,US Dollar,Mid Rate,"9,056.1400",GH¢ per USD,0.905614,GH¢ per USD,ok,
2005-10-11,AUDGHS,Australian Dollar,Selling,"6,910.3400",GH¢ per AUD,0.691034,GH¢ per AUD,ok,
2005-10-11,AUDGHS,Australian Dollar,Mid Rate,"3,455.1700",GH¢ per AUD,0.345517,GH¢ per AUD,ok,
2005-10-11,CADGHS,Canadian Dollar,Buying,"7,643.7800",GH¢ per CAD,0.764378,GH¢ per CAD,ok,
2005-10-11,CADGHS,Canadian Dollar,Selling,"7,746.8100",GH¢ per CAD,0.774681,GH¢ per CAD,ok,
2005-10-11,CADGHS,Canadian Dollar,Mid Rate,"7,695.2950",GH¢ per CAD,0.7695295,GH¢ per CAD,ok,
2005-10-11,CHFGHS,Swiss Franc,Buying,"6,990.1300",GH¢ per CHF,0.699013,GH¢ per CHF,ok,
2005-10-11,CHFGHS,Swiss Franc,Selling,"7,087.0000",GH¢ per CHF,0.7087,GH¢ per CHF,ok,
2005-10-11,CHFGHS,Swiss Franc,Mid Rate,"7,038.5650",GH¢ per CHF,0.7038565,GH¢ per CHF,ok,
2005-10-11,DKKGHS,Danish Krone,Buying,"1,450.6800",GH¢ per DKK,0.145068,GH¢ per DKK,ok,
2005-10-11,DKKGHS,Danish Krone,Selling,"1,470.1400",GH¢ per DKK,0.147014,GH¢ per DKK,ok,
2005-10-11,DKKGHS,Danish Krone,Mid Rate,"1,460.4100",GH¢ per DKK,0.146041,GH¢ per DKK,ok,
2005-10-11,GBPGHS,Pound Sterling,Buying,"15,735.4000",GH¢ per GBP,1.57354,GH¢ per GBP,ok,
2005-10-11,GBPGHS,Pound Sterling,Selling,"15,959.2000",GH¢ per GBP,1.59592,GH¢ per GBP,ok,
2005-10-11,GBPGHS,Pound Sterling,Mid Rate,"15,847.3000",GH¢ per GBP,1.58473,GH¢ per GBP,ok,
2005-10-11,JPYGHS,Japanese yen,Buying,78.9500,GH¢ per JPY,0.007895,GH¢ per JPY,ok,
2005-10-11,JPYGHS,Japanese yen,Selling,80.0200,GH¢ per JPY,0.008002,GH¢ per JPY,ok,
2005-10-11,JPYGHS,Japanese yen,Mid Rate,79.4850,GH¢ per JPY,0.0079485,GH¢ per JPY,ok,
2005-10-11,NOKGHS,Norwegian Krone,Buying,"1,380.1800",GH¢ per NOK,0.138018,GH¢ per NOK,ok,
2005-10-11,NOKGHS,Norwegian Krone,Selling,"1,399.0000",GH¢ per NOK,0.1399,GH¢ per NOK,ok,
2005-10-11,NOKGHS,Norwegian Krone,Mid Rate,"1,389.5900",GH¢ per NOK,0.138959,GH¢ per NOK,ok,
2005-10-11,NZDGHS,New Zealand Dollar,Buying,"6,267.4400",GH¢ per NZD,0.626744,GH¢ per NZD,ok,
2005-10-11,NZDGHS,New Zealand Dollar,Selling,"6,367.7300",GH¢ per NZD,0.636773,GH¢ per NZD,ok,
2005-10-11,NZDGHS,New Zealand Dollar,Mid Rate,"6,317.5850",GH¢ per NZD,0.6317585,GH¢ per NZD,ok,
2005-10-11,SEKGHS,Swedish Krona,Buying,"1,159.2300",GH¢ per SEK,0.115923,GH¢ per SEK,ok,
2005-10-11,SEKGHS,Swedish Krona,Selling,"1,174.6700",GH¢ per SEK,0.117467,GH¢ per SEK,ok,
2005-10-11,SEKGHS,Swedish Krona,Mid Rate,"1,166.9500",GH¢ per SEK,0.116695,GH¢ per SEK,ok,
2005-10-12,USDGHS,US Dollar,Buying,"8,992.7300",GH¢ per USD,0.899273,GH¢ per USD,ok,
2005-10-12,USDGHS,US Dollar,Selling,"9,119.5500",GH¢ per USD,0.911955,GH¢ per USD,ok,
2005-10-12,USDGHS,US Dollar,Mid Rate,"9,056.1400",GH¢ per USD,0.905614,GH¢ per USD,ok,
2005-10-12,AUDGHS,Australian Dollar,Selling,"6,865.2400",GH¢ per AUD,0.686524,GH¢ per AUD,ok,
2005-10-12,AUDGHS,Australian Dollar,Mid Rate,"3,432.6200",GH¢ per AUD,0.343262,GH¢ per AUD,ok,
2005-10-12,CADGHS,Canadian Dollar,Buying,"7,649.4600",GH¢ per CAD,0.764946,GH¢ per CAD,ok,
2005-10-12,CADGHS,Canadian Dollar,Selling,"7,751.8000",GH¢ per CAD,0.77518,GH¢ per CAD,ok,
2005-10-12,CADGHS,Canadian Dollar,Mid Rate,"7,700.6300",GH¢ per CAD,0.770063,GH¢ per CAD,ok,
2005-10-12,CHFGHS,Swiss Franc,Buying,"6,955.8800",GH¢ per CHF,0.695588,GH¢ per CHF,ok,
2005-10-12,CHFGHS,Swiss Franc,Selling,"7,052.5900",GH¢ per CHF,0.705259,GH¢ per CHF,ok,
2005-10-12,CHFGHS,Swiss Franc,Mid Rate,"7,004.2350",GH¢ per CHF,0.7004235,GH¢ per CHF,ok,
2005-10-12,DKKGHS,Danish Krone,Buying,"1,443.3800",GH¢ per DKK,0.144338,GH¢ per DKK,ok,
2005-10-12,DKKGHS,Danish Krone,Selling,"1,463.6200",GH¢ per DKK,0.146362,GH¢ per DKK,ok,
2005-10-12,DKKGHS,Danish Krone,Mid Rate,"1,453.5000",GH¢ per DKK,0.14535,GH¢ per DKK,ok,
2005-10-12,GBPGHS,Pound Sterling,Buying,"15,665.3000",GH¢ per GBP,1.56653,GH¢ per GBP,ok,
2005-10-12,GBPGHS,Pound Sterling,Selling,"15,888.0000",GH¢ per GBP,1.5888,GH¢ per GBP,ok,
2005-10-12,GBPGHS,Pound Sterling,Mid Rate,"15,776.6500",GH¢ per GBP,1.577665,GH¢ per GBP,ok,
2005-10-12,JPYGHS,Japanese yen,Buying,78.4900,GH¢ per JPY,0.007849,GH¢ per JPY,ok,
2005-10-12,JPYGHS,Japanese yen,Selling,79.5600,GH¢ per JPY,0.007956,GH¢ per JPY,ok,
2005-10-12,JPYGHS,Japanese yen,Mid Rate,79.0250,GH¢ per JPY,0.0079025,GH¢ per JPY,ok,
2005-10-12,NOKGHS,Norwegian Krone,Buying,"1,374.5000",GH¢ per NOK,0.13745,GH¢ per NOK,ok,
2005-10-12,NOKGHS,Norwegian Krone,Selling,"1,393.3600",GH¢ per NOK,0.139336,GH¢ per NOK,ok,
2005-10-12,NOKGHS,Norwegian Krone,Mid Rate,"1,383.9300",GH¢ per NOK,0.138393,GH¢ per NOK,ok,
2005-10-12,NZDGHS,New Zealand Dollar,Buying,"6,230.1000",GH¢ per NZD,0.62301,GH¢ per NZD,ok,
2005-10-12,NZDGHS,New Zealand Dollar,Selling,"6,323.4600",GH¢ per NZD,0.632346,GH¢ per NZD,ok,
2005-10-12,NZDGHS,New Zealand Dollar,Mid Rate,"6,276.7800",GH¢ per NZD,0.627678,GH¢ per NZD,ok,
2005-10-12,SEKGHS,Swedish Krona,Buying,"1,153.9830",GH¢ per SEK,0.1153983,GH¢ per SEK,ok,
2005-10-12,SEKGHS,Swedish Krona,Selling,"1,169.6000",GH¢ per SEK,0.11696,GH¢ per SEK,ok,
2005-10-12,SEKGHS,Swedish Krona,Mid Rate,"1,161.7915",GH¢ per SEK,0.11617915,GH¢ per SEK,ok,
2005-10-13,USDGHS,US Dollar,Buying,"8,992.7300",GH¢ per USD,0.899273,GH¢ per USD,ok,
2005-10-13,USDGHS,US Dollar,Selling,"9,119.5500",GH¢ per USD,0.911955,GH¢ per USD,ok,
2005-10-13,USDGHS,US Dollar,Mid Rate,"9,056.1400",GH¢ per USD,0.905614,GH¢ per USD,ok,
2005-10-13,AUDGHS,Australian Dollar,Selling,"6,838.5000",GH¢ per AUD,0.68385,GH¢ per AUD,ok,
2005-10-13,AUDGHS,Australian Dollar,Mid Rate,"3,419.2500",GH¢ per AUD,0.341925,GH¢ per AUD,ok,
2005-10-13,CADGHS,Canadian Dollar,Buying,"7,670.0500",GH¢ per CAD,0.767005,GH¢ per CAD,ok,
2005-10-13,CADGHS,Canadian Dollar,Selling,"7,774.6800",GH¢ per CAD,0.777468,GH¢ per CAD,ok,
2005-10-13,CADGHS,Canadian Dollar,Mid Rate,"7,722.3650",GH¢ per CAD,0.7722365,GH¢ per CAD,ok,
2005-10-13,CHFGHS,Swiss Franc,Buying,"6,955.4900",GH¢ per CHF,0.695549,GH¢ per CHF,ok,
2005-10-13,CHFGHS,Swiss Franc,Selling,"7,052.0700",GH¢ per CHF,0.705207,GH¢ per CHF,ok,
2005-10-13,CHFGHS,Swiss Franc,Mid Rate,"7,003.7800",GH¢ per CHF,0.700378,GH¢ per CHF,ok,
2005-10-13,DKKGHS,Danish Krone,Buying,"1,443.1900",GH¢ per DKK,0.144319,GH¢ per DKK,ok,
2005-10-13,DKKGHS,Danish Krone,Selling,"1,463.3800",GH¢ per DKK,0.146338,GH¢ per DKK,ok,
2005-10-13,DKKGHS,Danish Krone,Mid Rate,"1,453.2850",GH¢ per DKK,0.1453285,GH¢ per DKK,ok,
2005-10-13,GBPGHS,Pound Sterling,Buying,"15,686.0000",GH¢ per GBP,1.5686,GH¢ per GBP,ok,
2005-10-13,GBPGHS,Pound Sterling,Selling,"15,910.8000",GH¢ per GBP,1.59108,GH¢ per GBP,ok,
2005-10-13,GBPGHS,Pound Sterling,Mid Rate,"15,798.4000",GH¢ per GBP,1.57984,GH¢ per GBP,ok,
2005-10-13,JPYGHS,Japanese yen,Buying,78.3000,GH¢ per JPY,0.00783,GH¢ per JPY,ok,
2005-10-13,JPYGHS,Japanese yen,Selling,79.3800,GH¢ per JPY,0.007938,GH¢ per JPY,ok,
2005-10-13,JPYGHS,Japanese yen,Mid Rate,78.8400,GH¢ per JPY,0.007884,GH¢ per JPY,ok,
2005-10-13,NOKGHS,Norwegian Krone,Buying,"1,379.6800",GH¢ per NOK,0.137968,GH¢ per NOK,ok,
2005-10-13,NOKGHS,Norwegian Krone,Selling,"1,398.7100",GH¢ per NOK,0.139871,GH¢ per NOK,ok,
2005-10-13,NOKGHS,Norwegian Krone,Mid Rate,"1,389.1950",GH¢ per NOK,0.1389195,GH¢ per NOK,ok,
2005-10-13,NZDGHS,New Zealand Dollar,Buying,"6,227.3500",GH¢ per NZD,0.622735,GH¢ per NZD,ok,
2005-10-13,NZDGHS,New Zealand Dollar,Selling,"6,321.3900",GH¢ per NZD,0.632139,GH¢ per NZD,ok,
2005-10-13,NZDGHS,New Zealand Dollar,Mid Rate,"6,274.3700",GH¢ per NZD,0.627437,GH¢ per NZD,ok,
2005-10-13,SEKGHS,Swedish Krona,Buying,"1,148.5000",GH¢ per SEK,0.11485,GH¢ per SEK,ok,
2005-10-13,SEKGHS,Swedish Krona,Selling,"1,164.1400",GH¢ per SEK,0.116414,GH¢ per SEK,ok,
2005-10-13,SEKGHS,Swedish Krona,Mid Rate,"1,156.3200",GH¢ per SEK,0.115632,GH¢ per SEK,ok,
2005-10-14,USDGHS,US Dollar,Buying,"8,992.7300",GH¢ per USD,0.899273,GH¢ per USD,ok,
2005-10-14,USDGHS,US Dollar,Selling,"9,119.5500",GH¢ per USD,0.911955,GH¢ per USD,ok,
2005-10-14,USDGHS,US Dollar,Mid Rate,"9,056.1400",GH¢ per USD,0.905614,GH¢ per USD,ok,
2005-10-14,AUDGHS,Australian Dollar,Selling,"6,857.9500",GH¢ per AUD,0.685795,GH¢ per AUD,ok,
2005-10-14,AUDGHS,Australian Dollar,Mid Rate,"3,428.9750",GH¢ per AUD,0.3428975,GH¢ per AUD,ok,
2005-10-14,CADGHS,Canadian Dollar,Buying,"7,607.5300",GH¢ per CAD,0.760753,GH¢ per CAD,ok,
2005-10-14,CADGHS,Canadian Dollar,Selling,"7,711.3700",GH¢ per CAD,0.771137,GH¢ per CAD,ok,
2005-10-14,CADGHS,Canadian Dollar,Mid Rate,"7,659.4500",GH¢ per CAD,0.765945,GH¢ per CAD,ok,
2005-10-14,CHFGHS,Swiss Franc,Buying,"6,974.7500",GH¢ per CHF,0.697475,GH¢ per CHF,ok,
2005-10-14,CHFGHS,Swiss Franc,Selling,"7,071.9100",GH¢ per CHF,0.707191,GH¢ per CHF,ok,
2005-10-14,CHFGHS,Swiss Franc,Mid Rate,"7,023.3300",GH¢ per CHF,0.702333,GH¢ per CHF,ok,
2005-10-14,DKKGHS,Danish Krone,Buying,"1,448.7200",GH¢ per DKK,0.144872,GH¢ per DKK,ok,
2005-10-14,DKKGHS,Danish Krone,Selling,"1,468.5300",GH¢ per DKK,0.146853,GH¢ per DKK,ok,
2005-10-14,DKKGHS,Danish Krone,Mid Rate,"1,458.6250",GH¢ per DKK,0.1458625,GH¢ per DKK,ok,
2005-10-14,GBPGHS,Pound Sterling,Buying,"15,789.4000",GH¢ per GBP,1.57894,GH¢ per GBP,ok,
2005-10-14,GBPGHS,Pound Sterling,Selling,"16,015.7000",GH¢ per GBP,1.60157,GH¢ per GBP,ok,
2005-10-14,GBPGHS,Pound Sterling,Mid Rate,"15,902.5500",GH¢ per GBP,1.590255,GH¢ per GBP,ok,
2005-10-14,JPYGHS,Japanese yen,Buying,78.5100,GH¢ per JPY,0.007851,GH¢ per JPY,ok,
2005-10-14,JPYGHS,Japanese yen,Selling,79.5900,GH¢ per JPY,0.007959,GH¢ per JPY,ok,
2005-10-14,JPYGHS,Japanese yen,Mid Rate,79.0500,GH¢ per JPY,0.007905,GH¢ per JPY,ok,
2005-10-14,NOKGHS,Norwegian Krone,Buying,"1,380.8600",GH¢ per NOK,0.138086,GH¢ per NOK,ok,
2005-10-14,NOKGHS,Norwegian Krone,Selling,"1,399.8300",GH¢ per NOK,0.139983,GH¢ per NOK,ok,
2005-10-14,NOKGHS,Norwegian Krone,Mid Rate,"1,390.3450",GH¢ per NOK,0.1390345,GH¢ per NOK,ok,
2005-10-14,NZDGHS,New Zealand Dollar,Buying,"6,235.2500",GH¢ per NZD,0.623525,GH¢ per NZD,ok,
2005-10-14,NZDGHS,New Zealand Dollar,Selling,"6,335.8300",GH¢ per NZD,0.633583,GH¢ per NZD,ok,
2005-10-14,NZDGHS,New Zealand Dollar,Mid Rate,"6,285.5400",GH¢ per NZD,0.628554,GH¢ per NZD,ok,
2005-10-14,SEKGHS,Swedish Krona,Buying,"1,149.4900",GH¢ per SEK,0.114949,GH¢ per SEK,ok,
2005-10-14,SEKGHS,Swedish Krona,Selling,"1,165.0700",GH¢ per SEK,0.116507,GH¢ per SEK,ok,
2005-10-14,SEKGHS,Swedish Krona,Mid Rate,"1,157.2800",GH¢ per SEK,0.115728,GH¢ per SEK,ok,
2005-10-17,USDGHS,US Dollar,Buying,"8,992.7300",GH¢ per USD,0.899273,GH¢ per USD,ok,
2005-10-17,USDGHS,US Dollar,Selling,"9,119.5500",GH¢ per USD,0.911955,GH¢ per USD,ok,
2005-10-17,USDGHS,US Dollar,Mid Rate,"9,056.1400",GH¢ per USD,0.905614,GH¢ per USD,ok,
2005-10-17,AUDGHS,Australian Dollar,Selling,"6,875.4500",GH¢ per AUD,0.687545,GH¢ per AUD,ok,
2005-10-17,AUDGHS,Australian Dollar,Mid Rate,"3,437.7250",GH¢ per AUD,0.3437725,GH¢ per AUD,ok,
2005-10-17,CADGHS,Canadian Dollar,Buying,"7,607.5800",GH¢ per CAD,0.760758,GH¢ per CAD,ok,
2005-10-17,CADGHS,Canadian Dollar,Selling,"7,713.9600",GH¢ per CAD,0.771396,GH¢ per CAD,ok,
2005-10-17,CADGHS,Canadian Dollar,Mid Rate,"7,660.7700",GH¢ per CAD,0.766077,GH¢ per CAD,ok,
2005-10-17,CHFGHS,Swiss Franc,Buying,"7,003.5000",GH¢ per CHF,0.70035,GH¢ per CHF,ok,
2005-10-17,CHFGHS,Swiss Franc,Selling,"7,100.3500",GH¢ per CHF,0.710035,GH¢ per CHF,ok,
2005-10-17,CHFGHS,Swiss Franc,Mid Rate,"7,051.9250",GH¢ per CHF,0.7051925,GH¢ per CHF,ok,
2005-10-17,DKKGHS,Danish Krone,Buying,"1,455.5100",GH¢ per DKK,0.145551,GH¢ per DKK,ok,
2005-10-17,DKKGHS,Danish Krone,Selling,"1,475.1000",GH¢ per DKK,0.14751,GH¢ per DKK,ok,
2005-10-17,DKKGHS,Danish Krone,Mid Rate,"1,465.3050",GH¢ per DKK,0.1465305,GH¢ per DKK,ok,
2005-10-17,GBPGHS,Pound Sterling,Buying,"15,893.7000",GH¢ per GBP,1.58937,GH¢ per GBP,ok,
2005-10-17,GBPGHS,Pound Sterling,Selling,"16,120.6000",GH¢ per GBP,1.61206,GH¢ per GBP,ok,
2005-10-17,GBPGHS,Pound Sterling,Mid Rate,"16,007.1500",GH¢ per GBP,1.600715,GH¢ per GBP,ok,
2005-10-17,JPYGHS,Japanese yen,Buying,78.7700,GH¢ per JPY,0.007877,GH¢ per JPY,ok,
2005-10-17,JPYGHS,Japanese yen,Selling,79.8400,GH¢ per JPY,0.007984,GH¢ per JPY,ok,
2005-10-17,JPYGHS,Japanese yen,Mid Rate,79.3050,GH¢ per JPY,0.0079305,GH¢ per JPY,ok,
2005-10-17,NOKGHS,Norwegian Krone,Buying,"1,393.1900",GH¢ per NOK,0.139319,GH¢ per NOK,ok,
2005-10-17,NOKGHS,Norwegian Krone,Selling,"1,411.1300",GH¢ per NOK,0.141113,GH¢ per NOK,ok,
2005-10-17,NOKGHS,Norwegian Krone,Mid Rate,"1,402.1600",GH¢ per NOK,0.140216,GH¢ per NOK,ok,
2005-10-17,NZDGHS,New Zealand Dollar,Buying,"6,276.4400",GH¢ per NZD,0.627644,GH¢ per NZD,ok,
2005-10-17,NZDGHS,New Zealand Dollar,Selling,"6,375.7100",GH¢ per NZD,0.637571,GH¢ per NZD,ok,
2005-10-17,NZDGHS,New Zealand Dollar,Mid Rate,"6,326.0750",GH¢ per NZD,0.6326075,GH¢ per NZD,ok,
2005-10-17,SEKGHS,Swedish Krona,Buying,"1,149.3700",GH¢ per SEK,0.114937,GH¢ per SEK,ok,
2005-10-17,SEKGHS,Swedish Krona,Selling,"1,164.3100",GH¢ per SEK,0.116431,GH¢ per SEK,ok,
2005-10-17,SEKGHS,Swedish Krona,Mid Rate,"1,156.8400",GH¢ per SEK,0.115684,GH¢ per SEK,ok,
2005-10-18,USDGHS,US Dollar,Buying,"8,994.5500",GH¢ per USD,0.899455,GH¢ per USD,ok,
2005-10-18,USDGHS,US Dollar,Selling,"9,122.2700",GH¢ per USD,0.912227,GH¢ per USD,ok,
2005-10-18,USDGHS,US Dollar,Mid Rate,"9,058.4100",GH¢ per USD,0.905841,GH¢ per USD,ok,
2005-10-18,AUDGHS,Australian Dollar,Selling,"6,821.4800",GH¢ per AUD,0.682148,GH¢ per AUD,ok,
2005-10-18,AUDGHS,Australian Dollar,Mid Rate,"3,410.7400",GH¢ per AUD,0.341074,GH¢ per AUD,ok,
2005-10-18,CADGHS,Canadian Dollar,Buying,"7,600.7800",GH¢ per CAD,0.760078,GH¢ per CAD,ok,
2005-10-18,CADGHS,Canadian Dollar,Selling,"7,705.1900",GH¢ per CAD,0.770519,GH¢ per CAD,ok,
2005-10-18,CADGHS,Canadian Dollar,Mid Rate,"7,652.9850",GH¢ per CAD,0.7652985,GH¢ per CAD,ok,
2005-10-18,CHFGHS,Swiss Franc,Buying,"6,927.9300",GH¢ per CHF,0.692793,GH¢ per CHF,ok,
2005-10-18,CHFGHS,Swiss Franc,Selling,"7,025.3500",GH¢ per CHF,0.702535,GH¢ per CHF,ok,
2005-10-18,CHFGHS,Swiss Franc,Mid Rate,"6,976.6400",GH¢ per CHF,0.697664,GH¢ per CHF,ok,
2005-10-18,DKKGHS,Danish Krone,Buying,"1,442.7100",GH¢ per DKK,0.144271,GH¢ per DKK,ok,
2005-10-18,DKKGHS,Danish Krone,Selling,"1,462.4900",GH¢ per DKK,0.146249,GH¢ per DKK,ok,
2005-10-18,DKKGHS,Danish Krone,Mid Rate,"1,452.6000",GH¢ per DKK,0.14526,GH¢ per DKK,ok,
2005-10-18,GBPGHS,Pound Sterling,Buying,"15,730.5700",GH¢ per GBP,1.573057,GH¢ per GBP,ok,
2005-10-18,GBPGHS,Pound Sterling,Selling,"15,956.6700",GH¢ per GBP,1.595667,GH¢ per GBP,ok,
2005-10-18,GBPGHS,Pound Sterling,Mid Rate,"15,843.6200",GH¢ per GBP,1.584362,GH¢ per GBP,ok,
2005-10-18,JPYGHS,Japanese yen,Buying,77.8100,GH¢ per JPY,0.007781,GH¢ per JPY,ok,
2005-10-18,JPYGHS,Japanese yen,Selling,78.8800,GH¢ per JPY,0.007888,GH¢ per JPY,ok,
2005-10-18,JPYGHS,Japanese yen,Mid Rate,78.3450,GH¢ per JPY,0.0078345,GH¢ per JPY,ok,
2005-10-18,NOKGHS,Norwegian Krone,Buying,"1,378.4600",GH¢ per NOK,0.137846,GH¢ per NOK,ok,
2005-10-18,NOKGHS,Norwegian Krone,Selling,"1,396.5100",GH¢ per NOK,0.139651,GH¢ per NOK,ok,
2005-10-18,NOKGHS,Norwegian Krone,Mid Rate,"1,387.4850",GH¢ per NOK,0.1387485,GH¢ per NOK,ok,
2005-10-18,NZDGHS,New Zealand Dollar,Buying,"6,257.6200",GH¢ per NZD,0.625762,GH¢ per NZD,ok,
2005-10-18,NZDGHS,New Zealand Dollar,Selling,"6,358.7300",GH¢ per NZD,0.635873,GH¢ per NZD,ok,
2005-10-18,NZDGHS,New Zealand Dollar,Mid Rate,"6,308.1750",GH¢ per NZD,0.6308175,GH¢ per NZD,ok,
2005-10-18,SEKGHS,Swedish Krona,Buying,"1,136.3000",GH¢ per SEK,0.11363,GH¢ per SEK,ok,
2005-10-18,SEKGHS,Swedish Krona,Selling,"1,152.2700",GH¢ per SEK,0.115227,GH¢ per SEK,ok,
2005-10-18,SEKGHS,Swedish Krona,Mid Rate,"1,144.2850",GH¢ per SEK,0.1144285,GH¢ per SEK,ok,
2005-10-19,USDGHS,US Dollar,Buying,"8,994.5500",GH¢ per USD,0.899455,GH¢ per USD,ok,
2005-10-19,USDGHS,US Dollar,Selling,"9,122.2700",GH¢ per USD,0.912227,GH¢ per USD,ok,
2005-10-19,USDGHS,US Dollar,Mid Rate,"9,058.4100",GH¢ per USD,0.905841,GH¢ per USD,ok,
2005-10-19,AUDGHS,Australian Dollar,Selling,"6,801.0400",GH¢ per AUD,0.680104,GH¢ per AUD,ok,
2005-10-19,AUDGHS,Australian Dollar,Mid Rate,"3,400.5200",GH¢ per AUD,0.340052,GH¢ per AUD,ok,
2005-10-19,CADGHS,Canadian Dollar,Buying,"7,614.0300",GH¢ per CAD,0.761403,GH¢ per CAD,ok,
2005-10-19,CADGHS,Canadian Dollar,Selling,"7,721.6700",GH¢ per CAD,0.772167,GH¢ per CAD,ok,
2005-10-19,CADGHS,Canadian Dollar,Mid Rate,"7,667.8500",GH¢ per CAD,0.766785,GH¢ per CAD,ok,
2005-10-19,CHFGHS,Swiss Franc,Buying,"6,886.9600",GH¢ per CHF,0.688696,GH¢ per CHF,ok,
2005-10-19,CHFGHS,Swiss Franc,Selling,"6,984.2100",GH¢ per CHF,0.698421,GH¢ per CHF,ok,
2005-10-19,CHFGHS,Swiss Franc,Mid Rate,"6,935.5850",GH¢ per CHF,0.6935585,GH¢ per CHF,ok,
2005-10-19,DKKGHS,Danish Krone,Buying,"1,432.6000",GH¢ per DKK,0.14326,GH¢ per DKK,ok,
2005-10-19,DKKGHS,Danish Krone,Selling,"1,452.9900",GH¢ per DKK,0.145299,GH¢ per DKK,ok,
2005-10-19,DKKGHS,Danish Krone,Mid Rate,"1,442.7950",GH¢ per DKK,0.1442795,GH¢ per DKK,ok,
2005-10-19,GBPGHS,Pound Sterling,Buying,"15,700.8900",GH¢ per GBP,1.570089,GH¢ per GBP,ok,
2005-10-19,GBPGHS,Pound Sterling,Selling,"15,927.4800",GH¢ per GBP,1.592748,GH¢ per GBP,ok,
2005-10-19,GBPGHS,Pound Sterling,Mid Rate,"15,814.1850",GH¢ per GBP,1.5814185,GH¢ per GBP,ok,
2005-10-19,JPYGHS,Japanese yen,Buying,77.5700,GH¢ per JPY,0.007757,GH¢ per JPY,ok,
2005-10-19,JPYGHS,Japanese yen,Selling,79.6400,GH¢ per JPY,0.007964,GH¢ per JPY,ok,
2005-10-19,JPYGHS,Japanese yen,Mid Rate,78.6050,GH¢ per JPY,0.0078605,GH¢ per JPY,ok,
2005-10-19,NOKGHS,Norwegian Krone,Buying,"1,367.4900",GH¢ per NOK,0.136749,GH¢ per NOK,ok,
2005-10-19,NOKGHS,Norwegian Krone,Selling,"1,386.3600",GH¢ per NOK,0.138636,GH¢ per NOK,ok,
2005-10-19,NOKGHS,Norwegian Krone,Mid Rate,"1,376.9250",GH¢ per NOK,0.1376925,GH¢ per NOK,ok,
2005-10-19,NZDGHS,New Zealand Dollar,Buying,"6,237.9600",GH¢ per NZD,0.623796,GH¢ per NZD,ok,
2005-10-19,NZDGHS,New Zealand Dollar,Selling,"6,334.3600",GH¢ per NZD,0.633436,GH¢ per NZD,ok,
2005-10-19,NZDGHS,New Zealand Dollar,Mid Rate,"6,286.1600",GH¢ per NZD,0.628616,GH¢ per NZD,ok,
2005-10-19,SEKGHS,Swedish Krona,Buying,"1,131.7300",GH¢ per SEK,0.113173,GH¢ per SEK,ok,
2005-10-19,SEKGHS,Swedish Krona,Selling,"1,146.9900",GH¢ per SEK,0.114699,GH¢ per SEK,ok,
2005-10-19,SEKGHS,Swedish Krona,Mid Rate,"1,139.3600",GH¢ per SEK,0.113936,GH¢ per SEK,ok,
2005-10-20,USDGHS,US Dollar,Buying,"8,994.5500",GH¢ per USD,0.899455,GH¢ per USD,ok,
2005-10-20,USDGHS,US Dollar,Selling,"9,135.0000",GH¢ per USD,0.9135,GH¢ per USD,ok,
2005-10-20,USDGHS,US Dollar,Mid Rate,"9,064.7750",GH¢ per USD,0.9064775,GH¢ per USD,ok,
2005-10-20,AUDGHS,Australian Dollar,Selling,"6,862.1200",GH¢ per AUD,0.686212,GH¢ per AUD,ok,
2005-10-20,AUDGHS,Australian Dollar,Mid Rate,"3,431.0600",GH¢ per AUD,0.343106,GH¢ per AUD,ok,
2005-10-20,CADGHS,Canadian Dollar,Buying,"7,640.0800",GH¢ per CAD,0.764008,GH¢ per CAD,ok,
2005-10-20,CADGHS,Canadian Dollar,Selling,"7,755.0400",GH¢ per CAD,0.775504,GH¢ per CAD,ok,
2005-10-20,CADGHS,Canadian Dollar,Mid Rate,"7,697.5600",GH¢ per CAD,0.769756,GH¢ per CAD,ok,
2005-10-20,CHFGHS,Swiss Franc,Buying,"7,073.6900",GH¢ per CHF,0.707369,GH¢ per CHF,ok,
2005-10-20,CHFGHS,Swiss Franc,Selling,"7,173.7800",GH¢ per CHF,0.717378,GH¢ per CHF,ok,
2005-10-20,CHFGHS,Swiss Franc,Mid Rate,"7,123.7350",GH¢ per CHF,0.7123735,GH¢ per CHF,ok,
2005-10-20,DKKGHS,Danish Krone,Buying,"1,443.7500",GH¢ per DKK,0.144375,GH¢ per DKK,ok,
2005-10-20,DKKGHS,Danish Krone,Selling,"1,465.9300",GH¢ per DKK,0.146593,GH¢ per DKK,ok,
2005-10-20,DKKGHS,Danish Krone,Mid Rate,"1,454.8400",GH¢ per DKK,0.145484,GH¢ per DKK,ok,
2005-10-20,GBPGHS,Pound Sterling,Buying,"15,869.9000",GH¢ per GBP,1.58699,GH¢ per GBP,ok,
2005-10-20,GBPGHS,Pound Sterling,Selling,"16,119.6000",GH¢ per GBP,1.61196,GH¢ per GBP,ok,
2005-10-20,GBPGHS,Pound Sterling,Mid Rate,"15,994.7500",GH¢ per GBP,1.599475,GH¢ per GBP,ok,
2005-10-20,JPYGHS,Japanese yen,Buying,77.8300,GH¢ per JPY,0.007783,GH¢ per JPY,ok,
2005-10-20,JPYGHS,Japanese yen,Selling,79.0100,GH¢ per JPY,0.007901,GH¢ per JPY,ok,
2005-10-20,JPYGHS,Japanese yen,Mid Rate,78.4200,GH¢ per JPY,0.007842,GH¢ per JPY,ok,
2005-10-20,NOKGHS,Norwegian Krone,Buying,"1,380.6500",GH¢ per NOK,0.138065,GH¢ per NOK,ok,
2005-10-20,NOKGHS,Norwegian Krone,Selling,"1,401.6900",GH¢ per NOK,0.140169,GH¢ per NOK,ok,
2005-10-20,NOKGHS,Norwegian Krone,Mid Rate,"1,391.1700",GH¢ per NOK,0.139117,GH¢ per NOK,ok,
2005-10-20,NZDGHS,New Zealand Dollar,Buying,"6,284.5100",GH¢ per NZD,0.628451,GH¢ per NZD,ok,
2005-10-20,NZDGHS,New Zealand Dollar,Selling,"6,394.6500",GH¢ per NZD,0.639465,GH¢ per NZD,ok,
2005-10-20,NZDGHS,New Zealand Dollar,Mid Rate,"6,339.5800",GH¢ per NZD,0.633958,GH¢ per NZD,ok,
2005-10-20,SEKGHS,Swedish Krona,Buying,"1,135.7200",GH¢ per SEK,0.113572,GH¢ per SEK,ok,
2005-10-20,SEKGHS,Swedish Krona,Selling,"1,152.9700",GH¢ per SEK,0.115297,GH¢ per SEK,ok,
2005-10-20,SEKGHS,Swedish Krona,Mid Rate,"1,144.3450",GH¢ per SEK,0.1144345,GH¢ per SEK,ok,
2005-10-21,USDGHS,US Dollar,Buying,"8,994.5500",GH¢ per USD,0.899455,GH¢ per USD,ok,
2005-10-21,USDGHS,US Dollar,Selling,"9,136.8200",GH¢ per USD,0.913682,GH¢ per USD,ok,
2005-10-21,USDGHS,US Dollar,Mid Rate,"9,065.6850",GH¢ per USD,0.9065685,GH¢ per USD,ok,
2005-10-21,AUDGHS,Australian Dollar,Selling,"6,881.6900",GH¢ per AUD,0.688169,GH¢ per AUD,ok,
2005-10-21,AUDGHS,Australian Dollar,Mid Rate,"3,440.8450",GH¢ per AUD,0.3440845,GH¢ per AUD,ok,
2005-10-21,CADGHS,Canadian Dollar,Buying,"7,647.7400",GH¢ per CAD,0.764774,GH¢ per CAD,ok,
2005-10-21,CADGHS,Canadian Dollar,Selling,"7,763.6300",GH¢ per CAD,0.776363,GH¢ per CAD,ok,
2005-10-21,CADGHS,Canadian Dollar,Mid Rate,"7,705.6850",GH¢ per CAD,0.7705685,GH¢ per CAD,ok,
2005-10-21,CHFGHS,Swiss Franc,Buying,"7,001.9000",GH¢ per CHF,0.70019,GH¢ per CHF,ok,
2005-10-21,CHFGHS,Swiss Franc,Selling,"7,109.4000",GH¢ per CHF,0.71094,GH¢ per CHF,ok,
2005-10-21,CHFGHS,Swiss Franc,Mid Rate,"7,055.6500",GH¢ per CHF,0.705565,GH¢ per CHF,ok,
2005-10-21,DKKGHS,Danish Krone,Buying,"1,451.2000",GH¢ per DKK,0.14512,GH¢ per DKK,ok,
2005-10-21,DKKGHS,Danish Krone,Selling,"1,473.6900",GH¢ per DKK,0.147369,GH¢ per DKK,ok,
2005-10-21,DKKGHS,Danish Krone,Mid Rate,"1,462.4450",GH¢ per DKK,0.1462445,GH¢ per DKK,ok,
2005-10-21,GBPGHS,Pound Sterling,Buying,"15,960.8300",GH¢ per GBP,1.596083,GH¢ per GBP,ok,
2005-10-21,GBPGHS,Pound Sterling,Selling,"16,215.1100",GH¢ per GBP,1.621511,GH¢ per GBP,ok,
2005-10-21,GBPGHS,Pound Sterling,Mid Rate,"16,087.9700",GH¢ per GBP,1.608797,GH¢ per GBP,ok,
2005-10-21,JPYGHS,Japanese yen,Buying,78.0200,GH¢ per JPY,0.007802,GH¢ per JPY,ok,
2005-10-21,JPYGHS,Japanese yen,Selling,79.2200,GH¢ per JPY,0.007922,GH¢ per JPY,ok,
2005-10-21,JPYGHS,Japanese yen,Mid Rate,78.6200,GH¢ per JPY,0.007862,GH¢ per JPY,ok,
2005-10-21,NOKGHS,Norwegian Krone,Buying,"1,389.0900",GH¢ per NOK,0.138909,GH¢ per NOK,ok,
2005-10-21,NOKGHS,Norwegian Krone,Selling,"1,410.3200",GH¢ per NOK,0.141032,GH¢ per NOK,ok,
2005-10-21,NOKGHS,Norwegian Krone,Mid Rate,"1,399.7050",GH¢ per NOK,0.1399705,GH¢ per NOK,ok,
2005-10-21,NZDGHS,New Zealand Dollar,Buying,"6,334.8500",GH¢ per NZD,0.633485,GH¢ per NZD,ok,
2005-10-21,NZDGHS,New Zealand Dollar,Selling,"6,439.0200",GH¢ per NZD,0.643902,GH¢ per NZD,ok,
2005-10-21,NZDGHS,New Zealand Dollar,Mid Rate,"6,386.9350",GH¢ per NZD,0.6386935,GH¢ per NZD,ok,
2005-10-21,SEKGHS,Swedish Krona,Buying,"1,141.6900",GH¢ per SEK,0.114169,GH¢ per SEK,ok,
2005-10-21,SEKGHS,Swedish Krona,Selling,"1,159.1900",GH¢ per SEK,0.115919,GH¢ per SEK,ok,
2005-10-21,SEKGHS,Swedish Krona,Mid Rate,"1,150.4400",GH¢ per SEK,0.115044,GH¢ per SEK,ok,
2005-10-24,USDGHS,US Dollar,Buying,"8,995.4500",GH¢ per USD,0.899545,GH¢ per USD,ok,
2005-10-24,USDGHS,US Dollar,Selling,"9,124.0900",GH¢ per USD,0.912409,GH¢ per USD,ok,
2005-10-24,USDGHS,US Dollar,Mid Rate,"9,059.7700",GH¢ per USD,0.905977,GH¢ per USD,ok,
2005-10-24,AUDGHS,Australian Dollar,Selling,"6,835.1900",GH¢ per AUD,0.683519,GH¢ per AUD,ok,
2005-10-24,AUDGHS,Australian Dollar,Mid Rate,"3,417.5950",GH¢ per AUD,0.3417595,GH¢ per AUD,ok,
2005-10-24,CADGHS,Canadian Dollar,Buying,"7,589.7100",GH¢ per CAD,0.758971,GH¢ per CAD,ok,
2005-10-24,CADGHS,Canadian Dollar,Selling,"7,694.4100",GH¢ per CAD,0.769441,GH¢ per CAD,ok,
2005-10-24,CADGHS,Canadian Dollar,Mid Rate,"7,642.0600",GH¢ per CAD,0.764206,GH¢ per CAD,ok,
2005-10-24,CHFGHS,Swiss Franc,Buying,"6,957.5900",GH¢ per CHF,0.695759,GH¢ per CHF,ok,
2005-10-24,CHFGHS,Swiss Franc,Selling,"7,056.1300",GH¢ per CHF,0.705613,GH¢ per CHF,ok,
2005-10-24,CHFGHS,Swiss Franc,Mid Rate,"7,006.8600",GH¢ per CHF,0.700686,GH¢ per CHF,ok,
2005-10-24,DKKGHS,Danish Krone,Buying,"1,440.2300",GH¢ per DKK,0.144023,GH¢ per DKK,ok,
2005-10-24,DKKGHS,Danish Krone,Selling,"1,460.4900",GH¢ per DKK,0.146049,GH¢ per DKK,ok,
2005-10-24,DKKGHS,Danish Krone,Mid Rate,"1,450.3600",GH¢ per DKK,0.145036,GH¢ per DKK,ok,
2005-10-24,GBPGHS,Pound Sterling,Buying,"15,905.7500",GH¢ per GBP,1.590575,GH¢ per GBP,ok,
2005-10-24,GBPGHS,Pound Sterling,Selling,"16,135.9500",GH¢ per GBP,1.613595,GH¢ per GBP,ok,
2005-10-24,GBPGHS,Pound Sterling,Mid Rate,"16,020.8500",GH¢ per GBP,1.602085,GH¢ per GBP,ok,
2005-10-24,JPYGHS,Japanese yen,Buying,77.8300,GH¢ per JPY,0.007783,GH¢ per JPY,ok,
2005-10-24,JPYGHS,Japanese yen,Selling,78.9100,GH¢ per JPY,0.007891,GH¢ per JPY,ok,
2005-10-24,JPYGHS,Japanese yen,Mid Rate,78.3700,GH¢ per JPY,0.007837,GH¢ per JPY,ok,
2005-10-24,NOKGHS,Norwegian Krone,Buying,"1,377.1000",GH¢ per NOK,0.13771,GH¢ per NOK,ok,
2005-10-24,NOKGHS,Norwegian Krone,Selling,"1,396.4200",GH¢ per NOK,0.139642,GH¢ per NOK,ok,
2005-10-24,NOKGHS,Norwegian Krone,Mid Rate,"1,386.7600",GH¢ per NOK,0.138676,GH¢ per NOK,ok,
2005-10-24,NZDGHS,New Zealand Dollar,Buying,"6,308.2200",GH¢ per NZD,0.630822,GH¢ per NZD,ok,
2005-10-24,NZDGHS,New Zealand Dollar,Selling,"6,410.8100",GH¢ per NZD,0.641081,GH¢ per NZD,ok,
2005-10-24,NZDGHS,New Zealand Dollar,Mid Rate,"6,359.5150",GH¢ per NZD,0.6359515,GH¢ per NZD,ok,
2005-10-24,SEKGHS,Swedish Krona,Buying,"1,125.8400",GH¢ per SEK,0.112584,GH¢ per SEK,ok,
2005-10-24,SEKGHS,Swedish Krona,Selling,"1,141.5300",GH¢ per SEK,0.114153,GH¢ per SEK,ok,
2005-10-24,SEKGHS,Swedish Krona,Mid Rate,"1,133.6850",GH¢ per SEK,0.1133685,GH¢ per SEK,ok,
2005-10-26,USDGHS,US Dollar,Buying,"8,995.4500",GH¢ per USD,0.899545,GH¢ per USD,ok,
2005-10-26,USDGHS,US Dollar,Selling,"9,122.2700",GH¢ per USD,0.912227,GH¢ per USD,ok,
2005-10-26,USDGHS,US Dollar,Mid Rate,"9,058.8600",GH¢ per USD,0.905886,GH¢ per USD,ok,
2005-10-26,AUDGHS,Australian Dollar,Selling,"6,903.0100",GH¢ per AUD,0.690301,GH¢ per AUD,ok,
2005-10-26,AUDGHS,Australian Dollar,Mid Rate,"3,451.5050",GH¢ per AUD,0.3451505,GH¢ per AUD,ok,
2005-10-26,CADGHS,Canadian Dollar,Buying,"7,648.9300",GH¢ per CAD,0.764893,GH¢ per CAD,ok,
2005-10-26,CADGHS,Canadian Dollar,Selling,"7,751.1000",GH¢ per CAD,0.77511,GH¢ per CAD,ok,
2005-10-26,CADGHS,Canadian Dollar,Mid Rate,"7,700.0150",GH¢ per CAD,0.7700015,GH¢ per CAD,ok,
2005-10-26,CHFGHS,Swiss Franc,Buying,"7,037.9400",GH¢ per CHF,0.703794,GH¢ per CHF,ok,
2005-10-26,CHFGHS,Swiss Franc,Selling,"7,135.3200",GH¢ per CHF,0.713532,GH¢ per CHF,ok,
2005-10-26,CHFGHS,Swiss Franc,Mid Rate,"7,086.6300",GH¢ per CHF,0.708663,GH¢ per CHF,ok,
2005-10-26,DKKGHS,Danish Krone,Buying,"1,457.8900",GH¢ per DKK,0.145789,GH¢ per DKK,ok,
2005-10-26,DKKGHS,Danish Krone,Selling,"1,477.8700",GH¢ per DKK,0.147787,GH¢ per DKK,ok,
2005-10-26,DKKGHS,Danish Krone,Mid Rate,"1,467.8800",GH¢ per DKK,0.146788,GH¢ per DKK,ok,
2005-10-26,GBPGHS,Pound Sterling,Buying,"16,009.2000",GH¢ per GBP,1.60092,GH¢ per GBP,ok,
2005-10-26,GBPGHS,Pound Sterling,Selling,"16,238.5500",GH¢ per GBP,1.623855,GH¢ per GBP,ok,
2005-10-26,GBPGHS,Pound Sterling,Mid Rate,"16,123.8750",GH¢ per GBP,1.6123875,GH¢ per GBP,ok,
2005-10-26,JPYGHS,Japanese yen,Buying,78.0500,GH¢ per JPY,0.007805,GH¢ per JPY,ok,
2005-10-26,JPYGHS,Japanese yen,Selling,79.1200,GH¢ per JPY,0.007912,GH¢ per JPY,ok,
2005-10-26,JPYGHS,Japanese yen,Mid Rate,78.5850,GH¢ per JPY,0.0078585,GH¢ per JPY,ok,
2005-10-26,NOKGHS,Norwegian Krone,Buying,"1,390.2300",GH¢ per NOK,0.139023,GH¢ per NOK,ok,
2005-10-26,NOKGHS,Norwegian Krone,Selling,"1,409.3300",GH¢ per NOK,0.140933,GH¢ per NOK,ok,
2005-10-26,NOKGHS,Norwegian Krone,Mid Rate,"1,399.7800",GH¢ per NOK,0.139978,GH¢ per NOK,ok,
2005-10-26,NZDGHS,New Zealand Dollar,Buying,"6,346.0500",GH¢ per NZD,0.634605,GH¢ per NZD,ok,
2005-10-26,NZDGHS,New Zealand Dollar,Selling,"6,440.2100",GH¢ per NZD,0.644021,GH¢ per NZD,ok,
2005-10-26,NZDGHS,New Zealand Dollar,Mid Rate,"6,393.1300",GH¢ per NZD,0.639313,GH¢ per NZD,ok,
2005-10-27,USDGHS,US Dollar,Buying,"8,995.4500",GH¢ per USD,0.899545,GH¢ per USD,ok,
2005-10-27,USDGHS,US Dollar,Selling,"9,122.2700",GH¢ per USD,0.912227,GH¢ per USD,ok,
2005-10-27,USDGHS,US Dollar,Mid Rate,"9,058.8600",GH¢ per USD,0.905886,GH¢ per USD,ok,
2005-10-27,AUDGHS,Australian Dollar,Selling,"6,925.1800",GH¢ per AUD,0.692518,GH¢ per AUD,ok,
2005-10-27,AUDGHS,Australian Dollar,Mid Rate,"3,462.5900",GH¢ per AUD,0.346259,GH¢ per AUD,ok,
2005-10-27,CADGHS,Canadian Dollar,Buying,"7,695.9300",GH¢ per CAD,0.769593,GH¢ per CAD,ok,
2005-10-27,CADGHS,Canadian Dollar,Selling,"7,801.1900",GH¢ per CAD,0.780119,GH¢ per CAD,ok,
2005-10-27,CADGHS,Canadian Dollar,Mid Rate,"7,748.5600",GH¢ per CAD,0.774856,GH¢ per CAD,ok,
2005-10-27,CHFGHS,Swiss Franc,Buying,"7,047.2400",GH¢ per CHF,0.704724,GH¢ per CHF,ok,
2005-10-27,CHFGHS,Swiss Franc,Selling,"7,144.2600",GH¢ per CHF,0.714426,GH¢ per CHF,ok,
2005-10-27,CHFGHS,Swiss Franc,Mid Rate,"7,095.7500",GH¢ per CHF,0.709575,GH¢ per CHF,ok,
2005-10-27,DKKGHS,Danish Krone,Buying,"1,461.8800",GH¢ per DKK,0.146188,GH¢ per DKK,ok,
2005-10-27,DKKGHS,Danish Krone,Selling,"1,481.4700",GH¢ per DKK,0.148147,GH¢ per DKK,ok,
2005-10-27,DKKGHS,Danish Krone,Mid Rate,"1,471.6750",GH¢ per DKK,0.1471675,GH¢ per DKK,ok,
2005-10-27,GBPGHS,Pound Sterling,Buying,"16,077.5700",GH¢ per GBP,1.607757,GH¢ per GBP,ok,
2005-10-27,GBPGHS,Pound Sterling,Selling,"16,306.0600",GH¢ per GBP,1.630606,GH¢ per GBP,ok,
2005-10-27,GBPGHS,Pound Sterling,Mid Rate,"16,191.8150",GH¢ per GBP,1.6191815,GH¢ per GBP,ok,
2005-10-27,JPYGHS,Japanese yen,Buying,77.9800,GH¢ per JPY,0.007798,GH¢ per JPY,ok,
2005-10-27,JPYGHS,Japanese yen,Selling,79.0400,GH¢ per JPY,0.007904,GH¢ per JPY,ok,
2005-10-27,JPYGHS,Japanese yen,Mid Rate,78.5100,GH¢ per JPY,0.007851,GH¢ per JPY,ok,
2005-10-27,NOKGHS,Norwegian Krone,Buying,"1,399.1200",GH¢ per NOK,0.139912,GH¢ per NOK,ok,
2005-10-27,NOKGHS,Norwegian Krone,Selling,"1,417.0400",GH¢ per NOK,0.141704,GH¢ per NOK,ok,
2005-10-27,NOKGHS,Norwegian Krone,Mid Rate,"1,408.0800",GH¢ per NOK,0.140808,GH¢ per NOK,ok,
2005-10-27,NZDGHS,New Zealand Dollar,Buying,"6,366.7200",GH¢ per NZD,0.636672,GH¢ per NZD,ok,
2005-10-27,NZDGHS,New Zealand Dollar,Selling,"6,462.0900",GH¢ per NZD,0.646209,GH¢ per NZD,ok,
2005-10-27,NZDGHS,New Zealand Dollar,Mid Rate,"6,414.4050",GH¢ per NZD,0.6414405,GH¢ per NZD,ok,
2005-10-27,SEKGHS,Swedish Krona,Buying,"1,144.9800",GH¢ per SEK,0.114498,GH¢ per SEK,ok,
2005-10-27,SEKGHS,Swedish Krona,Selling,"1,160.1700",GH¢ per SEK,0.116017,GH¢ per SEK,ok,
2005-10-27,SEKGHS,Swedish Krona,Mid Rate,"1,152.5750",GH¢ per SEK,0.1152575,GH¢ per SEK,ok,
2005-10-28,USDGHS,US Dollar,Buying,"8,995.4500",GH¢ per USD,0.899545,GH¢ per USD,ok,
2005-10-28,USDGHS,US Dollar,Selling,"9,122.2700",GH¢ per USD,0.912227,GH¢ per USD,ok,
2005-10-28,USDGHS,US Dollar,Mid Rate,"9,058.8600",GH¢ per USD,0.905886,GH¢ per USD,ok,
2005-10-28,AUDGHS,Australian Dollar,Selling,"6,897.2000",GH¢ per AUD,0.68972,GH¢ per AUD,ok,
2005-10-28,AUDGHS,Australian Dollar,Mid Rate,"3,448.6000",GH¢ per AUD,0.34486,GH¢ per AUD,ok,
2005-10-28,CADGHS,Canadian Dollar,Buying,"7,684.7300",GH¢ per CAD,0.768473,GH¢ per CAD,ok,
2005-10-28,CADGHS,Canadian Dollar,Selling,"7,788.7300",GH¢ per CAD,0.778873,GH¢ per CAD,ok,
2005-10-28,CADGHS,Canadian Dollar,Mid Rate,"7,736.7300",GH¢ per CAD,0.773673,GH¢ per CAD,ok,
2005-10-28,CHFGHS,Swiss Franc,Buying,"7,073.6900",GH¢ per CHF,0.707369,GH¢ per CHF,ok,
2005-10-28,CHFGHS,Swiss Franc,Selling,"7,173.7800",GH¢ per CHF,0.717378,GH¢ per CHF,ok,
2005-10-28,CHFGHS,Swiss Franc,Mid Rate,"7,123.7350",GH¢ per CHF,0.7123735,GH¢ per CHF,ok,
2005-10-28,DKKGHS,Danish Krone,Buying,"1,465.7500",GH¢ per DKK,0.146575,GH¢ per DKK,ok,
2005-10-28,DKKGHS,Danish Krone,Selling,"1,486.1000",GH¢ per DKK,0.14861,GH¢ per DKK,ok,
2005-10-28,DKKGHS,Danish Krone,Mid Rate,"1,475.9250",GH¢ per DKK,0.1475925,GH¢ per DKK,ok,
2005-10-28,GBPGHS,Pound Sterling,Buying,"16,048.7800",GH¢ per GBP,1.604878,GH¢ per GBP,ok,
2005-10-28,GBPGHS,Pound Sterling,Selling,"16,282.3400",GH¢ per GBP,1.628234,GH¢ per GBP,ok,
2005-10-28,GBPGHS,Pound Sterling,Mid Rate,"16,165.5600",GH¢ per GBP,1.616556,GH¢ per GBP,ok,
2005-10-28,JPYGHS,Japanese yen,Buying,78.1000,GH¢ per JPY,0.00781,GH¢ per JPY,ok,
2005-10-28,JPYGHS,Japanese yen,Selling,79.1900,GH¢ per JPY,0.007919,GH¢ per JPY,ok,
2005-10-28,JPYGHS,Japanese yen,Mid Rate,78.6450,GH¢ per JPY,0.0078645,GH¢ per JPY,ok,
2005-10-28,NOKGHS,Norwegian Krone,Buying,"1,401.3100",GH¢ per NOK,0.140131,GH¢ per NOK,ok,
2005-10-28,NOKGHS,Norwegian Krone,Selling,"1,420.0800",GH¢ per NOK,0.142008,GH¢ per NOK,ok,
2005-10-28,NOKGHS,Norwegian Krone,Mid Rate,"1,410.6950",GH¢ per NOK,0.1410695,GH¢ per NOK,ok,
2005-10-28,NZDGHS,New Zealand Dollar,Buying,"6,360.1300",GH¢ per NZD,0.636013,GH¢ per NZD,ok,
2005-10-28,NZDGHS,New Zealand Dollar,Selling,"6,459.2000",GH¢ per NZD,0.64592,GH¢ per NZD,ok,
2005-10-28,NZDGHS,New Zealand Dollar,Mid Rate,"6,409.6650",GH¢ per NZD,0.6409665,GH¢ per NZD,ok,
2005-10-28,SEKGHS,Swedish Krona,Buying,"1,150.3900",GH¢ per SEK,0.115039,GH¢ per SEK,ok,
2005-10-28,SEKGHS,Swedish Krona,Selling,"1,166.4100",GH¢ per SEK,0.116641,GH¢ per SEK,ok,
2005-10-28,SEKGHS,Swedish Krona,Mid Rate,"1,158.4000",GH¢ per SEK,0.11584,GH¢ per SEK,ok,
2005-10-31,USDGHS,US Dollar,Buying,"8,995.4500",GH¢ per USD,0.899545,GH¢ per USD,ok,
2005-10-31,USDGHS,US Dollar,Selling,"9,122.2700",GH¢ per USD,0.912227,GH¢ per USD,ok,
2005-10-31,USDGHS,US Dollar,Mid Rate,"9,058.8600",GH¢ per USD,0.905886,GH¢ per USD,ok,
2005-10-31,AUDGHS,Australian Dollar,Selling,"6,852.6100",GH¢ per AUD,0.685261,GH¢ per AUD,ok,
2005-10-31,AUDGHS,Australian Dollar,Mid Rate,"3,426.3050",GH¢ per AUD,0.3426305,GH¢ per AUD,ok,
2005-10-31,CADGHS,Canadian Dollar,Buying,"7,647.1200",GH¢ per CAD,0.764712,GH¢ per CAD,ok,
2005-10-31,CADGHS,Canadian Dollar,Selling,"7,757.4000",GH¢ per CAD,0.77574,GH¢ per CAD,ok,
2005-10-31,CADGHS,Canadian Dollar,Mid Rate,"7,702.2600",GH¢ per CAD,0.770226,GH¢ per CAD,ok,
2005-10-31,CHFGHS,Swiss Franc,Buying,"7,019.1500",GH¢ per CHF,0.701915,GH¢ per CHF,ok,
2005-10-31,CHFGHS,Swiss Franc,Selling,"7,121.9300",GH¢ per CHF,0.712193,GH¢ per CHF,ok,
2005-10-31,CHFGHS,Swiss Franc,Mid Rate,"7,070.5400",GH¢ per CHF,0.707054,GH¢ per CHF,ok,
2005-10-31,DKKGHS,Danish Krone,Buying,"1,454.0000",GH¢ per DKK,0.1454,GH¢ per DKK,ok,
2005-10-31,DKKGHS,Danish Krone,Selling,"1,475.4500",GH¢ per DKK,0.147545,GH¢ per DKK,ok,
2005-10-31,DKKGHS,Danish Krone,Mid Rate,"1,464.7250",GH¢ per DKK,0.1464725,GH¢ per DKK,ok,
2005-10-31,GBPGHS,Pound Sterling,Buying,"15,984.0200",GH¢ per GBP,1.598402,GH¢ per GBP,ok,
2005-10-31,GBPGHS,Pound Sterling,Selling,"16,223.0400",GH¢ per GBP,1.622304,GH¢ per GBP,ok,
2005-10-31,GBPGHS,Pound Sterling,Mid Rate,"16,103.5300",GH¢ per GBP,1.610353,GH¢ per GBP,ok,
2005-10-31,JPYGHS,Japanese yen,Buying,77.7500,GH¢ per JPY,0.007775,GH¢ per JPY,ok,
2005-10-31,JPYGHS,Japanese yen,Selling,78.8700,GH¢ per JPY,0.007887,GH¢ per JPY,ok,
2005-10-31,JPYGHS,Japanese yen,Mid Rate,78.3100,GH¢ per JPY,0.007831,GH¢ per JPY,ok,
2005-10-31,NOKGHS,Norwegian Krone,Buying,"1,389.7500",GH¢ per NOK,0.138975,GH¢ per NOK,ok,
2005-10-31,NOKGHS,Norwegian Krone,Selling,"1,409.5600",GH¢ per NOK,0.140956,GH¢ per NOK,ok,
2005-10-31,NOKGHS,Norwegian Krone,Mid Rate,"1,399.6550",GH¢ per NOK,0.1399655,GH¢ per NOK,ok,
2005-10-31,NZDGHS,New Zealand Dollar,Buying,"6,328.0700",GH¢ per NZD,0.632807,GH¢ per NZD,ok,
2005-10-31,NZDGHS,New Zealand Dollar,Selling,"6,427.5700",GH¢ per NZD,0.642757,GH¢ per NZD,ok,
2005-10-31,NZDGHS,New Zealand Dollar,Mid Rate,"6,377.8200",GH¢ per NZD,0.637782,GH¢ per NZD,ok,
2005-10-31,SEKGHS,Swedish Krona,Buying,"1,135.8300",GH¢ per SEK,0.113583,GH¢ per SEK,ok,
2005-10-31,SEKGHS,Swedish Krona,Selling,"1,144.2600",GH¢ per SEK,0.114426,GH¢ per SEK,ok,
2005-10-31,SEKGHS,Swedish Krona,Mid Rate,"1,140.0450",GH¢ per SEK,0.1140045,GH¢ per SEK,ok,
2005-11-01,USDGHS,US Dollar,Buying,"8,947.0000",GH¢ per USD,0.8947,GH¢ per USD,ok,
2005-11-01,USDGHS,US Dollar,Selling,"9,112.4500",GH¢ per USD,0.911245,GH¢ per USD,ok,
2005-11-01,USDGHS,US Dollar,Mid Rate,"9,029.7250",GH¢ per USD,0.9029725,GH¢ per USD,ok,
2005-11-01,AUDGHS,Australian Dollar,Selling,"6,960.2100",GH¢ per AUD,0.696021,GH¢ per AUD,ok,
2005-11-01,AUDGHS,Australian Dollar,Mid Rate,"3,480.1050",GH¢ per AUD,0.3480105,GH¢ per AUD,ok,
2005-11-01,CADGHS,Canadian Dollar,Buying,"7,330.4500",GH¢ per CAD,0.733045,GH¢ per CAD,ok,
2005-11-01,CADGHS,Canadian Dollar,Selling,"7,463.3000",GH¢ per CAD,0.74633,GH¢ per CAD,ok,
2005-11-01,CADGHS,Canadian Dollar,Mid Rate,"7,396.8750",GH¢ per CAD,0.7396875,GH¢ per CAD,ok,
2005-11-01,CHFGHS,Swiss Franc,Buying,"7,598.8800",GH¢ per CHF,0.759888,GH¢ per CHF,ok,
2005-11-01,CHFGHS,Swiss Franc,Selling,"7,734.6900",GH¢ per CHF,0.773469,GH¢ per CHF,ok,
2005-11-01,CHFGHS,Swiss Franc,Mid Rate,"7,666.7850",GH¢ per CHF,0.7666785,GH¢ per CHF,ok,
2005-11-01,DKKGHS,Danish Krone,Buying,"1,579.6500",GH¢ per DKK,0.157965,GH¢ per DKK,ok,
2005-11-01,DKKGHS,Danish Krone,Selling,"1,608.1200",GH¢ per DKK,0.160812,GH¢ per DKK,ok,
2005-11-01,DKKGHS,Danish Krone,Mid Rate,"1,593.8850",GH¢ per DKK,0.1593885,GH¢ per DKK,ok,
2005-11-01,GBPGHS,Pound Sterling,Buying,"16,808.7300",GH¢ per GBP,1.680873,GH¢ per GBP,ok,
2005-11-01,GBPGHS,Pound Sterling,Selling,"17,122.2900",GH¢ per GBP,1.712229,GH¢ per GBP,ok,
2005-11-01,GBPGHS,Pound Sterling,Mid Rate,"16,965.5100",GH¢ per GBP,1.696551,GH¢ per GBP,ok,
2005-11-01,JPYGHS,Japanese yen,Buying,86.0700,GH¢ per JPY,0.008607,GH¢ per JPY,ok,
2005-11-01,JPYGHS,Japanese yen,Selling,87.6200,GH¢ per JPY,0.008762,GH¢ per JPY,ok,
2005-11-01,JPYGHS,Japanese yen,Mid Rate,86.8450,GH¢ per JPY,0.0086845,GH¢ per JPY,ok,
2005-11-01,NOKGHS,Norwegian Krone,Buying,"1,430.4300",GH¢ per NOK,0.143043,GH¢ per NOK,ok,
2005-11-01,NOKGHS,Norwegian Krone,Selling,"1,456.0300",GH¢ per NOK,0.145603,GH¢ per NOK,ok,
2005-11-01,NOKGHS,Norwegian Krone,Mid Rate,"1,443.2300",GH¢ per NOK,0.144323,GH¢ per NOK,ok,
2005-11-01,NZDGHS,New Zealand Dollar,Buying,"6,249.4900",GH¢ per NZD,0.624949,GH¢ per NZD,ok,
2005-11-01,NZDGHS,New Zealand Dollar,Selling,"6,371.2100",GH¢ per NZD,0.637121,GH¢ per NZD,ok,
2005-11-01,NZDGHS,New Zealand Dollar,Mid Rate,"6,310.3500",GH¢ per NZD,0.631035,GH¢ per NZD,ok,
2005-11-01,SEKGHS,Swedish Krona,Buying,"1,299.5600",GH¢ per SEK,0.129956,GH¢ per SEK,warn,FX1_outlier
2005-11-01,SEKGHS,Swedish Krona,Selling,"1,322.6900",GH¢ per SEK,0.132269,GH¢ per SEK,warn,FX1_outlier
2005-11-01,SEKGHS,Swedish Krona,Mid Rate,"1,311.1250",GH¢ per SEK,0.1311125,GH¢ per SEK,warn,FX1_outlier
2005-11-02,USDGHS,US Dollar,Buying,"8,995.4500",GH¢ per USD,0.899545,GH¢ per USD,ok,
2005-11-02,USDGHS,US Dollar,Selling,"9,122.2700",GH¢ per USD,0.912227,GH¢ per USD,ok,
2005-11-02,USDGHS,US Dollar,Mid Rate,"9,058.8600",GH¢ per USD,0.905886,GH¢ per USD,ok,
2005-11-02,AUDGHS,Australian Dollar,Selling,"7,138.7800",GH¢ per AUD,0.713878,GH¢ per AUD,ok,
2005-11-02,AUDGHS,Australian Dollar,Mid Rate,"3,569.3900",GH¢ per AUD,0.356939,GH¢ per AUD,ok,
2005-11-02,CADGHS,Canadian Dollar,Buying,"7,211.5900",GH¢ per CAD,0.721159,GH¢ per CAD,ok,
2005-11-02,CADGHS,Canadian Dollar,Selling,"7,335.9400",GH¢ per CAD,0.733594,GH¢ per CAD,ok,
2005-11-02,CADGHS,Canadian Dollar,Mid Rate,"7,273.7650",GH¢ per CAD,0.7273765,GH¢ per CAD,ok,
2005-11-02,CHFGHS,Swiss Franc,Buying,"7,410.0600",GH¢ per CHF,0.741006,GH¢ per CHF,ok,
2005-11-02,CHFGHS,Swiss Franc,Selling,"7,539.0500",GH¢ per CHF,0.753905,GH¢ per CHF,ok,
2005-11-02,CHFGHS,Swiss Franc,Mid Rate,"7,474.5550",GH¢ per CHF,0.7474555,GH¢ per CHF,ok,
2005-11-02,DKKGHS,Danish Krone,Buying,"1,548.5600",GH¢ per DKK,0.154856,GH¢ per DKK,ok,
2005-11-02,DKKGHS,Danish Krone,Selling,"1,575.9100",GH¢ per DKK,0.157591,GH¢ per DKK,ok,
2005-11-02,DKKGHS,Danish Krone,Mid Rate,"1,562.2350",GH¢ per DKK,0.1562235,GH¢ per DKK,ok,
2005-11-02,GBPGHS,Pound Sterling,Buying,"16,746.7500",GH¢ per GBP,1.674675,GH¢ per GBP,ok,
2005-11-02,GBPGHS,Pound Sterling,Selling,"17,045.8000",GH¢ per GBP,1.70458,GH¢ per GBP,ok,
2005-11-02,GBPGHS,Pound Sterling,Mid Rate,"16,896.2750",GH¢ per GBP,1.6896275,GH¢ per GBP,ok,
2005-11-02,JPYGHS,Japanese yen,Buying,84.8000,GH¢ per JPY,0.00848,GH¢ per JPY,ok,
2005-11-02,JPYGHS,Japanese yen,Selling,86.2600,GH¢ per JPY,0.008626,GH¢ per JPY,ok,
2005-11-02,JPYGHS,Japanese yen,Mid Rate,85.5300,GH¢ per JPY,0.008553,GH¢ per JPY,ok,
2005-11-02,NOKGHS,Norwegian Krone,Buying,"1,366.7700",GH¢ per NOK,0.136677,GH¢ per NOK,ok,
2005-11-02,NOKGHS,Norwegian Krone,Selling,"1,390.2500",GH¢ per NOK,0.139025,GH¢ per NOK,ok,
2005-11-02,NOKGHS,Norwegian Krone,Mid Rate,"1,378.5100",GH¢ per NOK,0.137851,GH¢ per NOK,ok,
2005-11-02,NZDGHS,New Zealand Dollar,Buying,"6,367.1100",GH¢ per NZD,0.636711,GH¢ per NZD,ok,
2005-11-02,NZDGHS,New Zealand Dollar,Selling,"6,485.9300",GH¢ per NZD,0.648593,GH¢ per NZD,ok,
2005-11-02,NZDGHS,New Zealand Dollar,Mid Rate,"6,426.5200",GH¢ per NZD,0.642652,GH¢ per NZD,ok,
2005-11-02,SEKGHS,Swedish Krona,Buying,"1,268.0400",GH¢ per SEK,0.126804,GH¢ per SEK,ok,
2005-11-02,SEKGHS,Swedish Krona,Selling,"1,289.7800",GH¢ per SEK,0.128978,GH¢ per SEK,ok,
2005-11-02,SEKGHS,Swedish Krona,Mid Rate,"1,278.9100",GH¢ per SEK,0.127891,GH¢ per SEK,ok,
2005-11-04,USDGHS,US Dollar,Buying,"8,995.4500",GH¢ per USD,0.899545,GH¢ per USD,ok,
2005-11-04,USDGHS,US Dollar,Selling,"9,122.2700",GH¢ per USD,0.912227,GH¢ per USD,ok,
2005-11-04,USDGHS,US Dollar,Mid Rate,"9,058.8600",GH¢ per USD,0.905886,GH¢ per USD,ok,
2005-11-04,AUDGHS,Australian Dollar,Selling,"6,750.4900",GH¢ per AUD,0.675049,GH¢ per AUD,ok,
2005-11-04,AUDGHS,Australian Dollar,Mid Rate,"3,375.2450",GH¢ per AUD,0.3375245,GH¢ per AUD,ok,
2005-11-04,CADGHS,Canadian Dollar,Buying,"7,619.1300",GH¢ per CAD,0.761913,GH¢ per CAD,ok,
2005-11-04,CADGHS,Canadian Dollar,Selling,"7,724.0900",GH¢ per CAD,0.772409,GH¢ per CAD,ok,
2005-11-04,CADGHS,Canadian Dollar,Mid Rate,"7,671.6100",GH¢ per CAD,0.767161,GH¢ per CAD,ok,
2005-11-04,CHFGHS,Swiss Franc,Buying,"6,956.6900",GH¢ per CHF,0.695669,GH¢ per CHF,ok,
2005-11-04,CHFGHS,Swiss Franc,Selling,"7,056.8700",GH¢ per CHF,0.705687,GH¢ per CHF,ok,
2005-11-04,CHFGHS,Swiss Franc,Mid Rate,"7,006.7800",GH¢ per CHF,0.700678,GH¢ per CHF,ok,
2005-11-04,DKKGHS,Danish Krone,Buying,"1,438.3800",GH¢ per DKK,0.143838,GH¢ per DKK,ok,
2005-11-04,DKKGHS,Danish Krone,Selling,"1,459.1900",GH¢ per DKK,0.145919,GH¢ per DKK,ok,
2005-11-04,DKKGHS,Danish Krone,Mid Rate,"1,448.7850",GH¢ per DKK,0.1448785,GH¢ per DKK,ok,
2005-11-04,GBPGHS,Pound Sterling,Buying,"15,890.4600",GH¢ per GBP,1.589046,GH¢ per GBP,ok,
2005-11-04,GBPGHS,Pound Sterling,Selling,"16,126.3500",GH¢ per GBP,1.612635,GH¢ per GBP,ok,
2005-11-04,GBPGHS,Pound Sterling,Mid Rate,"16,008.4050",GH¢ per GBP,1.6008405,GH¢ per GBP,ok,
2005-11-04,JPYGHS,Japanese yen,Buying,76.4600,GH¢ per JPY,0.007646,GH¢ per JPY,ok,
2005-11-04,JPYGHS,Japanese yen,Selling,77.5500,GH¢ per JPY,0.007755,GH¢ per JPY,ok,
2005-11-04,JPYGHS,Japanese yen,Mid Rate,77.0050,GH¢ per JPY,0.0077005,GH¢ per JPY,ok,
2005-11-04,NOKGHS,Norwegian Krone,Buying,"1,377.5500",GH¢ per NOK,0.137755,GH¢ per NOK,ok,
2005-11-04,NOKGHS,Norwegian Krone,Selling,"1,397.4200",GH¢ per NOK,0.139742,GH¢ per NOK,ok,
2005-11-04,NOKGHS,Norwegian Krone,Mid Rate,"1,387.4850",GH¢ per NOK,0.1387485,GH¢ per NOK,ok,
2005-11-04,NZDGHS,New Zealand Dollar,Buying,"6,192.5100",GH¢ per NZD,0.619251,GH¢ per NZD,ok,
2005-11-04,NZDGHS,New Zealand Dollar,Selling,"6,294.1100",GH¢ per NZD,0.629411,GH¢ per NZD,ok,
2005-11-04,NZDGHS,New Zealand Dollar,Mid Rate,"6,243.3100",GH¢ per NZD,0.624331,GH¢ per NZD,ok,
2005-11-04,SEKGHS,Swedish Krona,Buying,"1,120.2200",GH¢ per SEK,0.112022,GH¢ per SEK,ok,
2005-11-04,SEKGHS,Swedish Krona,Selling,"1,136.1700",GH¢ per SEK,0.113617,GH¢ per SEK,ok,
2005-11-04,SEKGHS,Swedish Krona,Mid Rate,"1,128.1950",GH¢ per SEK,0.1128195,GH¢ per SEK,ok,
2005-11-07,USDGHS,US Dollar,Buying,"8,995.4500",GH¢ per USD,0.899545,GH¢ per USD,ok,
2005-11-07,USDGHS,US Dollar,Selling,"9,122.2700",GH¢ per USD,0.912227,GH¢ per USD,ok,
2005-11-07,USDGHS,US Dollar,Mid Rate,"9,058.8600",GH¢ per USD,0.905886,GH¢ per USD,ok,
2005-11-07,AUDGHS,Australian Dollar,Selling,"6,684.5800",GH¢ per AUD,0.668458,GH¢ per AUD,ok,
2005-11-07,AUDGHS,Australian Dollar,Mid Rate,"3,342.2900",GH¢ per AUD,0.334229,GH¢ per AUD,ok,
2005-11-07,CADGHS,Canadian Dollar,Buying,"7,599.4500",GH¢ per CAD,0.759945,GH¢ per CAD,ok,
2005-11-07,CADGHS,Canadian Dollar,Selling,"7,703.4500",GH¢ per CAD,0.770345,GH¢ per CAD,ok,
2005-11-07,CADGHS,Canadian Dollar,Mid Rate,"7,651.4500",GH¢ per CAD,0.765145,GH¢ per CAD,ok,
2005-11-07,CHFGHS,Swiss Franc,Buying,"6,864.1700",GH¢ per CHF,0.686417,GH¢ per CHF,ok,
2005-11-07,CHFGHS,Swiss Franc,Selling,"6,959.4100",GH¢ per CHF,0.695941,GH¢ per CHF,ok,
2005-11-07,CHFGHS,Swiss Franc,Mid Rate,"6,911.7900",GH¢ per CHF,0.691179,GH¢ per CHF,ok,
2005-11-07,DKKGHS,Danish Krone,Buying,"1,420.7200",GH¢ per DKK,0.142072,GH¢ per DKK,ok,
2005-11-07,DKKGHS,Danish Krone,Selling,"1,440.6400",GH¢ per DKK,0.144064,GH¢ per DKK,ok,
2005-11-07,DKKGHS,Danish Krone,Mid Rate,"1,430.6800",GH¢ per DKK,0.143068,GH¢ per DKK,ok,
2005-11-07,GBPGHS,Pound Sterling,Buying,"15,714.1500",GH¢ per GBP,1.571415,GH¢ per GBP,ok,
2005-11-07,GBPGHS,Pound Sterling,Selling,"15,938.4300",GH¢ per GBP,1.593843,GH¢ per GBP,ok,
2005-11-07,GBPGHS,Pound Sterling,Mid Rate,"15,826.2900",GH¢ per GBP,1.582629,GH¢ per GBP,ok,
2005-11-07,JPYGHS,Japanese yen,Buying,76.2600,GH¢ per JPY,0.007626,GH¢ per JPY,ok,
2005-11-07,JPYGHS,Japanese yen,Selling,77.3100,GH¢ per JPY,0.007731,GH¢ per JPY,ok,
2005-11-07,JPYGHS,Japanese yen,Mid Rate,76.7850,GH¢ per JPY,0.0076785,GH¢ per JPY,ok,
2005-11-07,NOKGHS,Norwegian Krone,Buying,"1,362.3400",GH¢ per NOK,0.136234,GH¢ per NOK,ok,
2005-11-07,NOKGHS,Norwegian Krone,Selling,"1,381.0000",GH¢ per NOK,0.1381,GH¢ per NOK,ok,
2005-11-07,NOKGHS,Norwegian Krone,Mid Rate,"1,371.6700",GH¢ per NOK,0.137167,GH¢ per NOK,ok,
2005-11-07,NZDGHS,New Zealand Dollar,Buying,"6,126.9500",GH¢ per NZD,0.612695,GH¢ per NZD,ok,
2005-11-07,NZDGHS,New Zealand Dollar,Selling,"6,223.9600",GH¢ per NZD,0.622396,GH¢ per NZD,ok,
2005-11-07,NZDGHS,New Zealand Dollar,Mid Rate,"6,175.4550",GH¢ per NZD,0.6175455,GH¢ per NZD,ok,
2005-11-07,SEKGHS,Swedish Krona,Buying,"1,103.2700",GH¢ per SEK,0.110327,GH¢ per SEK,ok,
2005-11-07,SEKGHS,Swedish Krona,Selling,"1,118.0500",GH¢ per SEK,0.111805,GH¢ per SEK,ok,
2005-11-07,SEKGHS,Swedish Krona,Mid Rate,"1,110.6600",GH¢ per SEK,0.111066,GH¢ per SEK,ok,
2005-11-08,USDGHS,US Dollar,Buying,"8,995.4500",GH¢ per USD,0.899545,GH¢ per USD,ok,
2005-11-08,USDGHS,US Dollar,Selling,"9,122.2700",GH¢ per USD,0.912227,GH¢ per USD,ok,
2005-11-08,USDGHS,US Dollar,Mid Rate,"9,058.8600",GH¢ per USD,0.905886,GH¢ per USD,ok,
2005-11-08,AUDGHS,Australian Dollar,Selling,"6,667.6900",GH¢ per AUD,0.666769,GH¢ per AUD,ok,
2005-11-08,AUDGHS,Australian Dollar,Mid Rate,"3,333.8450",GH¢ per AUD,0.3333845,GH¢ per AUD,ok,
2005-11-08,CADGHS,Canadian Dollar,Buying,"7,564.7300",GH¢ per CAD,0.756473,GH¢ per CAD,ok,
2005-11-08,CADGHS,Canadian Dollar,Selling,"7,664.6800",GH¢ per CAD,0.766468,GH¢ per CAD,ok,
2005-11-08,CADGHS,Canadian Dollar,Mid Rate,"7,614.7050",GH¢ per CAD,0.7614705,GH¢ per CAD,ok,
2005-11-08,CHFGHS,Swiss Franc,Buying,"6,848.8100",GH¢ per CHF,0.684881,GH¢ per CHF,ok,
2005-11-08,CHFGHS,Swiss Franc,Selling,"6,940.3700",GH¢ per CHF,0.694037,GH¢ per CHF,ok,
2005-11-08,CHFGHS,Swiss Franc,Mid Rate,"6,894.5900",GH¢ per CHF,0.689459,GH¢ per CHF,ok,
2005-11-08,DKKGHS,Danish Krone,Buying,"1,414.9900",GH¢ per DKK,0.141499,GH¢ per DKK,ok,
2005-11-08,DKKGHS,Danish Krone,Selling,"1,433.5100",GH¢ per DKK,0.143351,GH¢ per DKK,ok,
2005-11-08,DKKGHS,Danish Krone,Mid Rate,"1,424.2500",GH¢ per DKK,0.142425,GH¢ per DKK,ok,
2005-11-08,GBPGHS,Pound Sterling,Buying,"15,624.2000",GH¢ per GBP,1.56242,GH¢ per GBP,ok,
2005-11-08,GBPGHS,Pound Sterling,Selling,"15,849.0300",GH¢ per GBP,1.584903,GH¢ per GBP,ok,
2005-11-08,GBPGHS,Pound Sterling,Mid Rate,"15,736.6150",GH¢ per GBP,1.5736615,GH¢ per GBP,ok,
2005-11-08,JPYGHS,Japanese yen,Buying,76.3500,GH¢ per JPY,0.007635,GH¢ per JPY,ok,
2005-11-08,JPYGHS,Japanese yen,Selling,77.4000,GH¢ per JPY,0.00774,GH¢ per JPY,ok,
2005-11-08,JPYGHS,Japanese yen,Mid Rate,76.8750,GH¢ per JPY,0.0076875,GH¢ per JPY,ok,
2005-11-08,NOKGHS,Norwegian Krone,Buying,"1,358.0700",GH¢ per NOK,0.135807,GH¢ per NOK,ok,
2005-11-08,NOKGHS,Norwegian Krone,Selling,"1,376.0900",GH¢ per NOK,0.137609,GH¢ per NOK,ok,
2005-11-08,NOKGHS,Norwegian Krone,Mid Rate,"1,367.0800",GH¢ per NOK,0.136708,GH¢ per NOK,ok,
2005-11-08,NZDGHS,New Zealand Dollar,Buying,"6,082.5000",GH¢ per NZD,0.60825,GH¢ per NZD,ok,
2005-11-08,NZDGHS,New Zealand Dollar,Selling,"6,181.1200",GH¢ per NZD,0.618112,GH¢ per NZD,ok,
2005-11-08,NZDGHS,New Zealand Dollar,Mid Rate,"6,131.8100",GH¢ per NZD,0.613181,GH¢ per NZD,ok,
2005-11-08,SEKGHS,Swedish Krona,Buying,"1,103.7200",GH¢ per SEK,0.110372,GH¢ per SEK,ok,
2005-11-08,SEKGHS,Swedish Krona,Selling,"1,117.3300",GH¢ per SEK,0.111733,GH¢ per SEK,ok,
2005-11-08,SEKGHS,Swedish Krona,Mid Rate,"1,110.5250",GH¢ per SEK,0.1110525,GH¢ per SEK,ok,
2005-11-09,USDGHS,US Dollar,Buying,"8,995.4500",GH¢ per USD,0.899545,GH¢ per USD,ok,
2005-11-09,USDGHS,US Dollar,Selling,"9,122.2700",GH¢ per USD,0.912227,GH¢ per USD,ok,
2005-11-09,USDGHS,US Dollar,Mid Rate,"9,058.8600",GH¢ per USD,0.905886,GH¢ per USD,ok,
2005-11-09,AUDGHS,Australian Dollar,Selling,"6,704.3600",GH¢ per AUD,0.670436,GH¢ per AUD,ok,
2005-11-09,AUDGHS,Australian Dollar,Mid Rate,"3,352.1800",GH¢ per AUD,0.335218,GH¢ per AUD,ok,
2005-11-09,CADGHS,Canadian Dollar,Buying,"7,566.1300",GH¢ per CAD,0.756613,GH¢ per CAD,warn,FX2_spread
2005-11-09,CADGHS,Canadian Dollar,Selling,"7,315.2800",GH¢ per CAD,0.731528,GH¢ per CAD,warn,FX2_spread
2005-11-09,CADGHS,Canadian Dollar,Mid Rate,"7,440.7050",GH¢ per CAD,0.7440705,GH¢ per CAD,ok,
2005-11-09,CHFGHS,Swiss Franc,Buying,"6,857.8900",GH¢ per CHF,0.685789,GH¢ per CHF,ok,
2005-11-09,CHFGHS,Swiss Franc,Selling,"6,951.2100",GH¢ per CHF,0.695121,GH¢ per CHF,ok,
2005-11-09,CHFGHS,Swiss Franc,Mid Rate,"6,904.5500",GH¢ per CHF,0.690455,GH¢ per CHF,ok,
2005-11-09,DKKGHS,Danish Krone,Buying,"1,418.4800",GH¢ per DKK,0.141848,GH¢ per DKK,ok,
2005-11-09,DKKGHS,Danish Krone,Selling,"1,437.3900",GH¢ per DKK,0.143739,GH¢ per DKK,ok,
2005-11-09,DKKGHS,Danish Krone,Mid Rate,"1,427.9350",GH¢ per DKK,0.1427935,GH¢ per DKK,ok,
2005-11-09,GBPGHS,Pound Sterling,Buying,"15,670.9700",GH¢ per GBP,1.567097,GH¢ per GBP,ok,
2005-11-09,GBPGHS,Pound Sterling,Selling,"15,894.6400",GH¢ per GBP,1.589464,GH¢ per GBP,ok,
2005-11-09,GBPGHS,Pound Sterling,Mid Rate,"15,782.8050",GH¢ per GBP,1.5782805,GH¢ per GBP,ok,
2005-11-09,JPYGHS,Japanese yen,Buying,76.6000,GH¢ per JPY,0.00766,GH¢ per JPY,ok,
2005-11-09,JPYGHS,Japanese yen,Selling,77.6500,GH¢ per JPY,0.007765,GH¢ per JPY,ok,
2005-11-09,JPYGHS,Japanese yen,Mid Rate,77.1250,GH¢ per JPY,0.0077125,GH¢ per JPY,ok,
2005-11-09,NOKGHS,Norwegian Krone,Buying,"1,360.2000",GH¢ per NOK,0.13602,GH¢ per NOK,ok,
2005-11-09,NOKGHS,Norwegian Krone,Selling,"1,378.5600",GH¢ per NOK,0.137856,GH¢ per NOK,ok,
2005-11-09,NOKGHS,Norwegian Krone,Mid Rate,"1,369.3800",GH¢ per NOK,0.136938,GH¢ per NOK,ok,
2005-11-09,NZDGHS,New Zealand Dollar,Buying,"6,150.8600",GH¢ per NZD,0.615086,GH¢ per NZD,ok,
2005-11-09,NZDGHS,New Zealand Dollar,Selling,"6,246.5900",GH¢ per NZD,0.624659,GH¢ per NZD,ok,
2005-11-09,NZDGHS,New Zealand Dollar,Mid Rate,"6,198.7250",GH¢ per NZD,0.6198725,GH¢ per NZD,ok,
2005-11-09,SEKGHS,Swedish Krona,Buying,"1,109.6100",GH¢ per SEK,0.110961,GH¢ per SEK,ok,
2005-11-09,SEKGHS,Swedish Krona,Selling,"1,124.6600",GH¢ per SEK,0.112466,GH¢ per SEK,ok,
2005-11-09,SEKGHS,Swedish Krona,Mid Rate,"1,117.1350",GH¢ per SEK,0.1117135,GH¢ per SEK,ok,
2005-11-10,USDGHS,US Dollar,Buying,"9,054.3100",GH¢ per USD,0.905431,GH¢ per USD,ok,
2005-11-10,USDGHS,US Dollar,Selling,"9,110.0300",GH¢ per USD,0.911003,GH¢ per USD,ok,
2005-11-10,USDGHS,US Dollar,Mid Rate,"9,082.1700",GH¢ per USD,0.908217,GH¢ per USD,ok,
2005-11-10,AUDGHS,Australian Dollar,Selling,"6,686.3300",GH¢ per AUD,0.668633,GH¢ per AUD,ok,
2005-11-10,AUDGHS,Australian Dollar,Mid Rate,"3,343.1650",GH¢ per AUD,0.3343165,GH¢ per AUD,ok,
2005-11-10,CADGHS,Canadian Dollar,Buying,"7,578.2300",GH¢ per CAD,0.757823,GH¢ per CAD,ok,
2005-11-10,CADGHS,Canadian Dollar,Selling,"7,681.1900",GH¢ per CAD,0.768119,GH¢ per CAD,ok,
2005-11-10,CADGHS,Canadian Dollar,Mid Rate,"7,629.7100",GH¢ per CAD,0.762971,GH¢ per CAD,ok,
2005-11-10,CHFGHS,Swiss Franc,Buying,"6,869.4400",GH¢ per CHF,0.686944,GH¢ per CHF,ok,
2005-11-10,CHFGHS,Swiss Franc,Selling,"6,964.4300",GH¢ per CHF,0.696443,GH¢ per CHF,ok,
2005-11-10,CHFGHS,Swiss Franc,Mid Rate,"6,916.9350",GH¢ per CHF,0.6916935,GH¢ per CHF,ok,
2005-11-10,DKKGHS,Danish Krone,Buying,"1,419.4200",GH¢ per DKK,0.141942,GH¢ per DKK,ok,
2005-11-10,DKKGHS,Danish Krone,Selling,"1,438.5800",GH¢ per DKK,0.143858,GH¢ per DKK,ok,
2005-11-10,DKKGHS,Danish Krone,Mid Rate,"1,429.0000",GH¢ per DKK,0.1429,GH¢ per DKK,ok,
2005-11-10,GBPGHS,Pound Sterling,Buying,"15,680.8700",GH¢ per GBP,1.568087,GH¢ per GBP,ok,
2005-11-10,GBPGHS,Pound Sterling,Selling,"15,904.6800",GH¢ per GBP,1.590468,GH¢ per GBP,ok,
2005-11-10,GBPGHS,Pound Sterling,Mid Rate,"15,792.7750",GH¢ per GBP,1.5792775,GH¢ per GBP,ok,
2005-11-10,JPYGHS,Japanese yen,Buying,76.4800,GH¢ per JPY,0.007648,GH¢ per JPY,ok,
2005-11-10,JPYGHS,Japanese yen,Selling,77.5300,GH¢ per JPY,0.007753,GH¢ per JPY,ok,
2005-11-10,JPYGHS,Japanese yen,Mid Rate,77.0050,GH¢ per JPY,0.0077005,GH¢ per JPY,ok,
2005-11-10,NOKGHS,Norwegian Krone,Buying,"1,368.5400",GH¢ per NOK,0.136854,GH¢ per NOK,ok,
2005-11-10,NOKGHS,Norwegian Krone,Selling,"1,387.2600",GH¢ per NOK,0.138726,GH¢ per NOK,ok,
2005-11-10,NOKGHS,Norwegian Krone,Mid Rate,"1,377.9000",GH¢ per NOK,0.13779,GH¢ per NOK,ok,
2005-11-10,NZDGHS,New Zealand Dollar,Buying,"6,178.2600",GH¢ per NZD,0.617826,GH¢ per NZD,ok,
2005-11-10,NZDGHS,New Zealand Dollar,Selling,"6,275.9900",GH¢ per NZD,0.627599,GH¢ per NZD,ok,
2005-11-10,NZDGHS,New Zealand Dollar,Mid Rate,"6,227.1250",GH¢ per NZD,0.6227125,GH¢ per NZD,ok,
2005-11-10,SEKGHS,Swedish Krona,Buying,"1,101.3900",GH¢ per SEK,0.110139,GH¢ per SEK,ok,
2005-11-10,SEKGHS,Swedish Krona,Selling,"1,115.9600",GH¢ per SEK,0.111596,GH¢ per SEK,ok,
2005-11-10,SEKGHS,Swedish Krona,Mid Rate,"1,108.6750",GH¢ per SEK,0.1108675,GH¢ per SEK,ok,
2005-11-11,USDGHS,US Dollar,Buying,"8,995.4500",GH¢ per USD,0.899545,GH¢ per USD,ok,
2005-11-11,USDGHS,US Dollar,Selling,"9,122.2700",GH¢ per USD,0.912227,GH¢ per USD,ok,
2005-11-11,USDGHS,US Dollar,Mid Rate,"9,058.8600",GH¢ per USD,0.905886,GH¢ per USD,ok,
2005-11-11,AUDGHS,Australian Dollar,Selling,"6,686.7700",GH¢ per AUD,0.668677,GH¢ per AUD,ok,
2005-11-11,AUDGHS,Australian Dollar,Mid Rate,"3,343.3850",GH¢ per AUD,0.3343385,GH¢ per AUD,ok,
2005-11-11,CADGHS,Canadian Dollar,Buying,"7,572.0700",GH¢ per CAD,0.757207,GH¢ per CAD,ok,
2005-11-11,CADGHS,Canadian Dollar,Selling,"7,676.5300",GH¢ per CAD,0.767653,GH¢ per CAD,ok,
2005-11-11,CADGHS,Canadian Dollar,Mid Rate,"7,624.3000",GH¢ per CAD,0.76243,GH¢ per CAD,ok,
2005-11-11,CHFGHS,Swiss Franc,Buying,"6,845.8300",GH¢ per CHF,0.684583,GH¢ per CHF,ok,
2005-11-11,CHFGHS,Swiss Franc,Selling,"6,941.6500",GH¢ per CHF,0.694165,GH¢ per CHF,ok,
2005-11-11,CHFGHS,Swiss Franc,Mid Rate,"6,893.7400",GH¢ per CHF,0.689374,GH¢ per CHF,ok,
2005-11-11,DKKGHS,Danish Krone,Buying,"1,411.5000",GH¢ per DKK,0.14115,GH¢ per DKK,ok,
2005-11-11,DKKGHS,Danish Krone,Selling,"1,430.8900",GH¢ per DKK,0.143089,GH¢ per DKK,ok,
2005-11-11,DKKGHS,Danish Krone,Mid Rate,"1,421.1950",GH¢ per DKK,0.1421195,GH¢ per DKK,ok,
2005-11-11,GBPGHS,Pound Sterling,Buying,"15,667.3800",GH¢ per GBP,1.566738,GH¢ per GBP,ok,
2005-11-11,GBPGHS,Pound Sterling,Selling,"15,901.9400",GH¢ per GBP,1.590194,GH¢ per GBP,ok,
2005-11-11,GBPGHS,Pound Sterling,Mid Rate,"15,784.6600",GH¢ per GBP,1.578466,GH¢ per GBP,ok,
2005-11-11,JPYGHS,Japanese yen,Buying,76.3500,GH¢ per JPY,0.007635,GH¢ per JPY,ok,
2005-11-11,JPYGHS,Japanese yen,Selling,77.4500,GH¢ per JPY,0.007745,GH¢ per JPY,ok,
2005-11-11,JPYGHS,Japanese yen,Mid Rate,76.9000,GH¢ per JPY,0.00769,GH¢ per JPY,ok,
2005-11-11,NOKGHS,Norwegian Krone,Buying,"1,360.5300",GH¢ per NOK,0.136053,GH¢ per NOK,ok,
2005-11-11,NOKGHS,Norwegian Krone,Selling,"1,379.2500",GH¢ per NOK,0.137925,GH¢ per NOK,ok,
2005-11-11,NOKGHS,Norwegian Krone,Mid Rate,"1,369.8900",GH¢ per NOK,0.136989,GH¢ per NOK,ok,
2005-11-11,NZDGHS,New Zealand Dollar,Buying,"6,183.9100",GH¢ per NZD,0.618391,GH¢ per NZD,ok,
2005-11-11,NZDGHS,New Zealand Dollar,Selling,"6,287.6300",GH¢ per NZD,0.628763,GH¢ per NZD,ok,
2005-11-11,NZDGHS,New Zealand Dollar,Mid Rate,"6,235.7700",GH¢ per NZD,0.623577,GH¢ per NZD,ok,
2005-11-11,SEKGHS,Swedish Krona,Buying,"1,092.2500",GH¢ per SEK,0.109225,GH¢ per SEK,ok,
2005-11-11,SEKGHS,Swedish Krona,Selling,"1,106.9800",GH¢ per SEK,0.110698,GH¢ per SEK,ok,
2005-11-11,SEKGHS,Swedish Krona,Mid Rate,"1,099.6150",GH¢ per SEK,0.1099615,GH¢ per SEK,ok,
2005-11-14,USDGHS,US Dollar,Buying,"8,995.4500",GH¢ per USD,0.899545,GH¢ per USD,ok,
2005-11-14,USDGHS,US Dollar,Selling,"9,122.2700",GH¢ per USD,0.912227,GH¢ per USD,ok,
2005-11-14,USDGHS,US Dollar,Mid Rate,"9,058.8600",GH¢ per USD,0.905886,GH¢ per USD,ok,
2005-11-14,AUDGHS,Australian Dollar,Selling,"6,686.9800",GH¢ per AUD,0.668698,GH¢ per AUD,ok,
2005-11-14,AUDGHS,Australian Dollar,Mid Rate,"3,343.4900",GH¢ per AUD,0.334349,GH¢ per AUD,ok,
2005-11-14,CADGHS,Canadian Dollar,Buying,"7,559.3500",GH¢ per CAD,0.755935,GH¢ per CAD,ok,
2005-11-14,CADGHS,Canadian Dollar,Selling,"7,663.0200",GH¢ per CAD,0.766302,GH¢ per CAD,ok,
2005-11-14,CADGHS,Canadian Dollar,Mid Rate,"7,611.1850",GH¢ per CAD,0.7611185,GH¢ per CAD,ok,
2005-11-14,CHFGHS,Swiss Franc,Buying,"6,868.8900",GH¢ per CHF,0.686889,GH¢ per CHF,ok,
2005-11-14,CHFGHS,Swiss Franc,Selling,"6,964.4600",GH¢ per CHF,0.696446,GH¢ per CHF,ok,
2005-11-14,CHFGHS,Swiss Franc,Mid Rate,"6,916.6750",GH¢ per CHF,0.6916675,GH¢ per CHF,ok,
2005-11-14,DKKGHS,Danish Krone,Buying,"1,417.2000",GH¢ per DKK,0.14172,GH¢ per DKK,ok,
2005-11-14,DKKGHS,Danish Krone,Selling,"1,437.1600",GH¢ per DKK,0.143716,GH¢ per DKK,ok,
2005-11-14,DKKGHS,Danish Krone,Mid Rate,"1,427.1800",GH¢ per DKK,0.142718,GH¢ per DKK,ok,
2005-11-14,GBPGHS,Pound Sterling,Buying,"15,687.1700",GH¢ per GBP,1.568717,GH¢ per GBP,ok,
2005-11-14,GBPGHS,Pound Sterling,Selling,"15,913.2700",GH¢ per GBP,1.591327,GH¢ per GBP,ok,
2005-11-14,GBPGHS,Pound Sterling,Mid Rate,"15,800.2200",GH¢ per GBP,1.580022,GH¢ per GBP,ok,
2005-11-14,JPYGHS,Japanese yen,Buying,76.2100,GH¢ per JPY,0.007621,GH¢ per JPY,ok,
2005-11-14,JPYGHS,Japanese yen,Selling,77.2600,GH¢ per JPY,0.007726,GH¢ per JPY,ok,
2005-11-14,JPYGHS,Japanese yen,Mid Rate,76.7350,GH¢ per JPY,0.0076735,GH¢ per JPY,ok,
2005-11-14,NOKGHS,Norwegian Krone,Buying,"1,363.7700",GH¢ per NOK,0.136377,GH¢ per NOK,ok,
2005-11-14,NOKGHS,Norwegian Krone,Selling,"1,381.7800",GH¢ per NOK,0.138178,GH¢ per NOK,ok,
2005-11-14,NOKGHS,Norwegian Krone,Mid Rate,"1,372.7750",GH¢ per NOK,0.1372775,GH¢ per NOK,ok,
2005-11-14,NZDGHS,New Zealand Dollar,Buying,"6,171.3300",GH¢ per NZD,0.617133,GH¢ per NZD,ok,
2005-11-14,NZDGHS,New Zealand Dollar,Selling,"6,265.2600",GH¢ per NZD,0.626526,GH¢ per NZD,ok,
2005-11-14,NZDGHS,New Zealand Dollar,Mid Rate,"6,218.2950",GH¢ per NZD,0.6218295,GH¢ per NZD,ok,
2005-11-14,SEKGHS,Swedish Krona,Buying,"1,106.6200",GH¢ per SEK,0.110662,GH¢ per SEK,ok,
2005-11-14,SEKGHS,Swedish Krona,Selling,"1,121.0200",GH¢ per SEK,0.112102,GH¢ per SEK,ok,
2005-11-14,SEKGHS,Swedish Krona,Mid Rate,"1,113.8200",GH¢ per SEK,0.111382,GH¢ per SEK,ok,
2005-11-15,USDGHS,US Dollar,Buying,"8,995.4500",GH¢ per USD,0.899545,GH¢ per USD,ok,
2005-11-15,USDGHS,US Dollar,Selling,"9,122.2700",GH¢ per USD,0.912227,GH¢ per USD,ok,
2005-11-15,USDGHS,US Dollar,Mid Rate,"9,058.8600",GH¢ per USD,0.905886,GH¢ per USD,ok,
2005-11-15,AUDGHS,Australian Dollar,Selling,"6,656.7600",GH¢ per AUD,0.665676,GH¢ per AUD,ok,
2005-11-15,AUDGHS,Australian Dollar,Mid Rate,"3,328.3800",GH¢ per AUD,0.332838,GH¢ per AUD,ok,
2005-11-15,CADGHS,Canadian Dollar,Buying,"7,538.9200",GH¢ per CAD,0.753892,GH¢ per CAD,ok,
2005-11-15,CADGHS,Canadian Dollar,Selling,"7,641.8800",GH¢ per CAD,0.764188,GH¢ per CAD,ok,
2005-11-15,CADGHS,Canadian Dollar,Mid Rate,"7,590.4000",GH¢ per CAD,0.75904,GH¢ per CAD,ok,
2005-11-15,CHFGHS,Swiss Franc,Buying,"6,826.1900",GH¢ per CHF,0.682619,GH¢ per CHF,ok,
2005-11-15,CHFGHS,Swiss Franc,Selling,"6,920.8000",GH¢ per CHF,0.69208,GH¢ per CHF,ok,
2005-11-15,CHFGHS,Swiss Franc,Mid Rate,"6,873.4950",GH¢ per CHF,0.6873495,GH¢ per CHF,ok,
2005-11-15,DKKGHS,Danish Krone,Buying,"1,410.9800",GH¢ per DKK,0.141098,GH¢ per DKK,ok,
2005-11-15,DKKGHS,Danish Krone,Selling,"1,430.7200",GH¢ per DKK,0.143072,GH¢ per DKK,ok,
2005-11-15,DKKGHS,Danish Krone,Mid Rate,"1,420.8500",GH¢ per DKK,0.142085,GH¢ per DKK,ok,
2005-11-15,GBPGHS,Pound Sterling,Buying,"15,639.4900",GH¢ per GBP,1.563949,GH¢ per GBP,ok,
2005-11-15,GBPGHS,Pound Sterling,Selling,"15,864.5400",GH¢ per GBP,1.586454,GH¢ per GBP,ok,
2005-11-15,GBPGHS,Pound Sterling,Mid Rate,"15,752.0150",GH¢ per GBP,1.5752015,GH¢ per GBP,ok,
2005-11-15,JPYGHS,Japanese yen,Buying,75.7000,GH¢ per JPY,0.00757,GH¢ per JPY,ok,
2005-11-15,JPYGHS,Japanese yen,Selling,76.7500,GH¢ per JPY,0.007675,GH¢ per JPY,ok,
2005-11-15,JPYGHS,Japanese yen,Mid Rate,76.2250,GH¢ per JPY,0.0076225,GH¢ per JPY,ok,
2005-11-15,NOKGHS,Norwegian Krone,Buying,"1,350.6700",GH¢ per NOK,0.135067,GH¢ per NOK,ok,
2005-11-15,NOKGHS,Norwegian Krone,Selling,"1,369.3000",GH¢ per NOK,0.13693,GH¢ per NOK,ok,
2005-11-15,NOKGHS,Norwegian Krone,Mid Rate,"1,359.9850",GH¢ per NOK,0.1359985,GH¢ per NOK,ok,
2005-11-15,NZDGHS,New Zealand Dollar,Buying,"6,132.2400",GH¢ per NZD,0.613224,GH¢ per NZD,ok,
2005-11-15,NZDGHS,New Zealand Dollar,Selling,"6,228.4200",GH¢ per NZD,0.622842,GH¢ per NZD,ok,
2005-11-15,NZDGHS,New Zealand Dollar,Mid Rate,"6,180.3300",GH¢ per NZD,0.618033,GH¢ per NZD,ok,
2005-11-15,SEKGHS,Swedish Krona,Buying,"1,098.4800",GH¢ per SEK,0.109848,GH¢ per SEK,ok,
2005-11-15,SEKGHS,Swedish Krona,Selling,"1,113.4300",GH¢ per SEK,0.111343,GH¢ per SEK,ok,
2005-11-15,SEKGHS,Swedish Krona,Mid Rate,"1,105.9550",GH¢ per SEK,0.1105955,GH¢ per SEK,ok,
2005-11-16,USDGHS,US Dollar,Buying,"8,995.4500",GH¢ per USD,0.899545,GH¢ per USD,ok,
2005-11-16,USDGHS,US Dollar,Selling,"9,122.2700",GH¢ per USD,0.912227,GH¢ per USD,ok,
2005-11-16,USDGHS,US Dollar,Mid Rate,"9,058.8600",GH¢ per USD,0.905886,GH¢ per USD,ok,
2005-11-16,AUDGHS,Australian Dollar,Selling,"6,675.8000",GH¢ per AUD,0.66758,GH¢ per AUD,ok,
2005-11-16,AUDGHS,Australian Dollar,Mid Rate,"3,337.9000",GH¢ per AUD,0.33379,GH¢ per AUD,ok,
2005-11-16,CADGHS,Canadian Dollar,Buying,"7,540.0200",GH¢ per CAD,0.754002,GH¢ per CAD,ok,
2005-11-16,CADGHS,Canadian Dollar,Selling,"7,643.5800",GH¢ per CAD,0.764358,GH¢ per CAD,ok,
2005-11-16,CADGHS,Canadian Dollar,Mid Rate,"7,591.8000",GH¢ per CAD,0.75918,GH¢ per CAD,ok,
2005-11-16,CHFGHS,Swiss Franc,Buying,"6,828.3300",GH¢ per CHF,0.682833,GH¢ per CHF,ok,
2005-11-16,CHFGHS,Swiss Franc,Selling,"6,923.0700",GH¢ per CHF,0.692307,GH¢ per CHF,ok,
2005-11-16,CHFGHS,Swiss Franc,Mid Rate,"6,875.7000",GH¢ per CHF,0.68757,GH¢ per CHF,ok,
2005-11-16,DKKGHS,Danish Krone,Buying,"1,414.3300",GH¢ per DKK,0.141433,GH¢ per DKK,ok,
2005-11-16,DKKGHS,Danish Krone,Selling,"1,433.8100",GH¢ per DKK,0.143381,GH¢ per DKK,ok,
2005-11-16,DKKGHS,Danish Krone,Mid Rate,"1,424.0700",GH¢ per DKK,0.142407,GH¢ per DKK,ok,
2005-11-16,GBPGHS,Pound Sterling,Buying,"15,611.6000",GH¢ per GBP,1.56116,GH¢ per GBP,ok,
2005-11-16,GBPGHS,Pound Sterling,Selling,"15,834.4400",GH¢ per GBP,1.583444,GH¢ per GBP,ok,
2005-11-16,GBPGHS,Pound Sterling,Mid Rate,"15,723.0200",GH¢ per GBP,1.572302,GH¢ per GBP,ok,
2005-11-16,JPYGHS,Japanese yen,Buying,75.5400,GH¢ per JPY,0.007554,GH¢ per JPY,ok,
2005-11-16,JPYGHS,Japanese yen,Selling,76.5700,GH¢ per JPY,0.007657,GH¢ per JPY,ok,
2005-11-16,JPYGHS,Japanese yen,Mid Rate,76.0550,GH¢ per JPY,0.0076055,GH¢ per JPY,ok,
2005-11-16,NOKGHS,Norwegian Krone,Buying,"1,347.4000",GH¢ per NOK,0.13474,GH¢ per NOK,ok,
2005-11-16,NOKGHS,Norwegian Krone,Selling,"1,365.7800",GH¢ per NOK,0.136578,GH¢ per NOK,ok,
2005-11-16,NOKGHS,Norwegian Krone,Mid Rate,"1,356.5900",GH¢ per NOK,0.135659,GH¢ per NOK,ok,
2005-11-16,NZDGHS,New Zealand Dollar,Buying,"6,146.2900",GH¢ per NZD,0.614629,GH¢ per NZD,ok,
2005-11-16,NZDGHS,New Zealand Dollar,Selling,"6,245.1000",GH¢ per NZD,0.62451,GH¢ per NZD,ok,
2005-11-16,NZDGHS,New Zealand Dollar,Mid Rate,"6,195.6950",GH¢ per NZD,0.6195695,GH¢ per NZD,ok,
2005-11-16,SEKGHS,Swedish Krona,Buying,"1,096.5100",GH¢ per SEK,0.109651,GH¢ per SEK,ok,
2005-11-16,SEKGHS,Swedish Krona,Selling,"1,111.5600",GH¢ per SEK,0.111156,GH¢ per SEK,ok,
2005-11-16,SEKGHS,Swedish Krona,Mid Rate,"1,104.0350",GH¢ per SEK,0.1104035,GH¢ per SEK,ok,
2005-11-17,USDGHS,US Dollar,Buying,"8,995.4500",GH¢ per USD,0.899545,GH¢ per USD,ok,
2005-11-17,USDGHS,US Dollar,Selling,"9,122.2700",GH¢ per USD,0.912227,GH¢ per USD,ok,
2005-11-17,USDGHS,US Dollar,Mid Rate,"9,058.8600",GH¢ per USD,0.905886,GH¢ per USD,ok,
2005-11-17,AUDGHS,Australian Dollar,Selling,"6,670.0300",GH¢ per AUD,0.667003,GH¢ per AUD,ok,
2005-11-17,AUDGHS,Australian Dollar,Mid Rate,"3,335.0150",GH¢ per AUD,0.3335015,GH¢ per AUD,ok,
2005-11-17,CADGHS,Canadian Dollar,Buying,"7,540.6900",GH¢ per CAD,0.754069,GH¢ per CAD,ok,
2005-11-17,CADGHS,Canadian Dollar,Selling,"7,644.1600",GH¢ per CAD,0.764416,GH¢ per CAD,ok,
2005-11-17,CADGHS,Canadian Dollar,Mid Rate,"7,592.4250",GH¢ per CAD,0.7592425,GH¢ per CAD,ok,
2005-11-17,CHFGHS,Swiss Franc,Buying,"6,779.4400",GH¢ per CHF,0.677944,GH¢ per CHF,ok,
2005-11-17,CHFGHS,Swiss Franc,Selling,"6,872.8100",GH¢ per CHF,0.687281,GH¢ per CHF,ok,
2005-11-17,CHFGHS,Swiss Franc,Mid Rate,"6,826.1250",GH¢ per CHF,0.6826125,GH¢ per CHF,ok,
2005-11-17,DKKGHS,Danish Krone,Buying,"1,406.2800",GH¢ per DKK,0.140628,GH¢ per DKK,ok,
2005-11-17,DKKGHS,Danish Krone,Selling,"1,425.1600",GH¢ per DKK,0.142516,GH¢ per DKK,ok,
2005-11-17,DKKGHS,Danish Krone,Mid Rate,"1,415.7200",GH¢ per DKK,0.141572,GH¢ per DKK,ok,
2005-11-17,GBPGHS,Pound Sterling,Buying,"15,452.3800",GH¢ per GBP,1.545238,GH¢ per GBP,ok,
2005-11-17,GBPGHS,Pound Sterling,Selling,"15,672.8100",GH¢ per GBP,1.567281,GH¢ per GBP,ok,
2005-11-17,GBPGHS,Pound Sterling,Mid Rate,"15,562.5950",GH¢ per GBP,1.5562595,GH¢ per GBP,ok,
2005-11-17,JPYGHS,Japanese yen,Buying,75.6100,GH¢ per JPY,0.007561,GH¢ per JPY,ok,
2005-11-17,JPYGHS,Japanese yen,Selling,76.6400,GH¢ per JPY,0.007664,GH¢ per JPY,ok,
2005-11-17,JPYGHS,Japanese yen,Mid Rate,76.1250,GH¢ per JPY,0.0076125,GH¢ per JPY,ok,
2005-11-17,NOKGHS,Norwegian Krone,Buying,"1,340.2500",GH¢ per NOK,0.134025,GH¢ per NOK,ok,
2005-11-17,NOKGHS,Norwegian Krone,Selling,"1,358.4500",GH¢ per NOK,0.135845,GH¢ per NOK,ok,
2005-11-17,NOKGHS,Norwegian Krone,Mid Rate,"1,349.3500",GH¢ per NOK,0.134935,GH¢ per NOK,ok,
2005-11-17,NZDGHS,New Zealand Dollar,Buying,"6,153.1400",GH¢ per NZD,0.615314,GH¢ per NZD,ok,
2005-11-17,NZDGHS,New Zealand Dollar,Selling,"6,251.5800",GH¢ per NZD,0.625158,GH¢ per NZD,ok,
2005-11-17,NZDGHS,New Zealand Dollar,Mid Rate,"6,202.3600",GH¢ per NZD,0.620236,GH¢ per NZD,ok,
2005-11-17,SEKGHS,Swedish Krona,Buying,"1,088.6000",GH¢ per SEK,0.10886,GH¢ per SEK,ok,
2005-11-17,SEKGHS,Swedish Krona,Selling,"1,102.6600",GH¢ per SEK,0.110266,GH¢ per SEK,ok,
2005-11-17,SEKGHS,Swedish Krona,Mid Rate,"1,095.6300",GH¢ per SEK,0.109563,GH¢ per SEK,ok,
2005-11-18,USDGHS,US Dollar,Buying,"8,995.4500",GH¢ per USD,0.899545,GH¢ per USD,ok,
2005-11-18,USDGHS,US Dollar,Selling,"9,122.2700",GH¢ per USD,0.912227,GH¢ per USD,ok,
2005-11-18,USDGHS,US Dollar,Mid Rate,"9,058.8600",GH¢ per USD,0.905886,GH¢ per USD,ok,
2005-11-18,AUDGHS,Australian Dollar,Selling,"6,671.3200",GH¢ per AUD,0.667132,GH¢ per AUD,ok,
2005-11-18,AUDGHS,Australian Dollar,Mid Rate,"3,335.6600",GH¢ per AUD,0.333566,GH¢ per AUD,ok,
2005-11-18,CADGHS,Canadian Dollar,Buying,"7,571.3000",GH¢ per CAD,0.75713,GH¢ per CAD,ok,
2005-11-18,CADGHS,Canadian Dollar,Selling,"7,670.7100",GH¢ per CAD,0.767071,GH¢ per CAD,ok,
2005-11-18,CADGHS,Canadian Dollar,Mid Rate,"7,621.0050",GH¢ per CAD,0.7621005,GH¢ per CAD,ok,
2005-11-18,CHFGHS,Swiss Franc,Buying,"6,804.7000",GH¢ per CHF,0.68047,GH¢ per CHF,ok,
2005-11-18,CHFGHS,Swiss Franc,Selling,"6,896.0600",GH¢ per CHF,0.689606,GH¢ per CHF,ok,
2005-11-18,CHFGHS,Swiss Franc,Mid Rate,"6,850.3800",GH¢ per CHF,0.685038,GH¢ per CHF,ok,
2005-11-18,DKKGHS,Danish Krone,Buying,"1,412.5600",GH¢ per DKK,0.141256,GH¢ per DKK,ok,
2005-11-18,DKKGHS,Danish Krone,Selling,"1,431.5000",GH¢ per DKK,0.14315,GH¢ per DKK,ok,
2005-11-18,DKKGHS,Danish Krone,Mid Rate,"1,422.0300",GH¢ per DKK,0.142203,GH¢ per DKK,ok,
2005-11-18,GBPGHS,Pound Sterling,Buying,"15,403.8100",GH¢ per GBP,1.540381,GH¢ per GBP,ok,
2005-11-18,GBPGHS,Pound Sterling,Selling,"15,623.7100",GH¢ per GBP,1.562371,GH¢ per GBP,ok,
2005-11-18,GBPGHS,Pound Sterling,Mid Rate,"15,513.7600",GH¢ per GBP,1.551376,GH¢ per GBP,ok,
2005-11-18,JPYGHS,Japanese yen,Buying,75.4200,GH¢ per JPY,0.007542,GH¢ per JPY,ok,
2005-11-18,JPYGHS,Japanese yen,Selling,76.4600,GH¢ per JPY,0.007646,GH¢ per JPY,ok,
2005-11-18,JPYGHS,Japanese yen,Mid Rate,75.9400,GH¢ per JPY,0.007594,GH¢ per JPY,ok,
2005-11-18,NZDGHS,New Zealand Dollar,Buying,"1,338.9000",GH¢ per NZD,,GH¢ per NZD,held,FX1_outlier
2005-11-18,NZDGHS,New Zealand Dollar,Selling,"1,355.5300",GH¢ per NZD,,GH¢ per NZD,held,FX1_outlier
2005-11-18,NZDGHS,New Zealand Dollar,Mid Rate,"1,347.2150",GH¢ per NZD,,GH¢ per NZD,held,FX1_outlier
2005-11-18,SEKGHS,Swedish Krona,Buying,"1,097.0300",GH¢ per SEK,0.109703,GH¢ per SEK,ok,
2005-11-18,SEKGHS,Swedish Krona,Selling,"1,110.7800",GH¢ per SEK,0.111078,GH¢ per SEK,ok,
2005-11-18,SEKGHS,Swedish Krona,Mid Rate,"1,103.9050",GH¢ per SEK,0.1103905,GH¢ per SEK,ok,
2005-11-21,USDGHS,US Dollar,Buying,"8,995.4500",GH¢ per USD,0.899545,GH¢ per USD,ok,
2005-11-21,USDGHS,US Dollar,Selling,"9,122.2700",GH¢ per USD,0.912227,GH¢ per USD,ok,
2005-11-21,USDGHS,US Dollar,Mid Rate,"9,058.8600",GH¢ per USD,0.905886,GH¢ per USD,ok,
2005-11-21,AUDGHS,Australian Dollar,Selling,"6,699.7900",GH¢ per AUD,0.669979,GH¢ per AUD,ok,
2005-11-21,AUDGHS,Australian Dollar,Mid Rate,"3,349.8950",GH¢ per AUD,0.3349895,GH¢ per AUD,ok,
2005-11-21,CADGHS,Canadian Dollar,Buying,"7,574.3300",GH¢ per CAD,0.757433,GH¢ per CAD,ok,
2005-11-21,CADGHS,Canadian Dollar,Selling,"7,676.1800",GH¢ per CAD,0.767618,GH¢ per CAD,ok,
2005-11-21,CADGHS,Canadian Dollar,Mid Rate,"7,625.2550",GH¢ per CAD,0.7625255,GH¢ per CAD,ok,
2005-11-21,CHFGHS,Swiss Franc,Buying,"6,843.0900",GH¢ per CHF,0.684309,GH¢ per CHF,ok,
2005-11-21,CHFGHS,Swiss Franc,Selling,"6,936.5400",GH¢ per CHF,0.693654,GH¢ per CHF,ok,
2005-11-21,CHFGHS,Swiss Franc,Mid Rate,"6,889.8150",GH¢ per CHF,0.6889815,GH¢ per CHF,ok,
2005-11-21,DKKGHS,Danish Krone,Buying,"1,422.7000",GH¢ per DKK,0.14227,GH¢ per DKK,ok,
2005-11-21,DKKGHS,Danish Krone,Selling,"1,440.8700",GH¢ per DKK,0.144087,GH¢ per DKK,ok,
2005-11-21,DKKGHS,Danish Krone,Mid Rate,"1,431.7850",GH¢ per DKK,0.1431785,GH¢ per DKK,ok,
2005-11-21,GBPGHS,Pound Sterling,Buying,"15,452.3800",GH¢ per GBP,1.545238,GH¢ per GBP,ok,
2005-11-21,GBPGHS,Pound Sterling,Selling,"15,679.3600",GH¢ per GBP,1.567936,GH¢ per GBP,ok,
2005-11-21,GBPGHS,Pound Sterling,Mid Rate,"15,565.8700",GH¢ per GBP,1.556587,GH¢ per GBP,ok,
2005-11-21,JPYGHS,Japanese yen,Buying,75.4600,GH¢ per JPY,0.007546,GH¢ per JPY,ok,
2005-11-21,JPYGHS,Japanese yen,Selling,76.5200,GH¢ per JPY,0.007652,GH¢ per JPY,ok,
2005-11-21,JPYGHS,Japanese yen,Mid Rate,75.9900,GH¢ per JPY,0.007599,GH¢ per JPY,ok,
2005-11-21,NOKGHS,Norwegian Krone,Buying,"1,344.0200",GH¢ per NOK,0.134402,GH¢ per NOK,ok,
2005-11-21,NOKGHS,Norwegian Krone,Selling,"1,363.1300",GH¢ per NOK,0.136313,GH¢ per NOK,ok,
2005-11-21,NOKGHS,Norwegian Krone,Mid Rate,"1,353.5750",GH¢ per NOK,0.1353575,GH¢ per NOK,ok,
2005-11-21,NZDGHS,New Zealand Dollar,Buying,"6,179.4100",GH¢ per NZD,0.617941,GH¢ per NZD,ok,
2005-11-21,NZDGHS,New Zealand Dollar,Selling,"6,281.1500",GH¢ per NZD,0.628115,GH¢ per NZD,ok,
2005-11-21,NZDGHS,New Zealand Dollar,Mid Rate,"6,230.2800",GH¢ per NZD,0.623028,GH¢ per NZD,ok,
2005-11-21,SEKGHS,Swedish Krona,Buying,"1,106.8700",GH¢ per SEK,0.110687,GH¢ per SEK,ok,
2005-11-21,SEKGHS,Swedish Krona,Selling,"1,122.6600",GH¢ per SEK,0.112266,GH¢ per SEK,ok,
2005-11-21,SEKGHS,Swedish Krona,Mid Rate,"1,114.7650",GH¢ per SEK,0.1114765,GH¢ per SEK,ok,
2005-11-22,USDGHS,US Dollar,Buying,"8,995.4500",GH¢ per USD,0.899545,GH¢ per USD,ok,
2005-11-22,USDGHS,US Dollar,Selling,"9,122.2700",GH¢ per USD,0.912227,GH¢ per USD,ok,
2005-11-22,USDGHS,US Dollar,Mid Rate,"9,058.8600",GH¢ per USD,0.905886,GH¢ per USD,ok,
2005-11-22,AUDGHS,Australian Dollar,Selling,"6,695.9200",GH¢ per AUD,0.669592,GH¢ per AUD,ok,
2005-11-22,AUDGHS,Australian Dollar,Mid Rate,"3,347.9600",GH¢ per AUD,0.334796,GH¢ per AUD,ok,
2005-11-22,CADGHS,Canadian Dollar,Buying,"7,597.4000",GH¢ per CAD,0.75974,GH¢ per CAD,ok,
2005-11-22,CADGHS,Canadian Dollar,Selling,"7,701.8890",GH¢ per CAD,0.7701889,GH¢ per CAD,ok,
2005-11-22,CADGHS,Canadian Dollar,Mid Rate,"7,649.6445",GH¢ per CAD,0.76496445,GH¢ per CAD,ok,
2005-11-22,CHFGHS,Swiss Franc,Buying,"6,820.7300",GH¢ per CHF,0.682073,GH¢ per CHF,ok,
2005-11-22,CHFGHS,Swiss Franc,Selling,"6,915.6500",GH¢ per CHF,0.691565,GH¢ per CHF,ok,
2005-11-22,CHFGHS,Swiss Franc,Mid Rate,"6,868.1900",GH¢ per CHF,0.686819,GH¢ per CHF,ok,
2005-11-22,DKKGHS,Danish Krone,Buying,"1,414.4500",GH¢ per DKK,0.141445,GH¢ per DKK,ok,
2005-11-22,DKKGHS,Danish Krone,Selling,"1,434.2430",GH¢ per DKK,0.1434243,GH¢ per DKK,ok,
2005-11-22,DKKGHS,Danish Krone,Mid Rate,"1,424.3465",GH¢ per DKK,0.14243465,GH¢ per DKK,ok,
2005-11-22,GBPGHS,Pound Sterling,Buying,"15,432.5900",GH¢ per GBP,1.543259,GH¢ per GBP,ok,
2005-11-22,GBPGHS,Pound Sterling,Selling,"15,655.6400",GH¢ per GBP,1.565564,GH¢ per GBP,ok,
2005-11-22,GBPGHS,Pound Sterling,Mid Rate,"15,544.1150",GH¢ per GBP,1.5544115,GH¢ per GBP,ok,
2005-11-22,JPYGHS,Japanese yen,Buying,75.5400,GH¢ per JPY,0.007554,GH¢ per JPY,ok,
2005-11-22,JPYGHS,Japanese yen,Selling,76.5900,GH¢ per JPY,0.007659,GH¢ per JPY,ok,
2005-11-22,JPYGHS,Japanese yen,Mid Rate,76.0650,GH¢ per JPY,0.0076065,GH¢ per JPY,ok,
2005-11-22,NOKGHS,Norwegian Krone,Buying,"1,341.4300",GH¢ per NOK,0.134143,GH¢ per NOK,ok,
2005-11-22,NOKGHS,Norwegian Krone,Selling,"1,360.3700",GH¢ per NOK,0.136037,GH¢ per NOK,ok,
2005-11-22,NOKGHS,Norwegian Krone,Mid Rate,"1,350.9000",GH¢ per NOK,0.13509,GH¢ per NOK,ok,
2005-11-22,NZDGHS,New Zealand Dollar,Buying,"6,171.4900",GH¢ per NZD,0.617149,GH¢ per NZD,ok,
2005-11-22,NZDGHS,New Zealand Dollar,Selling,"6,271.6500",GH¢ per NZD,0.627165,GH¢ per NZD,ok,
2005-11-22,NZDGHS,New Zealand Dollar,Mid Rate,"6,221.5700",GH¢ per NZD,0.622157,GH¢ per NZD,ok,
2005-11-22,SEKGHS,Swedish Krona,Buying,"1,104.9500",GH¢ per SEK,0.110495,GH¢ per SEK,ok,
2005-11-22,SEKGHS,Swedish Krona,Selling,"1,120.4400",GH¢ per SEK,0.112044,GH¢ per SEK,ok,
2005-11-22,SEKGHS,Swedish Krona,Mid Rate,"1,112.6950",GH¢ per SEK,0.1112695,GH¢ per SEK,ok,
2005-11-23,USDGHS,US Dollar,Buying,"8,995.4500",GH¢ per USD,0.899545,GH¢ per USD,ok,
2005-11-23,USDGHS,US Dollar,Selling,"9,122.2700",GH¢ per USD,0.912227,GH¢ per USD,ok,
2005-11-23,USDGHS,US Dollar,Mid Rate,"9,058.8600",GH¢ per USD,0.905886,GH¢ per USD,ok,
2005-11-23,AUDGHS,Australian Dollar,Selling,"6,740.0700",GH¢ per AUD,0.674007,GH¢ per AUD,ok,
2005-11-23,AUDGHS,Australian Dollar,Mid Rate,"3,370.0350",GH¢ per AUD,0.3370035,GH¢ per AUD,ok,
2005-11-23,CADGHS,Canadian Dollar,Buying,"7,665.1900",GH¢ per CAD,0.766519,GH¢ per CAD,ok,
2005-11-23,CADGHS,Canadian Dollar,Selling,"7,770.3900",GH¢ per CAD,0.777039,GH¢ per CAD,ok,
2005-11-23,CADGHS,Canadian Dollar,Mid Rate,"7,717.7900",GH¢ per CAD,0.771779,GH¢ per CAD,ok,
2005-11-23,CHFGHS,Swiss Franc,Buying,"6,872.2700",GH¢ per CHF,0.687227,GH¢ per CHF,ok,
2005-11-23,CHFGHS,Swiss Franc,Selling,"6,966.3500",GH¢ per CHF,0.696635,GH¢ per CHF,ok,
2005-11-23,CHFGHS,Swiss Franc,Mid Rate,"6,919.3100",GH¢ per CHF,0.691931,GH¢ per CHF,ok,
2005-11-23,DKKGHS,Danish Krone,Buying,"1,427.6100",GH¢ per DKK,0.142761,GH¢ per DKK,ok,
2005-11-23,DKKGHS,Danish Krone,Selling,"1,446.5900",GH¢ per DKK,0.144659,GH¢ per DKK,ok,
2005-11-23,DKKGHS,Danish Krone,Mid Rate,"1,437.1000",GH¢ per DKK,0.14371,GH¢ per DKK,ok,
2005-11-23,GBPGHS,Pound Sterling,Buying,"15,518.9500",GH¢ per GBP,1.551895,GH¢ per GBP,ok,
2005-11-23,GBPGHS,Pound Sterling,Selling,"15,740.4800",GH¢ per GBP,1.574048,GH¢ per GBP,ok,
2005-11-23,GBPGHS,Pound Sterling,Mid Rate,"15,629.7150",GH¢ per GBP,1.5629715,GH¢ per GBP,ok,
2005-11-23,JPYGHS,Japanese yen,Buying,75.9200,GH¢ per JPY,0.007592,GH¢ per JPY,ok,
2005-11-23,JPYGHS,Japanese yen,Selling,76.9600,GH¢ per JPY,0.007696,GH¢ per JPY,ok,
2005-11-23,JPYGHS,Japanese yen,Mid Rate,76.4400,GH¢ per JPY,0.007644,GH¢ per JPY,ok,
2005-11-23,NOKGHS,Norwegian Krone,Buying,"1,352.3700",GH¢ per NOK,0.135237,GH¢ per NOK,ok,
2005-11-23,NOKGHS,Norwegian Krone,Selling,"1,370.0200",GH¢ per NOK,0.137002,GH¢ per NOK,ok,
2005-11-23,NOKGHS,Norwegian Krone,Mid Rate,"1,361.1950",GH¢ per NOK,0.1361195,GH¢ per NOK,ok,
2005-11-23,NZDGHS,New Zealand Dollar,Buying,"6,235.5130",GH¢ per NZD,0.6235513,GH¢ per NZD,ok,
2005-11-23,NZDGHS,New Zealand Dollar,Selling,"6,329.2500",GH¢ per NZD,0.632925,GH¢ per NZD,ok,
2005-11-23,NZDGHS,New Zealand Dollar,Mid Rate,"6,282.3815",GH¢ per NZD,0.62823815,GH¢ per NZD,ok,
2005-11-23,SEKGHS,Swedish Krona,Buying,"1,118.6600",GH¢ per SEK,0.111866,GH¢ per SEK,ok,
2005-11-23,SEKGHS,Swedish Krona,Selling,"1,133.9500",GH¢ per SEK,0.113395,GH¢ per SEK,ok,
2005-11-23,SEKGHS,Swedish Krona,Mid Rate,"1,126.3050",GH¢ per SEK,0.1126305,GH¢ per SEK,ok,
2005-11-24,USDGHS,US Dollar,Buying,"8,995.4500",GH¢ per USD,0.899545,GH¢ per USD,ok,
2005-11-24,USDGHS,US Dollar,Selling,"9,122.2700",GH¢ per USD,0.912227,GH¢ per USD,ok,
2005-11-24,USDGHS,US Dollar,Mid Rate,"9,058.8600",GH¢ per USD,0.905886,GH¢ per USD,ok,
2005-11-24,AUDGHS,Australian Dollar,Selling,"6,740.1400",GH¢ per AUD,0.674014,GH¢ per AUD,ok,
2005-11-24,AUDGHS,Australian Dollar,Mid Rate,"3,370.0700",GH¢ per AUD,0.337007,GH¢ per AUD,ok,
2005-11-24,CADGHS,Canadian Dollar,Buying,"7,671.3200",GH¢ per CAD,0.767132,GH¢ per CAD,ok,
2005-11-24,CADGHS,Canadian Dollar,Selling,"7,770.8200",GH¢ per CAD,0.777082,GH¢ per CAD,ok,
2005-11-24,CADGHS,Canadian Dollar,Mid Rate,"7,721.0700",GH¢ per CAD,0.772107,GH¢ per CAD,ok,
2005-11-24,CHFGHS,Swiss Franc,Buying,"6,858.9900",GH¢ per CHF,0.685899,GH¢ per CHF,ok,
2005-11-24,CHFGHS,Swiss Franc,Selling,"6,952.2800",GH¢ per CHF,0.695228,GH¢ per CHF,ok,
2005-11-24,CHFGHS,Swiss Franc,Mid Rate,"6,905.6350",GH¢ per CHF,0.6905635,GH¢ per CHF,ok,
2005-11-24,DKKGHS,Danish Krone,Buying,"1,425.1900",GH¢ per DKK,0.142519,GH¢ per DKK,ok,
2005-11-24,DKKGHS,Danish Krone,Selling,"1,444.4000",GH¢ per DKK,0.14444,GH¢ per DKK,ok,
2005-11-24,DKKGHS,Danish Krone,Mid Rate,"1,434.7950",GH¢ per DKK,0.1434795,GH¢ per DKK,ok,
2005-11-24,GBPGHS,Pound Sterling,Buying,"15,493.7600",GH¢ per GBP,1.549376,GH¢ per GBP,ok,
2005-11-24,GBPGHS,Pound Sterling,Selling,"15,714.9300",GH¢ per GBP,1.571493,GH¢ per GBP,ok,
2005-11-24,GBPGHS,Pound Sterling,Mid Rate,"15,604.3450",GH¢ per GBP,1.5604345,GH¢ per GBP,ok,
2005-11-24,JPYGHS,Japanese yen,Buying,75.7600,GH¢ per JPY,0.007576,GH¢ per JPY,ok,
2005-11-24,JPYGHS,Japanese yen,Selling,76.8000,GH¢ per JPY,0.00768,GH¢ per JPY,ok,
2005-11-24,JPYGHS,Japanese yen,Mid Rate,76.2800,GH¢ per JPY,0.007628,GH¢ per JPY,ok,
2005-11-24,NOKGHS,Norwegian Krone,Buying,"1,350.2500",GH¢ per NOK,0.135025,GH¢ per NOK,ok,
2005-11-24,NOKGHS,Norwegian Krone,Selling,"1,368.4800",GH¢ per NOK,0.136848,GH¢ per NOK,ok,
2005-11-24,NOKGHS,Norwegian Krone,Mid Rate,"1,359.3650",GH¢ per NOK,0.1359365,GH¢ per NOK,ok,
2005-11-24,NZDGHS,New Zealand Dollar,Buying,"6,240.8900",GH¢ per NZD,0.624089,GH¢ per NZD,ok,
2005-11-24,NZDGHS,New Zealand Dollar,Selling,"6,340.9800",GH¢ per NZD,0.634098,GH¢ per NZD,ok,
2005-11-24,NZDGHS,New Zealand Dollar,Mid Rate,"6,290.9350",GH¢ per NZD,0.6290935,GH¢ per NZD,ok,
2005-11-24,SEKGHS,Swedish Krona,Buying,"1,119.1700",GH¢ per SEK,0.111917,GH¢ per SEK,ok,
2005-11-24,SEKGHS,Swedish Krona,Selling,"1,133.2100",GH¢ per SEK,0.113321,GH¢ per SEK,ok,
2005-11-24,SEKGHS,Swedish Krona,Mid Rate,"1,126.1900",GH¢ per SEK,0.112619,GH¢ per SEK,ok,
2005-11-25,USDGHS,US Dollar,Buying,"8,995.4500",GH¢ per USD,0.899545,GH¢ per USD,ok,
2005-11-25,USDGHS,US Dollar,Selling,"9,122.2700",GH¢ per USD,0.912227,GH¢ per USD,ok,
2005-11-25,USDGHS,US Dollar,Mid Rate,"9,058.8600",GH¢ per USD,0.905886,GH¢ per USD,ok,
2005-11-25,AUDGHS,Australian Dollar,Selling,"6,714.3000",GH¢ per AUD,0.67143,GH¢ per AUD,ok,
2005-11-25,AUDGHS,Australian Dollar,Mid Rate,"3,357.1500",GH¢ per AUD,0.335715,GH¢ per AUD,ok,
2005-11-25,CADGHS,Canadian Dollar,Buying,"7,671.9900",GH¢ per CAD,0.767199,GH¢ per CAD,ok,
2005-11-25,CADGHS,Canadian Dollar,Selling,"7,776.4900",GH¢ per CAD,0.777649,GH¢ per CAD,ok,
2005-11-25,CADGHS,Canadian Dollar,Mid Rate,"7,724.2400",GH¢ per CAD,0.772424,GH¢ per CAD,ok,
2005-11-25,CHFGHS,Swiss Franc,Buying,"6,822.9300",GH¢ per CHF,0.682293,GH¢ per CHF,ok,
2005-11-25,CHFGHS,Swiss Franc,Selling,"6,917.5800",GH¢ per CHF,0.691758,GH¢ per CHF,ok,
2005-11-25,CHFGHS,Swiss Franc,Mid Rate,"6,870.2550",GH¢ per CHF,0.6870255,GH¢ per CHF,ok,
2005-11-25,DKKGHS,Danish Krone,Buying,"1,418.4500",GH¢ per DKK,0.141845,GH¢ per DKK,ok,
2005-11-25,DKKGHS,Danish Krone,Selling,"1,437.6200",GH¢ per DKK,0.143762,GH¢ per DKK,ok,
2005-11-25,DKKGHS,Danish Krone,Mid Rate,"1,428.0350",GH¢ per DKK,0.1428035,GH¢ per DKK,ok,
2005-11-25,GBPGHS,Pound Sterling,Buying,"15,455.9800",GH¢ per GBP,1.545598,GH¢ per GBP,ok,
2005-11-25,GBPGHS,Pound Sterling,Selling,"15,676.6200",GH¢ per GBP,1.567662,GH¢ per GBP,ok,
2005-11-25,GBPGHS,Pound Sterling,Mid Rate,"15,566.3000",GH¢ per GBP,1.55663,GH¢ per GBP,ok,
2005-11-25,JPYGHS,Japanese yen,Buying,75.4300,GH¢ per JPY,0.007543,GH¢ per JPY,ok,
2005-11-25,JPYGHS,Japanese yen,Selling,76.4600,GH¢ per JPY,0.007646,GH¢ per JPY,ok,
2005-11-25,JPYGHS,Japanese yen,Mid Rate,75.9450,GH¢ per JPY,0.0075945,GH¢ per JPY,ok,
2005-11-25,NOKGHS,Norwegian Krone,Buying,"1,339.4700",GH¢ per NOK,0.133947,GH¢ per NOK,ok,
2005-11-25,NOKGHS,Norwegian Krone,Selling,"1,357.9400",GH¢ per NOK,0.135794,GH¢ per NOK,ok,
2005-11-25,NOKGHS,Norwegian Krone,Mid Rate,"1,348.7050",GH¢ per NOK,0.1348705,GH¢ per NOK,ok,
2005-11-25,NZDGHS,New Zealand Dollar,Buying,"6,242.6700",GH¢ per NZD,0.624267,GH¢ per NZD,ok,
2005-11-25,NZDGHS,New Zealand Dollar,Selling,"6,342.7600",GH¢ per NZD,0.634276,GH¢ per NZD,ok,
2005-11-25,NZDGHS,New Zealand Dollar,Mid Rate,"6,292.7150",GH¢ per NZD,0.6292715,GH¢ per NZD,ok,
2005-11-25,SEKGHS,Swedish Krona,Buying,"1,115.1300",GH¢ per SEK,0.111513,GH¢ per SEK,ok,
2005-11-25,SEKGHS,Swedish Krona,Selling,"1,129.7600",GH¢ per SEK,0.112976,GH¢ per SEK,ok,
2005-11-25,SEKGHS,Swedish Krona,Mid Rate,"1,122.4450",GH¢ per SEK,0.1122445,GH¢ per SEK,ok,
2005-11-28,USDGHS,US Dollar,Buying,"8,995.4500",GH¢ per USD,0.899545,GH¢ per USD,ok,
2005-11-28,USDGHS,US Dollar,Selling,"9,122.2700",GH¢ per USD,0.912227,GH¢ per USD,ok,
2005-11-28,USDGHS,US Dollar,Mid Rate,"9,058.8600",GH¢ per USD,0.905886,GH¢ per USD,ok,
2005-11-28,AUDGHS,Australian Dollar,Selling,"6,685.3000",GH¢ per AUD,0.66853,GH¢ per AUD,ok,
2005-11-28,AUDGHS,Australian Dollar,Mid Rate,"3,342.6500",GH¢ per AUD,0.334265,GH¢ per AUD,ok,
2005-11-28,CADGHS,Canadian Dollar,Buying,"7,688.6200",GH¢ per CAD,0.768862,GH¢ per CAD,ok,
2005-11-28,CADGHS,Canadian Dollar,Selling,"7,794.4800",GH¢ per CAD,0.779448,GH¢ per CAD,ok,
2005-11-28,CADGHS,Canadian Dollar,Mid Rate,"7,741.5500",GH¢ per CAD,0.774155,GH¢ per CAD,ok,
2005-11-28,CHFGHS,Swiss Franc,Buying,"6,798.4000",GH¢ per CHF,0.67984,GH¢ per CHF,ok,
2005-11-28,CHFGHS,Swiss Franc,Selling,"6,891.8000",GH¢ per CHF,0.68918,GH¢ per CHF,ok,
2005-11-28,CHFGHS,Swiss Franc,Mid Rate,"6,845.1000",GH¢ per CHF,0.68451,GH¢ per CHF,ok,
2005-11-28,DKKGHS,Danish Krone,Buying,"1,409.8200",GH¢ per DKK,0.140982,GH¢ per DKK,ok,
2005-11-28,DKKGHS,Danish Krone,Selling,"1,429.2200",GH¢ per DKK,0.142922,GH¢ per DKK,ok,
2005-11-28,DKKGHS,Danish Krone,Mid Rate,"1,419.5200",GH¢ per DKK,0.141952,GH¢ per DKK,ok,
2005-11-28,GBPGHS,Pound Sterling,Buying,"15,342.6400",GH¢ per GBP,1.534264,GH¢ per GBP,ok,
2005-11-28,GBPGHS,Pound Sterling,Selling,"15,561.6800",GH¢ per GBP,1.556168,GH¢ per GBP,ok,
2005-11-28,GBPGHS,Pound Sterling,Mid Rate,"15,452.1600",GH¢ per GBP,1.545216,GH¢ per GBP,ok,
2005-11-28,JPYGHS,Japanese yen,Buying,75.0400,GH¢ per JPY,0.007504,GH¢ per JPY,ok,
2005-11-28,JPYGHS,Japanese yen,Selling,76.0700,GH¢ per JPY,0.007607,GH¢ per JPY,ok,
2005-11-28,JPYGHS,Japanese yen,Mid Rate,75.5550,GH¢ per JPY,0.0075555,GH¢ per JPY,ok,
2005-11-28,NOKGHS,Norwegian Krone,Buying,"1,338.3000",GH¢ per NOK,0.13383,GH¢ per NOK,ok,
2005-11-28,NOKGHS,Norwegian Krone,Selling,"1,356.3200",GH¢ per NOK,0.135632,GH¢ per NOK,ok,
2005-11-28,NOKGHS,Norwegian Krone,Mid Rate,"1,347.3100",GH¢ per NOK,0.134731,GH¢ per NOK,ok,
2005-11-28,NZDGHS,New Zealand Dollar,Buying,"6,250.5900",GH¢ per NZD,0.625059,GH¢ per NZD,ok,
2005-11-28,NZDGHS,New Zealand Dollar,Selling,"6,350.7200",GH¢ per NZD,0.635072,GH¢ per NZD,ok,
2005-11-28,NZDGHS,New Zealand Dollar,Mid Rate,"6,300.6550",GH¢ per NZD,0.6300655,GH¢ per NZD,ok,
2005-11-28,SEKGHS,Swedish Krona,Buying,"1,109.7400",GH¢ per SEK,0.110974,GH¢ per SEK,ok,
2005-11-28,SEKGHS,Swedish Krona,Selling,"1,124.3600",GH¢ per SEK,0.112436,GH¢ per SEK,ok,
2005-11-28,SEKGHS,Swedish Krona,Mid Rate,"1,117.0500",GH¢ per SEK,0.111705,GH¢ per SEK,ok,
2005-11-29,USDGHS,US Dollar,Buying,"8,995.4500",GH¢ per USD,0.899545,GH¢ per USD,ok,
2005-11-29,USDGHS,US Dollar,Selling,"9,122.2700",GH¢ per USD,0.912227,GH¢ per USD,ok,
2005-11-29,USDGHS,US Dollar,Mid Rate,"9,058.8600",GH¢ per USD,0.905886,GH¢ per USD,ok,
2005-11-29,AUDGHS,Australian Dollar,Selling,"6,757.7800",GH¢ per AUD,0.675778,GH¢ per AUD,ok,
2005-11-29,AUDGHS,Australian Dollar,Mid Rate,"3,378.8900",GH¢ per AUD,0.337889,GH¢ per AUD,ok,
2005-11-29,CADGHS,Canadian Dollar,Buying,"7,692.5500",GH¢ per CAD,0.769255,GH¢ per CAD,ok,
2005-11-29,CADGHS,Canadian Dollar,Selling,"7,797.4000",GH¢ per CAD,0.77974,GH¢ per CAD,ok,
2005-11-29,CADGHS,Canadian Dollar,Mid Rate,"7,744.9750",GH¢ per CAD,0.7744975,GH¢ per CAD,ok,
2005-11-29,CHFGHS,Swiss Franc,Buying,"6,877.4400",GH¢ per CHF,0.687744,GH¢ per CHF,ok,
2005-11-29,CHFGHS,Swiss Franc,Selling,"6,973.2400",GH¢ per CHF,0.697324,GH¢ per CHF,ok,
2005-11-29,CHFGHS,Swiss Franc,Mid Rate,"6,925.3400",GH¢ per CHF,0.692534,GH¢ per CHF,ok,
2005-11-29,DKKGHS,Danish Krone,Buying,"1,428.1500",GH¢ per DKK,0.142815,GH¢ per DKK,ok,
2005-11-29,DKKGHS,Danish Krone,Selling,"1,447.3800",GH¢ per DKK,0.144738,GH¢ per DKK,ok,
2005-11-29,DKKGHS,Danish Krone,Mid Rate,"1,437.7650",GH¢ per DKK,0.1437765,GH¢ per DKK,ok,
2005-11-29,GBPGHS,Pound Sterling,Buying,"15,518.9500",GH¢ per GBP,1.551895,GH¢ per GBP,ok,
2005-11-29,GBPGHS,Pound Sterling,Selling,"15,741.3900",GH¢ per GBP,1.574139,GH¢ per GBP,ok,
2005-11-29,GBPGHS,Pound Sterling,Mid Rate,"15,630.1700",GH¢ per GBP,1.563017,GH¢ per GBP,ok,
2005-11-29,JPYGHS,Japanese yen,Buying,75.5600,GH¢ per JPY,0.007556,GH¢ per JPY,ok,
2005-11-29,JPYGHS,Japanese yen,Selling,76.6000,GH¢ per JPY,0.00766,GH¢ per JPY,ok,
2005-11-29,JPYGHS,Japanese yen,Mid Rate,76.0800,GH¢ per JPY,0.007608,GH¢ per JPY,ok,
2005-11-29,NOKGHS,Norwegian Krone,Buying,"1,344.8300",GH¢ per NOK,0.134483,GH¢ per NOK,ok,
2005-11-29,NOKGHS,Norwegian Krone,Selling,"1,363.4700",GH¢ per NOK,0.136347,GH¢ per NOK,ok,
2005-11-29,NOKGHS,Norwegian Krone,Mid Rate,"1,354.1500",GH¢ per NOK,0.135415,GH¢ per NOK,ok,
2005-11-29,NZDGHS,New Zealand Dollar,Buying,"6,323.9700",GH¢ per NZD,0.632397,GH¢ per NZD,ok,
2005-11-29,NZDGHS,New Zealand Dollar,Selling,"6,425.6400",GH¢ per NZD,0.642564,GH¢ per NZD,ok,
2005-11-29,NZDGHS,New Zealand Dollar,Mid Rate,"6,374.8050",GH¢ per NZD,0.6374805,GH¢ per NZD,ok,
2005-11-29,SEKGHS,Swedish Krona,Buying,"1,124.4500",GH¢ per SEK,0.112445,GH¢ per SEK,ok,
2005-11-29,SEKGHS,Swedish Krona,Selling,"1,139.0900",GH¢ per SEK,0.113909,GH¢ per SEK,ok,
2005-11-29,SEKGHS,Swedish Krona,Mid Rate,"1,131.7700",GH¢ per SEK,0.113177,GH¢ per SEK,ok,
2005-11-30,USDGHS,US Dollar,Buying,"8,998.6400",GH¢ per USD,0.899864,GH¢ per USD,ok,
2005-11-30,USDGHS,US Dollar,Selling,"9,123.1800",GH¢ per USD,0.912318,GH¢ per USD,ok,
2005-11-30,USDGHS,US Dollar,Mid Rate,"9,060.9100",GH¢ per USD,0.906091,GH¢ per USD,ok,
2005-11-30,AUDGHS,Australian Dollar,Selling,"6,742.7900",GH¢ per AUD,0.674279,GH¢ per AUD,ok,
2005-11-30,AUDGHS,Australian Dollar,Mid Rate,"3,371.3950",GH¢ per AUD,0.3371395,GH¢ per AUD,ok,
2005-11-30,CADGHS,Canadian Dollar,Buying,"7,712.8000",GH¢ per CAD,0.77128,GH¢ per CAD,ok,
2005-11-30,CADGHS,Canadian Dollar,Selling,"7,816.2400",GH¢ per CAD,0.781624,GH¢ per CAD,ok,
2005-11-30,CADGHS,Canadian Dollar,Mid Rate,"7,764.5200",GH¢ per CAD,0.776452,GH¢ per CAD,ok,
2005-11-30,CHFGHS,Swiss Franc,Buying,"6,855.4400",GH¢ per CHF,0.685544,GH¢ per CHF,ok,
2005-11-30,CHFGHS,Swiss Franc,Selling,"6,949.0700",GH¢ per CHF,0.694907,GH¢ per CHF,ok,
2005-11-30,CHFGHS,Swiss Franc,Mid Rate,"6,902.2550",GH¢ per CHF,0.6902255,GH¢ per CHF,ok,
2005-11-30,DKKGHS,Danish Krone,Buying,"1,423.5900",GH¢ per DKK,0.142359,GH¢ per DKK,ok,
2005-11-30,DKKGHS,Danish Krone,Selling,"1,443.1800",GH¢ per DKK,0.144318,GH¢ per DKK,ok,
2005-11-30,DKKGHS,Danish Krone,Mid Rate,"1,433.3850",GH¢ per DKK,0.1433385,GH¢ per DKK,ok,
2005-11-30,GBPGHS,Pound Sterling,Buying,"15,485.7600",GH¢ per GBP,1.548576,GH¢ per GBP,ok,
2005-11-30,GBPGHS,Pound Sterling,Selling,"15,702.8200",GH¢ per GBP,1.570282,GH¢ per GBP,ok,
2005-11-30,GBPGHS,Pound Sterling,Mid Rate,"15,594.2900",GH¢ per GBP,1.559429,GH¢ per GBP,ok,
2005-11-30,JPYGHS,Japanese yen,Buying,75.3700,GH¢ per JPY,0.007537,GH¢ per JPY,ok,
2005-11-30,JPYGHS,Japanese yen,Selling,76.3800,GH¢ per JPY,0.007638,GH¢ per JPY,ok,
2005-11-30,JPYGHS,Japanese yen,Mid Rate,75.8750,GH¢ per JPY,0.0075875,GH¢ per JPY,ok,
2005-11-30,NOKGHS,Norwegian Krone,Buying,"1,332.4100",GH¢ per NOK,0.133241,GH¢ per NOK,ok,
2005-11-30,NOKGHS,Norwegian Krone,Selling,"1,350.4400",GH¢ per NOK,0.135044,GH¢ per NOK,ok,
2005-11-30,NOKGHS,Norwegian Krone,Mid Rate,"1,341.4250",GH¢ per NOK,0.1341425,GH¢ per NOK,ok,
2005-11-30,NZDGHS,New Zealand Dollar,Buying,"6,333.6800",GH¢ per NZD,0.633368,GH¢ per NZD,ok,
2005-11-30,NZDGHS,New Zealand Dollar,Selling,"6,428.7800",GH¢ per NZD,0.642878,GH¢ per NZD,ok,
2005-11-30,NZDGHS,New Zealand Dollar,Mid Rate,"6,381.2300",GH¢ per NZD,0.638123,GH¢ per NZD,ok,
2005-11-30,SEKGHS,Swedish Krona,Buying,"1,114.1200",GH¢ per SEK,0.111412,GH¢ per SEK,ok,
2005-11-30,SEKGHS,Swedish Krona,Selling,"1,129.4000",GH¢ per SEK,0.11294,GH¢ per SEK,ok,
2005-11-30,SEKGHS,Swedish Krona,Mid Rate,"1,121.7600",GH¢ per SEK,0.112176,GH¢ per SEK,ok,
2005-12-01,USDGHS,US Dollar,Buying,"9,000.4500",GH¢ per USD,0.900045,GH¢ per USD,ok,
2005-12-01,USDGHS,US Dollar,Selling,"9,125.0000",GH¢ per USD,0.9125,GH¢ per USD,ok,
2005-12-01,USDGHS,US Dollar,Mid Rate,"9,062.7250",GH¢ per USD,0.9062725,GH¢ per USD,ok,
2005-12-01,GBPGHS,Pound Sterling,Buying,"15,556.3800",GH¢ per GBP,1.555638,GH¢ per GBP,ok,
2005-12-01,GBPGHS,Pound Sterling,Selling,"15,775.3000",GH¢ per GBP,1.57753,GH¢ per GBP,ok,
2005-12-01,GBPGHS,Pound Sterling,Mid Rate,"15,665.8400",GH¢ per GBP,1.566584,GH¢ per GBP,ok,
2005-12-05,USDGHS,US Dollar,Buying,"9,048.1300",GH¢ per USD,0.904813,GH¢ per USD,ok,
2005-12-05,USDGHS,US Dollar,Selling,"9,138.5100",GH¢ per USD,0.913851,GH¢ per USD,ok,
2005-12-05,USDGHS,US Dollar,Mid Rate,"9,093.3200",GH¢ per USD,0.909332,GH¢ per USD,ok,
2005-12-05,AUDGHS,Australian Dollar,Selling,"6,817.7600",GH¢ per AUD,0.681776,GH¢ per AUD,ok,
2005-12-05,AUDGHS,Australian Dollar,Mid Rate,"3,408.8800",GH¢ per AUD,0.340888,GH¢ per AUD,ok,
2005-12-05,CADGHS,Canadian Dollar,Buying,"7,751.0800",GH¢ per CAD,0.775108,GH¢ per CAD,ok,
2005-12-05,CADGHS,Canadian Dollar,Selling,"7,856.2200",GH¢ per CAD,0.785622,GH¢ per CAD,ok,
2005-12-05,CADGHS,Canadian Dollar,Mid Rate,"7,803.6500",GH¢ per CAD,0.780365,GH¢ per CAD,ok,
2005-12-05,CHFGHS,Swiss Franc,Buying,"6,819.7700",GH¢ per CHF,0.681977,GH¢ per CHF,ok,
2005-12-05,CHFGHS,Swiss Franc,Selling,"6,913.7600",GH¢ per CHF,0.691376,GH¢ per CHF,ok,
2005-12-05,CHFGHS,Swiss Franc,Mid Rate,"6,866.7650",GH¢ per CHF,0.6866765,GH¢ per CHF,ok,
2005-12-05,DKKGHS,Danish Krone,Buying,"1,412.9000",GH¢ per DKK,0.14129,GH¢ per DKK,ok,
2005-12-05,DKKGHS,Danish Krone,Selling,"1,432.0600",GH¢ per DKK,0.143206,GH¢ per DKK,ok,
2005-12-05,DKKGHS,Danish Krone,Mid Rate,"1,422.4800",GH¢ per DKK,0.142248,GH¢ per DKK,ok,
2005-12-05,GBPGHS,Pound Sterling,Buying,"15,626.0900",GH¢ per GBP,1.562609,GH¢ per GBP,ok,
2005-12-05,GBPGHS,Pound Sterling,Selling,"15,743.3500",GH¢ per GBP,1.574335,GH¢ per GBP,ok,
2005-12-05,GBPGHS,Pound Sterling,Mid Rate,"15,684.7200",GH¢ per GBP,1.568472,GH¢ per GBP,ok,
2005-12-05,JPYGHS,Japanese yen,Buying,74.2500,GH¢ per JPY,0.007425,GH¢ per JPY,ok,
2005-12-05,JPYGHS,Japanese yen,Selling,75.2700,GH¢ per JPY,0.007527,GH¢ per JPY,ok,
2005-12-05,JPYGHS,Japanese yen,Mid Rate,74.7600,GH¢ per JPY,0.007476,GH¢ per JPY,ok,
2005-12-05,NOKGHS,Norwegian Krone,Buying,"1,329.9100",GH¢ per NOK,0.132991,GH¢ per NOK,ok,
2005-12-05,NOKGHS,Norwegian Krone,Selling,"1,347.1300",GH¢ per NOK,0.134713,GH¢ per NOK,ok,
2005-12-05,NOKGHS,Norwegian Krone,Mid Rate,"1,338.5200",GH¢ per NOK,0.133852,GH¢ per NOK,ok,
2005-12-05,NZDGHS,New Zealand Dollar,Buying,"6,432.3500",GH¢ per NZD,0.643235,GH¢ per NZD,ok,
2005-12-05,NZDGHS,New Zealand Dollar,Selling,"6,535.2000",GH¢ per NZD,0.65352,GH¢ per NZD,ok,
2005-12-05,NZDGHS,New Zealand Dollar,Mid Rate,"6,483.7750",GH¢ per NZD,0.6483775,GH¢ per NZD,ok,
2005-12-05,SEKGHS,Swedish Krona,Buying,"1,118.9700",GH¢ per SEK,0.111897,GH¢ per SEK,ok,
2005-12-05,SEKGHS,Swedish Krona,Selling,"1,134.2500",GH¢ per SEK,0.113425,GH¢ per SEK,ok,
2005-12-05,SEKGHS,Swedish Krona,Mid Rate,"1,126.6100",GH¢ per SEK,0.112661,GH¢ per SEK,ok,
2005-12-06,USDGHS,US Dollar,Buying,"9,002.2700",GH¢ per USD,0.900227,GH¢ per USD,ok,
2005-12-06,USDGHS,US Dollar,Selling,"9,127.7300",GH¢ per USD,0.912773,GH¢ per USD,ok,
2005-12-06,USDGHS,US Dollar,Mid Rate,"9,065.0000",GH¢ per USD,0.9065,GH¢ per USD,ok,
2005-12-06,AUDGHS,Australian Dollar,Selling,"6,869.4100",GH¢ per AUD,0.686941,GH¢ per AUD,ok,
2005-12-06,AUDGHS,Australian Dollar,Mid Rate,"3,434.7050",GH¢ per AUD,0.3434705,GH¢ per AUD,ok,
2005-12-06,CADGHS,Canadian Dollar,Buying,"7,786.0200",GH¢ per CAD,0.778602,GH¢ per CAD,ok,
2005-12-06,CADGHS,Canadian Dollar,Selling,"7,893.8700",GH¢ per CAD,0.789387,GH¢ per CAD,ok,
2005-12-06,CADGHS,Canadian Dollar,Mid Rate,"7,839.9450",GH¢ per CAD,0.7839945,GH¢ per CAD,ok,
2005-12-06,CHFGHS,Swiss Franc,Buying,"6,884.3000",GH¢ per CHF,0.68843,GH¢ per CHF,ok,
2005-12-06,CHFGHS,Swiss Franc,Selling,"6,977.3700",GH¢ per CHF,0.697737,GH¢ per CHF,ok,
2005-12-06,CHFGHS,Swiss Franc,Mid Rate,"6,930.8350",GH¢ per CHF,0.6930835,GH¢ per CHF,ok,
2005-12-06,DKKGHS,Danish Krone,Buying,"1,424.1700",GH¢ per DKK,0.142417,GH¢ per DKK,ok,
2005-12-06,DKKGHS,Danish Krone,Selling,"1,443.0800",GH¢ per DKK,0.144308,GH¢ per DKK,ok,
2005-12-06,DKKGHS,Danish Krone,Mid Rate,"1,433.6250",GH¢ per DKK,0.1433625,GH¢ per DKK,ok,
2005-12-06,GBPGHS,Pound Sterling,Buying,"15,681.0500",GH¢ per GBP,1.568105,GH¢ per GBP,ok,
2005-12-06,GBPGHS,Pound Sterling,Selling,"15,901.4200",GH¢ per GBP,1.590142,GH¢ per GBP,ok,
2005-12-06,GBPGHS,Pound Sterling,Mid Rate,"15,791.2350",GH¢ per GBP,1.5791235,GH¢ per GBP,ok,
2005-12-06,JPYGHS,Japanese yen,Buying,74.4400,GH¢ per JPY,0.007444,GH¢ per JPY,ok,
2005-12-06,JPYGHS,Japanese yen,Selling,75.4500,GH¢ per JPY,0.007545,GH¢ per JPY,ok,
2005-12-06,JPYGHS,Japanese yen,Mid Rate,74.9450,GH¢ per JPY,0.0074945,GH¢ per JPY,ok,
2005-12-06,NZDGHS,New Zealand Dollar,Buying,"6,459.0300",GH¢ per NZD,0.645903,GH¢ per NZD,ok,
2005-12-06,NZDGHS,New Zealand Dollar,Selling,"6,552.9700",GH¢ per NZD,0.655297,GH¢ per NZD,ok,
2005-12-06,NZDGHS,New Zealand Dollar,Mid Rate,"6,506.0000",GH¢ per NZD,0.6506,GH¢ per NZD,ok,
2005-12-06,SEKGHS,Swedish Krona,Buying,"1,124.8000",GH¢ per SEK,0.11248,GH¢ per SEK,ok,
2005-12-06,SEKGHS,Swedish Krona,Selling,"1,140.0600",GH¢ per SEK,0.114006,GH¢ per SEK,ok,
2005-12-06,SEKGHS,Swedish Krona,Mid Rate,"1,132.4300",GH¢ per SEK,0.113243,GH¢ per SEK,ok,
2005-12-07,USDGHS,US Dollar,Buying,"9,008.6400",GH¢ per USD,0.900864,GH¢ per USD,ok,
2005-12-07,USDGHS,US Dollar,Selling,"9,130.4500",GH¢ per USD,0.913045,GH¢ per USD,ok,
2005-12-07,USDGHS,US Dollar,Mid Rate,"9,069.5450",GH¢ per USD,0.9069545,GH¢ per USD,ok,
2005-12-07,AUDGHS,Australian Dollar,Selling,"6,817.3300",GH¢ per AUD,0.681733,GH¢ per AUD,ok,
2005-12-07,AUDGHS,Australian Dollar,Mid Rate,"3,408.6650",GH¢ per AUD,0.3408665,GH¢ per AUD,ok,
2005-12-07,CADGHS,Canadian Dollar,Buying,"7,772.2800",GH¢ per CAD,0.777228,GH¢ per CAD,ok,
2005-12-07,CADGHS,Canadian Dollar,Selling,"7,875.7900",GH¢ per CAD,0.787579,GH¢ per CAD,ok,
2005-12-07,CADGHS,Canadian Dollar,Mid Rate,"7,824.0350",GH¢ per CAD,0.7824035,GH¢ per CAD,ok,
2005-12-07,CHFGHS,Swiss Franc,Buying,"6,870.4100",GH¢ per CHF,0.687041,GH¢ per CHF,ok,
2005-12-07,CHFGHS,Swiss Franc,Selling,"6,963.2600",GH¢ per CHF,0.696326,GH¢ per CHF,ok,
2005-12-07,CHFGHS,Swiss Franc,Mid Rate,"6,916.8350",GH¢ per CHF,0.6916835,GH¢ per CHF,ok,
2005-12-07,DKKGHS,Danish Krone,Buying,"1,420.5600",GH¢ per DKK,0.142056,GH¢ per DKK,ok,
2005-12-07,DKKGHS,Danish Krone,Selling,"1,439.2700",GH¢ per DKK,0.143927,GH¢ per DKK,ok,
2005-12-07,DKKGHS,Danish Krone,Mid Rate,"1,429.9150",GH¢ per DKK,0.1429915,GH¢ per DKK,ok,
2005-12-07,GBPGHS,Pound Sterling,Buying,"15,619.1800",GH¢ per GBP,1.561918,GH¢ per GBP,ok,
2005-12-07,GBPGHS,Pound Sterling,Selling,"15,835.8500",GH¢ per GBP,1.583585,GH¢ per GBP,ok,
2005-12-07,GBPGHS,Pound Sterling,Mid Rate,"15,727.5150",GH¢ per GBP,1.5727515,GH¢ per GBP,ok,
2005-12-07,JPYGHS,Japanese yen,Buying,74.4100,GH¢ per JPY,0.007441,GH¢ per JPY,ok,
2005-12-07,JPYGHS,Japanese yen,Selling,75.4000,GH¢ per JPY,0.00754,GH¢ per JPY,ok,
2005-12-07,JPYGHS,Japanese yen,Mid Rate,74.9050,GH¢ per JPY,0.0074905,GH¢ per JPY,ok,
2005-12-07,NOKGHS,Norwegian Krone,Buying,"1,325.3900",GH¢ per NOK,0.132539,GH¢ per NOK,ok,
2005-12-07,NOKGHS,Norwegian Krone,Selling,"1,342.8000",GH¢ per NOK,0.13428,GH¢ per NOK,ok,
2005-12-07,NOKGHS,Norwegian Krone,Mid Rate,"1,334.0950",GH¢ per NOK,0.1334095,GH¢ per NOK,ok,
2005-12-07,NZDGHS,New Zealand Dollar,Buying,"6,350.7600",GH¢ per NZD,0.635076,GH¢ per NZD,ok,
2005-12-07,NZDGHS,New Zealand Dollar,Selling,"6,443.6100",GH¢ per NZD,0.644361,GH¢ per NZD,ok,
2005-12-07,NZDGHS,New Zealand Dollar,Mid Rate,"6,397.1850",GH¢ per NZD,0.6397185,GH¢ per NZD,ok,
2005-12-07,SEKGHS,Swedish Krona,Buying,"1,126.5000",GH¢ per SEK,0.11265,GH¢ per SEK,ok,
2005-12-07,SEKGHS,Swedish Krona,Selling,"1,141.7200",GH¢ per SEK,0.114172,GH¢ per SEK,ok,
2005-12-07,SEKGHS,Swedish Krona,Mid Rate,"1,134.1100",GH¢ per SEK,0.113411,GH¢ per SEK,ok,
2005-12-08,USDGHS,US Dollar,Buying,"9,013.6400",GH¢ per USD,0.901364,GH¢ per USD,ok,
2005-12-08,USDGHS,US Dollar,Selling,"9,132.2700",GH¢ per USD,0.913227,GH¢ per USD,ok,
2005-12-08,USDGHS,US Dollar,Mid Rate,"9,072.9550",GH¢ per USD,0.9072955,GH¢ per USD,ok,
2005-12-08,AUDGHS,Australian Dollar,Selling,"6,821.3600",GH¢ per AUD,0.682136,GH¢ per AUD,ok,
2005-12-08,AUDGHS,Australian Dollar,Mid Rate,"3,410.6800",GH¢ per AUD,0.341068,GH¢ per AUD,ok,
2005-12-08,CADGHS,Canadian Dollar,Buying,"7,760.1300",GH¢ per CAD,0.776013,GH¢ per CAD,ok,
2005-12-08,CADGHS,Canadian Dollar,Selling,"7,863.6700",GH¢ per CAD,0.786367,GH¢ per CAD,ok,
2005-12-08,CADGHS,Canadian Dollar,Mid Rate,"7,811.9000",GH¢ per CAD,0.78119,GH¢ per CAD,ok,
2005-12-08,CHFGHS,Swiss Franc,Buying,"6,880.0800",GH¢ per CHF,0.688008,GH¢ per CHF,ok,
2005-12-08,CHFGHS,Swiss Franc,Selling,"6,972.1900",GH¢ per CHF,0.697219,GH¢ per CHF,ok,
2005-12-08,CHFGHS,Swiss Franc,Mid Rate,"6,926.1350",GH¢ per CHF,0.6926135,GH¢ per CHF,ok,
2005-12-08,DKKGHS,Danish Krone,Buying,"1,421.7600",GH¢ per DKK,0.142176,GH¢ per DKK,ok,
2005-12-08,DKKGHS,Danish Krone,Selling,"1,440.3800",GH¢ per DKK,0.144038,GH¢ per DKK,ok,
2005-12-08,DKKGHS,Danish Krone,Mid Rate,"1,431.0700",GH¢ per DKK,0.143107,GH¢ per DKK,ok,
2005-12-08,GBPGHS,Pound Sterling,Buying,"15,652.1900",GH¢ per GBP,1.565219,GH¢ per GBP,ok,
2005-12-08,GBPGHS,Pound Sterling,Selling,"15,867.3200",GH¢ per GBP,1.586732,GH¢ per GBP,ok,
2005-12-08,GBPGHS,Pound Sterling,Mid Rate,"15,759.7550",GH¢ per GBP,1.5759755,GH¢ per GBP,ok,
2005-12-08,JPYGHS,Japanese yen,Buying,74.8300,GH¢ per JPY,0.007483,GH¢ per JPY,ok,
2005-12-08,JPYGHS,Japanese yen,Selling,75.8200,GH¢ per JPY,0.007582,GH¢ per JPY,ok,
2005-12-08,JPYGHS,Japanese yen,Mid Rate,75.3250,GH¢ per JPY,0.0075325,GH¢ per JPY,ok,
2005-12-08,NOKGHS,Norwegian Krone,Buying,"1,335.9100",GH¢ per NOK,0.133591,GH¢ per NOK,ok,
2005-12-08,NOKGHS,Norwegian Krone,Selling,"1,353.7200",GH¢ per NOK,0.135372,GH¢ per NOK,ok,
2005-12-08,NOKGHS,Norwegian Krone,Mid Rate,"1,344.8150",GH¢ per NOK,0.1344815,GH¢ per NOK,ok,
2005-12-08,NZDGHS,New Zealand Dollar,Buying,"6,301.5700",GH¢ per NZD,0.630157,GH¢ per NZD,ok,
2005-12-08,NZDGHS,New Zealand Dollar,Selling,"6,389.7700",GH¢ per NZD,0.638977,GH¢ per NZD,ok,
2005-12-08,NZDGHS,New Zealand Dollar,Mid Rate,"6,345.6700",GH¢ per NZD,0.634567,GH¢ per NZD,ok,
2005-12-08,SEKGHS,Swedish Krona,Buying,"1,127.5300",GH¢ per SEK,0.112753,GH¢ per SEK,ok,
2005-12-08,SEKGHS,Swedish Krona,Selling,"1,142.6200",GH¢ per SEK,0.114262,GH¢ per SEK,ok,
2005-12-08,SEKGHS,Swedish Krona,Mid Rate,"1,135.0750",GH¢ per SEK,0.1135075,GH¢ per SEK,ok,
2005-12-09,USDGHS,US Dollar,Buying,"9,014.0900",GH¢ per USD,0.901409,GH¢ per USD,ok,
2005-12-09,USDGHS,US Dollar,Selling,"9,132.2700",GH¢ per USD,0.913227,GH¢ per USD,ok,
2005-12-09,USDGHS,US Dollar,Mid Rate,"9,073.1800",GH¢ per USD,0.907318,GH¢ per USD,ok,
2005-12-09,AUDGHS,Australian Dollar,Selling,"6,856.9000",GH¢ per AUD,0.68569,GH¢ per AUD,ok,
2005-12-09,AUDGHS,Australian Dollar,Mid Rate,"3,428.4500",GH¢ per AUD,0.342845,GH¢ per AUD,ok,
2005-12-09,CADGHS,Canadian Dollar,Buying,"7,778.0000",GH¢ per CAD,0.7778,GH¢ per CAD,ok,
2005-12-09,CADGHS,Canadian Dollar,Selling,"7,877.7100",GH¢ per CAD,0.787771,GH¢ per CAD,ok,
2005-12-09,CADGHS,Canadian Dollar,Mid Rate,"7,827.8550",GH¢ per CAD,0.7827855,GH¢ per CAD,ok,
2005-12-09,CHFGHS,Swiss Franc,Buying,"6,915.6400",GH¢ per CHF,0.691564,GH¢ per CHF,ok,
2005-12-09,CHFGHS,Swiss Franc,Selling,"7,002.7100",GH¢ per CHF,0.700271,GH¢ per CHF,ok,
2005-12-09,CHFGHS,Swiss Franc,Mid Rate,"6,959.1750",GH¢ per CHF,0.6959175,GH¢ per CHF,ok,
2005-12-09,DKKGHS,Danish Krone,Buying,"1,426.6400",GH¢ per DKK,0.142664,GH¢ per DKK,ok,
2005-12-09,DKKGHS,Danish Krone,Selling,"1,444.5800",GH¢ per DKK,0.144458,GH¢ per DKK,ok,
2005-12-09,DKKGHS,Danish Krone,Mid Rate,"1,435.6100",GH¢ per DKK,0.143561,GH¢ per DKK,ok,
2005-12-09,GBPGHS,Pound Sterling,Buying,"15,768.3500",GH¢ per GBP,1.576835,GH¢ per GBP,ok,
2005-12-09,GBPGHS,Pound Sterling,Selling,"15,975.9900",GH¢ per GBP,1.597599,GH¢ per GBP,ok,
2005-12-09,GBPGHS,Pound Sterling,Mid Rate,"15,872.1700",GH¢ per GBP,1.587217,GH¢ per GBP,ok,
2005-12-09,JPYGHS,Japanese yen,Buying,74.7200,GH¢ per JPY,0.007472,GH¢ per JPY,ok,
2005-12-09,JPYGHS,Japanese yen,Selling,75.6700,GH¢ per JPY,0.007567,GH¢ per JPY,ok,
2005-12-09,JPYGHS,Japanese yen,Mid Rate,75.1950,GH¢ per JPY,0.0075195,GH¢ per JPY,ok,
2005-12-09,NOKGHS,Norwegian Krone,Buying,"1,340.4400",GH¢ per NOK,0.134044,GH¢ per NOK,ok,
2005-12-09,NOKGHS,Norwegian Krone,Selling,"1,357.5300",GH¢ per NOK,0.135753,GH¢ per NOK,ok,
2005-12-09,NOKGHS,Norwegian Krone,Mid Rate,"1,348.9850",GH¢ per NOK,0.1348985,GH¢ per NOK,ok,
2005-12-09,NZDGHS,New Zealand Dollar,Buying,"6,327.8400",GH¢ per NZD,0.632784,GH¢ per NZD,ok,
2005-12-09,NZDGHS,New Zealand Dollar,Selling,"6,454.3000",GH¢ per NZD,0.64543,GH¢ per NZD,ok,
2005-12-09,NZDGHS,New Zealand Dollar,Mid Rate,"6,391.0700",GH¢ per NZD,0.639107,GH¢ per NZD,ok,
2005-12-12,USDGHS,US Dollar,Buying,"9,039.0900",GH¢ per USD,0.903909,GH¢ per USD,ok,
2005-12-12,USDGHS,US Dollar,Selling,"9,136.3600",GH¢ per USD,0.913636,GH¢ per USD,ok,
2005-12-12,USDGHS,US Dollar,Mid Rate,"9,087.7250",GH¢ per USD,0.9087725,GH¢ per USD,ok,
2005-12-12,AUDGHS,Australian Dollar,Selling,"6,876.5400",GH¢ per AUD,0.687654,GH¢ per AUD,ok,
2005-12-12,AUDGHS,Australian Dollar,Mid Rate,"3,438.2700",GH¢ per AUD,0.343827,GH¢ per AUD,ok,
2005-12-12,CADGHS,Canadian Dollar,Buying,"7,809.7700",GH¢ per CAD,0.780977,GH¢ per CAD,ok,
2005-12-12,CADGHS,Canadian Dollar,Selling,"7,891.2300",GH¢ per CAD,0.789123,GH¢ per CAD,ok,
2005-12-12,CADGHS,Canadian Dollar,Mid Rate,"7,850.5000",GH¢ per CAD,0.78505,GH¢ per CAD,ok,
2005-12-12,CHFGHS,Swiss Franc,Buying,"6,955.0300",GH¢ per CHF,0.695503,GH¢ per CHF,ok,
2005-12-12,CHFGHS,Swiss Franc,Selling,"7,027.9100",GH¢ per CHF,0.702791,GH¢ per CHF,ok,
2005-12-12,CHFGHS,Swiss Franc,Mid Rate,"6,991.4700",GH¢ per CHF,0.699147,GH¢ per CHF,ok,
2005-12-12,DKKGHS,Danish Krone,Buying,"1,436.8300",GH¢ per DKK,0.143683,GH¢ per DKK,ok,
2005-12-12,DKKGHS,Danish Krone,Selling,"1,451.1400",GH¢ per DKK,0.145114,GH¢ per DKK,ok,
2005-12-12,DKKGHS,Danish Krone,Mid Rate,"1,443.9850",GH¢ per DKK,0.1443985,GH¢ per DKK,ok,
2005-12-12,GBPGHS,Pound Sterling,Buying,"15,912.4100",GH¢ per GBP,1.591241,GH¢ per GBP,ok,
2005-12-12,GBPGHS,Pound Sterling,Selling,"16,085.4800",GH¢ per GBP,1.608548,GH¢ per GBP,ok,
2005-12-12,GBPGHS,Pound Sterling,Mid Rate,"15,998.9450",GH¢ per GBP,1.5998945,GH¢ per GBP,ok,
2005-12-12,NOKGHS,Norwegian Krone,Buying,"1,349.6800",GH¢ per NOK,0.134968,GH¢ per NOK,ok,
2005-12-12,NOKGHS,Norwegian Krone,Selling,"1,362.6100",GH¢ per NOK,0.136261,GH¢ per NOK,ok,
2005-12-12,NOKGHS,Norwegian Krone,Mid Rate,"1,356.1450",GH¢ per NOK,0.1356145,GH¢ per NOK,ok,
2005-12-12,NZDGHS,New Zealand Dollar,Buying,"6,387.2400",GH¢ per NZD,0.638724,GH¢ per NZD,ok,
2005-12-12,NZDGHS,New Zealand Dollar,Selling,"6,461.5400",GH¢ per NZD,0.646154,GH¢ per NZD,ok,
2005-12-12,NZDGHS,New Zealand Dollar,Mid Rate,"6,424.3900",GH¢ per NZD,0.642439,GH¢ per NZD,ok,
2005-12-12,SEKGHS,Swedish Krona,Buying,"1,136.1400",GH¢ per SEK,0.113614,GH¢ per SEK,ok,
2005-12-12,SEKGHS,Swedish Krona,Selling,"1,147.9500",GH¢ per SEK,0.114795,GH¢ per SEK,ok,
2005-12-12,SEKGHS,Swedish Krona,Mid Rate,"1,142.0450",GH¢ per SEK,0.1142045,GH¢ per SEK,ok,
2005-12-13,USDGHS,US Dollar,Buying,"9,016.8200",GH¢ per USD,0.901682,GH¢ per USD,ok,
2005-12-13,USDGHS,US Dollar,Selling,"9,136.3600",GH¢ per USD,0.913636,GH¢ per USD,ok,
2005-12-13,USDGHS,US Dollar,Mid Rate,"9,076.5900",GH¢ per USD,0.907659,GH¢ per USD,ok,
2005-12-13,AUDGHS,Australian Dollar,Selling,"6,906.9000",GH¢ per AUD,0.69069,GH¢ per AUD,ok,
2005-12-13,AUDGHS,Australian Dollar,Mid Rate,"3,453.4500",GH¢ per AUD,0.345345,GH¢ per AUD,ok,
2005-12-13,CADGHS,Canadian Dollar,Buying,"7,836.5500",GH¢ per CAD,0.783655,GH¢ per CAD,ok,
2005-12-13,CADGHS,Canadian Dollar,Selling,"7,936.4600",GH¢ per CAD,0.793646,GH¢ per CAD,ok,
2005-12-13,CADGHS,Canadian Dollar,Mid Rate,"7,886.5050",GH¢ per CAD,0.7886505,GH¢ per CAD,ok,
2005-12-13,CHFGHS,Swiss Franc,Buying,"6,982.7300",GH¢ per CHF,0.698273,GH¢ per CHF,ok,
2005-12-13,CHFGHS,Swiss Franc,Selling,"7,075.1400",GH¢ per CHF,0.707514,GH¢ per CHF,ok,
2005-12-13,CHFGHS,Swiss Franc,Mid Rate,"7,028.9350",GH¢ per CHF,0.7028935,GH¢ per CHF,ok,
2005-12-13,DKKGHS,Danish Krone,Buying,"1,445.4500",GH¢ per DKK,0.144545,GH¢ per DKK,ok,
2005-12-13,DKKGHS,Danish Krone,Selling,"1,463.9900",GH¢ per DKK,0.146399,GH¢ per DKK,ok,
2005-12-13,DKKGHS,Danish Krone,Mid Rate,"1,454.7200",GH¢ per DKK,0.145472,GH¢ per DKK,ok,
2005-12-13,GBPGHS,Pound Sterling,Buying,"15,996.7400",GH¢ per GBP,1.599674,GH¢ per GBP,ok,
2005-12-13,GBPGHS,Pound Sterling,Selling,"16,213.3800",GH¢ per GBP,1.621338,GH¢ per GBP,ok,
2005-12-13,GBPGHS,Pound Sterling,Mid Rate,"16,105.0600",GH¢ per GBP,1.610506,GH¢ per GBP,ok,
2005-12-13,JPYGHS,Japanese yen,Buying,75.2100,GH¢ per JPY,0.007521,GH¢ per JPY,ok,
2005-12-13,JPYGHS,Japanese yen,Selling,76.1800,GH¢ per JPY,0.007618,GH¢ per JPY,ok,
2005-12-13,JPYGHS,Japanese yen,Mid Rate,75.6950,GH¢ per JPY,0.0075695,GH¢ per JPY,ok,
2005-12-13,NOKGHS,Norwegian Krone,Buying,"1,353.0800",GH¢ per NOK,0.135308,GH¢ per NOK,ok,
2005-12-13,NOKGHS,Norwegian Krone,Selling,"1,370.5300",GH¢ per NOK,0.137053,GH¢ per NOK,ok,
2005-12-13,NOKGHS,Norwegian Krone,Mid Rate,"1,361.8050",GH¢ per NOK,0.1361805,GH¢ per NOK,ok,
2005-12-13,NZDGHS,New Zealand Dollar,Buying,"6,401.9000",GH¢ per NZD,0.64019,GH¢ per NZD,ok,
2005-12-13,NZDGHS,New Zealand Dollar,Selling,"6,499.9500",GH¢ per NZD,0.649995,GH¢ per NZD,ok,
2005-12-13,NZDGHS,New Zealand Dollar,Mid Rate,"6,450.9250",GH¢ per NZD,0.6450925,GH¢ per NZD,ok,
2005-12-13,SEKGHS,Swedish Krona,Buying,"1,142.1700",GH¢ per SEK,0.114217,GH¢ per SEK,ok,
2005-12-13,SEKGHS,Swedish Krona,Selling,"1,155.7800",GH¢ per SEK,0.115578,GH¢ per SEK,ok,
2005-12-13,SEKGHS,Swedish Krona,Mid Rate,"1,148.9750",GH¢ per SEK,0.1148975,GH¢ per SEK,ok,
2005-12-14,USDGHS,US Dollar,Buying,"9,016.8200",GH¢ per USD,0.901682,GH¢ per USD,ok,
2005-12-14,USDGHS,US Dollar,Selling,"9,137.7300",GH¢ per USD,0.913773,GH¢ per USD,ok,
2005-12-14,USDGHS,US Dollar,Mid Rate,"9,077.2750",GH¢ per USD,0.9077275,GH¢ per USD,ok,
2005-12-14,AUDGHS,Australian Dollar,Selling,"6,903.5300",GH¢ per AUD,0.690353,GH¢ per AUD,ok,
2005-12-14,AUDGHS,Australian Dollar,Mid Rate,"3,451.7650",GH¢ per AUD,0.3451765,GH¢ per AUD,ok,
2005-12-14,CADGHS,Canadian Dollar,Buying,"7,868.4800",GH¢ per CAD,0.786848,GH¢ per CAD,ok,
2005-12-14,CADGHS,Canadian Dollar,Selling,"7,971.4200",GH¢ per CAD,0.797142,GH¢ per CAD,ok,
2005-12-14,CADGHS,Canadian Dollar,Mid Rate,"7,919.9500",GH¢ per CAD,0.791995,GH¢ per CAD,ok,
2005-12-14,CHFGHS,Swiss Franc,Buying,"7,009.5700",GH¢ per CHF,0.700957,GH¢ per CHF,ok,
2005-12-14,CHFGHS,Swiss Franc,Selling,"7,101.9600",GH¢ per CHF,0.710196,GH¢ per CHF,ok,
2005-12-14,CHFGHS,Swiss Franc,Mid Rate,"7,055.7650",GH¢ per CHF,0.7055765,GH¢ per CHF,ok,
2005-12-14,DKKGHS,Danish Krone,Buying,"1,453.0300",GH¢ per DKK,0.145303,GH¢ per DKK,ok,
2005-12-14,DKKGHS,Danish Krone,Selling,"1,471.7100",GH¢ per DKK,0.147171,GH¢ per DKK,ok,
2005-12-14,DKKGHS,Danish Krone,Mid Rate,"1,462.3700",GH¢ per DKK,0.146237,GH¢ per DKK,ok,
2005-12-14,GBPGHS,Pound Sterling,Buying,"15,995.8400",GH¢ per GBP,1.599584,GH¢ per GBP,ok,
2005-12-14,GBPGHS,Pound Sterling,Selling,"16,213.0700",GH¢ per GBP,1.621307,GH¢ per GBP,ok,
2005-12-14,GBPGHS,Pound Sterling,Mid Rate,"16,104.4550",GH¢ per GBP,1.6104455,GH¢ per GBP,ok,
2005-12-14,JPYGHS,Japanese yen,Buying,75.9400,GH¢ per JPY,0.007594,GH¢ per JPY,ok,
2005-12-14,JPYGHS,Japanese yen,Selling,76.9300,GH¢ per JPY,0.007693,GH¢ per JPY,ok,
2005-12-14,JPYGHS,Japanese yen,Mid Rate,76.4350,GH¢ per JPY,0.0076435,GH¢ per JPY,ok,
2005-12-14,NOKGHS,Norwegian Krone,Buying,"1,363.1900",GH¢ per NOK,0.136319,GH¢ per NOK,ok,
2005-12-14,NOKGHS,Norwegian Krone,Selling,"1,380.8500",GH¢ per NOK,0.138085,GH¢ per NOK,ok,
2005-12-14,NOKGHS,Norwegian Krone,Mid Rate,"1,372.0200",GH¢ per NOK,0.137202,GH¢ per NOK,ok,
2005-12-14,NZDGHS,New Zealand Dollar,Buying,"6,379.1400",GH¢ per NZD,0.637914,GH¢ per NZD,ok,
2005-12-14,NZDGHS,New Zealand Dollar,Selling,"6,472.2600",GH¢ per NZD,0.647226,GH¢ per NZD,ok,
2005-12-14,NZDGHS,New Zealand Dollar,Mid Rate,"6,425.7000",GH¢ per NZD,0.64257,GH¢ per NZD,ok,
2005-12-14,SEKGHS,Swedish Krona,Buying,"1,147.3900",GH¢ per SEK,0.114739,GH¢ per SEK,ok,
2005-12-14,SEKGHS,Swedish Krona,Selling,"1,162.4800",GH¢ per SEK,0.116248,GH¢ per SEK,ok,
2005-12-14,SEKGHS,Swedish Krona,Mid Rate,"1,154.9350",GH¢ per SEK,0.1154935,GH¢ per SEK,ok,
2005-12-15,USDGHS,US Dollar,Buying,"9,016.8200",GH¢ per USD,0.901682,GH¢ per USD,ok,
2005-12-15,USDGHS,US Dollar,Selling,"9,139.5500",GH¢ per USD,0.913955,GH¢ per USD,ok,
2005-12-15,USDGHS,US Dollar,Mid Rate,"9,078.1850",GH¢ per USD,0.9078185,GH¢ per USD,ok,
2005-12-15,AUDGHS,Australian Dollar,Selling,"6,877.1000",GH¢ per AUD,0.68771,GH¢ per AUD,ok,
2005-12-15,AUDGHS,Australian Dollar,Mid Rate,"3,438.5500",GH¢ per AUD,0.343855,GH¢ per AUD,ok,
2005-12-15,CADGHS,Canadian Dollar,Buying,"7,802.6800",GH¢ per CAD,0.780268,GH¢ per CAD,ok,
2005-12-15,CADGHS,Canadian Dollar,Selling,"7,906.8000",GH¢ per CAD,0.79068,GH¢ per CAD,ok,
2005-12-15,CADGHS,Canadian Dollar,Mid Rate,"7,854.7400",GH¢ per CAD,0.785474,GH¢ per CAD,ok,
2005-12-15,CHFGHS,Swiss Franc,Buying,"7,029.3200",GH¢ per CHF,0.702932,GH¢ per CHF,ok,
2005-12-15,CHFGHS,Swiss Franc,Selling,"7,122.8400",GH¢ per CHF,0.712284,GH¢ per CHF,ok,
2005-12-15,CHFGHS,Swiss Franc,Mid Rate,"7,076.0800",GH¢ per CHF,0.707608,GH¢ per CHF,ok,
2005-12-15,DKKGHS,Danish Krone,Buying,"1,453.6500",GH¢ per DKK,0.145365,GH¢ per DKK,ok,
2005-12-15,DKKGHS,Danish Krone,Selling,"1,472.8700",GH¢ per DKK,0.147287,GH¢ per DKK,ok,
2005-12-15,DKKGHS,Danish Krone,Mid Rate,"1,463.2600",GH¢ per DKK,0.146326,GH¢ per DKK,ok,
2005-12-15,GBPGHS,Pound Sterling,Buying,"15,964.2800",GH¢ per GBP,1.596428,GH¢ per GBP,ok,
2005-12-15,GBPGHS,Pound Sterling,Selling,"16,185.2300",GH¢ per GBP,1.618523,GH¢ per GBP,ok,
2005-12-15,GBPGHS,Pound Sterling,Mid Rate,"16,074.7550",GH¢ per GBP,1.6074755,GH¢ per GBP,ok,
2005-12-15,JPYGHS,Japanese yen,Buying,77.3200,GH¢ per JPY,0.007732,GH¢ per JPY,ok,
2005-12-15,JPYGHS,Japanese yen,Selling,78.3500,GH¢ per JPY,0.007835,GH¢ per JPY,ok,
2005-12-15,JPYGHS,Japanese yen,Mid Rate,77.8350,GH¢ per JPY,0.0077835,GH¢ per JPY,ok,
2005-12-15,NOKGHS,Norwegian Krone,Buying,"1,361.8500",GH¢ per NOK,0.136185,GH¢ per NOK,ok,
2005-12-15,NOKGHS,Norwegian Krone,Selling,"1,380.0400",GH¢ per NOK,0.138004,GH¢ per NOK,ok,
2005-12-15,NOKGHS,Norwegian Krone,Mid Rate,"1,370.9450",GH¢ per NOK,0.1370945,GH¢ per NOK,ok,
2005-12-15,NZDGHS,New Zealand Dollar,Buying,"6,302.7000",GH¢ per NZD,0.63027,GH¢ per NZD,ok,
2005-12-15,NZDGHS,New Zealand Dollar,Selling,"6,396.4000",GH¢ per NZD,0.63964,GH¢ per NZD,ok,
2005-12-15,NZDGHS,New Zealand Dollar,Mid Rate,"6,349.5500",GH¢ per NZD,0.634955,GH¢ per NZD,ok,
2005-12-15,SEKGHS,Swedish Krona,Buying,"1,156.1300",GH¢ per SEK,0.115613,GH¢ per SEK,ok,
2005-12-15,SEKGHS,Swedish Krona,Selling,"1,161.9000",GH¢ per SEK,0.11619,GH¢ per SEK,ok,
2005-12-15,SEKGHS,Swedish Krona,Mid Rate,"1,159.0150",GH¢ per SEK,0.1159015,GH¢ per SEK,ok,
2005-12-16,USDGHS,US Dollar,Buying,"9,016.8200",GH¢ per USD,0.901682,GH¢ per USD,ok,
2005-12-16,USDGHS,US Dollar,Selling,"9,139.5500",GH¢ per USD,0.913955,GH¢ per USD,ok,
2005-12-16,USDGHS,US Dollar,Mid Rate,"9,078.1850",GH¢ per USD,0.9078185,GH¢ per USD,ok,
2005-12-16,AUDGHS,Australian Dollar,Selling,"6,826.6700",GH¢ per AUD,0.682667,GH¢ per AUD,ok,
2005-12-16,AUDGHS,Australian Dollar,Mid Rate,"3,413.3350",GH¢ per AUD,0.3413335,GH¢ per AUD,ok,
2005-12-16,CADGHS,Canadian Dollar,Buying,"7,790.4800",GH¢ per CAD,0.779048,GH¢ per CAD,ok,
2005-12-16,CADGHS,Canadian Dollar,Selling,"7,894.9500",GH¢ per CAD,0.789495,GH¢ per CAD,ok,
2005-12-16,CADGHS,Canadian Dollar,Mid Rate,"7,842.7150",GH¢ per CAD,0.7842715,GH¢ per CAD,ok,
2005-12-16,CHFGHS,Swiss Franc,Buying,"7,006.4300",GH¢ per CHF,0.700643,GH¢ per CHF,ok,
2005-12-16,CHFGHS,Swiss Franc,Selling,"7,102.3300",GH¢ per CHF,0.710233,GH¢ per CHF,ok,
2005-12-16,CHFGHS,Swiss Franc,Mid Rate,"7,054.3800",GH¢ per CHF,0.705438,GH¢ per CHF,ok,
2005-12-16,DKKGHS,Danish Krone,Buying,"1,450.7900",GH¢ per DKK,0.145079,GH¢ per DKK,ok,
2005-12-16,DKKGHS,Danish Krone,Selling,"1,470.6300",GH¢ per DKK,0.147063,GH¢ per DKK,ok,
2005-12-16,DKKGHS,Danish Krone,Mid Rate,"1,460.7100",GH¢ per DKK,0.146071,GH¢ per DKK,ok,
2005-12-16,GBPGHS,Pound Sterling,Buying,"15,935.4300",GH¢ per GBP,1.593543,GH¢ per GBP,ok,
2005-12-16,GBPGHS,Pound Sterling,Selling,"16,157.8100",GH¢ per GBP,1.615781,GH¢ per GBP,ok,
2005-12-16,GBPGHS,Pound Sterling,Mid Rate,"16,046.6200",GH¢ per GBP,1.604662,GH¢ per GBP,ok,
2005-12-16,JPYGHS,Japanese yen,Buying,77.7800,GH¢ per JPY,0.007778,GH¢ per JPY,ok,
2005-12-16,JPYGHS,Japanese yen,Selling,78.8100,GH¢ per JPY,0.007881,GH¢ per JPY,ok,
2005-12-16,JPYGHS,Japanese yen,Mid Rate,78.2950,GH¢ per JPY,0.0078295,GH¢ per JPY,ok,
2005-12-16,NOKGHS,Norwegian Krone,Buying,"1,363.0400",GH¢ per NOK,0.136304,GH¢ per NOK,ok,
2005-12-16,NOKGHS,Norwegian Krone,Selling,"1,381.4800",GH¢ per NOK,0.138148,GH¢ per NOK,ok,
2005-12-16,NOKGHS,Norwegian Krone,Mid Rate,"1,372.2600",GH¢ per NOK,0.137226,GH¢ per NOK,ok,
2005-12-16,NZDGHS,New Zealand Dollar,Buying,"6,218.0000",GH¢ per NZD,0.6218,GH¢ per NZD,ok,
2005-12-16,NZDGHS,New Zealand Dollar,Selling,"6,314.4700",GH¢ per NZD,0.631447,GH¢ per NZD,ok,
2005-12-16,NZDGHS,New Zealand Dollar,Mid Rate,"6,266.2350",GH¢ per NZD,0.6266235,GH¢ per NZD,ok,
2005-12-16,SEKGHS,Swedish Krona,Buying,"1,141.3100",GH¢ per SEK,0.114131,GH¢ per SEK,ok,
2005-12-16,SEKGHS,Swedish Krona,Selling,"1,155.6500",GH¢ per SEK,0.115565,GH¢ per SEK,ok,
2005-12-16,SEKGHS,Swedish Krona,Mid Rate,"1,148.4800",GH¢ per SEK,0.114848,GH¢ per SEK,ok,
2005-12-19,USDGHS,US Dollar,Buying,"9,016.8200",GH¢ per USD,0.901682,GH¢ per USD,ok,
2005-12-19,USDGHS,US Dollar,Selling,"9,139.5500",GH¢ per USD,0.913955,GH¢ per USD,ok,
2005-12-19,USDGHS,US Dollar,Mid Rate,"9,078.1850",GH¢ per USD,0.9078185,GH¢ per USD,ok,
2005-12-19,AUDGHS,Australian Dollar,Selling,"6,820.3900",GH¢ per AUD,0.682039,GH¢ per AUD,ok,
2005-12-19,AUDGHS,Australian Dollar,Mid Rate,"3,410.1950",GH¢ per AUD,0.3410195,GH¢ per AUD,ok,
2005-12-19,CADGHS,Canadian Dollar,Buying,"7,781.0500",GH¢ per CAD,0.778105,GH¢ per CAD,ok,
2005-12-19,CADGHS,Canadian Dollar,Selling,"7,881.5000",GH¢ per CAD,0.78815,GH¢ per CAD,ok,
2005-12-19,CADGHS,Canadian Dollar,Mid Rate,"7,831.2750",GH¢ per CAD,0.7831275,GH¢ per CAD,ok,
2005-12-19,CHFGHS,Swiss Franc,Buying,"6,987.7100",GH¢ per CHF,0.698771,GH¢ per CHF,ok,
2005-12-19,CHFGHS,Swiss Franc,Selling,"7,082.3400",GH¢ per CHF,0.708234,GH¢ per CHF,ok,
2005-12-19,CHFGHS,Swiss Franc,Mid Rate,"7,035.0250",GH¢ per CHF,0.7035025,GH¢ per CHF,ok,
2005-12-19,DKKGHS,Danish Krone,Buying,"1,453.3200",GH¢ per DKK,0.145332,GH¢ per DKK,ok,
2005-12-19,DKKGHS,Danish Krone,Selling,"1,473.0000",GH¢ per DKK,0.1473,GH¢ per DKK,ok,
2005-12-19,DKKGHS,Danish Krone,Mid Rate,"1,463.1600",GH¢ per DKK,0.146316,GH¢ per DKK,ok,
2005-12-19,GBPGHS,Pound Sterling,Buying,"15,948.0500",GH¢ per GBP,1.594805,GH¢ per GBP,ok,
2005-12-19,GBPGHS,Pound Sterling,Selling,"16,169.6900",GH¢ per GBP,1.616969,GH¢ per GBP,ok,
2005-12-19,GBPGHS,Pound Sterling,Mid Rate,"16,058.8700",GH¢ per GBP,1.605887,GH¢ per GBP,ok,
2005-12-19,JPYGHS,Japanese yen,Buying,77.5600,GH¢ per JPY,0.007756,GH¢ per JPY,ok,
2005-12-19,JPYGHS,Japanese yen,Selling,78.5900,GH¢ per JPY,0.007859,GH¢ per JPY,ok,
2005-12-19,JPYGHS,Japanese yen,Mid Rate,78.0750,GH¢ per JPY,0.0078075,GH¢ per JPY,ok,
2005-12-19,NOKGHS,Norwegian Krone,Buying,"1,356.4700",GH¢ per NOK,0.135647,GH¢ per NOK,ok,
2005-12-19,NOKGHS,Norwegian Krone,Selling,"1,374.3900",GH¢ per NOK,0.137439,GH¢ per NOK,ok,
2005-12-19,NOKGHS,Norwegian Krone,Mid Rate,"1,365.4300",GH¢ per NOK,0.136543,GH¢ per NOK,ok,
2005-12-19,NZDGHS,New Zealand Dollar,Buying,"6,240.5700",GH¢ per NZD,0.624057,GH¢ per NZD,ok,
2005-12-19,NZDGHS,New Zealand Dollar,Selling,"6,330.4300",GH¢ per NZD,0.633043,GH¢ per NZD,ok,
2005-12-19,NZDGHS,New Zealand Dollar,Mid Rate,"6,285.5000",GH¢ per NZD,0.62855,GH¢ per NZD,ok,
2005-12-19,SEKGHS,Swedish Krona,Buying,"1,145.4400",GH¢ per SEK,0.114544,GH¢ per SEK,ok,
2005-12-19,SEKGHS,Swedish Krona,Selling,"1,160.9300",GH¢ per SEK,0.116093,GH¢ per SEK,ok,
2005-12-19,SEKGHS,Swedish Krona,Mid Rate,"1,153.1850",GH¢ per SEK,0.1153185,GH¢ per SEK,ok,
2005-12-20,USDGHS,US Dollar,Buying,"9,016.8200",GH¢ per USD,0.901682,GH¢ per USD,ok,
2005-12-20,USDGHS,US Dollar,Selling,"9,140.0000",GH¢ per USD,0.914,GH¢ per USD,ok,
2005-12-20,USDGHS,US Dollar,Mid Rate,"9,078.4100",GH¢ per USD,0.907841,GH¢ per USD,ok,
2005-12-20,AUDGHS,Australian Dollar,Selling,"6,769.0900",GH¢ per AUD,0.676909,GH¢ per AUD,ok,
2005-12-20,AUDGHS,Australian Dollar,Mid Rate,"3,384.5450",GH¢ per AUD,0.3384545,GH¢ per AUD,ok,
2005-12-20,CADGHS,Canadian Dollar,Buying,"7,723.5000",GH¢ per CAD,0.77235,GH¢ per CAD,ok,
2005-12-20,CADGHS,Canadian Dollar,Selling,"7,826.2800",GH¢ per CAD,0.782628,GH¢ per CAD,ok,
2005-12-20,CADGHS,Canadian Dollar,Mid Rate,"7,774.8900",GH¢ per CAD,0.777489,GH¢ per CAD,ok,
2005-12-20,CHFGHS,Swiss Franc,Buying,"6,959.9600",GH¢ per CHF,0.695996,GH¢ per CHF,ok,
2005-12-20,CHFGHS,Swiss Franc,Selling,"7,053.6400",GH¢ per CHF,0.705364,GH¢ per CHF,ok,
2005-12-20,CHFGHS,Swiss Franc,Mid Rate,"7,006.8000",GH¢ per CHF,0.70068,GH¢ per CHF,ok,
2005-12-20,DKKGHS,Danish Krone,Buying,"1,448.2700",GH¢ per DKK,0.144827,GH¢ per DKK,ok,
2005-12-20,DKKGHS,Danish Krone,Selling,"1,468.0300",GH¢ per DKK,0.146803,GH¢ per DKK,ok,
2005-12-20,DKKGHS,Danish Krone,Mid Rate,"1,458.1500",GH¢ per DKK,0.145815,GH¢ per DKK,ok,
2005-12-20,GBPGHS,Pound Sterling,Buying,"15,868.7000",GH¢ per GBP,1.58687,GH¢ per GBP,ok,
2005-12-20,GBPGHS,Pound Sterling,Selling,"16,090.0600",GH¢ per GBP,1.609006,GH¢ per GBP,ok,
2005-12-20,GBPGHS,Pound Sterling,Mid Rate,"15,979.3800",GH¢ per GBP,1.597938,GH¢ per GBP,ok,
2005-12-20,JPYGHS,Japanese yen,Buying,77.2700,GH¢ per JPY,0.007727,GH¢ per JPY,ok,
2005-12-20,JPYGHS,Japanese yen,Selling,78.3000,GH¢ per JPY,0.00783,GH¢ per JPY,ok,
2005-12-20,JPYGHS,Japanese yen,Mid Rate,77.7850,GH¢ per JPY,0.0077785,GH¢ per JPY,ok,
2005-12-20,NOKGHS,Norwegian Krone,Buying,"1,348.6000",GH¢ per NOK,0.13486,GH¢ per NOK,ok,
2005-12-20,NOKGHS,Norwegian Krone,Selling,"1,365.5900",GH¢ per NOK,0.136559,GH¢ per NOK,ok,
2005-12-20,NOKGHS,Norwegian Krone,Mid Rate,"1,357.0950",GH¢ per NOK,0.1357095,GH¢ per NOK,ok,
2005-12-20,NZDGHS,New Zealand Dollar,Buying,"6,206.2500",GH¢ per NZD,0.620625,GH¢ per NZD,ok,
2005-12-20,NZDGHS,New Zealand Dollar,Selling,"6,304.0800",GH¢ per NZD,0.630408,GH¢ per NZD,ok,
2005-12-20,NZDGHS,New Zealand Dollar,Mid Rate,"6,255.1650",GH¢ per NZD,0.6255165,GH¢ per NZD,ok,
2005-12-20,SEKGHS,Swedish Krona,Buying,"1,148.9500",GH¢ per SEK,0.114895,GH¢ per SEK,ok,
2005-12-20,SEKGHS,Swedish Krona,Selling,"1,163.4500",GH¢ per SEK,0.116345,GH¢ per SEK,ok,
2005-12-20,SEKGHS,Swedish Krona,Mid Rate,"1,156.2000",GH¢ per SEK,0.11562,GH¢ per SEK,ok,
2005-12-21,USDGHS,US Dollar,Buying,"9,017.7300",GH¢ per USD,0.901773,GH¢ per USD,ok,
2005-12-21,USDGHS,US Dollar,Selling,"9,140.4500",GH¢ per USD,0.914045,GH¢ per USD,ok,
2005-12-21,USDGHS,US Dollar,Mid Rate,"9,079.0900",GH¢ per USD,0.907909,GH¢ per USD,ok,
2005-12-21,AUDGHS,Australian Dollar,Selling,"6,724.9000",GH¢ per AUD,0.67249,GH¢ per AUD,ok,
2005-12-21,AUDGHS,Australian Dollar,Mid Rate,"3,362.4500",GH¢ per AUD,0.336245,GH¢ per AUD,ok,
2005-12-21,CADGHS,Canadian Dollar,Buying,"7,703.2100",GH¢ per CAD,0.770321,GH¢ per CAD,ok,
2005-12-21,CADGHS,Canadian Dollar,Selling,"7,804.8800",GH¢ per CAD,0.780488,GH¢ per CAD,ok,
2005-12-21,CADGHS,Canadian Dollar,Mid Rate,"7,754.0450",GH¢ per CAD,0.7754045,GH¢ per CAD,ok,
2005-12-21,CHFGHS,Swiss Franc,Buying,"6,902.9200",GH¢ per CHF,0.690292,GH¢ per CHF,ok,
2005-12-21,CHFGHS,Swiss Franc,Selling,"6,995.4000",GH¢ per CHF,0.69954,GH¢ per CHF,ok,
2005-12-21,CHFGHS,Swiss Franc,Mid Rate,"6,949.1600",GH¢ per CHF,0.694916,GH¢ per CHF,ok,
2005-12-21,DKKGHS,Danish Krone,Buying,"1,437.2100",GH¢ per DKK,0.143721,GH¢ per DKK,ok,
2005-12-21,DKKGHS,Danish Krone,Selling,"1,456.8300",GH¢ per DKK,0.145683,GH¢ per DKK,ok,
2005-12-21,DKKGHS,Danish Krone,Mid Rate,"1,447.0200",GH¢ per DKK,0.144702,GH¢ per DKK,ok,
2005-12-21,GBPGHS,Pound Sterling,Buying,"15,827.0200",GH¢ per GBP,1.582702,GH¢ per GBP,ok,
2005-12-21,GBPGHS,Pound Sterling,Selling,"16,046.0600",GH¢ per GBP,1.604606,GH¢ per GBP,ok,
2005-12-21,GBPGHS,Pound Sterling,Mid Rate,"15,936.5400",GH¢ per GBP,1.593654,GH¢ per GBP,ok,
2005-12-21,JPYGHS,Japanese yen,Buying,77.0500,GH¢ per JPY,0.007705,GH¢ per JPY,ok,
2005-12-21,JPYGHS,Japanese yen,Selling,78.0700,GH¢ per JPY,0.007807,GH¢ per JPY,ok,
2005-12-21,JPYGHS,Japanese yen,Mid Rate,77.5600,GH¢ per JPY,0.007756,GH¢ per JPY,ok,
2005-12-21,NOKGHS,Norwegian Krone,Buying,"1,329.9700",GH¢ per NOK,0.132997,GH¢ per NOK,ok,
2005-12-21,NOKGHS,Norwegian Krone,Selling,"1,347.8300",GH¢ per NOK,0.134783,GH¢ per NOK,ok,
2005-12-21,NOKGHS,Norwegian Krone,Mid Rate,"1,338.9000",GH¢ per NOK,0.13389,GH¢ per NOK,ok,
2005-12-21,NZDGHS,New Zealand Dollar,Buying,"6,151.9600",GH¢ per NZD,0.615196,GH¢ per NZD,ok,
2005-12-21,NZDGHS,New Zealand Dollar,Selling,"6,248.3400",GH¢ per NZD,0.624834,GH¢ per NZD,ok,
2005-12-21,NZDGHS,New Zealand Dollar,Mid Rate,"6,200.1500",GH¢ per NZD,0.620015,GH¢ per NZD,ok,
2005-12-21,SEKGHS,Swedish Krona,Buying,"1,135.6600",GH¢ per SEK,0.113566,GH¢ per SEK,ok,
2005-12-21,SEKGHS,Swedish Krona,Selling,"1,149.8000",GH¢ per SEK,0.11498,GH¢ per SEK,ok,
2005-12-21,SEKGHS,Swedish Krona,Mid Rate,"1,142.7300",GH¢ per SEK,0.114273,GH¢ per SEK,ok,
2005-12-22,USDGHS,US Dollar,Buying,"9,033.6400",GH¢ per USD,0.903364,GH¢ per USD,ok,
2005-12-22,USDGHS,US Dollar,Selling,"9,140.4500",GH¢ per USD,0.914045,GH¢ per USD,ok,
2005-12-22,USDGHS,US Dollar,Mid Rate,"9,087.0450",GH¢ per USD,0.9087045,GH¢ per USD,ok,
2005-12-22,AUDGHS,Australian Dollar,Selling,"6,695.7500",GH¢ per AUD,0.669575,GH¢ per AUD,ok,
2005-12-22,AUDGHS,Australian Dollar,Mid Rate,"3,347.8750",GH¢ per AUD,0.3347875,GH¢ per AUD,ok,
2005-12-22,CADGHS,Canadian Dollar,Buying,"7,752.7800",GH¢ per CAD,0.775278,GH¢ per CAD,ok,
2005-12-22,CADGHS,Canadian Dollar,Selling,"7,841.5500",GH¢ per CAD,0.784155,GH¢ per CAD,ok,
2005-12-22,CADGHS,Canadian Dollar,Mid Rate,"7,797.1650",GH¢ per CAD,0.7797165,GH¢ per CAD,ok,
2005-12-22,CHFGHS,Swiss Franc,Buying,"6,875.1500",GH¢ per CHF,0.687515,GH¢ per CHF,ok,
2005-12-22,CHFGHS,Swiss Franc,Selling,"6,954.5900",GH¢ per CHF,0.695459,GH¢ per CHF,ok,
2005-12-22,CHFGHS,Swiss Franc,Mid Rate,"6,914.8700",GH¢ per CHF,0.691487,GH¢ per CHF,ok,
2005-12-22,DKKGHS,Danish Krone,Buying,"1,432.9700",GH¢ per DKK,0.143297,GH¢ per DKK,ok,
2005-12-22,DKKGHS,Danish Krone,Selling,"1,449.6700",GH¢ per DKK,0.144967,GH¢ per DKK,ok,
2005-12-22,DKKGHS,Danish Krone,Mid Rate,"1,441.3200",GH¢ per DKK,0.144132,GH¢ per DKK,ok,
2005-12-22,GBPGHS,Pound Sterling,Buying,"15,742.0200",GH¢ per GBP,1.574202,GH¢ per GBP,ok,
2005-12-22,GBPGHS,Pound Sterling,Selling,"15,930.8900",GH¢ per GBP,1.593089,GH¢ per GBP,ok,
2005-12-22,GBPGHS,Pound Sterling,Mid Rate,"15,836.4550",GH¢ per GBP,1.5836455,GH¢ per GBP,ok,
2005-12-22,JPYGHS,Japanese yen,Buying,76.9500,GH¢ per JPY,0.007695,GH¢ per JPY,ok,
2005-12-22,JPYGHS,Japanese yen,Selling,77.8300,GH¢ per JPY,0.007783,GH¢ per JPY,ok,
2005-12-22,JPYGHS,Japanese yen,Mid Rate,77.3900,GH¢ per JPY,0.007739,GH¢ per JPY,ok,
2005-12-22,NOKGHS,Norwegian Krone,Buying,"1,332.2700",GH¢ per NOK,0.133227,GH¢ per NOK,ok,
2005-12-22,NOKGHS,Norwegian Krone,Selling,"1,347.6300",GH¢ per NOK,0.134763,GH¢ per NOK,ok,
2005-12-22,NOKGHS,Norwegian Krone,Mid Rate,"1,339.9500",GH¢ per NOK,0.133995,GH¢ per NOK,ok,
2005-12-22,NZDGHS,New Zealand Dollar,Buying,"6,096.8800",GH¢ per NZD,0.609688,GH¢ per NZD,ok,
2005-12-22,NZDGHS,New Zealand Dollar,Selling,"6,181.1900",GH¢ per NZD,0.618119,GH¢ per NZD,ok,
2005-12-22,NZDGHS,New Zealand Dollar,Mid Rate,"6,139.0350",GH¢ per NZD,0.6139035,GH¢ per NZD,ok,
2005-12-22,SEKGHS,Swedish Krona,Buying,"1,132.4600",GH¢ per SEK,0.113246,GH¢ per SEK,ok,
2005-12-22,SEKGHS,Swedish Krona,Selling,"1,145.2900",GH¢ per SEK,0.114529,GH¢ per SEK,ok,
2005-12-22,SEKGHS,Swedish Krona,Mid Rate,"1,138.8750",GH¢ per SEK,0.1138875,GH¢ per SEK,ok,
2005-12-23,USDGHS,US Dollar,Buying,"9,035.0000",GH¢ per USD,0.9035,GH¢ per USD,ok,
2005-12-23,USDGHS,US Dollar,Selling,"9,140.4500",GH¢ per USD,0.914045,GH¢ per USD,ok,
2005-12-23,USDGHS,US Dollar,Mid Rate,"9,087.7250",GH¢ per USD,0.9087725,GH¢ per USD,ok,
2005-12-23,AUDGHS,Australian Dollar,Selling,"6,691.4600",GH¢ per AUD,0.669146,GH¢ per AUD,ok,
2005-12-23,AUDGHS,Australian Dollar,Mid Rate,"3,345.7300",GH¢ per AUD,0.334573,GH¢ per AUD,ok,
2005-12-23,CADGHS,Canadian Dollar,Buying,"7,752.7600",GH¢ per CAD,0.775276,GH¢ per CAD,ok,
2005-12-23,CADGHS,Canadian Dollar,Selling,"7,841.1800",GH¢ per CAD,0.784118,GH¢ per CAD,ok,
2005-12-23,CADGHS,Canadian Dollar,Mid Rate,"7,796.9700",GH¢ per CAD,0.779697,GH¢ per CAD,ok,
2005-12-23,CHFGHS,Swiss Franc,Buying,"6,890.1700",GH¢ per CHF,0.689017,GH¢ per CHF,ok,
2005-12-23,CHFGHS,Swiss Franc,Selling,"6,969.4400",GH¢ per CHF,0.696944,GH¢ per CHF,ok,
2005-12-23,CHFGHS,Swiss Franc,Mid Rate,"6,929.8050",GH¢ per CHF,0.6929805,GH¢ per CHF,ok,
2005-12-23,DKKGHS,Danish Krone,Buying,"1,439.1000",GH¢ per DKK,0.14391,GH¢ per DKK,ok,
2005-12-23,DKKGHS,Danish Krone,Selling,"1,455.7000",GH¢ per DKK,0.14557,GH¢ per DKK,ok,
2005-12-23,DKKGHS,Danish Krone,Mid Rate,"1,447.4000",GH¢ per DKK,0.14474,GH¢ per DKK,ok,
2005-12-23,GBPGHS,Pound Sterling,Buying,"15,710.9600",GH¢ per GBP,1.571096,GH¢ per GBP,ok,
2005-12-23,GBPGHS,Pound Sterling,Selling,"15,897.9800",GH¢ per GBP,1.589798,GH¢ per GBP,ok,
2005-12-23,GBPGHS,Pound Sterling,Mid Rate,"15,804.4700",GH¢ per GBP,1.580447,GH¢ per GBP,ok,
2005-12-23,JPYGHS,Japanese yen,Buying,77.4400,GH¢ per JPY,0.007744,GH¢ per JPY,ok,
2005-12-23,JPYGHS,Japanese yen,Selling,78.3200,GH¢ per JPY,0.007832,GH¢ per JPY,ok,
2005-12-23,JPYGHS,Japanese yen,Mid Rate,77.8800,GH¢ per JPY,0.007788,GH¢ per JPY,ok,
2005-12-23,NOKGHS,Norwegian Krone,Buying,"1,333.5800",GH¢ per NOK,0.133358,GH¢ per NOK,ok,
2005-12-23,NOKGHS,Norwegian Krone,Selling,"1,348.6200",GH¢ per NOK,0.134862,GH¢ per NOK,ok,
2005-12-23,NOKGHS,Norwegian Krone,Mid Rate,"1,341.1000",GH¢ per NOK,0.13411,GH¢ per NOK,ok,
2005-12-23,NZDGHS,New Zealand Dollar,Buying,"6,092.7100",GH¢ per NZD,0.609271,GH¢ per NZD,ok,
2005-12-23,NZDGHS,New Zealand Dollar,Selling,"6,170.0100",GH¢ per NZD,0.617001,GH¢ per NZD,ok,
2005-12-23,NZDGHS,New Zealand Dollar,Mid Rate,"6,131.3600",GH¢ per NZD,0.613136,GH¢ per NZD,ok,
2005-12-23,SEKGHS,Swedish Krona,Buying,"1,135.9600",GH¢ per SEK,0.113596,GH¢ per SEK,ok,
2005-12-23,SEKGHS,Swedish Krona,Selling,"1,148.6200",GH¢ per SEK,0.114862,GH¢ per SEK,ok,
2005-12-23,SEKGHS,Swedish Krona,Mid Rate,"1,142.2900",GH¢ per SEK,0.114229,GH¢ per SEK,ok,
2005-12-28,USDGHS,US Dollar,Buying,"9,035.0000",GH¢ per USD,0.9035,GH¢ per USD,ok,
2005-12-28,USDGHS,US Dollar,Selling,"9,140.4500",GH¢ per USD,0.914045,GH¢ per USD,ok,
2005-12-28,USDGHS,US Dollar,Mid Rate,"9,087.7250",GH¢ per USD,0.9087725,GH¢ per USD,ok,
2005-12-28,AUDGHS,Australian Dollar,Selling,"6,679.9000",GH¢ per AUD,0.66799,GH¢ per AUD,ok,
2005-12-28,AUDGHS,Australian Dollar,Mid Rate,"3,339.9500",GH¢ per AUD,0.333995,GH¢ per AUD,ok,
2005-12-28,CADGHS,Canadian Dollar,Buying,"7,731.9600",GH¢ per CAD,0.773196,GH¢ per CAD,ok,
2005-12-28,CADGHS,Canadian Dollar,Selling,"7,818.6200",GH¢ per CAD,0.781862,GH¢ per CAD,ok,
2005-12-28,CADGHS,Canadian Dollar,Mid Rate,"7,775.2900",GH¢ per CAD,0.777529,GH¢ per CAD,ok,
2005-12-28,CHFGHS,Swiss Franc,Buying,"6,912.5800",GH¢ per CHF,0.691258,GH¢ per CHF,ok,
2005-12-28,CHFGHS,Swiss Franc,Selling,"6,992.4000",GH¢ per CHF,0.69924,GH¢ per CHF,ok,
2005-12-28,CHFGHS,Swiss Franc,Mid Rate,"6,952.4900",GH¢ per CHF,0.695249,GH¢ per CHF,ok,
2005-12-28,DKKGHS,Danish Krone,Buying,"1,442.8900",GH¢ per DKK,0.144289,GH¢ per DKK,ok,
2005-12-28,DKKGHS,Danish Krone,Selling,"1,459.5300",GH¢ per DKK,0.145953,GH¢ per DKK,ok,
2005-12-28,DKKGHS,Danish Krone,Mid Rate,"1,451.2100",GH¢ per DKK,0.145121,GH¢ per DKK,ok,
2005-12-28,GBPGHS,Pound Sterling,Buying,"15,713.6700",GH¢ per GBP,1.571367,GH¢ per GBP,ok,
2005-12-28,GBPGHS,Pound Sterling,Selling,"15,900.7300",GH¢ per GBP,1.590073,GH¢ per GBP,ok,
2005-12-28,GBPGHS,Pound Sterling,Mid Rate,"15,807.2000",GH¢ per GBP,1.58072,GH¢ per GBP,ok,
2005-12-28,JPYGHS,Japanese yen,Buying,77.1200,GH¢ per JPY,0.007712,GH¢ per JPY,ok,
2005-12-28,JPYGHS,Japanese yen,Selling,77.9900,GH¢ per JPY,0.007799,GH¢ per JPY,ok,
2005-12-28,JPYGHS,Japanese yen,Mid Rate,77.5550,GH¢ per JPY,0.0077555,GH¢ per JPY,ok,
2005-12-28,NOKGHS,Norwegian Krone,Buying,"1,342.4600",GH¢ per NOK,0.134246,GH¢ per NOK,ok,
2005-12-28,NOKGHS,Norwegian Krone,Selling,"1,357.8100",GH¢ per NOK,0.135781,GH¢ per NOK,ok,
2005-12-28,NOKGHS,Norwegian Krone,Mid Rate,"1,350.1350",GH¢ per NOK,0.1350135,GH¢ per NOK,ok,
2005-12-28,NZDGHS,New Zealand Dollar,Buying,"6,164.4700",GH¢ per NZD,0.616447,GH¢ per NZD,ok,
2005-12-28,NZDGHS,New Zealand Dollar,Selling,"6,248.9900",GH¢ per NZD,0.624899,GH¢ per NZD,ok,
2005-12-28,NZDGHS,New Zealand Dollar,Mid Rate,"6,206.7300",GH¢ per NZD,0.620673,GH¢ per NZD,ok,
2005-12-28,SEKGHS,Swedish Krona,Buying,"1,138.7900",GH¢ per SEK,0.113879,GH¢ per SEK,ok,
2005-12-28,SEKGHS,Swedish Krona,Selling,"1,152.1800",GH¢ per SEK,0.115218,GH¢ per SEK,ok,
2005-12-28,SEKGHS,Swedish Krona,Mid Rate,"1,145.4850",GH¢ per SEK,0.1145485,GH¢ per SEK,ok,
2005-12-29,USDGHS,US Dollar,Buying,"9,035.4500",GH¢ per USD,0.903545,GH¢ per USD,ok,
2005-12-29,USDGHS,US Dollar,Selling,"9,140.9100",GH¢ per USD,0.914091,GH¢ per USD,ok,
2005-12-29,USDGHS,US Dollar,Mid Rate,"9,088.1800",GH¢ per USD,0.908818,GH¢ per USD,ok,
2005-12-29,AUDGHS,Australian Dollar,Selling,"6,685.3700",GH¢ per AUD,0.668537,GH¢ per AUD,ok,
2005-12-29,AUDGHS,Australian Dollar,Mid Rate,"3,342.6850",GH¢ per AUD,0.3342685,GH¢ per AUD,ok,
2005-12-29,CADGHS,Canadian Dollar,Buying,"7,749.4300",GH¢ per CAD,0.774943,GH¢ per CAD,ok,
2005-12-29,CADGHS,Canadian Dollar,Selling,"7,837.4700",GH¢ per CAD,0.783747,GH¢ per CAD,ok,
2005-12-29,CADGHS,Canadian Dollar,Mid Rate,"7,793.4500",GH¢ per CAD,0.779345,GH¢ per CAD,ok,
2005-12-29,CHFGHS,Swiss Franc,Buying,"6,883.1600",GH¢ per CHF,0.688316,GH¢ per CHF,ok,
2005-12-29,CHFGHS,Swiss Franc,Selling,"6,962.7500",GH¢ per CHF,0.696275,GH¢ per CHF,ok,
2005-12-29,CHFGHS,Swiss Franc,Mid Rate,"6,922.9550",GH¢ per CHF,0.6922955,GH¢ per CHF,ok,
2005-12-29,DKKGHS,Danish Krone,Buying,"1,437.6900",GH¢ per DKK,0.143769,GH¢ per DKK,ok,
2005-12-29,DKKGHS,Danish Krone,Selling,"1,454.4300",GH¢ per DKK,0.145443,GH¢ per DKK,ok,
2005-12-29,DKKGHS,Danish Krone,Mid Rate,"1,446.0600",GH¢ per DKK,0.144606,GH¢ per DKK,ok,
2005-12-29,GBPGHS,Pound Sterling,Buying,"15,566.2700",GH¢ per GBP,1.556627,GH¢ per GBP,ok,
2005-12-29,GBPGHS,Pound Sterling,Selling,"15,752.5300",GH¢ per GBP,1.575253,GH¢ per GBP,ok,
2005-12-29,GBPGHS,Pound Sterling,Mid Rate,"15,659.4000",GH¢ per GBP,1.56594,GH¢ per GBP,ok,
2005-12-29,JPYGHS,Japanese yen,Buying,76.7400,GH¢ per JPY,0.007674,GH¢ per JPY,ok,
2005-12-29,JPYGHS,Japanese yen,Selling,77.6100,GH¢ per JPY,0.007761,GH¢ per JPY,ok,
2005-12-29,JPYGHS,Japanese yen,Mid Rate,77.1750,GH¢ per JPY,0.0077175,GH¢ per JPY,ok,
2005-12-29,NOKGHS,Norwegian Krone,Buying,"1,335.1400",GH¢ per NOK,0.133514,GH¢ per NOK,ok,
2005-12-29,NOKGHS,Norwegian Krone,Selling,"1,350.2800",GH¢ per NOK,0.135028,GH¢ per NOK,ok,
2005-12-29,NOKGHS,Norwegian Krone,Mid Rate,"1,342.7100",GH¢ per NOK,0.134271,GH¢ per NOK,ok,
2005-12-29,NZDGHS,New Zealand Dollar,Buying,"6,153.3500",GH¢ per NZD,0.615335,GH¢ per NZD,ok,
2005-12-29,NZDGHS,New Zealand Dollar,Selling,"6,236.4300",GH¢ per NZD,0.623643,GH¢ per NZD,ok,
2005-12-29,NZDGHS,New Zealand Dollar,Mid Rate,"6,194.8900",GH¢ per NZD,0.619489,GH¢ per NZD,ok,
2005-12-29,SEKGHS,Swedish Krona,Buying,"1,139.1900",GH¢ per SEK,0.113919,GH¢ per SEK,ok,
2005-12-29,SEKGHS,Swedish Krona,Selling,"1,151.7700",GH¢ per SEK,0.115177,GH¢ per SEK,ok,
2005-12-29,SEKGHS,Swedish Krona,Mid Rate,"1,145.4800",GH¢ per SEK,0.114548,GH¢ per SEK,ok,
2005-12-30,USDGHS,US Dollar,Buying,"9,035.4500",GH¢ per USD,0.903545,GH¢ per USD,ok,
2005-12-30,USDGHS,US Dollar,Selling,"9,140.9100",GH¢ per USD,0.914091,GH¢ per USD,ok,
2005-12-30,USDGHS,US Dollar,Mid Rate,"9,088.1800",GH¢ per USD,0.908818,GH¢ per USD,ok,
2005-12-30,AUDGHS,Australian Dollar,Selling,"6,708.4200",GH¢ per AUD,0.670842,GH¢ per AUD,ok,
2005-12-30,AUDGHS,Australian Dollar,Mid Rate,"3,354.2100",GH¢ per AUD,0.335421,GH¢ per AUD,ok,
2005-12-30,CADGHS,Canadian Dollar,Buying,"7,774.8500",GH¢ per CAD,0.777485,GH¢ per CAD,ok,
2005-12-30,CADGHS,Canadian Dollar,Selling,"7,863.5600",GH¢ per CAD,0.786356,GH¢ per CAD,ok,
2005-12-30,CADGHS,Canadian Dollar,Mid Rate,"7,819.2050",GH¢ per CAD,0.7819205,GH¢ per CAD,ok,
2005-12-30,CHFGHS,Swiss Franc,Buying,"6,884.6700",GH¢ per CHF,0.688467,GH¢ per CHF,ok,
2005-12-30,CHFGHS,Swiss Franc,Selling,"6,962.7400",GH¢ per CHF,0.696274,GH¢ per CHF,ok,
2005-12-30,CHFGHS,Swiss Franc,Mid Rate,"6,923.7050",GH¢ per CHF,0.6923705,GH¢ per CHF,ok,
2005-12-30,DKKGHS,Danish Krone,Buying,"1,436.9200",GH¢ per DKK,0.143692,GH¢ per DKK,ok,
2005-12-30,DKKGHS,Danish Krone,Selling,"1,453.2800",GH¢ per DKK,0.145328,GH¢ per DKK,ok,
2005-12-30,DKKGHS,Danish Krone,Mid Rate,"1,445.1000",GH¢ per DKK,0.14451,GH¢ per DKK,ok,
2005-12-30,GBPGHS,Pound Sterling,Buying,"15,597.9000",GH¢ per GBP,1.55979,GH¢ per GBP,ok,
2005-12-30,GBPGHS,Pound Sterling,Selling,"15,784.5200",GH¢ per GBP,1.578452,GH¢ per GBP,ok,
2005-12-30,GBPGHS,Pound Sterling,Mid Rate,"15,691.2100",GH¢ per GBP,1.569121,GH¢ per GBP,ok,
2005-12-30,JPYGHS,Japanese yen,Buying,76.9400,GH¢ per JPY,0.007694,GH¢ per JPY,ok,
2005-12-30,JPYGHS,Japanese yen,Selling,77.8100,GH¢ per JPY,0.007781,GH¢ per JPY,ok,
2005-12-30,JPYGHS,Japanese yen,Mid Rate,77.3750,GH¢ per JPY,0.0077375,GH¢ per JPY,ok,
2005-12-30,NOKGHS,Norwegian Krone,Buying,"1,336.4400",GH¢ per NOK,0.133644,GH¢ per NOK,ok,
2005-12-30,NOKGHS,Norwegian Krone,Selling,"1,351.4800",GH¢ per NOK,0.135148,GH¢ per NOK,ok,
2005-12-30,NOKGHS,Norwegian Krone,Mid Rate,"1,343.9600",GH¢ per NOK,0.134396,GH¢ per NOK,ok,
2005-12-30,NZDGHS,New Zealand Dollar,Buying,"6,168.9700",GH¢ per NZD,0.616897,GH¢ per NZD,ok,
2005-12-30,NZDGHS,New Zealand Dollar,Selling,"6,253.8300",GH¢ per NZD,0.625383,GH¢ per NZD,ok,
2005-12-30,NZDGHS,New Zealand Dollar,Mid Rate,"6,211.4000",GH¢ per NZD,0.62114,GH¢ per NZD,ok,
2005-12-30,SEKGHS,Swedish Krona,Buying,"1,136.9800",GH¢ per SEK,0.113698,GH¢ per SEK,ok,
2005-12-30,SEKGHS,Swedish Krona,Selling,"1,149.9700",GH¢ per SEK,0.114997,GH¢ per SEK,ok,
2005-12-30,SEKGHS,Swedish Krona,Mid Rate,"1,143.4750",GH¢ per SEK,0.1143475,GH¢ per SEK,ok,
