date,pair,currency,rate,published,published_unit,ghs_per_unit,ghs_per_unit_of,status,rules
2026-01-02,USDGHS,US Dollar,Buying,10.4948,GH¢ per USD,10.4948,GH¢ per USD,ok,
2026-01-02,USDGHS,US Dollar,Selling,10.5053,GH¢ per USD,10.5053,GH¢ per USD,ok,
2026-01-02,USDGHS,US Dollar,Mid Rate,10.5000,GH¢ per USD,10.5,GH¢ per USD,ok,
2026-01-02,AUDGHS,Australian Dollar,Buying,7.0164,GH¢ per AUD,7.0164,GH¢ per AUD,ok,
2026-01-02,AUDGHS,Australian Dollar,Selling,7.0254,GH¢ per AUD,7.0254,GH¢ per AUD,ok,
2026-01-02,AUDGHS,Australian Dollar,Mid Rate,7.0209,GH¢ per AUD,7.0209,GH¢ per AUD,ok,
2026-01-02,CADGHS,Canadian Dollar,Buying,7.6444,GH¢ per CAD,7.6444,GH¢ per CAD,ok,
2026-01-02,CADGHS,Canadian Dollar,Selling,7.6518,GH¢ per CAD,7.6518,GH¢ per CAD,ok,
2026-01-02,CADGHS,Canadian Dollar,Mid Rate,7.6481,GH¢ per CAD,7.6481,GH¢ per CAD,ok,
2026-01-02,CHFGHS,Swiss Franc,Buying,13.2672,GH¢ per CHF,13.2672,GH¢ per CHF,ok,
2026-01-02,CHFGHS,Swiss Franc,Selling,13.2802,GH¢ per CHF,13.2802,GH¢ per CHF,ok,
2026-01-02,CHFGHS,Swiss Franc,Mid Rate,13.2737,GH¢ per CHF,13.2737,GH¢ per CHF,ok,
2026-01-02,CNYGHS,Yuan Renminbi,Buying,1.5064,GH¢ per CNY,1.5064,GH¢ per CNY,ok,
2026-01-02,CNYGHS,Yuan Renminbi,Selling,1.5077,GH¢ per CNY,1.5077,GH¢ per CNY,ok,
2026-01-02,CNYGHS,Yuan Renminbi,Mid Rate,1.5071,GH¢ per CNY,1.5071,GH¢ per CNY,ok,
2026-01-02,DKKGHS,Danish Krone,Buying,1.6503,GH¢ per DKK,1.6503,GH¢ per DKK,ok,
2026-01-02,DKKGHS,Danish Krone,Selling,1.6518,GH¢ per DKK,1.6518,GH¢ per DKK,ok,
2026-01-02,DKKGHS,Danish Krone,Mid Rate,1.6511,GH¢ per DKK,1.6511,GH¢ per DKK,ok,
2026-01-02,EURGHS,Euro,Buying,12.3258,GH¢ per EUR,12.3258,GH¢ per EUR,ok,
2026-01-02,EURGHS,Euro,Selling,12.3369,GH¢ per EUR,12.3369,GH¢ per EUR,ok,
2026-01-02,EURGHS,Euro,Mid Rate,12.3314,GH¢ per EUR,12.3314,GH¢ per EUR,ok,
2026-01-02,GBPGHS,Pound Sterling,Buying,14.1574,GH¢ per GBP,14.1574,GH¢ per GBP,ok,
2026-01-02,GBPGHS,Pound Sterling,Selling,14.1726,GH¢ per GBP,14.1726,GH¢ per GBP,ok,
2026-01-02,GBPGHS,Pound Sterling,Mid Rate,14.1650,GH¢ per GBP,14.165,GH¢ per GBP,ok,
2026-01-02,GHSGMD,Dalasi,Buying,6.9286,GMD per GH¢,0.1443293017,GH¢ per GMD,ok,
2026-01-02,GHSGMD,Dalasi,Selling,6.9305,GMD per GH¢,0.1442897338,GH¢ per GMD,ok,
2026-01-02,GHSGMD,Dalasi,Mid Rate,6.9296,GMD per GH¢,0.1443084738,GH¢ per GMD,ok,
2026-01-02,GHSMRO,Ouguiya,Buying,34.0000,MRO per GH¢,0.0294117647,GH¢ per MRO (old ouguiya; 10 MRO = 1 MRU since 2018),ok,
2026-01-02,GHSMRO,Ouguiya,Selling,34.0952,MRO per GH¢,0.0293296417,GH¢ per MRO (old ouguiya; 10 MRO = 1 MRU since 2018),ok,
2026-01-02,GHSMRO,Ouguiya,Mid Rate,34.0476,MRO per GH¢,0.0293706458,GH¢ per MRO (old ouguiya; 10 MRO = 1 MRU since 2018),ok,
2026-01-02,GHSNGN,Naira,Buying,135.2981,NGN per GH¢,0.0073910868,GH¢ per NGN,ok,
2026-01-02,GHSNGN,Naira,Selling,137.3514,NGN per GH¢,0.0072805956,GH¢ per NGN,ok,
2026-01-02,GHSNGN,Naira,Mid Rate,136.3248,NGN per GH¢,0.0073354225,GH¢ per NGN,ok,
2026-01-02,GHSSLL,Leone,Buying,"2,200.3999",SLL per GH¢,0.4544628456,"GH¢ per SLE (new leone; 1 SLE = 1,000 old leones)",ok,
2026-01-02,GHSSLL,Leone,Selling,"2,212.0666",SLL per GH¢,0.452065955,"GH¢ per SLE (new leone; 1 SLE = 1,000 old leones)",ok,
2026-01-02,GHSSLL,Leone,Mid Rate,"2,206.2333",SLL per GH¢,0.4532612213,"GH¢ per SLE (new leone; 1 SLE = 1,000 old leones)",ok,
2026-01-02,GHSXOF,BCEAO,Buying,53.1703,XOF per GH¢,0.0188074922,GH¢ per XOF (CFA franc (BCEAO)),ok,
2026-01-02,GHSXOF,BCEAO,Selling,53.2182,XOF per GH¢,0.0187905641,GH¢ per XOF (CFA franc (BCEAO)),ok,
2026-01-02,GHSXOF,BCEAO,Mid Rate,53.1943,XOF per GH¢,0.0187990067,GH¢ per XOF (CFA franc (BCEAO)),ok,
2026-01-02,JPYGHS,Japanese yen,Buying,0.0670,GH¢ per JPY,0.067,GH¢ per JPY,ok,
2026-01-02,JPYGHS,Japanese yen,Selling,0.0671,GH¢ per JPY,0.0671,GH¢ per JPY,ok,
2026-01-02,JPYGHS,Japanese yen,Mid Rate,0.0671,GH¢ per JPY,0.0671,GH¢ per JPY,ok,
2026-01-02,NOKGHS,Norwegian Krone,Buying,1.0443,GH¢ per NOK,1.0443,GH¢ per NOK,ok,
2026-01-02,NOKGHS,Norwegian Krone,Selling,1.0451,GH¢ per NOK,1.0451,GH¢ per NOK,ok,
2026-01-02,NOKGHS,Norwegian Krone,Mid Rate,1.0447,GH¢ per NOK,1.0447,GH¢ per NOK,ok,
2026-01-02,NZDGHS,New Zealand Dollar,Buying,6.0537,GH¢ per NZD,6.0537,GH¢ per NZD,ok,
2026-01-02,NZDGHS,New Zealand Dollar,Selling,6.0616,GH¢ per NZD,6.0616,GH¢ per NZD,ok,
2026-01-02,NZDGHS,New Zealand Dollar,Mid Rate,6.0577,GH¢ per NZD,6.0577,GH¢ per NZD,ok,
2026-01-02,SEKGHS,Swedish Krona,Buying,1.1404,GH¢ per SEK,1.1404,GH¢ per SEK,ok,
2026-01-02,SEKGHS,Swedish Krona,Selling,1.1413,GH¢ per SEK,1.1413,GH¢ per SEK,ok,
2026-01-02,SEKGHS,Swedish Krona,Mid Rate,1.1409,GH¢ per SEK,1.1409,GH¢ per SEK,ok,
2026-01-02,WAUGHS,Ecowas,Buying,0.0155,GH¢ per WAU,0.0155,"GH¢ per WAU (BoG's 'Ecowas' unit, not defined by BoG)",ok,
2026-01-02,WAUGHS,Ecowas,Selling,0.0155,GH¢ per WAU,0.0155,"GH¢ per WAU (BoG's 'Ecowas' unit, not defined by BoG)",ok,
2026-01-02,WAUGHS,Ecowas,Mid Rate,0.0155,GH¢ per WAU,0.0155,"GH¢ per WAU (BoG's 'Ecowas' unit, not defined by BoG)",ok,
2026-01-02,ZARGHS,South African Rand,Buying,0.6368,GH¢ per ZAR,0.6368,GH¢ per ZAR,ok,
2026-01-02,ZARGHS,South African Rand,Selling,0.6371,GH¢ per ZAR,0.6371,GH¢ per ZAR,ok,
2026-01-02,ZARGHS,South African Rand,Mid Rate,0.6370,GH¢ per ZAR,0.637,GH¢ per ZAR,ok,
2026-01-05,USDGHS,US Dollar,Buying,10.5947,GH¢ per USD,10.5947,GH¢ per USD,ok,
2026-01-05,USDGHS,US Dollar,Selling,10.6053,GH¢ per USD,10.6053,GH¢ per USD,ok,
2026-01-05,USDGHS,US Dollar,Mid Rate,10.6000,GH¢ per USD,10.6,GH¢ per USD,ok,
2026-01-05,AUDGHS,Australian Dollar,Buying,7.1120,GH¢ per AUD,7.112,GH¢ per AUD,ok,
2026-01-05,AUDGHS,Australian Dollar,Selling,7.1205,GH¢ per AUD,7.1205,GH¢ per AUD,ok,
2026-01-05,AUDGHS,Australian Dollar,Mid Rate,7.1163,GH¢ per AUD,7.1163,GH¢ per AUD,ok,
2026-01-05,CADGHS,Canadian Dollar,Buying,7.7027,GH¢ per CAD,7.7027,GH¢ per CAD,ok,
2026-01-05,CADGHS,Canadian Dollar,Selling,7.7100,GH¢ per CAD,7.71,GH¢ per CAD,ok,
2026-01-05,CADGHS,Canadian Dollar,Mid Rate,7.7064,GH¢ per CAD,7.7064,GH¢ per CAD,ok,
2026-01-05,CHFGHS,Swiss Franc,Buying,13.3628,GH¢ per CHF,13.3628,GH¢ per CHF,ok,
2026-01-05,CHFGHS,Swiss Franc,Selling,13.3749,GH¢ per CHF,13.3749,GH¢ per CHF,ok,
2026-01-05,CHFGHS,Swiss Franc,Mid Rate,13.3689,GH¢ per CHF,13.3689,GH¢ per CHF,ok,
2026-01-05,CNYGHS,Yuan Renminbi,Buying,1.5158,GH¢ per CNY,1.5158,GH¢ per CNY,ok,
2026-01-05,CNYGHS,Yuan Renminbi,Selling,1.5166,GH¢ per CNY,1.5166,GH¢ per CNY,ok,
2026-01-05,CNYGHS,Yuan Renminbi,Mid Rate,1.5162,GH¢ per CNY,1.5162,GH¢ per CNY,ok,
2026-01-05,DKKGHS,Danish Krone,Buying,1.6610,GH¢ per DKK,1.661,GH¢ per DKK,ok,
2026-01-05,DKKGHS,Danish Krone,Selling,1.6623,GH¢ per DKK,1.6623,GH¢ per DKK,ok,
2026-01-05,DKKGHS,Danish Krone,Mid Rate,1.6617,GH¢ per DKK,1.6617,GH¢ per DKK,ok,
2026-01-05,EURGHS,Euro,Buying,12.4062,GH¢ per EUR,12.4062,GH¢ per EUR,ok,
2026-01-05,EURGHS,Euro,Selling,12.4176,GH¢ per EUR,12.4176,GH¢ per EUR,ok,
2026-01-05,EURGHS,Euro,Mid Rate,12.4119,GH¢ per EUR,12.4119,GH¢ per EUR,ok,
2026-01-05,GBPGHS,Pound Sterling,Buying,14.3156,GH¢ per GBP,14.3156,GH¢ per GBP,ok,
2026-01-05,GBPGHS,Pound Sterling,Selling,14.3299,GH¢ per GBP,14.3299,GH¢ per GBP,ok,
2026-01-05,GBPGHS,Pound Sterling,Mid Rate,14.3228,GH¢ per GBP,14.3228,GH¢ per GBP,ok,
2026-01-05,GHSGMD,Dalasi,Buying,6.8632,GMD per GH¢,0.1457046276,GH¢ per GMD,ok,
2026-01-05,GHSGMD,Dalasi,Selling,6.8651,GMD per GH¢,0.145664302,GH¢ per GMD,ok,
2026-01-05,GHSGMD,Dalasi,Mid Rate,6.8642,GMD per GH¢,0.1456834008,GH¢ per GMD,ok,
2026-01-05,GHSMRO,Ouguiya,Buying,33.6792,MRO per GH¢,0.0296919167,GH¢ per MRO (old ouguiya; 10 MRO = 1 MRU since 2018),ok,
2026-01-05,GHSMRO,Ouguiya,Selling,33.7736,MRO per GH¢,0.0296089253,GH¢ per MRO (old ouguiya; 10 MRO = 1 MRU since 2018),ok,
2026-01-05,GHSMRO,Ouguiya,Mid Rate,33.7264,MRO per GH¢,0.0296503629,GH¢ per MRO (old ouguiya; 10 MRO = 1 MRU since 2018),ok,
2026-01-05,GHSNGN,Naira,Buying,135.1274,NGN per GH¢,0.0074004236,GH¢ per NGN,ok,
2026-01-05,GHSNGN,Naira,Selling,135.5123,NGN per GH¢,0.0073794039,GH¢ per NGN,ok,
2026-01-05,GHSNGN,Naira,Mid Rate,135.3199,NGN per GH¢,0.0073898961,GH¢ per NGN,ok,
2026-01-05,GHSSLL,Leone,Buying,"2,179.6414",SLL per GH¢,0.4587910654,"GH¢ per SLE (new leone; 1 SLE = 1,000 old leones)",ok,
2026-01-05,GHSSLL,Leone,Selling,"2,191.1980",SLL per GH¢,0.4563713548,"GH¢ per SLE (new leone; 1 SLE = 1,000 old leones)",ok,
2026-01-05,GHSSLL,Leone,Mid Rate,"2,185.4197",SLL per GH¢,0.4575780112,"GH¢ per SLE (new leone; 1 SLE = 1,000 old leones)",ok,
2026-01-05,GHSXOF,BCEAO,Buying,52.8248,XOF per GH¢,0.0189305023,GH¢ per XOF (CFA franc (BCEAO)),ok,
2026-01-05,GHSXOF,BCEAO,Selling,52.8733,XOF per GH¢,0.0189131376,GH¢ per XOF (CFA franc (BCEAO)),ok,
2026-01-05,GHSXOF,BCEAO,Mid Rate,52.8491,XOF per GH¢,0.0189217981,GH¢ per XOF (CFA franc (BCEAO)),ok,
2026-01-05,JPYGHS,Japanese yen,Buying,0.0677,GH¢ per JPY,0.0677,GH¢ per JPY,ok,
2026-01-05,JPYGHS,Japanese yen,Selling,0.0678,GH¢ per JPY,0.0678,GH¢ per JPY,ok,
2026-01-05,JPYGHS,Japanese yen,Mid Rate,0.0678,GH¢ per JPY,0.0678,GH¢ per JPY,ok,
2026-01-05,NOKGHS,Norwegian Krone,Buying,1.0556,GH¢ per NOK,1.0556,GH¢ per NOK,ok,
2026-01-05,NOKGHS,Norwegian Krone,Selling,1.0563,GH¢ per NOK,1.0563,GH¢ per NOK,ok,
2026-01-05,NOKGHS,Norwegian Krone,Mid Rate,1.0560,GH¢ per NOK,1.056,GH¢ per NOK,ok,
2026-01-05,NZDGHS,New Zealand Dollar,Buying,6.1285,GH¢ per NZD,6.1285,GH¢ per NZD,ok,
2026-01-05,NZDGHS,New Zealand Dollar,Selling,6.1361,GH¢ per NZD,6.1361,GH¢ per NZD,ok,
2026-01-05,NZDGHS,New Zealand Dollar,Mid Rate,6.1323,GH¢ per NZD,6.1323,GH¢ per NZD,ok,
2026-01-05,SEKGHS,Swedish Krona,Buying,1.1530,GH¢ per SEK,1.153,GH¢ per SEK,ok,
2026-01-05,SEKGHS,Swedish Krona,Selling,1.1538,GH¢ per SEK,1.1538,GH¢ per SEK,ok,
2026-01-05,SEKGHS,Swedish Krona,Mid Rate,1.1534,GH¢ per SEK,1.1534,GH¢ per SEK,ok,
2026-01-05,WAUGHS,Ecowas,Buying,0.0152,GH¢ per WAU,0.0152,"GH¢ per WAU (BoG's 'Ecowas' unit, not defined by BoG)",ok,
2026-01-05,WAUGHS,Ecowas,Selling,0.0152,GH¢ per WAU,0.0152,"GH¢ per WAU (BoG's 'Ecowas' unit, not defined by BoG)",ok,
2026-01-05,WAUGHS,Ecowas,Mid Rate,0.0152,GH¢ per WAU,0.0152,"GH¢ per WAU (BoG's 'Ecowas' unit, not defined by BoG)",ok,
2026-01-05,ZARGHS,South African Rand,Buying,0.6473,GH¢ per ZAR,0.6473,GH¢ per ZAR,ok,
2026-01-05,ZARGHS,South African Rand,Selling,0.6480,GH¢ per ZAR,0.648,GH¢ per ZAR,ok,
2026-01-05,ZARGHS,South African Rand,Mid Rate,0.6477,GH¢ per ZAR,0.6477,GH¢ per ZAR,ok,
2026-01-06,USDGHS,US Dollar,Buying,10.6116,GH¢ per USD,10.6116,GH¢ per USD,ok,
2026-01-06,USDGHS,US Dollar,Selling,10.6222,GH¢ per USD,10.6222,GH¢ per USD,ok,
2026-01-06,USDGHS,US Dollar,Mid Rate,10.6169,GH¢ per USD,10.6169,GH¢ per USD,ok,
2026-01-06,AUDGHS,Australian Dollar,Buying,7.1360,GH¢ per AUD,7.136,GH¢ per AUD,ok,
2026-01-06,AUDGHS,Australian Dollar,Selling,7.1451,GH¢ per AUD,7.1451,GH¢ per AUD,ok,
2026-01-06,AUDGHS,Australian Dollar,Mid Rate,7.1406,GH¢ per AUD,7.1406,GH¢ per AUD,ok,
2026-01-06,CADGHS,Canadian Dollar,Buying,7.6975,GH¢ per CAD,7.6975,GH¢ per CAD,ok,
2026-01-06,CADGHS,Canadian Dollar,Selling,7.7050,GH¢ per CAD,7.705,GH¢ per CAD,ok,
2026-01-06,CADGHS,Canadian Dollar,Mid Rate,7.7013,GH¢ per CAD,7.7013,GH¢ per CAD,ok,
2026-01-06,CHFGHS,Swiss Franc,Buying,13.3441,GH¢ per CHF,13.3441,GH¢ per CHF,ok,
2026-01-06,CHFGHS,Swiss Franc,Selling,13.3559,GH¢ per CHF,13.3559,GH¢ per CHF,ok,
2026-01-06,CHFGHS,Swiss Franc,Mid Rate,13.3500,GH¢ per CHF,13.35,GH¢ per CHF,ok,
2026-01-06,CNYGHS,Yuan Renminbi,Buying,1.5194,GH¢ per CNY,1.5194,GH¢ per CNY,ok,
2026-01-06,CNYGHS,Yuan Renminbi,Selling,1.5205,GH¢ per CNY,1.5205,GH¢ per CNY,ok,
2026-01-06,CNYGHS,Yuan Renminbi,Mid Rate,1.5200,GH¢ per CNY,1.52,GH¢ per CNY,ok,
2026-01-06,DKKGHS,Danish Krone,Buying,1.6603,GH¢ per DKK,1.6603,GH¢ per DKK,ok,
2026-01-06,DKKGHS,Danish Krone,Selling,1.6617,GH¢ per DKK,1.6617,GH¢ per DKK,ok,
2026-01-06,DKKGHS,Danish Krone,Mid Rate,1.6610,GH¢ per DKK,1.661,GH¢ per DKK,ok,
2026-01-06,EURGHS,Euro,Buying,12.4056,GH¢ per EUR,12.4056,GH¢ per EUR,ok,
2026-01-06,EURGHS,Euro,Selling,12.4168,GH¢ per EUR,12.4168,GH¢ per EUR,ok,
2026-01-06,EURGHS,Euro,Mid Rate,12.4112,GH¢ per EUR,12.4112,GH¢ per EUR,ok,
2026-01-06,GBPGHS,Pound Sterling,Buying,14.3235,GH¢ per GBP,14.3235,GH¢ per GBP,ok,
2026-01-06,GBPGHS,Pound Sterling,Selling,14.3389,GH¢ per GBP,14.3389,GH¢ per GBP,ok,
2026-01-06,GBPGHS,Pound Sterling,Mid Rate,14.3312,GH¢ per GBP,14.3312,GH¢ per GBP,ok,
2026-01-06,GHSGMD,Dalasi,Buying,6.8405,GMD per GH¢,0.1461881441,GH¢ per GMD,ok,
2026-01-06,GHSGMD,Dalasi,Selling,6.8542,GMD per GH¢,0.145895947,GH¢ per GMD,ok,
2026-01-06,GHSGMD,Dalasi,Mid Rate,6.8474,GMD per GH¢,0.146040833,GH¢ per GMD,ok,
2026-01-06,GHSMRO,Ouguiya,Buying,33.6256,MRO per GH¢,0.0297392463,GH¢ per MRO (old ouguiya; 10 MRO = 1 MRU since 2018),ok,
2026-01-06,GHSMRO,Ouguiya,Selling,33.7198,MRO per GH¢,0.0296561664,GH¢ per MRO (old ouguiya; 10 MRO = 1 MRU since 2018),ok,
2026-01-06,GHSMRO,Ouguiya,Mid Rate,33.6727,MRO per GH¢,0.0296976482,GH¢ per MRO (old ouguiya; 10 MRO = 1 MRU since 2018),ok,
2026-01-06,GHSNGN,Naira,Buying,134.2746,NGN per GH¢,0.0074474249,GH¢ per NGN,ok,
2026-01-06,GHSNGN,Naira,Selling,134.6514,NGN per GH¢,0.0074265845,GH¢ per NGN,ok,
2026-01-06,GHSNGN,Naira,Mid Rate,134.4630,NGN per GH¢,0.0074369901,GH¢ per NGN,ok,
2026-01-06,GHSSLL,Leone,Buying,"2,176.1719",SLL per GH¢,0.4595225221,"GH¢ per SLE (new leone; 1 SLE = 1,000 old leones)",ok,
2026-01-06,GHSSLL,Leone,Selling,"2,187.7101",SLL per GH¢,0.4570989547,"GH¢ per SLE (new leone; 1 SLE = 1,000 old leones)",ok,
2026-01-06,GHSSLL,Leone,Mid Rate,"2,181.9410",SLL per GH¢,0.4583075344,"GH¢ per SLE (new leone; 1 SLE = 1,000 old leones)",ok,
2026-01-06,GHSXOF,BCEAO,Buying,52.8282,XOF per GH¢,0.018929284,GH¢ per XOF (CFA franc (BCEAO)),ok,
2026-01-06,GHSXOF,BCEAO,Selling,52.8759,XOF per GH¢,0.0189122076,GH¢ per XOF (CFA franc (BCEAO)),ok,
2026-01-06,GHSXOF,BCEAO,Mid Rate,52.8521,XOF per GH¢,0.0189207241,GH¢ per XOF (CFA franc (BCEAO)),ok,
2026-01-06,JPYGHS,Japanese yen,Buying,0.0678,GH¢ per JPY,0.0678,GH¢ per JPY,ok,
2026-01-06,JPYGHS,Japanese yen,Selling,0.0678,GH¢ per JPY,0.0678,GH¢ per JPY,ok,
2026-01-06,JPYGHS,Japanese yen,Mid Rate,0.0678,GH¢ per JPY,0.0678,GH¢ per JPY,ok,
2026-01-06,NOKGHS,Norwegian Krone,Buying,1.0563,GH¢ per NOK,1.0563,GH¢ per NOK,ok,
2026-01-06,NOKGHS,Norwegian Krone,Selling,1.0571,GH¢ per NOK,1.0571,GH¢ per NOK,ok,
2026-01-06,NOKGHS,Norwegian Krone,Mid Rate,1.0567,GH¢ per NOK,1.0567,GH¢ per NOK,ok,
2026-01-06,NZDGHS,New Zealand Dollar,Buying,6.1290,GH¢ per NZD,6.129,GH¢ per NZD,ok,
2026-01-06,NZDGHS,New Zealand Dollar,Selling,6.1371,GH¢ per NZD,6.1371,GH¢ per NZD,ok,
2026-01-06,NZDGHS,New Zealand Dollar,Mid Rate,6.1331,GH¢ per NZD,6.1331,GH¢ per NZD,ok,
2026-01-06,SEKGHS,Swedish Krona,Buying,1.1516,GH¢ per SEK,1.1516,GH¢ per SEK,ok,
2026-01-06,SEKGHS,Swedish Krona,Selling,1.1525,GH¢ per SEK,1.1525,GH¢ per SEK,ok,
2026-01-06,SEKGHS,Swedish Krona,Mid Rate,1.1521,GH¢ per SEK,1.1521,GH¢ per SEK,ok,
2026-01-06,WAUGHS,Ecowas,Buying,0.0151,GH¢ per WAU,0.0151,"GH¢ per WAU (BoG's 'Ecowas' unit, not defined by BoG)",ok,
2026-01-06,WAUGHS,Ecowas,Selling,0.0151,GH¢ per WAU,0.0151,"GH¢ per WAU (BoG's 'Ecowas' unit, not defined by BoG)",ok,
2026-01-06,WAUGHS,Ecowas,Mid Rate,0.0151,GH¢ per WAU,0.0151,"GH¢ per WAU (BoG's 'Ecowas' unit, not defined by BoG)",ok,
2026-01-06,ZARGHS,South African Rand,Buying,0.6485,GH¢ per ZAR,0.6485,GH¢ per ZAR,ok,
2026-01-06,ZARGHS,South African Rand,Selling,0.6493,GH¢ per ZAR,0.6493,GH¢ per ZAR,ok,
2026-01-06,ZARGHS,South African Rand,Mid Rate,0.6489,GH¢ per ZAR,0.6489,GH¢ per ZAR,ok,
2026-01-07,USDGHS,US Dollar,Buying,10.6647,GH¢ per USD,10.6647,GH¢ per USD,ok,
2026-01-07,USDGHS,US Dollar,Selling,10.6753,GH¢ per USD,10.6753,GH¢ per USD,ok,
2026-01-07,USDGHS,US Dollar,Mid Rate,10.6700,GH¢ per USD,10.67,GH¢ per USD,ok,
2026-01-07,AUDGHS,Australian Dollar,Buying,7.1704,GH¢ per AUD,7.1704,GH¢ per AUD,ok,
2026-01-07,AUDGHS,Australian Dollar,Selling,7.1796,GH¢ per AUD,7.1796,GH¢ per AUD,ok,
2026-01-07,AUDGHS,Australian Dollar,Mid Rate,7.1750,GH¢ per AUD,7.175,GH¢ per AUD,ok,
2026-01-07,CADGHS,Canadian Dollar,Buying,7.7156,GH¢ per CAD,7.7156,GH¢ per CAD,ok,
2026-01-07,CADGHS,Canadian Dollar,Selling,7.7231,GH¢ per CAD,7.7231,GH¢ per CAD,ok,
2026-01-07,CADGHS,Canadian Dollar,Mid Rate,7.7194,GH¢ per CAD,7.7194,GH¢ per CAD,ok,
2026-01-07,CHFGHS,Swiss Franc,Buying,13.3832,GH¢ per CHF,13.3832,GH¢ per CHF,ok,
2026-01-07,CHFGHS,Swiss Franc,Selling,13.3964,GH¢ per CHF,13.3964,GH¢ per CHF,ok,
2026-01-07,CHFGHS,Swiss Franc,Mid Rate,13.3898,GH¢ per CHF,13.3898,GH¢ per CHF,ok,
2026-01-07,CNYGHS,Yuan Renminbi,Buying,1.5256,GH¢ per CNY,1.5256,GH¢ per CNY,ok,
2026-01-07,CNYGHS,Yuan Renminbi,Selling,1.5270,GH¢ per CNY,1.527,GH¢ per CNY,ok,
2026-01-07,CNYGHS,Yuan Renminbi,Mid Rate,1.5263,GH¢ per CNY,1.5263,GH¢ per CNY,ok,
2026-01-07,DKKGHS,Danish Krone,Buying,1.6680,GH¢ per DKK,1.668,GH¢ per DKK,ok,
2026-01-07,DKKGHS,Danish Krone,Selling,1.6694,GH¢ per DKK,1.6694,GH¢ per DKK,ok,
2026-01-07,DKKGHS,Danish Krone,Mid Rate,1.6687,GH¢ per DKK,1.6687,GH¢ per DKK,ok,
2026-01-07,EURGHS,Euro,Buying,12.4628,GH¢ per EUR,12.4628,GH¢ per EUR,ok,
2026-01-07,EURGHS,Euro,Selling,12.4762,GH¢ per EUR,12.4762,GH¢ per EUR,ok,
2026-01-07,EURGHS,Euro,Mid Rate,12.4695,GH¢ per EUR,12.4695,GH¢ per EUR,ok,
2026-01-07,GBPGHS,Pound Sterling,Buying,14.3696,GH¢ per GBP,14.3696,GH¢ per GBP,ok,
2026-01-07,GBPGHS,Pound Sterling,Selling,14.3850,GH¢ per GBP,14.385,GH¢ per GBP,ok,
2026-01-07,GBPGHS,Pound Sterling,Mid Rate,14.3773,GH¢ per GBP,14.3773,GH¢ per GBP,ok,
2026-01-07,GHSGMD,Dalasi,Buying,6.8065,GMD per GH¢,0.1469183868,GH¢ per GMD,ok,
2026-01-07,GHSGMD,Dalasi,Selling,6.8201,GMD per GH¢,0.146625416,GH¢ per GMD,ok,
2026-01-07,GHSGMD,Dalasi,Mid Rate,6.8133,GMD per GH¢,0.1467717552,GH¢ per GMD,ok,
2026-01-07,GHSMRO,Ouguiya,Buying,33.4583,MRO per GH¢,0.0298879501,GH¢ per MRO (old ouguiya; 10 MRO = 1 MRU since 2018),ok,
2026-01-07,GHSMRO,Ouguiya,Selling,33.5520,MRO per GH¢,0.0298044826,GH¢ per MRO (old ouguiya; 10 MRO = 1 MRU since 2018),ok,
2026-01-07,GHSMRO,Ouguiya,Mid Rate,33.5052,MRO per GH¢,0.0298461134,GH¢ per MRO (old ouguiya; 10 MRO = 1 MRU since 2018),ok,
2026-01-07,GHSNGN,Naira,Buying,133.1556,NGN per GH¢,0.0075100108,GH¢ per NGN,ok,
2026-01-07,GHSNGN,Naira,Selling,133.3430,NGN per GH¢,0.0074994563,GH¢ per NGN,ok,
2026-01-07,GHSNGN,Naira,Mid Rate,133.2493,NGN per GH¢,0.0075047299,GH¢ per NGN,ok,
2026-01-07,GHSSLL,Leone,Buying,"2,165.3420",SLL per GH¢,0.4618208117,"GH¢ per SLE (new leone; 1 SLE = 1,000 old leones)",ok,
2026-01-07,GHSSLL,Leone,Selling,"2,176.8228",SLL per GH¢,0.4593851185,"GH¢ per SLE (new leone; 1 SLE = 1,000 old leones)",ok,
2026-01-07,GHSSLL,Leone,Mid Rate,"2,171.0824",SLL per GH¢,0.4605997451,"GH¢ per SLE (new leone; 1 SLE = 1,000 old leones)",ok,
2026-01-07,GHSXOF,BCEAO,Buying,52.5767,XOF per GH¢,0.019019832,GH¢ per XOF (CFA franc (BCEAO)),ok,
2026-01-07,GHSXOF,BCEAO,Selling,52.6332,XOF per GH¢,0.0189994148,GH¢ per XOF (CFA franc (BCEAO)),ok,
2026-01-07,GHSXOF,BCEAO,Mid Rate,52.6050,XOF per GH¢,0.0190095998,GH¢ per XOF (CFA franc (BCEAO)),ok,
2026-01-07,JPYGHS,Japanese yen,Buying,0.0680,GH¢ per JPY,0.068,GH¢ per JPY,ok,
2026-01-07,JPYGHS,Japanese yen,Selling,0.0681,GH¢ per JPY,0.0681,GH¢ per JPY,ok,
2026-01-07,JPYGHS,Japanese yen,Mid Rate,0.0681,GH¢ per JPY,0.0681,GH¢ per JPY,ok,
2026-01-07,NOKGHS,Norwegian Krone,Buying,1.0581,GH¢ per NOK,1.0581,GH¢ per NOK,ok,
2026-01-07,NOKGHS,Norwegian Krone,Selling,1.0590,GH¢ per NOK,1.059,GH¢ per NOK,ok,
2026-01-07,NOKGHS,Norwegian Krone,Mid Rate,1.0586,GH¢ per NOK,1.0586,GH¢ per NOK,ok,
2026-01-07,NZDGHS,New Zealand Dollar,Buying,6.1588,GH¢ per NZD,6.1588,GH¢ per NZD,ok,
2026-01-07,NZDGHS,New Zealand Dollar,Selling,6.1669,GH¢ per NZD,6.1669,GH¢ per NZD,ok,
2026-01-07,NZDGHS,New Zealand Dollar,Mid Rate,6.1629,GH¢ per NZD,6.1629,GH¢ per NZD,ok,
2026-01-07,SEKGHS,Swedish Krona,Buying,1.1610,GH¢ per SEK,1.161,GH¢ per SEK,ok,
2026-01-07,SEKGHS,Swedish Krona,Selling,1.1619,GH¢ per SEK,1.1619,GH¢ per SEK,ok,
2026-01-07,SEKGHS,Swedish Krona,Mid Rate,1.1615,GH¢ per SEK,1.1615,GH¢ per SEK,ok,
2026-01-07,WAUGHS,Ecowas,Buying,0.0150,GH¢ per WAU,0.015,"GH¢ per WAU (BoG's 'Ecowas' unit, not defined by BoG)",ok,
2026-01-07,WAUGHS,Ecowas,Selling,0.0150,GH¢ per WAU,0.015,"GH¢ per WAU (BoG's 'Ecowas' unit, not defined by BoG)",ok,
2026-01-07,WAUGHS,Ecowas,Mid Rate,0.0150,GH¢ per WAU,0.015,"GH¢ per WAU (BoG's 'Ecowas' unit, not defined by BoG)",ok,
2026-01-07,ZARGHS,South African Rand,Buying,0.6481,GH¢ per ZAR,0.6481,GH¢ per ZAR,ok,
2026-01-07,ZARGHS,South African Rand,Selling,0.6488,GH¢ per ZAR,0.6488,GH¢ per ZAR,ok,
2026-01-07,ZARGHS,South African Rand,Mid Rate,0.6485,GH¢ per ZAR,0.6485,GH¢ per ZAR,ok,
2026-01-08,USDGHS,US Dollar,Buying,10.6947,GH¢ per USD,10.6947,GH¢ per USD,ok,
2026-01-08,USDGHS,US Dollar,Selling,10.7054,GH¢ per USD,10.7054,GH¢ per USD,ok,
2026-01-08,USDGHS,US Dollar,Mid Rate,10.7000,GH¢ per USD,10.7,GH¢ per USD,ok,
2026-01-08,AUDGHS,Australian Dollar,Buying,7.1568,GH¢ per AUD,7.1568,GH¢ per AUD,ok,
2026-01-08,AUDGHS,Australian Dollar,Selling,7.1660,GH¢ per AUD,7.166,GH¢ per AUD,ok,
2026-01-08,AUDGHS,Australian Dollar,Mid Rate,7.1614,GH¢ per AUD,7.1614,GH¢ per AUD,ok,
2026-01-08,CADGHS,Canadian Dollar,Buying,7.7149,GH¢ per CAD,7.7149,GH¢ per CAD,ok,
2026-01-08,CADGHS,Canadian Dollar,Selling,7.7224,GH¢ per CAD,7.7224,GH¢ per CAD,ok,
2026-01-08,CADGHS,Canadian Dollar,Mid Rate,7.7187,GH¢ per CAD,7.7187,GH¢ per CAD,ok,
2026-01-08,CHFGHS,Swiss Franc,Buying,13.3820,GH¢ per CHF,13.382,GH¢ per CHF,ok,
2026-01-08,CHFGHS,Swiss Franc,Selling,13.3951,GH¢ per CHF,13.3951,GH¢ per CHF,ok,
2026-01-08,CHFGHS,Swiss Franc,Mid Rate,13.3886,GH¢ per CHF,13.3886,GH¢ per CHF,ok,
2026-01-08,CNYGHS,Yuan Renminbi,Buying,1.5315,GH¢ per CNY,1.5315,GH¢ per CNY,ok,
2026-01-08,CNYGHS,Yuan Renminbi,Selling,1.5327,GH¢ per CNY,1.5327,GH¢ per CNY,ok,
2026-01-08,CNYGHS,Yuan Renminbi,Mid Rate,1.5321,GH¢ per CNY,1.5321,GH¢ per CNY,ok,
2026-01-08,DKKGHS,Danish Krone,Buying,1.6686,GH¢ per DKK,1.6686,GH¢ per DKK,ok,
2026-01-08,DKKGHS,Danish Krone,Selling,1.6700,GH¢ per DKK,1.67,GH¢ per DKK,ok,
2026-01-08,DKKGHS,Danish Krone,Mid Rate,1.6693,GH¢ per DKK,1.6693,GH¢ per DKK,ok,
2026-01-08,EURGHS,Euro,Buying,12.4681,GH¢ per EUR,12.4681,GH¢ per EUR,ok,
2026-01-08,EURGHS,Euro,Selling,12.4794,GH¢ per EUR,12.4794,GH¢ per EUR,ok,
2026-01-08,EURGHS,Euro,Mid Rate,12.4738,GH¢ per EUR,12.4738,GH¢ per EUR,ok,
2026-01-08,GBPGHS,Pound Sterling,Buying,14.3683,GH¢ per GBP,14.3683,GH¢ per GBP,ok,
2026-01-08,GBPGHS,Pound Sterling,Selling,14.3837,GH¢ per GBP,14.3837,GH¢ per GBP,ok,
2026-01-08,GBPGHS,Pound Sterling,Mid Rate,14.3760,GH¢ per GBP,14.376,GH¢ per GBP,ok,
2026-01-08,GHSGMD,Dalasi,Buying,6.7407,GMD per GH¢,0.148352545,GH¢ per GMD,ok,
2026-01-08,GHSGMD,Dalasi,Selling,6.8009,GMD per GH¢,0.1470393624,GH¢ per GMD,ok,
2026-01-08,GHSGMD,Dalasi,Mid Rate,6.7708,GMD per GH¢,0.1476930348,GH¢ per GMD,ok,
2026-01-08,GHSMRO,Ouguiya,Buying,33.3645,MRO per GH¢,0.0299719762,GH¢ per MRO (old ouguiya; 10 MRO = 1 MRU since 2018),ok,
2026-01-08,GHSMRO,Ouguiya,Selling,33.4579,MRO per GH¢,0.0298883074,GH¢ per MRO (old ouguiya; 10 MRO = 1 MRU since 2018),ok,
2026-01-08,GHSMRO,Ouguiya,Mid Rate,33.4112,MRO per GH¢,0.0299300833,GH¢ per MRO (old ouguiya; 10 MRO = 1 MRU since 2018),ok,
2026-01-08,GHSNGN,Naira,Buying,132.7150,NGN per GH¢,0.0075349433,GH¢ per NGN,ok,
2026-01-08,GHSNGN,Naira,Selling,133.2757,NGN per GH¢,0.0075032433,GH¢ per NGN,ok,
2026-01-08,GHSNGN,Naira,Mid Rate,132.9954,NGN per GH¢,0.0075190571,GH¢ per NGN,ok,
2026-01-08,GHSSLL,Leone,Buying,"2,159.2710",SLL per GH¢,0.4631192657,"GH¢ per SLE (new leone; 1 SLE = 1,000 old leones)",ok,
2026-01-08,GHSSLL,Leone,Selling,"2,170.7196",SLL per GH¢,0.4606767267,"GH¢ per SLE (new leone; 1 SLE = 1,000 old leones)",ok,
2026-01-08,GHSSLL,Leone,Mid Rate,"2,164.9953",SLL per GH¢,0.4618947672,"GH¢ per SLE (new leone; 1 SLE = 1,000 old leones)",ok,
2026-01-08,GHSXOF,BCEAO,Buying,52.5632,XOF per GH¢,0.0190247169,GH¢ per XOF (CFA franc (BCEAO)),ok,
2026-01-08,GHSXOF,BCEAO,Selling,52.6108,XOF per GH¢,0.0190075042,GH¢ per XOF (CFA franc (BCEAO)),ok,
2026-01-08,GHSXOF,BCEAO,Mid Rate,52.5870,XOF per GH¢,0.0190161066,GH¢ per XOF (CFA franc (BCEAO)),ok,
2026-01-08,JPYGHS,Japanese yen,Buying,0.0682,GH¢ per JPY,0.0682,GH¢ per JPY,ok,
2026-01-08,JPYGHS,Japanese yen,Selling,0.0682,GH¢ per JPY,0.0682,GH¢ per JPY,ok,
2026-01-08,JPYGHS,Japanese yen,Mid Rate,0.0682,GH¢ per JPY,0.0682,GH¢ per JPY,ok,
2026-01-08,NOKGHS,Norwegian Krone,Buying,1.0598,GH¢ per NOK,1.0598,GH¢ per NOK,ok,
2026-01-08,NOKGHS,Norwegian Krone,Selling,1.0606,GH¢ per NOK,1.0606,GH¢ per NOK,ok,
2026-01-08,NOKGHS,Norwegian Krone,Mid Rate,1.0602,GH¢ per NOK,1.0602,GH¢ per NOK,ok,
2026-01-08,NZDGHS,New Zealand Dollar,Buying,6.1496,GH¢ per NZD,6.1496,GH¢ per NZD,ok,
2026-01-08,NZDGHS,New Zealand Dollar,Selling,6.1577,GH¢ per NZD,6.1577,GH¢ per NZD,ok,
2026-01-08,NZDGHS,New Zealand Dollar,Mid Rate,6.1537,GH¢ per NZD,6.1537,GH¢ per NZD,ok,
2026-01-08,SEKGHS,Swedish Krona,Buying,1.1593,GH¢ per SEK,1.1593,GH¢ per SEK,ok,
2026-01-08,SEKGHS,Swedish Krona,Selling,1.1603,GH¢ per SEK,1.1603,GH¢ per SEK,ok,
2026-01-08,SEKGHS,Swedish Krona,Mid Rate,1.1598,GH¢ per SEK,1.1598,GH¢ per SEK,ok,
2026-01-08,WAUGHS,Ecowas,Buying,0.0149,GH¢ per WAU,0.0149,"GH¢ per WAU (BoG's 'Ecowas' unit, not defined by BoG)",ok,
2026-01-08,WAUGHS,Ecowas,Selling,0.0149,GH¢ per WAU,0.0149,"GH¢ per WAU (BoG's 'Ecowas' unit, not defined by BoG)",ok,
2026-01-08,WAUGHS,Ecowas,Mid Rate,0.0149,GH¢ per WAU,0.0149,"GH¢ per WAU (BoG's 'Ecowas' unit, not defined by BoG)",ok,
2026-01-08,ZARGHS,South African Rand,Buying,0.6476,GH¢ per ZAR,0.6476,GH¢ per ZAR,ok,
2026-01-08,ZARGHS,South African Rand,Selling,0.6479,GH¢ per ZAR,0.6479,GH¢ per ZAR,ok,
2026-01-08,ZARGHS,South African Rand,Mid Rate,0.6478,GH¢ per ZAR,0.6478,GH¢ per ZAR,ok,
2026-01-12,USDGHS,US Dollar,Buying,10.7046,GH¢ per USD,10.7046,GH¢ per USD,ok,
2026-01-12,USDGHS,US Dollar,Selling,10.7154,GH¢ per USD,10.7154,GH¢ per USD,ok,
2026-01-12,USDGHS,US Dollar,Mid Rate,10.7100,GH¢ per USD,10.71,GH¢ per USD,ok,
2026-01-12,AUDGHS,Australian Dollar,Buying,7.1919,GH¢ per AUD,7.1919,GH¢ per AUD,ok,
2026-01-12,AUDGHS,Australian Dollar,Selling,7.2005,GH¢ per AUD,7.2005,GH¢ per AUD,ok,
2026-01-12,AUDGHS,Australian Dollar,Mid Rate,7.1962,GH¢ per AUD,7.1962,GH¢ per AUD,ok,
2026-01-12,CADGHS,Canadian Dollar,Buying,7.7148,GH¢ per CAD,7.7148,GH¢ per CAD,ok,
2026-01-12,CADGHS,Canadian Dollar,Selling,7.7217,GH¢ per CAD,7.7217,GH¢ per CAD,ok,
2026-01-12,CADGHS,Canadian Dollar,Mid Rate,7.7183,GH¢ per CAD,7.7183,GH¢ per CAD,ok,
2026-01-12,CHFGHS,Swiss Franc,Buying,13.4402,GH¢ per CHF,13.4402,GH¢ per CHF,ok,
2026-01-12,CHFGHS,Swiss Franc,Selling,13.4524,GH¢ per CHF,13.4524,GH¢ per CHF,ok,
2026-01-12,CHFGHS,Swiss Franc,Mid Rate,13.4463,GH¢ per CHF,13.4463,GH¢ per CHF,ok,
2026-01-12,CNYGHS,Yuan Renminbi,Buying,1.5353,GH¢ per CNY,1.5353,GH¢ per CNY,ok,
2026-01-12,CNYGHS,Yuan Renminbi,Selling,1.5367,GH¢ per CNY,1.5367,GH¢ per CNY,ok,
2026-01-12,CNYGHS,Yuan Renminbi,Mid Rate,1.5360,GH¢ per CNY,1.536,GH¢ per CNY,ok,
2026-01-12,DKKGHS,Danish Krone,Buying,1.6730,GH¢ per DKK,1.673,GH¢ per DKK,ok,
2026-01-12,DKKGHS,Danish Krone,Selling,1.6743,GH¢ per DKK,1.6743,GH¢ per DKK,ok,
2026-01-12,DKKGHS,Danish Krone,Mid Rate,1.6737,GH¢ per DKK,1.6737,GH¢ per DKK,ok,
2026-01-12,EURGHS,Euro,Buying,12.5000,GH¢ per EUR,12.5,GH¢ per EUR,ok,
2026-01-12,EURGHS,Euro,Selling,12.5115,GH¢ per EUR,12.5115,GH¢ per EUR,ok,
2026-01-12,EURGHS,Euro,Mid Rate,12.5058,GH¢ per EUR,12.5058,GH¢ per EUR,ok,
2026-01-12,GBPGHS,Pound Sterling,Buying,14.4213,GH¢ per GBP,14.4213,GH¢ per GBP,ok,
2026-01-12,GBPGHS,Pound Sterling,Selling,14.4357,GH¢ per GBP,14.4357,GH¢ per GBP,ok,
2026-01-12,GBPGHS,Pound Sterling,Mid Rate,14.4285,GH¢ per GBP,14.4285,GH¢ per GBP,ok,
2026-01-12,GHSGMD,Dalasi,Buying,6.7946,GMD per GH¢,0.1471756983,GH¢ per GMD,ok,
2026-01-12,GHSGMD,Dalasi,Selling,6.7946,GMD per GH¢,0.1471756983,GH¢ per GMD,ok,
2026-01-12,GHSGMD,Dalasi,Mid Rate,6.7946,GMD per GH¢,0.1471756983,GH¢ per GMD,ok,
2026-01-12,GHSMRO,Ouguiya,Buying,33.3333,MRO per GH¢,0.03000003,GH¢ per MRO (old ouguiya; 10 MRO = 1 MRU since 2018),ok,
2026-01-12,GHSMRO,Ouguiya,Selling,33.4267,MRO per GH¢,0.0299162047,GH¢ per MRO (old ouguiya; 10 MRO = 1 MRU since 2018),ok,
2026-01-12,GHSMRO,Ouguiya,Mid Rate,33.3800,MRO per GH¢,0.0299580587,GH¢ per MRO (old ouguiya; 10 MRO = 1 MRU since 2018),ok,
2026-01-12,GHSNGN,Naira,Buying,132.8702,NGN per GH¢,0.0075261421,GH¢ per NGN,ok,
2026-01-12,GHSNGN,Naira,Selling,133.1886,NGN per GH¢,0.0075081501,GH¢ per NGN,ok,
2026-01-12,GHSNGN,Naira,Mid Rate,133.0294,NGN per GH¢,0.0075171353,GH¢ per NGN,ok,
2026-01-12,GHSSLL,Leone,Buying,"2,157.2548",SLL per GH¢,0.4635521033,"GH¢ per SLE (new leone; 1 SLE = 1,000 old leones)",ok,
2026-01-12,GHSSLL,Leone,Selling,"2,168.6927",SLL per GH¢,0.4611072837,"GH¢ per SLE (new leone; 1 SLE = 1,000 old leones)",ok,
2026-01-12,GHSSLL,Leone,Mid Rate,"2,162.9738",SLL per GH¢,0.4623264507,"GH¢ per SLE (new leone; 1 SLE = 1,000 old leones)",ok,
2026-01-12,GHSXOF,BCEAO,Buying,52.4283,XOF per GH¢,0.0190736682,GH¢ per XOF (CFA franc (BCEAO)),ok,
2026-01-12,GHSXOF,BCEAO,Selling,52.4766,XOF per GH¢,0.0190561126,GH¢ per XOF (CFA franc (BCEAO)),ok,
2026-01-12,GHSXOF,BCEAO,Mid Rate,52.4525,XOF per GH¢,0.0190648682,GH¢ per XOF (CFA franc (BCEAO)),ok,
2026-01-12,JPYGHS,Japanese yen,Buying,0.0678,GH¢ per JPY,0.0678,GH¢ per JPY,ok,
2026-01-12,JPYGHS,Japanese yen,Selling,0.0678,GH¢ per JPY,0.0678,GH¢ per JPY,ok,
2026-01-12,JPYGHS,Japanese yen,Mid Rate,0.0678,GH¢ per JPY,0.0678,GH¢ per JPY,ok,
2026-01-12,NOKGHS,Norwegian Krone,Buying,1.0646,GH¢ per NOK,1.0646,GH¢ per NOK,ok,
2026-01-12,NOKGHS,Norwegian Krone,Selling,1.0653,GH¢ per NOK,1.0653,GH¢ per NOK,ok,
2026-01-12,NOKGHS,Norwegian Krone,Mid Rate,1.0650,GH¢ per NOK,1.065,GH¢ per NOK,ok,
2026-01-12,NZDGHS,New Zealand Dollar,Buying,6.1709,GH¢ per NZD,6.1709,GH¢ per NZD,ok,
2026-01-12,NZDGHS,New Zealand Dollar,Selling,6.1770,GH¢ per NZD,6.177,GH¢ per NZD,ok,
2026-01-12,NZDGHS,New Zealand Dollar,Mid Rate,6.1740,GH¢ per NZD,6.174,GH¢ per NZD,ok,
2026-01-12,SEKGHS,Swedish Krona,Buying,1.1674,GH¢ per SEK,1.1674,GH¢ per SEK,ok,
2026-01-12,SEKGHS,Swedish Krona,Selling,1.1683,GH¢ per SEK,1.1683,GH¢ per SEK,ok,
2026-01-12,SEKGHS,Swedish Krona,Mid Rate,1.1679,GH¢ per SEK,1.1679,GH¢ per SEK,ok,
2026-01-12,WAUGHS,Ecowas,Buying,0.0149,GH¢ per WAU,0.0149,"GH¢ per WAU (BoG's 'Ecowas' unit, not defined by BoG)",ok,
2026-01-12,WAUGHS,Ecowas,Selling,0.0149,GH¢ per WAU,0.0149,"GH¢ per WAU (BoG's 'Ecowas' unit, not defined by BoG)",ok,
2026-01-12,WAUGHS,Ecowas,Mid Rate,0.0149,GH¢ per WAU,0.0149,"GH¢ per WAU (BoG's 'Ecowas' unit, not defined by BoG)",ok,
2026-01-12,ZARGHS,South African Rand,Buying,0.6536,GH¢ per ZAR,0.6536,GH¢ per ZAR,ok,
2026-01-12,ZARGHS,South African Rand,Selling,0.6539,GH¢ per ZAR,0.6539,GH¢ per ZAR,ok,
2026-01-12,ZARGHS,South African Rand,Mid Rate,0.6538,GH¢ per ZAR,0.6538,GH¢ per ZAR,ok,
2026-01-13,USDGHS,US Dollar,Buying,10.7196,GH¢ per USD,10.7196,GH¢ per USD,ok,
2026-01-13,USDGHS,US Dollar,Selling,10.7304,GH¢ per USD,10.7304,GH¢ per USD,ok,
2026-01-13,USDGHS,US Dollar,Mid Rate,10.7250,GH¢ per USD,10.725,GH¢ per USD,ok,
2026-01-13,AUDGHS,Australian Dollar,Buying,7.1563,GH¢ per AUD,7.1563,GH¢ per AUD,ok,
2026-01-13,AUDGHS,Australian Dollar,Selling,7.1640,GH¢ per AUD,7.164,GH¢ per AUD,ok,
2026-01-13,AUDGHS,Australian Dollar,Mid Rate,7.1602,GH¢ per AUD,7.1602,GH¢ per AUD,ok,
2026-01-13,CADGHS,Canadian Dollar,Buying,7.7167,GH¢ per CAD,7.7167,GH¢ per CAD,ok,
2026-01-13,CADGHS,Canadian Dollar,Selling,7.7242,GH¢ per CAD,7.7242,GH¢ per CAD,ok,
2026-01-13,CADGHS,Canadian Dollar,Mid Rate,7.7205,GH¢ per CAD,7.7205,GH¢ per CAD,ok,
2026-01-13,CHFGHS,Swiss Franc,Buying,13.3779,GH¢ per CHF,13.3779,GH¢ per CHF,ok,
2026-01-13,CHFGHS,Swiss Franc,Selling,13.3910,GH¢ per CHF,13.391,GH¢ per CHF,ok,
2026-01-13,CHFGHS,Swiss Franc,Mid Rate,13.3845,GH¢ per CHF,13.3845,GH¢ per CHF,ok,
2026-01-13,CNYGHS,Yuan Renminbi,Buying,1.5367,GH¢ per CNY,1.5367,GH¢ per CNY,ok,
2026-01-13,CNYGHS,Yuan Renminbi,Selling,1.5377,GH¢ per CNY,1.5377,GH¢ per CNY,ok,
2026-01-13,CNYGHS,Yuan Renminbi,Mid Rate,1.5372,GH¢ per CNY,1.5372,GH¢ per CNY,ok,
2026-01-13,DKKGHS,Danish Krone,Buying,1.6695,GH¢ per DKK,1.6695,GH¢ per DKK,ok,
2026-01-13,DKKGHS,Danish Krone,Selling,1.6709,GH¢ per DKK,1.6709,GH¢ per DKK,ok,
2026-01-13,DKKGHS,Danish Krone,Mid Rate,1.6702,GH¢ per DKK,1.6702,GH¢ per DKK,ok,
2026-01-13,EURGHS,Euro,Buying,12.4747,GH¢ per EUR,12.4747,GH¢ per EUR,ok,
2026-01-13,EURGHS,Euro,Selling,12.4870,GH¢ per EUR,12.487,GH¢ per EUR,ok,
2026-01-13,EURGHS,Euro,Mid Rate,12.4809,GH¢ per EUR,12.4809,GH¢ per EUR,ok,
2026-01-13,GBPGHS,Pound Sterling,Buying,14.3933,GH¢ per GBP,14.3933,GH¢ per GBP,ok,
2026-01-13,GBPGHS,Pound Sterling,Selling,14.4087,GH¢ per GBP,14.4087,GH¢ per GBP,ok,
2026-01-13,GBPGHS,Pound Sterling,Mid Rate,14.4010,GH¢ per GBP,14.401,GH¢ per GBP,ok,
2026-01-13,GHSGMD,Dalasi,Buying,6.7786,GMD per GH¢,0.1475230874,GH¢ per GMD,ok,
2026-01-13,GHSGMD,Dalasi,Selling,6.7851,GMD per GH¢,0.147381763,GH¢ per GMD,ok,
2026-01-13,GHSGMD,Dalasi,Mid Rate,6.7819,GMD per GH¢,0.1474513042,GH¢ per GMD,ok,
2026-01-13,GHSMRO,Ouguiya,Buying,33.2867,MRO per GH¢,0.0300420288,GH¢ per MRO (old ouguiya; 10 MRO = 1 MRU since 2018),ok,
2026-01-13,GHSMRO,Ouguiya,Selling,33.3800,MRO per GH¢,0.0299580587,GH¢ per MRO (old ouguiya; 10 MRO = 1 MRU since 2018),ok,
2026-01-13,GHSMRO,Ouguiya,Mid Rate,33.3334,MRO per GH¢,0.02999994,GH¢ per MRO (old ouguiya; 10 MRO = 1 MRU since 2018),ok,
2026-01-13,GHSNGN,Naira,Buying,132.3077,NGN per GH¢,0.0075581391,GH¢ per NGN,ok,
2026-01-13,GHSNGN,Naira,Selling,132.9604,NGN per GH¢,0.0075210363,GH¢ per NGN,ok,
2026-01-13,GHSNGN,Naira,Mid Rate,132.6341,NGN per GH¢,0.0075395392,GH¢ per NGN,ok,
2026-01-13,GHSSLL,Leone,Buying,"2,154.2377",SLL per GH¢,0.4642013275,"GH¢ per SLE (new leone; 1 SLE = 1,000 old leones)",ok,
2026-01-13,GHSSLL,Leone,Selling,"2,165.6596",SLL per GH¢,0.4617530844,"GH¢ per SLE (new leone; 1 SLE = 1,000 old leones)",ok,
2026-01-13,GHSSLL,Leone,Mid Rate,"2,159.9487",SLL per GH¢,0.4629739586,"GH¢ per SLE (new leone; 1 SLE = 1,000 old leones)",ok,
2026-01-13,GHSXOF,BCEAO,Buying,52.5312,XOF per GH¢,0.019036306,GH¢ per XOF (CFA franc (BCEAO)),ok,
2026-01-13,GHSXOF,BCEAO,Selling,52.5830,XOF per GH¢,0.0190175532,GH¢ per XOF (CFA franc (BCEAO)),ok,
2026-01-13,GHSXOF,BCEAO,Mid Rate,52.5571,XOF per GH¢,0.019026925,GH¢ per XOF (CFA franc (BCEAO)),ok,
2026-01-13,JPYGHS,Japanese yen,Buying,0.0674,GH¢ per JPY,0.0674,GH¢ per JPY,ok,
2026-01-13,JPYGHS,Japanese yen,Selling,0.0674,GH¢ per JPY,0.0674,GH¢ per JPY,ok,
2026-01-13,JPYGHS,Japanese yen,Mid Rate,0.0674,GH¢ per JPY,0.0674,GH¢ per JPY,ok,
2026-01-13,NOKGHS,Norwegian Krone,Buying,1.0619,GH¢ per NOK,1.0619,GH¢ per NOK,ok,
2026-01-13,NOKGHS,Norwegian Krone,Selling,1.0626,GH¢ per NOK,1.0626,GH¢ per NOK,ok,
2026-01-13,NOKGHS,Norwegian Krone,Mid Rate,1.0623,GH¢ per NOK,1.0623,GH¢ per NOK,ok,
2026-01-13,NZDGHS,New Zealand Dollar,Buying,6.1502,GH¢ per NZD,6.1502,GH¢ per NZD,ok,
2026-01-13,NZDGHS,New Zealand Dollar,Selling,6.1583,GH¢ per NZD,6.1583,GH¢ per NZD,ok,
2026-01-13,NZDGHS,New Zealand Dollar,Mid Rate,6.1543,GH¢ per NZD,6.1543,GH¢ per NZD,ok,
2026-01-13,SEKGHS,Swedish Krona,Buying,1.1631,GH¢ per SEK,1.1631,GH¢ per SEK,ok,
2026-01-13,SEKGHS,Swedish Krona,Selling,1.1641,GH¢ per SEK,1.1641,GH¢ per SEK,ok,
2026-01-13,SEKGHS,Swedish Krona,Mid Rate,1.1636,GH¢ per SEK,1.1636,GH¢ per SEK,ok,
2026-01-13,WAUGHS,Ecowas,Buying,0.0148,GH¢ per WAU,0.0148,"GH¢ per WAU (BoG's 'Ecowas' unit, not defined by BoG)",ok,
2026-01-13,WAUGHS,Ecowas,Selling,0.0148,GH¢ per WAU,0.0148,"GH¢ per WAU (BoG's 'Ecowas' unit, not defined by BoG)",ok,
2026-01-13,WAUGHS,Ecowas,Mid Rate,0.0148,GH¢ per WAU,0.0148,"GH¢ per WAU (BoG's 'Ecowas' unit, not defined by BoG)",ok,
2026-01-13,ZARGHS,South African Rand,Buying,0.6529,GH¢ per ZAR,0.6529,GH¢ per ZAR,ok,
2026-01-13,ZARGHS,South African Rand,Selling,0.6532,GH¢ per ZAR,0.6532,GH¢ per ZAR,ok,
2026-01-13,ZARGHS,South African Rand,Mid Rate,0.6531,GH¢ per ZAR,0.6531,GH¢ per ZAR,ok,
2026-01-14,USDGHS,US Dollar,Buying,10.7446,GH¢ per USD,10.7446,GH¢ per USD,ok,
2026-01-14,USDGHS,US Dollar,Selling,10.7554,GH¢ per USD,10.7554,GH¢ per USD,ok,
2026-01-14,USDGHS,US Dollar,Mid Rate,10.7500,GH¢ per USD,10.75,GH¢ per USD,ok,
2026-01-14,AUDGHS,Australian Dollar,Buying,7.1828,GH¢ per AUD,7.1828,GH¢ per AUD,ok,
2026-01-14,AUDGHS,Australian Dollar,Selling,7.1920,GH¢ per AUD,7.192,GH¢ per AUD,ok,
2026-01-14,AUDGHS,Australian Dollar,Mid Rate,7.1874,GH¢ per AUD,7.1874,GH¢ per AUD,ok,
2026-01-14,CADGHS,Canadian Dollar,Buying,7.7447,GH¢ per CAD,7.7447,GH¢ per CAD,ok,
2026-01-14,CADGHS,Canadian Dollar,Selling,7.7522,GH¢ per CAD,7.7522,GH¢ per CAD,ok,
2026-01-14,CADGHS,Canadian Dollar,Mid Rate,7.7485,GH¢ per CAD,7.7485,GH¢ per CAD,ok,
2026-01-14,CHFGHS,Swiss Franc,Buying,13.4475,GH¢ per CHF,13.4475,GH¢ per CHF,ok,
2026-01-14,CHFGHS,Swiss Franc,Selling,13.4607,GH¢ per CHF,13.4607,GH¢ per CHF,ok,
2026-01-14,CHFGHS,Swiss Franc,Mid Rate,13.4541,GH¢ per CHF,13.4541,GH¢ per CHF,ok,
2026-01-14,CNYGHS,Yuan Renminbi,Buying,1.5411,GH¢ per CNY,1.5411,GH¢ per CNY,ok,
2026-01-14,CNYGHS,Yuan Renminbi,Selling,1.5423,GH¢ per CNY,1.5423,GH¢ per CNY,ok,
2026-01-14,CNYGHS,Yuan Renminbi,Mid Rate,1.5417,GH¢ per CNY,1.5417,GH¢ per CNY,ok,
2026-01-14,DKKGHS,Danish Krone,Buying,1.6760,GH¢ per DKK,1.676,GH¢ per DKK,ok,
2026-01-14,DKKGHS,Danish Krone,Selling,1.6775,GH¢ per DKK,1.6775,GH¢ per DKK,ok,
2026-01-14,DKKGHS,Danish Krone,Mid Rate,1.6768,GH¢ per DKK,1.6768,GH¢ per DKK,ok,
2026-01-14,EURGHS,Euro,Buying,12.5222,GH¢ per EUR,12.5222,GH¢ per EUR,ok,
2026-01-14,EURGHS,Euro,Selling,12.5346,GH¢ per EUR,12.5346,GH¢ per EUR,ok,
2026-01-14,EURGHS,Euro,Mid Rate,12.5284,GH¢ per EUR,12.5284,GH¢ per EUR,ok,
2026-01-14,GBPGHS,Pound Sterling,Buying,14.4494,GH¢ per GBP,14.4494,GH¢ per GBP,ok,
2026-01-14,GBPGHS,Pound Sterling,Selling,14.4649,GH¢ per GBP,14.4649,GH¢ per GBP,ok,
2026-01-14,GBPGHS,Pound Sterling,Mid Rate,14.4572,GH¢ per GBP,14.4572,GH¢ per GBP,ok,
2026-01-14,GHSGMD,Dalasi,Buying,6.7535,GMD per GH¢,0.1480713704,GH¢ per GMD,ok,
2026-01-14,GHSGMD,Dalasi,Selling,6.7721,GMD per GH¢,0.147664683,GH¢ per GMD,ok,
2026-01-14,GHSGMD,Dalasi,Mid Rate,6.7628,GMD per GH¢,0.1478677471,GH¢ per GMD,ok,
2026-01-14,GHSMRO,Ouguiya,Buying,33.2093,MRO per GH¢,0.0301120469,GH¢ per MRO (old ouguiya; 10 MRO = 1 MRU since 2018),ok,
2026-01-14,GHSMRO,Ouguiya,Selling,33.3023,MRO per GH¢,0.030027956,GH¢ per MRO (old ouguiya; 10 MRO = 1 MRU since 2018),ok,
2026-01-14,GHSMRO,Ouguiya,Mid Rate,33.2558,MRO per GH¢,0.0300699427,GH¢ per MRO (old ouguiya; 10 MRO = 1 MRU since 2018),ok,
2026-01-14,GHSNGN,Naira,Buying,132.2019,NGN per GH¢,0.0075641878,GH¢ per NGN,ok,
2026-01-14,GHSNGN,Naira,Selling,132.2949,NGN per GH¢,0.0075588704,GH¢ per NGN,ok,
2026-01-14,GHSNGN,Naira,Mid Rate,132.2484,NGN per GH¢,0.0075615282,GH¢ per NGN,ok,
2026-01-14,GHSSLL,Leone,Buying,"2,149.2278",SLL per GH¢,0.4652833916,"GH¢ per SLE (new leone; 1 SLE = 1,000 old leones)",ok,
2026-01-14,GHSSLL,Leone,Selling,"2,160.6232",SLL per GH¢,0.4628294281,"GH¢ per SLE (new leone; 1 SLE = 1,000 old leones)",ok,
2026-01-14,GHSSLL,Leone,Mid Rate,"2,154.9255",SLL per GH¢,0.4640531656,"GH¢ per SLE (new leone; 1 SLE = 1,000 old leones)",ok,
2026-01-14,GHSXOF,BCEAO,Buying,52.3317,XOF per GH¢,0.0191088766,GH¢ per XOF (CFA franc (BCEAO)),ok,
2026-01-14,GHSXOF,BCEAO,Selling,52.3835,XOF per GH¢,0.0190899806,GH¢ per XOF (CFA franc (BCEAO)),ok,
2026-01-14,GHSXOF,BCEAO,Mid Rate,52.3576,XOF per GH¢,0.019099424,GH¢ per XOF (CFA franc (BCEAO)),ok,
2026-01-14,JPYGHS,Japanese yen,Buying,0.0679,GH¢ per JPY,0.0679,GH¢ per JPY,ok,
2026-01-14,JPYGHS,Japanese yen,Selling,0.0680,GH¢ per JPY,0.068,GH¢ per JPY,ok,
2026-01-14,JPYGHS,Japanese yen,Mid Rate,0.0680,GH¢ per JPY,0.068,GH¢ per JPY,ok,
2026-01-14,NOKGHS,Norwegian Krone,Buying,1.0694,GH¢ per NOK,1.0694,GH¢ per NOK,ok,
2026-01-14,NOKGHS,Norwegian Krone,Selling,1.0703,GH¢ per NOK,1.0703,GH¢ per NOK,ok,
2026-01-14,NOKGHS,Norwegian Krone,Mid Rate,1.0699,GH¢ per NOK,1.0699,GH¢ per NOK,ok,
2026-01-14,NZDGHS,New Zealand Dollar,Buying,6.1814,GH¢ per NZD,6.1814,GH¢ per NZD,ok,
2026-01-14,NZDGHS,New Zealand Dollar,Selling,6.1895,GH¢ per NZD,6.1895,GH¢ per NZD,ok,
2026-01-14,NZDGHS,New Zealand Dollar,Mid Rate,6.1855,GH¢ per NZD,6.1855,GH¢ per NZD,ok,
2026-01-14,SEKGHS,Swedish Krona,Buying,1.1696,GH¢ per SEK,1.1696,GH¢ per SEK,ok,
2026-01-14,SEKGHS,Swedish Krona,Selling,1.1706,GH¢ per SEK,1.1706,GH¢ per SEK,ok,
2026-01-14,SEKGHS,Swedish Krona,Mid Rate,1.1701,GH¢ per SEK,1.1701,GH¢ per SEK,ok,
2026-01-14,WAUGHS,Ecowas,Buying,0.0148,GH¢ per WAU,0.0148,"GH¢ per WAU (BoG's 'Ecowas' unit, not defined by BoG)",ok,
2026-01-14,WAUGHS,Ecowas,Selling,0.0148,GH¢ per WAU,0.0148,"GH¢ per WAU (BoG's 'Ecowas' unit, not defined by BoG)",ok,
2026-01-14,WAUGHS,Ecowas,Mid Rate,0.0148,GH¢ per WAU,0.0148,"GH¢ per WAU (BoG's 'Ecowas' unit, not defined by BoG)",ok,
2026-01-14,ZARGHS,South African Rand,Buying,0.6556,GH¢ per ZAR,0.6556,GH¢ per ZAR,ok,
2026-01-14,ZARGHS,South African Rand,Selling,0.6558,GH¢ per ZAR,0.6558,GH¢ per ZAR,ok,
2026-01-14,ZARGHS,South African Rand,Mid Rate,0.6557,GH¢ per ZAR,0.6557,GH¢ per ZAR,ok,
2026-01-15,USDGHS,US Dollar,Buying,10.7946,GH¢ per USD,10.7946,GH¢ per USD,ok,
2026-01-15,USDGHS,US Dollar,Selling,10.8054,GH¢ per USD,10.8054,GH¢ per USD,ok,
2026-01-15,USDGHS,US Dollar,Mid Rate,10.8000,GH¢ per USD,10.8,GH¢ per USD,ok,
2026-01-15,AUDGHS,Australian Dollar,Buying,7.2411,GH¢ per AUD,7.2411,GH¢ per AUD,ok,
2026-01-15,AUDGHS,Australian Dollar,Selling,7.2503,GH¢ per AUD,7.2503,GH¢ per AUD,ok,
2026-01-15,AUDGHS,Australian Dollar,Mid Rate,7.2457,GH¢ per AUD,7.2457,GH¢ per AUD,ok,
2026-01-15,CADGHS,Canadian Dollar,Buying,7.7725,GH¢ per CAD,7.7725,GH¢ per CAD,ok,
2026-01-15,CADGHS,Canadian Dollar,Selling,7.7801,GH¢ per CAD,7.7801,GH¢ per CAD,ok,
2026-01-15,CADGHS,Canadian Dollar,Mid Rate,7.7763,GH¢ per CAD,7.7763,GH¢ per CAD,ok,
2026-01-15,CHFGHS,Swiss Franc,Buying,13.4488,GH¢ per CHF,13.4488,GH¢ per CHF,ok,
2026-01-15,CHFGHS,Swiss Franc,Selling,13.4620,GH¢ per CHF,13.462,GH¢ per CHF,ok,
2026-01-15,CHFGHS,Swiss Franc,Mid Rate,13.4554,GH¢ per CHF,13.4554,GH¢ per CHF,ok,
2026-01-15,CNYGHS,Yuan Renminbi,Buying,1.5498,GH¢ per CNY,1.5498,GH¢ per CNY,ok,
2026-01-15,CNYGHS,Yuan Renminbi,Selling,1.5510,GH¢ per CNY,1.551,GH¢ per CNY,ok,
2026-01-15,CNYGHS,Yuan Renminbi,Mid Rate,1.5504,GH¢ per CNY,1.5504,GH¢ per CNY,ok,
2026-01-15,DKKGHS,Danish Krone,Buying,1.6775,GH¢ per DKK,1.6775,GH¢ per DKK,ok,
2026-01-15,DKKGHS,Danish Krone,Selling,1.6789,GH¢ per DKK,1.6789,GH¢ per DKK,ok,
2026-01-15,DKKGHS,Danish Krone,Mid Rate,1.6782,GH¢ per DKK,1.6782,GH¢ per DKK,ok,
2026-01-15,EURGHS,Euro,Buying,12.5335,GH¢ per EUR,12.5335,GH¢ per EUR,ok,
2026-01-15,EURGHS,Euro,Selling,12.5448,GH¢ per EUR,12.5448,GH¢ per EUR,ok,
2026-01-15,EURGHS,Euro,Mid Rate,12.5392,GH¢ per EUR,12.5392,GH¢ per EUR,ok,
2026-01-15,GBPGHS,Pound Sterling,Buying,14.4561,GH¢ per GBP,14.4561,GH¢ per GBP,ok,
2026-01-15,GBPGHS,Pound Sterling,Selling,14.4717,GH¢ per GBP,14.4717,GH¢ per GBP,ok,
2026-01-15,GBPGHS,Pound Sterling,Mid Rate,14.4639,GH¢ per GBP,14.4639,GH¢ per GBP,ok,
2026-01-15,GHSGMD,Dalasi,Buying,6.6898,GMD per GH¢,0.1494812999,GH¢ per GMD,ok,
2026-01-15,GHSGMD,Dalasi,Selling,6.7315,GMD per GH¢,0.1485552997,GH¢ per GMD,ok,
2026-01-15,GHSGMD,Dalasi,Mid Rate,6.7107,GMD per GH¢,0.149015751,GH¢ per GMD,ok,
2026-01-15,GHSMRO,Ouguiya,Buying,33.0556,MRO per GH¢,0.0302520602,GH¢ per MRO (old ouguiya; 10 MRO = 1 MRU since 2018),ok,
2026-01-15,GHSMRO,Ouguiya,Selling,33.1481,MRO per GH¢,0.0301676416,GH¢ per MRO (old ouguiya; 10 MRO = 1 MRU since 2018),ok,
2026-01-15,GHSMRO,Ouguiya,Mid Rate,33.1019,MRO per GH¢,0.0302097463,GH¢ per MRO (old ouguiya; 10 MRO = 1 MRU since 2018),ok,
2026-01-15,GHSNGN,Naira,Buying,131.5222,NGN per GH¢,0.0076032791,GH¢ per NGN,ok,
2026-01-15,GHSNGN,Naira,Selling,131.6352,NGN per GH¢,0.0075967522,GH¢ per NGN,ok,
2026-01-15,GHSNGN,Naira,Mid Rate,131.5787,NGN per GH¢,0.0076000143,GH¢ per NGN,ok,
2026-01-15,GHSSLL,Leone,Buying,"2,139.2777",SLL per GH¢,0.4674474941,"GH¢ per SLE (new leone; 1 SLE = 1,000 old leones)",ok,
2026-01-15,GHSSLL,Leone,Selling,"2,150.6203",SLL per GH¢,0.4649821263,"GH¢ per SLE (new leone; 1 SLE = 1,000 old leones)",ok,
2026-01-15,GHSSLL,Leone,Mid Rate,"2,144.9490",SLL per GH¢,0.466211551,"GH¢ per SLE (new leone; 1 SLE = 1,000 old leones)",ok,
2026-01-15,GHSXOF,BCEAO,Buying,52.2892,XOF per GH¢,0.0191244081,GH¢ per XOF (CFA franc (BCEAO)),ok,
2026-01-15,GHSXOF,BCEAO,Selling,52.3363,XOF per GH¢,0.0191071971,GH¢ per XOF (CFA franc (BCEAO)),ok,
2026-01-15,GHSXOF,BCEAO,Mid Rate,52.3128,XOF per GH¢,0.0191157805,GH¢ per XOF (CFA franc (BCEAO)),ok,
2026-01-15,JPYGHS,Japanese yen,Buying,0.0681,GH¢ per JPY,0.0681,GH¢ per JPY,ok,
2026-01-15,JPYGHS,Japanese yen,Selling,0.0682,GH¢ per JPY,0.0682,GH¢ per JPY,ok,
2026-01-15,JPYGHS,Japanese yen,Mid Rate,0.0682,GH¢ per JPY,0.0682,GH¢ per JPY,ok,
2026-01-15,NOKGHS,Norwegian Krone,Buying,1.0684,GH¢ per NOK,1.0684,GH¢ per NOK,ok,
2026-01-15,NOKGHS,Norwegian Krone,Selling,1.0693,GH¢ per NOK,1.0693,GH¢ per NOK,ok,
2026-01-15,NOKGHS,Norwegian Krone,Mid Rate,1.0689,GH¢ per NOK,1.0689,GH¢ per NOK,ok,
2026-01-15,NZDGHS,New Zealand Dollar,Buying,6.2031,GH¢ per NZD,6.2031,GH¢ per NZD,ok,
2026-01-15,NZDGHS,New Zealand Dollar,Selling,6.2112,GH¢ per NZD,6.2112,GH¢ per NZD,ok,
2026-01-15,NZDGHS,New Zealand Dollar,Mid Rate,6.2072,GH¢ per NZD,6.2072,GH¢ per NZD,ok,
2026-01-15,SEKGHS,Swedish Krona,Buying,1.1707,GH¢ per SEK,1.1707,GH¢ per SEK,ok,
2026-01-15,SEKGHS,Swedish Krona,Selling,1.1717,GH¢ per SEK,1.1717,GH¢ per SEK,ok,
2026-01-15,SEKGHS,Swedish Krona,Mid Rate,1.1712,GH¢ per SEK,1.1712,GH¢ per SEK,ok,
2026-01-15,WAUGHS,Ecowas,Buying,0.0146,GH¢ per WAU,0.0146,"GH¢ per WAU (BoG's 'Ecowas' unit, not defined by BoG)",ok,
2026-01-15,WAUGHS,Ecowas,Selling,0.0146,GH¢ per WAU,0.0146,"GH¢ per WAU (BoG's 'Ecowas' unit, not defined by BoG)",ok,
2026-01-15,WAUGHS,Ecowas,Mid Rate,0.0146,GH¢ per WAU,0.0146,"GH¢ per WAU (BoG's 'Ecowas' unit, not defined by BoG)",ok,
2026-01-15,ZARGHS,South African Rand,Buying,0.6605,GH¢ per ZAR,0.6605,GH¢ per ZAR,ok,
2026-01-15,ZARGHS,South African Rand,Selling,0.6608,GH¢ per ZAR,0.6608,GH¢ per ZAR,ok,
2026-01-15,ZARGHS,South African Rand,Mid Rate,0.6607,GH¢ per ZAR,0.6607,GH¢ per ZAR,ok,
2026-01-16,USDGHS,US Dollar,Buying,10.8146,GH¢ per USD,10.8146,GH¢ per USD,ok,
2026-01-16,USDGHS,US Dollar,Selling,10.8254,GH¢ per USD,10.8254,GH¢ per USD,ok,
2026-01-16,USDGHS,US Dollar,Mid Rate,10.8200,GH¢ per USD,10.82,GH¢ per USD,ok,
2026-01-16,AUDGHS,Australian Dollar,Buying,7.2238,GH¢ per AUD,7.2238,GH¢ per AUD,ok,
2026-01-16,AUDGHS,Australian Dollar,Selling,7.2310,GH¢ per AUD,7.231,GH¢ per AUD,ok,
2026-01-16,AUDGHS,Australian Dollar,Mid Rate,7.2274,GH¢ per AUD,7.2274,GH¢ per AUD,ok,
2026-01-16,CADGHS,Canadian Dollar,Buying,7.7725,GH¢ per CAD,7.7725,GH¢ per CAD,ok,
2026-01-16,CADGHS,Canadian Dollar,Selling,7.7795,GH¢ per CAD,7.7795,GH¢ per CAD,ok,
2026-01-16,CADGHS,Canadian Dollar,Mid Rate,7.7760,GH¢ per CAD,7.776,GH¢ per CAD,ok,
2026-01-16,CHFGHS,Swiss Franc,Buying,13.4697,GH¢ per CHF,13.4697,GH¢ per CHF,ok,
2026-01-16,CHFGHS,Swiss Franc,Selling,13.4806,GH¢ per CHF,13.4806,GH¢ per CHF,ok,
2026-01-16,CHFGHS,Swiss Franc,Mid Rate,13.4752,GH¢ per CHF,13.4752,GH¢ per CHF,ok,
2026-01-16,CNYGHS,Yuan Renminbi,Buying,1.5518,GH¢ per CNY,1.5518,GH¢ per CNY,ok,
2026-01-16,CNYGHS,Yuan Renminbi,Selling,1.5527,GH¢ per CNY,1.5527,GH¢ per CNY,ok,
2026-01-16,CNYGHS,Yuan Renminbi,Mid Rate,1.5523,GH¢ per CNY,1.5523,GH¢ per CNY,ok,
2026-01-16,DKKGHS,Danish Krone,Buying,1.6782,GH¢ per DKK,1.6782,GH¢ per DKK,ok,
2026-01-16,DKKGHS,Danish Krone,Selling,1.6796,GH¢ per DKK,1.6796,GH¢ per DKK,ok,
2026-01-16,DKKGHS,Danish Krone,Mid Rate,1.6789,GH¢ per DKK,1.6789,GH¢ per DKK,ok,
2026-01-16,EURGHS,Euro,Buying,12.5381,GH¢ per EUR,12.5381,GH¢ per EUR,ok,
2026-01-16,EURGHS,Euro,Selling,12.5496,GH¢ per EUR,12.5496,GH¢ per EUR,ok,
2026-01-16,EURGHS,Euro,Mid Rate,12.5439,GH¢ per EUR,12.5439,GH¢ per EUR,ok,
2026-01-16,GBPGHS,Pound Sterling,Buying,14.4678,GH¢ per GBP,14.4678,GH¢ per GBP,ok,
2026-01-16,GBPGHS,Pound Sterling,Selling,14.4822,GH¢ per GBP,14.4822,GH¢ per GBP,ok,
2026-01-16,GBPGHS,Pound Sterling,Mid Rate,14.4750,GH¢ per GBP,14.475,GH¢ per GBP,ok,
2026-01-16,GHSGMD,Dalasi,Buying,6.7190,GMD per GH¢,0.1488316714,GH¢ per GMD,ok,
2026-01-16,GHSGMD,Dalasi,Selling,6.7209,GMD per GH¢,0.1487895966,GH¢ per GMD,ok,
2026-01-16,GHSGMD,Dalasi,Mid Rate,6.7200,GMD per GH¢,0.1488095238,GH¢ per GMD,ok,
2026-01-16,GHSMRO,Ouguiya,Buying,32.9945,MRO per GH¢,0.0303080816,GH¢ per MRO (old ouguiya; 10 MRO = 1 MRU since 2018),ok,
2026-01-16,GHSMRO,Ouguiya,Selling,33.0869,MRO per GH¢,0.0302234419,GH¢ per MRO (old ouguiya; 10 MRO = 1 MRU since 2018),ok,
2026-01-16,GHSMRO,Ouguiya,Mid Rate,33.0407,MRO per GH¢,0.0302657026,GH¢ per MRO (old ouguiya; 10 MRO = 1 MRU since 2018),ok,
2026-01-16,GHSNGN,Naira,Buying,131.1756,NGN per GH¢,0.007623369,GH¢ per NGN,ok,
2026-01-16,GHSNGN,Naira,Selling,131.3041,NGN per GH¢,0.0076159084,GH¢ per NGN,ok,
2026-01-16,GHSNGN,Naira,Mid Rate,131.2399,NGN per GH¢,0.007619634,GH¢ per NGN,ok,
2026-01-16,GHSSLL,Leone,Buying,"2,135.3234",SLL per GH¢,0.468313137,"GH¢ per SLE (new leone; 1 SLE = 1,000 old leones)",ok,
2026-01-16,GHSSLL,Leone,Selling,"2,146.6450",SLL per GH¢,0.4658432112,"GH¢ per SLE (new leone; 1 SLE = 1,000 old leones)",ok,
2026-01-16,GHSSLL,Leone,Mid Rate,"2,140.9842",SLL per GH¢,0.4670749088,"GH¢ per SLE (new leone; 1 SLE = 1,000 old leones)",ok,
2026-01-16,GHSXOF,BCEAO,Buying,52.2692,XOF per GH¢,0.0191317258,GH¢ per XOF (CFA franc (BCEAO)),ok,
2026-01-16,GHSXOF,BCEAO,Selling,52.3171,XOF per GH¢,0.0191142093,GH¢ per XOF (CFA franc (BCEAO)),ok,
2026-01-16,GHSXOF,BCEAO,Mid Rate,52.2932,XOF per GH¢,0.0191229452,GH¢ per XOF (CFA franc (BCEAO)),ok,
2026-01-16,JPYGHS,Japanese yen,Buying,0.0684,GH¢ per JPY,0.0684,GH¢ per JPY,ok,
2026-01-16,JPYGHS,Japanese yen,Selling,0.0685,GH¢ per JPY,0.0685,GH¢ per JPY,ok,
2026-01-16,JPYGHS,Japanese yen,Mid Rate,0.0685,GH¢ per JPY,0.0685,GH¢ per JPY,ok,
2026-01-16,NOKGHS,Norwegian Krone,Buying,1.0705,GH¢ per NOK,1.0705,GH¢ per NOK,ok,
2026-01-16,NOKGHS,Norwegian Krone,Selling,1.0712,GH¢ per NOK,1.0712,GH¢ per NOK,ok,
2026-01-16,NOKGHS,Norwegian Krone,Mid Rate,1.0709,GH¢ per NOK,1.0709,GH¢ per NOK,ok,
2026-01-16,NZDGHS,New Zealand Dollar,Buying,6.2139,GH¢ per NZD,6.2139,GH¢ per NZD,ok,
2026-01-16,NZDGHS,New Zealand Dollar,Selling,6.2201,GH¢ per NZD,6.2201,GH¢ per NZD,ok,
2026-01-16,NZDGHS,New Zealand Dollar,Mid Rate,6.2170,GH¢ per NZD,6.217,GH¢ per NZD,ok,
2026-01-16,SEKGHS,Swedish Krona,Buying,1.1710,GH¢ per SEK,1.171,GH¢ per SEK,ok,
2026-01-16,SEKGHS,Swedish Krona,Selling,1.1718,GH¢ per SEK,1.1718,GH¢ per SEK,ok,
2026-01-16,SEKGHS,Swedish Krona,Mid Rate,1.1714,GH¢ per SEK,1.1714,GH¢ per SEK,ok,
2026-01-16,WAUGHS,Ecowas,Buying,0.0146,GH¢ per WAU,0.0146,"GH¢ per WAU (BoG's 'Ecowas' unit, not defined by BoG)",ok,
2026-01-16,WAUGHS,Ecowas,Selling,0.0146,GH¢ per WAU,0.0146,"GH¢ per WAU (BoG's 'Ecowas' unit, not defined by BoG)",ok,
2026-01-16,WAUGHS,Ecowas,Mid Rate,0.0146,GH¢ per WAU,0.0146,"GH¢ per WAU (BoG's 'Ecowas' unit, not defined by BoG)",ok,
2026-01-16,ZARGHS,South African Rand,Buying,0.6584,GH¢ per ZAR,0.6584,GH¢ per ZAR,ok,
2026-01-16,ZARGHS,South African Rand,Selling,0.6587,GH¢ per ZAR,0.6587,GH¢ per ZAR,ok,
2026-01-16,ZARGHS,South African Rand,Mid Rate,0.6586,GH¢ per ZAR,0.6586,GH¢ per ZAR,ok,
2026-01-19,USDGHS,US Dollar,Buying,10.8346,GH¢ per USD,10.8346,GH¢ per USD,ok,
2026-01-19,USDGHS,US Dollar,Selling,10.8454,GH¢ per USD,10.8454,GH¢ per USD,ok,
2026-01-19,USDGHS,US Dollar,Mid Rate,10.8400,GH¢ per USD,10.84,GH¢ per USD,ok,
2026-01-19,AUDGHS,Australian Dollar,Buying,7.2729,GH¢ per AUD,7.2729,GH¢ per AUD,ok,
2026-01-19,AUDGHS,Australian Dollar,Selling,7.2822,GH¢ per AUD,7.2822,GH¢ per AUD,ok,
2026-01-19,AUDGHS,Australian Dollar,Mid Rate,7.2776,GH¢ per AUD,7.2776,GH¢ per AUD,ok,
2026-01-19,CADGHS,Canadian Dollar,Buying,7.8164,GH¢ per CAD,7.8164,GH¢ per CAD,ok,
2026-01-19,CADGHS,Canadian Dollar,Selling,7.8240,GH¢ per CAD,7.824,GH¢ per CAD,ok,
2026-01-19,CADGHS,Canadian Dollar,Mid Rate,7.8202,GH¢ per CAD,7.8202,GH¢ per CAD,ok,
2026-01-19,CHFGHS,Swiss Franc,Buying,13.5905,GH¢ per CHF,13.5905,GH¢ per CHF,ok,
2026-01-19,CHFGHS,Swiss Franc,Selling,13.6039,GH¢ per CHF,13.6039,GH¢ per CHF,ok,
2026-01-19,CHFGHS,Swiss Franc,Mid Rate,13.5972,GH¢ per CHF,13.5972,GH¢ per CHF,ok,
2026-01-19,CNYGHS,Yuan Renminbi,Buying,1.5559,GH¢ per CNY,1.5559,GH¢ per CNY,ok,
2026-01-19,CNYGHS,Yuan Renminbi,Selling,1.5573,GH¢ per CNY,1.5573,GH¢ per CNY,ok,
2026-01-19,CNYGHS,Yuan Renminbi,Mid Rate,1.5566,GH¢ per CNY,1.5566,GH¢ per CNY,ok,
2026-01-19,DKKGHS,Danish Krone,Buying,1.6886,GH¢ per DKK,1.6886,GH¢ per DKK,ok,
2026-01-19,DKKGHS,Danish Krone,Selling,1.6902,GH¢ per DKK,1.6902,GH¢ per DKK,ok,
2026-01-19,DKKGHS,Danish Krone,Mid Rate,1.6894,GH¢ per DKK,1.6894,GH¢ per DKK,ok,
2026-01-19,EURGHS,Euro,Buying,12.6159,GH¢ per EUR,12.6159,GH¢ per EUR,ok,
2026-01-19,EURGHS,Euro,Selling,12.6284,GH¢ per EUR,12.6284,GH¢ per EUR,ok,
2026-01-19,EURGHS,Euro,Mid Rate,12.6222,GH¢ per EUR,12.6222,GH¢ per EUR,ok,
2026-01-19,GBPGHS,Pound Sterling,Buying,14.5487,GH¢ per GBP,14.5487,GH¢ per GBP,ok,
2026-01-19,GBPGHS,Pound Sterling,Selling,14.5643,GH¢ per GBP,14.5643,GH¢ per GBP,ok,
2026-01-19,GBPGHS,Pound Sterling,Mid Rate,14.5565,GH¢ per GBP,14.5565,GH¢ per GBP,ok,
2026-01-19,GHSGMD,Dalasi,Buying,6.7066,GMD per GH¢,0.14910685,GH¢ per GMD,ok,
2026-01-19,GHSGMD,Dalasi,Selling,6.7159,GMD per GH¢,0.1489003708,GH¢ per GMD,ok,
2026-01-19,GHSGMD,Dalasi,Mid Rate,6.7113,GMD per GH¢,0.1490024287,GH¢ per GMD,ok,
2026-01-19,GHSMRO,Ouguiya,Buying,32.9336,MRO per GH¢,0.0303641266,GH¢ per MRO (old ouguiya; 10 MRO = 1 MRU since 2018),ok,
2026-01-19,GHSMRO,Ouguiya,Selling,33.0258,MRO per GH¢,0.0302793574,GH¢ per MRO (old ouguiya; 10 MRO = 1 MRU since 2018),ok,
2026-01-19,GHSMRO,Ouguiya,Mid Rate,32.9797,MRO per GH¢,0.0303216827,GH¢ per MRO (old ouguiya; 10 MRO = 1 MRU since 2018),ok,
2026-01-19,GHSNGN,Naira,Buying,130.9483,NGN per GH¢,0.0076366016,GH¢ per NGN,ok,
2026-01-19,GHSNGN,Naira,Selling,131.0701,NGN per GH¢,0.0076295051,GH¢ per NGN,ok,
2026-01-19,GHSNGN,Naira,Mid Rate,131.0092,NGN per GH¢,0.0076330517,GH¢ per NGN,ok,
2026-01-19,GHSSLL,Leone,Buying,"2,131.3837",SLL per GH¢,0.4691787781,"GH¢ per SLE (new leone; 1 SLE = 1,000 old leones)",ok,
2026-01-19,GHSSLL,Leone,Selling,"2,142.6844",SLL per GH¢,0.4667042893,"GH¢ per SLE (new leone; 1 SLE = 1,000 old leones)",ok,
2026-01-19,GHSSLL,Leone,Mid Rate,"2,137.0341",SLL per GH¢,0.4679382514,"GH¢ per SLE (new leone; 1 SLE = 1,000 old leones)",ok,
2026-01-19,GHSXOF,BCEAO,Buying,51.9430,XOF per GH¢,0.0192518722,GH¢ per XOF (CFA franc (BCEAO)),ok,
2026-01-19,GHSXOF,BCEAO,Selling,51.9945,XOF per GH¢,0.0192328035,GH¢ per XOF (CFA franc (BCEAO)),ok,
2026-01-19,GHSXOF,BCEAO,Mid Rate,51.9688,XOF per GH¢,0.0192423146,GH¢ per XOF (CFA franc (BCEAO)),ok,
2026-01-19,JPYGHS,Japanese yen,Buying,0.0685,GH¢ per JPY,0.0685,GH¢ per JPY,ok,
2026-01-19,JPYGHS,Japanese yen,Selling,0.0686,GH¢ per JPY,0.0686,GH¢ per JPY,ok,
2026-01-19,JPYGHS,Japanese yen,Mid Rate,0.0686,GH¢ per JPY,0.0686,GH¢ per JPY,ok,
2026-01-19,NOKGHS,Norwegian Krone,Buying,1.0770,GH¢ per NOK,1.077,GH¢ per NOK,ok,
2026-01-19,NOKGHS,Norwegian Krone,Selling,1.0778,GH¢ per NOK,1.0778,GH¢ per NOK,ok,
2026-01-19,NOKGHS,Norwegian Krone,Mid Rate,1.0774,GH¢ per NOK,1.0774,GH¢ per NOK,ok,
2026-01-19,NZDGHS,New Zealand Dollar,Buying,6.2763,GH¢ per NZD,6.2763,GH¢ per NZD,ok,
2026-01-19,NZDGHS,New Zealand Dollar,Selling,6.2845,GH¢ per NZD,6.2845,GH¢ per NZD,ok,
2026-01-19,NZDGHS,New Zealand Dollar,Mid Rate,6.2804,GH¢ per NZD,6.2804,GH¢ per NZD,ok,
2026-01-19,SEKGHS,Swedish Krona,Buying,1.1764,GH¢ per SEK,1.1764,GH¢ per SEK,ok,
2026-01-19,SEKGHS,Swedish Krona,Selling,1.1774,GH¢ per SEK,1.1774,GH¢ per SEK,ok,
2026-01-19,SEKGHS,Swedish Krona,Mid Rate,1.1769,GH¢ per SEK,1.1769,GH¢ per SEK,ok,
2026-01-19,WAUGHS,Ecowas,Buying,0.0145,GH¢ per WAU,0.0145,"GH¢ per WAU (BoG's 'Ecowas' unit, not defined by BoG)",ok,
2026-01-19,WAUGHS,Ecowas,Selling,0.0145,GH¢ per WAU,0.0145,"GH¢ per WAU (BoG's 'Ecowas' unit, not defined by BoG)",ok,
2026-01-19,WAUGHS,Ecowas,Mid Rate,0.0145,GH¢ per WAU,0.0145,"GH¢ per WAU (BoG's 'Ecowas' unit, not defined by BoG)",ok,
2026-01-19,ZARGHS,South African Rand,Buying,0.6619,GH¢ per ZAR,0.6619,GH¢ per ZAR,ok,
2026-01-19,ZARGHS,South African Rand,Selling,0.6622,GH¢ per ZAR,0.6622,GH¢ per ZAR,ok,
2026-01-19,ZARGHS,South African Rand,Mid Rate,0.6621,GH¢ per ZAR,0.6621,GH¢ per ZAR,ok,
2026-01-20,USDGHS,US Dollar,Buying,10.8446,GH¢ per USD,10.8446,GH¢ per USD,ok,
2026-01-20,USDGHS,US Dollar,Selling,10.8554,GH¢ per USD,10.8554,GH¢ per USD,ok,
2026-01-20,USDGHS,US Dollar,Mid Rate,10.8500,GH¢ per USD,10.85,GH¢ per USD,ok,
2026-01-20,AUDGHS,Australian Dollar,Buying,7.3137,GH¢ per AUD,7.3137,GH¢ per AUD,ok,
2026-01-20,AUDGHS,Australian Dollar,Selling,7.3230,GH¢ per AUD,7.323,GH¢ per AUD,ok,
2026-01-20,AUDGHS,Australian Dollar,Mid Rate,7.3184,GH¢ per AUD,7.3184,GH¢ per AUD,ok,
2026-01-20,CADGHS,Canadian Dollar,Buying,7.8446,GH¢ per CAD,7.8446,GH¢ per CAD,ok,
2026-01-20,CADGHS,Canadian Dollar,Selling,7.8522,GH¢ per CAD,7.8522,GH¢ per CAD,ok,
2026-01-20,CADGHS,Canadian Dollar,Mid Rate,7.8484,GH¢ per CAD,7.8484,GH¢ per CAD,ok,
2026-01-20,CHFGHS,Swiss Franc,Buying,13.7332,GH¢ per CHF,13.7332,GH¢ per CHF,ok,
2026-01-20,CHFGHS,Swiss Franc,Selling,13.7467,GH¢ per CHF,13.7467,GH¢ per CHF,ok,
2026-01-20,CHFGHS,Swiss Franc,Mid Rate,13.7400,GH¢ per CHF,13.74,GH¢ per CHF,ok,
2026-01-20,CNYGHS,Yuan Renminbi,Buying,1.5579,GH¢ per CNY,1.5579,GH¢ per CNY,ok,
2026-01-20,CNYGHS,Yuan Renminbi,Selling,1.5591,GH¢ per CNY,1.5591,GH¢ per CNY,ok,
2026-01-20,CNYGHS,Yuan Renminbi,Mid Rate,1.5585,GH¢ per CNY,1.5585,GH¢ per CNY,ok,
2026-01-20,DKKGHS,Danish Krone,Buying,1.7033,GH¢ per DKK,1.7033,GH¢ per DKK,ok,
2026-01-20,DKKGHS,Danish Krone,Selling,1.7049,GH¢ per DKK,1.7049,GH¢ per DKK,ok,
2026-01-20,DKKGHS,Danish Krone,Mid Rate,1.7041,GH¢ per DKK,1.7041,GH¢ per DKK,ok,
2026-01-20,EURGHS,Euro,Buying,12.7254,GH¢ per EUR,12.7254,GH¢ per EUR,ok,
2026-01-20,EURGHS,Euro,Selling,12.7369,GH¢ per EUR,12.7369,GH¢ per EUR,ok,
2026-01-20,EURGHS,Euro,Mid Rate,12.7312,GH¢ per EUR,12.7312,GH¢ per EUR,ok,
2026-01-20,GBPGHS,Pound Sterling,Buying,14.6011,GH¢ per GBP,14.6011,GH¢ per GBP,ok,
2026-01-20,GBPGHS,Pound Sterling,Selling,14.6168,GH¢ per GBP,14.6168,GH¢ per GBP,ok,
2026-01-20,GBPGHS,Pound Sterling,Mid Rate,14.6090,GH¢ per GBP,14.609,GH¢ per GBP,ok,
2026-01-20,GHSGMD,Dalasi,Buying,6.7005,GMD per GH¢,0.1492425938,GH¢ per GMD,ok,
2026-01-20,GHSGMD,Dalasi,Selling,6.7189,GMD per GH¢,0.1488338865,GH¢ per GMD,ok,
2026-01-20,GHSGMD,Dalasi,Mid Rate,6.7097,GMD per GH¢,0.14903796,GH¢ per GMD,ok,
2026-01-20,GHSMRO,Ouguiya,Buying,32.9032,MRO per GH¢,0.0303921807,GH¢ per MRO (old ouguiya; 10 MRO = 1 MRU since 2018),ok,
2026-01-20,GHSMRO,Ouguiya,Selling,32.9954,MRO per GH¢,0.030307255,GH¢ per MRO (old ouguiya; 10 MRO = 1 MRU since 2018),ok,
2026-01-20,GHSMRO,Ouguiya,Mid Rate,32.9493,MRO per GH¢,0.0303496584,GH¢ per MRO (old ouguiya; 10 MRO = 1 MRU since 2018),ok,
2026-01-20,GHSNGN,Naira,Buying,130.3198,NGN per GH¢,0.0076734311,GH¢ per NGN,ok,
2026-01-20,GHSNGN,Naira,Selling,131.2415,NGN per GH¢,0.0076195411,GH¢ per NGN,ok,
2026-01-20,GHSNGN,Naira,Mid Rate,130.7807,NGN per GH¢,0.0076463882,GH¢ per NGN,ok,
2026-01-20,GHSSLL,Leone,Buying,"2,129.4193",SLL per GH¢,0.4696115979,"GH¢ per SLE (new leone; 1 SLE = 1,000 old leones)",ok,
2026-01-20,GHSSLL,Leone,Selling,"2,140.7096",SLL per GH¢,0.467134823,"GH¢ per SLE (new leone; 1 SLE = 1,000 old leones)",ok,
2026-01-20,GHSSLL,Leone,Mid Rate,"2,135.0645",SLL per GH¢,0.4683699251,"GH¢ per SLE (new leone; 1 SLE = 1,000 old leones)",ok,
2026-01-20,GHSXOF,BCEAO,Buying,51.5005,XOF per GH¢,0.0194172872,GH¢ per XOF (CFA franc (BCEAO)),ok,
2026-01-20,GHSXOF,BCEAO,Selling,51.5471,XOF per GH¢,0.0193997334,GH¢ per XOF (CFA franc (BCEAO)),ok,
2026-01-20,GHSXOF,BCEAO,Mid Rate,51.5238,XOF per GH¢,0.0194085064,GH¢ per XOF (CFA franc (BCEAO)),ok,
2026-01-20,JPYGHS,Japanese yen,Buying,0.0687,GH¢ per JPY,0.0687,GH¢ per JPY,ok,
2026-01-20,JPYGHS,Japanese yen,Selling,0.0687,GH¢ per JPY,0.0687,GH¢ per JPY,ok,
2026-01-20,JPYGHS,Japanese yen,Mid Rate,0.0687,GH¢ per JPY,0.0687,GH¢ per JPY,ok,
2026-01-20,NOKGHS,Norwegian Krone,Buying,1.0879,GH¢ per NOK,1.0879,GH¢ per NOK,ok,
2026-01-20,NOKGHS,Norwegian Krone,Selling,1.0887,GH¢ per NOK,1.0887,GH¢ per NOK,ok,
2026-01-20,NOKGHS,Norwegian Krone,Mid Rate,1.0883,GH¢ per NOK,1.0883,GH¢ per NOK,ok,
2026-01-20,NZDGHS,New Zealand Dollar,Buying,6.3427,GH¢ per NZD,6.3427,GH¢ per NZD,ok,
2026-01-20,NZDGHS,New Zealand Dollar,Selling,6.3510,GH¢ per NZD,6.351,GH¢ per NZD,ok,
2026-01-20,NZDGHS,New Zealand Dollar,Mid Rate,6.3469,GH¢ per NZD,6.3469,GH¢ per NZD,ok,
2026-01-20,SEKGHS,Swedish Krona,Buying,1.1895,GH¢ per SEK,1.1895,GH¢ per SEK,ok,
2026-01-20,SEKGHS,Swedish Krona,Selling,1.1905,GH¢ per SEK,1.1905,GH¢ per SEK,ok,
2026-01-20,SEKGHS,Swedish Krona,Mid Rate,1.1900,GH¢ per SEK,1.19,GH¢ per SEK,ok,
2026-01-20,WAUGHS,Ecowas,Buying,0.0145,GH¢ per WAU,0.0145,"GH¢ per WAU (BoG's 'Ecowas' unit, not defined by BoG)",ok,
2026-01-20,WAUGHS,Ecowas,Selling,0.0145,GH¢ per WAU,0.0145,"GH¢ per WAU (BoG's 'Ecowas' unit, not defined by BoG)",ok,
2026-01-20,WAUGHS,Ecowas,Mid Rate,0.0145,GH¢ per WAU,0.0145,"GH¢ per WAU (BoG's 'Ecowas' unit, not defined by BoG)",ok,
2026-01-20,ZARGHS,South African Rand,Buying,0.6615,GH¢ per ZAR,0.6615,GH¢ per ZAR,ok,
2026-01-20,ZARGHS,South African Rand,Selling,0.6618,GH¢ per ZAR,0.6618,GH¢ per ZAR,ok,
2026-01-20,ZARGHS,South African Rand,Mid Rate,0.6617,GH¢ per ZAR,0.6617,GH¢ per ZAR,ok,
2026-01-21,USDGHS,US Dollar,Buying,10.8646,GH¢ per USD,10.8646,GH¢ per USD,ok,
2026-01-21,USDGHS,US Dollar,Selling,10.8754,GH¢ per USD,10.8754,GH¢ per USD,ok,
2026-01-21,USDGHS,US Dollar,Mid Rate,10.8700,GH¢ per USD,10.87,GH¢ per USD,ok,
2026-01-21,AUDGHS,Australian Dollar,Buying,7.3474,GH¢ per AUD,7.3474,GH¢ per AUD,ok,
2026-01-21,AUDGHS,Australian Dollar,Selling,7.3567,GH¢ per AUD,7.3567,GH¢ per AUD,ok,
2026-01-21,AUDGHS,Australian Dollar,Mid Rate,7.3521,GH¢ per AUD,7.3521,GH¢ per AUD,ok,
2026-01-21,CADGHS,Canadian Dollar,Buying,7.8635,GH¢ per CAD,7.8635,GH¢ per CAD,ok,
2026-01-21,CADGHS,Canadian Dollar,Selling,7.8711,GH¢ per CAD,7.8711,GH¢ per CAD,ok,
2026-01-21,CADGHS,Canadian Dollar,Mid Rate,7.8673,GH¢ per CAD,7.8673,GH¢ per CAD,ok,
2026-01-21,CHFGHS,Swiss Franc,Buying,13.6965,GH¢ per CHF,13.6965,GH¢ per CHF,ok,
2026-01-21,CHFGHS,Swiss Franc,Selling,13.7099,GH¢ per CHF,13.7099,GH¢ per CHF,ok,
2026-01-21,CHFGHS,Swiss Franc,Mid Rate,13.7032,GH¢ per CHF,13.7032,GH¢ per CHF,ok,
2026-01-21,CNYGHS,Yuan Renminbi,Buying,1.5599,GH¢ per CNY,1.5599,GH¢ per CNY,ok,
2026-01-21,CNYGHS,Yuan Renminbi,Selling,1.5612,GH¢ per CNY,1.5612,GH¢ per CNY,ok,
2026-01-21,CNYGHS,Yuan Renminbi,Mid Rate,1.5606,GH¢ per CNY,1.5606,GH¢ per CNY,ok,
2026-01-21,DKKGHS,Danish Krone,Buying,1.7020,GH¢ per DKK,1.702,GH¢ per DKK,ok,
2026-01-21,DKKGHS,Danish Krone,Selling,1.7034,GH¢ per DKK,1.7034,GH¢ per DKK,ok,
2026-01-21,DKKGHS,Danish Krone,Mid Rate,1.7027,GH¢ per DKK,1.7027,GH¢ per DKK,ok,
2026-01-21,EURGHS,Euro,Buying,12.7140,GH¢ per EUR,12.714,GH¢ per EUR,ok,
2026-01-21,EURGHS,Euro,Selling,12.7266,GH¢ per EUR,12.7266,GH¢ per EUR,ok,
2026-01-21,EURGHS,Euro,Mid Rate,12.7203,GH¢ per EUR,12.7203,GH¢ per EUR,ok,
2026-01-21,GBPGHS,Pound Sterling,Buying,14.5868,GH¢ per GBP,14.5868,GH¢ per GBP,ok,
2026-01-21,GBPGHS,Pound Sterling,Selling,14.6024,GH¢ per GBP,14.6024,GH¢ per GBP,ok,
2026-01-21,GBPGHS,Pound Sterling,Mid Rate,14.5946,GH¢ per GBP,14.5946,GH¢ per GBP,ok,
2026-01-21,GHSGMD,Dalasi,Buying,6.6881,GMD per GH¢,0.1495192955,GH¢ per GMD,ok,
2026-01-21,GHSGMD,Dalasi,Selling,6.7065,GMD per GH¢,0.1491090733,GH¢ per GMD,ok,
2026-01-21,GHSGMD,Dalasi,Mid Rate,6.6973,GMD per GH¢,0.1493139026,GH¢ per GMD,ok,
2026-01-21,GHSMRO,Ouguiya,Buying,32.8427,MRO per GH¢,0.0304481666,GH¢ per MRO (old ouguiya; 10 MRO = 1 MRU since 2018),ok,
2026-01-21,GHSMRO,Ouguiya,Selling,32.9347,MRO per GH¢,0.0303631125,GH¢ per MRO (old ouguiya; 10 MRO = 1 MRU since 2018),ok,
2026-01-21,GHSMRO,Ouguiya,Mid Rate,32.8887,MRO per GH¢,0.03040558,GH¢ per MRO (old ouguiya; 10 MRO = 1 MRU since 2018),ok,
2026-01-21,GHSNGN,Naira,Buying,130.6863,NGN per GH¢,0.0076519115,GH¢ per NGN,ok,
2026-01-21,GHSNGN,Naira,Selling,130.7792,NGN per GH¢,0.0076464759,GH¢ per NGN,ok,
2026-01-21,GHSNGN,Naira,Mid Rate,130.7328,NGN per GH¢,0.0076491898,GH¢ per NGN,ok,
2026-01-21,GHSSLL,Leone,Buying,"2,125.5013",SLL per GH¢,0.4704772469,"GH¢ per SLE (new leone; 1 SLE = 1,000 old leones)",ok,
2026-01-21,GHSSLL,Leone,Selling,"2,136.7709",SLL per GH¢,0.4679958904,"GH¢ per SLE (new leone; 1 SLE = 1,000 old leones)",ok,
2026-01-21,GHSSLL,Leone,Mid Rate,"2,131.1361",SLL per GH¢,0.4692332883,"GH¢ per SLE (new leone; 1 SLE = 1,000 old leones)",ok,
2026-01-21,GHSXOF,BCEAO,Buying,51.5422,XOF per GH¢,0.0194015777,GH¢ per XOF (CFA franc (BCEAO)),ok,
2026-01-21,GHSXOF,BCEAO,Selling,51.5933,XOF per GH¢,0.0193823617,GH¢ per XOF (CFA franc (BCEAO)),ok,
2026-01-21,GHSXOF,BCEAO,Mid Rate,51.5678,XOF per GH¢,0.0193919461,GH¢ per XOF (CFA franc (BCEAO)),ok,
2026-01-21,JPYGHS,Japanese yen,Buying,0.0687,GH¢ per JPY,0.0687,GH¢ per JPY,ok,
2026-01-21,JPYGHS,Japanese yen,Selling,0.0687,GH¢ per JPY,0.0687,GH¢ per JPY,ok,
2026-01-21,JPYGHS,Japanese yen,Mid Rate,0.0687,GH¢ per JPY,0.0687,GH¢ per JPY,ok,
2026-01-21,NOKGHS,Norwegian Krone,Buying,1.0911,GH¢ per NOK,1.0911,GH¢ per NOK,ok,
2026-01-21,NOKGHS,Norwegian Krone,Selling,1.0918,GH¢ per NOK,1.0918,GH¢ per NOK,ok,
2026-01-21,NOKGHS,Norwegian Krone,Mid Rate,1.0915,GH¢ per NOK,1.0915,GH¢ per NOK,ok,
2026-01-21,NZDGHS,New Zealand Dollar,Buying,6.3511,GH¢ per NZD,6.3511,GH¢ per NZD,ok,
2026-01-21,NZDGHS,New Zealand Dollar,Selling,6.3594,GH¢ per NZD,6.3594,GH¢ per NZD,ok,
2026-01-21,NZDGHS,New Zealand Dollar,Mid Rate,6.3553,GH¢ per NZD,6.3553,GH¢ per NZD,ok,
2026-01-21,SEKGHS,Swedish Krona,Buying,1.1933,GH¢ per SEK,1.1933,GH¢ per SEK,ok,
2026-01-21,SEKGHS,Swedish Krona,Selling,1.1942,GH¢ per SEK,1.1942,GH¢ per SEK,ok,
2026-01-21,SEKGHS,Swedish Krona,Mid Rate,1.1938,GH¢ per SEK,1.1938,GH¢ per SEK,ok,
2026-01-21,WAUGHS,Ecowas,Buying,0.0144,GH¢ per WAU,0.0144,"GH¢ per WAU (BoG's 'Ecowas' unit, not defined by BoG)",ok,
2026-01-21,WAUGHS,Ecowas,Selling,0.0144,GH¢ per WAU,0.0144,"GH¢ per WAU (BoG's 'Ecowas' unit, not defined by BoG)",ok,
2026-01-21,WAUGHS,Ecowas,Mid Rate,0.0144,GH¢ per WAU,0.0144,"GH¢ per WAU (BoG's 'Ecowas' unit, not defined by BoG)",ok,
2026-01-21,ZARGHS,South African Rand,Buying,0.6688,GH¢ per ZAR,0.6688,GH¢ per ZAR,ok,
2026-01-21,ZARGHS,South African Rand,Selling,0.6691,GH¢ per ZAR,0.6691,GH¢ per ZAR,ok,
2026-01-21,ZARGHS,South African Rand,Mid Rate,0.6690,GH¢ per ZAR,0.669,GH¢ per ZAR,ok,
2026-01-22,USDGHS,US Dollar,Buying,10.8646,GH¢ per USD,10.8646,GH¢ per USD,ok,
2026-01-22,USDGHS,US Dollar,Selling,10.8754,GH¢ per USD,10.8754,GH¢ per USD,ok,
2026-01-22,USDGHS,US Dollar,Mid Rate,10.8700,GH¢ per USD,10.87,GH¢ per USD,ok,
2026-01-22,AUDGHS,Australian Dollar,Buying,7.4205,GH¢ per AUD,7.4205,GH¢ per AUD,ok,
2026-01-22,AUDGHS,Australian Dollar,Selling,7.4299,GH¢ per AUD,7.4299,GH¢ per AUD,ok,
2026-01-22,AUDGHS,Australian Dollar,Mid Rate,7.4252,GH¢ per AUD,7.4252,GH¢ per AUD,ok,
2026-01-22,CADGHS,Canadian Dollar,Buying,7.8734,GH¢ per CAD,7.8734,GH¢ per CAD,ok,
2026-01-22,CADGHS,Canadian Dollar,Selling,7.8810,GH¢ per CAD,7.881,GH¢ per CAD,ok,
2026-01-22,CADGHS,Canadian Dollar,Mid Rate,7.8772,GH¢ per CAD,7.8772,GH¢ per CAD,ok,
2026-01-22,CHFGHS,Swiss Franc,Buying,13.7424,GH¢ per CHF,13.7424,GH¢ per CHF,ok,
2026-01-22,CHFGHS,Swiss Franc,Selling,13.7559,GH¢ per CHF,13.7559,GH¢ per CHF,ok,
2026-01-22,CHFGHS,Swiss Franc,Mid Rate,13.7492,GH¢ per CHF,13.7492,GH¢ per CHF,ok,
2026-01-22,CNYGHS,Yuan Renminbi,Buying,1.5582,GH¢ per CNY,1.5582,GH¢ per CNY,ok,
2026-01-22,CNYGHS,Yuan Renminbi,Selling,1.5596,GH¢ per CNY,1.5596,GH¢ per CNY,ok,
2026-01-22,CNYGHS,Yuan Renminbi,Mid Rate,1.5589,GH¢ per CNY,1.5589,GH¢ per CNY,ok,
2026-01-22,DKKGHS,Danish Krone,Buying,1.7081,GH¢ per DKK,1.7081,GH¢ per DKK,ok,
2026-01-22,DKKGHS,Danish Krone,Selling,1.7094,GH¢ per DKK,1.7094,GH¢ per DKK,ok,
2026-01-22,DKKGHS,Danish Krone,Mid Rate,1.7088,GH¢ per DKK,1.7088,GH¢ per DKK,ok,
2026-01-22,EURGHS,Euro,Buying,12.7568,GH¢ per EUR,12.7568,GH¢ per EUR,ok,
2026-01-22,EURGHS,Euro,Selling,12.7683,GH¢ per EUR,12.7683,GH¢ per EUR,ok,
2026-01-22,EURGHS,Euro,Mid Rate,12.7626,GH¢ per EUR,12.7626,GH¢ per EUR,ok,
2026-01-22,GBPGHS,Pound Sterling,Buying,14.6563,GH¢ per GBP,14.6563,GH¢ per GBP,ok,
2026-01-22,GBPGHS,Pound Sterling,Selling,14.6720,GH¢ per GBP,14.672,GH¢ per GBP,ok,
2026-01-22,GBPGHS,Pound Sterling,Mid Rate,14.6642,GH¢ per GBP,14.6642,GH¢ per GBP,ok,
2026-01-22,GHSGMD,Dalasi,Buying,6.6881,GMD per GH¢,0.1495192955,GH¢ per GMD,ok,
2026-01-22,GHSGMD,Dalasi,Selling,6.7065,GMD per GH¢,0.1491090733,GH¢ per GMD,ok,
2026-01-22,GHSGMD,Dalasi,Mid Rate,6.6973,GMD per GH¢,0.1493139026,GH¢ per GMD,ok,
2026-01-22,GHSMRO,Ouguiya,Buying,32.8427,MRO per GH¢,0.0304481666,GH¢ per MRO (old ouguiya; 10 MRO = 1 MRU since 2018),ok,
2026-01-22,GHSMRO,Ouguiya,Selling,32.9347,MRO per GH¢,0.0303631125,GH¢ per MRO (old ouguiya; 10 MRO = 1 MRU since 2018),ok,
2026-01-22,GHSMRO,Ouguiya,Mid Rate,32.8887,MRO per GH¢,0.03040558,GH¢ per MRO (old ouguiya; 10 MRO = 1 MRU since 2018),ok,
2026-01-22,GHSNGN,Naira,Buying,130.7608,NGN per GH¢,0.0076475519,GH¢ per NGN,ok,
2026-01-22,GHSNGN,Naira,Selling,130.8519,NGN per GH¢,0.0076422276,GH¢ per NGN,ok,
2026-01-22,GHSNGN,Naira,Mid Rate,130.8064,NGN per GH¢,0.0076448859,GH¢ per NGN,ok,
2026-01-22,GHSSLL,Leone,Buying,"2,125.5013",SLL per GH¢,0.4704772469,"GH¢ per SLE (new leone; 1 SLE = 1,000 old leones)",ok,
2026-01-22,GHSSLL,Leone,Selling,"2,136.7709",SLL per GH¢,0.4679958904,"GH¢ per SLE (new leone; 1 SLE = 1,000 old leones)",ok,
2026-01-22,GHSSLL,Leone,Mid Rate,"2,131.1361",SLL per GH¢,0.4692332883,"GH¢ per SLE (new leone; 1 SLE = 1,000 old leones)",ok,
2026-01-22,GHSXOF,BCEAO,Buying,51.3739,XOF per GH¢,0.019465137,GH¢ per XOF (CFA franc (BCEAO)),ok,
2026-01-22,GHSXOF,BCEAO,Selling,51.4202,XOF per GH¢,0.0194476101,GH¢ per XOF (CFA franc (BCEAO)),ok,
2026-01-22,GHSXOF,BCEAO,Mid Rate,51.3971,XOF per GH¢,0.0194563507,GH¢ per XOF (CFA franc (BCEAO)),ok,
2026-01-22,JPYGHS,Japanese yen,Buying,0.0686,GH¢ per JPY,0.0686,GH¢ per JPY,ok,
2026-01-22,JPYGHS,Japanese yen,Selling,0.0687,GH¢ per JPY,0.0687,GH¢ per JPY,ok,
2026-01-22,JPYGHS,Japanese yen,Mid Rate,0.0687,GH¢ per JPY,0.0687,GH¢ per JPY,ok,
2026-01-22,NOKGHS,Norwegian Krone,Buying,1.1007,GH¢ per NOK,1.1007,GH¢ per NOK,ok,
2026-01-22,NOKGHS,Norwegian Krone,Selling,1.1015,GH¢ per NOK,1.1015,GH¢ per NOK,ok,
2026-01-22,NOKGHS,Norwegian Krone,Mid Rate,1.1011,GH¢ per NOK,1.1011,GH¢ per NOK,ok,
2026-01-22,NZDGHS,New Zealand Dollar,Buying,6.4092,GH¢ per NZD,6.4092,GH¢ per NZD,ok,
2026-01-22,NZDGHS,New Zealand Dollar,Selling,6.4161,GH¢ per NZD,6.4161,GH¢ per NZD,ok,
2026-01-22,NZDGHS,New Zealand Dollar,Mid Rate,6.4127,GH¢ per NZD,6.4127,GH¢ per NZD,ok,
2026-01-22,SEKGHS,Swedish Krona,Buying,1.2038,GH¢ per SEK,1.2038,GH¢ per SEK,ok,
2026-01-22,SEKGHS,Swedish Krona,Selling,1.2048,GH¢ per SEK,1.2048,GH¢ per SEK,ok,
2026-01-22,SEKGHS,Swedish Krona,Mid Rate,1.2043,GH¢ per SEK,1.2043,GH¢ per SEK,ok,
2026-01-22,WAUGHS,Ecowas,Buying,0.0144,GH¢ per WAU,0.0144,"GH¢ per WAU (BoG's 'Ecowas' unit, not defined by BoG)",ok,
2026-01-22,WAUGHS,Ecowas,Selling,0.0144,GH¢ per WAU,0.0144,"GH¢ per WAU (BoG's 'Ecowas' unit, not defined by BoG)",ok,
2026-01-22,WAUGHS,Ecowas,Mid Rate,0.0144,GH¢ per WAU,0.0144,"GH¢ per WAU (BoG's 'Ecowas' unit, not defined by BoG)",ok,
2026-01-22,ZARGHS,South African Rand,Buying,0.6727,GH¢ per ZAR,0.6727,GH¢ per ZAR,ok,
2026-01-22,ZARGHS,South African Rand,Selling,0.6730,GH¢ per ZAR,0.673,GH¢ per ZAR,ok,
2026-01-22,ZARGHS,South African Rand,Mid Rate,0.6729,GH¢ per ZAR,0.6729,GH¢ per ZAR,ok,
2026-01-23,USDGHS,US Dollar,Buying,10.8746,GH¢ per USD,10.8746,GH¢ per USD,ok,
2026-01-23,USDGHS,US Dollar,Selling,10.8854,GH¢ per USD,10.8854,GH¢ per USD,ok,
2026-01-23,USDGHS,US Dollar,Mid Rate,10.8800,GH¢ per USD,10.88,GH¢ per USD,ok,
2026-01-23,AUDGHS,Australian Dollar,Buying,7.4754,GH¢ per AUD,7.4754,GH¢ per AUD,ok,
2026-01-23,AUDGHS,Australian Dollar,Selling,7.4843,GH¢ per AUD,7.4843,GH¢ per AUD,ok,
2026-01-23,AUDGHS,Australian Dollar,Mid Rate,7.4799,GH¢ per AUD,7.4799,GH¢ per AUD,ok,
2026-01-23,CADGHS,Canadian Dollar,Buying,7.9204,GH¢ per CAD,7.9204,GH¢ per CAD,ok,
2026-01-23,CADGHS,Canadian Dollar,Selling,7.9275,GH¢ per CAD,7.9275,GH¢ per CAD,ok,
2026-01-23,CADGHS,Canadian Dollar,Mid Rate,7.9240,GH¢ per CAD,7.924,GH¢ per CAD,ok,
2026-01-23,CHFGHS,Swiss Franc,Buying,13.8041,GH¢ per CHF,13.8041,GH¢ per CHF,ok,
2026-01-23,CHFGHS,Swiss Franc,Selling,13.8166,GH¢ per CHF,13.8166,GH¢ per CHF,ok,
2026-01-23,CHFGHS,Swiss Franc,Mid Rate,13.8104,GH¢ per CHF,13.8104,GH¢ per CHF,ok,
2026-01-23,CNYGHS,Yuan Renminbi,Buying,1.5617,GH¢ per CNY,1.5617,GH¢ per CNY,ok,
2026-01-23,CNYGHS,Yuan Renminbi,Selling,1.5629,GH¢ per CNY,1.5629,GH¢ per CNY,ok,
2026-01-23,CNYGHS,Yuan Renminbi,Mid Rate,1.5623,GH¢ per CNY,1.5623,GH¢ per CNY,ok,
2026-01-23,DKKGHS,Danish Krone,Buying,1.7137,GH¢ per DKK,1.7137,GH¢ per DKK,ok,
2026-01-23,DKKGHS,Danish Krone,Selling,1.7149,GH¢ per DKK,1.7149,GH¢ per DKK,ok,
2026-01-23,DKKGHS,Danish Krone,Mid Rate,1.7143,GH¢ per DKK,1.7143,GH¢ per DKK,ok,
2026-01-23,EURGHS,Euro,Buying,12.7969,GH¢ per EUR,12.7969,GH¢ per EUR,ok,
2026-01-23,EURGHS,Euro,Selling,12.8075,GH¢ per EUR,12.8075,GH¢ per EUR,ok,
2026-01-23,EURGHS,Euro,Mid Rate,12.8022,GH¢ per EUR,12.8022,GH¢ per EUR,ok,
2026-01-23,GBPGHS,Pound Sterling,Buying,14.7677,GH¢ per GBP,14.7677,GH¢ per GBP,ok,
2026-01-23,GBPGHS,Pound Sterling,Selling,14.7824,GH¢ per GBP,14.7824,GH¢ per GBP,ok,
2026-01-23,GBPGHS,Pound Sterling,Mid Rate,14.7751,GH¢ per GBP,14.7751,GH¢ per GBP,ok,
2026-01-23,GHSGMD,Dalasi,Buying,6.6498,GMD per GH¢,0.1503804626,GH¢ per GMD,ok,
2026-01-23,GHSGMD,Dalasi,Selling,6.6820,GMD per GH¢,0.1496557917,GH¢ per GMD,ok,
2026-01-23,GHSGMD,Dalasi,Mid Rate,6.6659,GMD per GH¢,0.150017252,GH¢ per GMD,ok,
2026-01-23,GHSMRO,Ouguiya,Buying,32.8125,MRO per GH¢,0.0304761905,GH¢ per MRO (old ouguiya; 10 MRO = 1 MRU since 2018),ok,
2026-01-23,GHSMRO,Ouguiya,Selling,32.9044,MRO per GH¢,0.0303910723,GH¢ per MRO (old ouguiya; 10 MRO = 1 MRU since 2018),ok,
2026-01-23,GHSMRO,Ouguiya,Mid Rate,32.8585,MRO per GH¢,0.0304335256,GH¢ per MRO (old ouguiya; 10 MRO = 1 MRU since 2018),ok,
2026-01-23,GHSNGN,Naira,Buying,130.5910,NGN per GH¢,0.0076574955,GH¢ per NGN,ok,
2026-01-23,GHSNGN,Naira,Selling,130.7068,NGN per GH¢,0.0076507114,GH¢ per NGN,ok,
2026-01-23,GHSNGN,Naira,Mid Rate,130.6489,NGN per GH¢,0.0076541019,GH¢ per NGN,ok,
2026-01-23,GHSSLL,Leone,Buying,"2,123.5477",SLL per GH¢,0.4709100719,"GH¢ per SLE (new leone; 1 SLE = 1,000 old leones)",ok,
2026-01-23,GHSSLL,Leone,Selling,"2,134.8069",SLL per GH¢,0.4684264418,"GH¢ per SLE (new leone; 1 SLE = 1,000 old leones)",ok,
2026-01-23,GHSSLL,Leone,Mid Rate,"2,129.1773",SLL per GH¢,0.4696649734,"GH¢ per SLE (new leone; 1 SLE = 1,000 old leones)",ok,
2026-01-23,GHSXOF,BCEAO,Buying,51.2166,XOF per GH¢,0.0195249197,GH¢ per XOF (CFA franc (BCEAO)),ok,
2026-01-23,GHSXOF,BCEAO,Selling,51.2591,XOF per GH¢,0.0195087311,GH¢ per XOF (CFA franc (BCEAO)),ok,
2026-01-23,GHSXOF,BCEAO,Mid Rate,51.2379,XOF per GH¢,0.019516803,GH¢ per XOF (CFA franc (BCEAO)),ok,
2026-01-23,JPYGHS,Japanese yen,Buying,0.0690,GH¢ per JPY,0.069,GH¢ per JPY,ok,
2026-01-23,JPYGHS,Japanese yen,Selling,0.0690,GH¢ per JPY,0.069,GH¢ per JPY,ok,
2026-01-23,JPYGHS,Japanese yen,Mid Rate,0.0690,GH¢ per JPY,0.069,GH¢ per JPY,ok,
2026-01-23,NOKGHS,Norwegian Krone,Buying,1.1074,GH¢ per NOK,1.1074,GH¢ per NOK,ok,
2026-01-23,NOKGHS,Norwegian Krone,Selling,1.1082,GH¢ per NOK,1.1082,GH¢ per NOK,ok,
2026-01-23,NOKGHS,Norwegian Krone,Mid Rate,1.1078,GH¢ per NOK,1.1078,GH¢ per NOK,ok,
2026-01-23,NZDGHS,New Zealand Dollar,Buying,6.4431,GH¢ per NZD,6.4431,GH¢ per NZD,ok,
2026-01-23,NZDGHS,New Zealand Dollar,Selling,6.4511,GH¢ per NZD,6.4511,GH¢ per NZD,ok,
2026-01-23,NZDGHS,New Zealand Dollar,Mid Rate,6.4471,GH¢ per NZD,6.4471,GH¢ per NZD,ok,
2026-01-23,SEKGHS,Swedish Krona,Buying,1.2076,GH¢ per SEK,1.2076,GH¢ per SEK,ok,
2026-01-23,SEKGHS,Swedish Krona,Selling,1.2085,GH¢ per SEK,1.2085,GH¢ per SEK,ok,
2026-01-23,SEKGHS,Swedish Krona,Mid Rate,1.2081,GH¢ per SEK,1.2081,GH¢ per SEK,ok,
2026-01-23,WAUGHS,Ecowas,Buying,0.0144,GH¢ per WAU,0.0144,"GH¢ per WAU (BoG's 'Ecowas' unit, not defined by BoG)",ok,
2026-01-23,WAUGHS,Ecowas,Selling,0.0144,GH¢ per WAU,0.0144,"GH¢ per WAU (BoG's 'Ecowas' unit, not defined by BoG)",ok,
2026-01-23,WAUGHS,Ecowas,Mid Rate,0.0144,GH¢ per WAU,0.0144,"GH¢ per WAU (BoG's 'Ecowas' unit, not defined by BoG)",ok,
2026-01-23,ZARGHS,South African Rand,Buying,0.6736,GH¢ per ZAR,0.6736,GH¢ per ZAR,ok,
2026-01-23,ZARGHS,South African Rand,Selling,0.6739,GH¢ per ZAR,0.6739,GH¢ per ZAR,ok,
2026-01-23,ZARGHS,South African Rand,Mid Rate,0.6738,GH¢ per ZAR,0.6738,GH¢ per ZAR,ok,
2026-01-26,USDGHS,US Dollar,Buying,10.8946,GH¢ per USD,10.8946,GH¢ per USD,ok,
2026-01-26,USDGHS,US Dollar,Selling,10.9055,GH¢ per USD,10.9055,GH¢ per USD,ok,
2026-01-26,USDGHS,US Dollar,Mid Rate,10.9000,GH¢ per USD,10.9,GH¢ per USD,ok,
2026-01-26,AUDGHS,Australian Dollar,Buying,7.5577,GH¢ per AUD,7.5577,GH¢ per AUD,ok,
2026-01-26,AUDGHS,Australian Dollar,Selling,7.5658,GH¢ per AUD,7.5658,GH¢ per AUD,ok,
2026-01-26,AUDGHS,Australian Dollar,Mid Rate,7.5618,GH¢ per AUD,7.5618,GH¢ per AUD,ok,
2026-01-26,CADGHS,Canadian Dollar,Buying,7.9648,GH¢ per CAD,7.9648,GH¢ per CAD,ok,
2026-01-26,CADGHS,Canadian Dollar,Selling,7.9721,GH¢ per CAD,7.9721,GH¢ per CAD,ok,
2026-01-26,CADGHS,Canadian Dollar,Mid Rate,7.9685,GH¢ per CAD,7.9685,GH¢ per CAD,ok,
2026-01-26,CHFGHS,Swiss Franc,Buying,14.0799,GH¢ per CHF,14.0799,GH¢ per CHF,ok,
2026-01-26,CHFGHS,Swiss Franc,Selling,14.0924,GH¢ per CHF,14.0924,GH¢ per CHF,ok,
2026-01-26,CHFGHS,Swiss Franc,Mid Rate,14.0862,GH¢ per CHF,14.0862,GH¢ per CHF,ok,
2026-01-26,CNYGHS,Yuan Renminbi,Buying,1.5663,GH¢ per CNY,1.5663,GH¢ per CNY,ok,
2026-01-26,CNYGHS,Yuan Renminbi,Selling,1.5678,GH¢ per CNY,1.5678,GH¢ per CNY,ok,
2026-01-26,CNYGHS,Yuan Renminbi,Mid Rate,1.5671,GH¢ per CNY,1.5671,GH¢ per CNY,ok,
2026-01-26,DKKGHS,Danish Krone,Buying,1.7353,GH¢ per DKK,1.7353,GH¢ per DKK,ok,
2026-01-26,DKKGHS,Danish Krone,Selling,1.7368,GH¢ per DKK,1.7368,GH¢ per DKK,ok,
2026-01-26,DKKGHS,Danish Krone,Mid Rate,1.7361,GH¢ per DKK,1.7361,GH¢ per DKK,ok,
2026-01-26,EURGHS,Euro,Buying,12.9583,GH¢ per EUR,12.9583,GH¢ per EUR,ok,
2026-01-26,EURGHS,Euro,Selling,12.9722,GH¢ per EUR,12.9722,GH¢ per EUR,ok,
2026-01-26,EURGHS,Euro,Mid Rate,12.9653,GH¢ per EUR,12.9653,GH¢ per EUR,ok,
2026-01-26,GBPGHS,Pound Sterling,Buying,14.9332,GH¢ per GBP,14.9332,GH¢ per GBP,ok,
2026-01-26,GBPGHS,Pound Sterling,Selling,14.9492,GH¢ per GBP,14.9492,GH¢ per GBP,ok,
2026-01-26,GBPGHS,Pound Sterling,Mid Rate,14.9412,GH¢ per GBP,14.9412,GH¢ per GBP,ok,
2026-01-26,GHSGMD,Dalasi,Buying,6.6376,GMD per GH¢,0.1506568639,GH¢ per GMD,ok,
2026-01-26,GHSGMD,Dalasi,Selling,6.6697,GMD per GH¢,0.149931781,GH¢ per GMD,ok,
2026-01-26,GHSGMD,Dalasi,Mid Rate,6.6537,GMD per GH¢,0.1502923186,GH¢ per GMD,ok,
2026-01-26,GHSMRO,Ouguiya,Buying,32.7523,MRO per GH¢,0.0305322069,GH¢ per MRO (old ouguiya; 10 MRO = 1 MRU since 2018),ok,
2026-01-26,GHSMRO,Ouguiya,Selling,32.8440,MRO per GH¢,0.0304469614,GH¢ per MRO (old ouguiya; 10 MRO = 1 MRU since 2018),ok,
2026-01-26,GHSMRO,Ouguiya,Mid Rate,32.7982,MRO per GH¢,0.0304894781,GH¢ per MRO (old ouguiya; 10 MRO = 1 MRU since 2018),ok,
2026-01-26,GHSNGN,Naira,Buying,130.0459,NGN per GH¢,0.0076895927,GH¢ per NGN,ok,
2026-01-26,GHSNGN,Naira,Selling,130.1376,NGN per GH¢,0.0076841743,GH¢ per NGN,ok,
2026-01-26,GHSNGN,Naira,Mid Rate,130.0918,NGN per GH¢,0.0076868796,GH¢ per NGN,ok,
2026-01-26,GHSSLL,Leone,Buying,"2,119.6513",SLL per GH¢,0.4717757114,"GH¢ per SLE (new leone; 1 SLE = 1,000 old leones)",ok,
2026-01-26,GHSSLL,Leone,Selling,"2,130.8898",SLL per GH¢,0.4692875249,"GH¢ per SLE (new leone; 1 SLE = 1,000 old leones)",ok,
2026-01-26,GHSSLL,Leone,Mid Rate,"2,125.2706",SLL per GH¢,0.4705283177,"GH¢ per SLE (new leone; 1 SLE = 1,000 old leones)",ok,
2026-01-26,GHSXOF,BCEAO,Buying,50.5664,XOF per GH¢,0.0197759777,GH¢ per XOF (CFA franc (BCEAO)),ok,
2026-01-26,GHSXOF,BCEAO,Selling,50.6206,XOF per GH¢,0.0197548034,GH¢ per XOF (CFA franc (BCEAO)),ok,
2026-01-26,GHSXOF,BCEAO,Mid Rate,50.5935,XOF per GH¢,0.0197653849,GH¢ per XOF (CFA franc (BCEAO)),ok,
2026-01-26,JPYGHS,Japanese yen,Buying,0.0708,GH¢ per JPY,0.0708,GH¢ per JPY,ok,
2026-01-26,JPYGHS,Japanese yen,Selling,0.0709,GH¢ per JPY,0.0709,GH¢ per JPY,ok,
2026-01-26,JPYGHS,Japanese yen,Mid Rate,0.0709,GH¢ per JPY,0.0709,GH¢ per JPY,ok,
2026-01-26,NOKGHS,Norwegian Krone,Buying,1.1171,GH¢ per NOK,1.1171,GH¢ per NOK,ok,
2026-01-26,NOKGHS,Norwegian Krone,Selling,1.1180,GH¢ per NOK,1.118,GH¢ per NOK,ok,
2026-01-26,NOKGHS,Norwegian Krone,Mid Rate,1.1176,GH¢ per NOK,1.1176,GH¢ per NOK,ok,
2026-01-26,NZDGHS,New Zealand Dollar,Buying,6.5288,GH¢ per NZD,6.5288,GH¢ per NZD,ok,
2026-01-26,NZDGHS,New Zealand Dollar,Selling,6.5358,GH¢ per NZD,6.5358,GH¢ per NZD,ok,
2026-01-26,NZDGHS,New Zealand Dollar,Mid Rate,6.5323,GH¢ per NZD,6.5323,GH¢ per NZD,ok,
2026-01-26,SEKGHS,Swedish Krona,Buying,1.2215,GH¢ per SEK,1.2215,GH¢ per SEK,ok,
2026-01-26,SEKGHS,Swedish Krona,Selling,1.2225,GH¢ per SEK,1.2225,GH¢ per SEK,ok,
2026-01-26,SEKGHS,Swedish Krona,Mid Rate,1.2220,GH¢ per SEK,1.222,GH¢ per SEK,ok,
2026-01-26,WAUGHS,Ecowas,Buying,0.0143,GH¢ per WAU,0.0143,"GH¢ per WAU (BoG's 'Ecowas' unit, not defined by BoG)",ok,
2026-01-26,WAUGHS,Ecowas,Selling,0.0143,GH¢ per WAU,0.0143,"GH¢ per WAU (BoG's 'Ecowas' unit, not defined by BoG)",ok,
2026-01-26,WAUGHS,Ecowas,Mid Rate,0.0143,GH¢ per WAU,0.0143,"GH¢ per WAU (BoG's 'Ecowas' unit, not defined by BoG)",ok,
2026-01-26,ZARGHS,South African Rand,Buying,0.6836,GH¢ per ZAR,0.6836,GH¢ per ZAR,ok,
2026-01-26,ZARGHS,South African Rand,Selling,0.6839,GH¢ per ZAR,0.6839,GH¢ per ZAR,ok,
2026-01-26,ZARGHS,South African Rand,Mid Rate,0.6838,GH¢ per ZAR,0.6838,GH¢ per ZAR,ok,
2026-01-27,USDGHS,US Dollar,Buying,10.9145,GH¢ per USD,10.9145,GH¢ per USD,ok,
2026-01-27,USDGHS,US Dollar,Selling,10.9255,GH¢ per USD,10.9255,GH¢ per USD,ok,
2026-01-27,USDGHS,US Dollar,Mid Rate,10.9200,GH¢ per USD,10.92,GH¢ per USD,ok,
2026-01-27,AUDGHS,Australian Dollar,Buying,7.6018,GH¢ per AUD,7.6018,GH¢ per AUD,ok,
2026-01-27,AUDGHS,Australian Dollar,Selling,7.6100,GH¢ per AUD,7.61,GH¢ per AUD,ok,
2026-01-27,AUDGHS,Australian Dollar,Mid Rate,7.6059,GH¢ per AUD,7.6059,GH¢ per AUD,ok,
2026-01-27,CADGHS,Canadian Dollar,Buying,8.0187,GH¢ per CAD,8.0187,GH¢ per CAD,ok,
2026-01-27,CADGHS,Canadian Dollar,Selling,8.0264,GH¢ per CAD,8.0264,GH¢ per CAD,ok,
2026-01-27,CADGHS,Canadian Dollar,Mid Rate,8.0226,GH¢ per CAD,8.0226,GH¢ per CAD,ok,
2026-01-27,CHFGHS,Swiss Franc,Buying,14.2127,GH¢ per CHF,14.2127,GH¢ per CHF,ok,
2026-01-27,CHFGHS,Swiss Franc,Selling,14.2266,GH¢ per CHF,14.2266,GH¢ per CHF,ok,
2026-01-27,CHFGHS,Swiss Franc,Mid Rate,14.2197,GH¢ per CHF,14.2197,GH¢ per CHF,ok,
2026-01-27,CNYGHS,Yuan Renminbi,Buying,1.5693,GH¢ per CNY,1.5693,GH¢ per CNY,ok,
2026-01-27,CNYGHS,Yuan Renminbi,Selling,1.5710,GH¢ per CNY,1.571,GH¢ per CNY,ok,
2026-01-27,CNYGHS,Yuan Renminbi,Mid Rate,1.5702,GH¢ per CNY,1.5702,GH¢ per CNY,ok,
2026-01-27,DKKGHS,Danish Krone,Buying,1.7469,GH¢ per DKK,1.7469,GH¢ per DKK,ok,
2026-01-27,DKKGHS,Danish Krone,Selling,1.7484,GH¢ per DKK,1.7484,GH¢ per DKK,ok,
2026-01-27,DKKGHS,Danish Krone,Mid Rate,1.7477,GH¢ per DKK,1.7477,GH¢ per DKK,ok,
2026-01-27,EURGHS,Euro,Buying,13.0430,GH¢ per EUR,13.043,GH¢ per EUR,ok,
2026-01-27,EURGHS,Euro,Selling,13.0559,GH¢ per EUR,13.0559,GH¢ per EUR,ok,
2026-01-27,EURGHS,Euro,Mid Rate,13.0495,GH¢ per EUR,13.0495,GH¢ per EUR,ok,
2026-01-27,GBPGHS,Pound Sterling,Buying,15.0086,GH¢ per GBP,15.0086,GH¢ per GBP,ok,
2026-01-27,GBPGHS,Pound Sterling,Selling,15.0247,GH¢ per GBP,15.0247,GH¢ per GBP,ok,
2026-01-27,GBPGHS,Pound Sterling,Mid Rate,15.0167,GH¢ per GBP,15.0167,GH¢ per GBP,ok,
2026-01-27,GHSGMD,Dalasi,Buying,6.6277,GMD per GH¢,0.1508819047,GH¢ per GMD,ok,
2026-01-27,GHSGMD,Dalasi,Selling,6.6575,GMD per GH¢,0.150206534,GH¢ per GMD,ok,
2026-01-27,GHSGMD,Dalasi,Mid Rate,6.6426,GMD per GH¢,0.1505434619,GH¢ per GMD,ok,
2026-01-27,GHSMRO,Ouguiya,Buying,32.6923,MRO per GH¢,0.0305882425,GH¢ per MRO (old ouguiya; 10 MRO = 1 MRU since 2018),ok,
2026-01-27,GHSMRO,Ouguiya,Selling,32.7839,MRO per GH¢,0.0305027773,GH¢ per MRO (old ouguiya; 10 MRO = 1 MRU since 2018),ok,
2026-01-27,GHSMRO,Ouguiya,Mid Rate,32.7381,MRO per GH¢,0.0305454501,GH¢ per MRO (old ouguiya; 10 MRO = 1 MRU since 2018),ok,
2026-01-27,GHSNGN,Naira,Buying,128.7308,NGN per GH¢,0.0077681487,GH¢ per NGN,ok,
2026-01-27,GHSNGN,Naira,Selling,129.1877,NGN per GH¢,0.007740675,GH¢ per NGN,ok,
2026-01-27,GHSNGN,Naira,Mid Rate,128.9593,NGN per GH¢,0.0077543845,GH¢ per NGN,ok,
2026-01-27,GHSSLL,Leone,Buying,"2,115.7692",SLL per GH¢,0.4726413448,"GH¢ per SLE (new leone; 1 SLE = 1,000 old leones)",ok,
2026-01-27,GHSSLL,Leone,Selling,"2,126.9871",SLL per GH¢,0.4701485966,"GH¢ per SLE (new leone; 1 SLE = 1,000 old leones)",ok,
2026-01-27,GHSSLL,Leone,Mid Rate,"2,121.3782",SLL per GH¢,0.4713916642,"GH¢ per SLE (new leone; 1 SLE = 1,000 old leones)",ok,
2026-01-27,GHSXOF,BCEAO,Buying,50.2422,XOF per GH¢,0.019903587,GH¢ per XOF (CFA franc (BCEAO)),ok,
2026-01-27,GHSXOF,BCEAO,Selling,50.2919,XOF per GH¢,0.0198839177,GH¢ per XOF (CFA franc (BCEAO)),ok,
2026-01-27,GHSXOF,BCEAO,Mid Rate,50.2671,XOF per GH¢,0.0198937277,GH¢ per XOF (CFA franc (BCEAO)),ok,
2026-01-27,JPYGHS,Japanese yen,Buying,0.0712,GH¢ per JPY,0.0712,GH¢ per JPY,ok,
2026-01-27,JPYGHS,Japanese yen,Selling,0.0713,GH¢ per JPY,0.0713,GH¢ per JPY,ok,
2026-01-27,JPYGHS,Japanese yen,Mid Rate,0.0713,GH¢ per JPY,0.0713,GH¢ per JPY,ok,
2026-01-27,NOKGHS,Norwegian Krone,Buying,1.1317,GH¢ per NOK,1.1317,GH¢ per NOK,ok,
2026-01-27,NOKGHS,Norwegian Krone,Selling,1.1326,GH¢ per NOK,1.1326,GH¢ per NOK,ok,
2026-01-27,NOKGHS,Norwegian Krone,Mid Rate,1.1322,GH¢ per NOK,1.1322,GH¢ per NOK,ok,
2026-01-27,NZDGHS,New Zealand Dollar,Buying,6.5573,GH¢ per NZD,6.5573,GH¢ per NZD,ok,
2026-01-27,NZDGHS,New Zealand Dollar,Selling,6.5658,GH¢ per NZD,6.5658,GH¢ per NZD,ok,
2026-01-27,NZDGHS,New Zealand Dollar,Mid Rate,6.5616,GH¢ per NZD,6.5616,GH¢ per NZD,ok,
2026-01-27,SEKGHS,Swedish Krona,Buying,1.2349,GH¢ per SEK,1.2349,GH¢ per SEK,ok,
2026-01-27,SEKGHS,Swedish Krona,Selling,1.2359,GH¢ per SEK,1.2359,GH¢ per SEK,ok,
2026-01-27,SEKGHS,Swedish Krona,Mid Rate,1.2354,GH¢ per SEK,1.2354,GH¢ per SEK,ok,
2026-01-27,WAUGHS,Ecowas,Buying,0.0143,GH¢ per WAU,0.0143,"GH¢ per WAU (BoG's 'Ecowas' unit, not defined by BoG)",ok,
2026-01-27,WAUGHS,Ecowas,Selling,0.0143,GH¢ per WAU,0.0143,"GH¢ per WAU (BoG's 'Ecowas' unit, not defined by BoG)",ok,
2026-01-27,WAUGHS,Ecowas,Mid Rate,0.0143,GH¢ per WAU,0.0143,"GH¢ per WAU (BoG's 'Ecowas' unit, not defined by BoG)",ok,
2026-01-27,ZARGHS,South African Rand,Buying,0.6831,GH¢ per ZAR,0.6831,GH¢ per ZAR,ok,
2026-01-27,ZARGHS,South African Rand,Selling,0.6835,GH¢ per ZAR,0.6835,GH¢ per ZAR,ok,
2026-01-27,ZARGHS,South African Rand,Mid Rate,0.6833,GH¢ per ZAR,0.6833,GH¢ per ZAR,ok,
2026-01-28,USDGHS,US Dollar,Buying,10.9145,GH¢ per USD,10.9145,GH¢ per USD,ok,
2026-01-28,USDGHS,US Dollar,Selling,10.9255,GH¢ per USD,10.9255,GH¢ per USD,ok,
2026-01-28,USDGHS,US Dollar,Mid Rate,10.9200,GH¢ per USD,10.92,GH¢ per USD,ok,
2026-01-28,AUDGHS,Australian Dollar,Buying,7.6307,GH¢ per AUD,7.6307,GH¢ per AUD,ok,
2026-01-28,AUDGHS,Australian Dollar,Selling,7.6389,GH¢ per AUD,7.6389,GH¢ per AUD,ok,
2026-01-28,AUDGHS,Australian Dollar,Mid Rate,7.6348,GH¢ per AUD,7.6348,GH¢ per AUD,ok,
2026-01-28,CADGHS,Canadian Dollar,Buying,8.0397,GH¢ per CAD,8.0397,GH¢ per CAD,ok,
2026-01-28,CADGHS,Canadian Dollar,Selling,8.0470,GH¢ per CAD,8.047,GH¢ per CAD,ok,
2026-01-28,CADGHS,Canadian Dollar,Mid Rate,8.0434,GH¢ per CAD,8.0434,GH¢ per CAD,ok,
2026-01-28,CHFGHS,Swiss Franc,Buying,14.1701,GH¢ per CHF,14.1701,GH¢ per CHF,ok,
2026-01-28,CHFGHS,Swiss Franc,Selling,14.1826,GH¢ per CHF,14.1826,GH¢ per CHF,ok,
2026-01-28,CHFGHS,Swiss Franc,Mid Rate,14.1764,GH¢ per CHF,14.1764,GH¢ per CHF,ok,
2026-01-28,CNYGHS,Yuan Renminbi,Buying,1.5700,GH¢ per CNY,1.57,GH¢ per CNY,ok,
2026-01-28,CNYGHS,Yuan Renminbi,Selling,1.5716,GH¢ per CNY,1.5716,GH¢ per CNY,ok,
2026-01-28,CNYGHS,Yuan Renminbi,Mid Rate,1.5708,GH¢ per CNY,1.5708,GH¢ per CNY,ok,
2026-01-28,DKKGHS,Danish Krone,Buying,1.7446,GH¢ per DKK,1.7446,GH¢ per DKK,ok,
2026-01-28,DKKGHS,Danish Krone,Selling,1.7460,GH¢ per DKK,1.746,GH¢ per DKK,ok,
2026-01-28,DKKGHS,Danish Krone,Mid Rate,1.7453,GH¢ per DKK,1.7453,GH¢ per DKK,ok,
2026-01-28,EURGHS,Euro,Buying,13.0260,GH¢ per EUR,13.026,GH¢ per EUR,ok,
2026-01-28,EURGHS,Euro,Selling,13.0377,GH¢ per EUR,13.0377,GH¢ per EUR,ok,
2026-01-28,EURGHS,Euro,Mid Rate,13.0319,GH¢ per EUR,13.0319,GH¢ per EUR,ok,
2026-01-28,GBPGHS,Pound Sterling,Buying,15.0359,GH¢ per GBP,15.0359,GH¢ per GBP,ok,
2026-01-28,GBPGHS,Pound Sterling,Selling,15.0520,GH¢ per GBP,15.052,GH¢ per GBP,ok,
2026-01-28,GBPGHS,Pound Sterling,Mid Rate,15.0440,GH¢ per GBP,15.044,GH¢ per GBP,ok,
2026-01-28,GHSGMD,Dalasi,Buying,6.6277,GMD per GH¢,0.1508819047,GH¢ per GMD,ok,
2026-01-28,GHSGMD,Dalasi,Selling,6.6575,GMD per GH¢,0.150206534,GH¢ per GMD,ok,
2026-01-28,GHSGMD,Dalasi,Mid Rate,6.6426,GMD per GH¢,0.1505434619,GH¢ per GMD,ok,
2026-01-28,GHSMRO,Ouguiya,Buying,32.6923,MRO per GH¢,0.0305882425,GH¢ per MRO (old ouguiya; 10 MRO = 1 MRU since 2018),ok,
2026-01-28,GHSMRO,Ouguiya,Selling,32.7839,MRO per GH¢,0.0305027773,GH¢ per MRO (old ouguiya; 10 MRO = 1 MRU since 2018),ok,
2026-01-28,GHSMRO,Ouguiya,Mid Rate,32.7381,MRO per GH¢,0.0305454501,GH¢ per MRO (old ouguiya; 10 MRO = 1 MRU since 2018),ok,
2026-01-28,GHSNGN,Naira,Buying,127.3114,NGN per GH¢,0.0078547561,GH¢ per NGN,ok,
2026-01-28,GHSNGN,Naira,Selling,128.2198,NGN per GH¢,0.0077991075,GH¢ per NGN,ok,
2026-01-28,GHSNGN,Naira,Mid Rate,127.7656,NGN per GH¢,0.0078268329,GH¢ per NGN,ok,
2026-01-28,GHSSLL,Leone,Buying,"2,186.3049",SLL per GH¢,0.4573927452,"GH¢ per SLE (new leone; 1 SLE = 1,000 old leones)",ok,
2026-01-28,GHSSLL,Leone,Selling,"2,215.2701",SLL per GH¢,0.4514122228,"GH¢ per SLE (new leone; 1 SLE = 1,000 old leones)",ok,
2026-01-28,GHSSLL,Leone,Mid Rate,"2,200.7875",SLL per GH¢,0.4543828062,"GH¢ per SLE (new leone; 1 SLE = 1,000 old leones)",ok,
2026-01-28,GHSXOF,BCEAO,Buying,50.3123,XOF per GH¢,0.0198758554,GH¢ per XOF (CFA franc (BCEAO)),ok,
2026-01-28,GHSXOF,BCEAO,Selling,50.3575,XOF per GH¢,0.0198580152,GH¢ per XOF (CFA franc (BCEAO)),ok,
2026-01-28,GHSXOF,BCEAO,Mid Rate,50.3349,XOF per GH¢,0.0198669313,GH¢ per XOF (CFA franc (BCEAO)),ok,
2026-01-28,JPYGHS,Japanese yen,Buying,0.0710,GH¢ per JPY,0.071,GH¢ per JPY,ok,
2026-01-28,JPYGHS,Japanese yen,Selling,0.0711,GH¢ per JPY,0.0711,GH¢ per JPY,ok,
2026-01-28,JPYGHS,Japanese yen,Mid Rate,0.0711,GH¢ per JPY,0.0711,GH¢ per JPY,ok,
2026-01-28,NOKGHS,Norwegian Krone,Buying,1.1327,GH¢ per NOK,1.1327,GH¢ per NOK,ok,
2026-01-28,NOKGHS,Norwegian Krone,Selling,1.1336,GH¢ per NOK,1.1336,GH¢ per NOK,ok,
2026-01-28,NOKGHS,Norwegian Krone,Mid Rate,1.1332,GH¢ per NOK,1.1332,GH¢ per NOK,ok,
2026-01-28,NZDGHS,New Zealand Dollar,Buying,6.5782,GH¢ per NZD,6.5782,GH¢ per NZD,ok,
2026-01-28,NZDGHS,New Zealand Dollar,Selling,6.5868,GH¢ per NZD,6.5868,GH¢ per NZD,ok,
2026-01-28,NZDGHS,New Zealand Dollar,Mid Rate,6.5825,GH¢ per NZD,6.5825,GH¢ per NZD,ok,
2026-01-28,SEKGHS,Swedish Krona,Buying,1.2310,GH¢ per SEK,1.231,GH¢ per SEK,ok,
2026-01-28,SEKGHS,Swedish Krona,Selling,1.2319,GH¢ per SEK,1.2319,GH¢ per SEK,ok,
2026-01-28,SEKGHS,Swedish Krona,Mid Rate,1.2315,GH¢ per SEK,1.2315,GH¢ per SEK,ok,
2026-01-28,WAUGHS,Ecowas,Buying,0.0143,GH¢ per WAU,0.0143,"GH¢ per WAU (BoG's 'Ecowas' unit, not defined by BoG)",ok,
2026-01-28,WAUGHS,Ecowas,Selling,0.0143,GH¢ per WAU,0.0143,"GH¢ per WAU (BoG's 'Ecowas' unit, not defined by BoG)",ok,
2026-01-28,WAUGHS,Ecowas,Mid Rate,0.0143,GH¢ per WAU,0.0143,"GH¢ per WAU (BoG's 'Ecowas' unit, not defined by BoG)",ok,
2026-01-28,ZARGHS,South African Rand,Buying,0.6857,GH¢ per ZAR,0.6857,GH¢ per ZAR,ok,
2026-01-28,ZARGHS,South African Rand,Selling,0.6859,GH¢ per ZAR,0.6859,GH¢ per ZAR,ok,
2026-01-28,ZARGHS,South African Rand,Mid Rate,0.6858,GH¢ per ZAR,0.6858,GH¢ per ZAR,ok,
2026-01-29,USDGHS,US Dollar,Buying,10.9445,GH¢ per USD,10.9445,GH¢ per USD,ok,
2026-01-29,USDGHS,US Dollar,Selling,10.9555,GH¢ per USD,10.9555,GH¢ per USD,ok,
2026-01-29,USDGHS,US Dollar,Mid Rate,10.9500,GH¢ per USD,10.95,GH¢ per USD,ok,
2026-01-29,AUDGHS,Australian Dollar,Buying,7.6843,GH¢ per AUD,7.6843,GH¢ per AUD,ok,
2026-01-29,AUDGHS,Australian Dollar,Selling,7.6941,GH¢ per AUD,7.6941,GH¢ per AUD,ok,
2026-01-29,AUDGHS,Australian Dollar,Mid Rate,7.6892,GH¢ per AUD,7.6892,GH¢ per AUD,ok,
2026-01-29,CADGHS,Canadian Dollar,Buying,8.0996,GH¢ per CAD,8.0996,GH¢ per CAD,ok,
2026-01-29,CADGHS,Canadian Dollar,Selling,8.1070,GH¢ per CAD,8.107,GH¢ per CAD,ok,
2026-01-29,CADGHS,Canadian Dollar,Mid Rate,8.1033,GH¢ per CAD,8.1033,GH¢ per CAD,ok,
2026-01-29,CHFGHS,Swiss Franc,Buying,14.2652,GH¢ per CHF,14.2652,GH¢ per CHF,ok,
2026-01-29,CHFGHS,Swiss Franc,Selling,14.2778,GH¢ per CHF,14.2778,GH¢ per CHF,ok,
2026-01-29,CHFGHS,Swiss Franc,Mid Rate,14.2715,GH¢ per CHF,14.2715,GH¢ per CHF,ok,
2026-01-29,CNYGHS,Yuan Renminbi,Buying,1.5744,GH¢ per CNY,1.5744,GH¢ per CNY,ok,
2026-01-29,CNYGHS,Yuan Renminbi,Selling,1.5754,GH¢ per CNY,1.5754,GH¢ per CNY,ok,
2026-01-29,CNYGHS,Yuan Renminbi,Mid Rate,1.5749,GH¢ per CNY,1.5749,GH¢ per CNY,ok,
2026-01-29,DKKGHS,Danish Krone,Buying,1.7510,GH¢ per DKK,1.751,GH¢ per DKK,ok,
2026-01-29,DKKGHS,Danish Krone,Selling,1.7524,GH¢ per DKK,1.7524,GH¢ per DKK,ok,
2026-01-29,DKKGHS,Danish Krone,Mid Rate,1.7517,GH¢ per DKK,1.7517,GH¢ per DKK,ok,
2026-01-29,EURGHS,Euro,Buying,13.0743,GH¢ per EUR,13.0743,GH¢ per EUR,ok,
2026-01-29,EURGHS,Euro,Selling,13.0860,GH¢ per EUR,13.086,GH¢ per EUR,ok,
2026-01-29,EURGHS,Euro,Mid Rate,13.0802,GH¢ per EUR,13.0802,GH¢ per EUR,ok,
2026-01-29,GBPGHS,Pound Sterling,Buying,15.0969,GH¢ per GBP,15.0969,GH¢ per GBP,ok,
2026-01-29,GBPGHS,Pound Sterling,Selling,15.1131,GH¢ per GBP,15.1131,GH¢ per GBP,ok,
2026-01-29,GBPGHS,Pound Sterling,Mid Rate,15.1050,GH¢ per GBP,15.105,GH¢ per GBP,ok,
2026-01-29,GHSGMD,Dalasi,Buying,6.6096,GMD per GH¢,0.1512950859,GH¢ per GMD,ok,
2026-01-29,GHSGMD,Dalasi,Selling,6.6393,GMD per GH¢,0.1506182881,GH¢ per GMD,ok,
2026-01-29,GHSGMD,Dalasi,Mid Rate,6.6245,GMD per GH¢,0.150954789,GH¢ per GMD,ok,
2026-01-29,GHSMRO,Ouguiya,Buying,32.6027,MRO per GH¢,0.0306723063,GH¢ per MRO (old ouguiya; 10 MRO = 1 MRU since 2018),ok,
2026-01-29,GHSMRO,Ouguiya,Selling,32.6941,MRO per GH¢,0.0305865584,GH¢ per MRO (old ouguiya; 10 MRO = 1 MRU since 2018),ok,
2026-01-29,GHSMRO,Ouguiya,Mid Rate,32.6484,MRO per GH¢,0.0306293723,GH¢ per MRO (old ouguiya; 10 MRO = 1 MRU since 2018),ok,
2026-01-29,GHSNGN,Naira,Buying,126.2995,NGN per GH¢,0.0079176877,GH¢ per NGN,ok,
2026-01-29,GHSNGN,Naira,Selling,126.4849,NGN per GH¢,0.0079060821,GH¢ per NGN,ok,
2026-01-29,GHSNGN,Naira,Mid Rate,126.3922,NGN per GH¢,0.0079118806,GH¢ per NGN,ok,
2026-01-29,GHSSLL,Leone,Buying,"2,180.3150",SLL per GH¢,0.4586493236,"GH¢ per SLE (new leone; 1 SLE = 1,000 old leones)",ok,
2026-01-29,GHSSLL,Leone,Selling,"2,209.2009",SLL per GH¢,0.4526523595,"GH¢ per SLE (new leone; 1 SLE = 1,000 old leones)",ok,
2026-01-29,GHSSLL,Leone,Mid Rate,"2,194.7580",SLL per GH¢,0.4556310992,"GH¢ per SLE (new leone; 1 SLE = 1,000 old leones)",ok,
2026-01-29,GHSXOF,BCEAO,Buying,50.1266,XOF per GH¢,0.0199494879,GH¢ per XOF (CFA franc (BCEAO)),ok,
2026-01-29,GHSXOF,BCEAO,Selling,50.1715,XOF per GH¢,0.0199316345,GH¢ per XOF (CFA franc (BCEAO)),ok,
2026-01-29,GHSXOF,BCEAO,Mid Rate,50.1491,XOF per GH¢,0.0199405373,GH¢ per XOF (CFA franc (BCEAO)),ok,
2026-01-29,JPYGHS,Japanese yen,Buying,0.0716,GH¢ per JPY,0.0716,GH¢ per JPY,ok,
2026-01-29,JPYGHS,Japanese yen,Selling,0.0716,GH¢ per JPY,0.0716,GH¢ per JPY,ok,
2026-01-29,JPYGHS,Japanese yen,Mid Rate,0.0716,GH¢ per JPY,0.0716,GH¢ per JPY,ok,
2026-01-29,NOKGHS,Norwegian Krone,Buying,1.1455,GH¢ per NOK,1.1455,GH¢ per NOK,ok,
2026-01-29,NOKGHS,Norwegian Krone,Selling,1.1463,GH¢ per NOK,1.1463,GH¢ per NOK,ok,
2026-01-29,NOKGHS,Norwegian Krone,Mid Rate,1.1459,GH¢ per NOK,1.1459,GH¢ per NOK,ok,
2026-01-29,NZDGHS,New Zealand Dollar,Buying,6.6305,GH¢ per NZD,6.6305,GH¢ per NZD,ok,
2026-01-29,NZDGHS,New Zealand Dollar,Selling,6.6377,GH¢ per NZD,6.6377,GH¢ per NZD,ok,
2026-01-29,NZDGHS,New Zealand Dollar,Mid Rate,6.6341,GH¢ per NZD,6.6341,GH¢ per NZD,ok,
2026-01-29,SEKGHS,Swedish Krona,Buying,1.2395,GH¢ per SEK,1.2395,GH¢ per SEK,ok,
2026-01-29,SEKGHS,Swedish Krona,Selling,1.2404,GH¢ per SEK,1.2404,GH¢ per SEK,ok,
2026-01-29,SEKGHS,Swedish Krona,Mid Rate,1.2400,GH¢ per SEK,1.24,GH¢ per SEK,ok,
2026-01-29,WAUGHS,Ecowas,Buying,0.0142,GH¢ per WAU,0.0142,"GH¢ per WAU (BoG's 'Ecowas' unit, not defined by BoG)",ok,
2026-01-29,WAUGHS,Ecowas,Selling,0.0142,GH¢ per WAU,0.0142,"GH¢ per WAU (BoG's 'Ecowas' unit, not defined by BoG)",ok,
2026-01-29,WAUGHS,Ecowas,Mid Rate,0.0142,GH¢ per WAU,0.0142,"GH¢ per WAU (BoG's 'Ecowas' unit, not defined by BoG)",ok,
2026-01-29,ZARGHS,South African Rand,Buying,0.6930,GH¢ per ZAR,0.693,GH¢ per ZAR,ok,
2026-01-29,ZARGHS,South African Rand,Selling,0.6932,GH¢ per ZAR,0.6932,GH¢ per ZAR,ok,
2026-01-29,ZARGHS,South African Rand,Mid Rate,0.6931,GH¢ per ZAR,0.6931,GH¢ per ZAR,ok,
2026-01-30,USDGHS,US Dollar,Buying,10.9445,GH¢ per USD,10.9445,GH¢ per USD,ok,
2026-01-30,USDGHS,US Dollar,Selling,10.9555,GH¢ per USD,10.9555,GH¢ per USD,ok,
2026-01-30,USDGHS,US Dollar,Mid Rate,10.9500,GH¢ per USD,10.95,GH¢ per USD,ok,
2026-01-30,AUDGHS,Australian Dollar,Buying,7.6581,GH¢ per AUD,7.6581,GH¢ per AUD,ok,
2026-01-30,AUDGHS,Australian Dollar,Selling,7.6678,GH¢ per AUD,7.6678,GH¢ per AUD,ok,
2026-01-30,AUDGHS,Australian Dollar,Mid Rate,7.6630,GH¢ per AUD,7.663,GH¢ per AUD,ok,
2026-01-30,CADGHS,Canadian Dollar,Buying,8.0726,GH¢ per CAD,8.0726,GH¢ per CAD,ok,
2026-01-30,CADGHS,Canadian Dollar,Selling,8.0804,GH¢ per CAD,8.0804,GH¢ per CAD,ok,
2026-01-30,CADGHS,Canadian Dollar,Mid Rate,8.0765,GH¢ per CAD,8.0765,GH¢ per CAD,ok,
2026-01-30,CHFGHS,Swiss Franc,Buying,14.2008,GH¢ per CHF,14.2008,GH¢ per CHF,ok,
2026-01-30,CHFGHS,Swiss Franc,Selling,14.2133,GH¢ per CHF,14.2133,GH¢ per CHF,ok,
2026-01-30,CHFGHS,Swiss Franc,Mid Rate,14.2071,GH¢ per CHF,14.2071,GH¢ per CHF,ok,
2026-01-30,CNYGHS,Yuan Renminbi,Buying,1.5741,GH¢ per CNY,1.5741,GH¢ per CNY,ok,
2026-01-30,CNYGHS,Yuan Renminbi,Selling,1.5754,GH¢ per CNY,1.5754,GH¢ per CNY,ok,
2026-01-30,CNYGHS,Yuan Renminbi,Mid Rate,1.5748,GH¢ per CNY,1.5748,GH¢ per CNY,ok,
2026-01-30,DKKGHS,Danish Krone,Buying,1.7415,GH¢ per DKK,1.7415,GH¢ per DKK,ok,
2026-01-30,DKKGHS,Danish Krone,Selling,1.7431,GH¢ per DKK,1.7431,GH¢ per DKK,ok,
2026-01-30,DKKGHS,Danish Krone,Mid Rate,1.7423,GH¢ per DKK,1.7423,GH¢ per DKK,ok,
2026-01-30,EURGHS,Euro,Buying,13.0053,GH¢ per EUR,13.0053,GH¢ per EUR,ok,
2026-01-30,EURGHS,Euro,Selling,13.0170,GH¢ per EUR,13.017,GH¢ per EUR,ok,
2026-01-30,EURGHS,Euro,Mid Rate,13.0112,GH¢ per EUR,13.0112,GH¢ per EUR,ok,
2026-01-30,GBPGHS,Pound Sterling,Buying,15.0159,GH¢ per GBP,15.0159,GH¢ per GBP,ok,
2026-01-30,GBPGHS,Pound Sterling,Selling,15.0320,GH¢ per GBP,15.032,GH¢ per GBP,ok,
2026-01-30,GBPGHS,Pound Sterling,Mid Rate,15.0240,GH¢ per GBP,15.024,GH¢ per GBP,ok,
2026-01-30,GHSGMD,Dalasi,Buying,6.6096,GMD per GH¢,0.1512950859,GH¢ per GMD,ok,
2026-01-30,GHSGMD,Dalasi,Selling,6.6098,GMD per GH¢,0.151290508,GH¢ per GMD,ok,
2026-01-30,GHSGMD,Dalasi,Mid Rate,6.6097,GMD per GH¢,0.1512927969,GH¢ per GMD,ok,
2026-01-30,GHSMRO,Ouguiya,Buying,32.6027,MRO per GH¢,0.0306723063,GH¢ per MRO (old ouguiya; 10 MRO = 1 MRU since 2018),ok,
2026-01-30,GHSMRO,Ouguiya,Selling,32.6941,MRO per GH¢,0.0305865584,GH¢ per MRO (old ouguiya; 10 MRO = 1 MRU since 2018),ok,
2026-01-30,GHSMRO,Ouguiya,Mid Rate,32.6484,MRO per GH¢,0.0306293723,GH¢ per MRO (old ouguiya; 10 MRO = 1 MRU since 2018),ok,
2026-01-30,GHSNGN,Naira,Buying,126.7744,NGN per GH¢,0.0078880279,GH¢ per NGN,ok,
2026-01-30,GHSNGN,Naira,Selling,126.8685,NGN per GH¢,0.0078821772,GH¢ per NGN,ok,
2026-01-30,GHSNGN,Naira,Mid Rate,126.8215,NGN per GH¢,0.0078850983,GH¢ per NGN,ok,
2026-01-30,GHSSLL,Leone,Buying,"2,176.3463",SLL per GH¢,0.4594856986,"GH¢ per SLE (new leone; 1 SLE = 1,000 old leones)",ok,
2026-01-30,GHSSLL,Leone,Selling,"2,209.3379",SLL per GH¢,0.4526242907,"GH¢ per SLE (new leone; 1 SLE = 1,000 old leones)",ok,
2026-01-30,GHSSLL,Leone,Mid Rate,"2,192.8421",SLL per GH¢,0.456029187,"GH¢ per SLE (new leone; 1 SLE = 1,000 old leones)",ok,
2026-01-30,GHSXOF,BCEAO,Buying,50.3923,XOF per GH¢,0.0198443016,GH¢ per XOF (CFA franc (BCEAO)),ok,
2026-01-30,GHSXOF,BCEAO,Selling,50.4377,XOF per GH¢,0.0198264393,GH¢ per XOF (CFA franc (BCEAO)),ok,
2026-01-30,GHSXOF,BCEAO,Mid Rate,50.4150,XOF per GH¢,0.0198353665,GH¢ per XOF (CFA franc (BCEAO)),ok,
2026-01-30,JPYGHS,Japanese yen,Buying,0.0709,GH¢ per JPY,0.0709,GH¢ per JPY,ok,
2026-01-30,JPYGHS,Japanese yen,Selling,0.0710,GH¢ per JPY,0.071,GH¢ per JPY,ok,
2026-01-30,JPYGHS,Japanese yen,Mid Rate,0.0710,GH¢ per JPY,0.071,GH¢ per JPY,ok,
2026-01-30,NOKGHS,Norwegian Krone,Buying,1.1403,GH¢ per NOK,1.1403,GH¢ per NOK,ok,
2026-01-30,NOKGHS,Norwegian Krone,Selling,1.1410,GH¢ per NOK,1.141,GH¢ per NOK,ok,
2026-01-30,NOKGHS,Norwegian Krone,Mid Rate,1.1407,GH¢ per NOK,1.1407,GH¢ per NOK,ok,
2026-01-30,NZDGHS,New Zealand Dollar,Buying,6.6190,GH¢ per NZD,6.619,GH¢ per NZD,ok,
2026-01-30,NZDGHS,New Zealand Dollar,Selling,6.6261,GH¢ per NZD,6.6261,GH¢ per NZD,ok,
2026-01-30,NZDGHS,New Zealand Dollar,Mid Rate,6.6226,GH¢ per NZD,6.6226,GH¢ per NZD,ok,
2026-01-30,SEKGHS,Swedish Krona,Buying,1.2345,GH¢ per SEK,1.2345,GH¢ per SEK,ok,
2026-01-30,SEKGHS,Swedish Krona,Selling,1.2354,GH¢ per SEK,1.2354,GH¢ per SEK,ok,
2026-01-30,SEKGHS,Swedish Krona,Mid Rate,1.2350,GH¢ per SEK,1.235,GH¢ per SEK,ok,
2026-01-30,WAUGHS,Ecowas,Buying,0.0142,GH¢ per WAU,0.0142,"GH¢ per WAU (BoG's 'Ecowas' unit, not defined by BoG)",ok,
2026-01-30,WAUGHS,Ecowas,Selling,0.0142,GH¢ per WAU,0.0142,"GH¢ per WAU (BoG's 'Ecowas' unit, not defined by BoG)",ok,
2026-01-30,WAUGHS,Ecowas,Mid Rate,0.0142,GH¢ per WAU,0.0142,"GH¢ per WAU (BoG's 'Ecowas' unit, not defined by BoG)",ok,
2026-01-30,ZARGHS,South African Rand,Buying,0.6838,GH¢ per ZAR,0.6838,GH¢ per ZAR,ok,
2026-01-30,ZARGHS,South African Rand,Selling,0.6841,GH¢ per ZAR,0.6841,GH¢ per ZAR,ok,
2026-01-30,ZARGHS,South African Rand,Mid Rate,0.6840,GH¢ per ZAR,0.684,GH¢ per ZAR,ok,
2026-02-02,USDGHS,US Dollar,Buying,10.9545,GH¢ per USD,10.9545,GH¢ per USD,ok,
2026-02-02,USDGHS,US Dollar,Selling,10.9655,GH¢ per USD,10.9655,GH¢ per USD,ok,
2026-02-02,USDGHS,US Dollar,Mid Rate,10.9600,GH¢ per USD,10.96,GH¢ per USD,ok,
2026-02-02,AUDGHS,Australian Dollar,Buying,7.6226,GH¢ per AUD,7.6226,GH¢ per AUD,ok,
2026-02-02,AUDGHS,Australian Dollar,Selling,7.6308,GH¢ per AUD,7.6308,GH¢ per AUD,ok,
2026-02-02,AUDGHS,Australian Dollar,Mid Rate,7.6267,GH¢ per AUD,7.6267,GH¢ per AUD,ok,
2026-02-02,CADGHS,Canadian Dollar,Buying,8.0098,GH¢ per CAD,8.0098,GH¢ per CAD,ok,
2026-02-02,CADGHS,Canadian Dollar,Selling,8.0175,GH¢ per CAD,8.0175,GH¢ per CAD,ok,
2026-02-02,CADGHS,Canadian Dollar,Mid Rate,8.0137,GH¢ per CAD,8.0137,GH¢ per CAD,ok,
2026-02-02,CHFGHS,Swiss Franc,Buying,14.0490,GH¢ per CHF,14.049,GH¢ per CHF,ok,
2026-02-02,CHFGHS,Swiss Franc,Selling,14.0614,GH¢ per CHF,14.0614,GH¢ per CHF,ok,
2026-02-02,CHFGHS,Swiss Franc,Mid Rate,14.0552,GH¢ per CHF,14.0552,GH¢ per CHF,ok,
2026-02-02,CNYGHS,Yuan Renminbi,Buying,1.5774,GH¢ per CNY,1.5774,GH¢ per CNY,ok,
2026-02-02,CNYGHS,Yuan Renminbi,Selling,1.5787,GH¢ per CNY,1.5787,GH¢ per CNY,ok,
2026-02-02,CNYGHS,Yuan Renminbi,Mid Rate,1.5781,GH¢ per CNY,1.5781,GH¢ per CNY,ok,
2026-02-02,DKKGHS,Danish Krone,Buying,1.7317,GH¢ per DKK,1.7317,GH¢ per DKK,ok,
2026-02-02,DKKGHS,Danish Krone,Selling,1.7334,GH¢ per DKK,1.7334,GH¢ per DKK,ok,
2026-02-02,DKKGHS,Danish Krone,Mid Rate,1.7326,GH¢ per DKK,1.7326,GH¢ per DKK,ok,
2026-02-02,EURGHS,Euro,Buying,12.9336,GH¢ per EUR,12.9336,GH¢ per EUR,ok,
2026-02-02,EURGHS,Euro,Selling,12.9452,GH¢ per EUR,12.9452,GH¢ per EUR,ok,
2026-02-02,EURGHS,Euro,Mid Rate,12.9394,GH¢ per EUR,12.9394,GH¢ per EUR,ok,
2026-02-02,GBPGHS,Pound Sterling,Buying,14.9551,GH¢ per GBP,14.9551,GH¢ per GBP,ok,
2026-02-02,GBPGHS,Pound Sterling,Selling,14.9712,GH¢ per GBP,14.9712,GH¢ per GBP,ok,
2026-02-02,GBPGHS,Pound Sterling,Mid Rate,14.9632,GH¢ per GBP,14.9632,GH¢ per GBP,ok,
2026-02-02,GHSGMD,Dalasi,Buying,6.6013,GMD per GH¢,0.1514853135,GH¢ per GMD,ok,
2026-02-02,GHSGMD,Dalasi,Selling,6.6036,GMD per GH¢,0.1514325519,GH¢ per GMD,ok,
2026-02-02,GHSGMD,Dalasi,Mid Rate,6.6025,GMD per GH¢,0.1514577811,GH¢ per GMD,ok,
2026-02-02,GHSMRO,Ouguiya,Buying,32.5730,MRO per GH¢,0.0307002732,GH¢ per MRO (old ouguiya; 10 MRO = 1 MRU since 2018),ok,
2026-02-02,GHSMRO,Ouguiya,Selling,32.6642,MRO per GH¢,0.0306145566,GH¢ per MRO (old ouguiya; 10 MRO = 1 MRU since 2018),ok,
2026-02-02,GHSMRO,Ouguiya,Mid Rate,32.6186,MRO per GH¢,0.030657355,GH¢ per MRO (old ouguiya; 10 MRO = 1 MRU since 2018),ok,
2026-02-02,GHSNGN,Naira,Buying,127.2044,NGN per GH¢,0.0078613633,GH¢ per NGN,ok,
2026-02-02,GHSNGN,Naira,Selling,127.2965,NGN per GH¢,0.0078556755,GH¢ per NGN,ok,
2026-02-02,GHSNGN,Naira,Mid Rate,127.2505,NGN per GH¢,0.0078585153,GH¢ per NGN,ok,
2026-02-02,GHSSLL,Leone,Buying,"2,174.3606",SLL per GH¢,0.4599053165,"GH¢ per SLE (new leone; 1 SLE = 1,000 old leones)",ok,
2026-02-02,GHSSLL,Leone,Selling,"2,207.3314",SLL per GH¢,0.4530357336,"GH¢ per SLE (new leone; 1 SLE = 1,000 old leones)",ok,
2026-02-02,GHSSLL,Leone,Mid Rate,"2,190.8460",SLL per GH¢,0.4564446794,"GH¢ per SLE (new leone; 1 SLE = 1,000 old leones)",ok,
2026-02-02,GHSXOF,BCEAO,Buying,50.6718,XOF per GH¢,0.0197348427,GH¢ per XOF (CFA franc (BCEAO)),ok,
2026-02-02,GHSXOF,BCEAO,Selling,50.7173,XOF per GH¢,0.0197171379,GH¢ per XOF (CFA franc (BCEAO)),ok,
2026-02-02,GHSXOF,BCEAO,Mid Rate,50.6946,XOF per GH¢,0.0197259669,GH¢ per XOF (CFA franc (BCEAO)),ok,
2026-02-02,JPYGHS,Japanese yen,Buying,0.0704,GH¢ per JPY,0.0704,GH¢ per JPY,ok,
2026-02-02,JPYGHS,Japanese yen,Selling,0.0705,GH¢ per JPY,0.0705,GH¢ per JPY,ok,
2026-02-02,JPYGHS,Japanese yen,Mid Rate,0.0705,GH¢ per JPY,0.0705,GH¢ per JPY,ok,
2026-02-02,NOKGHS,Norwegian Krone,Buying,1.1299,GH¢ per NOK,1.1299,GH¢ per NOK,ok,
2026-02-02,NOKGHS,Norwegian Krone,Selling,1.1306,GH¢ per NOK,1.1306,GH¢ per NOK,ok,
2026-02-02,NOKGHS,Norwegian Krone,Mid Rate,1.1303,GH¢ per NOK,1.1303,GH¢ per NOK,ok,
2026-02-02,NZDGHS,New Zealand Dollar,Buying,6.5802,GH¢ per NZD,6.5802,GH¢ per NZD,ok,
2026-02-02,NZDGHS,New Zealand Dollar,Selling,6.5888,GH¢ per NZD,6.5888,GH¢ per NZD,ok,
2026-02-02,NZDGHS,New Zealand Dollar,Mid Rate,6.5845,GH¢ per NZD,6.5845,GH¢ per NZD,ok,
2026-02-02,SEKGHS,Swedish Krona,Buying,1.2227,GH¢ per SEK,1.2227,GH¢ per SEK,ok,
2026-02-02,SEKGHS,Swedish Krona,Selling,1.2237,GH¢ per SEK,1.2237,GH¢ per SEK,ok,
2026-02-02,SEKGHS,Swedish Krona,Mid Rate,1.2232,GH¢ per SEK,1.2232,GH¢ per SEK,ok,
2026-02-02,WAUGHS,Ecowas,Buying,0.0142,GH¢ per WAU,0.0142,"GH¢ per WAU (BoG's 'Ecowas' unit, not defined by BoG)",ok,
2026-02-02,WAUGHS,Ecowas,Selling,0.0142,GH¢ per WAU,0.0142,"GH¢ per WAU (BoG's 'Ecowas' unit, not defined by BoG)",ok,
2026-02-02,WAUGHS,Ecowas,Mid Rate,0.0142,GH¢ per WAU,0.0142,"GH¢ per WAU (BoG's 'Ecowas' unit, not defined by BoG)",ok,
2026-02-02,ZARGHS,South African Rand,Buying,0.6818,GH¢ per ZAR,0.6818,GH¢ per ZAR,ok,
2026-02-02,ZARGHS,South African Rand,Selling,0.6821,GH¢ per ZAR,0.6821,GH¢ per ZAR,ok,
2026-02-02,ZARGHS,South African Rand,Mid Rate,0.6820,GH¢ per ZAR,0.682,GH¢ per ZAR,ok,
2026-02-03,USDGHS,US Dollar,Buying,10.9645,GH¢ per USD,10.9645,GH¢ per USD,ok,
2026-02-03,USDGHS,US Dollar,Selling,10.9755,GH¢ per USD,10.9755,GH¢ per USD,ok,
2026-02-03,USDGHS,US Dollar,Mid Rate,10.9700,GH¢ per USD,10.97,GH¢ per USD,ok,
2026-02-03,AUDGHS,Australian Dollar,Buying,7.6868,GH¢ per AUD,7.6868,GH¢ per AUD,ok,
2026-02-03,AUDGHS,Australian Dollar,Selling,7.6966,GH¢ per AUD,7.6966,GH¢ per AUD,ok,
2026-02-03,AUDGHS,Australian Dollar,Mid Rate,7.6917,GH¢ per AUD,7.6917,GH¢ per AUD,ok,
2026-02-03,CADGHS,Canadian Dollar,Buying,8.0295,GH¢ per CAD,8.0295,GH¢ per CAD,ok,
2026-02-03,CADGHS,Canadian Dollar,Selling,8.0373,GH¢ per CAD,8.0373,GH¢ per CAD,ok,
2026-02-03,CADGHS,Canadian Dollar,Mid Rate,8.0334,GH¢ per CAD,8.0334,GH¢ per CAD,ok,
2026-02-03,CHFGHS,Swiss Franc,Buying,14.1397,GH¢ per CHF,14.1397,GH¢ per CHF,ok,
2026-02-03,CHFGHS,Swiss Franc,Selling,14.1536,GH¢ per CHF,14.1536,GH¢ per CHF,ok,
2026-02-03,CHFGHS,Swiss Franc,Mid Rate,14.1467,GH¢ per CHF,14.1467,GH¢ per CHF,ok,
2026-02-03,CNYGHS,Yuan Renminbi,Buying,1.5804,GH¢ per CNY,1.5804,GH¢ per CNY,ok,
2026-02-03,CNYGHS,Yuan Renminbi,Selling,1.5817,GH¢ per CNY,1.5817,GH¢ per CNY,ok,
2026-02-03,CNYGHS,Yuan Renminbi,Mid Rate,1.5811,GH¢ per CNY,1.5811,GH¢ per CNY,ok,
2026-02-03,DKKGHS,Danish Krone,Buying,1.7341,GH¢ per DKK,1.7341,GH¢ per DKK,ok,
2026-02-03,DKKGHS,Danish Krone,Selling,1.7355,GH¢ per DKK,1.7355,GH¢ per DKK,ok,
2026-02-03,DKKGHS,Danish Krone,Mid Rate,1.7348,GH¢ per DKK,1.7348,GH¢ per DKK,ok,
2026-02-03,EURGHS,Euro,Buying,12.9498,GH¢ per EUR,12.9498,GH¢ per EUR,ok,
2026-02-03,EURGHS,Euro,Selling,12.9626,GH¢ per EUR,12.9626,GH¢ per EUR,ok,
2026-02-03,EURGHS,Euro,Mid Rate,12.9562,GH¢ per EUR,12.9562,GH¢ per EUR,ok,
2026-02-03,GBPGHS,Pound Sterling,Buying,15.0192,GH¢ per GBP,15.0192,GH¢ per GBP,ok,
2026-02-03,GBPGHS,Pound Sterling,Selling,15.0353,GH¢ per GBP,15.0353,GH¢ per GBP,ok,
2026-02-03,GBPGHS,Pound Sterling,Mid Rate,15.0273,GH¢ per GBP,15.0273,GH¢ per GBP,ok,
2026-02-03,GHSGMD,Dalasi,Buying,6.5975,GMD per GH¢,0.1515725654,GH¢ per GMD,ok,
2026-02-03,GHSGMD,Dalasi,Selling,6.5977,GMD per GH¢,0.1515679707,GH¢ per GMD,ok,
2026-02-03,GHSGMD,Dalasi,Mid Rate,6.5976,GMD per GH¢,0.151570268,GH¢ per GMD,ok,
2026-02-03,GHSMRO,Ouguiya,Buying,32.5433,MRO per GH¢,0.0307282912,GH¢ per MRO (old ouguiya; 10 MRO = 1 MRU since 2018),ok,
2026-02-03,GHSMRO,Ouguiya,Selling,32.6345,MRO per GH¢,0.0306424183,GH¢ per MRO (old ouguiya; 10 MRO = 1 MRU since 2018),ok,
2026-02-03,GHSMRO,Ouguiya,Mid Rate,32.5889,MRO per GH¢,0.0306852947,GH¢ per MRO (old ouguiya; 10 MRO = 1 MRU since 2018),ok,
2026-02-03,GHSNGN,Naira,Buying,126.3911,NGN per GH¢,0.0079119495,GH¢ per NGN,ok,
2026-02-03,GHSNGN,Naira,Selling,126.4895,NGN per GH¢,0.0079057946,GH¢ per NGN,ok,
2026-02-03,GHSNGN,Naira,Mid Rate,126.4403,NGN per GH¢,0.0079088708,GH¢ per NGN,ok,
2026-02-03,GHSSLL,Leone,Buying,"2,172.3785",SLL per GH¢,0.4603249388,"GH¢ per SLE (new leone; 1 SLE = 1,000 old leones)",ok,
2026-02-03,GHSSLL,Leone,Selling,"2,205.3192",SLL per GH¢,0.4534490971,"GH¢ per SLE (new leone; 1 SLE = 1,000 old leones)",ok,
2026-02-03,GHSSLL,Leone,Mid Rate,"2,188.8489",SLL per GH¢,0.4568611383,"GH¢ per SLE (new leone; 1 SLE = 1,000 old leones)",ok,
2026-02-03,GHSXOF,BCEAO,Buying,50.6038,XOF per GH¢,0.0197613618,GH¢ per XOF (CFA franc (BCEAO)),ok,
2026-02-03,GHSXOF,BCEAO,Selling,50.6538,XOF per GH¢,0.0197418555,GH¢ per XOF (CFA franc (BCEAO)),ok,
2026-02-03,GHSXOF,BCEAO,Mid Rate,50.6288,XOF per GH¢,0.0197516038,GH¢ per XOF (CFA franc (BCEAO)),ok,
2026-02-03,JPYGHS,Japanese yen,Buying,0.0704,GH¢ per JPY,0.0704,GH¢ per JPY,ok,
2026-02-03,JPYGHS,Japanese yen,Selling,0.0705,GH¢ per JPY,0.0705,GH¢ per JPY,ok,
2026-02-03,JPYGHS,Japanese yen,Mid Rate,0.0705,GH¢ per JPY,0.0705,GH¢ per JPY,ok,
2026-02-03,NOKGHS,Norwegian Krone,Buying,1.1363,GH¢ per NOK,1.1363,GH¢ per NOK,ok,
2026-02-03,NOKGHS,Norwegian Krone,Selling,1.1371,GH¢ per NOK,1.1371,GH¢ per NOK,ok,
2026-02-03,NOKGHS,Norwegian Krone,Mid Rate,1.1367,GH¢ per NOK,1.1367,GH¢ per NOK,ok,
2026-02-03,NZDGHS,New Zealand Dollar,Buying,6.6280,GH¢ per NZD,6.628,GH¢ per NZD,ok,
2026-02-03,NZDGHS,New Zealand Dollar,Selling,6.6366,GH¢ per NZD,6.6366,GH¢ per NZD,ok,
2026-02-03,NZDGHS,New Zealand Dollar,Mid Rate,6.6323,GH¢ per NZD,6.6323,GH¢ per NZD,ok,
2026-02-03,SEKGHS,Swedish Krona,Buying,1.2328,GH¢ per SEK,1.2328,GH¢ per SEK,ok,
2026-02-03,SEKGHS,Swedish Krona,Selling,1.2338,GH¢ per SEK,1.2338,GH¢ per SEK,ok,
2026-02-03,SEKGHS,Swedish Krona,Mid Rate,1.2333,GH¢ per SEK,1.2333,GH¢ per SEK,ok,
2026-02-03,WAUGHS,Ecowas,Buying,0.0142,GH¢ per WAU,0.0142,"GH¢ per WAU (BoG's 'Ecowas' unit, not defined by BoG)",ok,
2026-02-03,WAUGHS,Ecowas,Selling,0.0142,GH¢ per WAU,0.0142,"GH¢ per WAU (BoG's 'Ecowas' unit, not defined by BoG)",ok,
2026-02-03,WAUGHS,Ecowas,Mid Rate,0.0142,GH¢ per WAU,0.0142,"GH¢ per WAU (BoG's 'Ecowas' unit, not defined by BoG)",ok,
2026-02-03,ZARGHS,South African Rand,Buying,0.6868,GH¢ per ZAR,0.6868,GH¢ per ZAR,ok,
2026-02-03,ZARGHS,South African Rand,Selling,0.6871,GH¢ per ZAR,0.6871,GH¢ per ZAR,ok,
2026-02-03,ZARGHS,South African Rand,Mid Rate,0.6870,GH¢ per ZAR,0.687,GH¢ per ZAR,ok,
2026-02-04,USDGHS,US Dollar,Buying,10.9645,GH¢ per USD,10.9645,GH¢ per USD,ok,
2026-02-04,USDGHS,US Dollar,Selling,10.9755,GH¢ per USD,10.9755,GH¢ per USD,ok,
2026-02-04,USDGHS,US Dollar,Mid Rate,10.9700,GH¢ per USD,10.97,GH¢ per USD,ok,
2026-02-04,AUDGHS,Australian Dollar,Buying,7.6638,GH¢ per AUD,7.6638,GH¢ per AUD,ok,
2026-02-04,AUDGHS,Australian Dollar,Selling,7.6726,GH¢ per AUD,7.6726,GH¢ per AUD,ok,
2026-02-04,AUDGHS,Australian Dollar,Mid Rate,7.6682,GH¢ per AUD,7.6682,GH¢ per AUD,ok,
2026-02-04,CADGHS,Canadian Dollar,Buying,8.0217,GH¢ per CAD,8.0217,GH¢ per CAD,ok,
2026-02-04,CADGHS,Canadian Dollar,Selling,8.0297,GH¢ per CAD,8.0297,GH¢ per CAD,ok,
2026-02-04,CADGHS,Canadian Dollar,Mid Rate,8.0257,GH¢ per CAD,8.0257,GH¢ per CAD,ok,
2026-02-04,CHFGHS,Swiss Franc,Buying,14.1283,GH¢ per CHF,14.1283,GH¢ per CHF,ok,
2026-02-04,CHFGHS,Swiss Franc,Selling,14.1418,GH¢ per CHF,14.1418,GH¢ per CHF,ok,
2026-02-04,CHFGHS,Swiss Franc,Mid Rate,14.1351,GH¢ per CHF,14.1351,GH¢ per CHF,ok,
2026-02-04,CNYGHS,Yuan Renminbi,Buying,1.5788,GH¢ per CNY,1.5788,GH¢ per CNY,ok,
2026-02-04,CNYGHS,Yuan Renminbi,Selling,1.5802,GH¢ per CNY,1.5802,GH¢ per CNY,ok,
2026-02-04,CNYGHS,Yuan Renminbi,Mid Rate,1.5795,GH¢ per CNY,1.5795,GH¢ per CNY,ok,
2026-02-04,DKKGHS,Danish Krone,Buying,1.7339,GH¢ per DKK,1.7339,GH¢ per DKK,ok,
2026-02-04,DKKGHS,Danish Krone,Selling,1.7355,GH¢ per DKK,1.7355,GH¢ per DKK,ok,
2026-02-04,DKKGHS,Danish Krone,Mid Rate,1.7347,GH¢ per DKK,1.7347,GH¢ per DKK,ok,
2026-02-04,EURGHS,Euro,Buying,12.9454,GH¢ per EUR,12.9454,GH¢ per EUR,ok,
2026-02-04,EURGHS,Euro,Selling,12.9580,GH¢ per EUR,12.958,GH¢ per EUR,ok,
2026-02-04,EURGHS,Euro,Mid Rate,12.9517,GH¢ per EUR,12.9517,GH¢ per EUR,ok,
2026-02-04,GBPGHS,Pound Sterling,Buying,14.9830,GH¢ per GBP,14.983,GH¢ per GBP,ok,
2026-02-04,GBPGHS,Pound Sterling,Selling,15.0002,GH¢ per GBP,15.0002,GH¢ per GBP,ok,
2026-02-04,GBPGHS,Pound Sterling,Mid Rate,14.9916,GH¢ per GBP,14.9916,GH¢ per GBP,ok,
2026-02-04,GHSGMD,Dalasi,Buying,6.5953,GMD per GH¢,0.1516231256,GH¢ per GMD,ok,
2026-02-04,GHSGMD,Dalasi,Selling,6.5975,GMD per GH¢,0.1515725654,GH¢ per GMD,ok,
2026-02-04,GHSGMD,Dalasi,Mid Rate,6.5964,GMD per GH¢,0.1515978412,GH¢ per GMD,ok,
2026-02-04,GHSMRO,Ouguiya,Buying,32.5433,MRO per GH¢,0.0307282912,GH¢ per MRO (old ouguiya; 10 MRO = 1 MRU since 2018),ok,
2026-02-04,GHSMRO,Ouguiya,Selling,32.6345,MRO per GH¢,0.0306424183,GH¢ per MRO (old ouguiya; 10 MRO = 1 MRU since 2018),ok,
2026-02-04,GHSMRO,Ouguiya,Mid Rate,32.5889,MRO per GH¢,0.0306852947,GH¢ per MRO (old ouguiya; 10 MRO = 1 MRU since 2018),ok,
2026-02-04,GHSNGN,Naira,Buying,123.7466,NGN per GH¢,0.0080810301,GH¢ per NGN,ok,
2026-02-04,GHSNGN,Naira,Selling,123.8496,NGN per GH¢,0.0080743095,GH¢ per NGN,ok,
2026-02-04,GHSNGN,Naira,Mid Rate,123.7981,NGN per GH¢,0.0080776684,GH¢ per NGN,ok,
2026-02-04,GHSSLL,Leone,Buying,"2,172.3785",SLL per GH¢,0.4603249388,"GH¢ per SLE (new leone; 1 SLE = 1,000 old leones)",ok,
2026-02-04,GHSSLL,Leone,Selling,"2,206.8689",SLL per GH¢,0.4531306776,"GH¢ per SLE (new leone; 1 SLE = 1,000 old leones)",ok,
2026-02-04,GHSSLL,Leone,Mid Rate,"2,189.6237",SLL per GH¢,0.4566994776,"GH¢ per SLE (new leone; 1 SLE = 1,000 old leones)",ok,
2026-02-04,GHSXOF,BCEAO,Buying,50.6218,XOF per GH¢,0.0197543351,GH¢ per XOF (CFA franc (BCEAO)),ok,
2026-02-04,GHSXOF,BCEAO,Selling,50.6710,XOF per GH¢,0.0197351542,GH¢ per XOF (CFA franc (BCEAO)),ok,
2026-02-04,GHSXOF,BCEAO,Mid Rate,50.6464,XOF per GH¢,0.01974474,GH¢ per XOF (CFA franc (BCEAO)),ok,
2026-02-04,JPYGHS,Japanese yen,Buying,0.0700,GH¢ per JPY,0.07,GH¢ per JPY,ok,
2026-02-04,JPYGHS,Japanese yen,Selling,0.0701,GH¢ per JPY,0.0701,GH¢ per JPY,ok,
2026-02-04,JPYGHS,Japanese yen,Mid Rate,0.0701,GH¢ per JPY,0.0701,GH¢ per JPY,ok,
2026-02-04,NOKGHS,Norwegian Krone,Buying,1.1327,GH¢ per NOK,1.1327,GH¢ per NOK,ok,
2026-02-04,NOKGHS,Norwegian Krone,Selling,1.1332,GH¢ per NOK,1.1332,GH¢ per NOK,ok,
2026-02-04,NOKGHS,Norwegian Krone,Mid Rate,1.1330,GH¢ per NOK,1.133,GH¢ per NOK,ok,
2026-02-04,NZDGHS,New Zealand Dollar,Buying,6.5775,GH¢ per NZD,6.5775,GH¢ per NZD,ok,
2026-02-04,NZDGHS,New Zealand Dollar,Selling,6.5866,GH¢ per NZD,6.5866,GH¢ per NZD,ok,
2026-02-04,NZDGHS,New Zealand Dollar,Mid Rate,6.5821,GH¢ per NZD,6.5821,GH¢ per NZD,ok,
2026-02-04,SEKGHS,Swedish Krona,Buying,1.2196,GH¢ per SEK,1.2196,GH¢ per SEK,ok,
2026-02-04,SEKGHS,Swedish Krona,Selling,1.2205,GH¢ per SEK,1.2205,GH¢ per SEK,ok,
2026-02-04,SEKGHS,Swedish Krona,Mid Rate,1.2201,GH¢ per SEK,1.2201,GH¢ per SEK,ok,
2026-02-04,WAUGHS,Ecowas,Buying,0.0142,GH¢ per WAU,0.0142,"GH¢ per WAU (BoG's 'Ecowas' unit, not defined by BoG)",ok,
2026-02-04,WAUGHS,Ecowas,Selling,0.0142,GH¢ per WAU,0.0142,"GH¢ per WAU (BoG's 'Ecowas' unit, not defined by BoG)",ok,
2026-02-04,WAUGHS,Ecowas,Mid Rate,0.0142,GH¢ per WAU,0.0142,"GH¢ per WAU (BoG's 'Ecowas' unit, not defined by BoG)",ok,
2026-02-04,ZARGHS,South African Rand,Buying,0.6823,GH¢ per ZAR,0.6823,GH¢ per ZAR,ok,
2026-02-04,ZARGHS,South African Rand,Selling,0.6826,GH¢ per ZAR,0.6826,GH¢ per ZAR,ok,
2026-02-04,ZARGHS,South African Rand,Mid Rate,0.6825,GH¢ per ZAR,0.6825,GH¢ per ZAR,ok,
2026-02-05,USDGHS,US Dollar,Buying,10.9745,GH¢ per USD,10.9745,GH¢ per USD,ok,
2026-02-05,USDGHS,US Dollar,Selling,10.9855,GH¢ per USD,10.9855,GH¢ per USD,ok,
2026-02-05,USDGHS,US Dollar,Mid Rate,10.9800,GH¢ per USD,10.98,GH¢ per USD,ok,
2026-02-05,AUDGHS,Australian Dollar,Buying,7.6520,GH¢ per AUD,7.652,GH¢ per AUD,ok,
2026-02-05,AUDGHS,Australian Dollar,Selling,7.6617,GH¢ per AUD,7.6617,GH¢ per AUD,ok,
2026-02-05,AUDGHS,Australian Dollar,Mid Rate,7.6569,GH¢ per AUD,7.6569,GH¢ per AUD,ok,
2026-02-05,CADGHS,Canadian Dollar,Buying,8.0276,GH¢ per CAD,8.0276,GH¢ per CAD,ok,
2026-02-05,CADGHS,Canadian Dollar,Selling,8.0353,GH¢ per CAD,8.0353,GH¢ per CAD,ok,
2026-02-05,CADGHS,Canadian Dollar,Mid Rate,8.0315,GH¢ per CAD,8.0315,GH¢ per CAD,ok,
2026-02-05,CHFGHS,Swiss Franc,Buying,14.1201,GH¢ per CHF,14.1201,GH¢ per CHF,ok,
2026-02-05,CHFGHS,Swiss Franc,Selling,14.1339,GH¢ per CHF,14.1339,GH¢ per CHF,ok,
2026-02-05,CHFGHS,Swiss Franc,Mid Rate,14.1270,GH¢ per CHF,14.127,GH¢ per CHF,ok,
2026-02-05,CNYGHS,Yuan Renminbi,Buying,1.5820,GH¢ per CNY,1.582,GH¢ per CNY,ok,
2026-02-05,CNYGHS,Yuan Renminbi,Selling,1.5835,GH¢ per CNY,1.5835,GH¢ per CNY,ok,
2026-02-05,CNYGHS,Yuan Renminbi,Mid Rate,1.5828,GH¢ per CNY,1.5828,GH¢ per CNY,ok,
2026-02-05,DKKGHS,Danish Krone,Buying,1.7346,GH¢ per DKK,1.7346,GH¢ per DKK,ok,
2026-02-05,DKKGHS,Danish Krone,Selling,1.7361,GH¢ per DKK,1.7361,GH¢ per DKK,ok,
2026-02-05,DKKGHS,Danish Krone,Mid Rate,1.7354,GH¢ per DKK,1.7354,GH¢ per DKK,ok,
2026-02-05,EURGHS,Euro,Buying,12.9496,GH¢ per EUR,12.9496,GH¢ per EUR,ok,
2026-02-05,EURGHS,Euro,Selling,12.9624,GH¢ per EUR,12.9624,GH¢ per EUR,ok,
2026-02-05,EURGHS,Euro,Mid Rate,12.9560,GH¢ per EUR,12.956,GH¢ per EUR,ok,
2026-02-05,GBPGHS,Pound Sterling,Buying,14.8727,GH¢ per GBP,14.8727,GH¢ per GBP,ok,
2026-02-05,GBPGHS,Pound Sterling,Selling,14.8886,GH¢ per GBP,14.8886,GH¢ per GBP,ok,
2026-02-05,GBPGHS,Pound Sterling,Mid Rate,14.8807,GH¢ per GBP,14.8807,GH¢ per GBP,ok,
2026-02-05,GHSGMD,Dalasi,Buying,6.5915,GMD per GH¢,0.1517105363,GH¢ per GMD,ok,
2026-02-05,GHSGMD,Dalasi,Selling,6.5919,GMD per GH¢,0.1517013304,GH¢ per GMD,ok,
2026-02-05,GHSGMD,Dalasi,Mid Rate,6.5917,GMD per GH¢,0.1517059332,GH¢ per GMD,ok,
2026-02-05,GHSMRO,Ouguiya,Buying,32.5137,MRO per GH¢,0.0307562658,GH¢ per MRO (old ouguiya; 10 MRO = 1 MRU since 2018),ok,
2026-02-05,GHSMRO,Ouguiya,Selling,32.6047,MRO per GH¢,0.0306704248,GH¢ per MRO (old ouguiya; 10 MRO = 1 MRU since 2018),ok,
2026-02-05,GHSMRO,Ouguiya,Mid Rate,32.5592,MRO per GH¢,0.0307132853,GH¢ per MRO (old ouguiya; 10 MRO = 1 MRU since 2018),ok,
2026-02-05,GHSNGN,Naira,Buying,124.5319,NGN per GH¢,0.008030071,GH¢ per NGN,ok,
2026-02-05,GHSNGN,Naira,Selling,124.6266,NGN per GH¢,0.0080239692,GH¢ per NGN,ok,
2026-02-05,GHSNGN,Naira,Mid Rate,124.5793,NGN per GH¢,0.0080270157,GH¢ per NGN,ok,
2026-02-05,GHSSLL,Leone,Buying,"2,170.4000",SLL per GH¢,0.4607445632,"GH¢ per SLE (new leone; 1 SLE = 1,000 old leones)",ok,
2026-02-05,GHSSLL,Leone,Selling,"2,213.9355",SLL per GH¢,0.4516843422,"GH¢ per SLE (new leone; 1 SLE = 1,000 old leones)",ok,
2026-02-05,GHSSLL,Leone,Mid Rate,"2,192.1678",SLL per GH¢,0.4561694593,"GH¢ per SLE (new leone; 1 SLE = 1,000 old leones)",ok,
2026-02-05,GHSXOF,BCEAO,Buying,50.6046,XOF per GH¢,0.0197610494,GH¢ per XOF (CFA franc (BCEAO)),ok,
2026-02-05,GHSXOF,BCEAO,Selling,50.6546,XOF per GH¢,0.0197415437,GH¢ per XOF (CFA franc (BCEAO)),ok,
2026-02-05,GHSXOF,BCEAO,Mid Rate,50.6296,XOF per GH¢,0.0197512917,GH¢ per XOF (CFA franc (BCEAO)),ok,
2026-02-05,JPYGHS,Japanese yen,Buying,0.0700,GH¢ per JPY,0.07,GH¢ per JPY,ok,
2026-02-05,JPYGHS,Japanese yen,Selling,0.0700,GH¢ per JPY,0.07,GH¢ per JPY,ok,
2026-02-05,JPYGHS,Japanese yen,Mid Rate,0.0700,GH¢ per JPY,0.07,GH¢ per JPY,ok,
2026-02-05,NOKGHS,Norwegian Krone,Buying,1.1252,GH¢ per NOK,1.1252,GH¢ per NOK,ok,
2026-02-05,NOKGHS,Norwegian Krone,Selling,1.1260,GH¢ per NOK,1.126,GH¢ per NOK,ok,
2026-02-05,NOKGHS,Norwegian Krone,Mid Rate,1.1256,GH¢ per NOK,1.1256,GH¢ per NOK,ok,
2026-02-05,NZDGHS,New Zealand Dollar,Buying,6.5737,GH¢ per NZD,6.5737,GH¢ per NZD,ok,
2026-02-05,NZDGHS,New Zealand Dollar,Selling,6.5823,GH¢ per NZD,6.5823,GH¢ per NZD,ok,
2026-02-05,NZDGHS,New Zealand Dollar,Mid Rate,6.5780,GH¢ per NZD,6.578,GH¢ per NZD,ok,
2026-02-05,SEKGHS,Swedish Krona,Buying,1.2174,GH¢ per SEK,1.2174,GH¢ per SEK,ok,
2026-02-05,SEKGHS,Swedish Krona,Selling,1.2184,GH¢ per SEK,1.2184,GH¢ per SEK,ok,
2026-02-05,SEKGHS,Swedish Krona,Mid Rate,1.2179,GH¢ per SEK,1.2179,GH¢ per SEK,ok,
2026-02-05,WAUGHS,Ecowas,Buying,0.0141,GH¢ per WAU,0.0141,"GH¢ per WAU (BoG's 'Ecowas' unit, not defined by BoG)",ok,
2026-02-05,WAUGHS,Ecowas,Selling,0.0141,GH¢ per WAU,0.0141,"GH¢ per WAU (BoG's 'Ecowas' unit, not defined by BoG)",ok,
2026-02-05,WAUGHS,Ecowas,Mid Rate,0.0141,GH¢ per WAU,0.0141,"GH¢ per WAU (BoG's 'Ecowas' unit, not defined by BoG)",ok,
2026-02-05,ZARGHS,South African Rand,Buying,0.6788,GH¢ per ZAR,0.6788,GH¢ per ZAR,ok,
2026-02-05,ZARGHS,South African Rand,Selling,0.6790,GH¢ per ZAR,0.679,GH¢ per ZAR,ok,
2026-02-05,ZARGHS,South African Rand,Mid Rate,0.6789,GH¢ per ZAR,0.6789,GH¢ per ZAR,ok,
2026-02-06,USDGHS,US Dollar,Buying,10.9745,GH¢ per USD,10.9745,GH¢ per USD,ok,
2026-02-06,USDGHS,US Dollar,Selling,10.9855,GH¢ per USD,10.9855,GH¢ per USD,ok,
2026-02-06,USDGHS,US Dollar,Mid Rate,10.9800,GH¢ per USD,10.98,GH¢ per USD,ok,
2026-02-06,AUDGHS,Australian Dollar,Buying,7.6912,GH¢ per AUD,7.6912,GH¢ per AUD,ok,
2026-02-06,AUDGHS,Australian Dollar,Selling,7.7010,GH¢ per AUD,7.701,GH¢ per AUD,ok,
2026-02-06,AUDGHS,Australian Dollar,Mid Rate,7.6961,GH¢ per AUD,7.6961,GH¢ per AUD,ok,
2026-02-06,CADGHS,Canadian Dollar,Buying,8.0504,GH¢ per CAD,8.0504,GH¢ per CAD,ok,
2026-02-06,CADGHS,Canadian Dollar,Selling,8.0577,GH¢ per CAD,8.0577,GH¢ per CAD,ok,
2026-02-06,CADGHS,Canadian Dollar,Mid Rate,8.0541,GH¢ per CAD,8.0541,GH¢ per CAD,ok,
2026-02-06,CHFGHS,Swiss Franc,Buying,14.1450,GH¢ per CHF,14.145,GH¢ per CHF,ok,
2026-02-06,CHFGHS,Swiss Franc,Selling,14.1575,GH¢ per CHF,14.1575,GH¢ per CHF,ok,
2026-02-06,CHFGHS,Swiss Franc,Mid Rate,14.1513,GH¢ per CHF,14.1513,GH¢ per CHF,ok,
2026-02-06,CNYGHS,Yuan Renminbi,Buying,1.5822,GH¢ per CNY,1.5822,GH¢ per CNY,ok,
2026-02-06,CNYGHS,Yuan Renminbi,Selling,1.5835,GH¢ per CNY,1.5835,GH¢ per CNY,ok,
2026-02-06,CNYGHS,Yuan Renminbi,Mid Rate,1.5829,GH¢ per CNY,1.5829,GH¢ per CNY,ok,
2026-02-06,DKKGHS,Danish Krone,Buying,1.7362,GH¢ per DKK,1.7362,GH¢ per DKK,ok,
2026-02-06,DKKGHS,Danish Krone,Selling,1.7377,GH¢ per DKK,1.7377,GH¢ per DKK,ok,
2026-02-06,DKKGHS,Danish Krone,Mid Rate,1.7370,GH¢ per DKK,1.737,GH¢ per DKK,ok,
2026-02-06,EURGHS,Euro,Buying,12.9668,GH¢ per EUR,12.9668,GH¢ per EUR,ok,
2026-02-06,EURGHS,Euro,Selling,12.9784,GH¢ per EUR,12.9784,GH¢ per EUR,ok,
2026-02-06,EURGHS,Euro,Mid Rate,12.9726,GH¢ per EUR,12.9726,GH¢ per EUR,ok,
2026-02-06,GBPGHS,Pound Sterling,Buying,14.9286,GH¢ per GBP,14.9286,GH¢ per GBP,ok,
2026-02-06,GBPGHS,Pound Sterling,Selling,14.9447,GH¢ per GBP,14.9447,GH¢ per GBP,ok,
2026-02-06,GBPGHS,Pound Sterling,Mid Rate,14.9367,GH¢ per GBP,14.9367,GH¢ per GBP,ok,
2026-02-06,GHSGMD,Dalasi,Buying,6.5893,GMD per GH¢,0.1517611886,GH¢ per GMD,ok,
2026-02-06,GHSGMD,Dalasi,Selling,6.5915,GMD per GH¢,0.1517105363,GH¢ per GMD,ok,
2026-02-06,GHSGMD,Dalasi,Mid Rate,6.5904,GMD per GH¢,0.1517358582,GH¢ per GMD,ok,
2026-02-06,GHSMRO,Ouguiya,Buying,32.5137,MRO per GH¢,0.0307562658,GH¢ per MRO (old ouguiya; 10 MRO = 1 MRU since 2018),ok,
2026-02-06,GHSMRO,Ouguiya,Selling,32.6047,MRO per GH¢,0.0306704248,GH¢ per MRO (old ouguiya; 10 MRO = 1 MRU since 2018),ok,
2026-02-06,GHSMRO,Ouguiya,Mid Rate,32.5592,MRO per GH¢,0.0307132853,GH¢ per MRO (old ouguiya; 10 MRO = 1 MRU since 2018),ok,
2026-02-06,GHSNGN,Naira,Buying,124.4390,NGN per GH¢,0.0080360659,GH¢ per NGN,ok,
2026-02-06,GHSNGN,Naira,Selling,124.5756,NGN per GH¢,0.0080272541,GH¢ per NGN,ok,
2026-02-06,GHSNGN,Naira,Mid Rate,124.5073,NGN per GH¢,0.0080316576,GH¢ per NGN,ok,
2026-02-06,GHSSLL,Leone,Buying,"2,170.4000",SLL per GH¢,0.4607445632,"GH¢ per SLE (new leone; 1 SLE = 1,000 old leones)",ok,
2026-02-06,GHSSLL,Leone,Selling,"2,218.0830",SLL per GH¢,0.4508397567,"GH¢ per SLE (new leone; 1 SLE = 1,000 old leones)",ok,
2026-02-06,GHSSLL,Leone,Mid Rate,"2,194.2415",SLL per GH¢,0.4557383497,"GH¢ per SLE (new leone; 1 SLE = 1,000 old leones)",ok,
2026-02-06,GHSXOF,BCEAO,Buying,50.5422,XOF per GH¢,0.0197854466,GH¢ per XOF (CFA franc (BCEAO)),ok,
2026-02-06,GHSXOF,BCEAO,Selling,50.5874,XOF per GH¢,0.0197677683,GH¢ per XOF (CFA franc (BCEAO)),ok,
2026-02-06,GHSXOF,BCEAO,Mid Rate,50.5648,XOF per GH¢,0.0197766035,GH¢ per XOF (CFA franc (BCEAO)),ok,
2026-02-06,JPYGHS,Japanese yen,Buying,0.0699,GH¢ per JPY,0.0699,GH¢ per JPY,ok,
2026-02-06,JPYGHS,Japanese yen,Selling,0.0700,GH¢ per JPY,0.07,GH¢ per JPY,ok,
2026-02-06,JPYGHS,Japanese yen,Mid Rate,0.0700,GH¢ per JPY,0.07,GH¢ per JPY,ok,
2026-02-06,NOKGHS,Norwegian Krone,Buying,1.1330,GH¢ per NOK,1.133,GH¢ per NOK,ok,
2026-02-06,NOKGHS,Norwegian Krone,Selling,1.1339,GH¢ per NOK,1.1339,GH¢ per NOK,ok,
2026-02-06,NOKGHS,Norwegian Krone,Mid Rate,1.1335,GH¢ per NOK,1.1335,GH¢ per NOK,ok,
2026-02-06,NZDGHS,New Zealand Dollar,Buying,6.5970,GH¢ per NZD,6.597,GH¢ per NZD,ok,
2026-02-06,NZDGHS,New Zealand Dollar,Selling,6.6055,GH¢ per NZD,6.6055,GH¢ per NZD,ok,
2026-02-06,NZDGHS,New Zealand Dollar,Mid Rate,6.6013,GH¢ per NZD,6.6013,GH¢ per NZD,ok,
2026-02-06,SEKGHS,Swedish Krona,Buying,1.2157,GH¢ per SEK,1.2157,GH¢ per SEK,ok,
2026-02-06,SEKGHS,Swedish Krona,Selling,1.2167,GH¢ per SEK,1.2167,GH¢ per SEK,ok,
2026-02-06,SEKGHS,Swedish Krona,Mid Rate,1.2162,GH¢ per SEK,1.2162,GH¢ per SEK,ok,
2026-02-06,WAUGHS,Ecowas,Buying,0.0141,GH¢ per WAU,0.0141,"GH¢ per WAU (BoG's 'Ecowas' unit, not defined by BoG)",ok,
2026-02-06,WAUGHS,Ecowas,Selling,0.0141,GH¢ per WAU,0.0141,"GH¢ per WAU (BoG's 'Ecowas' unit, not defined by BoG)",ok,
2026-02-06,WAUGHS,Ecowas,Mid Rate,0.0141,GH¢ per WAU,0.0141,"GH¢ per WAU (BoG's 'Ecowas' unit, not defined by BoG)",ok,
2026-02-06,ZARGHS,South African Rand,Buying,0.6839,GH¢ per ZAR,0.6839,GH¢ per ZAR,ok,
2026-02-06,ZARGHS,South African Rand,Selling,0.6842,GH¢ per ZAR,0.6842,GH¢ per ZAR,ok,
2026-02-06,ZARGHS,South African Rand,Mid Rate,0.6841,GH¢ per ZAR,0.6841,GH¢ per ZAR,ok,
2026-02-09,USDGHS,US Dollar,Buying,10.9845,GH¢ per USD,10.9845,GH¢ per USD,ok,
2026-02-09,USDGHS,US Dollar,Selling,10.9955,GH¢ per USD,10.9955,GH¢ per USD,ok,
2026-02-09,USDGHS,US Dollar,Mid Rate,10.9900,GH¢ per USD,10.99,GH¢ per USD,ok,
2026-02-09,AUDGHS,Australian Dollar,Buying,7.7829,GH¢ per AUD,7.7829,GH¢ per AUD,ok,
2026-02-09,AUDGHS,Australian Dollar,Selling,7.7933,GH¢ per AUD,7.7933,GH¢ per AUD,ok,
2026-02-09,AUDGHS,Australian Dollar,Mid Rate,7.7881,GH¢ per AUD,7.7881,GH¢ per AUD,ok,
2026-02-09,CADGHS,Canadian Dollar,Buying,8.0944,GH¢ per CAD,8.0944,GH¢ per CAD,ok,
2026-02-09,CADGHS,Canadian Dollar,Selling,8.1023,GH¢ per CAD,8.1023,GH¢ per CAD,ok,
2026-02-09,CADGHS,Canadian Dollar,Mid Rate,8.0984,GH¢ per CAD,8.0984,GH¢ per CAD,ok,
2026-02-09,CHFGHS,Swiss Franc,Buying,14.3148,GH¢ per CHF,14.3148,GH¢ per CHF,ok,
2026-02-09,CHFGHS,Swiss Franc,Selling,14.3299,GH¢ per CHF,14.3299,GH¢ per CHF,ok,
2026-02-09,CHFGHS,Swiss Franc,Mid Rate,14.3224,GH¢ per CHF,14.3224,GH¢ per CHF,ok,
2026-02-09,CNYGHS,Yuan Renminbi,Buying,1.5869,GH¢ per CNY,1.5869,GH¢ per CNY,ok,
2026-02-09,CNYGHS,Yuan Renminbi,Selling,1.5886,GH¢ per CNY,1.5886,GH¢ per CNY,ok,
2026-02-09,CNYGHS,Yuan Renminbi,Mid Rate,1.5878,GH¢ per CNY,1.5878,GH¢ per CNY,ok,
2026-02-09,DKKGHS,Danish Krone,Buying,1.7502,GH¢ per DKK,1.7502,GH¢ per DKK,ok,
2026-02-09,DKKGHS,Danish Krone,Selling,1.7518,GH¢ per DKK,1.7518,GH¢ per DKK,ok,
2026-02-09,DKKGHS,Danish Krone,Mid Rate,1.7510,GH¢ per DKK,1.751,GH¢ per DKK,ok,
2026-02-09,EURGHS,Euro,Buying,13.0749,GH¢ per EUR,13.0749,GH¢ per EUR,ok,
2026-02-09,EURGHS,Euro,Selling,13.0876,GH¢ per EUR,13.0876,GH¢ per EUR,ok,
2026-02-09,EURGHS,Euro,Mid Rate,13.0813,GH¢ per EUR,13.0813,GH¢ per EUR,ok,
2026-02-09,GBPGHS,Pound Sterling,Buying,15.0191,GH¢ per GBP,15.0191,GH¢ per GBP,ok,
2026-02-09,GBPGHS,Pound Sterling,Selling,15.0363,GH¢ per GBP,15.0363,GH¢ per GBP,ok,
2026-02-09,GBPGHS,Pound Sterling,Mid Rate,15.0277,GH¢ per GBP,15.0277,GH¢ per GBP,ok,
2026-02-09,GHSGMD,Dalasi,Buying,6.5833,GMD per GH¢,0.1518995033,GH¢ per GMD,ok,
2026-02-09,GHSGMD,Dalasi,Selling,6.6078,GMD per GH¢,0.1513362995,GH¢ per GMD,ok,
2026-02-09,GHSGMD,Dalasi,Mid Rate,6.5956,GMD per GH¢,0.151616229,GH¢ per GMD,ok,
2026-02-09,GHSMRO,Ouguiya,Buying,32.4841,MRO per GH¢,0.0307842914,GH¢ per MRO (old ouguiya; 10 MRO = 1 MRU since 2018),ok,
2026-02-09,GHSMRO,Ouguiya,Selling,32.5751,MRO per GH¢,0.0306982941,GH¢ per MRO (old ouguiya; 10 MRO = 1 MRU since 2018),ok,
2026-02-09,GHSMRO,Ouguiya,Mid Rate,32.5296,MRO per GH¢,0.0307412326,GH¢ per MRO (old ouguiya; 10 MRO = 1 MRU since 2018),ok,
2026-02-09,GHSNGN,Naira,Buying,122.9008,NGN per GH¢,0.0081366435,GH¢ per NGN,ok,
2026-02-09,GHSNGN,Naira,Selling,123.6870,NGN per GH¢,0.008084924,GH¢ per NGN,ok,
2026-02-09,GHSNGN,Naira,Mid Rate,123.2939,NGN per GH¢,0.0081107013,GH¢ per NGN,ok,
2026-02-09,GHSSLL,Leone,Buying,"2,168.4251",SLL per GH¢,0.4611641878,"GH¢ per SLE (new leone; 1 SLE = 1,000 old leones)",ok,
2026-02-09,GHSSLL,Leone,Selling,"2,220.5187",SLL per GH¢,0.4503452279,"GH¢ per SLE (new leone; 1 SLE = 1,000 old leones)",ok,
2026-02-09,GHSSLL,Leone,Mid Rate,"2,194.4719",SLL per GH¢,0.4556905012,"GH¢ per SLE (new leone; 1 SLE = 1,000 old leones)",ok,
2026-02-09,GHSXOF,BCEAO,Buying,50.1205,XOF per GH¢,0.0199519159,GH¢ per XOF (CFA franc (BCEAO)),ok,
2026-02-09,GHSXOF,BCEAO,Selling,50.1692,XOF per GH¢,0.0199325483,GH¢ per XOF (CFA franc (BCEAO)),ok,
2026-02-09,GHSXOF,BCEAO,Mid Rate,50.1449,XOF per GH¢,0.0199422075,GH¢ per XOF (CFA franc (BCEAO)),ok,
2026-02-09,JPYGHS,Japanese yen,Buying,0.0704,GH¢ per JPY,0.0704,GH¢ per JPY,ok,
2026-02-09,JPYGHS,Japanese yen,Selling,0.0705,GH¢ per JPY,0.0705,GH¢ per JPY,ok,
2026-02-09,JPYGHS,Japanese yen,Mid Rate,0.0705,GH¢ per JPY,0.0705,GH¢ per JPY,ok,
2026-02-09,NOKGHS,Norwegian Krone,Buying,1.1464,GH¢ per NOK,1.1464,GH¢ per NOK,ok,
2026-02-09,NOKGHS,Norwegian Krone,Selling,1.1474,GH¢ per NOK,1.1474,GH¢ per NOK,ok,
2026-02-09,NOKGHS,Norwegian Krone,Mid Rate,1.1469,GH¢ per NOK,1.1469,GH¢ per NOK,ok,
2026-02-09,NZDGHS,New Zealand Dollar,Buying,6.6430,GH¢ per NZD,6.643,GH¢ per NZD,ok,
2026-02-09,NZDGHS,New Zealand Dollar,Selling,6.6521,GH¢ per NZD,6.6521,GH¢ per NZD,ok,
2026-02-09,NZDGHS,New Zealand Dollar,Mid Rate,6.6476,GH¢ per NZD,6.6476,GH¢ per NZD,ok,
2026-02-09,SEKGHS,Swedish Krona,Buying,1.2301,GH¢ per SEK,1.2301,GH¢ per SEK,ok,
2026-02-09,SEKGHS,Swedish Krona,Selling,1.2312,GH¢ per SEK,1.2312,GH¢ per SEK,ok,
2026-02-09,SEKGHS,Swedish Krona,Mid Rate,1.2307,GH¢ per SEK,1.2307,GH¢ per SEK,ok,
2026-02-09,WAUGHS,Ecowas,Buying,0.0141,GH¢ per WAU,0.0141,"GH¢ per WAU (BoG's 'Ecowas' unit, not defined by BoG)",ok,
2026-02-09,WAUGHS,Ecowas,Selling,0.0141,GH¢ per WAU,0.0141,"GH¢ per WAU (BoG's 'Ecowas' unit, not defined by BoG)",ok,
2026-02-09,WAUGHS,Ecowas,Mid Rate,0.0141,GH¢ per WAU,0.0141,"GH¢ per WAU (BoG's 'Ecowas' unit, not defined by BoG)",ok,
2026-02-09,ZARGHS,South African Rand,Buying,0.6913,GH¢ per ZAR,0.6913,GH¢ per ZAR,ok,
2026-02-09,ZARGHS,South African Rand,Selling,0.6916,GH¢ per ZAR,0.6916,GH¢ per ZAR,ok,
2026-02-09,ZARGHS,South African Rand,Mid Rate,0.6915,GH¢ per ZAR,0.6915,GH¢ per ZAR,ok,
2026-02-10,USDGHS,US Dollar,Buying,10.9845,GH¢ per USD,10.9845,GH¢ per USD,ok,
2026-02-10,USDGHS,US Dollar,Selling,10.9955,GH¢ per USD,10.9955,GH¢ per USD,ok,
2026-02-10,USDGHS,US Dollar,Mid Rate,10.9900,GH¢ per USD,10.99,GH¢ per USD,ok,
2026-02-10,AUDGHS,Australian Dollar,Buying,7.7665,GH¢ per AUD,7.7665,GH¢ per AUD,ok,
2026-02-10,AUDGHS,Australian Dollar,Selling,7.7763,GH¢ per AUD,7.7763,GH¢ per AUD,ok,
2026-02-10,AUDGHS,Australian Dollar,Mid Rate,7.7714,GH¢ per AUD,7.7714,GH¢ per AUD,ok,
2026-02-10,CADGHS,Canadian Dollar,Buying,8.1169,GH¢ per CAD,8.1169,GH¢ per CAD,ok,
2026-02-10,CADGHS,Canadian Dollar,Selling,8.1247,GH¢ per CAD,8.1247,GH¢ per CAD,ok,
2026-02-10,CADGHS,Canadian Dollar,Mid Rate,8.1208,GH¢ per CAD,8.1208,GH¢ per CAD,ok,
2026-02-10,CHFGHS,Swiss Franc,Buying,14.3285,GH¢ per CHF,14.3285,GH¢ per CHF,ok,
2026-02-10,CHFGHS,Swiss Franc,Selling,14.3412,GH¢ per CHF,14.3412,GH¢ per CHF,ok,
2026-02-10,CHFGHS,Swiss Franc,Mid Rate,14.3349,GH¢ per CHF,14.3349,GH¢ per CHF,ok,
2026-02-10,CNYGHS,Yuan Renminbi,Buying,1.5891,GH¢ per CNY,1.5891,GH¢ per CNY,ok,
2026-02-10,CNYGHS,Yuan Renminbi,Selling,1.5903,GH¢ per CNY,1.5903,GH¢ per CNY,ok,
2026-02-10,CNYGHS,Yuan Renminbi,Mid Rate,1.5897,GH¢ per CNY,1.5897,GH¢ per CNY,ok,
2026-02-10,DKKGHS,Danish Krone,Buying,1.7495,GH¢ per DKK,1.7495,GH¢ per DKK,ok,
2026-02-10,DKKGHS,Danish Krone,Selling,1.7510,GH¢ per DKK,1.751,GH¢ per DKK,ok,
2026-02-10,DKKGHS,Danish Krone,Mid Rate,1.7503,GH¢ per DKK,1.7503,GH¢ per DKK,ok,
2026-02-10,EURGHS,Euro,Buying,13.0716,GH¢ per EUR,13.0716,GH¢ per EUR,ok,
2026-02-10,EURGHS,Euro,Selling,13.0844,GH¢ per EUR,13.0844,GH¢ per EUR,ok,
2026-02-10,EURGHS,Euro,Mid Rate,13.0780,GH¢ per EUR,13.078,GH¢ per EUR,ok,
2026-02-10,GBPGHS,Pound Sterling,Buying,15.0048,GH¢ per GBP,15.0048,GH¢ per GBP,ok,
2026-02-10,GBPGHS,Pound Sterling,Selling,15.0209,GH¢ per GBP,15.0209,GH¢ per GBP,ok,
2026-02-10,GBPGHS,Pound Sterling,Mid Rate,15.0129,GH¢ per GBP,15.0129,GH¢ per GBP,ok,
2026-02-10,GHSGMD,Dalasi,Buying,6.5855,GMD per GH¢,0.1518487586,GH¢ per GMD,ok,
2026-02-10,GHSGMD,Dalasi,Selling,6.5858,GMD per GH¢,0.1518418415,GH¢ per GMD,ok,
2026-02-10,GHSGMD,Dalasi,Mid Rate,6.5857,GMD per GH¢,0.1518441472,GH¢ per GMD,ok,
2026-02-10,GHSMRO,Ouguiya,Buying,32.4841,MRO per GH¢,0.0307842914,GH¢ per MRO (old ouguiya; 10 MRO = 1 MRU since 2018),ok,
2026-02-10,GHSMRO,Ouguiya,Selling,32.5751,MRO per GH¢,0.0306982941,GH¢ per MRO (old ouguiya; 10 MRO = 1 MRU since 2018),ok,
2026-02-10,GHSMRO,Ouguiya,Mid Rate,32.5296,MRO per GH¢,0.0307412326,GH¢ per MRO (old ouguiya; 10 MRO = 1 MRU since 2018),ok,
2026-02-10,GHSNGN,Naira,Buying,122.9727,NGN per GH¢,0.0081318862,GH¢ per NGN,ok,
2026-02-10,GHSNGN,Naira,Selling,123.0646,NGN per GH¢,0.0081258136,GH¢ per NGN,ok,
2026-02-10,GHSNGN,Naira,Mid Rate,123.0187,NGN per GH¢,0.0081288455,GH¢ per NGN,ok,
2026-02-10,GHSSLL,Leone,Buying,"2,168.4251",SLL per GH¢,0.4611641878,"GH¢ per SLE (new leone; 1 SLE = 1,000 old leones)",ok,
2026-02-10,GHSSLL,Leone,Selling,"2,202.3796",SLL per GH¢,0.4540543329,"GH¢ per SLE (new leone; 1 SLE = 1,000 old leones)",ok,
2026-02-10,GHSSLL,Leone,Mid Rate,"2,185.4024",SLL per GH¢,0.4575816335,"GH¢ per SLE (new leone; 1 SLE = 1,000 old leones)",ok,
2026-02-10,GHSXOF,BCEAO,Buying,50.1328,XOF per GH¢,0.0199470207,GH¢ per XOF (CFA franc (BCEAO)),ok,
2026-02-10,GHSXOF,BCEAO,Selling,50.1818,XOF per GH¢,0.0199275435,GH¢ per XOF (CFA franc (BCEAO)),ok,
2026-02-10,GHSXOF,BCEAO,Mid Rate,50.1573,XOF per GH¢,0.0199372773,GH¢ per XOF (CFA franc (BCEAO)),ok,
2026-02-10,JPYGHS,Japanese yen,Buying,0.0712,GH¢ per JPY,0.0712,GH¢ per JPY,ok,
2026-02-10,JPYGHS,Japanese yen,Selling,0.0713,GH¢ per JPY,0.0713,GH¢ per JPY,ok,
2026-02-10,JPYGHS,Japanese yen,Mid Rate,0.0713,GH¢ per JPY,0.0713,GH¢ per JPY,ok,
2026-02-10,NOKGHS,Norwegian Krone,Buying,1.1532,GH¢ per NOK,1.1532,GH¢ per NOK,ok,
2026-02-10,NOKGHS,Norwegian Krone,Selling,1.1539,GH¢ per NOK,1.1539,GH¢ per NOK,ok,
2026-02-10,NOKGHS,Norwegian Krone,Mid Rate,1.1536,GH¢ per NOK,1.1536,GH¢ per NOK,ok,
2026-02-10,NZDGHS,New Zealand Dollar,Buying,6.6381,GH¢ per NZD,6.6381,GH¢ per NZD,ok,
2026-02-10,NZDGHS,New Zealand Dollar,Selling,6.6468,GH¢ per NZD,6.6468,GH¢ per NZD,ok,
2026-02-10,NZDGHS,New Zealand Dollar,Mid Rate,6.6425,GH¢ per NZD,6.6425,GH¢ per NZD,ok,
2026-02-10,SEKGHS,Swedish Krona,Buying,1.2349,GH¢ per SEK,1.2349,GH¢ per SEK,ok,
2026-02-10,SEKGHS,Swedish Krona,Selling,1.2358,GH¢ per SEK,1.2358,GH¢ per SEK,ok,
2026-02-10,SEKGHS,Swedish Krona,Mid Rate,1.2354,GH¢ per SEK,1.2354,GH¢ per SEK,ok,
2026-02-10,WAUGHS,Ecowas,Buying,0.0141,GH¢ per WAU,0.0141,"GH¢ per WAU (BoG's 'Ecowas' unit, not defined by BoG)",ok,
2026-02-10,WAUGHS,Ecowas,Selling,0.0141,GH¢ per WAU,0.0141,"GH¢ per WAU (BoG's 'Ecowas' unit, not defined by BoG)",ok,
2026-02-10,WAUGHS,Ecowas,Mid Rate,0.0141,GH¢ per WAU,0.0141,"GH¢ per WAU (BoG's 'Ecowas' unit, not defined by BoG)",ok,
2026-02-10,ZARGHS,South African Rand,Buying,0.6884,GH¢ per ZAR,0.6884,GH¢ per ZAR,ok,
2026-02-10,ZARGHS,South African Rand,Selling,0.6887,GH¢ per ZAR,0.6887,GH¢ per ZAR,ok,
2026-02-10,ZARGHS,South African Rand,Mid Rate,0.6886,GH¢ per ZAR,0.6886,GH¢ per ZAR,ok,
2026-02-11,USDGHS,US Dollar,Buying,10.9912,GH¢ per USD,10.9912,GH¢ per USD,ok,
2026-02-11,USDGHS,US Dollar,Selling,11.0022,GH¢ per USD,11.0022,GH¢ per USD,ok,
2026-02-11,USDGHS,US Dollar,Mid Rate,10.9967,GH¢ per USD,10.9967,GH¢ per USD,ok,
2026-02-11,AUDGHS,Australian Dollar,Buying,7.8153,GH¢ per AUD,7.8153,GH¢ per AUD,ok,
2026-02-11,AUDGHS,Australian Dollar,Selling,7.8252,GH¢ per AUD,7.8252,GH¢ per AUD,ok,
2026-02-11,AUDGHS,Australian Dollar,Mid Rate,7.8203,GH¢ per AUD,7.8203,GH¢ per AUD,ok,
2026-02-11,CADGHS,Canadian Dollar,Buying,8.0811,GH¢ per CAD,8.0811,GH¢ per CAD,ok,
2026-02-11,CADGHS,Canadian Dollar,Selling,8.0884,GH¢ per CAD,8.0884,GH¢ per CAD,ok,
2026-02-11,CADGHS,Canadian Dollar,Mid Rate,8.0848,GH¢ per CAD,8.0848,GH¢ per CAD,ok,
2026-02-11,CHFGHS,Swiss Franc,Buying,14.2374,GH¢ per CHF,14.2374,GH¢ per CHF,ok,
2026-02-11,CHFGHS,Swiss Franc,Selling,14.2500,GH¢ per CHF,14.25,GH¢ per CHF,ok,
2026-02-11,CHFGHS,Swiss Franc,Mid Rate,14.2437,GH¢ per CHF,14.2437,GH¢ per CHF,ok,
2026-02-11,CNYGHS,Yuan Renminbi,Buying,1.5900,GH¢ per CNY,1.59,GH¢ per CNY,ok,
2026-02-11,CNYGHS,Yuan Renminbi,Selling,1.5914,GH¢ per CNY,1.5914,GH¢ per CNY,ok,
2026-02-11,CNYGHS,Yuan Renminbi,Mid Rate,1.5907,GH¢ per CNY,1.5907,GH¢ per CNY,ok,
2026-02-11,DKKGHS,Danish Krone,Buying,1.7450,GH¢ per DKK,1.745,GH¢ per DKK,ok,
2026-02-11,DKKGHS,Danish Krone,Selling,1.7465,GH¢ per DKK,1.7465,GH¢ per DKK,ok,
2026-02-11,DKKGHS,Danish Krone,Mid Rate,1.7458,GH¢ per DKK,1.7458,GH¢ per DKK,ok,
2026-02-11,EURGHS,Euro,Buying,13.0354,GH¢ per EUR,13.0354,GH¢ per EUR,ok,
2026-02-11,EURGHS,Euro,Selling,13.0483,GH¢ per EUR,13.0483,GH¢ per EUR,ok,
2026-02-11,EURGHS,Euro,Mid Rate,13.0419,GH¢ per EUR,13.0419,GH¢ per EUR,ok,
2026-02-11,GBPGHS,Pound Sterling,Buying,14.9920,GH¢ per GBP,14.992,GH¢ per GBP,ok,
2026-02-11,GBPGHS,Pound Sterling,Selling,15.0081,GH¢ per GBP,15.0081,GH¢ per GBP,ok,
2026-02-11,GBPGHS,Pound Sterling,Mid Rate,15.0001,GH¢ per GBP,15.0001,GH¢ per GBP,ok,
2026-02-11,GHSGMD,Dalasi,Buying,6.5815,GMD per GH¢,0.1519410469,GH¢ per GMD,ok,
2026-02-11,GHSGMD,Dalasi,Selling,6.5819,GMD per GH¢,0.151931813,GH¢ per GMD,ok,
2026-02-11,GHSGMD,Dalasi,Mid Rate,6.5817,GMD per GH¢,0.1519364298,GH¢ per GMD,ok,
2026-02-11,GHSMRO,Ouguiya,Buying,32.4643,MRO per GH¢,0.0308030668,GH¢ per MRO (old ouguiya; 10 MRO = 1 MRU since 2018),ok,
2026-02-11,GHSMRO,Ouguiya,Selling,32.5552,MRO per GH¢,0.030717059,GH¢ per MRO (old ouguiya; 10 MRO = 1 MRU since 2018),ok,
2026-02-11,GHSMRO,Ouguiya,Mid Rate,32.5098,MRO per GH¢,0.0307599555,GH¢ per MRO (old ouguiya; 10 MRO = 1 MRU since 2018),ok,
2026-02-11,GHSNGN,Naira,Buying,122.8005,NGN per GH¢,0.0081432893,GH¢ per NGN,ok,
2026-02-11,GHSNGN,Naira,Selling,122.8914,NGN per GH¢,0.0081372659,GH¢ per NGN,ok,
2026-02-11,GHSNGN,Naira,Mid Rate,122.8460,NGN per GH¢,0.0081402732,GH¢ per NGN,ok,
2026-02-11,GHSSLL,Leone,Buying,"2,167.1040",SLL per GH¢,0.4614453206,"GH¢ per SLE (new leone; 1 SLE = 1,000 old leones)",ok,
2026-02-11,GHSSLL,Leone,Selling,"2,210.8042",SLL per GH¢,0.4523240909,"GH¢ per SLE (new leone; 1 SLE = 1,000 old leones)",ok,
2026-02-11,GHSSLL,Leone,Mid Rate,"2,188.9541",SLL per GH¢,0.4568391818,"GH¢ per SLE (new leone; 1 SLE = 1,000 old leones)",ok,
2026-02-11,GHSXOF,BCEAO,Buying,50.2715,XOF per GH¢,0.0198919865,GH¢ per XOF (CFA franc (BCEAO)),ok,
2026-02-11,GHSXOF,BCEAO,Selling,50.3212,XOF per GH¢,0.0198723401,GH¢ per XOF (CFA franc (BCEAO)),ok,
2026-02-11,GHSXOF,BCEAO,Mid Rate,50.2964,XOF per GH¢,0.0198821387,GH¢ per XOF (CFA franc (BCEAO)),ok,
2026-02-11,JPYGHS,Japanese yen,Buying,0.0716,GH¢ per JPY,0.0716,GH¢ per JPY,ok,
2026-02-11,JPYGHS,Japanese yen,Selling,0.0717,GH¢ per JPY,0.0717,GH¢ per JPY,ok,
2026-02-11,JPYGHS,Japanese yen,Mid Rate,0.0717,GH¢ per JPY,0.0717,GH¢ per JPY,ok,
2026-02-11,NOKGHS,Norwegian Krone,Buying,1.1580,GH¢ per NOK,1.158,GH¢ per NOK,ok,
2026-02-11,NOKGHS,Norwegian Krone,Selling,1.1587,GH¢ per NOK,1.1587,GH¢ per NOK,ok,
2026-02-11,NOKGHS,Norwegian Krone,Mid Rate,1.1584,GH¢ per NOK,1.1584,GH¢ per NOK,ok,
2026-02-11,NZDGHS,New Zealand Dollar,Buying,6.6400,GH¢ per NZD,6.64,GH¢ per NZD,ok,
2026-02-11,NZDGHS,New Zealand Dollar,Selling,6.6501,GH¢ per NZD,6.6501,GH¢ per NZD,ok,
2026-02-11,NZDGHS,New Zealand Dollar,Mid Rate,6.6451,GH¢ per NZD,6.6451,GH¢ per NZD,ok,
2026-02-11,SEKGHS,Swedish Krona,Buying,1.2342,GH¢ per SEK,1.2342,GH¢ per SEK,ok,
2026-02-11,SEKGHS,Swedish Krona,Selling,1.2352,GH¢ per SEK,1.2352,GH¢ per SEK,ok,
2026-02-11,SEKGHS,Swedish Krona,Mid Rate,1.2347,GH¢ per SEK,1.2347,GH¢ per SEK,ok,
2026-02-11,WAUGHS,Ecowas,Buying,0.0141,GH¢ per WAU,0.0141,"GH¢ per WAU (BoG's 'Ecowas' unit, not defined by BoG)",ok,
2026-02-11,WAUGHS,Ecowas,Selling,0.0141,GH¢ per WAU,0.0141,"GH¢ per WAU (BoG's 'Ecowas' unit, not defined by BoG)",ok,
2026-02-11,WAUGHS,Ecowas,Mid Rate,0.0141,GH¢ per WAU,0.0141,"GH¢ per WAU (BoG's 'Ecowas' unit, not defined by BoG)",ok,
2026-02-11,ZARGHS,South African Rand,Buying,0.6906,GH¢ per ZAR,0.6906,GH¢ per ZAR,ok,
2026-02-11,ZARGHS,South African Rand,Selling,0.6907,GH¢ per ZAR,0.6907,GH¢ per ZAR,ok,
2026-02-11,ZARGHS,South African Rand,Mid Rate,0.6907,GH¢ per ZAR,0.6907,GH¢ per ZAR,ok,
2026-02-12,USDGHS,US Dollar,Buying,10.9920,GH¢ per USD,10.992,GH¢ per USD,ok,
2026-02-12,USDGHS,US Dollar,Selling,11.0030,GH¢ per USD,11.003,GH¢ per USD,ok,
2026-02-12,USDGHS,US Dollar,Mid Rate,10.9975,GH¢ per USD,10.9975,GH¢ per USD,ok,
2026-02-12,AUDGHS,Australian Dollar,Buying,7.7950,GH¢ per AUD,7.795,GH¢ per AUD,ok,
2026-02-12,AUDGHS,Australian Dollar,Selling,7.8033,GH¢ per AUD,7.8033,GH¢ per AUD,ok,
2026-02-12,AUDGHS,Australian Dollar,Mid Rate,7.7992,GH¢ per AUD,7.7992,GH¢ per AUD,ok,
2026-02-12,CADGHS,Canadian Dollar,Buying,8.0674,GH¢ per CAD,8.0674,GH¢ per CAD,ok,
2026-02-12,CADGHS,Canadian Dollar,Selling,8.0752,GH¢ per CAD,8.0752,GH¢ per CAD,ok,
2026-02-12,CADGHS,Canadian Dollar,Mid Rate,8.0713,GH¢ per CAD,8.0713,GH¢ per CAD,ok,
2026-02-12,CHFGHS,Swiss Franc,Buying,14.2818,GH¢ per CHF,14.2818,GH¢ per CHF,ok,
2026-02-12,CHFGHS,Swiss Franc,Selling,14.2958,GH¢ per CHF,14.2958,GH¢ per CHF,ok,
2026-02-12,CHFGHS,Swiss Franc,Mid Rate,14.2888,GH¢ per CHF,14.2888,GH¢ per CHF,ok,
2026-02-12,CNYGHS,Yuan Renminbi,Buying,1.5927,GH¢ per CNY,1.5927,GH¢ per CNY,ok,
2026-02-12,CNYGHS,Yuan Renminbi,Selling,1.5942,GH¢ per CNY,1.5942,GH¢ per CNY,ok,
2026-02-12,CNYGHS,Yuan Renminbi,Mid Rate,1.5935,GH¢ per CNY,1.5935,GH¢ per CNY,ok,
2026-02-12,DKKGHS,Danish Krone,Buying,1.7460,GH¢ per DKK,1.746,GH¢ per DKK,ok,
2026-02-12,DKKGHS,Danish Krone,Selling,1.7475,GH¢ per DKK,1.7475,GH¢ per DKK,ok,
2026-02-12,DKKGHS,Danish Krone,Mid Rate,1.7468,GH¢ per DKK,1.7468,GH¢ per DKK,ok,
2026-02-12,EURGHS,Euro,Buying,13.0443,GH¢ per EUR,13.0443,GH¢ per EUR,ok,
2026-02-12,EURGHS,Euro,Selling,13.0572,GH¢ per EUR,13.0572,GH¢ per EUR,ok,
2026-02-12,EURGHS,Euro,Mid Rate,13.0508,GH¢ per EUR,13.0508,GH¢ per EUR,ok,
2026-02-12,GBPGHS,Pound Sterling,Buying,14.9788,GH¢ per GBP,14.9788,GH¢ per GBP,ok,
2026-02-12,GBPGHS,Pound Sterling,Selling,14.9949,GH¢ per GBP,14.9949,GH¢ per GBP,ok,
2026-02-12,GBPGHS,Pound Sterling,Mid Rate,14.9869,GH¢ per GBP,14.9869,GH¢ per GBP,ok,
2026-02-12,GHSGMD,Dalasi,Buying,6.5810,GMD per GH¢,0.1519525908,GH¢ per GMD,ok,
2026-02-12,GHSGMD,Dalasi,Selling,6.5811,GMD per GH¢,0.1519502819,GH¢ per GMD,ok,
2026-02-12,GHSGMD,Dalasi,Mid Rate,6.5811,GMD per GH¢,0.1519502819,GH¢ per GMD,ok,
2026-02-12,GHSMRO,Ouguiya,Buying,32.4619,MRO per GH¢,0.0308053441,GH¢ per MRO (old ouguiya; 10 MRO = 1 MRU since 2018),ok,
2026-02-12,GHSMRO,Ouguiya,Selling,32.5529,MRO per GH¢,0.0307192293,GH¢ per MRO (old ouguiya; 10 MRO = 1 MRU since 2018),ok,
2026-02-12,GHSMRO,Ouguiya,Mid Rate,32.5074,MRO per GH¢,0.0307622264,GH¢ per MRO (old ouguiya; 10 MRO = 1 MRU since 2018),ok,
2026-02-12,GHSNGN,Naira,Buying,123.1271,NGN per GH¢,0.0081216889,GH¢ per NGN,ok,
2026-02-12,GHSNGN,Naira,Selling,123.2407,NGN per GH¢,0.0081142025,GH¢ per NGN,ok,
2026-02-12,GHSNGN,Naira,Mid Rate,123.1839,NGN per GH¢,0.008117944,GH¢ per NGN,ok,
2026-02-12,GHSSLL,Leone,Buying,"2,166.9463",SLL per GH¢,0.4614789024,"GH¢ per SLE (new leone; 1 SLE = 1,000 old leones)",ok,
2026-02-12,GHSSLL,Leone,Selling,"2,210.6434",SLL per GH¢,0.4523569925,"GH¢ per SLE (new leone; 1 SLE = 1,000 old leones)",ok,
2026-02-12,GHSSLL,Leone,Mid Rate,"2,188.7949",SLL per GH¢,0.4568724096,"GH¢ per SLE (new leone; 1 SLE = 1,000 old leones)",ok,
2026-02-12,GHSXOF,BCEAO,Buying,50.2372,XOF per GH¢,0.019905568,GH¢ per XOF (CFA franc (BCEAO)),ok,
2026-02-12,GHSXOF,BCEAO,Selling,50.2869,XOF per GH¢,0.0198858947,GH¢ per XOF (CFA franc (BCEAO)),ok,
2026-02-12,GHSXOF,BCEAO,Mid Rate,50.2621,XOF per GH¢,0.0198957067,GH¢ per XOF (CFA franc (BCEAO)),ok,
2026-02-12,JPYGHS,Japanese yen,Buying,0.0720,GH¢ per JPY,0.072,GH¢ per JPY,ok,
2026-02-12,JPYGHS,Japanese yen,Selling,0.0720,GH¢ per JPY,0.072,GH¢ per JPY,ok,
2026-02-12,JPYGHS,Japanese yen,Mid Rate,0.0720,GH¢ per JPY,0.072,GH¢ per JPY,ok,
2026-02-12,NOKGHS,Norwegian Krone,Buying,1.1538,GH¢ per NOK,1.1538,GH¢ per NOK,ok,
2026-02-12,NOKGHS,Norwegian Krone,Selling,1.1544,GH¢ per NOK,1.1544,GH¢ per NOK,ok,
2026-02-12,NOKGHS,Norwegian Krone,Mid Rate,1.1541,GH¢ per NOK,1.1541,GH¢ per NOK,ok,
2026-02-12,NZDGHS,New Zealand Dollar,Buying,6.6401,GH¢ per NZD,6.6401,GH¢ per NZD,ok,
2026-02-12,NZDGHS,New Zealand Dollar,Selling,6.6487,GH¢ per NZD,6.6487,GH¢ per NZD,ok,
2026-02-12,NZDGHS,New Zealand Dollar,Mid Rate,6.6444,GH¢ per NZD,6.6444,GH¢ per NZD,ok,
2026-02-12,SEKGHS,Swedish Krona,Buying,1.2312,GH¢ per SEK,1.2312,GH¢ per SEK,ok,
2026-02-12,SEKGHS,Swedish Krona,Selling,1.2321,GH¢ per SEK,1.2321,GH¢ per SEK,ok,
2026-02-12,SEKGHS,Swedish Krona,Mid Rate,1.2317,GH¢ per SEK,1.2317,GH¢ per SEK,ok,
2026-02-12,WAUGHS,Ecowas,Buying,0.0141,GH¢ per WAU,0.0141,"GH¢ per WAU (BoG's 'Ecowas' unit, not defined by BoG)",ok,
2026-02-12,WAUGHS,Ecowas,Selling,0.0141,GH¢ per WAU,0.0141,"GH¢ per WAU (BoG's 'Ecowas' unit, not defined by BoG)",ok,
2026-02-12,WAUGHS,Ecowas,Mid Rate,0.0141,GH¢ per WAU,0.0141,"GH¢ per WAU (BoG's 'Ecowas' unit, not defined by BoG)",ok,
2026-02-12,ZARGHS,South African Rand,Buying,0.6894,GH¢ per ZAR,0.6894,GH¢ per ZAR,ok,
2026-02-12,ZARGHS,South African Rand,Selling,0.6896,GH¢ per ZAR,0.6896,GH¢ per ZAR,ok,
2026-02-12,ZARGHS,South African Rand,Mid Rate,0.6895,GH¢ per ZAR,0.6895,GH¢ per ZAR,ok,
2026-02-13,USDGHS,US Dollar,Buying,10.9930,GH¢ per USD,10.993,GH¢ per USD,ok,
2026-02-13,USDGHS,US Dollar,Selling,11.0040,GH¢ per USD,11.004,GH¢ per USD,ok,
2026-02-13,USDGHS,US Dollar,Mid Rate,10.9985,GH¢ per USD,10.9985,GH¢ per USD,ok,
2026-02-13,AUDGHS,Australian Dollar,Buying,7.8166,GH¢ per AUD,7.8166,GH¢ per AUD,ok,
2026-02-13,AUDGHS,Australian Dollar,Selling,7.8265,GH¢ per AUD,7.8265,GH¢ per AUD,ok,
2026-02-13,AUDGHS,Australian Dollar,Mid Rate,7.8216,GH¢ per AUD,7.8216,GH¢ per AUD,ok,
2026-02-13,CADGHS,Canadian Dollar,Buying,8.0824,GH¢ per CAD,8.0824,GH¢ per CAD,ok,
2026-02-13,CADGHS,Canadian Dollar,Selling,8.0898,GH¢ per CAD,8.0898,GH¢ per CAD,ok,
2026-02-13,CADGHS,Canadian Dollar,Mid Rate,8.0861,GH¢ per CAD,8.0861,GH¢ per CAD,ok,
2026-02-13,CHFGHS,Swiss Franc,Buying,14.2397,GH¢ per CHF,14.2397,GH¢ per CHF,ok,
2026-02-13,CHFGHS,Swiss Franc,Selling,14.2523,GH¢ per CHF,14.2523,GH¢ per CHF,ok,
2026-02-13,CHFGHS,Swiss Franc,Mid Rate,14.2460,GH¢ per CHF,14.246,GH¢ per CHF,ok,
2026-02-13,CNYGHS,Yuan Renminbi,Buying,1.5903,GH¢ per CNY,1.5903,GH¢ per CNY,ok,
2026-02-13,CNYGHS,Yuan Renminbi,Selling,1.5917,GH¢ per CNY,1.5917,GH¢ per CNY,ok,
2026-02-13,CNYGHS,Yuan Renminbi,Mid Rate,1.5910,GH¢ per CNY,1.591,GH¢ per CNY,ok,
2026-02-13,DKKGHS,Danish Krone,Buying,1.7453,GH¢ per DKK,1.7453,GH¢ per DKK,ok,
2026-02-13,DKKGHS,Danish Krone,Selling,1.7468,GH¢ per DKK,1.7468,GH¢ per DKK,ok,
2026-02-13,DKKGHS,Danish Krone,Mid Rate,1.7461,GH¢ per DKK,1.7461,GH¢ per DKK,ok,
2026-02-13,EURGHS,Euro,Buying,13.0375,GH¢ per EUR,13.0375,GH¢ per EUR,ok,
2026-02-13,EURGHS,Euro,Selling,13.0504,GH¢ per EUR,13.0504,GH¢ per EUR,ok,
2026-02-13,EURGHS,Euro,Mid Rate,13.0440,GH¢ per EUR,13.044,GH¢ per EUR,ok,
2026-02-13,GBPGHS,Pound Sterling,Buying,14.9945,GH¢ per GBP,14.9945,GH¢ per GBP,ok,
2026-02-13,GBPGHS,Pound Sterling,Selling,15.0106,GH¢ per GBP,15.0106,GH¢ per GBP,ok,
2026-02-13,GBPGHS,Pound Sterling,Mid Rate,15.0026,GH¢ per GBP,15.0026,GH¢ per GBP,ok,
2026-02-13,GHSGMD,Dalasi,Buying,6.5803,GMD per GH¢,0.1519687552,GH¢ per GMD,ok,
2026-02-13,GHSGMD,Dalasi,Selling,6.5804,GMD per GH¢,0.1519664458,GH¢ per GMD,ok,
2026-02-13,GHSGMD,Dalasi,Mid Rate,6.5804,GMD per GH¢,0.1519664458,GH¢ per GMD,ok,
2026-02-13,GHSMRO,Ouguiya,Buying,32.4590,MRO per GH¢,0.0308080964,GH¢ per MRO (old ouguiya; 10 MRO = 1 MRU since 2018),ok,
2026-02-13,GHSMRO,Ouguiya,Selling,32.5499,MRO per GH¢,0.0307220606,GH¢ per MRO (old ouguiya; 10 MRO = 1 MRU since 2018),ok,
2026-02-13,GHSMRO,Ouguiya,Mid Rate,32.5045,MRO per GH¢,0.030764971,GH¢ per MRO (old ouguiya; 10 MRO = 1 MRU since 2018),ok,
2026-02-13,GHSNGN,Naira,Buying,122.7804,NGN per GH¢,0.0081446224,GH¢ per NGN,ok,
2026-02-13,GHSNGN,Naira,Selling,122.8713,NGN per GH¢,0.0081385971,GH¢ per NGN,ok,
2026-02-13,GHSNGN,Naira,Mid Rate,122.8259,NGN per GH¢,0.0081416053,GH¢ per NGN,ok,
2026-02-13,GHSSLL,Leone,Buying,"2,166.7493",SLL per GH¢,0.4615208598,"GH¢ per SLE (new leone; 1 SLE = 1,000 old leones)",ok,
2026-02-13,GHSSLL,Leone,Selling,"2,210.4424",SLL per GH¢,0.4523981263,"GH¢ per SLE (new leone; 1 SLE = 1,000 old leones)",ok,
2026-02-13,GHSSLL,Leone,Mid Rate,"2,188.5959",SLL per GH¢,0.4569139511,"GH¢ per SLE (new leone; 1 SLE = 1,000 old leones)",ok,
2026-02-13,GHSXOF,BCEAO,Buying,50.2634,XOF per GH¢,0.0198951921,GH¢ per XOF (CFA franc (BCEAO)),ok,
2026-02-13,GHSXOF,BCEAO,Selling,50.3131,XOF per GH¢,0.0198755394,GH¢ per XOF (CFA franc (BCEAO)),ok,
2026-02-13,GHSXOF,BCEAO,Mid Rate,50.2883,XOF per GH¢,0.0198853411,GH¢ per XOF (CFA franc (BCEAO)),ok,
2026-02-13,JPYGHS,Japanese yen,Buying,0.0716,GH¢ per JPY,0.0716,GH¢ per JPY,ok,
2026-02-13,JPYGHS,Japanese yen,Selling,0.0717,GH¢ per JPY,0.0717,GH¢ per JPY,ok,
2026-02-13,JPYGHS,Japanese yen,Mid Rate,0.0717,GH¢ per JPY,0.0717,GH¢ per JPY,ok,
2026-02-13,NOKGHS,Norwegian Krone,Buying,1.1582,GH¢ per NOK,1.1582,GH¢ per NOK,ok,
2026-02-13,NOKGHS,Norwegian Krone,Selling,1.1589,GH¢ per NOK,1.1589,GH¢ per NOK,ok,
2026-02-13,NOKGHS,Norwegian Krone,Mid Rate,1.1586,GH¢ per NOK,1.1586,GH¢ per NOK,ok,
2026-02-13,NZDGHS,New Zealand Dollar,Buying,6.6410,GH¢ per NZD,6.641,GH¢ per NZD,ok,
2026-02-13,NZDGHS,New Zealand Dollar,Selling,6.6512,GH¢ per NZD,6.6512,GH¢ per NZD,ok,
2026-02-13,NZDGHS,New Zealand Dollar,Mid Rate,6.6461,GH¢ per NZD,6.6461,GH¢ per NZD,ok,
2026-02-13,SEKGHS,Swedish Krona,Buying,1.2344,GH¢ per SEK,1.2344,GH¢ per SEK,ok,
2026-02-13,SEKGHS,Swedish Krona,Selling,1.2354,GH¢ per SEK,1.2354,GH¢ per SEK,ok,
2026-02-13,SEKGHS,Swedish Krona,Mid Rate,1.2349,GH¢ per SEK,1.2349,GH¢ per SEK,ok,
2026-02-13,WAUGHS,Ecowas,Buying,0.0141,GH¢ per WAU,0.0141,"GH¢ per WAU (BoG's 'Ecowas' unit, not defined by BoG)",ok,
2026-02-13,WAUGHS,Ecowas,Selling,0.0141,GH¢ per WAU,0.0141,"GH¢ per WAU (BoG's 'Ecowas' unit, not defined by BoG)",ok,
2026-02-13,WAUGHS,Ecowas,Mid Rate,0.0141,GH¢ per WAU,0.0141,"GH¢ per WAU (BoG's 'Ecowas' unit, not defined by BoG)",ok,
2026-02-13,ZARGHS,South African Rand,Buying,0.6907,GH¢ per ZAR,0.6907,GH¢ per ZAR,ok,
2026-02-13,ZARGHS,South African Rand,Selling,0.6908,GH¢ per ZAR,0.6908,GH¢ per ZAR,ok,
2026-02-13,ZARGHS,South African Rand,Mid Rate,0.6908,GH¢ per ZAR,0.6908,GH¢ per ZAR,ok,
2026-02-16,USDGHS,US Dollar,Buying,10.9935,GH¢ per USD,10.9935,GH¢ per USD,ok,
2026-02-16,USDGHS,US Dollar,Selling,11.0045,GH¢ per USD,11.0045,GH¢ per USD,ok,
2026-02-16,USDGHS,US Dollar,Mid Rate,10.9990,GH¢ per USD,10.999,GH¢ per USD,ok,
2026-02-16,AUDGHS,Australian Dollar,Buying,7.7762,GH¢ per AUD,7.7762,GH¢ per AUD,ok,
2026-02-16,AUDGHS,Australian Dollar,Selling,7.7845,GH¢ per AUD,7.7845,GH¢ per AUD,ok,
2026-02-16,AUDGHS,Australian Dollar,Mid Rate,7.7804,GH¢ per AUD,7.7804,GH¢ per AUD,ok,
2026-02-16,CADGHS,Canadian Dollar,Buying,8.0658,GH¢ per CAD,8.0658,GH¢ per CAD,ok,
2026-02-16,CADGHS,Canadian Dollar,Selling,8.0732,GH¢ per CAD,8.0732,GH¢ per CAD,ok,
2026-02-16,CADGHS,Canadian Dollar,Mid Rate,8.0695,GH¢ per CAD,8.0695,GH¢ per CAD,ok,
2026-02-16,CHFGHS,Swiss Franc,Buying,14.2859,GH¢ per CHF,14.2859,GH¢ per CHF,ok,
2026-02-16,CHFGHS,Swiss Franc,Selling,14.2985,GH¢ per CHF,14.2985,GH¢ per CHF,ok,
2026-02-16,CHFGHS,Swiss Franc,Mid Rate,14.2922,GH¢ per CHF,14.2922,GH¢ per CHF,ok,
2026-02-16,CNYGHS,Yuan Renminbi,Buying,1.5901,GH¢ per CNY,1.5901,GH¢ per CNY,ok,
2026-02-16,CNYGHS,Yuan Renminbi,Selling,1.5905,GH¢ per CNY,1.5905,GH¢ per CNY,ok,
2026-02-16,CNYGHS,Yuan Renminbi,Mid Rate,1.5903,GH¢ per CNY,1.5903,GH¢ per CNY,ok,
2026-02-16,DKKGHS,Danish Krone,Buying,1.7446,GH¢ per DKK,1.7446,GH¢ per DKK,ok,
2026-02-16,DKKGHS,Danish Krone,Selling,1.7460,GH¢ per DKK,1.746,GH¢ per DKK,ok,
2026-02-16,DKKGHS,Danish Krone,Mid Rate,1.7453,GH¢ per DKK,1.7453,GH¢ per DKK,ok,
2026-02-16,EURGHS,Euro,Buying,13.0321,GH¢ per EUR,13.0321,GH¢ per EUR,ok,
2026-02-16,EURGHS,Euro,Selling,13.0439,GH¢ per EUR,13.0439,GH¢ per EUR,ok,
2026-02-16,EURGHS,Euro,Mid Rate,13.0380,GH¢ per EUR,13.038,GH¢ per EUR,ok,
2026-02-16,GBPGHS,Pound Sterling,Buying,14.9830,GH¢ per GBP,14.983,GH¢ per GBP,ok,
2026-02-16,GBPGHS,Pound Sterling,Selling,14.9991,GH¢ per GBP,14.9991,GH¢ per GBP,ok,
2026-02-16,GBPGHS,Pound Sterling,Mid Rate,14.9911,GH¢ per GBP,14.9911,GH¢ per GBP,ok,
2026-02-16,GHSGMD,Dalasi,Buying,6.5792,GMD per GH¢,0.1519941634,GH¢ per GMD,ok,
2026-02-16,GHSGMD,Dalasi,Selling,6.5801,GMD per GH¢,0.1519733743,GH¢ per GMD,ok,
2026-02-16,GHSGMD,Dalasi,Mid Rate,6.5797,GMD per GH¢,0.1519826132,GH¢ per GMD,ok,
2026-02-16,GHSMRO,Ouguiya,Buying,32.4575,MRO per GH¢,0.0308095201,GH¢ per MRO (old ouguiya; 10 MRO = 1 MRU since 2018),ok,
2026-02-16,GHSMRO,Ouguiya,Selling,32.5484,MRO per GH¢,0.0307234764,GH¢ per MRO (old ouguiya; 10 MRO = 1 MRU since 2018),ok,
2026-02-16,GHSMRO,Ouguiya,Mid Rate,32.5030,MRO per GH¢,0.0307663908,GH¢ per MRO (old ouguiya; 10 MRO = 1 MRU since 2018),ok,
2026-02-16,GHSNGN,Naira,Buying,122.2166,NGN per GH¢,0.0081821946,GH¢ per NGN,ok,
2026-02-16,GHSNGN,Naira,Selling,122.8539,NGN per GH¢,0.0081397497,GH¢ per NGN,ok,
2026-02-16,GHSNGN,Naira,Mid Rate,122.5353,NGN per GH¢,0.0081609136,GH¢ per NGN,ok,
2026-02-16,GHSSLL,Leone,Buying,"2,167.1981",SLL per GH¢,0.4614252846,"GH¢ per SLE (new leone; 1 SLE = 1,000 old leones)",ok,
2026-02-16,GHSSLL,Leone,Selling,"2,216.4515",SLL per GH¢,0.4511716137,"GH¢ per SLE (new leone; 1 SLE = 1,000 old leones)",ok,
2026-02-16,GHSSLL,Leone,Mid Rate,"2,191.8248",SLL per GH¢,0.4562408455,"GH¢ per SLE (new leone; 1 SLE = 1,000 old leones)",ok,
2026-02-16,GHSXOF,BCEAO,Buying,50.2884,XOF per GH¢,0.0198853016,GH¢ per XOF (CFA franc (BCEAO)),ok,
2026-02-16,GHSXOF,BCEAO,Selling,50.3339,XOF per GH¢,0.019867326,GH¢ per XOF (CFA franc (BCEAO)),ok,
2026-02-16,GHSXOF,BCEAO,Mid Rate,50.3112,XOF per GH¢,0.01987629,GH¢ per XOF (CFA franc (BCEAO)),ok,
2026-02-16,JPYGHS,Japanese yen,Buying,0.0716,GH¢ per JPY,0.0716,GH¢ per JPY,ok,
2026-02-16,JPYGHS,Japanese yen,Selling,0.0717,GH¢ per JPY,0.0717,GH¢ per JPY,ok,
2026-02-16,JPYGHS,Japanese yen,Mid Rate,0.0717,GH¢ per JPY,0.0717,GH¢ per JPY,ok,
2026-02-16,NOKGHS,Norwegian Krone,Buying,1.1572,GH¢ per NOK,1.1572,GH¢ per NOK,ok,
2026-02-16,NOKGHS,Norwegian Krone,Selling,1.1580,GH¢ per NOK,1.158,GH¢ per NOK,ok,
2026-02-16,NOKGHS,Norwegian Krone,Mid Rate,1.1576,GH¢ per NOK,1.1576,GH¢ per NOK,ok,
2026-02-16,NZDGHS,New Zealand Dollar,Buying,6.6330,GH¢ per NZD,6.633,GH¢ per NZD,ok,
2026-02-16,NZDGHS,New Zealand Dollar,Selling,6.6416,GH¢ per NZD,6.6416,GH¢ per NZD,ok,
2026-02-16,NZDGHS,New Zealand Dollar,Mid Rate,6.6373,GH¢ per NZD,6.6373,GH¢ per NZD,ok,
2026-02-16,SEKGHS,Swedish Krona,Buying,1.2293,GH¢ per SEK,1.2293,GH¢ per SEK,ok,
2026-02-16,SEKGHS,Swedish Krona,Selling,1.2303,GH¢ per SEK,1.2303,GH¢ per SEK,ok,
2026-02-16,SEKGHS,Swedish Krona,Mid Rate,1.2298,GH¢ per SEK,1.2298,GH¢ per SEK,ok,
2026-02-16,WAUGHS,Ecowas,Buying,0.0141,GH¢ per WAU,0.0141,"GH¢ per WAU (BoG's 'Ecowas' unit, not defined by BoG)",ok,
2026-02-16,WAUGHS,Ecowas,Selling,0.0141,GH¢ per WAU,0.0141,"GH¢ per WAU (BoG's 'Ecowas' unit, not defined by BoG)",ok,
2026-02-16,WAUGHS,Ecowas,Mid Rate,0.0141,GH¢ per WAU,0.0141,"GH¢ per WAU (BoG's 'Ecowas' unit, not defined by BoG)",ok,
2026-02-16,ZARGHS,South African Rand,Buying,0.6882,GH¢ per ZAR,0.6882,GH¢ per ZAR,ok,
2026-02-16,ZARGHS,South African Rand,Selling,0.6884,GH¢ per ZAR,0.6884,GH¢ per ZAR,ok,
2026-02-16,ZARGHS,South African Rand,Mid Rate,0.6883,GH¢ per ZAR,0.6883,GH¢ per ZAR,ok,
2026-02-17,USDGHS,US Dollar,Buying,10.9944,GH¢ per USD,10.9944,GH¢ per USD,ok,
2026-02-17,USDGHS,US Dollar,Selling,11.0054,GH¢ per USD,11.0054,GH¢ per USD,ok,
2026-02-17,USDGHS,US Dollar,Mid Rate,10.9999,GH¢ per USD,10.9999,GH¢ per USD,ok,
2026-02-17,AUDGHS,Australian Dollar,Buying,7.7473,GH¢ per AUD,7.7473,GH¢ per AUD,ok,
2026-02-17,AUDGHS,Australian Dollar,Selling,7.7571,GH¢ per AUD,7.7571,GH¢ per AUD,ok,
2026-02-17,AUDGHS,Australian Dollar,Mid Rate,7.7522,GH¢ per AUD,7.7522,GH¢ per AUD,ok,
2026-02-17,CADGHS,Canadian Dollar,Buying,8.0375,GH¢ per CAD,8.0375,GH¢ per CAD,ok,
2026-02-17,CADGHS,Canadian Dollar,Selling,8.0453,GH¢ per CAD,8.0453,GH¢ per CAD,ok,
2026-02-17,CADGHS,Canadian Dollar,Mid Rate,8.0414,GH¢ per CAD,8.0414,GH¢ per CAD,ok,
2026-02-17,CHFGHS,Swiss Franc,Buying,14.2120,GH¢ per CHF,14.212,GH¢ per CHF,ok,
2026-02-17,CHFGHS,Swiss Franc,Selling,14.2246,GH¢ per CHF,14.2246,GH¢ per CHF,ok,
2026-02-17,CHFGHS,Swiss Franc,Mid Rate,14.2183,GH¢ per CHF,14.2183,GH¢ per CHF,ok,
2026-02-17,CNYGHS,Yuan Renminbi,Buying,1.5760,GH¢ per CNY,1.576,GH¢ per CNY,ok,
2026-02-17,CNYGHS,Yuan Renminbi,Selling,1.5764,GH¢ per CNY,1.5764,GH¢ per CNY,ok,
2026-02-17,CNYGHS,Yuan Renminbi,Mid Rate,1.5762,GH¢ per CNY,1.5762,GH¢ per CNY,ok,
2026-02-17,DKKGHS,Danish Krone,Buying,1.7387,GH¢ per DKK,1.7387,GH¢ per DKK,ok,
2026-02-17,DKKGHS,Danish Krone,Selling,1.7403,GH¢ per DKK,1.7403,GH¢ per DKK,ok,
2026-02-17,DKKGHS,Danish Krone,Mid Rate,1.7395,GH¢ per DKK,1.7395,GH¢ per DKK,ok,
2026-02-17,EURGHS,Euro,Buying,12.9900,GH¢ per EUR,12.99,GH¢ per EUR,ok,
2026-02-17,EURGHS,Euro,Selling,13.0017,GH¢ per EUR,13.0017,GH¢ per EUR,ok,
2026-02-17,EURGHS,Euro,Mid Rate,12.9959,GH¢ per EUR,12.9959,GH¢ per EUR,ok,
2026-02-17,GBPGHS,Pound Sterling,Buying,14.8501,GH¢ per GBP,14.8501,GH¢ per GBP,ok,
2026-02-17,GBPGHS,Pound Sterling,Selling,14.8661,GH¢ per GBP,14.8661,GH¢ per GBP,ok,
2026-02-17,GBPGHS,Pound Sterling,Mid Rate,14.8581,GH¢ per GBP,14.8581,GH¢ per GBP,ok,
2026-02-17,GHSGMD,Dalasi,Buying,6.5796,GMD per GH¢,0.1519849231,GH¢ per GMD,ok,
2026-02-17,GHSGMD,Dalasi,Selling,6.5800,GMD per GH¢,0.1519756839,GH¢ per GMD,ok,
2026-02-17,GHSGMD,Dalasi,Mid Rate,6.5798,GMD per GH¢,0.1519803034,GH¢ per GMD,ok,
2026-02-17,GHSMRO,Ouguiya,Buying,32.4548,MRO per GH¢,0.0308120833,GH¢ per MRO (old ouguiya; 10 MRO = 1 MRU since 2018),ok,
2026-02-17,GHSMRO,Ouguiya,Selling,32.5458,MRO per GH¢,0.0307259308,GH¢ per MRO (old ouguiya; 10 MRO = 1 MRU since 2018),ok,
2026-02-17,GHSMRO,Ouguiya,Mid Rate,32.5003,MRO per GH¢,0.0307689467,GH¢ per MRO (old ouguiya; 10 MRO = 1 MRU since 2018),ok,
2026-02-17,GHSNGN,Naira,Buying,122.0175,NGN per GH¢,0.0081955457,GH¢ per NGN,ok,
2026-02-17,GHSNGN,Naira,Selling,122.5166,NGN per GH¢,0.0081621593,GH¢ per NGN,ok,
2026-02-17,GHSNGN,Naira,Mid Rate,122.2671,NGN per GH¢,0.0081788151,GH¢ per NGN,ok,
2026-02-17,GHSSLL,Leone,Buying,"2,167.0208",SLL per GH¢,0.4614630372,"GH¢ per SLE (new leone; 1 SLE = 1,000 old leones)",ok,
2026-02-17,GHSSLL,Leone,Selling,"2,216.2701",SLL per GH¢,0.4512085418,"GH¢ per SLE (new leone; 1 SLE = 1,000 old leones)",ok,
2026-02-17,GHSSLL,Leone,Mid Rate,"2,191.6455",SLL per GH¢,0.4562781709,"GH¢ per SLE (new leone; 1 SLE = 1,000 old leones)",ok,
2026-02-17,GHSXOF,BCEAO,Buying,50.4516,XOF per GH¢,0.0198209769,GH¢ per XOF (CFA franc (BCEAO)),ok,
2026-02-17,GHSXOF,BCEAO,Selling,50.4971,XOF per GH¢,0.0198031174,GH¢ per XOF (CFA franc (BCEAO)),ok,
2026-02-17,GHSXOF,BCEAO,Mid Rate,50.4744,XOF per GH¢,0.0198120235,GH¢ per XOF (CFA franc (BCEAO)),ok,
2026-02-17,JPYGHS,Japanese yen,Buying,0.0715,GH¢ per JPY,0.0715,GH¢ per JPY,ok,
2026-02-17,JPYGHS,Japanese yen,Selling,0.0715,GH¢ per JPY,0.0715,GH¢ per JPY,ok,
2026-02-17,JPYGHS,Japanese yen,Mid Rate,0.0715,GH¢ per JPY,0.0715,GH¢ per JPY,ok,
2026-02-17,NOKGHS,Norwegian Krone,Buying,1.1467,GH¢ per NOK,1.1467,GH¢ per NOK,ok,
2026-02-17,NOKGHS,Norwegian Krone,Selling,1.1476,GH¢ per NOK,1.1476,GH¢ per NOK,ok,
2026-02-17,NOKGHS,Norwegian Krone,Mid Rate,1.1472,GH¢ per NOK,1.1472,GH¢ per NOK,ok,
2026-02-17,NZDGHS,New Zealand Dollar,Buying,6.6143,GH¢ per NZD,6.6143,GH¢ per NZD,ok,
2026-02-17,NZDGHS,New Zealand Dollar,Selling,6.6228,GH¢ per NZD,6.6228,GH¢ per NZD,ok,
2026-02-17,NZDGHS,New Zealand Dollar,Mid Rate,6.6186,GH¢ per NZD,6.6186,GH¢ per NZD,ok,
2026-02-17,SEKGHS,Swedish Krona,Buying,1.2186,GH¢ per SEK,1.2186,GH¢ per SEK,ok,
2026-02-17,SEKGHS,Swedish Krona,Selling,1.2196,GH¢ per SEK,1.2196,GH¢ per SEK,ok,
2026-02-17,SEKGHS,Swedish Krona,Mid Rate,1.2191,GH¢ per SEK,1.2191,GH¢ per SEK,ok,
2026-02-17,WAUGHS,Ecowas,Buying,0.0141,GH¢ per WAU,0.0141,"GH¢ per WAU (BoG's 'Ecowas' unit, not defined by BoG)",ok,
2026-02-17,WAUGHS,Ecowas,Selling,0.0141,GH¢ per WAU,0.0141,"GH¢ per WAU (BoG's 'Ecowas' unit, not defined by BoG)",ok,
2026-02-17,WAUGHS,Ecowas,Mid Rate,0.0141,GH¢ per WAU,0.0141,"GH¢ per WAU (BoG's 'Ecowas' unit, not defined by BoG)",ok,
2026-02-17,ZARGHS,South African Rand,Buying,0.6843,GH¢ per ZAR,0.6843,GH¢ per ZAR,ok,
2026-02-17,ZARGHS,South African Rand,Selling,0.6844,GH¢ per ZAR,0.6844,GH¢ per ZAR,ok,
2026-02-17,ZARGHS,South African Rand,Mid Rate,0.6844,GH¢ per ZAR,0.6844,GH¢ per ZAR,ok,
2026-02-18,USDGHS,US Dollar,Buying,10.9940,GH¢ per USD,10.994,GH¢ per USD,ok,
2026-02-18,USDGHS,US Dollar,Selling,11.0050,GH¢ per USD,11.005,GH¢ per USD,ok,
2026-02-18,USDGHS,US Dollar,Mid Rate,10.9995,GH¢ per USD,10.9995,GH¢ per USD,ok,
2026-02-18,AUDGHS,Australian Dollar,Buying,7.7738,GH¢ per AUD,7.7738,GH¢ per AUD,ok,
2026-02-18,AUDGHS,Australian Dollar,Selling,7.7821,GH¢ per AUD,7.7821,GH¢ per AUD,ok,
2026-02-18,AUDGHS,Australian Dollar,Mid Rate,7.7780,GH¢ per AUD,7.778,GH¢ per AUD,ok,
2026-02-18,CADGHS,Canadian Dollar,Buying,8.0469,GH¢ per CAD,8.0469,GH¢ per CAD,ok,
2026-02-18,CADGHS,Canadian Dollar,Selling,8.0546,GH¢ per CAD,8.0546,GH¢ per CAD,ok,
2026-02-18,CADGHS,Canadian Dollar,Mid Rate,8.0508,GH¢ per CAD,8.0508,GH¢ per CAD,ok,
2026-02-18,CHFGHS,Swiss Franc,Buying,14.2523,GH¢ per CHF,14.2523,GH¢ per CHF,ok,
2026-02-18,CHFGHS,Swiss Franc,Selling,14.2649,GH¢ per CHF,14.2649,GH¢ per CHF,ok,
2026-02-18,CHFGHS,Swiss Franc,Mid Rate,14.2586,GH¢ per CHF,14.2586,GH¢ per CHF,ok,
2026-02-18,CNYGHS,Yuan Renminbi,Buying,1.5811,GH¢ per CNY,1.5811,GH¢ per CNY,ok,
2026-02-18,CNYGHS,Yuan Renminbi,Selling,1.5814,GH¢ per CNY,1.5814,GH¢ per CNY,ok,
2026-02-18,CNYGHS,Yuan Renminbi,Mid Rate,1.5813,GH¢ per CNY,1.5813,GH¢ per CNY,ok,
2026-02-18,DKKGHS,Danish Krone,Buying,1.7398,GH¢ per DKK,1.7398,GH¢ per DKK,ok,
2026-02-18,DKKGHS,Danish Krone,Selling,1.7415,GH¢ per DKK,1.7415,GH¢ per DKK,ok,
2026-02-18,DKKGHS,Danish Krone,Mid Rate,1.7407,GH¢ per DKK,1.7407,GH¢ per DKK,ok,
2026-02-18,EURGHS,Euro,Buying,12.9988,GH¢ per EUR,12.9988,GH¢ per EUR,ok,
2026-02-18,EURGHS,Euro,Selling,13.0117,GH¢ per EUR,13.0117,GH¢ per EUR,ok,
2026-02-18,EURGHS,Euro,Mid Rate,13.0053,GH¢ per EUR,13.0053,GH¢ per EUR,ok,
2026-02-18,GBPGHS,Pound Sterling,Buying,14.8980,GH¢ per GBP,14.898,GH¢ per GBP,ok,
2026-02-18,GBPGHS,Pound Sterling,Selling,14.9140,GH¢ per GBP,14.914,GH¢ per GBP,ok,
2026-02-18,GBPGHS,Pound Sterling,Mid Rate,14.9060,GH¢ per GBP,14.906,GH¢ per GBP,ok,
2026-02-18,GHSGMD,Dalasi,Buying,6.5798,GMD per GH¢,0.1519803034,GH¢ per GMD,ok,
2026-02-18,GHSGMD,Dalasi,Selling,6.6878,GMD per GH¢,0.1495260026,GH¢ per GMD,ok,
2026-02-18,GHSGMD,Dalasi,Mid Rate,6.6338,GMD per GH¢,0.1507431638,GH¢ per GMD,ok,
2026-02-18,GHSMRO,Ouguiya,Buying,32.4560,MRO per GH¢,0.030810944,GH¢ per MRO (old ouguiya; 10 MRO = 1 MRU since 2018),ok,
2026-02-18,GHSMRO,Ouguiya,Selling,32.5469,MRO per GH¢,0.0307248924,GH¢ per MRO (old ouguiya; 10 MRO = 1 MRU since 2018),ok,
2026-02-18,GHSMRO,Ouguiya,Mid Rate,32.5015,MRO per GH¢,0.0307678107,GH¢ per MRO (old ouguiya; 10 MRO = 1 MRU since 2018),ok,
2026-02-18,GHSNGN,Naira,Buying,121.7764,NGN per GH¢,0.0082117717,GH¢ per NGN,ok,
2026-02-18,GHSNGN,Naira,Selling,121.9074,NGN per GH¢,0.0082029475,GH¢ per NGN,ok,
2026-02-18,GHSNGN,Naira,Mid Rate,121.8419,NGN per GH¢,0.0082073572,GH¢ per NGN,ok,
2026-02-18,GHSSLL,Leone,Buying,"2,167.0996",SLL per GH¢,0.4614462575,"GH¢ per SLE (new leone; 1 SLE = 1,000 old leones)",ok,
2026-02-18,GHSSLL,Leone,Selling,"2,202.6513",SLL per GH¢,0.4539983247,"GH¢ per SLE (new leone; 1 SLE = 1,000 old leones)",ok,
2026-02-18,GHSSLL,Leone,Mid Rate,"2,184.8755",SLL per GH¢,0.4576919829,"GH¢ per SLE (new leone; 1 SLE = 1,000 old leones)",ok,
2026-02-18,GHSXOF,BCEAO,Buying,50.4129,XOF per GH¢,0.0198361927,GH¢ per XOF (CFA franc (BCEAO)),ok,
2026-02-18,GHSXOF,BCEAO,Selling,50.4629,XOF per GH¢,0.0198165385,GH¢ per XOF (CFA franc (BCEAO)),ok,
2026-02-18,GHSXOF,BCEAO,Mid Rate,50.4379,XOF per GH¢,0.0198263607,GH¢ per XOF (CFA franc (BCEAO)),ok,
2026-02-18,JPYGHS,Japanese yen,Buying,0.0712,GH¢ per JPY,0.0712,GH¢ per JPY,ok,
2026-02-18,JPYGHS,Japanese yen,Selling,0.0713,GH¢ per JPY,0.0713,GH¢ per JPY,ok,
2026-02-18,JPYGHS,Japanese yen,Mid Rate,0.0713,GH¢ per JPY,0.0713,GH¢ per JPY,ok,
2026-02-18,NOKGHS,Norwegian Krone,Buying,1.1584,GH¢ per NOK,1.1584,GH¢ per NOK,ok,
2026-02-18,NOKGHS,Norwegian Krone,Selling,1.1592,GH¢ per NOK,1.1592,GH¢ per NOK,ok,
2026-02-18,NOKGHS,Norwegian Krone,Mid Rate,1.1588,GH¢ per NOK,1.1588,GH¢ per NOK,ok,
2026-02-18,NZDGHS,New Zealand Dollar,Buying,6.5849,GH¢ per NZD,6.5849,GH¢ per NZD,ok,
2026-02-18,NZDGHS,New Zealand Dollar,Selling,6.5935,GH¢ per NZD,6.5935,GH¢ per NZD,ok,
2026-02-18,NZDGHS,New Zealand Dollar,Mid Rate,6.5892,GH¢ per NZD,6.5892,GH¢ per NZD,ok,
2026-02-18,SEKGHS,Swedish Krona,Buying,1.2230,GH¢ per SEK,1.223,GH¢ per SEK,ok,
2026-02-18,SEKGHS,Swedish Krona,Selling,1.2240,GH¢ per SEK,1.224,GH¢ per SEK,ok,
2026-02-18,SEKGHS,Swedish Krona,Mid Rate,1.2235,GH¢ per SEK,1.2235,GH¢ per SEK,ok,
2026-02-18,WAUGHS,Ecowas,Buying,0.0141,GH¢ per WAU,0.0141,"GH¢ per WAU (BoG's 'Ecowas' unit, not defined by BoG)",ok,
2026-02-18,WAUGHS,Ecowas,Selling,0.0141,GH¢ per WAU,0.0141,"GH¢ per WAU (BoG's 'Ecowas' unit, not defined by BoG)",ok,
2026-02-18,WAUGHS,Ecowas,Mid Rate,0.0141,GH¢ per WAU,0.0141,"GH¢ per WAU (BoG's 'Ecowas' unit, not defined by BoG)",ok,
2026-02-18,ZARGHS,South African Rand,Buying,0.6853,GH¢ per ZAR,0.6853,GH¢ per ZAR,ok,
2026-02-18,ZARGHS,South African Rand,Selling,0.6856,GH¢ per ZAR,0.6856,GH¢ per ZAR,ok,
2026-02-18,ZARGHS,South African Rand,Mid Rate,0.6855,GH¢ per ZAR,0.6855,GH¢ per ZAR,ok,
2026-02-19,USDGHS,US Dollar,Buying,10.9925,GH¢ per USD,10.9925,GH¢ per USD,ok,
2026-02-19,USDGHS,US Dollar,Selling,11.0035,GH¢ per USD,11.0035,GH¢ per USD,ok,
2026-02-19,USDGHS,US Dollar,Mid Rate,10.9980,GH¢ per USD,10.998,GH¢ per USD,ok,
2026-02-19,AUDGHS,Australian Dollar,Buying,7.7560,GH¢ per AUD,7.756,GH¢ per AUD,ok,
2026-02-19,AUDGHS,Australian Dollar,Selling,7.7658,GH¢ per AUD,7.7658,GH¢ per AUD,ok,
2026-02-19,AUDGHS,Australian Dollar,Mid Rate,7.7609,GH¢ per AUD,7.7609,GH¢ per AUD,ok,
2026-02-19,CADGHS,Canadian Dollar,Buying,8.0321,GH¢ per CAD,8.0321,GH¢ per CAD,ok,
2026-02-19,CADGHS,Canadian Dollar,Selling,8.0394,GH¢ per CAD,8.0394,GH¢ per CAD,ok,
2026-02-19,CADGHS,Canadian Dollar,Mid Rate,8.0358,GH¢ per CAD,8.0358,GH¢ per CAD,ok,
2026-02-19,CHFGHS,Swiss Franc,Buying,14.1778,GH¢ per CHF,14.1778,GH¢ per CHF,ok,
2026-02-19,CHFGHS,Swiss Franc,Selling,14.1916,GH¢ per CHF,14.1916,GH¢ per CHF,ok,
2026-02-19,CHFGHS,Swiss Franc,Mid Rate,14.1847,GH¢ per CHF,14.1847,GH¢ per CHF,ok,
2026-02-19,CNYGHS,Yuan Renminbi,Buying,1.5703,GH¢ per CNY,1.5703,GH¢ per CNY,ok,
2026-02-19,CNYGHS,Yuan Renminbi,Selling,1.5706,GH¢ per CNY,1.5706,GH¢ per CNY,ok,
2026-02-19,CNYGHS,Yuan Renminbi,Mid Rate,1.5705,GH¢ per CNY,1.5705,GH¢ per CNY,ok,
2026-02-19,DKKGHS,Danish Krone,Buying,1.7308,GH¢ per DKK,1.7308,GH¢ per DKK,ok,
2026-02-19,DKKGHS,Danish Krone,Selling,1.7324,GH¢ per DKK,1.7324,GH¢ per DKK,ok,
2026-02-19,DKKGHS,Danish Krone,Mid Rate,1.7316,GH¢ per DKK,1.7316,GH¢ per DKK,ok,
2026-02-19,EURGHS,Euro,Buying,12.9324,GH¢ per EUR,12.9324,GH¢ per EUR,ok,
2026-02-19,EURGHS,Euro,Selling,12.9440,GH¢ per EUR,12.944,GH¢ per EUR,ok,
2026-02-19,EURGHS,Euro,Mid Rate,12.9382,GH¢ per EUR,12.9382,GH¢ per EUR,ok,
2026-02-19,GBPGHS,Pound Sterling,Buying,14.7959,GH¢ per GBP,14.7959,GH¢ per GBP,ok,
2026-02-19,GBPGHS,Pound Sterling,Selling,14.8118,GH¢ per GBP,14.8118,GH¢ per GBP,ok,
2026-02-19,GBPGHS,Pound Sterling,Mid Rate,14.8039,GH¢ per GBP,14.8039,GH¢ per GBP,ok,
2026-02-19,GHSGMD,Dalasi,Buying,6.5807,GMD per GH¢,0.151959518,GH¢ per GMD,ok,
2026-02-19,GHSGMD,Dalasi,Selling,6.5811,GMD per GH¢,0.1519502819,GH¢ per GMD,ok,
2026-02-19,GHSGMD,Dalasi,Mid Rate,6.5809,GMD per GH¢,0.1519548998,GH¢ per GMD,ok,
2026-02-19,GHSMRO,Ouguiya,Buying,32.4604,MRO per GH¢,0.0308067676,GH¢ per MRO (old ouguiya; 10 MRO = 1 MRU since 2018),ok,
2026-02-19,GHSMRO,Ouguiya,Selling,32.5514,MRO per GH¢,0.0307206449,GH¢ per MRO (old ouguiya; 10 MRO = 1 MRU since 2018),ok,
2026-02-19,GHSMRO,Ouguiya,Mid Rate,32.5059,MRO per GH¢,0.030763646,GH¢ per MRO (old ouguiya; 10 MRO = 1 MRU since 2018),ok,
2026-02-19,GHSNGN,Naira,Buying,122.1486,NGN per GH¢,0.0081867496,GH¢ per NGN,ok,
2026-02-19,GHSNGN,Naira,Selling,122.2413,NGN per GH¢,0.0081805413,GH¢ per NGN,ok,
2026-02-19,GHSNGN,Naira,Mid Rate,122.1950,NGN per GH¢,0.0081836409,GH¢ per NGN,ok,
2026-02-19,GHSSLL,Leone,Buying,"2,167.3951",SLL per GH¢,0.4613833445,"GH¢ per SLE (new leone; 1 SLE = 1,000 old leones)",ok,
2026-02-19,GHSSLL,Leone,Selling,"2,202.9517",SLL per GH¢,0.4539364163,"GH¢ per SLE (new leone; 1 SLE = 1,000 old leones)",ok,
2026-02-19,GHSSLL,Leone,Mid Rate,"2,185.1734",SLL per GH¢,0.4576295867,"GH¢ per SLE (new leone; 1 SLE = 1,000 old leones)",ok,
2026-02-19,GHSXOF,BCEAO,Buying,50.6765,XOF per GH¢,0.0197330123,GH¢ per XOF (CFA franc (BCEAO)),ok,
2026-02-19,GHSXOF,BCEAO,Selling,50.7220,XOF per GH¢,0.0197153109,GH¢ per XOF (CFA franc (BCEAO)),ok,
2026-02-19,GHSXOF,BCEAO,Mid Rate,50.6993,XOF per GH¢,0.0197241382,GH¢ per XOF (CFA franc (BCEAO)),ok,
2026-02-19,JPYGHS,Japanese yen,Buying,0.0709,GH¢ per JPY,0.0709,GH¢ per JPY,ok,
2026-02-19,JPYGHS,Japanese yen,Selling,0.0710,GH¢ per JPY,0.071,GH¢ per JPY,ok,
2026-02-19,JPYGHS,Japanese yen,Mid Rate,0.0710,GH¢ per JPY,0.071,GH¢ per JPY,ok,
2026-02-19,NOKGHS,Norwegian Krone,Buying,1.1491,GH¢ per NOK,1.1491,GH¢ per NOK,ok,
2026-02-19,NOKGHS,Norwegian Krone,Selling,1.1499,GH¢ per NOK,1.1499,GH¢ per NOK,ok,
2026-02-19,NOKGHS,Norwegian Krone,Mid Rate,1.1495,GH¢ per NOK,1.1495,GH¢ per NOK,ok,
2026-02-19,NZDGHS,New Zealand Dollar,Buying,6.5635,GH¢ per NZD,6.5635,GH¢ per NZD,ok,
2026-02-19,NZDGHS,New Zealand Dollar,Selling,6.5720,GH¢ per NZD,6.572,GH¢ per NZD,ok,
2026-02-19,NZDGHS,New Zealand Dollar,Mid Rate,6.5678,GH¢ per NZD,6.5678,GH¢ per NZD,ok,
2026-02-19,SEKGHS,Swedish Krona,Buying,1.2121,GH¢ per SEK,1.2121,GH¢ per SEK,ok,
2026-02-19,SEKGHS,Swedish Krona,Selling,1.2131,GH¢ per SEK,1.2131,GH¢ per SEK,ok,
2026-02-19,SEKGHS,Swedish Krona,Mid Rate,1.2126,GH¢ per SEK,1.2126,GH¢ per SEK,ok,
2026-02-19,WAUGHS,Ecowas,Buying,0.0141,GH¢ per WAU,0.0141,"GH¢ per WAU (BoG's 'Ecowas' unit, not defined by BoG)",ok,
2026-02-19,WAUGHS,Ecowas,Selling,0.0141,GH¢ per WAU,0.0141,"GH¢ per WAU (BoG's 'Ecowas' unit, not defined by BoG)",ok,
2026-02-19,WAUGHS,Ecowas,Mid Rate,0.0141,GH¢ per WAU,0.0141,"GH¢ per WAU (BoG's 'Ecowas' unit, not defined by BoG)",ok,
2026-02-19,ZARGHS,South African Rand,Buying,0.6809,GH¢ per ZAR,0.6809,GH¢ per ZAR,ok,
2026-02-19,ZARGHS,South African Rand,Selling,0.6812,GH¢ per ZAR,0.6812,GH¢ per ZAR,ok,
2026-02-19,ZARGHS,South African Rand,Mid Rate,0.6811,GH¢ per ZAR,0.6811,GH¢ per ZAR,ok,
2026-02-20,USDGHS,US Dollar,Buying,10.9645,GH¢ per USD,10.9645,GH¢ per USD,ok,
2026-02-20,USDGHS,US Dollar,Selling,10.9755,GH¢ per USD,10.9755,GH¢ per USD,ok,
2026-02-20,USDGHS,US Dollar,Mid Rate,10.9700,GH¢ per USD,10.97,GH¢ per USD,ok,
2026-02-20,AUDGHS,Australian Dollar,Buying,7.7602,GH¢ per AUD,7.7602,GH¢ per AUD,ok,
2026-02-20,AUDGHS,Australian Dollar,Selling,7.7700,GH¢ per AUD,7.77,GH¢ per AUD,ok,
2026-02-20,AUDGHS,Australian Dollar,Mid Rate,7.7651,GH¢ per AUD,7.7651,GH¢ per AUD,ok,
2026-02-20,CADGHS,Canadian Dollar,Buying,8.0101,GH¢ per CAD,8.0101,GH¢ per CAD,ok,
2026-02-20,CADGHS,Canadian Dollar,Selling,8.0178,GH¢ per CAD,8.0178,GH¢ per CAD,ok,
2026-02-20,CADGHS,Canadian Dollar,Mid Rate,8.0140,GH¢ per CAD,8.014,GH¢ per CAD,ok,
2026-02-20,CHFGHS,Swiss Franc,Buying,14.1555,GH¢ per CHF,14.1555,GH¢ per CHF,ok,
2026-02-20,CHFGHS,Swiss Franc,Selling,14.1680,GH¢ per CHF,14.168,GH¢ per CHF,ok,
2026-02-20,CHFGHS,Swiss Franc,Mid Rate,14.1618,GH¢ per CHF,14.1618,GH¢ per CHF,ok,
2026-02-20,CNYGHS,Yuan Renminbi,Buying,1.5708,GH¢ per CNY,1.5708,GH¢ per CNY,ok,
2026-02-20,CNYGHS,Yuan Renminbi,Selling,1.5711,GH¢ per CNY,1.5711,GH¢ per CNY,ok,
2026-02-20,CNYGHS,Yuan Renminbi,Mid Rate,1.5710,GH¢ per CNY,1.571,GH¢ per CNY,ok,
2026-02-20,DKKGHS,Danish Krone,Buying,1.7301,GH¢ per DKK,1.7301,GH¢ per DKK,ok,
2026-02-20,DKKGHS,Danish Krone,Selling,1.7315,GH¢ per DKK,1.7315,GH¢ per DKK,ok,
2026-02-20,DKKGHS,Danish Krone,Mid Rate,1.7308,GH¢ per DKK,1.7308,GH¢ per DKK,ok,
2026-02-20,EURGHS,Euro,Buying,12.9255,GH¢ per EUR,12.9255,GH¢ per EUR,ok,
2026-02-20,EURGHS,Euro,Selling,12.9360,GH¢ per EUR,12.936,GH¢ per EUR,ok,
2026-02-20,EURGHS,Euro,Mid Rate,12.9308,GH¢ per EUR,12.9308,GH¢ per EUR,ok,
2026-02-20,GBPGHS,Pound Sterling,Buying,14.8010,GH¢ per GBP,14.801,GH¢ per GBP,ok,
2026-02-20,GBPGHS,Pound Sterling,Selling,14.8169,GH¢ per GBP,14.8169,GH¢ per GBP,ok,
2026-02-20,GBPGHS,Pound Sterling,Mid Rate,14.8090,GH¢ per GBP,14.809,GH¢ per GBP,ok,
2026-02-20,GHSGMD,Dalasi,Buying,6.5975,GMD per GH¢,0.1515725654,GH¢ per GMD,ok,
2026-02-20,GHSGMD,Dalasi,Selling,6.6098,GMD per GH¢,0.151290508,GH¢ per GMD,ok,
2026-02-20,GHSGMD,Dalasi,Mid Rate,6.6037,GMD per GH¢,0.1514302588,GH¢ per GMD,ok,
2026-02-20,GHSMRO,Ouguiya,Buying,32.5433,MRO per GH¢,0.0307282912,GH¢ per MRO (old ouguiya; 10 MRO = 1 MRU since 2018),ok,
2026-02-20,GHSMRO,Ouguiya,Selling,32.6345,MRO per GH¢,0.0306424183,GH¢ per MRO (old ouguiya; 10 MRO = 1 MRU since 2018),ok,
2026-02-20,GHSMRO,Ouguiya,Mid Rate,32.5889,MRO per GH¢,0.0306852947,GH¢ per MRO (old ouguiya; 10 MRO = 1 MRU since 2018),ok,
2026-02-20,GHSNGN,Naira,Buying,122.2160,NGN per GH¢,0.0081822347,GH¢ per NGN,ok,
2026-02-20,GHSNGN,Naira,Selling,122.9562,NGN per GH¢,0.0081329774,GH¢ per NGN,ok,
2026-02-20,GHSNGN,Naira,Mid Rate,122.5861,NGN per GH¢,0.0081575317,GH¢ per NGN,ok,
2026-02-20,GHSSLL,Leone,Buying,"2,162.6253",SLL per GH¢,0.4624009531,"GH¢ per SLE (new leone; 1 SLE = 1,000 old leones)",ok,
2026-02-20,GHSSLL,Leone,Selling,"2,205.4057",SLL per GH¢,0.453431312,"GH¢ per SLE (new leone; 1 SLE = 1,000 old leones)",ok,
2026-02-20,GHSSLL,Leone,Mid Rate,"2,184.0155",SLL per GH¢,0.4578722083,"GH¢ per SLE (new leone; 1 SLE = 1,000 old leones)",ok,
2026-02-20,GHSXOF,BCEAO,Buying,50.7079,XOF per GH¢,0.019720793,GH¢ per XOF (CFA franc (BCEAO)),ok,
2026-02-20,GHSXOF,BCEAO,Selling,50.7491,XOF per GH¢,0.0197047829,GH¢ per XOF (CFA franc (BCEAO)),ok,
2026-02-20,GHSXOF,BCEAO,Mid Rate,50.7285,XOF per GH¢,0.0197127847,GH¢ per XOF (CFA franc (BCEAO)),ok,
2026-02-20,JPYGHS,Japanese yen,Buying,0.0708,GH¢ per JPY,0.0708,GH¢ per JPY,ok,
2026-02-20,JPYGHS,Japanese yen,Selling,0.0709,GH¢ per JPY,0.0709,GH¢ per JPY,ok,
2026-02-20,JPYGHS,Japanese yen,Mid Rate,0.0709,GH¢ per JPY,0.0709,GH¢ per JPY,ok,
2026-02-20,NOKGHS,Norwegian Krone,Buying,1.1526,GH¢ per NOK,1.1526,GH¢ per NOK,ok,
2026-02-20,NOKGHS,Norwegian Krone,Selling,1.1534,GH¢ per NOK,1.1534,GH¢ per NOK,ok,
2026-02-20,NOKGHS,Norwegian Krone,Mid Rate,1.1530,GH¢ per NOK,1.153,GH¢ per NOK,ok,
2026-02-20,NZDGHS,New Zealand Dollar,Buying,6.5494,GH¢ per NZD,6.5494,GH¢ per NZD,ok,
2026-02-20,NZDGHS,New Zealand Dollar,Selling,6.5580,GH¢ per NZD,6.558,GH¢ per NZD,ok,
2026-02-20,NZDGHS,New Zealand Dollar,Mid Rate,6.5537,GH¢ per NZD,6.5537,GH¢ per NZD,ok,
2026-02-20,SEKGHS,Swedish Krona,Buying,1.2114,GH¢ per SEK,1.2114,GH¢ per SEK,ok,
2026-02-20,SEKGHS,Swedish Krona,Selling,1.2122,GH¢ per SEK,1.2122,GH¢ per SEK,ok,
2026-02-20,SEKGHS,Swedish Krona,Mid Rate,1.2118,GH¢ per SEK,1.2118,GH¢ per SEK,ok,
2026-02-20,WAUGHS,Ecowas,Buying,0.0142,GH¢ per WAU,0.0142,"GH¢ per WAU (BoG's 'Ecowas' unit, not defined by BoG)",ok,
2026-02-20,WAUGHS,Ecowas,Selling,0.0142,GH¢ per WAU,0.0142,"GH¢ per WAU (BoG's 'Ecowas' unit, not defined by BoG)",ok,
2026-02-20,WAUGHS,Ecowas,Mid Rate,0.0142,GH¢ per WAU,0.0142,"GH¢ per WAU (BoG's 'Ecowas' unit, not defined by BoG)",ok,
2026-02-20,ZARGHS,South African Rand,Buying,0.6838,GH¢ per ZAR,0.6838,GH¢ per ZAR,ok,
2026-02-20,ZARGHS,South African Rand,Selling,0.6839,GH¢ per ZAR,0.6839,GH¢ per ZAR,ok,
2026-02-20,ZARGHS,South African Rand,Mid Rate,0.6839,GH¢ per ZAR,0.6839,GH¢ per ZAR,ok,
2026-02-23,USDGHS,US Dollar,Buying,10.8946,GH¢ per USD,10.8946,GH¢ per USD,ok,
2026-02-23,USDGHS,US Dollar,Selling,10.9055,GH¢ per USD,10.9055,GH¢ per USD,ok,
2026-02-23,USDGHS,US Dollar,Mid Rate,10.9000,GH¢ per USD,10.9,GH¢ per USD,ok,
2026-02-23,AUDGHS,Australian Dollar,Buying,7.6954,GH¢ per AUD,7.6954,GH¢ per AUD,ok,
2026-02-23,AUDGHS,Australian Dollar,Selling,7.7051,GH¢ per AUD,7.7051,GH¢ per AUD,ok,
2026-02-23,AUDGHS,Australian Dollar,Mid Rate,7.7003,GH¢ per AUD,7.7003,GH¢ per AUD,ok,
2026-02-23,CADGHS,Canadian Dollar,Buying,7.9622,GH¢ per CAD,7.9622,GH¢ per CAD,ok,
2026-02-23,CADGHS,Canadian Dollar,Selling,7.9695,GH¢ per CAD,7.9695,GH¢ per CAD,ok,
2026-02-23,CADGHS,Canadian Dollar,Mid Rate,7.9659,GH¢ per CAD,7.9659,GH¢ per CAD,ok,
2026-02-23,CHFGHS,Swiss Franc,Buying,14.0722,GH¢ per CHF,14.0722,GH¢ per CHF,ok,
2026-02-23,CHFGHS,Swiss Franc,Selling,14.0860,GH¢ per CHF,14.086,GH¢ per CHF,ok,
2026-02-23,CHFGHS,Swiss Franc,Mid Rate,14.0791,GH¢ per CHF,14.0791,GH¢ per CHF,ok,
2026-02-23,CNYGHS,Yuan Renminbi,Buying,1.5607,GH¢ per CNY,1.5607,GH¢ per CNY,ok,
2026-02-23,CNYGHS,Yuan Renminbi,Selling,1.5610,GH¢ per CNY,1.561,GH¢ per CNY,ok,
2026-02-23,CNYGHS,Yuan Renminbi,Mid Rate,1.5609,GH¢ per CNY,1.5609,GH¢ per CNY,ok,
2026-02-23,DKKGHS,Danish Krone,Buying,1.7205,GH¢ per DKK,1.7205,GH¢ per DKK,ok,
2026-02-23,DKKGHS,Danish Krone,Selling,1.7219,GH¢ per DKK,1.7219,GH¢ per DKK,ok,
2026-02-23,DKKGHS,Danish Krone,Mid Rate,1.7212,GH¢ per DKK,1.7212,GH¢ per DKK,ok,
2026-02-23,EURGHS,Euro,Buying,12.8511,GH¢ per EUR,12.8511,GH¢ per EUR,ok,
2026-02-23,EURGHS,Euro,Selling,12.8637,GH¢ per EUR,12.8637,GH¢ per EUR,ok,
2026-02-23,EURGHS,Euro,Mid Rate,12.8574,GH¢ per EUR,12.8574,GH¢ per EUR,ok,
2026-02-23,GBPGHS,Pound Sterling,Buying,14.7055,GH¢ per GBP,14.7055,GH¢ per GBP,ok,
2026-02-23,GBPGHS,Pound Sterling,Selling,14.7213,GH¢ per GBP,14.7213,GH¢ per GBP,ok,
2026-02-23,GBPGHS,Pound Sterling,Mid Rate,14.7134,GH¢ per GBP,14.7134,GH¢ per GBP,ok,
2026-02-23,GHSGMD,Dalasi,Buying,6.6399,GMD per GH¢,0.1506046778,GH¢ per GMD,ok,
2026-02-23,GHSGMD,Dalasi,Selling,6.6403,GMD per GH¢,0.1505956056,GH¢ per GMD,ok,
2026-02-23,GHSGMD,Dalasi,Mid Rate,6.6401,GMD per GH¢,0.1506001416,GH¢ per GMD,ok,
2026-02-23,GHSMRO,Ouguiya,Buying,32.7523,MRO per GH¢,0.0305322069,GH¢ per MRO (old ouguiya; 10 MRO = 1 MRU since 2018),ok,
2026-02-23,GHSMRO,Ouguiya,Selling,32.8440,MRO per GH¢,0.0304469614,GH¢ per MRO (old ouguiya; 10 MRO = 1 MRU since 2018),ok,
2026-02-23,GHSMRO,Ouguiya,Mid Rate,32.7982,MRO per GH¢,0.0304894781,GH¢ per MRO (old ouguiya; 10 MRO = 1 MRU since 2018),ok,
2026-02-23,GHSNGN,Naira,Buying,124.1367,NGN per GH¢,0.0080556354,GH¢ per NGN,ok,
2026-02-23,GHSNGN,Naira,Selling,124.3055,NGN per GH¢,0.0080446963,GH¢ per NGN,ok,
2026-02-23,GHSNGN,Naira,Mid Rate,124.2211,NGN per GH¢,0.0080501622,GH¢ per NGN,ok,
2026-02-23,GHSSLL,Leone,Buying,"2,115.8680",SLL per GH¢,0.4726192749,"GH¢ per SLE (new leone; 1 SLE = 1,000 old leones)",ok,
2026-02-23,GHSSLL,Leone,Selling,"2,280.8085",SLL per GH¢,0.4384410177,"GH¢ per SLE (new leone; 1 SLE = 1,000 old leones)",ok,
2026-02-23,GHSSLL,Leone,Mid Rate,"2,198.3383",SLL per GH¢,0.4548890405,"GH¢ per SLE (new leone; 1 SLE = 1,000 old leones)",ok,
2026-02-23,GHSXOF,BCEAO,Buying,50.9929,XOF per GH¢,0.0196105732,GH¢ per XOF (CFA franc (BCEAO)),ok,
2026-02-23,GHSXOF,BCEAO,Selling,51.0429,XOF per GH¢,0.0195913633,GH¢ per XOF (CFA franc (BCEAO)),ok,
2026-02-23,GHSXOF,BCEAO,Mid Rate,51.0179,XOF per GH¢,0.0196009636,GH¢ per XOF (CFA franc (BCEAO)),ok,
2026-02-23,JPYGHS,Japanese yen,Buying,0.0705,GH¢ per JPY,0.0705,GH¢ per JPY,ok,
2026-02-23,JPYGHS,Japanese yen,Selling,0.0706,GH¢ per JPY,0.0706,GH¢ per JPY,ok,
2026-02-23,JPYGHS,Japanese yen,Mid Rate,0.0706,GH¢ per JPY,0.0706,GH¢ per JPY,ok,
2026-02-23,NOKGHS,Norwegian Krone,Buying,1.1406,GH¢ per NOK,1.1406,GH¢ per NOK,ok,
2026-02-23,NOKGHS,Norwegian Krone,Selling,1.1415,GH¢ per NOK,1.1415,GH¢ per NOK,ok,
2026-02-23,NOKGHS,Norwegian Krone,Mid Rate,1.1411,GH¢ per NOK,1.1411,GH¢ per NOK,ok,
2026-02-23,NZDGHS,New Zealand Dollar,Buying,6.4983,GH¢ per NZD,6.4983,GH¢ per NZD,ok,
2026-02-23,NZDGHS,New Zealand Dollar,Selling,6.5068,GH¢ per NZD,6.5068,GH¢ per NZD,ok,
2026-02-23,NZDGHS,New Zealand Dollar,Mid Rate,6.5026,GH¢ per NZD,6.5026,GH¢ per NZD,ok,
2026-02-23,SEKGHS,Swedish Krona,Buying,1.2036,GH¢ per SEK,1.2036,GH¢ per SEK,ok,
2026-02-23,SEKGHS,Swedish Krona,Selling,1.2045,GH¢ per SEK,1.2045,GH¢ per SEK,ok,
2026-02-23,SEKGHS,Swedish Krona,Mid Rate,1.2041,GH¢ per SEK,1.2041,GH¢ per SEK,ok,
2026-02-23,WAUGHS,Ecowas,Buying,0.0143,GH¢ per WAU,0.0143,"GH¢ per WAU (BoG's 'Ecowas' unit, not defined by BoG)",ok,
2026-02-23,WAUGHS,Ecowas,Selling,0.0143,GH¢ per WAU,0.0143,"GH¢ per WAU (BoG's 'Ecowas' unit, not defined by BoG)",ok,
2026-02-23,WAUGHS,Ecowas,Mid Rate,0.0143,GH¢ per WAU,0.0143,"GH¢ per WAU (BoG's 'Ecowas' unit, not defined by BoG)",ok,
2026-02-23,ZARGHS,South African Rand,Buying,0.6809,GH¢ per ZAR,0.6809,GH¢ per ZAR,ok,
2026-02-23,ZARGHS,South African Rand,Selling,0.6813,GH¢ per ZAR,0.6813,GH¢ per ZAR,ok,
2026-02-23,ZARGHS,South African Rand,Mid Rate,0.6811,GH¢ per ZAR,0.6811,GH¢ per ZAR,ok,
2026-02-24,USDGHS,US Dollar,Buying,10.6547,GH¢ per USD,10.6547,GH¢ per USD,ok,
2026-02-24,USDGHS,US Dollar,Selling,10.6653,GH¢ per USD,10.6653,GH¢ per USD,ok,
2026-02-24,USDGHS,US Dollar,Mid Rate,10.6600,GH¢ per USD,10.66,GH¢ per USD,ok,
2026-02-24,AUDGHS,Australian Dollar,Buying,7.5140,GH¢ per AUD,7.514,GH¢ per AUD,ok,
2026-02-24,AUDGHS,Australian Dollar,Selling,7.5236,GH¢ per AUD,7.5236,GH¢ per AUD,ok,
2026-02-24,AUDGHS,Australian Dollar,Mid Rate,7.5188,GH¢ per AUD,7.5188,GH¢ per AUD,ok,
2026-02-24,CADGHS,Canadian Dollar,Buying,7.7682,GH¢ per CAD,7.7682,GH¢ per CAD,ok,
2026-02-24,CADGHS,Canadian Dollar,Selling,7.7753,GH¢ per CAD,7.7753,GH¢ per CAD,ok,
2026-02-24,CADGHS,Canadian Dollar,Mid Rate,7.7718,GH¢ per CAD,7.7718,GH¢ per CAD,ok,
2026-02-24,CHFGHS,Swiss Franc,Buying,13.7591,GH¢ per CHF,13.7591,GH¢ per CHF,ok,
2026-02-24,CHFGHS,Swiss Franc,Selling,13.7712,GH¢ per CHF,13.7712,GH¢ per CHF,ok,
2026-02-24,CHFGHS,Swiss Franc,Mid Rate,13.7652,GH¢ per CHF,13.7652,GH¢ per CHF,ok,
2026-02-24,CNYGHS,Yuan Renminbi,Buying,1.5485,GH¢ per CNY,1.5485,GH¢ per CNY,ok,
2026-02-24,CNYGHS,Yuan Renminbi,Selling,1.5492,GH¢ per CNY,1.5492,GH¢ per CNY,ok,
2026-02-24,CNYGHS,Yuan Renminbi,Mid Rate,1.5489,GH¢ per CNY,1.5489,GH¢ per CNY,ok,
2026-02-24,DKKGHS,Danish Krone,Buying,1.6794,GH¢ per DKK,1.6794,GH¢ per DKK,ok,
2026-02-24,DKKGHS,Danish Krone,Selling,1.6809,GH¢ per DKK,1.6809,GH¢ per DKK,ok,
2026-02-24,DKKGHS,Danish Krone,Mid Rate,1.6802,GH¢ per DKK,1.6802,GH¢ per DKK,ok,
2026-02-24,EURGHS,Euro,Buying,12.5462,GH¢ per EUR,12.5462,GH¢ per EUR,ok,
2026-02-24,EURGHS,Euro,Selling,12.5585,GH¢ per EUR,12.5585,GH¢ per EUR,ok,
2026-02-24,EURGHS,Euro,Mid Rate,12.5524,GH¢ per EUR,12.5524,GH¢ per EUR,ok,
2026-02-24,GBPGHS,Pound Sterling,Buying,14.4030,GH¢ per GBP,14.403,GH¢ per GBP,ok,
2026-02-24,GBPGHS,Pound Sterling,Selling,14.4185,GH¢ per GBP,14.4185,GH¢ per GBP,ok,
2026-02-24,GBPGHS,Pound Sterling,Mid Rate,14.4108,GH¢ per GBP,14.4108,GH¢ per GBP,ok,
2026-02-24,GHSGMD,Dalasi,Buying,6.7894,GMD per GH¢,0.1472884202,GH¢ per GMD,ok,
2026-02-24,GHSGMD,Dalasi,Selling,6.7898,GMD per GH¢,0.1472797431,GH¢ per GMD,ok,
2026-02-24,GHSGMD,Dalasi,Mid Rate,6.7896,GMD per GH¢,0.1472840815,GH¢ per GMD,ok,
2026-02-24,GHSMRO,Ouguiya,Buying,33.4897,MRO per GH¢,0.0298599271,GH¢ per MRO (old ouguiya; 10 MRO = 1 MRU since 2018),ok,
2026-02-24,GHSMRO,Ouguiya,Selling,33.5835,MRO per GH¢,0.0297765272,GH¢ per MRO (old ouguiya; 10 MRO = 1 MRU since 2018),ok,
2026-02-24,GHSMRO,Ouguiya,Mid Rate,33.5366,MRO per GH¢,0.0298181688,GH¢ per MRO (old ouguiya; 10 MRO = 1 MRU since 2018),ok,
2026-02-24,GHSNGN,Naira,Buying,126.8105,NGN per GH¢,0.0078857823,GH¢ per NGN,ok,
2026-02-24,GHSNGN,Naira,Selling,127.3640,NGN per GH¢,0.0078515122,GH¢ per NGN,ok,
2026-02-24,GHSNGN,Naira,Mid Rate,127.0873,NGN per GH¢,0.0078686069,GH¢ per NGN,ok,
2026-02-24,GHSSLL,Leone,Buying,"2,236.1174",SLL per GH¢,0.4472037112,"GH¢ per SLE (new leone; 1 SLE = 1,000 old leones)",ok,
2026-02-24,GHSSLL,Leone,Selling,"2,278.0770",SLL per GH¢,0.438966725,"GH¢ per SLE (new leone; 1 SLE = 1,000 old leones)",ok,
2026-02-24,GHSSLL,Leone,Mid Rate,"2,257.0972",SLL per GH¢,0.4430469366,"GH¢ per SLE (new leone; 1 SLE = 1,000 old leones)",ok,
2026-02-24,GHSXOF,BCEAO,Buying,52.2321,XOF per GH¢,0.0191453149,GH¢ per XOF (CFA franc (BCEAO)),ok,
2026-02-24,GHSXOF,BCEAO,Selling,52.2833,XOF per GH¢,0.0191265662,GH¢ per XOF (CFA franc (BCEAO)),ok,
2026-02-24,GHSXOF,BCEAO,Mid Rate,52.2577,XOF per GH¢,0.0191359359,GH¢ per XOF (CFA franc (BCEAO)),ok,
2026-02-24,JPYGHS,Japanese yen,Buying,0.0684,GH¢ per JPY,0.0684,GH¢ per JPY,ok,
2026-02-24,JPYGHS,Japanese yen,Selling,0.0684,GH¢ per JPY,0.0684,GH¢ per JPY,ok,
2026-02-24,JPYGHS,Japanese yen,Mid Rate,0.0684,GH¢ per JPY,0.0684,GH¢ per JPY,ok,
2026-02-24,NOKGHS,Norwegian Krone,Buying,1.1129,GH¢ per NOK,1.1129,GH¢ per NOK,ok,
2026-02-24,NOKGHS,Norwegian Krone,Selling,1.1138,GH¢ per NOK,1.1138,GH¢ per NOK,ok,
2026-02-24,NOKGHS,Norwegian Krone,Mid Rate,1.1134,GH¢ per NOK,1.1134,GH¢ per NOK,ok,
2026-02-24,NZDGHS,New Zealand Dollar,Buying,6.3503,GH¢ per NZD,6.3503,GH¢ per NZD,ok,
2026-02-24,NZDGHS,New Zealand Dollar,Selling,6.3585,GH¢ per NZD,6.3585,GH¢ per NZD,ok,
2026-02-24,NZDGHS,New Zealand Dollar,Mid Rate,6.3544,GH¢ per NZD,6.3544,GH¢ per NZD,ok,
2026-02-24,SEKGHS,Swedish Krona,Buying,1.1756,GH¢ per SEK,1.1756,GH¢ per SEK,ok,
2026-02-24,SEKGHS,Swedish Krona,Selling,1.1766,GH¢ per SEK,1.1766,GH¢ per SEK,ok,
2026-02-24,SEKGHS,Swedish Krona,Mid Rate,1.1761,GH¢ per SEK,1.1761,GH¢ per SEK,ok,
2026-02-24,WAUGHS,Ecowas,Buying,0.0150,GH¢ per WAU,0.015,"GH¢ per WAU (BoG's 'Ecowas' unit, not defined by BoG)",ok,
2026-02-24,WAUGHS,Ecowas,Selling,0.0150,GH¢ per WAU,0.015,"GH¢ per WAU (BoG's 'Ecowas' unit, not defined by BoG)",ok,
2026-02-24,WAUGHS,Ecowas,Mid Rate,0.0150,GH¢ per WAU,0.015,"GH¢ per WAU (BoG's 'Ecowas' unit, not defined by BoG)",ok,
2026-02-24,ZARGHS,South African Rand,Buying,0.6678,GH¢ per ZAR,0.6678,GH¢ per ZAR,ok,
2026-02-24,ZARGHS,South African Rand,Selling,0.6680,GH¢ per ZAR,0.668,GH¢ per ZAR,ok,
2026-02-24,ZARGHS,South African Rand,Mid Rate,0.6679,GH¢ per ZAR,0.6679,GH¢ per ZAR,ok,
2026-02-25,USDGHS,US Dollar,Buying,10.6547,GH¢ per USD,10.6547,GH¢ per USD,ok,
2026-02-25,USDGHS,US Dollar,Selling,10.6653,GH¢ per USD,10.6653,GH¢ per USD,ok,
2026-02-25,USDGHS,US Dollar,Mid Rate,10.6600,GH¢ per USD,10.66,GH¢ per USD,ok,
2026-02-25,AUDGHS,Australian Dollar,Buying,7.5762,GH¢ per AUD,7.5762,GH¢ per AUD,ok,
2026-02-25,AUDGHS,Australian Dollar,Selling,7.5858,GH¢ per AUD,7.5858,GH¢ per AUD,ok,
2026-02-25,AUDGHS,Australian Dollar,Mid Rate,7.5810,GH¢ per AUD,7.581,GH¢ per AUD,ok,
2026-02-25,CADGHS,Canadian Dollar,Buying,7.7895,GH¢ per CAD,7.7895,GH¢ per CAD,ok,
2026-02-25,CADGHS,Canadian Dollar,Selling,7.7970,GH¢ per CAD,7.797,GH¢ per CAD,ok,
2026-02-25,CADGHS,Canadian Dollar,Mid Rate,7.7933,GH¢ per CAD,7.7933,GH¢ per CAD,ok,
2026-02-25,CHFGHS,Swiss Franc,Buying,13.7883,GH¢ per CHF,13.7883,GH¢ per CHF,ok,
2026-02-25,CHFGHS,Swiss Franc,Selling,13.8018,GH¢ per CHF,13.8018,GH¢ per CHF,ok,
2026-02-25,CHFGHS,Swiss Franc,Mid Rate,13.7951,GH¢ per CHF,13.7951,GH¢ per CHF,ok,
2026-02-25,CNYGHS,Yuan Renminbi,Buying,1.5526,GH¢ per CNY,1.5526,GH¢ per CNY,ok,
2026-02-25,CNYGHS,Yuan Renminbi,Selling,1.5537,GH¢ per CNY,1.5537,GH¢ per CNY,ok,
2026-02-25,CNYGHS,Yuan Renminbi,Mid Rate,1.5532,GH¢ per CNY,1.5532,GH¢ per CNY,ok,
2026-02-25,DKKGHS,Danish Krone,Buying,1.6834,GH¢ per DKK,1.6834,GH¢ per DKK,ok,
2026-02-25,DKKGHS,Danish Krone,Selling,1.6848,GH¢ per DKK,1.6848,GH¢ per DKK,ok,
2026-02-25,DKKGHS,Danish Krone,Mid Rate,1.6841,GH¢ per DKK,1.6841,GH¢ per DKK,ok,
2026-02-25,EURGHS,Euro,Buying,12.5766,GH¢ per EUR,12.5766,GH¢ per EUR,ok,
2026-02-25,EURGHS,Euro,Selling,12.5890,GH¢ per EUR,12.589,GH¢ per EUR,ok,
2026-02-25,EURGHS,Euro,Mid Rate,12.5828,GH¢ per EUR,12.5828,GH¢ per EUR,ok,
2026-02-25,GBPGHS,Pound Sterling,Buying,14.4254,GH¢ per GBP,14.4254,GH¢ per GBP,ok,
2026-02-25,GBPGHS,Pound Sterling,Selling,14.4409,GH¢ per GBP,14.4409,GH¢ per GBP,ok,
2026-02-25,GBPGHS,Pound Sterling,Mid Rate,14.4332,GH¢ per GBP,14.4332,GH¢ per GBP,ok,
2026-02-25,GHSGMD,Dalasi,Buying,6.7894,GMD per GH¢,0.1472884202,GH¢ per GMD,ok,
2026-02-25,GHSGMD,Dalasi,Selling,6.7898,GMD per GH¢,0.1472797431,GH¢ per GMD,ok,
2026-02-25,GHSGMD,Dalasi,Mid Rate,6.7896,GMD per GH¢,0.1472840815,GH¢ per GMD,ok,
2026-02-25,GHSMRO,Ouguiya,Buying,33.4897,MRO per GH¢,0.0298599271,GH¢ per MRO (old ouguiya; 10 MRO = 1 MRU since 2018),ok,
2026-02-25,GHSMRO,Ouguiya,Selling,33.5835,MRO per GH¢,0.0297765272,GH¢ per MRO (old ouguiya; 10 MRO = 1 MRU since 2018),ok,
2026-02-25,GHSMRO,Ouguiya,Mid Rate,33.5366,MRO per GH¢,0.0298181688,GH¢ per MRO (old ouguiya; 10 MRO = 1 MRU since 2018),ok,
2026-02-25,GHSNGN,Naira,Buying,127.1332,NGN per GH¢,0.007865766,GH¢ per NGN,ok,
2026-02-25,GHSNGN,Naira,Selling,127.2280,NGN per GH¢,0.0078599051,GH¢ per NGN,ok,
2026-02-25,GHSNGN,Naira,Mid Rate,127.1806,NGN per GH¢,0.0078628344,GH¢ per NGN,ok,
2026-02-25,GHSSLL,Leone,Buying,"2,236.1174",SLL per GH¢,0.4472037112,"GH¢ per SLE (new leone; 1 SLE = 1,000 old leones)",ok,
2026-02-25,GHSSLL,Leone,Selling,"2,278.0770",SLL per GH¢,0.438966725,"GH¢ per SLE (new leone; 1 SLE = 1,000 old leones)",ok,
2026-02-25,GHSSLL,Leone,Mid Rate,"2,257.0972",SLL per GH¢,0.4430469366,"GH¢ per SLE (new leone; 1 SLE = 1,000 old leones)",ok,
2026-02-25,GHSXOF,BCEAO,Buying,52.1056,XOF per GH¢,0.0191917951,GH¢ per XOF (CFA franc (BCEAO)),ok,
2026-02-25,GHSXOF,BCEAO,Selling,52.1569,XOF per GH¢,0.0191729186,GH¢ per XOF (CFA franc (BCEAO)),ok,
2026-02-25,GHSXOF,BCEAO,Mid Rate,52.1313,XOF per GH¢,0.0191823338,GH¢ per XOF (CFA franc (BCEAO)),ok,
2026-02-25,JPYGHS,Japanese yen,Buying,0.0681,GH¢ per JPY,0.0681,GH¢ per JPY,ok,
2026-02-25,JPYGHS,Japanese yen,Selling,0.0682,GH¢ per JPY,0.0682,GH¢ per JPY,ok,
2026-02-25,JPYGHS,Japanese yen,Mid Rate,0.0682,GH¢ per JPY,0.0682,GH¢ per JPY,ok,
2026-02-25,NOKGHS,Norwegian Krone,Buying,1.1158,GH¢ per NOK,1.1158,GH¢ per NOK,ok,
2026-02-25,NOKGHS,Norwegian Krone,Selling,1.1166,GH¢ per NOK,1.1166,GH¢ per NOK,ok,
2026-02-25,NOKGHS,Norwegian Krone,Mid Rate,1.1162,GH¢ per NOK,1.1162,GH¢ per NOK,ok,
2026-02-25,NZDGHS,New Zealand Dollar,Buying,6.3803,GH¢ per NZD,6.3803,GH¢ per NZD,ok,
2026-02-25,NZDGHS,New Zealand Dollar,Selling,6.3886,GH¢ per NZD,6.3886,GH¢ per NZD,ok,
2026-02-25,NZDGHS,New Zealand Dollar,Mid Rate,6.3845,GH¢ per NZD,6.3845,GH¢ per NZD,ok,
2026-02-25,SEKGHS,Swedish Krona,Buying,1.1800,GH¢ per SEK,1.18,GH¢ per SEK,ok,
2026-02-25,SEKGHS,Swedish Krona,Selling,1.1810,GH¢ per SEK,1.181,GH¢ per SEK,ok,
2026-02-25,SEKGHS,Swedish Krona,Mid Rate,1.1805,GH¢ per SEK,1.1805,GH¢ per SEK,ok,
2026-02-25,WAUGHS,Ecowas,Buying,0.0150,GH¢ per WAU,0.015,"GH¢ per WAU (BoG's 'Ecowas' unit, not defined by BoG)",ok,
2026-02-25,WAUGHS,Ecowas,Selling,0.0150,GH¢ per WAU,0.015,"GH¢ per WAU (BoG's 'Ecowas' unit, not defined by BoG)",ok,
2026-02-25,WAUGHS,Ecowas,Mid Rate,0.0150,GH¢ per WAU,0.015,"GH¢ per WAU (BoG's 'Ecowas' unit, not defined by BoG)",ok,
2026-02-25,ZARGHS,South African Rand,Buying,0.6727,GH¢ per ZAR,0.6727,GH¢ per ZAR,ok,
2026-02-25,ZARGHS,South African Rand,Selling,0.6728,GH¢ per ZAR,0.6728,GH¢ per ZAR,ok,
2026-02-25,ZARGHS,South African Rand,Mid Rate,0.6728,GH¢ per ZAR,0.6728,GH¢ per ZAR,ok,
2026-02-26,USDGHS,US Dollar,Buying,10.6647,GH¢ per USD,10.6647,GH¢ per USD,ok,
2026-02-26,USDGHS,US Dollar,Selling,10.6753,GH¢ per USD,10.6753,GH¢ per USD,ok,
2026-02-26,USDGHS,US Dollar,Mid Rate,10.6700,GH¢ per USD,10.67,GH¢ per USD,ok,
2026-02-26,AUDGHS,Australian Dollar,Buying,7.5668,GH¢ per AUD,7.5668,GH¢ per AUD,ok,
2026-02-26,AUDGHS,Australian Dollar,Selling,7.5764,GH¢ per AUD,7.5764,GH¢ per AUD,ok,
2026-02-26,AUDGHS,Australian Dollar,Mid Rate,7.5716,GH¢ per AUD,7.5716,GH¢ per AUD,ok,
2026-02-26,CADGHS,Canadian Dollar,Buying,7.7944,GH¢ per CAD,7.7944,GH¢ per CAD,ok,
2026-02-26,CADGHS,Canadian Dollar,Selling,7.8019,GH¢ per CAD,7.8019,GH¢ per CAD,ok,
2026-02-26,CADGHS,Canadian Dollar,Mid Rate,7.7982,GH¢ per CAD,7.7982,GH¢ per CAD,ok,
2026-02-26,CHFGHS,Swiss Franc,Buying,13.7752,GH¢ per CHF,13.7752,GH¢ per CHF,ok,
2026-02-26,CHFGHS,Swiss Franc,Selling,13.7874,GH¢ per CHF,13.7874,GH¢ per CHF,ok,
2026-02-26,CHFGHS,Swiss Franc,Mid Rate,13.7813,GH¢ per CHF,13.7813,GH¢ per CHF,ok,
2026-02-26,CNYGHS,Yuan Renminbi,Buying,1.5581,GH¢ per CNY,1.5581,GH¢ per CNY,ok,
2026-02-26,CNYGHS,Yuan Renminbi,Selling,1.5593,GH¢ per CNY,1.5593,GH¢ per CNY,ok,
2026-02-26,CNYGHS,Yuan Renminbi,Mid Rate,1.5587,GH¢ per CNY,1.5587,GH¢ per CNY,ok,
2026-02-26,DKKGHS,Danish Krone,Buying,1.6833,GH¢ per DKK,1.6833,GH¢ per DKK,ok,
2026-02-26,DKKGHS,Danish Krone,Selling,1.6847,GH¢ per DKK,1.6847,GH¢ per DKK,ok,
2026-02-26,DKKGHS,Danish Krone,Mid Rate,1.6840,GH¢ per DKK,1.684,GH¢ per DKK,ok,
2026-02-26,EURGHS,Euro,Buying,12.5762,GH¢ per EUR,12.5762,GH¢ per EUR,ok,
2026-02-26,EURGHS,Euro,Selling,12.5886,GH¢ per EUR,12.5886,GH¢ per EUR,ok,
2026-02-26,EURGHS,Euro,Mid Rate,12.5824,GH¢ per EUR,12.5824,GH¢ per EUR,ok,
2026-02-26,GBPGHS,Pound Sterling,Buying,14.4048,GH¢ per GBP,14.4048,GH¢ per GBP,ok,
2026-02-26,GBPGHS,Pound Sterling,Selling,14.4202,GH¢ per GBP,14.4202,GH¢ per GBP,ok,
2026-02-26,GBPGHS,Pound Sterling,Mid Rate,14.4125,GH¢ per GBP,14.4125,GH¢ per GBP,ok,
2026-02-26,GHSGMD,Dalasi,Buying,6.7830,GMD per GH¢,0.147427392,GH¢ per GMD,ok,
2026-02-26,GHSGMD,Dalasi,Selling,6.7834,GMD per GH¢,0.1474186986,GH¢ per GMD,ok,
2026-02-26,GHSGMD,Dalasi,Mid Rate,6.7832,GMD per GH¢,0.1474230452,GH¢ per GMD,ok,
2026-02-26,GHSMRO,Ouguiya,Buying,33.4583,MRO per GH¢,0.0298879501,GH¢ per MRO (old ouguiya; 10 MRO = 1 MRU since 2018),ok,
2026-02-26,GHSMRO,Ouguiya,Selling,33.5520,MRO per GH¢,0.0298044826,GH¢ per MRO (old ouguiya; 10 MRO = 1 MRU since 2018),ok,
2026-02-26,GHSMRO,Ouguiya,Mid Rate,33.5052,MRO per GH¢,0.0298461134,GH¢ per MRO (old ouguiya; 10 MRO = 1 MRU since 2018),ok,
2026-02-26,GHSNGN,Naira,Buying,127.0750,NGN per GH¢,0.0078693685,GH¢ per NGN,ok,
2026-02-26,GHSNGN,Naira,Selling,127.1715,NGN per GH¢,0.0078633971,GH¢ per NGN,ok,
2026-02-26,GHSNGN,Naira,Mid Rate,127.1233,NGN per GH¢,0.0078663785,GH¢ per NGN,ok,
2026-02-26,GHSSLL,Leone,Buying,"2,234.0217",SLL per GH¢,0.4476232259,"GH¢ per SLE (new leone; 1 SLE = 1,000 old leones)",ok,
2026-02-26,GHSSLL,Leone,Selling,"2,275.8025",SLL per GH¢,0.4394054405,"GH¢ per SLE (new leone; 1 SLE = 1,000 old leones)",ok,
2026-02-26,GHSSLL,Leone,Mid Rate,"2,254.9121",SLL per GH¢,0.4434762668,"GH¢ per SLE (new leone; 1 SLE = 1,000 old leones)",ok,
2026-02-26,GHSXOF,BCEAO,Buying,52.1072,XOF per GH¢,0.0191912058,GH¢ per XOF (CFA franc (BCEAO)),ok,
2026-02-26,GHSXOF,BCEAO,Selling,52.1586,XOF per GH¢,0.0191722937,GH¢ per XOF (CFA franc (BCEAO)),ok,
2026-02-26,GHSXOF,BCEAO,Mid Rate,52.1329,XOF per GH¢,0.0191817451,GH¢ per XOF (CFA franc (BCEAO)),ok,
2026-02-26,JPYGHS,Japanese yen,Buying,0.0683,GH¢ per JPY,0.0683,GH¢ per JPY,ok,
2026-02-26,JPYGHS,Japanese yen,Selling,0.0684,GH¢ per JPY,0.0684,GH¢ per JPY,ok,
2026-02-26,JPYGHS,Japanese yen,Mid Rate,0.0684,GH¢ per JPY,0.0684,GH¢ per JPY,ok,
2026-02-26,NOKGHS,Norwegian Krone,Buying,1.1164,GH¢ per NOK,1.1164,GH¢ per NOK,ok,
2026-02-26,NOKGHS,Norwegian Krone,Selling,1.1172,GH¢ per NOK,1.1172,GH¢ per NOK,ok,
2026-02-26,NOKGHS,Norwegian Krone,Mid Rate,1.1168,GH¢ per NOK,1.1168,GH¢ per NOK,ok,
2026-02-26,NZDGHS,New Zealand Dollar,Buying,6.3727,GH¢ per NZD,6.3727,GH¢ per NZD,ok,
2026-02-26,NZDGHS,New Zealand Dollar,Selling,6.3810,GH¢ per NZD,6.381,GH¢ per NZD,ok,
2026-02-26,NZDGHS,New Zealand Dollar,Mid Rate,6.3769,GH¢ per NZD,6.3769,GH¢ per NZD,ok,
2026-02-26,SEKGHS,Swedish Krona,Buying,1.1773,GH¢ per SEK,1.1773,GH¢ per SEK,ok,
2026-02-26,SEKGHS,Swedish Krona,Selling,1.1782,GH¢ per SEK,1.1782,GH¢ per SEK,ok,
2026-02-26,SEKGHS,Swedish Krona,Mid Rate,1.1778,GH¢ per SEK,1.1778,GH¢ per SEK,ok,
2026-02-26,WAUGHS,Ecowas,Buying,0.0150,GH¢ per WAU,0.015,"GH¢ per WAU (BoG's 'Ecowas' unit, not defined by BoG)",ok,
2026-02-26,WAUGHS,Ecowas,Selling,0.0150,GH¢ per WAU,0.015,"GH¢ per WAU (BoG's 'Ecowas' unit, not defined by BoG)",ok,
2026-02-26,WAUGHS,Ecowas,Mid Rate,0.0150,GH¢ per WAU,0.015,"GH¢ per WAU (BoG's 'Ecowas' unit, not defined by BoG)",ok,
2026-02-26,ZARGHS,South African Rand,Buying,0.6674,GH¢ per ZAR,0.6674,GH¢ per ZAR,ok,
2026-02-26,ZARGHS,South African Rand,Selling,0.6685,GH¢ per ZAR,0.6685,GH¢ per ZAR,ok,
2026-02-26,ZARGHS,South African Rand,Mid Rate,0.6680,GH¢ per ZAR,0.668,GH¢ per ZAR,ok,
2026-02-27,USDGHS,US Dollar,Buying,10.6812,GH¢ per USD,10.6812,GH¢ per USD,ok,
2026-02-27,USDGHS,US Dollar,Selling,10.6918,GH¢ per USD,10.6918,GH¢ per USD,ok,
2026-02-27,USDGHS,US Dollar,Mid Rate,10.6865,GH¢ per USD,10.6865,GH¢ per USD,ok,
2026-02-27,AUDGHS,Australian Dollar,Buying,7.6057,GH¢ per AUD,7.6057,GH¢ per AUD,ok,
2026-02-27,AUDGHS,Australian Dollar,Selling,7.6138,GH¢ per AUD,7.6138,GH¢ per AUD,ok,
2026-02-27,AUDGHS,Australian Dollar,Mid Rate,7.6098,GH¢ per AUD,7.6098,GH¢ per AUD,ok,
2026-02-27,CADGHS,Canadian Dollar,Buying,7.8362,GH¢ per CAD,7.8362,GH¢ per CAD,ok,
2026-02-27,CADGHS,Canadian Dollar,Selling,7.8433,GH¢ per CAD,7.8433,GH¢ per CAD,ok,
2026-02-27,CADGHS,Canadian Dollar,Mid Rate,7.8398,GH¢ per CAD,7.8398,GH¢ per CAD,ok,
2026-02-27,CHFGHS,Swiss Franc,Buying,13.8926,GH¢ per CHF,13.8926,GH¢ per CHF,ok,
2026-02-27,CHFGHS,Swiss Franc,Selling,13.9049,GH¢ per CHF,13.9049,GH¢ per CHF,ok,
2026-02-27,CHFGHS,Swiss Franc,Mid Rate,13.8988,GH¢ per CHF,13.8988,GH¢ per CHF,ok,
2026-02-27,CNYGHS,Yuan Renminbi,Buying,1.5565,GH¢ per CNY,1.5565,GH¢ per CNY,ok,
2026-02-27,CNYGHS,Yuan Renminbi,Selling,1.5578,GH¢ per CNY,1.5578,GH¢ per CNY,ok,
2026-02-27,CNYGHS,Yuan Renminbi,Mid Rate,1.5572,GH¢ per CNY,1.5572,GH¢ per CNY,ok,
2026-02-27,DKKGHS,Danish Krone,Buying,1.6899,GH¢ per DKK,1.6899,GH¢ per DKK,ok,
2026-02-27,DKKGHS,Danish Krone,Selling,1.6914,GH¢ per DKK,1.6914,GH¢ per DKK,ok,
2026-02-27,DKKGHS,Danish Krone,Mid Rate,1.6907,GH¢ per DKK,1.6907,GH¢ per DKK,ok,
2026-02-27,EURGHS,Euro,Buying,12.6249,GH¢ per EUR,12.6249,GH¢ per EUR,ok,
2026-02-27,EURGHS,Euro,Selling,12.6374,GH¢ per EUR,12.6374,GH¢ per EUR,ok,
2026-02-27,EURGHS,Euro,Mid Rate,12.6312,GH¢ per EUR,12.6312,GH¢ per EUR,ok,
2026-02-27,GBPGHS,Pound Sterling,Buying,14.3747,GH¢ per GBP,14.3747,GH¢ per GBP,ok,
2026-02-27,GBPGHS,Pound Sterling,Selling,14.3902,GH¢ per GBP,14.3902,GH¢ per GBP,ok,
2026-02-27,GBPGHS,Pound Sterling,Mid Rate,14.3825,GH¢ per GBP,14.3825,GH¢ per GBP,ok,
2026-02-27,GHSGMD,Dalasi,Buying,6.7571,GMD per GH¢,0.147992482,GH¢ per GMD,ok,
2026-02-27,GHSGMD,Dalasi,Selling,6.7726,GMD per GH¢,0.1476537814,GH¢ per GMD,ok,
2026-02-27,GHSGMD,Dalasi,Mid Rate,6.7649,GMD per GH¢,0.1478218451,GH¢ per GMD,ok,
2026-02-27,GHSMRO,Ouguiya,Buying,33.4066,MRO per GH¢,0.0299342046,GH¢ per MRO (old ouguiya; 10 MRO = 1 MRU since 2018),ok,
2026-02-27,GHSMRO,Ouguiya,Selling,33.5002,MRO per GH¢,0.0298505681,GH¢ per MRO (old ouguiya; 10 MRO = 1 MRU since 2018),ok,
2026-02-27,GHSMRO,Ouguiya,Mid Rate,33.4534,MRO per GH¢,0.0298923278,GH¢ per MRO (old ouguiya; 10 MRO = 1 MRU since 2018),ok,
2026-02-27,GHSNGN,Naira,Buying,127.2110,NGN per GH¢,0.0078609554,GH¢ per NGN,ok,
2026-02-27,GHSNGN,Naira,Selling,127.3102,NGN per GH¢,0.0078548302,GH¢ per NGN,ok,
2026-02-27,GHSNGN,Naira,Mid Rate,127.2606,NGN per GH¢,0.0078578916,GH¢ per NGN,ok,
2026-02-27,GHSSLL,Leone,Buying,"2,230.8520",SLL per GH¢,0.4482592301,"GH¢ per SLE (new leone; 1 SLE = 1,000 old leones)",ok,
2026-02-27,GHSSLL,Leone,Selling,"2,274.8243",SLL per GH¢,0.4395943898,"GH¢ per SLE (new leone; 1 SLE = 1,000 old leones)",ok,
2026-02-27,GHSSLL,Leone,Mid Rate,"2,252.8382",SLL per GH¢,0.4438845186,"GH¢ per SLE (new leone; 1 SLE = 1,000 old leones)",ok,
2026-02-27,GHSXOF,BCEAO,Buying,51.9060,XOF per GH¢,0.0192655955,GH¢ per XOF (CFA franc (BCEAO)),ok,
2026-02-27,GHSXOF,BCEAO,Selling,51.9574,XOF per GH¢,0.0192465366,GH¢ per XOF (CFA franc (BCEAO)),ok,
2026-02-27,GHSXOF,BCEAO,Mid Rate,51.9317,XOF per GH¢,0.0192560613,GH¢ per XOF (CFA franc (BCEAO)),ok,
2026-02-27,JPYGHS,Japanese yen,Buying,0.0684,GH¢ per JPY,0.0684,GH¢ per JPY,ok,
2026-02-27,JPYGHS,Japanese yen,Selling,0.0685,GH¢ per JPY,0.0685,GH¢ per JPY,ok,
2026-02-27,JPYGHS,Japanese yen,Mid Rate,0.0685,GH¢ per JPY,0.0685,GH¢ per JPY,ok,
2026-02-27,NOKGHS,Norwegian Krone,Buying,1.1225,GH¢ per NOK,1.1225,GH¢ per NOK,ok,
2026-02-27,NOKGHS,Norwegian Krone,Selling,1.1232,GH¢ per NOK,1.1232,GH¢ per NOK,ok,
2026-02-27,NOKGHS,Norwegian Krone,Mid Rate,1.1229,GH¢ per NOK,1.1229,GH¢ per NOK,ok,
2026-02-27,NZDGHS,New Zealand Dollar,Buying,6.4054,GH¢ per NZD,6.4054,GH¢ per NZD,ok,
2026-02-27,NZDGHS,New Zealand Dollar,Selling,6.4137,GH¢ per NZD,6.4137,GH¢ per NZD,ok,
2026-02-27,NZDGHS,New Zealand Dollar,Mid Rate,6.4096,GH¢ per NZD,6.4096,GH¢ per NZD,ok,
2026-02-27,SEKGHS,Swedish Krona,Buying,1.1838,GH¢ per SEK,1.1838,GH¢ per SEK,ok,
2026-02-27,SEKGHS,Swedish Krona,Selling,1.1847,GH¢ per SEK,1.1847,GH¢ per SEK,ok,
2026-02-27,SEKGHS,Swedish Krona,Mid Rate,1.1843,GH¢ per SEK,1.1843,GH¢ per SEK,ok,
2026-02-27,WAUGHS,Ecowas,Buying,0.0149,GH¢ per WAU,0.0149,"GH¢ per WAU (BoG's 'Ecowas' unit, not defined by BoG)",ok,
2026-02-27,WAUGHS,Ecowas,Selling,0.0149,GH¢ per WAU,0.0149,"GH¢ per WAU (BoG's 'Ecowas' unit, not defined by BoG)",ok,
2026-02-27,WAUGHS,Ecowas,Mid Rate,0.0149,GH¢ per WAU,0.0149,"GH¢ per WAU (BoG's 'Ecowas' unit, not defined by BoG)",ok,
2026-02-27,ZARGHS,South African Rand,Buying,0.6716,GH¢ per ZAR,0.6716,GH¢ per ZAR,ok,
2026-02-27,ZARGHS,South African Rand,Selling,0.6718,GH¢ per ZAR,0.6718,GH¢ per ZAR,ok,
2026-02-27,ZARGHS,South African Rand,Mid Rate,0.6717,GH¢ per ZAR,0.6717,GH¢ per ZAR,ok,
2026-03-02,USDGHS,US Dollar,Buying,10.7146,GH¢ per USD,10.7146,GH¢ per USD,ok,
2026-03-02,USDGHS,US Dollar,Selling,10.7254,GH¢ per USD,10.7254,GH¢ per USD,ok,
2026-03-02,USDGHS,US Dollar,Mid Rate,10.7200,GH¢ per USD,10.72,GH¢ per USD,ok,
2026-03-02,AUDGHS,Australian Dollar,Buying,7.5619,GH¢ per AUD,7.5619,GH¢ per AUD,ok,
2026-03-02,AUDGHS,Australian Dollar,Selling,7.5714,GH¢ per AUD,7.5714,GH¢ per AUD,ok,
2026-03-02,AUDGHS,Australian Dollar,Mid Rate,7.5667,GH¢ per AUD,7.5667,GH¢ per AUD,ok,
2026-03-02,CADGHS,Canadian Dollar,Buying,7.8190,GH¢ per CAD,7.819,GH¢ per CAD,ok,
2026-03-02,CADGHS,Canadian Dollar,Selling,7.8266,GH¢ per CAD,7.8266,GH¢ per CAD,ok,
2026-03-02,CADGHS,Canadian Dollar,Mid Rate,7.8228,GH¢ per CAD,7.8228,GH¢ per CAD,ok,
2026-03-02,CHFGHS,Swiss Franc,Buying,13.7273,GH¢ per CHF,13.7273,GH¢ per CHF,ok,
2026-03-02,CHFGHS,Swiss Franc,Selling,13.7394,GH¢ per CHF,13.7394,GH¢ per CHF,ok,
2026-03-02,CHFGHS,Swiss Franc,Mid Rate,13.7334,GH¢ per CHF,13.7334,GH¢ per CHF,ok,
2026-03-02,CNYGHS,Yuan Renminbi,Buying,1.5520,GH¢ per CNY,1.552,GH¢ per CNY,ok,
2026-03-02,CNYGHS,Yuan Renminbi,Selling,1.5527,GH¢ per CNY,1.5527,GH¢ per CNY,ok,
2026-03-02,CNYGHS,Yuan Renminbi,Mid Rate,1.5524,GH¢ per CNY,1.5524,GH¢ per CNY,ok,
2026-03-02,DKKGHS,Danish Krone,Buying,1.6750,GH¢ per DKK,1.675,GH¢ per DKK,ok,
2026-03-02,DKKGHS,Danish Krone,Selling,1.6763,GH¢ per DKK,1.6763,GH¢ per DKK,ok,
2026-03-02,DKKGHS,Danish Krone,Mid Rate,1.6757,GH¢ per DKK,1.6757,GH¢ per DKK,ok,
2026-03-02,EURGHS,Euro,Buying,12.5137,GH¢ per EUR,12.5137,GH¢ per EUR,ok,
2026-03-02,EURGHS,Euro,Selling,12.5249,GH¢ per EUR,12.5249,GH¢ per EUR,ok,
2026-03-02,EURGHS,Euro,Mid Rate,12.5193,GH¢ per EUR,12.5193,GH¢ per EUR,ok,
2026-03-02,GBPGHS,Pound Sterling,Buying,14.3244,GH¢ per GBP,14.3244,GH¢ per GBP,ok,
2026-03-02,GBPGHS,Pound Sterling,Selling,14.3398,GH¢ per GBP,14.3398,GH¢ per GBP,ok,
2026-03-02,GBPGHS,Pound Sterling,Mid Rate,14.3321,GH¢ per GBP,14.3321,GH¢ per GBP,ok,
2026-03-02,GHSGMD,Dalasi,Buying,6.7227,GMD per GH¢,0.1487497583,GH¢ per GMD,ok,
2026-03-02,GHSGMD,Dalasi,Selling,6.9729,GMD per GH¢,0.1434123535,GH¢ per GMD,ok,
2026-03-02,GHSGMD,Dalasi,Mid Rate,6.8478,GMD per GH¢,0.1460323023,GH¢ per GMD,ok,
2026-03-02,GHSMRO,Ouguiya,Buying,33.3022,MRO per GH¢,0.0300280462,GH¢ per MRO (old ouguiya; 10 MRO = 1 MRU since 2018),ok,
2026-03-02,GHSMRO,Ouguiya,Selling,33.3955,MRO per GH¢,0.0299441542,GH¢ per MRO (old ouguiya; 10 MRO = 1 MRU since 2018),ok,
2026-03-02,GHSMRO,Ouguiya,Mid Rate,33.3489,MRO per GH¢,0.0299859965,GH¢ per MRO (old ouguiya; 10 MRO = 1 MRU since 2018),ok,
2026-03-02,GHSNGN,Naira,Buying,127.8647,NGN per GH¢,0.0078207668,GH¢ per NGN,ok,
2026-03-02,GHSNGN,Naira,Selling,128.0989,NGN per GH¢,0.0078064683,GH¢ per NGN,ok,
2026-03-02,GHSNGN,Naira,Mid Rate,127.9818,NGN per GH¢,0.007813611,GH¢ per NGN,ok,
2026-03-02,GHSSLL,Leone,Buying,"2,153.7230",SLL per GH¢,0.464312263,"GH¢ per SLE (new leone; 1 SLE = 1,000 old leones)",ok,
2026-03-02,GHSSLL,Leone,Selling,"2,321.3528",SLL per GH¢,0.4307832915,"GH¢ per SLE (new leone; 1 SLE = 1,000 old leones)",ok,
2026-03-02,GHSSLL,Leone,Mid Rate,"2,237.5379",SLL per GH¢,0.4469198041,"GH¢ per SLE (new leone; 1 SLE = 1,000 old leones)",ok,
2026-03-02,GHSXOF,BCEAO,Buying,52.3722,XOF per GH¢,0.0190940995,GH¢ per XOF (CFA franc (BCEAO)),ok,
2026-03-02,GHSXOF,BCEAO,Selling,52.4191,XOF per GH¢,0.0190770158,GH¢ per XOF (CFA franc (BCEAO)),ok,
2026-03-02,GHSXOF,BCEAO,Mid Rate,52.3957,XOF per GH¢,0.0190855356,GH¢ per XOF (CFA franc (BCEAO)),ok,
2026-03-02,JPYGHS,Japanese yen,Buying,0.0680,GH¢ per JPY,0.068,GH¢ per JPY,ok,
2026-03-02,JPYGHS,Japanese yen,Selling,0.0680,GH¢ per JPY,0.068,GH¢ per JPY,ok,
2026-03-02,JPYGHS,Japanese yen,Mid Rate,0.0680,GH¢ per JPY,0.068,GH¢ per JPY,ok,
2026-03-02,NOKGHS,Norwegian Krone,Buying,1.1172,GH¢ per NOK,1.1172,GH¢ per NOK,ok,
2026-03-02,NOKGHS,Norwegian Krone,Selling,1.1180,GH¢ per NOK,1.118,GH¢ per NOK,ok,
2026-03-02,NOKGHS,Norwegian Krone,Mid Rate,1.1176,GH¢ per NOK,1.1176,GH¢ per NOK,ok,
2026-03-02,NZDGHS,New Zealand Dollar,Buying,6.3471,GH¢ per NZD,6.3471,GH¢ per NZD,ok,
2026-03-02,NZDGHS,New Zealand Dollar,Selling,6.3554,GH¢ per NZD,6.3554,GH¢ per NZD,ok,
2026-03-02,NZDGHS,New Zealand Dollar,Mid Rate,6.3513,GH¢ per NZD,6.3513,GH¢ per NZD,ok,
2026-03-02,SEKGHS,Swedish Krona,Buying,1.1686,GH¢ per SEK,1.1686,GH¢ per SEK,ok,
2026-03-02,SEKGHS,Swedish Krona,Selling,1.1695,GH¢ per SEK,1.1695,GH¢ per SEK,ok,
2026-03-02,SEKGHS,Swedish Krona,Mid Rate,1.1691,GH¢ per SEK,1.1691,GH¢ per SEK,ok,
2026-03-02,WAUGHS,Ecowas,Buying,0.0148,GH¢ per WAU,0.0148,"GH¢ per WAU (BoG's 'Ecowas' unit, not defined by BoG)",ok,
2026-03-02,WAUGHS,Ecowas,Selling,0.0148,GH¢ per WAU,0.0148,"GH¢ per WAU (BoG's 'Ecowas' unit, not defined by BoG)",ok,
2026-03-02,WAUGHS,Ecowas,Mid Rate,0.0148,GH¢ per WAU,0.0148,"GH¢ per WAU (BoG's 'Ecowas' unit, not defined by BoG)",ok,
2026-03-02,ZARGHS,South African Rand,Buying,0.6624,GH¢ per ZAR,0.6624,GH¢ per ZAR,ok,
2026-03-02,ZARGHS,South African Rand,Selling,0.6626,GH¢ per ZAR,0.6626,GH¢ per ZAR,ok,
2026-03-02,ZARGHS,South African Rand,Mid Rate,0.6625,GH¢ per ZAR,0.6625,GH¢ per ZAR,ok,
2026-03-03,USDGHS,US Dollar,Buying,10.7321,GH¢ per USD,10.7321,GH¢ per USD,ok,
2026-03-03,USDGHS,US Dollar,Selling,10.7429,GH¢ per USD,10.7429,GH¢ per USD,ok,
2026-03-03,USDGHS,US Dollar,Mid Rate,10.7375,GH¢ per USD,10.7375,GH¢ per USD,ok,
2026-03-03,AUDGHS,Australian Dollar,Buying,7.5398,GH¢ per AUD,7.5398,GH¢ per AUD,ok,
2026-03-03,AUDGHS,Australian Dollar,Selling,7.5479,GH¢ per AUD,7.5479,GH¢ per AUD,ok,
2026-03-03,AUDGHS,Australian Dollar,Mid Rate,7.5439,GH¢ per AUD,7.5439,GH¢ per AUD,ok,
2026-03-03,CADGHS,Canadian Dollar,Buying,7.8559,GH¢ per CAD,7.8559,GH¢ per CAD,ok,
2026-03-03,CADGHS,Canadian Dollar,Selling,7.8630,GH¢ per CAD,7.863,GH¢ per CAD,ok,
2026-03-03,CADGHS,Canadian Dollar,Mid Rate,7.8595,GH¢ per CAD,7.8595,GH¢ per CAD,ok,
2026-03-03,CHFGHS,Swiss Franc,Buying,13.7239,GH¢ per CHF,13.7239,GH¢ per CHF,ok,
2026-03-03,CHFGHS,Swiss Franc,Selling,13.7360,GH¢ per CHF,13.736,GH¢ per CHF,ok,
2026-03-03,CHFGHS,Swiss Franc,Mid Rate,13.7300,GH¢ per CHF,13.73,GH¢ per CHF,ok,
2026-03-03,CNYGHS,Yuan Renminbi,Buying,1.5515,GH¢ per CNY,1.5515,GH¢ per CNY,ok,
2026-03-03,CNYGHS,Yuan Renminbi,Selling,1.5526,GH¢ per CNY,1.5526,GH¢ per CNY,ok,
2026-03-03,CNYGHS,Yuan Renminbi,Mid Rate,1.5521,GH¢ per CNY,1.5521,GH¢ per CNY,ok,
2026-03-03,DKKGHS,Danish Krone,Buying,1.6665,GH¢ per DKK,1.6665,GH¢ per DKK,ok,
2026-03-03,DKKGHS,Danish Krone,Selling,1.6678,GH¢ per DKK,1.6678,GH¢ per DKK,ok,
2026-03-03,DKKGHS,Danish Krone,Mid Rate,1.6672,GH¢ per DKK,1.6672,GH¢ per DKK,ok,
2026-03-03,EURGHS,Euro,Buying,12.4503,GH¢ per EUR,12.4503,GH¢ per EUR,ok,
2026-03-03,EURGHS,Euro,Selling,12.4626,GH¢ per EUR,12.4626,GH¢ per EUR,ok,
2026-03-03,EURGHS,Euro,Mid Rate,12.4565,GH¢ per EUR,12.4565,GH¢ per EUR,ok,
2026-03-03,GBPGHS,Pound Sterling,Buying,14.3016,GH¢ per GBP,14.3016,GH¢ per GBP,ok,
2026-03-03,GBPGHS,Pound Sterling,Selling,14.3170,GH¢ per GBP,14.317,GH¢ per GBP,ok,
2026-03-03,GBPGHS,Pound Sterling,Mid Rate,14.3093,GH¢ per GBP,14.3093,GH¢ per GBP,ok,
2026-03-03,GHSGMD,Dalasi,Buying,6.7404,GMD per GH¢,0.1483591478,GH¢ per GMD,ok,
2026-03-03,GHSGMD,Dalasi,Selling,6.7406,GMD per GH¢,0.1483547459,GH¢ per GMD,ok,
2026-03-03,GHSGMD,Dalasi,Mid Rate,6.7405,GMD per GH¢,0.1483569468,GH¢ per GMD,ok,
2026-03-03,GHSMRO,Ouguiya,Buying,33.2480,MRO per GH¢,0.0300769971,GH¢ per MRO (old ouguiya; 10 MRO = 1 MRU since 2018),ok,
2026-03-03,GHSMRO,Ouguiya,Selling,33.3411,MRO per GH¢,0.0299930116,GH¢ per MRO (old ouguiya; 10 MRO = 1 MRU since 2018),ok,
2026-03-03,GHSMRO,Ouguiya,Mid Rate,33.2946,MRO per GH¢,0.0300349006,GH¢ per MRO (old ouguiya; 10 MRO = 1 MRU since 2018),ok,
2026-03-03,GHSNGN,Naira,Buying,128.8941,NGN per GH¢,0.007758307,GH¢ per NGN,ok,
2026-03-03,GHSNGN,Naira,Selling,129.0803,NGN per GH¢,0.0077471156,GH¢ per NGN,ok,
2026-03-03,GHSNGN,Naira,Mid Rate,128.9872,NGN per GH¢,0.0077527072,GH¢ per NGN,ok,
2026-03-03,GHSSLL,Leone,Buying,"2,220.2561",SLL per GH¢,0.4503984923,"GH¢ per SLE (new leone; 1 SLE = 1,000 old leones)",ok,
2026-03-03,GHSSLL,Leone,Selling,"2,260.5963",SLL per GH¢,0.4423611593,"GH¢ per SLE (new leone; 1 SLE = 1,000 old leones)",ok,
2026-03-03,GHSSLL,Leone,Mid Rate,"2,240.4262",SLL per GH¢,0.4463436466,"GH¢ per SLE (new leone; 1 SLE = 1,000 old leones)",ok,
2026-03-03,GHSXOF,BCEAO,Buying,52.6340,XOF per GH¢,0.018999126,GH¢ per XOF (CFA franc (BCEAO)),ok,
2026-03-03,GHSXOF,BCEAO,Selling,52.6860,XOF per GH¢,0.0189803743,GH¢ per XOF (CFA franc (BCEAO)),ok,
2026-03-03,GHSXOF,BCEAO,Mid Rate,52.6600,XOF per GH¢,0.0189897455,GH¢ per XOF (CFA franc (BCEAO)),ok,
2026-03-03,JPYGHS,Japanese yen,Buying,0.0681,GH¢ per JPY,0.0681,GH¢ per JPY,ok,
2026-03-03,JPYGHS,Japanese yen,Selling,0.0681,GH¢ per JPY,0.0681,GH¢ per JPY,ok,
2026-03-03,JPYGHS,Japanese yen,Mid Rate,0.0681,GH¢ per JPY,0.0681,GH¢ per JPY,ok,
2026-03-03,NOKGHS,Norwegian Krone,Buying,1.1035,GH¢ per NOK,1.1035,GH¢ per NOK,ok,
2026-03-03,NOKGHS,Norwegian Krone,Selling,1.1036,GH¢ per NOK,1.1036,GH¢ per NOK,ok,
2026-03-03,NOKGHS,Norwegian Krone,Mid Rate,1.1036,GH¢ per NOK,1.1036,GH¢ per NOK,ok,
2026-03-03,NZDGHS,New Zealand Dollar,Buying,6.3156,GH¢ per NZD,6.3156,GH¢ per NZD,ok,
2026-03-03,NZDGHS,New Zealand Dollar,Selling,6.3224,GH¢ per NZD,6.3224,GH¢ per NZD,ok,
2026-03-03,NZDGHS,New Zealand Dollar,Mid Rate,6.3190,GH¢ per NZD,6.319,GH¢ per NZD,ok,
2026-03-03,SEKGHS,Swedish Krona,Buying,1.1551,GH¢ per SEK,1.1551,GH¢ per SEK,ok,
2026-03-03,SEKGHS,Swedish Krona,Selling,1.1558,GH¢ per SEK,1.1558,GH¢ per SEK,ok,
2026-03-03,SEKGHS,Swedish Krona,Mid Rate,1.1555,GH¢ per SEK,1.1555,GH¢ per SEK,ok,
2026-03-03,WAUGHS,Ecowas,Buying,0.0148,GH¢ per WAU,0.0148,"GH¢ per WAU (BoG's 'Ecowas' unit, not defined by BoG)",ok,
2026-03-03,WAUGHS,Ecowas,Selling,0.0148,GH¢ per WAU,0.0148,"GH¢ per WAU (BoG's 'Ecowas' unit, not defined by BoG)",ok,
2026-03-03,WAUGHS,Ecowas,Mid Rate,0.0148,GH¢ per WAU,0.0148,"GH¢ per WAU (BoG's 'Ecowas' unit, not defined by BoG)",ok,
2026-03-03,ZARGHS,South African Rand,Buying,0.6492,GH¢ per ZAR,0.6492,GH¢ per ZAR,ok,
2026-03-03,ZARGHS,South African Rand,Selling,0.6494,GH¢ per ZAR,0.6494,GH¢ per ZAR,ok,
2026-03-03,ZARGHS,South African Rand,Mid Rate,0.6493,GH¢ per ZAR,0.6493,GH¢ per ZAR,ok,
2026-03-04,USDGHS,US Dollar,Buying,10.7446,GH¢ per USD,10.7446,GH¢ per USD,ok,
2026-03-04,USDGHS,US Dollar,Selling,10.7554,GH¢ per USD,10.7554,GH¢ per USD,ok,
2026-03-04,USDGHS,US Dollar,Mid Rate,10.7500,GH¢ per USD,10.75,GH¢ per USD,ok,
2026-03-04,AUDGHS,Australian Dollar,Buying,7.5883,GH¢ per AUD,7.5883,GH¢ per AUD,ok,
2026-03-04,AUDGHS,Australian Dollar,Selling,7.5979,GH¢ per AUD,7.5979,GH¢ per AUD,ok,
2026-03-04,AUDGHS,Australian Dollar,Mid Rate,7.5931,GH¢ per AUD,7.5931,GH¢ per AUD,ok,
2026-03-04,CADGHS,Canadian Dollar,Buying,7.8602,GH¢ per CAD,7.8602,GH¢ per CAD,ok,
2026-03-04,CADGHS,Canadian Dollar,Selling,7.8678,GH¢ per CAD,7.8678,GH¢ per CAD,ok,
2026-03-04,CADGHS,Canadian Dollar,Mid Rate,7.8640,GH¢ per CAD,7.864,GH¢ per CAD,ok,
2026-03-04,CHFGHS,Swiss Franc,Buying,13.7689,GH¢ per CHF,13.7689,GH¢ per CHF,ok,
2026-03-04,CHFGHS,Swiss Franc,Selling,13.7810,GH¢ per CHF,13.781,GH¢ per CHF,ok,
2026-03-04,CHFGHS,Swiss Franc,Mid Rate,13.7750,GH¢ per CHF,13.775,GH¢ per CHF,ok,
2026-03-04,CNYGHS,Yuan Renminbi,Buying,1.5582,GH¢ per CNY,1.5582,GH¢ per CNY,ok,
2026-03-04,CNYGHS,Yuan Renminbi,Selling,1.5595,GH¢ per CNY,1.5595,GH¢ per CNY,ok,
2026-03-04,CNYGHS,Yuan Renminbi,Mid Rate,1.5589,GH¢ per CNY,1.5589,GH¢ per CNY,ok,
2026-03-04,DKKGHS,Danish Krone,Buying,1.6727,GH¢ per DKK,1.6727,GH¢ per DKK,ok,
2026-03-04,DKKGHS,Danish Krone,Selling,1.6743,GH¢ per DKK,1.6743,GH¢ per DKK,ok,
2026-03-04,DKKGHS,Danish Krone,Mid Rate,1.6735,GH¢ per DKK,1.6735,GH¢ per DKK,ok,
2026-03-04,EURGHS,Euro,Buying,12.4969,GH¢ per EUR,12.4969,GH¢ per EUR,ok,
2026-03-04,EURGHS,Euro,Selling,12.5092,GH¢ per EUR,12.5092,GH¢ per EUR,ok,
2026-03-04,EURGHS,Euro,Mid Rate,12.5031,GH¢ per EUR,12.5031,GH¢ per EUR,ok,
2026-03-04,GBPGHS,Pound Sterling,Buying,14.3527,GH¢ per GBP,14.3527,GH¢ per GBP,ok,
2026-03-04,GBPGHS,Pound Sterling,Selling,14.3681,GH¢ per GBP,14.3681,GH¢ per GBP,ok,
2026-03-04,GBPGHS,Pound Sterling,Mid Rate,14.3604,GH¢ per GBP,14.3604,GH¢ per GBP,ok,
2026-03-04,GHSGMD,Dalasi,Buying,6.7326,GMD per GH¢,0.1485310281,GH¢ per GMD,ok,
2026-03-04,GHSGMD,Dalasi,Selling,6.7423,GMD per GH¢,0.1483173398,GH¢ per GMD,ok,
2026-03-04,GHSGMD,Dalasi,Mid Rate,6.7375,GMD per GH¢,0.1484230056,GH¢ per GMD,ok,
2026-03-04,GHSMRO,Ouguiya,Buying,33.2093,MRO per GH¢,0.0301120469,GH¢ per MRO (old ouguiya; 10 MRO = 1 MRU since 2018),ok,
2026-03-04,GHSMRO,Ouguiya,Selling,33.3023,MRO per GH¢,0.030027956,GH¢ per MRO (old ouguiya; 10 MRO = 1 MRU since 2018),ok,
2026-03-04,GHSMRO,Ouguiya,Mid Rate,33.2558,MRO per GH¢,0.0300699427,GH¢ per MRO (old ouguiya; 10 MRO = 1 MRU since 2018),ok,
2026-03-04,GHSNGN,Naira,Buying,128.6828,NGN per GH¢,0.0077710463,GH¢ per NGN,ok,
2026-03-04,GHSNGN,Naira,Selling,128.8223,NGN per GH¢,0.0077626312,GH¢ per NGN,ok,
2026-03-04,GHSNGN,Naira,Mid Rate,128.7526,NGN per GH¢,0.0077668334,GH¢ per NGN,ok,
2026-03-04,GHSSLL,Leone,Buying,"2,217.6744",SLL per GH¢,0.4509228226,"GH¢ per SLE (new leone; 1 SLE = 1,000 old leones)",ok,
2026-03-04,GHSSLL,Leone,Selling,"2,258.7860",SLL per GH¢,0.4427156889,"GH¢ per SLE (new leone; 1 SLE = 1,000 old leones)",ok,
2026-03-04,GHSSLL,Leone,Mid Rate,"2,238.2302",SLL per GH¢,0.4467815688,"GH¢ per SLE (new leone; 1 SLE = 1,000 old leones)",ok,
2026-03-04,GHSXOF,BCEAO,Buying,52.4380,XOF per GH¢,0.01907014,GH¢ per XOF (CFA franc (BCEAO)),ok,
2026-03-04,GHSXOF,BCEAO,Selling,52.4896,XOF per GH¢,0.019051393,GH¢ per XOF (CFA franc (BCEAO)),ok,
2026-03-04,GHSXOF,BCEAO,Mid Rate,52.4638,XOF per GH¢,0.0190607619,GH¢ per XOF (CFA franc (BCEAO)),ok,
2026-03-04,JPYGHS,Japanese yen,Buying,0.0684,GH¢ per JPY,0.0684,GH¢ per JPY,ok,
2026-03-04,JPYGHS,Japanese yen,Selling,0.0685,GH¢ per JPY,0.0685,GH¢ per JPY,ok,
2026-03-04,JPYGHS,Japanese yen,Mid Rate,0.0685,GH¢ per JPY,0.0685,GH¢ per JPY,ok,
2026-03-04,NOKGHS,Norwegian Krone,Buying,1.1140,GH¢ per NOK,1.114,GH¢ per NOK,ok,
2026-03-04,NOKGHS,Norwegian Krone,Selling,1.1148,GH¢ per NOK,1.1148,GH¢ per NOK,ok,
2026-03-04,NOKGHS,Norwegian Krone,Mid Rate,1.1144,GH¢ per NOK,1.1144,GH¢ per NOK,ok,
2026-03-04,NZDGHS,New Zealand Dollar,Buying,6.3654,GH¢ per NZD,6.3654,GH¢ per NZD,ok,
2026-03-04,NZDGHS,New Zealand Dollar,Selling,6.3737,GH¢ per NZD,6.3737,GH¢ per NZD,ok,
2026-03-04,NZDGHS,New Zealand Dollar,Mid Rate,6.3696,GH¢ per NZD,6.3696,GH¢ per NZD,ok,
2026-03-04,SEKGHS,Swedish Krona,Buying,1.1720,GH¢ per SEK,1.172,GH¢ per SEK,ok,
2026-03-04,SEKGHS,Swedish Krona,Selling,1.1729,GH¢ per SEK,1.1729,GH¢ per SEK,ok,
2026-03-04,SEKGHS,Swedish Krona,Mid Rate,1.1725,GH¢ per SEK,1.1725,GH¢ per SEK,ok,
2026-03-04,WAUGHS,Ecowas,Buying,0.0148,GH¢ per WAU,0.0148,"GH¢ per WAU (BoG's 'Ecowas' unit, not defined by BoG)",ok,
2026-03-04,WAUGHS,Ecowas,Selling,0.0148,GH¢ per WAU,0.0148,"GH¢ per WAU (BoG's 'Ecowas' unit, not defined by BoG)",ok,
2026-03-04,WAUGHS,Ecowas,Mid Rate,0.0148,GH¢ per WAU,0.0148,"GH¢ per WAU (BoG's 'Ecowas' unit, not defined by BoG)",ok,
2026-03-04,ZARGHS,South African Rand,Buying,0.6568,GH¢ per ZAR,0.6568,GH¢ per ZAR,ok,
2026-03-04,ZARGHS,South African Rand,Selling,0.6570,GH¢ per ZAR,0.657,GH¢ per ZAR,ok,
2026-03-04,ZARGHS,South African Rand,Mid Rate,0.6569,GH¢ per ZAR,0.6569,GH¢ per ZAR,ok,
2026-03-05,USDGHS,US Dollar,Buying,10.7646,GH¢ per USD,10.7646,GH¢ per USD,ok,
2026-03-05,USDGHS,US Dollar,Selling,10.7754,GH¢ per USD,10.7754,GH¢ per USD,ok,
2026-03-05,USDGHS,US Dollar,Mid Rate,10.7700,GH¢ per USD,10.77,GH¢ per USD,ok,
2026-03-05,AUDGHS,Australian Dollar,Buying,7.5786,GH¢ per AUD,7.5786,GH¢ per AUD,ok,
2026-03-05,AUDGHS,Australian Dollar,Selling,7.5867,GH¢ per AUD,7.5867,GH¢ per AUD,ok,
2026-03-05,AUDGHS,Australian Dollar,Mid Rate,7.5827,GH¢ per AUD,7.5827,GH¢ per AUD,ok,
2026-03-05,CADGHS,Canadian Dollar,Buying,7.8937,GH¢ per CAD,7.8937,GH¢ per CAD,ok,
2026-03-05,CADGHS,Canadian Dollar,Selling,7.9013,GH¢ per CAD,7.9013,GH¢ per CAD,ok,
2026-03-05,CADGHS,Canadian Dollar,Mid Rate,7.8975,GH¢ per CAD,7.8975,GH¢ per CAD,ok,
2026-03-05,CHFGHS,Swiss Franc,Buying,13.7971,GH¢ per CHF,13.7971,GH¢ per CHF,ok,
2026-03-05,CHFGHS,Swiss Franc,Selling,13.8093,GH¢ per CHF,13.8093,GH¢ per CHF,ok,
2026-03-05,CHFGHS,Swiss Franc,Mid Rate,13.8032,GH¢ per CHF,13.8032,GH¢ per CHF,ok,
2026-03-05,CNYGHS,Yuan Renminbi,Buying,1.5591,GH¢ per CNY,1.5591,GH¢ per CNY,ok,
2026-03-05,CNYGHS,Yuan Renminbi,Selling,1.5601,GH¢ per CNY,1.5601,GH¢ per CNY,ok,
2026-03-05,CNYGHS,Yuan Renminbi,Mid Rate,1.5596,GH¢ per CNY,1.5596,GH¢ per CNY,ok,
2026-03-05,DKKGHS,Danish Krone,Buying,1.6723,GH¢ per DKK,1.6723,GH¢ per DKK,ok,
2026-03-05,DKKGHS,Danish Krone,Selling,1.6736,GH¢ per DKK,1.6736,GH¢ per DKK,ok,
2026-03-05,DKKGHS,Danish Krone,Mid Rate,1.6730,GH¢ per DKK,1.673,GH¢ per DKK,ok,
2026-03-05,EURGHS,Euro,Buying,12.4943,GH¢ per EUR,12.4943,GH¢ per EUR,ok,
2026-03-05,EURGHS,Euro,Selling,12.5056,GH¢ per EUR,12.5056,GH¢ per EUR,ok,
2026-03-05,EURGHS,Euro,Mid Rate,12.5000,GH¢ per EUR,12.5,GH¢ per EUR,ok,
2026-03-05,GBPGHS,Pound Sterling,Buying,14.3697,GH¢ per GBP,14.3697,GH¢ per GBP,ok,
2026-03-05,GBPGHS,Pound Sterling,Selling,14.3851,GH¢ per GBP,14.3851,GH¢ per GBP,ok,
2026-03-05,GBPGHS,Pound Sterling,Mid Rate,14.3774,GH¢ per GBP,14.3774,GH¢ per GBP,ok,
2026-03-05,GHSGMD,Dalasi,Buying,6.7201,GMD per GH¢,0.1488073094,GH¢ per GMD,ok,
2026-03-05,GHSGMD,Dalasi,Selling,6.7203,GMD per GH¢,0.1488028808,GH¢ per GMD,ok,
2026-03-05,GHSGMD,Dalasi,Mid Rate,6.7202,GMD per GH¢,0.1488050951,GH¢ per GMD,ok,
2026-03-05,GHSMRO,Ouguiya,Buying,33.1476,MRO per GH¢,0.0301680966,GH¢ per MRO (old ouguiya; 10 MRO = 1 MRU since 2018),ok,
2026-03-05,GHSMRO,Ouguiya,Selling,33.2405,MRO per GH¢,0.0300837833,GH¢ per MRO (old ouguiya; 10 MRO = 1 MRU since 2018),ok,
2026-03-05,GHSMRO,Ouguiya,Mid Rate,33.1941,MRO per GH¢,0.0301258356,GH¢ per MRO (old ouguiya; 10 MRO = 1 MRU since 2018),ok,
2026-03-05,GHSNGN,Naira,Buying,128.7317,NGN per GH¢,0.0077680944,GH¢ per NGN,ok,
2026-03-05,GHSNGN,Naira,Selling,128.8561,NGN per GH¢,0.007760595,GH¢ per NGN,ok,
2026-03-05,GHSNGN,Naira,Mid Rate,128.7939,NGN per GH¢,0.0077643429,GH¢ per NGN,ok,
2026-03-05,GHSSLL,Leone,Buying,"2,213.5562",SLL per GH¢,0.4517617398,"GH¢ per SLE (new leone; 1 SLE = 1,000 old leones)",ok,
2026-03-05,GHSSLL,Leone,Selling,"2,250.9089",SLL per GH¢,0.4442649811,"GH¢ per SLE (new leone; 1 SLE = 1,000 old leones)",ok,
2026-03-05,GHSSLL,Leone,Mid Rate,"2,232.2326",SLL per GH¢,0.447981989,"GH¢ per SLE (new leone; 1 SLE = 1,000 old leones)",ok,
2026-03-05,GHSXOF,BCEAO,Buying,52.4531,XOF per GH¢,0.0190646501,GH¢ per XOF (CFA franc (BCEAO)),ok,
2026-03-05,GHSXOF,BCEAO,Selling,52.5005,XOF per GH¢,0.0190474376,GH¢ per XOF (CFA franc (BCEAO)),ok,
2026-03-05,GHSXOF,BCEAO,Mid Rate,52.4768,XOF per GH¢,0.01905604,GH¢ per XOF (CFA franc (BCEAO)),ok,
2026-03-05,JPYGHS,Japanese yen,Buying,0.0684,GH¢ per JPY,0.0684,GH¢ per JPY,ok,
2026-03-05,JPYGHS,Japanese yen,Selling,0.0684,GH¢ per JPY,0.0684,GH¢ per JPY,ok,
2026-03-05,JPYGHS,Japanese yen,Mid Rate,0.0684,GH¢ per JPY,0.0684,GH¢ per JPY,ok,
2026-03-05,NOKGHS,Norwegian Krone,Buying,1.1160,GH¢ per NOK,1.116,GH¢ per NOK,ok,
2026-03-05,NOKGHS,Norwegian Krone,Selling,1.1167,GH¢ per NOK,1.1167,GH¢ per NOK,ok,
2026-03-05,NOKGHS,Norwegian Krone,Mid Rate,1.1164,GH¢ per NOK,1.1164,GH¢ per NOK,ok,
2026-03-05,NZDGHS,New Zealand Dollar,Buying,6.3643,GH¢ per NZD,6.3643,GH¢ per NZD,ok,
2026-03-05,NZDGHS,New Zealand Dollar,Selling,6.3726,GH¢ per NZD,6.3726,GH¢ per NZD,ok,
2026-03-05,NZDGHS,New Zealand Dollar,Mid Rate,6.3685,GH¢ per NZD,6.3685,GH¢ per NZD,ok,
2026-03-05,SEKGHS,Swedish Krona,Buying,1.1685,GH¢ per SEK,1.1685,GH¢ per SEK,ok,
2026-03-05,SEKGHS,Swedish Krona,Selling,1.1694,GH¢ per SEK,1.1694,GH¢ per SEK,ok,
2026-03-05,SEKGHS,Swedish Krona,Mid Rate,1.1690,GH¢ per SEK,1.169,GH¢ per SEK,ok,
2026-03-05,WAUGHS,Ecowas,Buying,0.0147,GH¢ per WAU,0.0147,"GH¢ per WAU (BoG's 'Ecowas' unit, not defined by BoG)",ok,
2026-03-05,WAUGHS,Ecowas,Selling,0.0147,GH¢ per WAU,0.0147,"GH¢ per WAU (BoG's 'Ecowas' unit, not defined by BoG)",ok,
2026-03-05,WAUGHS,Ecowas,Mid Rate,0.0147,GH¢ per WAU,0.0147,"GH¢ per WAU (BoG's 'Ecowas' unit, not defined by BoG)",ok,
2026-03-05,ZARGHS,South African Rand,Buying,0.6515,GH¢ per ZAR,0.6515,GH¢ per ZAR,ok,
2026-03-05,ZARGHS,South African Rand,Selling,0.6518,GH¢ per ZAR,0.6518,GH¢ per ZAR,ok,
2026-03-05,ZARGHS,South African Rand,Mid Rate,0.6517,GH¢ per ZAR,0.6517,GH¢ per ZAR,ok,
2026-03-09,USDGHS,US Dollar,Buying,10.7746,GH¢ per USD,10.7746,GH¢ per USD,ok,
2026-03-09,USDGHS,US Dollar,Selling,10.7854,GH¢ per USD,10.7854,GH¢ per USD,ok,
2026-03-09,USDGHS,US Dollar,Mid Rate,10.7800,GH¢ per USD,10.78,GH¢ per USD,ok,
2026-03-09,AUDGHS,Australian Dollar,Buying,7.5979,GH¢ per AUD,7.5979,GH¢ per AUD,ok,
2026-03-09,AUDGHS,Australian Dollar,Selling,7.6061,GH¢ per AUD,7.6061,GH¢ per AUD,ok,
2026-03-09,AUDGHS,Australian Dollar,Mid Rate,7.6020,GH¢ per AUD,7.602,GH¢ per AUD,ok,
2026-03-09,CADGHS,Canadian Dollar,Buying,7.9419,GH¢ per CAD,7.9419,GH¢ per CAD,ok,
2026-03-09,CADGHS,Canadian Dollar,Selling,7.9496,GH¢ per CAD,7.9496,GH¢ per CAD,ok,
2026-03-09,CADGHS,Canadian Dollar,Mid Rate,7.9458,GH¢ per CAD,7.9458,GH¢ per CAD,ok,
2026-03-09,CHFGHS,Swiss Franc,Buying,13.8333,GH¢ per CHF,13.8333,GH¢ per CHF,ok,
2026-03-09,CHFGHS,Swiss Franc,Selling,13.8455,GH¢ per CHF,13.8455,GH¢ per CHF,ok,
2026-03-09,CHFGHS,Swiss Franc,Mid Rate,13.8394,GH¢ per CHF,13.8394,GH¢ per CHF,ok,
2026-03-09,CNYGHS,Yuan Renminbi,Buying,1.5604,GH¢ per CNY,1.5604,GH¢ per CNY,ok,
2026-03-09,CNYGHS,Yuan Renminbi,Selling,1.5615,GH¢ per CNY,1.5615,GH¢ per CNY,ok,
2026-03-09,CNYGHS,Yuan Renminbi,Mid Rate,1.5610,GH¢ per CNY,1.561,GH¢ per CNY,ok,
2026-03-09,DKKGHS,Danish Krone,Buying,1.6718,GH¢ per DKK,1.6718,GH¢ per DKK,ok,
2026-03-09,DKKGHS,Danish Krone,Selling,1.6733,GH¢ per DKK,1.6733,GH¢ per DKK,ok,
2026-03-09,DKKGHS,Danish Krone,Mid Rate,1.6726,GH¢ per DKK,1.6726,GH¢ per DKK,ok,
2026-03-09,EURGHS,Euro,Buying,12.4891,GH¢ per EUR,12.4891,GH¢ per EUR,ok,
2026-03-09,EURGHS,Euro,Selling,12.5015,GH¢ per EUR,12.5015,GH¢ per EUR,ok,
2026-03-09,EURGHS,Euro,Mid Rate,12.4953,GH¢ per EUR,12.4953,GH¢ per EUR,ok,
2026-03-09,GBPGHS,Pound Sterling,Buying,14.4337,GH¢ per GBP,14.4337,GH¢ per GBP,ok,
2026-03-09,GBPGHS,Pound Sterling,Selling,14.4492,GH¢ per GBP,14.4492,GH¢ per GBP,ok,
2026-03-09,GBPGHS,Pound Sterling,Mid Rate,14.4415,GH¢ per GBP,14.4415,GH¢ per GBP,ok,
2026-03-09,GHSGMD,Dalasi,Buying,6.7138,GMD per GH¢,0.1489469451,GH¢ per GMD,ok,
2026-03-09,GHSGMD,Dalasi,Selling,6.7142,GMD per GH¢,0.1489380715,GH¢ per GMD,ok,
2026-03-09,GHSGMD,Dalasi,Mid Rate,6.7140,GMD per GH¢,0.1489425082,GH¢ per GMD,ok,
2026-03-09,GHSMRO,Ouguiya,Buying,33.1169,MRO per GH¢,0.030196063,GH¢ per MRO (old ouguiya; 10 MRO = 1 MRU since 2018),ok,
2026-03-09,GHSMRO,Ouguiya,Selling,33.2096,MRO per GH¢,0.0301117749,GH¢ per MRO (old ouguiya; 10 MRO = 1 MRU since 2018),ok,
2026-03-09,GHSMRO,Ouguiya,Mid Rate,33.1633,MRO per GH¢,0.0301538146,GH¢ per MRO (old ouguiya; 10 MRO = 1 MRU since 2018),ok,
2026-03-09,GHSNGN,Naira,Buying,130.5427,NGN per GH¢,0.0076603288,GH¢ per NGN,ok,
2026-03-09,GHSNGN,Naira,Selling,130.6512,NGN per GH¢,0.0076539672,GH¢ per NGN,ok,
2026-03-09,GHSNGN,Naira,Mid Rate,130.5970,NGN per GH¢,0.0076571437,GH¢ per NGN,ok,
2026-03-09,GHSSLL,Leone,Buying,"2,211.5028",SLL per GH¢,0.4521812046,"GH¢ per SLE (new leone; 1 SLE = 1,000 old leones)",ok,
2026-03-09,GHSSLL,Leone,Selling,"2,303.4232",SLL per GH¢,0.4341364626,"GH¢ per SLE (new leone; 1 SLE = 1,000 old leones)",ok,
2026-03-09,GHSSLL,Leone,Mid Rate,"2,257.4630",SLL per GH¢,0.4429751451,"GH¢ per SLE (new leone; 1 SLE = 1,000 old leones)",ok,
2026-03-09,GHSXOF,BCEAO,Buying,52.4703,XOF per GH¢,0.0190584007,GH¢ per XOF (CFA franc (BCEAO)),ok,
2026-03-09,GHSXOF,BCEAO,Selling,52.5224,XOF per GH¢,0.0190394955,GH¢ per XOF (CFA franc (BCEAO)),ok,
2026-03-09,GHSXOF,BCEAO,Mid Rate,52.4964,XOF per GH¢,0.0190489253,GH¢ per XOF (CFA franc (BCEAO)),ok,
2026-03-09,JPYGHS,Japanese yen,Buying,0.0681,GH¢ per JPY,0.0681,GH¢ per JPY,ok,
2026-03-09,JPYGHS,Japanese yen,Selling,0.0682,GH¢ per JPY,0.0682,GH¢ per JPY,ok,
2026-03-09,JPYGHS,Japanese yen,Mid Rate,0.0682,GH¢ per JPY,0.0682,GH¢ per JPY,ok,
2026-03-09,NOKGHS,Norwegian Krone,Buying,1.1199,GH¢ per NOK,1.1199,GH¢ per NOK,ok,
2026-03-09,NOKGHS,Norwegian Krone,Selling,1.1206,GH¢ per NOK,1.1206,GH¢ per NOK,ok,
2026-03-09,NOKGHS,Norwegian Krone,Mid Rate,1.1203,GH¢ per NOK,1.1203,GH¢ per NOK,ok,
2026-03-09,NZDGHS,New Zealand Dollar,Buying,6.3797,GH¢ per NZD,6.3797,GH¢ per NZD,ok,
2026-03-09,NZDGHS,New Zealand Dollar,Selling,6.3880,GH¢ per NZD,6.388,GH¢ per NZD,ok,
2026-03-09,NZDGHS,New Zealand Dollar,Mid Rate,6.3839,GH¢ per NZD,6.3839,GH¢ per NZD,ok,
2026-03-09,SEKGHS,Swedish Krona,Buying,1.1718,GH¢ per SEK,1.1718,GH¢ per SEK,ok,
2026-03-09,SEKGHS,Swedish Krona,Selling,1.1727,GH¢ per SEK,1.1727,GH¢ per SEK,ok,
2026-03-09,SEKGHS,Swedish Krona,Mid Rate,1.1723,GH¢ per SEK,1.1723,GH¢ per SEK,ok,
2026-03-09,WAUGHS,Ecowas,Buying,0.0147,GH¢ per WAU,0.0147,"GH¢ per WAU (BoG's 'Ecowas' unit, not defined by BoG)",ok,
2026-03-09,WAUGHS,Ecowas,Selling,0.0147,GH¢ per WAU,0.0147,"GH¢ per WAU (BoG's 'Ecowas' unit, not defined by BoG)",ok,
2026-03-09,WAUGHS,Ecowas,Mid Rate,0.0147,GH¢ per WAU,0.0147,"GH¢ per WAU (BoG's 'Ecowas' unit, not defined by BoG)",ok,
2026-03-09,ZARGHS,South African Rand,Buying,0.6528,GH¢ per ZAR,0.6528,GH¢ per ZAR,ok,
2026-03-09,ZARGHS,South African Rand,Selling,0.6530,GH¢ per ZAR,0.653,GH¢ per ZAR,ok,
2026-03-09,ZARGHS,South African Rand,Mid Rate,0.6529,GH¢ per ZAR,0.6529,GH¢ per ZAR,ok,
2026-03-10,USDGHS,US Dollar,Buying,10.7946,GH¢ per USD,10.7946,GH¢ per USD,ok,
2026-03-10,USDGHS,US Dollar,Selling,10.8054,GH¢ per USD,10.8054,GH¢ per USD,ok,
2026-03-10,USDGHS,US Dollar,Mid Rate,10.8000,GH¢ per USD,10.8,GH¢ per USD,ok,
2026-03-10,AUDGHS,Australian Dollar,Buying,7.7071,GH¢ per AUD,7.7071,GH¢ per AUD,ok,
2026-03-10,AUDGHS,Australian Dollar,Selling,7.7169,GH¢ per AUD,7.7169,GH¢ per AUD,ok,
2026-03-10,AUDGHS,Australian Dollar,Mid Rate,7.7120,GH¢ per AUD,7.712,GH¢ per AUD,ok,
2026-03-10,CADGHS,Canadian Dollar,Buying,7.9543,GH¢ per CAD,7.9543,GH¢ per CAD,ok,
2026-03-10,CADGHS,Canadian Dollar,Selling,7.9620,GH¢ per CAD,7.962,GH¢ per CAD,ok,
2026-03-10,CADGHS,Canadian Dollar,Mid Rate,7.9582,GH¢ per CAD,7.9582,GH¢ per CAD,ok,
2026-03-10,CHFGHS,Swiss Franc,Buying,13.9132,GH¢ per CHF,13.9132,GH¢ per CHF,ok,
2026-03-10,CHFGHS,Swiss Franc,Selling,13.9268,GH¢ per CHF,13.9268,GH¢ per CHF,ok,
2026-03-10,CHFGHS,Swiss Franc,Mid Rate,13.9200,GH¢ per CHF,13.92,GH¢ per CHF,ok,
2026-03-10,CNYGHS,Yuan Renminbi,Buying,1.5729,GH¢ per CNY,1.5729,GH¢ per CNY,ok,
2026-03-10,CNYGHS,Yuan Renminbi,Selling,1.5733,GH¢ per CNY,1.5733,GH¢ per CNY,ok,
2026-03-10,CNYGHS,Yuan Renminbi,Mid Rate,1.5731,GH¢ per CNY,1.5731,GH¢ per CNY,ok,
2026-03-10,DKKGHS,Danish Krone,Buying,1.6821,GH¢ per DKK,1.6821,GH¢ per DKK,ok,
2026-03-10,DKKGHS,Danish Krone,Selling,1.6836,GH¢ per DKK,1.6836,GH¢ per DKK,ok,
2026-03-10,DKKGHS,Danish Krone,Mid Rate,1.6829,GH¢ per DKK,1.6829,GH¢ per DKK,ok,
2026-03-10,EURGHS,Euro,Buying,12.5669,GH¢ per EUR,12.5669,GH¢ per EUR,ok,
2026-03-10,EURGHS,Euro,Selling,12.5793,GH¢ per EUR,12.5793,GH¢ per EUR,ok,
2026-03-10,EURGHS,Euro,Mid Rate,12.5731,GH¢ per EUR,12.5731,GH¢ per EUR,ok,
2026-03-10,GBPGHS,Pound Sterling,Buying,14.5198,GH¢ per GBP,14.5198,GH¢ per GBP,ok,
2026-03-10,GBPGHS,Pound Sterling,Selling,14.5354,GH¢ per GBP,14.5354,GH¢ per GBP,ok,
2026-03-10,GBPGHS,Pound Sterling,Mid Rate,14.5276,GH¢ per GBP,14.5276,GH¢ per GBP,ok,
2026-03-10,GHSGMD,Dalasi,Buying,6.7014,GMD per GH¢,0.1492225505,GH¢ per GMD,ok,
2026-03-10,GHSGMD,Dalasi,Selling,6.7018,GMD per GH¢,0.1492136441,GH¢ per GMD,ok,
2026-03-10,GHSGMD,Dalasi,Mid Rate,6.7016,GMD per GH¢,0.1492180972,GH¢ per GMD,ok,
2026-03-10,GHSMRO,Ouguiya,Buying,33.0556,MRO per GH¢,0.0302520602,GH¢ per MRO (old ouguiya; 10 MRO = 1 MRU since 2018),ok,
2026-03-10,GHSMRO,Ouguiya,Selling,33.1481,MRO per GH¢,0.0301676416,GH¢ per MRO (old ouguiya; 10 MRO = 1 MRU since 2018),ok,
2026-03-10,GHSMRO,Ouguiya,Mid Rate,33.1019,MRO per GH¢,0.0302097463,GH¢ per MRO (old ouguiya; 10 MRO = 1 MRU since 2018),ok,
2026-03-10,GHSNGN,Naira,Buying,129.1407,NGN per GH¢,0.0077434922,GH¢ per NGN,ok,
2026-03-10,GHSNGN,Naira,Selling,129.6731,NGN per GH¢,0.0077116997,GH¢ per NGN,ok,
2026-03-10,GHSNGN,Naira,Mid Rate,129.4069,NGN per GH¢,0.0077275632,GH¢ per NGN,ok,
2026-03-10,GHSSLL,Leone,Buying,"2,207.4074",SLL per GH¢,0.4530201357,"GH¢ per SLE (new leone; 1 SLE = 1,000 old leones)",ok,
2026-03-10,GHSSLL,Leone,Selling,"2,253.2823",SLL per GH¢,0.4437970333,"GH¢ per SLE (new leone; 1 SLE = 1,000 old leones)",ok,
2026-03-10,GHSSLL,Leone,Mid Rate,"2,230.3449",SLL per GH¢,0.4483611481,"GH¢ per SLE (new leone; 1 SLE = 1,000 old leones)",ok,
2026-03-10,GHSXOF,BCEAO,Buying,52.1457,XOF per GH¢,0.0191770366,GH¢ per XOF (CFA franc (BCEAO)),ok,
2026-03-10,GHSXOF,BCEAO,Selling,52.1972,XOF per GH¢,0.0191581158,GH¢ per XOF (CFA franc (BCEAO)),ok,
2026-03-10,GHSXOF,BCEAO,Mid Rate,52.1715,XOF per GH¢,0.0191675532,GH¢ per XOF (CFA franc (BCEAO)),ok,
2026-03-10,JPYGHS,Japanese yen,Buying,0.0685,GH¢ per JPY,0.0685,GH¢ per JPY,ok,
2026-03-10,JPYGHS,Japanese yen,Selling,0.0685,GH¢ per JPY,0.0685,GH¢ per JPY,ok,
2026-03-10,JPYGHS,Japanese yen,Mid Rate,0.0685,GH¢ per JPY,0.0685,GH¢ per JPY,ok,
2026-03-10,NOKGHS,Norwegian Krone,Buying,1.1238,GH¢ per NOK,1.1238,GH¢ per NOK,ok,
2026-03-10,NOKGHS,Norwegian Krone,Selling,1.1245,GH¢ per NOK,1.1245,GH¢ per NOK,ok,
2026-03-10,NOKGHS,Norwegian Krone,Mid Rate,1.1242,GH¢ per NOK,1.1242,GH¢ per NOK,ok,
2026-03-10,NZDGHS,New Zealand Dollar,Buying,6.4207,GH¢ per NZD,6.4207,GH¢ per NZD,ok,
2026-03-10,NZDGHS,New Zealand Dollar,Selling,6.4290,GH¢ per NZD,6.429,GH¢ per NZD,ok,
2026-03-10,NZDGHS,New Zealand Dollar,Mid Rate,6.4249,GH¢ per NZD,6.4249,GH¢ per NZD,ok,
2026-03-10,SEKGHS,Swedish Krona,Buying,1.1808,GH¢ per SEK,1.1808,GH¢ per SEK,ok,
2026-03-10,SEKGHS,Swedish Krona,Selling,1.1817,GH¢ per SEK,1.1817,GH¢ per SEK,ok,
2026-03-10,SEKGHS,Swedish Krona,Mid Rate,1.1813,GH¢ per SEK,1.1813,GH¢ per SEK,ok,
2026-03-10,WAUGHS,Ecowas,Buying,0.0146,GH¢ per WAU,0.0146,"GH¢ per WAU (BoG's 'Ecowas' unit, not defined by BoG)",ok,
2026-03-10,WAUGHS,Ecowas,Selling,0.0146,GH¢ per WAU,0.0146,"GH¢ per WAU (BoG's 'Ecowas' unit, not defined by BoG)",ok,
2026-03-10,WAUGHS,Ecowas,Mid Rate,0.0146,GH¢ per WAU,0.0146,"GH¢ per WAU (BoG's 'Ecowas' unit, not defined by BoG)",ok,
2026-03-10,ZARGHS,South African Rand,Buying,0.6666,GH¢ per ZAR,0.6666,GH¢ per ZAR,ok,
2026-03-10,ZARGHS,South African Rand,Selling,0.6668,GH¢ per ZAR,0.6668,GH¢ per ZAR,ok,
2026-03-10,ZARGHS,South African Rand,Mid Rate,0.6667,GH¢ per ZAR,0.6667,GH¢ per ZAR,ok,
2026-03-11,USDGHS,US Dollar,Buying,10.8146,GH¢ per USD,10.8146,GH¢ per USD,ok,
2026-03-11,USDGHS,US Dollar,Selling,10.8254,GH¢ per USD,10.8254,GH¢ per USD,ok,
2026-03-11,USDGHS,US Dollar,Mid Rate,10.8200,GH¢ per USD,10.82,GH¢ per USD,ok,
2026-03-11,AUDGHS,Australian Dollar,Buying,7.7385,GH¢ per AUD,7.7385,GH¢ per AUD,ok,
2026-03-11,AUDGHS,Australian Dollar,Selling,7.7468,GH¢ per AUD,7.7468,GH¢ per AUD,ok,
2026-03-11,AUDGHS,Australian Dollar,Mid Rate,7.7427,GH¢ per AUD,7.7427,GH¢ per AUD,ok,
2026-03-11,CADGHS,Canadian Dollar,Buying,7.9574,GH¢ per CAD,7.9574,GH¢ per CAD,ok,
2026-03-11,CADGHS,Canadian Dollar,Selling,7.9651,GH¢ per CAD,7.9651,GH¢ per CAD,ok,
2026-03-11,CADGHS,Canadian Dollar,Mid Rate,7.9613,GH¢ per CAD,7.9613,GH¢ per CAD,ok,
2026-03-11,CHFGHS,Swiss Franc,Buying,13.8686,GH¢ per CHF,13.8686,GH¢ per CHF,ok,
2026-03-11,CHFGHS,Swiss Franc,Selling,13.8808,GH¢ per CHF,13.8808,GH¢ per CHF,ok,
2026-03-11,CHFGHS,Swiss Franc,Mid Rate,13.8747,GH¢ per CHF,13.8747,GH¢ per CHF,ok,
2026-03-11,CNYGHS,Yuan Renminbi,Buying,1.5745,GH¢ per CNY,1.5745,GH¢ per CNY,ok,
2026-03-11,CNYGHS,Yuan Renminbi,Selling,1.5751,GH¢ per CNY,1.5751,GH¢ per CNY,ok,
2026-03-11,CNYGHS,Yuan Renminbi,Mid Rate,1.5748,GH¢ per CNY,1.5748,GH¢ per CNY,ok,
2026-03-11,DKKGHS,Danish Krone,Buying,1.6749,GH¢ per DKK,1.6749,GH¢ per DKK,ok,
2026-03-11,DKKGHS,Danish Krone,Selling,1.6764,GH¢ per DKK,1.6764,GH¢ per DKK,ok,
2026-03-11,DKKGHS,Danish Krone,Mid Rate,1.6757,GH¢ per DKK,1.6757,GH¢ per DKK,ok,
2026-03-11,EURGHS,Euro,Buying,12.5150,GH¢ per EUR,12.515,GH¢ per EUR,ok,
2026-03-11,EURGHS,Euro,Selling,12.5263,GH¢ per EUR,12.5263,GH¢ per EUR,ok,
2026-03-11,EURGHS,Euro,Mid Rate,12.5207,GH¢ per EUR,12.5207,GH¢ per EUR,ok,
2026-03-11,GBPGHS,Pound Sterling,Buying,14.5024,GH¢ per GBP,14.5024,GH¢ per GBP,ok,
2026-03-11,GBPGHS,Pound Sterling,Selling,14.5180,GH¢ per GBP,14.518,GH¢ per GBP,ok,
2026-03-11,GBPGHS,Pound Sterling,Mid Rate,14.5102,GH¢ per GBP,14.5102,GH¢ per GBP,ok,
2026-03-11,GHSGMD,Dalasi,Buying,6.6913,GMD per GH¢,0.1494477904,GH¢ per GMD,ok,
2026-03-11,GHSGMD,Dalasi,Selling,6.7935,GMD per GH¢,0.147199529,GH¢ per GMD,ok,
2026-03-11,GHSGMD,Dalasi,Mid Rate,6.7424,GMD per GH¢,0.14831514,GH¢ per GMD,ok,
2026-03-11,GHSMRO,Ouguiya,Buying,32.9945,MRO per GH¢,0.0303080816,GH¢ per MRO (old ouguiya; 10 MRO = 1 MRU since 2018),ok,
2026-03-11,GHSMRO,Ouguiya,Selling,33.0869,MRO per GH¢,0.0302234419,GH¢ per MRO (old ouguiya; 10 MRO = 1 MRU since 2018),ok,
2026-03-11,GHSMRO,Ouguiya,Mid Rate,33.0407,MRO per GH¢,0.0302657026,GH¢ per MRO (old ouguiya; 10 MRO = 1 MRU since 2018),ok,
2026-03-11,GHSNGN,Naira,Buying,127.9261,NGN per GH¢,0.0078170131,GH¢ per NGN,ok,
2026-03-11,GHSNGN,Naira,Selling,128.0194,NGN per GH¢,0.0078113161,GH¢ per NGN,ok,
2026-03-11,GHSNGN,Naira,Mid Rate,127.9728,NGN per GH¢,0.0078141605,GH¢ per NGN,ok,
2026-03-11,GHSSLL,Leone,Buying,"2,180.4529",SLL per GH¢,0.4586203169,"GH¢ per SLE (new leone; 1 SLE = 1,000 old leones)",ok,
2026-03-11,GHSSLL,Leone,Selling,"2,268.4879",SLL per GH¢,0.4408222764,"GH¢ per SLE (new leone; 1 SLE = 1,000 old leones)",ok,
2026-03-11,GHSSLL,Leone,Mid Rate,"2,224.4704",SLL per GH¢,0.4495452041,"GH¢ per SLE (new leone; 1 SLE = 1,000 old leones)",ok,
2026-03-11,GHSXOF,BCEAO,Buying,52.3664,XOF per GH¢,0.0190962144,GH¢ per XOF (CFA franc (BCEAO)),ok,
2026-03-11,GHSXOF,BCEAO,Selling,52.4137,XOF per GH¢,0.0190789813,GH¢ per XOF (CFA franc (BCEAO)),ok,
2026-03-11,GHSXOF,BCEAO,Mid Rate,52.3901,XOF per GH¢,0.0190875757,GH¢ per XOF (CFA franc (BCEAO)),ok,
2026-03-11,JPYGHS,Japanese yen,Buying,0.0681,GH¢ per JPY,0.0681,GH¢ per JPY,ok,
2026-03-11,JPYGHS,Japanese yen,Selling,0.0682,GH¢ per JPY,0.0682,GH¢ per JPY,ok,
2026-03-11,JPYGHS,Japanese yen,Mid Rate,0.0682,GH¢ per JPY,0.0682,GH¢ per JPY,ok,
2026-03-11,NOKGHS,Norwegian Krone,Buying,1.1222,GH¢ per NOK,1.1222,GH¢ per NOK,ok,
2026-03-11,NOKGHS,Norwegian Krone,Selling,1.1230,GH¢ per NOK,1.123,GH¢ per NOK,ok,
2026-03-11,NOKGHS,Norwegian Krone,Mid Rate,1.1226,GH¢ per NOK,1.1226,GH¢ per NOK,ok,
2026-03-11,NZDGHS,New Zealand Dollar,Buying,6.3970,GH¢ per NZD,6.397,GH¢ per NZD,ok,
2026-03-11,NZDGHS,New Zealand Dollar,Selling,6.4053,GH¢ per NZD,6.4053,GH¢ per NZD,ok,
2026-03-11,NZDGHS,New Zealand Dollar,Mid Rate,6.4012,GH¢ per NZD,6.4012,GH¢ per NZD,ok,
2026-03-11,SEKGHS,Swedish Krona,Buying,1.1734,GH¢ per SEK,1.1734,GH¢ per SEK,ok,
2026-03-11,SEKGHS,Swedish Krona,Selling,1.1744,GH¢ per SEK,1.1744,GH¢ per SEK,ok,
2026-03-11,SEKGHS,Swedish Krona,Mid Rate,1.1739,GH¢ per SEK,1.1739,GH¢ per SEK,ok,
2026-03-11,WAUGHS,Ecowas,Buying,0.0146,GH¢ per WAU,0.0146,"GH¢ per WAU (BoG's 'Ecowas' unit, not defined by BoG)",ok,
2026-03-11,WAUGHS,Ecowas,Selling,0.0146,GH¢ per WAU,0.0146,"GH¢ per WAU (BoG's 'Ecowas' unit, not defined by BoG)",ok,
2026-03-11,WAUGHS,Ecowas,Mid Rate,0.0146,GH¢ per WAU,0.0146,"GH¢ per WAU (BoG's 'Ecowas' unit, not defined by BoG)",ok,
2026-03-11,ZARGHS,South African Rand,Buying,0.6580,GH¢ per ZAR,0.658,GH¢ per ZAR,ok,
2026-03-11,ZARGHS,South African Rand,Selling,0.6582,GH¢ per ZAR,0.6582,GH¢ per ZAR,ok,
2026-03-11,ZARGHS,South African Rand,Mid Rate,0.6581,GH¢ per ZAR,0.6581,GH¢ per ZAR,ok,
2026-03-12,USDGHS,US Dollar,Buying,10.8671,GH¢ per USD,10.8671,GH¢ per USD,ok,
2026-03-12,USDGHS,US Dollar,Selling,10.8779,GH¢ per USD,10.8779,GH¢ per USD,ok,
2026-03-12,USDGHS,US Dollar,Mid Rate,10.8725,GH¢ per USD,10.8725,GH¢ per USD,ok,
2026-03-12,AUDGHS,Australian Dollar,Buying,7.7009,GH¢ per AUD,7.7009,GH¢ per AUD,ok,
2026-03-12,AUDGHS,Australian Dollar,Selling,7.7092,GH¢ per AUD,7.7092,GH¢ per AUD,ok,
2026-03-12,AUDGHS,Australian Dollar,Mid Rate,7.7051,GH¢ per AUD,7.7051,GH¢ per AUD,ok,
2026-03-12,CADGHS,Canadian Dollar,Buying,7.9800,GH¢ per CAD,7.98,GH¢ per CAD,ok,
2026-03-12,CADGHS,Canadian Dollar,Selling,7.9872,GH¢ per CAD,7.9872,GH¢ per CAD,ok,
2026-03-12,CADGHS,Canadian Dollar,Mid Rate,7.9836,GH¢ per CAD,7.9836,GH¢ per CAD,ok,
2026-03-12,CHFGHS,Swiss Franc,Buying,13.8581,GH¢ per CHF,13.8581,GH¢ per CHF,ok,
2026-03-12,CHFGHS,Swiss Franc,Selling,13.8703,GH¢ per CHF,13.8703,GH¢ per CHF,ok,
2026-03-12,CHFGHS,Swiss Franc,Mid Rate,13.8642,GH¢ per CHF,13.8642,GH¢ per CHF,ok,
2026-03-12,CNYGHS,Yuan Renminbi,Buying,1.5798,GH¢ per CNY,1.5798,GH¢ per CNY,ok,
2026-03-12,CNYGHS,Yuan Renminbi,Selling,1.5806,GH¢ per CNY,1.5806,GH¢ per CNY,ok,
2026-03-12,CNYGHS,Yuan Renminbi,Mid Rate,1.5802,GH¢ per CNY,1.5802,GH¢ per CNY,ok,
2026-03-12,DKKGHS,Danish Krone,Buying,1.6759,GH¢ per DKK,1.6759,GH¢ per DKK,ok,
2026-03-12,DKKGHS,Danish Krone,Selling,1.6773,GH¢ per DKK,1.6773,GH¢ per DKK,ok,
2026-03-12,DKKGHS,Danish Krone,Mid Rate,1.6766,GH¢ per DKK,1.6766,GH¢ per DKK,ok,
2026-03-12,EURGHS,Euro,Buying,12.5223,GH¢ per EUR,12.5223,GH¢ per EUR,ok,
2026-03-12,EURGHS,Euro,Selling,12.5346,GH¢ per EUR,12.5346,GH¢ per EUR,ok,
2026-03-12,EURGHS,Euro,Mid Rate,12.5285,GH¢ per EUR,12.5285,GH¢ per EUR,ok,
2026-03-12,GBPGHS,Pound Sterling,Buying,14.5108,GH¢ per GBP,14.5108,GH¢ per GBP,ok,
2026-03-12,GBPGHS,Pound Sterling,Selling,14.5264,GH¢ per GBP,14.5264,GH¢ per GBP,ok,
2026-03-12,GBPGHS,Pound Sterling,Mid Rate,14.5186,GH¢ per GBP,14.5186,GH¢ per GBP,ok,
2026-03-12,GHSGMD,Dalasi,Buying,6.6567,GMD per GH¢,0.1502245858,GH¢ per GMD,ok,
2026-03-12,GHSGMD,Dalasi,Selling,6.6571,GMD per GH¢,0.1502155593,GH¢ per GMD,ok,
2026-03-12,GHSGMD,Dalasi,Mid Rate,6.6569,GMD per GH¢,0.1502200724,GH¢ per GMD,ok,
2026-03-12,GHSMRO,Ouguiya,Buying,32.8351,MRO per GH¢,0.0304552141,GH¢ per MRO (old ouguiya; 10 MRO = 1 MRU since 2018),ok,
2026-03-12,GHSMRO,Ouguiya,Selling,32.9271,MRO per GH¢,0.0303701207,GH¢ per MRO (old ouguiya; 10 MRO = 1 MRU since 2018),ok,
2026-03-12,GHSMRO,Ouguiya,Mid Rate,32.8811,MRO per GH¢,0.0304126079,GH¢ per MRO (old ouguiya; 10 MRO = 1 MRU since 2018),ok,
2026-03-12,GHSNGN,Naira,Buying,127.4665,NGN per GH¢,0.0078451985,GH¢ per NGN,ok,
2026-03-12,GHSNGN,Naira,Selling,127.5585,NGN per GH¢,0.0078395403,GH¢ per NGN,ok,
2026-03-12,GHSNGN,Naira,Mid Rate,127.5125,NGN per GH¢,0.0078423684,GH¢ per NGN,ok,
2026-03-12,GHSSLL,Leone,Buying,"2,192.6880",SLL per GH¢,0.4560612363,"GH¢ per SLE (new leone; 1 SLE = 1,000 old leones)",ok,
2026-03-12,GHSSLL,Leone,Selling,"2,236.5925",SLL per GH¢,0.4471087156,"GH¢ per SLE (new leone; 1 SLE = 1,000 old leones)",ok,
2026-03-12,GHSSLL,Leone,Mid Rate,"2,214.6403",SLL per GH¢,0.4515405956,"GH¢ per SLE (new leone; 1 SLE = 1,000 old leones)",ok,
2026-03-12,GHSXOF,BCEAO,Buying,52.3317,XOF per GH¢,0.0191088766,GH¢ per XOF (CFA franc (BCEAO)),ok,
2026-03-12,GHSXOF,BCEAO,Selling,52.3831,XOF per GH¢,0.0190901264,GH¢ per XOF (CFA franc (BCEAO)),ok,
2026-03-12,GHSXOF,BCEAO,Mid Rate,52.3574,XOF per GH¢,0.0190994969,GH¢ per XOF (CFA franc (BCEAO)),ok,
2026-03-12,JPYGHS,Japanese yen,Buying,0.0683,GH¢ per JPY,0.0683,GH¢ per JPY,ok,
2026-03-12,JPYGHS,Japanese yen,Selling,0.0683,GH¢ per JPY,0.0683,GH¢ per JPY,ok,
2026-03-12,JPYGHS,Japanese yen,Mid Rate,0.0683,GH¢ per JPY,0.0683,GH¢ per JPY,ok,
2026-03-12,NOKGHS,Norwegian Krone,Buying,1.1230,GH¢ per NOK,1.123,GH¢ per NOK,ok,
2026-03-12,NOKGHS,Norwegian Krone,Selling,1.1238,GH¢ per NOK,1.1238,GH¢ per NOK,ok,
2026-03-12,NOKGHS,Norwegian Krone,Mid Rate,1.1234,GH¢ per NOK,1.1234,GH¢ per NOK,ok,
2026-03-12,NZDGHS,New Zealand Dollar,Buying,6.3702,GH¢ per NZD,6.3702,GH¢ per NZD,ok,
2026-03-12,NZDGHS,New Zealand Dollar,Selling,6.3785,GH¢ per NZD,6.3785,GH¢ per NZD,ok,
2026-03-12,NZDGHS,New Zealand Dollar,Mid Rate,6.3744,GH¢ per NZD,6.3744,GH¢ per NZD,ok,
2026-03-12,SEKGHS,Swedish Krona,Buying,1.1647,GH¢ per SEK,1.1647,GH¢ per SEK,ok,
2026-03-12,SEKGHS,Swedish Krona,Selling,1.1656,GH¢ per SEK,1.1656,GH¢ per SEK,ok,
2026-03-12,SEKGHS,Swedish Krona,Mid Rate,1.1652,GH¢ per SEK,1.1652,GH¢ per SEK,ok,
2026-03-12,WAUGHS,Ecowas,Buying,0.0144,GH¢ per WAU,0.0144,"GH¢ per WAU (BoG's 'Ecowas' unit, not defined by BoG)",ok,
2026-03-12,WAUGHS,Ecowas,Selling,0.0144,GH¢ per WAU,0.0144,"GH¢ per WAU (BoG's 'Ecowas' unit, not defined by BoG)",ok,
2026-03-12,WAUGHS,Ecowas,Mid Rate,0.0144,GH¢ per WAU,0.0144,"GH¢ per WAU (BoG's 'Ecowas' unit, not defined by BoG)",ok,
2026-03-12,ZARGHS,South African Rand,Buying,0.6493,GH¢ per ZAR,0.6493,GH¢ per ZAR,ok,
2026-03-12,ZARGHS,South African Rand,Selling,0.6495,GH¢ per ZAR,0.6495,GH¢ per ZAR,ok,
2026-03-12,ZARGHS,South African Rand,Mid Rate,0.6494,GH¢ per ZAR,0.6494,GH¢ per ZAR,ok,
2026-03-13,USDGHS,US Dollar,Buying,10.8671,GH¢ per USD,10.8671,GH¢ per USD,ok,
2026-03-13,USDGHS,US Dollar,Selling,10.8779,GH¢ per USD,10.8779,GH¢ per USD,ok,
2026-03-13,USDGHS,US Dollar,Mid Rate,10.8725,GH¢ per USD,10.8725,GH¢ per USD,ok,
2026-03-13,AUDGHS,Australian Dollar,Buying,7.6087,GH¢ per AUD,7.6087,GH¢ per AUD,ok,
2026-03-13,AUDGHS,Australian Dollar,Selling,7.6168,GH¢ per AUD,7.6168,GH¢ per AUD,ok,
2026-03-13,AUDGHS,Australian Dollar,Mid Rate,7.6128,GH¢ per AUD,7.6128,GH¢ per AUD,ok,
2026-03-13,CADGHS,Canadian Dollar,Buying,7.9091,GH¢ per CAD,7.9091,GH¢ per CAD,ok,
2026-03-13,CADGHS,Canadian Dollar,Selling,7.9168,GH¢ per CAD,7.9168,GH¢ per CAD,ok,
2026-03-13,CADGHS,Canadian Dollar,Mid Rate,7.9130,GH¢ per CAD,7.913,GH¢ per CAD,ok,
2026-03-13,CHFGHS,Swiss Franc,Buying,13.7611,GH¢ per CHF,13.7611,GH¢ per CHF,ok,
2026-03-13,CHFGHS,Swiss Franc,Selling,13.7733,GH¢ per CHF,13.7733,GH¢ per CHF,ok,
2026-03-13,CHFGHS,Swiss Franc,Mid Rate,13.7672,GH¢ per CHF,13.7672,GH¢ per CHF,ok,
2026-03-13,CNYGHS,Yuan Renminbi,Buying,1.5742,GH¢ per CNY,1.5742,GH¢ per CNY,ok,
2026-03-13,CNYGHS,Yuan Renminbi,Selling,1.5751,GH¢ per CNY,1.5751,GH¢ per CNY,ok,
2026-03-13,CNYGHS,Yuan Renminbi,Mid Rate,1.5747,GH¢ per CNY,1.5747,GH¢ per CNY,ok,
2026-03-13,DKKGHS,Danish Krone,Buying,1.6635,GH¢ per DKK,1.6635,GH¢ per DKK,ok,
2026-03-13,DKKGHS,Danish Krone,Selling,1.6650,GH¢ per DKK,1.665,GH¢ per DKK,ok,
2026-03-13,DKKGHS,Danish Krone,Mid Rate,1.6643,GH¢ per DKK,1.6643,GH¢ per DKK,ok,
2026-03-13,EURGHS,Euro,Buying,12.4301,GH¢ per EUR,12.4301,GH¢ per EUR,ok,
2026-03-13,EURGHS,Euro,Selling,12.4413,GH¢ per EUR,12.4413,GH¢ per EUR,ok,
2026-03-13,EURGHS,Euro,Mid Rate,12.4357,GH¢ per EUR,12.4357,GH¢ per EUR,ok,
2026-03-13,GBPGHS,Pound Sterling,Buying,14.3804,GH¢ per GBP,14.3804,GH¢ per GBP,ok,
2026-03-13,GBPGHS,Pound Sterling,Selling,14.3959,GH¢ per GBP,14.3959,GH¢ per GBP,ok,
2026-03-13,GBPGHS,Pound Sterling,Mid Rate,14.3882,GH¢ per GBP,14.3882,GH¢ per GBP,ok,
2026-03-13,GHSGMD,Dalasi,Buying,6.6567,GMD per GH¢,0.1502245858,GH¢ per GMD,ok,
2026-03-13,GHSGMD,Dalasi,Selling,6.6571,GMD per GH¢,0.1502155593,GH¢ per GMD,ok,
2026-03-13,GHSGMD,Dalasi,Mid Rate,6.6569,GMD per GH¢,0.1502200724,GH¢ per GMD,ok,
2026-03-13,GHSMRO,Ouguiya,Buying,32.8351,MRO per GH¢,0.0304552141,GH¢ per MRO (old ouguiya; 10 MRO = 1 MRU since 2018),ok,
2026-03-13,GHSMRO,Ouguiya,Selling,32.9271,MRO per GH¢,0.0303701207,GH¢ per MRO (old ouguiya; 10 MRO = 1 MRU since 2018),ok,
2026-03-13,GHSMRO,Ouguiya,Mid Rate,32.8811,MRO per GH¢,0.0304126079,GH¢ per MRO (old ouguiya; 10 MRO = 1 MRU since 2018),ok,
2026-03-13,GHSNGN,Naira,Buying,127.2918,NGN per GH¢,0.0078559656,GH¢ per NGN,ok,
2026-03-13,GHSNGN,Naira,Selling,127.3838,NGN per GH¢,0.0078502918,GH¢ per NGN,ok,
2026-03-13,GHSNGN,Naira,Mid Rate,127.3378,NGN per GH¢,0.0078531277,GH¢ per NGN,ok,
2026-03-13,GHSSLL,Leone,Buying,"2,192.6880",SLL per GH¢,0.4560612363,"GH¢ per SLE (new leone; 1 SLE = 1,000 old leones)",ok,
2026-03-13,GHSSLL,Leone,Selling,"2,236.5925",SLL per GH¢,0.4471087156,"GH¢ per SLE (new leone; 1 SLE = 1,000 old leones)",ok,
2026-03-13,GHSSLL,Leone,Mid Rate,"2,214.6403",SLL per GH¢,0.4515405956,"GH¢ per SLE (new leone; 1 SLE = 1,000 old leones)",ok,
2026-03-13,GHSXOF,BCEAO,Buying,52.7242,XOF per GH¢,0.0189666225,GH¢ per XOF (CFA franc (BCEAO)),ok,
2026-03-13,GHSXOF,BCEAO,Selling,52.7717,XOF per GH¢,0.0189495506,GH¢ per XOF (CFA franc (BCEAO)),ok,
2026-03-13,GHSXOF,BCEAO,Mid Rate,52.7480,XOF per GH¢,0.0189580648,GH¢ per XOF (CFA franc (BCEAO)),ok,
2026-03-13,JPYGHS,Japanese yen,Buying,0.0681,GH¢ per JPY,0.0681,GH¢ per JPY,ok,
2026-03-13,JPYGHS,Japanese yen,Selling,0.0681,GH¢ per JPY,0.0681,GH¢ per JPY,ok,
2026-03-13,JPYGHS,Japanese yen,Mid Rate,0.0681,GH¢ per JPY,0.0681,GH¢ per JPY,ok,
2026-03-13,NOKGHS,Norwegian Krone,Buying,1.1142,GH¢ per NOK,1.1142,GH¢ per NOK,ok,
2026-03-13,NOKGHS,Norwegian Krone,Selling,1.1149,GH¢ per NOK,1.1149,GH¢ per NOK,ok,
2026-03-13,NOKGHS,Norwegian Krone,Mid Rate,1.1146,GH¢ per NOK,1.1146,GH¢ per NOK,ok,
2026-03-13,NZDGHS,New Zealand Dollar,Buying,6.3015,GH¢ per NZD,6.3015,GH¢ per NZD,ok,
2026-03-13,NZDGHS,New Zealand Dollar,Selling,6.3097,GH¢ per NZD,6.3097,GH¢ per NZD,ok,
2026-03-13,NZDGHS,New Zealand Dollar,Mid Rate,6.3056,GH¢ per NZD,6.3056,GH¢ per NZD,ok,
2026-03-13,SEKGHS,Swedish Krona,Buying,1.1519,GH¢ per SEK,1.1519,GH¢ per SEK,ok,
2026-03-13,SEKGHS,Swedish Krona,Selling,1.1527,GH¢ per SEK,1.1527,GH¢ per SEK,ok,
2026-03-13,SEKGHS,Swedish Krona,Mid Rate,1.1523,GH¢ per SEK,1.1523,GH¢ per SEK,ok,
2026-03-13,WAUGHS,Ecowas,Buying,0.0144,GH¢ per WAU,0.0144,"GH¢ per WAU (BoG's 'Ecowas' unit, not defined by BoG)",ok,
2026-03-13,WAUGHS,Ecowas,Selling,0.0144,GH¢ per WAU,0.0144,"GH¢ per WAU (BoG's 'Ecowas' unit, not defined by BoG)",ok,
2026-03-13,WAUGHS,Ecowas,Mid Rate,0.0144,GH¢ per WAU,0.0144,"GH¢ per WAU (BoG's 'Ecowas' unit, not defined by BoG)",ok,
2026-03-13,ZARGHS,South African Rand,Buying,0.6421,GH¢ per ZAR,0.6421,GH¢ per ZAR,ok,
2026-03-13,ZARGHS,South African Rand,Selling,0.6424,GH¢ per ZAR,0.6424,GH¢ per ZAR,ok,
2026-03-13,ZARGHS,South African Rand,Mid Rate,0.6423,GH¢ per ZAR,0.6423,GH¢ per ZAR,ok,
2026-03-16,USDGHS,US Dollar,Buying,10.8646,GH¢ per USD,10.8646,GH¢ per USD,ok,
2026-03-16,USDGHS,US Dollar,Selling,10.8754,GH¢ per USD,10.8754,GH¢ per USD,ok,
2026-03-16,USDGHS,US Dollar,Mid Rate,10.8700,GH¢ per USD,10.87,GH¢ per USD,ok,
2026-03-16,AUDGHS,Australian Dollar,Buying,7.6680,GH¢ per AUD,7.668,GH¢ per AUD,ok,
2026-03-16,AUDGHS,Australian Dollar,Selling,7.6777,GH¢ per AUD,7.6777,GH¢ per AUD,ok,
2026-03-16,AUDGHS,Australian Dollar,Mid Rate,7.6729,GH¢ per AUD,7.6729,GH¢ per AUD,ok,
2026-03-16,CADGHS,Canadian Dollar,Buying,7.9419,GH¢ per CAD,7.9419,GH¢ per CAD,ok,
2026-03-16,CADGHS,Canadian Dollar,Selling,7.9491,GH¢ per CAD,7.9491,GH¢ per CAD,ok,
2026-03-16,CADGHS,Canadian Dollar,Mid Rate,7.9455,GH¢ per CAD,7.9455,GH¢ per CAD,ok,
2026-03-16,CHFGHS,Swiss Franc,Buying,13.7804,GH¢ per CHF,13.7804,GH¢ per CHF,ok,
2026-03-16,CHFGHS,Swiss Franc,Selling,13.7939,GH¢ per CHF,13.7939,GH¢ per CHF,ok,
2026-03-16,CHFGHS,Swiss Franc,Mid Rate,13.7872,GH¢ per CHF,13.7872,GH¢ per CHF,ok,
2026-03-16,CNYGHS,Yuan Renminbi,Buying,1.5766,GH¢ per CNY,1.5766,GH¢ per CNY,ok,
2026-03-16,CNYGHS,Yuan Renminbi,Selling,1.5776,GH¢ per CNY,1.5776,GH¢ per CNY,ok,
2026-03-16,CNYGHS,Yuan Renminbi,Mid Rate,1.5771,GH¢ per CNY,1.5771,GH¢ per CNY,ok,
2026-03-16,DKKGHS,Danish Krone,Buying,1.6709,GH¢ per DKK,1.6709,GH¢ per DKK,ok,
2026-03-16,DKKGHS,Danish Krone,Selling,1.6723,GH¢ per DKK,1.6723,GH¢ per DKK,ok,
2026-03-16,DKKGHS,Danish Krone,Mid Rate,1.6716,GH¢ per DKK,1.6716,GH¢ per DKK,ok,
2026-03-16,EURGHS,Euro,Buying,12.4853,GH¢ per EUR,12.4853,GH¢ per EUR,ok,
2026-03-16,EURGHS,Euro,Selling,12.4966,GH¢ per EUR,12.4966,GH¢ per EUR,ok,
2026-03-16,EURGHS,Euro,Mid Rate,12.4910,GH¢ per EUR,12.491,GH¢ per EUR,ok,
2026-03-16,GBPGHS,Pound Sterling,Buying,14.4542,GH¢ per GBP,14.4542,GH¢ per GBP,ok,
2026-03-16,GBPGHS,Pound Sterling,Selling,14.4698,GH¢ per GBP,14.4698,GH¢ per GBP,ok,
2026-03-16,GBPGHS,Pound Sterling,Mid Rate,14.4620,GH¢ per GBP,14.462,GH¢ per GBP,ok,
2026-03-16,GHSGMD,Dalasi,Buying,6.6582,GMD per GH¢,0.1501907422,GH¢ per GMD,ok,
2026-03-16,GHSGMD,Dalasi,Selling,6.6586,GMD per GH¢,0.1501817199,GH¢ per GMD,ok,
2026-03-16,GHSGMD,Dalasi,Mid Rate,6.6584,GMD per GH¢,0.1501862309,GH¢ per GMD,ok,
2026-03-16,GHSMRO,Ouguiya,Buying,32.8427,MRO per GH¢,0.0304481666,GH¢ per MRO (old ouguiya; 10 MRO = 1 MRU since 2018),ok,
2026-03-16,GHSMRO,Ouguiya,Selling,32.9347,MRO per GH¢,0.0303631125,GH¢ per MRO (old ouguiya; 10 MRO = 1 MRU since 2018),ok,
2026-03-16,GHSMRO,Ouguiya,Mid Rate,32.8887,MRO per GH¢,0.03040558,GH¢ per MRO (old ouguiya; 10 MRO = 1 MRU since 2018),ok,
2026-03-16,GHSNGN,Naira,Buying,125.5750,NGN per GH¢,0.0079633685,GH¢ per NGN,ok,
2026-03-16,GHSNGN,Naira,Selling,125.6688,NGN per GH¢,0.0079574246,GH¢ per NGN,ok,
2026-03-16,GHSNGN,Naira,Mid Rate,125.6219,NGN per GH¢,0.0079603954,GH¢ per NGN,ok,
2026-03-16,GHSSLL,Leone,Buying,"2,193.1923",SLL per GH¢,0.4559563701,"GH¢ per SLE (new leone; 1 SLE = 1,000 old leones)",ok,
2026-03-16,GHSSLL,Leone,Selling,"2,293.9926",SLL per GH¢,0.435921197,"GH¢ per SLE (new leone; 1 SLE = 1,000 old leones)",ok,
2026-03-16,GHSSLL,Leone,Mid Rate,"2,243.5925",SLL per GH¢,0.4457137381,"GH¢ per SLE (new leone; 1 SLE = 1,000 old leones)",ok,
2026-03-16,GHSXOF,BCEAO,Buying,52.4908,XOF per GH¢,0.0190509575,GH¢ per XOF (CFA franc (BCEAO)),ok,
2026-03-16,GHSXOF,BCEAO,Selling,52.5383,XOF per GH¢,0.0190337335,GH¢ per XOF (CFA franc (BCEAO)),ok,
2026-03-16,GHSXOF,BCEAO,Mid Rate,52.5146,XOF per GH¢,0.0190423235,GH¢ per XOF (CFA franc (BCEAO)),ok,
2026-03-16,JPYGHS,Japanese yen,Buying,0.0682,GH¢ per JPY,0.0682,GH¢ per JPY,ok,
2026-03-16,JPYGHS,Japanese yen,Selling,0.0683,GH¢ per JPY,0.0683,GH¢ per JPY,ok,
2026-03-16,JPYGHS,Japanese yen,Mid Rate,0.0683,GH¢ per JPY,0.0683,GH¢ per JPY,ok,
2026-03-16,NOKGHS,Norwegian Krone,Buying,1.1223,GH¢ per NOK,1.1223,GH¢ per NOK,ok,
2026-03-16,NOKGHS,Norwegian Krone,Selling,1.1231,GH¢ per NOK,1.1231,GH¢ per NOK,ok,
2026-03-16,NOKGHS,Norwegian Krone,Mid Rate,1.1227,GH¢ per NOK,1.1227,GH¢ per NOK,ok,
2026-03-16,NZDGHS,New Zealand Dollar,Buying,6.3541,GH¢ per NZD,6.3541,GH¢ per NZD,ok,
2026-03-16,NZDGHS,New Zealand Dollar,Selling,6.3609,GH¢ per NZD,6.3609,GH¢ per NZD,ok,
2026-03-16,NZDGHS,New Zealand Dollar,Mid Rate,6.3575,GH¢ per NZD,6.3575,GH¢ per NZD,ok,
2026-03-16,SEKGHS,Swedish Krona,Buying,1.1617,GH¢ per SEK,1.1617,GH¢ per SEK,ok,
2026-03-16,SEKGHS,Swedish Krona,Selling,1.1627,GH¢ per SEK,1.1627,GH¢ per SEK,ok,
2026-03-16,SEKGHS,Swedish Krona,Mid Rate,1.1622,GH¢ per SEK,1.1622,GH¢ per SEK,ok,
2026-03-16,WAUGHS,Ecowas,Buying,0.0144,GH¢ per WAU,0.0144,"GH¢ per WAU (BoG's 'Ecowas' unit, not defined by BoG)",ok,
2026-03-16,WAUGHS,Ecowas,Selling,0.0144,GH¢ per WAU,0.0144,"GH¢ per WAU (BoG's 'Ecowas' unit, not defined by BoG)",ok,
2026-03-16,WAUGHS,Ecowas,Mid Rate,0.0144,GH¢ per WAU,0.0144,"GH¢ per WAU (BoG's 'Ecowas' unit, not defined by BoG)",ok,
2026-03-16,ZARGHS,South African Rand,Buying,0.6485,GH¢ per ZAR,0.6485,GH¢ per ZAR,ok,
2026-03-16,ZARGHS,South African Rand,Selling,0.6487,GH¢ per ZAR,0.6487,GH¢ per ZAR,ok,
2026-03-16,ZARGHS,South African Rand,Mid Rate,0.6486,GH¢ per ZAR,0.6486,GH¢ per ZAR,ok,
2026-03-17,USDGHS,US Dollar,Buying,10.8946,GH¢ per USD,10.8946,GH¢ per USD,ok,
2026-03-17,USDGHS,US Dollar,Selling,10.9055,GH¢ per USD,10.9055,GH¢ per USD,ok,
2026-03-17,USDGHS,US Dollar,Mid Rate,10.9000,GH¢ per USD,10.9,GH¢ per USD,ok,
2026-03-17,AUDGHS,Australian Dollar,Buying,7.7390,GH¢ per AUD,7.739,GH¢ per AUD,ok,
2026-03-17,AUDGHS,Australian Dollar,Selling,7.7488,GH¢ per AUD,7.7488,GH¢ per AUD,ok,
2026-03-17,AUDGHS,Australian Dollar,Mid Rate,7.7439,GH¢ per AUD,7.7439,GH¢ per AUD,ok,
2026-03-17,CADGHS,Canadian Dollar,Buying,7.9512,GH¢ per CAD,7.9512,GH¢ per CAD,ok,
2026-03-17,CADGHS,Canadian Dollar,Selling,7.9589,GH¢ per CAD,7.9589,GH¢ per CAD,ok,
2026-03-17,CADGHS,Canadian Dollar,Mid Rate,7.9551,GH¢ per CAD,7.9551,GH¢ per CAD,ok,
2026-03-17,CHFGHS,Swiss Franc,Buying,13.8808,GH¢ per CHF,13.8808,GH¢ per CHF,ok,
2026-03-17,CHFGHS,Swiss Franc,Selling,13.8931,GH¢ per CHF,13.8931,GH¢ per CHF,ok,
2026-03-17,CHFGHS,Swiss Franc,Mid Rate,13.8870,GH¢ per CHF,13.887,GH¢ per CHF,ok,
2026-03-17,CNYGHS,Yuan Renminbi,Buying,1.5827,GH¢ per CNY,1.5827,GH¢ per CNY,ok,
2026-03-17,CNYGHS,Yuan Renminbi,Selling,1.5835,GH¢ per CNY,1.5835,GH¢ per CNY,ok,
2026-03-17,CNYGHS,Yuan Renminbi,Mid Rate,1.5831,GH¢ per CNY,1.5831,GH¢ per CNY,ok,
2026-03-17,DKKGHS,Danish Krone,Buying,1.6811,GH¢ per DKK,1.6811,GH¢ per DKK,ok,
2026-03-17,DKKGHS,Danish Krone,Selling,1.6826,GH¢ per DKK,1.6826,GH¢ per DKK,ok,
2026-03-17,DKKGHS,Danish Krone,Mid Rate,1.6819,GH¢ per DKK,1.6819,GH¢ per DKK,ok,
2026-03-17,EURGHS,Euro,Buying,12.5627,GH¢ per EUR,12.5627,GH¢ per EUR,ok,
2026-03-17,EURGHS,Euro,Selling,12.5740,GH¢ per EUR,12.574,GH¢ per EUR,ok,
2026-03-17,EURGHS,Euro,Mid Rate,12.5684,GH¢ per EUR,12.5684,GH¢ per EUR,ok,
2026-03-17,GBPGHS,Pound Sterling,Buying,14.5388,GH¢ per GBP,14.5388,GH¢ per GBP,ok,
2026-03-17,GBPGHS,Pound Sterling,Selling,14.5544,GH¢ per GBP,14.5544,GH¢ per GBP,ok,
2026-03-17,GBPGHS,Pound Sterling,Mid Rate,14.5466,GH¢ per GBP,14.5466,GH¢ per GBP,ok,
2026-03-17,GHSGMD,Dalasi,Buying,6.6651,GMD per GH¢,0.1500352583,GH¢ per GMD,ok,
2026-03-17,GHSGMD,Dalasi,Selling,6.7381,GMD per GH¢,0.1484097891,GH¢ per GMD,ok,
2026-03-17,GHSGMD,Dalasi,Mid Rate,6.7016,GMD per GH¢,0.1492180972,GH¢ per GMD,ok,
2026-03-17,GHSMRO,Ouguiya,Buying,32.7523,MRO per GH¢,0.0305322069,GH¢ per MRO (old ouguiya; 10 MRO = 1 MRU since 2018),ok,
2026-03-17,GHSMRO,Ouguiya,Selling,32.8440,MRO per GH¢,0.0304469614,GH¢ per MRO (old ouguiya; 10 MRO = 1 MRU since 2018),ok,
2026-03-17,GHSMRO,Ouguiya,Mid Rate,32.7982,MRO per GH¢,0.0304894781,GH¢ per MRO (old ouguiya; 10 MRO = 1 MRU since 2018),ok,
2026-03-17,GHSNGN,Naira,Buying,123.3495,NGN per GH¢,0.0081070454,GH¢ per NGN,ok,
2026-03-17,GHSNGN,Naira,Selling,123.4651,NGN per GH¢,0.0080994548,GH¢ per NGN,ok,
2026-03-17,GHSNGN,Naira,Mid Rate,123.4073,NGN per GH¢,0.0081032483,GH¢ per NGN,ok,
2026-03-17,GHSSLL,Leone,Buying,"2,187.1560",SLL per GH¢,0.4572147574,"GH¢ per SLE (new leone; 1 SLE = 1,000 old leones)",ok,
2026-03-17,GHSSLL,Leone,Selling,"2,237.4864",SLL per GH¢,0.4469300908,"GH¢ per SLE (new leone; 1 SLE = 1,000 old leones)",ok,
2026-03-17,GHSSLL,Leone,Mid Rate,"2,212.3212",SLL per GH¢,0.45201393,"GH¢ per SLE (new leone; 1 SLE = 1,000 old leones)",ok,
2026-03-17,GHSXOF,BCEAO,Buying,52.1677,XOF per GH¢,0.0191689494,GH¢ per XOF (CFA franc (BCEAO)),ok,
2026-03-17,GHSXOF,BCEAO,Selling,52.2147,XOF per GH¢,0.0191516948,GH¢ per XOF (CFA franc (BCEAO)),ok,
2026-03-17,GHSXOF,BCEAO,Mid Rate,52.1912,XOF per GH¢,0.0191603182,GH¢ per XOF (CFA franc (BCEAO)),ok,
2026-03-17,JPYGHS,Japanese yen,Buying,0.0685,GH¢ per JPY,0.0685,GH¢ per JPY,ok,
2026-03-17,JPYGHS,Japanese yen,Selling,0.0686,GH¢ per JPY,0.0686,GH¢ per JPY,ok,
2026-03-17,JPYGHS,Japanese yen,Mid Rate,0.0686,GH¢ per JPY,0.0686,GH¢ per JPY,ok,
2026-03-17,NOKGHS,Norwegian Krone,Buying,1.1359,GH¢ per NOK,1.1359,GH¢ per NOK,ok,
2026-03-17,NOKGHS,Norwegian Krone,Selling,1.1366,GH¢ per NOK,1.1366,GH¢ per NOK,ok,
2026-03-17,NOKGHS,Norwegian Krone,Mid Rate,1.1363,GH¢ per NOK,1.1363,GH¢ per NOK,ok,
2026-03-17,NZDGHS,New Zealand Dollar,Buying,6.3825,GH¢ per NZD,6.3825,GH¢ per NZD,ok,
2026-03-17,NZDGHS,New Zealand Dollar,Selling,6.3908,GH¢ per NZD,6.3908,GH¢ per NZD,ok,
2026-03-17,NZDGHS,New Zealand Dollar,Mid Rate,6.3867,GH¢ per NZD,6.3867,GH¢ per NZD,ok,
2026-03-17,SEKGHS,Swedish Krona,Buying,1.1732,GH¢ per SEK,1.1732,GH¢ per SEK,ok,
2026-03-17,SEKGHS,Swedish Krona,Selling,1.1741,GH¢ per SEK,1.1741,GH¢ per SEK,ok,
2026-03-17,SEKGHS,Swedish Krona,Mid Rate,1.1737,GH¢ per SEK,1.1737,GH¢ per SEK,ok,
2026-03-17,WAUGHS,Ecowas,Buying,0.0143,GH¢ per WAU,0.0143,"GH¢ per WAU (BoG's 'Ecowas' unit, not defined by BoG)",ok,
2026-03-17,WAUGHS,Ecowas,Selling,0.0143,GH¢ per WAU,0.0143,"GH¢ per WAU (BoG's 'Ecowas' unit, not defined by BoG)",ok,
2026-03-17,WAUGHS,Ecowas,Mid Rate,0.0143,GH¢ per WAU,0.0143,"GH¢ per WAU (BoG's 'Ecowas' unit, not defined by BoG)",ok,
2026-03-17,ZARGHS,South African Rand,Buying,0.6531,GH¢ per ZAR,0.6531,GH¢ per ZAR,ok,
2026-03-17,ZARGHS,South African Rand,Selling,0.6533,GH¢ per ZAR,0.6533,GH¢ per ZAR,ok,
2026-03-17,ZARGHS,South African Rand,Mid Rate,0.6532,GH¢ per ZAR,0.6532,GH¢ per ZAR,ok,
2026-03-18,USDGHS,US Dollar,Buying,10.9145,GH¢ per USD,10.9145,GH¢ per USD,ok,
2026-03-18,USDGHS,US Dollar,Selling,10.9255,GH¢ per USD,10.9255,GH¢ per USD,ok,
2026-03-18,USDGHS,US Dollar,Mid Rate,10.9200,GH¢ per USD,10.92,GH¢ per USD,ok,
2026-03-18,AUDGHS,Australian Dollar,Buying,7.7264,GH¢ per AUD,7.7264,GH¢ per AUD,ok,
2026-03-18,AUDGHS,Australian Dollar,Selling,7.7348,GH¢ per AUD,7.7348,GH¢ per AUD,ok,
2026-03-18,AUDGHS,Australian Dollar,Mid Rate,7.7306,GH¢ per AUD,7.7306,GH¢ per AUD,ok,
2026-03-18,CADGHS,Canadian Dollar,Buying,7.9685,GH¢ per CAD,7.9685,GH¢ per CAD,ok,
2026-03-18,CADGHS,Canadian Dollar,Selling,7.9758,GH¢ per CAD,7.9758,GH¢ per CAD,ok,
2026-03-18,CADGHS,Canadian Dollar,Mid Rate,7.9722,GH¢ per CAD,7.9722,GH¢ per CAD,ok,
2026-03-18,CHFGHS,Swiss Franc,Buying,13.8342,GH¢ per CHF,13.8342,GH¢ per CHF,ok,
2026-03-18,CHFGHS,Swiss Franc,Selling,13.8478,GH¢ per CHF,13.8478,GH¢ per CHF,ok,
2026-03-18,CHFGHS,Swiss Franc,Mid Rate,13.8410,GH¢ per CHF,13.841,GH¢ per CHF,ok,
2026-03-18,CNYGHS,Yuan Renminbi,Buying,1.5855,GH¢ per CNY,1.5855,GH¢ per CNY,ok,
2026-03-18,CNYGHS,Yuan Renminbi,Selling,1.5865,GH¢ per CNY,1.5865,GH¢ per CNY,ok,
2026-03-18,CNYGHS,Yuan Renminbi,Mid Rate,1.5860,GH¢ per CNY,1.586,GH¢ per CNY,ok,
2026-03-18,DKKGHS,Danish Krone,Buying,1.6822,GH¢ per DKK,1.6822,GH¢ per DKK,ok,
2026-03-18,DKKGHS,Danish Krone,Selling,1.6836,GH¢ per DKK,1.6836,GH¢ per DKK,ok,
2026-03-18,DKKGHS,Danish Krone,Mid Rate,1.6829,GH¢ per DKK,1.6829,GH¢ per DKK,ok,
2026-03-18,EURGHS,Euro,Buying,12.5692,GH¢ per EUR,12.5692,GH¢ per EUR,ok,
2026-03-18,EURGHS,Euro,Selling,12.5805,GH¢ per EUR,12.5805,GH¢ per EUR,ok,
2026-03-18,EURGHS,Euro,Mid Rate,12.5749,GH¢ per EUR,12.5749,GH¢ per EUR,ok,
2026-03-18,GBPGHS,Pound Sterling,Buying,14.5425,GH¢ per GBP,14.5425,GH¢ per GBP,ok,
2026-03-18,GBPGHS,Pound Sterling,Selling,14.5582,GH¢ per GBP,14.5582,GH¢ per GBP,ok,
2026-03-18,GBPGHS,Pound Sterling,Mid Rate,14.5504,GH¢ per GBP,14.5504,GH¢ per GBP,ok,
2026-03-18,GHSGMD,Dalasi,Buying,6.6277,GMD per GH¢,0.1508819047,GH¢ per GMD,ok,
2026-03-18,GHSGMD,Dalasi,Selling,6.6484,GMD per GH¢,0.1504121292,GH¢ per GMD,ok,
2026-03-18,GHSGMD,Dalasi,Mid Rate,6.6381,GMD per GH¢,0.150645516,GH¢ per GMD,ok,
2026-03-18,GHSMRO,Ouguiya,Buying,32.6923,MRO per GH¢,0.0305882425,GH¢ per MRO (old ouguiya; 10 MRO = 1 MRU since 2018),ok,
2026-03-18,GHSMRO,Ouguiya,Selling,32.7839,MRO per GH¢,0.0305027773,GH¢ per MRO (old ouguiya; 10 MRO = 1 MRU since 2018),ok,
2026-03-18,GHSMRO,Ouguiya,Mid Rate,32.7381,MRO per GH¢,0.0305454501,GH¢ per MRO (old ouguiya; 10 MRO = 1 MRU since 2018),ok,
2026-03-18,GHSNGN,Naira,Buying,124.1712,NGN per GH¢,0.0080533972,GH¢ per NGN,ok,
2026-03-18,GHSNGN,Naira,Selling,124.6520,NGN per GH¢,0.0080223342,GH¢ per NGN,ok,
2026-03-18,GHSNGN,Naira,Mid Rate,124.4116,NGN per GH¢,0.0080378357,GH¢ per NGN,ok,
2026-03-18,GHSSLL,Leone,Buying,"2,183.1502",SLL per GH¢,0.4580536877,"GH¢ per SLE (new leone; 1 SLE = 1,000 old leones)",ok,
2026-03-18,GHSSLL,Leone,Selling,"2,232.1293",SLL per GH¢,0.448002721,"GH¢ per SLE (new leone; 1 SLE = 1,000 old leones)",ok,
2026-03-18,GHSSLL,Leone,Mid Rate,"2,207.6398",SLL per GH¢,0.452972446,"GH¢ per SLE (new leone; 1 SLE = 1,000 old leones)",ok,
2026-03-18,GHSXOF,BCEAO,Buying,52.1408,XOF per GH¢,0.0191788388,GH¢ per XOF (CFA franc (BCEAO)),ok,
2026-03-18,GHSXOF,BCEAO,Selling,52.1876,XOF per GH¢,0.0191616399,GH¢ per XOF (CFA franc (BCEAO)),ok,
2026-03-18,GHSXOF,BCEAO,Mid Rate,52.1642,XOF per GH¢,0.0191702355,GH¢ per XOF (CFA franc (BCEAO)),ok,
2026-03-18,JPYGHS,Japanese yen,Buying,0.0684,GH¢ per JPY,0.0684,GH¢ per JPY,ok,
2026-03-18,JPYGHS,Japanese yen,Selling,0.0685,GH¢ per JPY,0.0685,GH¢ per JPY,ok,
2026-03-18,JPYGHS,Japanese yen,Mid Rate,0.0685,GH¢ per JPY,0.0685,GH¢ per JPY,ok,
2026-03-18,NOKGHS,Norwegian Krone,Buying,1.1400,GH¢ per NOK,1.14,GH¢ per NOK,ok,
2026-03-18,NOKGHS,Norwegian Krone,Selling,1.1408,GH¢ per NOK,1.1408,GH¢ per NOK,ok,
2026-03-18,NOKGHS,Norwegian Krone,Mid Rate,1.1404,GH¢ per NOK,1.1404,GH¢ per NOK,ok,
2026-03-18,NZDGHS,New Zealand Dollar,Buying,6.3754,GH¢ per NZD,6.3754,GH¢ per NZD,ok,
2026-03-18,NZDGHS,New Zealand Dollar,Selling,6.3838,GH¢ per NZD,6.3838,GH¢ per NZD,ok,
2026-03-18,NZDGHS,New Zealand Dollar,Mid Rate,6.3796,GH¢ per NZD,6.3796,GH¢ per NZD,ok,
2026-03-18,SEKGHS,Swedish Krona,Buying,1.1683,GH¢ per SEK,1.1683,GH¢ per SEK,ok,
2026-03-18,SEKGHS,Swedish Krona,Selling,1.1692,GH¢ per SEK,1.1692,GH¢ per SEK,ok,
2026-03-18,SEKGHS,Swedish Krona,Mid Rate,1.1688,GH¢ per SEK,1.1688,GH¢ per SEK,ok,
2026-03-18,WAUGHS,Ecowas,Buying,0.0143,GH¢ per WAU,0.0143,"GH¢ per WAU (BoG's 'Ecowas' unit, not defined by BoG)",ok,
2026-03-18,WAUGHS,Ecowas,Selling,0.0143,GH¢ per WAU,0.0143,"GH¢ per WAU (BoG's 'Ecowas' unit, not defined by BoG)",ok,
2026-03-18,WAUGHS,Ecowas,Mid Rate,0.0143,GH¢ per WAU,0.0143,"GH¢ per WAU (BoG's 'Ecowas' unit, not defined by BoG)",ok,
2026-03-18,ZARGHS,South African Rand,Buying,0.6500,GH¢ per ZAR,0.65,GH¢ per ZAR,ok,
2026-03-18,ZARGHS,South African Rand,Selling,0.6502,GH¢ per ZAR,0.6502,GH¢ per ZAR,ok,
2026-03-18,ZARGHS,South African Rand,Mid Rate,0.6501,GH¢ per ZAR,0.6501,GH¢ per ZAR,ok,
2026-03-19,USDGHS,US Dollar,Buying,10.9345,GH¢ per USD,10.9345,GH¢ per USD,ok,
2026-03-19,USDGHS,US Dollar,Selling,10.9455,GH¢ per USD,10.9455,GH¢ per USD,ok,
2026-03-19,USDGHS,US Dollar,Mid Rate,10.9400,GH¢ per USD,10.94,GH¢ per USD,ok,
2026-03-19,AUDGHS,Australian Dollar,Buying,7.7033,GH¢ per AUD,7.7033,GH¢ per AUD,ok,
2026-03-19,AUDGHS,Australian Dollar,Selling,7.7131,GH¢ per AUD,7.7131,GH¢ per AUD,ok,
2026-03-19,AUDGHS,Australian Dollar,Mid Rate,7.7082,GH¢ per AUD,7.7082,GH¢ per AUD,ok,
2026-03-19,CADGHS,Canadian Dollar,Buying,7.9720,GH¢ per CAD,7.972,GH¢ per CAD,ok,
2026-03-19,CADGHS,Canadian Dollar,Selling,7.9797,GH¢ per CAD,7.9797,GH¢ per CAD,ok,
2026-03-19,CADGHS,Canadian Dollar,Mid Rate,7.9759,GH¢ per CAD,7.9759,GH¢ per CAD,ok,
2026-03-19,CHFGHS,Swiss Franc,Buying,13.8030,GH¢ per CHF,13.803,GH¢ per CHF,ok,
2026-03-19,CHFGHS,Swiss Franc,Selling,13.8165,GH¢ per CHF,13.8165,GH¢ per CHF,ok,
2026-03-19,CHFGHS,Swiss Franc,Mid Rate,13.8098,GH¢ per CHF,13.8098,GH¢ per CHF,ok,
2026-03-19,CNYGHS,Yuan Renminbi,Buying,1.5868,GH¢ per CNY,1.5868,GH¢ per CNY,ok,
2026-03-19,CNYGHS,Yuan Renminbi,Selling,1.5874,GH¢ per CNY,1.5874,GH¢ per CNY,ok,
2026-03-19,CNYGHS,Yuan Renminbi,Mid Rate,1.5871,GH¢ per CNY,1.5871,GH¢ per CNY,ok,
2026-03-19,DKKGHS,Danish Krone,Buying,1.6874,GH¢ per DKK,1.6874,GH¢ per DKK,ok,
2026-03-19,DKKGHS,Danish Krone,Selling,1.6889,GH¢ per DKK,1.6889,GH¢ per DKK,ok,
2026-03-19,DKKGHS,Danish Krone,Mid Rate,1.6882,GH¢ per DKK,1.6882,GH¢ per DKK,ok,
2026-03-19,EURGHS,Euro,Buying,12.6073,GH¢ per EUR,12.6073,GH¢ per EUR,ok,
2026-03-19,EURGHS,Euro,Selling,12.6186,GH¢ per EUR,12.6186,GH¢ per EUR,ok,
2026-03-19,EURGHS,Euro,Mid Rate,12.6130,GH¢ per EUR,12.613,GH¢ per EUR,ok,
2026-03-19,GBPGHS,Pound Sterling,Buying,14.6118,GH¢ per GBP,14.6118,GH¢ per GBP,ok,
2026-03-19,GBPGHS,Pound Sterling,Selling,14.6275,GH¢ per GBP,14.6275,GH¢ per GBP,ok,
2026-03-19,GBPGHS,Pound Sterling,Mid Rate,14.6197,GH¢ per GBP,14.6197,GH¢ per GBP,ok,
2026-03-19,GHSGMD,Dalasi,Buying,6.6636,GMD per GH¢,0.1500690318,GH¢ per GMD,ok,
2026-03-19,GHSGMD,Dalasi,Selling,6.8106,GMD per GH¢,0.1468299416,GH¢ per GMD,ok,
2026-03-19,GHSGMD,Dalasi,Mid Rate,6.7371,GMD per GH¢,0.1484318178,GH¢ per GMD,ok,
2026-03-19,GHSMRO,Ouguiya,Buying,32.6325,MRO per GH¢,0.0306442963,GH¢ per MRO (old ouguiya; 10 MRO = 1 MRU since 2018),ok,
2026-03-19,GHSMRO,Ouguiya,Selling,32.7239,MRO per GH¢,0.0305587048,GH¢ per MRO (old ouguiya; 10 MRO = 1 MRU since 2018),ok,
2026-03-19,GHSMRO,Ouguiya,Mid Rate,32.6782,MRO per GH¢,0.0306014407,GH¢ per MRO (old ouguiya; 10 MRO = 1 MRU since 2018),ok,
2026-03-19,GHSNGN,Naira,Buying,123.9022,NGN per GH¢,0.0080708817,GH¢ per NGN,ok,
2026-03-19,GHSNGN,Naira,Selling,123.9954,NGN per GH¢,0.0080648153,GH¢ per NGN,ok,
2026-03-19,GHSNGN,Naira,Mid Rate,123.9488,NGN per GH¢,0.0080678474,GH¢ per NGN,ok,
2026-03-19,GHSSLL,Leone,Buying,"2,179.1590",SLL per GH¢,0.4588926278,"GH¢ per SLE (new leone; 1 SLE = 1,000 old leones)",ok,
2026-03-19,GHSSLL,Leone,Selling,"2,228.2403",SLL per GH¢,0.4487846306,"GH¢ per SLE (new leone; 1 SLE = 1,000 old leones)",ok,
2026-03-19,GHSSLL,Leone,Mid Rate,"2,203.6997",SLL per GH¢,0.453782337,"GH¢ per SLE (new leone; 1 SLE = 1,000 old leones)",ok,
2026-03-19,GHSXOF,BCEAO,Buying,51.9833,XOF per GH¢,0.0192369473,GH¢ per XOF (CFA franc (BCEAO)),ok,
2026-03-19,GHSXOF,BCEAO,Selling,52.0299,XOF per GH¢,0.0192197179,GH¢ per XOF (CFA franc (BCEAO)),ok,
2026-03-19,GHSXOF,BCEAO,Mid Rate,52.0066,XOF per GH¢,0.0192283287,GH¢ per XOF (CFA franc (BCEAO)),ok,
2026-03-19,JPYGHS,Japanese yen,Buying,0.0692,GH¢ per JPY,0.0692,GH¢ per JPY,ok,
2026-03-19,JPYGHS,Japanese yen,Selling,0.0692,GH¢ per JPY,0.0692,GH¢ per JPY,ok,
2026-03-19,JPYGHS,Japanese yen,Mid Rate,0.0692,GH¢ per JPY,0.0692,GH¢ per JPY,ok,
2026-03-19,NOKGHS,Norwegian Krone,Buying,1.1486,GH¢ per NOK,1.1486,GH¢ per NOK,ok,
2026-03-19,NOKGHS,Norwegian Krone,Selling,1.1493,GH¢ per NOK,1.1493,GH¢ per NOK,ok,
2026-03-19,NOKGHS,Norwegian Krone,Mid Rate,1.1490,GH¢ per NOK,1.149,GH¢ per NOK,ok,
2026-03-19,NZDGHS,New Zealand Dollar,Buying,6.3824,GH¢ per NZD,6.3824,GH¢ per NZD,ok,
2026-03-19,NZDGHS,New Zealand Dollar,Selling,6.3922,GH¢ per NZD,6.3922,GH¢ per NZD,ok,
2026-03-19,NZDGHS,New Zealand Dollar,Mid Rate,6.3873,GH¢ per NZD,6.3873,GH¢ per NZD,ok,
2026-03-19,SEKGHS,Swedish Krona,Buying,1.1697,GH¢ per SEK,1.1697,GH¢ per SEK,ok,
2026-03-19,SEKGHS,Swedish Krona,Selling,1.1705,GH¢ per SEK,1.1705,GH¢ per SEK,ok,
2026-03-19,SEKGHS,Swedish Krona,Mid Rate,1.1701,GH¢ per SEK,1.1701,GH¢ per SEK,ok,
2026-03-19,WAUGHS,Ecowas,Buying,0.0142,GH¢ per WAU,0.0142,"GH¢ per WAU (BoG's 'Ecowas' unit, not defined by BoG)",ok,
2026-03-19,WAUGHS,Ecowas,Selling,0.0142,GH¢ per WAU,0.0142,"GH¢ per WAU (BoG's 'Ecowas' unit, not defined by BoG)",ok,
2026-03-19,WAUGHS,Ecowas,Mid Rate,0.0142,GH¢ per WAU,0.0142,"GH¢ per WAU (BoG's 'Ecowas' unit, not defined by BoG)",ok,
2026-03-19,ZARGHS,South African Rand,Buying,0.6489,GH¢ per ZAR,0.6489,GH¢ per ZAR,ok,
2026-03-19,ZARGHS,South African Rand,Selling,0.6492,GH¢ per ZAR,0.6492,GH¢ per ZAR,ok,
2026-03-19,ZARGHS,South African Rand,Mid Rate,0.6491,GH¢ per ZAR,0.6491,GH¢ per ZAR,ok,
2026-03-24,USDGHS,US Dollar,Buying,10.9445,GH¢ per USD,10.9445,GH¢ per USD,ok,
2026-03-24,USDGHS,US Dollar,Selling,10.9555,GH¢ per USD,10.9555,GH¢ per USD,ok,
2026-03-24,USDGHS,US Dollar,Mid Rate,10.9500,GH¢ per USD,10.95,GH¢ per USD,ok,
2026-03-24,AUDGHS,Australian Dollar,Buying,7.6324,GH¢ per AUD,7.6324,GH¢ per AUD,ok,
2026-03-24,AUDGHS,Australian Dollar,Selling,7.6406,GH¢ per AUD,7.6406,GH¢ per AUD,ok,
2026-03-24,AUDGHS,Australian Dollar,Mid Rate,7.6365,GH¢ per AUD,7.6365,GH¢ per AUD,ok,
2026-03-24,CADGHS,Canadian Dollar,Buying,7.9520,GH¢ per CAD,7.952,GH¢ per CAD,ok,
2026-03-24,CADGHS,Canadian Dollar,Selling,7.9593,GH¢ per CAD,7.9593,GH¢ per CAD,ok,
2026-03-24,CADGHS,Canadian Dollar,Mid Rate,7.9557,GH¢ per CAD,7.9557,GH¢ per CAD,ok,
2026-03-24,CHFGHS,Swiss Franc,Buying,13.8440,GH¢ per CHF,13.844,GH¢ per CHF,ok,
2026-03-24,CHFGHS,Swiss Franc,Selling,13.8562,GH¢ per CHF,13.8562,GH¢ per CHF,ok,
2026-03-24,CHFGHS,Swiss Franc,Mid Rate,13.8501,GH¢ per CHF,13.8501,GH¢ per CHF,ok,
2026-03-24,CNYGHS,Yuan Renminbi,Buying,1.5883,GH¢ per CNY,1.5883,GH¢ per CNY,ok,
2026-03-24,CNYGHS,Yuan Renminbi,Selling,1.5894,GH¢ per CNY,1.5894,GH¢ per CNY,ok,
2026-03-24,CNYGHS,Yuan Renminbi,Mid Rate,1.5889,GH¢ per CNY,1.5889,GH¢ per CNY,ok,
2026-03-24,DKKGHS,Danish Krone,Buying,1.6981,GH¢ per DKK,1.6981,GH¢ per DKK,ok,
2026-03-24,DKKGHS,Danish Krone,Selling,1.6996,GH¢ per DKK,1.6996,GH¢ per DKK,ok,
2026-03-24,DKKGHS,Danish Krone,Mid Rate,1.6989,GH¢ per DKK,1.6989,GH¢ per DKK,ok,
2026-03-24,EURGHS,Euro,Buying,12.6876,GH¢ per EUR,12.6876,GH¢ per EUR,ok,
2026-03-24,EURGHS,Euro,Selling,12.6991,GH¢ per EUR,12.6991,GH¢ per EUR,ok,
2026-03-24,EURGHS,Euro,Mid Rate,12.6934,GH¢ per EUR,12.6934,GH¢ per EUR,ok,
2026-03-24,GBPGHS,Pound Sterling,Buying,14.6580,GH¢ per GBP,14.658,GH¢ per GBP,ok,
2026-03-24,GBPGHS,Pound Sterling,Selling,14.6738,GH¢ per GBP,14.6738,GH¢ per GBP,ok,
2026-03-24,GBPGHS,Pound Sterling,Mid Rate,14.6659,GH¢ per GBP,14.6659,GH¢ per GBP,ok,
2026-03-24,GHSGMD,Dalasi,Buying,6.6142,GMD per GH¢,0.1511898642,GH¢ per GMD,ok,
2026-03-24,GHSGMD,Dalasi,Selling,6.7180,GMD per GH¢,0.1488538255,GH¢ per GMD,ok,
2026-03-24,GHSGMD,Dalasi,Mid Rate,6.6661,GMD per GH¢,0.1500127511,GH¢ per GMD,ok,
2026-03-24,GHSMRO,Ouguiya,Buying,32.6027,MRO per GH¢,0.0306723063,GH¢ per MRO (old ouguiya; 10 MRO = 1 MRU since 2018),ok,
2026-03-24,GHSMRO,Ouguiya,Selling,32.6941,MRO per GH¢,0.0305865584,GH¢ per MRO (old ouguiya; 10 MRO = 1 MRU since 2018),ok,
2026-03-24,GHSMRO,Ouguiya,Mid Rate,32.6484,MRO per GH¢,0.0306293723,GH¢ per MRO (old ouguiya; 10 MRO = 1 MRU since 2018),ok,
2026-03-24,GHSNGN,Naira,Buying,126.2804,NGN per GH¢,0.0079188853,GH¢ per NGN,ok,
2026-03-24,GHSNGN,Naira,Selling,126.4785,NGN per GH¢,0.0079064821,GH¢ per NGN,ok,
2026-03-24,GHSNGN,Naira,Mid Rate,126.3795,NGN per GH¢,0.0079126757,GH¢ per NGN,ok,
2026-03-24,GHSSLL,Leone,Buying,"2,177.1689",SLL per GH¢,0.459312091,"GH¢ per SLE (new leone; 1 SLE = 1,000 old leones)",ok,
2026-03-24,GHSSLL,Leone,Selling,"2,223.1782",SLL per GH¢,0.4498064977,"GH¢ per SLE (new leone; 1 SLE = 1,000 old leones)",ok,
2026-03-24,GHSSLL,Leone,Mid Rate,"2,200.1736",SLL per GH¢,0.4545095896,"GH¢ per SLE (new leone; 1 SLE = 1,000 old leones)",ok,
2026-03-24,GHSXOF,BCEAO,Buying,51.6538,XOF per GH¢,0.0193596599,GH¢ per XOF (CFA franc (BCEAO)),ok,
2026-03-24,GHSXOF,BCEAO,Selling,51.7006,XOF per GH¢,0.0193421353,GH¢ per XOF (CFA franc (BCEAO)),ok,
2026-03-24,GHSXOF,BCEAO,Mid Rate,51.6772,XOF per GH¢,0.0193508936,GH¢ per XOF (CFA franc (BCEAO)),ok,
2026-03-24,JPYGHS,Japanese yen,Buying,0.0689,GH¢ per JPY,0.0689,GH¢ per JPY,ok,
2026-03-24,JPYGHS,Japanese yen,Selling,0.0690,GH¢ per JPY,0.069,GH¢ per JPY,ok,
2026-03-24,JPYGHS,Japanese yen,Mid Rate,0.0690,GH¢ per JPY,0.069,GH¢ per JPY,ok,
2026-03-24,NOKGHS,Norwegian Krone,Buying,1.1300,GH¢ per NOK,1.13,GH¢ per NOK,ok,
2026-03-24,NOKGHS,Norwegian Krone,Selling,1.1308,GH¢ per NOK,1.1308,GH¢ per NOK,ok,
2026-03-24,NOKGHS,Norwegian Krone,Mid Rate,1.1304,GH¢ per NOK,1.1304,GH¢ per NOK,ok,
2026-03-24,NZDGHS,New Zealand Dollar,Buying,6.3704,GH¢ per NZD,6.3704,GH¢ per NZD,ok,
2026-03-24,NZDGHS,New Zealand Dollar,Selling,6.3787,GH¢ per NZD,6.3787,GH¢ per NZD,ok,
2026-03-24,NZDGHS,New Zealand Dollar,Mid Rate,6.3746,GH¢ per NZD,6.3746,GH¢ per NZD,ok,
2026-03-24,SEKGHS,Swedish Krona,Buying,1.1744,GH¢ per SEK,1.1744,GH¢ per SEK,ok,
2026-03-24,SEKGHS,Swedish Krona,Selling,1.1753,GH¢ per SEK,1.1753,GH¢ per SEK,ok,
2026-03-24,SEKGHS,Swedish Krona,Mid Rate,1.1749,GH¢ per SEK,1.1749,GH¢ per SEK,ok,
2026-03-24,WAUGHS,Ecowas,Buying,0.0142,GH¢ per WAU,0.0142,"GH¢ per WAU (BoG's 'Ecowas' unit, not defined by BoG)",ok,
2026-03-24,WAUGHS,Ecowas,Selling,0.0142,GH¢ per WAU,0.0142,"GH¢ per WAU (BoG's 'Ecowas' unit, not defined by BoG)",ok,
2026-03-24,WAUGHS,Ecowas,Mid Rate,0.0142,GH¢ per WAU,0.0142,"GH¢ per WAU (BoG's 'Ecowas' unit, not defined by BoG)",ok,
2026-03-24,ZARGHS,South African Rand,Buying,0.6431,GH¢ per ZAR,0.6431,GH¢ per ZAR,ok,
2026-03-24,ZARGHS,South African Rand,Selling,0.6434,GH¢ per ZAR,0.6434,GH¢ per ZAR,ok,
2026-03-24,ZARGHS,South African Rand,Mid Rate,0.6433,GH¢ per ZAR,0.6433,GH¢ per ZAR,ok,
2026-03-25,USDGHS,US Dollar,Buying,10.9445,GH¢ per USD,10.9445,GH¢ per USD,ok,
2026-03-25,USDGHS,US Dollar,Selling,10.9555,GH¢ per USD,10.9555,GH¢ per USD,ok,
2026-03-25,USDGHS,US Dollar,Mid Rate,10.9500,GH¢ per USD,10.95,GH¢ per USD,ok,
2026-03-25,AUDGHS,Australian Dollar,Buying,7.6215,GH¢ per AUD,7.6215,GH¢ per AUD,ok,
2026-03-25,AUDGHS,Australian Dollar,Selling,7.6297,GH¢ per AUD,7.6297,GH¢ per AUD,ok,
2026-03-25,AUDGHS,Australian Dollar,Mid Rate,7.6256,GH¢ per AUD,7.6256,GH¢ per AUD,ok,
2026-03-25,CADGHS,Canadian Dollar,Buying,7.9291,GH¢ per CAD,7.9291,GH¢ per CAD,ok,
2026-03-25,CADGHS,Canadian Dollar,Selling,7.9363,GH¢ per CAD,7.9363,GH¢ per CAD,ok,
2026-03-25,CADGHS,Canadian Dollar,Mid Rate,7.9327,GH¢ per CAD,7.9327,GH¢ per CAD,ok,
2026-03-25,CHFGHS,Swiss Franc,Buying,13.8308,GH¢ per CHF,13.8308,GH¢ per CHF,ok,
2026-03-25,CHFGHS,Swiss Franc,Selling,13.8431,GH¢ per CHF,13.8431,GH¢ per CHF,ok,
2026-03-25,CHFGHS,Swiss Franc,Mid Rate,13.8370,GH¢ per CHF,13.837,GH¢ per CHF,ok,
2026-03-25,CNYGHS,Yuan Renminbi,Buying,1.5858,GH¢ per CNY,1.5858,GH¢ per CNY,ok,
2026-03-25,CNYGHS,Yuan Renminbi,Selling,1.5868,GH¢ per CNY,1.5868,GH¢ per CNY,ok,
2026-03-25,CNYGHS,Yuan Renminbi,Mid Rate,1.5863,GH¢ per CNY,1.5863,GH¢ per CNY,ok,
2026-03-25,DKKGHS,Danish Krone,Buying,1.6947,GH¢ per DKK,1.6947,GH¢ per DKK,ok,
2026-03-25,DKKGHS,Danish Krone,Selling,1.6961,GH¢ per DKK,1.6961,GH¢ per DKK,ok,
2026-03-25,DKKGHS,Danish Krone,Mid Rate,1.6954,GH¢ per DKK,1.6954,GH¢ per DKK,ok,
2026-03-25,EURGHS,Euro,Buying,12.6634,GH¢ per EUR,12.6634,GH¢ per EUR,ok,
2026-03-25,EURGHS,Euro,Selling,12.6748,GH¢ per EUR,12.6748,GH¢ per EUR,ok,
2026-03-25,EURGHS,Euro,Mid Rate,12.6691,GH¢ per EUR,12.6691,GH¢ per EUR,ok,
2026-03-25,GBPGHS,Pound Sterling,Buying,14.6427,GH¢ per GBP,14.6427,GH¢ per GBP,ok,
2026-03-25,GBPGHS,Pound Sterling,Selling,14.6584,GH¢ per GBP,14.6584,GH¢ per GBP,ok,
2026-03-25,GBPGHS,Pound Sterling,Mid Rate,14.6506,GH¢ per GBP,14.6506,GH¢ per GBP,ok,
2026-03-25,GHSGMD,Dalasi,Buying,6.6598,GMD per GH¢,0.1501546593,GH¢ per GMD,ok,
2026-03-25,GHSGMD,Dalasi,Selling,6.7180,GMD per GH¢,0.1488538255,GH¢ per GMD,ok,
2026-03-25,GHSGMD,Dalasi,Mid Rate,6.6889,GMD per GH¢,0.1495014128,GH¢ per GMD,ok,
2026-03-25,GHSMRO,Ouguiya,Buying,32.6027,MRO per GH¢,0.0306723063,GH¢ per MRO (old ouguiya; 10 MRO = 1 MRU since 2018),ok,
2026-03-25,GHSMRO,Ouguiya,Selling,32.6941,MRO per GH¢,0.0305865584,GH¢ per MRO (old ouguiya; 10 MRO = 1 MRU since 2018),ok,
2026-03-25,GHSMRO,Ouguiya,Mid Rate,32.6484,MRO per GH¢,0.0306293723,GH¢ per MRO (old ouguiya; 10 MRO = 1 MRU since 2018),ok,
2026-03-25,GHSNGN,Naira,Buying,125.6247,NGN per GH¢,0.007960218,GH¢ per NGN,ok,
2026-03-25,GHSNGN,Naira,Selling,127.3388,NGN per GH¢,0.007853066,GH¢ per NGN,ok,
2026-03-25,GHSNGN,Naira,Mid Rate,126.4818,NGN per GH¢,0.0079062758,GH¢ per NGN,ok,
2026-03-25,GHSSLL,Leone,Buying,"2,177.1689",SLL per GH¢,0.459312091,"GH¢ per SLE (new leone; 1 SLE = 1,000 old leones)",ok,
2026-03-25,GHSSLL,Leone,Selling,"2,221.9463",SLL per GH¢,0.4500558812,"GH¢ per SLE (new leone; 1 SLE = 1,000 old leones)",ok,
2026-03-25,GHSSLL,Leone,Mid Rate,"2,199.5576",SLL per GH¢,0.4546368779,"GH¢ per SLE (new leone; 1 SLE = 1,000 old leones)",ok,
2026-03-25,GHSXOF,BCEAO,Buying,51.7528,XOF per GH¢,0.019322626,GH¢ per XOF (CFA franc (BCEAO)),ok,
2026-03-25,GHSXOF,BCEAO,Selling,51.7994,XOF per GH¢,0.0193052429,GH¢ per XOF (CFA franc (BCEAO)),ok,
2026-03-25,GHSXOF,BCEAO,Mid Rate,51.7761,XOF per GH¢,0.0193139306,GH¢ per XOF (CFA franc (BCEAO)),ok,
2026-03-25,JPYGHS,Japanese yen,Buying,0.0687,GH¢ per JPY,0.0687,GH¢ per JPY,ok,
2026-03-25,JPYGHS,Japanese yen,Selling,0.0688,GH¢ per JPY,0.0688,GH¢ per JPY,ok,
2026-03-25,JPYGHS,Japanese yen,Mid Rate,0.0688,GH¢ per JPY,0.0688,GH¢ per JPY,ok,
2026-03-25,NOKGHS,Norwegian Krone,Buying,1.1301,GH¢ per NOK,1.1301,GH¢ per NOK,ok,
2026-03-25,NOKGHS,Norwegian Krone,Selling,1.1308,GH¢ per NOK,1.1308,GH¢ per NOK,ok,
2026-03-25,NOKGHS,Norwegian Krone,Mid Rate,1.1305,GH¢ per NOK,1.1305,GH¢ per NOK,ok,
2026-03-25,NZDGHS,New Zealand Dollar,Buying,6.3681,GH¢ per NZD,6.3681,GH¢ per NZD,ok,
2026-03-25,NZDGHS,New Zealand Dollar,Selling,6.3764,GH¢ per NZD,6.3764,GH¢ per NZD,ok,
2026-03-25,NZDGHS,New Zealand Dollar,Mid Rate,6.3723,GH¢ per NZD,6.3723,GH¢ per NZD,ok,
2026-03-25,SEKGHS,Swedish Krona,Buying,1.1731,GH¢ per SEK,1.1731,GH¢ per SEK,ok,
2026-03-25,SEKGHS,Swedish Krona,Selling,1.1739,GH¢ per SEK,1.1739,GH¢ per SEK,ok,
2026-03-25,SEKGHS,Swedish Krona,Mid Rate,1.1735,GH¢ per SEK,1.1735,GH¢ per SEK,ok,
2026-03-25,WAUGHS,Ecowas,Buying,0.0142,GH¢ per WAU,0.0142,"GH¢ per WAU (BoG's 'Ecowas' unit, not defined by BoG)",ok,
2026-03-25,WAUGHS,Ecowas,Selling,0.0142,GH¢ per WAU,0.0142,"GH¢ per WAU (BoG's 'Ecowas' unit, not defined by BoG)",ok,
2026-03-25,WAUGHS,Ecowas,Mid Rate,0.0142,GH¢ per WAU,0.0142,"GH¢ per WAU (BoG's 'Ecowas' unit, not defined by BoG)",ok,
2026-03-25,ZARGHS,South African Rand,Buying,0.6479,GH¢ per ZAR,0.6479,GH¢ per ZAR,ok,
2026-03-25,ZARGHS,South African Rand,Selling,0.6481,GH¢ per ZAR,0.6481,GH¢ per ZAR,ok,
2026-03-25,ZARGHS,South African Rand,Mid Rate,0.6480,GH¢ per ZAR,0.648,GH¢ per ZAR,ok,
2026-03-26,USDGHS,US Dollar,Buying,10.9545,GH¢ per USD,10.9545,GH¢ per USD,ok,
2026-03-26,USDGHS,US Dollar,Selling,10.9655,GH¢ per USD,10.9655,GH¢ per USD,ok,
2026-03-26,USDGHS,US Dollar,Mid Rate,10.9600,GH¢ per USD,10.96,GH¢ per USD,ok,
2026-03-26,AUDGHS,Australian Dollar,Buying,7.5580,GH¢ per AUD,7.558,GH¢ per AUD,ok,
2026-03-26,AUDGHS,Australian Dollar,Selling,7.5676,GH¢ per AUD,7.5676,GH¢ per AUD,ok,
2026-03-26,AUDGHS,Australian Dollar,Mid Rate,7.5628,GH¢ per AUD,7.5628,GH¢ per AUD,ok,
2026-03-26,CADGHS,Canadian Dollar,Buying,7.9119,GH¢ per CAD,7.9119,GH¢ per CAD,ok,
2026-03-26,CADGHS,Canadian Dollar,Selling,7.9196,GH¢ per CAD,7.9196,GH¢ per CAD,ok,
2026-03-26,CADGHS,Canadian Dollar,Mid Rate,7.9158,GH¢ per CAD,7.9158,GH¢ per CAD,ok,
2026-03-26,CHFGHS,Swiss Franc,Buying,13.7940,GH¢ per CHF,13.794,GH¢ per CHF,ok,
2026-03-26,CHFGHS,Swiss Franc,Selling,13.8062,GH¢ per CHF,13.8062,GH¢ per CHF,ok,
2026-03-26,CHFGHS,Swiss Franc,Mid Rate,13.8001,GH¢ per CHF,13.8001,GH¢ per CHF,ok,
2026-03-26,CNYGHS,Yuan Renminbi,Buying,1.5852,GH¢ per CNY,1.5852,GH¢ per CNY,ok,
2026-03-26,CNYGHS,Yuan Renminbi,Selling,1.5861,GH¢ per CNY,1.5861,GH¢ per CNY,ok,
2026-03-26,CNYGHS,Yuan Renminbi,Mid Rate,1.5857,GH¢ per CNY,1.5857,GH¢ per CNY,ok,
2026-03-26,DKKGHS,Danish Krone,Buying,1.6912,GH¢ per DKK,1.6912,GH¢ per DKK,ok,
2026-03-26,DKKGHS,Danish Krone,Selling,1.6927,GH¢ per DKK,1.6927,GH¢ per DKK,ok,
2026-03-26,DKKGHS,Danish Krone,Mid Rate,1.6920,GH¢ per DKK,1.692,GH¢ per DKK,ok,
2026-03-26,EURGHS,Euro,Buying,12.6369,GH¢ per EUR,12.6369,GH¢ per EUR,ok,
2026-03-26,EURGHS,Euro,Selling,12.6483,GH¢ per EUR,12.6483,GH¢ per EUR,ok,
2026-03-26,EURGHS,Euro,Mid Rate,12.6426,GH¢ per EUR,12.6426,GH¢ per EUR,ok,
2026-03-26,GBPGHS,Pound Sterling,Buying,14.6133,GH¢ per GBP,14.6133,GH¢ per GBP,ok,
2026-03-26,GBPGHS,Pound Sterling,Selling,14.6290,GH¢ per GBP,14.629,GH¢ per GBP,ok,
2026-03-26,GBPGHS,Pound Sterling,Mid Rate,14.6212,GH¢ per GBP,14.6212,GH¢ per GBP,ok,
2026-03-26,GHSGMD,Dalasi,Buying,6.6537,GMD per GH¢,0.1502923186,GH¢ per GMD,ok,
2026-03-26,GHSGMD,Dalasi,Selling,6.7119,GMD per GH¢,0.1489891089,GH¢ per GMD,ok,
2026-03-26,GHSGMD,Dalasi,Mid Rate,6.6828,GMD per GH¢,0.1496378763,GH¢ per GMD,ok,
2026-03-26,GHSMRO,Ouguiya,Buying,32.5730,MRO per GH¢,0.0307002732,GH¢ per MRO (old ouguiya; 10 MRO = 1 MRU since 2018),ok,
2026-03-26,GHSMRO,Ouguiya,Selling,32.6642,MRO per GH¢,0.0306145566,GH¢ per MRO (old ouguiya; 10 MRO = 1 MRU since 2018),ok,
2026-03-26,GHSMRO,Ouguiya,Mid Rate,32.6186,MRO per GH¢,0.030657355,GH¢ per MRO (old ouguiya; 10 MRO = 1 MRU since 2018),ok,
2026-03-26,GHSNGN,Naira,Buying,126.4544,NGN per GH¢,0.007907989,GH¢ per NGN,ok,
2026-03-26,GHSNGN,Naira,Selling,126.5912,NGN per GH¢,0.0078994432,GH¢ per NGN,ok,
2026-03-26,GHSNGN,Naira,Mid Rate,126.5228,NGN per GH¢,0.0079037138,GH¢ per NGN,ok,
2026-03-26,GHSSLL,Leone,Buying,"2,175.1825",SLL per GH¢,0.4597315398,"GH¢ per SLE (new leone; 1 SLE = 1,000 old leones)",ok,
2026-03-26,GHSSLL,Leone,Selling,"2,224.8460",SLL per GH¢,0.4494693116,"GH¢ per SLE (new leone; 1 SLE = 1,000 old leones)",ok,
2026-03-26,GHSSLL,Leone,Mid Rate,"2,200.0143",SLL per GH¢,0.4545425,"GH¢ per SLE (new leone; 1 SLE = 1,000 old leones)",ok,
2026-03-26,GHSXOF,BCEAO,Buying,51.8613,XOF per GH¢,0.0192822008,GH¢ per XOF (CFA franc (BCEAO)),ok,
2026-03-26,GHSXOF,BCEAO,Selling,51.9081,XOF per GH¢,0.0192648161,GH¢ per XOF (CFA franc (BCEAO)),ok,
2026-03-26,GHSXOF,BCEAO,Mid Rate,51.8847,XOF per GH¢,0.0192735045,GH¢ per XOF (CFA franc (BCEAO)),ok,
2026-03-26,JPYGHS,Japanese yen,Buying,0.0686,GH¢ per JPY,0.0686,GH¢ per JPY,ok,
2026-03-26,JPYGHS,Japanese yen,Selling,0.0687,GH¢ per JPY,0.0687,GH¢ per JPY,ok,
2026-03-26,JPYGHS,Japanese yen,Mid Rate,0.0687,GH¢ per JPY,0.0687,GH¢ per JPY,ok,
2026-03-26,NOKGHS,Norwegian Krone,Buying,1.1314,GH¢ per NOK,1.1314,GH¢ per NOK,ok,
2026-03-26,NOKGHS,Norwegian Krone,Selling,1.1322,GH¢ per NOK,1.1322,GH¢ per NOK,ok,
2026-03-26,NOKGHS,Norwegian Krone,Mid Rate,1.1318,GH¢ per NOK,1.1318,GH¢ per NOK,ok,
2026-03-26,NZDGHS,New Zealand Dollar,Buying,6.3188,GH¢ per NZD,6.3188,GH¢ per NZD,ok,
2026-03-26,NZDGHS,New Zealand Dollar,Selling,6.3271,GH¢ per NZD,6.3271,GH¢ per NZD,ok,
2026-03-26,NZDGHS,New Zealand Dollar,Mid Rate,6.3230,GH¢ per NZD,6.323,GH¢ per NZD,ok,
2026-03-26,SEKGHS,Swedish Krona,Buying,1.1622,GH¢ per SEK,1.1622,GH¢ per SEK,ok,
2026-03-26,SEKGHS,Swedish Krona,Selling,1.1631,GH¢ per SEK,1.1631,GH¢ per SEK,ok,
2026-03-26,SEKGHS,Swedish Krona,Mid Rate,1.1627,GH¢ per SEK,1.1627,GH¢ per SEK,ok,
2026-03-26,WAUGHS,Ecowas,Buying,0.0142,GH¢ per WAU,0.0142,"GH¢ per WAU (BoG's 'Ecowas' unit, not defined by BoG)",ok,
2026-03-26,WAUGHS,Ecowas,Selling,0.0142,GH¢ per WAU,0.0142,"GH¢ per WAU (BoG's 'Ecowas' unit, not defined by BoG)",ok,
2026-03-26,WAUGHS,Ecowas,Mid Rate,0.0142,GH¢ per WAU,0.0142,"GH¢ per WAU (BoG's 'Ecowas' unit, not defined by BoG)",ok,
2026-03-26,ZARGHS,South African Rand,Buying,0.6411,GH¢ per ZAR,0.6411,GH¢ per ZAR,ok,
2026-03-26,ZARGHS,South African Rand,Selling,0.6413,GH¢ per ZAR,0.6413,GH¢ per ZAR,ok,
2026-03-26,ZARGHS,South African Rand,Mid Rate,0.6412,GH¢ per ZAR,0.6412,GH¢ per ZAR,ok,
2026-03-27,USDGHS,US Dollar,Buying,10.9645,GH¢ per USD,10.9645,GH¢ per USD,ok,
2026-03-27,USDGHS,US Dollar,Selling,10.9755,GH¢ per USD,10.9755,GH¢ per USD,ok,
2026-03-27,USDGHS,US Dollar,Mid Rate,10.9700,GH¢ per USD,10.97,GH¢ per USD,ok,
2026-03-27,AUDGHS,Australian Dollar,Buying,7.5511,GH¢ per AUD,7.5511,GH¢ per AUD,ok,
2026-03-27,AUDGHS,Australian Dollar,Selling,7.5593,GH¢ per AUD,7.5593,GH¢ per AUD,ok,
2026-03-27,AUDGHS,Australian Dollar,Mid Rate,7.5552,GH¢ per AUD,7.5552,GH¢ per AUD,ok,
2026-03-27,CADGHS,Canadian Dollar,Buying,7.9023,GH¢ per CAD,7.9023,GH¢ per CAD,ok,
2026-03-27,CADGHS,Canadian Dollar,Selling,7.9099,GH¢ per CAD,7.9099,GH¢ per CAD,ok,
2026-03-27,CADGHS,Canadian Dollar,Mid Rate,7.9061,GH¢ per CAD,7.9061,GH¢ per CAD,ok,
2026-03-27,CHFGHS,Swiss Franc,Buying,13.7626,GH¢ per CHF,13.7626,GH¢ per CHF,ok,
2026-03-27,CHFGHS,Swiss Franc,Selling,13.7748,GH¢ per CHF,13.7748,GH¢ per CHF,ok,
2026-03-27,CHFGHS,Swiss Franc,Mid Rate,13.7687,GH¢ per CHF,13.7687,GH¢ per CHF,ok,
2026-03-27,CNYGHS,Yuan Renminbi,Buying,1.5868,GH¢ per CNY,1.5868,GH¢ per CNY,ok,
2026-03-27,CNYGHS,Yuan Renminbi,Selling,1.5880,GH¢ per CNY,1.588,GH¢ per CNY,ok,
2026-03-27,CNYGHS,Yuan Renminbi,Mid Rate,1.5874,GH¢ per CNY,1.5874,GH¢ per CNY,ok,
2026-03-27,DKKGHS,Danish Krone,Buying,1.6906,GH¢ per DKK,1.6906,GH¢ per DKK,ok,
2026-03-27,DKKGHS,Danish Krone,Selling,1.6921,GH¢ per DKK,1.6921,GH¢ per DKK,ok,
2026-03-27,DKKGHS,Danish Krone,Mid Rate,1.6914,GH¢ per DKK,1.6914,GH¢ per DKK,ok,
2026-03-27,EURGHS,Euro,Buying,12.6338,GH¢ per EUR,12.6338,GH¢ per EUR,ok,
2026-03-27,EURGHS,Euro,Selling,12.6441,GH¢ per EUR,12.6441,GH¢ per EUR,ok,
2026-03-27,EURGHS,Euro,Mid Rate,12.6390,GH¢ per EUR,12.639,GH¢ per EUR,ok,
2026-03-27,GBPGHS,Pound Sterling,Buying,14.5718,GH¢ per GBP,14.5718,GH¢ per GBP,ok,
2026-03-27,GBPGHS,Pound Sterling,Selling,14.5875,GH¢ per GBP,14.5875,GH¢ per GBP,ok,
2026-03-27,GBPGHS,Pound Sterling,Mid Rate,14.5797,GH¢ per GBP,14.5797,GH¢ per GBP,ok,
2026-03-27,GHSGMD,Dalasi,Buying,6.6477,GMD per GH¢,0.1504279676,GH¢ per GMD,ok,
2026-03-27,GHSGMD,Dalasi,Selling,6.7058,GMD per GH¢,0.1491246384,GH¢ per GMD,ok,
2026-03-27,GHSGMD,Dalasi,Mid Rate,6.6768,GMD per GH¢,0.149772346,GH¢ per GMD,ok,
2026-03-27,GHSMRO,Ouguiya,Buying,32.5433,MRO per GH¢,0.0307282912,GH¢ per MRO (old ouguiya; 10 MRO = 1 MRU since 2018),ok,
2026-03-27,GHSMRO,Ouguiya,Selling,32.6345,MRO per GH¢,0.0306424183,GH¢ per MRO (old ouguiya; 10 MRO = 1 MRU since 2018),ok,
2026-03-27,GHSMRO,Ouguiya,Mid Rate,32.5889,MRO per GH¢,0.0306852947,GH¢ per MRO (old ouguiya; 10 MRO = 1 MRU since 2018),ok,
2026-03-27,GHSNGN,Naira,Buying,126.0346,NGN per GH¢,0.0079343291,GH¢ per NGN,ok,
2026-03-27,GHSNGN,Naira,Selling,126.1258,NGN per GH¢,0.0079285919,GH¢ per NGN,ok,
2026-03-27,GHSNGN,Naira,Mid Rate,126.0802,NGN per GH¢,0.0079314595,GH¢ per NGN,ok,
2026-03-27,GHSSLL,Leone,Buying,"2,173.1996",SLL per GH¢,0.4601510142,"GH¢ per SLE (new leone; 1 SLE = 1,000 old leones)",ok,
2026-03-27,GHSSLL,Leone,Selling,"2,224.8398",SLL per GH¢,0.4494705641,"GH¢ per SLE (new leone; 1 SLE = 1,000 old leones)",ok,
2026-03-27,GHSSLL,Leone,Mid Rate,"2,199.0197",SLL per GH¢,0.4547480862,"GH¢ per SLE (new leone; 1 SLE = 1,000 old leones)",ok,
2026-03-27,GHSXOF,BCEAO,Buying,51.8785,XOF per GH¢,0.0192758079,GH¢ per XOF (CFA franc (BCEAO)),ok,
2026-03-27,GHSXOF,BCEAO,Selling,51.9208,XOF per GH¢,0.0192601039,GH¢ per XOF (CFA franc (BCEAO)),ok,
2026-03-27,GHSXOF,BCEAO,Mid Rate,51.8997,XOF per GH¢,0.0192679341,GH¢ per XOF (CFA franc (BCEAO)),ok,
2026-03-27,JPYGHS,Japanese yen,Buying,0.0685,GH¢ per JPY,0.0685,GH¢ per JPY,ok,
2026-03-27,JPYGHS,Japanese yen,Selling,0.0685,GH¢ per JPY,0.0685,GH¢ per JPY,ok,
2026-03-27,JPYGHS,Japanese yen,Mid Rate,0.0685,GH¢ per JPY,0.0685,GH¢ per JPY,ok,
2026-03-27,NOKGHS,Norwegian Krone,Buying,1.1257,GH¢ per NOK,1.1257,GH¢ per NOK,ok,
2026-03-27,NOKGHS,Norwegian Krone,Selling,1.1265,GH¢ per NOK,1.1265,GH¢ per NOK,ok,
2026-03-27,NOKGHS,Norwegian Krone,Mid Rate,1.1261,GH¢ per NOK,1.1261,GH¢ per NOK,ok,
2026-03-27,NZDGHS,New Zealand Dollar,Buying,6.3096,GH¢ per NZD,6.3096,GH¢ per NZD,ok,
2026-03-27,NZDGHS,New Zealand Dollar,Selling,6.3179,GH¢ per NZD,6.3179,GH¢ per NZD,ok,
2026-03-27,NZDGHS,New Zealand Dollar,Mid Rate,6.3138,GH¢ per NZD,6.3138,GH¢ per NZD,ok,
2026-03-27,SEKGHS,Swedish Krona,Buying,1.1589,GH¢ per SEK,1.1589,GH¢ per SEK,ok,
2026-03-27,SEKGHS,Swedish Krona,Selling,1.1598,GH¢ per SEK,1.1598,GH¢ per SEK,ok,
2026-03-27,SEKGHS,Swedish Krona,Mid Rate,1.1594,GH¢ per SEK,1.1594,GH¢ per SEK,ok,
2026-03-27,WAUGHS,Ecowas,Buying,0.0142,GH¢ per WAU,0.0142,"GH¢ per WAU (BoG's 'Ecowas' unit, not defined by BoG)",ok,
2026-03-27,WAUGHS,Ecowas,Selling,0.0142,GH¢ per WAU,0.0142,"GH¢ per WAU (BoG's 'Ecowas' unit, not defined by BoG)",ok,
2026-03-27,WAUGHS,Ecowas,Mid Rate,0.0142,GH¢ per WAU,0.0142,"GH¢ per WAU (BoG's 'Ecowas' unit, not defined by BoG)",ok,
2026-03-27,ZARGHS,South African Rand,Buying,0.6412,GH¢ per ZAR,0.6412,GH¢ per ZAR,ok,
2026-03-27,ZARGHS,South African Rand,Selling,0.6415,GH¢ per ZAR,0.6415,GH¢ per ZAR,ok,
2026-03-27,ZARGHS,South African Rand,Mid Rate,0.6414,GH¢ per ZAR,0.6414,GH¢ per ZAR,ok,
2026-03-30,USDGHS,US Dollar,Buying,10.9845,GH¢ per USD,10.9845,GH¢ per USD,ok,
2026-03-30,USDGHS,US Dollar,Selling,10.9955,GH¢ per USD,10.9955,GH¢ per USD,ok,
2026-03-30,USDGHS,US Dollar,Mid Rate,10.9900,GH¢ per USD,10.99,GH¢ per USD,ok,
2026-03-30,AUDGHS,Australian Dollar,Buying,7.5320,GH¢ per AUD,7.532,GH¢ per AUD,ok,
2026-03-30,AUDGHS,Australian Dollar,Selling,7.5401,GH¢ per AUD,7.5401,GH¢ per AUD,ok,
2026-03-30,AUDGHS,Australian Dollar,Mid Rate,7.5361,GH¢ per AUD,7.5361,GH¢ per AUD,ok,
2026-03-30,CADGHS,Canadian Dollar,Buying,7.8873,GH¢ per CAD,7.8873,GH¢ per CAD,ok,
2026-03-30,CADGHS,Canadian Dollar,Selling,7.8950,GH¢ per CAD,7.895,GH¢ per CAD,ok,
2026-03-30,CADGHS,Canadian Dollar,Mid Rate,7.8912,GH¢ per CAD,7.8912,GH¢ per CAD,ok,
2026-03-30,CHFGHS,Swiss Franc,Buying,13.7322,GH¢ per CHF,13.7322,GH¢ per CHF,ok,
2026-03-30,CHFGHS,Swiss Franc,Selling,13.7457,GH¢ per CHF,13.7457,GH¢ per CHF,ok,
2026-03-30,CHFGHS,Swiss Franc,Mid Rate,13.7390,GH¢ per CHF,13.739,GH¢ per CHF,ok,
2026-03-30,CNYGHS,Yuan Renminbi,Buying,1.5893,GH¢ per CNY,1.5893,GH¢ per CNY,ok,
2026-03-30,CNYGHS,Yuan Renminbi,Selling,1.5907,GH¢ per CNY,1.5907,GH¢ per CNY,ok,
2026-03-30,CNYGHS,Yuan Renminbi,Mid Rate,1.5900,GH¢ per CNY,1.59,GH¢ per CNY,ok,
2026-03-30,DKKGHS,Danish Krone,Buying,1.6842,GH¢ per DKK,1.6842,GH¢ per DKK,ok,
2026-03-30,DKKGHS,Danish Krone,Selling,1.6855,GH¢ per DKK,1.6855,GH¢ per DKK,ok,
2026-03-30,DKKGHS,Danish Krone,Mid Rate,1.6849,GH¢ per DKK,1.6849,GH¢ per DKK,ok,
2026-03-30,EURGHS,Euro,Buying,12.5840,GH¢ per EUR,12.584,GH¢ per EUR,ok,
2026-03-30,EURGHS,Euro,Selling,12.5953,GH¢ per EUR,12.5953,GH¢ per EUR,ok,
2026-03-30,EURGHS,Euro,Mid Rate,12.5897,GH¢ per EUR,12.5897,GH¢ per EUR,ok,
2026-03-30,GBPGHS,Pound Sterling,Buying,14.4930,GH¢ per GBP,14.493,GH¢ per GBP,ok,
2026-03-30,GBPGHS,Pound Sterling,Selling,14.5086,GH¢ per GBP,14.5086,GH¢ per GBP,ok,
2026-03-30,GBPGHS,Pound Sterling,Mid Rate,14.5008,GH¢ per GBP,14.5008,GH¢ per GBP,ok,
2026-03-30,GHSGMD,Dalasi,Buying,6.6356,GMD per GH¢,0.1507022726,GH¢ per GMD,ok,
2026-03-30,GHSGMD,Dalasi,Selling,6.7334,GMD per GH¢,0.1485133811,GH¢ per GMD,ok,
2026-03-30,GHSGMD,Dalasi,Mid Rate,6.6845,GMD per GH¢,0.1495998205,GH¢ per GMD,ok,
2026-03-30,GHSMRO,Ouguiya,Buying,32.4841,MRO per GH¢,0.0307842914,GH¢ per MRO (old ouguiya; 10 MRO = 1 MRU since 2018),ok,
2026-03-30,GHSMRO,Ouguiya,Selling,32.5751,MRO per GH¢,0.0306982941,GH¢ per MRO (old ouguiya; 10 MRO = 1 MRU since 2018),ok,
2026-03-30,GHSMRO,Ouguiya,Mid Rate,32.5296,MRO per GH¢,0.0307412326,GH¢ per MRO (old ouguiya; 10 MRO = 1 MRU since 2018),ok,
2026-03-30,GHSNGN,Naira,Buying,125.9172,NGN per GH¢,0.0079417268,GH¢ per NGN,ok,
2026-03-30,GHSNGN,Naira,Selling,126.0036,NGN per GH¢,0.0079362812,GH¢ per NGN,ok,
2026-03-30,GHSNGN,Naira,Mid Rate,125.9604,NGN per GH¢,0.0079390031,GH¢ per NGN,ok,
2026-03-30,GHSSLL,Leone,Buying,"2,169.2448",SLL per GH¢,0.4609899261,"GH¢ per SLE (new leone; 1 SLE = 1,000 old leones)",ok,
2026-03-30,GHSSLL,Leone,Selling,"2,217.5216",SLL per GH¢,0.4509538938,"GH¢ per SLE (new leone; 1 SLE = 1,000 old leones)",ok,
2026-03-30,GHSSLL,Leone,Mid Rate,"2,193.3832",SLL per GH¢,0.4559166861,"GH¢ per SLE (new leone; 1 SLE = 1,000 old leones)",ok,
2026-03-30,GHSXOF,BCEAO,Buying,52.0795,XOF per GH¢,0.0192014132,GH¢ per XOF (CFA franc (BCEAO)),ok,
2026-03-30,GHSXOF,BCEAO,Selling,52.1263,XOF per GH¢,0.0191841738,GH¢ per XOF (CFA franc (BCEAO)),ok,
2026-03-30,GHSXOF,BCEAO,Mid Rate,52.1029,XOF per GH¢,0.0191927897,GH¢ per XOF (CFA franc (BCEAO)),ok,
2026-03-30,JPYGHS,Japanese yen,Buying,0.0689,GH¢ per JPY,0.0689,GH¢ per JPY,ok,
2026-03-30,JPYGHS,Japanese yen,Selling,0.0690,GH¢ per JPY,0.069,GH¢ per JPY,ok,
2026-03-30,JPYGHS,Japanese yen,Mid Rate,0.0690,GH¢ per JPY,0.069,GH¢ per JPY,ok,
2026-03-30,NOKGHS,Norwegian Krone,Buying,1.1250,GH¢ per NOK,1.125,GH¢ per NOK,ok,
2026-03-30,NOKGHS,Norwegian Krone,Selling,1.1255,GH¢ per NOK,1.1255,GH¢ per NOK,ok,
2026-03-30,NOKGHS,Norwegian Krone,Mid Rate,1.1253,GH¢ per NOK,1.1253,GH¢ per NOK,ok,
2026-03-30,NZDGHS,New Zealand Dollar,Buying,6.2769,GH¢ per NZD,6.2769,GH¢ per NZD,ok,
2026-03-30,NZDGHS,New Zealand Dollar,Selling,6.2851,GH¢ per NZD,6.2851,GH¢ per NZD,ok,
2026-03-30,NZDGHS,New Zealand Dollar,Mid Rate,6.2810,GH¢ per NZD,6.281,GH¢ per NZD,ok,
2026-03-30,SEKGHS,Swedish Krona,Buying,1.1508,GH¢ per SEK,1.1508,GH¢ per SEK,ok,
2026-03-30,SEKGHS,Swedish Krona,Selling,1.1516,GH¢ per SEK,1.1516,GH¢ per SEK,ok,
2026-03-30,SEKGHS,Swedish Krona,Mid Rate,1.1512,GH¢ per SEK,1.1512,GH¢ per SEK,ok,
2026-03-30,WAUGHS,Ecowas,Buying,0.0141,GH¢ per WAU,0.0141,"GH¢ per WAU (BoG's 'Ecowas' unit, not defined by BoG)",ok,
2026-03-30,WAUGHS,Ecowas,Selling,0.0141,GH¢ per WAU,0.0141,"GH¢ per WAU (BoG's 'Ecowas' unit, not defined by BoG)",ok,
2026-03-30,WAUGHS,Ecowas,Mid Rate,0.0141,GH¢ per WAU,0.0141,"GH¢ per WAU (BoG's 'Ecowas' unit, not defined by BoG)",ok,
2026-03-30,ZARGHS,South African Rand,Buying,0.6409,GH¢ per ZAR,0.6409,GH¢ per ZAR,ok,
2026-03-30,ZARGHS,South African Rand,Selling,0.6410,GH¢ per ZAR,0.641,GH¢ per ZAR,ok,
2026-03-30,ZARGHS,South African Rand,Mid Rate,0.6410,GH¢ per ZAR,0.641,GH¢ per ZAR,ok,
2026-03-31,USDGHS,US Dollar,Buying,10.9925,GH¢ per USD,10.9925,GH¢ per USD,ok,
2026-03-31,USDGHS,US Dollar,Selling,11.0035,GH¢ per USD,11.0035,GH¢ per USD,ok,
2026-03-31,USDGHS,US Dollar,Mid Rate,10.9980,GH¢ per USD,10.998,GH¢ per USD,ok,
2026-03-31,AUDGHS,Australian Dollar,Buying,7.5407,GH¢ per AUD,7.5407,GH¢ per AUD,ok,
2026-03-31,AUDGHS,Australian Dollar,Selling,7.5488,GH¢ per AUD,7.5488,GH¢ per AUD,ok,
2026-03-31,AUDGHS,Australian Dollar,Mid Rate,7.5448,GH¢ per AUD,7.5448,GH¢ per AUD,ok,
2026-03-31,CADGHS,Canadian Dollar,Buying,7.8824,GH¢ per CAD,7.8824,GH¢ per CAD,ok,
2026-03-31,CADGHS,Canadian Dollar,Selling,7.8901,GH¢ per CAD,7.8901,GH¢ per CAD,ok,
2026-03-31,CADGHS,Canadian Dollar,Mid Rate,7.8863,GH¢ per CAD,7.8863,GH¢ per CAD,ok,
2026-03-31,CHFGHS,Swiss Franc,Buying,13.7025,GH¢ per CHF,13.7025,GH¢ per CHF,ok,
2026-03-31,CHFGHS,Swiss Franc,Selling,13.7146,GH¢ per CHF,13.7146,GH¢ per CHF,ok,
2026-03-31,CHFGHS,Swiss Franc,Mid Rate,13.7086,GH¢ per CHF,13.7086,GH¢ per CHF,ok,
2026-03-31,CNYGHS,Yuan Renminbi,Buying,1.5941,GH¢ per CNY,1.5941,GH¢ per CNY,ok,
2026-03-31,CNYGHS,Yuan Renminbi,Selling,1.5948,GH¢ per CNY,1.5948,GH¢ per CNY,ok,
2026-03-31,CNYGHS,Yuan Renminbi,Mid Rate,1.5945,GH¢ per CNY,1.5945,GH¢ per CNY,ok,
2026-03-31,DKKGHS,Danish Krone,Buying,1.6965,GH¢ per DKK,1.6965,GH¢ per DKK,ok,
2026-03-31,DKKGHS,Danish Krone,Selling,1.6978,GH¢ per DKK,1.6978,GH¢ per DKK,ok,
2026-03-31,DKKGHS,Danish Krone,Mid Rate,1.6972,GH¢ per DKK,1.6972,GH¢ per DKK,ok,
2026-03-31,EURGHS,Euro,Buying,12.6726,GH¢ per EUR,12.6726,GH¢ per EUR,ok,
2026-03-31,EURGHS,Euro,Selling,12.6852,GH¢ per EUR,12.6852,GH¢ per EUR,ok,
2026-03-31,EURGHS,Euro,Mid Rate,12.6789,GH¢ per EUR,12.6789,GH¢ per EUR,ok,
2026-03-31,GBPGHS,Pound Sterling,Buying,14.5013,GH¢ per GBP,14.5013,GH¢ per GBP,ok,
2026-03-31,GBPGHS,Pound Sterling,Selling,14.5169,GH¢ per GBP,14.5169,GH¢ per GBP,ok,
2026-03-31,GBPGHS,Pound Sterling,Mid Rate,14.5091,GH¢ per GBP,14.5091,GH¢ per GBP,ok,
2026-03-31,GHSGMD,Dalasi,Buying,6.6330,GMD per GH¢,0.1507613448,GH¢ per GMD,ok,
2026-03-31,GHSGMD,Dalasi,Selling,6.7137,GMD per GH¢,0.1489491637,GH¢ per GMD,ok,
2026-03-31,GHSGMD,Dalasi,Mid Rate,6.6734,GMD per GH¢,0.1498486529,GH¢ per GMD,ok,
2026-03-31,GHSMRO,Ouguiya,Buying,32.4604,MRO per GH¢,0.0308067676,GH¢ per MRO (old ouguiya; 10 MRO = 1 MRU since 2018),ok,
2026-03-31,GHSMRO,Ouguiya,Selling,32.5514,MRO per GH¢,0.0307206449,GH¢ per MRO (old ouguiya; 10 MRO = 1 MRU since 2018),ok,
2026-03-31,GHSMRO,Ouguiya,Mid Rate,32.5059,MRO per GH¢,0.030763646,GH¢ per MRO (old ouguiya; 10 MRO = 1 MRU since 2018),ok,
2026-03-31,GHSNGN,Naira,Buying,125.9311,NGN per GH¢,0.0079408502,GH¢ per NGN,ok,
2026-03-31,GHSNGN,Naira,Selling,126.0238,NGN per GH¢,0.0079350091,GH¢ per NGN,ok,
2026-03-31,GHSNGN,Naira,Mid Rate,125.9775,NGN per GH¢,0.0079379254,GH¢ per NGN,ok,
2026-03-31,GHSSLL,Leone,Buying,"2,168.5772",SLL per GH¢,0.4611318426,"GH¢ per SLE (new leone; 1 SLE = 1,000 old leones)",ok,
2026-03-31,GHSSLL,Leone,Selling,"2,218.6626",SLL per GH¢,0.45072198,"GH¢ per SLE (new leone; 1 SLE = 1,000 old leones)",ok,
2026-03-31,GHSSLL,Leone,Mid Rate,"2,193.6199",SLL per GH¢,0.455867491,"GH¢ per SLE (new leone; 1 SLE = 1,000 old leones)",ok,
2026-03-31,GHSXOF,BCEAO,Buying,51.7104,XOF per GH¢,0.0193384696,GH¢ per XOF (CFA franc (BCEAO)),ok,
2026-03-31,GHSXOF,BCEAO,Selling,51.7618,XOF per GH¢,0.0193192663,GH¢ per XOF (CFA franc (BCEAO)),ok,
2026-03-31,GHSXOF,BCEAO,Mid Rate,51.7361,XOF per GH¢,0.0193288632,GH¢ per XOF (CFA franc (BCEAO)),ok,
2026-03-31,JPYGHS,Japanese yen,Buying,0.0691,GH¢ per JPY,0.0691,GH¢ per JPY,ok,
2026-03-31,JPYGHS,Japanese yen,Selling,0.0691,GH¢ per JPY,0.0691,GH¢ per JPY,ok,
2026-03-31,JPYGHS,Japanese yen,Mid Rate,0.0691,GH¢ per JPY,0.0691,GH¢ per JPY,ok,
2026-03-31,NOKGHS,Norwegian Krone,Buying,1.1287,GH¢ per NOK,1.1287,GH¢ per NOK,ok,
2026-03-31,NOKGHS,Norwegian Krone,Selling,1.1290,GH¢ per NOK,1.129,GH¢ per NOK,ok,
2026-03-31,NOKGHS,Norwegian Krone,Mid Rate,1.1289,GH¢ per NOK,1.1289,GH¢ per NOK,ok,
2026-03-31,NZDGHS,New Zealand Dollar,Buying,6.2791,GH¢ per NZD,6.2791,GH¢ per NZD,ok,
2026-03-31,NZDGHS,New Zealand Dollar,Selling,6.2873,GH¢ per NZD,6.2873,GH¢ per NZD,ok,
2026-03-31,NZDGHS,New Zealand Dollar,Mid Rate,6.2832,GH¢ per NZD,6.2832,GH¢ per NZD,ok,
2026-03-31,SEKGHS,Swedish Krona,Buying,1.1542,GH¢ per SEK,1.1542,GH¢ per SEK,ok,
2026-03-31,SEKGHS,Swedish Krona,Selling,1.1549,GH¢ per SEK,1.1549,GH¢ per SEK,ok,
2026-03-31,SEKGHS,Swedish Krona,Mid Rate,1.1546,GH¢ per SEK,1.1546,GH¢ per SEK,ok,
2026-03-31,WAUGHS,Ecowas,Buying,0.0141,GH¢ per WAU,0.0141,"GH¢ per WAU (BoG's 'Ecowas' unit, not defined by BoG)",ok,
2026-03-31,WAUGHS,Ecowas,Selling,0.0141,GH¢ per WAU,0.0141,"GH¢ per WAU (BoG's 'Ecowas' unit, not defined by BoG)",ok,
2026-03-31,WAUGHS,Ecowas,Mid Rate,0.0141,GH¢ per WAU,0.0141,"GH¢ per WAU (BoG's 'Ecowas' unit, not defined by BoG)",ok,
2026-03-31,ZARGHS,South African Rand,Buying,0.6441,GH¢ per ZAR,0.6441,GH¢ per ZAR,ok,
2026-03-31,ZARGHS,South African Rand,Selling,0.6442,GH¢ per ZAR,0.6442,GH¢ per ZAR,ok,
2026-03-31,ZARGHS,South African Rand,Mid Rate,0.6442,GH¢ per ZAR,0.6442,GH¢ per ZAR,ok,
2026-04-01,USDGHS,US Dollar,Buying,10.9945,GH¢ per USD,10.9945,GH¢ per USD,ok,
2026-04-01,USDGHS,US Dollar,Selling,11.0055,GH¢ per USD,11.0055,GH¢ per USD,ok,
2026-04-01,USDGHS,US Dollar,Mid Rate,11.0000,GH¢ per USD,11,GH¢ per USD,ok,
2026-04-01,AUDGHS,Australian Dollar,Buying,7.6278,GH¢ per AUD,7.6278,GH¢ per AUD,ok,
2026-04-01,AUDGHS,Australian Dollar,Selling,7.6360,GH¢ per AUD,7.636,GH¢ per AUD,ok,
2026-04-01,AUDGHS,Australian Dollar,Mid Rate,7.6319,GH¢ per AUD,7.6319,GH¢ per AUD,ok,
2026-04-01,CADGHS,Canadian Dollar,Buying,7.9197,GH¢ per CAD,7.9197,GH¢ per CAD,ok,
2026-04-01,CADGHS,Canadian Dollar,Selling,7.9274,GH¢ per CAD,7.9274,GH¢ per CAD,ok,
2026-04-01,CADGHS,Canadian Dollar,Mid Rate,7.9236,GH¢ per CAD,7.9236,GH¢ per CAD,ok,
2026-04-01,CHFGHS,Swiss Franc,Buying,13.8565,GH¢ per CHF,13.8565,GH¢ per CHF,ok,
2026-04-01,CHFGHS,Swiss Franc,Selling,13.8688,GH¢ per CHF,13.8688,GH¢ per CHF,ok,
2026-04-01,CHFGHS,Swiss Franc,Mid Rate,13.8627,GH¢ per CHF,13.8627,GH¢ per CHF,ok,
2026-04-01,CNYGHS,Yuan Renminbi,Buying,1.6001,GH¢ per CNY,1.6001,GH¢ per CNY,ok,
2026-04-01,CNYGHS,Yuan Renminbi,Selling,1.6011,GH¢ per CNY,1.6011,GH¢ per CNY,ok,
2026-04-01,CNYGHS,Yuan Renminbi,Mid Rate,1.6006,GH¢ per CNY,1.6006,GH¢ per CNY,ok,
2026-04-01,DKKGHS,Danish Krone,Buying,1.7080,GH¢ per DKK,1.708,GH¢ per DKK,ok,
2026-04-01,DKKGHS,Danish Krone,Selling,1.7095,GH¢ per DKK,1.7095,GH¢ per DKK,ok,
2026-04-01,DKKGHS,Danish Krone,Mid Rate,1.7088,GH¢ per DKK,1.7088,GH¢ per DKK,ok,
2026-04-01,EURGHS,Euro,Buying,12.7624,GH¢ per EUR,12.7624,GH¢ per EUR,ok,
2026-04-01,EURGHS,Euro,Selling,12.7739,GH¢ per EUR,12.7739,GH¢ per EUR,ok,
2026-04-01,EURGHS,Euro,Mid Rate,12.7682,GH¢ per EUR,12.7682,GH¢ per EUR,ok,
2026-04-01,GBPGHS,Pound Sterling,Buying,14.6436,GH¢ per GBP,14.6436,GH¢ per GBP,ok,
2026-04-01,GBPGHS,Pound Sterling,Selling,14.6593,GH¢ per GBP,14.6593,GH¢ per GBP,ok,
2026-04-01,GBPGHS,Pound Sterling,Mid Rate,14.6515,GH¢ per GBP,14.6515,GH¢ per GBP,ok,
2026-04-01,GHSGMD,Dalasi,Buying,6.6318,GMD per GH¢,0.1507886245,GH¢ per GMD,ok,
2026-04-01,GHSGMD,Dalasi,Selling,6.7125,GMD per GH¢,0.1489757914,GH¢ per GMD,ok,
2026-04-01,GHSGMD,Dalasi,Mid Rate,6.6722,GMD per GH¢,0.1498756032,GH¢ per GMD,ok,
2026-04-01,GHSMRO,Ouguiya,Buying,32.4545,MRO per GH¢,0.0308123681,GH¢ per MRO (old ouguiya; 10 MRO = 1 MRU since 2018),ok,
2026-04-01,GHSMRO,Ouguiya,Selling,32.5455,MRO per GH¢,0.0307262141,GH¢ per MRO (old ouguiya; 10 MRO = 1 MRU since 2018),ok,
2026-04-01,GHSMRO,Ouguiya,Mid Rate,32.5000,MRO per GH¢,0.0307692308,GH¢ per MRO (old ouguiya; 10 MRO = 1 MRU since 2018),ok,
2026-04-01,GHSNGN,Naira,Buying,125.4100,NGN per GH¢,0.0079738458,GH¢ per NGN,ok,
2026-04-01,GHSNGN,Naira,Selling,125.5464,NGN per GH¢,0.0079651826,GH¢ per NGN,ok,
2026-04-01,GHSNGN,Naira,Mid Rate,125.4782,NGN per GH¢,0.0079695118,GH¢ per NGN,ok,
2026-04-01,GHSSLL,Leone,Buying,"2,168.1829",SLL per GH¢,0.4612157028,"GH¢ per SLE (new leone; 1 SLE = 1,000 old leones)",ok,
2026-04-01,GHSSLL,Leone,Selling,"2,214.4457",SLL per GH¢,0.4515802758,"GH¢ per SLE (new leone; 1 SLE = 1,000 old leones)",ok,
2026-04-01,GHSSLL,Leone,Mid Rate,"2,191.3143",SLL per GH¢,0.4563471338,"GH¢ per SLE (new leone; 1 SLE = 1,000 old leones)",ok,
2026-04-01,GHSXOF,BCEAO,Buying,51.3513,XOF per GH¢,0.0194737037,GH¢ per XOF (CFA franc (BCEAO)),ok,
2026-04-01,GHSXOF,BCEAO,Selling,51.3976,XOF per GH¢,0.0194561614,GH¢ per XOF (CFA franc (BCEAO)),ok,
2026-04-01,GHSXOF,BCEAO,Mid Rate,51.3745,XOF per GH¢,0.0194649096,GH¢ per XOF (CFA franc (BCEAO)),ok,
2026-04-01,JPYGHS,Japanese yen,Buying,0.0693,GH¢ per JPY,0.0693,GH¢ per JPY,ok,
2026-04-01,JPYGHS,Japanese yen,Selling,0.0694,GH¢ per JPY,0.0694,GH¢ per JPY,ok,
2026-04-01,JPYGHS,Japanese yen,Mid Rate,0.0694,GH¢ per JPY,0.0694,GH¢ per JPY,ok,
2026-04-01,NOKGHS,Norwegian Krone,Buying,1.1324,GH¢ per NOK,1.1324,GH¢ per NOK,ok,
2026-04-01,NOKGHS,Norwegian Krone,Selling,1.1330,GH¢ per NOK,1.133,GH¢ per NOK,ok,
2026-04-01,NOKGHS,Norwegian Krone,Mid Rate,1.1327,GH¢ per NOK,1.1327,GH¢ per NOK,ok,
2026-04-01,NZDGHS,New Zealand Dollar,Buying,6.3392,GH¢ per NZD,6.3392,GH¢ per NZD,ok,
2026-04-01,NZDGHS,New Zealand Dollar,Selling,6.3475,GH¢ per NZD,6.3475,GH¢ per NZD,ok,
2026-04-01,NZDGHS,New Zealand Dollar,Mid Rate,6.3434,GH¢ per NZD,6.3434,GH¢ per NZD,ok,
2026-04-01,SEKGHS,Swedish Krona,Buying,1.1709,GH¢ per SEK,1.1709,GH¢ per SEK,ok,
2026-04-01,SEKGHS,Swedish Krona,Selling,1.1717,GH¢ per SEK,1.1717,GH¢ per SEK,ok,
2026-04-01,SEKGHS,Swedish Krona,Mid Rate,1.1713,GH¢ per SEK,1.1713,GH¢ per SEK,ok,
2026-04-01,WAUGHS,Ecowas,Buying,0.0141,GH¢ per WAU,0.0141,"GH¢ per WAU (BoG's 'Ecowas' unit, not defined by BoG)",ok,
2026-04-01,WAUGHS,Ecowas,Selling,0.0141,GH¢ per WAU,0.0141,"GH¢ per WAU (BoG's 'Ecowas' unit, not defined by BoG)",ok,
2026-04-01,WAUGHS,Ecowas,Mid Rate,0.0141,GH¢ per WAU,0.0141,"GH¢ per WAU (BoG's 'Ecowas' unit, not defined by BoG)",ok,
2026-04-01,ZARGHS,South African Rand,Buying,0.6537,GH¢ per ZAR,0.6537,GH¢ per ZAR,ok,
2026-04-01,ZARGHS,South African Rand,Selling,0.6540,GH¢ per ZAR,0.654,GH¢ per ZAR,ok,
2026-04-01,ZARGHS,South African Rand,Mid Rate,0.6539,GH¢ per ZAR,0.6539,GH¢ per ZAR,ok,
2026-04-02,USDGHS,US Dollar,Buying,10.9945,GH¢ per USD,10.9945,GH¢ per USD,ok,
2026-04-02,USDGHS,US Dollar,Selling,11.0055,GH¢ per USD,11.0055,GH¢ per USD,ok,
2026-04-02,USDGHS,US Dollar,Mid Rate,11.0000,GH¢ per USD,11,GH¢ per USD,ok,
2026-04-02,AUDGHS,Australian Dollar,Buying,7.5998,GH¢ per AUD,7.5998,GH¢ per AUD,ok,
2026-04-02,AUDGHS,Australian Dollar,Selling,7.6094,GH¢ per AUD,7.6094,GH¢ per AUD,ok,
2026-04-02,AUDGHS,Australian Dollar,Mid Rate,7.6046,GH¢ per AUD,7.6046,GH¢ per AUD,ok,
2026-04-02,CADGHS,Canadian Dollar,Buying,7.9000,GH¢ per CAD,7.9,GH¢ per CAD,ok,
2026-04-02,CADGHS,Canadian Dollar,Selling,7.9077,GH¢ per CAD,7.9077,GH¢ per CAD,ok,
2026-04-02,CADGHS,Canadian Dollar,Mid Rate,7.9039,GH¢ per CAD,7.9039,GH¢ per CAD,ok,
2026-04-02,CHFGHS,Swiss Franc,Buying,13.7725,GH¢ per CHF,13.7725,GH¢ per CHF,ok,
2026-04-02,CHFGHS,Swiss Franc,Selling,13.7847,GH¢ per CHF,13.7847,GH¢ per CHF,ok,
2026-04-02,CHFGHS,Swiss Franc,Mid Rate,13.7786,GH¢ per CHF,13.7786,GH¢ per CHF,ok,
2026-04-02,CNYGHS,Yuan Renminbi,Buying,1.5970,GH¢ per CNY,1.597,GH¢ per CNY,ok,
2026-04-02,CNYGHS,Yuan Renminbi,Selling,1.5979,GH¢ per CNY,1.5979,GH¢ per CNY,ok,
2026-04-02,CNYGHS,Yuan Renminbi,Mid Rate,1.5975,GH¢ per CNY,1.5975,GH¢ per CNY,ok,
2026-04-02,DKKGHS,Danish Krone,Buying,1.6986,GH¢ per DKK,1.6986,GH¢ per DKK,ok,
2026-04-02,DKKGHS,Danish Krone,Selling,1.7000,GH¢ per DKK,1.7,GH¢ per DKK,ok,
2026-04-02,DKKGHS,Danish Krone,Mid Rate,1.6993,GH¢ per DKK,1.6993,GH¢ per DKK,ok,
2026-04-02,EURGHS,Euro,Buying,12.6927,GH¢ per EUR,12.6927,GH¢ per EUR,ok,
2026-04-02,EURGHS,Euro,Selling,12.7041,GH¢ per EUR,12.7041,GH¢ per EUR,ok,
2026-04-02,EURGHS,Euro,Mid Rate,12.6984,GH¢ per EUR,12.6984,GH¢ per EUR,ok,
2026-04-02,GBPGHS,Pound Sterling,Buying,14.5534,GH¢ per GBP,14.5534,GH¢ per GBP,ok,
2026-04-02,GBPGHS,Pound Sterling,Selling,14.5691,GH¢ per GBP,14.5691,GH¢ per GBP,ok,
2026-04-02,GBPGHS,Pound Sterling,Mid Rate,14.5613,GH¢ per GBP,14.5613,GH¢ per GBP,ok,
2026-04-02,GHSGMD,Dalasi,Buying,6.6318,GMD per GH¢,0.1507886245,GH¢ per GMD,ok,
2026-04-02,GHSGMD,Dalasi,Selling,6.7125,GMD per GH¢,0.1489757914,GH¢ per GMD,ok,
2026-04-02,GHSGMD,Dalasi,Mid Rate,6.6722,GMD per GH¢,0.1498756032,GH¢ per GMD,ok,
2026-04-02,GHSMRO,Ouguiya,Buying,32.4545,MRO per GH¢,0.0308123681,GH¢ per MRO (old ouguiya; 10 MRO = 1 MRU since 2018),ok,
2026-04-02,GHSMRO,Ouguiya,Selling,32.5455,MRO per GH¢,0.0307262141,GH¢ per MRO (old ouguiya; 10 MRO = 1 MRU since 2018),ok,
2026-04-02,GHSMRO,Ouguiya,Mid Rate,32.5000,MRO per GH¢,0.0307692308,GH¢ per MRO (old ouguiya; 10 MRO = 1 MRU since 2018),ok,
2026-04-02,GHSNGN,Naira,Buying,125.4973,NGN per GH¢,0.0079682989,GH¢ per NGN,ok,
2026-04-02,GHSNGN,Naira,Selling,125.5891,NGN per GH¢,0.0079624745,GH¢ per NGN,ok,
2026-04-02,GHSNGN,Naira,Mid Rate,125.5432,NGN per GH¢,0.0079653856,GH¢ per NGN,ok,
2026-04-02,GHSSLL,Leone,Buying,"2,168.1829",SLL per GH¢,0.4612157028,"GH¢ per SLE (new leone; 1 SLE = 1,000 old leones)",ok,
2026-04-02,GHSSLL,Leone,Selling,"2,214.4457",SLL per GH¢,0.4515802758,"GH¢ per SLE (new leone; 1 SLE = 1,000 old leones)",ok,
2026-04-02,GHSSLL,Leone,Mid Rate,"2,191.3143",SLL per GH¢,0.4563471338,"GH¢ per SLE (new leone; 1 SLE = 1,000 old leones)",ok,
2026-04-02,GHSXOF,BCEAO,Buying,51.6335,XOF per GH¢,0.0193672712,GH¢ per XOF (CFA franc (BCEAO)),ok,
2026-04-02,GHSXOF,BCEAO,Selling,51.6799,XOF per GH¢,0.0193498826,GH¢ per XOF (CFA franc (BCEAO)),ok,
2026-04-02,GHSXOF,BCEAO,Mid Rate,51.6567,XOF per GH¢,0.019358573,GH¢ per XOF (CFA franc (BCEAO)),ok,
2026-04-02,JPYGHS,Japanese yen,Buying,0.0690,GH¢ per JPY,0.069,GH¢ per JPY,ok,
2026-04-02,JPYGHS,Japanese yen,Selling,0.0691,GH¢ per JPY,0.0691,GH¢ per JPY,ok,
2026-04-02,JPYGHS,Japanese yen,Mid Rate,0.0691,GH¢ per JPY,0.0691,GH¢ per JPY,ok,
2026-04-02,NOKGHS,Norwegian Krone,Buying,1.1305,GH¢ per NOK,1.1305,GH¢ per NOK,ok,
2026-04-02,NOKGHS,Norwegian Krone,Selling,1.1311,GH¢ per NOK,1.1311,GH¢ per NOK,ok,
2026-04-02,NOKGHS,Norwegian Krone,Mid Rate,1.1308,GH¢ per NOK,1.1308,GH¢ per NOK,ok,
2026-04-02,NZDGHS,New Zealand Dollar,Buying,6.2944,GH¢ per NZD,6.2944,GH¢ per NZD,ok,
2026-04-02,NZDGHS,New Zealand Dollar,Selling,6.3026,GH¢ per NZD,6.3026,GH¢ per NZD,ok,
2026-04-02,NZDGHS,New Zealand Dollar,Mid Rate,6.2985,GH¢ per NZD,6.2985,GH¢ per NZD,ok,
2026-04-02,SEKGHS,Swedish Krona,Buying,1.1684,GH¢ per SEK,1.1684,GH¢ per SEK,ok,
2026-04-02,SEKGHS,Swedish Krona,Selling,1.1691,GH¢ per SEK,1.1691,GH¢ per SEK,ok,
2026-04-02,SEKGHS,Swedish Krona,Mid Rate,1.1688,GH¢ per SEK,1.1688,GH¢ per SEK,ok,
2026-04-02,WAUGHS,Ecowas,Buying,0.0141,GH¢ per WAU,0.0141,"GH¢ per WAU (BoG's 'Ecowas' unit, not defined by BoG)",ok,
2026-04-02,WAUGHS,Ecowas,Selling,0.0141,GH¢ per WAU,0.0141,"GH¢ per WAU (BoG's 'Ecowas' unit, not defined by BoG)",ok,
2026-04-02,WAUGHS,Ecowas,Mid Rate,0.0141,GH¢ per WAU,0.0141,"GH¢ per WAU (BoG's 'Ecowas' unit, not defined by BoG)",ok,
2026-04-02,ZARGHS,South African Rand,Buying,0.6507,GH¢ per ZAR,0.6507,GH¢ per ZAR,ok,
2026-04-02,ZARGHS,South African Rand,Selling,0.6510,GH¢ per ZAR,0.651,GH¢ per ZAR,ok,
2026-04-02,ZARGHS,South African Rand,Mid Rate,0.6509,GH¢ per ZAR,0.6509,GH¢ per ZAR,ok,
2026-04-07,USDGHS,US Dollar,Buying,11.0045,GH¢ per USD,11.0045,GH¢ per USD,ok,
2026-04-07,USDGHS,US Dollar,Selling,11.0155,GH¢ per USD,11.0155,GH¢ per USD,ok,
2026-04-07,USDGHS,US Dollar,Mid Rate,11.0100,GH¢ per USD,11.01,GH¢ per USD,ok,
2026-04-07,AUDGHS,Australian Dollar,Buying,7.6413,GH¢ per AUD,7.6413,GH¢ per AUD,ok,
2026-04-07,AUDGHS,Australian Dollar,Selling,7.6510,GH¢ per AUD,7.651,GH¢ per AUD,ok,
2026-04-07,AUDGHS,Australian Dollar,Mid Rate,7.6462,GH¢ per AUD,7.6462,GH¢ per AUD,ok,
2026-04-07,CADGHS,Canadian Dollar,Buying,7.9187,GH¢ per CAD,7.9187,GH¢ per CAD,ok,
2026-04-07,CADGHS,Canadian Dollar,Selling,7.9259,GH¢ per CAD,7.9259,GH¢ per CAD,ok,
2026-04-07,CADGHS,Canadian Dollar,Mid Rate,7.9223,GH¢ per CAD,7.9223,GH¢ per CAD,ok,
2026-04-07,CHFGHS,Swiss Franc,Buying,13.7650,GH¢ per CHF,13.765,GH¢ per CHF,ok,
2026-04-07,CHFGHS,Swiss Franc,Selling,13.7772,GH¢ per CHF,13.7772,GH¢ per CHF,ok,
2026-04-07,CHFGHS,Swiss Franc,Mid Rate,13.7711,GH¢ per CHF,13.7711,GH¢ per CHF,ok,
2026-04-07,CNYGHS,Yuan Renminbi,Buying,1.6039,GH¢ per CNY,1.6039,GH¢ per CNY,ok,
2026-04-07,CNYGHS,Yuan Renminbi,Selling,1.6048,GH¢ per CNY,1.6048,GH¢ per CNY,ok,
2026-04-07,CNYGHS,Yuan Renminbi,Mid Rate,1.6044,GH¢ per CNY,1.6044,GH¢ per CNY,ok,
2026-04-07,DKKGHS,Danish Krone,Buying,1.7037,GH¢ per DKK,1.7037,GH¢ per DKK,ok,
2026-04-07,DKKGHS,Danish Krone,Selling,1.7051,GH¢ per DKK,1.7051,GH¢ per DKK,ok,
2026-04-07,DKKGHS,Danish Krone,Mid Rate,1.7044,GH¢ per DKK,1.7044,GH¢ per DKK,ok,
2026-04-07,EURGHS,Euro,Buying,12.7313,GH¢ per EUR,12.7313,GH¢ per EUR,ok,
2026-04-07,EURGHS,Euro,Selling,12.7427,GH¢ per EUR,12.7427,GH¢ per EUR,ok,
2026-04-07,EURGHS,Euro,Mid Rate,12.7370,GH¢ per EUR,12.737,GH¢ per EUR,ok,
2026-04-07,GBPGHS,Pound Sterling,Buying,14.5799,GH¢ per GBP,14.5799,GH¢ per GBP,ok,
2026-04-07,GBPGHS,Pound Sterling,Selling,14.5955,GH¢ per GBP,14.5955,GH¢ per GBP,ok,
2026-04-07,GBPGHS,Pound Sterling,Mid Rate,14.5877,GH¢ per GBP,14.5877,GH¢ per GBP,ok,
2026-04-07,GHSGMD,Dalasi,Buying,6.6258,GMD per GH¢,0.1509251713,GH¢ per GMD,ok,
2026-04-07,GHSGMD,Dalasi,Selling,6.7064,GMD per GH¢,0.1491112967,GH¢ per GMD,ok,
2026-04-07,GHSGMD,Dalasi,Mid Rate,6.6661,GMD per GH¢,0.1500127511,GH¢ per GMD,ok,
2026-04-07,GHSMRO,Ouguiya,Buying,32.4251,MRO per GH¢,0.0308403058,GH¢ per MRO (old ouguiya; 10 MRO = 1 MRU since 2018),ok,
2026-04-07,GHSMRO,Ouguiya,Selling,32.5159,MRO per GH¢,0.0307541849,GH¢ per MRO (old ouguiya; 10 MRO = 1 MRU since 2018),ok,
2026-04-07,GHSMRO,Ouguiya,Mid Rate,32.4705,MRO per GH¢,0.0307971851,GH¢ per MRO (old ouguiya; 10 MRO = 1 MRU since 2018),ok,
2026-04-07,GHSNGN,Naira,Buying,125.6276,NGN per GH¢,0.0079600343,GH¢ per NGN,ok,
2026-04-07,GHSNGN,Naira,Selling,125.7184,NGN per GH¢,0.0079542851,GH¢ per NGN,ok,
2026-04-07,GHSNGN,Naira,Mid Rate,125.6730,NGN per GH¢,0.0079571587,GH¢ per NGN,ok,
2026-04-07,GHSSLL,Leone,Buying,"2,166.2136",SLL per GH¢,0.461634993,"GH¢ per SLE (new leone; 1 SLE = 1,000 old leones)",ok,
2026-04-07,GHSSLL,Leone,Selling,"2,212.4344",SLL per GH¢,0.4519908025,"GH¢ per SLE (new leone; 1 SLE = 1,000 old leones)",ok,
2026-04-07,GHSSLL,Leone,Mid Rate,"2,189.3240",SLL per GH¢,0.4567619959,"GH¢ per SLE (new leone; 1 SLE = 1,000 old leones)",ok,
2026-04-07,GHSXOF,BCEAO,Buying,51.4771,XOF per GH¢,0.0194261137,GH¢ per XOF (CFA franc (BCEAO)),ok,
2026-04-07,GHSXOF,BCEAO,Selling,51.5232,XOF per GH¢,0.0194087324,GH¢ per XOF (CFA franc (BCEAO)),ok,
2026-04-07,GHSXOF,BCEAO,Mid Rate,51.5002,XOF per GH¢,0.0194174003,GH¢ per XOF (CFA franc (BCEAO)),ok,
2026-04-07,JPYGHS,Japanese yen,Buying,0.0688,GH¢ per JPY,0.0688,GH¢ per JPY,ok,
2026-04-07,JPYGHS,Japanese yen,Selling,0.0689,GH¢ per JPY,0.0689,GH¢ per JPY,ok,
2026-04-07,JPYGHS,Japanese yen,Mid Rate,0.0689,GH¢ per JPY,0.0689,GH¢ per JPY,ok,
2026-04-07,NOKGHS,Norwegian Krone,Buying,1.1396,GH¢ per NOK,1.1396,GH¢ per NOK,ok,
2026-04-07,NOKGHS,Norwegian Krone,Selling,1.1402,GH¢ per NOK,1.1402,GH¢ per NOK,ok,
2026-04-07,NOKGHS,Norwegian Krone,Mid Rate,1.1399,GH¢ per NOK,1.1399,GH¢ per NOK,ok,
2026-04-07,NZDGHS,New Zealand Dollar,Buying,6.2781,GH¢ per NZD,6.2781,GH¢ per NZD,ok,
2026-04-07,NZDGHS,New Zealand Dollar,Selling,6.2863,GH¢ per NZD,6.2863,GH¢ per NZD,ok,
2026-04-07,NZDGHS,New Zealand Dollar,Mid Rate,6.2822,GH¢ per NZD,6.2822,GH¢ per NZD,ok,
2026-04-07,SEKGHS,Swedish Krona,Buying,1.1561,GH¢ per SEK,1.1561,GH¢ per SEK,ok,
2026-04-07,SEKGHS,Swedish Krona,Selling,1.1568,GH¢ per SEK,1.1568,GH¢ per SEK,ok,
2026-04-07,SEKGHS,Swedish Krona,Mid Rate,1.1565,GH¢ per SEK,1.1565,GH¢ per SEK,ok,
2026-04-07,WAUGHS,Ecowas,Buying,0.0141,GH¢ per WAU,0.0141,"GH¢ per WAU (BoG's 'Ecowas' unit, not defined by BoG)",ok,
2026-04-07,WAUGHS,Ecowas,Selling,0.0141,GH¢ per WAU,0.0141,"GH¢ per WAU (BoG's 'Ecowas' unit, not defined by BoG)",ok,
2026-04-07,WAUGHS,Ecowas,Mid Rate,0.0141,GH¢ per WAU,0.0141,"GH¢ per WAU (BoG's 'Ecowas' unit, not defined by BoG)",ok,
2026-04-07,ZARGHS,South African Rand,Buying,0.6514,GH¢ per ZAR,0.6514,GH¢ per ZAR,ok,
2026-04-07,ZARGHS,South African Rand,Selling,0.6516,GH¢ per ZAR,0.6516,GH¢ per ZAR,ok,
2026-04-07,ZARGHS,South African Rand,Mid Rate,0.6515,GH¢ per ZAR,0.6515,GH¢ per ZAR,ok,
2026-04-08,USDGHS,US Dollar,Buying,11.0145,GH¢ per USD,11.0145,GH¢ per USD,ok,
2026-04-08,USDGHS,US Dollar,Selling,11.0255,GH¢ per USD,11.0255,GH¢ per USD,ok,
2026-04-08,USDGHS,US Dollar,Mid Rate,11.0200,GH¢ per USD,11.02,GH¢ per USD,ok,
2026-04-08,AUDGHS,Australian Dollar,Buying,7.7664,GH¢ per AUD,7.7664,GH¢ per AUD,ok,
2026-04-08,AUDGHS,Australian Dollar,Selling,7.7763,GH¢ per AUD,7.7763,GH¢ per AUD,ok,
2026-04-08,AUDGHS,Australian Dollar,Mid Rate,7.7714,GH¢ per AUD,7.7714,GH¢ per AUD,ok,
2026-04-08,CADGHS,Canadian Dollar,Buying,7.9479,GH¢ per CAD,7.9479,GH¢ per CAD,ok,
2026-04-08,CADGHS,Canadian Dollar,Selling,7.9556,GH¢ per CAD,7.9556,GH¢ per CAD,ok,
2026-04-08,CADGHS,Canadian Dollar,Mid Rate,7.9518,GH¢ per CAD,7.9518,GH¢ per CAD,ok,
2026-04-08,CHFGHS,Swiss Franc,Buying,13.9360,GH¢ per CHF,13.936,GH¢ per CHF,ok,
2026-04-08,CHFGHS,Swiss Franc,Selling,13.9484,GH¢ per CHF,13.9484,GH¢ per CHF,ok,
2026-04-08,CHFGHS,Swiss Franc,Mid Rate,13.9422,GH¢ per CHF,13.9422,GH¢ per CHF,ok,
2026-04-08,CNYGHS,Yuan Renminbi,Buying,1.6129,GH¢ per CNY,1.6129,GH¢ per CNY,ok,
2026-04-08,CNYGHS,Yuan Renminbi,Selling,1.6135,GH¢ per CNY,1.6135,GH¢ per CNY,ok,
2026-04-08,CNYGHS,Yuan Renminbi,Mid Rate,1.6132,GH¢ per CNY,1.6132,GH¢ per CNY,ok,
2026-04-08,DKKGHS,Danish Krone,Buying,1.7215,GH¢ per DKK,1.7215,GH¢ per DKK,ok,
2026-04-08,DKKGHS,Danish Krone,Selling,1.7230,GH¢ per DKK,1.723,GH¢ per DKK,ok,
2026-04-08,DKKGHS,Danish Krone,Mid Rate,1.7223,GH¢ per DKK,1.7223,GH¢ per DKK,ok,
2026-04-08,EURGHS,Euro,Buying,12.8641,GH¢ per EUR,12.8641,GH¢ per EUR,ok,
2026-04-08,EURGHS,Euro,Selling,12.8757,GH¢ per EUR,12.8757,GH¢ per EUR,ok,
2026-04-08,EURGHS,Euro,Mid Rate,12.8699,GH¢ per EUR,12.8699,GH¢ per EUR,ok,
2026-04-08,GBPGHS,Pound Sterling,Buying,14.7847,GH¢ per GBP,14.7847,GH¢ per GBP,ok,
2026-04-08,GBPGHS,Pound Sterling,Selling,14.8006,GH¢ per GBP,14.8006,GH¢ per GBP,ok,
2026-04-08,GBPGHS,Pound Sterling,Mid Rate,14.7927,GH¢ per GBP,14.7927,GH¢ per GBP,ok,
2026-04-08,GHSGMD,Dalasi,Buying,6.6198,GMD per GH¢,0.1510619656,GH¢ per GMD,ok,
2026-04-08,GHSGMD,Dalasi,Selling,6.7003,GMD per GH¢,0.1492470486,GH¢ per GMD,ok,
2026-04-08,GHSGMD,Dalasi,Mid Rate,6.6601,GMD per GH¢,0.1501478957,GH¢ per GMD,ok,
2026-04-08,GHSMRO,Ouguiya,Buying,32.3956,MRO per GH¢,0.0308683895,GH¢ per MRO (old ouguiya; 10 MRO = 1 MRU since 2018),ok,
2026-04-08,GHSMRO,Ouguiya,Selling,32.4864,MRO per GH¢,0.0307821119,GH¢ per MRO (old ouguiya; 10 MRO = 1 MRU since 2018),ok,
2026-04-08,GHSMRO,Ouguiya,Mid Rate,32.4410,MRO per GH¢,0.0308251903,GH¢ per MRO (old ouguiya; 10 MRO = 1 MRU since 2018),ok,
2026-04-08,GHSNGN,Naira,Buying,124.5789,NGN per GH¢,0.0080270415,GH¢ per NGN,ok,
2026-04-08,GHSNGN,Naira,Selling,124.9673,NGN per GH¢,0.0080020933,GH¢ per NGN,ok,
2026-04-08,GHSNGN,Naira,Mid Rate,124.7731,NGN per GH¢,0.008014548,GH¢ per NGN,ok,
2026-04-08,GHSSLL,Leone,Buying,"2,164.2479",SLL per GH¢,0.4620542776,"GH¢ per SLE (new leone; 1 SLE = 1,000 old leones)",ok,
2026-04-08,GHSSLL,Leone,Selling,"2,210.4267",SLL per GH¢,0.4524013395,"GH¢ per SLE (new leone; 1 SLE = 1,000 old leones)",ok,
2026-04-08,GHSSLL,Leone,Mid Rate,"2,187.3373",SLL per GH¢,0.4571768607,"GH¢ per SLE (new leone; 1 SLE = 1,000 old leones)",ok,
2026-04-08,GHSXOF,BCEAO,Buying,50.9453,XOF per GH¢,0.0196288961,GH¢ per XOF (CFA franc (BCEAO)),ok,
2026-04-08,GHSXOF,BCEAO,Selling,50.9913,XOF per GH¢,0.0196111886,GH¢ per XOF (CFA franc (BCEAO)),ok,
2026-04-08,GHSXOF,BCEAO,Mid Rate,50.9683,XOF per GH¢,0.0196200383,GH¢ per XOF (CFA franc (BCEAO)),ok,
2026-04-08,JPYGHS,Japanese yen,Buying,0.0695,GH¢ per JPY,0.0695,GH¢ per JPY,ok,
2026-04-08,JPYGHS,Japanese yen,Selling,0.0696,GH¢ per JPY,0.0696,GH¢ per JPY,ok,
2026-04-08,JPYGHS,Japanese yen,Mid Rate,0.0696,GH¢ per JPY,0.0696,GH¢ per JPY,ok,
2026-04-08,NOKGHS,Norwegian Krone,Buying,1.1518,GH¢ per NOK,1.1518,GH¢ per NOK,ok,
2026-04-08,NOKGHS,Norwegian Krone,Selling,1.1523,GH¢ per NOK,1.1523,GH¢ per NOK,ok,
2026-04-08,NOKGHS,Norwegian Krone,Mid Rate,1.1521,GH¢ per NOK,1.1521,GH¢ per NOK,ok,
2026-04-08,NZDGHS,New Zealand Dollar,Buying,6.4210,GH¢ per NZD,6.421,GH¢ per NZD,ok,
2026-04-08,NZDGHS,New Zealand Dollar,Selling,6.4309,GH¢ per NZD,6.4309,GH¢ per NZD,ok,
2026-04-08,NZDGHS,New Zealand Dollar,Mid Rate,6.4260,GH¢ per NZD,6.426,GH¢ per NZD,ok,
2026-04-08,SEKGHS,Swedish Krona,Buying,1.1827,GH¢ per SEK,1.1827,GH¢ per SEK,ok,
2026-04-08,SEKGHS,Swedish Krona,Selling,1.1834,GH¢ per SEK,1.1834,GH¢ per SEK,ok,
2026-04-08,SEKGHS,Swedish Krona,Mid Rate,1.1831,GH¢ per SEK,1.1831,GH¢ per SEK,ok,
2026-04-08,WAUGHS,Ecowas,Buying,0.0140,GH¢ per WAU,0.014,"GH¢ per WAU (BoG's 'Ecowas' unit, not defined by BoG)",ok,
2026-04-08,WAUGHS,Ecowas,Selling,0.0140,GH¢ per WAU,0.014,"GH¢ per WAU (BoG's 'Ecowas' unit, not defined by BoG)",ok,
2026-04-08,WAUGHS,Ecowas,Mid Rate,0.0140,GH¢ per WAU,0.014,"GH¢ per WAU (BoG's 'Ecowas' unit, not defined by BoG)",ok,
2026-04-08,ZARGHS,South African Rand,Buying,0.6730,GH¢ per ZAR,0.673,GH¢ per ZAR,ok,
2026-04-08,ZARGHS,South African Rand,Selling,0.6733,GH¢ per ZAR,0.6733,GH¢ per ZAR,ok,
2026-04-08,ZARGHS,South African Rand,Mid Rate,0.6732,GH¢ per ZAR,0.6732,GH¢ per ZAR,ok,
2026-04-09,USDGHS,US Dollar,Buying,11.0145,GH¢ per USD,11.0145,GH¢ per USD,ok,
2026-04-09,USDGHS,US Dollar,Selling,11.0255,GH¢ per USD,11.0255,GH¢ per USD,ok,
2026-04-09,USDGHS,US Dollar,Mid Rate,11.0200,GH¢ per USD,11.02,GH¢ per USD,ok,
2026-04-09,AUDGHS,Australian Dollar,Buying,7.8082,GH¢ per AUD,7.8082,GH¢ per AUD,ok,
2026-04-09,AUDGHS,Australian Dollar,Selling,7.8181,GH¢ per AUD,7.8181,GH¢ per AUD,ok,
2026-04-09,AUDGHS,Australian Dollar,Mid Rate,7.8132,GH¢ per AUD,7.8132,GH¢ per AUD,ok,
2026-04-09,CADGHS,Canadian Dollar,Buying,7.9784,GH¢ per CAD,7.9784,GH¢ per CAD,ok,
2026-04-09,CADGHS,Canadian Dollar,Selling,7.9861,GH¢ per CAD,7.9861,GH¢ per CAD,ok,
2026-04-09,CADGHS,Canadian Dollar,Mid Rate,7.9823,GH¢ per CAD,7.9823,GH¢ per CAD,ok,
2026-04-09,CHFGHS,Swiss Franc,Buying,13.9710,GH¢ per CHF,13.971,GH¢ per CHF,ok,
2026-04-09,CHFGHS,Swiss Franc,Selling,13.9834,GH¢ per CHF,13.9834,GH¢ per CHF,ok,
2026-04-09,CHFGHS,Swiss Franc,Mid Rate,13.9772,GH¢ per CHF,13.9772,GH¢ per CHF,ok,
2026-04-09,CNYGHS,Yuan Renminbi,Buying,1.6129,GH¢ per CNY,1.6129,GH¢ per CNY,ok,
2026-04-09,CNYGHS,Yuan Renminbi,Selling,1.6140,GH¢ per CNY,1.614,GH¢ per CNY,ok,
2026-04-09,CNYGHS,Yuan Renminbi,Mid Rate,1.6135,GH¢ per CNY,1.6135,GH¢ per CNY,ok,
2026-04-09,DKKGHS,Danish Krone,Buying,1.7260,GH¢ per DKK,1.726,GH¢ per DKK,ok,
2026-04-09,DKKGHS,Danish Krone,Selling,1.7276,GH¢ per DKK,1.7276,GH¢ per DKK,ok,
2026-04-09,DKKGHS,Danish Krone,Mid Rate,1.7268,GH¢ per DKK,1.7268,GH¢ per DKK,ok,
2026-04-09,EURGHS,Euro,Buying,12.8977,GH¢ per EUR,12.8977,GH¢ per EUR,ok,
2026-04-09,EURGHS,Euro,Selling,12.9105,GH¢ per EUR,12.9105,GH¢ per EUR,ok,
2026-04-09,EURGHS,Euro,Mid Rate,12.9041,GH¢ per EUR,12.9041,GH¢ per EUR,ok,
2026-04-09,GBPGHS,Pound Sterling,Buying,14.8079,GH¢ per GBP,14.8079,GH¢ per GBP,ok,
2026-04-09,GBPGHS,Pound Sterling,Selling,14.8238,GH¢ per GBP,14.8238,GH¢ per GBP,ok,
2026-04-09,GBPGHS,Pound Sterling,Mid Rate,14.8159,GH¢ per GBP,14.8159,GH¢ per GBP,ok,
2026-04-09,GHSGMD,Dalasi,Buying,6.6175,GMD per GH¢,0.1511144692,GH¢ per GMD,ok,
2026-04-09,GHSGMD,Dalasi,Selling,6.6179,GMD per GH¢,0.1511053355,GH¢ per GMD,ok,
2026-04-09,GHSGMD,Dalasi,Mid Rate,6.6177,GMD per GH¢,0.1511099022,GH¢ per GMD,ok,
2026-04-09,GHSMRO,Ouguiya,Buying,32.3956,MRO per GH¢,0.0308683895,GH¢ per MRO (old ouguiya; 10 MRO = 1 MRU since 2018),ok,
2026-04-09,GHSMRO,Ouguiya,Selling,32.4864,MRO per GH¢,0.0307821119,GH¢ per MRO (old ouguiya; 10 MRO = 1 MRU since 2018),ok,
2026-04-09,GHSMRO,Ouguiya,Mid Rate,32.4410,MRO per GH¢,0.0308251903,GH¢ per MRO (old ouguiya; 10 MRO = 1 MRU since 2018),ok,
2026-04-09,GHSNGN,Naira,Buying,123.7396,NGN per GH¢,0.0080814873,GH¢ per NGN,ok,
2026-04-09,GHSNGN,Naira,Selling,123.8303,NGN per GH¢,0.0080755679,GH¢ per NGN,ok,
2026-04-09,GHSNGN,Naira,Mid Rate,123.7850,NGN per GH¢,0.0080785232,GH¢ per NGN,ok,
2026-04-09,GHSSLL,Leone,Buying,"2,164.2479",SLL per GH¢,0.4620542776,"GH¢ per SLE (new leone; 1 SLE = 1,000 old leones)",ok,
2026-04-09,GHSSLL,Leone,Selling,"2,210.4267",SLL per GH¢,0.4524013395,"GH¢ per SLE (new leone; 1 SLE = 1,000 old leones)",ok,
2026-04-09,GHSSLL,Leone,Mid Rate,"2,187.3373",SLL per GH¢,0.4571768607,"GH¢ per SLE (new leone; 1 SLE = 1,000 old leones)",ok,
2026-04-09,GHSXOF,BCEAO,Buying,50.8080,XOF per GH¢,0.0196819399,GH¢ per XOF (CFA franc (BCEAO)),ok,
2026-04-09,GHSXOF,BCEAO,Selling,50.8584,XOF per GH¢,0.0196624353,GH¢ per XOF (CFA franc (BCEAO)),ok,
2026-04-09,GHSXOF,BCEAO,Mid Rate,50.8332,XOF per GH¢,0.0196721827,GH¢ per XOF (CFA franc (BCEAO)),ok,
2026-04-09,JPYGHS,Japanese yen,Buying,0.0694,GH¢ per JPY,0.0694,GH¢ per JPY,ok,
2026-04-09,JPYGHS,Japanese yen,Selling,0.0694,GH¢ per JPY,0.0694,GH¢ per JPY,ok,
2026-04-09,JPYGHS,Japanese yen,Mid Rate,0.0694,GH¢ per JPY,0.0694,GH¢ per JPY,ok,
2026-04-09,NOKGHS,Norwegian Krone,Buying,1.1623,GH¢ per NOK,1.1623,GH¢ per NOK,ok,
2026-04-09,NOKGHS,Norwegian Krone,Selling,1.1629,GH¢ per NOK,1.1629,GH¢ per NOK,ok,
2026-04-09,NOKGHS,Norwegian Krone,Mid Rate,1.1626,GH¢ per NOK,1.1626,GH¢ per NOK,ok,
2026-04-09,NZDGHS,New Zealand Dollar,Buying,6.4666,GH¢ per NZD,6.4666,GH¢ per NZD,ok,
2026-04-09,NZDGHS,New Zealand Dollar,Selling,6.4750,GH¢ per NZD,6.475,GH¢ per NZD,ok,
2026-04-09,NZDGHS,New Zealand Dollar,Mid Rate,6.4708,GH¢ per NZD,6.4708,GH¢ per NZD,ok,
2026-04-09,SEKGHS,Swedish Krona,Buying,1.1890,GH¢ per SEK,1.189,GH¢ per SEK,ok,
2026-04-09,SEKGHS,Swedish Krona,Selling,1.1899,GH¢ per SEK,1.1899,GH¢ per SEK,ok,
2026-04-09,SEKGHS,Swedish Krona,Mid Rate,1.1895,GH¢ per SEK,1.1895,GH¢ per SEK,ok,
2026-04-09,WAUGHS,Ecowas,Buying,0.0140,GH¢ per WAU,0.014,"GH¢ per WAU (BoG's 'Ecowas' unit, not defined by BoG)",ok,
2026-04-09,WAUGHS,Ecowas,Selling,0.0140,GH¢ per WAU,0.014,"GH¢ per WAU (BoG's 'Ecowas' unit, not defined by BoG)",ok,
2026-04-09,WAUGHS,Ecowas,Mid Rate,0.0140,GH¢ per WAU,0.014,"GH¢ per WAU (BoG's 'Ecowas' unit, not defined by BoG)",ok,
2026-04-09,ZARGHS,South African Rand,Buying,0.6750,GH¢ per ZAR,0.675,GH¢ per ZAR,ok,
2026-04-09,ZARGHS,South African Rand,Selling,0.6753,GH¢ per ZAR,0.6753,GH¢ per ZAR,ok,
2026-04-09,ZARGHS,South African Rand,Mid Rate,0.6752,GH¢ per ZAR,0.6752,GH¢ per ZAR,ok,
2026-04-10,USDGHS,US Dollar,Buying,11.0245,GH¢ per USD,11.0245,GH¢ per USD,ok,
2026-04-10,USDGHS,US Dollar,Selling,11.0355,GH¢ per USD,11.0355,GH¢ per USD,ok,
2026-04-10,USDGHS,US Dollar,Mid Rate,11.0300,GH¢ per USD,11.03,GH¢ per USD,ok,
2026-04-10,AUDGHS,Australian Dollar,Buying,7.7997,GH¢ per AUD,7.7997,GH¢ per AUD,ok,
2026-04-10,AUDGHS,Australian Dollar,Selling,7.8095,GH¢ per AUD,7.8095,GH¢ per AUD,ok,
2026-04-10,AUDGHS,Australian Dollar,Mid Rate,7.8046,GH¢ per AUD,7.8046,GH¢ per AUD,ok,
2026-04-10,CADGHS,Canadian Dollar,Buying,7.9690,GH¢ per CAD,7.969,GH¢ per CAD,ok,
2026-04-10,CADGHS,Canadian Dollar,Selling,7.9767,GH¢ per CAD,7.9767,GH¢ per CAD,ok,
2026-04-10,CADGHS,Canadian Dollar,Mid Rate,7.9729,GH¢ per CAD,7.9729,GH¢ per CAD,ok,
2026-04-10,CHFGHS,Swiss Franc,Buying,13.9732,GH¢ per CHF,13.9732,GH¢ per CHF,ok,
2026-04-10,CHFGHS,Swiss Franc,Selling,13.9856,GH¢ per CHF,13.9856,GH¢ per CHF,ok,
2026-04-10,CHFGHS,Swiss Franc,Mid Rate,13.9794,GH¢ per CHF,13.9794,GH¢ per CHF,ok,
2026-04-10,CNYGHS,Yuan Renminbi,Buying,1.6145,GH¢ per CNY,1.6145,GH¢ per CNY,ok,
2026-04-10,CNYGHS,Yuan Renminbi,Selling,1.6156,GH¢ per CNY,1.6156,GH¢ per CNY,ok,
2026-04-10,CNYGHS,Yuan Renminbi,Mid Rate,1.6151,GH¢ per CNY,1.6151,GH¢ per CNY,ok,
2026-04-10,DKKGHS,Danish Krone,Buying,1.7298,GH¢ per DKK,1.7298,GH¢ per DKK,ok,
2026-04-10,DKKGHS,Danish Krone,Selling,1.7313,GH¢ per DKK,1.7313,GH¢ per DKK,ok,
2026-04-10,DKKGHS,Danish Krone,Mid Rate,1.7306,GH¢ per DKK,1.7306,GH¢ per DKK,ok,
2026-04-10,EURGHS,Euro,Buying,12.9251,GH¢ per EUR,12.9251,GH¢ per EUR,ok,
2026-04-10,EURGHS,Euro,Selling,12.9368,GH¢ per EUR,12.9368,GH¢ per EUR,ok,
2026-04-10,EURGHS,Euro,Mid Rate,12.9310,GH¢ per EUR,12.931,GH¢ per EUR,ok,
2026-04-10,GBPGHS,Pound Sterling,Buying,14.8368,GH¢ per GBP,14.8368,GH¢ per GBP,ok,
2026-04-10,GBPGHS,Pound Sterling,Selling,14.8527,GH¢ per GBP,14.8527,GH¢ per GBP,ok,
2026-04-10,GBPGHS,Pound Sterling,Mid Rate,14.8448,GH¢ per GBP,14.8448,GH¢ per GBP,ok,
2026-04-10,GHSGMD,Dalasi,Buying,6.6591,GMD per GH¢,0.1501704435,GH¢ per GMD,ok,
2026-04-10,GHSGMD,Dalasi,Selling,6.6942,GMD per GH¢,0.149383048,GH¢ per GMD,ok,
2026-04-10,GHSGMD,Dalasi,Mid Rate,6.6767,GMD per GH¢,0.1497745892,GH¢ per GMD,ok,
2026-04-10,GHSMRO,Ouguiya,Buying,32.3663,MRO per GH¢,0.0308963335,GH¢ per MRO (old ouguiya; 10 MRO = 1 MRU since 2018),ok,
2026-04-10,GHSMRO,Ouguiya,Selling,32.4569,MRO per GH¢,0.0308100897,GH¢ per MRO (old ouguiya; 10 MRO = 1 MRU since 2018),ok,
2026-04-10,GHSMRO,Ouguiya,Mid Rate,32.4116,MRO per GH¢,0.0308531513,GH¢ per MRO (old ouguiya; 10 MRO = 1 MRU since 2018),ok,
2026-04-10,GHSNGN,Naira,Buying,123.1868,NGN per GH¢,0.0081177529,GH¢ per NGN,ok,
2026-04-10,GHSNGN,Naira,Selling,123.2783,NGN per GH¢,0.0081117277,GH¢ per NGN,ok,
2026-04-10,GHSNGN,Naira,Mid Rate,123.2326,NGN per GH¢,0.0081147359,GH¢ per NGN,ok,
2026-04-10,GHSSLL,Leone,Buying,"2,162.2857",SLL per GH¢,0.462473576,"GH¢ per SLE (new leone; 1 SLE = 1,000 old leones)",ok,
2026-04-10,GHSSLL,Leone,Selling,"2,208.4227",SLL per GH¢,0.4528118643,"GH¢ per SLE (new leone; 1 SLE = 1,000 old leones)",ok,
2026-04-10,GHSSLL,Leone,Mid Rate,"2,185.3542",SLL per GH¢,0.4575917259,"GH¢ per SLE (new leone; 1 SLE = 1,000 old leones)",ok,
2026-04-10,GHSXOF,BCEAO,Buying,50.7047,XOF per GH¢,0.0197220376,GH¢ per XOF (CFA franc (BCEAO)),ok,
2026-04-10,GHSXOF,BCEAO,Selling,50.7506,XOF per GH¢,0.0197042005,GH¢ per XOF (CFA franc (BCEAO)),ok,
2026-04-10,GHSXOF,BCEAO,Mid Rate,50.7277,XOF per GH¢,0.0197130956,GH¢ per XOF (CFA franc (BCEAO)),ok,
2026-04-10,JPYGHS,Japanese yen,Buying,0.0692,GH¢ per JPY,0.0692,GH¢ per JPY,ok,
2026-04-10,JPYGHS,Japanese yen,Selling,0.0693,GH¢ per JPY,0.0693,GH¢ per JPY,ok,
2026-04-10,JPYGHS,Japanese yen,Mid Rate,0.0693,GH¢ per JPY,0.0693,GH¢ per JPY,ok,
2026-04-10,NOKGHS,Norwegian Krone,Buying,1.1596,GH¢ per NOK,1.1596,GH¢ per NOK,ok,
2026-04-10,NOKGHS,Norwegian Krone,Selling,1.1602,GH¢ per NOK,1.1602,GH¢ per NOK,ok,
2026-04-10,NOKGHS,Norwegian Krone,Mid Rate,1.1599,GH¢ per NOK,1.1599,GH¢ per NOK,ok,
2026-04-10,NZDGHS,New Zealand Dollar,Buying,6.4377,GH¢ per NZD,6.4377,GH¢ per NZD,ok,
2026-04-10,NZDGHS,New Zealand Dollar,Selling,6.4461,GH¢ per NZD,6.4461,GH¢ per NZD,ok,
2026-04-10,NZDGHS,New Zealand Dollar,Mid Rate,6.4419,GH¢ per NZD,6.4419,GH¢ per NZD,ok,
2026-04-10,SEKGHS,Swedish Krona,Buying,1.1897,GH¢ per SEK,1.1897,GH¢ per SEK,ok,
2026-04-10,SEKGHS,Swedish Krona,Selling,1.1905,GH¢ per SEK,1.1905,GH¢ per SEK,ok,
2026-04-10,SEKGHS,Swedish Krona,Mid Rate,1.1901,GH¢ per SEK,1.1901,GH¢ per SEK,ok,
2026-04-10,WAUGHS,Ecowas,Buying,0.0140,GH¢ per WAU,0.014,"GH¢ per WAU (BoG's 'Ecowas' unit, not defined by BoG)",ok,
2026-04-10,WAUGHS,Ecowas,Selling,0.0140,GH¢ per WAU,0.014,"GH¢ per WAU (BoG's 'Ecowas' unit, not defined by BoG)",ok,
2026-04-10,WAUGHS,Ecowas,Mid Rate,0.0140,GH¢ per WAU,0.014,"GH¢ per WAU (BoG's 'Ecowas' unit, not defined by BoG)",ok,
2026-04-10,ZARGHS,South African Rand,Buying,0.6716,GH¢ per ZAR,0.6716,GH¢ per ZAR,ok,
2026-04-10,ZARGHS,South African Rand,Selling,0.6719,GH¢ per ZAR,0.6719,GH¢ per ZAR,ok,
2026-04-10,ZARGHS,South African Rand,Mid Rate,0.6718,GH¢ per ZAR,0.6718,GH¢ per ZAR,ok,
2026-04-13,USDGHS,US Dollar,Buying,11.0295,GH¢ per USD,11.0295,GH¢ per USD,ok,
2026-04-13,USDGHS,US Dollar,Selling,11.0405,GH¢ per USD,11.0405,GH¢ per USD,ok,
2026-04-13,USDGHS,US Dollar,Mid Rate,11.0350,GH¢ per USD,11.035,GH¢ per USD,ok,
2026-04-13,AUDGHS,Australian Dollar,Buying,7.7978,GH¢ per AUD,7.7978,GH¢ per AUD,ok,
2026-04-13,AUDGHS,Australian Dollar,Selling,7.8062,GH¢ per AUD,7.8062,GH¢ per AUD,ok,
2026-04-13,AUDGHS,Australian Dollar,Mid Rate,7.8020,GH¢ per AUD,7.802,GH¢ per AUD,ok,
2026-04-13,CADGHS,Canadian Dollar,Buying,7.9878,GH¢ per CAD,7.9878,GH¢ per CAD,ok,
2026-04-13,CADGHS,Canadian Dollar,Selling,7.9951,GH¢ per CAD,7.9951,GH¢ per CAD,ok,
2026-04-13,CADGHS,Canadian Dollar,Mid Rate,7.9915,GH¢ per CAD,7.9915,GH¢ per CAD,ok,
2026-04-13,CHFGHS,Swiss Franc,Buying,14.0161,GH¢ per CHF,14.0161,GH¢ per CHF,ok,
2026-04-13,CHFGHS,Swiss Franc,Selling,14.0286,GH¢ per CHF,14.0286,GH¢ per CHF,ok,
2026-04-13,CHFGHS,Swiss Franc,Mid Rate,14.0224,GH¢ per CHF,14.0224,GH¢ per CHF,ok,
2026-04-13,CNYGHS,Yuan Renminbi,Buying,1.6146,GH¢ per CNY,1.6146,GH¢ per CNY,ok,
2026-04-13,CNYGHS,Yuan Renminbi,Selling,1.6161,GH¢ per CNY,1.6161,GH¢ per CNY,ok,
2026-04-13,CNYGHS,Yuan Renminbi,Mid Rate,1.6154,GH¢ per CNY,1.6154,GH¢ per CNY,ok,
2026-04-13,DKKGHS,Danish Krone,Buying,1.7290,GH¢ per DKK,1.729,GH¢ per DKK,ok,
2026-04-13,DKKGHS,Danish Krone,Selling,1.7305,GH¢ per DKK,1.7305,GH¢ per DKK,ok,
2026-04-13,DKKGHS,Danish Krone,Mid Rate,1.7298,GH¢ per DKK,1.7298,GH¢ per DKK,ok,
2026-04-13,EURGHS,Euro,Buying,12.9187,GH¢ per EUR,12.9187,GH¢ per EUR,ok,
2026-04-13,EURGHS,Euro,Selling,12.9315,GH¢ per EUR,12.9315,GH¢ per EUR,ok,
2026-04-13,EURGHS,Euro,Mid Rate,12.9251,GH¢ per EUR,12.9251,GH¢ per EUR,ok,
2026-04-13,GBPGHS,Pound Sterling,Buying,14.8501,GH¢ per GBP,14.8501,GH¢ per GBP,ok,
2026-04-13,GBPGHS,Pound Sterling,Selling,14.8661,GH¢ per GBP,14.8661,GH¢ per GBP,ok,
2026-04-13,GBPGHS,Pound Sterling,Mid Rate,14.8581,GH¢ per GBP,14.8581,GH¢ per GBP,ok,
2026-04-13,GHSGMD,Dalasi,Buying,6.6085,GMD per GH¢,0.1513202694,GH¢ per GMD,ok,
2026-04-13,GHSGMD,Dalasi,Selling,6.6090,GMD per GH¢,0.1513088213,GH¢ per GMD,ok,
2026-04-13,GHSGMD,Dalasi,Mid Rate,6.6088,GMD per GH¢,0.1513134003,GH¢ per GMD,ok,
2026-04-13,GHSMRO,Ouguiya,Buying,32.3516,MRO per GH¢,0.0309103723,GH¢ per MRO (old ouguiya; 10 MRO = 1 MRU since 2018),ok,
2026-04-13,GHSMRO,Ouguiya,Selling,32.4422,MRO per GH¢,0.0308240502,GH¢ per MRO (old ouguiya; 10 MRO = 1 MRU since 2018),ok,
2026-04-13,GHSMRO,Ouguiya,Mid Rate,32.3969,MRO per GH¢,0.0308671509,GH¢ per MRO (old ouguiya; 10 MRO = 1 MRU since 2018),ok,
2026-04-13,GHSNGN,Naira,Buying,123.0856,NGN per GH¢,0.0081244272,GH¢ per NGN,ok,
2026-04-13,GHSNGN,Naira,Selling,123.2216,NGN per GH¢,0.0081154603,GH¢ per NGN,ok,
2026-04-13,GHSNGN,Naira,Mid Rate,123.1536,NGN per GH¢,0.0081199413,GH¢ per NGN,ok,
2026-04-13,GHSSLL,Leone,Buying,"2,161.3060",SLL per GH¢,0.462683211,"GH¢ per SLE (new leone; 1 SLE = 1,000 old leones)",ok,
2026-04-13,GHSSLL,Leone,Selling,"2,207.4220",SLL per GH¢,0.4530171395,"GH¢ per SLE (new leone; 1 SLE = 1,000 old leones)",ok,
2026-04-13,GHSSLL,Leone,Mid Rate,"2,184.3640",SLL per GH¢,0.457799158,"GH¢ per SLE (new leone; 1 SLE = 1,000 old leones)",ok,
2026-04-13,GHSXOF,BCEAO,Buying,50.7255,XOF per GH¢,0.0197139506,GH¢ per XOF (CFA franc (BCEAO)),ok,
2026-04-13,GHSXOF,BCEAO,Selling,50.7758,XOF per GH¢,0.0196944214,GH¢ per XOF (CFA franc (BCEAO)),ok,
2026-04-13,GHSXOF,BCEAO,Mid Rate,50.7507,XOF per GH¢,0.0197041617,GH¢ per XOF (CFA franc (BCEAO)),ok,
2026-04-13,JPYGHS,Japanese yen,Buying,0.0691,GH¢ per JPY,0.0691,GH¢ per JPY,ok,
2026-04-13,JPYGHS,Japanese yen,Selling,0.0691,GH¢ per JPY,0.0691,GH¢ per JPY,ok,
2026-04-13,JPYGHS,Japanese yen,Mid Rate,0.0691,GH¢ per JPY,0.0691,GH¢ per JPY,ok,
2026-04-13,NOKGHS,Norwegian Krone,Buying,1.1645,GH¢ per NOK,1.1645,GH¢ per NOK,ok,
2026-04-13,NOKGHS,Norwegian Krone,Selling,1.1651,GH¢ per NOK,1.1651,GH¢ per NOK,ok,
2026-04-13,NOKGHS,Norwegian Krone,Mid Rate,1.1648,GH¢ per NOK,1.1648,GH¢ per NOK,ok,
2026-04-13,NZDGHS,New Zealand Dollar,Buying,6.4494,GH¢ per NZD,6.4494,GH¢ per NZD,ok,
2026-04-13,NZDGHS,New Zealand Dollar,Selling,6.4578,GH¢ per NZD,6.4578,GH¢ per NZD,ok,
2026-04-13,NZDGHS,New Zealand Dollar,Mid Rate,6.4536,GH¢ per NZD,6.4536,GH¢ per NZD,ok,
2026-04-13,SEKGHS,Swedish Krona,Buying,1.1968,GH¢ per SEK,1.1968,GH¢ per SEK,ok,
2026-04-13,SEKGHS,Swedish Krona,Selling,1.1976,GH¢ per SEK,1.1976,GH¢ per SEK,ok,
2026-04-13,SEKGHS,Swedish Krona,Mid Rate,1.1972,GH¢ per SEK,1.1972,GH¢ per SEK,ok,
2026-04-13,WAUGHS,Ecowas,Buying,0.0140,GH¢ per WAU,0.014,"GH¢ per WAU (BoG's 'Ecowas' unit, not defined by BoG)",ok,
2026-04-13,WAUGHS,Ecowas,Selling,0.0140,GH¢ per WAU,0.014,"GH¢ per WAU (BoG's 'Ecowas' unit, not defined by BoG)",ok,
2026-04-13,WAUGHS,Ecowas,Mid Rate,0.0140,GH¢ per WAU,0.014,"GH¢ per WAU (BoG's 'Ecowas' unit, not defined by BoG)",ok,
2026-04-13,ZARGHS,South African Rand,Buying,0.6693,GH¢ per ZAR,0.6693,GH¢ per ZAR,ok,
2026-04-13,ZARGHS,South African Rand,Selling,0.6696,GH¢ per ZAR,0.6696,GH¢ per ZAR,ok,
2026-04-13,ZARGHS,South African Rand,Mid Rate,0.6695,GH¢ per ZAR,0.6695,GH¢ per ZAR,ok,
2026-04-14,USDGHS,US Dollar,Buying,11.0357,GH¢ per USD,11.0357,GH¢ per USD,ok,
2026-04-14,USDGHS,US Dollar,Selling,11.0467,GH¢ per USD,11.0467,GH¢ per USD,ok,
2026-04-14,USDGHS,US Dollar,Mid Rate,11.0412,GH¢ per USD,11.0412,GH¢ per USD,ok,
2026-04-14,AUDGHS,Australian Dollar,Buying,7.8682,GH¢ per AUD,7.8682,GH¢ per AUD,ok,
2026-04-14,AUDGHS,Australian Dollar,Selling,7.8766,GH¢ per AUD,7.8766,GH¢ per AUD,ok,
2026-04-14,AUDGHS,Australian Dollar,Mid Rate,7.8724,GH¢ per AUD,7.8724,GH¢ per AUD,ok,
2026-04-14,CADGHS,Canadian Dollar,Buying,8.0216,GH¢ per CAD,8.0216,GH¢ per CAD,ok,
2026-04-14,CADGHS,Canadian Dollar,Selling,8.0294,GH¢ per CAD,8.0294,GH¢ per CAD,ok,
2026-04-14,CADGHS,Canadian Dollar,Mid Rate,8.0255,GH¢ per CAD,8.0255,GH¢ per CAD,ok,
2026-04-14,CHFGHS,Swiss Franc,Buying,14.1305,GH¢ per CHF,14.1305,GH¢ per CHF,ok,
2026-04-14,CHFGHS,Swiss Franc,Selling,14.1444,GH¢ per CHF,14.1444,GH¢ per CHF,ok,
2026-04-14,CHFGHS,Swiss Franc,Mid Rate,14.1375,GH¢ per CHF,14.1375,GH¢ per CHF,ok,
2026-04-14,CNYGHS,Yuan Renminbi,Buying,1.6191,GH¢ per CNY,1.6191,GH¢ per CNY,ok,
2026-04-14,CNYGHS,Yuan Renminbi,Selling,1.6206,GH¢ per CNY,1.6206,GH¢ per CNY,ok,
2026-04-14,CNYGHS,Yuan Renminbi,Mid Rate,1.6199,GH¢ per CNY,1.6199,GH¢ per CNY,ok,
2026-04-14,DKKGHS,Danish Krone,Buying,1.7417,GH¢ per DKK,1.7417,GH¢ per DKK,ok,
2026-04-14,DKKGHS,Danish Krone,Selling,1.7433,GH¢ per DKK,1.7433,GH¢ per DKK,ok,
2026-04-14,DKKGHS,Danish Krone,Mid Rate,1.7425,GH¢ per DKK,1.7425,GH¢ per DKK,ok,
2026-04-14,EURGHS,Euro,Buying,13.0162,GH¢ per EUR,13.0162,GH¢ per EUR,ok,
2026-04-14,EURGHS,Euro,Selling,13.0279,GH¢ per EUR,13.0279,GH¢ per EUR,ok,
2026-04-14,EURGHS,Euro,Mid Rate,13.0221,GH¢ per EUR,13.0221,GH¢ per EUR,ok,
2026-04-14,GBPGHS,Pound Sterling,Buying,14.9699,GH¢ per GBP,14.9699,GH¢ per GBP,ok,
2026-04-14,GBPGHS,Pound Sterling,Selling,14.9860,GH¢ per GBP,14.986,GH¢ per GBP,ok,
2026-04-14,GBPGHS,Pound Sterling,Mid Rate,14.9780,GH¢ per GBP,14.978,GH¢ per GBP,ok,
2026-04-14,GHSGMD,Dalasi,Buying,6.6048,GMD per GH¢,0.1514050388,GH¢ per GMD,ok,
2026-04-14,GHSGMD,Dalasi,Selling,6.6050,GMD per GH¢,0.1514004542,GH¢ per GMD,ok,
2026-04-14,GHSGMD,Dalasi,Mid Rate,6.6049,GMD per GH¢,0.1514027464,GH¢ per GMD,ok,
2026-04-14,GHSMRO,Ouguiya,Buying,32.3334,MRO per GH¢,0.0309277713,GH¢ per MRO (old ouguiya; 10 MRO = 1 MRU since 2018),ok,
2026-04-14,GHSMRO,Ouguiya,Selling,32.4240,MRO per GH¢,0.0308413521,GH¢ per MRO (old ouguiya; 10 MRO = 1 MRU since 2018),ok,
2026-04-14,GHSMRO,Ouguiya,Mid Rate,32.3787,MRO per GH¢,0.0308845012,GH¢ per MRO (old ouguiya; 10 MRO = 1 MRU since 2018),ok,
2026-04-14,GHSNGN,Naira,Buying,122.0429,NGN per GH¢,0.00819384,GH¢ per NGN,ok,
2026-04-14,GHSNGN,Naira,Selling,122.1335,NGN per GH¢,0.0081877618,GH¢ per NGN,ok,
2026-04-14,GHSNGN,Naira,Mid Rate,122.0882,NGN per GH¢,0.0081907998,GH¢ per NGN,ok,
2026-04-14,GHSSLL,Leone,Buying,"2,161.4509",SLL per GH¢,0.4626521935,"GH¢ per SLE (new leone; 1 SLE = 1,000 old leones)",ok,
2026-04-14,GHSSLL,Leone,Selling,"2,206.8607",SLL per GH¢,0.4531323613,"GH¢ per SLE (new leone; 1 SLE = 1,000 old leones)",ok,
2026-04-14,GHSSLL,Leone,Mid Rate,"2,184.1558",SLL per GH¢,0.4578427967,"GH¢ per SLE (new leone; 1 SLE = 1,000 old leones)",ok,
2026-04-14,GHSXOF,BCEAO,Buying,50.3502,XOF per GH¢,0.0198608943,GH¢ per XOF (CFA franc (BCEAO)),ok,
2026-04-14,GHSXOF,BCEAO,Selling,50.3954,XOF per GH¢,0.0198430809,GH¢ per XOF (CFA franc (BCEAO)),ok,
2026-04-14,GHSXOF,BCEAO,Mid Rate,50.3728,XOF per GH¢,0.0198519836,GH¢ per XOF (CFA franc (BCEAO)),ok,
2026-04-14,JPYGHS,Japanese yen,Buying,0.0695,GH¢ per JPY,0.0695,GH¢ per JPY,ok,
2026-04-14,JPYGHS,Japanese yen,Selling,0.0695,GH¢ per JPY,0.0695,GH¢ per JPY,ok,
2026-04-14,JPYGHS,Japanese yen,Mid Rate,0.0695,GH¢ per JPY,0.0695,GH¢ per JPY,ok,
2026-04-14,NOKGHS,Norwegian Krone,Buying,1.1672,GH¢ per NOK,1.1672,GH¢ per NOK,ok,
2026-04-14,NOKGHS,Norwegian Krone,Selling,1.1677,GH¢ per NOK,1.1677,GH¢ per NOK,ok,
2026-04-14,NOKGHS,Norwegian Krone,Mid Rate,1.1675,GH¢ per NOK,1.1675,GH¢ per NOK,ok,
2026-04-14,NZDGHS,New Zealand Dollar,Buying,6.5164,GH¢ per NZD,6.5164,GH¢ per NZD,ok,
2026-04-14,NZDGHS,New Zealand Dollar,Selling,6.5249,GH¢ per NZD,6.5249,GH¢ per NZD,ok,
2026-04-14,NZDGHS,New Zealand Dollar,Mid Rate,6.5207,GH¢ per NZD,6.5207,GH¢ per NZD,ok,
2026-04-14,SEKGHS,Swedish Krona,Buying,1.2012,GH¢ per SEK,1.2012,GH¢ per SEK,ok,
2026-04-14,SEKGHS,Swedish Krona,Selling,1.2020,GH¢ per SEK,1.202,GH¢ per SEK,ok,
2026-04-14,SEKGHS,Swedish Krona,Mid Rate,1.2016,GH¢ per SEK,1.2016,GH¢ per SEK,ok,
2026-04-14,WAUGHS,Ecowas,Buying,0.0140,GH¢ per WAU,0.014,"GH¢ per WAU (BoG's 'Ecowas' unit, not defined by BoG)",ok,
2026-04-14,WAUGHS,Ecowas,Selling,0.0140,GH¢ per WAU,0.014,"GH¢ per WAU (BoG's 'Ecowas' unit, not defined by BoG)",ok,
2026-04-14,WAUGHS,Ecowas,Mid Rate,0.0140,GH¢ per WAU,0.014,"GH¢ per WAU (BoG's 'Ecowas' unit, not defined by BoG)",ok,
2026-04-14,ZARGHS,South African Rand,Buying,0.6751,GH¢ per ZAR,0.6751,GH¢ per ZAR,ok,
2026-04-14,ZARGHS,South African Rand,Selling,0.6755,GH¢ per ZAR,0.6755,GH¢ per ZAR,ok,
2026-04-14,ZARGHS,South African Rand,Mid Rate,0.6753,GH¢ per ZAR,0.6753,GH¢ per ZAR,ok,
2026-04-15,USDGHS,US Dollar,Buying,11.0370,GH¢ per USD,11.037,GH¢ per USD,ok,
2026-04-15,USDGHS,US Dollar,Selling,11.0480,GH¢ per USD,11.048,GH¢ per USD,ok,
2026-04-15,USDGHS,US Dollar,Mid Rate,11.0425,GH¢ per USD,11.0425,GH¢ per USD,ok,
2026-04-15,AUDGHS,Australian Dollar,Buying,7.9091,GH¢ per AUD,7.9091,GH¢ per AUD,ok,
2026-04-15,AUDGHS,Australian Dollar,Selling,7.9191,GH¢ per AUD,7.9191,GH¢ per AUD,ok,
2026-04-15,AUDGHS,Australian Dollar,Mid Rate,7.9141,GH¢ per AUD,7.9141,GH¢ per AUD,ok,
2026-04-15,CADGHS,Canadian Dollar,Buying,8.0336,GH¢ per CAD,8.0336,GH¢ per CAD,ok,
2026-04-15,CADGHS,Canadian Dollar,Selling,8.0413,GH¢ per CAD,8.0413,GH¢ per CAD,ok,
2026-04-15,CADGHS,Canadian Dollar,Mid Rate,8.0375,GH¢ per CAD,8.0375,GH¢ per CAD,ok,
2026-04-15,CHFGHS,Swiss Franc,Buying,14.1262,GH¢ per CHF,14.1262,GH¢ per CHF,ok,
2026-04-15,CHFGHS,Swiss Franc,Selling,14.1400,GH¢ per CHF,14.14,GH¢ per CHF,ok,
2026-04-15,CHFGHS,Swiss Franc,Mid Rate,14.1331,GH¢ per CHF,14.1331,GH¢ per CHF,ok,
2026-04-15,CNYGHS,Yuan Renminbi,Buying,1.6188,GH¢ per CNY,1.6188,GH¢ per CNY,ok,
2026-04-15,CNYGHS,Yuan Renminbi,Selling,1.6201,GH¢ per CNY,1.6201,GH¢ per CNY,ok,
2026-04-15,CNYGHS,Yuan Renminbi,Mid Rate,1.6195,GH¢ per CNY,1.6195,GH¢ per CNY,ok,
2026-04-15,DKKGHS,Danish Krone,Buying,1.7430,GH¢ per DKK,1.743,GH¢ per DKK,ok,
2026-04-15,DKKGHS,Danish Krone,Selling,1.7446,GH¢ per DKK,1.7446,GH¢ per DKK,ok,
2026-04-15,DKKGHS,Danish Krone,Mid Rate,1.7438,GH¢ per DKK,1.7438,GH¢ per DKK,ok,
2026-04-15,EURGHS,Euro,Buying,13.0256,GH¢ per EUR,13.0256,GH¢ per EUR,ok,
2026-04-15,EURGHS,Euro,Selling,13.0373,GH¢ per EUR,13.0373,GH¢ per EUR,ok,
2026-04-15,EURGHS,Euro,Mid Rate,13.0315,GH¢ per EUR,13.0315,GH¢ per EUR,ok,
2026-04-15,GBPGHS,Pound Sterling,Buying,14.9794,GH¢ per GBP,14.9794,GH¢ per GBP,ok,
2026-04-15,GBPGHS,Pound Sterling,Selling,14.9955,GH¢ per GBP,14.9955,GH¢ per GBP,ok,
2026-04-15,GBPGHS,Pound Sterling,Mid Rate,14.9875,GH¢ per GBP,14.9875,GH¢ per GBP,ok,
2026-04-15,GHSGMD,Dalasi,Buying,6.6040,GMD per GH¢,0.1514233798,GH¢ per GMD,ok,
2026-04-15,GHSGMD,Dalasi,Selling,6.6042,GMD per GH¢,0.1514187941,GH¢ per GMD,ok,
2026-04-15,GHSGMD,Dalasi,Mid Rate,6.6041,GMD per GH¢,0.1514210869,GH¢ per GMD,ok,
2026-04-15,GHSMRO,Ouguiya,Buying,32.3296,MRO per GH¢,0.0309314065,GH¢ per MRO (old ouguiya; 10 MRO = 1 MRU since 2018),ok,
2026-04-15,GHSMRO,Ouguiya,Selling,32.4202,MRO per GH¢,0.030844967,GH¢ per MRO (old ouguiya; 10 MRO = 1 MRU since 2018),ok,
2026-04-15,GHSMRO,Ouguiya,Mid Rate,32.3749,MRO per GH¢,0.0308881263,GH¢ per MRO (old ouguiya; 10 MRO = 1 MRU since 2018),ok,
2026-04-15,GHSNGN,Naira,Buying,121.3946,NGN per GH¢,0.0082375987,GH¢ per NGN,ok,
2026-04-15,GHSNGN,Naira,Selling,122.3002,NGN per GH¢,0.0081766015,GH¢ per NGN,ok,
2026-04-15,GHSNGN,Naira,Mid Rate,121.8474,NGN per GH¢,0.0082069868,GH¢ per NGN,ok,
2026-04-15,GHSSLL,Leone,Buying,"2,161.1964",SLL per GH¢,0.4627066749,"GH¢ per SLE (new leone; 1 SLE = 1,000 old leones)",ok,
2026-04-15,GHSSLL,Leone,Selling,"2,212.1441",SLL per GH¢,0.4520501173,"GH¢ per SLE (new leone; 1 SLE = 1,000 old leones)",ok,
2026-04-15,GHSSLL,Leone,Mid Rate,"2,186.6703",SLL per GH¢,0.4573163133,"GH¢ per SLE (new leone; 1 SLE = 1,000 old leones)",ok,
2026-04-15,GHSXOF,BCEAO,Buying,50.3139,XOF per GH¢,0.0198752233,GH¢ per XOF (CFA franc (BCEAO)),ok,
2026-04-15,GHSXOF,BCEAO,Selling,50.3591,XOF per GH¢,0.0198573843,GH¢ per XOF (CFA franc (BCEAO)),ok,
2026-04-15,GHSXOF,BCEAO,Mid Rate,50.3365,XOF per GH¢,0.0198662998,GH¢ per XOF (CFA franc (BCEAO)),ok,
2026-04-15,JPYGHS,Japanese yen,Buying,0.0695,GH¢ per JPY,0.0695,GH¢ per JPY,ok,
2026-04-15,JPYGHS,Japanese yen,Selling,0.0696,GH¢ per JPY,0.0696,GH¢ per JPY,ok,
2026-04-15,JPYGHS,Japanese yen,Mid Rate,0.0696,GH¢ per JPY,0.0696,GH¢ per JPY,ok,
2026-04-15,NOKGHS,Norwegian Krone,Buying,1.1759,GH¢ per NOK,1.1759,GH¢ per NOK,ok,
2026-04-15,NOKGHS,Norwegian Krone,Selling,1.1767,GH¢ per NOK,1.1767,GH¢ per NOK,ok,
2026-04-15,NOKGHS,Norwegian Krone,Mid Rate,1.1763,GH¢ per NOK,1.1763,GH¢ per NOK,ok,
2026-04-15,NZDGHS,New Zealand Dollar,Buying,6.5250,GH¢ per NZD,6.525,GH¢ per NZD,ok,
2026-04-15,NZDGHS,New Zealand Dollar,Selling,6.5335,GH¢ per NZD,6.5335,GH¢ per NZD,ok,
2026-04-15,NZDGHS,New Zealand Dollar,Mid Rate,6.5293,GH¢ per NZD,6.5293,GH¢ per NZD,ok,
2026-04-15,SEKGHS,Swedish Krona,Buying,1.2053,GH¢ per SEK,1.2053,GH¢ per SEK,ok,
2026-04-15,SEKGHS,Swedish Krona,Selling,1.2062,GH¢ per SEK,1.2062,GH¢ per SEK,ok,
2026-04-15,SEKGHS,Swedish Krona,Mid Rate,1.2058,GH¢ per SEK,1.2058,GH¢ per SEK,ok,
2026-04-15,WAUGHS,Ecowas,Buying,0.0140,GH¢ per WAU,0.014,"GH¢ per WAU (BoG's 'Ecowas' unit, not defined by BoG)",ok,
2026-04-15,WAUGHS,Ecowas,Selling,0.0140,GH¢ per WAU,0.014,"GH¢ per WAU (BoG's 'Ecowas' unit, not defined by BoG)",ok,
2026-04-15,WAUGHS,Ecowas,Mid Rate,0.0140,GH¢ per WAU,0.014,"GH¢ per WAU (BoG's 'Ecowas' unit, not defined by BoG)",ok,
2026-04-15,ZARGHS,South African Rand,Buying,0.6746,GH¢ per ZAR,0.6746,GH¢ per ZAR,ok,
2026-04-15,ZARGHS,South African Rand,Selling,0.6750,GH¢ per ZAR,0.675,GH¢ per ZAR,ok,
2026-04-15,ZARGHS,South African Rand,Mid Rate,0.6748,GH¢ per ZAR,0.6748,GH¢ per ZAR,ok,
2026-04-16,USDGHS,US Dollar,Buying,11.0375,GH¢ per USD,11.0375,GH¢ per USD,ok,
2026-04-16,USDGHS,US Dollar,Selling,11.0485,GH¢ per USD,11.0485,GH¢ per USD,ok,
2026-04-16,USDGHS,US Dollar,Mid Rate,11.0430,GH¢ per USD,11.043,GH¢ per USD,ok,
2026-04-16,AUDGHS,Australian Dollar,Buying,7.8976,GH¢ per AUD,7.8976,GH¢ per AUD,ok,
2026-04-16,AUDGHS,Australian Dollar,Selling,7.9061,GH¢ per AUD,7.9061,GH¢ per AUD,ok,
2026-04-16,AUDGHS,Australian Dollar,Mid Rate,7.9019,GH¢ per AUD,7.9019,GH¢ per AUD,ok,
2026-04-16,CADGHS,Canadian Dollar,Buying,8.0560,GH¢ per CAD,8.056,GH¢ per CAD,ok,
2026-04-16,CADGHS,Canadian Dollar,Selling,8.0637,GH¢ per CAD,8.0637,GH¢ per CAD,ok,
2026-04-16,CADGHS,Canadian Dollar,Mid Rate,8.0599,GH¢ per CAD,8.0599,GH¢ per CAD,ok,
2026-04-16,CHFGHS,Swiss Franc,Buying,14.0789,GH¢ per CHF,14.0789,GH¢ per CHF,ok,
2026-04-16,CHFGHS,Swiss Franc,Selling,14.0927,GH¢ per CHF,14.0927,GH¢ per CHF,ok,
2026-04-16,CHFGHS,Swiss Franc,Mid Rate,14.0858,GH¢ per CHF,14.0858,GH¢ per CHF,ok,
2026-04-16,CNYGHS,Yuan Renminbi,Buying,1.6182,GH¢ per CNY,1.6182,GH¢ per CNY,ok,
2026-04-16,CNYGHS,Yuan Renminbi,Selling,1.6194,GH¢ per CNY,1.6194,GH¢ per CNY,ok,
2026-04-16,CNYGHS,Yuan Renminbi,Mid Rate,1.6188,GH¢ per CNY,1.6188,GH¢ per CNY,ok,
2026-04-16,DKKGHS,Danish Krone,Buying,1.7387,GH¢ per DKK,1.7387,GH¢ per DKK,ok,
2026-04-16,DKKGHS,Danish Krone,Selling,1.7403,GH¢ per DKK,1.7403,GH¢ per DKK,ok,
2026-04-16,DKKGHS,Danish Krone,Mid Rate,1.7395,GH¢ per DKK,1.7395,GH¢ per DKK,ok,
2026-04-16,EURGHS,Euro,Buying,12.9944,GH¢ per EUR,12.9944,GH¢ per EUR,ok,
2026-04-16,EURGHS,Euro,Selling,13.0050,GH¢ per EUR,13.005,GH¢ per EUR,ok,
2026-04-16,EURGHS,Euro,Mid Rate,12.9997,GH¢ per EUR,12.9997,GH¢ per EUR,ok,
2026-04-16,GBPGHS,Pound Sterling,Buying,14.9293,GH¢ per GBP,14.9293,GH¢ per GBP,ok,
2026-04-16,GBPGHS,Pound Sterling,Selling,14.9453,GH¢ per GBP,14.9453,GH¢ per GBP,ok,
2026-04-16,GBPGHS,Pound Sterling,Mid Rate,14.9373,GH¢ per GBP,14.9373,GH¢ per GBP,ok,
2026-04-16,GHSGMD,Dalasi,Buying,6.6037,GMD per GH¢,0.1514302588,GH¢ per GMD,ok,
2026-04-16,GHSGMD,Dalasi,Selling,6.6038,GMD per GH¢,0.1514279657,GH¢ per GMD,ok,
2026-04-16,GHSGMD,Dalasi,Mid Rate,6.6038,GMD per GH¢,0.1514279657,GH¢ per GMD,ok,
2026-04-16,GHSMRO,Ouguiya,Buying,32.3282,MRO per GH¢,0.030932746,GH¢ per MRO (old ouguiya; 10 MRO = 1 MRU since 2018),ok,
2026-04-16,GHSMRO,Ouguiya,Selling,32.4187,MRO per GH¢,0.0308463942,GH¢ per MRO (old ouguiya; 10 MRO = 1 MRU since 2018),ok,
2026-04-16,GHSMRO,Ouguiya,Mid Rate,32.3735,MRO per GH¢,0.0308894621,GH¢ per MRO (old ouguiya; 10 MRO = 1 MRU since 2018),ok,
2026-04-16,GHSNGN,Naira,Buying,121.4842,NGN per GH¢,0.0082315231,GH¢ per NGN,ok,
2026-04-16,GHSNGN,Naira,Selling,121.5748,NGN per GH¢,0.0082253888,GH¢ per NGN,ok,
2026-04-16,GHSNGN,Naira,Mid Rate,121.5295,NGN per GH¢,0.0082284548,GH¢ per NGN,ok,
2026-04-16,GHSSLL,Leone,Buying,"2,161.0986",SLL per GH¢,0.4627276146,"GH¢ per SLE (new leone; 1 SLE = 1,000 old leones)",ok,
2026-04-16,GHSSLL,Leone,Selling,"2,209.5537",SLL per GH¢,0.4525800844,"GH¢ per SLE (new leone; 1 SLE = 1,000 old leones)",ok,
2026-04-16,GHSSLL,Leone,Mid Rate,"2,185.3262",SLL per GH¢,0.4575975889,"GH¢ per SLE (new leone; 1 SLE = 1,000 old leones)",ok,
2026-04-16,GHSXOF,BCEAO,Buying,50.4388,XOF per GH¢,0.019826007,GH¢ per XOF (CFA franc (BCEAO)),ok,
2026-04-16,GHSXOF,BCEAO,Selling,50.4800,XOF per GH¢,0.0198098257,GH¢ per XOF (CFA franc (BCEAO)),ok,
2026-04-16,GHSXOF,BCEAO,Mid Rate,50.4594,XOF per GH¢,0.019817913,GH¢ per XOF (CFA franc (BCEAO)),ok,
2026-04-16,JPYGHS,Japanese yen,Buying,0.0693,GH¢ per JPY,0.0693,GH¢ per JPY,ok,
2026-04-16,JPYGHS,Japanese yen,Selling,0.0694,GH¢ per JPY,0.0694,GH¢ per JPY,ok,
2026-04-16,JPYGHS,Japanese yen,Mid Rate,0.0694,GH¢ per JPY,0.0694,GH¢ per JPY,ok,
2026-04-16,NOKGHS,Norwegian Krone,Buying,1.1790,GH¢ per NOK,1.179,GH¢ per NOK,ok,
2026-04-16,NOKGHS,Norwegian Krone,Selling,1.1798,GH¢ per NOK,1.1798,GH¢ per NOK,ok,
2026-04-16,NOKGHS,Norwegian Krone,Mid Rate,1.1794,GH¢ per NOK,1.1794,GH¢ per NOK,ok,
2026-04-16,NZDGHS,New Zealand Dollar,Buying,6.4942,GH¢ per NZD,6.4942,GH¢ per NZD,ok,
2026-04-16,NZDGHS,New Zealand Dollar,Selling,6.5027,GH¢ per NZD,6.5027,GH¢ per NZD,ok,
2026-04-16,NZDGHS,New Zealand Dollar,Mid Rate,6.4985,GH¢ per NZD,6.4985,GH¢ per NZD,ok,
2026-04-16,SEKGHS,Swedish Krona,Buying,1.2003,GH¢ per SEK,1.2003,GH¢ per SEK,ok,
2026-04-16,SEKGHS,Swedish Krona,Selling,1.2011,GH¢ per SEK,1.2011,GH¢ per SEK,ok,
2026-04-16,SEKGHS,Swedish Krona,Mid Rate,1.2007,GH¢ per SEK,1.2007,GH¢ per SEK,ok,
2026-04-16,WAUGHS,Ecowas,Buying,0.0140,GH¢ per WAU,0.014,"GH¢ per WAU (BoG's 'Ecowas' unit, not defined by BoG)",ok,
2026-04-16,WAUGHS,Ecowas,Selling,0.0140,GH¢ per WAU,0.014,"GH¢ per WAU (BoG's 'Ecowas' unit, not defined by BoG)",ok,
2026-04-16,WAUGHS,Ecowas,Mid Rate,0.0140,GH¢ per WAU,0.014,"GH¢ per WAU (BoG's 'Ecowas' unit, not defined by BoG)",ok,
2026-04-16,ZARGHS,South African Rand,Buying,0.6717,GH¢ per ZAR,0.6717,GH¢ per ZAR,ok,
2026-04-16,ZARGHS,South African Rand,Selling,0.6720,GH¢ per ZAR,0.672,GH¢ per ZAR,ok,
2026-04-16,ZARGHS,South African Rand,Mid Rate,0.6719,GH¢ per ZAR,0.6719,GH¢ per ZAR,ok,
2026-04-17,USDGHS,US Dollar,Buying,11.0445,GH¢ per USD,11.0445,GH¢ per USD,ok,
2026-04-17,USDGHS,US Dollar,Selling,11.0555,GH¢ per USD,11.0555,GH¢ per USD,ok,
2026-04-17,USDGHS,US Dollar,Mid Rate,11.0500,GH¢ per USD,11.05,GH¢ per USD,ok,
2026-04-17,AUDGHS,Australian Dollar,Buying,7.9417,GH¢ per AUD,7.9417,GH¢ per AUD,ok,
2026-04-17,AUDGHS,Australian Dollar,Selling,7.9502,GH¢ per AUD,7.9502,GH¢ per AUD,ok,
2026-04-17,AUDGHS,Australian Dollar,Mid Rate,7.9460,GH¢ per AUD,7.946,GH¢ per AUD,ok,
2026-04-17,CADGHS,Canadian Dollar,Buying,8.0817,GH¢ per CAD,8.0817,GH¢ per CAD,ok,
2026-04-17,CADGHS,Canadian Dollar,Selling,8.0891,GH¢ per CAD,8.0891,GH¢ per CAD,ok,
2026-04-17,CADGHS,Canadian Dollar,Mid Rate,8.0854,GH¢ per CAD,8.0854,GH¢ per CAD,ok,
2026-04-17,CHFGHS,Swiss Franc,Buying,14.1696,GH¢ per CHF,14.1696,GH¢ per CHF,ok,
2026-04-17,CHFGHS,Swiss Franc,Selling,14.1821,GH¢ per CHF,14.1821,GH¢ per CHF,ok,
2026-04-17,CHFGHS,Swiss Franc,Mid Rate,14.1759,GH¢ per CHF,14.1759,GH¢ per CHF,ok,
2026-04-17,CNYGHS,Yuan Renminbi,Buying,1.6205,GH¢ per CNY,1.6205,GH¢ per CNY,ok,
2026-04-17,CNYGHS,Yuan Renminbi,Selling,1.6216,GH¢ per CNY,1.6216,GH¢ per CNY,ok,
2026-04-17,CNYGHS,Yuan Renminbi,Mid Rate,1.6211,GH¢ per CNY,1.6211,GH¢ per CNY,ok,
2026-04-17,DKKGHS,Danish Krone,Buying,1.7445,GH¢ per DKK,1.7445,GH¢ per DKK,ok,
2026-04-17,DKKGHS,Danish Krone,Selling,1.7460,GH¢ per DKK,1.746,GH¢ per DKK,ok,
2026-04-17,DKKGHS,Danish Krone,Mid Rate,1.7453,GH¢ per DKK,1.7453,GH¢ per DKK,ok,
2026-04-17,EURGHS,Euro,Buying,13.0370,GH¢ per EUR,13.037,GH¢ per EUR,ok,
2026-04-17,EURGHS,Euro,Selling,13.0499,GH¢ per EUR,13.0499,GH¢ per EUR,ok,
2026-04-17,EURGHS,Euro,Mid Rate,13.0435,GH¢ per EUR,13.0435,GH¢ per EUR,ok,
2026-04-17,GBPGHS,Pound Sterling,Buying,14.9730,GH¢ per GBP,14.973,GH¢ per GBP,ok,
2026-04-17,GBPGHS,Pound Sterling,Selling,14.9891,GH¢ per GBP,14.9891,GH¢ per GBP,ok,
2026-04-17,GBPGHS,Pound Sterling,Mid Rate,14.9811,GH¢ per GBP,14.9811,GH¢ per GBP,ok,
2026-04-17,GHSGMD,Dalasi,Buying,6.5995,GMD per GH¢,0.1515266308,GH¢ per GMD,ok,
2026-04-17,GHSGMD,Dalasi,Selling,6.5998,GMD per GH¢,0.151519743,GH¢ per GMD,ok,
2026-04-17,GHSGMD,Dalasi,Mid Rate,6.5997,GMD per GH¢,0.1515220389,GH¢ per GMD,ok,
2026-04-17,GHSMRO,Ouguiya,Buying,32.3077,MRO per GH¢,0.0309523736,GH¢ per MRO (old ouguiya; 10 MRO = 1 MRU since 2018),ok,
2026-04-17,GHSMRO,Ouguiya,Selling,32.3982,MRO per GH¢,0.0308659123,GH¢ per MRO (old ouguiya; 10 MRO = 1 MRU since 2018),ok,
2026-04-17,GHSMRO,Ouguiya,Mid Rate,32.3530,MRO per GH¢,0.0309090347,GH¢ per MRO (old ouguiya; 10 MRO = 1 MRU since 2018),ok,
2026-04-17,GHSNGN,Naira,Buying,121.4760,NGN per GH¢,0.0082320788,GH¢ per NGN,ok,
2026-04-17,GHSNGN,Naira,Selling,121.7457,NGN per GH¢,0.0082138425,GH¢ per NGN,ok,
2026-04-17,GHSNGN,Naira,Mid Rate,121.6109,NGN per GH¢,0.0082229471,GH¢ per NGN,ok,
2026-04-17,GHSSLL,Leone,Buying,"2,159.7296",SLL per GH¢,0.4630209263,"GH¢ per SLE (new leone; 1 SLE = 1,000 old leones)",ok,
2026-04-17,GHSSLL,Leone,Selling,"2,208.1540",SLL per GH¢,0.4528669649,"GH¢ per SLE (new leone; 1 SLE = 1,000 old leones)",ok,
2026-04-17,GHSSLL,Leone,Mid Rate,"2,183.9418",SLL per GH¢,0.4578876598,"GH¢ per SLE (new leone; 1 SLE = 1,000 old leones)",ok,
2026-04-17,GHSXOF,BCEAO,Buying,50.2653,XOF per GH¢,0.0198944401,GH¢ per XOF (CFA franc (BCEAO)),ok,
2026-04-17,GHSXOF,BCEAO,Selling,50.3150,XOF per GH¢,0.0198747888,GH¢ per XOF (CFA franc (BCEAO)),ok,
2026-04-17,GHSXOF,BCEAO,Mid Rate,50.2902,XOF per GH¢,0.0198845898,GH¢ per XOF (CFA franc (BCEAO)),ok,
2026-04-17,JPYGHS,Japanese yen,Buying,0.0698,GH¢ per JPY,0.0698,GH¢ per JPY,ok,
2026-04-17,JPYGHS,Japanese yen,Selling,0.0699,GH¢ per JPY,0.0699,GH¢ per JPY,ok,
2026-04-17,JPYGHS,Japanese yen,Mid Rate,0.0699,GH¢ per JPY,0.0699,GH¢ per JPY,ok,
2026-04-17,NOKGHS,Norwegian Krone,Buying,1.1782,GH¢ per NOK,1.1782,GH¢ per NOK,ok,
2026-04-17,NOKGHS,Norwegian Krone,Selling,1.1790,GH¢ per NOK,1.179,GH¢ per NOK,ok,
2026-04-17,NOKGHS,Norwegian Krone,Mid Rate,1.1786,GH¢ per NOK,1.1786,GH¢ per NOK,ok,
2026-04-17,NZDGHS,New Zealand Dollar,Buying,6.5222,GH¢ per NZD,6.5222,GH¢ per NZD,ok,
2026-04-17,NZDGHS,New Zealand Dollar,Selling,6.5307,GH¢ per NZD,6.5307,GH¢ per NZD,ok,
2026-04-17,NZDGHS,New Zealand Dollar,Mid Rate,6.5265,GH¢ per NZD,6.5265,GH¢ per NZD,ok,
2026-04-17,SEKGHS,Swedish Krona,Buying,1.2095,GH¢ per SEK,1.2095,GH¢ per SEK,ok,
2026-04-17,SEKGHS,Swedish Krona,Selling,1.2105,GH¢ per SEK,1.2105,GH¢ per SEK,ok,
2026-04-17,SEKGHS,Swedish Krona,Mid Rate,1.2100,GH¢ per SEK,1.21,GH¢ per SEK,ok,
2026-04-17,WAUGHS,Ecowas,Buying,0.0140,GH¢ per WAU,0.014,"GH¢ per WAU (BoG's 'Ecowas' unit, not defined by BoG)",ok,
2026-04-17,WAUGHS,Ecowas,Selling,0.0140,GH¢ per WAU,0.014,"GH¢ per WAU (BoG's 'Ecowas' unit, not defined by BoG)",ok,
2026-04-17,WAUGHS,Ecowas,Mid Rate,0.0140,GH¢ per WAU,0.014,"GH¢ per WAU (BoG's 'Ecowas' unit, not defined by BoG)",ok,
2026-04-17,ZARGHS,South African Rand,Buying,0.6813,GH¢ per ZAR,0.6813,GH¢ per ZAR,ok,
2026-04-17,ZARGHS,South African Rand,Selling,0.6817,GH¢ per ZAR,0.6817,GH¢ per ZAR,ok,
2026-04-17,ZARGHS,South African Rand,Mid Rate,0.6815,GH¢ per ZAR,0.6815,GH¢ per ZAR,ok,
2026-04-20,USDGHS,US Dollar,Buying,11.0445,GH¢ per USD,11.0445,GH¢ per USD,ok,
2026-04-20,USDGHS,US Dollar,Selling,11.0555,GH¢ per USD,11.0555,GH¢ per USD,ok,
2026-04-20,USDGHS,US Dollar,Mid Rate,11.0500,GH¢ per USD,11.05,GH¢ per USD,ok,
2026-04-20,AUDGHS,Australian Dollar,Buying,7.9119,GH¢ per AUD,7.9119,GH¢ per AUD,ok,
2026-04-20,AUDGHS,Australian Dollar,Selling,7.9204,GH¢ per AUD,7.9204,GH¢ per AUD,ok,
2026-04-20,AUDGHS,Australian Dollar,Mid Rate,7.9162,GH¢ per AUD,7.9162,GH¢ per AUD,ok,
2026-04-20,CADGHS,Canadian Dollar,Buying,8.0865,GH¢ per CAD,8.0865,GH¢ per CAD,ok,
2026-04-20,CADGHS,Canadian Dollar,Selling,8.0939,GH¢ per CAD,8.0939,GH¢ per CAD,ok,
2026-04-20,CADGHS,Canadian Dollar,Mid Rate,8.0902,GH¢ per CAD,8.0902,GH¢ per CAD,ok,
2026-04-20,CHFGHS,Swiss Franc,Buying,14.1848,GH¢ per CHF,14.1848,GH¢ per CHF,ok,
2026-04-20,CHFGHS,Swiss Franc,Selling,14.1986,GH¢ per CHF,14.1986,GH¢ per CHF,ok,
2026-04-20,CHFGHS,Swiss Franc,Mid Rate,14.1917,GH¢ per CHF,14.1917,GH¢ per CHF,ok,
2026-04-20,CNYGHS,Yuan Renminbi,Buying,1.6202,GH¢ per CNY,1.6202,GH¢ per CNY,ok,
2026-04-20,CNYGHS,Yuan Renminbi,Selling,1.6217,GH¢ per CNY,1.6217,GH¢ per CNY,ok,
2026-04-20,CNYGHS,Yuan Renminbi,Mid Rate,1.6210,GH¢ per CNY,1.621,GH¢ per CNY,ok,
2026-04-20,DKKGHS,Danish Krone,Buying,1.7401,GH¢ per DKK,1.7401,GH¢ per DKK,ok,
2026-04-20,DKKGHS,Danish Krone,Selling,1.7416,GH¢ per DKK,1.7416,GH¢ per DKK,ok,
2026-04-20,DKKGHS,Danish Krone,Mid Rate,1.7409,GH¢ per DKK,1.7409,GH¢ per DKK,ok,
2026-04-20,EURGHS,Euro,Buying,13.0041,GH¢ per EUR,13.0041,GH¢ per EUR,ok,
2026-04-20,EURGHS,Euro,Selling,13.0170,GH¢ per EUR,13.017,GH¢ per EUR,ok,
2026-04-20,EURGHS,Euro,Mid Rate,13.0106,GH¢ per EUR,13.0106,GH¢ per EUR,ok,
2026-04-20,GBPGHS,Pound Sterling,Buying,14.9365,GH¢ per GBP,14.9365,GH¢ per GBP,ok,
2026-04-20,GBPGHS,Pound Sterling,Selling,14.9526,GH¢ per GBP,14.9526,GH¢ per GBP,ok,
2026-04-20,GBPGHS,Pound Sterling,Mid Rate,14.9446,GH¢ per GBP,14.9446,GH¢ per GBP,ok,
2026-04-20,GHSGMD,Dalasi,Buying,6.6300,GMD per GH¢,0.1508295626,GH¢ per GMD,ok,
2026-04-20,GHSGMD,Dalasi,Selling,6.6712,GMD per GH¢,0.1498980693,GH¢ per GMD,ok,
2026-04-20,GHSGMD,Dalasi,Mid Rate,6.6506,GMD per GH¢,0.1503623733,GH¢ per GMD,ok,
2026-04-20,GHSMRO,Ouguiya,Buying,32.3077,MRO per GH¢,0.0309523736,GH¢ per MRO (old ouguiya; 10 MRO = 1 MRU since 2018),ok,
2026-04-20,GHSMRO,Ouguiya,Selling,32.3982,MRO per GH¢,0.0308659123,GH¢ per MRO (old ouguiya; 10 MRO = 1 MRU since 2018),ok,
2026-04-20,GHSMRO,Ouguiya,Mid Rate,32.3530,MRO per GH¢,0.0309090347,GH¢ per MRO (old ouguiya; 10 MRO = 1 MRU since 2018),ok,
2026-04-20,GHSNGN,Naira,Buying,121.9819,NGN per GH¢,0.0081979376,GH¢ per NGN,ok,
2026-04-20,GHSNGN,Naira,Selling,122.0724,NGN per GH¢,0.0081918599,GH¢ per NGN,ok,
2026-04-20,GHSNGN,Naira,Mid Rate,122.0272,NGN per GH¢,0.0081948943,GH¢ per NGN,ok,
2026-04-20,GHSSLL,Leone,Buying,"2,159.7296",SLL per GH¢,0.4630209263,"GH¢ per SLE (new leone; 1 SLE = 1,000 old leones)",ok,
2026-04-20,GHSSLL,Leone,Selling,"2,209.4796",SLL per GH¢,0.4525952627,"GH¢ per SLE (new leone; 1 SLE = 1,000 old leones)",ok,
2026-04-20,GHSSLL,Leone,Mid Rate,"2,184.6046",SLL per GH¢,0.4577487386,"GH¢ per SLE (new leone; 1 SLE = 1,000 old leones)",ok,
2026-04-20,GHSXOF,BCEAO,Buying,50.3923,XOF per GH¢,0.0198443016,GH¢ per XOF (CFA franc (BCEAO)),ok,
2026-04-20,GHSXOF,BCEAO,Selling,50.4423,XOF per GH¢,0.0198246313,GH¢ per XOF (CFA franc (BCEAO)),ok,
2026-04-20,GHSXOF,BCEAO,Mid Rate,50.4173,XOF per GH¢,0.0198344616,GH¢ per XOF (CFA franc (BCEAO)),ok,
2026-04-20,JPYGHS,Japanese yen,Buying,0.0696,GH¢ per JPY,0.0696,GH¢ per JPY,ok,
2026-04-20,JPYGHS,Japanese yen,Selling,0.0696,GH¢ per JPY,0.0696,GH¢ per JPY,ok,
2026-04-20,JPYGHS,Japanese yen,Mid Rate,0.0696,GH¢ per JPY,0.0696,GH¢ per JPY,ok,
2026-04-20,NOKGHS,Norwegian Krone,Buying,1.1843,GH¢ per NOK,1.1843,GH¢ per NOK,ok,
2026-04-20,NOKGHS,Norwegian Krone,Selling,1.1852,GH¢ per NOK,1.1852,GH¢ per NOK,ok,
2026-04-20,NOKGHS,Norwegian Krone,Mid Rate,1.1848,GH¢ per NOK,1.1848,GH¢ per NOK,ok,
2026-04-20,NZDGHS,New Zealand Dollar,Buying,6.5004,GH¢ per NZD,6.5004,GH¢ per NZD,ok,
2026-04-20,NZDGHS,New Zealand Dollar,Selling,6.5074,GH¢ per NZD,6.5074,GH¢ per NZD,ok,
2026-04-20,NZDGHS,New Zealand Dollar,Mid Rate,6.5039,GH¢ per NZD,6.5039,GH¢ per NZD,ok,
2026-04-20,SEKGHS,Swedish Krona,Buying,1.2075,GH¢ per SEK,1.2075,GH¢ per SEK,ok,
2026-04-20,SEKGHS,Swedish Krona,Selling,1.2084,GH¢ per SEK,1.2084,GH¢ per SEK,ok,
2026-04-20,SEKGHS,Swedish Krona,Mid Rate,1.2080,GH¢ per SEK,1.208,GH¢ per SEK,ok,
2026-04-20,WAUGHS,Ecowas,Buying,0.0140,GH¢ per WAU,0.014,"GH¢ per WAU (BoG's 'Ecowas' unit, not defined by BoG)",ok,
2026-04-20,WAUGHS,Ecowas,Selling,0.0140,GH¢ per WAU,0.014,"GH¢ per WAU (BoG's 'Ecowas' unit, not defined by BoG)",ok,
2026-04-20,WAUGHS,Ecowas,Mid Rate,0.0140,GH¢ per WAU,0.014,"GH¢ per WAU (BoG's 'Ecowas' unit, not defined by BoG)",ok,
2026-04-20,ZARGHS,South African Rand,Buying,0.6741,GH¢ per ZAR,0.6741,GH¢ per ZAR,ok,
2026-04-20,ZARGHS,South African Rand,Selling,0.6745,GH¢ per ZAR,0.6745,GH¢ per ZAR,ok,
2026-04-20,ZARGHS,South African Rand,Mid Rate,0.6743,GH¢ per ZAR,0.6743,GH¢ per ZAR,ok,
2026-04-21,USDGHS,US Dollar,Buying,11.0545,GH¢ per USD,11.0545,GH¢ per USD,ok,
2026-04-21,USDGHS,US Dollar,Selling,11.0655,GH¢ per USD,11.0655,GH¢ per USD,ok,
2026-04-21,USDGHS,US Dollar,Mid Rate,11.0600,GH¢ per USD,11.06,GH¢ per USD,ok,
2026-04-21,AUDGHS,Australian Dollar,Buying,7.9162,GH¢ per AUD,7.9162,GH¢ per AUD,ok,
2026-04-21,AUDGHS,Australian Dollar,Selling,7.9247,GH¢ per AUD,7.9247,GH¢ per AUD,ok,
2026-04-21,AUDGHS,Australian Dollar,Mid Rate,7.9205,GH¢ per AUD,7.9205,GH¢ per AUD,ok,
2026-04-21,CADGHS,Canadian Dollar,Buying,8.1006,GH¢ per CAD,8.1006,GH¢ per CAD,ok,
2026-04-21,CADGHS,Canadian Dollar,Selling,8.1084,GH¢ per CAD,8.1084,GH¢ per CAD,ok,
2026-04-21,CADGHS,Canadian Dollar,Mid Rate,8.1045,GH¢ per CAD,8.1045,GH¢ per CAD,ok,
2026-04-21,CHFGHS,Swiss Franc,Buying,14.1711,GH¢ per CHF,14.1711,GH¢ per CHF,ok,
2026-04-21,CHFGHS,Swiss Franc,Selling,14.1850,GH¢ per CHF,14.185,GH¢ per CHF,ok,
2026-04-21,CHFGHS,Swiss Franc,Mid Rate,14.1781,GH¢ per CHF,14.1781,GH¢ per CHF,ok,
2026-04-21,CNYGHS,Yuan Renminbi,Buying,1.6205,GH¢ per CNY,1.6205,GH¢ per CNY,ok,
2026-04-21,CNYGHS,Yuan Renminbi,Selling,1.6217,GH¢ per CNY,1.6217,GH¢ per CNY,ok,
2026-04-21,CNYGHS,Yuan Renminbi,Mid Rate,1.6211,GH¢ per CNY,1.6211,GH¢ per CNY,ok,
2026-04-21,DKKGHS,Danish Krone,Buying,1.7379,GH¢ per DKK,1.7379,GH¢ per DKK,ok,
2026-04-21,DKKGHS,Danish Krone,Selling,1.7395,GH¢ per DKK,1.7395,GH¢ per DKK,ok,
2026-04-21,DKKGHS,Danish Krone,Mid Rate,1.7387,GH¢ per DKK,1.7387,GH¢ per DKK,ok,
2026-04-21,EURGHS,Euro,Buying,12.9879,GH¢ per EUR,12.9879,GH¢ per EUR,ok,
2026-04-21,EURGHS,Euro,Selling,12.9996,GH¢ per EUR,12.9996,GH¢ per EUR,ok,
2026-04-21,EURGHS,Euro,Mid Rate,12.9938,GH¢ per EUR,12.9938,GH¢ per EUR,ok,
2026-04-21,GBPGHS,Pound Sterling,Buying,14.9335,GH¢ per GBP,14.9335,GH¢ per GBP,ok,
2026-04-21,GBPGHS,Pound Sterling,Selling,14.9495,GH¢ per GBP,14.9495,GH¢ per GBP,ok,
2026-04-21,GBPGHS,Pound Sterling,Mid Rate,14.9415,GH¢ per GBP,14.9415,GH¢ per GBP,ok,
2026-04-21,GHSGMD,Dalasi,Buying,6.5936,GMD per GH¢,0.1516622179,GH¢ per GMD,ok,
2026-04-21,GHSGMD,Dalasi,Selling,6.5940,GMD per GH¢,0.1516530179,GH¢ per GMD,ok,
2026-04-21,GHSGMD,Dalasi,Mid Rate,6.5938,GMD per GH¢,0.1516576178,GH¢ per GMD,ok,
2026-04-21,GHSMRO,Ouguiya,Buying,32.2785,MRO per GH¢,0.0309803739,GH¢ per MRO (old ouguiya; 10 MRO = 1 MRU since 2018),ok,
2026-04-21,GHSMRO,Ouguiya,Selling,32.3689,MRO per GH¢,0.0308938518,GH¢ per MRO (old ouguiya; 10 MRO = 1 MRU since 2018),ok,
2026-04-21,GHSMRO,Ouguiya,Mid Rate,32.3237,MRO per GH¢,0.0309370524,GH¢ per MRO (old ouguiya; 10 MRO = 1 MRU since 2018),ok,
2026-04-21,GHSNGN,Naira,Buying,122.0452,NGN per GH¢,0.0081936856,GH¢ per NGN,ok,
2026-04-21,GHSNGN,Naira,Selling,122.1356,NGN per GH¢,0.008187621,GH¢ per NGN,ok,
2026-04-21,GHSNGN,Naira,Mid Rate,122.0904,NGN per GH¢,0.0081906522,GH¢ per NGN,ok,
2026-04-21,GHSSLL,Leone,Buying,"2,157.7768",SLL per GH¢,0.4634399628,"GH¢ per SLE (new leone; 1 SLE = 1,000 old leones)",ok,
2026-04-21,GHSSLL,Leone,Selling,"2,207.4819",SLL per GH¢,0.4530048468,"GH¢ per SLE (new leone; 1 SLE = 1,000 old leones)",ok,
2026-04-21,GHSSLL,Leone,Mid Rate,"2,182.6294",SLL per GH¢,0.4581629845,"GH¢ per SLE (new leone; 1 SLE = 1,000 old leones)",ok,
2026-04-21,GHSXOF,BCEAO,Buying,50.4598,XOF per GH¢,0.0198177559,GH¢ per XOF (CFA franc (BCEAO)),ok,
2026-04-21,GHSXOF,BCEAO,Selling,50.5052,XOF per GH¢,0.0197999414,GH¢ per XOF (CFA franc (BCEAO)),ok,
2026-04-21,GHSXOF,BCEAO,Mid Rate,50.4825,XOF per GH¢,0.0198088446,GH¢ per XOF (CFA franc (BCEAO)),ok,
2026-04-21,JPYGHS,Japanese yen,Buying,0.0694,GH¢ per JPY,0.0694,GH¢ per JPY,ok,
2026-04-21,JPYGHS,Japanese yen,Selling,0.0694,GH¢ per JPY,0.0694,GH¢ per JPY,ok,
2026-04-21,JPYGHS,Japanese yen,Mid Rate,0.0694,GH¢ per JPY,0.0694,GH¢ per JPY,ok,
2026-04-21,NOKGHS,Norwegian Krone,Buying,1.1836,GH¢ per NOK,1.1836,GH¢ per NOK,ok,
2026-04-21,NOKGHS,Norwegian Krone,Selling,1.1846,GH¢ per NOK,1.1846,GH¢ per NOK,ok,
2026-04-21,NOKGHS,Norwegian Krone,Mid Rate,1.1841,GH¢ per NOK,1.1841,GH¢ per NOK,ok,
2026-04-21,NZDGHS,New Zealand Dollar,Buying,6.5244,GH¢ per NZD,6.5244,GH¢ per NZD,ok,
2026-04-21,NZDGHS,New Zealand Dollar,Selling,6.5329,GH¢ per NZD,6.5329,GH¢ per NZD,ok,
2026-04-21,NZDGHS,New Zealand Dollar,Mid Rate,6.5287,GH¢ per NZD,6.5287,GH¢ per NZD,ok,
2026-04-21,SEKGHS,Swedish Krona,Buying,1.2067,GH¢ per SEK,1.2067,GH¢ per SEK,ok,
2026-04-21,SEKGHS,Swedish Krona,Selling,1.2077,GH¢ per SEK,1.2077,GH¢ per SEK,ok,
2026-04-21,SEKGHS,Swedish Krona,Mid Rate,1.2072,GH¢ per SEK,1.2072,GH¢ per SEK,ok,
2026-04-21,WAUGHS,Ecowas,Buying,0.0139,GH¢ per WAU,0.0139,"GH¢ per WAU (BoG's 'Ecowas' unit, not defined by BoG)",ok,
2026-04-21,WAUGHS,Ecowas,Selling,0.0139,GH¢ per WAU,0.0139,"GH¢ per WAU (BoG's 'Ecowas' unit, not defined by BoG)",ok,
2026-04-21,WAUGHS,Ecowas,Mid Rate,0.0139,GH¢ per WAU,0.0139,"GH¢ per WAU (BoG's 'Ecowas' unit, not defined by BoG)",ok,
2026-04-21,ZARGHS,South African Rand,Buying,0.6717,GH¢ per ZAR,0.6717,GH¢ per ZAR,ok,
2026-04-21,ZARGHS,South African Rand,Selling,0.6721,GH¢ per ZAR,0.6721,GH¢ per ZAR,ok,
2026-04-21,ZARGHS,South African Rand,Mid Rate,0.6719,GH¢ per ZAR,0.6719,GH¢ per ZAR,ok,
2026-04-22,USDGHS,US Dollar,Buying,11.0645,GH¢ per USD,11.0645,GH¢ per USD,ok,
2026-04-22,USDGHS,US Dollar,Selling,11.0755,GH¢ per USD,11.0755,GH¢ per USD,ok,
2026-04-22,USDGHS,US Dollar,Mid Rate,11.0700,GH¢ per USD,11.07,GH¢ per USD,ok,
2026-04-22,AUDGHS,Australian Dollar,Buying,7.9196,GH¢ per AUD,7.9196,GH¢ per AUD,ok,
2026-04-22,AUDGHS,Australian Dollar,Selling,7.9296,GH¢ per AUD,7.9296,GH¢ per AUD,ok,
2026-04-22,AUDGHS,Australian Dollar,Mid Rate,7.9246,GH¢ per AUD,7.9246,GH¢ per AUD,ok,
2026-04-22,CADGHS,Canadian Dollar,Buying,8.0977,GH¢ per CAD,8.0977,GH¢ per CAD,ok,
2026-04-22,CADGHS,Canadian Dollar,Selling,8.1055,GH¢ per CAD,8.1055,GH¢ per CAD,ok,
2026-04-22,CADGHS,Canadian Dollar,Mid Rate,8.1016,GH¢ per CAD,8.1016,GH¢ per CAD,ok,
2026-04-22,CHFGHS,Swiss Franc,Buying,14.1262,GH¢ per CHF,14.1262,GH¢ per CHF,ok,
2026-04-22,CHFGHS,Swiss Franc,Selling,14.1387,GH¢ per CHF,14.1387,GH¢ per CHF,ok,
2026-04-22,CHFGHS,Swiss Franc,Mid Rate,14.1325,GH¢ per CHF,14.1325,GH¢ per CHF,ok,
2026-04-22,CNYGHS,Yuan Renminbi,Buying,1.6207,GH¢ per CNY,1.6207,GH¢ per CNY,ok,
2026-04-22,CNYGHS,Yuan Renminbi,Selling,1.6219,GH¢ per CNY,1.6219,GH¢ per CNY,ok,
2026-04-22,CNYGHS,Yuan Renminbi,Mid Rate,1.6213,GH¢ per CNY,1.6213,GH¢ per CNY,ok,
2026-04-22,DKKGHS,Danish Krone,Buying,1.7345,GH¢ per DKK,1.7345,GH¢ per DKK,ok,
2026-04-22,DKKGHS,Danish Krone,Selling,1.7361,GH¢ per DKK,1.7361,GH¢ per DKK,ok,
2026-04-22,DKKGHS,Danish Krone,Mid Rate,1.7353,GH¢ per DKK,1.7353,GH¢ per DKK,ok,
2026-04-22,EURGHS,Euro,Buying,12.9617,GH¢ per EUR,12.9617,GH¢ per EUR,ok,
2026-04-22,EURGHS,Euro,Selling,12.9745,GH¢ per EUR,12.9745,GH¢ per EUR,ok,
2026-04-22,EURGHS,Euro,Mid Rate,12.9681,GH¢ per EUR,12.9681,GH¢ per EUR,ok,
2026-04-22,GBPGHS,Pound Sterling,Buying,14.9370,GH¢ per GBP,14.937,GH¢ per GBP,ok,
2026-04-22,GBPGHS,Pound Sterling,Selling,14.9531,GH¢ per GBP,14.9531,GH¢ per GBP,ok,
2026-04-22,GBPGHS,Pound Sterling,Mid Rate,14.9451,GH¢ per GBP,14.9451,GH¢ per GBP,ok,
2026-04-22,GHSGMD,Dalasi,Buying,6.5876,GMD per GH¢,0.1518003522,GH¢ per GMD,ok,
2026-04-22,GHSGMD,Dalasi,Selling,6.5877,GMD per GH¢,0.1517980479,GH¢ per GMD,ok,
2026-04-22,GHSGMD,Dalasi,Mid Rate,6.5877,GMD per GH¢,0.1517980479,GH¢ per GMD,ok,
2026-04-22,GHSMRO,Ouguiya,Buying,32.2493,MRO per GH¢,0.031008425,GH¢ per MRO (old ouguiya; 10 MRO = 1 MRU since 2018),ok,
2026-04-22,GHSMRO,Ouguiya,Selling,32.3397,MRO per GH¢,0.0309217463,GH¢ per MRO (old ouguiya; 10 MRO = 1 MRU since 2018),ok,
2026-04-22,GHSMRO,Ouguiya,Mid Rate,32.2945,MRO per GH¢,0.030965025,GH¢ per MRO (old ouguiya; 10 MRO = 1 MRU since 2018),ok,
2026-04-22,GHSNGN,Naira,Buying,121.7796,NGN per GH¢,0.008211556,GH¢ per NGN,ok,
2026-04-22,GHSNGN,Naira,Selling,121.8690,NGN per GH¢,0.0082055322,GH¢ per NGN,ok,
2026-04-22,GHSNGN,Naira,Mid Rate,121.8243,NGN per GH¢,0.008208543,GH¢ per NGN,ok,
2026-04-22,GHSSLL,Leone,Buying,"2,155.8276",SLL per GH¢,0.4638589839,"GH¢ per SLE (new leone; 1 SLE = 1,000 old leones)",ok,
2026-04-22,GHSSLL,Leone,Selling,"2,203.1130",SLL per GH¢,0.4539031815,"GH¢ per SLE (new leone; 1 SLE = 1,000 old leones)",ok,
2026-04-22,GHSSLL,Leone,Mid Rate,"2,179.4703",SLL per GH¢,0.4588270829,"GH¢ per SLE (new leone; 1 SLE = 1,000 old leones)",ok,
2026-04-22,GHSXOF,BCEAO,Buying,50.5574,XOF per GH¢,0.0197794982,GH¢ per XOF (CFA franc (BCEAO)),ok,
2026-04-22,GHSXOF,BCEAO,Selling,50.6073,XOF per GH¢,0.0197599951,GH¢ per XOF (CFA franc (BCEAO)),ok,
2026-04-22,GHSXOF,BCEAO,Mid Rate,50.5824,XOF per GH¢,0.0197697223,GH¢ per XOF (CFA franc (BCEAO)),ok,
2026-04-22,JPYGHS,Japanese yen,Buying,0.0694,GH¢ per JPY,0.0694,GH¢ per JPY,ok,
2026-04-22,JPYGHS,Japanese yen,Selling,0.0694,GH¢ per JPY,0.0694,GH¢ per JPY,ok,
2026-04-22,JPYGHS,Japanese yen,Mid Rate,0.0694,GH¢ per JPY,0.0694,GH¢ per JPY,ok,
2026-04-22,NOKGHS,Norwegian Krone,Buying,1.1898,GH¢ per NOK,1.1898,GH¢ per NOK,ok,
2026-04-22,NOKGHS,Norwegian Krone,Selling,1.1907,GH¢ per NOK,1.1907,GH¢ per NOK,ok,
2026-04-22,NOKGHS,Norwegian Krone,Mid Rate,1.1903,GH¢ per NOK,1.1903,GH¢ per NOK,ok,
2026-04-22,NZDGHS,New Zealand Dollar,Buying,6.5349,GH¢ per NZD,6.5349,GH¢ per NZD,ok,
2026-04-22,NZDGHS,New Zealand Dollar,Selling,6.5435,GH¢ per NZD,6.5435,GH¢ per NZD,ok,
2026-04-22,NZDGHS,New Zealand Dollar,Mid Rate,6.5392,GH¢ per NZD,6.5392,GH¢ per NZD,ok,
2026-04-22,SEKGHS,Swedish Krona,Buying,1.2030,GH¢ per SEK,1.203,GH¢ per SEK,ok,
2026-04-22,SEKGHS,Swedish Krona,Selling,1.2040,GH¢ per SEK,1.204,GH¢ per SEK,ok,
2026-04-22,SEKGHS,Swedish Krona,Mid Rate,1.2035,GH¢ per SEK,1.2035,GH¢ per SEK,ok,
2026-04-22,WAUGHS,Ecowas,Buying,0.0139,GH¢ per WAU,0.0139,"GH¢ per WAU (BoG's 'Ecowas' unit, not defined by BoG)",ok,
2026-04-22,WAUGHS,Ecowas,Selling,0.0139,GH¢ per WAU,0.0139,"GH¢ per WAU (BoG's 'Ecowas' unit, not defined by BoG)",ok,
2026-04-22,WAUGHS,Ecowas,Mid Rate,0.0139,GH¢ per WAU,0.0139,"GH¢ per WAU (BoG's 'Ecowas' unit, not defined by BoG)",ok,
2026-04-22,ZARGHS,South African Rand,Buying,0.6717,GH¢ per ZAR,0.6717,GH¢ per ZAR,ok,
2026-04-22,ZARGHS,South African Rand,Selling,0.6720,GH¢ per ZAR,0.672,GH¢ per ZAR,ok,
2026-04-22,ZARGHS,South African Rand,Mid Rate,0.6719,GH¢ per ZAR,0.6719,GH¢ per ZAR,ok,
2026-04-23,USDGHS,US Dollar,Buying,11.0842,GH¢ per USD,11.0842,GH¢ per USD,ok,
2026-04-23,USDGHS,US Dollar,Selling,11.0952,GH¢ per USD,11.0952,GH¢ per USD,ok,
2026-04-23,USDGHS,US Dollar,Mid Rate,11.0897,GH¢ per USD,11.0897,GH¢ per USD,ok,
2026-04-23,AUDGHS,Australian Dollar,Buying,7.9317,GH¢ per AUD,7.9317,GH¢ per AUD,ok,
2026-04-23,AUDGHS,Australian Dollar,Selling,7.9402,GH¢ per AUD,7.9402,GH¢ per AUD,ok,
2026-04-23,AUDGHS,Australian Dollar,Mid Rate,7.9360,GH¢ per AUD,7.936,GH¢ per AUD,ok,
2026-04-23,CADGHS,Canadian Dollar,Buying,8.1010,GH¢ per CAD,8.101,GH¢ per CAD,ok,
2026-04-23,CADGHS,Canadian Dollar,Selling,8.1089,GH¢ per CAD,8.1089,GH¢ per CAD,ok,
2026-04-23,CADGHS,Canadian Dollar,Mid Rate,8.1050,GH¢ per CAD,8.105,GH¢ per CAD,ok,
2026-04-23,CHFGHS,Swiss Franc,Buying,14.1370,GH¢ per CHF,14.137,GH¢ per CHF,ok,
2026-04-23,CHFGHS,Swiss Franc,Selling,14.1509,GH¢ per CHF,14.1509,GH¢ per CHF,ok,
2026-04-23,CHFGHS,Swiss Franc,Mid Rate,14.1440,GH¢ per CHF,14.144,GH¢ per CHF,ok,
2026-04-23,CNYGHS,Yuan Renminbi,Buying,1.6238,GH¢ per CNY,1.6238,GH¢ per CNY,ok,
2026-04-23,CNYGHS,Yuan Renminbi,Selling,1.6247,GH¢ per CNY,1.6247,GH¢ per CNY,ok,
2026-04-23,CNYGHS,Yuan Renminbi,Mid Rate,1.6243,GH¢ per CNY,1.6243,GH¢ per CNY,ok,
2026-04-23,DKKGHS,Danish Krone,Buying,1.7363,GH¢ per DKK,1.7363,GH¢ per DKK,ok,
2026-04-23,DKKGHS,Danish Krone,Selling,1.7379,GH¢ per DKK,1.7379,GH¢ per DKK,ok,
2026-04-23,DKKGHS,Danish Krone,Mid Rate,1.7371,GH¢ per DKK,1.7371,GH¢ per DKK,ok,
2026-04-23,EURGHS,Euro,Buying,12.9756,GH¢ per EUR,12.9756,GH¢ per EUR,ok,
2026-04-23,EURGHS,Euro,Selling,12.9873,GH¢ per EUR,12.9873,GH¢ per EUR,ok,
2026-04-23,EURGHS,Euro,Mid Rate,12.9815,GH¢ per EUR,12.9815,GH¢ per EUR,ok,
2026-04-23,GBPGHS,Pound Sterling,Buying,14.9570,GH¢ per GBP,14.957,GH¢ per GBP,ok,
2026-04-23,GBPGHS,Pound Sterling,Selling,14.9730,GH¢ per GBP,14.973,GH¢ per GBP,ok,
2026-04-23,GBPGHS,Pound Sterling,Mid Rate,14.9650,GH¢ per GBP,14.965,GH¢ per GBP,ok,
2026-04-23,GHSGMD,Dalasi,Buying,6.5759,GMD per GH¢,0.152070439,GH¢ per GMD,ok,
2026-04-23,GHSGMD,Dalasi,Selling,6.5768,GMD per GH¢,0.152049629,GH¢ per GMD,ok,
2026-04-23,GHSGMD,Dalasi,Mid Rate,6.5764,GMD per GH¢,0.1520588772,GH¢ per GMD,ok,
2026-04-23,GHSMRO,Ouguiya,Buying,32.1920,MRO per GH¢,0.0310636183,GH¢ per MRO (old ouguiya; 10 MRO = 1 MRU since 2018),ok,
2026-04-23,GHSMRO,Ouguiya,Selling,32.2822,MRO per GH¢,0.0309768231,GH¢ per MRO (old ouguiya; 10 MRO = 1 MRU since 2018),ok,
2026-04-23,GHSMRO,Ouguiya,Mid Rate,32.2371,MRO per GH¢,0.03102016,GH¢ per MRO (old ouguiya; 10 MRO = 1 MRU since 2018),ok,
2026-04-23,GHSNGN,Naira,Buying,121.9357,NGN per GH¢,0.0082010437,GH¢ per NGN,ok,
2026-04-23,GHSNGN,Naira,Selling,122.0258,NGN per GH¢,0.0081949883,GH¢ per NGN,ok,
2026-04-23,GHSNGN,Naira,Mid Rate,121.9808,NGN per GH¢,0.0081980115,GH¢ per NGN,ok,
2026-04-23,GHSSLL,Leone,Buying,"2,151.9980",SLL per GH¢,0.4646844467,"GH¢ per SLE (new leone; 1 SLE = 1,000 old leones)",ok,
2026-04-23,GHSSLL,Leone,Selling,"2,204.0634",SLL per GH¢,0.4537074569,"GH¢ per SLE (new leone; 1 SLE = 1,000 old leones)",ok,
2026-04-23,GHSSLL,Leone,Mid Rate,"2,178.0307",SLL per GH¢,0.4591303511,"GH¢ per SLE (new leone; 1 SLE = 1,000 old leones)",ok,
2026-04-23,GHSXOF,BCEAO,Buying,50.5076,XOF per GH¢,0.0197990005,GH¢ per XOF (CFA franc (BCEAO)),ok,
2026-04-23,GHSXOF,BCEAO,Selling,50.5531,XOF per GH¢,0.0197811806,GH¢ per XOF (CFA franc (BCEAO)),ok,
2026-04-23,GHSXOF,BCEAO,Mid Rate,50.5304,XOF per GH¢,0.019790067,GH¢ per XOF (CFA franc (BCEAO)),ok,
2026-04-23,JPYGHS,Japanese yen,Buying,0.0695,GH¢ per JPY,0.0695,GH¢ per JPY,ok,
2026-04-23,JPYGHS,Japanese yen,Selling,0.0696,GH¢ per JPY,0.0696,GH¢ per JPY,ok,
2026-04-23,JPYGHS,Japanese yen,Mid Rate,0.0696,GH¢ per JPY,0.0696,GH¢ per JPY,ok,
2026-04-23,NOKGHS,Norwegian Krone,Buying,1.1909,GH¢ per NOK,1.1909,GH¢ per NOK,ok,
2026-04-23,NOKGHS,Norwegian Krone,Selling,1.1917,GH¢ per NOK,1.1917,GH¢ per NOK,ok,
2026-04-23,NOKGHS,Norwegian Krone,Mid Rate,1.1913,GH¢ per NOK,1.1913,GH¢ per NOK,ok,
2026-04-23,NZDGHS,New Zealand Dollar,Buying,6.5138,GH¢ per NZD,6.5138,GH¢ per NZD,ok,
2026-04-23,NZDGHS,New Zealand Dollar,Selling,6.5223,GH¢ per NZD,6.5223,GH¢ per NZD,ok,
2026-04-23,NZDGHS,New Zealand Dollar,Mid Rate,6.5181,GH¢ per NZD,6.5181,GH¢ per NZD,ok,
2026-04-23,SEKGHS,Swedish Krona,Buying,1.2027,GH¢ per SEK,1.2027,GH¢ per SEK,ok,
2026-04-23,SEKGHS,Swedish Krona,Selling,1.2036,GH¢ per SEK,1.2036,GH¢ per SEK,ok,
2026-04-23,SEKGHS,Swedish Krona,Mid Rate,1.2032,GH¢ per SEK,1.2032,GH¢ per SEK,ok,
2026-04-23,WAUGHS,Ecowas,Buying,0.0139,GH¢ per WAU,0.0139,"GH¢ per WAU (BoG's 'Ecowas' unit, not defined by BoG)",ok,
2026-04-23,WAUGHS,Ecowas,Selling,0.0139,GH¢ per WAU,0.0139,"GH¢ per WAU (BoG's 'Ecowas' unit, not defined by BoG)",ok,
2026-04-23,WAUGHS,Ecowas,Mid Rate,0.0139,GH¢ per WAU,0.0139,"GH¢ per WAU (BoG's 'Ecowas' unit, not defined by BoG)",ok,
2026-04-23,ZARGHS,South African Rand,Buying,0.6715,GH¢ per ZAR,0.6715,GH¢ per ZAR,ok,
2026-04-23,ZARGHS,South African Rand,Selling,0.6718,GH¢ per ZAR,0.6718,GH¢ per ZAR,ok,
2026-04-23,ZARGHS,South African Rand,Mid Rate,0.6717,GH¢ per ZAR,0.6717,GH¢ per ZAR,ok,
2026-04-24,USDGHS,US Dollar,Buying,11.0845,GH¢ per USD,11.0845,GH¢ per USD,ok,
2026-04-24,USDGHS,US Dollar,Selling,11.0955,GH¢ per USD,11.0955,GH¢ per USD,ok,
2026-04-24,USDGHS,US Dollar,Mid Rate,11.0900,GH¢ per USD,11.09,GH¢ per USD,ok,
2026-04-24,AUDGHS,Australian Dollar,Buying,7.9251,GH¢ per AUD,7.9251,GH¢ per AUD,ok,
2026-04-24,AUDGHS,Australian Dollar,Selling,7.9336,GH¢ per AUD,7.9336,GH¢ per AUD,ok,
2026-04-24,AUDGHS,Australian Dollar,Mid Rate,7.9294,GH¢ per AUD,7.9294,GH¢ per AUD,ok,
2026-04-24,CADGHS,Canadian Dollar,Buying,8.1043,GH¢ per CAD,8.1043,GH¢ per CAD,ok,
2026-04-24,CADGHS,Canadian Dollar,Selling,8.1122,GH¢ per CAD,8.1122,GH¢ per CAD,ok,
2026-04-24,CADGHS,Canadian Dollar,Mid Rate,8.1083,GH¢ per CAD,8.1083,GH¢ per CAD,ok,
2026-04-24,CHFGHS,Swiss Franc,Buying,14.1186,GH¢ per CHF,14.1186,GH¢ per CHF,ok,
2026-04-24,CHFGHS,Swiss Franc,Selling,14.1311,GH¢ per CHF,14.1311,GH¢ per CHF,ok,
2026-04-24,CHFGHS,Swiss Franc,Mid Rate,14.1249,GH¢ per CHF,14.1249,GH¢ per CHF,ok,
2026-04-24,CNYGHS,Yuan Renminbi,Buying,1.6224,GH¢ per CNY,1.6224,GH¢ per CNY,ok,
2026-04-24,CNYGHS,Yuan Renminbi,Selling,1.6239,GH¢ per CNY,1.6239,GH¢ per CNY,ok,
2026-04-24,CNYGHS,Yuan Renminbi,Mid Rate,1.6232,GH¢ per CNY,1.6232,GH¢ per CNY,ok,
2026-04-24,DKKGHS,Danish Krone,Buying,1.7379,GH¢ per DKK,1.7379,GH¢ per DKK,ok,
2026-04-24,DKKGHS,Danish Krone,Selling,1.7395,GH¢ per DKK,1.7395,GH¢ per DKK,ok,
2026-04-24,DKKGHS,Danish Krone,Mid Rate,1.7387,GH¢ per DKK,1.7387,GH¢ per DKK,ok,
2026-04-24,EURGHS,Euro,Buying,12.9863,GH¢ per EUR,12.9863,GH¢ per EUR,ok,
2026-04-24,EURGHS,Euro,Selling,12.9980,GH¢ per EUR,12.998,GH¢ per EUR,ok,
2026-04-24,EURGHS,Euro,Mid Rate,12.9922,GH¢ per EUR,12.9922,GH¢ per EUR,ok,
2026-04-24,GBPGHS,Pound Sterling,Buying,14.9784,GH¢ per GBP,14.9784,GH¢ per GBP,ok,
2026-04-24,GBPGHS,Pound Sterling,Selling,14.9945,GH¢ per GBP,14.9945,GH¢ per GBP,ok,
2026-04-24,GBPGHS,Pound Sterling,Mid Rate,14.9865,GH¢ per GBP,14.9865,GH¢ per GBP,ok,
2026-04-24,GHSGMD,Dalasi,Buying,6.5757,GMD per GH¢,0.1520750643,GH¢ per GMD,ok,
2026-04-24,GHSGMD,Dalasi,Selling,6.5762,GMD per GH¢,0.1520635017,GH¢ per GMD,ok,
2026-04-24,GHSGMD,Dalasi,Mid Rate,6.5760,GMD per GH¢,0.1520681265,GH¢ per GMD,ok,
2026-04-24,GHSMRO,Ouguiya,Buying,32.1912,MRO per GH¢,0.0310643903,GH¢ per MRO (old ouguiya; 10 MRO = 1 MRU since 2018),ok,
2026-04-24,GHSMRO,Ouguiya,Selling,32.2813,MRO per GH¢,0.0309776868,GH¢ per MRO (old ouguiya; 10 MRO = 1 MRU since 2018),ok,
2026-04-24,GHSMRO,Ouguiya,Mid Rate,32.2363,MRO per GH¢,0.0310209298,GH¢ per MRO (old ouguiya; 10 MRO = 1 MRU since 2018),ok,
2026-04-24,GHSNGN,Naira,Buying,122.3778,NGN per GH¢,0.0081714167,GH¢ per NGN,ok,
2026-04-24,GHSNGN,Naira,Selling,122.4680,NGN per GH¢,0.0081653983,GH¢ per NGN,ok,
2026-04-24,GHSNGN,Naira,Mid Rate,122.4229,NGN per GH¢,0.0081684064,GH¢ per NGN,ok,
2026-04-24,GHSSLL,Leone,Buying,"2,151.9397",SLL per GH¢,0.4646970359,"GH¢ per SLE (new leone; 1 SLE = 1,000 old leones)",ok,
2026-04-24,GHSSLL,Leone,Selling,"2,204.0038",SLL per GH¢,0.4537197259,"GH¢ per SLE (new leone; 1 SLE = 1,000 old leones)",ok,
2026-04-24,GHSSLL,Leone,Mid Rate,"2,177.9718",SLL per GH¢,0.4591427676,"GH¢ per SLE (new leone; 1 SLE = 1,000 old leones)",ok,
2026-04-24,GHSXOF,BCEAO,Buying,50.4660,XOF per GH¢,0.0198153212,GH¢ per XOF (CFA franc (BCEAO)),ok,
2026-04-24,GHSXOF,BCEAO,Selling,50.5115,XOF per GH¢,0.0197974719,GH¢ per XOF (CFA franc (BCEAO)),ok,
2026-04-24,GHSXOF,BCEAO,Mid Rate,50.4888,XOF per GH¢,0.0198063729,GH¢ per XOF (CFA franc (BCEAO)),ok,
2026-04-24,JPYGHS,Japanese yen,Buying,0.0695,GH¢ per JPY,0.0695,GH¢ per JPY,ok,
2026-04-24,JPYGHS,Japanese yen,Selling,0.0696,GH¢ per JPY,0.0696,GH¢ per JPY,ok,
2026-04-24,JPYGHS,Japanese yen,Mid Rate,0.0696,GH¢ per JPY,0.0696,GH¢ per JPY,ok,
2026-04-24,NOKGHS,Norwegian Krone,Buying,1.1872,GH¢ per NOK,1.1872,GH¢ per NOK,ok,
2026-04-24,NOKGHS,Norwegian Krone,Selling,1.1878,GH¢ per NOK,1.1878,GH¢ per NOK,ok,
2026-04-24,NOKGHS,Norwegian Krone,Mid Rate,1.1875,GH¢ per NOK,1.1875,GH¢ per NOK,ok,
2026-04-24,NZDGHS,New Zealand Dollar,Buying,6.5126,GH¢ per NZD,6.5126,GH¢ per NZD,ok,
2026-04-24,NZDGHS,New Zealand Dollar,Selling,6.5211,GH¢ per NZD,6.5211,GH¢ per NZD,ok,
2026-04-24,NZDGHS,New Zealand Dollar,Mid Rate,6.5169,GH¢ per NZD,6.5169,GH¢ per NZD,ok,
2026-04-24,SEKGHS,Swedish Krona,Buying,1.2009,GH¢ per SEK,1.2009,GH¢ per SEK,ok,
2026-04-24,SEKGHS,Swedish Krona,Selling,1.2017,GH¢ per SEK,1.2017,GH¢ per SEK,ok,
2026-04-24,SEKGHS,Swedish Krona,Mid Rate,1.2013,GH¢ per SEK,1.2013,GH¢ per SEK,ok,
2026-04-24,WAUGHS,Ecowas,Buying,0.0139,GH¢ per WAU,0.0139,"GH¢ per WAU (BoG's 'Ecowas' unit, not defined by BoG)",ok,
2026-04-24,WAUGHS,Ecowas,Selling,0.0139,GH¢ per WAU,0.0139,"GH¢ per WAU (BoG's 'Ecowas' unit, not defined by BoG)",ok,
2026-04-24,WAUGHS,Ecowas,Mid Rate,0.0139,GH¢ per WAU,0.0139,"GH¢ per WAU (BoG's 'Ecowas' unit, not defined by BoG)",ok,
2026-04-24,ZARGHS,South African Rand,Buying,0.6709,GH¢ per ZAR,0.6709,GH¢ per ZAR,ok,
2026-04-24,ZARGHS,South African Rand,Selling,0.6712,GH¢ per ZAR,0.6712,GH¢ per ZAR,ok,
2026-04-24,ZARGHS,South African Rand,Mid Rate,0.6711,GH¢ per ZAR,0.6711,GH¢ per ZAR,ok,
2026-04-27,USDGHS,US Dollar,Buying,11.1044,GH¢ per USD,11.1044,GH¢ per USD,ok,
2026-04-27,USDGHS,US Dollar,Selling,11.1156,GH¢ per USD,11.1156,GH¢ per USD,ok,
2026-04-27,USDGHS,US Dollar,Mid Rate,11.1100,GH¢ per USD,11.11,GH¢ per USD,ok,
2026-04-27,AUDGHS,Australian Dollar,Buying,7.9805,GH¢ per AUD,7.9805,GH¢ per AUD,ok,
2026-04-27,AUDGHS,Australian Dollar,Selling,7.9906,GH¢ per AUD,7.9906,GH¢ per AUD,ok,
2026-04-27,AUDGHS,Australian Dollar,Mid Rate,7.9856,GH¢ per AUD,7.9856,GH¢ per AUD,ok,
2026-04-27,CADGHS,Canadian Dollar,Buying,8.1537,GH¢ per CAD,8.1537,GH¢ per CAD,ok,
2026-04-27,CADGHS,Canadian Dollar,Selling,8.1611,GH¢ per CAD,8.1611,GH¢ per CAD,ok,
2026-04-27,CADGHS,Canadian Dollar,Mid Rate,8.1574,GH¢ per CAD,8.1574,GH¢ per CAD,ok,
2026-04-27,CHFGHS,Swiss Franc,Buying,14.1359,GH¢ per CHF,14.1359,GH¢ per CHF,ok,
2026-04-27,CHFGHS,Swiss Franc,Selling,14.1497,GH¢ per CHF,14.1497,GH¢ per CHF,ok,
2026-04-27,CHFGHS,Swiss Franc,Mid Rate,14.1428,GH¢ per CHF,14.1428,GH¢ per CHF,ok,
2026-04-27,CNYGHS,Yuan Renminbi,Buying,1.6267,GH¢ per CNY,1.6267,GH¢ per CNY,ok,
2026-04-27,CNYGHS,Yuan Renminbi,Selling,1.6277,GH¢ per CNY,1.6277,GH¢ per CNY,ok,
2026-04-27,CNYGHS,Yuan Renminbi,Mid Rate,1.6272,GH¢ per CNY,1.6272,GH¢ per CNY,ok,
2026-04-27,DKKGHS,Danish Krone,Buying,1.7422,GH¢ per DKK,1.7422,GH¢ per DKK,ok,
2026-04-27,DKKGHS,Danish Krone,Selling,1.7438,GH¢ per DKK,1.7438,GH¢ per DKK,ok,
2026-04-27,DKKGHS,Danish Krone,Mid Rate,1.7430,GH¢ per DKK,1.743,GH¢ per DKK,ok,
2026-04-27,EURGHS,Euro,Buying,13.0193,GH¢ per EUR,13.0193,GH¢ per EUR,ok,
2026-04-27,EURGHS,Euro,Selling,13.0299,GH¢ per EUR,13.0299,GH¢ per EUR,ok,
2026-04-27,EURGHS,Euro,Mid Rate,13.0246,GH¢ per EUR,13.0246,GH¢ per EUR,ok,
2026-04-27,GBPGHS,Pound Sterling,Buying,15.0321,GH¢ per GBP,15.0321,GH¢ per GBP,ok,
2026-04-27,GBPGHS,Pound Sterling,Selling,15.0482,GH¢ per GBP,15.0482,GH¢ per GBP,ok,
2026-04-27,GBPGHS,Pound Sterling,Mid Rate,15.0402,GH¢ per GBP,15.0402,GH¢ per GBP,ok,
2026-04-27,GHSGMD,Dalasi,Buying,6.5639,GMD per GH¢,0.1523484514,GH¢ per GMD,ok,
2026-04-27,GHSGMD,Dalasi,Selling,6.5648,GMD per GH¢,0.1523275652,GH¢ per GMD,ok,
2026-04-27,GHSGMD,Dalasi,Mid Rate,6.5644,GMD per GH¢,0.1523368472,GH¢ per GMD,ok,
2026-04-27,GHSMRO,Ouguiya,Buying,32.1332,MRO per GH¢,0.0311204611,GH¢ per MRO (old ouguiya; 10 MRO = 1 MRU since 2018),ok,
2026-04-27,GHSMRO,Ouguiya,Selling,32.2232,MRO per GH¢,0.0310335411,GH¢ per MRO (old ouguiya; 10 MRO = 1 MRU since 2018),ok,
2026-04-27,GHSMRO,Ouguiya,Mid Rate,32.1782,MRO per GH¢,0.0310769403,GH¢ per MRO (old ouguiya; 10 MRO = 1 MRU since 2018),ok,
2026-04-27,GHSNGN,Naira,Buying,123.2358,NGN per GH¢,0.0081145252,GH¢ per NGN,ok,
2026-04-27,GHSNGN,Naira,Selling,123.5077,NGN per GH¢,0.0080966612,GH¢ per NGN,ok,
2026-04-27,GHSNGN,Naira,Mid Rate,123.3718,NGN per GH¢,0.00810558,GH¢ per NGN,ok,
2026-04-27,GHSSLL,Leone,Buying,"2,148.0659",SLL per GH¢,0.4655350658,"GH¢ per SLE (new leone; 1 SLE = 1,000 old leones)",ok,
2026-04-27,GHSSLL,Leone,Selling,"2,199.1449",SLL per GH¢,0.4547221968,"GH¢ per SLE (new leone; 1 SLE = 1,000 old leones)",ok,
2026-04-27,GHSSLL,Leone,Mid Rate,"2,173.6054",SLL per GH¢,0.4600651066,"GH¢ per SLE (new leone; 1 SLE = 1,000 old leones)",ok,
2026-04-27,GHSXOF,BCEAO,Buying,50.3424,XOF per GH¢,0.0198639715,GH¢ per XOF (CFA franc (BCEAO)),ok,
2026-04-27,GHSXOF,BCEAO,Selling,50.3834,XOF per GH¢,0.019847807,GH¢ per XOF (CFA franc (BCEAO)),ok,
2026-04-27,GHSXOF,BCEAO,Mid Rate,50.3629,XOF per GH¢,0.019855886,GH¢ per XOF (CFA franc (BCEAO)),ok,
2026-04-27,JPYGHS,Japanese yen,Buying,0.0697,GH¢ per JPY,0.0697,GH¢ per JPY,ok,
2026-04-27,JPYGHS,Japanese yen,Selling,0.0697,GH¢ per JPY,0.0697,GH¢ per JPY,ok,
2026-04-27,JPYGHS,Japanese yen,Mid Rate,0.0697,GH¢ per JPY,0.0697,GH¢ per JPY,ok,
2026-04-27,NOKGHS,Norwegian Krone,Buying,1.1958,GH¢ per NOK,1.1958,GH¢ per NOK,ok,
2026-04-27,NOKGHS,Norwegian Krone,Selling,1.1966,GH¢ per NOK,1.1966,GH¢ per NOK,ok,
2026-04-27,NOKGHS,Norwegian Krone,Mid Rate,1.1962,GH¢ per NOK,1.1962,GH¢ per NOK,ok,
2026-04-27,NZDGHS,New Zealand Dollar,Buying,6.5630,GH¢ per NZD,6.563,GH¢ per NZD,ok,
2026-04-27,NZDGHS,New Zealand Dollar,Selling,6.5716,GH¢ per NZD,6.5716,GH¢ per NZD,ok,
2026-04-27,NZDGHS,New Zealand Dollar,Mid Rate,6.5673,GH¢ per NZD,6.5673,GH¢ per NZD,ok,
2026-04-27,SEKGHS,Swedish Krona,Buying,1.2041,GH¢ per SEK,1.2041,GH¢ per SEK,ok,
2026-04-27,SEKGHS,Swedish Krona,Selling,1.2050,GH¢ per SEK,1.205,GH¢ per SEK,ok,
2026-04-27,SEKGHS,Swedish Krona,Mid Rate,1.2046,GH¢ per SEK,1.2046,GH¢ per SEK,ok,
2026-04-27,WAUGHS,Ecowas,Buying,0.0138,GH¢ per WAU,0.0138,"GH¢ per WAU (BoG's 'Ecowas' unit, not defined by BoG)",ok,
2026-04-27,WAUGHS,Ecowas,Selling,0.0138,GH¢ per WAU,0.0138,"GH¢ per WAU (BoG's 'Ecowas' unit, not defined by BoG)",ok,
2026-04-27,WAUGHS,Ecowas,Mid Rate,0.0138,GH¢ per WAU,0.0138,"GH¢ per WAU (BoG's 'Ecowas' unit, not defined by BoG)",ok,
2026-04-27,ZARGHS,South African Rand,Buying,0.6713,GH¢ per ZAR,0.6713,GH¢ per ZAR,ok,
2026-04-27,ZARGHS,South African Rand,Selling,0.6716,GH¢ per ZAR,0.6716,GH¢ per ZAR,ok,
2026-04-27,ZARGHS,South African Rand,Mid Rate,0.6715,GH¢ per ZAR,0.6715,GH¢ per ZAR,ok,
2026-04-28,USDGHS,US Dollar,Buying,11.1794,GH¢ per USD,11.1794,GH¢ per USD,ok,
2026-04-28,USDGHS,US Dollar,Selling,11.1906,GH¢ per USD,11.1906,GH¢ per USD,ok,
2026-04-28,USDGHS,US Dollar,Mid Rate,11.1850,GH¢ per USD,11.185,GH¢ per USD,ok,
2026-04-28,AUDGHS,Australian Dollar,Buying,8.0268,GH¢ per AUD,8.0268,GH¢ per AUD,ok,
2026-04-28,AUDGHS,Australian Dollar,Selling,8.0375,GH¢ per AUD,8.0375,GH¢ per AUD,ok,
2026-04-28,AUDGHS,Australian Dollar,Mid Rate,8.0322,GH¢ per AUD,8.0322,GH¢ per AUD,ok,
2026-04-28,CADGHS,Canadian Dollar,Buying,8.1713,GH¢ per CAD,8.1713,GH¢ per CAD,ok,
2026-04-28,CADGHS,Canadian Dollar,Selling,8.1798,GH¢ per CAD,8.1798,GH¢ per CAD,ok,
2026-04-28,CADGHS,Canadian Dollar,Mid Rate,8.1756,GH¢ per CAD,8.1756,GH¢ per CAD,ok,
2026-04-28,CHFGHS,Swiss Franc,Buying,14.1645,GH¢ per CHF,14.1645,GH¢ per CHF,ok,
2026-04-28,CHFGHS,Swiss Franc,Selling,14.1794,GH¢ per CHF,14.1794,GH¢ per CHF,ok,
2026-04-28,CHFGHS,Swiss Franc,Mid Rate,14.1720,GH¢ per CHF,14.172,GH¢ per CHF,ok,
2026-04-28,CNYGHS,Yuan Renminbi,Buying,1.6351,GH¢ per CNY,1.6351,GH¢ per CNY,ok,
2026-04-28,CNYGHS,Yuan Renminbi,Selling,1.6363,GH¢ per CNY,1.6363,GH¢ per CNY,ok,
2026-04-28,CNYGHS,Yuan Renminbi,Mid Rate,1.6357,GH¢ per CNY,1.6357,GH¢ per CNY,ok,
2026-04-28,DKKGHS,Danish Krone,Buying,1.7520,GH¢ per DKK,1.752,GH¢ per DKK,ok,
2026-04-28,DKKGHS,Danish Krone,Selling,1.7537,GH¢ per DKK,1.7537,GH¢ per DKK,ok,
2026-04-28,DKKGHS,Danish Krone,Mid Rate,1.7529,GH¢ per DKK,1.7529,GH¢ per DKK,ok,
2026-04-28,EURGHS,Euro,Buying,13.0917,GH¢ per EUR,13.0917,GH¢ per EUR,ok,
2026-04-28,EURGHS,Euro,Selling,13.1045,GH¢ per EUR,13.1045,GH¢ per EUR,ok,
2026-04-28,EURGHS,Euro,Mid Rate,13.0981,GH¢ per EUR,13.0981,GH¢ per EUR,ok,
2026-04-28,GBPGHS,Pound Sterling,Buying,15.1079,GH¢ per GBP,15.1079,GH¢ per GBP,ok,
2026-04-28,GBPGHS,Pound Sterling,Selling,15.1252,GH¢ per GBP,15.1252,GH¢ per GBP,ok,
2026-04-28,GBPGHS,Pound Sterling,Mid Rate,15.1166,GH¢ per GBP,15.1166,GH¢ per GBP,ok,
2026-04-28,GHSGMD,Dalasi,Buying,6.5199,GMD per GH¢,0.1533765855,GH¢ per GMD,ok,
2026-04-28,GHSGMD,Dalasi,Selling,6.5208,GMD per GH¢,0.1533554165,GH¢ per GMD,ok,
2026-04-28,GHSGMD,Dalasi,Mid Rate,6.5204,GMD per GH¢,0.1533648242,GH¢ per GMD,ok,
2026-04-28,GHSMRO,Ouguiya,Buying,31.9177,MRO per GH¢,0.0313305783,GH¢ per MRO (old ouguiya; 10 MRO = 1 MRU since 2018),ok,
2026-04-28,GHSMRO,Ouguiya,Selling,32.0072,MRO per GH¢,0.0312429703,GH¢ per MRO (old ouguiya; 10 MRO = 1 MRU since 2018),ok,
2026-04-28,GHSMRO,Ouguiya,Mid Rate,31.9625,MRO per GH¢,0.0312866641,GH¢ per MRO (old ouguiya; 10 MRO = 1 MRU since 2018),ok,
2026-04-28,GHSNGN,Naira,Buying,123.4680,NGN per GH¢,0.0080992646,GH¢ per NGN,ok,
2026-04-28,GHSNGN,Naira,Selling,123.5592,NGN per GH¢,0.0080932865,GH¢ per NGN,ok,
2026-04-28,GHSNGN,Naira,Mid Rate,123.5136,NGN per GH¢,0.0080962744,GH¢ per NGN,ok,
2026-04-28,GHSSLL,Leone,Buying,"2,133.6622",SLL per GH¢,0.4686777504,"GH¢ per SLE (new leone; 1 SLE = 1,000 old leones)",ok,
2026-04-28,GHSSLL,Leone,Selling,"2,183.3653",SLL per GH¢,0.4580085614,"GH¢ per SLE (new leone; 1 SLE = 1,000 old leones)",ok,
2026-04-28,GHSSLL,Leone,Mid Rate,"2,158.5138",SLL per GH¢,0.4632817265,"GH¢ per SLE (new leone; 1 SLE = 1,000 old leones)",ok,
2026-04-28,GHSXOF,BCEAO,Buying,50.0559,XOF per GH¢,0.019977665,GH¢ per XOF (CFA franc (BCEAO)),ok,
2026-04-28,GHSXOF,BCEAO,Selling,50.1048,XOF per GH¢,0.0199581677,GH¢ per XOF (CFA franc (BCEAO)),ok,
2026-04-28,GHSXOF,BCEAO,Mid Rate,50.0804,XOF per GH¢,0.0199678916,GH¢ per XOF (CFA franc (BCEAO)),ok,
2026-04-28,JPYGHS,Japanese yen,Buying,0.0701,GH¢ per JPY,0.0701,GH¢ per JPY,ok,
2026-04-28,JPYGHS,Japanese yen,Selling,0.0701,GH¢ per JPY,0.0701,GH¢ per JPY,ok,
2026-04-28,JPYGHS,Japanese yen,Mid Rate,0.0701,GH¢ per JPY,0.0701,GH¢ per JPY,ok,
2026-04-28,NOKGHS,Norwegian Krone,Buying,1.1993,GH¢ per NOK,1.1993,GH¢ per NOK,ok,
2026-04-28,NOKGHS,Norwegian Krone,Selling,1.2001,GH¢ per NOK,1.2001,GH¢ per NOK,ok,
2026-04-28,NOKGHS,Norwegian Krone,Mid Rate,1.1997,GH¢ per NOK,1.1997,GH¢ per NOK,ok,
2026-04-28,NZDGHS,New Zealand Dollar,Buying,6.5780,GH¢ per NZD,6.578,GH¢ per NZD,ok,
2026-04-28,NZDGHS,New Zealand Dollar,Selling,6.5870,GH¢ per NZD,6.587,GH¢ per NZD,ok,
2026-04-28,NZDGHS,New Zealand Dollar,Mid Rate,6.5825,GH¢ per NZD,6.5825,GH¢ per NZD,ok,
2026-04-28,SEKGHS,Swedish Krona,Buying,1.2055,GH¢ per SEK,1.2055,GH¢ per SEK,ok,
2026-04-28,SEKGHS,Swedish Krona,Selling,1.2064,GH¢ per SEK,1.2064,GH¢ per SEK,ok,
2026-04-28,SEKGHS,Swedish Krona,Mid Rate,1.2060,GH¢ per SEK,1.206,GH¢ per SEK,ok,
2026-04-28,WAUGHS,Ecowas,Buying,0.0136,GH¢ per WAU,0.0136,"GH¢ per WAU (BoG's 'Ecowas' unit, not defined by BoG)",ok,
2026-04-28,WAUGHS,Ecowas,Selling,0.0136,GH¢ per WAU,0.0136,"GH¢ per WAU (BoG's 'Ecowas' unit, not defined by BoG)",ok,
2026-04-28,WAUGHS,Ecowas,Mid Rate,0.0136,GH¢ per WAU,0.0136,"GH¢ per WAU (BoG's 'Ecowas' unit, not defined by BoG)",ok,
2026-04-28,ZARGHS,South African Rand,Buying,0.6764,GH¢ per ZAR,0.6764,GH¢ per ZAR,ok,
2026-04-28,ZARGHS,South African Rand,Selling,0.6768,GH¢ per ZAR,0.6768,GH¢ per ZAR,ok,
2026-04-28,ZARGHS,South African Rand,Mid Rate,0.6766,GH¢ per ZAR,0.6766,GH¢ per ZAR,ok,
2026-04-29,USDGHS,US Dollar,Buying,11.1854,GH¢ per USD,11.1854,GH¢ per USD,ok,
2026-04-29,USDGHS,US Dollar,Selling,11.1966,GH¢ per USD,11.1966,GH¢ per USD,ok,
2026-04-29,USDGHS,US Dollar,Mid Rate,11.1910,GH¢ per USD,11.191,GH¢ per USD,ok,
2026-04-29,AUDGHS,Australian Dollar,Buying,7.9886,GH¢ per AUD,7.9886,GH¢ per AUD,ok,
2026-04-29,AUDGHS,Australian Dollar,Selling,7.9966,GH¢ per AUD,7.9966,GH¢ per AUD,ok,
2026-04-29,AUDGHS,Australian Dollar,Mid Rate,7.9926,GH¢ per AUD,7.9926,GH¢ per AUD,ok,
2026-04-29,CADGHS,Canadian Dollar,Buying,8.1784,GH¢ per CAD,8.1784,GH¢ per CAD,ok,
2026-04-29,CADGHS,Canadian Dollar,Selling,8.1857,GH¢ per CAD,8.1857,GH¢ per CAD,ok,
2026-04-29,CADGHS,Canadian Dollar,Mid Rate,8.1821,GH¢ per CAD,8.1821,GH¢ per CAD,ok,
2026-04-29,CHFGHS,Swiss Franc,Buying,14.1664,GH¢ per CHF,14.1664,GH¢ per CHF,ok,
2026-04-29,CHFGHS,Swiss Franc,Selling,14.1793,GH¢ per CHF,14.1793,GH¢ per CHF,ok,
2026-04-29,CHFGHS,Swiss Franc,Mid Rate,14.1729,GH¢ per CHF,14.1729,GH¢ per CHF,ok,
2026-04-29,CNYGHS,Yuan Renminbi,Buying,1.6359,GH¢ per CNY,1.6359,GH¢ per CNY,ok,
2026-04-29,CNYGHS,Yuan Renminbi,Selling,1.6370,GH¢ per CNY,1.637,GH¢ per CNY,ok,
2026-04-29,CNYGHS,Yuan Renminbi,Mid Rate,1.6365,GH¢ per CNY,1.6365,GH¢ per CNY,ok,
2026-04-29,DKKGHS,Danish Krone,Buying,1.7512,GH¢ per DKK,1.7512,GH¢ per DKK,ok,
2026-04-29,DKKGHS,Danish Krone,Selling,1.7524,GH¢ per DKK,1.7524,GH¢ per DKK,ok,
2026-04-29,DKKGHS,Danish Krone,Mid Rate,1.7518,GH¢ per DKK,1.7518,GH¢ per DKK,ok,
2026-04-29,EURGHS,Euro,Buying,13.0873,GH¢ per EUR,13.0873,GH¢ per EUR,ok,
2026-04-29,EURGHS,Euro,Selling,13.0992,GH¢ per EUR,13.0992,GH¢ per EUR,ok,
2026-04-29,EURGHS,Euro,Mid Rate,13.0933,GH¢ per EUR,13.0933,GH¢ per EUR,ok,
2026-04-29,GBPGHS,Pound Sterling,Buying,15.1014,GH¢ per GBP,15.1014,GH¢ per GBP,ok,
2026-04-29,GBPGHS,Pound Sterling,Selling,15.1165,GH¢ per GBP,15.1165,GH¢ per GBP,ok,
2026-04-29,GBPGHS,Pound Sterling,Mid Rate,15.1090,GH¢ per GBP,15.109,GH¢ per GBP,ok,
2026-04-29,GHSGMD,Dalasi,Buying,6.5164,GMD per GH¢,0.1534589651,GH¢ per GMD,ok,
2026-04-29,GHSGMD,Dalasi,Selling,6.5871,GMD per GH¢,0.1518118747,GH¢ per GMD,ok,
2026-04-29,GHSGMD,Dalasi,Mid Rate,6.5518,GMD per GH¢,0.1526298117,GH¢ per GMD,ok,
2026-04-29,GHSMRO,Ouguiya,Buying,31.9006,MRO per GH¢,0.0313473728,GH¢ per MRO (old ouguiya; 10 MRO = 1 MRU since 2018),ok,
2026-04-29,GHSMRO,Ouguiya,Selling,31.9900,MRO per GH¢,0.0312597687,GH¢ per MRO (old ouguiya; 10 MRO = 1 MRU since 2018),ok,
2026-04-29,GHSMRO,Ouguiya,Mid Rate,31.9453,MRO per GH¢,0.0313035094,GH¢ per MRO (old ouguiya; 10 MRO = 1 MRU since 2018),ok,
2026-04-29,GHSNGN,Naira,Buying,122.7343,NGN per GH¢,0.0081476816,GH¢ per NGN,ok,
2026-04-29,GHSNGN,Naira,Selling,123.1463,NGN per GH¢,0.0081204226,GH¢ per NGN,ok,
2026-04-29,GHSNGN,Naira,Mid Rate,122.9403,NGN per GH¢,0.0081340293,GH¢ per NGN,ok,
2026-04-29,GHSSLL,Leone,Buying,"2,132.5182",SLL per GH¢,0.4689291749,"GH¢ per SLE (new leone; 1 SLE = 1,000 old leones)",ok,
2026-04-29,GHSSLL,Leone,Selling,"2,180.7622",SLL per GH¢,0.4585552703,"GH¢ per SLE (new leone; 1 SLE = 1,000 old leones)",ok,
2026-04-29,GHSSLL,Leone,Mid Rate,"2,156.6402",SLL per GH¢,0.4636842066,"GH¢ per SLE (new leone; 1 SLE = 1,000 old leones)",ok,
2026-04-29,GHSXOF,BCEAO,Buying,50.0761,XOF per GH¢,0.0199696063,GH¢ per XOF (CFA franc (BCEAO)),ok,
2026-04-29,GHSXOF,BCEAO,Selling,50.1216,XOF per GH¢,0.019951478,GH¢ per XOF (CFA franc (BCEAO)),ok,
2026-04-29,GHSXOF,BCEAO,Mid Rate,50.0989,XOF per GH¢,0.0199605181,GH¢ per XOF (CFA franc (BCEAO)),ok,
2026-04-29,JPYGHS,Japanese yen,Buying,0.0699,GH¢ per JPY,0.0699,GH¢ per JPY,ok,
2026-04-29,JPYGHS,Japanese yen,Selling,0.0699,GH¢ per JPY,0.0699,GH¢ per JPY,ok,
2026-04-29,JPYGHS,Japanese yen,Mid Rate,0.0699,GH¢ per JPY,0.0699,GH¢ per JPY,ok,
2026-04-29,NOKGHS,Norwegian Krone,Buying,1.2044,GH¢ per NOK,1.2044,GH¢ per NOK,ok,
2026-04-29,NOKGHS,Norwegian Krone,Selling,1.2052,GH¢ per NOK,1.2052,GH¢ per NOK,ok,
2026-04-29,NOKGHS,Norwegian Krone,Mid Rate,1.2048,GH¢ per NOK,1.2048,GH¢ per NOK,ok,
2026-04-29,NZDGHS,New Zealand Dollar,Buying,6.5389,GH¢ per NZD,6.5389,GH¢ per NZD,ok,
2026-04-29,NZDGHS,New Zealand Dollar,Selling,6.5470,GH¢ per NZD,6.547,GH¢ per NZD,ok,
2026-04-29,NZDGHS,New Zealand Dollar,Mid Rate,6.5430,GH¢ per NZD,6.543,GH¢ per NZD,ok,
2026-04-29,SEKGHS,Swedish Krona,Buying,1.2044,GH¢ per SEK,1.2044,GH¢ per SEK,ok,
2026-04-29,SEKGHS,Swedish Krona,Selling,1.2052,GH¢ per SEK,1.2052,GH¢ per SEK,ok,
2026-04-29,SEKGHS,Swedish Krona,Mid Rate,1.2048,GH¢ per SEK,1.2048,GH¢ per SEK,ok,
2026-04-29,WAUGHS,Ecowas,Buying,0.0136,GH¢ per WAU,0.0136,"GH¢ per WAU (BoG's 'Ecowas' unit, not defined by BoG)",ok,
2026-04-29,WAUGHS,Ecowas,Selling,0.0136,GH¢ per WAU,0.0136,"GH¢ per WAU (BoG's 'Ecowas' unit, not defined by BoG)",ok,
2026-04-29,WAUGHS,Ecowas,Mid Rate,0.0136,GH¢ per WAU,0.0136,"GH¢ per WAU (BoG's 'Ecowas' unit, not defined by BoG)",ok,
2026-04-29,ZARGHS,South African Rand,Buying,0.6693,GH¢ per ZAR,0.6693,GH¢ per ZAR,ok,
2026-04-29,ZARGHS,South African Rand,Selling,0.6696,GH¢ per ZAR,0.6696,GH¢ per ZAR,ok,
2026-04-29,ZARGHS,South African Rand,Mid Rate,0.6695,GH¢ per ZAR,0.6695,GH¢ per ZAR,ok,
2026-04-30,USDGHS,US Dollar,Buying,11.1844,GH¢ per USD,11.1844,GH¢ per USD,ok,
2026-04-30,USDGHS,US Dollar,Selling,11.1956,GH¢ per USD,11.1956,GH¢ per USD,ok,
2026-04-30,USDGHS,US Dollar,Mid Rate,11.1900,GH¢ per USD,11.19,GH¢ per USD,ok,
2026-04-30,AUDGHS,Australian Dollar,Buying,8.0349,GH¢ per AUD,8.0349,GH¢ per AUD,ok,
2026-04-30,AUDGHS,Australian Dollar,Selling,8.0436,GH¢ per AUD,8.0436,GH¢ per AUD,ok,
2026-04-30,AUDGHS,Australian Dollar,Mid Rate,8.0393,GH¢ per AUD,8.0393,GH¢ per AUD,ok,
2026-04-30,CADGHS,Canadian Dollar,Buying,8.2202,GH¢ per CAD,8.2202,GH¢ per CAD,ok,
2026-04-30,CADGHS,Canadian Dollar,Selling,8.2277,GH¢ per CAD,8.2277,GH¢ per CAD,ok,
2026-04-30,CADGHS,Canadian Dollar,Mid Rate,8.2240,GH¢ per CAD,8.224,GH¢ per CAD,ok,
2026-04-30,CHFGHS,Swiss Franc,Buying,14.2955,GH¢ per CHF,14.2955,GH¢ per CHF,ok,
2026-04-30,CHFGHS,Swiss Franc,Selling,14.3081,GH¢ per CHF,14.3081,GH¢ per CHF,ok,
2026-04-30,CHFGHS,Swiss Franc,Mid Rate,14.3018,GH¢ per CHF,14.3018,GH¢ per CHF,ok,
2026-04-30,CNYGHS,Yuan Renminbi,Buying,1.6382,GH¢ per CNY,1.6382,GH¢ per CNY,ok,
2026-04-30,CNYGHS,Yuan Renminbi,Selling,1.6393,GH¢ per CNY,1.6393,GH¢ per CNY,ok,
2026-04-30,CNYGHS,Yuan Renminbi,Mid Rate,1.6388,GH¢ per CNY,1.6388,GH¢ per CNY,ok,
2026-04-30,DKKGHS,Danish Krone,Buying,1.7563,GH¢ per DKK,1.7563,GH¢ per DKK,ok,
2026-04-30,DKKGHS,Danish Krone,Selling,1.7579,GH¢ per DKK,1.7579,GH¢ per DKK,ok,
2026-04-30,DKKGHS,Danish Krone,Mid Rate,1.7571,GH¢ per DKK,1.7571,GH¢ per DKK,ok,
2026-04-30,EURGHS,Euro,Buying,13.1235,GH¢ per EUR,13.1235,GH¢ per EUR,ok,
2026-04-30,EURGHS,Euro,Selling,13.1342,GH¢ per EUR,13.1342,GH¢ per EUR,ok,
2026-04-30,EURGHS,Euro,Mid Rate,13.1289,GH¢ per EUR,13.1289,GH¢ per EUR,ok,
2026-04-30,GBPGHS,Pound Sterling,Buying,15.1918,GH¢ per GBP,15.1918,GH¢ per GBP,ok,
2026-04-30,GBPGHS,Pound Sterling,Selling,15.2081,GH¢ per GBP,15.2081,GH¢ per GBP,ok,
2026-04-30,GBPGHS,Pound Sterling,Mid Rate,15.2000,GH¢ per GBP,15.2,GH¢ per GBP,ok,
2026-04-30,GHSGMD,Dalasi,Buying,6.4952,GMD per GH¢,0.1539598473,GH¢ per GMD,ok,
2026-04-30,GHSGMD,Dalasi,Selling,6.5170,GMD per GH¢,0.1534448366,GH¢ per GMD,ok,
2026-04-30,GHSGMD,Dalasi,Mid Rate,6.5061,GMD per GH¢,0.1537019105,GH¢ per GMD,ok,
2026-04-30,GHSMRO,Ouguiya,Buying,31.9035,MRO per GH¢,0.0313445233,GH¢ per MRO (old ouguiya; 10 MRO = 1 MRU since 2018),ok,
2026-04-30,GHSMRO,Ouguiya,Selling,31.9929,MRO per GH¢,0.0312569351,GH¢ per MRO (old ouguiya; 10 MRO = 1 MRU since 2018),ok,
2026-04-30,GHSMRO,Ouguiya,Mid Rate,31.9482,MRO per GH¢,0.031300668,GH¢ per MRO (old ouguiya; 10 MRO = 1 MRU since 2018),ok,
2026-04-30,GHSNGN,Naira,Buying,122.8061,NGN per GH¢,0.008142918,GH¢ per NGN,ok,
2026-04-30,GHSNGN,Naira,Selling,122.9839,NGN per GH¢,0.0081311456,GH¢ per NGN,ok,
2026-04-30,GHSNGN,Naira,Mid Rate,122.8950,NGN per GH¢,0.0081370275,GH¢ per NGN,ok,
2026-04-30,GHSSLL,Leone,Buying,"2,132.7088",SLL per GH¢,0.4688872667,"GH¢ per SLE (new leone; 1 SLE = 1,000 old leones)",ok,
2026-04-30,GHSSLL,Leone,Selling,"2,180.9571",SLL per GH¢,0.4585142917,"GH¢ per SLE (new leone; 1 SLE = 1,000 old leones)",ok,
2026-04-30,GHSSLL,Leone,Mid Rate,"2,156.8330",SLL per GH¢,0.4636427577,"GH¢ per SLE (new leone; 1 SLE = 1,000 old leones)",ok,
2026-04-30,GHSXOF,BCEAO,Buying,49.9427,XOF per GH¢,0.0200229463,GH¢ per XOF (CFA franc (BCEAO)),ok,
2026-04-30,GHSXOF,BCEAO,Selling,49.9834,XOF per GH¢,0.0200066422,GH¢ per XOF (CFA franc (BCEAO)),ok,
2026-04-30,GHSXOF,BCEAO,Mid Rate,49.9631,XOF per GH¢,0.0200147709,GH¢ per XOF (CFA franc (BCEAO)),ok,
2026-04-30,JPYGHS,Japanese yen,Buying,0.0715,GH¢ per JPY,0.0715,GH¢ per JPY,ok,
2026-04-30,JPYGHS,Japanese yen,Selling,0.0715,GH¢ per JPY,0.0715,GH¢ per JPY,ok,
2026-04-30,JPYGHS,Japanese yen,Mid Rate,0.0715,GH¢ per JPY,0.0715,GH¢ per JPY,ok,
2026-04-30,NOKGHS,Norwegian Krone,Buying,1.2039,GH¢ per NOK,1.2039,GH¢ per NOK,ok,
2026-04-30,NOKGHS,Norwegian Krone,Selling,1.2046,GH¢ per NOK,1.2046,GH¢ per NOK,ok,
2026-04-30,NOKGHS,Norwegian Krone,Mid Rate,1.2043,GH¢ per NOK,1.2043,GH¢ per NOK,ok,
2026-04-30,NZDGHS,New Zealand Dollar,Buying,6.5887,GH¢ per NZD,6.5887,GH¢ per NZD,ok,
2026-04-30,NZDGHS,New Zealand Dollar,Selling,6.5973,GH¢ per NZD,6.5973,GH¢ per NZD,ok,
2026-04-30,NZDGHS,New Zealand Dollar,Mid Rate,6.5930,GH¢ per NZD,6.593,GH¢ per NZD,ok,
2026-04-30,SEKGHS,Swedish Krona,Buying,1.2089,GH¢ per SEK,1.2089,GH¢ per SEK,ok,
2026-04-30,SEKGHS,Swedish Krona,Selling,1.2098,GH¢ per SEK,1.2098,GH¢ per SEK,ok,
2026-04-30,SEKGHS,Swedish Krona,Mid Rate,1.2094,GH¢ per SEK,1.2094,GH¢ per SEK,ok,
2026-04-30,WAUGHS,Ecowas,Buying,0.0136,GH¢ per WAU,0.0136,"GH¢ per WAU (BoG's 'Ecowas' unit, not defined by BoG)",ok,
2026-04-30,WAUGHS,Ecowas,Selling,0.0136,GH¢ per WAU,0.0136,"GH¢ per WAU (BoG's 'Ecowas' unit, not defined by BoG)",ok,
2026-04-30,WAUGHS,Ecowas,Mid Rate,0.0136,GH¢ per WAU,0.0136,"GH¢ per WAU (BoG's 'Ecowas' unit, not defined by BoG)",ok,
2026-04-30,ZARGHS,South African Rand,Buying,0.6697,GH¢ per ZAR,0.6697,GH¢ per ZAR,ok,
2026-04-30,ZARGHS,South African Rand,Selling,0.6700,GH¢ per ZAR,0.67,GH¢ per ZAR,ok,
2026-04-30,ZARGHS,South African Rand,Mid Rate,0.6699,GH¢ per ZAR,0.6699,GH¢ per ZAR,ok,
2026-05-04,USDGHS,US Dollar,Buying,11.2201,GH¢ per USD,11.2201,GH¢ per USD,ok,
2026-05-04,USDGHS,US Dollar,Selling,11.2313,GH¢ per USD,11.2313,GH¢ per USD,ok,
2026-05-04,USDGHS,US Dollar,Mid Rate,11.2257,GH¢ per USD,11.2257,GH¢ per USD,ok,
2026-05-04,AUDGHS,Australian Dollar,Buying,8.0290,GH¢ per AUD,8.029,GH¢ per AUD,ok,
2026-05-04,AUDGHS,Australian Dollar,Selling,8.0391,GH¢ per AUD,8.0391,GH¢ per AUD,ok,
2026-05-04,AUDGHS,Australian Dollar,Mid Rate,8.0341,GH¢ per AUD,8.0341,GH¢ per AUD,ok,
2026-05-04,CADGHS,Canadian Dollar,Buying,8.2403,GH¢ per CAD,8.2403,GH¢ per CAD,ok,
2026-05-04,CADGHS,Canadian Dollar,Selling,8.2478,GH¢ per CAD,8.2478,GH¢ per CAD,ok,
2026-05-04,CADGHS,Canadian Dollar,Mid Rate,8.2441,GH¢ per CAD,8.2441,GH¢ per CAD,ok,
2026-05-04,CHFGHS,Swiss Franc,Buying,14.3118,GH¢ per CHF,14.3118,GH¢ per CHF,ok,
2026-05-04,CHFGHS,Swiss Franc,Selling,14.3258,GH¢ per CHF,14.3258,GH¢ per CHF,ok,
2026-05-04,CHFGHS,Swiss Franc,Mid Rate,14.3188,GH¢ per CHF,14.3188,GH¢ per CHF,ok,
2026-05-04,CNYGHS,Yuan Renminbi,Buying,1.6327,GH¢ per CNY,1.6327,GH¢ per CNY,ok,
2026-05-04,CNYGHS,Yuan Renminbi,Selling,1.6338,GH¢ per CNY,1.6338,GH¢ per CNY,ok,
2026-05-04,CNYGHS,Yuan Renminbi,Mid Rate,1.6333,GH¢ per CNY,1.6333,GH¢ per CNY,ok,
2026-05-04,DKKGHS,Danish Krone,Buying,1.7555,GH¢ per DKK,1.7555,GH¢ per DKK,ok,
2026-05-04,DKKGHS,Danish Krone,Selling,1.7570,GH¢ per DKK,1.757,GH¢ per DKK,ok,
2026-05-04,DKKGHS,Danish Krone,Mid Rate,1.7563,GH¢ per DKK,1.7563,GH¢ per DKK,ok,
2026-05-04,EURGHS,Euro,Buying,13.1161,GH¢ per EUR,13.1161,GH¢ per EUR,ok,
2026-05-04,EURGHS,Euro,Selling,13.1280,GH¢ per EUR,13.128,GH¢ per EUR,ok,
2026-05-04,EURGHS,Euro,Mid Rate,13.1221,GH¢ per EUR,13.1221,GH¢ per EUR,ok,
2026-05-04,GBPGHS,Pound Sterling,Buying,15.1662,GH¢ per GBP,15.1662,GH¢ per GBP,ok,
2026-05-04,GBPGHS,Pound Sterling,Selling,15.1825,GH¢ per GBP,15.1825,GH¢ per GBP,ok,
2026-05-04,GBPGHS,Pound Sterling,Mid Rate,15.1744,GH¢ per GBP,15.1744,GH¢ per GBP,ok,
2026-05-04,GHSGMD,Dalasi,Buying,6.4963,GMD per GH¢,0.1539337777,GH¢ per GMD,ok,
2026-05-04,GHSGMD,Dalasi,Selling,6.5667,GMD per GH¢,0.1522834909,GH¢ per GMD,ok,
2026-05-04,GHSGMD,Dalasi,Mid Rate,6.5315,GMD per GH¢,0.1531041874,GH¢ per GMD,ok,
2026-05-04,GHSMRO,Ouguiya,Buying,31.8020,MRO per GH¢,0.0314445632,GH¢ per MRO (old ouguiya; 10 MRO = 1 MRU since 2018),ok,
2026-05-04,GHSMRO,Ouguiya,Selling,31.8911,MRO per GH¢,0.0313567108,GH¢ per MRO (old ouguiya; 10 MRO = 1 MRU since 2018),ok,
2026-05-04,GHSMRO,Ouguiya,Mid Rate,31.8466,MRO per GH¢,0.0314005263,GH¢ per MRO (old ouguiya; 10 MRO = 1 MRU since 2018),ok,
2026-05-04,GHSNGN,Naira,Buying,122.4191,NGN per GH¢,0.00816866,GH¢ per NGN,ok,
2026-05-04,GHSNGN,Naira,Selling,122.5091,NGN per GH¢,0.0081626589,GH¢ per NGN,ok,
2026-05-04,GHSNGN,Naira,Mid Rate,122.4641,NGN per GH¢,0.0081656583,GH¢ per NGN,ok,
2026-05-04,GHSSLL,Leone,Buying,"2,125.9264",SLL per GH¢,0.4703831704,"GH¢ per SLE (new leone; 1 SLE = 1,000 old leones)",ok,
2026-05-04,GHSSLL,Leone,Selling,"2,173.4147",SLL per GH¢,0.4601054737,"GH¢ per SLE (new leone; 1 SLE = 1,000 old leones)",ok,
2026-05-04,GHSSLL,Leone,Mid Rate,"2,149.6706",SLL per GH¢,0.4651875501,"GH¢ per SLE (new leone; 1 SLE = 1,000 old leones)",ok,
2026-05-04,GHSXOF,BCEAO,Buying,49.9663,XOF per GH¢,0.0200134891,GH¢ per XOF (CFA franc (BCEAO)),ok,
2026-05-04,GHSXOF,BCEAO,Selling,50.0116,XOF per GH¢,0.0199953611,GH¢ per XOF (CFA franc (BCEAO)),ok,
2026-05-04,GHSXOF,BCEAO,Mid Rate,49.9890,XOF per GH¢,0.020004401,GH¢ per XOF (CFA franc (BCEAO)),ok,
2026-05-04,JPYGHS,Japanese yen,Buying,0.0713,GH¢ per JPY,0.0713,GH¢ per JPY,ok,
2026-05-04,JPYGHS,Japanese yen,Selling,0.0714,GH¢ per JPY,0.0714,GH¢ per JPY,ok,
2026-05-04,JPYGHS,Japanese yen,Mid Rate,0.0714,GH¢ per JPY,0.0714,GH¢ per JPY,ok,
2026-05-04,NOKGHS,Norwegian Krone,Buying,1.2086,GH¢ per NOK,1.2086,GH¢ per NOK,ok,
2026-05-04,NOKGHS,Norwegian Krone,Selling,1.2091,GH¢ per NOK,1.2091,GH¢ per NOK,ok,
2026-05-04,NOKGHS,Norwegian Krone,Mid Rate,1.2089,GH¢ per NOK,1.2089,GH¢ per NOK,ok,
2026-05-04,NZDGHS,New Zealand Dollar,Buying,6.5761,GH¢ per NZD,6.5761,GH¢ per NZD,ok,
2026-05-04,NZDGHS,New Zealand Dollar,Selling,6.5846,GH¢ per NZD,6.5846,GH¢ per NZD,ok,
2026-05-04,NZDGHS,New Zealand Dollar,Mid Rate,6.5804,GH¢ per NZD,6.5804,GH¢ per NZD,ok,
2026-05-04,SEKGHS,Swedish Krona,Buying,1.2076,GH¢ per SEK,1.2076,GH¢ per SEK,ok,
2026-05-04,SEKGHS,Swedish Krona,Selling,1.2082,GH¢ per SEK,1.2082,GH¢ per SEK,ok,
2026-05-04,SEKGHS,Swedish Krona,Mid Rate,1.2079,GH¢ per SEK,1.2079,GH¢ per SEK,ok,
2026-05-04,WAUGHS,Ecowas,Buying,0.0135,GH¢ per WAU,0.0135,"GH¢ per WAU (BoG's 'Ecowas' unit, not defined by BoG)",ok,
2026-05-04,WAUGHS,Ecowas,Selling,0.0135,GH¢ per WAU,0.0135,"GH¢ per WAU (BoG's 'Ecowas' unit, not defined by BoG)",ok,
2026-05-04,WAUGHS,Ecowas,Mid Rate,0.0135,GH¢ per WAU,0.0135,"GH¢ per WAU (BoG's 'Ecowas' unit, not defined by BoG)",ok,
2026-05-04,ZARGHS,South African Rand,Buying,0.6655,GH¢ per ZAR,0.6655,GH¢ per ZAR,ok,
2026-05-04,ZARGHS,South African Rand,Selling,0.6657,GH¢ per ZAR,0.6657,GH¢ per ZAR,ok,
2026-05-04,ZARGHS,South African Rand,Mid Rate,0.6656,GH¢ per ZAR,0.6656,GH¢ per ZAR,ok,
2026-05-05,USDGHS,US Dollar,Buying,11.2349,GH¢ per USD,11.2349,GH¢ per USD,ok,
2026-05-05,USDGHS,US Dollar,Selling,11.2461,GH¢ per USD,11.2461,GH¢ per USD,ok,
2026-05-05,USDGHS,US Dollar,Mid Rate,11.2405,GH¢ per USD,11.2405,GH¢ per USD,ok,
2026-05-05,AUDGHS,Australian Dollar,Buying,8.0853,GH¢ per AUD,8.0853,GH¢ per AUD,ok,
2026-05-05,AUDGHS,Australian Dollar,Selling,8.0940,GH¢ per AUD,8.094,GH¢ per AUD,ok,
2026-05-05,AUDGHS,Australian Dollar,Mid Rate,8.0897,GH¢ per AUD,8.0897,GH¢ per AUD,ok,
2026-05-05,CADGHS,Canadian Dollar,Buying,8.2557,GH¢ per CAD,8.2557,GH¢ per CAD,ok,
2026-05-05,CADGHS,Canadian Dollar,Selling,8.2637,GH¢ per CAD,8.2637,GH¢ per CAD,ok,
2026-05-05,CADGHS,Canadian Dollar,Mid Rate,8.2597,GH¢ per CAD,8.2597,GH¢ per CAD,ok,
2026-05-05,CHFGHS,Swiss Franc,Buying,14.3701,GH¢ per CHF,14.3701,GH¢ per CHF,ok,
2026-05-05,CHFGHS,Swiss Franc,Selling,14.3842,GH¢ per CHF,14.3842,GH¢ per CHF,ok,
2026-05-05,CHFGHS,Swiss Franc,Mid Rate,14.3772,GH¢ per CHF,14.3772,GH¢ per CHF,ok,
2026-05-05,CNYGHS,Yuan Renminbi,Buying,1.6420,GH¢ per CNY,1.642,GH¢ per CNY,ok,
2026-05-05,CNYGHS,Yuan Renminbi,Selling,1.6431,GH¢ per CNY,1.6431,GH¢ per CNY,ok,
2026-05-05,CNYGHS,Yuan Renminbi,Mid Rate,1.6426,GH¢ per CNY,1.6426,GH¢ per CNY,ok,
2026-05-05,DKKGHS,Danish Krone,Buying,1.7608,GH¢ per DKK,1.7608,GH¢ per DKK,ok,
2026-05-05,DKKGHS,Danish Krone,Selling,1.7625,GH¢ per DKK,1.7625,GH¢ per DKK,ok,
2026-05-05,DKKGHS,Danish Krone,Mid Rate,1.7617,GH¢ per DKK,1.7617,GH¢ per DKK,ok,
2026-05-05,EURGHS,Euro,Buying,13.1589,GH¢ per EUR,13.1589,GH¢ per EUR,ok,
2026-05-05,EURGHS,Euro,Selling,13.1708,GH¢ per EUR,13.1708,GH¢ per EUR,ok,
2026-05-05,EURGHS,Euro,Mid Rate,13.1649,GH¢ per EUR,13.1649,GH¢ per EUR,ok,
2026-05-05,GBPGHS,Pound Sterling,Buying,15.2525,GH¢ per GBP,15.2525,GH¢ per GBP,ok,
2026-05-05,GBPGHS,Pound Sterling,Selling,15.2689,GH¢ per GBP,15.2689,GH¢ per GBP,ok,
2026-05-05,GBPGHS,Pound Sterling,Mid Rate,15.2607,GH¢ per GBP,15.2607,GH¢ per GBP,ok,
2026-05-05,GHSGMD,Dalasi,Buying,6.4877,GMD per GH¢,0.15413783,GH¢ per GMD,ok,
2026-05-05,GHSGMD,Dalasi,Selling,6.5581,GMD per GH¢,0.1524831887,GH¢ per GMD,ok,
2026-05-05,GHSGMD,Dalasi,Mid Rate,6.5229,GMD per GH¢,0.1533060449,GH¢ per GMD,ok,
2026-05-05,GHSMRO,Ouguiya,Buying,31.7602,MRO per GH¢,0.0314859478,GH¢ per MRO (old ouguiya; 10 MRO = 1 MRU since 2018),ok,
2026-05-05,GHSMRO,Ouguiya,Selling,31.8491,MRO per GH¢,0.0313980615,GH¢ per MRO (old ouguiya; 10 MRO = 1 MRU since 2018),ok,
2026-05-05,GHSMRO,Ouguiya,Mid Rate,31.8047,MRO per GH¢,0.0314418938,GH¢ per MRO (old ouguiya; 10 MRO = 1 MRU since 2018),ok,
2026-05-05,GHSNGN,Naira,Buying,121.5595,NGN per GH¢,0.0082264241,GH¢ per NGN,ok,
2026-05-05,GHSNGN,Naira,Selling,121.6485,NGN per GH¢,0.0082204055,GH¢ per NGN,ok,
2026-05-05,GHSNGN,Naira,Mid Rate,121.6040,NGN per GH¢,0.0082234137,GH¢ per NGN,ok,
2026-05-05,GHSSLL,Leone,Buying,"2,121.0041",SLL per GH¢,0.4714748076,"GH¢ per SLE (new leone; 1 SLE = 1,000 old leones)",ok,
2026-05-05,GHSSLL,Leone,Selling,"2,170.7701",SLL per GH¢,0.4606660097,"GH¢ per SLE (new leone; 1 SLE = 1,000 old leones)",ok,
2026-05-05,GHSSLL,Leone,Mid Rate,"2,145.8871",SLL per GH¢,0.466007741,"GH¢ per SLE (new leone; 1 SLE = 1,000 old leones)",ok,
2026-05-05,GHSXOF,BCEAO,Buying,49.8039,XOF per GH¢,0.0200787489,GH¢ per XOF (CFA franc (BCEAO)),ok,
2026-05-05,GHSXOF,BCEAO,Selling,49.8489,XOF per GH¢,0.0200606232,GH¢ per XOF (CFA franc (BCEAO)),ok,
2026-05-05,GHSXOF,BCEAO,Mid Rate,49.8264,XOF per GH¢,0.0200696819,GH¢ per XOF (CFA franc (BCEAO)),ok,
2026-05-05,JPYGHS,Japanese yen,Buying,0.0713,GH¢ per JPY,0.0713,GH¢ per JPY,ok,
2026-05-05,JPYGHS,Japanese yen,Selling,0.0713,GH¢ per JPY,0.0713,GH¢ per JPY,ok,
2026-05-05,JPYGHS,Japanese yen,Mid Rate,0.0713,GH¢ per JPY,0.0713,GH¢ per JPY,ok,
2026-05-05,NOKGHS,Norwegian Krone,Buying,1.2154,GH¢ per NOK,1.2154,GH¢ per NOK,ok,
2026-05-05,NOKGHS,Norwegian Krone,Selling,1.2162,GH¢ per NOK,1.2162,GH¢ per NOK,ok,
2026-05-05,NOKGHS,Norwegian Krone,Mid Rate,1.2158,GH¢ per NOK,1.2158,GH¢ per NOK,ok,
2026-05-05,NZDGHS,New Zealand Dollar,Buying,6.6318,GH¢ per NZD,6.6318,GH¢ per NZD,ok,
2026-05-05,NZDGHS,New Zealand Dollar,Selling,6.6404,GH¢ per NZD,6.6404,GH¢ per NZD,ok,
2026-05-05,NZDGHS,New Zealand Dollar,Mid Rate,6.6361,GH¢ per NZD,6.6361,GH¢ per NZD,ok,
2026-05-05,SEKGHS,Swedish Krona,Buying,1.2155,GH¢ per SEK,1.2155,GH¢ per SEK,ok,
2026-05-05,SEKGHS,Swedish Krona,Selling,1.2164,GH¢ per SEK,1.2164,GH¢ per SEK,ok,
2026-05-05,SEKGHS,Swedish Krona,Mid Rate,1.2160,GH¢ per SEK,1.216,GH¢ per SEK,ok,
2026-05-05,WAUGHS,Ecowas,Buying,0.0135,GH¢ per WAU,0.0135,"GH¢ per WAU (BoG's 'Ecowas' unit, not defined by BoG)",ok,
2026-05-05,WAUGHS,Ecowas,Selling,0.0135,GH¢ per WAU,0.0135,"GH¢ per WAU (BoG's 'Ecowas' unit, not defined by BoG)",ok,
2026-05-05,WAUGHS,Ecowas,Mid Rate,0.0135,GH¢ per WAU,0.0135,"GH¢ per WAU (BoG's 'Ecowas' unit, not defined by BoG)",ok,
2026-05-05,ZARGHS,South African Rand,Buying,0.6754,GH¢ per ZAR,0.6754,GH¢ per ZAR,ok,
2026-05-05,ZARGHS,South African Rand,Selling,0.6758,GH¢ per ZAR,0.6758,GH¢ per ZAR,ok,
2026-05-05,ZARGHS,South African Rand,Mid Rate,0.6756,GH¢ per ZAR,0.6756,GH¢ per ZAR,ok,
2026-05-06,USDGHS,US Dollar,Buying,11.2369,GH¢ per USD,11.2369,GH¢ per USD,ok,
2026-05-06,USDGHS,US Dollar,Selling,11.2481,GH¢ per USD,11.2481,GH¢ per USD,ok,
2026-05-06,USDGHS,US Dollar,Mid Rate,11.2425,GH¢ per USD,11.2425,GH¢ per USD,ok,
2026-05-06,AUDGHS,Australian Dollar,Buying,8.1301,GH¢ per AUD,8.1301,GH¢ per AUD,ok,
2026-05-06,AUDGHS,Australian Dollar,Selling,8.1388,GH¢ per AUD,8.1388,GH¢ per AUD,ok,
2026-05-06,AUDGHS,Australian Dollar,Mid Rate,8.1345,GH¢ per AUD,8.1345,GH¢ per AUD,ok,
2026-05-06,CADGHS,Canadian Dollar,Buying,8.2508,GH¢ per CAD,8.2508,GH¢ per CAD,ok,
2026-05-06,CADGHS,Canadian Dollar,Selling,8.2588,GH¢ per CAD,8.2588,GH¢ per CAD,ok,
2026-05-06,CADGHS,Canadian Dollar,Mid Rate,8.2548,GH¢ per CAD,8.2548,GH¢ per CAD,ok,
2026-05-06,CHFGHS,Swiss Franc,Buying,14.4212,GH¢ per CHF,14.4212,GH¢ per CHF,ok,
2026-05-06,CHFGHS,Swiss Franc,Selling,14.4353,GH¢ per CHF,14.4353,GH¢ per CHF,ok,
2026-05-06,CHFGHS,Swiss Franc,Mid Rate,14.4283,GH¢ per CHF,14.4283,GH¢ per CHF,ok,
2026-05-06,CNYGHS,Yuan Renminbi,Buying,1.6498,GH¢ per CNY,1.6498,GH¢ per CNY,ok,
2026-05-06,CNYGHS,Yuan Renminbi,Selling,1.6511,GH¢ per CNY,1.6511,GH¢ per CNY,ok,
2026-05-06,CNYGHS,Yuan Renminbi,Mid Rate,1.6505,GH¢ per CNY,1.6505,GH¢ per CNY,ok,
2026-05-06,DKKGHS,Danish Krone,Buying,1.7679,GH¢ per DKK,1.7679,GH¢ per DKK,ok,
2026-05-06,DKKGHS,Danish Krone,Selling,1.7695,GH¢ per DKK,1.7695,GH¢ per DKK,ok,
2026-05-06,DKKGHS,Danish Krone,Mid Rate,1.7687,GH¢ per DKK,1.7687,GH¢ per DKK,ok,
2026-05-06,EURGHS,Euro,Buying,13.2107,GH¢ per EUR,13.2107,GH¢ per EUR,ok,
2026-05-06,EURGHS,Euro,Selling,13.2226,GH¢ per EUR,13.2226,GH¢ per EUR,ok,
2026-05-06,EURGHS,Euro,Mid Rate,13.2167,GH¢ per EUR,13.2167,GH¢ per EUR,ok,
2026-05-06,GBPGHS,Pound Sterling,Buying,15.2822,GH¢ per GBP,15.2822,GH¢ per GBP,ok,
2026-05-06,GBPGHS,Pound Sterling,Selling,15.2986,GH¢ per GBP,15.2986,GH¢ per GBP,ok,
2026-05-06,GBPGHS,Pound Sterling,Mid Rate,15.2904,GH¢ per GBP,15.2904,GH¢ per GBP,ok,
2026-05-06,GHSGMD,Dalasi,Buying,6.4649,GMD per GH¢,0.1546814336,GH¢ per GMD,ok,
2026-05-06,GHSGMD,Dalasi,Selling,6.4865,GMD per GH¢,0.1541663455,GH¢ per GMD,ok,
2026-05-06,GHSGMD,Dalasi,Mid Rate,6.4757,GMD per GH¢,0.15442346,GH¢ per GMD,ok,
2026-05-06,GHSMRO,Ouguiya,Buying,31.7545,MRO per GH¢,0.0314915996,GH¢ per MRO (old ouguiya; 10 MRO = 1 MRU since 2018),ok,
2026-05-06,GHSMRO,Ouguiya,Selling,31.8435,MRO per GH¢,0.0314035831,GH¢ per MRO (old ouguiya; 10 MRO = 1 MRU since 2018),ok,
2026-05-06,GHSMRO,Ouguiya,Mid Rate,31.7990,MRO per GH¢,0.0314475298,GH¢ per MRO (old ouguiya; 10 MRO = 1 MRU since 2018),ok,
2026-05-06,GHSNGN,Naira,Buying,121.0078,NGN per GH¢,0.0082639301,GH¢ per NGN,ok,
2026-05-06,GHSNGN,Naira,Selling,121.1483,NGN per GH¢,0.0082543461,GH¢ per NGN,ok,
2026-05-06,GHSNGN,Naira,Mid Rate,121.0781,NGN per GH¢,0.0082591319,GH¢ per NGN,ok,
2026-05-06,GHSSLL,Leone,Buying,"2,122.7495",SLL per GH¢,0.4710871443,"GH¢ per SLE (new leone; 1 SLE = 1,000 old leones)",ok,
2026-05-06,GHSSLL,Leone,Selling,"2,170.1669",SLL per GH¢,0.4607940523,"GH¢ per SLE (new leone; 1 SLE = 1,000 old leones)",ok,
2026-05-06,GHSSLL,Leone,Mid Rate,"2,146.4582",SLL per GH¢,0.4658837521,"GH¢ per SLE (new leone; 1 SLE = 1,000 old leones)",ok,
2026-05-06,GHSXOF,BCEAO,Buying,49.6088,XOF per GH¢,0.020157714,GH¢ per XOF (CFA franc (BCEAO)),ok,
2026-05-06,GHSXOF,BCEAO,Selling,49.6535,XOF per GH¢,0.0201395672,GH¢ per XOF (CFA franc (BCEAO)),ok,
2026-05-06,GHSXOF,BCEAO,Mid Rate,49.6312,XOF per GH¢,0.0201486162,GH¢ per XOF (CFA franc (BCEAO)),ok,
2026-05-06,JPYGHS,Japanese yen,Buying,0.0719,GH¢ per JPY,0.0719,GH¢ per JPY,ok,
2026-05-06,JPYGHS,Japanese yen,Selling,0.0719,GH¢ per JPY,0.0719,GH¢ per JPY,ok,
2026-05-06,JPYGHS,Japanese yen,Mid Rate,0.0719,GH¢ per JPY,0.0719,GH¢ per JPY,ok,
2026-05-06,NOKGHS,Norwegian Krone,Buying,1.2122,GH¢ per NOK,1.2122,GH¢ per NOK,ok,
2026-05-06,NOKGHS,Norwegian Krone,Selling,1.2132,GH¢ per NOK,1.2132,GH¢ per NOK,ok,
2026-05-06,NOKGHS,Norwegian Krone,Mid Rate,1.2127,GH¢ per NOK,1.2127,GH¢ per NOK,ok,
2026-05-06,NZDGHS,New Zealand Dollar,Buying,6.6936,GH¢ per NZD,6.6936,GH¢ per NZD,ok,
2026-05-06,NZDGHS,New Zealand Dollar,Selling,6.7023,GH¢ per NZD,6.7023,GH¢ per NZD,ok,
2026-05-06,NZDGHS,New Zealand Dollar,Mid Rate,6.6980,GH¢ per NZD,6.698,GH¢ per NZD,ok,
2026-05-06,SEKGHS,Swedish Krona,Buying,1.2183,GH¢ per SEK,1.2183,GH¢ per SEK,ok,
2026-05-06,SEKGHS,Swedish Krona,Selling,1.2192,GH¢ per SEK,1.2192,GH¢ per SEK,ok,
2026-05-06,SEKGHS,Swedish Krona,Mid Rate,1.2188,GH¢ per SEK,1.2188,GH¢ per SEK,ok,
2026-05-06,WAUGHS,Ecowas,Buying,0.0135,GH¢ per WAU,0.0135,"GH¢ per WAU (BoG's 'Ecowas' unit, not defined by BoG)",ok,
2026-05-06,WAUGHS,Ecowas,Selling,0.0135,GH¢ per WAU,0.0135,"GH¢ per WAU (BoG's 'Ecowas' unit, not defined by BoG)",ok,
2026-05-06,WAUGHS,Ecowas,Mid Rate,0.0135,GH¢ per WAU,0.0135,"GH¢ per WAU (BoG's 'Ecowas' unit, not defined by BoG)",ok,
2026-05-06,ZARGHS,South African Rand,Buying,0.6847,GH¢ per ZAR,0.6847,GH¢ per ZAR,ok,
2026-05-06,ZARGHS,South African Rand,Selling,0.6851,GH¢ per ZAR,0.6851,GH¢ per ZAR,ok,
2026-05-06,ZARGHS,South African Rand,Mid Rate,0.6849,GH¢ per ZAR,0.6849,GH¢ per ZAR,ok,
2026-05-07,USDGHS,US Dollar,Buying,11.2692,GH¢ per USD,11.2692,GH¢ per USD,ok,
2026-05-07,USDGHS,US Dollar,Selling,11.2804,GH¢ per USD,11.2804,GH¢ per USD,ok,
2026-05-07,USDGHS,US Dollar,Mid Rate,11.2748,GH¢ per USD,11.2748,GH¢ per USD,ok,
2026-05-07,AUDGHS,Australian Dollar,Buying,8.1610,GH¢ per AUD,8.161,GH¢ per AUD,ok,
2026-05-07,AUDGHS,Australian Dollar,Selling,8.1698,GH¢ per AUD,8.1698,GH¢ per AUD,ok,
2026-05-07,AUDGHS,Australian Dollar,Mid Rate,8.1654,GH¢ per AUD,8.1654,GH¢ per AUD,ok,
2026-05-07,CADGHS,Canadian Dollar,Buying,8.2645,GH¢ per CAD,8.2645,GH¢ per CAD,ok,
2026-05-07,CADGHS,Canadian Dollar,Selling,8.2721,GH¢ per CAD,8.2721,GH¢ per CAD,ok,
2026-05-07,CADGHS,Canadian Dollar,Mid Rate,8.2683,GH¢ per CAD,8.2683,GH¢ per CAD,ok,
2026-05-07,CHFGHS,Swiss Franc,Buying,14.4911,GH¢ per CHF,14.4911,GH¢ per CHF,ok,
2026-05-07,CHFGHS,Swiss Franc,Selling,14.5039,GH¢ per CHF,14.5039,GH¢ per CHF,ok,
2026-05-07,CHFGHS,Swiss Franc,Mid Rate,14.4975,GH¢ per CHF,14.4975,GH¢ per CHF,ok,
2026-05-07,CNYGHS,Yuan Renminbi,Buying,1.6566,GH¢ per CNY,1.6566,GH¢ per CNY,ok,
2026-05-07,CNYGHS,Yuan Renminbi,Selling,1.6580,GH¢ per CNY,1.658,GH¢ per CNY,ok,
2026-05-07,CNYGHS,Yuan Renminbi,Mid Rate,1.6573,GH¢ per CNY,1.6573,GH¢ per CNY,ok,
2026-05-07,DKKGHS,Danish Krone,Buying,1.7744,GH¢ per DKK,1.7744,GH¢ per DKK,ok,
2026-05-07,DKKGHS,Danish Krone,Selling,1.7760,GH¢ per DKK,1.776,GH¢ per DKK,ok,
2026-05-07,DKKGHS,Danish Krone,Mid Rate,1.7752,GH¢ per DKK,1.7752,GH¢ per DKK,ok,
2026-05-07,EURGHS,Euro,Buying,13.2596,GH¢ per EUR,13.2596,GH¢ per EUR,ok,
2026-05-07,EURGHS,Euro,Selling,13.2715,GH¢ per EUR,13.2715,GH¢ per EUR,ok,
2026-05-07,EURGHS,Euro,Mid Rate,13.2656,GH¢ per EUR,13.2656,GH¢ per EUR,ok,
2026-05-07,GBPGHS,Pound Sterling,Buying,15.3373,GH¢ per GBP,15.3373,GH¢ per GBP,ok,
2026-05-07,GBPGHS,Pound Sterling,Selling,15.3538,GH¢ per GBP,15.3538,GH¢ per GBP,ok,
2026-05-07,GBPGHS,Pound Sterling,Mid Rate,15.3456,GH¢ per GBP,15.3456,GH¢ per GBP,ok,
2026-05-07,GHSGMD,Dalasi,Buying,6.4463,GMD per GH¢,0.1551277477,GH¢ per GMD,ok,
2026-05-07,GHSGMD,Dalasi,Selling,6.4680,GMD per GH¢,0.1546072975,GH¢ per GMD,ok,
2026-05-07,GHSGMD,Dalasi,Mid Rate,6.4572,GMD per GH¢,0.1548658861,GH¢ per GMD,ok,
2026-05-07,GHSMRO,Ouguiya,Buying,31.6635,MRO per GH¢,0.0315821056,GH¢ per MRO (old ouguiya; 10 MRO = 1 MRU since 2018),ok,
2026-05-07,GHSMRO,Ouguiya,Selling,31.7522,MRO per GH¢,0.0314938807,GH¢ per MRO (old ouguiya; 10 MRO = 1 MRU since 2018),ok,
2026-05-07,GHSMRO,Ouguiya,Mid Rate,31.7079,MRO per GH¢,0.0315378817,GH¢ per MRO (old ouguiya; 10 MRO = 1 MRU since 2018),ok,
2026-05-07,GHSNGN,Naira,Buying,120.3197,NGN per GH¢,0.0083111909,GH¢ per NGN,ok,
2026-05-07,GHSNGN,Naira,Selling,120.4083,NGN per GH¢,0.0083050753,GH¢ per NGN,ok,
2026-05-07,GHSNGN,Naira,Mid Rate,120.3640,NGN per GH¢,0.008308132,GH¢ per NGN,ok,
2026-05-07,GHSSLL,Leone,Buying,"2,116.6683",SLL per GH¢,0.4724405803,"GH¢ per SLE (new leone; 1 SLE = 1,000 old leones)",ok,
2026-05-07,GHSSLL,Leone,Selling,"2,163.9498",SLL per GH¢,0.462117929,"GH¢ per SLE (new leone; 1 SLE = 1,000 old leones)",ok,
2026-05-07,GHSSLL,Leone,Mid Rate,"2,140.3091",SLL per GH¢,0.4672222344,"GH¢ per SLE (new leone; 1 SLE = 1,000 old leones)",ok,
2026-05-07,GHSXOF,BCEAO,Buying,49.4260,XOF per GH¢,0.0202322664,GH¢ per XOF (CFA franc (BCEAO)),ok,
2026-05-07,GHSXOF,BCEAO,Selling,49.4703,XOF per GH¢,0.0202141487,GH¢ per XOF (CFA franc (BCEAO)),ok,
2026-05-07,GHSXOF,BCEAO,Mid Rate,49.4482,XOF per GH¢,0.020223183,GH¢ per XOF (CFA franc (BCEAO)),ok,
2026-05-07,JPYGHS,Japanese yen,Buying,0.0720,GH¢ per JPY,0.072,GH¢ per JPY,ok,
2026-05-07,JPYGHS,Japanese yen,Selling,0.0721,GH¢ per JPY,0.0721,GH¢ per JPY,ok,
2026-05-07,JPYGHS,Japanese yen,Mid Rate,0.0721,GH¢ per JPY,0.0721,GH¢ per JPY,ok,
2026-05-07,NOKGHS,Norwegian Krone,Buying,1.2133,GH¢ per NOK,1.2133,GH¢ per NOK,ok,
2026-05-07,NOKGHS,Norwegian Krone,Selling,1.2141,GH¢ per NOK,1.2141,GH¢ per NOK,ok,
2026-05-07,NOKGHS,Norwegian Krone,Mid Rate,1.2137,GH¢ per NOK,1.2137,GH¢ per NOK,ok,
2026-05-07,NZDGHS,New Zealand Dollar,Buying,6.7178,GH¢ per NZD,6.7178,GH¢ per NZD,ok,
2026-05-07,NZDGHS,New Zealand Dollar,Selling,6.7265,GH¢ per NZD,6.7265,GH¢ per NZD,ok,
2026-05-07,NZDGHS,New Zealand Dollar,Mid Rate,6.7222,GH¢ per NZD,6.7222,GH¢ per NZD,ok,
2026-05-07,SEKGHS,Swedish Krona,Buying,1.2222,GH¢ per SEK,1.2222,GH¢ per SEK,ok,
2026-05-07,SEKGHS,Swedish Krona,Selling,1.2232,GH¢ per SEK,1.2232,GH¢ per SEK,ok,
2026-05-07,SEKGHS,Swedish Krona,Mid Rate,1.2227,GH¢ per SEK,1.2227,GH¢ per SEK,ok,
2026-05-07,WAUGHS,Ecowas,Buying,0.0134,GH¢ per WAU,0.0134,"GH¢ per WAU (BoG's 'Ecowas' unit, not defined by BoG)",ok,
2026-05-07,WAUGHS,Ecowas,Selling,0.0134,GH¢ per WAU,0.0134,"GH¢ per WAU (BoG's 'Ecowas' unit, not defined by BoG)",ok,
2026-05-07,WAUGHS,Ecowas,Mid Rate,0.0134,GH¢ per WAU,0.0134,"GH¢ per WAU (BoG's 'Ecowas' unit, not defined by BoG)",ok,
2026-05-07,ZARGHS,South African Rand,Buying,0.6891,GH¢ per ZAR,0.6891,GH¢ per ZAR,ok,
2026-05-07,ZARGHS,South African Rand,Selling,0.6895,GH¢ per ZAR,0.6895,GH¢ per ZAR,ok,
2026-05-07,ZARGHS,South African Rand,Mid Rate,0.6893,GH¢ per ZAR,0.6893,GH¢ per ZAR,ok,
2026-05-08,USDGHS,US Dollar,Buying,11.2694,GH¢ per USD,11.2694,GH¢ per USD,ok,
2026-05-08,USDGHS,US Dollar,Selling,11.2806,GH¢ per USD,11.2806,GH¢ per USD,ok,
2026-05-08,USDGHS,US Dollar,Mid Rate,11.2750,GH¢ per USD,11.275,GH¢ per USD,ok,
2026-05-08,AUDGHS,Australian Dollar,Buying,8.1631,GH¢ per AUD,8.1631,GH¢ per AUD,ok,
2026-05-08,AUDGHS,Australian Dollar,Selling,8.1734,GH¢ per AUD,8.1734,GH¢ per AUD,ok,
2026-05-08,AUDGHS,Australian Dollar,Mid Rate,8.1683,GH¢ per AUD,8.1683,GH¢ per AUD,ok,
2026-05-08,CADGHS,Canadian Dollar,Buying,8.2353,GH¢ per CAD,8.2353,GH¢ per CAD,ok,
2026-05-08,CADGHS,Canadian Dollar,Selling,8.2429,GH¢ per CAD,8.2429,GH¢ per CAD,ok,
2026-05-08,CADGHS,Canadian Dollar,Mid Rate,8.2391,GH¢ per CAD,8.2391,GH¢ per CAD,ok,
2026-05-08,CHFGHS,Swiss Franc,Buying,14.5029,GH¢ per CHF,14.5029,GH¢ per CHF,ok,
2026-05-08,CHFGHS,Swiss Franc,Selling,14.5171,GH¢ per CHF,14.5171,GH¢ per CHF,ok,
2026-05-08,CHFGHS,Swiss Franc,Mid Rate,14.5100,GH¢ per CHF,14.51,GH¢ per CHF,ok,
2026-05-08,CNYGHS,Yuan Renminbi,Buying,1.6571,GH¢ per CNY,1.6571,GH¢ per CNY,ok,
2026-05-08,CNYGHS,Yuan Renminbi,Selling,1.6586,GH¢ per CNY,1.6586,GH¢ per CNY,ok,
2026-05-08,CNYGHS,Yuan Renminbi,Mid Rate,1.6579,GH¢ per CNY,1.6579,GH¢ per CNY,ok,
2026-05-08,DKKGHS,Danish Krone,Buying,1.7760,GH¢ per DKK,1.776,GH¢ per DKK,ok,
2026-05-08,DKKGHS,Danish Krone,Selling,1.7776,GH¢ per DKK,1.7776,GH¢ per DKK,ok,
2026-05-08,DKKGHS,Danish Krone,Mid Rate,1.7768,GH¢ per DKK,1.7768,GH¢ per DKK,ok,
2026-05-08,EURGHS,Euro,Buying,13.2708,GH¢ per EUR,13.2708,GH¢ per EUR,ok,
2026-05-08,EURGHS,Euro,Selling,13.2839,GH¢ per EUR,13.2839,GH¢ per EUR,ok,
2026-05-08,EURGHS,Euro,Mid Rate,13.2774,GH¢ per EUR,13.2774,GH¢ per EUR,ok,
2026-05-08,GBPGHS,Pound Sterling,Buying,15.3556,GH¢ per GBP,15.3556,GH¢ per GBP,ok,
2026-05-08,GBPGHS,Pound Sterling,Selling,15.3721,GH¢ per GBP,15.3721,GH¢ per GBP,ok,
2026-05-08,GBPGHS,Pound Sterling,Mid Rate,15.3639,GH¢ per GBP,15.3639,GH¢ per GBP,ok,
2026-05-08,GHSGMD,Dalasi,Buying,6.4678,GMD per GH¢,0.1546120783,GH¢ per GMD,ok,
2026-05-08,GHSGMD,Dalasi,Selling,6.5380,GMD per GH¢,0.1529519731,GH¢ per GMD,ok,
2026-05-08,GHSGMD,Dalasi,Mid Rate,6.5029,GMD per GH¢,0.1537775454,GH¢ per GMD,ok,
2026-05-08,GHSMRO,Ouguiya,Buying,31.6630,MRO per GH¢,0.0315826043,GH¢ per MRO (old ouguiya; 10 MRO = 1 MRU since 2018),ok,
2026-05-08,GHSMRO,Ouguiya,Selling,31.7517,MRO per GH¢,0.0314943767,GH¢ per MRO (old ouguiya; 10 MRO = 1 MRU since 2018),ok,
2026-05-08,GHSMRO,Ouguiya,Mid Rate,31.7074,MRO per GH¢,0.0315383791,GH¢ per MRO (old ouguiya; 10 MRO = 1 MRU since 2018),ok,
2026-05-08,GHSNGN,Naira,Buying,120.5579,NGN per GH¢,0.0082947696,GH¢ per NGN,ok,
2026-05-08,GHSNGN,Naira,Selling,120.6466,NGN per GH¢,0.0082886712,GH¢ per NGN,ok,
2026-05-08,GHSNGN,Naira,Mid Rate,120.6023,NGN per GH¢,0.0082917158,GH¢ per NGN,ok,
2026-05-08,GHSSLL,Leone,Buying,"2,114.5141",SLL per GH¢,0.4729218878,"GH¢ per SLE (new leone; 1 SLE = 1,000 old leones)",ok,
2026-05-08,GHSSLL,Leone,Selling,"2,166.8651",SLL per GH¢,0.4614961956,"GH¢ per SLE (new leone; 1 SLE = 1,000 old leones)",ok,
2026-05-08,GHSSLL,Leone,Mid Rate,"2,140.6896",SLL per GH¢,0.4671391873,"GH¢ per SLE (new leone; 1 SLE = 1,000 old leones)",ok,
2026-05-08,GHSXOF,BCEAO,Buying,49.3799,XOF per GH¢,0.0202511548,GH¢ per XOF (CFA franc (BCEAO)),ok,
2026-05-08,GHSXOF,BCEAO,Selling,49.4286,XOF per GH¢,0.0202312022,GH¢ per XOF (CFA franc (BCEAO)),ok,
2026-05-08,GHSXOF,BCEAO,Mid Rate,49.4043,XOF per GH¢,0.0202411531,GH¢ per XOF (CFA franc (BCEAO)),ok,
2026-05-08,JPYGHS,Japanese yen,Buying,0.0719,GH¢ per JPY,0.0719,GH¢ per JPY,ok,
2026-05-08,JPYGHS,Japanese yen,Selling,0.0720,GH¢ per JPY,0.072,GH¢ per JPY,ok,
2026-05-08,JPYGHS,Japanese yen,Mid Rate,0.0720,GH¢ per JPY,0.072,GH¢ per JPY,ok,
2026-05-08,NOKGHS,Norwegian Krone,Buying,1.2234,GH¢ per NOK,1.2234,GH¢ per NOK,ok,
2026-05-08,NOKGHS,Norwegian Krone,Selling,1.2241,GH¢ per NOK,1.2241,GH¢ per NOK,ok,
2026-05-08,NOKGHS,Norwegian Krone,Mid Rate,1.2238,GH¢ per NOK,1.2238,GH¢ per NOK,ok,
2026-05-08,NZDGHS,New Zealand Dollar,Buying,6.7181,GH¢ per NZD,6.7181,GH¢ per NZD,ok,
2026-05-08,NZDGHS,New Zealand Dollar,Selling,6.7268,GH¢ per NZD,6.7268,GH¢ per NZD,ok,
2026-05-08,NZDGHS,New Zealand Dollar,Mid Rate,6.7225,GH¢ per NZD,6.7225,GH¢ per NZD,ok,
2026-05-08,SEKGHS,Swedish Krona,Buying,1.2218,GH¢ per SEK,1.2218,GH¢ per SEK,ok,
2026-05-08,SEKGHS,Swedish Krona,Selling,1.2227,GH¢ per SEK,1.2227,GH¢ per SEK,ok,
2026-05-08,SEKGHS,Swedish Krona,Mid Rate,1.2223,GH¢ per SEK,1.2223,GH¢ per SEK,ok,
2026-05-08,WAUGHS,Ecowas,Buying,0.0134,GH¢ per WAU,0.0134,"GH¢ per WAU (BoG's 'Ecowas' unit, not defined by BoG)",ok,
2026-05-08,WAUGHS,Ecowas,Selling,0.0134,GH¢ per WAU,0.0134,"GH¢ per WAU (BoG's 'Ecowas' unit, not defined by BoG)",ok,
2026-05-08,WAUGHS,Ecowas,Mid Rate,0.0134,GH¢ per WAU,0.0134,"GH¢ per WAU (BoG's 'Ecowas' unit, not defined by BoG)",ok,
2026-05-08,ZARGHS,South African Rand,Buying,0.6872,GH¢ per ZAR,0.6872,GH¢ per ZAR,ok,
2026-05-08,ZARGHS,South African Rand,Selling,0.6876,GH¢ per ZAR,0.6876,GH¢ per ZAR,ok,
2026-05-08,ZARGHS,South African Rand,Mid Rate,0.6874,GH¢ per ZAR,0.6874,GH¢ per ZAR,ok,
2026-05-11,USDGHS,US Dollar,Buying,11.2844,GH¢ per USD,11.2844,GH¢ per USD,ok,
2026-05-11,USDGHS,US Dollar,Selling,11.2956,GH¢ per USD,11.2956,GH¢ per USD,ok,
2026-05-11,USDGHS,US Dollar,Mid Rate,11.2900,GH¢ per USD,11.29,GH¢ per USD,ok,
2026-05-11,AUDGHS,Australian Dollar,Buying,8.1878,GH¢ per AUD,8.1878,GH¢ per AUD,ok,
2026-05-11,AUDGHS,Australian Dollar,Selling,8.1981,GH¢ per AUD,8.1981,GH¢ per AUD,ok,
2026-05-11,AUDGHS,Australian Dollar,Mid Rate,8.1930,GH¢ per AUD,8.193,GH¢ per AUD,ok,
2026-05-11,CADGHS,Canadian Dollar,Buying,8.2559,GH¢ per CAD,8.2559,GH¢ per CAD,ok,
2026-05-11,CADGHS,Canadian Dollar,Selling,8.2639,GH¢ per CAD,8.2639,GH¢ per CAD,ok,
2026-05-11,CADGHS,Canadian Dollar,Mid Rate,8.2599,GH¢ per CAD,8.2599,GH¢ per CAD,ok,
2026-05-11,CHFGHS,Swiss Franc,Buying,14.5153,GH¢ per CHF,14.5153,GH¢ per CHF,ok,
2026-05-11,CHFGHS,Swiss Franc,Selling,14.5295,GH¢ per CHF,14.5295,GH¢ per CHF,ok,
2026-05-11,CHFGHS,Swiss Franc,Mid Rate,14.5224,GH¢ per CHF,14.5224,GH¢ per CHF,ok,
2026-05-11,CNYGHS,Yuan Renminbi,Buying,1.6606,GH¢ per CNY,1.6606,GH¢ per CNY,ok,
2026-05-11,CNYGHS,Yuan Renminbi,Selling,1.6621,GH¢ per CNY,1.6621,GH¢ per CNY,ok,
2026-05-11,CNYGHS,Yuan Renminbi,Mid Rate,1.6614,GH¢ per CNY,1.6614,GH¢ per CNY,ok,
2026-05-11,DKKGHS,Danish Krone,Buying,1.7786,GH¢ per DKK,1.7786,GH¢ per DKK,ok,
2026-05-11,DKKGHS,Danish Krone,Selling,1.7803,GH¢ per DKK,1.7803,GH¢ per DKK,ok,
2026-05-11,DKKGHS,Danish Krone,Mid Rate,1.7795,GH¢ per DKK,1.7795,GH¢ per DKK,ok,
2026-05-11,EURGHS,Euro,Buying,13.2911,GH¢ per EUR,13.2911,GH¢ per EUR,ok,
2026-05-11,EURGHS,Euro,Selling,13.3042,GH¢ per EUR,13.3042,GH¢ per EUR,ok,
2026-05-11,EURGHS,Euro,Mid Rate,13.2977,GH¢ per EUR,13.2977,GH¢ per EUR,ok,
2026-05-11,GBPGHS,Pound Sterling,Buying,15.3964,GH¢ per GBP,15.3964,GH¢ per GBP,ok,
2026-05-11,GBPGHS,Pound Sterling,Selling,15.4129,GH¢ per GBP,15.4129,GH¢ per GBP,ok,
2026-05-11,GBPGHS,Pound Sterling,Mid Rate,15.4047,GH¢ per GBP,15.4047,GH¢ per GBP,ok,
2026-05-11,GHSGMD,Dalasi,Buying,6.4593,GMD per GH¢,0.1548155373,GH¢ per GMD,ok,
2026-05-11,GHSGMD,Dalasi,Selling,6.5350,GMD per GH¢,0.1530221882,GH¢ per GMD,ok,
2026-05-11,GHSGMD,Dalasi,Mid Rate,6.4972,GMD per GH¢,0.1539124546,GH¢ per GMD,ok,
2026-05-11,GHSMRO,Ouguiya,Buying,31.6209,MRO per GH¢,0.0316246533,GH¢ per MRO (old ouguiya; 10 MRO = 1 MRU since 2018),ok,
2026-05-11,GHSMRO,Ouguiya,Selling,31.7095,MRO per GH¢,0.0315362904,GH¢ per MRO (old ouguiya; 10 MRO = 1 MRU since 2018),ok,
2026-05-11,GHSMRO,Ouguiya,Mid Rate,31.6652,MRO per GH¢,0.03158041,GH¢ per MRO (old ouguiya; 10 MRO = 1 MRU since 2018),ok,
2026-05-11,GHSNGN,Naira,Buying,121.2843,NGN per GH¢,0.0082450903,GH¢ per NGN,ok,
2026-05-11,GHSNGN,Naira,Selling,121.4083,NGN per GH¢,0.0082366692,GH¢ per NGN,ok,
2026-05-11,GHSNGN,Naira,Mid Rate,121.3463,NGN per GH¢,0.0082408776,GH¢ per NGN,ok,
2026-05-11,GHSSLL,Leone,Buying,"2,113.8186",SLL per GH¢,0.4730774911,"GH¢ per SLE (new leone; 1 SLE = 1,000 old leones)",ok,
2026-05-11,GHSSLL,Leone,Selling,"2,154.3668",SLL per GH¢,0.4641735103,"GH¢ per SLE (new leone; 1 SLE = 1,000 old leones)",ok,
2026-05-11,GHSSLL,Leone,Mid Rate,"2,134.0927",SLL per GH¢,0.4685832063,"GH¢ per SLE (new leone; 1 SLE = 1,000 old leones)",ok,
2026-05-11,GHSXOF,BCEAO,Buying,49.3045,XOF per GH¢,0.0202821243,GH¢ per XOF (CFA franc (BCEAO)),ok,
2026-05-11,GHSXOF,BCEAO,Selling,49.3531,XOF per GH¢,0.0202621517,GH¢ per XOF (CFA franc (BCEAO)),ok,
2026-05-11,GHSXOF,BCEAO,Mid Rate,49.3288,XOF per GH¢,0.0202721331,GH¢ per XOF (CFA franc (BCEAO)),ok,
2026-05-11,JPYGHS,Japanese yen,Buying,0.0718,GH¢ per JPY,0.0718,GH¢ per JPY,ok,
2026-05-11,JPYGHS,Japanese yen,Selling,0.0719,GH¢ per JPY,0.0719,GH¢ per JPY,ok,
2026-05-11,JPYGHS,Japanese yen,Mid Rate,0.0719,GH¢ per JPY,0.0719,GH¢ per JPY,ok,
2026-05-11,NOKGHS,Norwegian Krone,Buying,1.2294,GH¢ per NOK,1.2294,GH¢ per NOK,ok,
2026-05-11,NOKGHS,Norwegian Krone,Selling,1.2302,GH¢ per NOK,1.2302,GH¢ per NOK,ok,
2026-05-11,NOKGHS,Norwegian Krone,Mid Rate,1.2298,GH¢ per NOK,1.2298,GH¢ per NOK,ok,
2026-05-11,NZDGHS,New Zealand Dollar,Buying,6.7328,GH¢ per NZD,6.7328,GH¢ per NZD,ok,
2026-05-11,NZDGHS,New Zealand Dollar,Selling,6.7401,GH¢ per NZD,6.7401,GH¢ per NZD,ok,
2026-05-11,NZDGHS,New Zealand Dollar,Mid Rate,6.7365,GH¢ per NZD,6.7365,GH¢ per NZD,ok,
2026-05-11,SEKGHS,Swedish Krona,Buying,1.2248,GH¢ per SEK,1.2248,GH¢ per SEK,ok,
2026-05-11,SEKGHS,Swedish Krona,Selling,1.2258,GH¢ per SEK,1.2258,GH¢ per SEK,ok,
2026-05-11,SEKGHS,Swedish Krona,Mid Rate,1.2253,GH¢ per SEK,1.2253,GH¢ per SEK,ok,
2026-05-11,WAUGHS,Ecowas,Buying,0.0134,GH¢ per WAU,0.0134,"GH¢ per WAU (BoG's 'Ecowas' unit, not defined by BoG)",ok,
2026-05-11,WAUGHS,Ecowas,Selling,0.0134,GH¢ per WAU,0.0134,"GH¢ per WAU (BoG's 'Ecowas' unit, not defined by BoG)",ok,
2026-05-11,WAUGHS,Ecowas,Mid Rate,0.0134,GH¢ per WAU,0.0134,"GH¢ per WAU (BoG's 'Ecowas' unit, not defined by BoG)",ok,
2026-05-11,ZARGHS,South African Rand,Buying,0.6877,GH¢ per ZAR,0.6877,GH¢ per ZAR,ok,
2026-05-11,ZARGHS,South African Rand,Selling,0.6881,GH¢ per ZAR,0.6881,GH¢ per ZAR,ok,
2026-05-11,ZARGHS,South African Rand,Mid Rate,0.6879,GH¢ per ZAR,0.6879,GH¢ per ZAR,ok,
2026-05-12,USDGHS,US Dollar,Buying,11.2944,GH¢ per USD,11.2944,GH¢ per USD,ok,
2026-05-12,USDGHS,US Dollar,Selling,11.3057,GH¢ per USD,11.3057,GH¢ per USD,ok,
2026-05-12,USDGHS,US Dollar,Mid Rate,11.3000,GH¢ per USD,11.3,GH¢ per USD,ok,
2026-05-12,AUDGHS,Australian Dollar,Buying,8.1544,GH¢ per AUD,8.1544,GH¢ per AUD,ok,
2026-05-12,AUDGHS,Australian Dollar,Selling,8.1647,GH¢ per AUD,8.1647,GH¢ per AUD,ok,
2026-05-12,AUDGHS,Australian Dollar,Mid Rate,8.1596,GH¢ per AUD,8.1596,GH¢ per AUD,ok,
2026-05-12,CADGHS,Canadian Dollar,Buying,8.2372,GH¢ per CAD,8.2372,GH¢ per CAD,ok,
2026-05-12,CADGHS,Canadian Dollar,Selling,8.2451,GH¢ per CAD,8.2451,GH¢ per CAD,ok,
2026-05-12,CADGHS,Canadian Dollar,Mid Rate,8.2412,GH¢ per CAD,8.2412,GH¢ per CAD,ok,
2026-05-12,CHFGHS,Swiss Franc,Buying,14.4483,GH¢ per CHF,14.4483,GH¢ per CHF,ok,
2026-05-12,CHFGHS,Swiss Franc,Selling,14.4611,GH¢ per CHF,14.4611,GH¢ per CHF,ok,
2026-05-12,CHFGHS,Swiss Franc,Mid Rate,14.4547,GH¢ per CHF,14.4547,GH¢ per CHF,ok,
2026-05-12,CNYGHS,Yuan Renminbi,Buying,1.6619,GH¢ per CNY,1.6619,GH¢ per CNY,ok,
2026-05-12,CNYGHS,Yuan Renminbi,Selling,1.6630,GH¢ per CNY,1.663,GH¢ per CNY,ok,
2026-05-12,CNYGHS,Yuan Renminbi,Mid Rate,1.6625,GH¢ per CNY,1.6625,GH¢ per CNY,ok,
2026-05-12,DKKGHS,Danish Krone,Buying,1.7739,GH¢ per DKK,1.7739,GH¢ per DKK,ok,
2026-05-12,DKKGHS,Danish Krone,Selling,1.7755,GH¢ per DKK,1.7755,GH¢ per DKK,ok,
2026-05-12,DKKGHS,Danish Krone,Mid Rate,1.7747,GH¢ per DKK,1.7747,GH¢ per DKK,ok,
2026-05-12,EURGHS,Euro,Buying,13.2535,GH¢ per EUR,13.2535,GH¢ per EUR,ok,
2026-05-12,EURGHS,Euro,Selling,13.2655,GH¢ per EUR,13.2655,GH¢ per EUR,ok,
2026-05-12,EURGHS,Euro,Mid Rate,13.2595,GH¢ per EUR,13.2595,GH¢ per EUR,ok,
2026-05-12,GBPGHS,Pound Sterling,Buying,15.2733,GH¢ per GBP,15.2733,GH¢ per GBP,ok,
2026-05-12,GBPGHS,Pound Sterling,Selling,15.2898,GH¢ per GBP,15.2898,GH¢ per GBP,ok,
2026-05-12,GBPGHS,Pound Sterling,Mid Rate,15.2816,GH¢ per GBP,15.2816,GH¢ per GBP,ok,
2026-05-12,GHSGMD,Dalasi,Buying,6.4524,GMD per GH¢,0.1549810923,GH¢ per GMD,ok,
2026-05-12,GHSGMD,Dalasi,Selling,6.4535,GMD per GH¢,0.1549546758,GH¢ per GMD,ok,
2026-05-12,GHSGMD,Dalasi,Mid Rate,6.4530,GMD per GH¢,0.1549666822,GH¢ per GMD,ok,
2026-05-12,GHSMRO,Ouguiya,Buying,31.5929,MRO per GH¢,0.0316526815,GH¢ per MRO (old ouguiya; 10 MRO = 1 MRU since 2018),ok,
2026-05-12,GHSMRO,Ouguiya,Selling,31.6814,MRO per GH¢,0.0315642617,GH¢ per MRO (old ouguiya; 10 MRO = 1 MRU since 2018),ok,
2026-05-12,GHSMRO,Ouguiya,Mid Rate,31.6372,MRO per GH¢,0.0316083598,GH¢ per MRO (old ouguiya; 10 MRO = 1 MRU since 2018),ok,
2026-05-12,GHSNGN,Naira,Buying,121.6062,NGN per GH¢,0.0082232649,GH¢ per NGN,ok,
2026-05-12,GHSNGN,Naira,Selling,121.6956,NGN per GH¢,0.008217224,GH¢ per NGN,ok,
2026-05-12,GHSNGN,Naira,Mid Rate,121.6509,NGN per GH¢,0.0082202433,GH¢ per NGN,ok,
2026-05-12,GHSSLL,Leone,Buying,"2,111.9479",SLL per GH¢,0.473496529,"GH¢ per SLE (new leone; 1 SLE = 1,000 old leones)",ok,
2026-05-12,GHSSLL,Leone,Selling,"2,152.4602",SLL per GH¢,0.4645846646,"GH¢ per SLE (new leone; 1 SLE = 1,000 old leones)",ok,
2026-05-12,GHSSLL,Leone,Mid Rate,"2,132.2041",SLL per GH¢,0.468998254,"GH¢ per SLE (new leone; 1 SLE = 1,000 old leones)",ok,
2026-05-12,GHSXOF,BCEAO,Buying,49.4483,XOF per GH¢,0.0202231422,GH¢ per XOF (CFA franc (BCEAO)),ok,
2026-05-12,GHSXOF,BCEAO,Selling,49.4931,XOF per GH¢,0.0202048366,GH¢ per XOF (CFA franc (BCEAO)),ok,
2026-05-12,GHSXOF,BCEAO,Mid Rate,49.4707,XOF per GH¢,0.0202139852,GH¢ per XOF (CFA franc (BCEAO)),ok,
2026-05-12,JPYGHS,Japanese yen,Buying,0.0716,GH¢ per JPY,0.0716,GH¢ per JPY,ok,
2026-05-12,JPYGHS,Japanese yen,Selling,0.0717,GH¢ per JPY,0.0717,GH¢ per JPY,ok,
2026-05-12,JPYGHS,Japanese yen,Mid Rate,0.0717,GH¢ per JPY,0.0717,GH¢ per JPY,ok,
2026-05-12,NOKGHS,Norwegian Krone,Buying,1.2282,GH¢ per NOK,1.2282,GH¢ per NOK,ok,
2026-05-12,NOKGHS,Norwegian Krone,Selling,1.2290,GH¢ per NOK,1.229,GH¢ per NOK,ok,
2026-05-12,NOKGHS,Norwegian Krone,Mid Rate,1.2286,GH¢ per NOK,1.2286,GH¢ per NOK,ok,
2026-05-12,NZDGHS,New Zealand Dollar,Buying,6.7081,GH¢ per NZD,6.7081,GH¢ per NZD,ok,
2026-05-12,NZDGHS,New Zealand Dollar,Selling,6.7168,GH¢ per NZD,6.7168,GH¢ per NZD,ok,
2026-05-12,NZDGHS,New Zealand Dollar,Mid Rate,6.7125,GH¢ per NZD,6.7125,GH¢ per NZD,ok,
2026-05-12,SEKGHS,Swedish Krona,Buying,1.2142,GH¢ per SEK,1.2142,GH¢ per SEK,ok,
2026-05-12,SEKGHS,Swedish Krona,Selling,1.2151,GH¢ per SEK,1.2151,GH¢ per SEK,ok,
2026-05-12,SEKGHS,Swedish Krona,Mid Rate,1.2147,GH¢ per SEK,1.2147,GH¢ per SEK,ok,
2026-05-12,WAUGHS,Ecowas,Buying,0.0134,GH¢ per WAU,0.0134,"GH¢ per WAU (BoG's 'Ecowas' unit, not defined by BoG)",ok,
2026-05-12,WAUGHS,Ecowas,Selling,0.0134,GH¢ per WAU,0.0134,"GH¢ per WAU (BoG's 'Ecowas' unit, not defined by BoG)",ok,
2026-05-12,WAUGHS,Ecowas,Mid Rate,0.0134,GH¢ per WAU,0.0134,"GH¢ per WAU (BoG's 'Ecowas' unit, not defined by BoG)",ok,
2026-05-12,ZARGHS,South African Rand,Buying,0.6823,GH¢ per ZAR,0.6823,GH¢ per ZAR,ok,
2026-05-12,ZARGHS,South African Rand,Selling,0.6826,GH¢ per ZAR,0.6826,GH¢ per ZAR,ok,
2026-05-12,ZARGHS,South African Rand,Mid Rate,0.6825,GH¢ per ZAR,0.6825,GH¢ per ZAR,ok,
2026-05-13,USDGHS,US Dollar,Buying,11.3343,GH¢ per USD,11.3343,GH¢ per USD,ok,
2026-05-13,USDGHS,US Dollar,Selling,11.3457,GH¢ per USD,11.3457,GH¢ per USD,ok,
2026-05-13,USDGHS,US Dollar,Mid Rate,11.3400,GH¢ per USD,11.34,GH¢ per USD,ok,
2026-05-13,AUDGHS,Australian Dollar,Buying,8.2321,GH¢ per AUD,8.2321,GH¢ per AUD,ok,
2026-05-13,AUDGHS,Australian Dollar,Selling,8.2424,GH¢ per AUD,8.2424,GH¢ per AUD,ok,
2026-05-13,AUDGHS,Australian Dollar,Mid Rate,8.2373,GH¢ per AUD,8.2373,GH¢ per AUD,ok,
2026-05-13,CADGHS,Canadian Dollar,Buying,8.2730,GH¢ per CAD,8.273,GH¢ per CAD,ok,
2026-05-13,CADGHS,Canadian Dollar,Selling,8.2805,GH¢ per CAD,8.2805,GH¢ per CAD,ok,
2026-05-13,CADGHS,Canadian Dollar,Mid Rate,8.2768,GH¢ per CAD,8.2768,GH¢ per CAD,ok,
2026-05-13,CHFGHS,Swiss Franc,Buying,14.4853,GH¢ per CHF,14.4853,GH¢ per CHF,ok,
2026-05-13,CHFGHS,Swiss Franc,Selling,14.4981,GH¢ per CHF,14.4981,GH¢ per CHF,ok,
2026-05-13,CHFGHS,Swiss Franc,Mid Rate,14.4917,GH¢ per CHF,14.4917,GH¢ per CHF,ok,
2026-05-13,CNYGHS,Yuan Renminbi,Buying,1.6691,GH¢ per CNY,1.6691,GH¢ per CNY,ok,
2026-05-13,CNYGHS,Yuan Renminbi,Selling,1.6708,GH¢ per CNY,1.6708,GH¢ per CNY,ok,
2026-05-13,CNYGHS,Yuan Renminbi,Mid Rate,1.6700,GH¢ per CNY,1.67,GH¢ per CNY,ok,
2026-05-13,DKKGHS,Danish Krone,Buying,1.7766,GH¢ per DKK,1.7766,GH¢ per DKK,ok,
2026-05-13,DKKGHS,Danish Krone,Selling,1.7782,GH¢ per DKK,1.7782,GH¢ per DKK,ok,
2026-05-13,DKKGHS,Danish Krone,Mid Rate,1.7774,GH¢ per DKK,1.7774,GH¢ per DKK,ok,
2026-05-13,EURGHS,Euro,Buying,13.2744,GH¢ per EUR,13.2744,GH¢ per EUR,ok,
2026-05-13,EURGHS,Euro,Selling,13.2876,GH¢ per EUR,13.2876,GH¢ per EUR,ok,
2026-05-13,EURGHS,Euro,Mid Rate,13.2810,GH¢ per EUR,13.281,GH¢ per EUR,ok,
2026-05-13,GBPGHS,Pound Sterling,Buying,15.3240,GH¢ per GBP,15.324,GH¢ per GBP,ok,
2026-05-13,GBPGHS,Pound Sterling,Selling,15.3405,GH¢ per GBP,15.3405,GH¢ per GBP,ok,
2026-05-13,GBPGHS,Pound Sterling,Mid Rate,15.3323,GH¢ per GBP,15.3323,GH¢ per GBP,ok,
2026-05-13,GHSGMD,Dalasi,Buying,6.4308,GMD per GH¢,0.1555016483,GH¢ per GMD,ok,
2026-05-13,GHSGMD,Dalasi,Selling,6.5006,GMD per GH¢,0.153831954,GH¢ per GMD,ok,
2026-05-13,GHSGMD,Dalasi,Mid Rate,6.4657,GMD per GH¢,0.1546622949,GH¢ per GMD,ok,
2026-05-13,GHSMRO,Ouguiya,Buying,31.4815,MRO per GH¢,0.0317646872,GH¢ per MRO (old ouguiya; 10 MRO = 1 MRU since 2018),ok,
2026-05-13,GHSMRO,Ouguiya,Selling,31.5697,MRO per GH¢,0.0316759424,GH¢ per MRO (old ouguiya; 10 MRO = 1 MRU since 2018),ok,
2026-05-13,GHSMRO,Ouguiya,Mid Rate,31.5256,MRO per GH¢,0.0317202527,GH¢ per MRO (old ouguiya; 10 MRO = 1 MRU since 2018),ok,
2026-05-13,GHSNGN,Naira,Buying,120.7892,NGN per GH¢,0.0082788859,GH¢ per NGN,ok,
2026-05-13,GHSNGN,Naira,Selling,120.8774,NGN per GH¢,0.008272845,GH¢ per NGN,ok,
2026-05-13,GHSNGN,Naira,Mid Rate,120.8333,NGN per GH¢,0.0082758644,GH¢ per NGN,ok,
2026-05-13,GHSSLL,Leone,Buying,"2,104.4984",SLL per GH¢,0.4751726112,"GH¢ per SLE (new leone; 1 SLE = 1,000 old leones)",ok,
2026-05-13,GHSSLL,Leone,Selling,"2,147.7162",SLL per GH¢,0.4656108661,"GH¢ per SLE (new leone; 1 SLE = 1,000 old leones)",ok,
2026-05-13,GHSSLL,Leone,Mid Rate,"2,126.1073",SLL per GH¢,0.4703431478,"GH¢ per SLE (new leone; 1 SLE = 1,000 old leones)",ok,
2026-05-13,GHSXOF,BCEAO,Buying,49.3661,XOF per GH¢,0.0202568159,GH¢ per XOF (CFA franc (BCEAO)),ok,
2026-05-13,GHSXOF,BCEAO,Selling,49.4152,XOF per GH¢,0.0202366883,GH¢ per XOF (CFA franc (BCEAO)),ok,
2026-05-13,GHSXOF,BCEAO,Mid Rate,49.3907,XOF per GH¢,0.0202467266,GH¢ per XOF (CFA franc (BCEAO)),ok,
2026-05-13,JPYGHS,Japanese yen,Buying,0.0718,GH¢ per JPY,0.0718,GH¢ per JPY,ok,
2026-05-13,JPYGHS,Japanese yen,Selling,0.0719,GH¢ per JPY,0.0719,GH¢ per JPY,ok,
2026-05-13,JPYGHS,Japanese yen,Mid Rate,0.0719,GH¢ per JPY,0.0719,GH¢ per JPY,ok,
2026-05-13,NOKGHS,Norwegian Krone,Buying,1.2372,GH¢ per NOK,1.2372,GH¢ per NOK,ok,
2026-05-13,NOKGHS,Norwegian Krone,Selling,1.2381,GH¢ per NOK,1.2381,GH¢ per NOK,ok,
2026-05-13,NOKGHS,Norwegian Krone,Mid Rate,1.2377,GH¢ per NOK,1.2377,GH¢ per NOK,ok,
2026-05-13,NZDGHS,New Zealand Dollar,Buying,6.7272,GH¢ per NZD,6.7272,GH¢ per NZD,ok,
2026-05-13,NZDGHS,New Zealand Dollar,Selling,6.7360,GH¢ per NZD,6.736,GH¢ per NZD,ok,
2026-05-13,NZDGHS,New Zealand Dollar,Mid Rate,6.7316,GH¢ per NZD,6.7316,GH¢ per NZD,ok,
2026-05-13,SEKGHS,Swedish Krona,Buying,1.2168,GH¢ per SEK,1.2168,GH¢ per SEK,ok,
2026-05-13,SEKGHS,Swedish Krona,Selling,1.2178,GH¢ per SEK,1.2178,GH¢ per SEK,ok,
2026-05-13,SEKGHS,Swedish Krona,Mid Rate,1.2173,GH¢ per SEK,1.2173,GH¢ per SEK,ok,
2026-05-13,WAUGHS,Ecowas,Buying,0.0133,GH¢ per WAU,0.0133,"GH¢ per WAU (BoG's 'Ecowas' unit, not defined by BoG)",ok,
2026-05-13,WAUGHS,Ecowas,Selling,0.0133,GH¢ per WAU,0.0133,"GH¢ per WAU (BoG's 'Ecowas' unit, not defined by BoG)",ok,
2026-05-13,WAUGHS,Ecowas,Mid Rate,0.0133,GH¢ per WAU,0.0133,"GH¢ per WAU (BoG's 'Ecowas' unit, not defined by BoG)",ok,
2026-05-13,ZARGHS,South African Rand,Buying,0.6910,GH¢ per ZAR,0.691,GH¢ per ZAR,ok,
2026-05-13,ZARGHS,South African Rand,Selling,0.6914,GH¢ per ZAR,0.6914,GH¢ per ZAR,ok,
2026-05-13,ZARGHS,South African Rand,Mid Rate,0.6912,GH¢ per ZAR,0.6912,GH¢ per ZAR,ok,
2026-05-14,USDGHS,US Dollar,Buying,11.4068,GH¢ per USD,11.4068,GH¢ per USD,ok,
2026-05-14,USDGHS,US Dollar,Selling,11.4182,GH¢ per USD,11.4182,GH¢ per USD,ok,
2026-05-14,USDGHS,US Dollar,Mid Rate,11.4125,GH¢ per USD,11.4125,GH¢ per USD,ok,
2026-05-14,AUDGHS,Australian Dollar,Buying,8.2708,GH¢ per AUD,8.2708,GH¢ per AUD,ok,
2026-05-14,AUDGHS,Australian Dollar,Selling,8.2813,GH¢ per AUD,8.2813,GH¢ per AUD,ok,
2026-05-14,AUDGHS,Australian Dollar,Mid Rate,8.2761,GH¢ per AUD,8.2761,GH¢ per AUD,ok,
2026-05-14,CADGHS,Canadian Dollar,Buying,8.3232,GH¢ per CAD,8.3232,GH¢ per CAD,ok,
2026-05-14,CADGHS,Canadian Dollar,Selling,8.3313,GH¢ per CAD,8.3313,GH¢ per CAD,ok,
2026-05-14,CADGHS,Canadian Dollar,Mid Rate,8.3273,GH¢ per CAD,8.3273,GH¢ per CAD,ok,
2026-05-14,CHFGHS,Swiss Franc,Buying,14.5877,GH¢ per CHF,14.5877,GH¢ per CHF,ok,
2026-05-14,CHFGHS,Swiss Franc,Selling,14.6006,GH¢ per CHF,14.6006,GH¢ per CHF,ok,
2026-05-14,CHFGHS,Swiss Franc,Mid Rate,14.5942,GH¢ per CHF,14.5942,GH¢ per CHF,ok,
2026-05-14,CNYGHS,Yuan Renminbi,Buying,1.6809,GH¢ per CNY,1.6809,GH¢ per CNY,ok,
2026-05-14,CNYGHS,Yuan Renminbi,Selling,1.6825,GH¢ per CNY,1.6825,GH¢ per CNY,ok,
2026-05-14,CNYGHS,Yuan Renminbi,Mid Rate,1.6817,GH¢ per CNY,1.6817,GH¢ per CNY,ok,
2026-05-14,DKKGHS,Danish Krone,Buying,1.7877,GH¢ per DKK,1.7877,GH¢ per DKK,ok,
2026-05-14,DKKGHS,Danish Krone,Selling,1.7894,GH¢ per DKK,1.7894,GH¢ per DKK,ok,
2026-05-14,DKKGHS,Danish Krone,Mid Rate,1.7886,GH¢ per DKK,1.7886,GH¢ per DKK,ok,
2026-05-14,EURGHS,Euro,Buying,13.3590,GH¢ per EUR,13.359,GH¢ per EUR,ok,
2026-05-14,EURGHS,Euro,Selling,13.3722,GH¢ per EUR,13.3722,GH¢ per EUR,ok,
2026-05-14,EURGHS,Euro,Mid Rate,13.3656,GH¢ per EUR,13.3656,GH¢ per EUR,ok,
2026-05-14,GBPGHS,Pound Sterling,Buying,15.4163,GH¢ per GBP,15.4163,GH¢ per GBP,ok,
2026-05-14,GBPGHS,Pound Sterling,Selling,15.4328,GH¢ per GBP,15.4328,GH¢ per GBP,ok,
2026-05-14,GBPGHS,Pound Sterling,Mid Rate,15.4246,GH¢ per GBP,15.4246,GH¢ per GBP,ok,
2026-05-14,GHSGMD,Dalasi,Buying,6.3472,GMD per GH¢,0.1575497857,GH¢ per GMD,ok,
2026-05-14,GHSGMD,Dalasi,Selling,6.4434,GMD per GH¢,0.1551975665,GH¢ per GMD,ok,
2026-05-14,GHSGMD,Dalasi,Mid Rate,6.3953,GMD per GH¢,0.1563648304,GH¢ per GMD,ok,
2026-05-14,GHSMRO,Ouguiya,Buying,31.2815,MRO per GH¢,0.0319677765,GH¢ per MRO (old ouguiya; 10 MRO = 1 MRU since 2018),ok,
2026-05-14,GHSMRO,Ouguiya,Selling,31.3691,MRO per GH¢,0.0318785046,GH¢ per MRO (old ouguiya; 10 MRO = 1 MRU since 2018),ok,
2026-05-14,GHSMRO,Ouguiya,Mid Rate,31.3253,MRO per GH¢,0.0319230782,GH¢ per MRO (old ouguiya; 10 MRO = 1 MRU since 2018),ok,
2026-05-14,GHSNGN,Naira,Buying,119.4970,NGN per GH¢,0.0083684109,GH¢ per NGN,ok,
2026-05-14,GHSNGN,Naira,Selling,119.7143,NGN per GH¢,0.008353221,GH¢ per NGN,ok,
2026-05-14,GHSNGN,Naira,Mid Rate,119.6057,NGN per GH¢,0.0083608055,GH¢ per NGN,ok,
2026-05-14,GHSSLL,Leone,Buying,"2,091.1292",SLL per GH¢,0.4782105286,"GH¢ per SLE (new leone; 1 SLE = 1,000 old leones)",ok,
2026-05-14,GHSSLL,Leone,Selling,"2,134.0724",SLL per GH¢,0.4685876637,"GH¢ per SLE (new leone; 1 SLE = 1,000 old leones)",ok,
2026-05-14,GHSSLL,Leone,Mid Rate,"2,112.6008",SLL per GH¢,0.4733501947,"GH¢ per SLE (new leone; 1 SLE = 1,000 old leones)",ok,
2026-05-14,GHSXOF,BCEAO,Buying,49.0538,XOF per GH¢,0.0203857805,GH¢ per XOF (CFA franc (BCEAO)),ok,
2026-05-14,GHSXOF,BCEAO,Selling,49.1023,XOF per GH¢,0.0203656448,GH¢ per XOF (CFA franc (BCEAO)),ok,
2026-05-14,GHSXOF,BCEAO,Mid Rate,49.0781,XOF per GH¢,0.0203756869,GH¢ per XOF (CFA franc (BCEAO)),ok,
2026-05-14,JPYGHS,Japanese yen,Buying,0.0723,GH¢ per JPY,0.0723,GH¢ per JPY,ok,
2026-05-14,JPYGHS,Japanese yen,Selling,0.0723,GH¢ per JPY,0.0723,GH¢ per JPY,ok,
2026-05-14,JPYGHS,Japanese yen,Mid Rate,0.0723,GH¢ per JPY,0.0723,GH¢ per JPY,ok,
2026-05-14,NOKGHS,Norwegian Krone,Buying,1.2412,GH¢ per NOK,1.2412,GH¢ per NOK,ok,
2026-05-14,NOKGHS,Norwegian Krone,Selling,1.2421,GH¢ per NOK,1.2421,GH¢ per NOK,ok,
2026-05-14,NOKGHS,Norwegian Krone,Mid Rate,1.2417,GH¢ per NOK,1.2417,GH¢ per NOK,ok,
2026-05-14,NZDGHS,New Zealand Dollar,Buying,6.7708,GH¢ per NZD,6.7708,GH¢ per NZD,ok,
2026-05-14,NZDGHS,New Zealand Dollar,Selling,6.7796,GH¢ per NZD,6.7796,GH¢ per NZD,ok,
2026-05-14,NZDGHS,New Zealand Dollar,Mid Rate,6.7752,GH¢ per NZD,6.7752,GH¢ per NZD,ok,
2026-05-14,SEKGHS,Swedish Krona,Buying,1.2245,GH¢ per SEK,1.2245,GH¢ per SEK,ok,
2026-05-14,SEKGHS,Swedish Krona,Selling,1.2255,GH¢ per SEK,1.2255,GH¢ per SEK,ok,
2026-05-14,SEKGHS,Swedish Krona,Mid Rate,1.2250,GH¢ per SEK,1.225,GH¢ per SEK,ok,
2026-05-14,WAUGHS,Ecowas,Buying,0.0131,GH¢ per WAU,0.0131,"GH¢ per WAU (BoG's 'Ecowas' unit, not defined by BoG)",ok,
2026-05-14,WAUGHS,Ecowas,Selling,0.0131,GH¢ per WAU,0.0131,"GH¢ per WAU (BoG's 'Ecowas' unit, not defined by BoG)",ok,
2026-05-14,WAUGHS,Ecowas,Mid Rate,0.0131,GH¢ per WAU,0.0131,"GH¢ per WAU (BoG's 'Ecowas' unit, not defined by BoG)",ok,
2026-05-14,ZARGHS,South African Rand,Buying,0.6952,GH¢ per ZAR,0.6952,GH¢ per ZAR,ok,
2026-05-14,ZARGHS,South African Rand,Selling,0.6956,GH¢ per ZAR,0.6956,GH¢ per ZAR,ok,
2026-05-14,ZARGHS,South African Rand,Mid Rate,0.6954,GH¢ per ZAR,0.6954,GH¢ per ZAR,ok,
2026-05-15,USDGHS,US Dollar,Buying,11.4068,GH¢ per USD,11.4068,GH¢ per USD,ok,
2026-05-15,USDGHS,US Dollar,Selling,11.4182,GH¢ per USD,11.4182,GH¢ per USD,ok,
2026-05-15,USDGHS,US Dollar,Mid Rate,11.4125,GH¢ per USD,11.4125,GH¢ per USD,ok,
2026-05-15,AUDGHS,Australian Dollar,Buying,8.1594,GH¢ per AUD,8.1594,GH¢ per AUD,ok,
2026-05-15,AUDGHS,Australian Dollar,Selling,8.1697,GH¢ per AUD,8.1697,GH¢ per AUD,ok,
2026-05-15,AUDGHS,Australian Dollar,Mid Rate,8.1646,GH¢ per AUD,8.1646,GH¢ per AUD,ok,
2026-05-15,CADGHS,Canadian Dollar,Buying,8.2991,GH¢ per CAD,8.2991,GH¢ per CAD,ok,
2026-05-15,CADGHS,Canadian Dollar,Selling,8.3071,GH¢ per CAD,8.3071,GH¢ per CAD,ok,
2026-05-15,CADGHS,Canadian Dollar,Mid Rate,8.3031,GH¢ per CAD,8.3031,GH¢ per CAD,ok,
2026-05-15,CHFGHS,Swiss Franc,Buying,14.4984,GH¢ per CHF,14.4984,GH¢ per CHF,ok,
2026-05-15,CHFGHS,Swiss Franc,Selling,14.5127,GH¢ per CHF,14.5127,GH¢ per CHF,ok,
2026-05-15,CHFGHS,Swiss Franc,Mid Rate,14.5056,GH¢ per CHF,14.5056,GH¢ per CHF,ok,
2026-05-15,CNYGHS,Yuan Renminbi,Buying,1.6747,GH¢ per CNY,1.6747,GH¢ per CNY,ok,
2026-05-15,CNYGHS,Yuan Renminbi,Selling,1.6757,GH¢ per CNY,1.6757,GH¢ per CNY,ok,
2026-05-15,CNYGHS,Yuan Renminbi,Mid Rate,1.6752,GH¢ per CNY,1.6752,GH¢ per CNY,ok,
2026-05-15,DKKGHS,Danish Krone,Buying,1.7747,GH¢ per DKK,1.7747,GH¢ per DKK,ok,
2026-05-15,DKKGHS,Danish Krone,Selling,1.7763,GH¢ per DKK,1.7763,GH¢ per DKK,ok,
2026-05-15,DKKGHS,Danish Krone,Mid Rate,1.7755,GH¢ per DKK,1.7755,GH¢ per DKK,ok,
2026-05-15,EURGHS,Euro,Buying,13.2635,GH¢ per EUR,13.2635,GH¢ per EUR,ok,
2026-05-15,EURGHS,Euro,Selling,13.2754,GH¢ per EUR,13.2754,GH¢ per EUR,ok,
2026-05-15,EURGHS,Euro,Mid Rate,13.2695,GH¢ per EUR,13.2695,GH¢ per EUR,ok,
2026-05-15,GBPGHS,Pound Sterling,Buying,15.1973,GH¢ per GBP,15.1973,GH¢ per GBP,ok,
2026-05-15,GBPGHS,Pound Sterling,Selling,15.2136,GH¢ per GBP,15.2136,GH¢ per GBP,ok,
2026-05-15,GBPGHS,Pound Sterling,Mid Rate,15.2055,GH¢ per GBP,15.2055,GH¢ per GBP,ok,
2026-05-15,GHSGMD,Dalasi,Buying,6.3686,GMD per GH¢,0.1570203812,GH¢ per GMD,ok,
2026-05-15,GHSGMD,Dalasi,Selling,6.3899,GMD per GH¢,0.1564969718,GH¢ per GMD,ok,
2026-05-15,GHSGMD,Dalasi,Mid Rate,6.3793,GMD per GH¢,0.156757011,GH¢ per GMD,ok,
2026-05-15,GHSMRO,Ouguiya,Buying,31.2815,MRO per GH¢,0.0319677765,GH¢ per MRO (old ouguiya; 10 MRO = 1 MRU since 2018),ok,
2026-05-15,GHSMRO,Ouguiya,Selling,31.3691,MRO per GH¢,0.0318785046,GH¢ per MRO (old ouguiya; 10 MRO = 1 MRU since 2018),ok,
2026-05-15,GHSMRO,Ouguiya,Mid Rate,31.3253,MRO per GH¢,0.0319230782,GH¢ per MRO (old ouguiya; 10 MRO = 1 MRU since 2018),ok,
2026-05-15,GHSNGN,Naira,Buying,120.1192,NGN per GH¢,0.0083250638,GH¢ per NGN,ok,
2026-05-15,GHSNGN,Naira,Selling,120.2103,NGN per GH¢,0.0083187547,GH¢ per NGN,ok,
2026-05-15,GHSNGN,Naira,Mid Rate,120.1648,NGN per GH¢,0.0083219046,GH¢ per NGN,ok,
2026-05-15,GHSSLL,Leone,Buying,"2,091.1292",SLL per GH¢,0.4782105286,"GH¢ per SLE (new leone; 1 SLE = 1,000 old leones)",ok,
2026-05-15,GHSSLL,Leone,Selling,"2,134.0724",SLL per GH¢,0.4685876637,"GH¢ per SLE (new leone; 1 SLE = 1,000 old leones)",ok,
2026-05-15,GHSSLL,Leone,Mid Rate,"2,112.6008",SLL per GH¢,0.4733501947,"GH¢ per SLE (new leone; 1 SLE = 1,000 old leones)",ok,
2026-05-15,GHSXOF,BCEAO,Buying,49.4115,XOF per GH¢,0.0202382037,GH¢ per XOF (CFA franc (BCEAO)),ok,
2026-05-15,GHSXOF,BCEAO,Selling,49.4558,XOF per GH¢,0.0202200753,GH¢ per XOF (CFA franc (BCEAO)),ok,
2026-05-15,GHSXOF,BCEAO,Mid Rate,49.4337,XOF per GH¢,0.020229115,GH¢ per XOF (CFA franc (BCEAO)),ok,
2026-05-15,JPYGHS,Japanese yen,Buying,0.0719,GH¢ per JPY,0.0719,GH¢ per JPY,ok,
2026-05-15,JPYGHS,Japanese yen,Selling,0.0719,GH¢ per JPY,0.0719,GH¢ per JPY,ok,
2026-05-15,JPYGHS,Japanese yen,Mid Rate,0.0719,GH¢ per JPY,0.0719,GH¢ per JPY,ok,
2026-05-15,NOKGHS,Norwegian Krone,Buying,1.2259,GH¢ per NOK,1.2259,GH¢ per NOK,ok,
2026-05-15,NOKGHS,Norwegian Krone,Selling,1.2267,GH¢ per NOK,1.2267,GH¢ per NOK,ok,
2026-05-15,NOKGHS,Norwegian Krone,Mid Rate,1.2263,GH¢ per NOK,1.2263,GH¢ per NOK,ok,
2026-05-15,NZDGHS,New Zealand Dollar,Buying,6.6640,GH¢ per NZD,6.664,GH¢ per NZD,ok,
2026-05-15,NZDGHS,New Zealand Dollar,Selling,6.6727,GH¢ per NZD,6.6727,GH¢ per NZD,ok,
2026-05-15,NZDGHS,New Zealand Dollar,Mid Rate,6.6684,GH¢ per NZD,6.6684,GH¢ per NZD,ok,
2026-05-15,SEKGHS,Swedish Krona,Buying,1.2086,GH¢ per SEK,1.2086,GH¢ per SEK,ok,
2026-05-15,SEKGHS,Swedish Krona,Selling,1.2095,GH¢ per SEK,1.2095,GH¢ per SEK,ok,
2026-05-15,SEKGHS,Swedish Krona,Mid Rate,1.2091,GH¢ per SEK,1.2091,GH¢ per SEK,ok,
2026-05-15,WAUGHS,Ecowas,Buying,0.0131,GH¢ per WAU,0.0131,"GH¢ per WAU (BoG's 'Ecowas' unit, not defined by BoG)",ok,
2026-05-15,WAUGHS,Ecowas,Selling,0.0131,GH¢ per WAU,0.0131,"GH¢ per WAU (BoG's 'Ecowas' unit, not defined by BoG)",ok,
2026-05-15,WAUGHS,Ecowas,Mid Rate,0.0131,GH¢ per WAU,0.0131,"GH¢ per WAU (BoG's 'Ecowas' unit, not defined by BoG)",ok,
2026-05-15,ZARGHS,South African Rand,Buying,0.6838,GH¢ per ZAR,0.6838,GH¢ per ZAR,ok,
2026-05-15,ZARGHS,South African Rand,Selling,0.6841,GH¢ per ZAR,0.6841,GH¢ per ZAR,ok,
2026-05-15,ZARGHS,South African Rand,Mid Rate,0.6840,GH¢ per ZAR,0.684,GH¢ per ZAR,ok,
2026-05-18,USDGHS,US Dollar,Buying,11.4443,GH¢ per USD,11.4443,GH¢ per USD,ok,
2026-05-18,USDGHS,US Dollar,Selling,11.4557,GH¢ per USD,11.4557,GH¢ per USD,ok,
2026-05-18,USDGHS,US Dollar,Mid Rate,11.4500,GH¢ per USD,11.45,GH¢ per USD,ok,
2026-05-18,AUDGHS,Australian Dollar,Buying,8.1894,GH¢ per AUD,8.1894,GH¢ per AUD,ok,
2026-05-18,AUDGHS,Australian Dollar,Selling,8.2003,GH¢ per AUD,8.2003,GH¢ per AUD,ok,
2026-05-18,AUDGHS,Australian Dollar,Mid Rate,8.1949,GH¢ per AUD,8.1949,GH¢ per AUD,ok,
2026-05-18,CADGHS,Canadian Dollar,Buying,8.3276,GH¢ per CAD,8.3276,GH¢ per CAD,ok,
2026-05-18,CADGHS,Canadian Dollar,Selling,8.3358,GH¢ per CAD,8.3358,GH¢ per CAD,ok,
2026-05-18,CADGHS,Canadian Dollar,Mid Rate,8.3317,GH¢ per CAD,8.3317,GH¢ per CAD,ok,
2026-05-18,CHFGHS,Swiss Franc,Buying,14.5666,GH¢ per CHF,14.5666,GH¢ per CHF,ok,
2026-05-18,CHFGHS,Swiss Franc,Selling,14.5820,GH¢ per CHF,14.582,GH¢ per CHF,ok,
2026-05-18,CHFGHS,Swiss Franc,Mid Rate,14.5743,GH¢ per CHF,14.5743,GH¢ per CHF,ok,
2026-05-18,CNYGHS,Yuan Renminbi,Buying,1.6830,GH¢ per CNY,1.683,GH¢ per CNY,ok,
2026-05-18,CNYGHS,Yuan Renminbi,Selling,1.6846,GH¢ per CNY,1.6846,GH¢ per CNY,ok,
2026-05-18,CNYGHS,Yuan Renminbi,Mid Rate,1.6838,GH¢ per CNY,1.6838,GH¢ per CNY,ok,
2026-05-18,DKKGHS,Danish Krone,Buying,1.7838,GH¢ per DKK,1.7838,GH¢ per DKK,ok,
2026-05-18,DKKGHS,Danish Krone,Selling,1.7856,GH¢ per DKK,1.7856,GH¢ per DKK,ok,
2026-05-18,DKKGHS,Danish Krone,Mid Rate,1.7847,GH¢ per DKK,1.7847,GH¢ per DKK,ok,
2026-05-18,EURGHS,Euro,Buying,13.3303,GH¢ per EUR,13.3303,GH¢ per EUR,ok,
2026-05-18,EURGHS,Euro,Selling,13.3433,GH¢ per EUR,13.3433,GH¢ per EUR,ok,
2026-05-18,EURGHS,Euro,Mid Rate,13.3368,GH¢ per EUR,13.3368,GH¢ per EUR,ok,
2026-05-18,GBPGHS,Pound Sterling,Buying,15.3445,GH¢ per GBP,15.3445,GH¢ per GBP,ok,
2026-05-18,GBPGHS,Pound Sterling,Selling,15.3621,GH¢ per GBP,15.3621,GH¢ per GBP,ok,
2026-05-18,GBPGHS,Pound Sterling,Mid Rate,15.3533,GH¢ per GBP,15.3533,GH¢ per GBP,ok,
2026-05-18,GHSGMD,Dalasi,Buying,6.3477,GMD per GH¢,0.1575373757,GH¢ per GMD,ok,
2026-05-18,GHSGMD,Dalasi,Selling,6.3690,GMD per GH¢,0.1570105197,GH¢ per GMD,ok,
2026-05-18,GHSGMD,Dalasi,Mid Rate,6.3584,GMD per GH¢,0.1572722698,GH¢ per GMD,ok,
2026-05-18,GHSMRO,Ouguiya,Buying,31.1790,MRO per GH¢,0.0320728696,GH¢ per MRO (old ouguiya; 10 MRO = 1 MRU since 2018),ok,
2026-05-18,GHSMRO,Ouguiya,Selling,31.2664,MRO per GH¢,0.0319832152,GH¢ per MRO (old ouguiya; 10 MRO = 1 MRU since 2018),ok,
2026-05-18,GHSMRO,Ouguiya,Mid Rate,31.2227,MRO per GH¢,0.0320279796,GH¢ per MRO (old ouguiya; 10 MRO = 1 MRU since 2018),ok,
2026-05-18,GHSNGN,Naira,Buying,119.7852,NGN per GH¢,0.0083482767,GH¢ per NGN,ok,
2026-05-18,GHSNGN,Naira,Selling,119.8725,NGN per GH¢,0.0083421969,GH¢ per NGN,ok,
2026-05-18,GHSNGN,Naira,Mid Rate,119.8289,NGN per GH¢,0.0083452322,GH¢ per NGN,ok,
2026-05-18,GHSSLL,Leone,Buying,"2,084.2805",SLL per GH¢,0.479781872,"GH¢ per SLE (new leone; 1 SLE = 1,000 old leones)",ok,
2026-05-18,GHSSLL,Leone,Selling,"2,127.0490",SLL per GH¢,0.4701349146,"GH¢ per SLE (new leone; 1 SLE = 1,000 old leones)",ok,
2026-05-18,GHSSLL,Leone,Mid Rate,"2,105.6648",SLL per GH¢,0.4749093968,"GH¢ per SLE (new leone; 1 SLE = 1,000 old leones)",ok,
2026-05-18,GHSXOF,BCEAO,Buying,49.1600,XOF per GH¢,0.0203417413,GH¢ per XOF (CFA franc (BCEAO)),ok,
2026-05-18,GHSXOF,BCEAO,Selling,49.2080,XOF per GH¢,0.0203218989,GH¢ per XOF (CFA franc (BCEAO)),ok,
2026-05-18,GHSXOF,BCEAO,Mid Rate,49.1840,XOF per GH¢,0.0203318152,GH¢ per XOF (CFA franc (BCEAO)),ok,
2026-05-18,JPYGHS,Japanese yen,Buying,0.0721,GH¢ per JPY,0.0721,GH¢ per JPY,ok,
2026-05-18,JPYGHS,Japanese yen,Selling,0.0721,GH¢ per JPY,0.0721,GH¢ per JPY,ok,
2026-05-18,JPYGHS,Japanese yen,Mid Rate,0.0721,GH¢ per JPY,0.0721,GH¢ per JPY,ok,
2026-05-18,NOKGHS,Norwegian Krone,Buying,1.2353,GH¢ per NOK,1.2353,GH¢ per NOK,ok,
2026-05-18,NOKGHS,Norwegian Krone,Selling,1.2363,GH¢ per NOK,1.2363,GH¢ per NOK,ok,
2026-05-18,NOKGHS,Norwegian Krone,Mid Rate,1.2358,GH¢ per NOK,1.2358,GH¢ per NOK,ok,
2026-05-18,NZDGHS,New Zealand Dollar,Buying,6.7117,GH¢ per NZD,6.7117,GH¢ per NZD,ok,
2026-05-18,NZDGHS,New Zealand Dollar,Selling,6.7209,GH¢ per NZD,6.7209,GH¢ per NZD,ok,
2026-05-18,NZDGHS,New Zealand Dollar,Mid Rate,6.7163,GH¢ per NZD,6.7163,GH¢ per NZD,ok,
2026-05-18,SEKGHS,Swedish Krona,Buying,1.2178,GH¢ per SEK,1.2178,GH¢ per SEK,ok,
2026-05-18,SEKGHS,Swedish Krona,Selling,1.2189,GH¢ per SEK,1.2189,GH¢ per SEK,ok,
2026-05-18,SEKGHS,Swedish Krona,Mid Rate,1.2184,GH¢ per SEK,1.2184,GH¢ per SEK,ok,
2026-05-18,WAUGHS,Ecowas,Buying,0.0130,GH¢ per WAU,0.013,"GH¢ per WAU (BoG's 'Ecowas' unit, not defined by BoG)",ok,
2026-05-18,WAUGHS,Ecowas,Selling,0.0130,GH¢ per WAU,0.013,"GH¢ per WAU (BoG's 'Ecowas' unit, not defined by BoG)",ok,
2026-05-18,WAUGHS,Ecowas,Mid Rate,0.0130,GH¢ per WAU,0.013,"GH¢ per WAU (BoG's 'Ecowas' unit, not defined by BoG)",ok,
2026-05-18,ZARGHS,South African Rand,Buying,0.6886,GH¢ per ZAR,0.6886,GH¢ per ZAR,ok,
2026-05-18,ZARGHS,South African Rand,Selling,0.6890,GH¢ per ZAR,0.689,GH¢ per ZAR,ok,
2026-05-18,ZARGHS,South African Rand,Mid Rate,0.6888,GH¢ per ZAR,0.6888,GH¢ per ZAR,ok,
2026-05-19,USDGHS,US Dollar,Buying,11.5142,GH¢ per USD,11.5142,GH¢ per USD,ok,
2026-05-19,USDGHS,US Dollar,Selling,11.5258,GH¢ per USD,11.5258,GH¢ per USD,ok,
2026-05-19,USDGHS,US Dollar,Mid Rate,11.5200,GH¢ per USD,11.52,GH¢ per USD,ok,
2026-05-19,AUDGHS,Australian Dollar,Buying,8.1710,GH¢ per AUD,8.171,GH¢ per AUD,ok,
2026-05-19,AUDGHS,Australian Dollar,Selling,8.1813,GH¢ per AUD,8.1813,GH¢ per AUD,ok,
2026-05-19,AUDGHS,Australian Dollar,Mid Rate,8.1762,GH¢ per AUD,8.1762,GH¢ per AUD,ok,
2026-05-19,CADGHS,Canadian Dollar,Buying,8.3694,GH¢ per CAD,8.3694,GH¢ per CAD,ok,
2026-05-19,CADGHS,Canadian Dollar,Selling,8.3775,GH¢ per CAD,8.3775,GH¢ per CAD,ok,
2026-05-19,CADGHS,Canadian Dollar,Mid Rate,8.3735,GH¢ per CAD,8.3735,GH¢ per CAD,ok,
2026-05-19,CHFGHS,Swiss Franc,Buying,14.5800,GH¢ per CHF,14.58,GH¢ per CHF,ok,
2026-05-19,CHFGHS,Swiss Franc,Selling,14.5929,GH¢ per CHF,14.5929,GH¢ per CHF,ok,
2026-05-19,CHFGHS,Swiss Franc,Mid Rate,14.5865,GH¢ per CHF,14.5865,GH¢ per CHF,ok,
2026-05-19,CNYGHS,Yuan Renminbi,Buying,1.6897,GH¢ per CNY,1.6897,GH¢ per CNY,ok,
2026-05-19,CNYGHS,Yuan Renminbi,Selling,1.6911,GH¢ per CNY,1.6911,GH¢ per CNY,ok,
2026-05-19,CNYGHS,Yuan Renminbi,Mid Rate,1.6904,GH¢ per CNY,1.6904,GH¢ per CNY,ok,
2026-05-19,DKKGHS,Danish Krone,Buying,1.7877,GH¢ per DKK,1.7877,GH¢ per DKK,ok,
2026-05-19,DKKGHS,Danish Krone,Selling,1.7893,GH¢ per DKK,1.7893,GH¢ per DKK,ok,
2026-05-19,DKKGHS,Danish Krone,Mid Rate,1.7885,GH¢ per DKK,1.7885,GH¢ per DKK,ok,
2026-05-19,EURGHS,Euro,Buying,13.3578,GH¢ per EUR,13.3578,GH¢ per EUR,ok,
2026-05-19,EURGHS,Euro,Selling,13.3710,GH¢ per EUR,13.371,GH¢ per EUR,ok,
2026-05-19,EURGHS,Euro,Mid Rate,13.3644,GH¢ per EUR,13.3644,GH¢ per EUR,ok,
2026-05-19,GBPGHS,Pound Sterling,Buying,15.4256,GH¢ per GBP,15.4256,GH¢ per GBP,ok,
2026-05-19,GBPGHS,Pound Sterling,Selling,15.4422,GH¢ per GBP,15.4422,GH¢ per GBP,ok,
2026-05-19,GBPGHS,Pound Sterling,Mid Rate,15.4339,GH¢ per GBP,15.4339,GH¢ per GBP,ok,
2026-05-19,GHSGMD,Dalasi,Buying,6.3274,GMD per GH¢,0.158042798,GH¢ per GMD,ok,
2026-05-19,GHSGMD,Dalasi,Selling,6.3828,GMD per GH¢,0.1566710535,GH¢ per GMD,ok,
2026-05-19,GHSGMD,Dalasi,Mid Rate,6.3551,GMD per GH¢,0.1573539362,GH¢ per GMD,ok,
2026-05-19,GHSMRO,Ouguiya,Buying,30.9896,MRO per GH¢,0.0322688902,GH¢ per MRO (old ouguiya; 10 MRO = 1 MRU since 2018),ok,
2026-05-19,GHSMRO,Ouguiya,Selling,31.0764,MRO per GH¢,0.0321787594,GH¢ per MRO (old ouguiya; 10 MRO = 1 MRU since 2018),ok,
2026-05-19,GHSMRO,Ouguiya,Mid Rate,31.0330,MRO per GH¢,0.0322237618,GH¢ per MRO (old ouguiya; 10 MRO = 1 MRU since 2018),ok,
2026-05-19,GHSNGN,Naira,Buying,118.9696,NGN per GH¢,0.0084055086,GH¢ per NGN,ok,
2026-05-19,GHSNGN,Naira,Selling,119.2734,NGN per GH¢,0.0083840991,GH¢ per NGN,ok,
2026-05-19,GHSNGN,Naira,Mid Rate,119.1215,NGN per GH¢,0.0083947902,GH¢ per NGN,ok,
2026-05-19,GHSSLL,Leone,Buying,"2,071.6156",SLL per GH¢,0.4827150365,"GH¢ per SLE (new leone; 1 SLE = 1,000 old leones)",ok,
2026-05-19,GHSSLL,Leone,Selling,"2,114.1242",SLL per GH¢,0.473009107,"GH¢ per SLE (new leone; 1 SLE = 1,000 old leones)",ok,
2026-05-19,GHSSLL,Leone,Mid Rate,"2,092.8699",SLL per GH¢,0.4778127871,"GH¢ per SLE (new leone; 1 SLE = 1,000 old leones)",ok,
2026-05-19,GHSXOF,BCEAO,Buying,49.0582,XOF per GH¢,0.0203839521,GH¢ per XOF (CFA franc (BCEAO)),ok,
2026-05-19,GHSXOF,BCEAO,Selling,49.1067,XOF per GH¢,0.02036382,GH¢ per XOF (CFA franc (BCEAO)),ok,
2026-05-19,GHSXOF,BCEAO,Mid Rate,49.0825,XOF per GH¢,0.0203738603,GH¢ per XOF (CFA franc (BCEAO)),ok,
2026-05-19,JPYGHS,Japanese yen,Buying,0.0724,GH¢ per JPY,0.0724,GH¢ per JPY,ok,
2026-05-19,JPYGHS,Japanese yen,Selling,0.0724,GH¢ per JPY,0.0724,GH¢ per JPY,ok,
2026-05-19,JPYGHS,Japanese yen,Mid Rate,0.0724,GH¢ per JPY,0.0724,GH¢ per JPY,ok,
2026-05-19,NOKGHS,Norwegian Krone,Buying,1.2415,GH¢ per NOK,1.2415,GH¢ per NOK,ok,
2026-05-19,NOKGHS,Norwegian Krone,Selling,1.2424,GH¢ per NOK,1.2424,GH¢ per NOK,ok,
2026-05-19,NOKGHS,Norwegian Krone,Mid Rate,1.2420,GH¢ per NOK,1.242,GH¢ per NOK,ok,
2026-05-19,NZDGHS,New Zealand Dollar,Buying,6.7117,GH¢ per NZD,6.7117,GH¢ per NZD,ok,
2026-05-19,NZDGHS,New Zealand Dollar,Selling,6.7205,GH¢ per NZD,6.7205,GH¢ per NZD,ok,
2026-05-19,NZDGHS,New Zealand Dollar,Mid Rate,6.7161,GH¢ per NZD,6.7161,GH¢ per NZD,ok,
2026-05-19,SEKGHS,Swedish Krona,Buying,1.2244,GH¢ per SEK,1.2244,GH¢ per SEK,ok,
2026-05-19,SEKGHS,Swedish Krona,Selling,1.2254,GH¢ per SEK,1.2254,GH¢ per SEK,ok,
2026-05-19,SEKGHS,Swedish Krona,Mid Rate,1.2249,GH¢ per SEK,1.2249,GH¢ per SEK,ok,
2026-05-19,WAUGHS,Ecowas,Buying,0.0128,GH¢ per WAU,0.0128,"GH¢ per WAU (BoG's 'Ecowas' unit, not defined by BoG)",ok,
2026-05-19,WAUGHS,Ecowas,Selling,0.0128,GH¢ per WAU,0.0128,"GH¢ per WAU (BoG's 'Ecowas' unit, not defined by BoG)",ok,
2026-05-19,WAUGHS,Ecowas,Mid Rate,0.0128,GH¢ per WAU,0.0128,"GH¢ per WAU (BoG's 'Ecowas' unit, not defined by BoG)",ok,
2026-05-19,ZARGHS,South African Rand,Buying,0.6889,GH¢ per ZAR,0.6889,GH¢ per ZAR,ok,
2026-05-19,ZARGHS,South African Rand,Selling,0.6892,GH¢ per ZAR,0.6892,GH¢ per ZAR,ok,
2026-05-19,ZARGHS,South African Rand,Mid Rate,0.6891,GH¢ per ZAR,0.6891,GH¢ per ZAR,ok,
2026-05-20,USDGHS,US Dollar,Buying,11.5542,GH¢ per USD,11.5542,GH¢ per USD,ok,
2026-05-20,USDGHS,US Dollar,Selling,11.5658,GH¢ per USD,11.5658,GH¢ per USD,ok,
2026-05-20,USDGHS,US Dollar,Mid Rate,11.5600,GH¢ per USD,11.56,GH¢ per USD,ok,
2026-05-20,AUDGHS,Australian Dollar,Buying,8.2629,GH¢ per AUD,8.2629,GH¢ per AUD,ok,
2026-05-20,AUDGHS,Australian Dollar,Selling,8.2718,GH¢ per AUD,8.2718,GH¢ per AUD,ok,
2026-05-20,AUDGHS,Australian Dollar,Mid Rate,8.2674,GH¢ per AUD,8.2674,GH¢ per AUD,ok,
2026-05-20,CADGHS,Canadian Dollar,Buying,8.4058,GH¢ per CAD,8.4058,GH¢ per CAD,ok,
2026-05-20,CADGHS,Canadian Dollar,Selling,8.4135,GH¢ per CAD,8.4135,GH¢ per CAD,ok,
2026-05-20,CADGHS,Canadian Dollar,Mid Rate,8.4097,GH¢ per CAD,8.4097,GH¢ per CAD,ok,
2026-05-20,CHFGHS,Swiss Franc,Buying,14.6706,GH¢ per CHF,14.6706,GH¢ per CHF,ok,
2026-05-20,CHFGHS,Swiss Franc,Selling,14.6850,GH¢ per CHF,14.685,GH¢ per CHF,ok,
2026-05-20,CHFGHS,Swiss Franc,Mid Rate,14.6778,GH¢ per CHF,14.6778,GH¢ per CHF,ok,
2026-05-20,CNYGHS,Yuan Renminbi,Buying,1.6994,GH¢ per CNY,1.6994,GH¢ per CNY,ok,
2026-05-20,CNYGHS,Yuan Renminbi,Selling,1.7004,GH¢ per CNY,1.7004,GH¢ per CNY,ok,
2026-05-20,CNYGHS,Yuan Renminbi,Mid Rate,1.6999,GH¢ per CNY,1.6999,GH¢ per CNY,ok,
2026-05-20,DKKGHS,Danish Krone,Buying,1.7966,GH¢ per DKK,1.7966,GH¢ per DKK,ok,
2026-05-20,DKKGHS,Danish Krone,Selling,1.7983,GH¢ per DKK,1.7983,GH¢ per DKK,ok,
2026-05-20,DKKGHS,Danish Krone,Mid Rate,1.7975,GH¢ per DKK,1.7975,GH¢ per DKK,ok,
2026-05-20,EURGHS,Euro,Buying,13.4252,GH¢ per EUR,13.4252,GH¢ per EUR,ok,
2026-05-20,EURGHS,Euro,Selling,13.4384,GH¢ per EUR,13.4384,GH¢ per EUR,ok,
2026-05-20,EURGHS,Euro,Mid Rate,13.4318,GH¢ per EUR,13.4318,GH¢ per EUR,ok,
2026-05-20,GBPGHS,Pound Sterling,Buying,15.5289,GH¢ per GBP,15.5289,GH¢ per GBP,ok,
2026-05-20,GBPGHS,Pound Sterling,Selling,15.5456,GH¢ per GBP,15.5456,GH¢ per GBP,ok,
2026-05-20,GBPGHS,Pound Sterling,Mid Rate,15.5373,GH¢ per GBP,15.5373,GH¢ per GBP,ok,
2026-05-20,GHSGMD,Dalasi,Buying,6.2873,GMD per GH¢,0.1590507849,GH¢ per GMD,ok,
2026-05-20,GHSGMD,Dalasi,Selling,6.3084,GMD per GH¢,0.1585188003,GH¢ per GMD,ok,
2026-05-20,GHSGMD,Dalasi,Mid Rate,6.2979,GMD per GH¢,0.1587830864,GH¢ per GMD,ok,
2026-05-20,GHSMRO,Ouguiya,Buying,30.8824,MRO per GH¢,0.032380903,GH¢ per MRO (old ouguiya; 10 MRO = 1 MRU since 2018),ok,
2026-05-20,GHSMRO,Ouguiya,Selling,30.9689,MRO per GH¢,0.0322904591,GH¢ per MRO (old ouguiya; 10 MRO = 1 MRU since 2018),ok,
2026-05-20,GHSMRO,Ouguiya,Mid Rate,30.9257,MRO per GH¢,0.0323355656,GH¢ per MRO (old ouguiya; 10 MRO = 1 MRU since 2018),ok,
2026-05-20,GHSNGN,Naira,Buying,118.6851,NGN per GH¢,0.0084256575,GH¢ per NGN,ok,
2026-05-20,GHSNGN,Naira,Selling,118.7716,NGN per GH¢,0.0084195212,GH¢ per NGN,ok,
2026-05-20,GHSNGN,Naira,Mid Rate,118.7284,NGN per GH¢,0.0084225847,GH¢ per NGN,ok,
2026-05-20,GHSSLL,Leone,Buying,"2,064.4474",SLL per GH¢,0.4843911257,"GH¢ per SLE (new leone; 1 SLE = 1,000 old leones)",ok,
2026-05-20,GHSSLL,Leone,Selling,"2,106.9376",SLL per GH¢,0.4746225042,"GH¢ per SLE (new leone; 1 SLE = 1,000 old leones)",ok,
2026-05-20,GHSSLL,Leone,Mid Rate,"2,085.6925",SLL per GH¢,0.4794570628,"GH¢ per SLE (new leone; 1 SLE = 1,000 old leones)",ok,
2026-05-20,GHSXOF,BCEAO,Buying,48.8121,XOF per GH¢,0.0204867236,GH¢ per XOF (CFA franc (BCEAO)),ok,
2026-05-20,GHSXOF,BCEAO,Selling,48.8601,XOF per GH¢,0.0204665975,GH¢ per XOF (CFA franc (BCEAO)),ok,
2026-05-20,GHSXOF,BCEAO,Mid Rate,48.8361,XOF per GH¢,0.0204766556,GH¢ per XOF (CFA franc (BCEAO)),ok,
2026-05-20,JPYGHS,Japanese yen,Buying,0.0727,GH¢ per JPY,0.0727,GH¢ per JPY,ok,
2026-05-20,JPYGHS,Japanese yen,Selling,0.0728,GH¢ per JPY,0.0728,GH¢ per JPY,ok,
2026-05-20,JPYGHS,Japanese yen,Mid Rate,0.0728,GH¢ per JPY,0.0728,GH¢ per JPY,ok,
2026-05-20,NOKGHS,Norwegian Krone,Buying,1.2463,GH¢ per NOK,1.2463,GH¢ per NOK,ok,
2026-05-20,NOKGHS,Norwegian Krone,Selling,1.2470,GH¢ per NOK,1.247,GH¢ per NOK,ok,
2026-05-20,NOKGHS,Norwegian Krone,Mid Rate,1.2467,GH¢ per NOK,1.2467,GH¢ per NOK,ok,
2026-05-20,NZDGHS,New Zealand Dollar,Buying,6.7799,GH¢ per NZD,6.7799,GH¢ per NZD,ok,
2026-05-20,NZDGHS,New Zealand Dollar,Selling,6.7903,GH¢ per NZD,6.7903,GH¢ per NZD,ok,
2026-05-20,NZDGHS,New Zealand Dollar,Mid Rate,6.7851,GH¢ per NZD,6.7851,GH¢ per NZD,ok,
2026-05-20,SEKGHS,Swedish Krona,Buying,1.2379,GH¢ per SEK,1.2379,GH¢ per SEK,ok,
2026-05-20,SEKGHS,Swedish Krona,Selling,1.2388,GH¢ per SEK,1.2388,GH¢ per SEK,ok,
2026-05-20,SEKGHS,Swedish Krona,Mid Rate,1.2384,GH¢ per SEK,1.2384,GH¢ per SEK,ok,
2026-05-20,WAUGHS,Ecowas,Buying,0.0128,GH¢ per WAU,0.0128,"GH¢ per WAU (BoG's 'Ecowas' unit, not defined by BoG)",ok,
2026-05-20,WAUGHS,Ecowas,Selling,0.0128,GH¢ per WAU,0.0128,"GH¢ per WAU (BoG's 'Ecowas' unit, not defined by BoG)",ok,
2026-05-20,WAUGHS,Ecowas,Mid Rate,0.0128,GH¢ per WAU,0.0128,"GH¢ per WAU (BoG's 'Ecowas' unit, not defined by BoG)",ok,
2026-05-20,ZARGHS,South African Rand,Buying,0.7013,GH¢ per ZAR,0.7013,GH¢ per ZAR,ok,
2026-05-20,ZARGHS,South African Rand,Selling,0.7017,GH¢ per ZAR,0.7017,GH¢ per ZAR,ok,
2026-05-20,ZARGHS,South African Rand,Mid Rate,0.7015,GH¢ per ZAR,0.7015,GH¢ per ZAR,ok,
2026-05-21,USDGHS,US Dollar,Buying,11.6117,GH¢ per USD,11.6117,GH¢ per USD,ok,
2026-05-21,USDGHS,US Dollar,Selling,11.6233,GH¢ per USD,11.6233,GH¢ per USD,ok,
2026-05-21,USDGHS,US Dollar,Mid Rate,11.6175,GH¢ per USD,11.6175,GH¢ per USD,ok,
2026-05-21,AUDGHS,Australian Dollar,Buying,8.2777,GH¢ per AUD,8.2777,GH¢ per AUD,ok,
2026-05-21,AUDGHS,Australian Dollar,Selling,8.2882,GH¢ per AUD,8.2882,GH¢ per AUD,ok,
2026-05-21,AUDGHS,Australian Dollar,Mid Rate,8.2830,GH¢ per AUD,8.283,GH¢ per AUD,ok,
2026-05-21,CADGHS,Canadian Dollar,Buying,8.4225,GH¢ per CAD,8.4225,GH¢ per CAD,ok,
2026-05-21,CADGHS,Canadian Dollar,Selling,8.4302,GH¢ per CAD,8.4302,GH¢ per CAD,ok,
2026-05-21,CADGHS,Canadian Dollar,Mid Rate,8.4264,GH¢ per CAD,8.4264,GH¢ per CAD,ok,
2026-05-21,CHFGHS,Swiss Franc,Buying,14.7095,GH¢ per CHF,14.7095,GH¢ per CHF,ok,
2026-05-21,CHFGHS,Swiss Franc,Selling,14.7225,GH¢ per CHF,14.7225,GH¢ per CHF,ok,
2026-05-21,CHFGHS,Swiss Franc,Mid Rate,14.7160,GH¢ per CHF,14.716,GH¢ per CHF,ok,
2026-05-21,CNYGHS,Yuan Renminbi,Buying,1.7069,GH¢ per CNY,1.7069,GH¢ per CNY,ok,
2026-05-21,CNYGHS,Yuan Renminbi,Selling,1.7083,GH¢ per CNY,1.7083,GH¢ per CNY,ok,
2026-05-21,CNYGHS,Yuan Renminbi,Mid Rate,1.7076,GH¢ per CNY,1.7076,GH¢ per CNY,ok,
2026-05-21,DKKGHS,Danish Krone,Buying,1.8000,GH¢ per DKK,1.8,GH¢ per DKK,ok,
2026-05-21,DKKGHS,Danish Krone,Selling,1.8016,GH¢ per DKK,1.8016,GH¢ per DKK,ok,
2026-05-21,DKKGHS,Danish Krone,Mid Rate,1.8008,GH¢ per DKK,1.8008,GH¢ per DKK,ok,
2026-05-21,EURGHS,Euro,Buying,13.4494,GH¢ per EUR,13.4494,GH¢ per EUR,ok,
2026-05-21,EURGHS,Euro,Selling,13.4627,GH¢ per EUR,13.4627,GH¢ per EUR,ok,
2026-05-21,EURGHS,Euro,Mid Rate,13.4561,GH¢ per EUR,13.4561,GH¢ per EUR,ok,
2026-05-21,GBPGHS,Pound Sterling,Buying,15.5597,GH¢ per GBP,15.5597,GH¢ per GBP,ok,
2026-05-21,GBPGHS,Pound Sterling,Selling,15.5764,GH¢ per GBP,15.5764,GH¢ per GBP,ok,
2026-05-21,GBPGHS,Pound Sterling,Mid Rate,15.5681,GH¢ per GBP,15.5681,GH¢ per GBP,ok,
2026-05-21,GHSGMD,Dalasi,Buying,6.2562,GMD per GH¢,0.1598414373,GH¢ per GMD,ok,
2026-05-21,GHSGMD,Dalasi,Selling,6.2772,GMD per GH¢,0.1593066973,GH¢ per GMD,ok,
2026-05-21,GHSGMD,Dalasi,Mid Rate,6.2667,GMD per GH¢,0.1595736193,GH¢ per GMD,ok,
2026-05-21,GHSMRO,Ouguiya,Buying,30.7295,MRO per GH¢,0.0325420199,GH¢ per MRO (old ouguiya; 10 MRO = 1 MRU since 2018),ok,
2026-05-21,GHSMRO,Ouguiya,Selling,30.8156,MRO per GH¢,0.0324510962,GH¢ per MRO (old ouguiya; 10 MRO = 1 MRU since 2018),ok,
2026-05-21,GHSMRO,Ouguiya,Mid Rate,30.7726,MRO per GH¢,0.0324964416,GH¢ per MRO (old ouguiya; 10 MRO = 1 MRU since 2018),ok,
2026-05-21,GHSNGN,Naira,Buying,118.0116,NGN per GH¢,0.0084737433,GH¢ per NGN,ok,
2026-05-21,GHSNGN,Naira,Selling,118.0977,NGN per GH¢,0.0084675654,GH¢ per NGN,ok,
2026-05-21,GHSNGN,Naira,Mid Rate,118.0547,NGN per GH¢,0.0084706496,GH¢ per NGN,ok,
2026-05-21,GHSSLL,Leone,Buying,"2,054.2295",SLL per GH¢,0.4868005255,"GH¢ per SLE (new leone; 1 SLE = 1,000 old leones)",ok,
2026-05-21,GHSSLL,Leone,Selling,"2,096.5095",SLL per GH¢,0.4769832906,"GH¢ per SLE (new leone; 1 SLE = 1,000 old leones)",ok,
2026-05-21,GHSSLL,Leone,Mid Rate,"2,075.3695",SLL per GH¢,0.4818419082,"GH¢ per SLE (new leone; 1 SLE = 1,000 old leones)",ok,
2026-05-21,GHSXOF,BCEAO,Buying,48.7240,XOF per GH¢,0.0205237665,GH¢ per XOF (CFA franc (BCEAO)),ok,
2026-05-21,GHSXOF,BCEAO,Selling,48.7722,XOF per GH¢,0.0205034835,GH¢ per XOF (CFA franc (BCEAO)),ok,
2026-05-21,GHSXOF,BCEAO,Mid Rate,48.7481,XOF per GH¢,0.02051362,GH¢ per XOF (CFA franc (BCEAO)),ok,
2026-05-21,JPYGHS,Japanese yen,Buying,0.0729,GH¢ per JPY,0.0729,GH¢ per JPY,ok,
2026-05-21,JPYGHS,Japanese yen,Selling,0.0730,GH¢ per JPY,0.073,GH¢ per JPY,ok,
2026-05-21,JPYGHS,Japanese yen,Mid Rate,0.0730,GH¢ per JPY,0.073,GH¢ per JPY,ok,
2026-05-21,NOKGHS,Norwegian Krone,Buying,1.2535,GH¢ per NOK,1.2535,GH¢ per NOK,ok,
2026-05-21,NOKGHS,Norwegian Krone,Selling,1.2544,GH¢ per NOK,1.2544,GH¢ per NOK,ok,
2026-05-21,NOKGHS,Norwegian Krone,Mid Rate,1.2540,GH¢ per NOK,1.254,GH¢ per NOK,ok,
2026-05-21,NZDGHS,New Zealand Dollar,Buying,6.7965,GH¢ per NZD,6.7965,GH¢ per NZD,ok,
2026-05-21,NZDGHS,New Zealand Dollar,Selling,6.8053,GH¢ per NZD,6.8053,GH¢ per NZD,ok,
2026-05-21,NZDGHS,New Zealand Dollar,Mid Rate,6.8009,GH¢ per NZD,6.8009,GH¢ per NZD,ok,
2026-05-21,SEKGHS,Swedish Krona,Buying,1.2375,GH¢ per SEK,1.2375,GH¢ per SEK,ok,
2026-05-21,SEKGHS,Swedish Krona,Selling,1.2385,GH¢ per SEK,1.2385,GH¢ per SEK,ok,
2026-05-21,SEKGHS,Swedish Krona,Mid Rate,1.2380,GH¢ per SEK,1.238,GH¢ per SEK,ok,
2026-05-21,WAUGHS,Ecowas,Buying,0.0126,GH¢ per WAU,0.0126,"GH¢ per WAU (BoG's 'Ecowas' unit, not defined by BoG)",ok,
2026-05-21,WAUGHS,Ecowas,Selling,0.0126,GH¢ per WAU,0.0126,"GH¢ per WAU (BoG's 'Ecowas' unit, not defined by BoG)",ok,
2026-05-21,WAUGHS,Ecowas,Mid Rate,0.0126,GH¢ per WAU,0.0126,"GH¢ per WAU (BoG's 'Ecowas' unit, not defined by BoG)",ok,
2026-05-21,ZARGHS,South African Rand,Buying,0.7017,GH¢ per ZAR,0.7017,GH¢ per ZAR,ok,
2026-05-21,ZARGHS,South African Rand,Selling,0.7021,GH¢ per ZAR,0.7021,GH¢ per ZAR,ok,
2026-05-21,ZARGHS,South African Rand,Mid Rate,0.7019,GH¢ per ZAR,0.7019,GH¢ per ZAR,ok,
2026-05-22,USDGHS,US Dollar,Buying,11.6192,GH¢ per USD,11.6192,GH¢ per USD,ok,
2026-05-22,USDGHS,US Dollar,Selling,11.6308,GH¢ per USD,11.6308,GH¢ per USD,ok,
2026-05-22,USDGHS,US Dollar,Mid Rate,11.6250,GH¢ per USD,11.625,GH¢ per USD,ok,
2026-05-22,AUDGHS,Australian Dollar,Buying,8.2847,GH¢ per AUD,8.2847,GH¢ per AUD,ok,
2026-05-22,AUDGHS,Australian Dollar,Selling,8.2952,GH¢ per AUD,8.2952,GH¢ per AUD,ok,
2026-05-22,AUDGHS,Australian Dollar,Mid Rate,8.2900,GH¢ per AUD,8.29,GH¢ per AUD,ok,
2026-05-22,CADGHS,Canadian Dollar,Buying,8.4086,GH¢ per CAD,8.4086,GH¢ per CAD,ok,
2026-05-22,CADGHS,Canadian Dollar,Selling,8.4167,GH¢ per CAD,8.4167,GH¢ per CAD,ok,
2026-05-22,CADGHS,Canadian Dollar,Mid Rate,8.4127,GH¢ per CAD,8.4127,GH¢ per CAD,ok,
2026-05-22,CHFGHS,Swiss Franc,Buying,14.7873,GH¢ per CHF,14.7873,GH¢ per CHF,ok,
2026-05-22,CHFGHS,Swiss Franc,Selling,14.8018,GH¢ per CHF,14.8018,GH¢ per CHF,ok,
2026-05-22,CHFGHS,Swiss Franc,Mid Rate,14.7946,GH¢ per CHF,14.7946,GH¢ per CHF,ok,
2026-05-22,CNYGHS,Yuan Renminbi,Buying,1.7100,GH¢ per CNY,1.71,GH¢ per CNY,ok,
2026-05-22,CNYGHS,Yuan Renminbi,Selling,1.7114,GH¢ per CNY,1.7114,GH¢ per CNY,ok,
2026-05-22,CNYGHS,Yuan Renminbi,Mid Rate,1.7107,GH¢ per CNY,1.7107,GH¢ per CNY,ok,
2026-05-22,DKKGHS,Danish Krone,Buying,1.8043,GH¢ per DKK,1.8043,GH¢ per DKK,ok,
2026-05-22,DKKGHS,Danish Krone,Selling,1.8059,GH¢ per DKK,1.8059,GH¢ per DKK,ok,
2026-05-22,DKKGHS,Danish Krone,Mid Rate,1.8051,GH¢ per DKK,1.8051,GH¢ per DKK,ok,
2026-05-22,EURGHS,Euro,Buying,13.4811,GH¢ per EUR,13.4811,GH¢ per EUR,ok,
2026-05-22,EURGHS,Euro,Selling,13.4933,GH¢ per EUR,13.4933,GH¢ per EUR,ok,
2026-05-22,EURGHS,Euro,Mid Rate,13.4872,GH¢ per EUR,13.4872,GH¢ per EUR,ok,
2026-05-22,GBPGHS,Pound Sterling,Buying,15.6139,GH¢ per GBP,15.6139,GH¢ per GBP,ok,
2026-05-22,GBPGHS,Pound Sterling,Selling,15.6306,GH¢ per GBP,15.6306,GH¢ per GBP,ok,
2026-05-22,GBPGHS,Pound Sterling,Mid Rate,15.6223,GH¢ per GBP,15.6223,GH¢ per GBP,ok,
2026-05-22,GHSGMD,Dalasi,Buying,6.2521,GMD per GH¢,0.1599462581,GH¢ per GMD,ok,
2026-05-22,GHSGMD,Dalasi,Selling,6.2731,GMD per GH¢,0.1594108176,GH¢ per GMD,ok,
2026-05-22,GHSGMD,Dalasi,Mid Rate,6.2626,GMD per GH¢,0.159678089,GH¢ per GMD,ok,
2026-05-22,GHSMRO,Ouguiya,Buying,30.7097,MRO per GH¢,0.0325630013,GH¢ per MRO (old ouguiya; 10 MRO = 1 MRU since 2018),ok,
2026-05-22,GHSMRO,Ouguiya,Selling,30.7957,MRO per GH¢,0.0324720659,GH¢ per MRO (old ouguiya; 10 MRO = 1 MRU since 2018),ok,
2026-05-22,GHSMRO,Ouguiya,Mid Rate,30.7527,MRO per GH¢,0.03251747,GH¢ per MRO (old ouguiya; 10 MRO = 1 MRU since 2018),ok,
2026-05-22,GHSNGN,Naira,Buying,118.0120,NGN per GH¢,0.0084737145,GH¢ per NGN,ok,
2026-05-22,GHSNGN,Naira,Selling,118.0981,NGN per GH¢,0.0084675367,GH¢ per NGN,ok,
2026-05-22,GHSNGN,Naira,Mid Rate,118.0551,NGN per GH¢,0.0084706209,GH¢ per NGN,ok,
2026-05-22,GHSSLL,Leone,Buying,"2,052.9042",SLL per GH¢,0.4871147908,"GH¢ per SLE (new leone; 1 SLE = 1,000 old leones)",ok,
2026-05-22,GHSSLL,Leone,Selling,"2,095.4160",SLL per GH¢,0.4772322059,"GH¢ per SLE (new leone; 1 SLE = 1,000 old leones)",ok,
2026-05-22,GHSSLL,Leone,Mid Rate,"2,074.1601",SLL per GH¢,0.4821228602,"GH¢ per SLE (new leone; 1 SLE = 1,000 old leones)",ok,
2026-05-22,GHSXOF,BCEAO,Buying,48.6135,XOF per GH¢,0.0205704177,GH¢ per XOF (CFA franc (BCEAO)),ok,
2026-05-22,GHSXOF,BCEAO,Selling,48.6575,XOF per GH¢,0.0205518163,GH¢ per XOF (CFA franc (BCEAO)),ok,
2026-05-22,GHSXOF,BCEAO,Mid Rate,48.6355,XOF per GH¢,0.0205611128,GH¢ per XOF (CFA franc (BCEAO)),ok,
2026-05-22,JPYGHS,Japanese yen,Buying,0.0730,GH¢ per JPY,0.073,GH¢ per JPY,ok,
2026-05-22,JPYGHS,Japanese yen,Selling,0.0731,GH¢ per JPY,0.0731,GH¢ per JPY,ok,
2026-05-22,JPYGHS,Japanese yen,Mid Rate,0.0731,GH¢ per JPY,0.0731,GH¢ per JPY,ok,
2026-05-22,NOKGHS,Norwegian Krone,Buying,1.2534,GH¢ per NOK,1.2534,GH¢ per NOK,ok,
2026-05-22,NOKGHS,Norwegian Krone,Selling,1.2543,GH¢ per NOK,1.2543,GH¢ per NOK,ok,
2026-05-22,NOKGHS,Norwegian Krone,Mid Rate,1.2539,GH¢ per NOK,1.2539,GH¢ per NOK,ok,
2026-05-22,NZDGHS,New Zealand Dollar,Buying,6.8014,GH¢ per NZD,6.8014,GH¢ per NZD,ok,
2026-05-22,NZDGHS,New Zealand Dollar,Selling,6.8103,GH¢ per NZD,6.8103,GH¢ per NZD,ok,
2026-05-22,NZDGHS,New Zealand Dollar,Mid Rate,6.8059,GH¢ per NZD,6.8059,GH¢ per NZD,ok,
2026-05-22,SEKGHS,Swedish Krona,Buying,1.2421,GH¢ per SEK,1.2421,GH¢ per SEK,ok,
2026-05-22,SEKGHS,Swedish Krona,Selling,1.2431,GH¢ per SEK,1.2431,GH¢ per SEK,ok,
2026-05-22,SEKGHS,Swedish Krona,Mid Rate,1.2426,GH¢ per SEK,1.2426,GH¢ per SEK,ok,
2026-05-22,WAUGHS,Ecowas,Buying,0.0126,GH¢ per WAU,0.0126,"GH¢ per WAU (BoG's 'Ecowas' unit, not defined by BoG)",ok,
2026-05-22,WAUGHS,Ecowas,Selling,0.0126,GH¢ per WAU,0.0126,"GH¢ per WAU (BoG's 'Ecowas' unit, not defined by BoG)",ok,
2026-05-22,WAUGHS,Ecowas,Mid Rate,0.0126,GH¢ per WAU,0.0126,"GH¢ per WAU (BoG's 'Ecowas' unit, not defined by BoG)",ok,
2026-05-22,ZARGHS,South African Rand,Buying,0.7063,GH¢ per ZAR,0.7063,GH¢ per ZAR,ok,
2026-05-22,ZARGHS,South African Rand,Selling,0.7068,GH¢ per ZAR,0.7068,GH¢ per ZAR,ok,
2026-05-22,ZARGHS,South African Rand,Mid Rate,0.7066,GH¢ per ZAR,0.7066,GH¢ per ZAR,ok,
2026-05-25,USDGHS,US Dollar,Buying,11.6142,GH¢ per USD,11.6142,GH¢ per USD,ok,
2026-05-25,USDGHS,US Dollar,Selling,11.6258,GH¢ per USD,11.6258,GH¢ per USD,ok,
2026-05-25,USDGHS,US Dollar,Mid Rate,11.6200,GH¢ per USD,11.62,GH¢ per USD,ok,
2026-05-25,AUDGHS,Australian Dollar,Buying,8.3310,GH¢ per AUD,8.331,GH¢ per AUD,ok,
2026-05-25,AUDGHS,Australian Dollar,Selling,8.3399,GH¢ per AUD,8.3399,GH¢ per AUD,ok,
2026-05-25,AUDGHS,Australian Dollar,Mid Rate,8.3355,GH¢ per AUD,8.3355,GH¢ per AUD,ok,
2026-05-25,CADGHS,Canadian Dollar,Buying,8.4176,GH¢ per CAD,8.4176,GH¢ per CAD,ok,
2026-05-25,CADGHS,Canadian Dollar,Selling,8.4257,GH¢ per CAD,8.4257,GH¢ per CAD,ok,
2026-05-25,CADGHS,Canadian Dollar,Mid Rate,8.4217,GH¢ per CAD,8.4217,GH¢ per CAD,ok,
2026-05-25,CHFGHS,Swiss Franc,Buying,14.8305,GH¢ per CHF,14.8305,GH¢ per CHF,ok,
2026-05-25,CHFGHS,Swiss Franc,Selling,14.8437,GH¢ per CHF,14.8437,GH¢ per CHF,ok,
2026-05-25,CHFGHS,Swiss Franc,Mid Rate,14.8371,GH¢ per CHF,14.8371,GH¢ per CHF,ok,
2026-05-25,CNYGHS,Yuan Renminbi,Buying,1.7126,GH¢ per CNY,1.7126,GH¢ per CNY,ok,
2026-05-25,CNYGHS,Yuan Renminbi,Selling,1.7139,GH¢ per CNY,1.7139,GH¢ per CNY,ok,
2026-05-25,CNYGHS,Yuan Renminbi,Mid Rate,1.7133,GH¢ per CNY,1.7133,GH¢ per CNY,ok,
2026-05-25,DKKGHS,Danish Krone,Buying,1.8096,GH¢ per DKK,1.8096,GH¢ per DKK,ok,
2026-05-25,DKKGHS,Danish Krone,Selling,1.8112,GH¢ per DKK,1.8112,GH¢ per DKK,ok,
2026-05-25,DKKGHS,Danish Krone,Mid Rate,1.8104,GH¢ per DKK,1.8104,GH¢ per DKK,ok,
2026-05-25,EURGHS,Euro,Buying,13.5187,GH¢ per EUR,13.5187,GH¢ per EUR,ok,
2026-05-25,EURGHS,Euro,Selling,13.5320,GH¢ per EUR,13.532,GH¢ per EUR,ok,
2026-05-25,EURGHS,Euro,Mid Rate,13.5254,GH¢ per EUR,13.5254,GH¢ per EUR,ok,
2026-05-25,GBPGHS,Pound Sterling,Buying,15.6803,GH¢ per GBP,15.6803,GH¢ per GBP,ok,
2026-05-25,GBPGHS,Pound Sterling,Selling,15.6972,GH¢ per GBP,15.6972,GH¢ per GBP,ok,
2026-05-25,GBPGHS,Pound Sterling,Mid Rate,15.6888,GH¢ per GBP,15.6888,GH¢ per GBP,ok,
2026-05-25,GHSGMD,Dalasi,Buying,6.2548,GMD per GH¢,0.1598772143,GH¢ per GMD,ok,
2026-05-25,GHSGMD,Dalasi,Selling,6.3473,GMD per GH¢,0.1575473036,GH¢ per GMD,ok,
2026-05-25,GHSGMD,Dalasi,Mid Rate,6.3011,GMD per GH¢,0.1587024488,GH¢ per GMD,ok,
2026-05-25,GHSMRO,Ouguiya,Buying,30.7229,MRO per GH¢,0.0325490107,GH¢ per MRO (old ouguiya; 10 MRO = 1 MRU since 2018),ok,
2026-05-25,GHSMRO,Ouguiya,Selling,30.8090,MRO per GH¢,0.032458048,GH¢ per MRO (old ouguiya; 10 MRO = 1 MRU since 2018),ok,
2026-05-25,GHSMRO,Ouguiya,Mid Rate,30.7660,MRO per GH¢,0.0325034129,GH¢ per MRO (old ouguiya; 10 MRO = 1 MRU since 2018),ok,
2026-05-25,GHSNGN,Naira,Buying,117.9501,NGN per GH¢,0.0084781615,GH¢ per NGN,ok,
2026-05-25,GHSNGN,Naira,Selling,118.3804,NGN per GH¢,0.0084473443,GH¢ per NGN,ok,
2026-05-25,GHSNGN,Naira,Mid Rate,118.1653,NGN per GH¢,0.0084627213,GH¢ per NGN,ok,
2026-05-25,GHSSLL,Leone,Buying,"2,053.7876",SLL per GH¢,0.4869052671,"GH¢ per SLE (new leone; 1 SLE = 1,000 old leones)",ok,
2026-05-25,GHSSLL,Leone,Selling,"2,098.3229",SLL per GH¢,0.4765710749,"GH¢ per SLE (new leone; 1 SLE = 1,000 old leones)",ok,
2026-05-25,GHSSLL,Leone,Mid Rate,"2,076.0553",SLL per GH¢,0.4816827374,"GH¢ per SLE (new leone; 1 SLE = 1,000 old leones)",ok,
2026-05-25,GHSXOF,BCEAO,Buying,48.4745,XOF per GH¢,0.0206294031,GH¢ per XOF (CFA franc (BCEAO)),ok,
2026-05-25,GHSXOF,BCEAO,Selling,48.5222,XOF per GH¢,0.0206091232,GH¢ per XOF (CFA franc (BCEAO)),ok,
2026-05-25,GHSXOF,BCEAO,Mid Rate,48.4984,XOF per GH¢,0.0206192369,GH¢ per XOF (CFA franc (BCEAO)),ok,
2026-05-25,JPYGHS,Japanese yen,Buying,0.0731,GH¢ per JPY,0.0731,GH¢ per JPY,ok,
2026-05-25,JPYGHS,Japanese yen,Selling,0.0732,GH¢ per JPY,0.0732,GH¢ per JPY,ok,
2026-05-25,JPYGHS,Japanese yen,Mid Rate,0.0732,GH¢ per JPY,0.0732,GH¢ per JPY,ok,
2026-05-25,NOKGHS,Norwegian Krone,Buying,1.2559,GH¢ per NOK,1.2559,GH¢ per NOK,ok,
2026-05-25,NOKGHS,Norwegian Krone,Selling,1.2566,GH¢ per NOK,1.2566,GH¢ per NOK,ok,
2026-05-25,NOKGHS,Norwegian Krone,Mid Rate,1.2563,GH¢ per NOK,1.2563,GH¢ per NOK,ok,
2026-05-25,NZDGHS,New Zealand Dollar,Buying,6.8194,GH¢ per NZD,6.8194,GH¢ per NZD,ok,
2026-05-25,NZDGHS,New Zealand Dollar,Selling,6.8283,GH¢ per NZD,6.8283,GH¢ per NZD,ok,
2026-05-25,NZDGHS,New Zealand Dollar,Mid Rate,6.8239,GH¢ per NZD,6.8239,GH¢ per NZD,ok,
2026-05-25,SEKGHS,Swedish Krona,Buying,1.2509,GH¢ per SEK,1.2509,GH¢ per SEK,ok,
2026-05-25,SEKGHS,Swedish Krona,Selling,1.2518,GH¢ per SEK,1.2518,GH¢ per SEK,ok,
2026-05-25,SEKGHS,Swedish Krona,Mid Rate,1.2514,GH¢ per SEK,1.2514,GH¢ per SEK,ok,
2026-05-25,WAUGHS,Ecowas,Buying,0.0126,GH¢ per WAU,0.0126,"GH¢ per WAU (BoG's 'Ecowas' unit, not defined by BoG)",ok,
2026-05-25,WAUGHS,Ecowas,Selling,0.0126,GH¢ per WAU,0.0126,"GH¢ per WAU (BoG's 'Ecowas' unit, not defined by BoG)",ok,
2026-05-25,WAUGHS,Ecowas,Mid Rate,0.0126,GH¢ per WAU,0.0126,"GH¢ per WAU (BoG's 'Ecowas' unit, not defined by BoG)",ok,
2026-05-25,ZARGHS,South African Rand,Buying,0.7127,GH¢ per ZAR,0.7127,GH¢ per ZAR,ok,
2026-05-25,ZARGHS,South African Rand,Selling,0.7131,GH¢ per ZAR,0.7131,GH¢ per ZAR,ok,
2026-05-25,ZARGHS,South African Rand,Mid Rate,0.7129,GH¢ per ZAR,0.7129,GH¢ per ZAR,ok,
2026-05-26,USDGHS,US Dollar,Buying,11.6810,GH¢ per USD,11.681,GH¢ per USD,ok,
2026-05-26,USDGHS,US Dollar,Selling,11.6926,GH¢ per USD,11.6926,GH¢ per USD,ok,
2026-05-26,USDGHS,US Dollar,Mid Rate,11.6868,GH¢ per USD,11.6868,GH¢ per USD,ok,
2026-05-26,AUDGHS,Australian Dollar,Buying,8.3665,GH¢ per AUD,8.3665,GH¢ per AUD,ok,
2026-05-26,AUDGHS,Australian Dollar,Selling,8.3770,GH¢ per AUD,8.377,GH¢ per AUD,ok,
2026-05-26,AUDGHS,Australian Dollar,Mid Rate,8.3718,GH¢ per AUD,8.3718,GH¢ per AUD,ok,
2026-05-26,CADGHS,Canadian Dollar,Buying,8.4626,GH¢ per CAD,8.4626,GH¢ per CAD,ok,
2026-05-26,CADGHS,Canadian Dollar,Selling,8.4712,GH¢ per CAD,8.4712,GH¢ per CAD,ok,
2026-05-26,CADGHS,Canadian Dollar,Mid Rate,8.4669,GH¢ per CAD,8.4669,GH¢ per CAD,ok,
2026-05-26,CHFGHS,Swiss Franc,Buying,14.8882,GH¢ per CHF,14.8882,GH¢ per CHF,ok,
2026-05-26,CHFGHS,Swiss Franc,Selling,14.9028,GH¢ per CHF,14.9028,GH¢ per CHF,ok,
2026-05-26,CHFGHS,Swiss Franc,Mid Rate,14.8955,GH¢ per CHF,14.8955,GH¢ per CHF,ok,
2026-05-26,CNYGHS,Yuan Renminbi,Buying,1.7214,GH¢ per CNY,1.7214,GH¢ per CNY,ok,
2026-05-26,CNYGHS,Yuan Renminbi,Selling,1.7231,GH¢ per CNY,1.7231,GH¢ per CNY,ok,
2026-05-26,CNYGHS,Yuan Renminbi,Mid Rate,1.7223,GH¢ per CNY,1.7223,GH¢ per CNY,ok,
2026-05-26,DKKGHS,Danish Krone,Buying,1.8195,GH¢ per DKK,1.8195,GH¢ per DKK,ok,
2026-05-26,DKKGHS,Danish Krone,Selling,1.8210,GH¢ per DKK,1.821,GH¢ per DKK,ok,
2026-05-26,DKKGHS,Danish Krone,Mid Rate,1.8203,GH¢ per DKK,1.8203,GH¢ per DKK,ok,
2026-05-26,EURGHS,Euro,Buying,13.5947,GH¢ per EUR,13.5947,GH¢ per EUR,ok,
2026-05-26,EURGHS,Euro,Selling,13.6081,GH¢ per EUR,13.6081,GH¢ per EUR,ok,
2026-05-26,EURGHS,Euro,Mid Rate,13.6014,GH¢ per EUR,13.6014,GH¢ per EUR,ok,
2026-05-26,GBPGHS,Pound Sterling,Buying,15.7413,GH¢ per GBP,15.7413,GH¢ per GBP,ok,
2026-05-26,GBPGHS,Pound Sterling,Selling,15.7582,GH¢ per GBP,15.7582,GH¢ per GBP,ok,
2026-05-26,GBPGHS,Pound Sterling,Mid Rate,15.7498,GH¢ per GBP,15.7498,GH¢ per GBP,ok,
2026-05-26,GHSGMD,Dalasi,Buying,6.1982,GMD per GH¢,0.1613371624,GH¢ per GMD,ok,
2026-05-26,GHSGMD,Dalasi,Selling,6.3110,GMD per GH¢,0.1584534939,GH¢ per GMD,ok,
2026-05-26,GHSGMD,Dalasi,Mid Rate,6.2546,GMD per GH¢,0.1598823266,GH¢ per GMD,ok,
2026-05-26,GHSMRO,Ouguiya,Buying,30.5473,MRO per GH¢,0.0327361174,GH¢ per MRO (old ouguiya; 10 MRO = 1 MRU since 2018),ok,
2026-05-26,GHSMRO,Ouguiya,Selling,30.6329,MRO per GH¢,0.0326446402,GH¢ per MRO (old ouguiya; 10 MRO = 1 MRU since 2018),ok,
2026-05-26,GHSMRO,Ouguiya,Mid Rate,30.5901,MRO per GH¢,0.0326903148,GH¢ per MRO (old ouguiya; 10 MRO = 1 MRU since 2018),ok,
2026-05-26,GHSNGN,Naira,Buying,117.2733,NGN per GH¢,0.0085270901,GH¢ per NGN,ok,
2026-05-26,GHSNGN,Naira,Selling,117.7884,NGN per GH¢,0.0084898004,GH¢ per NGN,ok,
2026-05-26,GHSNGN,Naira,Mid Rate,117.5309,NGN per GH¢,0.0085084008,GH¢ per NGN,ok,
2026-05-26,GHSSLL,Leone,Buying,"2,035.9989",SLL per GH¢,0.4911594009,"GH¢ per SLE (new leone; 1 SLE = 1,000 old leones)",ok,
2026-05-26,GHSSLL,Leone,Selling,"2,086.3292",SLL per GH¢,0.4793107435,"GH¢ per SLE (new leone; 1 SLE = 1,000 old leones)",ok,
2026-05-26,GHSSLL,Leone,Mid Rate,"2,061.1641",SLL per GH¢,0.4851627292,"GH¢ per SLE (new leone; 1 SLE = 1,000 old leones)",ok,
2026-05-26,GHSXOF,BCEAO,Buying,48.2034,XOF per GH¢,0.0207454246,GH¢ per XOF (CFA franc (BCEAO)),ok,
2026-05-26,GHSXOF,BCEAO,Selling,48.2509,XOF per GH¢,0.020725002,GH¢ per XOF (CFA franc (BCEAO)),ok,
2026-05-26,GHSXOF,BCEAO,Mid Rate,48.2272,XOF per GH¢,0.0207351868,GH¢ per XOF (CFA franc (BCEAO)),ok,
2026-05-26,JPYGHS,Japanese yen,Buying,0.0734,GH¢ per JPY,0.0734,GH¢ per JPY,ok,
2026-05-26,JPYGHS,Japanese yen,Selling,0.0734,GH¢ per JPY,0.0734,GH¢ per JPY,ok,
2026-05-26,JPYGHS,Japanese yen,Mid Rate,0.0734,GH¢ per JPY,0.0734,GH¢ per JPY,ok,
2026-05-26,NOKGHS,Norwegian Krone,Buying,1.2631,GH¢ per NOK,1.2631,GH¢ per NOK,ok,
2026-05-26,NOKGHS,Norwegian Krone,Selling,1.2640,GH¢ per NOK,1.264,GH¢ per NOK,ok,
2026-05-26,NOKGHS,Norwegian Krone,Mid Rate,1.2636,GH¢ per NOK,1.2636,GH¢ per NOK,ok,
2026-05-26,NZDGHS,New Zealand Dollar,Buying,6.8270,GH¢ per NZD,6.827,GH¢ per NZD,ok,
2026-05-26,NZDGHS,New Zealand Dollar,Selling,6.8359,GH¢ per NZD,6.8359,GH¢ per NZD,ok,
2026-05-26,NZDGHS,New Zealand Dollar,Mid Rate,6.8315,GH¢ per NZD,6.8315,GH¢ per NZD,ok,
2026-05-26,SEKGHS,Swedish Krona,Buying,1.2554,GH¢ per SEK,1.2554,GH¢ per SEK,ok,
2026-05-26,SEKGHS,Swedish Krona,Selling,1.2565,GH¢ per SEK,1.2565,GH¢ per SEK,ok,
2026-05-26,SEKGHS,Swedish Krona,Mid Rate,1.2560,GH¢ per SEK,1.256,GH¢ per SEK,ok,
2026-05-26,WAUGHS,Ecowas,Buying,0.0125,GH¢ per WAU,0.0125,"GH¢ per WAU (BoG's 'Ecowas' unit, not defined by BoG)",ok,
2026-05-26,WAUGHS,Ecowas,Selling,0.0125,GH¢ per WAU,0.0125,"GH¢ per WAU (BoG's 'Ecowas' unit, not defined by BoG)",ok,
2026-05-26,WAUGHS,Ecowas,Mid Rate,0.0125,GH¢ per WAU,0.0125,"GH¢ per WAU (BoG's 'Ecowas' unit, not defined by BoG)",ok,
2026-05-26,ZARGHS,South African Rand,Buying,0.7140,GH¢ per ZAR,0.714,GH¢ per ZAR,ok,
2026-05-26,ZARGHS,South African Rand,Selling,0.7145,GH¢ per ZAR,0.7145,GH¢ per ZAR,ok,
2026-05-26,ZARGHS,South African Rand,Mid Rate,0.7143,GH¢ per ZAR,0.7143,GH¢ per ZAR,ok,
2026-05-28,USDGHS,US Dollar,Buying,11.7176,GH¢ per USD,11.7176,GH¢ per USD,ok,
2026-05-28,USDGHS,US Dollar,Selling,11.7294,GH¢ per USD,11.7294,GH¢ per USD,ok,
2026-05-28,USDGHS,US Dollar,Mid Rate,11.7235,GH¢ per USD,11.7235,GH¢ per USD,ok,
2026-05-28,AUDGHS,Australian Dollar,Buying,8.3946,GH¢ per AUD,8.3946,GH¢ per AUD,ok,
2026-05-28,AUDGHS,Australian Dollar,Selling,8.4052,GH¢ per AUD,8.4052,GH¢ per AUD,ok,
2026-05-28,AUDGHS,Australian Dollar,Mid Rate,8.3999,GH¢ per AUD,8.3999,GH¢ per AUD,ok,
2026-05-28,CADGHS,Canadian Dollar,Buying,8.4931,GH¢ per CAD,8.4931,GH¢ per CAD,ok,
2026-05-28,CADGHS,Canadian Dollar,Selling,8.5014,GH¢ per CAD,8.5014,GH¢ per CAD,ok,
2026-05-28,CADGHS,Canadian Dollar,Mid Rate,8.4973,GH¢ per CAD,8.4973,GH¢ per CAD,ok,
2026-05-28,CHFGHS,Swiss Franc,Buying,14.9456,GH¢ per CHF,14.9456,GH¢ per CHF,ok,
2026-05-28,CHFGHS,Swiss Franc,Selling,14.9588,GH¢ per CHF,14.9588,GH¢ per CHF,ok,
2026-05-28,CHFGHS,Swiss Franc,Mid Rate,14.9522,GH¢ per CHF,14.9522,GH¢ per CHF,ok,
2026-05-28,CNYGHS,Yuan Renminbi,Buying,1.7293,GH¢ per CNY,1.7293,GH¢ per CNY,ok,
2026-05-28,CNYGHS,Yuan Renminbi,Selling,1.7309,GH¢ per CNY,1.7309,GH¢ per CNY,ok,
2026-05-28,CNYGHS,Yuan Renminbi,Mid Rate,1.7301,GH¢ per CNY,1.7301,GH¢ per CNY,ok,
2026-05-28,DKKGHS,Danish Krone,Buying,1.8272,GH¢ per DKK,1.8272,GH¢ per DKK,ok,
2026-05-28,DKKGHS,Danish Krone,Selling,1.8289,GH¢ per DKK,1.8289,GH¢ per DKK,ok,
2026-05-28,DKKGHS,Danish Krone,Mid Rate,1.8281,GH¢ per DKK,1.8281,GH¢ per DKK,ok,
2026-05-28,EURGHS,Euro,Buying,13.6562,GH¢ per EUR,13.6562,GH¢ per EUR,ok,
2026-05-28,EURGHS,Euro,Selling,13.6685,GH¢ per EUR,13.6685,GH¢ per EUR,ok,
2026-05-28,EURGHS,Euro,Mid Rate,13.6624,GH¢ per EUR,13.6624,GH¢ per EUR,ok,
2026-05-28,GBPGHS,Pound Sterling,Buying,15.7497,GH¢ per GBP,15.7497,GH¢ per GBP,ok,
2026-05-28,GBPGHS,Pound Sterling,Selling,15.7666,GH¢ per GBP,15.7666,GH¢ per GBP,ok,
2026-05-28,GBPGHS,Pound Sterling,Mid Rate,15.7582,GH¢ per GBP,15.7582,GH¢ per GBP,ok,
2026-05-28,GHSGMD,Dalasi,Buying,6.1996,GMD per GH¢,0.1613007291,GH¢ per GMD,ok,
2026-05-28,GHSGMD,Dalasi,Selling,6.2946,GMD per GH¢,0.1588663299,GH¢ per GMD,ok,
2026-05-28,GHSGMD,Dalasi,Mid Rate,6.2471,GMD per GH¢,0.1600742745,GH¢ per GMD,ok,
2026-05-28,GHSMRO,Ouguiya,Buying,30.4517,MRO per GH¢,0.0328388891,GH¢ per MRO (old ouguiya; 10 MRO = 1 MRU since 2018),ok,
2026-05-28,GHSMRO,Ouguiya,Selling,30.5370,MRO per GH¢,0.0327471592,GH¢ per MRO (old ouguiya; 10 MRO = 1 MRU since 2018),ok,
2026-05-28,GHSMRO,Ouguiya,Mid Rate,30.4944,MRO per GH¢,0.0327929062,GH¢ per MRO (old ouguiya; 10 MRO = 1 MRU since 2018),ok,
2026-05-28,GHSNGN,Naira,Buying,116.9770,NGN per GH¢,0.0085486891,GH¢ per NGN,ok,
2026-05-28,GHSNGN,Naira,Selling,117.7200,NGN per GH¢,0.0084947333,GH¢ per NGN,ok,
2026-05-28,GHSNGN,Naira,Mid Rate,117.3485,NGN per GH¢,0.0085216258,GH¢ per NGN,ok,
2026-05-28,GHSSLL,Leone,Buying,"2,035.6559",SLL per GH¢,0.4912421593,"GH¢ per SLE (new leone; 1 SLE = 1,000 old leones)",ok,
2026-05-28,GHSSLL,Leone,Selling,"2,080.1552",SLL per GH¢,0.4807333607,"GH¢ per SLE (new leone; 1 SLE = 1,000 old leones)",ok,
2026-05-28,GHSSLL,Leone,Mid Rate,"2,057.9056",SLL per GH¢,0.4859309387,"GH¢ per SLE (new leone; 1 SLE = 1,000 old leones)",ok,
2026-05-28,GHSXOF,BCEAO,Buying,47.9904,XOF per GH¢,0.0208375008,GH¢ per XOF (CFA franc (BCEAO)),ok,
2026-05-28,GHSXOF,BCEAO,Selling,48.0336,XOF per GH¢,0.0208187602,GH¢ per XOF (CFA franc (BCEAO)),ok,
2026-05-28,GHSXOF,BCEAO,Mid Rate,48.0120,XOF per GH¢,0.0208281263,GH¢ per XOF (CFA franc (BCEAO)),ok,
2026-05-28,JPYGHS,Japanese yen,Buying,0.0736,GH¢ per JPY,0.0736,GH¢ per JPY,ok,
2026-05-28,JPYGHS,Japanese yen,Selling,0.0737,GH¢ per JPY,0.0737,GH¢ per JPY,ok,
2026-05-28,JPYGHS,Japanese yen,Mid Rate,0.0737,GH¢ per JPY,0.0737,GH¢ per JPY,ok,
2026-05-28,NOKGHS,Norwegian Krone,Buying,1.2671,GH¢ per NOK,1.2671,GH¢ per NOK,ok,
2026-05-28,NOKGHS,Norwegian Krone,Selling,1.2680,GH¢ per NOK,1.268,GH¢ per NOK,ok,
2026-05-28,NOKGHS,Norwegian Krone,Mid Rate,1.2676,GH¢ per NOK,1.2676,GH¢ per NOK,ok,
2026-05-28,NZDGHS,New Zealand Dollar,Buying,6.9472,GH¢ per NZD,6.9472,GH¢ per NZD,ok,
2026-05-28,NZDGHS,New Zealand Dollar,Selling,6.9562,GH¢ per NZD,6.9562,GH¢ per NZD,ok,
2026-05-28,NZDGHS,New Zealand Dollar,Mid Rate,6.9517,GH¢ per NZD,6.9517,GH¢ per NZD,ok,
2026-05-28,SEKGHS,Swedish Krona,Buying,1.2663,GH¢ per SEK,1.2663,GH¢ per SEK,ok,
2026-05-28,SEKGHS,Swedish Krona,Selling,1.2673,GH¢ per SEK,1.2673,GH¢ per SEK,ok,
2026-05-28,SEKGHS,Swedish Krona,Mid Rate,1.2668,GH¢ per SEK,1.2668,GH¢ per SEK,ok,
2026-05-28,WAUGHS,Ecowas,Buying,0.0124,GH¢ per WAU,0.0124,"GH¢ per WAU (BoG's 'Ecowas' unit, not defined by BoG)",ok,
2026-05-28,WAUGHS,Ecowas,Selling,0.0124,GH¢ per WAU,0.0124,"GH¢ per WAU (BoG's 'Ecowas' unit, not defined by BoG)",ok,
2026-05-28,WAUGHS,Ecowas,Mid Rate,0.0124,GH¢ per WAU,0.0124,"GH¢ per WAU (BoG's 'Ecowas' unit, not defined by BoG)",ok,
2026-05-28,ZARGHS,South African Rand,Buying,0.7218,GH¢ per ZAR,0.7218,GH¢ per ZAR,ok,
2026-05-28,ZARGHS,South African Rand,Selling,0.7222,GH¢ per ZAR,0.7222,GH¢ per ZAR,ok,
2026-05-28,ZARGHS,South African Rand,Mid Rate,0.7220,GH¢ per ZAR,0.722,GH¢ per ZAR,ok,
2026-05-29,USDGHS,US Dollar,Buying,11.7241,GH¢ per USD,11.7241,GH¢ per USD,ok,
2026-05-29,USDGHS,US Dollar,Selling,11.7359,GH¢ per USD,11.7359,GH¢ per USD,ok,
2026-05-29,USDGHS,US Dollar,Mid Rate,11.7300,GH¢ per USD,11.73,GH¢ per USD,ok,
2026-05-29,AUDGHS,Australian Dollar,Buying,8.4278,GH¢ per AUD,8.4278,GH¢ per AUD,ok,
2026-05-29,AUDGHS,Australian Dollar,Selling,8.4384,GH¢ per AUD,8.4384,GH¢ per AUD,ok,
2026-05-29,AUDGHS,Australian Dollar,Mid Rate,8.4331,GH¢ per AUD,8.4331,GH¢ per AUD,ok,
2026-05-29,CADGHS,Canadian Dollar,Buying,8.5036,GH¢ per CAD,8.5036,GH¢ per CAD,ok,
2026-05-29,CADGHS,Canadian Dollar,Selling,8.5114,GH¢ per CAD,8.5114,GH¢ per CAD,ok,
2026-05-29,CADGHS,Canadian Dollar,Mid Rate,8.5075,GH¢ per CAD,8.5075,GH¢ per CAD,ok,
2026-05-29,CHFGHS,Swiss Franc,Buying,15.0078,GH¢ per CHF,15.0078,GH¢ per CHF,ok,
2026-05-29,CHFGHS,Swiss Franc,Selling,15.0225,GH¢ per CHF,15.0225,GH¢ per CHF,ok,
2026-05-29,CHFGHS,Swiss Franc,Mid Rate,15.0152,GH¢ per CHF,15.0152,GH¢ per CHF,ok,
2026-05-29,CNYGHS,Yuan Renminbi,Buying,1.7328,GH¢ per CNY,1.7328,GH¢ per CNY,ok,
2026-05-29,CNYGHS,Yuan Renminbi,Selling,1.7344,GH¢ per CNY,1.7344,GH¢ per CNY,ok,
2026-05-29,CNYGHS,Yuan Renminbi,Mid Rate,1.7336,GH¢ per CNY,1.7336,GH¢ per CNY,ok,
2026-05-29,DKKGHS,Danish Krone,Buying,1.8315,GH¢ per DKK,1.8315,GH¢ per DKK,ok,
2026-05-29,DKKGHS,Danish Krone,Selling,1.8332,GH¢ per DKK,1.8332,GH¢ per DKK,ok,
2026-05-29,DKKGHS,Danish Krone,Mid Rate,1.8324,GH¢ per DKK,1.8324,GH¢ per DKK,ok,
2026-05-29,EURGHS,Euro,Buying,13.6887,GH¢ per EUR,13.6887,GH¢ per EUR,ok,
2026-05-29,EURGHS,Euro,Selling,13.7010,GH¢ per EUR,13.701,GH¢ per EUR,ok,
2026-05-29,EURGHS,Euro,Mid Rate,13.6949,GH¢ per EUR,13.6949,GH¢ per EUR,ok,
2026-05-29,GBPGHS,Pound Sterling,Buying,15.7912,GH¢ per GBP,15.7912,GH¢ per GBP,ok,
2026-05-29,GBPGHS,Pound Sterling,Selling,15.8082,GH¢ per GBP,15.8082,GH¢ per GBP,ok,
2026-05-29,GBPGHS,Pound Sterling,Mid Rate,15.7997,GH¢ per GBP,15.7997,GH¢ per GBP,ok,
2026-05-29,GHSGMD,Dalasi,Buying,6.1858,GMD per GH¢,0.1616605775,GH¢ per GMD,ok,
2026-05-29,GHSGMD,Dalasi,Selling,6.1962,GMD per GH¢,0.1613892386,GH¢ per GMD,ok,
2026-05-29,GHSGMD,Dalasi,Mid Rate,6.1910,GMD per GH¢,0.1615247941,GH¢ per GMD,ok,
2026-05-29,GHSMRO,Ouguiya,Buying,30.4348,MRO per GH¢,0.0328571241,GH¢ per MRO (old ouguiya; 10 MRO = 1 MRU since 2018),ok,
2026-05-29,GHSMRO,Ouguiya,Selling,30.5200,MRO per GH¢,0.0327653997,GH¢ per MRO (old ouguiya; 10 MRO = 1 MRU since 2018),ok,
2026-05-29,GHSMRO,Ouguiya,Mid Rate,30.4774,MRO per GH¢,0.0328111978,GH¢ per MRO (old ouguiya; 10 MRO = 1 MRU since 2018),ok,
2026-05-29,GHSNGN,Naira,Buying,117.0188,NGN per GH¢,0.0085456354,GH¢ per NGN,ok,
2026-05-29,GHSNGN,Naira,Selling,117.1032,NGN per GH¢,0.0085394763,GH¢ per NGN,ok,
2026-05-29,GHSNGN,Naira,Mid Rate,117.0610,NGN per GH¢,0.0085425547,GH¢ per NGN,ok,
2026-05-29,GHSSLL,Leone,Buying,"2,035.3794",SLL per GH¢,0.4913088931,"GH¢ per SLE (new leone; 1 SLE = 1,000 old leones)",ok,
2026-05-29,GHSSLL,Leone,Selling,"2,079.4297",SLL per GH¢,0.4809010855,"GH¢ per SLE (new leone; 1 SLE = 1,000 old leones)",ok,
2026-05-29,GHSSLL,Leone,Mid Rate,"2,057.4046",SLL per GH¢,0.4860492681,"GH¢ per SLE (new leone; 1 SLE = 1,000 old leones)",ok,
2026-05-29,GHSXOF,BCEAO,Buying,47.8766,XOF per GH¢,0.0208870304,GH¢ per XOF (CFA franc (BCEAO)),ok,
2026-05-29,GHSXOF,BCEAO,Selling,47.9196,XOF per GH¢,0.0208682877,GH¢ per XOF (CFA franc (BCEAO)),ok,
2026-05-29,GHSXOF,BCEAO,Mid Rate,47.8981,XOF per GH¢,0.0208776549,GH¢ per XOF (CFA franc (BCEAO)),ok,
2026-05-29,JPYGHS,Japanese yen,Buying,0.0736,GH¢ per JPY,0.0736,GH¢ per JPY,ok,
2026-05-29,JPYGHS,Japanese yen,Selling,0.0737,GH¢ per JPY,0.0737,GH¢ per JPY,ok,
2026-05-29,JPYGHS,Japanese yen,Mid Rate,0.0737,GH¢ per JPY,0.0737,GH¢ per JPY,ok,
2026-05-29,NOKGHS,Norwegian Krone,Buying,1.2684,GH¢ per NOK,1.2684,GH¢ per NOK,ok,
2026-05-29,NOKGHS,Norwegian Krone,Selling,1.2692,GH¢ per NOK,1.2692,GH¢ per NOK,ok,
2026-05-29,NOKGHS,Norwegian Krone,Mid Rate,1.2688,GH¢ per NOK,1.2688,GH¢ per NOK,ok,
2026-05-29,NZDGHS,New Zealand Dollar,Buying,7.0208,GH¢ per NZD,7.0208,GH¢ per NZD,ok,
2026-05-29,NZDGHS,New Zealand Dollar,Selling,7.0299,GH¢ per NZD,7.0299,GH¢ per NZD,ok,
2026-05-29,NZDGHS,New Zealand Dollar,Mid Rate,7.0254,GH¢ per NZD,7.0254,GH¢ per NZD,ok,
2026-05-29,SEKGHS,Swedish Krona,Buying,1.2711,GH¢ per SEK,1.2711,GH¢ per SEK,ok,
2026-05-29,SEKGHS,Swedish Krona,Selling,1.2721,GH¢ per SEK,1.2721,GH¢ per SEK,ok,
2026-05-29,SEKGHS,Swedish Krona,Mid Rate,1.2716,GH¢ per SEK,1.2716,GH¢ per SEK,ok,
2026-05-29,WAUGHS,Ecowas,Buying,0.0124,GH¢ per WAU,0.0124,"GH¢ per WAU (BoG's 'Ecowas' unit, not defined by BoG)",ok,
2026-05-29,WAUGHS,Ecowas,Selling,0.0124,GH¢ per WAU,0.0124,"GH¢ per WAU (BoG's 'Ecowas' unit, not defined by BoG)",ok,
2026-05-29,WAUGHS,Ecowas,Mid Rate,0.0124,GH¢ per WAU,0.0124,"GH¢ per WAU (BoG's 'Ecowas' unit, not defined by BoG)",ok,
2026-05-29,ZARGHS,South African Rand,Buying,0.7231,GH¢ per ZAR,0.7231,GH¢ per ZAR,ok,
2026-05-29,ZARGHS,South African Rand,Selling,0.7235,GH¢ per ZAR,0.7235,GH¢ per ZAR,ok,
2026-05-29,ZARGHS,South African Rand,Mid Rate,0.7233,GH¢ per ZAR,0.7233,GH¢ per ZAR,ok,
2026-06-01,USDGHS,US Dollar,Buying,11.7441,GH¢ per USD,11.7441,GH¢ per USD,ok,
2026-06-01,USDGHS,US Dollar,Selling,11.7559,GH¢ per USD,11.7559,GH¢ per USD,ok,
2026-06-01,USDGHS,US Dollar,Mid Rate,11.7500,GH¢ per USD,11.75,GH¢ per USD,ok,
2026-06-01,AUDGHS,Australian Dollar,Buying,8.3974,GH¢ per AUD,8.3974,GH¢ per AUD,ok,
2026-06-01,AUDGHS,Australian Dollar,Selling,8.4080,GH¢ per AUD,8.408,GH¢ per AUD,ok,
2026-06-01,AUDGHS,Australian Dollar,Mid Rate,8.4027,GH¢ per AUD,8.4027,GH¢ per AUD,ok,
2026-06-01,CADGHS,Canadian Dollar,Buying,8.4866,GH¢ per CAD,8.4866,GH¢ per CAD,ok,
2026-06-01,CADGHS,Canadian Dollar,Selling,8.4948,GH¢ per CAD,8.4948,GH¢ per CAD,ok,
2026-06-01,CADGHS,Canadian Dollar,Mid Rate,8.4907,GH¢ per CAD,8.4907,GH¢ per CAD,ok,
2026-06-01,CHFGHS,Swiss Franc,Buying,14.9193,GH¢ per CHF,14.9193,GH¢ per CHF,ok,
2026-06-01,CHFGHS,Swiss Franc,Selling,14.9339,GH¢ per CHF,14.9339,GH¢ per CHF,ok,
2026-06-01,CHFGHS,Swiss Franc,Mid Rate,14.9266,GH¢ per CHF,14.9266,GH¢ per CHF,ok,
2026-06-01,CNYGHS,Yuan Renminbi,Buying,1.7355,GH¢ per CNY,1.7355,GH¢ per CNY,ok,
2026-06-01,CNYGHS,Yuan Renminbi,Selling,1.7365,GH¢ per CNY,1.7365,GH¢ per CNY,ok,
2026-06-01,CNYGHS,Yuan Renminbi,Mid Rate,1.7360,GH¢ per CNY,1.736,GH¢ per CNY,ok,
2026-06-01,DKKGHS,Danish Krone,Buying,1.8260,GH¢ per DKK,1.826,GH¢ per DKK,ok,
2026-06-01,DKKGHS,Danish Krone,Selling,1.8277,GH¢ per DKK,1.8277,GH¢ per DKK,ok,
2026-06-01,DKKGHS,Danish Krone,Mid Rate,1.8269,GH¢ per DKK,1.8269,GH¢ per DKK,ok,
2026-06-01,EURGHS,Euro,Buying,13.6465,GH¢ per EUR,13.6465,GH¢ per EUR,ok,
2026-06-01,EURGHS,Euro,Selling,13.6600,GH¢ per EUR,13.66,GH¢ per EUR,ok,
2026-06-01,EURGHS,Euro,Mid Rate,13.6533,GH¢ per EUR,13.6533,GH¢ per EUR,ok,
2026-06-01,GBPGHS,Pound Sterling,Buying,15.7876,GH¢ per GBP,15.7876,GH¢ per GBP,ok,
2026-06-01,GBPGHS,Pound Sterling,Selling,15.8046,GH¢ per GBP,15.8046,GH¢ per GBP,ok,
2026-06-01,GBPGHS,Pound Sterling,Mid Rate,15.7961,GH¢ per GBP,15.7961,GH¢ per GBP,ok,
2026-06-01,GHSGMD,Dalasi,Buying,6.1753,GMD per GH¢,0.1619354525,GH¢ per GMD,ok,
2026-06-01,GHSGMD,Dalasi,Selling,6.1881,GMD per GH¢,0.1616004913,GH¢ per GMD,ok,
2026-06-01,GHSGMD,Dalasi,Mid Rate,6.1817,GMD per GH¢,0.1617677985,GH¢ per GMD,ok,
2026-06-01,GHSMRO,Ouguiya,Buying,30.3830,MRO per GH¢,0.0329131422,GH¢ per MRO (old ouguiya; 10 MRO = 1 MRU since 2018),ok,
2026-06-01,GHSMRO,Ouguiya,Selling,30.4681,MRO per GH¢,0.032821213,GH¢ per MRO (old ouguiya; 10 MRO = 1 MRU since 2018),ok,
2026-06-01,GHSMRO,Ouguiya,Mid Rate,30.4256,MRO per GH¢,0.0328670593,GH¢ per MRO (old ouguiya; 10 MRO = 1 MRU since 2018),ok,
2026-06-01,GHSNGN,Naira,Buying,116.4255,NGN per GH¢,0.0085891836,GH¢ per NGN,ok,
2026-06-01,GHSNGN,Naira,Selling,116.5106,NGN per GH¢,0.0085829101,GH¢ per NGN,ok,
2026-06-01,GHSNGN,Naira,Mid Rate,116.4681,NGN per GH¢,0.008586042,GH¢ per NGN,ok,
2026-06-01,GHSSLL,Leone,Buying,"2,031.9149",SLL per GH¢,0.4921465953,"GH¢ per SLE (new leone; 1 SLE = 1,000 old leones)",ok,
2026-06-01,GHSSLL,Leone,Selling,"2,075.5319",SLL per GH¢,0.4818042064,"GH¢ per SLE (new leone; 1 SLE = 1,000 old leones)",ok,
2026-06-01,GHSSLL,Leone,Mid Rate,"2,053.7234",SLL per GH¢,0.4869204879,"GH¢ per SLE (new leone; 1 SLE = 1,000 old leones)",ok,
2026-06-01,GHSXOF,BCEAO,Buying,48.0203,XOF per GH¢,0.0208245263,GH¢ per XOF (CFA franc (BCEAO)),ok,
2026-06-01,GHSXOF,BCEAO,Selling,48.0678,XOF per GH¢,0.0208039478,GH¢ per XOF (CFA franc (BCEAO)),ok,
2026-06-01,GHSXOF,BCEAO,Mid Rate,48.0441,XOF per GH¢,0.0208142103,GH¢ per XOF (CFA franc (BCEAO)),ok,
2026-06-01,JPYGHS,Japanese yen,Buying,0.0735,GH¢ per JPY,0.0735,GH¢ per JPY,ok,
2026-06-01,JPYGHS,Japanese yen,Selling,0.0736,GH¢ per JPY,0.0736,GH¢ per JPY,ok,
2026-06-01,JPYGHS,Japanese yen,Mid Rate,0.0736,GH¢ per JPY,0.0736,GH¢ per JPY,ok,
2026-06-01,NOKGHS,Norwegian Krone,Buying,1.2641,GH¢ per NOK,1.2641,GH¢ per NOK,ok,
2026-06-01,NOKGHS,Norwegian Krone,Selling,1.2649,GH¢ per NOK,1.2649,GH¢ per NOK,ok,
2026-06-01,NOKGHS,Norwegian Krone,Mid Rate,1.2645,GH¢ per NOK,1.2645,GH¢ per NOK,ok,
2026-06-01,NZDGHS,New Zealand Dollar,Buying,6.9576,GH¢ per NZD,6.9576,GH¢ per NZD,ok,
2026-06-01,NZDGHS,New Zealand Dollar,Selling,6.9667,GH¢ per NZD,6.9667,GH¢ per NZD,ok,
2026-06-01,NZDGHS,New Zealand Dollar,Mid Rate,6.9622,GH¢ per NZD,6.9622,GH¢ per NZD,ok,
2026-06-01,SEKGHS,Swedish Krona,Buying,1.2600,GH¢ per SEK,1.26,GH¢ per SEK,ok,
2026-06-01,SEKGHS,Swedish Krona,Selling,1.2609,GH¢ per SEK,1.2609,GH¢ per SEK,ok,
2026-06-01,SEKGHS,Swedish Krona,Mid Rate,1.2605,GH¢ per SEK,1.2605,GH¢ per SEK,ok,
2026-06-01,WAUGHS,Ecowas,Buying,0.0123,GH¢ per WAU,0.0123,"GH¢ per WAU (BoG's 'Ecowas' unit, not defined by BoG)",ok,
2026-06-01,WAUGHS,Ecowas,Selling,0.0123,GH¢ per WAU,0.0123,"GH¢ per WAU (BoG's 'Ecowas' unit, not defined by BoG)",ok,
2026-06-01,WAUGHS,Ecowas,Mid Rate,0.0123,GH¢ per WAU,0.0123,"GH¢ per WAU (BoG's 'Ecowas' unit, not defined by BoG)",ok,
2026-06-01,ZARGHS,South African Rand,Buying,0.7184,GH¢ per ZAR,0.7184,GH¢ per ZAR,ok,
2026-06-01,ZARGHS,South African Rand,Selling,0.7187,GH¢ per ZAR,0.7187,GH¢ per ZAR,ok,
2026-06-01,ZARGHS,South African Rand,Mid Rate,0.7186,GH¢ per ZAR,0.7186,GH¢ per ZAR,ok,
2026-06-02,USDGHS,US Dollar,Buying,11.7699,GH¢ per USD,11.7699,GH¢ per USD,ok,
2026-06-02,USDGHS,US Dollar,Selling,11.7817,GH¢ per USD,11.7817,GH¢ per USD,ok,
2026-06-02,USDGHS,US Dollar,Mid Rate,11.7758,GH¢ per USD,11.7758,GH¢ per USD,ok,
2026-06-02,AUDGHS,Australian Dollar,Buying,8.4483,GH¢ per AUD,8.4483,GH¢ per AUD,ok,
2026-06-02,AUDGHS,Australian Dollar,Selling,8.4590,GH¢ per AUD,8.459,GH¢ per AUD,ok,
2026-06-02,AUDGHS,Australian Dollar,Mid Rate,8.4537,GH¢ per AUD,8.4537,GH¢ per AUD,ok,
2026-06-02,CADGHS,Canadian Dollar,Buying,8.5090,GH¢ per CAD,8.509,GH¢ per CAD,ok,
2026-06-02,CADGHS,Canadian Dollar,Selling,8.5168,GH¢ per CAD,8.5168,GH¢ per CAD,ok,
2026-06-02,CADGHS,Canadian Dollar,Mid Rate,8.5129,GH¢ per CAD,8.5129,GH¢ per CAD,ok,
2026-06-02,CHFGHS,Swiss Franc,Buying,14.9519,GH¢ per CHF,14.9519,GH¢ per CHF,ok,
2026-06-02,CHFGHS,Swiss Franc,Selling,14.9652,GH¢ per CHF,14.9652,GH¢ per CHF,ok,
2026-06-02,CHFGHS,Swiss Franc,Mid Rate,14.9586,GH¢ per CHF,14.9586,GH¢ per CHF,ok,
2026-06-02,CNYGHS,Yuan Renminbi,Buying,1.7404,GH¢ per CNY,1.7404,GH¢ per CNY,ok,
2026-06-02,CNYGHS,Yuan Renminbi,Selling,1.7416,GH¢ per CNY,1.7416,GH¢ per CNY,ok,
2026-06-02,CNYGHS,Yuan Renminbi,Mid Rate,1.7410,GH¢ per CNY,1.741,GH¢ per CNY,ok,
2026-06-02,DKKGHS,Danish Krone,Buying,1.8314,GH¢ per DKK,1.8314,GH¢ per DKK,ok,
2026-06-02,DKKGHS,Danish Krone,Selling,1.8330,GH¢ per DKK,1.833,GH¢ per DKK,ok,
2026-06-02,DKKGHS,Danish Krone,Mid Rate,1.8322,GH¢ per DKK,1.8322,GH¢ per DKK,ok,
2026-06-02,EURGHS,Euro,Buying,13.6867,GH¢ per EUR,13.6867,GH¢ per EUR,ok,
2026-06-02,EURGHS,Euro,Selling,13.7002,GH¢ per EUR,13.7002,GH¢ per EUR,ok,
2026-06-02,EURGHS,Euro,Mid Rate,13.6935,GH¢ per EUR,13.6935,GH¢ per EUR,ok,
2026-06-02,GBPGHS,Pound Sterling,Buying,15.8505,GH¢ per GBP,15.8505,GH¢ per GBP,ok,
2026-06-02,GBPGHS,Pound Sterling,Selling,15.8676,GH¢ per GBP,15.8676,GH¢ per GBP,ok,
2026-06-02,GBPGHS,Pound Sterling,Mid Rate,15.8591,GH¢ per GBP,15.8591,GH¢ per GBP,ok,
2026-06-02,GHSGMD,Dalasi,Buying,6.1617,GMD per GH¢,0.1622928737,GH¢ per GMD,ok,
2026-06-02,GHSGMD,Dalasi,Selling,6.1721,GMD per GH¢,0.1620194099,GH¢ per GMD,ok,
2026-06-02,GHSGMD,Dalasi,Mid Rate,6.1669,GMD per GH¢,0.1621560265,GH¢ per GMD,ok,
2026-06-02,GHSMRO,Ouguiya,Buying,30.3164,MRO per GH¢,0.0329854468,GH¢ per MRO (old ouguiya; 10 MRO = 1 MRU since 2018),ok,
2026-06-02,GHSMRO,Ouguiya,Selling,30.4013,MRO per GH¢,0.0328933302,GH¢ per MRO (old ouguiya; 10 MRO = 1 MRU since 2018),ok,
2026-06-02,GHSMRO,Ouguiya,Mid Rate,30.3589,MRO per GH¢,0.0329392699,GH¢ per MRO (old ouguiya; 10 MRO = 1 MRU since 2018),ok,
2026-06-02,GHSNGN,Naira,Buying,115.8622,NGN per GH¢,0.0086309426,GH¢ per NGN,ok,
2026-06-02,GHSNGN,Naira,Selling,115.9471,NGN per GH¢,0.0086246228,GH¢ per NGN,ok,
2026-06-02,GHSNGN,Naira,Mid Rate,115.9047,NGN per GH¢,0.0086277778,GH¢ per NGN,ok,
2026-06-02,GHSSLL,Leone,Buying,"2,027.4631",SLL per GH¢,0.4932272257,"GH¢ per SLE (new leone; 1 SLE = 1,000 old leones)",ok,
2026-06-02,GHSSLL,Leone,Selling,"2,071.1299",SLL per GH¢,0.4828282379,"GH¢ per SLE (new leone; 1 SLE = 1,000 old leones)",ok,
2026-06-02,GHSSLL,Leone,Mid Rate,"2,049.2965",SLL per GH¢,0.4879723359,"GH¢ per SLE (new leone; 1 SLE = 1,000 old leones)",ok,
2026-06-02,GHSXOF,BCEAO,Buying,47.8794,XOF per GH¢,0.0208858089,GH¢ per XOF (CFA franc (BCEAO)),ok,
2026-06-02,GHSXOF,BCEAO,Selling,47.9266,XOF per GH¢,0.0208652398,GH¢ per XOF (CFA franc (BCEAO)),ok,
2026-06-02,GHSXOF,BCEAO,Mid Rate,47.9030,XOF per GH¢,0.0208755193,GH¢ per XOF (CFA franc (BCEAO)),ok,
2026-06-02,JPYGHS,Japanese yen,Buying,0.0736,GH¢ per JPY,0.0736,GH¢ per JPY,ok,
2026-06-02,JPYGHS,Japanese yen,Selling,0.0737,GH¢ per JPY,0.0737,GH¢ per JPY,ok,
2026-06-02,JPYGHS,Japanese yen,Mid Rate,0.0737,GH¢ per JPY,0.0737,GH¢ per JPY,ok,
2026-06-02,NOKGHS,Norwegian Krone,Buying,1.2669,GH¢ per NOK,1.2669,GH¢ per NOK,ok,
2026-06-02,NOKGHS,Norwegian Krone,Selling,1.2678,GH¢ per NOK,1.2678,GH¢ per NOK,ok,
2026-06-02,NOKGHS,Norwegian Krone,Mid Rate,1.2674,GH¢ per NOK,1.2674,GH¢ per NOK,ok,
2026-06-02,NZDGHS,New Zealand Dollar,Buying,6.9727,GH¢ per NZD,6.9727,GH¢ per NZD,ok,
2026-06-02,NZDGHS,New Zealand Dollar,Selling,6.9817,GH¢ per NZD,6.9817,GH¢ per NZD,ok,
2026-06-02,NZDGHS,New Zealand Dollar,Mid Rate,6.9772,GH¢ per NZD,6.9772,GH¢ per NZD,ok,
2026-06-02,SEKGHS,Swedish Krona,Buying,1.2632,GH¢ per SEK,1.2632,GH¢ per SEK,ok,
2026-06-02,SEKGHS,Swedish Krona,Selling,1.2642,GH¢ per SEK,1.2642,GH¢ per SEK,ok,
2026-06-02,SEKGHS,Swedish Krona,Mid Rate,1.2637,GH¢ per SEK,1.2637,GH¢ per SEK,ok,
2026-06-02,WAUGHS,Ecowas,Buying,0.0123,GH¢ per WAU,0.0123,"GH¢ per WAU (BoG's 'Ecowas' unit, not defined by BoG)",ok,
2026-06-02,WAUGHS,Ecowas,Selling,0.0123,GH¢ per WAU,0.0123,"GH¢ per WAU (BoG's 'Ecowas' unit, not defined by BoG)",ok,
2026-06-02,WAUGHS,Ecowas,Mid Rate,0.0123,GH¢ per WAU,0.0123,"GH¢ per WAU (BoG's 'Ecowas' unit, not defined by BoG)",ok,
2026-06-02,ZARGHS,South African Rand,Buying,0.7242,GH¢ per ZAR,0.7242,GH¢ per ZAR,ok,
2026-06-02,ZARGHS,South African Rand,Selling,0.7246,GH¢ per ZAR,0.7246,GH¢ per ZAR,ok,
2026-06-02,ZARGHS,South African Rand,Mid Rate,0.7244,GH¢ per ZAR,0.7244,GH¢ per ZAR,ok,
2026-06-03,USDGHS,US Dollar,Buying,11.8064,GH¢ per USD,11.8064,GH¢ per USD,ok,
2026-06-03,USDGHS,US Dollar,Selling,11.8182,GH¢ per USD,11.8182,GH¢ per USD,ok,
2026-06-03,USDGHS,US Dollar,Mid Rate,11.8123,GH¢ per USD,11.8123,GH¢ per USD,ok,
2026-06-03,AUDGHS,Australian Dollar,Buying,8.4199,GH¢ per AUD,8.4199,GH¢ per AUD,ok,
2026-06-03,AUDGHS,Australian Dollar,Selling,8.4290,GH¢ per AUD,8.429,GH¢ per AUD,ok,
2026-06-03,AUDGHS,Australian Dollar,Mid Rate,8.4245,GH¢ per AUD,8.4245,GH¢ per AUD,ok,
2026-06-03,CADGHS,Canadian Dollar,Buying,8.4966,GH¢ per CAD,8.4966,GH¢ per CAD,ok,
2026-06-03,CADGHS,Canadian Dollar,Selling,8.5048,GH¢ per CAD,8.5048,GH¢ per CAD,ok,
2026-06-03,CADGHS,Canadian Dollar,Mid Rate,8.5007,GH¢ per CAD,8.5007,GH¢ per CAD,ok,
2026-06-03,CHFGHS,Swiss Franc,Buying,14.9029,GH¢ per CHF,14.9029,GH¢ per CHF,ok,
2026-06-03,CHFGHS,Swiss Franc,Selling,14.9176,GH¢ per CHF,14.9176,GH¢ per CHF,ok,
2026-06-03,CHFGHS,Swiss Franc,Mid Rate,14.9103,GH¢ per CHF,14.9103,GH¢ per CHF,ok,
2026-06-03,CNYGHS,Yuan Renminbi,Buying,1.7420,GH¢ per CNY,1.742,GH¢ per CNY,ok,
2026-06-03,CNYGHS,Yuan Renminbi,Selling,1.7433,GH¢ per CNY,1.7433,GH¢ per CNY,ok,
2026-06-03,CNYGHS,Yuan Renminbi,Mid Rate,1.7427,GH¢ per CNY,1.7427,GH¢ per CNY,ok,
2026-06-03,DKKGHS,Danish Krone,Buying,1.8322,GH¢ per DKK,1.8322,GH¢ per DKK,ok,
2026-06-03,DKKGHS,Danish Krone,Selling,1.8339,GH¢ per DKK,1.8339,GH¢ per DKK,ok,
2026-06-03,DKKGHS,Danish Krone,Mid Rate,1.8331,GH¢ per DKK,1.8331,GH¢ per DKK,ok,
2026-06-03,EURGHS,Euro,Buying,13.6922,GH¢ per EUR,13.6922,GH¢ per EUR,ok,
2026-06-03,EURGHS,Euro,Selling,13.7057,GH¢ per EUR,13.7057,GH¢ per EUR,ok,
2026-06-03,EURGHS,Euro,Mid Rate,13.6990,GH¢ per EUR,13.699,GH¢ per EUR,ok,
2026-06-03,GBPGHS,Pound Sterling,Buying,15.8418,GH¢ per GBP,15.8418,GH¢ per GBP,ok,
2026-06-03,GBPGHS,Pound Sterling,Selling,15.8589,GH¢ per GBP,15.8589,GH¢ per GBP,ok,
2026-06-03,GBPGHS,Pound Sterling,Mid Rate,15.8504,GH¢ per GBP,15.8504,GH¢ per GBP,ok,
2026-06-03,GHSGMD,Dalasi,Buying,6.1427,GMD per GH¢,0.1627948622,GH¢ per GMD,ok,
2026-06-03,GHSGMD,Dalasi,Selling,6.1554,GMD per GH¢,0.1624589791,GH¢ per GMD,ok,
2026-06-03,GHSGMD,Dalasi,Mid Rate,6.1491,GMD per GH¢,0.1626254249,GH¢ per GMD,ok,
2026-06-03,GHSMRO,Ouguiya,Buying,30.2227,MRO per GH¢,0.0330877122,GH¢ per MRO (old ouguiya; 10 MRO = 1 MRU since 2018),ok,
2026-06-03,GHSMRO,Ouguiya,Selling,30.3074,MRO per GH¢,0.0329952421,GH¢ per MRO (old ouguiya; 10 MRO = 1 MRU since 2018),ok,
2026-06-03,GHSMRO,Ouguiya,Mid Rate,30.2651,MRO per GH¢,0.0330413579,GH¢ per MRO (old ouguiya; 10 MRO = 1 MRU since 2018),ok,
2026-06-03,GHSNGN,Naira,Buying,115.0513,NGN per GH¢,0.0086917749,GH¢ per NGN,ok,
2026-06-03,GHSNGN,Naira,Selling,115.1359,NGN per GH¢,0.0086853883,GH¢ per NGN,ok,
2026-06-03,GHSNGN,Naira,Mid Rate,115.0936,NGN per GH¢,0.0086885804,GH¢ per NGN,ok,
2026-06-03,GHSSLL,Leone,Buying,"2,021.1982",SLL per GH¢,0.4947560313,"GH¢ per SLE (new leone; 1 SLE = 1,000 old leones)",ok,
2026-06-03,GHSSLL,Leone,Selling,"2,065.0426",SLL per GH¢,0.4842515113,"GH¢ per SLE (new leone; 1 SLE = 1,000 old leones)",ok,
2026-06-03,GHSSLL,Leone,Mid Rate,"2,043.1204",SLL per GH¢,0.4894474158,"GH¢ per SLE (new leone; 1 SLE = 1,000 old leones)",ok,
2026-06-03,GHSXOF,BCEAO,Buying,47.8602,XOF per GH¢,0.0208941877,GH¢ per XOF (CFA franc (BCEAO)),ok,
2026-06-03,GHSXOF,BCEAO,Selling,47.9073,XOF per GH¢,0.0208736456,GH¢ per XOF (CFA franc (BCEAO)),ok,
2026-06-03,GHSXOF,BCEAO,Mid Rate,47.8838,XOF per GH¢,0.0208838897,GH¢ per XOF (CFA franc (BCEAO)),ok,
2026-06-03,JPYGHS,Japanese yen,Buying,0.0738,GH¢ per JPY,0.0738,GH¢ per JPY,ok,
2026-06-03,JPYGHS,Japanese yen,Selling,0.0739,GH¢ per JPY,0.0739,GH¢ per JPY,ok,
2026-06-03,JPYGHS,Japanese yen,Mid Rate,0.0739,GH¢ per JPY,0.0739,GH¢ per JPY,ok,
2026-06-03,NOKGHS,Norwegian Krone,Buying,1.2660,GH¢ per NOK,1.266,GH¢ per NOK,ok,
2026-06-03,NOKGHS,Norwegian Krone,Selling,1.2669,GH¢ per NOK,1.2669,GH¢ per NOK,ok,
2026-06-03,NOKGHS,Norwegian Krone,Mid Rate,1.2665,GH¢ per NOK,1.2665,GH¢ per NOK,ok,
2026-06-03,NZDGHS,New Zealand Dollar,Buying,6.9197,GH¢ per NZD,6.9197,GH¢ per NZD,ok,
2026-06-03,NZDGHS,New Zealand Dollar,Selling,6.9287,GH¢ per NZD,6.9287,GH¢ per NZD,ok,
2026-06-03,NZDGHS,New Zealand Dollar,Mid Rate,6.9242,GH¢ per NZD,6.9242,GH¢ per NZD,ok,
2026-06-03,SEKGHS,Swedish Krona,Buying,1.2546,GH¢ per SEK,1.2546,GH¢ per SEK,ok,
2026-06-03,SEKGHS,Swedish Krona,Selling,1.2556,GH¢ per SEK,1.2556,GH¢ per SEK,ok,
2026-06-03,SEKGHS,Swedish Krona,Mid Rate,1.2551,GH¢ per SEK,1.2551,GH¢ per SEK,ok,
2026-06-03,WAUGHS,Ecowas,Buying,0.0122,GH¢ per WAU,0.0122,"GH¢ per WAU (BoG's 'Ecowas' unit, not defined by BoG)",ok,
2026-06-03,WAUGHS,Ecowas,Selling,0.0122,GH¢ per WAU,0.0122,"GH¢ per WAU (BoG's 'Ecowas' unit, not defined by BoG)",ok,
2026-06-03,WAUGHS,Ecowas,Mid Rate,0.0122,GH¢ per WAU,0.0122,"GH¢ per WAU (BoG's 'Ecowas' unit, not defined by BoG)",ok,
2026-06-03,ZARGHS,South African Rand,Buying,0.7223,GH¢ per ZAR,0.7223,GH¢ per ZAR,ok,
2026-06-03,ZARGHS,South African Rand,Selling,0.7227,GH¢ per ZAR,0.7227,GH¢ per ZAR,ok,
2026-06-03,ZARGHS,South African Rand,Mid Rate,0.7225,GH¢ per ZAR,0.7225,GH¢ per ZAR,ok,
2026-06-04,USDGHS,US Dollar,Buying,11.8339,GH¢ per USD,11.8339,GH¢ per USD,ok,
2026-06-04,USDGHS,US Dollar,Selling,11.8457,GH¢ per USD,11.8457,GH¢ per USD,ok,
2026-06-04,USDGHS,US Dollar,Mid Rate,11.8398,GH¢ per USD,11.8398,GH¢ per USD,ok,
2026-06-04,AUDGHS,Australian Dollar,Buying,8.4505,GH¢ per AUD,8.4505,GH¢ per AUD,ok,
2026-06-04,AUDGHS,Australian Dollar,Selling,8.4612,GH¢ per AUD,8.4612,GH¢ per AUD,ok,
2026-06-04,AUDGHS,Australian Dollar,Mid Rate,8.4559,GH¢ per AUD,8.4559,GH¢ per AUD,ok,
2026-06-04,CADGHS,Canadian Dollar,Buying,8.5203,GH¢ per CAD,8.5203,GH¢ per CAD,ok,
2026-06-04,CADGHS,Canadian Dollar,Selling,8.5286,GH¢ per CAD,8.5286,GH¢ per CAD,ok,
2026-06-04,CADGHS,Canadian Dollar,Mid Rate,8.5245,GH¢ per CAD,8.5245,GH¢ per CAD,ok,
2026-06-04,CHFGHS,Swiss Franc,Buying,15.0093,GH¢ per CHF,15.0093,GH¢ per CHF,ok,
2026-06-04,CHFGHS,Swiss Franc,Selling,15.0226,GH¢ per CHF,15.0226,GH¢ per CHF,ok,
2026-06-04,CHFGHS,Swiss Franc,Mid Rate,15.0160,GH¢ per CHF,15.016,GH¢ per CHF,ok,
2026-06-04,CNYGHS,Yuan Renminbi,Buying,1.7474,GH¢ per CNY,1.7474,GH¢ per CNY,ok,
2026-06-04,CNYGHS,Yuan Renminbi,Selling,1.7483,GH¢ per CNY,1.7483,GH¢ per CNY,ok,
2026-06-04,CNYGHS,Yuan Renminbi,Mid Rate,1.7479,GH¢ per CNY,1.7479,GH¢ per CNY,ok,
2026-06-04,DKKGHS,Danish Krone,Buying,1.8413,GH¢ per DKK,1.8413,GH¢ per DKK,ok,
2026-06-04,DKKGHS,Danish Krone,Selling,1.8430,GH¢ per DKK,1.843,GH¢ per DKK,ok,
2026-06-04,DKKGHS,Danish Krone,Mid Rate,1.8422,GH¢ per DKK,1.8422,GH¢ per DKK,ok,
2026-06-04,EURGHS,Euro,Buying,13.7623,GH¢ per EUR,13.7623,GH¢ per EUR,ok,
2026-06-04,EURGHS,Euro,Selling,13.7747,GH¢ per EUR,13.7747,GH¢ per EUR,ok,
2026-06-04,EURGHS,Euro,Mid Rate,13.7685,GH¢ per EUR,13.7685,GH¢ per EUR,ok,
2026-06-04,GBPGHS,Pound Sterling,Buying,15.9024,GH¢ per GBP,15.9024,GH¢ per GBP,ok,
2026-06-04,GBPGHS,Pound Sterling,Selling,15.9195,GH¢ per GBP,15.9195,GH¢ per GBP,ok,
2026-06-04,GBPGHS,Pound Sterling,Mid Rate,15.9110,GH¢ per GBP,15.911,GH¢ per GBP,ok,
2026-06-04,GHSGMD,Dalasi,Buying,6.1284,GMD per GH¢,0.1631747275,GH¢ per GMD,ok,
2026-06-04,GHSGMD,Dalasi,Selling,6.1606,GMD per GH¢,0.1623218518,GH¢ per GMD,ok,
2026-06-04,GHSGMD,Dalasi,Mid Rate,6.1445,GMD per GH¢,0.1627471723,GH¢ per GMD,ok,
2026-06-04,GHSMRO,Ouguiya,Buying,30.1525,MRO per GH¢,0.0331647459,GH¢ per MRO (old ouguiya; 10 MRO = 1 MRU since 2018),ok,
2026-06-04,GHSMRO,Ouguiya,Selling,30.2370,MRO per GH¢,0.033072064,GH¢ per MRO (old ouguiya; 10 MRO = 1 MRU since 2018),ok,
2026-06-04,GHSMRO,Ouguiya,Mid Rate,30.1948,MRO per GH¢,0.0331182853,GH¢ per MRO (old ouguiya; 10 MRO = 1 MRU since 2018),ok,
2026-06-04,GHSNGN,Naira,Buying,114.8668,NGN per GH¢,0.0087057357,GH¢ per NGN,ok,
2026-06-04,GHSNGN,Naira,Selling,114.9724,NGN per GH¢,0.0086977396,GH¢ per NGN,ok,
2026-06-04,GHSNGN,Naira,Mid Rate,114.9196,NGN per GH¢,0.0087017358,GH¢ per NGN,ok,
2026-06-04,GHSSLL,Leone,Buying,"2,016.5037",SLL per GH¢,0.4959078429,"GH¢ per SLE (new leone; 1 SLE = 1,000 old leones)",ok,
2026-06-04,GHSSLL,Leone,Selling,"2,059.8450",SLL per GH¢,0.4854734215,"GH¢ per SLE (new leone; 1 SLE = 1,000 old leones)",ok,
2026-06-04,GHSSLL,Leone,Mid Rate,"2,038.1744",SLL per GH¢,0.4906351488,"GH¢ per SLE (new leone; 1 SLE = 1,000 old leones)",ok,
2026-06-04,GHSXOF,BCEAO,Buying,47.6204,XOF per GH¢,0.0209994036,GH¢ per XOF (CFA franc (BCEAO)),ok,
2026-06-04,GHSXOF,BCEAO,Selling,47.6633,XOF per GH¢,0.0209805028,GH¢ per XOF (CFA franc (BCEAO)),ok,
2026-06-04,GHSXOF,BCEAO,Mid Rate,47.6419,XOF per GH¢,0.0209899269,GH¢ per XOF (CFA franc (BCEAO)),ok,
2026-06-04,JPYGHS,Japanese yen,Buying,0.0740,GH¢ per JPY,0.074,GH¢ per JPY,ok,
2026-06-04,JPYGHS,Japanese yen,Selling,0.0740,GH¢ per JPY,0.074,GH¢ per JPY,ok,
2026-06-04,JPYGHS,Japanese yen,Mid Rate,0.0740,GH¢ per JPY,0.074,GH¢ per JPY,ok,
2026-06-04,NOKGHS,Norwegian Krone,Buying,1.2682,GH¢ per NOK,1.2682,GH¢ per NOK,ok,
2026-06-04,NOKGHS,Norwegian Krone,Selling,1.2692,GH¢ per NOK,1.2692,GH¢ per NOK,ok,
2026-06-04,NOKGHS,Norwegian Krone,Mid Rate,1.2687,GH¢ per NOK,1.2687,GH¢ per NOK,ok,
2026-06-04,NZDGHS,New Zealand Dollar,Buying,6.9557,GH¢ per NZD,6.9557,GH¢ per NZD,ok,
2026-06-04,NZDGHS,New Zealand Dollar,Selling,6.9632,GH¢ per NZD,6.9632,GH¢ per NZD,ok,
2026-06-04,NZDGHS,New Zealand Dollar,Mid Rate,6.9595,GH¢ per NZD,6.9595,GH¢ per NZD,ok,
2026-06-04,SEKGHS,Swedish Krona,Buying,1.2645,GH¢ per SEK,1.2645,GH¢ per SEK,ok,
2026-06-04,SEKGHS,Swedish Krona,Selling,1.2655,GH¢ per SEK,1.2655,GH¢ per SEK,ok,
2026-06-04,SEKGHS,Swedish Krona,Mid Rate,1.2650,GH¢ per SEK,1.265,GH¢ per SEK,ok,
2026-06-04,WAUGHS,Ecowas,Buying,0.0122,GH¢ per WAU,0.0122,"GH¢ per WAU (BoG's 'Ecowas' unit, not defined by BoG)",ok,
2026-06-04,WAUGHS,Ecowas,Selling,0.0122,GH¢ per WAU,0.0122,"GH¢ per WAU (BoG's 'Ecowas' unit, not defined by BoG)",ok,
2026-06-04,WAUGHS,Ecowas,Mid Rate,0.0122,GH¢ per WAU,0.0122,"GH¢ per WAU (BoG's 'Ecowas' unit, not defined by BoG)",ok,
2026-06-04,ZARGHS,South African Rand,Buying,0.7265,GH¢ per ZAR,0.7265,GH¢ per ZAR,ok,
2026-06-04,ZARGHS,South African Rand,Selling,0.7269,GH¢ per ZAR,0.7269,GH¢ per ZAR,ok,
2026-06-04,ZARGHS,South African Rand,Mid Rate,0.7267,GH¢ per ZAR,0.7267,GH¢ per ZAR,ok,
2026-06-05,USDGHS,US Dollar,Buying,11.8446,GH¢ per USD,11.8446,GH¢ per USD,ok,
2026-06-05,USDGHS,US Dollar,Selling,11.8564,GH¢ per USD,11.8564,GH¢ per USD,ok,
2026-06-05,USDGHS,US Dollar,Mid Rate,11.8505,GH¢ per USD,11.8505,GH¢ per USD,ok,
2026-06-05,AUDGHS,Australian Dollar,Buying,8.3610,GH¢ per AUD,8.361,GH¢ per AUD,ok,
2026-06-05,AUDGHS,Australian Dollar,Selling,8.3700,GH¢ per AUD,8.37,GH¢ per AUD,ok,
2026-06-05,AUDGHS,Australian Dollar,Mid Rate,8.3655,GH¢ per AUD,8.3655,GH¢ per AUD,ok,
2026-06-05,CADGHS,Canadian Dollar,Buying,8.4984,GH¢ per CAD,8.4984,GH¢ per CAD,ok,
2026-06-05,CADGHS,Canadian Dollar,Selling,8.5066,GH¢ per CAD,8.5066,GH¢ per CAD,ok,
2026-06-05,CADGHS,Canadian Dollar,Mid Rate,8.5025,GH¢ per CAD,8.5025,GH¢ per CAD,ok,
2026-06-05,CHFGHS,Swiss Franc,Buying,14.8868,GH¢ per CHF,14.8868,GH¢ per CHF,ok,
2026-06-05,CHFGHS,Swiss Franc,Selling,14.9014,GH¢ per CHF,14.9014,GH¢ per CHF,ok,
2026-06-05,CHFGHS,Swiss Franc,Mid Rate,14.8941,GH¢ per CHF,14.8941,GH¢ per CHF,ok,
2026-06-05,CNYGHS,Yuan Renminbi,Buying,1.7451,GH¢ per CNY,1.7451,GH¢ per CNY,ok,
2026-06-05,CNYGHS,Yuan Renminbi,Selling,1.7464,GH¢ per CNY,1.7464,GH¢ per CNY,ok,
2026-06-05,CNYGHS,Yuan Renminbi,Mid Rate,1.7458,GH¢ per CNY,1.7458,GH¢ per CNY,ok,
2026-06-05,DKKGHS,Danish Krone,Buying,1.8271,GH¢ per DKK,1.8271,GH¢ per DKK,ok,
2026-06-05,DKKGHS,Danish Krone,Selling,1.8288,GH¢ per DKK,1.8288,GH¢ per DKK,ok,
2026-06-05,DKKGHS,Danish Krone,Mid Rate,1.8280,GH¢ per DKK,1.828,GH¢ per DKK,ok,
2026-06-05,EURGHS,Euro,Buying,13.6556,GH¢ per EUR,13.6556,GH¢ per EUR,ok,
2026-06-05,EURGHS,Euro,Selling,13.6703,GH¢ per EUR,13.6703,GH¢ per EUR,ok,
2026-06-05,EURGHS,Euro,Mid Rate,13.6630,GH¢ per EUR,13.663,GH¢ per EUR,ok,
2026-06-05,GBPGHS,Pound Sterling,Buying,15.8172,GH¢ per GBP,15.8172,GH¢ per GBP,ok,
2026-06-05,GBPGHS,Pound Sterling,Selling,15.8343,GH¢ per GBP,15.8343,GH¢ per GBP,ok,
2026-06-05,GBPGHS,Pound Sterling,Mid Rate,15.8258,GH¢ per GBP,15.8258,GH¢ per GBP,ok,
2026-06-05,GHSGMD,Dalasi,Buying,6.1229,GMD per GH¢,0.163321302,GH¢ per GMD,ok,
2026-06-05,GHSGMD,Dalasi,Selling,6.1626,GMD per GH¢,0.1622691721,GH¢ per GMD,ok,
2026-06-05,GHSGMD,Dalasi,Mid Rate,6.1428,GMD per GH¢,0.162792212,GH¢ per GMD,ok,
2026-06-05,GHSMRO,Ouguiya,Buying,30.1253,MRO per GH¢,0.0331946902,GH¢ per MRO (old ouguiya; 10 MRO = 1 MRU since 2018),ok,
2026-06-05,GHSMRO,Ouguiya,Selling,30.2097,MRO per GH¢,0.0331019507,GH¢ per MRO (old ouguiya; 10 MRO = 1 MRU since 2018),ok,
2026-06-05,GHSMRO,Ouguiya,Mid Rate,30.1675,MRO per GH¢,0.0331482556,GH¢ per MRO (old ouguiya; 10 MRO = 1 MRU since 2018),ok,
2026-06-05,GHSNGN,Naira,Buying,114.8728,NGN per GH¢,0.008705281,GH¢ per NGN,ok,
2026-06-05,GHSNGN,Naira,Selling,114.9572,NGN per GH¢,0.0086988897,GH¢ per NGN,ok,
2026-06-05,GHSNGN,Naira,Mid Rate,114.9150,NGN per GH¢,0.0087020841,GH¢ per NGN,ok,
2026-06-05,GHSSLL,Leone,Buying,"2,014.6829",SLL per GH¢,0.496356027,"GH¢ per SLE (new leone; 1 SLE = 1,000 old leones)",ok,
2026-06-05,GHSSLL,Leone,Selling,"2,057.9300",SLL per GH¢,0.4859251772,"GH¢ per SLE (new leone; 1 SLE = 1,000 old leones)",ok,
2026-06-05,GHSSLL,Leone,Mid Rate,"2,036.3065",SLL per GH¢,0.4910852075,"GH¢ per SLE (new leone; 1 SLE = 1,000 old leones)",ok,
2026-06-05,GHSXOF,BCEAO,Buying,47.9841,XOF per GH¢,0.0208402367,GH¢ per XOF (CFA franc (BCEAO)),ok,
2026-06-05,GHSXOF,BCEAO,Selling,48.0358,XOF per GH¢,0.0208178067,GH¢ per XOF (CFA franc (BCEAO)),ok,
2026-06-05,GHSXOF,BCEAO,Mid Rate,48.0100,XOF per GH¢,0.020828994,GH¢ per XOF (CFA franc (BCEAO)),ok,
2026-06-05,JPYGHS,Japanese yen,Buying,0.0739,GH¢ per JPY,0.0739,GH¢ per JPY,ok,
2026-06-05,JPYGHS,Japanese yen,Selling,0.0740,GH¢ per JPY,0.074,GH¢ per JPY,ok,
2026-06-05,JPYGHS,Japanese yen,Mid Rate,0.0740,GH¢ per JPY,0.074,GH¢ per JPY,ok,
2026-06-05,NOKGHS,Norwegian Krone,Buying,1.2529,GH¢ per NOK,1.2529,GH¢ per NOK,ok,
2026-06-05,NOKGHS,Norwegian Krone,Selling,1.2538,GH¢ per NOK,1.2538,GH¢ per NOK,ok,
2026-06-05,NOKGHS,Norwegian Krone,Mid Rate,1.2534,GH¢ per NOK,1.2534,GH¢ per NOK,ok,
2026-06-05,NZDGHS,New Zealand Dollar,Buying,6.8773,GH¢ per NZD,6.8773,GH¢ per NZD,ok,
2026-06-05,NZDGHS,New Zealand Dollar,Selling,6.8863,GH¢ per NZD,6.8863,GH¢ per NZD,ok,
2026-06-05,NZDGHS,New Zealand Dollar,Mid Rate,6.8818,GH¢ per NZD,6.8818,GH¢ per NZD,ok,
2026-06-05,SEKGHS,Swedish Krona,Buying,1.2520,GH¢ per SEK,1.252,GH¢ per SEK,ok,
2026-06-05,SEKGHS,Swedish Krona,Selling,1.2529,GH¢ per SEK,1.2529,GH¢ per SEK,ok,
2026-06-05,SEKGHS,Swedish Krona,Mid Rate,1.2525,GH¢ per SEK,1.2525,GH¢ per SEK,ok,
2026-06-05,WAUGHS,Ecowas,Buying,0.0121,GH¢ per WAU,0.0121,"GH¢ per WAU (BoG's 'Ecowas' unit, not defined by BoG)",ok,
2026-06-05,WAUGHS,Ecowas,Selling,0.0121,GH¢ per WAU,0.0121,"GH¢ per WAU (BoG's 'Ecowas' unit, not defined by BoG)",ok,
2026-06-05,WAUGHS,Ecowas,Mid Rate,0.0121,GH¢ per WAU,0.0121,"GH¢ per WAU (BoG's 'Ecowas' unit, not defined by BoG)",ok,
2026-06-05,ZARGHS,South African Rand,Buying,0.7162,GH¢ per ZAR,0.7162,GH¢ per ZAR,ok,
2026-06-05,ZARGHS,South African Rand,Selling,0.7167,GH¢ per ZAR,0.7167,GH¢ per ZAR,ok,
2026-06-05,ZARGHS,South African Rand,Mid Rate,0.7165,GH¢ per ZAR,0.7165,GH¢ per ZAR,ok,
2026-06-08,USDGHS,US Dollar,Buying,11.8341,GH¢ per USD,11.8341,GH¢ per USD,ok,
2026-06-08,USDGHS,US Dollar,Selling,11.8459,GH¢ per USD,11.8459,GH¢ per USD,ok,
2026-06-08,USDGHS,US Dollar,Mid Rate,11.8400,GH¢ per USD,11.84,GH¢ per USD,ok,
2026-06-08,AUDGHS,Australian Dollar,Buying,8.3451,GH¢ per AUD,8.3451,GH¢ per AUD,ok,
2026-06-08,AUDGHS,Australian Dollar,Selling,8.3535,GH¢ per AUD,8.3535,GH¢ per AUD,ok,
2026-06-08,AUDGHS,Australian Dollar,Mid Rate,8.3493,GH¢ per AUD,8.3493,GH¢ per AUD,ok,
2026-06-08,CADGHS,Canadian Dollar,Buying,8.4825,GH¢ per CAD,8.4825,GH¢ per CAD,ok,
2026-06-08,CADGHS,Canadian Dollar,Selling,8.4896,GH¢ per CAD,8.4896,GH¢ per CAD,ok,
2026-06-08,CADGHS,Canadian Dollar,Mid Rate,8.4861,GH¢ per CAD,8.4861,GH¢ per CAD,ok,
2026-06-08,CHFGHS,Swiss Franc,Buying,14.8418,GH¢ per CHF,14.8418,GH¢ per CHF,ok,
2026-06-08,CHFGHS,Swiss Franc,Selling,14.8553,GH¢ per CHF,14.8553,GH¢ per CHF,ok,
2026-06-08,CHFGHS,Swiss Franc,Mid Rate,14.8486,GH¢ per CHF,14.8486,GH¢ per CHF,ok,
2026-06-08,CNYGHS,Yuan Renminbi,Buying,1.7446,GH¢ per CNY,1.7446,GH¢ per CNY,ok,
2026-06-08,CNYGHS,Yuan Renminbi,Selling,1.7458,GH¢ per CNY,1.7458,GH¢ per CNY,ok,
2026-06-08,CNYGHS,Yuan Renminbi,Mid Rate,1.7452,GH¢ per CNY,1.7452,GH¢ per CNY,ok,
2026-06-08,DKKGHS,Danish Krone,Buying,1.8273,GH¢ per DKK,1.8273,GH¢ per DKK,ok,
2026-06-08,DKKGHS,Danish Krone,Selling,1.8288,GH¢ per DKK,1.8288,GH¢ per DKK,ok,
2026-06-08,DKKGHS,Danish Krone,Mid Rate,1.8281,GH¢ per DKK,1.8281,GH¢ per DKK,ok,
2026-06-08,EURGHS,Euro,Buying,13.6570,GH¢ per EUR,13.657,GH¢ per EUR,ok,
2026-06-08,EURGHS,Euro,Selling,13.6695,GH¢ per EUR,13.6695,GH¢ per EUR,ok,
2026-06-08,EURGHS,Euro,Mid Rate,13.6633,GH¢ per EUR,13.6633,GH¢ per EUR,ok,
2026-06-08,GBPGHS,Pound Sterling,Buying,15.7902,GH¢ per GBP,15.7902,GH¢ per GBP,ok,
2026-06-08,GBPGHS,Pound Sterling,Selling,15.8060,GH¢ per GBP,15.806,GH¢ per GBP,ok,
2026-06-08,GBPGHS,Pound Sterling,Mid Rate,15.7981,GH¢ per GBP,15.7981,GH¢ per GBP,ok,
2026-06-08,GHSGMD,Dalasi,Buying,6.1386,GMD per GH¢,0.1629035937,GH¢ per GMD,ok,
2026-06-08,GHSGMD,Dalasi,Selling,6.2157,GMD per GH¢,0.1608829255,GH¢ per GMD,ok,
2026-06-08,GHSGMD,Dalasi,Mid Rate,6.1772,GMD per GH¢,0.161885644,GH¢ per GMD,ok,
2026-06-08,GHSMRO,Ouguiya,Buying,30.1520,MRO per GH¢,0.0331652958,GH¢ per MRO (old ouguiya; 10 MRO = 1 MRU since 2018),ok,
2026-06-08,GHSMRO,Ouguiya,Selling,30.2365,MRO per GH¢,0.0330726109,GH¢ per MRO (old ouguiya; 10 MRO = 1 MRU since 2018),ok,
2026-06-08,GHSMRO,Ouguiya,Mid Rate,30.1943,MRO per GH¢,0.0331188337,GH¢ per MRO (old ouguiya; 10 MRO = 1 MRU since 2018),ok,
2026-06-08,GHSNGN,Naira,Buying,115.0000,NGN per GH¢,0.0086956522,GH¢ per NGN,ok,
2026-06-08,GHSNGN,Naira,Selling,115.0845,NGN per GH¢,0.0086892675,GH¢ per NGN,ok,
2026-06-08,GHSNGN,Naira,Mid Rate,115.0423,NGN per GH¢,0.0086924549,GH¢ per NGN,ok,
2026-06-08,GHSSLL,Leone,Buying,"2,013.2781",SLL per GH¢,0.4967023681,"GH¢ per SLE (new leone; 1 SLE = 1,000 old leones)",ok,
2026-06-08,GHSSLL,Leone,Selling,"2,063.1984",SLL per GH¢,0.4846843619,"GH¢ per SLE (new leone; 1 SLE = 1,000 old leones)",ok,
2026-06-08,GHSSLL,Leone,Mid Rate,"2,038.2383",SLL per GH¢,0.4906197671,"GH¢ per SLE (new leone; 1 SLE = 1,000 old leones)",ok,
2026-06-08,GHSXOF,BCEAO,Buying,47.9869,XOF per GH¢,0.0208390206,GH¢ per XOF (CFA franc (BCEAO)),ok,
2026-06-08,GHSXOF,BCEAO,Selling,48.0308,XOF per GH¢,0.0208199739,GH¢ per XOF (CFA franc (BCEAO)),ok,
2026-06-08,GHSXOF,BCEAO,Mid Rate,48.0089,XOF per GH¢,0.0208294712,GH¢ per XOF (CFA franc (BCEAO)),ok,
2026-06-08,JPYGHS,Japanese yen,Buying,0.0739,GH¢ per JPY,0.0739,GH¢ per JPY,ok,
2026-06-08,JPYGHS,Japanese yen,Selling,0.0740,GH¢ per JPY,0.074,GH¢ per JPY,ok,
2026-06-08,JPYGHS,Japanese yen,Mid Rate,0.0740,GH¢ per JPY,0.074,GH¢ per JPY,ok,
2026-06-08,NOKGHS,Norwegian Krone,Buying,1.2503,GH¢ per NOK,1.2503,GH¢ per NOK,ok,
2026-06-08,NOKGHS,Norwegian Krone,Selling,1.2511,GH¢ per NOK,1.2511,GH¢ per NOK,ok,
2026-06-08,NOKGHS,Norwegian Krone,Mid Rate,1.2507,GH¢ per NOK,1.2507,GH¢ per NOK,ok,
2026-06-08,NZDGHS,New Zealand Dollar,Buying,6.8798,GH¢ per NZD,6.8798,GH¢ per NZD,ok,
2026-06-08,NZDGHS,New Zealand Dollar,Selling,6.8883,GH¢ per NZD,6.8883,GH¢ per NZD,ok,
2026-06-08,NZDGHS,New Zealand Dollar,Mid Rate,6.8841,GH¢ per NZD,6.8841,GH¢ per NZD,ok,
2026-06-08,SEKGHS,Swedish Krona,Buying,1.2554,GH¢ per SEK,1.2554,GH¢ per SEK,ok,
2026-06-08,SEKGHS,Swedish Krona,Selling,1.2564,GH¢ per SEK,1.2564,GH¢ per SEK,ok,
2026-06-08,SEKGHS,Swedish Krona,Mid Rate,1.2559,GH¢ per SEK,1.2559,GH¢ per SEK,ok,
2026-06-08,WAUGHS,Ecowas,Buying,0.0122,GH¢ per WAU,0.0122,"GH¢ per WAU (BoG's 'Ecowas' unit, not defined by BoG)",ok,
2026-06-08,WAUGHS,Ecowas,Selling,0.0122,GH¢ per WAU,0.0122,"GH¢ per WAU (BoG's 'Ecowas' unit, not defined by BoG)",ok,
2026-06-08,WAUGHS,Ecowas,Mid Rate,0.0122,GH¢ per WAU,0.0122,"GH¢ per WAU (BoG's 'Ecowas' unit, not defined by BoG)",ok,
2026-06-08,ZARGHS,South African Rand,Buying,0.7169,GH¢ per ZAR,0.7169,GH¢ per ZAR,ok,
2026-06-08,ZARGHS,South African Rand,Selling,0.7172,GH¢ per ZAR,0.7172,GH¢ per ZAR,ok,
2026-06-08,ZARGHS,South African Rand,Mid Rate,0.7171,GH¢ per ZAR,0.7171,GH¢ per ZAR,ok,
2026-06-09,USDGHS,US Dollar,Buying,11.7741,GH¢ per USD,11.7741,GH¢ per USD,ok,
2026-06-09,USDGHS,US Dollar,Selling,11.7859,GH¢ per USD,11.7859,GH¢ per USD,ok,
2026-06-09,USDGHS,US Dollar,Mid Rate,11.7800,GH¢ per USD,11.78,GH¢ per USD,ok,
2026-06-09,AUDGHS,Australian Dollar,Buying,8.2548,GH¢ per AUD,8.2548,GH¢ per AUD,ok,
2026-06-09,AUDGHS,Australian Dollar,Selling,8.2653,GH¢ per AUD,8.2653,GH¢ per AUD,ok,
2026-06-09,AUDGHS,Australian Dollar,Mid Rate,8.2601,GH¢ per AUD,8.2601,GH¢ per AUD,ok,
2026-06-09,CADGHS,Canadian Dollar,Buying,8.4321,GH¢ per CAD,8.4321,GH¢ per CAD,ok,
2026-06-09,CADGHS,Canadian Dollar,Selling,8.4393,GH¢ per CAD,8.4393,GH¢ per CAD,ok,
2026-06-09,CADGHS,Canadian Dollar,Mid Rate,8.4357,GH¢ per CAD,8.4357,GH¢ per CAD,ok,
2026-06-09,CHFGHS,Swiss Franc,Buying,14.7433,GH¢ per CHF,14.7433,GH¢ per CHF,ok,
2026-06-09,CHFGHS,Swiss Franc,Selling,14.7564,GH¢ per CHF,14.7564,GH¢ per CHF,ok,
2026-06-09,CHFGHS,Swiss Franc,Mid Rate,14.7499,GH¢ per CHF,14.7499,GH¢ per CHF,ok,
2026-06-09,CNYGHS,Yuan Renminbi,Buying,1.7381,GH¢ per CNY,1.7381,GH¢ per CNY,ok,
2026-06-09,CNYGHS,Yuan Renminbi,Selling,1.7395,GH¢ per CNY,1.7395,GH¢ per CNY,ok,
2026-06-09,CNYGHS,Yuan Renminbi,Mid Rate,1.7388,GH¢ per CNY,1.7388,GH¢ per CNY,ok,
2026-06-09,DKKGHS,Danish Krone,Buying,1.8175,GH¢ per DKK,1.8175,GH¢ per DKK,ok,
2026-06-09,DKKGHS,Danish Krone,Selling,1.8191,GH¢ per DKK,1.8191,GH¢ per DKK,ok,
2026-06-09,DKKGHS,Danish Krone,Mid Rate,1.8183,GH¢ per DKK,1.8183,GH¢ per DKK,ok,
2026-06-09,EURGHS,Euro,Buying,13.5852,GH¢ per EUR,13.5852,GH¢ per EUR,ok,
2026-06-09,EURGHS,Euro,Selling,13.5963,GH¢ per EUR,13.5963,GH¢ per EUR,ok,
2026-06-09,EURGHS,Euro,Mid Rate,13.5908,GH¢ per EUR,13.5908,GH¢ per EUR,ok,
2026-06-09,GBPGHS,Pound Sterling,Buying,15.7385,GH¢ per GBP,15.7385,GH¢ per GBP,ok,
2026-06-09,GBPGHS,Pound Sterling,Selling,15.7554,GH¢ per GBP,15.7554,GH¢ per GBP,ok,
2026-06-09,GBPGHS,Pound Sterling,Mid Rate,15.7470,GH¢ per GBP,15.747,GH¢ per GBP,ok,
2026-06-09,GHSGMD,Dalasi,Buying,6.1595,GMD per GH¢,0.1623508402,GH¢ per GMD,ok,
2026-06-09,GHSGMD,Dalasi,Selling,6.1699,GMD per GH¢,0.1620771812,GH¢ per GMD,ok,
2026-06-09,GHSGMD,Dalasi,Mid Rate,6.1647,GMD per GH¢,0.1622138952,GH¢ per GMD,ok,
2026-06-09,GHSMRO,Ouguiya,Buying,30.3056,MRO per GH¢,0.0329972018,GH¢ per MRO (old ouguiya; 10 MRO = 1 MRU since 2018),ok,
2026-06-09,GHSMRO,Ouguiya,Selling,30.3905,MRO per GH¢,0.0329050197,GH¢ per MRO (old ouguiya; 10 MRO = 1 MRU since 2018),ok,
2026-06-09,GHSMRO,Ouguiya,Mid Rate,30.3481,MRO per GH¢,0.032950992,GH¢ per MRO (old ouguiya; 10 MRO = 1 MRU since 2018),ok,
2026-06-09,GHSNGN,Naira,Buying,115.4635,NGN per GH¢,0.0086607456,GH¢ per NGN,ok,
2026-06-09,GHSNGN,Naira,Selling,115.5492,NGN per GH¢,0.0086543221,GH¢ per NGN,ok,
2026-06-09,GHSNGN,Naira,Mid Rate,115.5064,NGN per GH¢,0.0086575289,GH¢ per NGN,ok,
2026-06-09,GHSSLL,Leone,Buying,"2,026.7402",SLL per GH¢,0.4934031505,"GH¢ per SLE (new leone; 1 SLE = 1,000 old leones)",ok,
2026-06-09,GHSSLL,Leone,Selling,"2,066.9017",SLL per GH¢,0.4838159454,"GH¢ per SLE (new leone; 1 SLE = 1,000 old leones)",ok,
2026-06-09,GHSSLL,Leone,Mid Rate,"2,046.8210",SLL per GH¢,0.4885625074,"GH¢ per SLE (new leone; 1 SLE = 1,000 old leones)",ok,
2026-06-09,GHSXOF,BCEAO,Buying,48.2453,XOF per GH¢,0.0207274076,GH¢ per XOF (CFA franc (BCEAO)),ok,
2026-06-09,GHSXOF,BCEAO,Selling,48.2847,XOF per GH¢,0.0207104942,GH¢ per XOF (CFA franc (BCEAO)),ok,
2026-06-09,GHSXOF,BCEAO,Mid Rate,48.2650,XOF per GH¢,0.0207189475,GH¢ per XOF (CFA franc (BCEAO)),ok,
2026-06-09,JPYGHS,Japanese yen,Buying,0.0734,GH¢ per JPY,0.0734,GH¢ per JPY,ok,
2026-06-09,JPYGHS,Japanese yen,Selling,0.0735,GH¢ per JPY,0.0735,GH¢ per JPY,ok,
2026-06-09,JPYGHS,Japanese yen,Mid Rate,0.0735,GH¢ per JPY,0.0735,GH¢ per JPY,ok,
2026-06-09,NOKGHS,Norwegian Krone,Buying,1.2372,GH¢ per NOK,1.2372,GH¢ per NOK,ok,
2026-06-09,NOKGHS,Norwegian Krone,Selling,1.2377,GH¢ per NOK,1.2377,GH¢ per NOK,ok,
2026-06-09,NOKGHS,Norwegian Krone,Mid Rate,1.2375,GH¢ per NOK,1.2375,GH¢ per NOK,ok,
2026-06-09,NZDGHS,New Zealand Dollar,Buying,6.8399,GH¢ per NZD,6.8399,GH¢ per NZD,ok,
2026-06-09,NZDGHS,New Zealand Dollar,Selling,6.8489,GH¢ per NZD,6.8489,GH¢ per NZD,ok,
2026-06-09,NZDGHS,New Zealand Dollar,Mid Rate,6.8444,GH¢ per NZD,6.8444,GH¢ per NZD,ok,
2026-06-09,SEKGHS,Swedish Krona,Buying,1.2422,GH¢ per SEK,1.2422,GH¢ per SEK,ok,
2026-06-09,SEKGHS,Swedish Krona,Selling,1.2430,GH¢ per SEK,1.243,GH¢ per SEK,ok,
2026-06-09,SEKGHS,Swedish Krona,Mid Rate,1.2426,GH¢ per SEK,1.2426,GH¢ per SEK,ok,
2026-06-09,WAUGHS,Ecowas,Buying,0.0123,GH¢ per WAU,0.0123,"GH¢ per WAU (BoG's 'Ecowas' unit, not defined by BoG)",ok,
2026-06-09,WAUGHS,Ecowas,Selling,0.0123,GH¢ per WAU,0.0123,"GH¢ per WAU (BoG's 'Ecowas' unit, not defined by BoG)",ok,
2026-06-09,WAUGHS,Ecowas,Mid Rate,0.0123,GH¢ per WAU,0.0123,"GH¢ per WAU (BoG's 'Ecowas' unit, not defined by BoG)",ok,
2026-06-09,ZARGHS,South African Rand,Buying,0.7122,GH¢ per ZAR,0.7122,GH¢ per ZAR,ok,
2026-06-09,ZARGHS,South African Rand,Selling,0.7124,GH¢ per ZAR,0.7124,GH¢ per ZAR,ok,
2026-06-09,ZARGHS,South African Rand,Mid Rate,0.7123,GH¢ per ZAR,0.7123,GH¢ per ZAR,ok,
2026-06-10,USDGHS,US Dollar,Buying,11.4943,GH¢ per USD,11.4943,GH¢ per USD,ok,
2026-06-10,USDGHS,US Dollar,Selling,11.5058,GH¢ per USD,11.5058,GH¢ per USD,ok,
2026-06-10,USDGHS,US Dollar,Mid Rate,11.5000,GH¢ per USD,11.5,GH¢ per USD,ok,
2026-06-10,AUDGHS,Australian Dollar,Buying,8.0679,GH¢ per AUD,8.0679,GH¢ per AUD,ok,
2026-06-10,AUDGHS,Australian Dollar,Selling,8.0781,GH¢ per AUD,8.0781,GH¢ per AUD,ok,
2026-06-10,AUDGHS,Australian Dollar,Mid Rate,8.0730,GH¢ per AUD,8.073,GH¢ per AUD,ok,
2026-06-10,CADGHS,Canadian Dollar,Buying,8.2520,GH¢ per CAD,8.252,GH¢ per CAD,ok,
2026-06-10,CADGHS,Canadian Dollar,Selling,8.2600,GH¢ per CAD,8.26,GH¢ per CAD,ok,
2026-06-10,CADGHS,Canadian Dollar,Mid Rate,8.2560,GH¢ per CAD,8.256,GH¢ per CAD,ok,
2026-06-10,CHFGHS,Swiss Franc,Buying,14.3960,GH¢ per CHF,14.396,GH¢ per CHF,ok,
2026-06-10,CHFGHS,Swiss Franc,Selling,14.4102,GH¢ per CHF,14.4102,GH¢ per CHF,ok,
2026-06-10,CHFGHS,Swiss Franc,Mid Rate,14.4031,GH¢ per CHF,14.4031,GH¢ per CHF,ok,
2026-06-10,CNYGHS,Yuan Renminbi,Buying,1.6966,GH¢ per CNY,1.6966,GH¢ per CNY,ok,
2026-06-10,CNYGHS,Yuan Renminbi,Selling,1.6977,GH¢ per CNY,1.6977,GH¢ per CNY,ok,
2026-06-10,CNYGHS,Yuan Renminbi,Mid Rate,1.6972,GH¢ per CNY,1.6972,GH¢ per CNY,ok,
2026-06-10,DKKGHS,Danish Krone,Buying,1.7770,GH¢ per DKK,1.777,GH¢ per DKK,ok,
2026-06-10,DKKGHS,Danish Krone,Selling,1.7786,GH¢ per DKK,1.7786,GH¢ per DKK,ok,
2026-06-10,DKKGHS,Danish Krone,Mid Rate,1.7778,GH¢ per DKK,1.7778,GH¢ per DKK,ok,
2026-06-10,EURGHS,Euro,Buying,13.2805,GH¢ per EUR,13.2805,GH¢ per EUR,ok,
2026-06-10,EURGHS,Euro,Selling,13.2937,GH¢ per EUR,13.2937,GH¢ per EUR,ok,
2026-06-10,EURGHS,Euro,Mid Rate,13.2871,GH¢ per EUR,13.2871,GH¢ per EUR,ok,
2026-06-10,GBPGHS,Pound Sterling,Buying,15.3908,GH¢ per GBP,15.3908,GH¢ per GBP,ok,
2026-06-10,GBPGHS,Pound Sterling,Selling,15.4073,GH¢ per GBP,15.4073,GH¢ per GBP,ok,
2026-06-10,GBPGHS,Pound Sterling,Mid Rate,15.3991,GH¢ per GBP,15.3991,GH¢ per GBP,ok,
2026-06-10,GHSGMD,Dalasi,Buying,6.3201,GMD per GH¢,0.1582253445,GH¢ per GMD,ok,
2026-06-10,GHSGMD,Dalasi,Selling,6.4095,GMD per GH¢,0.1560184102,GH¢ per GMD,ok,
2026-06-10,GHSGMD,Dalasi,Mid Rate,6.3648,GMD per GH¢,0.1571141277,GH¢ per GMD,ok,
2026-06-10,GHSMRO,Ouguiya,Buying,31.0435,MRO per GH¢,0.0322128626,GH¢ per MRO (old ouguiya; 10 MRO = 1 MRU since 2018),ok,
2026-06-10,GHSMRO,Ouguiya,Selling,31.1304,MRO per GH¢,0.0321229409,GH¢ per MRO (old ouguiya; 10 MRO = 1 MRU since 2018),ok,
2026-06-10,GHSMRO,Ouguiya,Mid Rate,31.0870,MRO per GH¢,0.0321677872,GH¢ per MRO (old ouguiya; 10 MRO = 1 MRU since 2018),ok,
2026-06-10,GHSNGN,Naira,Buying,118.3096,NGN per GH¢,0.0084523995,GH¢ per NGN,ok,
2026-06-10,GHSNGN,Naira,Selling,118.3965,NGN per GH¢,0.0084461956,GH¢ per NGN,ok,
2026-06-10,GHSNGN,Naira,Mid Rate,118.3531,NGN per GH¢,0.0084492928,GH¢ per NGN,ok,
2026-06-10,GHSSLL,Leone,Buying,"2,075.0489",SLL per GH¢,0.4819163539,"GH¢ per SLE (new leone; 1 SLE = 1,000 old leones)",ok,
2026-06-10,GHSSLL,Leone,Selling,"2,118.4538",SLL per GH¢,0.4720423924,"GH¢ per SLE (new leone; 1 SLE = 1,000 old leones)",ok,
2026-06-10,GHSSLL,Leone,Mid Rate,"2,096.7514",SLL per GH¢,0.4769282615,"GH¢ per SLE (new leone; 1 SLE = 1,000 old leones)",ok,
2026-06-10,GHSXOF,BCEAO,Buying,49.3434,XOF per GH¢,0.0202661349,GH¢ per XOF (CFA franc (BCEAO)),ok,
2026-06-10,GHSXOF,BCEAO,Selling,49.3925,XOF per GH¢,0.0202459888,GH¢ per XOF (CFA franc (BCEAO)),ok,
2026-06-10,GHSXOF,BCEAO,Mid Rate,49.3680,XOF per GH¢,0.0202560363,GH¢ per XOF (CFA franc (BCEAO)),ok,
2026-06-10,JPYGHS,Japanese yen,Buying,0.0716,GH¢ per JPY,0.0716,GH¢ per JPY,ok,
2026-06-10,JPYGHS,Japanese yen,Selling,0.0717,GH¢ per JPY,0.0717,GH¢ per JPY,ok,
2026-06-10,JPYGHS,Japanese yen,Mid Rate,0.0717,GH¢ per JPY,0.0717,GH¢ per JPY,ok,
2026-06-10,NOKGHS,Norwegian Krone,Buying,1.2175,GH¢ per NOK,1.2175,GH¢ per NOK,ok,
2026-06-10,NOKGHS,Norwegian Krone,Selling,1.2183,GH¢ per NOK,1.2183,GH¢ per NOK,ok,
2026-06-10,NOKGHS,Norwegian Krone,Mid Rate,1.2179,GH¢ per NOK,1.2179,GH¢ per NOK,ok,
2026-06-10,NZDGHS,New Zealand Dollar,Buying,6.6904,GH¢ per NZD,6.6904,GH¢ per NZD,ok,
2026-06-10,NZDGHS,New Zealand Dollar,Selling,6.6991,GH¢ per NZD,6.6991,GH¢ per NZD,ok,
2026-06-10,NZDGHS,New Zealand Dollar,Mid Rate,6.6948,GH¢ per NZD,6.6948,GH¢ per NZD,ok,
2026-06-10,SEKGHS,Swedish Krona,Buying,1.2123,GH¢ per SEK,1.2123,GH¢ per SEK,ok,
2026-06-10,SEKGHS,Swedish Krona,Selling,1.2133,GH¢ per SEK,1.2133,GH¢ per SEK,ok,
2026-06-10,SEKGHS,Swedish Krona,Mid Rate,1.2128,GH¢ per SEK,1.2128,GH¢ per SEK,ok,
2026-06-10,WAUGHS,Ecowas,Buying,0.0129,GH¢ per WAU,0.0129,"GH¢ per WAU (BoG's 'Ecowas' unit, not defined by BoG)",ok,
2026-06-10,WAUGHS,Ecowas,Selling,0.0129,GH¢ per WAU,0.0129,"GH¢ per WAU (BoG's 'Ecowas' unit, not defined by BoG)",ok,
2026-06-10,WAUGHS,Ecowas,Mid Rate,0.0129,GH¢ per WAU,0.0129,"GH¢ per WAU (BoG's 'Ecowas' unit, not defined by BoG)",ok,
2026-06-10,ZARGHS,South African Rand,Buying,0.6951,GH¢ per ZAR,0.6951,GH¢ per ZAR,ok,
2026-06-10,ZARGHS,South African Rand,Selling,0.6955,GH¢ per ZAR,0.6955,GH¢ per ZAR,ok,
2026-06-10,ZARGHS,South African Rand,Mid Rate,0.6953,GH¢ per ZAR,0.6953,GH¢ per ZAR,ok,
2026-06-11,USDGHS,US Dollar,Buying,11.0445,GH¢ per USD,11.0445,GH¢ per USD,ok,
2026-06-11,USDGHS,US Dollar,Selling,11.0555,GH¢ per USD,11.0555,GH¢ per USD,ok,
2026-06-11,USDGHS,US Dollar,Mid Rate,11.0500,GH¢ per USD,11.05,GH¢ per USD,ok,
2026-06-11,AUDGHS,Australian Dollar,Buying,7.7250,GH¢ per AUD,7.725,GH¢ per AUD,ok,
2026-06-11,AUDGHS,Australian Dollar,Selling,7.7348,GH¢ per AUD,7.7348,GH¢ per AUD,ok,
2026-06-11,AUDGHS,Australian Dollar,Mid Rate,7.7299,GH¢ per AUD,7.7299,GH¢ per AUD,ok,
2026-06-11,CADGHS,Canadian Dollar,Buying,7.8869,GH¢ per CAD,7.8869,GH¢ per CAD,ok,
2026-06-11,CADGHS,Canadian Dollar,Selling,7.8941,GH¢ per CAD,7.8941,GH¢ per CAD,ok,
2026-06-11,CADGHS,Canadian Dollar,Mid Rate,7.8905,GH¢ per CAD,7.8905,GH¢ per CAD,ok,
2026-06-11,CHFGHS,Swiss Franc,Buying,13.7906,GH¢ per CHF,13.7906,GH¢ per CHF,ok,
2026-06-11,CHFGHS,Swiss Franc,Selling,13.8041,GH¢ per CHF,13.8041,GH¢ per CHF,ok,
2026-06-11,CHFGHS,Swiss Franc,Mid Rate,13.7974,GH¢ per CHF,13.7974,GH¢ per CHF,ok,
2026-06-11,CNYGHS,Yuan Renminbi,Buying,1.6301,GH¢ per CNY,1.6301,GH¢ per CNY,ok,
2026-06-11,CNYGHS,Yuan Renminbi,Selling,1.6312,GH¢ per CNY,1.6312,GH¢ per CNY,ok,
2026-06-11,CNYGHS,Yuan Renminbi,Mid Rate,1.6307,GH¢ per CNY,1.6307,GH¢ per CNY,ok,
2026-06-11,DKKGHS,Danish Krone,Buying,1.7008,GH¢ per DKK,1.7008,GH¢ per DKK,ok,
2026-06-11,DKKGHS,Danish Krone,Selling,1.7024,GH¢ per DKK,1.7024,GH¢ per DKK,ok,
2026-06-11,DKKGHS,Danish Krone,Mid Rate,1.7016,GH¢ per DKK,1.7016,GH¢ per DKK,ok,
2026-06-11,EURGHS,Euro,Buying,12.7120,GH¢ per EUR,12.712,GH¢ per EUR,ok,
2026-06-11,EURGHS,Euro,Selling,12.7246,GH¢ per EUR,12.7246,GH¢ per EUR,ok,
2026-06-11,EURGHS,Euro,Mid Rate,12.7183,GH¢ per EUR,12.7183,GH¢ per EUR,ok,
2026-06-11,GBPGHS,Pound Sterling,Buying,14.7256,GH¢ per GBP,14.7256,GH¢ per GBP,ok,
2026-06-11,GBPGHS,Pound Sterling,Selling,14.7414,GH¢ per GBP,14.7414,GH¢ per GBP,ok,
2026-06-11,GBPGHS,Pound Sterling,Mid Rate,14.7335,GH¢ per GBP,14.7335,GH¢ per GBP,ok,
2026-06-11,GHSGMD,Dalasi,Buying,6.5554,GMD per GH¢,0.1525459926,GH¢ per GMD,ok,
2026-06-11,GHSGMD,Dalasi,Selling,6.6652,GMD per GH¢,0.1500330073,GH¢ per GMD,ok,
2026-06-11,GHSGMD,Dalasi,Mid Rate,6.6103,GMD per GH¢,0.1512790645,GH¢ per GMD,ok,
2026-06-11,GHSMRO,Ouguiya,Buying,32.3077,MRO per GH¢,0.0309523736,GH¢ per MRO (old ouguiya; 10 MRO = 1 MRU since 2018),ok,
2026-06-11,GHSMRO,Ouguiya,Selling,32.3982,MRO per GH¢,0.0308659123,GH¢ per MRO (old ouguiya; 10 MRO = 1 MRU since 2018),ok,
2026-06-11,GHSMRO,Ouguiya,Mid Rate,32.3530,MRO per GH¢,0.0309090347,GH¢ per MRO (old ouguiya; 10 MRO = 1 MRU since 2018),ok,
2026-06-11,GHSNGN,Naira,Buying,123.1955,NGN per GH¢,0.0081171796,GH¢ per NGN,ok,
2026-06-11,GHSNGN,Naira,Selling,123.2860,NGN per GH¢,0.0081112211,GH¢ per NGN,ok,
2026-06-11,GHSNGN,Naira,Mid Rate,123.2408,NGN per GH¢,0.0081141959,GH¢ per NGN,ok,
2026-06-11,GHSSLL,Leone,Buying,"2,160.6335",SLL per GH¢,0.4628272217,"GH¢ per SLE (new leone; 1 SLE = 1,000 old leones)",ok,
2026-06-11,GHSSLL,Leone,Selling,"2,209.7285",SLL per GH¢,0.4525442832,"GH¢ per SLE (new leone; 1 SLE = 1,000 old leones)",ok,
2026-06-11,GHSSLL,Leone,Mid Rate,"2,185.1810",SLL per GH¢,0.4576279951,"GH¢ per SLE (new leone; 1 SLE = 1,000 old leones)",ok,
2026-06-11,GHSXOF,BCEAO,Buying,51.5503,XOF per GH¢,0.0193985292,GH¢ per XOF (CFA franc (BCEAO)),ok,
2026-06-11,GHSXOF,BCEAO,Selling,51.6014,XOF per GH¢,0.0193793192,GH¢ per XOF (CFA franc (BCEAO)),ok,
2026-06-11,GHSXOF,BCEAO,Mid Rate,51.5759,XOF per GH¢,0.0193889006,GH¢ per XOF (CFA franc (BCEAO)),ok,
2026-06-11,JPYGHS,Japanese yen,Buying,0.0688,GH¢ per JPY,0.0688,GH¢ per JPY,ok,
2026-06-11,JPYGHS,Japanese yen,Selling,0.0689,GH¢ per JPY,0.0689,GH¢ per JPY,ok,
2026-06-11,JPYGHS,Japanese yen,Mid Rate,0.0689,GH¢ per JPY,0.0689,GH¢ per JPY,ok,
2026-06-11,NOKGHS,Norwegian Krone,Buying,1.1594,GH¢ per NOK,1.1594,GH¢ per NOK,ok,
2026-06-11,NOKGHS,Norwegian Krone,Selling,1.1602,GH¢ per NOK,1.1602,GH¢ per NOK,ok,
2026-06-11,NOKGHS,Norwegian Krone,Mid Rate,1.1598,GH¢ per NOK,1.1598,GH¢ per NOK,ok,
2026-06-11,NZDGHS,New Zealand Dollar,Buying,6.3821,GH¢ per NZD,6.3821,GH¢ per NZD,ok,
2026-06-11,NZDGHS,New Zealand Dollar,Selling,6.3904,GH¢ per NZD,6.3904,GH¢ per NZD,ok,
2026-06-11,NZDGHS,New Zealand Dollar,Mid Rate,6.3863,GH¢ per NZD,6.3863,GH¢ per NZD,ok,
2026-06-11,SEKGHS,Swedish Krona,Buying,1.1560,GH¢ per SEK,1.156,GH¢ per SEK,ok,
2026-06-11,SEKGHS,Swedish Krona,Selling,1.1569,GH¢ per SEK,1.1569,GH¢ per SEK,ok,
2026-06-11,SEKGHS,Swedish Krona,Mid Rate,1.1565,GH¢ per SEK,1.1565,GH¢ per SEK,ok,
2026-06-11,WAUGHS,Ecowas,Buying,0.0140,GH¢ per WAU,0.014,"GH¢ per WAU (BoG's 'Ecowas' unit, not defined by BoG)",ok,
2026-06-11,WAUGHS,Ecowas,Selling,0.0140,GH¢ per WAU,0.014,"GH¢ per WAU (BoG's 'Ecowas' unit, not defined by BoG)",ok,
2026-06-11,WAUGHS,Ecowas,Mid Rate,0.0140,GH¢ per WAU,0.014,"GH¢ per WAU (BoG's 'Ecowas' unit, not defined by BoG)",ok,
2026-06-11,ZARGHS,South African Rand,Buying,0.6693,GH¢ per ZAR,0.6693,GH¢ per ZAR,ok,
2026-06-11,ZARGHS,South African Rand,Selling,0.6697,GH¢ per ZAR,0.6697,GH¢ per ZAR,ok,
2026-06-11,ZARGHS,South African Rand,Mid Rate,0.6695,GH¢ per ZAR,0.6695,GH¢ per ZAR,ok,
2026-06-12,USDGHS,US Dollar,Buying,11.0445,GH¢ per USD,11.0445,GH¢ per USD,ok,
2026-06-12,USDGHS,US Dollar,Selling,11.0555,GH¢ per USD,11.0555,GH¢ per USD,ok,
2026-06-12,USDGHS,US Dollar,Mid Rate,11.0500,GH¢ per USD,11.05,GH¢ per USD,ok,
2026-06-12,AUDGHS,Australian Dollar,Buying,7.7847,GH¢ per AUD,7.7847,GH¢ per AUD,ok,
2026-06-12,AUDGHS,Australian Dollar,Selling,7.7931,GH¢ per AUD,7.7931,GH¢ per AUD,ok,
2026-06-12,AUDGHS,Australian Dollar,Mid Rate,7.7889,GH¢ per AUD,7.7889,GH¢ per AUD,ok,
2026-06-12,CADGHS,Canadian Dollar,Buying,7.9020,GH¢ per CAD,7.902,GH¢ per CAD,ok,
2026-06-12,CADGHS,Canadian Dollar,Selling,7.9097,GH¢ per CAD,7.9097,GH¢ per CAD,ok,
2026-06-12,CADGHS,Canadian Dollar,Mid Rate,7.9059,GH¢ per CAD,7.9059,GH¢ per CAD,ok,
2026-06-12,CHFGHS,Swiss Franc,Buying,13.8630,GH¢ per CHF,13.863,GH¢ per CHF,ok,
2026-06-12,CHFGHS,Swiss Franc,Selling,13.8753,GH¢ per CHF,13.8753,GH¢ per CHF,ok,
2026-06-12,CHFGHS,Swiss Franc,Mid Rate,13.8692,GH¢ per CHF,13.8692,GH¢ per CHF,ok,
2026-06-12,CNYGHS,Yuan Renminbi,Buying,1.6335,GH¢ per CNY,1.6335,GH¢ per CNY,ok,
2026-06-12,CNYGHS,Yuan Renminbi,Selling,1.6344,GH¢ per CNY,1.6344,GH¢ per CNY,ok,
2026-06-12,CNYGHS,Yuan Renminbi,Mid Rate,1.6340,GH¢ per CNY,1.634,GH¢ per CNY,ok,
2026-06-12,DKKGHS,Danish Krone,Buying,1.7101,GH¢ per DKK,1.7101,GH¢ per DKK,ok,
2026-06-12,DKKGHS,Danish Krone,Selling,1.7117,GH¢ per DKK,1.7117,GH¢ per DKK,ok,
2026-06-12,DKKGHS,Danish Krone,Mid Rate,1.7109,GH¢ per DKK,1.7109,GH¢ per DKK,ok,
2026-06-12,EURGHS,Euro,Buying,12.7817,GH¢ per EUR,12.7817,GH¢ per EUR,ok,
2026-06-12,EURGHS,Euro,Selling,12.7932,GH¢ per EUR,12.7932,GH¢ per EUR,ok,
2026-06-12,EURGHS,Euro,Mid Rate,12.7875,GH¢ per EUR,12.7875,GH¢ per EUR,ok,
2026-06-12,GBPGHS,Pound Sterling,Buying,14.8140,GH¢ per GBP,14.814,GH¢ per GBP,ok,
2026-06-12,GBPGHS,Pound Sterling,Selling,14.8299,GH¢ per GBP,14.8299,GH¢ per GBP,ok,
2026-06-12,GBPGHS,Pound Sterling,Mid Rate,14.8220,GH¢ per GBP,14.822,GH¢ per GBP,ok,
2026-06-12,GHSGMD,Dalasi,Buying,6.5554,GMD per GH¢,0.1525459926,GH¢ per GMD,ok,
2026-06-12,GHSGMD,Dalasi,Selling,6.6000,GMD per GH¢,0.1515151515,GH¢ per GMD,ok,
2026-06-12,GHSGMD,Dalasi,Mid Rate,6.5777,GMD per GH¢,0.1520288247,GH¢ per GMD,ok,
2026-06-12,GHSMRO,Ouguiya,Buying,32.3077,MRO per GH¢,0.0309523736,GH¢ per MRO (old ouguiya; 10 MRO = 1 MRU since 2018),ok,
2026-06-12,GHSMRO,Ouguiya,Selling,32.3982,MRO per GH¢,0.0308659123,GH¢ per MRO (old ouguiya; 10 MRO = 1 MRU since 2018),ok,
2026-06-12,GHSMRO,Ouguiya,Mid Rate,32.3530,MRO per GH¢,0.0309090347,GH¢ per MRO (old ouguiya; 10 MRO = 1 MRU since 2018),ok,
2026-06-12,GHSNGN,Naira,Buying,123.1484,NGN per GH¢,0.0081202841,GH¢ per NGN,ok,
2026-06-12,GHSNGN,Naira,Selling,123.2407,NGN per GH¢,0.0081142025,GH¢ per NGN,ok,
2026-06-12,GHSNGN,Naira,Mid Rate,123.1946,NGN per GH¢,0.0081172389,GH¢ per NGN,ok,
2026-06-12,GHSSLL,Leone,Buying,"2,161.0860",SLL per GH¢,0.4627303124,"GH¢ per SLE (new leone; 1 SLE = 1,000 old leones)",ok,
2026-06-12,GHSSLL,Leone,Selling,"2,203.4082",SLL per GH¢,0.4538423702,"GH¢ per SLE (new leone; 1 SLE = 1,000 old leones)",ok,
2026-06-12,GHSSLL,Leone,Mid Rate,"2,182.2471",SLL per GH¢,0.4582432484,"GH¢ per SLE (new leone; 1 SLE = 1,000 old leones)",ok,
2026-06-12,GHSXOF,BCEAO,Buying,51.2739,XOF per GH¢,0.0195031,GH¢ per XOF (CFA franc (BCEAO)),ok,
2026-06-12,GHSXOF,BCEAO,Selling,51.3200,XOF per GH¢,0.0194855807,GH¢ per XOF (CFA franc (BCEAO)),ok,
2026-06-12,GHSXOF,BCEAO,Mid Rate,51.2970,XOF per GH¢,0.0194943174,GH¢ per XOF (CFA franc (BCEAO)),ok,
2026-06-12,JPYGHS,Japanese yen,Buying,0.0689,GH¢ per JPY,0.0689,GH¢ per JPY,ok,
2026-06-12,JPYGHS,Japanese yen,Selling,0.0690,GH¢ per JPY,0.069,GH¢ per JPY,ok,
2026-06-12,JPYGHS,Japanese yen,Mid Rate,0.0690,GH¢ per JPY,0.069,GH¢ per JPY,ok,
2026-06-12,NOKGHS,Norwegian Krone,Buying,1.1621,GH¢ per NOK,1.1621,GH¢ per NOK,ok,
2026-06-12,NOKGHS,Norwegian Krone,Selling,1.1628,GH¢ per NOK,1.1628,GH¢ per NOK,ok,
2026-06-12,NOKGHS,Norwegian Krone,Mid Rate,1.1625,GH¢ per NOK,1.1625,GH¢ per NOK,ok,
2026-06-12,NZDGHS,New Zealand Dollar,Buying,6.4411,GH¢ per NZD,6.4411,GH¢ per NZD,ok,
2026-06-12,NZDGHS,New Zealand Dollar,Selling,6.4495,GH¢ per NZD,6.4495,GH¢ per NZD,ok,
2026-06-12,NZDGHS,New Zealand Dollar,Mid Rate,6.4453,GH¢ per NZD,6.4453,GH¢ per NZD,ok,
2026-06-12,SEKGHS,Swedish Krona,Buying,1.1723,GH¢ per SEK,1.1723,GH¢ per SEK,ok,
2026-06-12,SEKGHS,Swedish Krona,Selling,1.1732,GH¢ per SEK,1.1732,GH¢ per SEK,ok,
2026-06-12,SEKGHS,Swedish Krona,Mid Rate,1.1728,GH¢ per SEK,1.1728,GH¢ per SEK,ok,
2026-06-12,WAUGHS,Ecowas,Buying,0.0140,GH¢ per WAU,0.014,"GH¢ per WAU (BoG's 'Ecowas' unit, not defined by BoG)",ok,
2026-06-12,WAUGHS,Ecowas,Selling,0.0140,GH¢ per WAU,0.014,"GH¢ per WAU (BoG's 'Ecowas' unit, not defined by BoG)",ok,
2026-06-12,WAUGHS,Ecowas,Mid Rate,0.0140,GH¢ per WAU,0.014,"GH¢ per WAU (BoG's 'Ecowas' unit, not defined by BoG)",ok,
2026-06-12,ZARGHS,South African Rand,Buying,0.6784,GH¢ per ZAR,0.6784,GH¢ per ZAR,ok,
2026-06-12,ZARGHS,South African Rand,Selling,0.6788,GH¢ per ZAR,0.6788,GH¢ per ZAR,ok,
2026-06-12,ZARGHS,South African Rand,Mid Rate,0.6786,GH¢ per ZAR,0.6786,GH¢ per ZAR,ok,
2026-06-15,USDGHS,US Dollar,Buying,11.0945,GH¢ per USD,11.0945,GH¢ per USD,ok,
2026-06-15,USDGHS,US Dollar,Selling,11.1056,GH¢ per USD,11.1056,GH¢ per USD,ok,
2026-06-15,USDGHS,US Dollar,Mid Rate,11.1000,GH¢ per USD,11.1,GH¢ per USD,ok,
2026-06-15,AUDGHS,Australian Dollar,Buying,7.8564,GH¢ per AUD,7.8564,GH¢ per AUD,ok,
2026-06-15,AUDGHS,Australian Dollar,Selling,7.8663,GH¢ per AUD,7.8663,GH¢ per AUD,ok,
2026-06-15,AUDGHS,Australian Dollar,Mid Rate,7.8614,GH¢ per AUD,7.8614,GH¢ per AUD,ok,
2026-06-15,CADGHS,Canadian Dollar,Buying,7.9334,GH¢ per CAD,7.9334,GH¢ per CAD,ok,
2026-06-15,CADGHS,Canadian Dollar,Selling,7.9411,GH¢ per CAD,7.9411,GH¢ per CAD,ok,
2026-06-15,CADGHS,Canadian Dollar,Mid Rate,7.9373,GH¢ per CAD,7.9373,GH¢ per CAD,ok,
2026-06-15,CHFGHS,Swiss Franc,Buying,13.9807,GH¢ per CHF,13.9807,GH¢ per CHF,ok,
2026-06-15,CHFGHS,Swiss Franc,Selling,13.9931,GH¢ per CHF,13.9931,GH¢ per CHF,ok,
2026-06-15,CHFGHS,Swiss Franc,Mid Rate,13.9869,GH¢ per CHF,13.9869,GH¢ per CHF,ok,
2026-06-15,CNYGHS,Yuan Renminbi,Buying,1.6420,GH¢ per CNY,1.642,GH¢ per CNY,ok,
2026-06-15,CNYGHS,Yuan Renminbi,Selling,1.6435,GH¢ per CNY,1.6435,GH¢ per CNY,ok,
2026-06-15,CNYGHS,Yuan Renminbi,Mid Rate,1.6428,GH¢ per CNY,1.6428,GH¢ per CNY,ok,
2026-06-15,DKKGHS,Danish Krone,Buying,1.7224,GH¢ per DKK,1.7224,GH¢ per DKK,ok,
2026-06-15,DKKGHS,Danish Krone,Selling,1.7240,GH¢ per DKK,1.724,GH¢ per DKK,ok,
2026-06-15,DKKGHS,Danish Krone,Mid Rate,1.7232,GH¢ per DKK,1.7232,GH¢ per DKK,ok,
2026-06-15,EURGHS,Euro,Buying,12.8744,GH¢ per EUR,12.8744,GH¢ per EUR,ok,
2026-06-15,EURGHS,Euro,Selling,12.8860,GH¢ per EUR,12.886,GH¢ per EUR,ok,
2026-06-15,EURGHS,Euro,Mid Rate,12.8802,GH¢ per EUR,12.8802,GH¢ per EUR,ok,
2026-06-15,GBPGHS,Pound Sterling,Buying,14.9021,GH¢ per GBP,14.9021,GH¢ per GBP,ok,
2026-06-15,GBPGHS,Pound Sterling,Selling,14.9181,GH¢ per GBP,14.9181,GH¢ per GBP,ok,
2026-06-15,GBPGHS,Pound Sterling,Mid Rate,14.9101,GH¢ per GBP,14.9101,GH¢ per GBP,ok,
2026-06-15,GHSGMD,Dalasi,Buying,6.5259,GMD per GH¢,0.153235569,GH¢ per GMD,ok,
2026-06-15,GHSGMD,Dalasi,Selling,6.6250,GMD per GH¢,0.1509433962,GH¢ per GMD,ok,
2026-06-15,GHSGMD,Dalasi,Mid Rate,6.5755,GMD per GH¢,0.1520796898,GH¢ per GMD,ok,
2026-06-15,GHSMRO,Ouguiya,Buying,32.1622,MRO per GH¢,0.0310924004,GH¢ per MRO (old ouguiya; 10 MRO = 1 MRU since 2018),ok,
2026-06-15,GHSMRO,Ouguiya,Selling,32.2523,MRO per GH¢,0.0310055407,GH¢ per MRO (old ouguiya; 10 MRO = 1 MRU since 2018),ok,
2026-06-15,GHSMRO,Ouguiya,Mid Rate,32.2073,MRO per GH¢,0.0310488616,GH¢ per MRO (old ouguiya; 10 MRO = 1 MRU since 2018),ok,
2026-06-15,GHSNGN,Naira,Buying,122.3261,NGN per GH¢,0.0081748703,GH¢ per NGN,ok,
2026-06-15,GHSNGN,Naira,Selling,122.4162,NGN per GH¢,0.0081688535,GH¢ per NGN,ok,
2026-06-15,GHSNGN,Naira,Mid Rate,122.3712,NGN per GH¢,0.0081718574,GH¢ per NGN,ok,
2026-06-15,GHSSLL,Leone,Buying,"2,151.3514",SLL per GH¢,0.4648241101,"GH¢ per SLE (new leone; 1 SLE = 1,000 old leones)",ok,
2026-06-15,GHSSLL,Leone,Selling,"2,197.2973",SLL per GH¢,0.4551045505,"GH¢ per SLE (new leone; 1 SLE = 1,000 old leones)",ok,
2026-06-15,GHSSLL,Leone,Mid Rate,"2,174.3244",SLL per GH¢,0.4599129734,"GH¢ per SLE (new leone; 1 SLE = 1,000 old leones)",ok,
2026-06-15,GHSXOF,BCEAO,Buying,50.9046,XOF per GH¢,0.0196445901,GH¢ per XOF (CFA franc (BCEAO)),ok,
2026-06-15,GHSXOF,BCEAO,Selling,50.9505,XOF per GH¢,0.0196268928,GH¢ per XOF (CFA franc (BCEAO)),ok,
2026-06-15,GHSXOF,BCEAO,Mid Rate,50.9276,XOF per GH¢,0.0196357182,GH¢ per XOF (CFA franc (BCEAO)),ok,
2026-06-15,JPYGHS,Japanese yen,Buying,0.0693,GH¢ per JPY,0.0693,GH¢ per JPY,ok,
2026-06-15,JPYGHS,Japanese yen,Selling,0.0693,GH¢ per JPY,0.0693,GH¢ per JPY,ok,
2026-06-15,JPYGHS,Japanese yen,Mid Rate,0.0693,GH¢ per JPY,0.0693,GH¢ per JPY,ok,
2026-06-15,NOKGHS,Norwegian Krone,Buying,1.1650,GH¢ per NOK,1.165,GH¢ per NOK,ok,
2026-06-15,NOKGHS,Norwegian Krone,Selling,1.1659,GH¢ per NOK,1.1659,GH¢ per NOK,ok,
2026-06-15,NOKGHS,Norwegian Krone,Mid Rate,1.1655,GH¢ per NOK,1.1655,GH¢ per NOK,ok,
2026-06-15,NZDGHS,New Zealand Dollar,Buying,6.4735,GH¢ per NZD,6.4735,GH¢ per NZD,ok,
2026-06-15,NZDGHS,New Zealand Dollar,Selling,6.4819,GH¢ per NZD,6.4819,GH¢ per NZD,ok,
2026-06-15,NZDGHS,New Zealand Dollar,Mid Rate,6.4777,GH¢ per NZD,6.4777,GH¢ per NZD,ok,
2026-06-15,SEKGHS,Swedish Krona,Buying,1.1833,GH¢ per SEK,1.1833,GH¢ per SEK,ok,
2026-06-15,SEKGHS,Swedish Krona,Selling,1.1843,GH¢ per SEK,1.1843,GH¢ per SEK,ok,
2026-06-15,SEKGHS,Swedish Krona,Mid Rate,1.1838,GH¢ per SEK,1.1838,GH¢ per SEK,ok,
2026-06-15,WAUGHS,Ecowas,Buying,0.0138,GH¢ per WAU,0.0138,"GH¢ per WAU (BoG's 'Ecowas' unit, not defined by BoG)",ok,
2026-06-15,WAUGHS,Ecowas,Selling,0.0138,GH¢ per WAU,0.0138,"GH¢ per WAU (BoG's 'Ecowas' unit, not defined by BoG)",ok,
2026-06-15,WAUGHS,Ecowas,Mid Rate,0.0138,GH¢ per WAU,0.0138,"GH¢ per WAU (BoG's 'Ecowas' unit, not defined by BoG)",ok,
2026-06-15,ZARGHS,South African Rand,Buying,0.6854,GH¢ per ZAR,0.6854,GH¢ per ZAR,ok,
2026-06-15,ZARGHS,South African Rand,Selling,0.6858,GH¢ per ZAR,0.6858,GH¢ per ZAR,ok,
2026-06-15,ZARGHS,South African Rand,Mid Rate,0.6856,GH¢ per ZAR,0.6856,GH¢ per ZAR,ok,
2026-06-16,USDGHS,US Dollar,Buying,11.1474,GH¢ per USD,11.1474,GH¢ per USD,ok,
2026-06-16,USDGHS,US Dollar,Selling,11.1586,GH¢ per USD,11.1586,GH¢ per USD,ok,
2026-06-16,USDGHS,US Dollar,Mid Rate,11.1530,GH¢ per USD,11.153,GH¢ per USD,ok,
2026-06-16,AUDGHS,Australian Dollar,Buying,7.8858,GH¢ per AUD,7.8858,GH¢ per AUD,ok,
2026-06-16,AUDGHS,Australian Dollar,Selling,7.8958,GH¢ per AUD,7.8958,GH¢ per AUD,ok,
2026-06-16,AUDGHS,Australian Dollar,Mid Rate,7.8908,GH¢ per AUD,7.8908,GH¢ per AUD,ok,
2026-06-16,CADGHS,Canadian Dollar,Buying,7.9711,GH¢ per CAD,7.9711,GH¢ per CAD,ok,
2026-06-16,CADGHS,Canadian Dollar,Selling,7.9788,GH¢ per CAD,7.9788,GH¢ per CAD,ok,
2026-06-16,CADGHS,Canadian Dollar,Mid Rate,7.9750,GH¢ per CAD,7.975,GH¢ per CAD,ok,
2026-06-16,CHFGHS,Swiss Franc,Buying,14.0649,GH¢ per CHF,14.0649,GH¢ per CHF,ok,
2026-06-16,CHFGHS,Swiss Franc,Selling,14.0774,GH¢ per CHF,14.0774,GH¢ per CHF,ok,
2026-06-16,CHFGHS,Swiss Franc,Mid Rate,14.0712,GH¢ per CHF,14.0712,GH¢ per CHF,ok,
2026-06-16,CNYGHS,Yuan Renminbi,Buying,1.6499,GH¢ per CNY,1.6499,GH¢ per CNY,ok,
2026-06-16,CNYGHS,Yuan Renminbi,Selling,1.6514,GH¢ per CNY,1.6514,GH¢ per CNY,ok,
2026-06-16,CNYGHS,Yuan Renminbi,Mid Rate,1.6507,GH¢ per CNY,1.6507,GH¢ per CNY,ok,
2026-06-16,DKKGHS,Danish Krone,Buying,1.7321,GH¢ per DKK,1.7321,GH¢ per DKK,ok,
2026-06-16,DKKGHS,Danish Krone,Selling,1.7337,GH¢ per DKK,1.7337,GH¢ per DKK,ok,
2026-06-16,DKKGHS,Danish Krone,Mid Rate,1.7329,GH¢ per DKK,1.7329,GH¢ per DKK,ok,
2026-06-16,EURGHS,Euro,Buying,12.9472,GH¢ per EUR,12.9472,GH¢ per EUR,ok,
2026-06-16,EURGHS,Euro,Selling,12.9588,GH¢ per EUR,12.9588,GH¢ per EUR,ok,
2026-06-16,EURGHS,Euro,Mid Rate,12.9530,GH¢ per EUR,12.953,GH¢ per EUR,ok,
2026-06-16,GBPGHS,Pound Sterling,Buying,14.9721,GH¢ per GBP,14.9721,GH¢ per GBP,ok,
2026-06-16,GBPGHS,Pound Sterling,Selling,14.9882,GH¢ per GBP,14.9882,GH¢ per GBP,ok,
2026-06-16,GBPGHS,Pound Sterling,Mid Rate,14.9802,GH¢ per GBP,14.9802,GH¢ per GBP,ok,
2026-06-16,GHSGMD,Dalasi,Buying,6.4949,GMD per GH¢,0.1539669587,GH¢ per GMD,ok,
2026-06-16,GHSGMD,Dalasi,Selling,6.5877,GMD per GH¢,0.1517980479,GH¢ per GMD,ok,
2026-06-16,GHSGMD,Dalasi,Mid Rate,6.5413,GMD per GH¢,0.1528748108,GH¢ per GMD,ok,
2026-06-16,GHSMRO,Ouguiya,Buying,32.0093,MRO per GH¢,0.0312409206,GH¢ per MRO (old ouguiya; 10 MRO = 1 MRU since 2018),ok,
2026-06-16,GHSMRO,Ouguiya,Selling,32.0990,MRO per GH¢,0.0311536185,GH¢ per MRO (old ouguiya; 10 MRO = 1 MRU since 2018),ok,
2026-06-16,GHSMRO,Ouguiya,Mid Rate,32.0542,MRO per GH¢,0.0311971598,GH¢ per MRO (old ouguiya; 10 MRO = 1 MRU since 2018),ok,
2026-06-16,GHSNGN,Naira,Buying,121.6919,NGN per GH¢,0.0082174738,GH¢ per NGN,ok,
2026-06-16,GHSNGN,Naira,Selling,121.7816,NGN per GH¢,0.0082114211,GH¢ per NGN,ok,
2026-06-16,GHSNGN,Naira,Mid Rate,121.7368,NGN per GH¢,0.008214443,GH¢ per NGN,ok,
2026-06-16,GHSSLL,Leone,Buying,"2,141.1279",SLL per GH¢,0.4670435615,"GH¢ per SLE (new leone; 1 SLE = 1,000 old leones)",ok,
2026-06-16,GHSSLL,Leone,Selling,"2,195.8130",SLL per GH¢,0.4554121867,"GH¢ per SLE (new leone; 1 SLE = 1,000 old leones)",ok,
2026-06-16,GHSSLL,Leone,Mid Rate,"2,168.4705",SLL per GH¢,0.4611545327,"GH¢ per SLE (new leone; 1 SLE = 1,000 old leones)",ok,
2026-06-16,GHSXOF,BCEAO,Buying,50.6187,XOF per GH¢,0.0197555449,GH¢ per XOF (CFA franc (BCEAO)),ok,
2026-06-16,GHSXOF,BCEAO,Selling,50.6640,XOF per GH¢,0.0197378809,GH¢ per XOF (CFA franc (BCEAO)),ok,
2026-06-16,GHSXOF,BCEAO,Mid Rate,50.6414,XOF per GH¢,0.0197466895,GH¢ per XOF (CFA franc (BCEAO)),ok,
2026-06-16,JPYGHS,Japanese yen,Buying,0.0695,GH¢ per JPY,0.0695,GH¢ per JPY,ok,
2026-06-16,JPYGHS,Japanese yen,Selling,0.0696,GH¢ per JPY,0.0696,GH¢ per JPY,ok,
2026-06-16,JPYGHS,Japanese yen,Mid Rate,0.0696,GH¢ per JPY,0.0696,GH¢ per JPY,ok,
2026-06-16,NOKGHS,Norwegian Krone,Buying,1.1763,GH¢ per NOK,1.1763,GH¢ per NOK,ok,
2026-06-16,NOKGHS,Norwegian Krone,Selling,1.1772,GH¢ per NOK,1.1772,GH¢ per NOK,ok,
2026-06-16,NOKGHS,Norwegian Krone,Mid Rate,1.1768,GH¢ per NOK,1.1768,GH¢ per NOK,ok,
2026-06-16,NZDGHS,New Zealand Dollar,Buying,6.5084,GH¢ per NZD,6.5084,GH¢ per NZD,ok,
2026-06-16,NZDGHS,New Zealand Dollar,Selling,6.5169,GH¢ per NZD,6.5169,GH¢ per NZD,ok,
2026-06-16,NZDGHS,New Zealand Dollar,Mid Rate,6.5127,GH¢ per NZD,6.5127,GH¢ per NZD,ok,
2026-06-16,SEKGHS,Swedish Krona,Buying,1.1916,GH¢ per SEK,1.1916,GH¢ per SEK,ok,
2026-06-16,SEKGHS,Swedish Krona,Selling,1.1926,GH¢ per SEK,1.1926,GH¢ per SEK,ok,
2026-06-16,SEKGHS,Swedish Krona,Mid Rate,1.1921,GH¢ per SEK,1.1921,GH¢ per SEK,ok,
2026-06-16,WAUGHS,Ecowas,Buying,0.0137,GH¢ per WAU,0.0137,"GH¢ per WAU (BoG's 'Ecowas' unit, not defined by BoG)",ok,
2026-06-16,WAUGHS,Ecowas,Selling,0.0137,GH¢ per WAU,0.0137,"GH¢ per WAU (BoG's 'Ecowas' unit, not defined by BoG)",ok,
2026-06-16,WAUGHS,Ecowas,Mid Rate,0.0137,GH¢ per WAU,0.0137,"GH¢ per WAU (BoG's 'Ecowas' unit, not defined by BoG)",ok,
2026-06-16,ZARGHS,South African Rand,Buying,0.6887,GH¢ per ZAR,0.6887,GH¢ per ZAR,ok,
2026-06-16,ZARGHS,South African Rand,Selling,0.6891,GH¢ per ZAR,0.6891,GH¢ per ZAR,ok,
2026-06-16,ZARGHS,South African Rand,Mid Rate,0.6889,GH¢ per ZAR,0.6889,GH¢ per ZAR,ok,
2026-06-17,USDGHS,US Dollar,Buying,11.1874,GH¢ per USD,11.1874,GH¢ per USD,ok,
2026-06-17,USDGHS,US Dollar,Selling,11.1986,GH¢ per USD,11.1986,GH¢ per USD,ok,
2026-06-17,USDGHS,US Dollar,Mid Rate,11.1930,GH¢ per USD,11.193,GH¢ per USD,ok,
2026-06-17,AUDGHS,Australian Dollar,Buying,7.9100,GH¢ per AUD,7.91,GH¢ per AUD,ok,
2026-06-17,AUDGHS,Australian Dollar,Selling,7.9179,GH¢ per AUD,7.9179,GH¢ per AUD,ok,
2026-06-17,AUDGHS,Australian Dollar,Mid Rate,7.9140,GH¢ per AUD,7.914,GH¢ per AUD,ok,
2026-06-17,CADGHS,Canadian Dollar,Buying,7.9750,GH¢ per CAD,7.975,GH¢ per CAD,ok,
2026-06-17,CADGHS,Canadian Dollar,Selling,7.9821,GH¢ per CAD,7.9821,GH¢ per CAD,ok,
2026-06-17,CADGHS,Canadian Dollar,Mid Rate,7.9786,GH¢ per CAD,7.9786,GH¢ per CAD,ok,
2026-06-17,CHFGHS,Swiss Franc,Buying,14.1077,GH¢ per CHF,14.1077,GH¢ per CHF,ok,
2026-06-17,CHFGHS,Swiss Franc,Selling,14.1205,GH¢ per CHF,14.1205,GH¢ per CHF,ok,
2026-06-17,CHFGHS,Swiss Franc,Mid Rate,14.1141,GH¢ per CHF,14.1141,GH¢ per CHF,ok,
2026-06-17,CNYGHS,Yuan Renminbi,Buying,1.6555,GH¢ per CNY,1.6555,GH¢ per CNY,ok,
2026-06-17,CNYGHS,Yuan Renminbi,Selling,1.6569,GH¢ per CNY,1.6569,GH¢ per CNY,ok,
2026-06-17,CNYGHS,Yuan Renminbi,Mid Rate,1.6562,GH¢ per CNY,1.6562,GH¢ per CNY,ok,
2026-06-17,DKKGHS,Danish Krone,Buying,1.7352,GH¢ per DKK,1.7352,GH¢ per DKK,ok,
2026-06-17,DKKGHS,Danish Krone,Selling,1.7368,GH¢ per DKK,1.7368,GH¢ per DKK,ok,
2026-06-17,DKKGHS,Danish Krone,Mid Rate,1.7360,GH¢ per DKK,1.736,GH¢ per DKK,ok,
2026-06-17,EURGHS,Euro,Buying,12.9698,GH¢ per EUR,12.9698,GH¢ per EUR,ok,
2026-06-17,EURGHS,Euro,Selling,12.9817,GH¢ per EUR,12.9817,GH¢ per EUR,ok,
2026-06-17,EURGHS,Euro,Mid Rate,12.9758,GH¢ per EUR,12.9758,GH¢ per EUR,ok,
2026-06-17,GBPGHS,Pound Sterling,Buying,14.9866,GH¢ per GBP,14.9866,GH¢ per GBP,ok,
2026-06-17,GBPGHS,Pound Sterling,Selling,15.0016,GH¢ per GBP,15.0016,GH¢ per GBP,ok,
2026-06-17,GBPGHS,Pound Sterling,Mid Rate,14.9941,GH¢ per GBP,14.9941,GH¢ per GBP,ok,
2026-06-17,GHSGMD,Dalasi,Buying,6.4717,GMD per GH¢,0.1545189054,GH¢ per GMD,ok,
2026-06-17,GHSGMD,Dalasi,Selling,6.5794,GMD per GH¢,0.1519895431,GH¢ per GMD,ok,
2026-06-17,GHSGMD,Dalasi,Mid Rate,6.5256,GMD per GH¢,0.1532426137,GH¢ per GMD,ok,
2026-06-17,GHSMRO,Ouguiya,Buying,31.8949,MRO per GH¢,0.0313529749,GH¢ per MRO (old ouguiya; 10 MRO = 1 MRU since 2018),ok,
2026-06-17,GHSMRO,Ouguiya,Selling,31.9843,MRO per GH¢,0.0312653396,GH¢ per MRO (old ouguiya; 10 MRO = 1 MRU since 2018),ok,
2026-06-17,GHSMRO,Ouguiya,Mid Rate,31.9396,MRO per GH¢,0.0313090959,GH¢ per MRO (old ouguiya; 10 MRO = 1 MRU since 2018),ok,
2026-06-17,GHSNGN,Naira,Buying,121.5036,NGN per GH¢,0.0082302088,GH¢ per NGN,ok,
2026-06-17,GHSNGN,Naira,Selling,121.5947,NGN per GH¢,0.0082240427,GH¢ per NGN,ok,
2026-06-17,GHSNGN,Naira,Mid Rate,121.5492,NGN per GH¢,0.0082271212,GH¢ per NGN,ok,
2026-06-17,GHSSLL,Leone,Buying,"2,133.4763",SLL per GH¢,0.4687185885,"GH¢ per SLE (new leone; 1 SLE = 1,000 old leones)",ok,
2026-06-17,GHSSLL,Leone,Selling,"2,174.4003",SLL per GH¢,0.4598969196,"GH¢ per SLE (new leone; 1 SLE = 1,000 old leones)",ok,
2026-06-17,GHSSLL,Leone,Mid Rate,"2,153.9383",SLL per GH¢,0.464265852,"GH¢ per SLE (new leone; 1 SLE = 1,000 old leones)",ok,
2026-06-17,GHSXOF,BCEAO,Buying,50.5294,XOF per GH¢,0.0197904586,GH¢ per XOF (CFA franc (BCEAO)),ok,
2026-06-17,GHSXOF,BCEAO,Selling,50.5757,XOF per GH¢,0.0197723413,GH¢ per XOF (CFA franc (BCEAO)),ok,
2026-06-17,GHSXOF,BCEAO,Mid Rate,50.5526,XOF per GH¢,0.0197813762,GH¢ per XOF (CFA franc (BCEAO)),ok,
2026-06-17,JPYGHS,Japanese yen,Buying,0.0698,GH¢ per JPY,0.0698,GH¢ per JPY,ok,
2026-06-17,JPYGHS,Japanese yen,Selling,0.0699,GH¢ per JPY,0.0699,GH¢ per JPY,ok,
2026-06-17,JPYGHS,Japanese yen,Mid Rate,0.0699,GH¢ per JPY,0.0699,GH¢ per JPY,ok,
2026-06-17,NOKGHS,Norwegian Krone,Buying,1.1770,GH¢ per NOK,1.177,GH¢ per NOK,ok,
2026-06-17,NOKGHS,Norwegian Krone,Selling,1.1778,GH¢ per NOK,1.1778,GH¢ per NOK,ok,
2026-06-17,NOKGHS,Norwegian Krone,Mid Rate,1.1774,GH¢ per NOK,1.1774,GH¢ per NOK,ok,
2026-06-17,NZDGHS,New Zealand Dollar,Buying,6.5057,GH¢ per NZD,6.5057,GH¢ per NZD,ok,
2026-06-17,NZDGHS,New Zealand Dollar,Selling,6.5137,GH¢ per NZD,6.5137,GH¢ per NZD,ok,
2026-06-17,NZDGHS,New Zealand Dollar,Mid Rate,6.5097,GH¢ per NZD,6.5097,GH¢ per NZD,ok,
2026-06-17,SEKGHS,Swedish Krona,Buying,1.1904,GH¢ per SEK,1.1904,GH¢ per SEK,ok,
2026-06-17,SEKGHS,Swedish Krona,Selling,1.1914,GH¢ per SEK,1.1914,GH¢ per SEK,ok,
2026-06-17,SEKGHS,Swedish Krona,Mid Rate,1.1909,GH¢ per SEK,1.1909,GH¢ per SEK,ok,
2026-06-17,WAUGHS,Ecowas,Buying,0.0136,GH¢ per WAU,0.0136,"GH¢ per WAU (BoG's 'Ecowas' unit, not defined by BoG)",ok,
2026-06-17,WAUGHS,Ecowas,Selling,0.0136,GH¢ per WAU,0.0136,"GH¢ per WAU (BoG's 'Ecowas' unit, not defined by BoG)",ok,
2026-06-17,WAUGHS,Ecowas,Mid Rate,0.0136,GH¢ per WAU,0.0136,"GH¢ per WAU (BoG's 'Ecowas' unit, not defined by BoG)",ok,
2026-06-17,ZARGHS,South African Rand,Buying,0.6919,GH¢ per ZAR,0.6919,GH¢ per ZAR,ok,
2026-06-17,ZARGHS,South African Rand,Selling,0.6923,GH¢ per ZAR,0.6923,GH¢ per ZAR,ok,
2026-06-17,ZARGHS,South African Rand,Mid Rate,0.6921,GH¢ per ZAR,0.6921,GH¢ per ZAR,ok,
2026-06-18,USDGHS,US Dollar,Buying,11.1644,GH¢ per USD,11.1644,GH¢ per USD,ok,
2026-06-18,USDGHS,US Dollar,Selling,11.1756,GH¢ per USD,11.1756,GH¢ per USD,ok,
2026-06-18,USDGHS,US Dollar,Mid Rate,11.1700,GH¢ per USD,11.17,GH¢ per USD,ok,
2026-06-18,AUDGHS,Australian Dollar,Buying,7.8346,GH¢ per AUD,7.8346,GH¢ per AUD,ok,
2026-06-18,AUDGHS,Australian Dollar,Selling,7.8430,GH¢ per AUD,7.843,GH¢ per AUD,ok,
2026-06-18,AUDGHS,Australian Dollar,Mid Rate,7.8388,GH¢ per AUD,7.8388,GH¢ per AUD,ok,
2026-06-18,CADGHS,Canadian Dollar,Buying,7.8953,GH¢ per CAD,7.8953,GH¢ per CAD,ok,
2026-06-18,CADGHS,Canadian Dollar,Selling,7.9030,GH¢ per CAD,7.903,GH¢ per CAD,ok,
2026-06-18,CADGHS,Canadian Dollar,Mid Rate,7.8992,GH¢ per CAD,7.8992,GH¢ per CAD,ok,
2026-06-18,CHFGHS,Swiss Franc,Buying,13.8786,GH¢ per CHF,13.8786,GH¢ per CHF,ok,
2026-06-18,CHFGHS,Swiss Franc,Selling,13.8909,GH¢ per CHF,13.8909,GH¢ per CHF,ok,
2026-06-18,CHFGHS,Swiss Franc,Mid Rate,13.8848,GH¢ per CHF,13.8848,GH¢ per CHF,ok,
2026-06-18,CNYGHS,Yuan Renminbi,Buying,1.6494,GH¢ per CNY,1.6494,GH¢ per CNY,ok,
2026-06-18,CNYGHS,Yuan Renminbi,Selling,1.6504,GH¢ per CNY,1.6504,GH¢ per CNY,ok,
2026-06-18,CNYGHS,Yuan Renminbi,Mid Rate,1.6499,GH¢ per CNY,1.6499,GH¢ per CNY,ok,
2026-06-18,DKKGHS,Danish Krone,Buying,1.7127,GH¢ per DKK,1.7127,GH¢ per DKK,ok,
2026-06-18,DKKGHS,Danish Krone,Selling,1.7144,GH¢ per DKK,1.7144,GH¢ per DKK,ok,
2026-06-18,DKKGHS,Danish Krone,Mid Rate,1.7136,GH¢ per DKK,1.7136,GH¢ per DKK,ok,
2026-06-18,EURGHS,Euro,Buying,12.8022,GH¢ per EUR,12.8022,GH¢ per EUR,ok,
2026-06-18,EURGHS,Euro,Selling,12.8138,GH¢ per EUR,12.8138,GH¢ per EUR,ok,
2026-06-18,EURGHS,Euro,Mid Rate,12.8080,GH¢ per EUR,12.808,GH¢ per EUR,ok,
2026-06-18,GBPGHS,Pound Sterling,Buying,14.7571,GH¢ per GBP,14.7571,GH¢ per GBP,ok,
2026-06-18,GBPGHS,Pound Sterling,Selling,14.7730,GH¢ per GBP,14.773,GH¢ per GBP,ok,
2026-06-18,GBPGHS,Pound Sterling,Mid Rate,14.7651,GH¢ per GBP,14.7651,GH¢ per GBP,ok,
2026-06-18,GHSGMD,Dalasi,Buying,6.4850,GMD per GH¢,0.1542020046,GH¢ per GMD,ok,
2026-06-18,GHSGMD,Dalasi,Selling,6.5049,GMD per GH¢,0.1537302649,GH¢ per GMD,ok,
2026-06-18,GHSGMD,Dalasi,Mid Rate,6.4950,GMD per GH¢,0.1539645881,GH¢ per GMD,ok,
2026-06-18,GHSMRO,Ouguiya,Buying,31.9606,MRO per GH¢,0.031288524,GH¢ per MRO (old ouguiya; 10 MRO = 1 MRU since 2018),ok,
2026-06-18,GHSMRO,Ouguiya,Selling,32.0501,MRO per GH¢,0.0312011507,GH¢ per MRO (old ouguiya; 10 MRO = 1 MRU since 2018),ok,
2026-06-18,GHSMRO,Ouguiya,Mid Rate,32.0054,MRO per GH¢,0.0312447275,GH¢ per MRO (old ouguiya; 10 MRO = 1 MRU since 2018),ok,
2026-06-18,GHSNGN,Naira,Buying,121.8156,NGN per GH¢,0.0082091292,GH¢ per NGN,ok,
2026-06-18,GHSNGN,Naira,Selling,121.9051,NGN per GH¢,0.0082031022,GH¢ per NGN,ok,
2026-06-18,GHSNGN,Naira,Mid Rate,121.8604,NGN per GH¢,0.0082061113,GH¢ per NGN,ok,
2026-06-18,GHSSLL,Leone,Buying,"2,137.8693",SLL per GH¢,0.4677554423,"GH¢ per SLE (new leone; 1 SLE = 1,000 old leones)",ok,
2026-06-18,GHSSLL,Leone,Selling,"2,178.8776",SLL per GH¢,0.4589518934,"GH¢ per SLE (new leone; 1 SLE = 1,000 old leones)",ok,
2026-06-18,GHSSLL,Leone,Mid Rate,"2,158.3735",SLL per GH¢,0.4633118411,"GH¢ per SLE (new leone; 1 SLE = 1,000 old leones)",ok,
2026-06-18,GHSXOF,BCEAO,Buying,51.1914,XOF per GH¢,0.0195345312,GH¢ per XOF (CFA franc (BCEAO)),ok,
2026-06-18,GHSXOF,BCEAO,Selling,51.2378,XOF per GH¢,0.0195168411,GH¢ per XOF (CFA franc (BCEAO)),ok,
2026-06-18,GHSXOF,BCEAO,Mid Rate,51.2146,XOF per GH¢,0.0195256821,GH¢ per XOF (CFA franc (BCEAO)),ok,
2026-06-18,JPYGHS,Japanese yen,Buying,0.0692,GH¢ per JPY,0.0692,GH¢ per JPY,ok,
2026-06-18,JPYGHS,Japanese yen,Selling,0.0693,GH¢ per JPY,0.0693,GH¢ per JPY,ok,
2026-06-18,JPYGHS,Japanese yen,Mid Rate,0.0693,GH¢ per JPY,0.0693,GH¢ per JPY,ok,
2026-06-18,NOKGHS,Norwegian Krone,Buying,1.1472,GH¢ per NOK,1.1472,GH¢ per NOK,ok,
2026-06-18,NOKGHS,Norwegian Krone,Selling,1.1480,GH¢ per NOK,1.148,GH¢ per NOK,ok,
2026-06-18,NOKGHS,Norwegian Krone,Mid Rate,1.1476,GH¢ per NOK,1.1476,GH¢ per NOK,ok,
2026-06-18,NZDGHS,New Zealand Dollar,Buying,6.4253,GH¢ per NZD,6.4253,GH¢ per NZD,ok,
2026-06-18,NZDGHS,New Zealand Dollar,Selling,6.4336,GH¢ per NZD,6.4336,GH¢ per NZD,ok,
2026-06-18,NZDGHS,New Zealand Dollar,Mid Rate,6.4295,GH¢ per NZD,6.4295,GH¢ per NZD,ok,
2026-06-18,SEKGHS,Swedish Krona,Buying,1.1656,GH¢ per SEK,1.1656,GH¢ per SEK,ok,
2026-06-18,SEKGHS,Swedish Krona,Selling,1.1666,GH¢ per SEK,1.1666,GH¢ per SEK,ok,
2026-06-18,SEKGHS,Swedish Krona,Mid Rate,1.1661,GH¢ per SEK,1.1661,GH¢ per SEK,ok,
2026-06-18,WAUGHS,Ecowas,Buying,0.0137,GH¢ per WAU,0.0137,"GH¢ per WAU (BoG's 'Ecowas' unit, not defined by BoG)",ok,
2026-06-18,WAUGHS,Ecowas,Selling,0.0137,GH¢ per WAU,0.0137,"GH¢ per WAU (BoG's 'Ecowas' unit, not defined by BoG)",ok,
2026-06-18,WAUGHS,Ecowas,Mid Rate,0.0137,GH¢ per WAU,0.0137,"GH¢ per WAU (BoG's 'Ecowas' unit, not defined by BoG)",ok,
2026-06-18,ZARGHS,South African Rand,Buying,0.6788,GH¢ per ZAR,0.6788,GH¢ per ZAR,ok,
2026-06-18,ZARGHS,South African Rand,Selling,0.6792,GH¢ per ZAR,0.6792,GH¢ per ZAR,ok,
2026-06-18,ZARGHS,South African Rand,Mid Rate,0.6790,GH¢ per ZAR,0.679,GH¢ per ZAR,ok,
2026-06-19,USDGHS,US Dollar,Buying,11.2094,GH¢ per USD,11.2094,GH¢ per USD,ok,
2026-06-19,USDGHS,US Dollar,Selling,11.2206,GH¢ per USD,11.2206,GH¢ per USD,ok,
2026-06-19,USDGHS,US Dollar,Mid Rate,11.2150,GH¢ per USD,11.215,GH¢ per USD,ok,
2026-06-19,AUDGHS,Australian Dollar,Buying,7.8560,GH¢ per AUD,7.856,GH¢ per AUD,ok,
2026-06-19,AUDGHS,Australian Dollar,Selling,7.8645,GH¢ per AUD,7.8645,GH¢ per AUD,ok,
2026-06-19,AUDGHS,Australian Dollar,Mid Rate,7.8603,GH¢ per AUD,7.8603,GH¢ per AUD,ok,
2026-06-19,CADGHS,Canadian Dollar,Buying,7.9069,GH¢ per CAD,7.9069,GH¢ per CAD,ok,
2026-06-19,CADGHS,Canadian Dollar,Selling,7.9146,GH¢ per CAD,7.9146,GH¢ per CAD,ok,
2026-06-19,CADGHS,Canadian Dollar,Mid Rate,7.9108,GH¢ per CAD,7.9108,GH¢ per CAD,ok,
2026-06-19,CHFGHS,Swiss Franc,Buying,13.8802,GH¢ per CHF,13.8802,GH¢ per CHF,ok,
2026-06-19,CHFGHS,Swiss Franc,Selling,13.8939,GH¢ per CHF,13.8939,GH¢ per CHF,ok,
2026-06-19,CHFGHS,Swiss Franc,Mid Rate,13.8871,GH¢ per CHF,13.8871,GH¢ per CHF,ok,
2026-06-19,CNYGHS,Yuan Renminbi,Buying,1.6540,GH¢ per CNY,1.654,GH¢ per CNY,ok,
2026-06-19,CNYGHS,Yuan Renminbi,Selling,1.6567,GH¢ per CNY,1.6567,GH¢ per CNY,ok,
2026-06-19,CNYGHS,Yuan Renminbi,Mid Rate,1.6554,GH¢ per CNY,1.6554,GH¢ per CNY,ok,
2026-06-19,DKKGHS,Danish Krone,Buying,1.7194,GH¢ per DKK,1.7194,GH¢ per DKK,ok,
2026-06-19,DKKGHS,Danish Krone,Selling,1.7209,GH¢ per DKK,1.7209,GH¢ per DKK,ok,
2026-06-19,DKKGHS,Danish Krone,Mid Rate,1.7202,GH¢ per DKK,1.7202,GH¢ per DKK,ok,
2026-06-19,EURGHS,Euro,Buying,12.8523,GH¢ per EUR,12.8523,GH¢ per EUR,ok,
2026-06-19,EURGHS,Euro,Selling,12.8639,GH¢ per EUR,12.8639,GH¢ per EUR,ok,
2026-06-19,EURGHS,Euro,Mid Rate,12.8581,GH¢ per EUR,12.8581,GH¢ per EUR,ok,
2026-06-19,GBPGHS,Pound Sterling,Buying,14.8199,GH¢ per GBP,14.8199,GH¢ per GBP,ok,
2026-06-19,GBPGHS,Pound Sterling,Selling,14.8359,GH¢ per GBP,14.8359,GH¢ per GBP,ok,
2026-06-19,GBPGHS,Pound Sterling,Mid Rate,14.8279,GH¢ per GBP,14.8279,GH¢ per GBP,ok,
2026-06-19,GHSGMD,Dalasi,Buying,6.4590,GMD per GH¢,0.154822728,GH¢ per GMD,ok,
2026-06-19,GHSGMD,Dalasi,Selling,6.5555,GMD per GH¢,0.1525436656,GH¢ per GMD,ok,
2026-06-19,GHSGMD,Dalasi,Mid Rate,6.5073,GMD per GH¢,0.1536735666,GH¢ per GMD,ok,
2026-06-19,GHSMRO,Ouguiya,Buying,31.8324,MRO per GH¢,0.0314145336,GH¢ per MRO (old ouguiya; 10 MRO = 1 MRU since 2018),ok,
2026-06-19,GHSMRO,Ouguiya,Selling,31.9215,MRO per GH¢,0.0313268487,GH¢ per MRO (old ouguiya; 10 MRO = 1 MRU since 2018),ok,
2026-06-19,GHSMRO,Ouguiya,Mid Rate,31.8770,MRO per GH¢,0.0313705807,GH¢ per MRO (old ouguiya; 10 MRO = 1 MRU since 2018),ok,
2026-06-19,GHSNGN,Naira,Buying,121.6737,NGN per GH¢,0.008218703,GH¢ per NGN,ok,
2026-06-19,GHSNGN,Naira,Selling,121.7628,NGN per GH¢,0.0082126889,GH¢ per NGN,ok,
2026-06-19,GHSNGN,Naira,Mid Rate,121.7183,NGN per GH¢,0.0082156915,GH¢ per NGN,ok,
2026-06-19,GHSSLL,Leone,Buying,"2,129.2911",SLL per GH¢,0.4696398722,"GH¢ per SLE (new leone; 1 SLE = 1,000 old leones)",ok,
2026-06-19,GHSSLL,Leone,Selling,"2,170.7712",SLL per GH¢,0.4606657763,"GH¢ per SLE (new leone; 1 SLE = 1,000 old leones)",ok,
2026-06-19,GHSSLL,Leone,Mid Rate,"2,150.0312",SLL per GH¢,0.4651095296,"GH¢ per SLE (new leone; 1 SLE = 1,000 old leones)",ok,
2026-06-19,GHSXOF,BCEAO,Buying,50.9921,XOF per GH¢,0.0196108809,GH¢ per XOF (CFA franc (BCEAO)),ok,
2026-06-19,GHSXOF,BCEAO,Selling,51.0381,XOF per GH¢,0.0195932059,GH¢ per XOF (CFA franc (BCEAO)),ok,
2026-06-19,GHSXOF,BCEAO,Mid Rate,51.0151,XOF per GH¢,0.0196020394,GH¢ per XOF (CFA franc (BCEAO)),ok,
2026-06-19,JPYGHS,Japanese yen,Buying,0.0695,GH¢ per JPY,0.0695,GH¢ per JPY,ok,
2026-06-19,JPYGHS,Japanese yen,Selling,0.0696,GH¢ per JPY,0.0696,GH¢ per JPY,ok,
2026-06-19,JPYGHS,Japanese yen,Mid Rate,0.0696,GH¢ per JPY,0.0696,GH¢ per JPY,ok,
2026-06-19,NOKGHS,Norwegian Krone,Buying,1.1560,GH¢ per NOK,1.156,GH¢ per NOK,ok,
2026-06-19,NOKGHS,Norwegian Krone,Selling,1.1566,GH¢ per NOK,1.1566,GH¢ per NOK,ok,
2026-06-19,NOKGHS,Norwegian Krone,Mid Rate,1.1563,GH¢ per NOK,1.1563,GH¢ per NOK,ok,
2026-06-19,NZDGHS,New Zealand Dollar,Buying,6.4304,GH¢ per NZD,6.4304,GH¢ per NZD,ok,
2026-06-19,NZDGHS,New Zealand Dollar,Selling,6.4388,GH¢ per NZD,6.4388,GH¢ per NZD,ok,
2026-06-19,NZDGHS,New Zealand Dollar,Mid Rate,6.4346,GH¢ per NZD,6.4346,GH¢ per NZD,ok,
2026-06-19,SEKGHS,Swedish Krona,Buying,1.1694,GH¢ per SEK,1.1694,GH¢ per SEK,ok,
2026-06-19,SEKGHS,Swedish Krona,Selling,1.1702,GH¢ per SEK,1.1702,GH¢ per SEK,ok,
2026-06-19,SEKGHS,Swedish Krona,Mid Rate,1.1698,GH¢ per SEK,1.1698,GH¢ per SEK,ok,
2026-06-19,WAUGHS,Ecowas,Buying,0.0136,GH¢ per WAU,0.0136,"GH¢ per WAU (BoG's 'Ecowas' unit, not defined by BoG)",ok,
2026-06-19,WAUGHS,Ecowas,Selling,0.0136,GH¢ per WAU,0.0136,"GH¢ per WAU (BoG's 'Ecowas' unit, not defined by BoG)",ok,
2026-06-19,WAUGHS,Ecowas,Mid Rate,0.0136,GH¢ per WAU,0.0136,"GH¢ per WAU (BoG's 'Ecowas' unit, not defined by BoG)",ok,
2026-06-19,ZARGHS,South African Rand,Buying,0.6810,GH¢ per ZAR,0.681,GH¢ per ZAR,ok,
2026-06-19,ZARGHS,South African Rand,Selling,0.6814,GH¢ per ZAR,0.6814,GH¢ per ZAR,ok,
2026-06-19,ZARGHS,South African Rand,Mid Rate,0.6812,GH¢ per ZAR,0.6812,GH¢ per ZAR,ok,
2026-06-22,USDGHS,US Dollar,Buying,11.1944,GH¢ per USD,11.1944,GH¢ per USD,ok,
2026-06-22,USDGHS,US Dollar,Selling,11.2056,GH¢ per USD,11.2056,GH¢ per USD,ok,
2026-06-22,USDGHS,US Dollar,Mid Rate,11.2000,GH¢ per USD,11.2,GH¢ per USD,ok,
2026-06-22,AUDGHS,Australian Dollar,Buying,7.8349,GH¢ per AUD,7.8349,GH¢ per AUD,ok,
2026-06-22,AUDGHS,Australian Dollar,Selling,7.8448,GH¢ per AUD,7.8448,GH¢ per AUD,ok,
2026-06-22,AUDGHS,Australian Dollar,Mid Rate,7.8399,GH¢ per AUD,7.8399,GH¢ per AUD,ok,
2026-06-22,CADGHS,Canadian Dollar,Buying,7.9027,GH¢ per CAD,7.9027,GH¢ per CAD,ok,
2026-06-22,CADGHS,Canadian Dollar,Selling,7.9104,GH¢ per CAD,7.9104,GH¢ per CAD,ok,
2026-06-22,CADGHS,Canadian Dollar,Mid Rate,7.9066,GH¢ per CAD,7.9066,GH¢ per CAD,ok,
2026-06-22,CHFGHS,Swiss Franc,Buying,13.8316,GH¢ per CHF,13.8316,GH¢ per CHF,ok,
2026-06-22,CHFGHS,Swiss Franc,Selling,13.8439,GH¢ per CHF,13.8439,GH¢ per CHF,ok,
2026-06-22,CHFGHS,Swiss Franc,Mid Rate,13.8378,GH¢ per CHF,13.8378,GH¢ per CHF,ok,
2026-06-22,CNYGHS,Yuan Renminbi,Buying,1.6524,GH¢ per CNY,1.6524,GH¢ per CNY,ok,
2026-06-22,CNYGHS,Yuan Renminbi,Selling,1.6535,GH¢ per CNY,1.6535,GH¢ per CNY,ok,
2026-06-22,CNYGHS,Yuan Renminbi,Mid Rate,1.6530,GH¢ per CNY,1.653,GH¢ per CNY,ok,
2026-06-22,DKKGHS,Danish Krone,Buying,1.7116,GH¢ per DKK,1.7116,GH¢ per DKK,ok,
2026-06-22,DKKGHS,Danish Krone,Selling,1.7132,GH¢ per DKK,1.7132,GH¢ per DKK,ok,
2026-06-22,DKKGHS,Danish Krone,Mid Rate,1.7124,GH¢ per DKK,1.7124,GH¢ per DKK,ok,
2026-06-22,EURGHS,Euro,Buying,12.7932,GH¢ per EUR,12.7932,GH¢ per EUR,ok,
2026-06-22,EURGHS,Euro,Selling,12.8058,GH¢ per EUR,12.8058,GH¢ per EUR,ok,
2026-06-22,EURGHS,Euro,Mid Rate,12.7995,GH¢ per EUR,12.7995,GH¢ per EUR,ok,
2026-06-22,GBPGHS,Pound Sterling,Buying,14.8247,GH¢ per GBP,14.8247,GH¢ per GBP,ok,
2026-06-22,GBPGHS,Pound Sterling,Selling,14.8407,GH¢ per GBP,14.8407,GH¢ per GBP,ok,
2026-06-22,GBPGHS,Pound Sterling,Mid Rate,14.8327,GH¢ per GBP,14.8327,GH¢ per GBP,ok,
2026-06-22,GHSGMD,Dalasi,Buying,6.4802,GMD per GH¢,0.1543162248,GH¢ per GMD,ok,
2026-06-22,GHSGMD,Dalasi,Selling,6.5678,GMD per GH¢,0.1522579859,GH¢ per GMD,ok,
2026-06-22,GHSGMD,Dalasi,Mid Rate,6.5240,GMD per GH¢,0.1532801962,GH¢ per GMD,ok,
2026-06-22,GHSMRO,Ouguiya,Buying,31.8750,MRO per GH¢,0.031372549,GH¢ per MRO (old ouguiya; 10 MRO = 1 MRU since 2018),ok,
2026-06-22,GHSMRO,Ouguiya,Selling,31.9643,MRO per GH¢,0.0312849022,GH¢ per MRO (old ouguiya; 10 MRO = 1 MRU since 2018),ok,
2026-06-22,GHSMRO,Ouguiya,Mid Rate,31.9197,MRO per GH¢,0.0313286152,GH¢ per MRO (old ouguiya; 10 MRO = 1 MRU since 2018),ok,
2026-06-22,GHSNGN,Naira,Buying,121.4929,NGN per GH¢,0.0082309337,GH¢ per NGN,ok,
2026-06-22,GHSNGN,Naira,Selling,122.6554,NGN per GH¢,0.0081529227,GH¢ per NGN,ok,
2026-06-22,GHSNGN,Naira,Mid Rate,122.0742,NGN per GH¢,0.0081917391,GH¢ per NGN,ok,
2026-06-22,GHSSLL,Leone,Buying,"2,132.1429",SLL per GH¢,0.4690117159,"GH¢ per SLE (new leone; 1 SLE = 1,000 old leones)",ok,
2026-06-22,GHSSLL,Leone,Selling,"2,177.6786",SLL per GH¢,0.459204586,"GH¢ per SLE (new leone; 1 SLE = 1,000 old leones)",ok,
2026-06-22,GHSSLL,Leone,Mid Rate,"2,154.9108",SLL per GH¢,0.4640563312,"GH¢ per SLE (new leone; 1 SLE = 1,000 old leones)",ok,
2026-06-22,GHSXOF,BCEAO,Buying,51.2234,XOF per GH¢,0.0195223277,GH¢ per XOF (CFA franc (BCEAO)),ok,
2026-06-22,GHSXOF,BCEAO,Selling,51.2739,XOF per GH¢,0.0195031,GH¢ per XOF (CFA franc (BCEAO)),ok,
2026-06-22,GHSXOF,BCEAO,Mid Rate,51.2487,XOF per GH¢,0.0195126901,GH¢ per XOF (CFA franc (BCEAO)),ok,
2026-06-22,JPYGHS,Japanese yen,Buying,0.0693,GH¢ per JPY,0.0693,GH¢ per JPY,ok,
2026-06-22,JPYGHS,Japanese yen,Selling,0.0694,GH¢ per JPY,0.0694,GH¢ per JPY,ok,
2026-06-22,JPYGHS,Japanese yen,Mid Rate,0.0694,GH¢ per JPY,0.0694,GH¢ per JPY,ok,
2026-06-22,NOKGHS,Norwegian Krone,Buying,1.1543,GH¢ per NOK,1.1543,GH¢ per NOK,ok,
2026-06-22,NOKGHS,Norwegian Krone,Selling,1.1551,GH¢ per NOK,1.1551,GH¢ per NOK,ok,
2026-06-22,NOKGHS,Norwegian Krone,Mid Rate,1.1547,GH¢ per NOK,1.1547,GH¢ per NOK,ok,
2026-06-22,NZDGHS,New Zealand Dollar,Buying,6.3998,GH¢ per NZD,6.3998,GH¢ per NZD,ok,
2026-06-22,NZDGHS,New Zealand Dollar,Selling,6.4082,GH¢ per NZD,6.4082,GH¢ per NZD,ok,
2026-06-22,NZDGHS,New Zealand Dollar,Mid Rate,6.4040,GH¢ per NZD,6.404,GH¢ per NZD,ok,
2026-06-22,SEKGHS,Swedish Krona,Buying,1.1636,GH¢ per SEK,1.1636,GH¢ per SEK,ok,
2026-06-22,SEKGHS,Swedish Krona,Selling,1.1646,GH¢ per SEK,1.1646,GH¢ per SEK,ok,
2026-06-22,SEKGHS,Swedish Krona,Mid Rate,1.1641,GH¢ per SEK,1.1641,GH¢ per SEK,ok,
2026-06-22,WAUGHS,Ecowas,Buying,0.0136,GH¢ per WAU,0.0136,"GH¢ per WAU (BoG's 'Ecowas' unit, not defined by BoG)",ok,
2026-06-22,WAUGHS,Ecowas,Selling,0.0136,GH¢ per WAU,0.0136,"GH¢ per WAU (BoG's 'Ecowas' unit, not defined by BoG)",ok,
2026-06-22,WAUGHS,Ecowas,Mid Rate,0.0136,GH¢ per WAU,0.0136,"GH¢ per WAU (BoG's 'Ecowas' unit, not defined by BoG)",ok,
2026-06-22,ZARGHS,South African Rand,Buying,0.6827,GH¢ per ZAR,0.6827,GH¢ per ZAR,ok,
2026-06-22,ZARGHS,South African Rand,Selling,0.6831,GH¢ per ZAR,0.6831,GH¢ per ZAR,ok,
2026-06-22,ZARGHS,South African Rand,Mid Rate,0.6829,GH¢ per ZAR,0.6829,GH¢ per ZAR,ok,
2026-06-23,USDGHS,US Dollar,Buying,11.1989,GH¢ per USD,11.1989,GH¢ per USD,ok,
2026-06-23,USDGHS,US Dollar,Selling,11.2101,GH¢ per USD,11.2101,GH¢ per USD,ok,
2026-06-23,USDGHS,US Dollar,Mid Rate,11.2045,GH¢ per USD,11.2045,GH¢ per USD,ok,
2026-06-23,AUDGHS,Australian Dollar,Buying,7.7443,GH¢ per AUD,7.7443,GH¢ per AUD,ok,
2026-06-23,AUDGHS,Australian Dollar,Selling,7.7541,GH¢ per AUD,7.7541,GH¢ per AUD,ok,
2026-06-23,AUDGHS,Australian Dollar,Mid Rate,7.7492,GH¢ per AUD,7.7492,GH¢ per AUD,ok,
2026-06-23,CADGHS,Canadian Dollar,Buying,7.8830,GH¢ per CAD,7.883,GH¢ per CAD,ok,
2026-06-23,CADGHS,Canadian Dollar,Selling,7.8902,GH¢ per CAD,7.8902,GH¢ per CAD,ok,
2026-06-23,CADGHS,Canadian Dollar,Mid Rate,7.8866,GH¢ per CAD,7.8866,GH¢ per CAD,ok,
2026-06-23,CHFGHS,Swiss Franc,Buying,13.8199,GH¢ per CHF,13.8199,GH¢ per CHF,ok,
2026-06-23,CHFGHS,Swiss Franc,Selling,13.8322,GH¢ per CHF,13.8322,GH¢ per CHF,ok,
2026-06-23,CHFGHS,Swiss Franc,Mid Rate,13.8261,GH¢ per CHF,13.8261,GH¢ per CHF,ok,
2026-06-23,CNYGHS,Yuan Renminbi,Buying,1.6493,GH¢ per CNY,1.6493,GH¢ per CNY,ok,
2026-06-23,CNYGHS,Yuan Renminbi,Selling,1.6504,GH¢ per CNY,1.6504,GH¢ per CNY,ok,
2026-06-23,CNYGHS,Yuan Renminbi,Mid Rate,1.6499,GH¢ per CNY,1.6499,GH¢ per CNY,ok,
2026-06-23,DKKGHS,Danish Krone,Buying,1.7047,GH¢ per DKK,1.7047,GH¢ per DKK,ok,
2026-06-23,DKKGHS,Danish Krone,Selling,1.7064,GH¢ per DKK,1.7064,GH¢ per DKK,ok,
2026-06-23,DKKGHS,Danish Krone,Mid Rate,1.7056,GH¢ per DKK,1.7056,GH¢ per DKK,ok,
2026-06-23,EURGHS,Euro,Buying,12.7431,GH¢ per EUR,12.7431,GH¢ per EUR,ok,
2026-06-23,EURGHS,Euro,Selling,12.7557,GH¢ per EUR,12.7557,GH¢ per EUR,ok,
2026-06-23,EURGHS,Euro,Mid Rate,12.7494,GH¢ per EUR,12.7494,GH¢ per EUR,ok,
2026-06-23,GBPGHS,Pound Sterling,Buying,14.7680,GH¢ per GBP,14.768,GH¢ per GBP,ok,
2026-06-23,GBPGHS,Pound Sterling,Selling,14.7839,GH¢ per GBP,14.7839,GH¢ per GBP,ok,
2026-06-23,GBPGHS,Pound Sterling,Mid Rate,14.7760,GH¢ per GBP,14.776,GH¢ per GBP,ok,
2026-06-23,GHSGMD,Dalasi,Buying,6.4650,GMD per GH¢,0.154679041,GH¢ per GMD,ok,
2026-06-23,GHSGMD,Dalasi,Selling,6.4876,GMD per GH¢,0.1541402059,GH¢ per GMD,ok,
2026-06-23,GHSGMD,Dalasi,Mid Rate,6.4763,GMD per GH¢,0.1544091534,GH¢ per GMD,ok,
2026-06-23,GHSMRO,Ouguiya,Buying,31.8622,MRO per GH¢,0.0313851523,GH¢ per MRO (old ouguiya; 10 MRO = 1 MRU since 2018),ok,
2026-06-23,GHSMRO,Ouguiya,Selling,31.9514,MRO per GH¢,0.0312975331,GH¢ per MRO (old ouguiya; 10 MRO = 1 MRU since 2018),ok,
2026-06-23,GHSMRO,Ouguiya,Mid Rate,31.9068,MRO per GH¢,0.0313412815,GH¢ per MRO (old ouguiya; 10 MRO = 1 MRU since 2018),ok,
2026-06-23,GHSNGN,Naira,Buying,121.9724,NGN per GH¢,0.0081985761,GH¢ per NGN,ok,
2026-06-23,GHSNGN,Naira,Selling,122.0626,NGN per GH¢,0.0081925176,GH¢ per NGN,ok,
2026-06-23,GHSNGN,Naira,Mid Rate,122.0175,NGN per GH¢,0.0081955457,GH¢ per NGN,ok,
2026-06-23,GHSSLL,Leone,Buying,"2,131.2865",SLL per GH¢,0.4692001756,"GH¢ per SLE (new leone; 1 SLE = 1,000 old leones)",ok,
2026-06-23,GHSSLL,Leone,Selling,"2,176.8040",SLL per GH¢,0.459389086,"GH¢ per SLE (new leone; 1 SLE = 1,000 old leones)",ok,
2026-06-23,GHSSLL,Leone,Mid Rate,"2,154.0453",SLL per GH¢,0.4642427901,"GH¢ per SLE (new leone; 1 SLE = 1,000 old leones)",ok,
2026-06-23,GHSXOF,BCEAO,Buying,51.4246,XOF per GH¢,0.0194459461,GH¢ per XOF (CFA franc (BCEAO)),ok,
2026-06-23,GHSXOF,BCEAO,Selling,51.4755,XOF per GH¢,0.0194267176,GH¢ per XOF (CFA franc (BCEAO)),ok,
2026-06-23,GHSXOF,BCEAO,Mid Rate,51.4501,XOF per GH¢,0.0194363082,GH¢ per XOF (CFA franc (BCEAO)),ok,
2026-06-23,JPYGHS,Japanese yen,Buying,0.0693,GH¢ per JPY,0.0693,GH¢ per JPY,ok,
2026-06-23,JPYGHS,Japanese yen,Selling,0.0694,GH¢ per JPY,0.0694,GH¢ per JPY,ok,
2026-06-23,JPYGHS,Japanese yen,Mid Rate,0.0694,GH¢ per JPY,0.0694,GH¢ per JPY,ok,
2026-06-23,NOKGHS,Norwegian Krone,Buying,1.1436,GH¢ per NOK,1.1436,GH¢ per NOK,ok,
2026-06-23,NOKGHS,Norwegian Krone,Selling,1.1444,GH¢ per NOK,1.1444,GH¢ per NOK,ok,
2026-06-23,NOKGHS,Norwegian Krone,Mid Rate,1.1440,GH¢ per NOK,1.144,GH¢ per NOK,ok,
2026-06-23,NZDGHS,New Zealand Dollar,Buying,6.3458,GH¢ per NZD,6.3458,GH¢ per NZD,ok,
2026-06-23,NZDGHS,New Zealand Dollar,Selling,6.3541,GH¢ per NZD,6.3541,GH¢ per NZD,ok,
2026-06-23,NZDGHS,New Zealand Dollar,Mid Rate,6.3500,GH¢ per NZD,6.35,GH¢ per NZD,ok,
2026-06-23,SEKGHS,Swedish Krona,Buying,1.1495,GH¢ per SEK,1.1495,GH¢ per SEK,ok,
2026-06-23,SEKGHS,Swedish Krona,Selling,1.1505,GH¢ per SEK,1.1505,GH¢ per SEK,ok,
2026-06-23,SEKGHS,Swedish Krona,Mid Rate,1.1500,GH¢ per SEK,1.15,GH¢ per SEK,ok,
2026-06-23,WAUGHS,Ecowas,Buying,0.0136,GH¢ per WAU,0.0136,"GH¢ per WAU (BoG's 'Ecowas' unit, not defined by BoG)",ok,
2026-06-23,WAUGHS,Ecowas,Selling,0.0136,GH¢ per WAU,0.0136,"GH¢ per WAU (BoG's 'Ecowas' unit, not defined by BoG)",ok,
2026-06-23,WAUGHS,Ecowas,Mid Rate,0.0136,GH¢ per WAU,0.0136,"GH¢ per WAU (BoG's 'Ecowas' unit, not defined by BoG)",ok,
2026-06-23,ZARGHS,South African Rand,Buying,0.6769,GH¢ per ZAR,0.6769,GH¢ per ZAR,ok,
2026-06-23,ZARGHS,South African Rand,Selling,0.6773,GH¢ per ZAR,0.6773,GH¢ per ZAR,ok,
2026-06-23,ZARGHS,South African Rand,Mid Rate,0.6771,GH¢ per ZAR,0.6771,GH¢ per ZAR,ok,
2026-06-24,USDGHS,US Dollar,Buying,11.2194,GH¢ per USD,11.2194,GH¢ per USD,ok,
2026-06-24,USDGHS,US Dollar,Selling,11.2306,GH¢ per USD,11.2306,GH¢ per USD,ok,
2026-06-24,USDGHS,US Dollar,Mid Rate,11.2250,GH¢ per USD,11.225,GH¢ per USD,ok,
2026-06-24,AUDGHS,Australian Dollar,Buying,7.7413,GH¢ per AUD,7.7413,GH¢ per AUD,ok,
2026-06-24,AUDGHS,Australian Dollar,Selling,7.7496,GH¢ per AUD,7.7496,GH¢ per AUD,ok,
2026-06-24,AUDGHS,Australian Dollar,Mid Rate,7.7455,GH¢ per AUD,7.7455,GH¢ per AUD,ok,
2026-06-24,CADGHS,Canadian Dollar,Buying,7.8867,GH¢ per CAD,7.8867,GH¢ per CAD,ok,
2026-06-24,CADGHS,Canadian Dollar,Selling,7.8939,GH¢ per CAD,7.8939,GH¢ per CAD,ok,
2026-06-24,CADGHS,Canadian Dollar,Mid Rate,7.8903,GH¢ per CAD,7.8903,GH¢ per CAD,ok,
2026-06-24,CHFGHS,Swiss Franc,Buying,13.8282,GH¢ per CHF,13.8282,GH¢ per CHF,ok,
2026-06-24,CHFGHS,Swiss Franc,Selling,13.8418,GH¢ per CHF,13.8418,GH¢ per CHF,ok,
2026-06-24,CHFGHS,Swiss Franc,Mid Rate,13.8350,GH¢ per CHF,13.835,GH¢ per CHF,ok,
2026-06-24,CNYGHS,Yuan Renminbi,Buying,1.6492,GH¢ per CNY,1.6492,GH¢ per CNY,ok,
2026-06-24,CNYGHS,Yuan Renminbi,Selling,1.6509,GH¢ per CNY,1.6509,GH¢ per CNY,ok,
2026-06-24,CNYGHS,Yuan Renminbi,Mid Rate,1.6501,GH¢ per CNY,1.6501,GH¢ per CNY,ok,
2026-06-24,DKKGHS,Danish Krone,Buying,1.7044,GH¢ per DKK,1.7044,GH¢ per DKK,ok,
2026-06-24,DKKGHS,Danish Krone,Selling,1.7060,GH¢ per DKK,1.706,GH¢ per DKK,ok,
2026-06-24,DKKGHS,Danish Krone,Mid Rate,1.7052,GH¢ per DKK,1.7052,GH¢ per DKK,ok,
2026-06-24,EURGHS,Euro,Buying,12.7403,GH¢ per EUR,12.7403,GH¢ per EUR,ok,
2026-06-24,EURGHS,Euro,Selling,12.7530,GH¢ per EUR,12.753,GH¢ per EUR,ok,
2026-06-24,EURGHS,Euro,Mid Rate,12.7467,GH¢ per EUR,12.7467,GH¢ per EUR,ok,
2026-06-24,GBPGHS,Pound Sterling,Buying,14.8017,GH¢ per GBP,14.8017,GH¢ per GBP,ok,
2026-06-24,GBPGHS,Pound Sterling,Selling,14.8177,GH¢ per GBP,14.8177,GH¢ per GBP,ok,
2026-06-24,GBPGHS,Pound Sterling,Mid Rate,14.8097,GH¢ per GBP,14.8097,GH¢ per GBP,ok,
2026-06-24,GHSGMD,Dalasi,Buying,6.4532,GMD per GH¢,0.1549618794,GH¢ per GMD,ok,
2026-06-24,GHSGMD,Dalasi,Selling,6.6424,GMD per GH¢,0.1505479947,GH¢ per GMD,ok,
2026-06-24,GHSGMD,Dalasi,Mid Rate,6.5478,GMD per GH¢,0.152723052,GH¢ per GMD,ok,
2026-06-24,GHSMRO,Ouguiya,Buying,31.8040,MRO per GH¢,0.0314425858,GH¢ per MRO (old ouguiya; 10 MRO = 1 MRU since 2018),ok,
2026-06-24,GHSMRO,Ouguiya,Selling,31.8931,MRO per GH¢,0.0313547444,GH¢ per MRO (old ouguiya; 10 MRO = 1 MRU since 2018),ok,
2026-06-24,GHSMRO,Ouguiya,Mid Rate,31.8486,MRO per GH¢,0.0313985544,GH¢ per MRO (old ouguiya; 10 MRO = 1 MRU since 2018),ok,
2026-06-24,GHSNGN,Naira,Buying,121.8263,NGN per GH¢,0.0082084082,GH¢ per NGN,ok,
2026-06-24,GHSNGN,Naira,Selling,122.4499,NGN per GH¢,0.0081666053,GH¢ per NGN,ok,
2026-06-24,GHSNGN,Naira,Mid Rate,122.1381,NGN per GH¢,0.0081874534,GH¢ per NGN,ok,
2026-06-24,GHSSLL,Leone,Buying,"2,127.3942",SLL per GH¢,0.4700586285,"GH¢ per SLE (new leone; 1 SLE = 1,000 old leones)",ok,
2026-06-24,GHSSLL,Leone,Selling,"2,179.0378",SLL per GH¢,0.4589181519,"GH¢ per SLE (new leone; 1 SLE = 1,000 old leones)",ok,
2026-06-24,GHSSLL,Leone,Mid Rate,"2,153.2160",SLL per GH¢,0.4644215908,"GH¢ per SLE (new leone; 1 SLE = 1,000 old leones)",ok,
2026-06-24,GHSXOF,BCEAO,Buying,51.4355,XOF per GH¢,0.0194418252,GH¢ per XOF (CFA franc (BCEAO)),ok,
2026-06-24,GHSXOF,BCEAO,Selling,51.4868,XOF per GH¢,0.0194224539,GH¢ per XOF (CFA franc (BCEAO)),ok,
2026-06-24,GHSXOF,BCEAO,Mid Rate,51.4612,XOF per GH¢,0.0194321158,GH¢ per XOF (CFA franc (BCEAO)),ok,
2026-06-24,JPYGHS,Japanese yen,Buying,0.0694,GH¢ per JPY,0.0694,GH¢ per JPY,ok,
2026-06-24,JPYGHS,Japanese yen,Selling,0.0695,GH¢ per JPY,0.0695,GH¢ per JPY,ok,
2026-06-24,JPYGHS,Japanese yen,Mid Rate,0.0695,GH¢ per JPY,0.0695,GH¢ per JPY,ok,
2026-06-24,NOKGHS,Norwegian Krone,Buying,1.1413,GH¢ per NOK,1.1413,GH¢ per NOK,ok,
2026-06-24,NOKGHS,Norwegian Krone,Selling,1.1421,GH¢ per NOK,1.1421,GH¢ per NOK,ok,
2026-06-24,NOKGHS,Norwegian Krone,Mid Rate,1.1417,GH¢ per NOK,1.1417,GH¢ per NOK,ok,
2026-06-24,NZDGHS,New Zealand Dollar,Buying,6.3366,GH¢ per NZD,6.3366,GH¢ per NZD,ok,
2026-06-24,NZDGHS,New Zealand Dollar,Selling,6.3434,GH¢ per NZD,6.3434,GH¢ per NZD,ok,
2026-06-24,NZDGHS,New Zealand Dollar,Mid Rate,6.3400,GH¢ per NZD,6.34,GH¢ per NZD,ok,
2026-06-24,SEKGHS,Swedish Krona,Buying,1.1488,GH¢ per SEK,1.1488,GH¢ per SEK,ok,
2026-06-24,SEKGHS,Swedish Krona,Selling,1.1497,GH¢ per SEK,1.1497,GH¢ per SEK,ok,
2026-06-24,SEKGHS,Swedish Krona,Mid Rate,1.1493,GH¢ per SEK,1.1493,GH¢ per SEK,ok,
2026-06-24,WAUGHS,Ecowas,Buying,0.0135,GH¢ per WAU,0.0135,"GH¢ per WAU (BoG's 'Ecowas' unit, not defined by BoG)",ok,
2026-06-24,WAUGHS,Ecowas,Selling,0.0135,GH¢ per WAU,0.0135,"GH¢ per WAU (BoG's 'Ecowas' unit, not defined by BoG)",ok,
2026-06-24,WAUGHS,Ecowas,Mid Rate,0.0135,GH¢ per WAU,0.0135,"GH¢ per WAU (BoG's 'Ecowas' unit, not defined by BoG)",ok,
2026-06-24,ZARGHS,South African Rand,Buying,0.6760,GH¢ per ZAR,0.676,GH¢ per ZAR,ok,
2026-06-24,ZARGHS,South African Rand,Selling,0.6764,GH¢ per ZAR,0.6764,GH¢ per ZAR,ok,
2026-06-24,ZARGHS,South African Rand,Mid Rate,0.6762,GH¢ per ZAR,0.6762,GH¢ per ZAR,ok,
2026-06-25,USDGHS,US Dollar,Buying,11.2631,GH¢ per USD,11.2631,GH¢ per USD,ok,
2026-06-25,USDGHS,US Dollar,Selling,11.2743,GH¢ per USD,11.2743,GH¢ per USD,ok,
2026-06-25,USDGHS,US Dollar,Mid Rate,11.2687,GH¢ per USD,11.2687,GH¢ per USD,ok,
2026-06-25,AUDGHS,Australian Dollar,Buying,7.7933,GH¢ per AUD,7.7933,GH¢ per AUD,ok,
2026-06-25,AUDGHS,Australian Dollar,Selling,7.8032,GH¢ per AUD,7.8032,GH¢ per AUD,ok,
2026-06-25,AUDGHS,Australian Dollar,Mid Rate,7.7983,GH¢ per AUD,7.7983,GH¢ per AUD,ok,
2026-06-25,CADGHS,Canadian Dollar,Buying,7.9424,GH¢ per CAD,7.9424,GH¢ per CAD,ok,
2026-06-25,CADGHS,Canadian Dollar,Selling,7.9497,GH¢ per CAD,7.9497,GH¢ per CAD,ok,
2026-06-25,CADGHS,Canadian Dollar,Mid Rate,7.9461,GH¢ per CAD,7.9461,GH¢ per CAD,ok,
2026-06-25,CHFGHS,Swiss Franc,Buying,13.9156,GH¢ per CHF,13.9156,GH¢ per CHF,ok,
2026-06-25,CHFGHS,Swiss Franc,Selling,13.9280,GH¢ per CHF,13.928,GH¢ per CHF,ok,
2026-06-25,CHFGHS,Swiss Franc,Mid Rate,13.9218,GH¢ per CHF,13.9218,GH¢ per CHF,ok,
2026-06-25,CNYGHS,Yuan Renminbi,Buying,1.6574,GH¢ per CNY,1.6574,GH¢ per CNY,ok,
2026-06-25,CNYGHS,Yuan Renminbi,Selling,1.6586,GH¢ per CNY,1.6586,GH¢ per CNY,ok,
2026-06-25,CNYGHS,Yuan Renminbi,Mid Rate,1.6580,GH¢ per CNY,1.658,GH¢ per CNY,ok,
2026-06-25,DKKGHS,Danish Krone,Buying,1.7151,GH¢ per DKK,1.7151,GH¢ per DKK,ok,
2026-06-25,DKKGHS,Danish Krone,Selling,1.7168,GH¢ per DKK,1.7168,GH¢ per DKK,ok,
2026-06-25,DKKGHS,Danish Krone,Mid Rate,1.7160,GH¢ per DKK,1.716,GH¢ per DKK,ok,
2026-06-25,EURGHS,Euro,Buying,12.8201,GH¢ per EUR,12.8201,GH¢ per EUR,ok,
2026-06-25,EURGHS,Euro,Selling,12.8328,GH¢ per EUR,12.8328,GH¢ per EUR,ok,
2026-06-25,EURGHS,Euro,Mid Rate,12.8265,GH¢ per EUR,12.8265,GH¢ per EUR,ok,
2026-06-25,GBPGHS,Pound Sterling,Buying,14.8841,GH¢ per GBP,14.8841,GH¢ per GBP,ok,
2026-06-25,GBPGHS,Pound Sterling,Selling,14.9002,GH¢ per GBP,14.9002,GH¢ per GBP,ok,
2026-06-25,GBPGHS,Pound Sterling,Mid Rate,14.8922,GH¢ per GBP,14.8922,GH¢ per GBP,ok,
2026-06-25,GHSGMD,Dalasi,Buying,6.4282,GMD per GH¢,0.1555645437,GH¢ per GMD,ok,
2026-06-25,GHSGMD,Dalasi,Selling,6.5237,GMD per GH¢,0.153287245,GH¢ per GMD,ok,
2026-06-25,GHSGMD,Dalasi,Mid Rate,6.4760,GMD per GH¢,0.1544163064,GH¢ per GMD,ok,
2026-06-25,GHSMRO,Ouguiya,Buying,31.6807,MRO per GH¢,0.0315649591,GH¢ per MRO (old ouguiya; 10 MRO = 1 MRU since 2018),ok,
2026-06-25,GHSMRO,Ouguiya,Selling,31.7694,MRO per GH¢,0.0314768299,GH¢ per MRO (old ouguiya; 10 MRO = 1 MRU since 2018),ok,
2026-06-25,GHSMRO,Ouguiya,Mid Rate,31.7251,MRO per GH¢,0.0315207832,GH¢ per MRO (old ouguiya; 10 MRO = 1 MRU since 2018),ok,
2026-06-25,GHSNGN,Naira,Buying,122.5776,NGN per GH¢,0.0081580974,GH¢ per NGN,ok,
2026-06-25,GHSNGN,Naira,Selling,122.6663,NGN per GH¢,0.0081521983,GH¢ per NGN,ok,
2026-06-25,GHSNGN,Naira,Mid Rate,122.6220,NGN per GH¢,0.0081551434,GH¢ per NGN,ok,
2026-06-25,GHSSLL,Leone,Buying,"2,119.1442",SLL per GH¢,0.4718886048,"GH¢ per SLE (new leone; 1 SLE = 1,000 old leones)",ok,
2026-06-25,GHSSLL,Leone,Selling,"2,160.6842",SLL per GH¢,0.4628163616,"GH¢ per SLE (new leone; 1 SLE = 1,000 old leones)",ok,
2026-06-25,GHSSLL,Leone,Mid Rate,"2,139.9142",SLL per GH¢,0.4673084556,"GH¢ per SLE (new leone; 1 SLE = 1,000 old leones)",ok,
2026-06-25,GHSXOF,BCEAO,Buying,51.1157,XOF per GH¢,0.0195634609,GH¢ per XOF (CFA franc (BCEAO)),ok,
2026-06-25,GHSXOF,BCEAO,Selling,51.1663,XOF per GH¢,0.019544114,GH¢ per XOF (CFA franc (BCEAO)),ok,
2026-06-25,GHSXOF,BCEAO,Mid Rate,51.1410,XOF per GH¢,0.0195537827,GH¢ per XOF (CFA franc (BCEAO)),ok,
2026-06-25,JPYGHS,Japanese yen,Buying,0.0697,GH¢ per JPY,0.0697,GH¢ per JPY,ok,
2026-06-25,JPYGHS,Japanese yen,Selling,0.0697,GH¢ per JPY,0.0697,GH¢ per JPY,ok,
2026-06-25,JPYGHS,Japanese yen,Mid Rate,0.0697,GH¢ per JPY,0.0697,GH¢ per JPY,ok,
2026-06-25,NOKGHS,Norwegian Krone,Buying,1.1443,GH¢ per NOK,1.1443,GH¢ per NOK,ok,
2026-06-25,NOKGHS,Norwegian Krone,Selling,1.1451,GH¢ per NOK,1.1451,GH¢ per NOK,ok,
2026-06-25,NOKGHS,Norwegian Krone,Mid Rate,1.1447,GH¢ per NOK,1.1447,GH¢ per NOK,ok,
2026-06-25,NZDGHS,New Zealand Dollar,Buying,6.3704,GH¢ per NZD,6.3704,GH¢ per NZD,ok,
2026-06-25,NZDGHS,New Zealand Dollar,Selling,6.3788,GH¢ per NZD,6.3788,GH¢ per NZD,ok,
2026-06-25,NZDGHS,New Zealand Dollar,Mid Rate,6.3746,GH¢ per NZD,6.3746,GH¢ per NZD,ok,
2026-06-25,SEKGHS,Swedish Krona,Buying,1.1591,GH¢ per SEK,1.1591,GH¢ per SEK,ok,
2026-06-25,SEKGHS,Swedish Krona,Selling,1.1601,GH¢ per SEK,1.1601,GH¢ per SEK,ok,
2026-06-25,SEKGHS,Swedish Krona,Mid Rate,1.1596,GH¢ per SEK,1.1596,GH¢ per SEK,ok,
2026-06-25,WAUGHS,Ecowas,Buying,0.0134,GH¢ per WAU,0.0134,"GH¢ per WAU (BoG's 'Ecowas' unit, not defined by BoG)",ok,
2026-06-25,WAUGHS,Ecowas,Selling,0.0134,GH¢ per WAU,0.0134,"GH¢ per WAU (BoG's 'Ecowas' unit, not defined by BoG)",ok,
2026-06-25,WAUGHS,Ecowas,Mid Rate,0.0134,GH¢ per WAU,0.0134,"GH¢ per WAU (BoG's 'Ecowas' unit, not defined by BoG)",ok,
2026-06-25,ZARGHS,South African Rand,Buying,0.6839,GH¢ per ZAR,0.6839,GH¢ per ZAR,ok,
2026-06-25,ZARGHS,South African Rand,Selling,0.6844,GH¢ per ZAR,0.6844,GH¢ per ZAR,ok,
2026-06-25,ZARGHS,South African Rand,Mid Rate,0.6842,GH¢ per ZAR,0.6842,GH¢ per ZAR,ok,
2026-06-26,USDGHS,US Dollar,Buying,11.2869,GH¢ per USD,11.2869,GH¢ per USD,ok,
2026-06-26,USDGHS,US Dollar,Selling,11.2981,GH¢ per USD,11.2981,GH¢ per USD,ok,
2026-06-26,USDGHS,US Dollar,Mid Rate,11.2925,GH¢ per USD,11.2925,GH¢ per USD,ok,
2026-06-26,AUDGHS,Australian Dollar,Buying,7.7892,GH¢ per AUD,7.7892,GH¢ per AUD,ok,
2026-06-26,AUDGHS,Australian Dollar,Selling,7.7976,GH¢ per AUD,7.7976,GH¢ per AUD,ok,
2026-06-26,AUDGHS,Australian Dollar,Mid Rate,7.7934,GH¢ per AUD,7.7934,GH¢ per AUD,ok,
2026-06-26,CADGHS,Canadian Dollar,Buying,7.9563,GH¢ per CAD,7.9563,GH¢ per CAD,ok,
2026-06-26,CADGHS,Canadian Dollar,Selling,7.9636,GH¢ per CAD,7.9636,GH¢ per CAD,ok,
2026-06-26,CADGHS,Canadian Dollar,Mid Rate,7.9600,GH¢ per CAD,7.96,GH¢ per CAD,ok,
2026-06-26,CHFGHS,Swiss Franc,Buying,13.9520,GH¢ per CHF,13.952,GH¢ per CHF,ok,
2026-06-26,CHFGHS,Swiss Franc,Selling,13.9644,GH¢ per CHF,13.9644,GH¢ per CHF,ok,
2026-06-26,CHFGHS,Swiss Franc,Mid Rate,13.9582,GH¢ per CHF,13.9582,GH¢ per CHF,ok,
2026-06-26,CNYGHS,Yuan Renminbi,Buying,1.6606,GH¢ per CNY,1.6606,GH¢ per CNY,ok,
2026-06-26,CNYGHS,Yuan Renminbi,Selling,1.6618,GH¢ per CNY,1.6618,GH¢ per CNY,ok,
2026-06-26,CNYGHS,Yuan Renminbi,Mid Rate,1.6612,GH¢ per CNY,1.6612,GH¢ per CNY,ok,
2026-06-26,DKKGHS,Danish Krone,Buying,1.7205,GH¢ per DKK,1.7205,GH¢ per DKK,ok,
2026-06-26,DKKGHS,Danish Krone,Selling,1.7221,GH¢ per DKK,1.7221,GH¢ per DKK,ok,
2026-06-26,DKKGHS,Danish Krone,Mid Rate,1.7213,GH¢ per DKK,1.7213,GH¢ per DKK,ok,
2026-06-26,EURGHS,Euro,Buying,12.8596,GH¢ per EUR,12.8596,GH¢ per EUR,ok,
2026-06-26,EURGHS,Euro,Selling,12.8724,GH¢ per EUR,12.8724,GH¢ per EUR,ok,
2026-06-26,EURGHS,Euro,Mid Rate,12.8660,GH¢ per EUR,12.866,GH¢ per EUR,ok,
2026-06-26,GBPGHS,Pound Sterling,Buying,14.9133,GH¢ per GBP,14.9133,GH¢ per GBP,ok,
2026-06-26,GBPGHS,Pound Sterling,Selling,14.9294,GH¢ per GBP,14.9294,GH¢ per GBP,ok,
2026-06-26,GBPGHS,Pound Sterling,Mid Rate,14.9214,GH¢ per GBP,14.9214,GH¢ per GBP,ok,
2026-06-26,GHSGMD,Dalasi,Buying,6.4146,GMD per GH¢,0.155894366,GH¢ per GMD,ok,
2026-06-26,GHSGMD,Dalasi,Selling,6.5063,GMD per GH¢,0.1536971858,GH¢ per GMD,ok,
2026-06-26,GHSGMD,Dalasi,Mid Rate,6.4605,GMD per GH¢,0.1547867812,GH¢ per GMD,ok,
2026-06-26,GHSMRO,Ouguiya,Buying,31.6139,MRO per GH¢,0.0316316557,GH¢ per MRO (old ouguiya; 10 MRO = 1 MRU since 2018),ok,
2026-06-26,GHSMRO,Ouguiya,Selling,31.7025,MRO per GH¢,0.0315432537,GH¢ per MRO (old ouguiya; 10 MRO = 1 MRU since 2018),ok,
2026-06-26,GHSMRO,Ouguiya,Mid Rate,31.6582,MRO per GH¢,0.0315873928,GH¢ per MRO (old ouguiya; 10 MRO = 1 MRU since 2018),ok,
2026-06-26,GHSNGN,Naira,Buying,122.1519,NGN per GH¢,0.0081865284,GH¢ per NGN,ok,
2026-06-26,GHSNGN,Naira,Selling,122.2404,NGN per GH¢,0.0081806015,GH¢ per NGN,ok,
2026-06-26,GHSNGN,Naira,Mid Rate,122.1962,NGN per GH¢,0.0081835605,GH¢ per NGN,ok,
2026-06-26,GHSSLL,Leone,Buying,"2,101.2360",SLL per GH¢,0.4759103689,"GH¢ per SLE (new leone; 1 SLE = 1,000 old leones)",ok,
2026-06-26,GHSSLL,Leone,Selling,"2,158.2549",SLL per GH¢,0.4633373009,"GH¢ per SLE (new leone; 1 SLE = 1,000 old leones)",ok,
2026-06-26,GHSSLL,Leone,Mid Rate,"2,129.7455",SLL per GH¢,0.4695396704,"GH¢ per SLE (new leone; 1 SLE = 1,000 old leones)",ok,
2026-06-26,GHSXOF,BCEAO,Buying,50.9584,XOF per GH¢,0.01962385,GH¢ per XOF (CFA franc (BCEAO)),ok,
2026-06-26,GHSXOF,BCEAO,Selling,51.0091,XOF per GH¢,0.0196043451,GH¢ per XOF (CFA franc (BCEAO)),ok,
2026-06-26,GHSXOF,BCEAO,Mid Rate,50.9838,XOF per GH¢,0.0196140735,GH¢ per XOF (CFA franc (BCEAO)),ok,
2026-06-26,JPYGHS,Japanese yen,Buying,0.0698,GH¢ per JPY,0.0698,GH¢ per JPY,ok,
2026-06-26,JPYGHS,Japanese yen,Selling,0.0699,GH¢ per JPY,0.0699,GH¢ per JPY,ok,
2026-06-26,JPYGHS,Japanese yen,Mid Rate,0.0699,GH¢ per JPY,0.0699,GH¢ per JPY,ok,
2026-06-26,NOKGHS,Norwegian Krone,Buying,1.1369,GH¢ per NOK,1.1369,GH¢ per NOK,ok,
2026-06-26,NOKGHS,Norwegian Krone,Selling,1.1376,GH¢ per NOK,1.1376,GH¢ per NOK,ok,
2026-06-26,NOKGHS,Norwegian Krone,Mid Rate,1.1373,GH¢ per NOK,1.1373,GH¢ per NOK,ok,
2026-06-26,NZDGHS,New Zealand Dollar,Buying,6.3695,GH¢ per NZD,6.3695,GH¢ per NZD,ok,
2026-06-26,NZDGHS,New Zealand Dollar,Selling,6.3778,GH¢ per NZD,6.3778,GH¢ per NZD,ok,
2026-06-26,NZDGHS,New Zealand Dollar,Mid Rate,6.3737,GH¢ per NZD,6.3737,GH¢ per NZD,ok,
2026-06-26,SEKGHS,Swedish Krona,Buying,1.1607,GH¢ per SEK,1.1607,GH¢ per SEK,ok,
2026-06-26,SEKGHS,Swedish Krona,Selling,1.1616,GH¢ per SEK,1.1616,GH¢ per SEK,ok,
2026-06-26,SEKGHS,Swedish Krona,Mid Rate,1.1612,GH¢ per SEK,1.1612,GH¢ per SEK,ok,
2026-06-26,WAUGHS,Ecowas,Buying,0.0134,GH¢ per WAU,0.0134,"GH¢ per WAU (BoG's 'Ecowas' unit, not defined by BoG)",ok,
2026-06-26,WAUGHS,Ecowas,Selling,0.0134,GH¢ per WAU,0.0134,"GH¢ per WAU (BoG's 'Ecowas' unit, not defined by BoG)",ok,
2026-06-26,WAUGHS,Ecowas,Mid Rate,0.0134,GH¢ per WAU,0.0134,"GH¢ per WAU (BoG's 'Ecowas' unit, not defined by BoG)",ok,
2026-06-26,ZARGHS,South African Rand,Buying,0.6858,GH¢ per ZAR,0.6858,GH¢ per ZAR,ok,
2026-06-26,ZARGHS,South African Rand,Selling,0.6862,GH¢ per ZAR,0.6862,GH¢ per ZAR,ok,
2026-06-26,ZARGHS,South African Rand,Mid Rate,0.6860,GH¢ per ZAR,0.686,GH¢ per ZAR,ok,
2026-06-29,USDGHS,US Dollar,Buying,11.3248,GH¢ per USD,11.3248,GH¢ per USD,ok,
2026-06-29,USDGHS,US Dollar,Selling,11.3362,GH¢ per USD,11.3362,GH¢ per USD,ok,
2026-06-29,USDGHS,US Dollar,Mid Rate,11.3305,GH¢ per USD,11.3305,GH¢ per USD,ok,
2026-06-29,AUDGHS,Australian Dollar,Buying,7.7932,GH¢ per AUD,7.7932,GH¢ per AUD,ok,
2026-06-29,AUDGHS,Australian Dollar,Selling,7.8016,GH¢ per AUD,7.8016,GH¢ per AUD,ok,
2026-06-29,AUDGHS,Australian Dollar,Mid Rate,7.7974,GH¢ per AUD,7.7974,GH¢ per AUD,ok,
2026-06-29,CADGHS,Canadian Dollar,Buying,7.9704,GH¢ per CAD,7.9704,GH¢ per CAD,ok,
2026-06-29,CADGHS,Canadian Dollar,Selling,7.9781,GH¢ per CAD,7.9781,GH¢ per CAD,ok,
2026-06-29,CADGHS,Canadian Dollar,Mid Rate,7.9743,GH¢ per CAD,7.9743,GH¢ per CAD,ok,
2026-06-29,CHFGHS,Swiss Franc,Buying,14.0109,GH¢ per CHF,14.0109,GH¢ per CHF,ok,
2026-06-29,CHFGHS,Swiss Franc,Selling,14.0247,GH¢ per CHF,14.0247,GH¢ per CHF,ok,
2026-06-29,CHFGHS,Swiss Franc,Mid Rate,14.0178,GH¢ per CHF,14.0178,GH¢ per CHF,ok,
2026-06-29,CNYGHS,Yuan Renminbi,Buying,1.6661,GH¢ per CNY,1.6661,GH¢ per CNY,ok,
2026-06-29,CNYGHS,Yuan Renminbi,Selling,1.6676,GH¢ per CNY,1.6676,GH¢ per CNY,ok,
2026-06-29,CNYGHS,Yuan Renminbi,Mid Rate,1.6669,GH¢ per CNY,1.6669,GH¢ per CNY,ok,
2026-06-29,DKKGHS,Danish Krone,Buying,1.7308,GH¢ per DKK,1.7308,GH¢ per DKK,ok,
2026-06-29,DKKGHS,Danish Krone,Selling,1.7324,GH¢ per DKK,1.7324,GH¢ per DKK,ok,
2026-06-29,DKKGHS,Danish Krone,Mid Rate,1.7316,GH¢ per DKK,1.7316,GH¢ per DKK,ok,
2026-06-29,EURGHS,Euro,Buying,12.9358,GH¢ per EUR,12.9358,GH¢ per EUR,ok,
2026-06-29,EURGHS,Euro,Selling,12.9486,GH¢ per EUR,12.9486,GH¢ per EUR,ok,
2026-06-29,EURGHS,Euro,Mid Rate,12.9422,GH¢ per EUR,12.9422,GH¢ per EUR,ok,
2026-06-29,GBPGHS,Pound Sterling,Buying,15.0043,GH¢ per GBP,15.0043,GH¢ per GBP,ok,
2026-06-29,GBPGHS,Pound Sterling,Selling,15.0204,GH¢ per GBP,15.0204,GH¢ per GBP,ok,
2026-06-29,GBPGHS,Pound Sterling,Mid Rate,15.0124,GH¢ per GBP,15.0124,GH¢ per GBP,ok,
2026-06-29,GHSGMD,Dalasi,Buying,6.3938,GMD per GH¢,0.156401514,GH¢ per GMD,ok,
2026-06-29,GHSGMD,Dalasi,Selling,6.4936,GMD per GH¢,0.1539977824,GH¢ per GMD,ok,
2026-06-29,GHSGMD,Dalasi,Mid Rate,6.4437,GMD per GH¢,0.155190341,GH¢ per GMD,ok,
2026-06-29,GHSMRO,Ouguiya,Buying,31.5079,MRO per GH¢,0.031738072,GH¢ per MRO (old ouguiya; 10 MRO = 1 MRU since 2018),ok,
2026-06-29,GHSMRO,Ouguiya,Selling,31.5961,MRO per GH¢,0.0316494757,GH¢ per MRO (old ouguiya; 10 MRO = 1 MRU since 2018),ok,
2026-06-29,GHSMRO,Ouguiya,Mid Rate,31.5520,MRO per GH¢,0.031693712,GH¢ per MRO (old ouguiya; 10 MRO = 1 MRU since 2018),ok,
2026-06-29,GHSNGN,Naira,Buying,122.0158,NGN per GH¢,0.0081956599,GH¢ per NGN,ok,
2026-06-29,GHSNGN,Naira,Selling,122.1041,NGN per GH¢,0.0081897332,GH¢ per NGN,ok,
2026-06-29,GHSNGN,Naira,Mid Rate,122.0600,NGN per GH¢,0.0081926921,GH¢ per NGN,ok,
2026-06-29,GHSSLL,Leone,Buying,"2,107.5857",SLL per GH¢,0.4744765539,"GH¢ per SLE (new leone; 1 SLE = 1,000 old leones)",ok,
2026-06-29,GHSSLL,Leone,Selling,"2,152.5970",SLL per GH¢,0.4645551397,"GH¢ per SLE (new leone; 1 SLE = 1,000 old leones)",ok,
2026-06-29,GHSSLL,Leone,Mid Rate,"2,130.0914",SLL per GH¢,0.469463423,"GH¢ per SLE (new leone; 1 SLE = 1,000 old leones)",ok,
2026-06-29,GHSXOF,BCEAO,Buying,50.6585,XOF per GH¢,0.0197400239,GH¢ per XOF (CFA franc (BCEAO)),ok,
2026-06-29,GHSXOF,BCEAO,Selling,50.7087,XOF per GH¢,0.0197204819,GH¢ per XOF (CFA franc (BCEAO)),ok,
2026-06-29,GHSXOF,BCEAO,Mid Rate,50.6836,XOF per GH¢,0.019730248,GH¢ per XOF (CFA franc (BCEAO)),ok,
2026-06-29,JPYGHS,Japanese yen,Buying,0.0699,GH¢ per JPY,0.0699,GH¢ per JPY,ok,
2026-06-29,JPYGHS,Japanese yen,Selling,0.0700,GH¢ per JPY,0.07,GH¢ per JPY,ok,
2026-06-29,JPYGHS,Japanese yen,Mid Rate,0.0700,GH¢ per JPY,0.07,GH¢ per JPY,ok,
2026-06-29,NOKGHS,Norwegian Krone,Buying,1.1408,GH¢ per NOK,1.1408,GH¢ per NOK,ok,
2026-06-29,NOKGHS,Norwegian Krone,Selling,1.1417,GH¢ per NOK,1.1417,GH¢ per NOK,ok,
2026-06-29,NOKGHS,Norwegian Krone,Mid Rate,1.1413,GH¢ per NOK,1.1413,GH¢ per NOK,ok,
2026-06-29,NZDGHS,New Zealand Dollar,Buying,6.3933,GH¢ per NZD,6.3933,GH¢ per NZD,ok,
2026-06-29,NZDGHS,New Zealand Dollar,Selling,6.4017,GH¢ per NZD,6.4017,GH¢ per NZD,ok,
2026-06-29,NZDGHS,New Zealand Dollar,Mid Rate,6.3975,GH¢ per NZD,6.3975,GH¢ per NZD,ok,
2026-06-29,SEKGHS,Swedish Krona,Buying,1.1644,GH¢ per SEK,1.1644,GH¢ per SEK,ok,
2026-06-29,SEKGHS,Swedish Krona,Selling,1.1654,GH¢ per SEK,1.1654,GH¢ per SEK,ok,
2026-06-29,SEKGHS,Swedish Krona,Mid Rate,1.1649,GH¢ per SEK,1.1649,GH¢ per SEK,ok,
2026-06-29,WAUGHS,Ecowas,Buying,0.0133,GH¢ per WAU,0.0133,"GH¢ per WAU (BoG's 'Ecowas' unit, not defined by BoG)",ok,
2026-06-29,WAUGHS,Ecowas,Selling,0.0133,GH¢ per WAU,0.0133,"GH¢ per WAU (BoG's 'Ecowas' unit, not defined by BoG)",ok,
2026-06-29,WAUGHS,Ecowas,Mid Rate,0.0133,GH¢ per WAU,0.0133,"GH¢ per WAU (BoG's 'Ecowas' unit, not defined by BoG)",ok,
2026-06-29,ZARGHS,South African Rand,Buying,0.6894,GH¢ per ZAR,0.6894,GH¢ per ZAR,ok,
2026-06-29,ZARGHS,South African Rand,Selling,0.6898,GH¢ per ZAR,0.6898,GH¢ per ZAR,ok,
2026-06-29,ZARGHS,South African Rand,Mid Rate,0.6896,GH¢ per ZAR,0.6896,GH¢ per ZAR,ok,
2026-06-30,USDGHS,US Dollar,Buying,11.3443,GH¢ per USD,11.3443,GH¢ per USD,ok,
2026-06-30,USDGHS,US Dollar,Selling,11.3557,GH¢ per USD,11.3557,GH¢ per USD,ok,
2026-06-30,USDGHS,US Dollar,Mid Rate,11.3500,GH¢ per USD,11.35,GH¢ per USD,ok,
2026-06-30,AUDGHS,Australian Dollar,Buying,7.8376,GH¢ per AUD,7.8376,GH¢ per AUD,ok,
2026-06-30,AUDGHS,Australian Dollar,Selling,7.8475,GH¢ per AUD,7.8475,GH¢ per AUD,ok,
2026-06-30,AUDGHS,Australian Dollar,Mid Rate,7.8426,GH¢ per AUD,7.8426,GH¢ per AUD,ok,
2026-06-30,CADGHS,Canadian Dollar,Buying,7.9848,GH¢ per CAD,7.9848,GH¢ per CAD,ok,
2026-06-30,CADGHS,Canadian Dollar,Selling,7.9925,GH¢ per CAD,7.9925,GH¢ per CAD,ok,
2026-06-30,CADGHS,Canadian Dollar,Mid Rate,7.9887,GH¢ per CAD,7.9887,GH¢ per CAD,ok,
2026-06-30,CHFGHS,Swiss Franc,Buying,14.0287,GH¢ per CHF,14.0287,GH¢ per CHF,ok,
2026-06-30,CHFGHS,Swiss Franc,Selling,14.0412,GH¢ per CHF,14.0412,GH¢ per CHF,ok,
2026-06-30,CHFGHS,Swiss Franc,Mid Rate,14.0350,GH¢ per CHF,14.035,GH¢ per CHF,ok,
2026-06-30,CNYGHS,Yuan Renminbi,Buying,1.6716,GH¢ per CNY,1.6716,GH¢ per CNY,ok,
2026-06-30,CNYGHS,Yuan Renminbi,Selling,1.6729,GH¢ per CNY,1.6729,GH¢ per CNY,ok,
2026-06-30,CNYGHS,Yuan Renminbi,Mid Rate,1.6723,GH¢ per CNY,1.6723,GH¢ per CNY,ok,
2026-06-30,DKKGHS,Danish Krone,Buying,1.7322,GH¢ per DKK,1.7322,GH¢ per DKK,ok,
2026-06-30,DKKGHS,Danish Krone,Selling,1.7338,GH¢ per DKK,1.7338,GH¢ per DKK,ok,
2026-06-30,DKKGHS,Danish Krone,Mid Rate,1.7330,GH¢ per DKK,1.733,GH¢ per DKK,ok,
2026-06-30,EURGHS,Euro,Buying,12.9471,GH¢ per EUR,12.9471,GH¢ per EUR,ok,
2026-06-30,EURGHS,Euro,Selling,12.9599,GH¢ per EUR,12.9599,GH¢ per EUR,ok,
2026-06-30,EURGHS,Euro,Mid Rate,12.9535,GH¢ per EUR,12.9535,GH¢ per EUR,ok,
2026-06-30,GBPGHS,Pound Sterling,Buying,15.0290,GH¢ per GBP,15.029,GH¢ per GBP,ok,
2026-06-30,GBPGHS,Pound Sterling,Selling,15.0451,GH¢ per GBP,15.0451,GH¢ per GBP,ok,
2026-06-30,GBPGHS,Pound Sterling,Mid Rate,15.0371,GH¢ per GBP,15.0371,GH¢ per GBP,ok,
2026-06-30,GHSGMD,Dalasi,Buying,6.4031,GMD per GH¢,0.156174353,GH¢ per GMD,ok,
2026-06-30,GHSGMD,Dalasi,Selling,6.4824,GMD per GH¢,0.1542638529,GH¢ per GMD,ok,
2026-06-30,GHSGMD,Dalasi,Mid Rate,6.4428,GMD per GH¢,0.1552120196,GH¢ per GMD,ok,
2026-06-30,GHSMRO,Ouguiya,Buying,31.4537,MRO per GH¢,0.0317927621,GH¢ per MRO (old ouguiya; 10 MRO = 1 MRU since 2018),ok,
2026-06-30,GHSMRO,Ouguiya,Selling,31.5419,MRO per GH¢,0.0317038606,GH¢ per MRO (old ouguiya; 10 MRO = 1 MRU since 2018),ok,
2026-06-30,GHSMRO,Ouguiya,Mid Rate,31.4978,MRO per GH¢,0.0317482491,GH¢ per MRO (old ouguiya; 10 MRO = 1 MRU since 2018),ok,
2026-06-30,GHSNGN,Naira,Buying,121.2793,NGN per GH¢,0.0082454302,GH¢ per NGN,ok,
2026-06-30,GHSNGN,Naira,Selling,121.3674,NGN per GH¢,0.0082394449,GH¢ per NGN,ok,
2026-06-30,GHSNGN,Naira,Mid Rate,121.3234,NGN per GH¢,0.008242433,GH¢ per NGN,ok,
2026-06-30,GHSSLL,Leone,Buying,"2,103.9648",SLL per GH¢,0.4752931228,"GH¢ per SLE (new leone; 1 SLE = 1,000 old leones)",ok,
2026-06-30,GHSSLL,Leone,Selling,"2,148.8987",SLL per GH¢,0.4653546489,"GH¢ per SLE (new leone; 1 SLE = 1,000 old leones)",ok,
2026-06-30,GHSSLL,Leone,Mid Rate,"2,126.4318",SLL per GH¢,0.470271372,"GH¢ per SLE (new leone; 1 SLE = 1,000 old leones)",ok,
2026-06-30,GHSXOF,BCEAO,Buying,50.6144,XOF per GH¢,0.0197572232,GH¢ per XOF (CFA franc (BCEAO)),ok,
2026-06-30,GHSXOF,BCEAO,Selling,50.6644,XOF per GH¢,0.0197377251,GH¢ per XOF (CFA franc (BCEAO)),ok,
2026-06-30,GHSXOF,BCEAO,Mid Rate,50.6394,XOF per GH¢,0.0197474694,GH¢ per XOF (CFA franc (BCEAO)),ok,
2026-06-30,JPYGHS,Japanese yen,Buying,0.0697,GH¢ per JPY,0.0697,GH¢ per JPY,ok,
2026-06-30,JPYGHS,Japanese yen,Selling,0.0698,GH¢ per JPY,0.0698,GH¢ per JPY,ok,
2026-06-30,JPYGHS,Japanese yen,Mid Rate,0.0698,GH¢ per JPY,0.0698,GH¢ per JPY,ok,
2026-06-30,NOKGHS,Norwegian Krone,Buying,1.1447,GH¢ per NOK,1.1447,GH¢ per NOK,ok,
2026-06-30,NOKGHS,Norwegian Krone,Selling,1.1456,GH¢ per NOK,1.1456,GH¢ per NOK,ok,
2026-06-30,NOKGHS,Norwegian Krone,Mid Rate,1.1452,GH¢ per NOK,1.1452,GH¢ per NOK,ok,
2026-06-30,NZDGHS,New Zealand Dollar,Buying,6.4324,GH¢ per NZD,6.4324,GH¢ per NZD,ok,
2026-06-30,NZDGHS,New Zealand Dollar,Selling,6.4408,GH¢ per NZD,6.4408,GH¢ per NZD,ok,
2026-06-30,NZDGHS,New Zealand Dollar,Mid Rate,6.4366,GH¢ per NZD,6.4366,GH¢ per NZD,ok,
2026-06-30,SEKGHS,Swedish Krona,Buying,1.1686,GH¢ per SEK,1.1686,GH¢ per SEK,ok,
2026-06-30,SEKGHS,Swedish Krona,Selling,1.1695,GH¢ per SEK,1.1695,GH¢ per SEK,ok,
2026-06-30,SEKGHS,Swedish Krona,Mid Rate,1.1691,GH¢ per SEK,1.1691,GH¢ per SEK,ok,
2026-06-30,WAUGHS,Ecowas,Buying,0.0132,GH¢ per WAU,0.0132,"GH¢ per WAU (BoG's 'Ecowas' unit, not defined by BoG)",ok,
2026-06-30,WAUGHS,Ecowas,Selling,0.0132,GH¢ per WAU,0.0132,"GH¢ per WAU (BoG's 'Ecowas' unit, not defined by BoG)",ok,
2026-06-30,WAUGHS,Ecowas,Mid Rate,0.0132,GH¢ per WAU,0.0132,"GH¢ per WAU (BoG's 'Ecowas' unit, not defined by BoG)",ok,
2026-06-30,ZARGHS,South African Rand,Buying,0.6920,GH¢ per ZAR,0.692,GH¢ per ZAR,ok,
2026-06-30,ZARGHS,South African Rand,Selling,0.6924,GH¢ per ZAR,0.6924,GH¢ per ZAR,ok,
2026-06-30,ZARGHS,South African Rand,Mid Rate,0.6922,GH¢ per ZAR,0.6922,GH¢ per ZAR,ok,
2026-07-01,USDGHS,US Dollar,Buying,11.3443,GH¢ per USD,11.3443,GH¢ per USD,ok,
2026-07-01,USDGHS,US Dollar,Selling,11.3557,GH¢ per USD,11.3557,GH¢ per USD,ok,
2026-07-01,USDGHS,US Dollar,Mid Rate,11.3500,GH¢ per USD,11.35,GH¢ per USD,ok,
2026-07-01,AUDGHS,Australian Dollar,Buying,7.8326,GH¢ per AUD,7.8326,GH¢ per AUD,ok,
2026-07-01,AUDGHS,Australian Dollar,Selling,7.8411,GH¢ per AUD,7.8411,GH¢ per AUD,ok,
2026-07-01,AUDGHS,Australian Dollar,Mid Rate,7.8369,GH¢ per AUD,7.8369,GH¢ per AUD,ok,
2026-07-01,CADGHS,Canadian Dollar,Buying,7.9868,GH¢ per CAD,7.9868,GH¢ per CAD,ok,
2026-07-01,CADGHS,Canadian Dollar,Selling,7.9946,GH¢ per CAD,7.9946,GH¢ per CAD,ok,
2026-07-01,CADGHS,Canadian Dollar,Mid Rate,7.9907,GH¢ per CAD,7.9907,GH¢ per CAD,ok,
2026-07-01,CHFGHS,Swiss Franc,Buying,14.0357,GH¢ per CHF,14.0357,GH¢ per CHF,ok,
2026-07-01,CHFGHS,Swiss Franc,Selling,14.0495,GH¢ per CHF,14.0495,GH¢ per CHF,ok,
2026-07-01,CHFGHS,Swiss Franc,Mid Rate,14.0426,GH¢ per CHF,14.0426,GH¢ per CHF,ok,
2026-07-01,CNYGHS,Yuan Renminbi,Buying,1.6706,GH¢ per CNY,1.6706,GH¢ per CNY,ok,
2026-07-01,CNYGHS,Yuan Renminbi,Selling,1.6717,GH¢ per CNY,1.6717,GH¢ per CNY,ok,
2026-07-01,CNYGHS,Yuan Renminbi,Mid Rate,1.6712,GH¢ per CNY,1.6712,GH¢ per CNY,ok,
2026-07-01,DKKGHS,Danish Krone,Buying,1.7280,GH¢ per DKK,1.728,GH¢ per DKK,ok,
2026-07-01,DKKGHS,Danish Krone,Selling,1.7297,GH¢ per DKK,1.7297,GH¢ per DKK,ok,
2026-07-01,DKKGHS,Danish Krone,Mid Rate,1.7289,GH¢ per DKK,1.7289,GH¢ per DKK,ok,
2026-07-01,EURGHS,Euro,Buying,12.9161,GH¢ per EUR,12.9161,GH¢ per EUR,ok,
2026-07-01,EURGHS,Euro,Selling,12.9289,GH¢ per EUR,12.9289,GH¢ per EUR,ok,
2026-07-01,EURGHS,Euro,Mid Rate,12.9225,GH¢ per EUR,12.9225,GH¢ per EUR,ok,
2026-07-01,GBPGHS,Pound Sterling,Buying,15.0743,GH¢ per GBP,15.0743,GH¢ per GBP,ok,
2026-07-01,GBPGHS,Pound Sterling,Selling,15.0906,GH¢ per GBP,15.0906,GH¢ per GBP,ok,
2026-07-01,GBPGHS,Pound Sterling,Mid Rate,15.0825,GH¢ per GBP,15.0825,GH¢ per GBP,ok,
2026-07-01,GHSGMD,Dalasi,Buying,6.4041,GMD per GH¢,0.1561499664,GH¢ per GMD,ok,
2026-07-01,GHSGMD,Dalasi,Selling,6.4820,GMD per GH¢,0.1542733724,GH¢ per GMD,ok,
2026-07-01,GHSGMD,Dalasi,Mid Rate,6.4431,GMD per GH¢,0.1552047927,GH¢ per GMD,ok,
2026-07-01,GHSMRO,Ouguiya,Buying,31.4537,MRO per GH¢,0.0317927621,GH¢ per MRO (old ouguiya; 10 MRO = 1 MRU since 2018),ok,
2026-07-01,GHSMRO,Ouguiya,Selling,31.5419,MRO per GH¢,0.0317038606,GH¢ per MRO (old ouguiya; 10 MRO = 1 MRU since 2018),ok,
2026-07-01,GHSMRO,Ouguiya,Mid Rate,31.4978,MRO per GH¢,0.0317482491,GH¢ per MRO (old ouguiya; 10 MRO = 1 MRU since 2018),ok,
2026-07-01,GHSNGN,Naira,Buying,120.7480,NGN per GH¢,0.0082817107,GH¢ per NGN,ok,
2026-07-01,GHSNGN,Naira,Selling,121.2326,NGN per GH¢,0.0082486064,GH¢ per NGN,ok,
2026-07-01,GHSNGN,Naira,Mid Rate,120.9903,NGN per GH¢,0.0082651254,GH¢ per NGN,ok,
2026-07-01,GHSSLL,Leone,Buying,"2,103.9648",SLL per GH¢,0.4752931228,"GH¢ per SLE (new leone; 1 SLE = 1,000 old leones)",ok,
2026-07-01,GHSSLL,Leone,Selling,"2,159.9525",SLL per GH¢,0.4629731441,"GH¢ per SLE (new leone; 1 SLE = 1,000 old leones)",ok,
2026-07-01,GHSSLL,Leone,Mid Rate,"2,131.9587",SLL per GH¢,0.4690522382,"GH¢ per SLE (new leone; 1 SLE = 1,000 old leones)",ok,
2026-07-01,GHSXOF,BCEAO,Buying,50.7357,XOF per GH¢,0.0197099872,GH¢ per XOF (CFA franc (BCEAO)),ok,
2026-07-01,GHSXOF,BCEAO,Selling,50.7860,XOF per GH¢,0.0196904659,GH¢ per XOF (CFA franc (BCEAO)),ok,
2026-07-01,GHSXOF,BCEAO,Mid Rate,50.7609,XOF per GH¢,0.0197002023,GH¢ per XOF (CFA franc (BCEAO)),ok,
2026-07-01,JPYGHS,Japanese yen,Buying,0.0699,GH¢ per JPY,0.0699,GH¢ per JPY,ok,
2026-07-01,JPYGHS,Japanese yen,Selling,0.0699,GH¢ per JPY,0.0699,GH¢ per JPY,ok,
2026-07-01,JPYGHS,Japanese yen,Mid Rate,0.0699,GH¢ per JPY,0.0699,GH¢ per JPY,ok,
2026-07-01,NOKGHS,Norwegian Krone,Buying,1.1463,GH¢ per NOK,1.1463,GH¢ per NOK,ok,
2026-07-01,NOKGHS,Norwegian Krone,Selling,1.1471,GH¢ per NOK,1.1471,GH¢ per NOK,ok,
2026-07-01,NOKGHS,Norwegian Krone,Mid Rate,1.1467,GH¢ per NOK,1.1467,GH¢ per NOK,ok,
2026-07-01,NZDGHS,New Zealand Dollar,Buying,6.4428,GH¢ per NZD,6.4428,GH¢ per NZD,ok,
2026-07-01,NZDGHS,New Zealand Dollar,Selling,6.4512,GH¢ per NZD,6.4512,GH¢ per NZD,ok,
2026-07-01,NZDGHS,New Zealand Dollar,Mid Rate,6.4470,GH¢ per NZD,6.447,GH¢ per NZD,ok,
2026-07-01,SEKGHS,Swedish Krona,Buying,1.1675,GH¢ per SEK,1.1675,GH¢ per SEK,ok,
2026-07-01,SEKGHS,Swedish Krona,Selling,1.1685,GH¢ per SEK,1.1685,GH¢ per SEK,ok,
2026-07-01,SEKGHS,Swedish Krona,Mid Rate,1.1680,GH¢ per SEK,1.168,GH¢ per SEK,ok,
2026-07-01,WAUGHS,Ecowas,Buying,0.0132,GH¢ per WAU,0.0132,"GH¢ per WAU (BoG's 'Ecowas' unit, not defined by BoG)",ok,
2026-07-01,WAUGHS,Ecowas,Selling,0.0132,GH¢ per WAU,0.0132,"GH¢ per WAU (BoG's 'Ecowas' unit, not defined by BoG)",ok,
2026-07-01,WAUGHS,Ecowas,Mid Rate,0.0132,GH¢ per WAU,0.0132,"GH¢ per WAU (BoG's 'Ecowas' unit, not defined by BoG)",ok,
2026-07-01,ZARGHS,South African Rand,Buying,0.6920,GH¢ per ZAR,0.692,GH¢ per ZAR,ok,
2026-07-01,ZARGHS,South African Rand,Selling,0.6925,GH¢ per ZAR,0.6925,GH¢ per ZAR,ok,
2026-07-01,ZARGHS,South African Rand,Mid Rate,0.6923,GH¢ per ZAR,0.6923,GH¢ per ZAR,ok,
2026-07-02,USDGHS,US Dollar,Buying,11.3838,GH¢ per USD,11.3838,GH¢ per USD,ok,
2026-07-02,USDGHS,US Dollar,Selling,11.3952,GH¢ per USD,11.3952,GH¢ per USD,ok,
2026-07-02,USDGHS,US Dollar,Mid Rate,11.3895,GH¢ per USD,11.3895,GH¢ per USD,ok,
2026-07-02,AUDGHS,Australian Dollar,Buying,7.8834,GH¢ per AUD,7.8834,GH¢ per AUD,ok,
2026-07-02,AUDGHS,Australian Dollar,Selling,7.8919,GH¢ per AUD,7.8919,GH¢ per AUD,ok,
2026-07-02,AUDGHS,Australian Dollar,Mid Rate,7.8877,GH¢ per AUD,7.8877,GH¢ per AUD,ok,
2026-07-02,CADGHS,Canadian Dollar,Buying,8.0280,GH¢ per CAD,8.028,GH¢ per CAD,ok,
2026-07-02,CADGHS,Canadian Dollar,Selling,8.0358,GH¢ per CAD,8.0358,GH¢ per CAD,ok,
2026-07-02,CADGHS,Canadian Dollar,Mid Rate,8.0319,GH¢ per CAD,8.0319,GH¢ per CAD,ok,
2026-07-02,CHFGHS,Swiss Franc,Buying,14.1857,GH¢ per CHF,14.1857,GH¢ per CHF,ok,
2026-07-02,CHFGHS,Swiss Franc,Selling,14.1983,GH¢ per CHF,14.1983,GH¢ per CHF,ok,
2026-07-02,CHFGHS,Swiss Franc,Mid Rate,14.1920,GH¢ per CHF,14.192,GH¢ per CHF,ok,
2026-07-02,CNYGHS,Yuan Renminbi,Buying,1.6779,GH¢ per CNY,1.6779,GH¢ per CNY,ok,
2026-07-02,CNYGHS,Yuan Renminbi,Selling,1.6793,GH¢ per CNY,1.6793,GH¢ per CNY,ok,
2026-07-02,CNYGHS,Yuan Renminbi,Mid Rate,1.6786,GH¢ per CNY,1.6786,GH¢ per CNY,ok,
2026-07-02,DKKGHS,Danish Krone,Buying,1.7421,GH¢ per DKK,1.7421,GH¢ per DKK,ok,
2026-07-02,DKKGHS,Danish Krone,Selling,1.7438,GH¢ per DKK,1.7438,GH¢ per DKK,ok,
2026-07-02,DKKGHS,Danish Krone,Mid Rate,1.7430,GH¢ per DKK,1.743,GH¢ per DKK,ok,
2026-07-02,EURGHS,Euro,Buying,13.0218,GH¢ per EUR,13.0218,GH¢ per EUR,ok,
2026-07-02,EURGHS,Euro,Selling,13.0347,GH¢ per EUR,13.0347,GH¢ per EUR,ok,
2026-07-02,EURGHS,Euro,Mid Rate,13.0283,GH¢ per EUR,13.0283,GH¢ per EUR,ok,
2026-07-02,GBPGHS,Pound Sterling,Buying,15.2042,GH¢ per GBP,15.2042,GH¢ per GBP,ok,
2026-07-02,GBPGHS,Pound Sterling,Selling,15.2206,GH¢ per GBP,15.2206,GH¢ per GBP,ok,
2026-07-02,GBPGHS,Pound Sterling,Mid Rate,15.2124,GH¢ per GBP,15.2124,GH¢ per GBP,ok,
2026-07-02,GHSGMD,Dalasi,Buying,6.3819,GMD per GH¢,0.1566931478,GH¢ per GMD,ok,
2026-07-02,GHSGMD,Dalasi,Selling,6.4041,GMD per GH¢,0.1561499664,GH¢ per GMD,ok,
2026-07-02,GHSGMD,Dalasi,Mid Rate,6.3930,GMD per GH¢,0.1564210856,GH¢ per GMD,ok,
2026-07-02,GHSMRO,Ouguiya,Buying,31.3447,MRO per GH¢,0.0319033202,GH¢ per MRO (old ouguiya; 10 MRO = 1 MRU since 2018),ok,
2026-07-02,GHSMRO,Ouguiya,Selling,31.4325,MRO per GH¢,0.031814205,GH¢ per MRO (old ouguiya; 10 MRO = 1 MRU since 2018),ok,
2026-07-02,GHSMRO,Ouguiya,Mid Rate,31.3886,MRO per GH¢,0.0318587003,GH¢ per MRO (old ouguiya; 10 MRO = 1 MRU since 2018),ok,
2026-07-02,GHSNGN,Naira,Buying,120.3573,NGN per GH¢,0.0083085945,GH¢ per NGN,ok,
2026-07-02,GHSNGN,Naira,Selling,120.4451,NGN per GH¢,0.0083025378,GH¢ per NGN,ok,
2026-07-02,GHSNGN,Naira,Mid Rate,120.4012,NGN per GH¢,0.0083055651,GH¢ per NGN,ok,
2026-07-02,GHSSLL,Leone,Buying,"2,091.8565",SLL per GH¢,0.4780442636,"GH¢ per SLE (new leone; 1 SLE = 1,000 old leones)",ok,
2026-07-02,GHSSLL,Leone,Selling,"2,145.4314",SLL per GH¢,0.4661067233,"GH¢ per SLE (new leone; 1 SLE = 1,000 old leones)",ok,
2026-07-02,GHSSLL,Leone,Mid Rate,"2,118.6440",SLL per GH¢,0.4720000151,"GH¢ per SLE (new leone; 1 SLE = 1,000 old leones)",ok,
2026-07-02,GHSXOF,BCEAO,Buying,50.3239,XOF per GH¢,0.0198712739,GH¢ per XOF (CFA franc (BCEAO)),ok,
2026-07-02,GHSXOF,BCEAO,Selling,50.3738,XOF per GH¢,0.0198515895,GH¢ per XOF (CFA franc (BCEAO)),ok,
2026-07-02,GHSXOF,BCEAO,Mid Rate,50.3489,XOF per GH¢,0.0198614071,GH¢ per XOF (CFA franc (BCEAO)),ok,
2026-07-02,JPYGHS,Japanese yen,Buying,0.0707,GH¢ per JPY,0.0707,GH¢ per JPY,ok,
2026-07-02,JPYGHS,Japanese yen,Selling,0.0708,GH¢ per JPY,0.0708,GH¢ per JPY,ok,
2026-07-02,JPYGHS,Japanese yen,Mid Rate,0.0708,GH¢ per JPY,0.0708,GH¢ per JPY,ok,
2026-07-02,NOKGHS,Norwegian Krone,Buying,1.1571,GH¢ per NOK,1.1571,GH¢ per NOK,ok,
2026-07-02,NOKGHS,Norwegian Krone,Selling,1.1578,GH¢ per NOK,1.1578,GH¢ per NOK,ok,
2026-07-02,NOKGHS,Norwegian Krone,Mid Rate,1.1575,GH¢ per NOK,1.1575,GH¢ per NOK,ok,
2026-07-02,NZDGHS,New Zealand Dollar,Buying,6.4892,GH¢ per NZD,6.4892,GH¢ per NZD,ok,
2026-07-02,NZDGHS,New Zealand Dollar,Selling,6.4977,GH¢ per NZD,6.4977,GH¢ per NZD,ok,
2026-07-02,NZDGHS,New Zealand Dollar,Mid Rate,6.4935,GH¢ per NZD,6.4935,GH¢ per NZD,ok,
2026-07-02,SEKGHS,Swedish Krona,Buying,1.1781,GH¢ per SEK,1.1781,GH¢ per SEK,ok,
2026-07-02,SEKGHS,Swedish Krona,Selling,1.1790,GH¢ per SEK,1.179,GH¢ per SEK,ok,
2026-07-02,SEKGHS,Swedish Krona,Mid Rate,1.1786,GH¢ per SEK,1.1786,GH¢ per SEK,ok,
2026-07-02,WAUGHS,Ecowas,Buying,0.0131,GH¢ per WAU,0.0131,"GH¢ per WAU (BoG's 'Ecowas' unit, not defined by BoG)",ok,
2026-07-02,WAUGHS,Ecowas,Selling,0.0131,GH¢ per WAU,0.0131,"GH¢ per WAU (BoG's 'Ecowas' unit, not defined by BoG)",ok,
2026-07-02,WAUGHS,Ecowas,Mid Rate,0.0131,GH¢ per WAU,0.0131,"GH¢ per WAU (BoG's 'Ecowas' unit, not defined by BoG)",ok,
2026-07-02,ZARGHS,South African Rand,Buying,0.7001,GH¢ per ZAR,0.7001,GH¢ per ZAR,ok,
2026-07-02,ZARGHS,South African Rand,Selling,0.7005,GH¢ per ZAR,0.7005,GH¢ per ZAR,ok,
2026-07-02,ZARGHS,South African Rand,Mid Rate,0.7003,GH¢ per ZAR,0.7003,GH¢ per ZAR,ok,
2026-07-06,USDGHS,US Dollar,Buying,11.3843,GH¢ per USD,11.3843,GH¢ per USD,ok,
2026-07-06,USDGHS,US Dollar,Selling,11.3957,GH¢ per USD,11.3957,GH¢ per USD,ok,
2026-07-06,USDGHS,US Dollar,Mid Rate,11.3900,GH¢ per USD,11.39,GH¢ per USD,ok,
2026-07-06,AUDGHS,Australian Dollar,Buying,7.9060,GH¢ per AUD,7.906,GH¢ per AUD,ok,
2026-07-06,AUDGHS,Australian Dollar,Selling,7.9145,GH¢ per AUD,7.9145,GH¢ per AUD,ok,
2026-07-06,AUDGHS,Australian Dollar,Mid Rate,7.9103,GH¢ per AUD,7.9103,GH¢ per AUD,ok,
2026-07-06,CADGHS,Canadian Dollar,Buying,8.0089,GH¢ per CAD,8.0089,GH¢ per CAD,ok,
2026-07-06,CADGHS,Canadian Dollar,Selling,8.0171,GH¢ per CAD,8.0171,GH¢ per CAD,ok,
2026-07-06,CADGHS,Canadian Dollar,Mid Rate,8.0130,GH¢ per CAD,8.013,GH¢ per CAD,ok,
2026-07-06,CHFGHS,Swiss Franc,Buying,14.1226,GH¢ per CHF,14.1226,GH¢ per CHF,ok,
2026-07-06,CHFGHS,Swiss Franc,Selling,14.1352,GH¢ per CHF,14.1352,GH¢ per CHF,ok,
2026-07-06,CHFGHS,Swiss Franc,Mid Rate,14.1289,GH¢ per CHF,14.1289,GH¢ per CHF,ok,
2026-07-06,CNYGHS,Yuan Renminbi,Buying,1.6758,GH¢ per CNY,1.6758,GH¢ per CNY,ok,
2026-07-06,CNYGHS,Yuan Renminbi,Selling,1.6772,GH¢ per CNY,1.6772,GH¢ per CNY,ok,
2026-07-06,CNYGHS,Yuan Renminbi,Mid Rate,1.6765,GH¢ per CNY,1.6765,GH¢ per CNY,ok,
2026-07-06,DKKGHS,Danish Krone,Buying,1.7406,GH¢ per DKK,1.7406,GH¢ per DKK,ok,
2026-07-06,DKKGHS,Danish Krone,Selling,1.7422,GH¢ per DKK,1.7422,GH¢ per DKK,ok,
2026-07-06,DKKGHS,Danish Krone,Mid Rate,1.7414,GH¢ per DKK,1.7414,GH¢ per DKK,ok,
2026-07-06,EURGHS,Euro,Buying,13.0095,GH¢ per EUR,13.0095,GH¢ per EUR,ok,
2026-07-06,EURGHS,Euro,Selling,13.0224,GH¢ per EUR,13.0224,GH¢ per EUR,ok,
2026-07-06,EURGHS,Euro,Mid Rate,13.0160,GH¢ per EUR,13.016,GH¢ per EUR,ok,
2026-07-06,GBPGHS,Pound Sterling,Buying,15.2185,GH¢ per GBP,15.2185,GH¢ per GBP,ok,
2026-07-06,GBPGHS,Pound Sterling,Selling,15.2349,GH¢ per GBP,15.2349,GH¢ per GBP,ok,
2026-07-06,GBPGHS,Pound Sterling,Mid Rate,15.2267,GH¢ per GBP,15.2267,GH¢ per GBP,ok,
2026-07-06,GHSGMD,Dalasi,Buying,6.3685,GMD per GH¢,0.1570228468,GH¢ per GMD,ok,
2026-07-06,GHSGMD,Dalasi,Selling,6.4632,GMD per GH¢,0.1547221191,GH¢ per GMD,ok,
2026-07-06,GHSGMD,Dalasi,Mid Rate,6.4159,GMD per GH¢,0.1558627784,GH¢ per GMD,ok,
2026-07-06,GHSMRO,Ouguiya,Buying,31.3433,MRO per GH¢,0.0319047452,GH¢ per MRO (old ouguiya; 10 MRO = 1 MRU since 2018),ok,
2026-07-06,GHSMRO,Ouguiya,Selling,31.4311,MRO per GH¢,0.0318156221,GH¢ per MRO (old ouguiya; 10 MRO = 1 MRU since 2018),ok,
2026-07-06,GHSMRO,Ouguiya,Mid Rate,31.3872,MRO per GH¢,0.0318601213,GH¢ per MRO (old ouguiya; 10 MRO = 1 MRU since 2018),ok,
2026-07-06,GHSNGN,Naira,Buying,120.1124,NGN per GH¢,0.0083255351,GH¢ per NGN,ok,
2026-07-06,GHSNGN,Naira,Selling,120.3933,NGN per GH¢,0.0083061101,GH¢ per NGN,ok,
2026-07-06,GHSNGN,Naira,Mid Rate,120.2529,NGN per GH¢,0.0083158078,GH¢ per NGN,ok,
2026-07-06,GHSSLL,Leone,Buying,"2,089.8341",SLL per GH¢,0.4785068824,"GH¢ per SLE (new leone; 1 SLE = 1,000 old leones)",ok,
2026-07-06,GHSSLL,Leone,Selling,"2,144.3944",SLL per GH¢,0.4663321262,"GH¢ per SLE (new leone; 1 SLE = 1,000 old leones)",ok,
2026-07-06,GHSSLL,Leone,Mid Rate,"2,117.1143",SLL per GH¢,0.472341054,"GH¢ per SLE (new leone; 1 SLE = 1,000 old leones)",ok,
2026-07-06,GHSXOF,BCEAO,Buying,50.3714,XOF per GH¢,0.0198525354,GH¢ per XOF (CFA franc (BCEAO)),ok,
2026-07-06,GHSXOF,BCEAO,Selling,50.4214,XOF per GH¢,0.0198328488,GH¢ per XOF (CFA franc (BCEAO)),ok,
2026-07-06,GHSXOF,BCEAO,Mid Rate,50.3964,XOF per GH¢,0.0198426872,GH¢ per XOF (CFA franc (BCEAO)),ok,
2026-07-06,JPYGHS,Japanese yen,Buying,0.0701,GH¢ per JPY,0.0701,GH¢ per JPY,ok,
2026-07-06,JPYGHS,Japanese yen,Selling,0.0702,GH¢ per JPY,0.0702,GH¢ per JPY,ok,
2026-07-06,JPYGHS,Japanese yen,Mid Rate,0.0702,GH¢ per JPY,0.0702,GH¢ per JPY,ok,
2026-07-06,NOKGHS,Norwegian Krone,Buying,1.1595,GH¢ per NOK,1.1595,GH¢ per NOK,ok,
2026-07-06,NOKGHS,Norwegian Krone,Selling,1.1603,GH¢ per NOK,1.1603,GH¢ per NOK,ok,
2026-07-06,NOKGHS,Norwegian Krone,Mid Rate,1.1599,GH¢ per NOK,1.1599,GH¢ per NOK,ok,
2026-07-06,NZDGHS,New Zealand Dollar,Buying,6.4785,GH¢ per NZD,6.4785,GH¢ per NZD,ok,
2026-07-06,NZDGHS,New Zealand Dollar,Selling,6.4870,GH¢ per NZD,6.487,GH¢ per NZD,ok,
2026-07-06,NZDGHS,New Zealand Dollar,Mid Rate,6.4828,GH¢ per NZD,6.4828,GH¢ per NZD,ok,
2026-07-06,SEKGHS,Swedish Krona,Buying,1.1806,GH¢ per SEK,1.1806,GH¢ per SEK,ok,
2026-07-06,SEKGHS,Swedish Krona,Selling,1.1815,GH¢ per SEK,1.1815,GH¢ per SEK,ok,
2026-07-06,SEKGHS,Swedish Krona,Mid Rate,1.1811,GH¢ per SEK,1.1811,GH¢ per SEK,ok,
2026-07-06,WAUGHS,Ecowas,Buying,0.0131,GH¢ per WAU,0.0131,"GH¢ per WAU (BoG's 'Ecowas' unit, not defined by BoG)",ok,
2026-07-06,WAUGHS,Ecowas,Selling,0.0131,GH¢ per WAU,0.0131,"GH¢ per WAU (BoG's 'Ecowas' unit, not defined by BoG)",ok,
2026-07-06,WAUGHS,Ecowas,Mid Rate,0.0131,GH¢ per WAU,0.0131,"GH¢ per WAU (BoG's 'Ecowas' unit, not defined by BoG)",ok,
2026-07-06,ZARGHS,South African Rand,Buying,0.7018,GH¢ per ZAR,0.7018,GH¢ per ZAR,ok,
2026-07-06,ZARGHS,South African Rand,Selling,0.7023,GH¢ per ZAR,0.7023,GH¢ per ZAR,ok,
2026-07-06,ZARGHS,South African Rand,Mid Rate,0.7021,GH¢ per ZAR,0.7021,GH¢ per ZAR,ok,
2026-07-07,USDGHS,US Dollar,Buying,11.4213,GH¢ per USD,11.4213,GH¢ per USD,ok,
2026-07-07,USDGHS,US Dollar,Selling,11.4327,GH¢ per USD,11.4327,GH¢ per USD,ok,
2026-07-07,USDGHS,US Dollar,Mid Rate,11.4270,GH¢ per USD,11.427,GH¢ per USD,ok,
2026-07-07,AUDGHS,Australian Dollar,Buying,7.9207,GH¢ per AUD,7.9207,GH¢ per AUD,ok,
2026-07-07,AUDGHS,Australian Dollar,Selling,7.9307,GH¢ per AUD,7.9307,GH¢ per AUD,ok,
2026-07-07,AUDGHS,Australian Dollar,Mid Rate,7.9257,GH¢ per AUD,7.9257,GH¢ per AUD,ok,
2026-07-07,CADGHS,Canadian Dollar,Buying,8.0488,GH¢ per CAD,8.0488,GH¢ per CAD,ok,
2026-07-07,CADGHS,Canadian Dollar,Selling,8.0566,GH¢ per CAD,8.0566,GH¢ per CAD,ok,
2026-07-07,CADGHS,Canadian Dollar,Mid Rate,8.0527,GH¢ per CAD,8.0527,GH¢ per CAD,ok,
2026-07-07,CHFGHS,Swiss Franc,Buying,14.1549,GH¢ per CHF,14.1549,GH¢ per CHF,ok,
2026-07-07,CHFGHS,Swiss Franc,Selling,14.1675,GH¢ per CHF,14.1675,GH¢ per CHF,ok,
2026-07-07,CHFGHS,Swiss Franc,Mid Rate,14.1612,GH¢ per CHF,14.1612,GH¢ per CHF,ok,
2026-07-07,CNYGHS,Yuan Renminbi,Buying,1.6810,GH¢ per CNY,1.681,GH¢ per CNY,ok,
2026-07-07,CNYGHS,Yuan Renminbi,Selling,1.6819,GH¢ per CNY,1.6819,GH¢ per CNY,ok,
2026-07-07,CNYGHS,Yuan Renminbi,Mid Rate,1.6815,GH¢ per CNY,1.6815,GH¢ per CNY,ok,
2026-07-07,DKKGHS,Danish Krone,Buying,1.7453,GH¢ per DKK,1.7453,GH¢ per DKK,ok,
2026-07-07,DKKGHS,Danish Krone,Selling,1.7469,GH¢ per DKK,1.7469,GH¢ per DKK,ok,
2026-07-07,DKKGHS,Danish Krone,Mid Rate,1.7461,GH¢ per DKK,1.7461,GH¢ per DKK,ok,
2026-07-07,EURGHS,Euro,Buying,13.0459,GH¢ per EUR,13.0459,GH¢ per EUR,ok,
2026-07-07,EURGHS,Euro,Selling,13.0577,GH¢ per EUR,13.0577,GH¢ per EUR,ok,
2026-07-07,EURGHS,Euro,Mid Rate,13.0518,GH¢ per EUR,13.0518,GH¢ per EUR,ok,
2026-07-07,GBPGHS,Pound Sterling,Buying,15.2703,GH¢ per GBP,15.2703,GH¢ per GBP,ok,
2026-07-07,GBPGHS,Pound Sterling,Selling,15.2867,GH¢ per GBP,15.2867,GH¢ per GBP,ok,
2026-07-07,GBPGHS,Pound Sterling,Mid Rate,15.2785,GH¢ per GBP,15.2785,GH¢ per GBP,ok,
2026-07-07,GHSGMD,Dalasi,Buying,6.3643,GMD per GH¢,0.1571264711,GH¢ per GMD,ok,
2026-07-07,GHSGMD,Dalasi,Selling,6.3656,GMD per GH¢,0.1570943823,GH¢ per GMD,ok,
2026-07-07,GHSGMD,Dalasi,Mid Rate,6.3650,GMD per GH¢,0.1571091909,GH¢ per GMD,ok,
2026-07-07,GHSMRO,Ouguiya,Buying,31.2418,MRO per GH¢,0.032008399,GH¢ per MRO (old ouguiya; 10 MRO = 1 MRU since 2018),ok,
2026-07-07,GHSMRO,Ouguiya,Selling,31.3293,MRO per GH¢,0.0319190023,GH¢ per MRO (old ouguiya; 10 MRO = 1 MRU since 2018),ok,
2026-07-07,GHSMRO,Ouguiya,Mid Rate,31.2856,MRO per GH¢,0.0319635871,GH¢ per MRO (old ouguiya; 10 MRO = 1 MRU since 2018),ok,
2026-07-07,GHSNGN,Naira,Buying,119.9904,NGN per GH¢,0.0083340001,GH¢ per NGN,ok,
2026-07-07,GHSNGN,Naira,Selling,120.1426,NGN per GH¢,0.0083234423,GH¢ per NGN,ok,
2026-07-07,GHSNGN,Naira,Mid Rate,120.0665,NGN per GH¢,0.0083287178,GH¢ per NGN,ok,
2026-07-07,GHSSLL,Leone,Buying,"2,083.0752",SLL per GH¢,0.4800594813,"GH¢ per SLE (new leone; 1 SLE = 1,000 old leones)",ok,
2026-07-07,GHSSLL,Leone,Selling,"2,134.4185",SLL per GH¢,0.4685116813,"GH¢ per SLE (new leone; 1 SLE = 1,000 old leones)",ok,
2026-07-07,GHSSLL,Leone,Mid Rate,"2,108.7469",SLL per GH¢,0.4742152792,"GH¢ per SLE (new leone; 1 SLE = 1,000 old leones)",ok,
2026-07-07,GHSXOF,BCEAO,Buying,50.2353,XOF per GH¢,0.0199063209,GH¢ per XOF (CFA franc (BCEAO)),ok,
2026-07-07,GHSXOF,BCEAO,Selling,50.2807,XOF per GH¢,0.0198883468,GH¢ per XOF (CFA franc (BCEAO)),ok,
2026-07-07,GHSXOF,BCEAO,Mid Rate,50.2580,XOF per GH¢,0.0198973298,GH¢ per XOF (CFA franc (BCEAO)),ok,
2026-07-07,JPYGHS,Japanese yen,Buying,0.0705,GH¢ per JPY,0.0705,GH¢ per JPY,ok,
2026-07-07,JPYGHS,Japanese yen,Selling,0.0706,GH¢ per JPY,0.0706,GH¢ per JPY,ok,
2026-07-07,JPYGHS,Japanese yen,Mid Rate,0.0706,GH¢ per JPY,0.0706,GH¢ per JPY,ok,
2026-07-07,NOKGHS,Norwegian Krone,Buying,1.1660,GH¢ per NOK,1.166,GH¢ per NOK,ok,
2026-07-07,NOKGHS,Norwegian Krone,Selling,1.1668,GH¢ per NOK,1.1668,GH¢ per NOK,ok,
2026-07-07,NOKGHS,Norwegian Krone,Mid Rate,1.1664,GH¢ per NOK,1.1664,GH¢ per NOK,ok,
2026-07-07,NZDGHS,New Zealand Dollar,Buying,6.4914,GH¢ per NZD,6.4914,GH¢ per NZD,ok,
2026-07-07,NZDGHS,New Zealand Dollar,Selling,6.5014,GH¢ per NZD,6.5014,GH¢ per NZD,ok,
2026-07-07,NZDGHS,New Zealand Dollar,Mid Rate,6.4964,GH¢ per NZD,6.4964,GH¢ per NZD,ok,
2026-07-07,SEKGHS,Swedish Krona,Buying,1.1807,GH¢ per SEK,1.1807,GH¢ per SEK,ok,
2026-07-07,SEKGHS,Swedish Krona,Selling,1.1816,GH¢ per SEK,1.1816,GH¢ per SEK,ok,
2026-07-07,SEKGHS,Swedish Krona,Mid Rate,1.1812,GH¢ per SEK,1.1812,GH¢ per SEK,ok,
2026-07-07,WAUGHS,Ecowas,Buying,0.0131,GH¢ per WAU,0.0131,"GH¢ per WAU (BoG's 'Ecowas' unit, not defined by BoG)",ok,
2026-07-07,WAUGHS,Ecowas,Selling,0.0131,GH¢ per WAU,0.0131,"GH¢ per WAU (BoG's 'Ecowas' unit, not defined by BoG)",ok,
2026-07-07,WAUGHS,Ecowas,Mid Rate,0.0131,GH¢ per WAU,0.0131,"GH¢ per WAU (BoG's 'Ecowas' unit, not defined by BoG)",ok,
2026-07-07,ZARGHS,South African Rand,Buying,0.7031,GH¢ per ZAR,0.7031,GH¢ per ZAR,ok,
2026-07-07,ZARGHS,South African Rand,Selling,0.7036,GH¢ per ZAR,0.7036,GH¢ per ZAR,ok,
2026-07-07,ZARGHS,South African Rand,Mid Rate,0.7034,GH¢ per ZAR,0.7034,GH¢ per ZAR,ok,
2026-07-08,USDGHS,US Dollar,Buying,11.4343,GH¢ per USD,11.4343,GH¢ per USD,ok,
2026-07-08,USDGHS,US Dollar,Selling,11.4457,GH¢ per USD,11.4457,GH¢ per USD,ok,
2026-07-08,USDGHS,US Dollar,Mid Rate,11.4400,GH¢ per USD,11.44,GH¢ per USD,ok,
2026-07-08,AUDGHS,Australian Dollar,Buying,7.9026,GH¢ per AUD,7.9026,GH¢ per AUD,ok,
2026-07-08,AUDGHS,Australian Dollar,Selling,7.9127,GH¢ per AUD,7.9127,GH¢ per AUD,ok,
2026-07-08,AUDGHS,Australian Dollar,Mid Rate,7.9077,GH¢ per AUD,7.9077,GH¢ per AUD,ok,
2026-07-08,CADGHS,Canadian Dollar,Buying,8.0614,GH¢ per CAD,8.0614,GH¢ per CAD,ok,
2026-07-08,CADGHS,Canadian Dollar,Selling,8.0692,GH¢ per CAD,8.0692,GH¢ per CAD,ok,
2026-07-08,CADGHS,Canadian Dollar,Mid Rate,8.0653,GH¢ per CAD,8.0653,GH¢ per CAD,ok,
2026-07-08,CHFGHS,Swiss Franc,Buying,14.1112,GH¢ per CHF,14.1112,GH¢ per CHF,ok,
2026-07-08,CHFGHS,Swiss Franc,Selling,14.1251,GH¢ per CHF,14.1251,GH¢ per CHF,ok,
2026-07-08,CHFGHS,Swiss Franc,Mid Rate,14.1182,GH¢ per CHF,14.1182,GH¢ per CHF,ok,
2026-07-08,CNYGHS,Yuan Renminbi,Buying,1.6807,GH¢ per CNY,1.6807,GH¢ per CNY,ok,
2026-07-08,CNYGHS,Yuan Renminbi,Selling,1.6814,GH¢ per CNY,1.6814,GH¢ per CNY,ok,
2026-07-08,CNYGHS,Yuan Renminbi,Mid Rate,1.6811,GH¢ per CNY,1.6811,GH¢ per CNY,ok,
2026-07-08,DKKGHS,Danish Krone,Buying,1.7435,GH¢ per DKK,1.7435,GH¢ per DKK,ok,
2026-07-08,DKKGHS,Danish Krone,Selling,1.7452,GH¢ per DKK,1.7452,GH¢ per DKK,ok,
2026-07-08,DKKGHS,Danish Krone,Mid Rate,1.7444,GH¢ per DKK,1.7444,GH¢ per DKK,ok,
2026-07-08,EURGHS,Euro,Buying,13.0339,GH¢ per EUR,13.0339,GH¢ per EUR,ok,
2026-07-08,EURGHS,Euro,Selling,13.0457,GH¢ per EUR,13.0457,GH¢ per EUR,ok,
2026-07-08,EURGHS,Euro,Mid Rate,13.0398,GH¢ per EUR,13.0398,GH¢ per EUR,ok,
2026-07-08,GBPGHS,Pound Sterling,Buying,15.2796,GH¢ per GBP,15.2796,GH¢ per GBP,ok,
2026-07-08,GBPGHS,Pound Sterling,Selling,15.2961,GH¢ per GBP,15.2961,GH¢ per GBP,ok,
2026-07-08,GBPGHS,Pound Sterling,Mid Rate,15.2879,GH¢ per GBP,15.2879,GH¢ per GBP,ok,
2026-07-08,GHSGMD,Dalasi,Buying,6.3571,GMD per GH¢,0.1573044313,GH¢ per GMD,ok,
2026-07-08,GHSGMD,Dalasi,Selling,6.4314,GMD per GH¢,0.1554871412,GH¢ per GMD,ok,
2026-07-08,GHSGMD,Dalasi,Mid Rate,6.3943,GMD per GH¢,0.1563892842,GH¢ per GMD,ok,
2026-07-08,GHSMRO,Ouguiya,Buying,31.2063,MRO per GH¢,0.0320448115,GH¢ per MRO (old ouguiya; 10 MRO = 1 MRU since 2018),ok,
2026-07-08,GHSMRO,Ouguiya,Selling,31.2937,MRO per GH¢,0.0319553137,GH¢ per MRO (old ouguiya; 10 MRO = 1 MRU since 2018),ok,
2026-07-08,GHSMRO,Ouguiya,Mid Rate,31.2500,MRO per GH¢,0.032,GH¢ per MRO (old ouguiya; 10 MRO = 1 MRU since 2018),ok,
2026-07-08,GHSNGN,Naira,Buying,120.4642,NGN per GH¢,0.0083012214,GH¢ per NGN,ok,
2026-07-08,GHSNGN,Naira,Selling,120.5743,NGN per GH¢,0.0082936413,GH¢ per NGN,ok,
2026-07-08,GHSNGN,Naira,Mid Rate,120.5193,NGN per GH¢,0.0082974262,GH¢ per NGN,ok,
2026-07-08,GHSSLL,Leone,Buying,"2,078.6444",SLL per GH¢,0.4810827672,"GH¢ per SLE (new leone; 1 SLE = 1,000 old leones)",ok,
2026-07-08,GHSSLL,Leone,Selling,"2,131.9930",SLL per GH¢,0.469044692,"GH¢ per SLE (new leone; 1 SLE = 1,000 old leones)",ok,
2026-07-08,GHSSLL,Leone,Mid Rate,"2,105.3187",SLL per GH¢,0.4749874686,"GH¢ per SLE (new leone; 1 SLE = 1,000 old leones)",ok,
2026-07-08,GHSXOF,BCEAO,Buying,50.2815,XOF per GH¢,0.0198880304,GH¢ per XOF (CFA franc (BCEAO)),ok,
2026-07-08,GHSXOF,BCEAO,Selling,50.3270,XOF per GH¢,0.0198700499,GH¢ per XOF (CFA franc (BCEAO)),ok,
2026-07-08,GHSXOF,BCEAO,Mid Rate,50.3043,XOF per GH¢,0.0198790163,GH¢ per XOF (CFA franc (BCEAO)),ok,
2026-07-08,JPYGHS,Japanese yen,Buying,0.0703,GH¢ per JPY,0.0703,GH¢ per JPY,ok,
2026-07-08,JPYGHS,Japanese yen,Selling,0.0704,GH¢ per JPY,0.0704,GH¢ per JPY,ok,
2026-07-08,JPYGHS,Japanese yen,Mid Rate,0.0704,GH¢ per JPY,0.0704,GH¢ per JPY,ok,
2026-07-08,NOKGHS,Norwegian Krone,Buying,1.1664,GH¢ per NOK,1.1664,GH¢ per NOK,ok,
2026-07-08,NOKGHS,Norwegian Krone,Selling,1.1672,GH¢ per NOK,1.1672,GH¢ per NOK,ok,
2026-07-08,NOKGHS,Norwegian Krone,Mid Rate,1.1668,GH¢ per NOK,1.1668,GH¢ per NOK,ok,
2026-07-08,NZDGHS,New Zealand Dollar,Buying,6.5000,GH¢ per NZD,6.5,GH¢ per NZD,ok,
2026-07-08,NZDGHS,New Zealand Dollar,Selling,6.5085,GH¢ per NZD,6.5085,GH¢ per NZD,ok,
2026-07-08,NZDGHS,New Zealand Dollar,Mid Rate,6.5043,GH¢ per NZD,6.5043,GH¢ per NZD,ok,
2026-07-08,SEKGHS,Swedish Krona,Buying,1.1744,GH¢ per SEK,1.1744,GH¢ per SEK,ok,
2026-07-08,SEKGHS,Swedish Krona,Selling,1.1754,GH¢ per SEK,1.1754,GH¢ per SEK,ok,
2026-07-08,SEKGHS,Swedish Krona,Mid Rate,1.1749,GH¢ per SEK,1.1749,GH¢ per SEK,ok,
2026-07-08,WAUGHS,Ecowas,Buying,0.0130,GH¢ per WAU,0.013,"GH¢ per WAU (BoG's 'Ecowas' unit, not defined by BoG)",ok,
2026-07-08,WAUGHS,Ecowas,Selling,0.0130,GH¢ per WAU,0.013,"GH¢ per WAU (BoG's 'Ecowas' unit, not defined by BoG)",ok,
2026-07-08,WAUGHS,Ecowas,Mid Rate,0.0130,GH¢ per WAU,0.013,"GH¢ per WAU (BoG's 'Ecowas' unit, not defined by BoG)",ok,
2026-07-08,ZARGHS,South African Rand,Buying,0.6947,GH¢ per ZAR,0.6947,GH¢ per ZAR,ok,
2026-07-08,ZARGHS,South African Rand,Selling,0.6951,GH¢ per ZAR,0.6951,GH¢ per ZAR,ok,
2026-07-08,ZARGHS,South African Rand,Mid Rate,0.6949,GH¢ per ZAR,0.6949,GH¢ per ZAR,ok,
2026-07-09,USDGHS,US Dollar,Buying,11.4578,GH¢ per USD,11.4578,GH¢ per USD,ok,
2026-07-09,USDGHS,US Dollar,Selling,11.4692,GH¢ per USD,11.4692,GH¢ per USD,ok,
2026-07-09,USDGHS,US Dollar,Mid Rate,11.4635,GH¢ per USD,11.4635,GH¢ per USD,ok,
2026-07-09,AUDGHS,Australian Dollar,Buying,7.9481,GH¢ per AUD,7.9481,GH¢ per AUD,ok,
2026-07-09,AUDGHS,Australian Dollar,Selling,7.9561,GH¢ per AUD,7.9561,GH¢ per AUD,ok,
2026-07-09,AUDGHS,Australian Dollar,Mid Rate,7.9521,GH¢ per AUD,7.9521,GH¢ per AUD,ok,
2026-07-09,CADGHS,Canadian Dollar,Buying,8.0804,GH¢ per CAD,8.0804,GH¢ per CAD,ok,
2026-07-09,CADGHS,Canadian Dollar,Selling,8.0877,GH¢ per CAD,8.0877,GH¢ per CAD,ok,
2026-07-09,CADGHS,Canadian Dollar,Mid Rate,8.0841,GH¢ per CAD,8.0841,GH¢ per CAD,ok,
2026-07-09,CHFGHS,Swiss Franc,Buying,14.1913,GH¢ per CHF,14.1913,GH¢ per CHF,ok,
2026-07-09,CHFGHS,Swiss Franc,Selling,14.2042,GH¢ per CHF,14.2042,GH¢ per CHF,ok,
2026-07-09,CHFGHS,Swiss Franc,Mid Rate,14.1978,GH¢ per CHF,14.1978,GH¢ per CHF,ok,
2026-07-09,CNYGHS,Yuan Renminbi,Buying,1.6866,GH¢ per CNY,1.6866,GH¢ per CNY,ok,
2026-07-09,CNYGHS,Yuan Renminbi,Selling,1.6882,GH¢ per CNY,1.6882,GH¢ per CNY,ok,
2026-07-09,CNYGHS,Yuan Renminbi,Mid Rate,1.6874,GH¢ per CNY,1.6874,GH¢ per CNY,ok,
2026-07-09,DKKGHS,Danish Krone,Buying,1.7517,GH¢ per DKK,1.7517,GH¢ per DKK,ok,
2026-07-09,DKKGHS,Danish Krone,Selling,1.7532,GH¢ per DKK,1.7532,GH¢ per DKK,ok,
2026-07-09,DKKGHS,Danish Krone,Mid Rate,1.7525,GH¢ per DKK,1.7525,GH¢ per DKK,ok,
2026-07-09,EURGHS,Euro,Buying,13.0947,GH¢ per EUR,13.0947,GH¢ per EUR,ok,
2026-07-09,EURGHS,Euro,Selling,13.1056,GH¢ per EUR,13.1056,GH¢ per EUR,ok,
2026-07-09,EURGHS,Euro,Mid Rate,13.1002,GH¢ per EUR,13.1002,GH¢ per EUR,ok,
2026-07-09,GBPGHS,Pound Sterling,Buying,15.3706,GH¢ per GBP,15.3706,GH¢ per GBP,ok,
2026-07-09,GBPGHS,Pound Sterling,Selling,15.3860,GH¢ per GBP,15.386,GH¢ per GBP,ok,
2026-07-09,GBPGHS,Pound Sterling,Mid Rate,15.3783,GH¢ per GBP,15.3783,GH¢ per GBP,ok,
2026-07-09,GHSGMD,Dalasi,Buying,6.3605,GMD per GH¢,0.1572203443,GH¢ per GMD,ok,
2026-07-09,GHSGMD,Dalasi,Selling,6.4182,GMD per GH¢,0.1558069241,GH¢ per GMD,ok,
2026-07-09,GHSGMD,Dalasi,Mid Rate,6.3894,GMD per GH¢,0.1565092184,GH¢ per GMD,ok,
2026-07-09,GHSMRO,Ouguiya,Buying,31.1423,MRO per GH¢,0.0321106662,GH¢ per MRO (old ouguiya; 10 MRO = 1 MRU since 2018),ok,
2026-07-09,GHSMRO,Ouguiya,Selling,31.2296,MRO per GH¢,0.0320209032,GH¢ per MRO (old ouguiya; 10 MRO = 1 MRU since 2018),ok,
2026-07-09,GHSMRO,Ouguiya,Mid Rate,31.1860,MRO per GH¢,0.0320656705,GH¢ per MRO (old ouguiya; 10 MRO = 1 MRU since 2018),ok,
2026-07-09,GHSNGN,Naira,Buying,120.0724,NGN per GH¢,0.0083283086,GH¢ per NGN,ok,
2026-07-09,GHSNGN,Naira,Selling,120.3786,NGN per GH¢,0.0083071244,GH¢ per NGN,ok,
2026-07-09,GHSNGN,Naira,Mid Rate,120.2255,NGN per GH¢,0.008317703,GH¢ per NGN,ok,
2026-07-09,GHSSLL,Leone,Buying,"2,074.1746",SLL per GH¢,0.4821194898,"GH¢ per SLE (new leone; 1 SLE = 1,000 old leones)",ok,
2026-07-09,GHSSLL,Leone,Selling,"2,127.6225",SLL per GH¢,0.4700081899,"GH¢ per SLE (new leone; 1 SLE = 1,000 old leones)",ok,
2026-07-09,GHSSLL,Leone,Mid Rate,"2,100.8986",SLL per GH¢,0.4759867992,"GH¢ per SLE (new leone; 1 SLE = 1,000 old leones)",ok,
2026-07-09,GHSXOF,BCEAO,Buying,50.0517,XOF per GH¢,0.0199793414,GH¢ per XOF (CFA franc (BCEAO)),ok,
2026-07-09,GHSXOF,BCEAO,Selling,50.0933,XOF per GH¢,0.0199627495,GH¢ per XOF (CFA franc (BCEAO)),ok,
2026-07-09,GHSXOF,BCEAO,Mid Rate,50.0725,XOF per GH¢,0.019971042,GH¢ per XOF (CFA franc (BCEAO)),ok,
2026-07-09,JPYGHS,Japanese yen,Buying,0.0706,GH¢ per JPY,0.0706,GH¢ per JPY,ok,
2026-07-09,JPYGHS,Japanese yen,Selling,0.0706,GH¢ per JPY,0.0706,GH¢ per JPY,ok,
2026-07-09,JPYGHS,Japanese yen,Mid Rate,0.0706,GH¢ per JPY,0.0706,GH¢ per JPY,ok,
2026-07-09,NOKGHS,Norwegian Krone,Buying,1.1732,GH¢ per NOK,1.1732,GH¢ per NOK,ok,
2026-07-09,NOKGHS,Norwegian Krone,Selling,1.1740,GH¢ per NOK,1.174,GH¢ per NOK,ok,
2026-07-09,NOKGHS,Norwegian Krone,Mid Rate,1.1736,GH¢ per NOK,1.1736,GH¢ per NOK,ok,
2026-07-09,NZDGHS,New Zealand Dollar,Buying,6.5679,GH¢ per NZD,6.5679,GH¢ per NZD,ok,
2026-07-09,NZDGHS,New Zealand Dollar,Selling,6.5760,GH¢ per NZD,6.576,GH¢ per NZD,ok,
2026-07-09,NZDGHS,New Zealand Dollar,Mid Rate,6.5720,GH¢ per NZD,6.572,GH¢ per NZD,ok,
2026-07-09,SEKGHS,Swedish Krona,Buying,1.1833,GH¢ per SEK,1.1833,GH¢ per SEK,ok,
2026-07-09,SEKGHS,Swedish Krona,Selling,1.1842,GH¢ per SEK,1.1842,GH¢ per SEK,ok,
2026-07-09,SEKGHS,Swedish Krona,Mid Rate,1.1838,GH¢ per SEK,1.1838,GH¢ per SEK,ok,
2026-07-09,WAUGHS,Ecowas,Buying,0.0130,GH¢ per WAU,0.013,"GH¢ per WAU (BoG's 'Ecowas' unit, not defined by BoG)",ok,
2026-07-09,WAUGHS,Ecowas,Selling,0.0130,GH¢ per WAU,0.013,"GH¢ per WAU (BoG's 'Ecowas' unit, not defined by BoG)",ok,
2026-07-09,WAUGHS,Ecowas,Mid Rate,0.0130,GH¢ per WAU,0.013,"GH¢ per WAU (BoG's 'Ecowas' unit, not defined by BoG)",ok,
2026-07-09,ZARGHS,South African Rand,Buying,0.7002,GH¢ per ZAR,0.7002,GH¢ per ZAR,ok,
2026-07-09,ZARGHS,South African Rand,Selling,0.7006,GH¢ per ZAR,0.7006,GH¢ per ZAR,ok,
2026-07-09,ZARGHS,South African Rand,Mid Rate,0.7004,GH¢ per ZAR,0.7004,GH¢ per ZAR,ok,
2026-07-10,USDGHS,US Dollar,Buying,11.4743,GH¢ per USD,11.4743,GH¢ per USD,ok,
2026-07-10,USDGHS,US Dollar,Selling,11.4857,GH¢ per USD,11.4857,GH¢ per USD,ok,
2026-07-10,USDGHS,US Dollar,Mid Rate,11.4800,GH¢ per USD,11.48,GH¢ per USD,ok,
2026-07-10,AUDGHS,Australian Dollar,Buying,7.9897,GH¢ per AUD,7.9897,GH¢ per AUD,ok,
2026-07-10,AUDGHS,Australian Dollar,Selling,7.9998,GH¢ per AUD,7.9998,GH¢ per AUD,ok,
2026-07-10,AUDGHS,Australian Dollar,Mid Rate,7.9948,GH¢ per AUD,7.9948,GH¢ per AUD,ok,
2026-07-10,CADGHS,Canadian Dollar,Buying,8.1261,GH¢ per CAD,8.1261,GH¢ per CAD,ok,
2026-07-10,CADGHS,Canadian Dollar,Selling,8.1340,GH¢ per CAD,8.134,GH¢ per CAD,ok,
2026-07-10,CADGHS,Canadian Dollar,Mid Rate,8.1301,GH¢ per CAD,8.1301,GH¢ per CAD,ok,
2026-07-10,CHFGHS,Swiss Franc,Buying,14.2304,GH¢ per CHF,14.2304,GH¢ per CHF,ok,
2026-07-10,CHFGHS,Swiss Franc,Selling,14.2444,GH¢ per CHF,14.2444,GH¢ per CHF,ok,
2026-07-10,CHFGHS,Swiss Franc,Mid Rate,14.2374,GH¢ per CHF,14.2374,GH¢ per CHF,ok,
2026-07-10,CNYGHS,Yuan Renminbi,Buying,1.6939,GH¢ per CNY,1.6939,GH¢ per CNY,ok,
2026-07-10,CNYGHS,Yuan Renminbi,Selling,1.6949,GH¢ per CNY,1.6949,GH¢ per CNY,ok,
2026-07-10,CNYGHS,Yuan Renminbi,Mid Rate,1.6944,GH¢ per CNY,1.6944,GH¢ per CNY,ok,
2026-07-10,DKKGHS,Danish Krone,Buying,1.7560,GH¢ per DKK,1.756,GH¢ per DKK,ok,
2026-07-10,DKKGHS,Danish Krone,Selling,1.7576,GH¢ per DKK,1.7576,GH¢ per DKK,ok,
2026-07-10,DKKGHS,Danish Krone,Mid Rate,1.7568,GH¢ per DKK,1.7568,GH¢ per DKK,ok,
2026-07-10,EURGHS,Euro,Buying,13.1253,GH¢ per EUR,13.1253,GH¢ per EUR,ok,
2026-07-10,EURGHS,Euro,Selling,13.1383,GH¢ per EUR,13.1383,GH¢ per EUR,ok,
2026-07-10,EURGHS,Euro,Mid Rate,13.1318,GH¢ per EUR,13.1318,GH¢ per EUR,ok,
2026-07-10,GBPGHS,Pound Sterling,Buying,15.3973,GH¢ per GBP,15.3973,GH¢ per GBP,ok,
2026-07-10,GBPGHS,Pound Sterling,Selling,15.4139,GH¢ per GBP,15.4139,GH¢ per GBP,ok,
2026-07-10,GBPGHS,Pound Sterling,Mid Rate,15.4056,GH¢ per GBP,15.4056,GH¢ per GBP,ok,
2026-07-10,GHSGMD,Dalasi,Buying,6.3142,GMD per GH¢,0.1583731906,GH¢ per GMD,ok,
2026-07-10,GHSGMD,Dalasi,Selling,6.3197,GMD per GH¢,0.1582353593,GH¢ per GMD,ok,
2026-07-10,GHSGMD,Dalasi,Mid Rate,6.3170,GMD per GH¢,0.1583029919,GH¢ per GMD,ok,
2026-07-10,GHSMRO,Ouguiya,Buying,31.0976,MRO per GH¢,0.0321568224,GH¢ per MRO (old ouguiya; 10 MRO = 1 MRU since 2018),ok,
2026-07-10,GHSMRO,Ouguiya,Selling,31.1847,MRO per GH¢,0.0320670072,GH¢ per MRO (old ouguiya; 10 MRO = 1 MRU since 2018),ok,
2026-07-10,GHSMRO,Ouguiya,Mid Rate,31.1412,MRO per GH¢,0.0321118004,GH¢ per MRO (old ouguiya; 10 MRO = 1 MRU since 2018),ok,
2026-07-10,GHSNGN,Naira,Buying,120.1141,NGN per GH¢,0.0083254172,GH¢ per NGN,ok,
2026-07-10,GHSNGN,Naira,Selling,120.2012,NGN per GH¢,0.0083193845,GH¢ per NGN,ok,
2026-07-10,GHSNGN,Naira,Mid Rate,120.1577,NGN per GH¢,0.0083223963,GH¢ per NGN,ok,
2026-07-10,GHSSLL,Leone,Buying,"2,069.9750",SLL per GH¢,0.483097622,"GH¢ per SLE (new leone; 1 SLE = 1,000 old leones)",ok,
2026-07-10,GHSSLL,Leone,Selling,"2,124.5645",SLL per GH¢,0.470684698,"GH¢ per SLE (new leone; 1 SLE = 1,000 old leones)",ok,
2026-07-10,GHSSLL,Leone,Mid Rate,"2,097.2698",SLL per GH¢,0.4768103751,"GH¢ per SLE (new leone; 1 SLE = 1,000 old leones)",ok,
2026-07-10,GHSXOF,BCEAO,Buying,49.9271,XOF per GH¢,0.0200292026,GH¢ per XOF (CFA franc (BCEAO)),ok,
2026-07-10,GHSXOF,BCEAO,Selling,49.9765,XOF per GH¢,0.0200094044,GH¢ per XOF (CFA franc (BCEAO)),ok,
2026-07-10,GHSXOF,BCEAO,Mid Rate,49.9518,XOF per GH¢,0.0200192986,GH¢ per XOF (CFA franc (BCEAO)),ok,
2026-07-10,JPYGHS,Japanese yen,Buying,0.0711,GH¢ per JPY,0.0711,GH¢ per JPY,ok,
2026-07-10,JPYGHS,Japanese yen,Selling,0.0712,GH¢ per JPY,0.0712,GH¢ per JPY,ok,
2026-07-10,JPYGHS,Japanese yen,Mid Rate,0.0712,GH¢ per JPY,0.0712,GH¢ per JPY,ok,
2026-07-10,NOKGHS,Norwegian Krone,Buying,1.1759,GH¢ per NOK,1.1759,GH¢ per NOK,ok,
2026-07-10,NOKGHS,Norwegian Krone,Selling,1.1767,GH¢ per NOK,1.1767,GH¢ per NOK,ok,
2026-07-10,NOKGHS,Norwegian Krone,Mid Rate,1.1763,GH¢ per NOK,1.1763,GH¢ per NOK,ok,
2026-07-10,NZDGHS,New Zealand Dollar,Buying,6.6270,GH¢ per NZD,6.627,GH¢ per NZD,ok,
2026-07-10,NZDGHS,New Zealand Dollar,Selling,6.6357,GH¢ per NZD,6.6357,GH¢ per NZD,ok,
2026-07-10,NZDGHS,New Zealand Dollar,Mid Rate,6.6314,GH¢ per NZD,6.6314,GH¢ per NZD,ok,
2026-07-10,SEKGHS,Swedish Krona,Buying,1.1911,GH¢ per SEK,1.1911,GH¢ per SEK,ok,
2026-07-10,SEKGHS,Swedish Krona,Selling,1.1920,GH¢ per SEK,1.192,GH¢ per SEK,ok,
2026-07-10,SEKGHS,Swedish Krona,Mid Rate,1.1916,GH¢ per SEK,1.1916,GH¢ per SEK,ok,
2026-07-10,WAUGHS,Ecowas,Buying,0.0129,GH¢ per WAU,0.0129,"GH¢ per WAU (BoG's 'Ecowas' unit, not defined by BoG)",ok,
2026-07-10,WAUGHS,Ecowas,Selling,0.0129,GH¢ per WAU,0.0129,"GH¢ per WAU (BoG's 'Ecowas' unit, not defined by BoG)",ok,
2026-07-10,WAUGHS,Ecowas,Mid Rate,0.0129,GH¢ per WAU,0.0129,"GH¢ per WAU (BoG's 'Ecowas' unit, not defined by BoG)",ok,
2026-07-10,ZARGHS,South African Rand,Buying,0.7044,GH¢ per ZAR,0.7044,GH¢ per ZAR,ok,
2026-07-10,ZARGHS,South African Rand,Selling,0.7048,GH¢ per ZAR,0.7048,GH¢ per ZAR,ok,
2026-07-10,ZARGHS,South African Rand,Mid Rate,0.7046,GH¢ per ZAR,0.7046,GH¢ per ZAR,ok,
2026-07-13,USDGHS,US Dollar,Buying,11.4843,GH¢ per USD,11.4843,GH¢ per USD,ok,
2026-07-13,USDGHS,US Dollar,Selling,11.4957,GH¢ per USD,11.4957,GH¢ per USD,ok,
2026-07-13,USDGHS,US Dollar,Mid Rate,11.4900,GH¢ per USD,11.49,GH¢ per USD,ok,
2026-07-13,AUDGHS,Australian Dollar,Buying,7.9461,GH¢ per AUD,7.9461,GH¢ per AUD,ok,
2026-07-13,AUDGHS,Australian Dollar,Selling,7.9562,GH¢ per AUD,7.9562,GH¢ per AUD,ok,
2026-07-13,AUDGHS,Australian Dollar,Mid Rate,7.9512,GH¢ per AUD,7.9512,GH¢ per AUD,ok,
2026-07-13,CADGHS,Canadian Dollar,Buying,8.1163,GH¢ per CAD,8.1163,GH¢ per CAD,ok,
2026-07-13,CADGHS,Canadian Dollar,Selling,8.1241,GH¢ per CAD,8.1241,GH¢ per CAD,ok,
2026-07-13,CADGHS,Canadian Dollar,Mid Rate,8.1202,GH¢ per CAD,8.1202,GH¢ per CAD,ok,
2026-07-13,CHFGHS,Swiss Franc,Buying,14.1150,GH¢ per CHF,14.115,GH¢ per CHF,ok,
2026-07-13,CHFGHS,Swiss Franc,Selling,14.1275,GH¢ per CHF,14.1275,GH¢ per CHF,ok,
2026-07-13,CHFGHS,Swiss Franc,Mid Rate,14.1213,GH¢ per CHF,14.1213,GH¢ per CHF,ok,
2026-07-13,CNYGHS,Yuan Renminbi,Buying,1.6943,GH¢ per CNY,1.6943,GH¢ per CNY,ok,
2026-07-13,CNYGHS,Yuan Renminbi,Selling,1.6952,GH¢ per CNY,1.6952,GH¢ per CNY,ok,
2026-07-13,CNYGHS,Yuan Renminbi,Mid Rate,1.6948,GH¢ per CNY,1.6948,GH¢ per CNY,ok,
2026-07-13,DKKGHS,Danish Krone,Buying,1.7492,GH¢ per DKK,1.7492,GH¢ per DKK,ok,
2026-07-13,DKKGHS,Danish Krone,Selling,1.7509,GH¢ per DKK,1.7509,GH¢ per DKK,ok,
2026-07-13,DKKGHS,Danish Krone,Mid Rate,1.7501,GH¢ per DKK,1.7501,GH¢ per DKK,ok,
2026-07-13,EURGHS,Euro,Buying,13.0768,GH¢ per EUR,13.0768,GH¢ per EUR,ok,
2026-07-13,EURGHS,Euro,Selling,13.0886,GH¢ per EUR,13.0886,GH¢ per EUR,ok,
2026-07-13,EURGHS,Euro,Mid Rate,13.0827,GH¢ per EUR,13.0827,GH¢ per EUR,ok,
2026-07-13,GBPGHS,Pound Sterling,Buying,15.3430,GH¢ per GBP,15.343,GH¢ per GBP,ok,
2026-07-13,GBPGHS,Pound Sterling,Selling,15.3595,GH¢ per GBP,15.3595,GH¢ per GBP,ok,
2026-07-13,GBPGHS,Pound Sterling,Mid Rate,15.3513,GH¢ per GBP,15.3513,GH¢ per GBP,ok,
2026-07-13,GHSGMD,Dalasi,Buying,6.3304,GMD per GH¢,0.1579679009,GH¢ per GMD,ok,
2026-07-13,GHSGMD,Dalasi,Selling,6.4030,GMD per GH¢,0.1561767921,GH¢ per GMD,ok,
2026-07-13,GHSGMD,Dalasi,Mid Rate,6.3667,GMD per GH¢,0.1570672405,GH¢ per GMD,ok,
2026-07-13,GHSMRO,Ouguiya,Buying,31.0705,MRO per GH¢,0.0321848699,GH¢ per MRO (old ouguiya; 10 MRO = 1 MRU since 2018),ok,
2026-07-13,GHSMRO,Ouguiya,Selling,31.1575,MRO per GH¢,0.0320950012,GH¢ per MRO (old ouguiya; 10 MRO = 1 MRU since 2018),ok,
2026-07-13,GHSMRO,Ouguiya,Mid Rate,31.1140,MRO per GH¢,0.0321398727,GH¢ per MRO (old ouguiya; 10 MRO = 1 MRU since 2018),ok,
2026-07-13,GHSNGN,Naira,Buying,120.0975,NGN per GH¢,0.008326568,GH¢ per NGN,ok,
2026-07-13,GHSNGN,Naira,Selling,120.1854,NGN per GH¢,0.0083204782,GH¢ per NGN,ok,
2026-07-13,GHSNGN,Naira,Mid Rate,120.1415,NGN per GH¢,0.0083235185,GH¢ per NGN,ok,
2026-07-13,GHSSLL,Leone,Buying,"2,068.9468",SLL per GH¢,0.4833377059,"GH¢ per SLE (new leone; 1 SLE = 1,000 old leones)",ok,
2026-07-13,GHSSLL,Leone,Selling,"2,122.7154",SLL per GH¢,0.471094712,"GH¢ per SLE (new leone; 1 SLE = 1,000 old leones)",ok,
2026-07-13,GHSSLL,Leone,Mid Rate,"2,095.8311",SLL per GH¢,0.4771376854,"GH¢ per SLE (new leone; 1 SLE = 1,000 old leones)",ok,
2026-07-13,GHSXOF,BCEAO,Buying,50.1167,XOF per GH¢,0.0199534287,GH¢ per XOF (CFA franc (BCEAO)),ok,
2026-07-13,GHSXOF,BCEAO,Selling,50.1619,XOF per GH¢,0.019935449,GH¢ per XOF (CFA franc (BCEAO)),ok,
2026-07-13,GHSXOF,BCEAO,Mid Rate,50.1393,XOF per GH¢,0.0199444348,GH¢ per XOF (CFA franc (BCEAO)),ok,
2026-07-13,JPYGHS,Japanese yen,Buying,0.0707,GH¢ per JPY,0.0707,GH¢ per JPY,ok,
2026-07-13,JPYGHS,Japanese yen,Selling,0.0708,GH¢ per JPY,0.0708,GH¢ per JPY,ok,
2026-07-13,JPYGHS,Japanese yen,Mid Rate,0.0708,GH¢ per JPY,0.0708,GH¢ per JPY,ok,
2026-07-13,NOKGHS,Norwegian Krone,Buying,1.1735,GH¢ per NOK,1.1735,GH¢ per NOK,ok,
2026-07-13,NOKGHS,Norwegian Krone,Selling,1.1743,GH¢ per NOK,1.1743,GH¢ per NOK,ok,
2026-07-13,NOKGHS,Norwegian Krone,Mid Rate,1.1739,GH¢ per NOK,1.1739,GH¢ per NOK,ok,
2026-07-13,NZDGHS,New Zealand Dollar,Buying,6.6082,GH¢ per NZD,6.6082,GH¢ per NZD,ok,
2026-07-13,NZDGHS,New Zealand Dollar,Selling,6.6153,GH¢ per NZD,6.6153,GH¢ per NZD,ok,
2026-07-13,NZDGHS,New Zealand Dollar,Mid Rate,6.6118,GH¢ per NZD,6.6118,GH¢ per NZD,ok,
2026-07-13,SEKGHS,Swedish Krona,Buying,1.1835,GH¢ per SEK,1.1835,GH¢ per SEK,ok,
2026-07-13,SEKGHS,Swedish Krona,Selling,1.1844,GH¢ per SEK,1.1844,GH¢ per SEK,ok,
2026-07-13,SEKGHS,Swedish Krona,Mid Rate,1.1840,GH¢ per SEK,1.184,GH¢ per SEK,ok,
2026-07-13,WAUGHS,Ecowas,Buying,0.0129,GH¢ per WAU,0.0129,"GH¢ per WAU (BoG's 'Ecowas' unit, not defined by BoG)",ok,
2026-07-13,WAUGHS,Ecowas,Selling,0.0129,GH¢ per WAU,0.0129,"GH¢ per WAU (BoG's 'Ecowas' unit, not defined by BoG)",ok,
2026-07-13,WAUGHS,Ecowas,Mid Rate,0.0129,GH¢ per WAU,0.0129,"GH¢ per WAU (BoG's 'Ecowas' unit, not defined by BoG)",ok,
2026-07-13,ZARGHS,South African Rand,Buying,0.6988,GH¢ per ZAR,0.6988,GH¢ per ZAR,ok,
2026-07-13,ZARGHS,South African Rand,Selling,0.6992,GH¢ per ZAR,0.6992,GH¢ per ZAR,ok,
2026-07-13,ZARGHS,South African Rand,Mid Rate,0.6990,GH¢ per ZAR,0.699,GH¢ per ZAR,ok,
2026-07-14,USDGHS,US Dollar,Buying,11.5102,GH¢ per USD,11.5102,GH¢ per USD,ok,
2026-07-14,USDGHS,US Dollar,Selling,11.5218,GH¢ per USD,11.5218,GH¢ per USD,ok,
2026-07-14,USDGHS,US Dollar,Mid Rate,11.5160,GH¢ per USD,11.516,GH¢ per USD,ok,
2026-07-14,AUDGHS,Australian Dollar,Buying,8.0277,GH¢ per AUD,8.0277,GH¢ per AUD,ok,
2026-07-14,AUDGHS,Australian Dollar,Selling,8.0357,GH¢ per AUD,8.0357,GH¢ per AUD,ok,
2026-07-14,AUDGHS,Australian Dollar,Mid Rate,8.0317,GH¢ per AUD,8.0317,GH¢ per AUD,ok,
2026-07-14,CADGHS,Canadian Dollar,Buying,8.1834,GH¢ per CAD,8.1834,GH¢ per CAD,ok,
2026-07-14,CADGHS,Canadian Dollar,Selling,8.1907,GH¢ per CAD,8.1907,GH¢ per CAD,ok,
2026-07-14,CADGHS,Canadian Dollar,Mid Rate,8.1871,GH¢ per CAD,8.1871,GH¢ per CAD,ok,
2026-07-14,CHFGHS,Swiss Franc,Buying,14.2312,GH¢ per CHF,14.2312,GH¢ per CHF,ok,
2026-07-14,CHFGHS,Swiss Franc,Selling,14.2442,GH¢ per CHF,14.2442,GH¢ per CHF,ok,
2026-07-14,CHFGHS,Swiss Franc,Mid Rate,14.2377,GH¢ per CHF,14.2377,GH¢ per CHF,ok,
2026-07-14,CNYGHS,Yuan Renminbi,Buying,1.7004,GH¢ per CNY,1.7004,GH¢ per CNY,ok,
2026-07-14,CNYGHS,Yuan Renminbi,Selling,1.7012,GH¢ per CNY,1.7012,GH¢ per CNY,ok,
2026-07-14,CNYGHS,Yuan Renminbi,Mid Rate,1.7008,GH¢ per CNY,1.7008,GH¢ per CNY,ok,
2026-07-14,DKKGHS,Danish Krone,Buying,1.7600,GH¢ per DKK,1.76,GH¢ per DKK,ok,
2026-07-14,DKKGHS,Danish Krone,Selling,1.7616,GH¢ per DKK,1.7616,GH¢ per DKK,ok,
2026-07-14,DKKGHS,Danish Krone,Mid Rate,1.7608,GH¢ per DKK,1.7608,GH¢ per DKK,ok,
2026-07-14,EURGHS,Euro,Buying,13.1579,GH¢ per EUR,13.1579,GH¢ per EUR,ok,
2026-07-14,EURGHS,Euro,Selling,13.1688,GH¢ per EUR,13.1688,GH¢ per EUR,ok,
2026-07-14,EURGHS,Euro,Mid Rate,13.1634,GH¢ per EUR,13.1634,GH¢ per EUR,ok,
2026-07-14,GBPGHS,Pound Sterling,Buying,15.4053,GH¢ per GBP,15.4053,GH¢ per GBP,ok,
2026-07-14,GBPGHS,Pound Sterling,Selling,15.4207,GH¢ per GBP,15.4207,GH¢ per GBP,ok,
2026-07-14,GBPGHS,Pound Sterling,Mid Rate,15.4130,GH¢ per GBP,15.413,GH¢ per GBP,ok,
2026-07-14,GHSGMD,Dalasi,Buying,6.3118,GMD per GH¢,0.1584334104,GH¢ per GMD,ok,
2026-07-14,GHSGMD,Dalasi,Selling,6.3161,GMD per GH¢,0.158325549,GH¢ per GMD,ok,
2026-07-14,GHSGMD,Dalasi,Mid Rate,6.3140,GMD per GH¢,0.1583782072,GH¢ per GMD,ok,
2026-07-14,GHSMRO,Ouguiya,Buying,31.0003,MRO per GH¢,0.0322577523,GH¢ per MRO (old ouguiya; 10 MRO = 1 MRU since 2018),ok,
2026-07-14,GHSMRO,Ouguiya,Selling,31.0872,MRO per GH¢,0.0321675802,GH¢ per MRO (old ouguiya; 10 MRO = 1 MRU since 2018),ok,
2026-07-14,GHSMRO,Ouguiya,Mid Rate,31.0438,MRO per GH¢,0.0322125513,GH¢ per MRO (old ouguiya; 10 MRO = 1 MRU since 2018),ok,
2026-07-14,GHSNGN,Naira,Buying,119.9870,NGN per GH¢,0.0083342362,GH¢ per NGN,ok,
2026-07-14,GHSNGN,Naira,Selling,120.0920,NGN per GH¢,0.0083269493,GH¢ per NGN,ok,
2026-07-14,GHSNGN,Naira,Mid Rate,120.0395,NGN per GH¢,0.0083305912,GH¢ per NGN,ok,
2026-07-14,GHSSLL,Leone,Buying,"2,064.2757",SLL per GH¢,0.4844314158,"GH¢ per SLE (new leone; 1 SLE = 1,000 old leones)",ok,
2026-07-14,GHSSLL,Leone,Selling,"2,119.6596",SLL per GH¢,0.4717738641,"GH¢ per SLE (new leone; 1 SLE = 1,000 old leones)",ok,
2026-07-14,GHSSLL,Leone,Mid Rate,"2,091.9677",SLL per GH¢,0.4780188528,"GH¢ per SLE (new leone; 1 SLE = 1,000 old leones)",ok,
2026-07-14,GHSXOF,BCEAO,Buying,49.8114,XOF per GH¢,0.0200757256,GH¢ per XOF (CFA franc (BCEAO)),ok,
2026-07-14,GHSXOF,BCEAO,Selling,49.8527,XOF per GH¢,0.0200590941,GH¢ per XOF (CFA franc (BCEAO)),ok,
2026-07-14,GHSXOF,BCEAO,Mid Rate,49.8321,XOF per GH¢,0.0200673863,GH¢ per XOF (CFA franc (BCEAO)),ok,
2026-07-14,JPYGHS,Japanese yen,Buying,0.0710,GH¢ per JPY,0.071,GH¢ per JPY,ok,
2026-07-14,JPYGHS,Japanese yen,Selling,0.0711,GH¢ per JPY,0.0711,GH¢ per JPY,ok,
2026-07-14,JPYGHS,Japanese yen,Mid Rate,0.0711,GH¢ per JPY,0.0711,GH¢ per JPY,ok,
2026-07-14,NOKGHS,Norwegian Krone,Buying,1.1888,GH¢ per NOK,1.1888,GH¢ per NOK,ok,
2026-07-14,NOKGHS,Norwegian Krone,Selling,1.1896,GH¢ per NOK,1.1896,GH¢ per NOK,ok,
2026-07-14,NOKGHS,Norwegian Krone,Mid Rate,1.1892,GH¢ per NOK,1.1892,GH¢ per NOK,ok,
2026-07-14,NZDGHS,New Zealand Dollar,Buying,6.6844,GH¢ per NZD,6.6844,GH¢ per NZD,ok,
2026-07-14,NZDGHS,New Zealand Dollar,Selling,6.6926,GH¢ per NZD,6.6926,GH¢ per NZD,ok,
2026-07-14,NZDGHS,New Zealand Dollar,Mid Rate,6.6885,GH¢ per NZD,6.6885,GH¢ per NZD,ok,
2026-07-14,SEKGHS,Swedish Krona,Buying,1.1922,GH¢ per SEK,1.1922,GH¢ per SEK,ok,
2026-07-14,SEKGHS,Swedish Krona,Selling,1.1931,GH¢ per SEK,1.1931,GH¢ per SEK,ok,
2026-07-14,SEKGHS,Swedish Krona,Mid Rate,1.1927,GH¢ per SEK,1.1927,GH¢ per SEK,ok,
2026-07-14,WAUGHS,Ecowas,Buying,0.0129,GH¢ per WAU,0.0129,"GH¢ per WAU (BoG's 'Ecowas' unit, not defined by BoG)",ok,
2026-07-14,WAUGHS,Ecowas,Selling,0.0129,GH¢ per WAU,0.0129,"GH¢ per WAU (BoG's 'Ecowas' unit, not defined by BoG)",ok,
2026-07-14,WAUGHS,Ecowas,Mid Rate,0.0129,GH¢ per WAU,0.0129,"GH¢ per WAU (BoG's 'Ecowas' unit, not defined by BoG)",ok,
2026-07-14,ZARGHS,South African Rand,Buying,0.7030,GH¢ per ZAR,0.703,GH¢ per ZAR,ok,
2026-07-14,ZARGHS,South African Rand,Selling,0.7033,GH¢ per ZAR,0.7033,GH¢ per ZAR,ok,
2026-07-14,ZARGHS,South African Rand,Mid Rate,0.7032,GH¢ per ZAR,0.7032,GH¢ per ZAR,ok,
2026-07-15,USDGHS,US Dollar,Buying,11.5192,GH¢ per USD,11.5192,GH¢ per USD,ok,
2026-07-15,USDGHS,US Dollar,Selling,11.5308,GH¢ per USD,11.5308,GH¢ per USD,ok,
2026-07-15,USDGHS,US Dollar,Mid Rate,11.5250,GH¢ per USD,11.525,GH¢ per USD,ok,
2026-07-15,AUDGHS,Australian Dollar,Buying,8.0524,GH¢ per AUD,8.0524,GH¢ per AUD,ok,
2026-07-15,AUDGHS,Australian Dollar,Selling,8.0626,GH¢ per AUD,8.0626,GH¢ per AUD,ok,
2026-07-15,AUDGHS,Australian Dollar,Mid Rate,8.0575,GH¢ per AUD,8.0575,GH¢ per AUD,ok,
2026-07-15,CADGHS,Canadian Dollar,Buying,8.1975,GH¢ per CAD,8.1975,GH¢ per CAD,ok,
2026-07-15,CADGHS,Canadian Dollar,Selling,8.2054,GH¢ per CAD,8.2054,GH¢ per CAD,ok,
2026-07-15,CADGHS,Canadian Dollar,Mid Rate,8.2015,GH¢ per CAD,8.2015,GH¢ per CAD,ok,
2026-07-15,CHFGHS,Swiss Franc,Buying,14.2760,GH¢ per CHF,14.276,GH¢ per CHF,ok,
2026-07-15,CHFGHS,Swiss Franc,Selling,14.2901,GH¢ per CHF,14.2901,GH¢ per CHF,ok,
2026-07-15,CHFGHS,Swiss Franc,Mid Rate,14.2831,GH¢ per CHF,14.2831,GH¢ per CHF,ok,
2026-07-15,CNYGHS,Yuan Renminbi,Buying,1.7020,GH¢ per CNY,1.702,GH¢ per CNY,ok,
2026-07-15,CNYGHS,Yuan Renminbi,Selling,1.7031,GH¢ per CNY,1.7031,GH¢ per CNY,ok,
2026-07-15,CNYGHS,Yuan Renminbi,Mid Rate,1.7026,GH¢ per CNY,1.7026,GH¢ per CNY,ok,
2026-07-15,DKKGHS,Danish Krone,Buying,1.7627,GH¢ per DKK,1.7627,GH¢ per DKK,ok,
2026-07-15,DKKGHS,Danish Krone,Selling,1.7643,GH¢ per DKK,1.7643,GH¢ per DKK,ok,
2026-07-15,DKKGHS,Danish Krone,Mid Rate,1.7635,GH¢ per DKK,1.7635,GH¢ per DKK,ok,
2026-07-15,EURGHS,Euro,Buying,13.1758,GH¢ per EUR,13.1758,GH¢ per EUR,ok,
2026-07-15,EURGHS,Euro,Selling,13.1889,GH¢ per EUR,13.1889,GH¢ per EUR,ok,
2026-07-15,EURGHS,Euro,Mid Rate,13.1824,GH¢ per EUR,13.1824,GH¢ per EUR,ok,
2026-07-15,GBPGHS,Pound Sterling,Buying,15.5752,GH¢ per GBP,15.5752,GH¢ per GBP,ok,
2026-07-15,GBPGHS,Pound Sterling,Selling,15.5919,GH¢ per GBP,15.5919,GH¢ per GBP,ok,
2026-07-15,GBPGHS,Pound Sterling,Mid Rate,15.5836,GH¢ per GBP,15.5836,GH¢ per GBP,ok,
2026-07-15,GHSGMD,Dalasi,Buying,6.3204,GMD per GH¢,0.1582178343,GH¢ per GMD,ok,
2026-07-15,GHSGMD,Dalasi,Selling,6.3970,GMD per GH¢,0.1563232765,GH¢ per GMD,ok,
2026-07-15,GHSGMD,Dalasi,Mid Rate,6.3587,GMD per GH¢,0.1572648497,GH¢ per GMD,ok,
2026-07-15,GHSMRO,Ouguiya,Buying,30.9761,MRO per GH¢,0.0322829536,GH¢ per MRO (old ouguiya; 10 MRO = 1 MRU since 2018),ok,
2026-07-15,GHSMRO,Ouguiya,Selling,31.0629,MRO per GH¢,0.0321927444,GH¢ per MRO (old ouguiya; 10 MRO = 1 MRU since 2018),ok,
2026-07-15,GHSMRO,Ouguiya,Mid Rate,31.0195,MRO per GH¢,0.0322377859,GH¢ per MRO (old ouguiya; 10 MRO = 1 MRU since 2018),ok,
2026-07-15,GHSNGN,Naira,Buying,119.8265,NGN per GH¢,0.0083453994,GH¢ per NGN,ok,
2026-07-15,GHSNGN,Naira,Selling,119.9132,NGN per GH¢,0.0083393655,GH¢ per NGN,ok,
2026-07-15,GHSNGN,Naira,Mid Rate,119.8699,NGN per GH¢,0.0083423779,GH¢ per NGN,ok,
2026-07-15,GHSSLL,Leone,Buying,"2,062.6637",SLL per GH¢,0.4848100056,"GH¢ per SLE (new leone; 1 SLE = 1,000 old leones)",ok,
2026-07-15,GHSSLL,Leone,Selling,"2,118.0043",SLL per GH¢,0.4721425731,"GH¢ per SLE (new leone; 1 SLE = 1,000 old leones)",ok,
2026-07-15,GHSSLL,Leone,Mid Rate,"2,090.3340",SLL per GH¢,0.4783924483,"GH¢ per SLE (new leone; 1 SLE = 1,000 old leones)",ok,
2026-07-15,GHSXOF,BCEAO,Buying,49.7355,XOF per GH¢,0.0201063627,GH¢ per XOF (CFA franc (BCEAO)),ok,
2026-07-15,GHSXOF,BCEAO,Selling,49.7850,XOF per GH¢,0.0200863714,GH¢ per XOF (CFA franc (BCEAO)),ok,
2026-07-15,GHSXOF,BCEAO,Mid Rate,49.7603,XOF per GH¢,0.0200963419,GH¢ per XOF (CFA franc (BCEAO)),ok,
2026-07-15,JPYGHS,Japanese yen,Buying,0.0710,GH¢ per JPY,0.071,GH¢ per JPY,ok,
2026-07-15,JPYGHS,Japanese yen,Selling,0.0711,GH¢ per JPY,0.0711,GH¢ per JPY,ok,
2026-07-15,JPYGHS,Japanese yen,Mid Rate,0.0711,GH¢ per JPY,0.0711,GH¢ per JPY,ok,
2026-07-15,NOKGHS,Norwegian Krone,Buying,1.1909,GH¢ per NOK,1.1909,GH¢ per NOK,ok,
2026-07-15,NOKGHS,Norwegian Krone,Selling,1.1917,GH¢ per NOK,1.1917,GH¢ per NOK,ok,
2026-07-15,NOKGHS,Norwegian Krone,Mid Rate,1.1913,GH¢ per NOK,1.1913,GH¢ per NOK,ok,
2026-07-15,NZDGHS,New Zealand Dollar,Buying,6.7207,GH¢ per NZD,6.7207,GH¢ per NZD,ok,
2026-07-15,NZDGHS,New Zealand Dollar,Selling,6.7295,GH¢ per NZD,6.7295,GH¢ per NZD,ok,
2026-07-15,NZDGHS,New Zealand Dollar,Mid Rate,6.7251,GH¢ per NZD,6.7251,GH¢ per NZD,ok,
2026-07-15,SEKGHS,Swedish Krona,Buying,1.1956,GH¢ per SEK,1.1956,GH¢ per SEK,ok,
2026-07-15,SEKGHS,Swedish Krona,Selling,1.1966,GH¢ per SEK,1.1966,GH¢ per SEK,ok,
2026-07-15,SEKGHS,Swedish Krona,Mid Rate,1.1961,GH¢ per SEK,1.1961,GH¢ per SEK,ok,
2026-07-15,WAUGHS,Ecowas,Buying,0.0128,GH¢ per WAU,0.0128,"GH¢ per WAU (BoG's 'Ecowas' unit, not defined by BoG)",ok,
2026-07-15,WAUGHS,Ecowas,Selling,0.0128,GH¢ per WAU,0.0128,"GH¢ per WAU (BoG's 'Ecowas' unit, not defined by BoG)",ok,
2026-07-15,WAUGHS,Ecowas,Mid Rate,0.0128,GH¢ per WAU,0.0128,"GH¢ per WAU (BoG's 'Ecowas' unit, not defined by BoG)",ok,
2026-07-15,ZARGHS,South African Rand,Buying,0.7051,GH¢ per ZAR,0.7051,GH¢ per ZAR,ok,
2026-07-15,ZARGHS,South African Rand,Selling,0.7055,GH¢ per ZAR,0.7055,GH¢ per ZAR,ok,
2026-07-15,ZARGHS,South African Rand,Mid Rate,0.7053,GH¢ per ZAR,0.7053,GH¢ per ZAR,ok,
2026-07-16,USDGHS,US Dollar,Buying,11.5415,GH¢ per USD,11.5415,GH¢ per USD,ok,
2026-07-16,USDGHS,US Dollar,Selling,11.5531,GH¢ per USD,11.5531,GH¢ per USD,ok,
2026-07-16,USDGHS,US Dollar,Mid Rate,11.5473,GH¢ per USD,11.5473,GH¢ per USD,ok,
2026-07-16,AUDGHS,Australian Dollar,Buying,8.0705,GH¢ per AUD,8.0705,GH¢ per AUD,ok,
2026-07-16,AUDGHS,Australian Dollar,Selling,8.0807,GH¢ per AUD,8.0807,GH¢ per AUD,ok,
2026-07-16,AUDGHS,Australian Dollar,Mid Rate,8.0756,GH¢ per AUD,8.0756,GH¢ per AUD,ok,
2026-07-16,CADGHS,Canadian Dollar,Buying,8.2188,GH¢ per CAD,8.2188,GH¢ per CAD,ok,
2026-07-16,CADGHS,Canadian Dollar,Selling,8.2272,GH¢ per CAD,8.2272,GH¢ per CAD,ok,
2026-07-16,CADGHS,Canadian Dollar,Mid Rate,8.2230,GH¢ per CAD,8.223,GH¢ per CAD,ok,
2026-07-16,CHFGHS,Swiss Franc,Buying,14.2633,GH¢ per CHF,14.2633,GH¢ per CHF,ok,
2026-07-16,CHFGHS,Swiss Franc,Selling,14.2773,GH¢ per CHF,14.2773,GH¢ per CHF,ok,
2026-07-16,CHFGHS,Swiss Franc,Mid Rate,14.2703,GH¢ per CHF,14.2703,GH¢ per CHF,ok,
2026-07-16,CNYGHS,Yuan Renminbi,Buying,1.7046,GH¢ per CNY,1.7046,GH¢ per CNY,ok,
2026-07-16,CNYGHS,Yuan Renminbi,Selling,1.7054,GH¢ per CNY,1.7054,GH¢ per CNY,ok,
2026-07-16,CNYGHS,Yuan Renminbi,Mid Rate,1.7050,GH¢ per CNY,1.705,GH¢ per CNY,ok,
2026-07-16,DKKGHS,Danish Krone,Buying,1.7657,GH¢ per DKK,1.7657,GH¢ per DKK,ok,
2026-07-16,DKKGHS,Danish Krone,Selling,1.7674,GH¢ per DKK,1.7674,GH¢ per DKK,ok,
2026-07-16,DKKGHS,Danish Krone,Mid Rate,1.7666,GH¢ per DKK,1.7666,GH¢ per DKK,ok,
2026-07-16,EURGHS,Euro,Buying,13.1998,GH¢ per EUR,13.1998,GH¢ per EUR,ok,
2026-07-16,EURGHS,Euro,Selling,13.2129,GH¢ per EUR,13.2129,GH¢ per EUR,ok,
2026-07-16,EURGHS,Euro,Mid Rate,13.2064,GH¢ per EUR,13.2064,GH¢ per EUR,ok,
2026-07-16,GBPGHS,Pound Sterling,Buying,15.5441,GH¢ per GBP,15.5441,GH¢ per GBP,ok,
2026-07-16,GBPGHS,Pound Sterling,Selling,15.5608,GH¢ per GBP,15.5608,GH¢ per GBP,ok,
2026-07-16,GBPGHS,Pound Sterling,Mid Rate,15.5525,GH¢ per GBP,15.5525,GH¢ per GBP,ok,
2026-07-16,GHSGMD,Dalasi,Buying,6.3318,GMD per GH¢,0.1579329732,GH¢ per GMD,ok,
2026-07-16,GHSGMD,Dalasi,Selling,6.3870,GMD per GH¢,0.1565680288,GH¢ per GMD,ok,
2026-07-16,GHSGMD,Dalasi,Mid Rate,6.3594,GMD per GH¢,0.1572475391,GH¢ per GMD,ok,
2026-07-16,GHSMRO,Ouguiya,Buying,30.9163,MRO per GH¢,0.0323453971,GH¢ per MRO (old ouguiya; 10 MRO = 1 MRU since 2018),ok,
2026-07-16,GHSMRO,Ouguiya,Selling,31.0029,MRO per GH¢,0.0322550471,GH¢ per MRO (old ouguiya; 10 MRO = 1 MRU since 2018),ok,
2026-07-16,GHSMRO,Ouguiya,Mid Rate,30.9596,MRO per GH¢,0.0323001589,GH¢ per MRO (old ouguiya; 10 MRO = 1 MRU since 2018),ok,
2026-07-16,GHSNGN,Naira,Buying,119.4764,NGN per GH¢,0.0083698538,GH¢ per NGN,ok,
2026-07-16,GHSNGN,Naira,Selling,119.5630,NGN per GH¢,0.0083637915,GH¢ per NGN,ok,
2026-07-16,GHSNGN,Naira,Mid Rate,119.5197,NGN per GH¢,0.0083668215,GH¢ per NGN,ok,
2026-07-16,GHSSLL,Leone,Buying,"2,058.6803",SLL per GH¢,0.4857480785,"GH¢ per SLE (new leone; 1 SLE = 1,000 old leones)",ok,
2026-07-16,GHSSLL,Leone,Selling,"2,113.9141",SLL per GH¢,0.473056119,"GH¢ per SLE (new leone; 1 SLE = 1,000 old leones)",ok,
2026-07-16,GHSSLL,Leone,Mid Rate,"2,086.2972",SLL per GH¢,0.4793180952,"GH¢ per SLE (new leone; 1 SLE = 1,000 old leones)",ok,
2026-07-16,GHSXOF,BCEAO,Buying,49.6452,XOF per GH¢,0.0201429343,GH¢ per XOF (CFA franc (BCEAO)),ok,
2026-07-16,GHSXOF,BCEAO,Selling,49.6945,XOF per GH¢,0.0201229512,GH¢ per XOF (CFA franc (BCEAO)),ok,
2026-07-16,GHSXOF,BCEAO,Mid Rate,49.6699,XOF per GH¢,0.0201329175,GH¢ per XOF (CFA franc (BCEAO)),ok,
2026-07-16,JPYGHS,Japanese yen,Buying,0.0710,GH¢ per JPY,0.071,GH¢ per JPY,ok,
2026-07-16,JPYGHS,Japanese yen,Selling,0.0711,GH¢ per JPY,0.0711,GH¢ per JPY,ok,
2026-07-16,JPYGHS,Japanese yen,Mid Rate,0.0711,GH¢ per JPY,0.0711,GH¢ per JPY,ok,
2026-07-16,NOKGHS,Norwegian Krone,Buying,1.1922,GH¢ per NOK,1.1922,GH¢ per NOK,ok,
2026-07-16,NOKGHS,Norwegian Krone,Selling,1.1931,GH¢ per NOK,1.1931,GH¢ per NOK,ok,
2026-07-16,NOKGHS,Norwegian Krone,Mid Rate,1.1927,GH¢ per NOK,1.1927,GH¢ per NOK,ok,
2026-07-16,NZDGHS,New Zealand Dollar,Buying,6.7353,GH¢ per NZD,6.7353,GH¢ per NZD,ok,
2026-07-16,NZDGHS,New Zealand Dollar,Selling,6.7441,GH¢ per NZD,6.7441,GH¢ per NZD,ok,
2026-07-16,NZDGHS,New Zealand Dollar,Mid Rate,6.7397,GH¢ per NZD,6.7397,GH¢ per NZD,ok,
2026-07-16,SEKGHS,Swedish Krona,Buying,1.1957,GH¢ per SEK,1.1957,GH¢ per SEK,ok,
2026-07-16,SEKGHS,Swedish Krona,Selling,1.1966,GH¢ per SEK,1.1966,GH¢ per SEK,ok,
2026-07-16,SEKGHS,Swedish Krona,Mid Rate,1.1962,GH¢ per SEK,1.1962,GH¢ per SEK,ok,
2026-07-16,WAUGHS,Ecowas,Buying,0.0128,GH¢ per WAU,0.0128,"GH¢ per WAU (BoG's 'Ecowas' unit, not defined by BoG)",ok,
2026-07-16,WAUGHS,Ecowas,Selling,0.0128,GH¢ per WAU,0.0128,"GH¢ per WAU (BoG's 'Ecowas' unit, not defined by BoG)",ok,
2026-07-16,WAUGHS,Ecowas,Mid Rate,0.0128,GH¢ per WAU,0.0128,"GH¢ per WAU (BoG's 'Ecowas' unit, not defined by BoG)",ok,
2026-07-16,ZARGHS,South African Rand,Buying,0.7023,GH¢ per ZAR,0.7023,GH¢ per ZAR,ok,
2026-07-16,ZARGHS,South African Rand,Selling,0.7028,GH¢ per ZAR,0.7028,GH¢ per ZAR,ok,
2026-07-16,ZARGHS,South African Rand,Mid Rate,0.7026,GH¢ per ZAR,0.7026,GH¢ per ZAR,ok,
2026-07-17,USDGHS,US Dollar,Buying,11.5442,GH¢ per USD,11.5442,GH¢ per USD,ok,
2026-07-17,USDGHS,US Dollar,Selling,11.5558,GH¢ per USD,11.5558,GH¢ per USD,ok,
2026-07-17,USDGHS,US Dollar,Mid Rate,11.5500,GH¢ per USD,11.55,GH¢ per USD,ok,
2026-07-17,AUDGHS,Australian Dollar,Buying,8.0611,GH¢ per AUD,8.0611,GH¢ per AUD,ok,
2026-07-17,AUDGHS,Australian Dollar,Selling,8.0698,GH¢ per AUD,8.0698,GH¢ per AUD,ok,
2026-07-17,AUDGHS,Australian Dollar,Mid Rate,8.0655,GH¢ per AUD,8.0655,GH¢ per AUD,ok,
2026-07-17,CADGHS,Canadian Dollar,Buying,8.2365,GH¢ per CAD,8.2365,GH¢ per CAD,ok,
2026-07-17,CADGHS,Canadian Dollar,Selling,8.2449,GH¢ per CAD,8.2449,GH¢ per CAD,ok,
2026-07-17,CADGHS,Canadian Dollar,Mid Rate,8.2407,GH¢ per CAD,8.2407,GH¢ per CAD,ok,
2026-07-17,CHFGHS,Swiss Franc,Buying,14.3055,GH¢ per CHF,14.3055,GH¢ per CHF,ok,
2026-07-17,CHFGHS,Swiss Franc,Selling,14.3196,GH¢ per CHF,14.3196,GH¢ per CHF,ok,
2026-07-17,CHFGHS,Swiss Franc,Mid Rate,14.3126,GH¢ per CHF,14.3126,GH¢ per CHF,ok,
2026-07-17,CNYGHS,Yuan Renminbi,Buying,1.7036,GH¢ per CNY,1.7036,GH¢ per CNY,ok,
2026-07-17,CNYGHS,Yuan Renminbi,Selling,1.7050,GH¢ per CNY,1.705,GH¢ per CNY,ok,
2026-07-17,CNYGHS,Yuan Renminbi,Mid Rate,1.7043,GH¢ per CNY,1.7043,GH¢ per CNY,ok,
2026-07-17,DKKGHS,Danish Krone,Buying,1.7665,GH¢ per DKK,1.7665,GH¢ per DKK,ok,
2026-07-17,DKKGHS,Danish Krone,Selling,1.7681,GH¢ per DKK,1.7681,GH¢ per DKK,ok,
2026-07-17,DKKGHS,Danish Krone,Mid Rate,1.7673,GH¢ per DKK,1.7673,GH¢ per DKK,ok,
2026-07-17,EURGHS,Euro,Buying,13.2052,GH¢ per EUR,13.2052,GH¢ per EUR,ok,
2026-07-17,EURGHS,Euro,Selling,13.2183,GH¢ per EUR,13.2183,GH¢ per EUR,ok,
2026-07-17,EURGHS,Euro,Mid Rate,13.2118,GH¢ per EUR,13.2118,GH¢ per EUR,ok,
2026-07-17,GBPGHS,Pound Sterling,Buying,15.5201,GH¢ per GBP,15.5201,GH¢ per GBP,ok,
2026-07-17,GBPGHS,Pound Sterling,Selling,15.5367,GH¢ per GBP,15.5367,GH¢ per GBP,ok,
2026-07-17,GBPGHS,Pound Sterling,Mid Rate,15.5284,GH¢ per GBP,15.5284,GH¢ per GBP,ok,
2026-07-17,GHSGMD,Dalasi,Buying,6.3303,GMD per GH¢,0.1579703963,GH¢ per GMD,ok,
2026-07-17,GHSGMD,Dalasi,Selling,6.3855,GMD per GH¢,0.1566048078,GH¢ per GMD,ok,
2026-07-17,GHSGMD,Dalasi,Mid Rate,6.3579,GMD per GH¢,0.157284638,GH¢ per GMD,ok,
2026-07-17,GHSMRO,Ouguiya,Buying,30.9091,MRO per GH¢,0.0323529317,GH¢ per MRO (old ouguiya; 10 MRO = 1 MRU since 2018),ok,
2026-07-17,GHSMRO,Ouguiya,Selling,30.9957,MRO per GH¢,0.0322625396,GH¢ per MRO (old ouguiya; 10 MRO = 1 MRU since 2018),ok,
2026-07-17,GHSMRO,Ouguiya,Mid Rate,30.9524,MRO per GH¢,0.0323076724,GH¢ per MRO (old ouguiya; 10 MRO = 1 MRU since 2018),ok,
2026-07-17,GHSNGN,Naira,Buying,119.4606,NGN per GH¢,0.0083709608,GH¢ per NGN,ok,
2026-07-17,GHSNGN,Naira,Selling,119.5472,NGN per GH¢,0.0083648969,GH¢ per NGN,ok,
2026-07-17,GHSNGN,Naira,Mid Rate,119.5039,NGN per GH¢,0.0083679277,GH¢ per NGN,ok,
2026-07-17,GHSSLL,Leone,Buying,"2,058.1991",SLL per GH¢,0.4858616448,"GH¢ per SLE (new leone; 1 SLE = 1,000 old leones)",ok,
2026-07-17,GHSSLL,Leone,Selling,"2,113.4199",SLL per GH¢,0.4731667379,"GH¢ per SLE (new leone; 1 SLE = 1,000 old leones)",ok,
2026-07-17,GHSSLL,Leone,Mid Rate,"2,085.8095",SLL per GH¢,0.4794301685,"GH¢ per SLE (new leone; 1 SLE = 1,000 old leones)",ok,
2026-07-17,GHSXOF,BCEAO,Buying,49.6249,XOF per GH¢,0.0201511741,GH¢ per XOF (CFA franc (BCEAO)),ok,
2026-07-17,GHSXOF,BCEAO,Selling,49.6741,XOF per GH¢,0.0201312153,GH¢ per XOF (CFA franc (BCEAO)),ok,
2026-07-17,GHSXOF,BCEAO,Mid Rate,49.6495,XOF per GH¢,0.0201411897,GH¢ per XOF (CFA franc (BCEAO)),ok,
2026-07-17,JPYGHS,Japanese yen,Buying,0.0711,GH¢ per JPY,0.0711,GH¢ per JPY,ok,
2026-07-17,JPYGHS,Japanese yen,Selling,0.0711,GH¢ per JPY,0.0711,GH¢ per JPY,ok,
2026-07-17,JPYGHS,Japanese yen,Mid Rate,0.0711,GH¢ per JPY,0.0711,GH¢ per JPY,ok,
2026-07-17,NOKGHS,Norwegian Krone,Buying,1.1966,GH¢ per NOK,1.1966,GH¢ per NOK,ok,
2026-07-17,NOKGHS,Norwegian Krone,Selling,1.1975,GH¢ per NOK,1.1975,GH¢ per NOK,ok,
2026-07-17,NOKGHS,Norwegian Krone,Mid Rate,1.1971,GH¢ per NOK,1.1971,GH¢ per NOK,ok,
2026-07-17,NZDGHS,New Zealand Dollar,Buying,6.7481,GH¢ per NZD,6.7481,GH¢ per NZD,ok,
2026-07-17,NZDGHS,New Zealand Dollar,Selling,6.7554,GH¢ per NZD,6.7554,GH¢ per NZD,ok,
2026-07-17,NZDGHS,New Zealand Dollar,Mid Rate,6.7518,GH¢ per NZD,6.7518,GH¢ per NZD,ok,
2026-07-17,SEKGHS,Swedish Krona,Buying,1.1970,GH¢ per SEK,1.197,GH¢ per SEK,ok,
2026-07-17,SEKGHS,Swedish Krona,Selling,1.1980,GH¢ per SEK,1.198,GH¢ per SEK,ok,
2026-07-17,SEKGHS,Swedish Krona,Mid Rate,1.1975,GH¢ per SEK,1.1975,GH¢ per SEK,ok,
2026-07-17,WAUGHS,Ecowas,Buying,0.0128,GH¢ per WAU,0.0128,"GH¢ per WAU (BoG's 'Ecowas' unit, not defined by BoG)",ok,
2026-07-17,WAUGHS,Ecowas,Selling,0.0128,GH¢ per WAU,0.0128,"GH¢ per WAU (BoG's 'Ecowas' unit, not defined by BoG)",ok,
2026-07-17,WAUGHS,Ecowas,Mid Rate,0.0128,GH¢ per WAU,0.0128,"GH¢ per WAU (BoG's 'Ecowas' unit, not defined by BoG)",ok,
2026-07-17,ZARGHS,South African Rand,Buying,0.6997,GH¢ per ZAR,0.6997,GH¢ per ZAR,ok,
2026-07-17,ZARGHS,South African Rand,Selling,0.7001,GH¢ per ZAR,0.7001,GH¢ per ZAR,ok,
2026-07-17,ZARGHS,South African Rand,Mid Rate,0.6999,GH¢ per ZAR,0.6999,GH¢ per ZAR,ok,
2026-07-20,USDGHS,US Dollar,Buying,11.5542,GH¢ per USD,11.5542,GH¢ per USD,ok,
2026-07-20,USDGHS,US Dollar,Selling,11.5658,GH¢ per USD,11.5658,GH¢ per USD,ok,
2026-07-20,USDGHS,US Dollar,Mid Rate,11.5600,GH¢ per USD,11.56,GH¢ per USD,ok,
2026-07-20,AUDGHS,Australian Dollar,Buying,8.0946,GH¢ per AUD,8.0946,GH¢ per AUD,ok,
2026-07-20,AUDGHS,Australian Dollar,Selling,8.1049,GH¢ per AUD,8.1049,GH¢ per AUD,ok,
2026-07-20,AUDGHS,Australian Dollar,Mid Rate,8.0998,GH¢ per AUD,8.0998,GH¢ per AUD,ok,
2026-07-20,CADGHS,Canadian Dollar,Buying,8.2226,GH¢ per CAD,8.2226,GH¢ per CAD,ok,
2026-07-20,CADGHS,Canadian Dollar,Selling,8.2305,GH¢ per CAD,8.2305,GH¢ per CAD,ok,
2026-07-20,CADGHS,Canadian Dollar,Mid Rate,8.2266,GH¢ per CAD,8.2266,GH¢ per CAD,ok,
2026-07-20,CHFGHS,Swiss Franc,Buying,14.2632,GH¢ per CHF,14.2632,GH¢ per CHF,ok,
2026-07-20,CHFGHS,Swiss Franc,Selling,14.2772,GH¢ per CHF,14.2772,GH¢ per CHF,ok,
2026-07-20,CHFGHS,Swiss Franc,Mid Rate,14.2702,GH¢ per CHF,14.2702,GH¢ per CHF,ok,
2026-07-20,CNYGHS,Yuan Renminbi,Buying,1.7073,GH¢ per CNY,1.7073,GH¢ per CNY,ok,
2026-07-20,CNYGHS,Yuan Renminbi,Selling,1.7088,GH¢ per CNY,1.7088,GH¢ per CNY,ok,
2026-07-20,CNYGHS,Yuan Renminbi,Mid Rate,1.7081,GH¢ per CNY,1.7081,GH¢ per CNY,ok,
2026-07-20,DKKGHS,Danish Krone,Buying,1.7644,GH¢ per DKK,1.7644,GH¢ per DKK,ok,
2026-07-20,DKKGHS,Danish Krone,Selling,1.7661,GH¢ per DKK,1.7661,GH¢ per DKK,ok,
2026-07-20,DKKGHS,Danish Krone,Mid Rate,1.7653,GH¢ per DKK,1.7653,GH¢ per DKK,ok,
2026-07-20,EURGHS,Euro,Buying,13.1906,GH¢ per EUR,13.1906,GH¢ per EUR,ok,
2026-07-20,EURGHS,Euro,Selling,13.2026,GH¢ per EUR,13.2026,GH¢ per EUR,ok,
2026-07-20,EURGHS,Euro,Mid Rate,13.1966,GH¢ per EUR,13.1966,GH¢ per EUR,ok,
2026-07-20,GBPGHS,Pound Sterling,Buying,15.5069,GH¢ per GBP,15.5069,GH¢ per GBP,ok,
2026-07-20,GBPGHS,Pound Sterling,Selling,15.5236,GH¢ per GBP,15.5236,GH¢ per GBP,ok,
2026-07-20,GBPGHS,Pound Sterling,Mid Rate,15.5153,GH¢ per GBP,15.5153,GH¢ per GBP,ok,
2026-07-20,GHSGMD,Dalasi,Buying,6.3296,GMD per GH¢,0.1579878665,GH¢ per GMD,ok,
2026-07-20,GHSGMD,Dalasi,Selling,6.3811,GMD per GH¢,0.1567127925,GH¢ per GMD,ok,
2026-07-20,GHSGMD,Dalasi,Mid Rate,6.3554,GMD per GH¢,0.1573465085,GH¢ per GMD,ok,
2026-07-20,GHSMRO,Ouguiya,Buying,30.8824,MRO per GH¢,0.032380903,GH¢ per MRO (old ouguiya; 10 MRO = 1 MRU since 2018),ok,
2026-07-20,GHSMRO,Ouguiya,Selling,30.9689,MRO per GH¢,0.0322904591,GH¢ per MRO (old ouguiya; 10 MRO = 1 MRU since 2018),ok,
2026-07-20,GHSMRO,Ouguiya,Mid Rate,30.9257,MRO per GH¢,0.0323355656,GH¢ per MRO (old ouguiya; 10 MRO = 1 MRU since 2018),ok,
2026-07-20,GHSNGN,Naira,Buying,119.2794,NGN per GH¢,0.0083836773,GH¢ per NGN,ok,
2026-07-20,GHSNGN,Naira,Selling,119.3668,NGN per GH¢,0.0083775388,GH¢ per NGN,ok,
2026-07-20,GHSNGN,Naira,Mid Rate,119.3231,NGN per GH¢,0.0083806069,GH¢ per NGN,ok,
2026-07-20,GHSSLL,Leone,Buying,"2,056.4186",SLL per GH¢,0.4862823163,"GH¢ per SLE (new leone; 1 SLE = 1,000 old leones)",ok,
2026-07-20,GHSSLL,Leone,Selling,"2,111.5917",SLL per GH¢,0.4735764021,"GH¢ per SLE (new leone; 1 SLE = 1,000 old leones)",ok,
2026-07-20,GHSSLL,Leone,Mid Rate,"2,084.0052",SLL per GH¢,0.4798452518,"GH¢ per SLE (new leone; 1 SLE = 1,000 old leones)",ok,
2026-07-20,GHSXOF,BCEAO,Buying,49.6839,XOF per GH¢,0.0201272444,GH¢ per XOF (CFA franc (BCEAO)),ok,
2026-07-20,GHSXOF,BCEAO,Selling,49.7291,XOF per GH¢,0.0201089503,GH¢ per XOF (CFA franc (BCEAO)),ok,
2026-07-20,GHSXOF,BCEAO,Mid Rate,49.7065,XOF per GH¢,0.0201180932,GH¢ per XOF (CFA franc (BCEAO)),ok,
2026-07-20,JPYGHS,Japanese yen,Buying,0.0711,GH¢ per JPY,0.0711,GH¢ per JPY,ok,
2026-07-20,JPYGHS,Japanese yen,Selling,0.0712,GH¢ per JPY,0.0712,GH¢ per JPY,ok,
2026-07-20,JPYGHS,Japanese yen,Mid Rate,0.0712,GH¢ per JPY,0.0712,GH¢ per JPY,ok,
2026-07-20,NOKGHS,Norwegian Krone,Buying,1.1949,GH¢ per NOK,1.1949,GH¢ per NOK,ok,
2026-07-20,NOKGHS,Norwegian Krone,Selling,1.1957,GH¢ per NOK,1.1957,GH¢ per NOK,ok,
2026-07-20,NOKGHS,Norwegian Krone,Mid Rate,1.1953,GH¢ per NOK,1.1953,GH¢ per NOK,ok,
2026-07-20,NZDGHS,New Zealand Dollar,Buying,6.7564,GH¢ per NZD,6.7564,GH¢ per NZD,ok,
2026-07-20,NZDGHS,New Zealand Dollar,Selling,6.7652,GH¢ per NZD,6.7652,GH¢ per NZD,ok,
2026-07-20,NZDGHS,New Zealand Dollar,Mid Rate,6.7608,GH¢ per NZD,6.7608,GH¢ per NZD,ok,
2026-07-20,SEKGHS,Swedish Krona,Buying,1.1935,GH¢ per SEK,1.1935,GH¢ per SEK,ok,
2026-07-20,SEKGHS,Swedish Krona,Selling,1.1945,GH¢ per SEK,1.1945,GH¢ per SEK,ok,
2026-07-20,SEKGHS,Swedish Krona,Mid Rate,1.1940,GH¢ per SEK,1.194,GH¢ per SEK,ok,
2026-07-20,WAUGHS,Ecowas,Buying,0.0128,GH¢ per WAU,0.0128,"GH¢ per WAU (BoG's 'Ecowas' unit, not defined by BoG)",ok,
2026-07-20,WAUGHS,Ecowas,Selling,0.0128,GH¢ per WAU,0.0128,"GH¢ per WAU (BoG's 'Ecowas' unit, not defined by BoG)",ok,
2026-07-20,WAUGHS,Ecowas,Mid Rate,0.0128,GH¢ per WAU,0.0128,"GH¢ per WAU (BoG's 'Ecowas' unit, not defined by BoG)",ok,
2026-07-20,ZARGHS,South African Rand,Buying,0.7002,GH¢ per ZAR,0.7002,GH¢ per ZAR,ok,
2026-07-20,ZARGHS,South African Rand,Selling,0.7006,GH¢ per ZAR,0.7006,GH¢ per ZAR,ok,
2026-07-20,ZARGHS,South African Rand,Mid Rate,0.7004,GH¢ per ZAR,0.7004,GH¢ per ZAR,ok,
2026-07-21,USDGHS,US Dollar,Buying,11.5942,GH¢ per USD,11.5942,GH¢ per USD,ok,
2026-07-21,USDGHS,US Dollar,Selling,11.6058,GH¢ per USD,11.6058,GH¢ per USD,ok,
2026-07-21,USDGHS,US Dollar,Mid Rate,11.6000,GH¢ per USD,11.6,GH¢ per USD,ok,
2026-07-21,AUDGHS,Australian Dollar,Buying,8.1205,GH¢ per AUD,8.1205,GH¢ per AUD,ok,
2026-07-21,AUDGHS,Australian Dollar,Selling,8.1308,GH¢ per AUD,8.1308,GH¢ per AUD,ok,
2026-07-21,AUDGHS,Australian Dollar,Mid Rate,8.1257,GH¢ per AUD,8.1257,GH¢ per AUD,ok,
2026-07-21,CADGHS,Canadian Dollar,Buying,8.2221,GH¢ per CAD,8.2221,GH¢ per CAD,ok,
2026-07-21,CADGHS,Canadian Dollar,Selling,8.2301,GH¢ per CAD,8.2301,GH¢ per CAD,ok,
2026-07-21,CADGHS,Canadian Dollar,Mid Rate,8.2261,GH¢ per CAD,8.2261,GH¢ per CAD,ok,
2026-07-21,CHFGHS,Swiss Franc,Buying,14.2742,GH¢ per CHF,14.2742,GH¢ per CHF,ok,
2026-07-21,CHFGHS,Swiss Franc,Selling,14.2883,GH¢ per CHF,14.2883,GH¢ per CHF,ok,
2026-07-21,CHFGHS,Swiss Franc,Mid Rate,14.2813,GH¢ per CHF,14.2813,GH¢ per CHF,ok,
2026-07-21,CNYGHS,Yuan Renminbi,Buying,1.7136,GH¢ per CNY,1.7136,GH¢ per CNY,ok,
2026-07-21,CNYGHS,Yuan Renminbi,Selling,1.7152,GH¢ per CNY,1.7152,GH¢ per CNY,ok,
2026-07-21,CNYGHS,Yuan Renminbi,Mid Rate,1.7144,GH¢ per CNY,1.7144,GH¢ per CNY,ok,
2026-07-21,DKKGHS,Danish Krone,Buying,1.7696,GH¢ per DKK,1.7696,GH¢ per DKK,ok,
2026-07-21,DKKGHS,Danish Krone,Selling,1.7712,GH¢ per DKK,1.7712,GH¢ per DKK,ok,
2026-07-21,DKKGHS,Danish Krone,Mid Rate,1.7704,GH¢ per DKK,1.7704,GH¢ per DKK,ok,
2026-07-21,EURGHS,Euro,Buying,13.2282,GH¢ per EUR,13.2282,GH¢ per EUR,ok,
2026-07-21,EURGHS,Euro,Selling,13.2402,GH¢ per EUR,13.2402,GH¢ per EUR,ok,
2026-07-21,EURGHS,Euro,Mid Rate,13.2342,GH¢ per EUR,13.2342,GH¢ per EUR,ok,
2026-07-21,GBPGHS,Pound Sterling,Buying,15.5061,GH¢ per GBP,15.5061,GH¢ per GBP,ok,
2026-07-21,GBPGHS,Pound Sterling,Selling,15.5228,GH¢ per GBP,15.5228,GH¢ per GBP,ok,
2026-07-21,GBPGHS,Pound Sterling,Mid Rate,15.5145,GH¢ per GBP,15.5145,GH¢ per GBP,ok,
2026-07-21,GHSGMD,Dalasi,Buying,6.2825,GMD per GH¢,0.159172304,GH¢ per GMD,ok,
2026-07-21,GHSGMD,Dalasi,Selling,6.3560,GMD per GH¢,0.1573316551,GH¢ per GMD,ok,
2026-07-21,GHSGMD,Dalasi,Mid Rate,6.3193,GMD per GH¢,0.1582453753,GH¢ per GMD,ok,
2026-07-21,GHSMRO,Ouguiya,Buying,30.7759,MRO per GH¢,0.0324929572,GH¢ per MRO (old ouguiya; 10 MRO = 1 MRU since 2018),ok,
2026-07-21,GHSMRO,Ouguiya,Selling,30.8621,MRO per GH¢,0.0324022021,GH¢ per MRO (old ouguiya; 10 MRO = 1 MRU since 2018),ok,
2026-07-21,GHSMRO,Ouguiya,Mid Rate,30.8190,MRO per GH¢,0.0324475161,GH¢ per MRO (old ouguiya; 10 MRO = 1 MRU since 2018),ok,
2026-07-21,GHSNGN,Naira,Buying,118.6448,NGN per GH¢,0.0084285194,GH¢ per NGN,ok,
2026-07-21,GHSNGN,Naira,Selling,118.7310,NGN per GH¢,0.0084224002,GH¢ per NGN,ok,
2026-07-21,GHSNGN,Naira,Mid Rate,118.6879,NGN per GH¢,0.0084254587,GH¢ per NGN,ok,
2026-07-21,GHSSLL,Leone,Buying,"2,045.8536",SLL per GH¢,0.4887935285,"GH¢ per SLE (new leone; 1 SLE = 1,000 old leones)",ok,
2026-07-21,GHSSLL,Leone,Selling,"2,104.3103",SLL per GH¢,0.4752150859,"GH¢ per SLE (new leone; 1 SLE = 1,000 old leones)",ok,
2026-07-21,GHSSLL,Leone,Mid Rate,"2,075.0820",SLL per GH¢,0.4819086667,"GH¢ per SLE (new leone; 1 SLE = 1,000 old leones)",ok,
2026-07-21,GHSXOF,BCEAO,Buying,49.5428,XOF per GH¢,0.0201845677,GH¢ per XOF (CFA franc (BCEAO)),ok,
2026-07-21,GHSXOF,BCEAO,Selling,49.5878,XOF per GH¢,0.0201662506,GH¢ per XOF (CFA franc (BCEAO)),ok,
2026-07-21,GHSXOF,BCEAO,Mid Rate,49.5653,XOF per GH¢,0.020175405,GH¢ per XOF (CFA franc (BCEAO)),ok,
2026-07-21,JPYGHS,Japanese yen,Buying,0.0711,GH¢ per JPY,0.0711,GH¢ per JPY,ok,
2026-07-21,JPYGHS,Japanese yen,Selling,0.0712,GH¢ per JPY,0.0712,GH¢ per JPY,ok,
2026-07-21,JPYGHS,Japanese yen,Mid Rate,0.0712,GH¢ per JPY,0.0712,GH¢ per JPY,ok,
2026-07-21,NOKGHS,Norwegian Krone,Buying,1.2038,GH¢ per NOK,1.2038,GH¢ per NOK,ok,
2026-07-21,NOKGHS,Norwegian Krone,Selling,1.2046,GH¢ per NOK,1.2046,GH¢ per NOK,ok,
2026-07-21,NOKGHS,Norwegian Krone,Mid Rate,1.2042,GH¢ per NOK,1.2042,GH¢ per NOK,ok,
2026-07-21,NZDGHS,New Zealand Dollar,Buying,6.7591,GH¢ per NZD,6.7591,GH¢ per NZD,ok,
2026-07-21,NZDGHS,New Zealand Dollar,Selling,6.7679,GH¢ per NZD,6.7679,GH¢ per NZD,ok,
2026-07-21,NZDGHS,New Zealand Dollar,Mid Rate,6.7635,GH¢ per NZD,6.7635,GH¢ per NZD,ok,
2026-07-21,SEKGHS,Swedish Krona,Buying,1.1960,GH¢ per SEK,1.196,GH¢ per SEK,ok,
2026-07-21,SEKGHS,Swedish Krona,Selling,1.1970,GH¢ per SEK,1.197,GH¢ per SEK,ok,
2026-07-21,SEKGHS,Swedish Krona,Mid Rate,1.1965,GH¢ per SEK,1.1965,GH¢ per SEK,ok,
2026-07-21,WAUGHS,Ecowas,Buying,0.0127,GH¢ per WAU,0.0127,"GH¢ per WAU (BoG's 'Ecowas' unit, not defined by BoG)",ok,
2026-07-21,WAUGHS,Ecowas,Selling,0.0127,GH¢ per WAU,0.0127,"GH¢ per WAU (BoG's 'Ecowas' unit, not defined by BoG)",ok,
2026-07-21,WAUGHS,Ecowas,Mid Rate,0.0127,GH¢ per WAU,0.0127,"GH¢ per WAU (BoG's 'Ecowas' unit, not defined by BoG)",ok,
2026-07-21,ZARGHS,South African Rand,Buying,0.7048,GH¢ per ZAR,0.7048,GH¢ per ZAR,ok,
2026-07-21,ZARGHS,South African Rand,Selling,0.7052,GH¢ per ZAR,0.7052,GH¢ per ZAR,ok,
2026-07-21,ZARGHS,South African Rand,Mid Rate,0.7050,GH¢ per ZAR,0.705,GH¢ per ZAR,ok,
2026-07-22,USDGHS,US Dollar,Buying,11.5942,GH¢ per USD,11.5942,GH¢ per USD,ok,
2026-07-22,USDGHS,US Dollar,Selling,11.6058,GH¢ per USD,11.6058,GH¢ per USD,ok,
2026-07-22,USDGHS,US Dollar,Mid Rate,11.6000,GH¢ per USD,11.6,GH¢ per USD,ok,
2026-07-22,AUDGHS,Australian Dollar,Buying,8.1143,GH¢ per AUD,8.1143,GH¢ per AUD,ok,
2026-07-22,AUDGHS,Australian Dollar,Selling,8.1231,GH¢ per AUD,8.1231,GH¢ per AUD,ok,
2026-07-22,AUDGHS,Australian Dollar,Mid Rate,8.1187,GH¢ per AUD,8.1187,GH¢ per AUD,ok,
2026-07-22,CADGHS,Canadian Dollar,Buying,8.2317,GH¢ per CAD,8.2317,GH¢ per CAD,ok,
2026-07-22,CADGHS,Canadian Dollar,Selling,8.2397,GH¢ per CAD,8.2397,GH¢ per CAD,ok,
2026-07-22,CADGHS,Canadian Dollar,Mid Rate,8.2357,GH¢ per CAD,8.2357,GH¢ per CAD,ok,
2026-07-22,CHFGHS,Swiss Franc,Buying,14.2506,GH¢ per CHF,14.2506,GH¢ per CHF,ok,
2026-07-22,CHFGHS,Swiss Franc,Selling,14.2646,GH¢ per CHF,14.2646,GH¢ per CHF,ok,
2026-07-22,CHFGHS,Swiss Franc,Mid Rate,14.2576,GH¢ per CHF,14.2576,GH¢ per CHF,ok,
2026-07-22,CNYGHS,Yuan Renminbi,Buying,1.7119,GH¢ per CNY,1.7119,GH¢ per CNY,ok,
2026-07-22,CNYGHS,Yuan Renminbi,Selling,1.7134,GH¢ per CNY,1.7134,GH¢ per CNY,ok,
2026-07-22,CNYGHS,Yuan Renminbi,Mid Rate,1.7127,GH¢ per CNY,1.7127,GH¢ per CNY,ok,
2026-07-22,DKKGHS,Danish Krone,Buying,1.7698,GH¢ per DKK,1.7698,GH¢ per DKK,ok,
2026-07-22,DKKGHS,Danish Krone,Selling,1.7715,GH¢ per DKK,1.7715,GH¢ per DKK,ok,
2026-07-22,DKKGHS,Danish Krone,Mid Rate,1.7707,GH¢ per DKK,1.7707,GH¢ per DKK,ok,
2026-07-22,EURGHS,Euro,Buying,13.2304,GH¢ per EUR,13.2304,GH¢ per EUR,ok,
2026-07-22,EURGHS,Euro,Selling,13.2435,GH¢ per EUR,13.2435,GH¢ per EUR,ok,
2026-07-22,EURGHS,Euro,Mid Rate,13.2370,GH¢ per EUR,13.237,GH¢ per EUR,ok,
2026-07-22,GBPGHS,Pound Sterling,Buying,15.5061,GH¢ per GBP,15.5061,GH¢ per GBP,ok,
2026-07-22,GBPGHS,Pound Sterling,Selling,15.5228,GH¢ per GBP,15.5228,GH¢ per GBP,ok,
2026-07-22,GBPGHS,Pound Sterling,Mid Rate,15.5145,GH¢ per GBP,15.5145,GH¢ per GBP,ok,
2026-07-22,GHSGMD,Dalasi,Buying,6.2704,GMD per GH¢,0.159479459,GH¢ per GMD,ok,
2026-07-22,GHSGMD,Dalasi,Selling,6.2707,GMD per GH¢,0.1594718293,GH¢ per GMD,ok,
2026-07-22,GHSGMD,Dalasi,Mid Rate,6.2706,GMD per GH¢,0.1594743725,GH¢ per GMD,ok,
2026-07-22,GHSMRO,Ouguiya,Buying,30.7759,MRO per GH¢,0.0324929572,GH¢ per MRO (old ouguiya; 10 MRO = 1 MRU since 2018),ok,
2026-07-22,GHSMRO,Ouguiya,Selling,30.8621,MRO per GH¢,0.0324022021,GH¢ per MRO (old ouguiya; 10 MRO = 1 MRU since 2018),ok,
2026-07-22,GHSMRO,Ouguiya,Mid Rate,30.8190,MRO per GH¢,0.0324475161,GH¢ per MRO (old ouguiya; 10 MRO = 1 MRU since 2018),ok,
2026-07-22,GHSNGN,Naira,Buying,118.0440,NGN per GH¢,0.0084714174,GH¢ per NGN,ok,
2026-07-22,GHSNGN,Naira,Selling,118.3026,NGN per GH¢,0.0084528996,GH¢ per NGN,ok,
2026-07-22,GHSNGN,Naira,Mid Rate,118.1733,NGN per GH¢,0.0084621484,GH¢ per NGN,ok,
2026-07-22,GHSSLL,Leone,Buying,"2,046.1638",SLL per GH¢,0.4887194271,"GH¢ per SLE (new leone; 1 SLE = 1,000 old leones)",ok,
2026-07-22,GHSSLL,Leone,Selling,"2,104.3103",SLL per GH¢,0.4752150859,"GH¢ per SLE (new leone; 1 SLE = 1,000 old leones)",ok,
2026-07-22,GHSSLL,Leone,Mid Rate,"2,075.2371",SLL per GH¢,0.4818726496,"GH¢ per SLE (new leone; 1 SLE = 1,000 old leones)",ok,
2026-07-22,GHSXOF,BCEAO,Buying,49.5305,XOF per GH¢,0.0201895802,GH¢ per XOF (CFA franc (BCEAO)),ok,
2026-07-22,GHSXOF,BCEAO,Selling,49.5795,XOF per GH¢,0.0201696266,GH¢ per XOF (CFA franc (BCEAO)),ok,
2026-07-22,GHSXOF,BCEAO,Mid Rate,49.5550,XOF per GH¢,0.0201795984,GH¢ per XOF (CFA franc (BCEAO)),ok,
2026-07-22,JPYGHS,Japanese yen,Buying,0.0711,GH¢ per JPY,0.0711,GH¢ per JPY,ok,
2026-07-22,JPYGHS,Japanese yen,Selling,0.0712,GH¢ per JPY,0.0712,GH¢ per JPY,ok,
2026-07-22,JPYGHS,Japanese yen,Mid Rate,0.0712,GH¢ per JPY,0.0712,GH¢ per JPY,ok,
2026-07-22,NOKGHS,Norwegian Krone,Buying,1.2076,GH¢ per NOK,1.2076,GH¢ per NOK,ok,
2026-07-22,NOKGHS,Norwegian Krone,Selling,1.2085,GH¢ per NOK,1.2085,GH¢ per NOK,ok,
2026-07-22,NOKGHS,Norwegian Krone,Mid Rate,1.2081,GH¢ per NOK,1.2081,GH¢ per NOK,ok,
2026-07-22,NZDGHS,New Zealand Dollar,Buying,6.7467,GH¢ per NZD,6.7467,GH¢ per NZD,ok,
2026-07-22,NZDGHS,New Zealand Dollar,Selling,6.7555,GH¢ per NZD,6.7555,GH¢ per NZD,ok,
2026-07-22,NZDGHS,New Zealand Dollar,Mid Rate,6.7511,GH¢ per NZD,6.7511,GH¢ per NZD,ok,
2026-07-22,SEKGHS,Swedish Krona,Buying,1.1965,GH¢ per SEK,1.1965,GH¢ per SEK,ok,
2026-07-22,SEKGHS,Swedish Krona,Selling,1.1975,GH¢ per SEK,1.1975,GH¢ per SEK,ok,
2026-07-22,SEKGHS,Swedish Krona,Mid Rate,1.1970,GH¢ per SEK,1.197,GH¢ per SEK,ok,
2026-07-22,WAUGHS,Ecowas,Buying,0.0127,GH¢ per WAU,0.0127,"GH¢ per WAU (BoG's 'Ecowas' unit, not defined by BoG)",ok,
2026-07-22,WAUGHS,Ecowas,Selling,0.0127,GH¢ per WAU,0.0127,"GH¢ per WAU (BoG's 'Ecowas' unit, not defined by BoG)",ok,
2026-07-22,WAUGHS,Ecowas,Mid Rate,0.0127,GH¢ per WAU,0.0127,"GH¢ per WAU (BoG's 'Ecowas' unit, not defined by BoG)",ok,
2026-07-22,ZARGHS,South African Rand,Buying,0.7071,GH¢ per ZAR,0.7071,GH¢ per ZAR,ok,
2026-07-22,ZARGHS,South African Rand,Selling,0.7075,GH¢ per ZAR,0.7075,GH¢ per ZAR,ok,
2026-07-22,ZARGHS,South African Rand,Mid Rate,0.7073,GH¢ per ZAR,0.7073,GH¢ per ZAR,ok,
2026-07-23,USDGHS,US Dollar,Buying,11.6242,GH¢ per USD,11.6242,GH¢ per USD,ok,
2026-07-23,USDGHS,US Dollar,Selling,11.6358,GH¢ per USD,11.6358,GH¢ per USD,ok,
2026-07-23,USDGHS,US Dollar,Mid Rate,11.6300,GH¢ per USD,11.63,GH¢ per USD,ok,
2026-07-23,AUDGHS,Australian Dollar,Buying,8.1102,GH¢ per AUD,8.1102,GH¢ per AUD,ok,
2026-07-23,AUDGHS,Australian Dollar,Selling,8.1189,GH¢ per AUD,8.1189,GH¢ per AUD,ok,
2026-07-23,AUDGHS,Australian Dollar,Mid Rate,8.1146,GH¢ per AUD,8.1146,GH¢ per AUD,ok,
2026-07-23,CADGHS,Canadian Dollar,Buying,8.2539,GH¢ per CAD,8.2539,GH¢ per CAD,ok,
2026-07-23,CADGHS,Canadian Dollar,Selling,8.2619,GH¢ per CAD,8.2619,GH¢ per CAD,ok,
2026-07-23,CADGHS,Canadian Dollar,Mid Rate,8.2579,GH¢ per CAD,8.2579,GH¢ per CAD,ok,
2026-07-23,CHFGHS,Swiss Franc,Buying,14.2389,GH¢ per CHF,14.2389,GH¢ per CHF,ok,
2026-07-23,CHFGHS,Swiss Franc,Selling,14.2516,GH¢ per CHF,14.2516,GH¢ per CHF,ok,
2026-07-23,CHFGHS,Swiss Franc,Mid Rate,14.2453,GH¢ per CHF,14.2453,GH¢ per CHF,ok,
2026-07-23,CNYGHS,Yuan Renminbi,Buying,1.7154,GH¢ per CNY,1.7154,GH¢ per CNY,ok,
2026-07-23,CNYGHS,Yuan Renminbi,Selling,1.7169,GH¢ per CNY,1.7169,GH¢ per CNY,ok,
2026-07-23,CNYGHS,Yuan Renminbi,Mid Rate,1.7162,GH¢ per CNY,1.7162,GH¢ per CNY,ok,
2026-07-23,DKKGHS,Danish Krone,Buying,1.7695,GH¢ per DKK,1.7695,GH¢ per DKK,ok,
2026-07-23,DKKGHS,Danish Krone,Selling,1.7711,GH¢ per DKK,1.7711,GH¢ per DKK,ok,
2026-07-23,DKKGHS,Danish Krone,Mid Rate,1.7703,GH¢ per DKK,1.7703,GH¢ per DKK,ok,
2026-07-23,EURGHS,Euro,Buying,13.2280,GH¢ per EUR,13.228,GH¢ per EUR,ok,
2026-07-23,EURGHS,Euro,Selling,13.2400,GH¢ per EUR,13.24,GH¢ per EUR,ok,
2026-07-23,EURGHS,Euro,Mid Rate,13.2340,GH¢ per EUR,13.234,GH¢ per EUR,ok,
2026-07-23,GBPGHS,Pound Sterling,Buying,15.4834,GH¢ per GBP,15.4834,GH¢ per GBP,ok,
2026-07-23,GBPGHS,Pound Sterling,Selling,15.5001,GH¢ per GBP,15.5001,GH¢ per GBP,ok,
2026-07-23,GBPGHS,Pound Sterling,Mid Rate,15.4918,GH¢ per GBP,15.4918,GH¢ per GBP,ok,
2026-07-23,GHSGMD,Dalasi,Buying,6.2547,GMD per GH¢,0.1598797704,GH¢ per GMD,ok,
2026-07-23,GHSGMD,Dalasi,Selling,6.3458,GMD per GH¢,0.1575845441,GH¢ per GMD,ok,
2026-07-23,GHSGMD,Dalasi,Mid Rate,6.3003,GMD per GH¢,0.1587226005,GH¢ per GMD,ok,
2026-07-23,GHSMRO,Ouguiya,Buying,30.6965,MRO per GH¢,0.0325770039,GH¢ per MRO (old ouguiya; 10 MRO = 1 MRU since 2018),ok,
2026-07-23,GHSMRO,Ouguiya,Selling,30.7825,MRO per GH¢,0.0324859904,GH¢ per MRO (old ouguiya; 10 MRO = 1 MRU since 2018),ok,
2026-07-23,GHSMRO,Ouguiya,Mid Rate,30.7395,MRO per GH¢,0.0325314335,GH¢ per MRO (old ouguiya; 10 MRO = 1 MRU since 2018),ok,
2026-07-23,GHSNGN,Naira,Buying,117.5666,NGN per GH¢,0.0085058171,GH¢ per NGN,ok,
2026-07-23,GHSNGN,Naira,Selling,117.6948,NGN per GH¢,0.0084965521,GH¢ per NGN,ok,
2026-07-23,GHSNGN,Naira,Mid Rate,117.6307,NGN per GH¢,0.0085011821,GH¢ per NGN,ok,
2026-07-23,GHSSLL,Leone,Buying,"2,034.1187",SLL per GH¢,0.491613395,"GH¢ per SLE (new leone; 1 SLE = 1,000 old leones)",ok,
2026-07-23,GHSSLL,Leone,Selling,"2,100.4817",SLL per GH¢,0.4760812722,"GH¢ per SLE (new leone; 1 SLE = 1,000 old leones)",ok,
2026-07-23,GHSSLL,Leone,Mid Rate,"2,067.3002",SLL per GH¢,0.4837226833,"GH¢ per SLE (new leone; 1 SLE = 1,000 old leones)",ok,
2026-07-23,GHSXOF,BCEAO,Buying,49.5436,XOF per GH¢,0.0201842418,GH¢ per XOF (CFA franc (BCEAO)),ok,
2026-07-23,GHSXOF,BCEAO,Selling,49.5885,XOF per GH¢,0.0201659659,GH¢ per XOF (CFA franc (BCEAO)),ok,
2026-07-23,GHSXOF,BCEAO,Mid Rate,49.5661,XOF per GH¢,0.0201750793,GH¢ per XOF (CFA franc (BCEAO)),ok,
2026-07-23,JPYGHS,Japanese yen,Buying,0.0710,GH¢ per JPY,0.071,GH¢ per JPY,ok,
2026-07-23,JPYGHS,Japanese yen,Selling,0.0711,GH¢ per JPY,0.0711,GH¢ per JPY,ok,
2026-07-23,JPYGHS,Japanese yen,Mid Rate,0.0711,GH¢ per JPY,0.0711,GH¢ per JPY,ok,
2026-07-23,NOKGHS,Norwegian Krone,Buying,1.2097,GH¢ per NOK,1.2097,GH¢ per NOK,ok,
2026-07-23,NOKGHS,Norwegian Krone,Selling,1.2106,GH¢ per NOK,1.2106,GH¢ per NOK,ok,
2026-07-23,NOKGHS,Norwegian Krone,Mid Rate,1.2102,GH¢ per NOK,1.2102,GH¢ per NOK,ok,
2026-07-23,NZDGHS,New Zealand Dollar,Buying,6.7136,GH¢ per NZD,6.7136,GH¢ per NZD,ok,
2026-07-23,NZDGHS,New Zealand Dollar,Selling,6.7224,GH¢ per NZD,6.7224,GH¢ per NZD,ok,
2026-07-23,NZDGHS,New Zealand Dollar,Mid Rate,6.7180,GH¢ per NZD,6.718,GH¢ per NZD,ok,
2026-07-23,SEKGHS,Swedish Krona,Buying,1.1910,GH¢ per SEK,1.191,GH¢ per SEK,ok,
2026-07-23,SEKGHS,Swedish Krona,Selling,1.1919,GH¢ per SEK,1.1919,GH¢ per SEK,ok,
2026-07-23,SEKGHS,Swedish Krona,Mid Rate,1.1915,GH¢ per SEK,1.1915,GH¢ per SEK,ok,
2026-07-23,WAUGHS,Ecowas,Buying,0.0126,GH¢ per WAU,0.0126,"GH¢ per WAU (BoG's 'Ecowas' unit, not defined by BoG)",ok,
2026-07-23,WAUGHS,Ecowas,Selling,0.0126,GH¢ per WAU,0.0126,"GH¢ per WAU (BoG's 'Ecowas' unit, not defined by BoG)",ok,
2026-07-23,WAUGHS,Ecowas,Mid Rate,0.0126,GH¢ per WAU,0.0126,"GH¢ per WAU (BoG's 'Ecowas' unit, not defined by BoG)",ok,
2026-07-23,ZARGHS,South African Rand,Buying,0.6936,GH¢ per ZAR,0.6936,GH¢ per ZAR,ok,
2026-07-23,ZARGHS,South African Rand,Selling,0.6940,GH¢ per ZAR,0.694,GH¢ per ZAR,ok,
2026-07-23,ZARGHS,South African Rand,Mid Rate,0.6938,GH¢ per ZAR,0.6938,GH¢ per ZAR,ok,
2026-07-24,USDGHS,US Dollar,Buying,11.6292,GH¢ per USD,11.6292,GH¢ per USD,ok,
2026-07-24,USDGHS,US Dollar,Selling,11.6408,GH¢ per USD,11.6408,GH¢ per USD,ok,
2026-07-24,USDGHS,US Dollar,Mid Rate,11.6350,GH¢ per USD,11.635,GH¢ per USD,ok,
2026-07-24,AUDGHS,Australian Dollar,Buying,8.1345,GH¢ per AUD,8.1345,GH¢ per AUD,ok,
2026-07-24,AUDGHS,Australian Dollar,Selling,8.1448,GH¢ per AUD,8.1448,GH¢ per AUD,ok,
2026-07-24,AUDGHS,Australian Dollar,Mid Rate,8.1397,GH¢ per AUD,8.1397,GH¢ per AUD,ok,
2026-07-24,CADGHS,Canadian Dollar,Buying,8.2604,GH¢ per CAD,8.2604,GH¢ per CAD,ok,
2026-07-24,CADGHS,Canadian Dollar,Selling,8.2684,GH¢ per CAD,8.2684,GH¢ per CAD,ok,
2026-07-24,CADGHS,Canadian Dollar,Mid Rate,8.2644,GH¢ per CAD,8.2644,GH¢ per CAD,ok,
2026-07-24,CHFGHS,Swiss Franc,Buying,14.2419,GH¢ per CHF,14.2419,GH¢ per CHF,ok,
2026-07-24,CHFGHS,Swiss Franc,Selling,14.2546,GH¢ per CHF,14.2546,GH¢ per CHF,ok,
2026-07-24,CHFGHS,Swiss Franc,Mid Rate,14.2483,GH¢ per CHF,14.2483,GH¢ per CHF,ok,
2026-07-24,CNYGHS,Yuan Renminbi,Buying,1.7177,GH¢ per CNY,1.7177,GH¢ per CNY,ok,
2026-07-24,CNYGHS,Yuan Renminbi,Selling,1.7193,GH¢ per CNY,1.7193,GH¢ per CNY,ok,
2026-07-24,CNYGHS,Yuan Renminbi,Mid Rate,1.7185,GH¢ per CNY,1.7185,GH¢ per CNY,ok,
2026-07-24,DKKGHS,Danish Krone,Buying,1.7712,GH¢ per DKK,1.7712,GH¢ per DKK,ok,
2026-07-24,DKKGHS,Danish Krone,Selling,1.7729,GH¢ per DKK,1.7729,GH¢ per DKK,ok,
2026-07-24,DKKGHS,Danish Krone,Mid Rate,1.7721,GH¢ per DKK,1.7721,GH¢ per DKK,ok,
2026-07-24,EURGHS,Euro,Buying,13.2417,GH¢ per EUR,13.2417,GH¢ per EUR,ok,
2026-07-24,EURGHS,Euro,Selling,13.2537,GH¢ per EUR,13.2537,GH¢ per EUR,ok,
2026-07-24,EURGHS,Euro,Mid Rate,13.2477,GH¢ per EUR,13.2477,GH¢ per EUR,ok,
2026-07-24,GBPGHS,Pound Sterling,Buying,15.5180,GH¢ per GBP,15.518,GH¢ per GBP,ok,
2026-07-24,GBPGHS,Pound Sterling,Selling,15.5347,GH¢ per GBP,15.5347,GH¢ per GBP,ok,
2026-07-24,GBPGHS,Pound Sterling,Mid Rate,15.5264,GH¢ per GBP,15.5264,GH¢ per GBP,ok,
2026-07-24,GHSGMD,Dalasi,Buying,6.2870,GMD per GH¢,0.1590583744,GH¢ per GMD,ok,
2026-07-24,GHSGMD,Dalasi,Selling,6.3393,GMD per GH¢,0.1577461234,GH¢ per GMD,ok,
2026-07-24,GHSGMD,Dalasi,Mid Rate,6.3132,GMD per GH¢,0.1583982766,GH¢ per GMD,ok,
2026-07-24,GHSMRO,Ouguiya,Buying,30.6833,MRO per GH¢,0.0325910186,GH¢ per MRO (old ouguiya; 10 MRO = 1 MRU since 2018),ok,
2026-07-24,GHSMRO,Ouguiya,Selling,30.7692,MRO per GH¢,0.0325000325,GH¢ per MRO (old ouguiya; 10 MRO = 1 MRU since 2018),ok,
2026-07-24,GHSMRO,Ouguiya,Mid Rate,30.7263,MRO per GH¢,0.032545409,GH¢ per MRO (old ouguiya; 10 MRO = 1 MRU since 2018),ok,
2026-07-24,GHSNGN,Naira,Buying,117.3949,NGN per GH¢,0.0085182576,GH¢ per NGN,ok,
2026-07-24,GHSNGN,Naira,Selling,117.4809,NGN per GH¢,0.008512022,GH¢ per NGN,ok,
2026-07-24,GHSNGN,Naira,Mid Rate,117.4379,NGN per GH¢,0.0085151386,GH¢ per NGN,ok,
2026-07-24,GHSSLL,Leone,Buying,"2,032.8665",SLL per GH¢,0.4919162178,"GH¢ per SLE (new leone; 1 SLE = 1,000 old leones)",ok,
2026-07-24,GHSSLL,Leone,Selling,"2,097.9802",SLL per GH¢,0.4766489217,"GH¢ per SLE (new leone; 1 SLE = 1,000 old leones)",ok,
2026-07-24,GHSSLL,Leone,Mid Rate,"2,065.4234",SLL per GH¢,0.4841622304,"GH¢ per SLE (new leone; 1 SLE = 1,000 old leones)",ok,
2026-07-24,GHSXOF,BCEAO,Buying,49.4924,XOF per GH¢,0.0202051224,GH¢ per XOF (CFA franc (BCEAO)),ok,
2026-07-24,GHSXOF,BCEAO,Selling,49.5372,XOF per GH¢,0.0201868495,GH¢ per XOF (CFA franc (BCEAO)),ok,
2026-07-24,GHSXOF,BCEAO,Mid Rate,49.5148,XOF per GH¢,0.0201959818,GH¢ per XOF (CFA franc (BCEAO)),ok,
2026-07-24,JPYGHS,Japanese yen,Buying,0.0710,GH¢ per JPY,0.071,GH¢ per JPY,ok,
2026-07-24,JPYGHS,Japanese yen,Selling,0.0711,GH¢ per JPY,0.0711,GH¢ per JPY,ok,
2026-07-24,JPYGHS,Japanese yen,Mid Rate,0.0711,GH¢ per JPY,0.0711,GH¢ per JPY,ok,
2026-07-24,NOKGHS,Norwegian Krone,Buying,1.2157,GH¢ per NOK,1.2157,GH¢ per NOK,ok,
2026-07-24,NOKGHS,Norwegian Krone,Selling,1.2165,GH¢ per NOK,1.2165,GH¢ per NOK,ok,
2026-07-24,NOKGHS,Norwegian Krone,Mid Rate,1.2161,GH¢ per NOK,1.2161,GH¢ per NOK,ok,
2026-07-24,NZDGHS,New Zealand Dollar,Buying,6.7457,GH¢ per NZD,6.7457,GH¢ per NZD,ok,
2026-07-24,NZDGHS,New Zealand Dollar,Selling,6.7545,GH¢ per NZD,6.7545,GH¢ per NZD,ok,
2026-07-24,NZDGHS,New Zealand Dollar,Mid Rate,6.7501,GH¢ per NZD,6.7501,GH¢ per NZD,ok,
2026-07-24,SEKGHS,Swedish Krona,Buying,1.1997,GH¢ per SEK,1.1997,GH¢ per SEK,ok,
2026-07-24,SEKGHS,Swedish Krona,Selling,1.2006,GH¢ per SEK,1.2006,GH¢ per SEK,ok,
2026-07-24,SEKGHS,Swedish Krona,Mid Rate,1.2002,GH¢ per SEK,1.2002,GH¢ per SEK,ok,
2026-07-24,WAUGHS,Ecowas,Buying,0.0126,GH¢ per WAU,0.0126,"GH¢ per WAU (BoG's 'Ecowas' unit, not defined by BoG)",ok,
2026-07-24,WAUGHS,Ecowas,Selling,0.0126,GH¢ per WAU,0.0126,"GH¢ per WAU (BoG's 'Ecowas' unit, not defined by BoG)",ok,
2026-07-24,WAUGHS,Ecowas,Mid Rate,0.0126,GH¢ per WAU,0.0126,"GH¢ per WAU (BoG's 'Ecowas' unit, not defined by BoG)",ok,
2026-07-24,ZARGHS,South African Rand,Buying,0.6923,GH¢ per ZAR,0.6923,GH¢ per ZAR,ok,
2026-07-24,ZARGHS,South African Rand,Selling,0.6928,GH¢ per ZAR,0.6928,GH¢ per ZAR,ok,
2026-07-24,ZARGHS,South African Rand,Mid Rate,0.6926,GH¢ per ZAR,0.6926,GH¢ per ZAR,ok,
2026-07-27,USDGHS,US Dollar,Buying,11.6342,GH¢ per USD,11.6342,GH¢ per USD,ok,
2026-07-27,USDGHS,US Dollar,Selling,11.6458,GH¢ per USD,11.6458,GH¢ per USD,ok,
2026-07-27,USDGHS,US Dollar,Mid Rate,11.6400,GH¢ per USD,11.64,GH¢ per USD,ok,
2026-07-27,AUDGHS,Australian Dollar,Buying,8.1415,GH¢ per AUD,8.1415,GH¢ per AUD,ok,
2026-07-27,AUDGHS,Australian Dollar,Selling,8.1511,GH¢ per AUD,8.1511,GH¢ per AUD,ok,
2026-07-27,AUDGHS,Australian Dollar,Mid Rate,8.1463,GH¢ per AUD,8.1463,GH¢ per AUD,ok,
2026-07-27,CADGHS,Canadian Dollar,Buying,8.2462,GH¢ per CAD,8.2462,GH¢ per CAD,ok,
2026-07-27,CADGHS,Canadian Dollar,Selling,8.2536,GH¢ per CAD,8.2536,GH¢ per CAD,ok,
2026-07-27,CADGHS,Canadian Dollar,Mid Rate,8.2499,GH¢ per CAD,8.2499,GH¢ per CAD,ok,
2026-07-27,CHFGHS,Swiss Franc,Buying,14.2276,GH¢ per CHF,14.2276,GH¢ per CHF,ok,
2026-07-27,CHFGHS,Swiss Franc,Selling,14.2406,GH¢ per CHF,14.2406,GH¢ per CHF,ok,
2026-07-27,CHFGHS,Swiss Franc,Mid Rate,14.2341,GH¢ per CHF,14.2341,GH¢ per CHF,ok,
2026-07-27,CNYGHS,Yuan Renminbi,Buying,1.7202,GH¢ per CNY,1.7202,GH¢ per CNY,ok,
2026-07-27,CNYGHS,Yuan Renminbi,Selling,1.7215,GH¢ per CNY,1.7215,GH¢ per CNY,ok,
2026-07-27,CNYGHS,Yuan Renminbi,Mid Rate,1.7209,GH¢ per CNY,1.7209,GH¢ per CNY,ok,
2026-07-27,DKKGHS,Danish Krone,Buying,1.7720,GH¢ per DKK,1.772,GH¢ per DKK,ok,
2026-07-27,DKKGHS,Danish Krone,Selling,1.7735,GH¢ per DKK,1.7735,GH¢ per DKK,ok,
2026-07-27,DKKGHS,Danish Krone,Mid Rate,1.7728,GH¢ per DKK,1.7728,GH¢ per DKK,ok,
2026-07-27,EURGHS,Euro,Buying,13.2454,GH¢ per EUR,13.2454,GH¢ per EUR,ok,
2026-07-27,EURGHS,Euro,Selling,13.2576,GH¢ per EUR,13.2576,GH¢ per EUR,ok,
2026-07-27,EURGHS,Euro,Mid Rate,13.2515,GH¢ per EUR,13.2515,GH¢ per EUR,ok,
2026-07-27,GBPGHS,Pound Sterling,Buying,15.4839,GH¢ per GBP,15.4839,GH¢ per GBP,ok,
2026-07-27,GBPGHS,Pound Sterling,Selling,15.4994,GH¢ per GBP,15.4994,GH¢ per GBP,ok,
2026-07-27,GBPGHS,Pound Sterling,Mid Rate,15.4917,GH¢ per GBP,15.4917,GH¢ per GBP,ok,
2026-07-27,GHSGMD,Dalasi,Buying,6.2902,GMD per GH¢,0.158977457,GH¢ per GMD,ok,
2026-07-27,GHSGMD,Dalasi,Selling,6.3364,GMD per GH¢,0.1578183196,GH¢ per GMD,ok,
2026-07-27,GHSGMD,Dalasi,Mid Rate,6.3133,GMD per GH¢,0.1583957677,GH¢ per GMD,ok,
2026-07-27,GHSMRO,Ouguiya,Buying,30.6701,MRO per GH¢,0.0326050453,GH¢ per MRO (old ouguiya; 10 MRO = 1 MRU since 2018),ok,
2026-07-27,GHSMRO,Ouguiya,Selling,30.7560,MRO per GH¢,0.032513981,GH¢ per MRO (old ouguiya; 10 MRO = 1 MRU since 2018),ok,
2026-07-27,GHSMRO,Ouguiya,Mid Rate,30.7131,MRO per GH¢,0.0325593965,GH¢ per MRO (old ouguiya; 10 MRO = 1 MRU since 2018),ok,
2026-07-27,GHSNGN,Naira,Buying,117.0747,NGN per GH¢,0.0085415551,GH¢ per NGN,ok,
2026-07-27,GHSNGN,Naira,Selling,117.1607,NGN per GH¢,0.0085352853,GH¢ per NGN,ok,
2026-07-27,GHSNGN,Naira,Mid Rate,117.1177,NGN per GH¢,0.008538419,GH¢ per NGN,ok,
2026-07-27,GHSSLL,Leone,Buying,"2,027.1394",SLL per GH¢,0.4933059858,"GH¢ per SLE (new leone; 1 SLE = 1,000 old leones)",ok,
2026-07-27,GHSSLL,Leone,Selling,"2,098.8627",SLL per GH¢,0.4764485071,"GH¢ per SLE (new leone; 1 SLE = 1,000 old leones)",ok,
2026-07-27,GHSSLL,Leone,Mid Rate,"2,063.0011",SLL per GH¢,0.4847307158,"GH¢ per SLE (new leone; 1 SLE = 1,000 old leones)",ok,
2026-07-27,GHSXOF,BCEAO,Buying,49.4778,XOF per GH¢,0.0202110846,GH¢ per XOF (CFA franc (BCEAO)),ok,
2026-07-27,GHSXOF,BCEAO,Selling,49.5234,XOF per GH¢,0.0201924747,GH¢ per XOF (CFA franc (BCEAO)),ok,
2026-07-27,GHSXOF,BCEAO,Mid Rate,49.5006,XOF per GH¢,0.0202017753,GH¢ per XOF (CFA franc (BCEAO)),ok,
2026-07-27,JPYGHS,Japanese yen,Buying,0.0711,GH¢ per JPY,0.0711,GH¢ per JPY,ok,
2026-07-27,JPYGHS,Japanese yen,Selling,0.0712,GH¢ per JPY,0.0712,GH¢ per JPY,ok,
2026-07-27,JPYGHS,Japanese yen,Mid Rate,0.0712,GH¢ per JPY,0.0712,GH¢ per JPY,ok,
2026-07-27,NOKGHS,Norwegian Krone,Buying,1.2055,GH¢ per NOK,1.2055,GH¢ per NOK,ok,
2026-07-27,NOKGHS,Norwegian Krone,Selling,1.2062,GH¢ per NOK,1.2062,GH¢ per NOK,ok,
2026-07-27,NOKGHS,Norwegian Krone,Mid Rate,1.2059,GH¢ per NOK,1.2059,GH¢ per NOK,ok,
2026-07-27,NZDGHS,New Zealand Dollar,Buying,6.7293,GH¢ per NZD,6.7293,GH¢ per NZD,ok,
2026-07-27,NZDGHS,New Zealand Dollar,Selling,6.7376,GH¢ per NZD,6.7376,GH¢ per NZD,ok,
2026-07-27,NZDGHS,New Zealand Dollar,Mid Rate,6.7335,GH¢ per NZD,6.7335,GH¢ per NZD,ok,
2026-07-27,SEKGHS,Swedish Krona,Buying,1.1987,GH¢ per SEK,1.1987,GH¢ per SEK,ok,
2026-07-27,SEKGHS,Swedish Krona,Selling,1.1997,GH¢ per SEK,1.1997,GH¢ per SEK,ok,
2026-07-27,SEKGHS,Swedish Krona,Mid Rate,1.1992,GH¢ per SEK,1.1992,GH¢ per SEK,ok,
2026-07-27,WAUGHS,Ecowas,Buying,0.0126,GH¢ per WAU,0.0126,"GH¢ per WAU (BoG's 'Ecowas' unit, not defined by BoG)",ok,
2026-07-27,WAUGHS,Ecowas,Selling,0.0126,GH¢ per WAU,0.0126,"GH¢ per WAU (BoG's 'Ecowas' unit, not defined by BoG)",ok,
2026-07-27,WAUGHS,Ecowas,Mid Rate,0.0126,GH¢ per WAU,0.0126,"GH¢ per WAU (BoG's 'Ecowas' unit, not defined by BoG)",ok,
2026-07-27,ZARGHS,South African Rand,Buying,0.6961,GH¢ per ZAR,0.6961,GH¢ per ZAR,ok,
2026-07-27,ZARGHS,South African Rand,Selling,0.6965,GH¢ per ZAR,0.6965,GH¢ per ZAR,ok,
2026-07-27,ZARGHS,South African Rand,Mid Rate,0.6963,GH¢ per ZAR,0.6963,GH¢ per ZAR,ok,
2026-07-28,USDGHS,US Dollar,Buying,11.6554,GH¢ per USD,11.6554,GH¢ per USD,ok,
2026-07-28,USDGHS,US Dollar,Selling,11.6670,GH¢ per USD,11.667,GH¢ per USD,ok,
2026-07-28,USDGHS,US Dollar,Mid Rate,11.6612,GH¢ per USD,11.6612,GH¢ per USD,ok,
2026-07-28,AUDGHS,Australian Dollar,Buying,8.1395,GH¢ per AUD,8.1395,GH¢ per AUD,ok,
2026-07-28,AUDGHS,Australian Dollar,Selling,8.1499,GH¢ per AUD,8.1499,GH¢ per AUD,ok,
2026-07-28,AUDGHS,Australian Dollar,Mid Rate,8.1447,GH¢ per AUD,8.1447,GH¢ per AUD,ok,
2026-07-28,CADGHS,Canadian Dollar,Buying,8.2737,GH¢ per CAD,8.2737,GH¢ per CAD,ok,
2026-07-28,CADGHS,Canadian Dollar,Selling,8.2817,GH¢ per CAD,8.2817,GH¢ per CAD,ok,
2026-07-28,CADGHS,Canadian Dollar,Mid Rate,8.2777,GH¢ per CAD,8.2777,GH¢ per CAD,ok,
2026-07-28,CHFGHS,Swiss Franc,Buying,14.2671,GH¢ per CHF,14.2671,GH¢ per CHF,ok,
2026-07-28,CHFGHS,Swiss Franc,Selling,14.2812,GH¢ per CHF,14.2812,GH¢ per CHF,ok,
2026-07-28,CHFGHS,Swiss Franc,Mid Rate,14.2742,GH¢ per CHF,14.2742,GH¢ per CHF,ok,
2026-07-28,CNYGHS,Yuan Renminbi,Buying,1.7224,GH¢ per CNY,1.7224,GH¢ per CNY,ok,
2026-07-28,CNYGHS,Yuan Renminbi,Selling,1.7238,GH¢ per CNY,1.7238,GH¢ per CNY,ok,
2026-07-28,CNYGHS,Yuan Renminbi,Mid Rate,1.7231,GH¢ per CNY,1.7231,GH¢ per CNY,ok,
2026-07-28,DKKGHS,Danish Krone,Buying,1.7781,GH¢ per DKK,1.7781,GH¢ per DKK,ok,
2026-07-28,DKKGHS,Danish Krone,Selling,1.7797,GH¢ per DKK,1.7797,GH¢ per DKK,ok,
2026-07-28,DKKGHS,Danish Krone,Mid Rate,1.7789,GH¢ per DKK,1.7789,GH¢ per DKK,ok,
2026-07-28,EURGHS,Euro,Buying,13.2903,GH¢ per EUR,13.2903,GH¢ per EUR,ok,
2026-07-28,EURGHS,Euro,Selling,13.3035,GH¢ per EUR,13.3035,GH¢ per EUR,ok,
2026-07-28,EURGHS,Euro,Mid Rate,13.2969,GH¢ per EUR,13.2969,GH¢ per EUR,ok,
2026-07-28,GBPGHS,Pound Sterling,Buying,15.5098,GH¢ per GBP,15.5098,GH¢ per GBP,ok,
2026-07-28,GBPGHS,Pound Sterling,Selling,15.5265,GH¢ per GBP,15.5265,GH¢ per GBP,ok,
2026-07-28,GBPGHS,Pound Sterling,Mid Rate,15.5182,GH¢ per GBP,15.5182,GH¢ per GBP,ok,
2026-07-28,GHSGMD,Dalasi,Buying,6.2792,GMD per GH¢,0.1592559562,GH¢ per GMD,ok,
2026-07-28,GHSGMD,Dalasi,Selling,6.3259,GMD per GH¢,0.1580802732,GH¢ per GMD,ok,
2026-07-28,GHSGMD,Dalasi,Mid Rate,6.3026,GMD per GH¢,0.1586646781,GH¢ per GMD,ok,
2026-07-28,GHSMRO,Ouguiya,Buying,30.6143,MRO per GH¢,0.0326644738,GH¢ per MRO (old ouguiya; 10 MRO = 1 MRU since 2018),ok,
2026-07-28,GHSMRO,Ouguiya,Selling,30.7001,MRO per GH¢,0.0325731838,GH¢ per MRO (old ouguiya; 10 MRO = 1 MRU since 2018),ok,
2026-07-28,GHSMRO,Ouguiya,Mid Rate,30.6572,MRO per GH¢,0.0326187649,GH¢ per MRO (old ouguiya; 10 MRO = 1 MRU since 2018),ok,
2026-07-28,GHSNGN,Naira,Buying,117.0120,NGN per GH¢,0.008546132,GH¢ per NGN,ok,
2026-07-28,GHSNGN,Naira,Selling,117.0977,NGN per GH¢,0.0085398774,GH¢ per NGN,ok,
2026-07-28,GHSNGN,Naira,Mid Rate,117.0549,NGN per GH¢,0.0085429999,GH¢ per NGN,ok,
2026-07-28,GHSSLL,Leone,Buying,"2,025.5215",SLL per GH¢,0.4937000175,"GH¢ per SLE (new leone; 1 SLE = 1,000 old leones)",ok,
2026-07-28,GHSSLL,Leone,Selling,"2,093.2666",SLL per GH¢,0.4777222357,"GH¢ per SLE (new leone; 1 SLE = 1,000 old leones)",ok,
2026-07-28,GHSSLL,Leone,Mid Rate,"2,059.3941",SLL per GH¢,0.4855797149,"GH¢ per SLE (new leone; 1 SLE = 1,000 old leones)",ok,
2026-07-28,GHSXOF,BCEAO,Buying,49.3071,XOF per GH¢,0.0202810549,GH¢ per XOF (CFA franc (BCEAO)),ok,
2026-07-28,GHSXOF,BCEAO,Selling,49.3561,XOF per GH¢,0.0202609201,GH¢ per XOF (CFA franc (BCEAO)),ok,
2026-07-28,GHSXOF,BCEAO,Mid Rate,49.3316,XOF per GH¢,0.0202709825,GH¢ per XOF (CFA franc (BCEAO)),ok,
2026-07-28,JPYGHS,Japanese yen,Buying,0.0712,GH¢ per JPY,0.0712,GH¢ per JPY,ok,
2026-07-28,JPYGHS,Japanese yen,Selling,0.0713,GH¢ per JPY,0.0713,GH¢ per JPY,ok,
2026-07-28,JPYGHS,Japanese yen,Mid Rate,0.0713,GH¢ per JPY,0.0713,GH¢ per JPY,ok,
2026-07-28,NOKGHS,Norwegian Krone,Buying,1.2036,GH¢ per NOK,1.2036,GH¢ per NOK,ok,
2026-07-28,NOKGHS,Norwegian Krone,Selling,1.2044,GH¢ per NOK,1.2044,GH¢ per NOK,ok,
2026-07-28,NOKGHS,Norwegian Krone,Mid Rate,1.2040,GH¢ per NOK,1.204,GH¢ per NOK,ok,
2026-07-28,NZDGHS,New Zealand Dollar,Buying,6.7561,GH¢ per NZD,6.7561,GH¢ per NZD,ok,
2026-07-28,NZDGHS,New Zealand Dollar,Selling,6.7633,GH¢ per NZD,6.7633,GH¢ per NZD,ok,
2026-07-28,NZDGHS,New Zealand Dollar,Mid Rate,6.7597,GH¢ per NZD,6.7597,GH¢ per NZD,ok,
2026-07-28,SEKGHS,Swedish Krona,Buying,1.2047,GH¢ per SEK,1.2047,GH¢ per SEK,ok,
2026-07-28,SEKGHS,Swedish Krona,Selling,1.2057,GH¢ per SEK,1.2057,GH¢ per SEK,ok,
2026-07-28,SEKGHS,Swedish Krona,Mid Rate,1.2052,GH¢ per SEK,1.2052,GH¢ per SEK,ok,
2026-07-28,WAUGHS,Ecowas,Buying,0.0125,GH¢ per WAU,0.0125,"GH¢ per WAU (BoG's 'Ecowas' unit, not defined by BoG)",ok,
2026-07-28,WAUGHS,Ecowas,Selling,0.0125,GH¢ per WAU,0.0125,"GH¢ per WAU (BoG's 'Ecowas' unit, not defined by BoG)",ok,
2026-07-28,WAUGHS,Ecowas,Mid Rate,0.0125,GH¢ per WAU,0.0125,"GH¢ per WAU (BoG's 'Ecowas' unit, not defined by BoG)",ok,
2026-07-28,ZARGHS,South African Rand,Buying,0.7001,GH¢ per ZAR,0.7001,GH¢ per ZAR,ok,
2026-07-28,ZARGHS,South African Rand,Selling,0.7006,GH¢ per ZAR,0.7006,GH¢ per ZAR,ok,
2026-07-28,ZARGHS,South African Rand,Mid Rate,0.7004,GH¢ per ZAR,0.7004,GH¢ per ZAR,ok,
2026-07-29,USDGHS,US Dollar,Buying,11.6542,GH¢ per USD,11.6542,GH¢ per USD,ok,
2026-07-29,USDGHS,US Dollar,Selling,11.6658,GH¢ per USD,11.6658,GH¢ per USD,ok,
2026-07-29,USDGHS,US Dollar,Mid Rate,11.6600,GH¢ per USD,11.66,GH¢ per USD,ok,
2026-07-29,AUDGHS,Australian Dollar,Buying,8.0698,GH¢ per AUD,8.0698,GH¢ per AUD,ok,
2026-07-29,AUDGHS,Australian Dollar,Selling,8.0785,GH¢ per AUD,8.0785,GH¢ per AUD,ok,
2026-07-29,AUDGHS,Australian Dollar,Mid Rate,8.0742,GH¢ per AUD,8.0742,GH¢ per AUD,ok,
2026-07-29,CADGHS,Canadian Dollar,Buying,8.2702,GH¢ per CAD,8.2702,GH¢ per CAD,ok,
2026-07-29,CADGHS,Canadian Dollar,Selling,8.2783,GH¢ per CAD,8.2783,GH¢ per CAD,ok,
2026-07-29,CADGHS,Canadian Dollar,Mid Rate,8.2743,GH¢ per CAD,8.2743,GH¢ per CAD,ok,
2026-07-29,CHFGHS,Swiss Franc,Buying,14.2047,GH¢ per CHF,14.2047,GH¢ per CHF,ok,
2026-07-29,CHFGHS,Swiss Franc,Selling,14.2186,GH¢ per CHF,14.2186,GH¢ per CHF,ok,
2026-07-29,CHFGHS,Swiss Franc,Mid Rate,14.2117,GH¢ per CHF,14.2117,GH¢ per CHF,ok,
2026-07-29,CNYGHS,Yuan Renminbi,Buying,1.7218,GH¢ per CNY,1.7218,GH¢ per CNY,ok,
2026-07-29,CNYGHS,Yuan Renminbi,Selling,1.7232,GH¢ per CNY,1.7232,GH¢ per CNY,ok,
2026-07-29,CNYGHS,Yuan Renminbi,Mid Rate,1.7225,GH¢ per CNY,1.7225,GH¢ per CNY,ok,
2026-07-29,DKKGHS,Danish Krone,Buying,1.7740,GH¢ per DKK,1.774,GH¢ per DKK,ok,
2026-07-29,DKKGHS,Danish Krone,Selling,1.7757,GH¢ per DKK,1.7757,GH¢ per DKK,ok,
2026-07-29,DKKGHS,Danish Krone,Mid Rate,1.7749,GH¢ per DKK,1.7749,GH¢ per DKK,ok,
2026-07-29,EURGHS,Euro,Buying,13.2616,GH¢ per EUR,13.2616,GH¢ per EUR,ok,
2026-07-29,EURGHS,Euro,Selling,13.2736,GH¢ per EUR,13.2736,GH¢ per EUR,ok,
2026-07-29,EURGHS,Euro,Mid Rate,13.2676,GH¢ per EUR,13.2676,GH¢ per EUR,ok,
2026-07-29,GBPGHS,Pound Sterling,Buying,15.4802,GH¢ per GBP,15.4802,GH¢ per GBP,ok,
2026-07-29,GBPGHS,Pound Sterling,Selling,15.4969,GH¢ per GBP,15.4969,GH¢ per GBP,ok,
2026-07-29,GBPGHS,Pound Sterling,Mid Rate,15.4886,GH¢ per GBP,15.4886,GH¢ per GBP,ok,
2026-07-29,GHSGMD,Dalasi,Buying,6.2555,GMD per GH¢,0.1598593238,GH¢ per GMD,ok,
2026-07-29,GHSGMD,Dalasi,Selling,6.3234,GMD per GH¢,0.1581427713,GH¢ per GMD,ok,
2026-07-29,GHSGMD,Dalasi,Mid Rate,6.2895,GMD per GH¢,0.1589951506,GH¢ per GMD,ok,
2026-07-29,GHSMRO,Ouguiya,Buying,30.6175,MRO per GH¢,0.0326610599,GH¢ per MRO (old ouguiya; 10 MRO = 1 MRU since 2018),ok,
2026-07-29,GHSMRO,Ouguiya,Selling,30.7033,MRO per GH¢,0.0325697889,GH¢ per MRO (old ouguiya; 10 MRO = 1 MRU since 2018),ok,
2026-07-29,GHSMRO,Ouguiya,Mid Rate,30.6604,MRO per GH¢,0.0326153605,GH¢ per MRO (old ouguiya; 10 MRO = 1 MRU since 2018),ok,
2026-07-29,GHSNGN,Naira,Buying,117.1955,NGN per GH¢,0.0085327508,GH¢ per NGN,ok,
2026-07-29,GHSNGN,Naira,Selling,117.2813,NGN per GH¢,0.0085265085,GH¢ per NGN,ok,
2026-07-29,GHSNGN,Naira,Mid Rate,117.2384,NGN per GH¢,0.0085296285,GH¢ per NGN,ok,
2026-07-29,GHSSLL,Leone,Buying,"2,010.7214",SLL per GH¢,0.4973339419,"GH¢ per SLE (new leone; 1 SLE = 1,000 old leones)",ok,
2026-07-29,GHSSLL,Leone,Selling,"2,094.4341",SLL per GH¢,0.4774559391,"GH¢ per SLE (new leone; 1 SLE = 1,000 old leones)",ok,
2026-07-29,GHSSLL,Leone,Mid Rate,"2,052.5778",SLL per GH¢,0.4871922516,"GH¢ per SLE (new leone; 1 SLE = 1,000 old leones)",ok,
2026-07-29,GHSXOF,BCEAO,Buying,49.4182,XOF per GH¢,0.0202354598,GH¢ per XOF (CFA franc (BCEAO)),ok,
2026-07-29,GHSXOF,BCEAO,Selling,49.4629,XOF per GH¢,0.0202171729,GH¢ per XOF (CFA franc (BCEAO)),ok,
2026-07-29,GHSXOF,BCEAO,Mid Rate,49.4406,XOF per GH¢,0.0202262918,GH¢ per XOF (CFA franc (BCEAO)),ok,
2026-07-29,JPYGHS,Japanese yen,Buying,0.0711,GH¢ per JPY,0.0711,GH¢ per JPY,ok,
2026-07-29,JPYGHS,Japanese yen,Selling,0.0712,GH¢ per JPY,0.0712,GH¢ per JPY,ok,
2026-07-29,JPYGHS,Japanese yen,Mid Rate,0.0712,GH¢ per JPY,0.0712,GH¢ per JPY,ok,
2026-07-29,NOKGHS,Norwegian Krone,Buying,1.2054,GH¢ per NOK,1.2054,GH¢ per NOK,ok,
2026-07-29,NOKGHS,Norwegian Krone,Selling,1.2063,GH¢ per NOK,1.2063,GH¢ per NOK,ok,
2026-07-29,NOKGHS,Norwegian Krone,Mid Rate,1.2059,GH¢ per NOK,1.2059,GH¢ per NOK,ok,
2026-07-29,NZDGHS,New Zealand Dollar,Buying,6.7169,GH¢ per NZD,6.7169,GH¢ per NZD,ok,
2026-07-29,NZDGHS,New Zealand Dollar,Selling,6.7256,GH¢ per NZD,6.7256,GH¢ per NZD,ok,
2026-07-29,NZDGHS,New Zealand Dollar,Mid Rate,6.7213,GH¢ per NZD,6.7213,GH¢ per NZD,ok,
2026-07-29,SEKGHS,Swedish Krona,Buying,1.1973,GH¢ per SEK,1.1973,GH¢ per SEK,ok,
2026-07-29,SEKGHS,Swedish Krona,Selling,1.1982,GH¢ per SEK,1.1982,GH¢ per SEK,ok,
2026-07-29,SEKGHS,Swedish Krona,Mid Rate,1.1978,GH¢ per SEK,1.1978,GH¢ per SEK,ok,
2026-07-29,WAUGHS,Ecowas,Buying,0.0125,GH¢ per WAU,0.0125,"GH¢ per WAU (BoG's 'Ecowas' unit, not defined by BoG)",ok,
2026-07-29,WAUGHS,Ecowas,Selling,0.0125,GH¢ per WAU,0.0125,"GH¢ per WAU (BoG's 'Ecowas' unit, not defined by BoG)",ok,
2026-07-29,WAUGHS,Ecowas,Mid Rate,0.0125,GH¢ per WAU,0.0125,"GH¢ per WAU (BoG's 'Ecowas' unit, not defined by BoG)",ok,
2026-07-29,ZARGHS,South African Rand,Buying,0.6936,GH¢ per ZAR,0.6936,GH¢ per ZAR,ok,
2026-07-29,ZARGHS,South African Rand,Selling,0.6941,GH¢ per ZAR,0.6941,GH¢ per ZAR,ok,
2026-07-29,ZARGHS,South African Rand,Mid Rate,0.6939,GH¢ per ZAR,0.6939,GH¢ per ZAR,ok,
2026-07-30,USDGHS,US Dollar,Buying,11.6801,GH¢ per USD,11.6801,GH¢ per USD,ok,
2026-07-30,USDGHS,US Dollar,Selling,11.6917,GH¢ per USD,11.6917,GH¢ per USD,ok,
2026-07-30,USDGHS,US Dollar,Mid Rate,11.6859,GH¢ per USD,11.6859,GH¢ per USD,ok,
2026-07-30,AUDGHS,Australian Dollar,Buying,8.2089,GH¢ per AUD,8.2089,GH¢ per AUD,ok,
2026-07-30,AUDGHS,Australian Dollar,Selling,8.2177,GH¢ per AUD,8.2177,GH¢ per AUD,ok,
2026-07-30,AUDGHS,Australian Dollar,Mid Rate,8.2133,GH¢ per AUD,8.2133,GH¢ per AUD,ok,
2026-07-30,CADGHS,Canadian Dollar,Buying,8.3436,GH¢ per CAD,8.3436,GH¢ per CAD,ok,
2026-07-30,CADGHS,Canadian Dollar,Selling,8.3512,GH¢ per CAD,8.3512,GH¢ per CAD,ok,
2026-07-30,CADGHS,Canadian Dollar,Mid Rate,8.3474,GH¢ per CAD,8.3474,GH¢ per CAD,ok,
2026-07-30,CHFGHS,Swiss Franc,Buying,14.5168,GH¢ per CHF,14.5168,GH¢ per CHF,ok,
2026-07-30,CHFGHS,Swiss Franc,Selling,14.5311,GH¢ per CHF,14.5311,GH¢ per CHF,ok,
2026-07-30,CHFGHS,Swiss Franc,Mid Rate,14.5240,GH¢ per CHF,14.524,GH¢ per CHF,ok,
2026-07-30,CNYGHS,Yuan Renminbi,Buying,1.7301,GH¢ per CNY,1.7301,GH¢ per CNY,ok,
2026-07-30,CNYGHS,Yuan Renminbi,Selling,1.7315,GH¢ per CNY,1.7315,GH¢ per CNY,ok,
2026-07-30,CNYGHS,Yuan Renminbi,Mid Rate,1.7308,GH¢ per CNY,1.7308,GH¢ per CNY,ok,
2026-07-30,DKKGHS,Danish Krone,Buying,1.8017,GH¢ per DKK,1.8017,GH¢ per DKK,ok,
2026-07-30,DKKGHS,Danish Krone,Selling,1.8033,GH¢ per DKK,1.8033,GH¢ per DKK,ok,
2026-07-30,DKKGHS,Danish Krone,Mid Rate,1.8025,GH¢ per DKK,1.8025,GH¢ per DKK,ok,
2026-07-30,EURGHS,Euro,Buying,13.4668,GH¢ per EUR,13.4668,GH¢ per EUR,ok,
2026-07-30,EURGHS,Euro,Selling,13.4801,GH¢ per EUR,13.4801,GH¢ per EUR,ok,
2026-07-30,EURGHS,Euro,Mid Rate,13.4735,GH¢ per EUR,13.4735,GH¢ per EUR,ok,
2026-07-30,GBPGHS,Pound Sterling,Buying,15.7319,GH¢ per GBP,15.7319,GH¢ per GBP,ok,
2026-07-30,GBPGHS,Pound Sterling,Selling,15.7488,GH¢ per GBP,15.7488,GH¢ per GBP,ok,
2026-07-30,GBPGHS,Pound Sterling,Mid Rate,15.7404,GH¢ per GBP,15.7404,GH¢ per GBP,ok,
2026-07-30,GHSGMD,Dalasi,Buying,6.2688,GMD per GH¢,0.1595201633,GH¢ per GMD,ok,
2026-07-30,GHSGMD,Dalasi,Selling,6.3116,GMD per GH¢,0.1584384308,GH¢ per GMD,ok,
2026-07-30,GHSGMD,Dalasi,Mid Rate,6.2902,GMD per GH¢,0.158977457,GH¢ per GMD,ok,
2026-07-30,GHSMRO,Ouguiya,Buying,30.5496,MRO per GH¢,0.0327336528,GH¢ per MRO (old ouguiya; 10 MRO = 1 MRU since 2018),ok,
2026-07-30,GHSMRO,Ouguiya,Selling,30.6352,MRO per GH¢,0.0326421894,GH¢ per MRO (old ouguiya; 10 MRO = 1 MRU since 2018),ok,
2026-07-30,GHSMRO,Ouguiya,Mid Rate,30.5924,MRO per GH¢,0.0326878571,GH¢ per MRO (old ouguiya; 10 MRO = 1 MRU since 2018),ok,
2026-07-30,GHSNGN,Naira,Buying,116.9067,NGN per GH¢,0.0085538297,GH¢ per NGN,ok,
2026-07-30,GHSNGN,Naira,Selling,117.0137,NGN per GH¢,0.0085460079,GH¢ per NGN,ok,
2026-07-30,GHSNGN,Naira,Mid Rate,116.9602,NGN per GH¢,0.008549917,GH¢ per NGN,ok,
2026-07-30,GHSSLL,Leone,Buying,"2,035.8990",SLL per GH¢,0.4911835017,"GH¢ per SLE (new leone; 1 SLE = 1,000 old leones)",ok,
2026-07-30,GHSSLL,Leone,Selling,"2,080.6023",SLL per GH¢,0.480630056,"GH¢ per SLE (new leone; 1 SLE = 1,000 old leones)",ok,
2026-07-30,GHSSLL,Leone,Mid Rate,"2,058.2507",SLL per GH¢,0.4858494643,"GH¢ per SLE (new leone; 1 SLE = 1,000 old leones)",ok,
2026-07-30,GHSXOF,BCEAO,Buying,48.6611,XOF per GH¢,0.0205502958,GH¢ per XOF (CFA franc (BCEAO)),ok,
2026-07-30,GHSXOF,BCEAO,Selling,48.7092,XOF per GH¢,0.0205300025,GH¢ per XOF (CFA franc (BCEAO)),ok,
2026-07-30,GHSXOF,BCEAO,Mid Rate,48.6852,XOF per GH¢,0.0205401231,GH¢ per XOF (CFA franc (BCEAO)),ok,
2026-07-30,JPYGHS,Japanese yen,Buying,0.0733,GH¢ per JPY,0.0733,GH¢ per JPY,ok,
2026-07-30,JPYGHS,Japanese yen,Selling,0.0733,GH¢ per JPY,0.0733,GH¢ per JPY,ok,
2026-07-30,JPYGHS,Japanese yen,Mid Rate,0.0733,GH¢ per JPY,0.0733,GH¢ per JPY,ok,
2026-07-30,NOKGHS,Norwegian Krone,Buying,1.2256,GH¢ per NOK,1.2256,GH¢ per NOK,ok,
2026-07-30,NOKGHS,Norwegian Krone,Selling,1.2264,GH¢ per NOK,1.2264,GH¢ per NOK,ok,
2026-07-30,NOKGHS,Norwegian Krone,Mid Rate,1.2260,GH¢ per NOK,1.226,GH¢ per NOK,ok,
2026-07-30,NZDGHS,New Zealand Dollar,Buying,6.8670,GH¢ per NZD,6.867,GH¢ per NZD,ok,
2026-07-30,NZDGHS,New Zealand Dollar,Selling,6.8759,GH¢ per NZD,6.8759,GH¢ per NZD,ok,
2026-07-30,NZDGHS,New Zealand Dollar,Mid Rate,6.8715,GH¢ per NZD,6.8715,GH¢ per NZD,ok,
2026-07-30,SEKGHS,Swedish Krona,Buying,1.2267,GH¢ per SEK,1.2267,GH¢ per SEK,ok,
2026-07-30,SEKGHS,Swedish Krona,Selling,1.2276,GH¢ per SEK,1.2276,GH¢ per SEK,ok,
2026-07-30,SEKGHS,Swedish Krona,Mid Rate,1.2272,GH¢ per SEK,1.2272,GH¢ per SEK,ok,
2026-07-30,WAUGHS,Ecowas,Buying,0.0125,GH¢ per WAU,0.0125,"GH¢ per WAU (BoG's 'Ecowas' unit, not defined by BoG)",ok,
2026-07-30,WAUGHS,Ecowas,Selling,0.0125,GH¢ per WAU,0.0125,"GH¢ per WAU (BoG's 'Ecowas' unit, not defined by BoG)",ok,
2026-07-30,WAUGHS,Ecowas,Mid Rate,0.0125,GH¢ per WAU,0.0125,"GH¢ per WAU (BoG's 'Ecowas' unit, not defined by BoG)",ok,
2026-07-30,ZARGHS,South African Rand,Buying,0.7086,GH¢ per ZAR,0.7086,GH¢ per ZAR,ok,
2026-07-30,ZARGHS,South African Rand,Selling,0.7090,GH¢ per ZAR,0.709,GH¢ per ZAR,ok,
2026-07-30,ZARGHS,South African Rand,Mid Rate,0.7088,GH¢ per ZAR,0.7088,GH¢ per ZAR,ok,
2026-07-31,USDGHS,US Dollar,Buying,11.6842,GH¢ per USD,11.6842,GH¢ per USD,ok,
2026-07-31,USDGHS,US Dollar,Selling,11.6958,GH¢ per USD,11.6958,GH¢ per USD,ok,
2026-07-31,USDGHS,US Dollar,Mid Rate,11.6900,GH¢ per USD,11.69,GH¢ per USD,ok,
2026-07-31,AUDGHS,Australian Dollar,Buying,8.2062,GH¢ per AUD,8.2062,GH¢ per AUD,ok,
2026-07-31,AUDGHS,Australian Dollar,Selling,8.2166,GH¢ per AUD,8.2166,GH¢ per AUD,ok,
2026-07-31,AUDGHS,Australian Dollar,Mid Rate,8.2114,GH¢ per AUD,8.2114,GH¢ per AUD,ok,
2026-07-31,CADGHS,Canadian Dollar,Buying,8.3290,GH¢ per CAD,8.329,GH¢ per CAD,ok,
2026-07-31,CADGHS,Canadian Dollar,Selling,8.3375,GH¢ per CAD,8.3375,GH¢ per CAD,ok,
2026-07-31,CADGHS,Canadian Dollar,Mid Rate,8.3333,GH¢ per CAD,8.3333,GH¢ per CAD,ok,
2026-07-31,CHFGHS,Swiss Franc,Buying,14.4509,GH¢ per CHF,14.4509,GH¢ per CHF,ok,
2026-07-31,CHFGHS,Swiss Franc,Selling,14.4651,GH¢ per CHF,14.4651,GH¢ per CHF,ok,
2026-07-31,CHFGHS,Swiss Franc,Mid Rate,14.4580,GH¢ per CHF,14.458,GH¢ per CHF,ok,
2026-07-31,CNYGHS,Yuan Renminbi,Buying,1.7302,GH¢ per CNY,1.7302,GH¢ per CNY,ok,
2026-07-31,CNYGHS,Yuan Renminbi,Selling,1.7316,GH¢ per CNY,1.7316,GH¢ per CNY,ok,
2026-07-31,CNYGHS,Yuan Renminbi,Mid Rate,1.7309,GH¢ per CNY,1.7309,GH¢ per CNY,ok,
2026-07-31,DKKGHS,Danish Krone,Buying,1.8001,GH¢ per DKK,1.8001,GH¢ per DKK,ok,
2026-07-31,DKKGHS,Danish Krone,Selling,1.8017,GH¢ per DKK,1.8017,GH¢ per DKK,ok,
2026-07-31,DKKGHS,Danish Krone,Mid Rate,1.8009,GH¢ per DKK,1.8009,GH¢ per DKK,ok,
2026-07-31,EURGHS,Euro,Buying,13.4548,GH¢ per EUR,13.4548,GH¢ per EUR,ok,
2026-07-31,EURGHS,Euro,Selling,13.4670,GH¢ per EUR,13.467,GH¢ per EUR,ok,
2026-07-31,EURGHS,Euro,Mid Rate,13.4609,GH¢ per EUR,13.4609,GH¢ per EUR,ok,
2026-07-31,GBPGHS,Pound Sterling,Buying,15.7327,GH¢ per GBP,15.7327,GH¢ per GBP,ok,
2026-07-31,GBPGHS,Pound Sterling,Selling,15.7496,GH¢ per GBP,15.7496,GH¢ per GBP,ok,
2026-07-31,GBPGHS,Pound Sterling,Mid Rate,15.7412,GH¢ per GBP,15.7412,GH¢ per GBP,ok,
2026-07-31,GHSGMD,Dalasi,Buying,6.2948,GMD per GH¢,0.1588612823,GH¢ per GMD,ok,
2026-07-31,GHSGMD,Dalasi,Selling,6.2963,GMD per GH¢,0.158823436,GH¢ per GMD,ok,
2026-07-31,GHSGMD,Dalasi,Mid Rate,6.2956,GMD per GH¢,0.1588410954,GH¢ per GMD,ok,
2026-07-31,GHSMRO,Ouguiya,Buying,30.5389,MRO per GH¢,0.0327451218,GH¢ per MRO (old ouguiya; 10 MRO = 1 MRU since 2018),ok,
2026-07-31,GHSMRO,Ouguiya,Selling,30.6245,MRO per GH¢,0.0326535943,GH¢ per MRO (old ouguiya; 10 MRO = 1 MRU since 2018),ok,
2026-07-31,GHSMRO,Ouguiya,Mid Rate,30.5817,MRO per GH¢,0.032699294,GH¢ per MRO (old ouguiya; 10 MRO = 1 MRU since 2018),ok,
2026-07-31,GHSNGN,Naira,Buying,116.8939,NGN per GH¢,0.0085547663,GH¢ per NGN,ok,
2026-07-31,GHSNGN,Naira,Selling,116.9795,NGN per GH¢,0.0085485064,GH¢ per NGN,ok,
2026-07-31,GHSNGN,Naira,Mid Rate,116.9367,NGN per GH¢,0.0085516352,GH¢ per NGN,ok,
2026-07-31,GHSSLL,Leone,Buying,"2,036.6295",SLL per GH¢,0.4910073236,"GH¢ per SLE (new leone; 1 SLE = 1,000 old leones)",ok,
2026-07-31,GHSSLL,Leone,Selling,"2,080.0678",SLL per GH¢,0.4807535601,"GH¢ per SLE (new leone; 1 SLE = 1,000 old leones)",ok,
2026-07-31,GHSSLL,Leone,Mid Rate,"2,058.3487",SLL per GH¢,0.4858263325,"GH¢ per SLE (new leone; 1 SLE = 1,000 old leones)",ok,
2026-07-31,GHSXOF,BCEAO,Buying,48.7085,XOF per GH¢,0.0205302976,GH¢ per XOF (CFA franc (BCEAO)),ok,
2026-07-31,GHSXOF,BCEAO,Selling,48.7526,XOF per GH¢,0.0205117266,GH¢ per XOF (CFA franc (BCEAO)),ok,
2026-07-31,GHSXOF,BCEAO,Mid Rate,48.7306,XOF per GH¢,0.0205209868,GH¢ per XOF (CFA franc (BCEAO)),ok,
2026-07-31,JPYGHS,Japanese yen,Buying,0.0734,GH¢ per JPY,0.0734,GH¢ per JPY,ok,
2026-07-31,JPYGHS,Japanese yen,Selling,0.0734,GH¢ per JPY,0.0734,GH¢ per JPY,ok,
2026-07-31,JPYGHS,Japanese yen,Mid Rate,0.0734,GH¢ per JPY,0.0734,GH¢ per JPY,ok,
2026-07-31,NOKGHS,Norwegian Krone,Buying,1.2310,GH¢ per NOK,1.231,GH¢ per NOK,ok,
2026-07-31,NOKGHS,Norwegian Krone,Selling,1.2319,GH¢ per NOK,1.2319,GH¢ per NOK,ok,
2026-07-31,NOKGHS,Norwegian Krone,Mid Rate,1.2315,GH¢ per NOK,1.2315,GH¢ per NOK,ok,
2026-07-31,NZDGHS,New Zealand Dollar,Buying,6.8658,GH¢ per NZD,6.8658,GH¢ per NZD,ok,
2026-07-31,NZDGHS,New Zealand Dollar,Selling,6.8747,GH¢ per NZD,6.8747,GH¢ per NZD,ok,
2026-07-31,NZDGHS,New Zealand Dollar,Mid Rate,6.8703,GH¢ per NZD,6.8703,GH¢ per NZD,ok,
2026-07-31,SEKGHS,Swedish Krona,Buying,1.2261,GH¢ per SEK,1.2261,GH¢ per SEK,ok,
2026-07-31,SEKGHS,Swedish Krona,Selling,1.2270,GH¢ per SEK,1.227,GH¢ per SEK,ok,
2026-07-31,SEKGHS,Swedish Krona,Mid Rate,1.2266,GH¢ per SEK,1.2266,GH¢ per SEK,ok,
2026-07-31,WAUGHS,Ecowas,Buying,0.0125,GH¢ per WAU,0.0125,"GH¢ per WAU (BoG's 'Ecowas' unit, not defined by BoG)",ok,
2026-07-31,WAUGHS,Ecowas,Selling,0.0125,GH¢ per WAU,0.0125,"GH¢ per WAU (BoG's 'Ecowas' unit, not defined by BoG)",ok,
2026-07-31,WAUGHS,Ecowas,Mid Rate,0.0125,GH¢ per WAU,0.0125,"GH¢ per WAU (BoG's 'Ecowas' unit, not defined by BoG)",ok,
2026-07-31,ZARGHS,South African Rand,Buying,0.7064,GH¢ per ZAR,0.7064,GH¢ per ZAR,ok,
2026-07-31,ZARGHS,South African Rand,Selling,0.7068,GH¢ per ZAR,0.7068,GH¢ per ZAR,ok,
2026-07-31,ZARGHS,South African Rand,Mid Rate,0.7066,GH¢ per ZAR,0.7066,GH¢ per ZAR,ok,
2026-08-03,USDGHS,US Dollar,Buying,11.6942,GH¢ per USD,11.6942,GH¢ per USD,ok,
2026-08-03,USDGHS,US Dollar,Selling,11.7059,GH¢ per USD,11.7059,GH¢ per USD,ok,
2026-08-03,USDGHS,US Dollar,Mid Rate,11.7000,GH¢ per USD,11.7,GH¢ per USD,ok,
2026-08-03,AUDGHS,Australian Dollar,Buying,8.1850,GH¢ per AUD,8.185,GH¢ per AUD,ok,
2026-08-03,AUDGHS,Australian Dollar,Selling,8.1938,GH¢ per AUD,8.1938,GH¢ per AUD,ok,
2026-08-03,AUDGHS,Australian Dollar,Mid Rate,8.1894,GH¢ per AUD,8.1894,GH¢ per AUD,ok,
2026-08-03,CADGHS,Canadian Dollar,Buying,8.3289,GH¢ per CAD,8.3289,GH¢ per CAD,ok,
2026-08-03,CADGHS,Canadian Dollar,Selling,8.3369,GH¢ per CAD,8.3369,GH¢ per CAD,ok,
2026-08-03,CADGHS,Canadian Dollar,Mid Rate,8.3329,GH¢ per CAD,8.3329,GH¢ per CAD,ok,
2026-08-03,CHFGHS,Swiss Franc,Buying,14.4259,GH¢ per CHF,14.4259,GH¢ per CHF,ok,
2026-08-03,CHFGHS,Swiss Franc,Selling,14.4388,GH¢ per CHF,14.4388,GH¢ per CHF,ok,
2026-08-03,CHFGHS,Swiss Franc,Mid Rate,14.4324,GH¢ per CHF,14.4324,GH¢ per CHF,ok,
2026-08-03,CNYGHS,Yuan Renminbi,Buying,1.7314,GH¢ per CNY,1.7314,GH¢ per CNY,ok,
2026-08-03,CNYGHS,Yuan Renminbi,Selling,1.7329,GH¢ per CNY,1.7329,GH¢ per CNY,ok,
2026-08-03,CNYGHS,Yuan Renminbi,Mid Rate,1.7322,GH¢ per CNY,1.7322,GH¢ per CNY,ok,
2026-08-03,DKKGHS,Danish Krone,Buying,1.8003,GH¢ per DKK,1.8003,GH¢ per DKK,ok,
2026-08-03,DKKGHS,Danish Krone,Selling,1.8020,GH¢ per DKK,1.802,GH¢ per DKK,ok,
2026-08-03,DKKGHS,Danish Krone,Mid Rate,1.8012,GH¢ per DKK,1.8012,GH¢ per DKK,ok,
2026-08-03,EURGHS,Euro,Buying,13.4579,GH¢ per EUR,13.4579,GH¢ per EUR,ok,
2026-08-03,EURGHS,Euro,Selling,13.4701,GH¢ per EUR,13.4701,GH¢ per EUR,ok,
2026-08-03,EURGHS,Euro,Mid Rate,13.4640,GH¢ per EUR,13.464,GH¢ per EUR,ok,
2026-08-03,GBPGHS,Pound Sterling,Buying,15.7041,GH¢ per GBP,15.7041,GH¢ per GBP,ok,
2026-08-03,GBPGHS,Pound Sterling,Selling,15.7210,GH¢ per GBP,15.721,GH¢ per GBP,ok,
2026-08-03,GBPGHS,Pound Sterling,Mid Rate,15.7126,GH¢ per GBP,15.7126,GH¢ per GBP,ok,
2026-08-03,GHSGMD,Dalasi,Buying,6.2449,GMD per GH¢,0.1601306666,GH¢ per GMD,ok,
2026-08-03,GHSGMD,Dalasi,Selling,6.2789,GMD per GH¢,0.1592635653,GH¢ per GMD,ok,
2026-08-03,GHSGMD,Dalasi,Mid Rate,6.2619,GMD per GH¢,0.1596959389,GH¢ per GMD,ok,
2026-08-03,GHSMRO,Ouguiya,Buying,30.5128,MRO per GH¢,0.0327731313,GH¢ per MRO (old ouguiya; 10 MRO = 1 MRU since 2018),ok,
2026-08-03,GHSMRO,Ouguiya,Selling,30.5983,MRO per GH¢,0.0326815542,GH¢ per MRO (old ouguiya; 10 MRO = 1 MRU since 2018),ok,
2026-08-03,GHSMRO,Ouguiya,Mid Rate,30.5556,MRO per GH¢,0.0327272251,GH¢ per MRO (old ouguiya; 10 MRO = 1 MRU since 2018),ok,
2026-08-03,GHSNGN,Naira,Buying,116.5342,NGN per GH¢,0.0085811719,GH¢ per NGN,ok,
2026-08-03,GHSNGN,Naira,Selling,116.6282,NGN per GH¢,0.0085742556,GH¢ per NGN,ok,
2026-08-03,GHSNGN,Naira,Mid Rate,116.5812,NGN per GH¢,0.0085777124,GH¢ per NGN,ok,
2026-08-03,GHSSLL,Leone,Buying,"2,034.8888",SLL per GH¢,0.4914273448,"GH¢ per SLE (new leone; 1 SLE = 1,000 old leones)",ok,
2026-08-03,GHSSLL,Leone,Selling,"2,078.2899",SLL per GH¢,0.4811648269,"GH¢ per SLE (new leone; 1 SLE = 1,000 old leones)",ok,
2026-08-03,GHSSLL,Leone,Mid Rate,"2,056.5894",SLL per GH¢,0.4862419305,"GH¢ per SLE (new leone; 1 SLE = 1,000 old leones)",ok,
2026-08-03,GHSXOF,BCEAO,Buying,48.6973,XOF per GH¢,0.0205350194,GH¢ per XOF (CFA franc (BCEAO)),ok,
2026-08-03,GHSXOF,BCEAO,Selling,48.7414,XOF per GH¢,0.0205164398,GH¢ per XOF (CFA franc (BCEAO)),ok,
2026-08-03,GHSXOF,BCEAO,Mid Rate,48.7194,XOF per GH¢,0.0205257043,GH¢ per XOF (CFA franc (BCEAO)),ok,
2026-08-03,JPYGHS,Japanese yen,Buying,0.0745,GH¢ per JPY,0.0745,GH¢ per JPY,ok,
2026-08-03,JPYGHS,Japanese yen,Selling,0.0746,GH¢ per JPY,0.0746,GH¢ per JPY,ok,
2026-08-03,JPYGHS,Japanese yen,Mid Rate,0.0746,GH¢ per JPY,0.0746,GH¢ per JPY,ok,
2026-08-03,NOKGHS,Norwegian Krone,Buying,1.2253,GH¢ per NOK,1.2253,GH¢ per NOK,ok,
2026-08-03,NOKGHS,Norwegian Krone,Selling,1.2262,GH¢ per NOK,1.2262,GH¢ per NOK,ok,
2026-08-03,NOKGHS,Norwegian Krone,Mid Rate,1.2258,GH¢ per NOK,1.2258,GH¢ per NOK,ok,
2026-08-03,NZDGHS,New Zealand Dollar,Buying,6.8611,GH¢ per NZD,6.8611,GH¢ per NZD,ok,
2026-08-03,NZDGHS,New Zealand Dollar,Selling,6.8701,GH¢ per NZD,6.8701,GH¢ per NZD,ok,
2026-08-03,NZDGHS,New Zealand Dollar,Mid Rate,6.8656,GH¢ per NZD,6.8656,GH¢ per NZD,ok,
2026-08-03,SEKGHS,Swedish Krona,Buying,1.2237,GH¢ per SEK,1.2237,GH¢ per SEK,ok,
2026-08-03,SEKGHS,Swedish Krona,Selling,1.2247,GH¢ per SEK,1.2247,GH¢ per SEK,ok,
2026-08-03,SEKGHS,Swedish Krona,Mid Rate,1.2242,GH¢ per SEK,1.2242,GH¢ per SEK,ok,
2026-08-03,WAUGHS,Ecowas,Buying,0.0125,GH¢ per WAU,0.0125,"GH¢ per WAU (BoG's 'Ecowas' unit, not defined by BoG)",ok,
2026-08-03,WAUGHS,Ecowas,Selling,0.0125,GH¢ per WAU,0.0125,"GH¢ per WAU (BoG's 'Ecowas' unit, not defined by BoG)",ok,
2026-08-03,WAUGHS,Ecowas,Mid Rate,0.0125,GH¢ per WAU,0.0125,"GH¢ per WAU (BoG's 'Ecowas' unit, not defined by BoG)",ok,
2026-08-03,ZARGHS,South African Rand,Buying,0.7077,GH¢ per ZAR,0.7077,GH¢ per ZAR,ok,
2026-08-03,ZARGHS,South African Rand,Selling,0.7081,GH¢ per ZAR,0.7081,GH¢ per ZAR,ok,
2026-08-03,ZARGHS,South African Rand,Mid Rate,0.7079,GH¢ per ZAR,0.7079,GH¢ per ZAR,ok,
2026-08-04,USDGHS,US Dollar,Buying,11.7146,GH¢ per USD,11.7146,GH¢ per USD,ok,
2026-08-04,USDGHS,US Dollar,Selling,11.7264,GH¢ per USD,11.7264,GH¢ per USD,ok,
2026-08-04,USDGHS,US Dollar,Mid Rate,11.7205,GH¢ per USD,11.7205,GH¢ per USD,ok,
2026-08-04,AUDGHS,Australian Dollar,Buying,8.2449,GH¢ per AUD,8.2449,GH¢ per AUD,ok,
2026-08-04,AUDGHS,Australian Dollar,Selling,8.2537,GH¢ per AUD,8.2537,GH¢ per AUD,ok,
2026-08-04,AUDGHS,Australian Dollar,Mid Rate,8.2493,GH¢ per AUD,8.2493,GH¢ per AUD,ok,
2026-08-04,CADGHS,Canadian Dollar,Buying,8.3229,GH¢ per CAD,8.3229,GH¢ per CAD,ok,
2026-08-04,CADGHS,Canadian Dollar,Selling,8.3309,GH¢ per CAD,8.3309,GH¢ per CAD,ok,
2026-08-04,CADGHS,Canadian Dollar,Mid Rate,8.3269,GH¢ per CAD,8.3269,GH¢ per CAD,ok,
2026-08-04,CHFGHS,Swiss Franc,Buying,14.4680,GH¢ per CHF,14.468,GH¢ per CHF,ok,
2026-08-04,CHFGHS,Swiss Franc,Selling,14.4809,GH¢ per CHF,14.4809,GH¢ per CHF,ok,
2026-08-04,CHFGHS,Swiss Franc,Mid Rate,14.4745,GH¢ per CHF,14.4745,GH¢ per CHF,ok,
2026-08-04,CNYGHS,Yuan Renminbi,Buying,1.7363,GH¢ per CNY,1.7363,GH¢ per CNY,ok,
2026-08-04,CNYGHS,Yuan Renminbi,Selling,1.7376,GH¢ per CNY,1.7376,GH¢ per CNY,ok,
2026-08-04,CNYGHS,Yuan Renminbi,Mid Rate,1.7370,GH¢ per CNY,1.737,GH¢ per CNY,ok,
2026-08-04,DKKGHS,Danish Krone,Buying,1.8055,GH¢ per DKK,1.8055,GH¢ per DKK,ok,
2026-08-04,DKKGHS,Danish Krone,Selling,1.8072,GH¢ per DKK,1.8072,GH¢ per DKK,ok,
2026-08-04,DKKGHS,Danish Krone,Mid Rate,1.8064,GH¢ per DKK,1.8064,GH¢ per DKK,ok,
2026-08-04,EURGHS,Euro,Buying,13.4965,GH¢ per EUR,13.4965,GH¢ per EUR,ok,
2026-08-04,EURGHS,Euro,Selling,13.5099,GH¢ per EUR,13.5099,GH¢ per EUR,ok,
2026-08-04,EURGHS,Euro,Mid Rate,13.5032,GH¢ per EUR,13.5032,GH¢ per EUR,ok,
2026-08-04,GBPGHS,Pound Sterling,Buying,15.7585,GH¢ per GBP,15.7585,GH¢ per GBP,ok,
2026-08-04,GBPGHS,Pound Sterling,Selling,15.7755,GH¢ per GBP,15.7755,GH¢ per GBP,ok,
2026-08-04,GBPGHS,Pound Sterling,Mid Rate,15.7670,GH¢ per GBP,15.767,GH¢ per GBP,ok,
2026-08-04,GHSGMD,Dalasi,Buying,6.2644,GMD per GH¢,0.1596322074,GH¢ per GMD,ok,
2026-08-04,GHSGMD,Dalasi,Selling,6.3152,GMD per GH¢,0.1583481125,GH¢ per GMD,ok,
2026-08-04,GHSGMD,Dalasi,Mid Rate,6.2898,GMD per GH¢,0.1589875672,GH¢ per GMD,ok,
2026-08-04,GHSMRO,Ouguiya,Buying,30.4595,MRO per GH¢,0.0328304798,GH¢ per MRO (old ouguiya; 10 MRO = 1 MRU since 2018),ok,
2026-08-04,GHSMRO,Ouguiya,Selling,30.5448,MRO per GH¢,0.0327387968,GH¢ per MRO (old ouguiya; 10 MRO = 1 MRU since 2018),ok,
2026-08-04,GHSMRO,Ouguiya,Mid Rate,30.5022,MRO per GH¢,0.0327845205,GH¢ per MRO (old ouguiya; 10 MRO = 1 MRU since 2018),ok,
2026-08-04,GHSNGN,Naira,Buying,116.1998,NGN per GH¢,0.0086058668,GH¢ per NGN,ok,
2026-08-04,GHSNGN,Naira,Selling,116.4131,NGN per GH¢,0.0085900985,GH¢ per NGN,ok,
2026-08-04,GHSNGN,Naira,Mid Rate,116.3065,NGN per GH¢,0.0085979717,GH¢ per NGN,ok,
2026-08-04,GHSSLL,Leone,Buying,"2,031.3297",SLL per GH¢,0.4922883764,"GH¢ per SLE (new leone; 1 SLE = 1,000 old leones)",ok,
2026-08-04,GHSSLL,Leone,Selling,"2,074.6549",SLL per GH¢,0.4820078751,"GH¢ per SLE (new leone; 1 SLE = 1,000 old leones)",ok,
2026-08-04,GHSSLL,Leone,Mid Rate,"2,052.9923",SLL per GH¢,0.4870938873,"GH¢ per SLE (new leone; 1 SLE = 1,000 old leones)",ok,
2026-08-04,GHSXOF,BCEAO,Buying,48.5538,XOF per GH¢,0.0205957103,GH¢ per XOF (CFA franc (BCEAO)),ok,
2026-08-04,GHSXOF,BCEAO,Selling,48.6020,XOF per GH¢,0.020575285,GH¢ per XOF (CFA franc (BCEAO)),ok,
2026-08-04,GHSXOF,BCEAO,Mid Rate,48.5779,XOF per GH¢,0.0205854926,GH¢ per XOF (CFA franc (BCEAO)),ok,
2026-08-04,JPYGHS,Japanese yen,Buying,0.0744,GH¢ per JPY,0.0744,GH¢ per JPY,ok,
2026-08-04,JPYGHS,Japanese yen,Selling,0.0745,GH¢ per JPY,0.0745,GH¢ per JPY,ok,
2026-08-04,JPYGHS,Japanese yen,Mid Rate,0.0745,GH¢ per JPY,0.0745,GH¢ per JPY,ok,
2026-08-04,NOKGHS,Norwegian Krone,Buying,1.2269,GH¢ per NOK,1.2269,GH¢ per NOK,ok,
2026-08-04,NOKGHS,Norwegian Krone,Selling,1.2277,GH¢ per NOK,1.2277,GH¢ per NOK,ok,
2026-08-04,NOKGHS,Norwegian Krone,Mid Rate,1.2273,GH¢ per NOK,1.2273,GH¢ per NOK,ok,
2026-08-04,NZDGHS,New Zealand Dollar,Buying,6.8975,GH¢ per NZD,6.8975,GH¢ per NZD,ok,
2026-08-04,NZDGHS,New Zealand Dollar,Selling,6.9065,GH¢ per NZD,6.9065,GH¢ per NZD,ok,
2026-08-04,NZDGHS,New Zealand Dollar,Mid Rate,6.9020,GH¢ per NZD,6.902,GH¢ per NZD,ok,
2026-08-04,SEKGHS,Swedish Krona,Buying,1.2291,GH¢ per SEK,1.2291,GH¢ per SEK,ok,
2026-08-04,SEKGHS,Swedish Krona,Selling,1.2300,GH¢ per SEK,1.23,GH¢ per SEK,ok,
2026-08-04,SEKGHS,Swedish Krona,Mid Rate,1.2296,GH¢ per SEK,1.2296,GH¢ per SEK,ok,
2026-08-04,WAUGHS,Ecowas,Buying,0.0124,GH¢ per WAU,0.0124,"GH¢ per WAU (BoG's 'Ecowas' unit, not defined by BoG)",ok,
2026-08-04,WAUGHS,Ecowas,Selling,0.0124,GH¢ per WAU,0.0124,"GH¢ per WAU (BoG's 'Ecowas' unit, not defined by BoG)",ok,
2026-08-04,WAUGHS,Ecowas,Mid Rate,0.0124,GH¢ per WAU,0.0124,"GH¢ per WAU (BoG's 'Ecowas' unit, not defined by BoG)",ok,
2026-08-04,ZARGHS,South African Rand,Buying,0.7157,GH¢ per ZAR,0.7157,GH¢ per ZAR,ok,
2026-08-04,ZARGHS,South African Rand,Selling,0.7162,GH¢ per ZAR,0.7162,GH¢ per ZAR,ok,
2026-08-04,ZARGHS,South African Rand,Mid Rate,0.7160,GH¢ per ZAR,0.716,GH¢ per ZAR,ok,
2026-08-05,USDGHS,US Dollar,Buying,11.7341,GH¢ per USD,11.7341,GH¢ per USD,ok,
2026-08-05,USDGHS,US Dollar,Selling,11.7459,GH¢ per USD,11.7459,GH¢ per USD,ok,
2026-08-05,USDGHS,US Dollar,Mid Rate,11.7400,GH¢ per USD,11.74,GH¢ per USD,ok,
2026-08-05,AUDGHS,Australian Dollar,Buying,8.2745,GH¢ per AUD,8.2745,GH¢ per AUD,ok,
2026-08-05,AUDGHS,Australian Dollar,Selling,8.2834,GH¢ per AUD,8.2834,GH¢ per AUD,ok,
2026-08-05,AUDGHS,Australian Dollar,Mid Rate,8.2790,GH¢ per AUD,8.279,GH¢ per AUD,ok,
2026-08-05,CADGHS,Canadian Dollar,Buying,8.3664,GH¢ per CAD,8.3664,GH¢ per CAD,ok,
2026-08-05,CADGHS,Canadian Dollar,Selling,8.3745,GH¢ per CAD,8.3745,GH¢ per CAD,ok,
2026-08-05,CADGHS,Canadian Dollar,Mid Rate,8.3705,GH¢ per CAD,8.3705,GH¢ per CAD,ok,
2026-08-05,CHFGHS,Swiss Franc,Buying,14.5274,GH¢ per CHF,14.5274,GH¢ per CHF,ok,
2026-08-05,CHFGHS,Swiss Franc,Selling,14.5416,GH¢ per CHF,14.5416,GH¢ per CHF,ok,
2026-08-05,CHFGHS,Swiss Franc,Mid Rate,14.5345,GH¢ per CHF,14.5345,GH¢ per CHF,ok,
2026-08-05,CNYGHS,Yuan Renminbi,Buying,1.7389,GH¢ per CNY,1.7389,GH¢ per CNY,ok,
2026-08-05,CNYGHS,Yuan Renminbi,Selling,1.7404,GH¢ per CNY,1.7404,GH¢ per CNY,ok,
2026-08-05,CNYGHS,Yuan Renminbi,Mid Rate,1.7397,GH¢ per CNY,1.7397,GH¢ per CNY,ok,
2026-08-05,DKKGHS,Danish Krone,Buying,1.8124,GH¢ per DKK,1.8124,GH¢ per DKK,ok,
2026-08-05,DKKGHS,Danish Krone,Selling,1.8141,GH¢ per DKK,1.8141,GH¢ per DKK,ok,
2026-08-05,DKKGHS,Danish Krone,Mid Rate,1.8133,GH¢ per DKK,1.8133,GH¢ per DKK,ok,
2026-08-05,EURGHS,Euro,Buying,13.5479,GH¢ per EUR,13.5479,GH¢ per EUR,ok,
2026-08-05,EURGHS,Euro,Selling,13.5613,GH¢ per EUR,13.5613,GH¢ per EUR,ok,
2026-08-05,EURGHS,Euro,Mid Rate,13.5546,GH¢ per EUR,13.5546,GH¢ per EUR,ok,
2026-08-05,GBPGHS,Pound Sterling,Buying,15.7941,GH¢ per GBP,15.7941,GH¢ per GBP,ok,
2026-08-05,GBPGHS,Pound Sterling,Selling,15.8111,GH¢ per GBP,15.8111,GH¢ per GBP,ok,
2026-08-05,GBPGHS,Pound Sterling,Mid Rate,15.8026,GH¢ per GBP,15.8026,GH¢ per GBP,ok,
2026-08-05,GHSGMD,Dalasi,Buying,6.2680,GMD per GH¢,0.1595405233,GH¢ per GMD,ok,
2026-08-05,GHSGMD,Dalasi,Selling,6.3047,GMD per GH¢,0.1586118293,GH¢ per GMD,ok,
2026-08-05,GHSGMD,Dalasi,Mid Rate,6.2864,GMD per GH¢,0.1590735556,GH¢ per GMD,ok,
2026-08-05,GHSMRO,Ouguiya,Buying,30.4089,MRO per GH¢,0.0328851093,GH¢ per MRO (old ouguiya; 10 MRO = 1 MRU since 2018),ok,
2026-08-05,GHSMRO,Ouguiya,Selling,30.4940,MRO per GH¢,0.0327933364,GH¢ per MRO (old ouguiya; 10 MRO = 1 MRU since 2018),ok,
2026-08-05,GHSMRO,Ouguiya,Mid Rate,30.4515,MRO per GH¢,0.0328391048,GH¢ per MRO (old ouguiya; 10 MRO = 1 MRU since 2018),ok,
2026-08-05,GHSNGN,Naira,Buying,115.9710,NGN per GH¢,0.0086228454,GH¢ per NGN,ok,
2026-08-05,GHSNGN,Naira,Selling,116.0571,NGN per GH¢,0.0086164483,GH¢ per NGN,ok,
2026-08-05,GHSNGN,Naira,Mid Rate,116.0141,NGN per GH¢,0.0086196419,GH¢ per NGN,ok,
2026-08-05,GHSSLL,Leone,Buying,"2,016.6022",SLL per GH¢,0.4958836205,"GH¢ per SLE (new leone; 1 SLE = 1,000 old leones)",ok,
2026-08-05,GHSSLL,Leone,Selling,"2,076.6993",SLL per GH¢,0.481533364,"GH¢ per SLE (new leone; 1 SLE = 1,000 old leones)",ok,
2026-08-05,GHSSLL,Leone,Mid Rate,"2,046.6508",SLL per GH¢,0.4886031364,"GH¢ per SLE (new leone; 1 SLE = 1,000 old leones)",ok,
2026-08-05,GHSXOF,BCEAO,Buying,48.3698,XOF per GH¢,0.020674057,GH¢ per XOF (CFA franc (BCEAO)),ok,
2026-08-05,GHSXOF,BCEAO,Selling,48.4176,XOF per GH¢,0.0206536466,GH¢ per XOF (CFA franc (BCEAO)),ok,
2026-08-05,GHSXOF,BCEAO,Mid Rate,48.3937,XOF per GH¢,0.0206638467,GH¢ per XOF (CFA franc (BCEAO)),ok,
2026-08-05,JPYGHS,Japanese yen,Buying,0.0744,GH¢ per JPY,0.0744,GH¢ per JPY,ok,
2026-08-05,JPYGHS,Japanese yen,Selling,0.0745,GH¢ per JPY,0.0745,GH¢ per JPY,ok,
2026-08-05,JPYGHS,Japanese yen,Mid Rate,0.0745,GH¢ per JPY,0.0745,GH¢ per JPY,ok,
2026-08-05,NOKGHS,Norwegian Krone,Buying,1.2312,GH¢ per NOK,1.2312,GH¢ per NOK,ok,
2026-08-05,NOKGHS,Norwegian Krone,Selling,1.2321,GH¢ per NOK,1.2321,GH¢ per NOK,ok,
2026-08-05,NOKGHS,Norwegian Krone,Mid Rate,1.2317,GH¢ per NOK,1.2317,GH¢ per NOK,ok,
2026-08-05,NZDGHS,New Zealand Dollar,Buying,6.8973,GH¢ per NZD,6.8973,GH¢ per NZD,ok,
2026-08-05,NZDGHS,New Zealand Dollar,Selling,6.9063,GH¢ per NZD,6.9063,GH¢ per NZD,ok,
2026-08-05,NZDGHS,New Zealand Dollar,Mid Rate,6.9018,GH¢ per NZD,6.9018,GH¢ per NZD,ok,
2026-08-05,SEKGHS,Swedish Krona,Buying,1.2356,GH¢ per SEK,1.2356,GH¢ per SEK,ok,
2026-08-05,SEKGHS,Swedish Krona,Selling,1.2366,GH¢ per SEK,1.2366,GH¢ per SEK,ok,
2026-08-05,SEKGHS,Swedish Krona,Mid Rate,1.2361,GH¢ per SEK,1.2361,GH¢ per SEK,ok,
2026-08-05,WAUGHS,Ecowas,Buying,0.0124,GH¢ per WAU,0.0124,"GH¢ per WAU (BoG's 'Ecowas' unit, not defined by BoG)",ok,
2026-08-05,WAUGHS,Ecowas,Selling,0.0124,GH¢ per WAU,0.0124,"GH¢ per WAU (BoG's 'Ecowas' unit, not defined by BoG)",ok,
2026-08-05,WAUGHS,Ecowas,Mid Rate,0.0124,GH¢ per WAU,0.0124,"GH¢ per WAU (BoG's 'Ecowas' unit, not defined by BoG)",ok,
2026-08-05,ZARGHS,South African Rand,Buying,0.7191,GH¢ per ZAR,0.7191,GH¢ per ZAR,ok,
2026-08-05,ZARGHS,South African Rand,Selling,0.7196,GH¢ per ZAR,0.7196,GH¢ per ZAR,ok,
2026-08-05,ZARGHS,South African Rand,Mid Rate,0.7194,GH¢ per ZAR,0.7194,GH¢ per ZAR,ok,
2026-08-06,USDGHS,US Dollar,Buying,11.7527,GH¢ per USD,11.7527,GH¢ per USD,ok,
2026-08-06,USDGHS,US Dollar,Selling,11.7645,GH¢ per USD,11.7645,GH¢ per USD,ok,
2026-08-06,USDGHS,US Dollar,Mid Rate,11.7586,GH¢ per USD,11.7586,GH¢ per USD,ok,
2026-08-06,AUDGHS,Australian Dollar,Buying,8.2587,GH¢ per AUD,8.2587,GH¢ per AUD,ok,
2026-08-06,AUDGHS,Australian Dollar,Selling,8.2685,GH¢ per AUD,8.2685,GH¢ per AUD,ok,
2026-08-06,AUDGHS,Australian Dollar,Mid Rate,8.2636,GH¢ per AUD,8.2636,GH¢ per AUD,ok,
2026-08-06,CADGHS,Canadian Dollar,Buying,8.3791,GH¢ per CAD,8.3791,GH¢ per CAD,ok,
2026-08-06,CADGHS,Canadian Dollar,Selling,8.3865,GH¢ per CAD,8.3865,GH¢ per CAD,ok,
2026-08-06,CADGHS,Canadian Dollar,Mid Rate,8.3828,GH¢ per CAD,8.3828,GH¢ per CAD,ok,
2026-08-06,CHFGHS,Swiss Franc,Buying,14.4641,GH¢ per CHF,14.4641,GH¢ per CHF,ok,
2026-08-06,CHFGHS,Swiss Franc,Selling,14.4772,GH¢ per CHF,14.4772,GH¢ per CHF,ok,
2026-08-06,CHFGHS,Swiss Franc,Mid Rate,14.4707,GH¢ per CHF,14.4707,GH¢ per CHF,ok,
2026-08-06,CNYGHS,Yuan Renminbi,Buying,1.7411,GH¢ per CNY,1.7411,GH¢ per CNY,ok,
2026-08-06,CNYGHS,Yuan Renminbi,Selling,1.7426,GH¢ per CNY,1.7426,GH¢ per CNY,ok,
2026-08-06,CNYGHS,Yuan Renminbi,Mid Rate,1.7419,GH¢ per CNY,1.7419,GH¢ per CNY,ok,
2026-08-06,DKKGHS,Danish Krone,Buying,1.8111,GH¢ per DKK,1.8111,GH¢ per DKK,ok,
2026-08-06,DKKGHS,Danish Krone,Selling,1.8127,GH¢ per DKK,1.8127,GH¢ per DKK,ok,
2026-08-06,DKKGHS,Danish Krone,Mid Rate,1.8119,GH¢ per DKK,1.8119,GH¢ per DKK,ok,
2026-08-06,EURGHS,Euro,Buying,13.5389,GH¢ per EUR,13.5389,GH¢ per EUR,ok,
2026-08-06,EURGHS,Euro,Selling,13.5513,GH¢ per EUR,13.5513,GH¢ per EUR,ok,
2026-08-06,EURGHS,Euro,Mid Rate,13.5451,GH¢ per EUR,13.5451,GH¢ per EUR,ok,
2026-08-06,GBPGHS,Pound Sterling,Buying,15.8121,GH¢ per GBP,15.8121,GH¢ per GBP,ok,
2026-08-06,GBPGHS,Pound Sterling,Selling,15.8279,GH¢ per GBP,15.8279,GH¢ per GBP,ok,
2026-08-06,GBPGHS,Pound Sterling,Mid Rate,15.8200,GH¢ per GBP,15.82,GH¢ per GBP,ok,
2026-08-06,GHSGMD,Dalasi,Buying,6.2295,GMD per GH¢,0.160526527,GH¢ per GMD,ok,
2026-08-06,GHSGMD,Dalasi,Selling,6.2301,GMD per GH¢,0.1605110672,GH¢ per GMD,ok,
2026-08-06,GHSGMD,Dalasi,Mid Rate,6.2298,GMD per GH¢,0.1605187968,GH¢ per GMD,ok,
2026-08-06,GHSMRO,Ouguiya,Buying,30.3608,MRO per GH¢,0.0329372085,GH¢ per MRO (old ouguiya; 10 MRO = 1 MRU since 2018),ok,
2026-08-06,GHSMRO,Ouguiya,Selling,30.4458,MRO per GH¢,0.0328452529,GH¢ per MRO (old ouguiya; 10 MRO = 1 MRU since 2018),ok,
2026-08-06,GHSMRO,Ouguiya,Mid Rate,30.4033,MRO per GH¢,0.0328911664,GH¢ per MRO (old ouguiya; 10 MRO = 1 MRU since 2018),ok,
2026-08-06,GHSNGN,Naira,Buying,115.6175,NGN per GH¢,0.0086492097,GH¢ per NGN,ok,
2026-08-06,GHSNGN,Naira,Selling,116.2315,NGN per GH¢,0.0086035197,GH¢ per NGN,ok,
2026-08-06,GHSNGN,Naira,Mid Rate,115.9245,NGN per GH¢,0.0086263042,GH¢ per NGN,ok,
2026-08-06,GHSSLL,Leone,Buying,"2,007.3616",SLL per GH¢,0.4981663493,"GH¢ per SLE (new leone; 1 SLE = 1,000 old leones)",ok,
2026-08-06,GHSSLL,Leone,Selling,"2,079.1465",SLL per GH¢,0.4809665889,"GH¢ per SLE (new leone; 1 SLE = 1,000 old leones)",ok,
2026-08-06,GHSSLL,Leone,Mid Rate,"2,043.2541",SLL per GH¢,0.4894153889,"GH¢ per SLE (new leone; 1 SLE = 1,000 old leones)",ok,
2026-08-06,GHSXOF,BCEAO,Buying,48.4055,XOF per GH¢,0.0206588094,GH¢ per XOF (CFA franc (BCEAO)),ok,
2026-08-06,GHSXOF,BCEAO,Selling,48.4498,XOF per GH¢,0.0206399201,GH¢ per XOF (CFA franc (BCEAO)),ok,
2026-08-06,GHSXOF,BCEAO,Mid Rate,48.4277,XOF per GH¢,0.0206493391,GH¢ per XOF (CFA franc (BCEAO)),ok,
2026-08-06,JPYGHS,Japanese yen,Buying,0.0742,GH¢ per JPY,0.0742,GH¢ per JPY,ok,
2026-08-06,JPYGHS,Japanese yen,Selling,0.0742,GH¢ per JPY,0.0742,GH¢ per JPY,ok,
2026-08-06,JPYGHS,Japanese yen,Mid Rate,0.0742,GH¢ per JPY,0.0742,GH¢ per JPY,ok,
2026-08-06,NOKGHS,Norwegian Krone,Buying,1.2311,GH¢ per NOK,1.2311,GH¢ per NOK,ok,
2026-08-06,NOKGHS,Norwegian Krone,Selling,1.2320,GH¢ per NOK,1.232,GH¢ per NOK,ok,
2026-08-06,NOKGHS,Norwegian Krone,Mid Rate,1.2316,GH¢ per NOK,1.2316,GH¢ per NOK,ok,
2026-08-06,NZDGHS,New Zealand Dollar,Buying,6.8925,GH¢ per NZD,6.8925,GH¢ per NZD,ok,
2026-08-06,NZDGHS,New Zealand Dollar,Selling,6.9010,GH¢ per NZD,6.901,GH¢ per NZD,ok,
2026-08-06,NZDGHS,New Zealand Dollar,Mid Rate,6.8968,GH¢ per NZD,6.8968,GH¢ per NZD,ok,
2026-08-06,SEKGHS,Swedish Krona,Buying,1.2356,GH¢ per SEK,1.2356,GH¢ per SEK,ok,
2026-08-06,SEKGHS,Swedish Krona,Selling,1.2365,GH¢ per SEK,1.2365,GH¢ per SEK,ok,
2026-08-06,SEKGHS,Swedish Krona,Mid Rate,1.2361,GH¢ per SEK,1.2361,GH¢ per SEK,ok,
2026-08-06,WAUGHS,Ecowas,Buying,0.0123,GH¢ per WAU,0.0123,"GH¢ per WAU (BoG's 'Ecowas' unit, not defined by BoG)",ok,
2026-08-06,WAUGHS,Ecowas,Selling,0.0123,GH¢ per WAU,0.0123,"GH¢ per WAU (BoG's 'Ecowas' unit, not defined by BoG)",ok,
2026-08-06,WAUGHS,Ecowas,Mid Rate,0.0123,GH¢ per WAU,0.0123,"GH¢ per WAU (BoG's 'Ecowas' unit, not defined by BoG)",ok,
2026-08-06,ZARGHS,South African Rand,Buying,0.7183,GH¢ per ZAR,0.7183,GH¢ per ZAR,ok,
2026-08-06,ZARGHS,South African Rand,Selling,0.7187,GH¢ per ZAR,0.7187,GH¢ per ZAR,ok,
2026-08-06,ZARGHS,South African Rand,Mid Rate,0.7185,GH¢ per ZAR,0.7185,GH¢ per ZAR,ok,
2026-08-07,USDGHS,US Dollar,Buying,11.7556,GH¢ per USD,11.7556,GH¢ per USD,ok,
2026-08-07,USDGHS,US Dollar,Selling,11.7674,GH¢ per USD,11.7674,GH¢ per USD,ok,
2026-08-07,USDGHS,US Dollar,Mid Rate,11.7615,GH¢ per USD,11.7615,GH¢ per USD,ok,
2026-08-07,AUDGHS,Australian Dollar,Buying,8.3074,GH¢ per AUD,8.3074,GH¢ per AUD,ok,
2026-08-07,AUDGHS,Australian Dollar,Selling,8.3179,GH¢ per AUD,8.3179,GH¢ per AUD,ok,
2026-08-07,AUDGHS,Australian Dollar,Mid Rate,8.3127,GH¢ per AUD,8.3127,GH¢ per AUD,ok,
2026-08-07,CADGHS,Canadian Dollar,Buying,8.4382,GH¢ per CAD,8.4382,GH¢ per CAD,ok,
2026-08-07,CADGHS,Canadian Dollar,Selling,8.4464,GH¢ per CAD,8.4464,GH¢ per CAD,ok,
2026-08-07,CADGHS,Canadian Dollar,Mid Rate,8.4423,GH¢ per CAD,8.4423,GH¢ per CAD,ok,
2026-08-07,CHFGHS,Swiss Franc,Buying,14.5613,GH¢ per CHF,14.5613,GH¢ per CHF,ok,
2026-08-07,CHFGHS,Swiss Franc,Selling,14.5756,GH¢ per CHF,14.5756,GH¢ per CHF,ok,
2026-08-07,CHFGHS,Swiss Franc,Mid Rate,14.5685,GH¢ per CHF,14.5685,GH¢ per CHF,ok,
2026-08-07,CNYGHS,Yuan Renminbi,Buying,1.7428,GH¢ per CNY,1.7428,GH¢ per CNY,ok,
2026-08-07,CNYGHS,Yuan Renminbi,Selling,1.7445,GH¢ per CNY,1.7445,GH¢ per CNY,ok,
2026-08-07,CNYGHS,Yuan Renminbi,Mid Rate,1.7437,GH¢ per CNY,1.7437,GH¢ per CNY,ok,
2026-08-07,DKKGHS,Danish Krone,Buying,1.8185,GH¢ per DKK,1.8185,GH¢ per DKK,ok,
2026-08-07,DKKGHS,Danish Krone,Selling,1.8202,GH¢ per DKK,1.8202,GH¢ per DKK,ok,
2026-08-07,DKKGHS,Danish Krone,Mid Rate,1.8194,GH¢ per DKK,1.8194,GH¢ per DKK,ok,
2026-08-07,EURGHS,Euro,Buying,13.5945,GH¢ per EUR,13.5945,GH¢ per EUR,ok,
2026-08-07,EURGHS,Euro,Selling,13.6080,GH¢ per EUR,13.608,GH¢ per EUR,ok,
2026-08-07,EURGHS,Euro,Mid Rate,13.6013,GH¢ per EUR,13.6013,GH¢ per EUR,ok,
2026-08-07,GBPGHS,Pound Sterling,Buying,15.8689,GH¢ per GBP,15.8689,GH¢ per GBP,ok,
2026-08-07,GBPGHS,Pound Sterling,Selling,15.8860,GH¢ per GBP,15.886,GH¢ per GBP,ok,
2026-08-07,GBPGHS,Pound Sterling,Mid Rate,15.8775,GH¢ per GBP,15.8775,GH¢ per GBP,ok,
2026-08-07,GHSGMD,Dalasi,Buying,6.2565,GMD per GH¢,0.1598337729,GH¢ per GMD,ok,
2026-08-07,GHSGMD,Dalasi,Selling,6.2932,GMD per GH¢,0.1589016716,GH¢ per GMD,ok,
2026-08-07,GHSGMD,Dalasi,Mid Rate,6.2749,GMD per GH¢,0.1593650895,GH¢ per GMD,ok,
2026-08-07,GHSMRO,Ouguiya,Buying,30.3533,MRO per GH¢,0.032945347,GH¢ per MRO (old ouguiya; 10 MRO = 1 MRU since 2018),ok,
2026-08-07,GHSMRO,Ouguiya,Selling,30.4383,MRO per GH¢,0.0328533459,GH¢ per MRO (old ouguiya; 10 MRO = 1 MRU since 2018),ok,
2026-08-07,GHSMRO,Ouguiya,Mid Rate,30.3958,MRO per GH¢,0.0328992821,GH¢ per MRO (old ouguiya; 10 MRO = 1 MRU since 2018),ok,
2026-08-07,GHSNGN,Naira,Buying,115.9622,NGN per GH¢,0.0086234997,GH¢ per NGN,ok,
2026-08-07,GHSNGN,Naira,Selling,116.0507,NGN per GH¢,0.0086169235,GH¢ per NGN,ok,
2026-08-07,GHSNGN,Naira,Mid Rate,116.0065,NGN per GH¢,0.0086202066,GH¢ per NGN,ok,
2026-08-07,GHSSLL,Leone,Buying,"2,006.8666",SLL per GH¢,0.4982892236,"GH¢ per SLE (new leone; 1 SLE = 1,000 old leones)",ok,
2026-08-07,GHSSLL,Leone,Selling,"2,078.6338",SLL per GH¢,0.4810852205,"GH¢ per SLE (new leone; 1 SLE = 1,000 old leones)",ok,
2026-08-07,GHSSLL,Leone,Mid Rate,"2,042.7502",SLL per GH¢,0.4895361166,"GH¢ per SLE (new leone; 1 SLE = 1,000 old leones)",ok,
2026-08-07,GHSXOF,BCEAO,Buying,48.2038,XOF per GH¢,0.0207452524,GH¢ per XOF (CFA franc (BCEAO)),ok,
2026-08-07,GHSXOF,BCEAO,Selling,48.2516,XOF per GH¢,0.0207247014,GH¢ per XOF (CFA franc (BCEAO)),ok,
2026-08-07,GHSXOF,BCEAO,Mid Rate,48.2277,XOF per GH¢,0.0207349718,GH¢ per XOF (CFA franc (BCEAO)),ok,
2026-08-07,JPYGHS,Japanese yen,Buying,0.0747,GH¢ per JPY,0.0747,GH¢ per JPY,ok,
2026-08-07,JPYGHS,Japanese yen,Selling,0.0747,GH¢ per JPY,0.0747,GH¢ per JPY,ok,
2026-08-07,JPYGHS,Japanese yen,Mid Rate,0.0747,GH¢ per JPY,0.0747,GH¢ per JPY,ok,
2026-08-07,NOKGHS,Norwegian Krone,Buying,1.2394,GH¢ per NOK,1.2394,GH¢ per NOK,ok,
2026-08-07,NOKGHS,Norwegian Krone,Selling,1.2402,GH¢ per NOK,1.2402,GH¢ per NOK,ok,
2026-08-07,NOKGHS,Norwegian Krone,Mid Rate,1.2398,GH¢ per NOK,1.2398,GH¢ per NOK,ok,
2026-08-07,NZDGHS,New Zealand Dollar,Buying,6.9268,GH¢ per NZD,6.9268,GH¢ per NZD,ok,
2026-08-07,NZDGHS,New Zealand Dollar,Selling,6.9358,GH¢ per NZD,6.9358,GH¢ per NZD,ok,
2026-08-07,NZDGHS,New Zealand Dollar,Mid Rate,6.9313,GH¢ per NZD,6.9313,GH¢ per NZD,ok,
2026-08-07,SEKGHS,Swedish Krona,Buying,1.2415,GH¢ per SEK,1.2415,GH¢ per SEK,ok,
2026-08-07,SEKGHS,Swedish Krona,Selling,1.2426,GH¢ per SEK,1.2426,GH¢ per SEK,ok,
2026-08-07,SEKGHS,Swedish Krona,Mid Rate,1.2421,GH¢ per SEK,1.2421,GH¢ per SEK,ok,
2026-08-07,WAUGHS,Ecowas,Buying,0.0123,GH¢ per WAU,0.0123,"GH¢ per WAU (BoG's 'Ecowas' unit, not defined by BoG)",ok,
2026-08-07,WAUGHS,Ecowas,Selling,0.0123,GH¢ per WAU,0.0123,"GH¢ per WAU (BoG's 'Ecowas' unit, not defined by BoG)",ok,
2026-08-07,WAUGHS,Ecowas,Mid Rate,0.0123,GH¢ per WAU,0.0123,"GH¢ per WAU (BoG's 'Ecowas' unit, not defined by BoG)",ok,
2026-08-07,ZARGHS,South African Rand,Buying,0.7275,GH¢ per ZAR,0.7275,GH¢ per ZAR,ok,
2026-08-07,ZARGHS,South African Rand,Selling,0.7280,GH¢ per ZAR,0.728,GH¢ per ZAR,ok,
2026-08-07,ZARGHS,South African Rand,Mid Rate,0.7278,GH¢ per ZAR,0.7278,GH¢ per ZAR,ok,
2026-08-10,USDGHS,US Dollar,Buying,11.7641,GH¢ per USD,11.7641,GH¢ per USD,ok,
2026-08-10,USDGHS,US Dollar,Selling,11.7759,GH¢ per USD,11.7759,GH¢ per USD,ok,
2026-08-10,USDGHS,US Dollar,Mid Rate,11.7700,GH¢ per USD,11.77,GH¢ per USD,ok,
2026-08-10,AUDGHS,Australian Dollar,Buying,8.3110,GH¢ per AUD,8.311,GH¢ per AUD,ok,
2026-08-10,AUDGHS,Australian Dollar,Selling,8.3200,GH¢ per AUD,8.32,GH¢ per AUD,ok,
2026-08-10,AUDGHS,Australian Dollar,Mid Rate,8.3155,GH¢ per AUD,8.3155,GH¢ per AUD,ok,
2026-08-10,CADGHS,Canadian Dollar,Buying,8.4460,GH¢ per CAD,8.446,GH¢ per CAD,ok,
2026-08-10,CADGHS,Canadian Dollar,Selling,8.4546,GH¢ per CAD,8.4546,GH¢ per CAD,ok,
2026-08-10,CADGHS,Canadian Dollar,Mid Rate,8.4503,GH¢ per CAD,8.4503,GH¢ per CAD,ok,
2026-08-10,CHFGHS,Swiss Franc,Buying,14.5395,GH¢ per CHF,14.5395,GH¢ per CHF,ok,
2026-08-10,CHFGHS,Swiss Franc,Selling,14.5538,GH¢ per CHF,14.5538,GH¢ per CHF,ok,
2026-08-10,CHFGHS,Swiss Franc,Mid Rate,14.5467,GH¢ per CHF,14.5467,GH¢ per CHF,ok,
2026-08-10,CNYGHS,Yuan Renminbi,Buying,1.7445,GH¢ per CNY,1.7445,GH¢ per CNY,ok,
2026-08-10,CNYGHS,Yuan Renminbi,Selling,1.7458,GH¢ per CNY,1.7458,GH¢ per CNY,ok,
2026-08-10,CNYGHS,Yuan Renminbi,Mid Rate,1.7452,GH¢ per CNY,1.7452,GH¢ per CNY,ok,
2026-08-10,DKKGHS,Danish Krone,Buying,1.8177,GH¢ per DKK,1.8177,GH¢ per DKK,ok,
2026-08-10,DKKGHS,Danish Krone,Selling,1.8195,GH¢ per DKK,1.8195,GH¢ per DKK,ok,
2026-08-10,DKKGHS,Danish Krone,Mid Rate,1.8186,GH¢ per DKK,1.8186,GH¢ per DKK,ok,
2026-08-10,EURGHS,Euro,Buying,13.5893,GH¢ per EUR,13.5893,GH¢ per EUR,ok,
2026-08-10,EURGHS,Euro,Selling,13.6016,GH¢ per EUR,13.6016,GH¢ per EUR,ok,
2026-08-10,EURGHS,Euro,Mid Rate,13.5955,GH¢ per EUR,13.5955,GH¢ per EUR,ok,
2026-08-10,GBPGHS,Pound Sterling,Buying,15.9063,GH¢ per GBP,15.9063,GH¢ per GBP,ok,
2026-08-10,GBPGHS,Pound Sterling,Selling,15.9234,GH¢ per GBP,15.9234,GH¢ per GBP,ok,
2026-08-10,GBPGHS,Pound Sterling,Mid Rate,15.9149,GH¢ per GBP,15.9149,GH¢ per GBP,ok,
2026-08-10,GHSGMD,Dalasi,Buying,6.2698,GMD per GH¢,0.1594947207,GH¢ per GMD,ok,
2026-08-10,GHSGMD,Dalasi,Selling,6.2917,GMD per GH¢,0.1589395553,GH¢ per GMD,ok,
2026-08-10,GHSGMD,Dalasi,Mid Rate,6.2808,GMD per GH¢,0.1592153866,GH¢ per GMD,ok,
2026-08-10,GHSMRO,Ouguiya,Buying,30.3314,MRO per GH¢,0.0329691343,GH¢ per MRO (old ouguiya; 10 MRO = 1 MRU since 2018),ok,
2026-08-10,GHSMRO,Ouguiya,Selling,30.4163,MRO per GH¢,0.0328771087,GH¢ per MRO (old ouguiya; 10 MRO = 1 MRU since 2018),ok,
2026-08-10,GHSMRO,Ouguiya,Mid Rate,30.3739,MRO per GH¢,0.032923003,GH¢ per MRO (old ouguiya; 10 MRO = 1 MRU since 2018),ok,
2026-08-10,GHSNGN,Naira,Buying,115.6754,NGN per GH¢,0.0086448804,GH¢ per NGN,ok,
2026-08-10,GHSNGN,Naira,Selling,115.7604,NGN per GH¢,0.0086385327,GH¢ per NGN,ok,
2026-08-10,GHSNGN,Naira,Mid Rate,115.7179,NGN per GH¢,0.0086417054,GH¢ per NGN,ok,
2026-08-10,GHSSLL,Leone,Buying,"2,001.0886",SLL per GH¢,0.4997279981,"GH¢ per SLE (new leone; 1 SLE = 1,000 old leones)",ok,
2026-08-10,GHSSLL,Leone,Selling,"2,080.9440",SLL per GH¢,0.4805511345,"GH¢ per SLE (new leone; 1 SLE = 1,000 old leones)",ok,
2026-08-10,GHSSLL,Leone,Mid Rate,"2,041.0163",SLL per GH¢,0.4899519911,"GH¢ per SLE (new leone; 1 SLE = 1,000 old leones)",ok,
2026-08-10,GHSXOF,BCEAO,Buying,48.2265,XOF per GH¢,0.0207354878,GH¢ per XOF (CFA franc (BCEAO)),ok,
2026-08-10,GHSXOF,BCEAO,Selling,48.2701,XOF per GH¢,0.0207167584,GH¢ per XOF (CFA franc (BCEAO)),ok,
2026-08-10,GHSXOF,BCEAO,Mid Rate,48.2483,XOF per GH¢,0.0207261188,GH¢ per XOF (CFA franc (BCEAO)),ok,
2026-08-10,JPYGHS,Japanese yen,Buying,0.0740,GH¢ per JPY,0.074,GH¢ per JPY,ok,
2026-08-10,JPYGHS,Japanese yen,Selling,0.0741,GH¢ per JPY,0.0741,GH¢ per JPY,ok,
2026-08-10,JPYGHS,Japanese yen,Mid Rate,0.0741,GH¢ per JPY,0.0741,GH¢ per JPY,ok,
2026-08-10,NOKGHS,Norwegian Krone,Buying,1.2404,GH¢ per NOK,1.2404,GH¢ per NOK,ok,
2026-08-10,NOKGHS,Norwegian Krone,Selling,1.2413,GH¢ per NOK,1.2413,GH¢ per NOK,ok,
2026-08-10,NOKGHS,Norwegian Krone,Mid Rate,1.2409,GH¢ per NOK,1.2409,GH¢ per NOK,ok,
2026-08-10,NZDGHS,New Zealand Dollar,Buying,6.9272,GH¢ per NZD,6.9272,GH¢ per NZD,ok,
2026-08-10,NZDGHS,New Zealand Dollar,Selling,6.9362,GH¢ per NZD,6.9362,GH¢ per NZD,ok,
2026-08-10,NZDGHS,New Zealand Dollar,Mid Rate,6.9317,GH¢ per NZD,6.9317,GH¢ per NZD,ok,
2026-08-10,SEKGHS,Swedish Krona,Buying,1.2395,GH¢ per SEK,1.2395,GH¢ per SEK,ok,
2026-08-10,SEKGHS,Swedish Krona,Selling,1.2405,GH¢ per SEK,1.2405,GH¢ per SEK,ok,
2026-08-10,SEKGHS,Swedish Krona,Mid Rate,1.2400,GH¢ per SEK,1.24,GH¢ per SEK,ok,
2026-08-10,WAUGHS,Ecowas,Buying,0.0123,GH¢ per WAU,0.0123,"GH¢ per WAU (BoG's 'Ecowas' unit, not defined by BoG)",ok,
2026-08-10,WAUGHS,Ecowas,Selling,0.0123,GH¢ per WAU,0.0123,"GH¢ per WAU (BoG's 'Ecowas' unit, not defined by BoG)",ok,
2026-08-10,WAUGHS,Ecowas,Mid Rate,0.0123,GH¢ per WAU,0.0123,"GH¢ per WAU (BoG's 'Ecowas' unit, not defined by BoG)",ok,
2026-08-10,ZARGHS,South African Rand,Buying,0.7275,GH¢ per ZAR,0.7275,GH¢ per ZAR,ok,
2026-08-10,ZARGHS,South African Rand,Selling,0.7279,GH¢ per ZAR,0.7279,GH¢ per ZAR,ok,
2026-08-10,ZARGHS,South African Rand,Mid Rate,0.7277,GH¢ per ZAR,0.7277,GH¢ per ZAR,ok,
2026-08-11,USDGHS,US Dollar,Buying,11.7341,GH¢ per USD,11.7341,GH¢ per USD,ok,
2026-08-11,USDGHS,US Dollar,Selling,11.7459,GH¢ per USD,11.7459,GH¢ per USD,ok,
2026-08-11,USDGHS,US Dollar,Mid Rate,11.7400,GH¢ per USD,11.74,GH¢ per USD,ok,
2026-08-11,AUDGHS,Australian Dollar,Buying,8.2854,GH¢ per AUD,8.2854,GH¢ per AUD,ok,
2026-08-11,AUDGHS,Australian Dollar,Selling,8.2959,GH¢ per AUD,8.2959,GH¢ per AUD,ok,
2026-08-11,AUDGHS,Australian Dollar,Mid Rate,8.2907,GH¢ per AUD,8.2907,GH¢ per AUD,ok,
2026-08-11,CADGHS,Canadian Dollar,Buying,8.4294,GH¢ per CAD,8.4294,GH¢ per CAD,ok,
2026-08-11,CADGHS,Canadian Dollar,Selling,8.4380,GH¢ per CAD,8.438,GH¢ per CAD,ok,
2026-08-11,CADGHS,Canadian Dollar,Mid Rate,8.4337,GH¢ per CAD,8.4337,GH¢ per CAD,ok,
2026-08-11,CHFGHS,Swiss Franc,Buying,14.4666,GH¢ per CHF,14.4666,GH¢ per CHF,ok,
2026-08-11,CHFGHS,Swiss Franc,Selling,14.4808,GH¢ per CHF,14.4808,GH¢ per CHF,ok,
2026-08-11,CHFGHS,Swiss Franc,Mid Rate,14.4737,GH¢ per CHF,14.4737,GH¢ per CHF,ok,
2026-08-11,CNYGHS,Yuan Renminbi,Buying,1.7398,GH¢ per CNY,1.7398,GH¢ per CNY,ok,
2026-08-11,CNYGHS,Yuan Renminbi,Selling,1.7415,GH¢ per CNY,1.7415,GH¢ per CNY,ok,
2026-08-11,CNYGHS,Yuan Renminbi,Mid Rate,1.7407,GH¢ per CNY,1.7407,GH¢ per CNY,ok,
2026-08-11,DKKGHS,Danish Krone,Buying,1.8113,GH¢ per DKK,1.8113,GH¢ per DKK,ok,
2026-08-11,DKKGHS,Danish Krone,Selling,1.8130,GH¢ per DKK,1.813,GH¢ per DKK,ok,
2026-08-11,DKKGHS,Danish Krone,Mid Rate,1.8122,GH¢ per DKK,1.8122,GH¢ per DKK,ok,
2026-08-11,EURGHS,Euro,Buying,13.5419,GH¢ per EUR,13.5419,GH¢ per EUR,ok,
2026-08-11,EURGHS,Euro,Selling,13.5542,GH¢ per EUR,13.5542,GH¢ per EUR,ok,
2026-08-11,EURGHS,Euro,Mid Rate,13.5481,GH¢ per EUR,13.5481,GH¢ per EUR,ok,
2026-08-11,GBPGHS,Pound Sterling,Buying,15.8481,GH¢ per GBP,15.8481,GH¢ per GBP,ok,
2026-08-11,GBPGHS,Pound Sterling,Selling,15.8651,GH¢ per GBP,15.8651,GH¢ per GBP,ok,
2026-08-11,GBPGHS,Pound Sterling,Mid Rate,15.8566,GH¢ per GBP,15.8566,GH¢ per GBP,ok,
2026-08-11,GHSGMD,Dalasi,Buying,6.2858,GMD per GH¢,0.1590887397,GH¢ per GMD,ok,
2026-08-11,GHSGMD,Dalasi,Selling,6.3077,GMD per GH¢,0.158536392,GH¢ per GMD,ok,
2026-08-11,GHSGMD,Dalasi,Mid Rate,6.2968,GMD per GH¢,0.1588108245,GH¢ per GMD,ok,
2026-08-11,GHSMRO,Ouguiya,Buying,30.4089,MRO per GH¢,0.0328851093,GH¢ per MRO (old ouguiya; 10 MRO = 1 MRU since 2018),ok,
2026-08-11,GHSMRO,Ouguiya,Selling,30.4940,MRO per GH¢,0.0327933364,GH¢ per MRO (old ouguiya; 10 MRO = 1 MRU since 2018),ok,
2026-08-11,GHSMRO,Ouguiya,Mid Rate,30.4515,MRO per GH¢,0.0328391048,GH¢ per MRO (old ouguiya; 10 MRO = 1 MRU since 2018),ok,
2026-08-11,GHSNGN,Naira,Buying,116.0494,NGN per GH¢,0.00861702,GH¢ per NGN,ok,
2026-08-11,GHSNGN,Naira,Selling,116.1346,NGN per GH¢,0.0086106983,GH¢ per NGN,ok,
2026-08-11,GHSNGN,Naira,Mid Rate,116.0920,NGN per GH¢,0.008613858,GH¢ per NGN,ok,
2026-08-11,GHSSLL,Leone,Buying,"2,016.5596",SLL per GH¢,0.4958940961,"GH¢ per SLE (new leone; 1 SLE = 1,000 old leones)",ok,
2026-08-11,GHSSLL,Leone,Selling,"2,076.9045",SLL per GH¢,0.4814857881,"GH¢ per SLE (new leone; 1 SLE = 1,000 old leones)",ok,
2026-08-11,GHSSLL,Leone,Mid Rate,"2,046.7321",SLL per GH¢,0.4885837282,"GH¢ per SLE (new leone; 1 SLE = 1,000 old leones)",ok,
2026-08-11,GHSXOF,BCEAO,Buying,48.3951,XOF per GH¢,0.020663249,GH¢ per XOF (CFA franc (BCEAO)),ok,
2026-08-11,GHSXOF,BCEAO,Selling,48.4391,XOF per GH¢,0.0206444794,GH¢ per XOF (CFA franc (BCEAO)),ok,
2026-08-11,GHSXOF,BCEAO,Mid Rate,48.4171,XOF per GH¢,0.0206538599,GH¢ per XOF (CFA franc (BCEAO)),ok,
2026-08-11,JPYGHS,Japanese yen,Buying,0.0737,GH¢ per JPY,0.0737,GH¢ per JPY,ok,
2026-08-11,JPYGHS,Japanese yen,Selling,0.0738,GH¢ per JPY,0.0738,GH¢ per JPY,ok,
2026-08-11,JPYGHS,Japanese yen,Mid Rate,0.0738,GH¢ per JPY,0.0738,GH¢ per JPY,ok,
2026-08-11,NOKGHS,Norwegian Krone,Buying,1.2354,GH¢ per NOK,1.2354,GH¢ per NOK,ok,
2026-08-11,NOKGHS,Norwegian Krone,Selling,1.2364,GH¢ per NOK,1.2364,GH¢ per NOK,ok,
2026-08-11,NOKGHS,Norwegian Krone,Mid Rate,1.2359,GH¢ per NOK,1.2359,GH¢ per NOK,ok,
2026-08-11,NZDGHS,New Zealand Dollar,Buying,6.9003,GH¢ per NZD,6.9003,GH¢ per NZD,ok,
2026-08-11,NZDGHS,New Zealand Dollar,Selling,6.9077,GH¢ per NZD,6.9077,GH¢ per NZD,ok,
2026-08-11,NZDGHS,New Zealand Dollar,Mid Rate,6.9040,GH¢ per NZD,6.904,GH¢ per NZD,ok,
2026-08-11,SEKGHS,Swedish Krona,Buying,1.2330,GH¢ per SEK,1.233,GH¢ per SEK,ok,
2026-08-11,SEKGHS,Swedish Krona,Selling,1.2340,GH¢ per SEK,1.234,GH¢ per SEK,ok,
2026-08-11,SEKGHS,Swedish Krona,Mid Rate,1.2335,GH¢ per SEK,1.2335,GH¢ per SEK,ok,
2026-08-11,WAUGHS,Ecowas,Buying,0.0124,GH¢ per WAU,0.0124,"GH¢ per WAU (BoG's 'Ecowas' unit, not defined by BoG)",ok,
2026-08-11,WAUGHS,Ecowas,Selling,0.0124,GH¢ per WAU,0.0124,"GH¢ per WAU (BoG's 'Ecowas' unit, not defined by BoG)",ok,
2026-08-11,WAUGHS,Ecowas,Mid Rate,0.0124,GH¢ per WAU,0.0124,"GH¢ per WAU (BoG's 'Ecowas' unit, not defined by BoG)",ok,
2026-08-11,ZARGHS,South African Rand,Buying,0.7239,GH¢ per ZAR,0.7239,GH¢ per ZAR,ok,
2026-08-11,ZARGHS,South African Rand,Selling,0.7244,GH¢ per ZAR,0.7244,GH¢ per ZAR,ok,
2026-08-11,ZARGHS,South African Rand,Mid Rate,0.7242,GH¢ per ZAR,0.7242,GH¢ per ZAR,ok,
2026-08-12,USDGHS,US Dollar,Buying,11.3443,GH¢ per USD,11.3443,GH¢ per USD,ok,
2026-08-12,USDGHS,US Dollar,Selling,11.3557,GH¢ per USD,11.3557,GH¢ per USD,ok,
2026-08-12,USDGHS,US Dollar,Mid Rate,11.3500,GH¢ per USD,11.35,GH¢ per USD,ok,
2026-08-12,AUDGHS,Australian Dollar,Buying,8.0166,GH¢ per AUD,8.0166,GH¢ per AUD,ok,
2026-08-12,AUDGHS,Australian Dollar,Selling,8.0252,GH¢ per AUD,8.0252,GH¢ per AUD,ok,
2026-08-12,AUDGHS,Australian Dollar,Mid Rate,8.0209,GH¢ per AUD,8.0209,GH¢ per AUD,ok,
2026-08-12,CADGHS,Canadian Dollar,Buying,8.1464,GH¢ per CAD,8.1464,GH¢ per CAD,ok,
2026-08-12,CADGHS,Canadian Dollar,Selling,8.1543,GH¢ per CAD,8.1543,GH¢ per CAD,ok,
2026-08-12,CADGHS,Canadian Dollar,Mid Rate,8.1504,GH¢ per CAD,8.1504,GH¢ per CAD,ok,
2026-08-12,CHFGHS,Swiss Franc,Buying,13.9673,GH¢ per CHF,13.9673,GH¢ per CHF,ok,
2026-08-12,CHFGHS,Swiss Franc,Selling,13.9811,GH¢ per CHF,13.9811,GH¢ per CHF,ok,
2026-08-12,CHFGHS,Swiss Franc,Mid Rate,13.9742,GH¢ per CHF,13.9742,GH¢ per CHF,ok,
2026-08-12,CNYGHS,Yuan Renminbi,Buying,1.6822,GH¢ per CNY,1.6822,GH¢ per CNY,ok,
2026-08-12,CNYGHS,Yuan Renminbi,Selling,1.6836,GH¢ per CNY,1.6836,GH¢ per CNY,ok,
2026-08-12,CNYGHS,Yuan Renminbi,Mid Rate,1.6829,GH¢ per CNY,1.6829,GH¢ per CNY,ok,
2026-08-12,DKKGHS,Danish Krone,Buying,1.7504,GH¢ per DKK,1.7504,GH¢ per DKK,ok,
2026-08-12,DKKGHS,Danish Krone,Selling,1.7521,GH¢ per DKK,1.7521,GH¢ per DKK,ok,
2026-08-12,DKKGHS,Danish Krone,Mid Rate,1.7513,GH¢ per DKK,1.7513,GH¢ per DKK,ok,
2026-08-12,EURGHS,Euro,Buying,13.0857,GH¢ per EUR,13.0857,GH¢ per EUR,ok,
2026-08-12,EURGHS,Euro,Selling,13.0986,GH¢ per EUR,13.0986,GH¢ per EUR,ok,
2026-08-12,EURGHS,Euro,Mid Rate,13.0922,GH¢ per EUR,13.0922,GH¢ per EUR,ok,
2026-08-12,GBPGHS,Pound Sterling,Buying,15.3194,GH¢ per GBP,15.3194,GH¢ per GBP,ok,
2026-08-12,GBPGHS,Pound Sterling,Selling,15.3358,GH¢ per GBP,15.3358,GH¢ per GBP,ok,
2026-08-12,GBPGHS,Pound Sterling,Mid Rate,15.3276,GH¢ per GBP,15.3276,GH¢ per GBP,ok,
2026-08-12,GHSGMD,Dalasi,Buying,6.4414,GMD per GH¢,0.155245754,GH¢ per GMD,ok,
2026-08-12,GHSGMD,Dalasi,Selling,6.4544,GMD per GH¢,0.1549330689,GH¢ per GMD,ok,
2026-08-12,GHSGMD,Dalasi,Mid Rate,6.4479,GMD per GH¢,0.1550892539,GH¢ per GMD,ok,
2026-08-12,GHSMRO,Ouguiya,Buying,31.4537,MRO per GH¢,0.0317927621,GH¢ per MRO (old ouguiya; 10 MRO = 1 MRU since 2018),ok,
2026-08-12,GHSMRO,Ouguiya,Selling,31.5419,MRO per GH¢,0.0317038606,GH¢ per MRO (old ouguiya; 10 MRO = 1 MRU since 2018),ok,
2026-08-12,GHSMRO,Ouguiya,Mid Rate,31.4978,MRO per GH¢,0.0317482491,GH¢ per MRO (old ouguiya; 10 MRO = 1 MRU since 2018),ok,
2026-08-12,GHSNGN,Naira,Buying,119.9304,NGN per GH¢,0.0083381695,GH¢ per NGN,ok,
2026-08-12,GHSNGN,Naira,Selling,120.0626,NGN per GH¢,0.0083289884,GH¢ per NGN,ok,
2026-08-12,GHSNGN,Naira,Mid Rate,119.9965,NGN per GH¢,0.0083335764,GH¢ per NGN,ok,
2026-08-12,GHSSLL,Leone,Buying,"2,088.8908",SLL per GH¢,0.4787229663,"GH¢ per SLE (new leone; 1 SLE = 1,000 old leones)",ok,
2026-08-12,GHSSLL,Leone,Selling,"2,146.4186",SLL per GH¢,0.4658923474,"GH¢ per SLE (new leone; 1 SLE = 1,000 old leones)",ok,
2026-08-12,GHSSLL,Leone,Mid Rate,"2,117.6547",SLL per GH¢,0.4722205183,"GH¢ per SLE (new leone; 1 SLE = 1,000 old leones)",ok,
2026-08-12,GHSXOF,BCEAO,Buying,50.0784,XOF per GH¢,0.0199686891,GH¢ per XOF (CFA franc (BCEAO)),ok,
2026-08-12,GHSXOF,BCEAO,Selling,50.1278,XOF per GH¢,0.0199490103,GH¢ per XOF (CFA franc (BCEAO)),ok,
2026-08-12,GHSXOF,BCEAO,Mid Rate,50.1031,XOF per GH¢,0.0199588449,GH¢ per XOF (CFA franc (BCEAO)),ok,
2026-08-12,JPYGHS,Japanese yen,Buying,0.0712,GH¢ per JPY,0.0712,GH¢ per JPY,ok,
2026-08-12,JPYGHS,Japanese yen,Selling,0.0713,GH¢ per JPY,0.0713,GH¢ per JPY,ok,
2026-08-12,JPYGHS,Japanese yen,Mid Rate,0.0713,GH¢ per JPY,0.0713,GH¢ per JPY,ok,
2026-08-12,NOKGHS,Norwegian Krone,Buying,1.1965,GH¢ per NOK,1.1965,GH¢ per NOK,ok,
2026-08-12,NOKGHS,Norwegian Krone,Selling,1.1973,GH¢ per NOK,1.1973,GH¢ per NOK,ok,
2026-08-12,NOKGHS,Norwegian Krone,Mid Rate,1.1969,GH¢ per NOK,1.1969,GH¢ per NOK,ok,
2026-08-12,NZDGHS,New Zealand Dollar,Buying,6.6486,GH¢ per NZD,6.6486,GH¢ per NZD,ok,
2026-08-12,NZDGHS,New Zealand Dollar,Selling,6.6573,GH¢ per NZD,6.6573,GH¢ per NZD,ok,
2026-08-12,NZDGHS,New Zealand Dollar,Mid Rate,6.6530,GH¢ per NZD,6.653,GH¢ per NZD,ok,
2026-08-12,SEKGHS,Swedish Krona,Buying,1.1863,GH¢ per SEK,1.1863,GH¢ per SEK,ok,
2026-08-12,SEKGHS,Swedish Krona,Selling,1.1873,GH¢ per SEK,1.1873,GH¢ per SEK,ok,
2026-08-12,SEKGHS,Swedish Krona,Mid Rate,1.1868,GH¢ per SEK,1.1868,GH¢ per SEK,ok,
2026-08-12,WAUGHS,Ecowas,Buying,0.0132,GH¢ per WAU,0.0132,"GH¢ per WAU (BoG's 'Ecowas' unit, not defined by BoG)",ok,
2026-08-12,WAUGHS,Ecowas,Selling,0.0132,GH¢ per WAU,0.0132,"GH¢ per WAU (BoG's 'Ecowas' unit, not defined by BoG)",ok,
2026-08-12,WAUGHS,Ecowas,Mid Rate,0.0132,GH¢ per WAU,0.0132,"GH¢ per WAU (BoG's 'Ecowas' unit, not defined by BoG)",ok,
2026-08-12,ZARGHS,South African Rand,Buying,0.7028,GH¢ per ZAR,0.7028,GH¢ per ZAR,ok,
2026-08-12,ZARGHS,South African Rand,Selling,0.7032,GH¢ per ZAR,0.7032,GH¢ per ZAR,ok,
2026-08-12,ZARGHS,South African Rand,Mid Rate,0.7030,GH¢ per ZAR,0.703,GH¢ per ZAR,ok,
2026-08-13,USDGHS,US Dollar,Buying,10.9745,GH¢ per USD,10.9745,GH¢ per USD,ok,
2026-08-13,USDGHS,US Dollar,Selling,10.9855,GH¢ per USD,10.9855,GH¢ per USD,ok,
2026-08-13,USDGHS,US Dollar,Mid Rate,10.9800,GH¢ per USD,10.98,GH¢ per USD,ok,
2026-08-13,AUDGHS,Australian Dollar,Buying,7.7442,GH¢ per AUD,7.7442,GH¢ per AUD,ok,
2026-08-13,AUDGHS,Australian Dollar,Selling,7.7540,GH¢ per AUD,7.754,GH¢ per AUD,ok,
2026-08-13,AUDGHS,Australian Dollar,Mid Rate,7.7491,GH¢ per AUD,7.7491,GH¢ per AUD,ok,
2026-08-13,CADGHS,Canadian Dollar,Buying,7.8752,GH¢ per CAD,7.8752,GH¢ per CAD,ok,
2026-08-13,CADGHS,Canadian Dollar,Selling,7.8828,GH¢ per CAD,7.8828,GH¢ per CAD,ok,
2026-08-13,CADGHS,Canadian Dollar,Mid Rate,7.8790,GH¢ per CAD,7.879,GH¢ per CAD,ok,
2026-08-13,CHFGHS,Swiss Franc,Buying,13.4993,GH¢ per CHF,13.4993,GH¢ per CHF,ok,
2026-08-13,CHFGHS,Swiss Franc,Selling,13.5126,GH¢ per CHF,13.5126,GH¢ per CHF,ok,
2026-08-13,CHFGHS,Swiss Franc,Mid Rate,13.5060,GH¢ per CHF,13.506,GH¢ per CHF,ok,
2026-08-13,CNYGHS,Yuan Renminbi,Buying,1.6276,GH¢ per CNY,1.6276,GH¢ per CNY,ok,
2026-08-13,CNYGHS,Yuan Renminbi,Selling,1.6291,GH¢ per CNY,1.6291,GH¢ per CNY,ok,
2026-08-13,CNYGHS,Yuan Renminbi,Mid Rate,1.6284,GH¢ per CNY,1.6284,GH¢ per CNY,ok,
2026-08-13,DKKGHS,Danish Krone,Buying,1.6927,GH¢ per DKK,1.6927,GH¢ per DKK,ok,
2026-08-13,DKKGHS,Danish Krone,Selling,1.6944,GH¢ per DKK,1.6944,GH¢ per DKK,ok,
2026-08-13,DKKGHS,Danish Krone,Mid Rate,1.6936,GH¢ per DKK,1.6936,GH¢ per DKK,ok,
2026-08-13,EURGHS,Euro,Buying,12.6550,GH¢ per EUR,12.655,GH¢ per EUR,ok,
2026-08-13,EURGHS,Euro,Selling,12.6664,GH¢ per EUR,12.6664,GH¢ per EUR,ok,
2026-08-13,EURGHS,Euro,Mid Rate,12.6607,GH¢ per EUR,12.6607,GH¢ per EUR,ok,
2026-08-13,GBPGHS,Pound Sterling,Buying,14.8101,GH¢ per GBP,14.8101,GH¢ per GBP,ok,
2026-08-13,GBPGHS,Pound Sterling,Selling,14.8260,GH¢ per GBP,14.826,GH¢ per GBP,ok,
2026-08-13,GBPGHS,Pound Sterling,Mid Rate,14.8181,GH¢ per GBP,14.8181,GH¢ per GBP,ok,
2026-08-13,GHSGMD,Dalasi,Buying,6.7078,GMD per GH¢,0.1490801753,GH¢ per GMD,ok,
2026-08-13,GHSGMD,Dalasi,Selling,6.7464,GMD per GH¢,0.1482272027,GH¢ per GMD,ok,
2026-08-13,GHSGMD,Dalasi,Mid Rate,6.7271,GMD per GH¢,0.1486524654,GH¢ per GMD,ok,
2026-08-13,GHSMRO,Ouguiya,Buying,32.5137,MRO per GH¢,0.0307562658,GH¢ per MRO (old ouguiya; 10 MRO = 1 MRU since 2018),ok,
2026-08-13,GHSMRO,Ouguiya,Selling,32.6047,MRO per GH¢,0.0306704248,GH¢ per MRO (old ouguiya; 10 MRO = 1 MRU since 2018),ok,
2026-08-13,GHSMRO,Ouguiya,Mid Rate,32.5592,MRO per GH¢,0.0307132853,GH¢ per MRO (old ouguiya; 10 MRO = 1 MRU since 2018),ok,
2026-08-13,GHSNGN,Naira,Buying,123.7113,NGN per GH¢,0.008083336,GH¢ per NGN,ok,
2026-08-13,GHSNGN,Naira,Selling,123.9590,NGN per GH¢,0.0080671835,GH¢ per NGN,ok,
2026-08-13,GHSNGN,Naira,Mid Rate,123.8352,NGN per GH¢,0.0080752484,GH¢ per NGN,ok,
2026-08-13,GHSSLL,Leone,Buying,"2,159.2814",SLL per GH¢,0.4631170351,"GH¢ per SLE (new leone; 1 SLE = 1,000 old leones)",ok,
2026-08-13,GHSSLL,Leone,Selling,"2,218.7479",SLL per GH¢,0.4507046519,"GH¢ per SLE (new leone; 1 SLE = 1,000 old leones)",ok,
2026-08-13,GHSSLL,Leone,Mid Rate,"2,189.0147",SLL per GH¢,0.4568265348,"GH¢ per SLE (new leone; 1 SLE = 1,000 old leones)",ok,
2026-08-13,GHSXOF,BCEAO,Buying,51.7872,XOF per GH¢,0.0193097908,GH¢ per XOF (CFA franc (BCEAO)),ok,
2026-08-13,GHSXOF,BCEAO,Selling,51.8338,XOF per GH¢,0.0192924308,GH¢ per XOF (CFA franc (BCEAO)),ok,
2026-08-13,GHSXOF,BCEAO,Mid Rate,51.8105,XOF per GH¢,0.0193011069,GH¢ per XOF (CFA franc (BCEAO)),ok,
2026-08-13,JPYGHS,Japanese yen,Buying,0.0689,GH¢ per JPY,0.0689,GH¢ per JPY,ok,
2026-08-13,JPYGHS,Japanese yen,Selling,0.0689,GH¢ per JPY,0.0689,GH¢ per JPY,ok,
2026-08-13,JPYGHS,Japanese yen,Mid Rate,0.0689,GH¢ per JPY,0.0689,GH¢ per JPY,ok,
2026-08-13,NOKGHS,Norwegian Krone,Buying,1.1544,GH¢ per NOK,1.1544,GH¢ per NOK,ok,
2026-08-13,NOKGHS,Norwegian Krone,Selling,1.1554,GH¢ per NOK,1.1554,GH¢ per NOK,ok,
2026-08-13,NOKGHS,Norwegian Krone,Mid Rate,1.1549,GH¢ per NOK,1.1549,GH¢ per NOK,ok,
2026-08-13,NZDGHS,New Zealand Dollar,Buying,6.4157,GH¢ per NZD,6.4157,GH¢ per NZD,ok,
2026-08-13,NZDGHS,New Zealand Dollar,Selling,6.4241,GH¢ per NZD,6.4241,GH¢ per NZD,ok,
2026-08-13,NZDGHS,New Zealand Dollar,Mid Rate,6.4199,GH¢ per NZD,6.4199,GH¢ per NZD,ok,
2026-08-13,SEKGHS,Swedish Krona,Buying,1.1470,GH¢ per SEK,1.147,GH¢ per SEK,ok,
2026-08-13,SEKGHS,Swedish Krona,Selling,1.1479,GH¢ per SEK,1.1479,GH¢ per SEK,ok,
2026-08-13,SEKGHS,Swedish Krona,Mid Rate,1.1475,GH¢ per SEK,1.1475,GH¢ per SEK,ok,
2026-08-13,WAUGHS,Ecowas,Buying,0.0141,GH¢ per WAU,0.0141,"GH¢ per WAU (BoG's 'Ecowas' unit, not defined by BoG)",ok,
2026-08-13,WAUGHS,Ecowas,Selling,0.0141,GH¢ per WAU,0.0141,"GH¢ per WAU (BoG's 'Ecowas' unit, not defined by BoG)",ok,
2026-08-13,WAUGHS,Ecowas,Mid Rate,0.0141,GH¢ per WAU,0.0141,"GH¢ per WAU (BoG's 'Ecowas' unit, not defined by BoG)",ok,
2026-08-13,ZARGHS,South African Rand,Buying,0.6776,GH¢ per ZAR,0.6776,GH¢ per ZAR,ok,
2026-08-13,ZARGHS,South African Rand,Selling,0.6780,GH¢ per ZAR,0.678,GH¢ per ZAR,ok,
2026-08-13,ZARGHS,South African Rand,Mid Rate,0.6778,GH¢ per ZAR,0.6778,GH¢ per ZAR,ok,
2026-08-14,USDGHS,US Dollar,Buying,10.9445,GH¢ per USD,10.9445,GH¢ per USD,ok,
2026-08-14,USDGHS,US Dollar,Selling,10.9555,GH¢ per USD,10.9555,GH¢ per USD,ok,
2026-08-14,USDGHS,US Dollar,Mid Rate,10.9500,GH¢ per USD,10.95,GH¢ per USD,ok,
2026-08-14,AUDGHS,Australian Dollar,Buying,7.7603,GH¢ per AUD,7.7603,GH¢ per AUD,ok,
2026-08-14,AUDGHS,Australian Dollar,Selling,7.7696,GH¢ per AUD,7.7696,GH¢ per AUD,ok,
2026-08-14,AUDGHS,Australian Dollar,Mid Rate,7.7650,GH¢ per AUD,7.765,GH¢ per AUD,ok,
2026-08-14,CADGHS,Canadian Dollar,Buying,7.8907,GH¢ per CAD,7.8907,GH¢ per CAD,ok,
2026-08-14,CADGHS,Canadian Dollar,Selling,7.8978,GH¢ per CAD,7.8978,GH¢ per CAD,ok,
2026-08-14,CADGHS,Canadian Dollar,Mid Rate,7.8943,GH¢ per CAD,7.8943,GH¢ per CAD,ok,
2026-08-14,CHFGHS,Swiss Franc,Buying,13.4854,GH¢ per CHF,13.4854,GH¢ per CHF,ok,
2026-08-14,CHFGHS,Swiss Franc,Selling,13.4977,GH¢ per CHF,13.4977,GH¢ per CHF,ok,
2026-08-14,CHFGHS,Swiss Franc,Mid Rate,13.4916,GH¢ per CHF,13.4916,GH¢ per CHF,ok,
2026-08-14,CNYGHS,Yuan Renminbi,Buying,1.6236,GH¢ per CNY,1.6236,GH¢ per CNY,ok,
2026-08-14,CNYGHS,Yuan Renminbi,Selling,1.6249,GH¢ per CNY,1.6249,GH¢ per CNY,ok,
2026-08-14,CNYGHS,Yuan Renminbi,Mid Rate,1.6243,GH¢ per CNY,1.6243,GH¢ per CNY,ok,
2026-08-14,DKKGHS,Danish Krone,Buying,1.6956,GH¢ per DKK,1.6956,GH¢ per DKK,ok,
2026-08-14,DKKGHS,Danish Krone,Selling,1.6970,GH¢ per DKK,1.697,GH¢ per DKK,ok,
2026-08-14,DKKGHS,Danish Krone,Mid Rate,1.6963,GH¢ per DKK,1.6963,GH¢ per DKK,ok,
2026-08-14,EURGHS,Euro,Buying,12.6743,GH¢ per EUR,12.6743,GH¢ per EUR,ok,
2026-08-14,EURGHS,Euro,Selling,12.6870,GH¢ per EUR,12.687,GH¢ per EUR,ok,
2026-08-14,EURGHS,Euro,Mid Rate,12.6807,GH¢ per EUR,12.6807,GH¢ per EUR,ok,
2026-08-14,GBPGHS,Pound Sterling,Buying,14.8353,GH¢ per GBP,14.8353,GH¢ per GBP,ok,
2026-08-14,GBPGHS,Pound Sterling,Selling,14.8501,GH¢ per GBP,14.8501,GH¢ per GBP,ok,
2026-08-14,GBPGHS,Pound Sterling,Mid Rate,14.8427,GH¢ per GBP,14.8427,GH¢ per GBP,ok,
2026-08-14,GHSGMD,Dalasi,Buying,6.6767,GMD per GH¢,0.1497745892,GH¢ per GMD,ok,
2026-08-14,GHSGMD,Dalasi,Selling,6.7262,GMD per GH¢,0.1486723559,GH¢ per GMD,ok,
2026-08-14,GHSGMD,Dalasi,Mid Rate,6.7015,GMD per GH¢,0.1492203238,GH¢ per GMD,ok,
2026-08-14,GHSMRO,Ouguiya,Buying,32.6027,MRO per GH¢,0.0306723063,GH¢ per MRO (old ouguiya; 10 MRO = 1 MRU since 2018),ok,
2026-08-14,GHSMRO,Ouguiya,Selling,32.6941,MRO per GH¢,0.0305865584,GH¢ per MRO (old ouguiya; 10 MRO = 1 MRU since 2018),ok,
2026-08-14,GHSMRO,Ouguiya,Mid Rate,32.6484,MRO per GH¢,0.0306293723,GH¢ per MRO (old ouguiya; 10 MRO = 1 MRU since 2018),ok,
2026-08-14,GHSNGN,Naira,Buying,124.0484,NGN per GH¢,0.0080613696,GH¢ per NGN,ok,
2026-08-14,GHSNGN,Naira,Selling,124.1425,NGN per GH¢,0.0080552591,GH¢ per NGN,ok,
2026-08-14,GHSNGN,Naira,Mid Rate,124.0955,NGN per GH¢,0.0080583099,GH¢ per NGN,ok,
2026-08-14,GHSSLL,Leone,Buying,"2,161.7534",SLL per GH¢,0.4625874533,"GH¢ per SLE (new leone; 1 SLE = 1,000 old leones)",ok,
2026-08-14,GHSSLL,Leone,Selling,"2,237.7080",SLL per GH¢,0.4468858314,"GH¢ per SLE (new leone; 1 SLE = 1,000 old leones)",ok,
2026-08-14,GHSSLL,Leone,Mid Rate,"2,199.7307",SLL per GH¢,0.4546011019,"GH¢ per SLE (new leone; 1 SLE = 1,000 old leones)",ok,
2026-08-14,GHSXOF,BCEAO,Buying,51.7031,XOF per GH¢,0.0193412,GH¢ per XOF (CFA franc (BCEAO)),ok,
2026-08-14,GHSXOF,BCEAO,Selling,51.7549,XOF per GH¢,0.019321842,GH¢ per XOF (CFA franc (BCEAO)),ok,
2026-08-14,GHSXOF,BCEAO,Mid Rate,51.7290,XOF per GH¢,0.0193315162,GH¢ per XOF (CFA franc (BCEAO)),ok,
2026-08-14,JPYGHS,Japanese yen,Buying,0.0687,GH¢ per JPY,0.0687,GH¢ per JPY,ok,
2026-08-14,JPYGHS,Japanese yen,Selling,0.0688,GH¢ per JPY,0.0688,GH¢ per JPY,ok,
2026-08-14,JPYGHS,Japanese yen,Mid Rate,0.0688,GH¢ per JPY,0.0688,GH¢ per JPY,ok,
2026-08-14,NOKGHS,Norwegian Krone,Buying,1.1601,GH¢ per NOK,1.1601,GH¢ per NOK,ok,
2026-08-14,NOKGHS,Norwegian Krone,Selling,1.1609,GH¢ per NOK,1.1609,GH¢ per NOK,ok,
2026-08-14,NOKGHS,Norwegian Krone,Mid Rate,1.1605,GH¢ per NOK,1.1605,GH¢ per NOK,ok,
2026-08-14,NZDGHS,New Zealand Dollar,Buying,6.4534,GH¢ per NZD,6.4534,GH¢ per NZD,ok,
2026-08-14,NZDGHS,New Zealand Dollar,Selling,6.4613,GH¢ per NZD,6.4613,GH¢ per NZD,ok,
2026-08-14,NZDGHS,New Zealand Dollar,Mid Rate,6.4574,GH¢ per NZD,6.4574,GH¢ per NZD,ok,
2026-08-14,SEKGHS,Swedish Krona,Buying,1.1507,GH¢ per SEK,1.1507,GH¢ per SEK,ok,
2026-08-14,SEKGHS,Swedish Krona,Selling,1.1515,GH¢ per SEK,1.1515,GH¢ per SEK,ok,
2026-08-14,SEKGHS,Swedish Krona,Mid Rate,1.1511,GH¢ per SEK,1.1511,GH¢ per SEK,ok,
2026-08-14,WAUGHS,Ecowas,Buying,0.0142,GH¢ per WAU,0.0142,"GH¢ per WAU (BoG's 'Ecowas' unit, not defined by BoG)",ok,
2026-08-14,WAUGHS,Ecowas,Selling,0.0142,GH¢ per WAU,0.0142,"GH¢ per WAU (BoG's 'Ecowas' unit, not defined by BoG)",ok,
2026-08-14,WAUGHS,Ecowas,Mid Rate,0.0142,GH¢ per WAU,0.0142,"GH¢ per WAU (BoG's 'Ecowas' unit, not defined by BoG)",ok,
2026-08-14,ZARGHS,South African Rand,Buying,0.6762,GH¢ per ZAR,0.6762,GH¢ per ZAR,ok,
2026-08-14,ZARGHS,South African Rand,Selling,0.6766,GH¢ per ZAR,0.6766,GH¢ per ZAR,ok,
2026-08-14,ZARGHS,South African Rand,Mid Rate,0.6764,GH¢ per ZAR,0.6764,GH¢ per ZAR,ok,
2026-08-17,USDGHS,US Dollar,Buying,10.9945,GH¢ per USD,10.9945,GH¢ per USD,ok,
2026-08-17,USDGHS,US Dollar,Selling,11.0055,GH¢ per USD,11.0055,GH¢ per USD,ok,
2026-08-17,USDGHS,US Dollar,Mid Rate,11.0000,GH¢ per USD,11,GH¢ per USD,ok,
2026-08-17,AUDGHS,Australian Dollar,Buying,7.8190,GH¢ per AUD,7.819,GH¢ per AUD,ok,
2026-08-17,AUDGHS,Australian Dollar,Selling,7.8288,GH¢ per AUD,7.8288,GH¢ per AUD,ok,
2026-08-17,AUDGHS,Australian Dollar,Mid Rate,7.8239,GH¢ per AUD,7.8239,GH¢ per AUD,ok,
2026-08-17,CADGHS,Canadian Dollar,Buying,7.9270,GH¢ per CAD,7.927,GH¢ per CAD,ok,
2026-08-17,CADGHS,Canadian Dollar,Selling,7.9346,GH¢ per CAD,7.9346,GH¢ per CAD,ok,
2026-08-17,CADGHS,Canadian Dollar,Mid Rate,7.9308,GH¢ per CAD,7.9308,GH¢ per CAD,ok,
2026-08-17,CHFGHS,Swiss Franc,Buying,13.5769,GH¢ per CHF,13.5769,GH¢ per CHF,ok,
2026-08-17,CHFGHS,Swiss Franc,Selling,13.5903,GH¢ per CHF,13.5903,GH¢ per CHF,ok,
2026-08-17,CHFGHS,Swiss Franc,Mid Rate,13.5836,GH¢ per CHF,13.5836,GH¢ per CHF,ok,
2026-08-17,CNYGHS,Yuan Renminbi,Buying,1.6314,GH¢ per CNY,1.6314,GH¢ per CNY,ok,
2026-08-17,CNYGHS,Yuan Renminbi,Selling,1.6326,GH¢ per CNY,1.6326,GH¢ per CNY,ok,
2026-08-17,CNYGHS,Yuan Renminbi,Mid Rate,1.6320,GH¢ per CNY,1.632,GH¢ per CNY,ok,
2026-08-17,DKKGHS,Danish Krone,Buying,1.7042,GH¢ per DKK,1.7042,GH¢ per DKK,ok,
2026-08-17,DKKGHS,Danish Krone,Selling,1.7058,GH¢ per DKK,1.7058,GH¢ per DKK,ok,
2026-08-17,DKKGHS,Danish Krone,Mid Rate,1.7050,GH¢ per DKK,1.705,GH¢ per DKK,ok,
2026-08-17,EURGHS,Euro,Buying,12.7403,GH¢ per EUR,12.7403,GH¢ per EUR,ok,
2026-08-17,EURGHS,Euro,Selling,12.7529,GH¢ per EUR,12.7529,GH¢ per EUR,ok,
2026-08-17,EURGHS,Euro,Mid Rate,12.7466,GH¢ per EUR,12.7466,GH¢ per EUR,ok,
2026-08-17,GBPGHS,Pound Sterling,Buying,14.9074,GH¢ per GBP,14.9074,GH¢ per GBP,ok,
2026-08-17,GBPGHS,Pound Sterling,Selling,14.9235,GH¢ per GBP,14.9235,GH¢ per GBP,ok,
2026-08-17,GBPGHS,Pound Sterling,Mid Rate,14.9155,GH¢ per GBP,14.9155,GH¢ per GBP,ok,
2026-08-17,GHSGMD,Dalasi,Buying,6.6542,GMD per GH¢,0.1502810255,GH¢ per GMD,ok,
2026-08-17,GHSGMD,Dalasi,Selling,6.6956,GMD per GH¢,0.1493518131,GH¢ per GMD,ok,
2026-08-17,GHSGMD,Dalasi,Mid Rate,6.6749,GMD per GH¢,0.1498149785,GH¢ per GMD,ok,
2026-08-17,GHSMRO,Ouguiya,Buying,32.4545,MRO per GH¢,0.0308123681,GH¢ per MRO (old ouguiya; 10 MRO = 1 MRU since 2018),ok,
2026-08-17,GHSMRO,Ouguiya,Selling,32.5455,MRO per GH¢,0.0307262141,GH¢ per MRO (old ouguiya; 10 MRO = 1 MRU since 2018),ok,
2026-08-17,GHSMRO,Ouguiya,Mid Rate,32.5000,MRO per GH¢,0.0307692308,GH¢ per MRO (old ouguiya; 10 MRO = 1 MRU since 2018),ok,
2026-08-17,GHSNGN,Naira,Buying,123.0818,NGN per GH¢,0.0081246781,GH¢ per NGN,ok,
2026-08-17,GHSNGN,Naira,Selling,123.1727,NGN per GH¢,0.0081186821,GH¢ per NGN,ok,
2026-08-17,GHSNGN,Naira,Mid Rate,123.1273,NGN per GH¢,0.0081216757,GH¢ per NGN,ok,
2026-08-17,GHSSLL,Leone,Buying,"2,158.2500",SLL per GH¢,0.4633383528,"GH¢ per SLE (new leone; 1 SLE = 1,000 old leones)",ok,
2026-08-17,GHSSLL,Leone,Selling,"2,221.7227",SLL per GH¢,0.450101176,"GH¢ per SLE (new leone; 1 SLE = 1,000 old leones)",ok,
2026-08-17,GHSSLL,Leone,Mid Rate,"2,189.9864",SLL per GH¢,0.4566238402,"GH¢ per SLE (new leone; 1 SLE = 1,000 old leones)",ok,
2026-08-17,GHSXOF,BCEAO,Buying,51.4359,XOF per GH¢,0.019441674,GH¢ per XOF (CFA franc (BCEAO)),ok,
2026-08-17,GHSXOF,BCEAO,Selling,51.4868,XOF per GH¢,0.0194224539,GH¢ per XOF (CFA franc (BCEAO)),ok,
2026-08-17,GHSXOF,BCEAO,Mid Rate,51.4614,XOF per GH¢,0.0194320403,GH¢ per XOF (CFA franc (BCEAO)),ok,
2026-08-17,JPYGHS,Japanese yen,Buying,0.0690,GH¢ per JPY,0.069,GH¢ per JPY,ok,
2026-08-17,JPYGHS,Japanese yen,Selling,0.0691,GH¢ per JPY,0.0691,GH¢ per JPY,ok,
2026-08-17,JPYGHS,Japanese yen,Mid Rate,0.0691,GH¢ per JPY,0.0691,GH¢ per JPY,ok,
2026-08-17,NOKGHS,Norwegian Krone,Buying,1.1670,GH¢ per NOK,1.167,GH¢ per NOK,ok,
2026-08-17,NOKGHS,Norwegian Krone,Selling,1.1680,GH¢ per NOK,1.168,GH¢ per NOK,ok,
2026-08-17,NOKGHS,Norwegian Krone,Mid Rate,1.1675,GH¢ per NOK,1.1675,GH¢ per NOK,ok,
2026-08-17,NZDGHS,New Zealand Dollar,Buying,6.4952,GH¢ per NZD,6.4952,GH¢ per NZD,ok,
2026-08-17,NZDGHS,New Zealand Dollar,Selling,6.5036,GH¢ per NZD,6.5036,GH¢ per NZD,ok,
2026-08-17,NZDGHS,New Zealand Dollar,Mid Rate,6.4994,GH¢ per NZD,6.4994,GH¢ per NZD,ok,
2026-08-17,SEKGHS,Swedish Krona,Buying,1.1583,GH¢ per SEK,1.1583,GH¢ per SEK,ok,
2026-08-17,SEKGHS,Swedish Krona,Selling,1.1592,GH¢ per SEK,1.1592,GH¢ per SEK,ok,
2026-08-17,SEKGHS,Swedish Krona,Mid Rate,1.1588,GH¢ per SEK,1.1588,GH¢ per SEK,ok,
2026-08-17,WAUGHS,Ecowas,Buying,0.0141,GH¢ per WAU,0.0141,"GH¢ per WAU (BoG's 'Ecowas' unit, not defined by BoG)",ok,
2026-08-17,WAUGHS,Ecowas,Selling,0.0141,GH¢ per WAU,0.0141,"GH¢ per WAU (BoG's 'Ecowas' unit, not defined by BoG)",ok,
2026-08-17,WAUGHS,Ecowas,Mid Rate,0.0141,GH¢ per WAU,0.0141,"GH¢ per WAU (BoG's 'Ecowas' unit, not defined by BoG)",ok,
2026-08-17,ZARGHS,South African Rand,Buying,0.6799,GH¢ per ZAR,0.6799,GH¢ per ZAR,ok,
2026-08-17,ZARGHS,South African Rand,Selling,0.6804,GH¢ per ZAR,0.6804,GH¢ per ZAR,ok,
2026-08-17,ZARGHS,South African Rand,Mid Rate,0.6802,GH¢ per ZAR,0.6802,GH¢ per ZAR,ok,
2026-08-18,USDGHS,US Dollar,Buying,11.0395,GH¢ per USD,11.0395,GH¢ per USD,ok,
2026-08-18,USDGHS,US Dollar,Selling,11.0505,GH¢ per USD,11.0505,GH¢ per USD,ok,
2026-08-18,USDGHS,US Dollar,Mid Rate,11.0450,GH¢ per USD,11.045,GH¢ per USD,ok,
2026-08-18,AUDGHS,Australian Dollar,Buying,7.8325,GH¢ per AUD,7.8325,GH¢ per AUD,ok,
2026-08-18,AUDGHS,Australian Dollar,Selling,7.8424,GH¢ per AUD,7.8424,GH¢ per AUD,ok,
2026-08-18,AUDGHS,Australian Dollar,Mid Rate,7.8375,GH¢ per AUD,7.8375,GH¢ per AUD,ok,
2026-08-18,CADGHS,Canadian Dollar,Buying,7.9470,GH¢ per CAD,7.947,GH¢ per CAD,ok,
2026-08-18,CADGHS,Canadian Dollar,Selling,7.9551,GH¢ per CAD,7.9551,GH¢ per CAD,ok,
2026-08-18,CADGHS,Canadian Dollar,Mid Rate,7.9511,GH¢ per CAD,7.9511,GH¢ per CAD,ok,
2026-08-18,CHFGHS,Swiss Franc,Buying,13.5898,GH¢ per CHF,13.5898,GH¢ per CHF,ok,
2026-08-18,CHFGHS,Swiss Franc,Selling,13.6032,GH¢ per CHF,13.6032,GH¢ per CHF,ok,
2026-08-18,CHFGHS,Swiss Franc,Mid Rate,13.5965,GH¢ per CHF,13.5965,GH¢ per CHF,ok,
2026-08-18,CNYGHS,Yuan Renminbi,Buying,1.6372,GH¢ per CNY,1.6372,GH¢ per CNY,ok,
2026-08-18,CNYGHS,Yuan Renminbi,Selling,1.6383,GH¢ per CNY,1.6383,GH¢ per CNY,ok,
2026-08-18,CNYGHS,Yuan Renminbi,Mid Rate,1.6378,GH¢ per CNY,1.6378,GH¢ per CNY,ok,
2026-08-18,DKKGHS,Danish Krone,Buying,1.7099,GH¢ per DKK,1.7099,GH¢ per DKK,ok,
2026-08-18,DKKGHS,Danish Krone,Selling,1.7115,GH¢ per DKK,1.7115,GH¢ per DKK,ok,
2026-08-18,DKKGHS,Danish Krone,Mid Rate,1.7107,GH¢ per DKK,1.7107,GH¢ per DKK,ok,
2026-08-18,EURGHS,Euro,Buying,12.7832,GH¢ per EUR,12.7832,GH¢ per EUR,ok,
2026-08-18,EURGHS,Euro,Selling,12.7959,GH¢ per EUR,12.7959,GH¢ per EUR,ok,
2026-08-18,EURGHS,Euro,Mid Rate,12.7896,GH¢ per EUR,12.7896,GH¢ per EUR,ok,
2026-08-18,GBPGHS,Pound Sterling,Buying,14.9475,GH¢ per GBP,14.9475,GH¢ per GBP,ok,
2026-08-18,GBPGHS,Pound Sterling,Selling,14.9635,GH¢ per GBP,14.9635,GH¢ per GBP,ok,
2026-08-18,GBPGHS,Pound Sterling,Mid Rate,14.9555,GH¢ per GBP,14.9555,GH¢ per GBP,ok,
2026-08-18,GHSGMD,Dalasi,Buying,6.6260,GMD per GH¢,0.1509206158,GH¢ per GMD,ok,
2026-08-18,GHSGMD,Dalasi,Selling,6.6684,GMD per GH¢,0.1499610101,GH¢ per GMD,ok,
2026-08-18,GHSGMD,Dalasi,Mid Rate,6.6472,GMD per GH¢,0.1504392827,GH¢ per GMD,ok,
2026-08-18,GHSMRO,Ouguiya,Buying,32.3223,MRO per GH¢,0.0309383924,GH¢ per MRO (old ouguiya; 10 MRO = 1 MRU since 2018),ok,
2026-08-18,GHSMRO,Ouguiya,Selling,32.4129,MRO per GH¢,0.0308519139,GH¢ per MRO (old ouguiya; 10 MRO = 1 MRU since 2018),ok,
2026-08-18,GHSMRO,Ouguiya,Mid Rate,32.3676,MRO per GH¢,0.0308950926,GH¢ per MRO (old ouguiya; 10 MRO = 1 MRU since 2018),ok,
2026-08-18,GHSNGN,Naira,Buying,122.0516,NGN per GH¢,0.008193256,GH¢ per NGN,ok,
2026-08-18,GHSNGN,Naira,Selling,122.4138,NGN per GH¢,0.0081690136,GH¢ per NGN,ok,
2026-08-18,GHSNGN,Naira,Mid Rate,122.2327,NGN per GH¢,0.0081811168,GH¢ per NGN,ok,
2026-08-18,GHSSLL,Leone,Buying,"2,154.6005",SLL per GH¢,0.4641231634,"GH¢ per SLE (new leone; 1 SLE = 1,000 old leones)",ok,
2026-08-18,GHSSLL,Leone,Selling,"2,212.7660",SLL per GH¢,0.4519230682,"GH¢ per SLE (new leone; 1 SLE = 1,000 old leones)",ok,
2026-08-18,GHSSLL,Leone,Mid Rate,"2,183.6833",SLL per GH¢,0.4579418636,"GH¢ per SLE (new leone; 1 SLE = 1,000 old leones)",ok,
2026-08-18,GHSXOF,BCEAO,Buying,51.2631,XOF per GH¢,0.0195072089,GH¢ per XOF (CFA franc (BCEAO)),ok,
2026-08-18,GHSXOF,BCEAO,Selling,51.3140,XOF per GH¢,0.0194878591,GH¢ per XOF (CFA franc (BCEAO)),ok,
2026-08-18,GHSXOF,BCEAO,Mid Rate,51.2886,XOF per GH¢,0.0194975102,GH¢ per XOF (CFA franc (BCEAO)),ok,
2026-08-18,JPYGHS,Japanese yen,Buying,0.0692,GH¢ per JPY,0.0692,GH¢ per JPY,ok,
2026-08-18,JPYGHS,Japanese yen,Selling,0.0692,GH¢ per JPY,0.0692,GH¢ per JPY,ok,
2026-08-18,JPYGHS,Japanese yen,Mid Rate,0.0692,GH¢ per JPY,0.0692,GH¢ per JPY,ok,
2026-08-18,NOKGHS,Norwegian Krone,Buying,1.1736,GH¢ per NOK,1.1736,GH¢ per NOK,ok,
2026-08-18,NOKGHS,Norwegian Krone,Selling,1.1745,GH¢ per NOK,1.1745,GH¢ per NOK,ok,
2026-08-18,NOKGHS,Norwegian Krone,Mid Rate,1.1741,GH¢ per NOK,1.1741,GH¢ per NOK,ok,
2026-08-18,NZDGHS,New Zealand Dollar,Buying,6.4887,GH¢ per NZD,6.4887,GH¢ per NZD,ok,
2026-08-18,NZDGHS,New Zealand Dollar,Selling,6.4972,GH¢ per NZD,6.4972,GH¢ per NZD,ok,
2026-08-18,NZDGHS,New Zealand Dollar,Mid Rate,6.4930,GH¢ per NZD,6.493,GH¢ per NZD,ok,
2026-08-18,SEKGHS,Swedish Krona,Buying,1.1582,GH¢ per SEK,1.1582,GH¢ per SEK,ok,
2026-08-18,SEKGHS,Swedish Krona,Selling,1.1592,GH¢ per SEK,1.1592,GH¢ per SEK,ok,
2026-08-18,SEKGHS,Swedish Krona,Mid Rate,1.1587,GH¢ per SEK,1.1587,GH¢ per SEK,ok,
2026-08-18,WAUGHS,Ecowas,Buying,0.0140,GH¢ per WAU,0.014,"GH¢ per WAU (BoG's 'Ecowas' unit, not defined by BoG)",ok,
2026-08-18,WAUGHS,Ecowas,Selling,0.0140,GH¢ per WAU,0.014,"GH¢ per WAU (BoG's 'Ecowas' unit, not defined by BoG)",ok,
2026-08-18,WAUGHS,Ecowas,Mid Rate,0.0140,GH¢ per WAU,0.014,"GH¢ per WAU (BoG's 'Ecowas' unit, not defined by BoG)",ok,
2026-08-18,ZARGHS,South African Rand,Buying,0.6793,GH¢ per ZAR,0.6793,GH¢ per ZAR,ok,
2026-08-18,ZARGHS,South African Rand,Selling,0.6798,GH¢ per ZAR,0.6798,GH¢ per ZAR,ok,
2026-08-18,ZARGHS,South African Rand,Mid Rate,0.6796,GH¢ per ZAR,0.6796,GH¢ per ZAR,ok,
2026-08-19,USDGHS,US Dollar,Buying,11.0695,GH¢ per USD,11.0695,GH¢ per USD,ok,
2026-08-19,USDGHS,US Dollar,Selling,11.0805,GH¢ per USD,11.0805,GH¢ per USD,ok,
2026-08-19,USDGHS,US Dollar,Mid Rate,11.0750,GH¢ per USD,11.075,GH¢ per USD,ok,
2026-08-19,AUDGHS,Australian Dollar,Buying,7.8801,GH¢ per AUD,7.8801,GH¢ per AUD,ok,
2026-08-19,AUDGHS,Australian Dollar,Selling,7.8886,GH¢ per AUD,7.8886,GH¢ per AUD,ok,
2026-08-19,AUDGHS,Australian Dollar,Mid Rate,7.8844,GH¢ per AUD,7.8844,GH¢ per AUD,ok,
2026-08-19,CADGHS,Canadian Dollar,Buying,8.0121,GH¢ per CAD,8.0121,GH¢ per CAD,ok,
2026-08-19,CADGHS,Canadian Dollar,Selling,8.0199,GH¢ per CAD,8.0199,GH¢ per CAD,ok,
2026-08-19,CADGHS,Canadian Dollar,Mid Rate,8.0160,GH¢ per CAD,8.016,GH¢ per CAD,ok,
2026-08-19,CHFGHS,Swiss Franc,Buying,13.8417,GH¢ per CHF,13.8417,GH¢ per CHF,ok,
2026-08-19,CHFGHS,Swiss Franc,Selling,13.8540,GH¢ per CHF,13.854,GH¢ per CHF,ok,
2026-08-19,CHFGHS,Swiss Franc,Mid Rate,13.8479,GH¢ per CHF,13.8479,GH¢ per CHF,ok,
2026-08-19,CNYGHS,Yuan Renminbi,Buying,1.6451,GH¢ per CNY,1.6451,GH¢ per CNY,ok,
2026-08-19,CNYGHS,Yuan Renminbi,Selling,1.6464,GH¢ per CNY,1.6464,GH¢ per CNY,ok,
2026-08-19,CNYGHS,Yuan Renminbi,Mid Rate,1.6458,GH¢ per CNY,1.6458,GH¢ per CNY,ok,
2026-08-19,DKKGHS,Danish Krone,Buying,1.7272,GH¢ per DKK,1.7272,GH¢ per DKK,ok,
2026-08-19,DKKGHS,Danish Krone,Selling,1.7288,GH¢ per DKK,1.7288,GH¢ per DKK,ok,
2026-08-19,DKKGHS,Danish Krone,Mid Rate,1.7280,GH¢ per DKK,1.728,GH¢ per DKK,ok,
2026-08-19,EURGHS,Euro,Buying,12.9122,GH¢ per EUR,12.9122,GH¢ per EUR,ok,
2026-08-19,EURGHS,Euro,Selling,12.9238,GH¢ per EUR,12.9238,GH¢ per EUR,ok,
2026-08-19,EURGHS,Euro,Mid Rate,12.9180,GH¢ per EUR,12.918,GH¢ per EUR,ok,
2026-08-19,GBPGHS,Pound Sterling,Buying,15.0556,GH¢ per GBP,15.0556,GH¢ per GBP,ok,
2026-08-19,GBPGHS,Pound Sterling,Selling,15.0717,GH¢ per GBP,15.0717,GH¢ per GBP,ok,
2026-08-19,GBPGHS,Pound Sterling,Mid Rate,15.0637,GH¢ per GBP,15.0637,GH¢ per GBP,ok,
2026-08-19,GHSGMD,Dalasi,Buying,6.6519,GMD per GH¢,0.1503329876,GH¢ per GMD,ok,
2026-08-19,GHSGMD,Dalasi,Selling,6.7064,GMD per GH¢,0.1491112967,GH¢ per GMD,ok,
2026-08-19,GHSGMD,Dalasi,Mid Rate,6.6792,GMD per GH¢,0.1497185292,GH¢ per GMD,ok,
2026-08-19,GHSMRO,Ouguiya,Buying,32.2348,MRO per GH¢,0.0310223733,GH¢ per MRO (old ouguiya; 10 MRO = 1 MRU since 2018),ok,
2026-08-19,GHSMRO,Ouguiya,Selling,32.3251,MRO per GH¢,0.0309357125,GH¢ per MRO (old ouguiya; 10 MRO = 1 MRU since 2018),ok,
2026-08-19,GHSMRO,Ouguiya,Mid Rate,32.2800,MRO per GH¢,0.0309789343,GH¢ per MRO (old ouguiya; 10 MRO = 1 MRU since 2018),ok,
2026-08-19,GHSNGN,Naira,Buying,121.9196,NGN per GH¢,0.0082021266,GH¢ per NGN,ok,
2026-08-19,GHSNGN,Naira,Selling,122.0099,NGN per GH¢,0.0081960562,GH¢ per NGN,ok,
2026-08-19,GHSNGN,Naira,Mid Rate,121.9648,NGN per GH¢,0.0081990869,GH¢ per NGN,ok,
2026-08-19,GHSSLL,Leone,Buying,"2,148.7641",SLL per GH¢,0.465383799,"GH¢ per SLE (new leone; 1 SLE = 1,000 old leones)",ok,
2026-08-19,GHSSLL,Leone,Selling,"2,206.7720",SLL per GH¢,0.4531505747,"GH¢ per SLE (new leone; 1 SLE = 1,000 old leones)",ok,
2026-08-19,GHSSLL,Leone,Mid Rate,"2,177.7681",SLL per GH¢,0.459185714,"GH¢ per SLE (new leone; 1 SLE = 1,000 old leones)",ok,
2026-08-19,GHSXOF,BCEAO,Buying,50.7557,XOF per GH¢,0.0197022206,GH¢ per XOF (CFA franc (BCEAO)),ok,
2026-08-19,GHSXOF,BCEAO,Selling,50.8013,XOF per GH¢,0.0196845356,GH¢ per XOF (CFA franc (BCEAO)),ok,
2026-08-19,GHSXOF,BCEAO,Mid Rate,50.7785,XOF per GH¢,0.0196933742,GH¢ per XOF (CFA franc (BCEAO)),ok,
2026-08-19,JPYGHS,Japanese yen,Buying,0.0698,GH¢ per JPY,0.0698,GH¢ per JPY,ok,
2026-08-19,JPYGHS,Japanese yen,Selling,0.0699,GH¢ per JPY,0.0699,GH¢ per JPY,ok,
2026-08-19,JPYGHS,Japanese yen,Mid Rate,0.0699,GH¢ per JPY,0.0699,GH¢ per JPY,ok,
2026-08-19,NOKGHS,Norwegian Krone,Buying,1.1855,GH¢ per NOK,1.1855,GH¢ per NOK,ok,
2026-08-19,NOKGHS,Norwegian Krone,Selling,1.1864,GH¢ per NOK,1.1864,GH¢ per NOK,ok,
2026-08-19,NOKGHS,Norwegian Krone,Mid Rate,1.1860,GH¢ per NOK,1.186,GH¢ per NOK,ok,
2026-08-19,NZDGHS,New Zealand Dollar,Buying,6.5612,GH¢ per NZD,6.5612,GH¢ per NZD,ok,
2026-08-19,NZDGHS,New Zealand Dollar,Selling,6.5698,GH¢ per NZD,6.5698,GH¢ per NZD,ok,
2026-08-19,NZDGHS,New Zealand Dollar,Mid Rate,6.5655,GH¢ per NZD,6.5655,GH¢ per NZD,ok,
2026-08-19,SEKGHS,Swedish Krona,Buying,1.1715,GH¢ per SEK,1.1715,GH¢ per SEK,ok,
2026-08-19,SEKGHS,Swedish Krona,Selling,1.1725,GH¢ per SEK,1.1725,GH¢ per SEK,ok,
2026-08-19,SEKGHS,Swedish Krona,Mid Rate,1.1720,GH¢ per SEK,1.172,GH¢ per SEK,ok,
2026-08-19,WAUGHS,Ecowas,Buying,0.0139,GH¢ per WAU,0.0139,"GH¢ per WAU (BoG's 'Ecowas' unit, not defined by BoG)",ok,
2026-08-19,WAUGHS,Ecowas,Selling,0.0139,GH¢ per WAU,0.0139,"GH¢ per WAU (BoG's 'Ecowas' unit, not defined by BoG)",ok,
2026-08-19,WAUGHS,Ecowas,Mid Rate,0.0139,GH¢ per WAU,0.0139,"GH¢ per WAU (BoG's 'Ecowas' unit, not defined by BoG)",ok,
2026-08-19,ZARGHS,South African Rand,Buying,0.6871,GH¢ per ZAR,0.6871,GH¢ per ZAR,ok,
2026-08-19,ZARGHS,South African Rand,Selling,0.6875,GH¢ per ZAR,0.6875,GH¢ per ZAR,ok,
2026-08-19,ZARGHS,South African Rand,Mid Rate,0.6873,GH¢ per ZAR,0.6873,GH¢ per ZAR,ok,
2026-08-20,USDGHS,US Dollar,Buying,11.0945,GH¢ per USD,11.0945,GH¢ per USD,ok,
2026-08-20,USDGHS,US Dollar,Selling,11.1056,GH¢ per USD,11.1056,GH¢ per USD,ok,
2026-08-20,USDGHS,US Dollar,Mid Rate,11.1000,GH¢ per USD,11.1,GH¢ per USD,ok,
2026-08-20,AUDGHS,Australian Dollar,Buying,7.8941,GH¢ per AUD,7.8941,GH¢ per AUD,ok,
2026-08-20,AUDGHS,Australian Dollar,Selling,7.9041,GH¢ per AUD,7.9041,GH¢ per AUD,ok,
2026-08-20,AUDGHS,Australian Dollar,Mid Rate,7.8991,GH¢ per AUD,7.8991,GH¢ per AUD,ok,
2026-08-20,CADGHS,Canadian Dollar,Buying,8.0488,GH¢ per CAD,8.0488,GH¢ per CAD,ok,
2026-08-20,CADGHS,Canadian Dollar,Selling,8.0566,GH¢ per CAD,8.0566,GH¢ per CAD,ok,
2026-08-20,CADGHS,Canadian Dollar,Mid Rate,8.0527,GH¢ per CAD,8.0527,GH¢ per CAD,ok,
2026-08-20,CHFGHS,Swiss Franc,Buying,13.8665,GH¢ per CHF,13.8665,GH¢ per CHF,ok,
2026-08-20,CHFGHS,Swiss Franc,Selling,13.8802,GH¢ per CHF,13.8802,GH¢ per CHF,ok,
2026-08-20,CHFGHS,Swiss Franc,Mid Rate,13.8734,GH¢ per CHF,13.8734,GH¢ per CHF,ok,
2026-08-20,CNYGHS,Yuan Renminbi,Buying,1.6502,GH¢ per CNY,1.6502,GH¢ per CNY,ok,
2026-08-20,CNYGHS,Yuan Renminbi,Selling,1.6515,GH¢ per CNY,1.6515,GH¢ per CNY,ok,
2026-08-20,CNYGHS,Yuan Renminbi,Mid Rate,1.6509,GH¢ per CNY,1.6509,GH¢ per CNY,ok,
2026-08-20,DKKGHS,Danish Krone,Buying,1.7328,GH¢ per DKK,1.7328,GH¢ per DKK,ok,
2026-08-20,DKKGHS,Danish Krone,Selling,1.7344,GH¢ per DKK,1.7344,GH¢ per DKK,ok,
2026-08-20,DKKGHS,Danish Krone,Mid Rate,1.7336,GH¢ per DKK,1.7336,GH¢ per DKK,ok,
2026-08-20,EURGHS,Euro,Buying,12.9543,GH¢ per EUR,12.9543,GH¢ per EUR,ok,
2026-08-20,EURGHS,Euro,Selling,12.9660,GH¢ per EUR,12.966,GH¢ per EUR,ok,
2026-08-20,EURGHS,Euro,Mid Rate,12.9602,GH¢ per EUR,12.9602,GH¢ per EUR,ok,
2026-08-20,GBPGHS,Pound Sterling,Buying,15.1228,GH¢ per GBP,15.1228,GH¢ per GBP,ok,
2026-08-20,GBPGHS,Pound Sterling,Selling,15.1391,GH¢ per GBP,15.1391,GH¢ per GBP,ok,
2026-08-20,GBPGHS,Pound Sterling,Mid Rate,15.1310,GH¢ per GBP,15.131,GH¢ per GBP,ok,
2026-08-20,GHSGMD,Dalasi,Buying,6.5881,GMD per GH¢,0.1517888314,GH¢ per GMD,ok,
2026-08-20,GHSGMD,Dalasi,Selling,6.6353,GMD per GH¢,0.1507090863,GH¢ per GMD,ok,
2026-08-20,GHSGMD,Dalasi,Mid Rate,6.6117,GMD per GH¢,0.1512470318,GH¢ per GMD,ok,
2026-08-20,GHSMRO,Ouguiya,Buying,32.1622,MRO per GH¢,0.0310924004,GH¢ per MRO (old ouguiya; 10 MRO = 1 MRU since 2018),ok,
2026-08-20,GHSMRO,Ouguiya,Selling,32.2523,MRO per GH¢,0.0310055407,GH¢ per MRO (old ouguiya; 10 MRO = 1 MRU since 2018),ok,
2026-08-20,GHSMRO,Ouguiya,Mid Rate,32.2073,MRO per GH¢,0.0310488616,GH¢ per MRO (old ouguiya; 10 MRO = 1 MRU since 2018),ok,
2026-08-20,GHSNGN,Naira,Buying,121.4820,NGN per GH¢,0.0082316722,GH¢ per NGN,ok,
2026-08-20,GHSNGN,Naira,Selling,121.5730,NGN per GH¢,0.0082255106,GH¢ per NGN,ok,
2026-08-20,GHSNGN,Naira,Mid Rate,121.5275,NGN per GH¢,0.0082285902,GH¢ per NGN,ok,
2026-08-20,GHSSLL,Leone,Buying,"2,136.9605",SLL per GH¢,0.4679543679,"GH¢ per SLE (new leone; 1 SLE = 1,000 old leones)",ok,
2026-08-20,GHSSLL,Leone,Selling,"2,199.3018",SLL per GH¢,0.4546897565,"GH¢ per SLE (new leone; 1 SLE = 1,000 old leones)",ok,
2026-08-20,GHSSLL,Leone,Mid Rate,"2,168.1312",SLL per GH¢,0.4612267007,"GH¢ per SLE (new leone; 1 SLE = 1,000 old leones)",ok,
2026-08-20,GHSXOF,BCEAO,Buying,50.5905,XOF per GH¢,0.019766557,GH¢ per XOF (CFA franc (BCEAO)),ok,
2026-08-20,GHSXOF,BCEAO,Selling,50.6362,XOF per GH¢,0.0197487173,GH¢ per XOF (CFA franc (BCEAO)),ok,
2026-08-20,GHSXOF,BCEAO,Mid Rate,50.6134,XOF per GH¢,0.0197576136,GH¢ per XOF (CFA franc (BCEAO)),ok,
2026-08-20,JPYGHS,Japanese yen,Buying,0.0698,GH¢ per JPY,0.0698,GH¢ per JPY,ok,
2026-08-20,JPYGHS,Japanese yen,Selling,0.0698,GH¢ per JPY,0.0698,GH¢ per JPY,ok,
2026-08-20,JPYGHS,Japanese yen,Mid Rate,0.0698,GH¢ per JPY,0.0698,GH¢ per JPY,ok,
2026-08-20,NOKGHS,Norwegian Krone,Buying,1.1864,GH¢ per NOK,1.1864,GH¢ per NOK,ok,
2026-08-20,NOKGHS,Norwegian Krone,Selling,1.1874,GH¢ per NOK,1.1874,GH¢ per NOK,ok,
2026-08-20,NOKGHS,Norwegian Krone,Mid Rate,1.1869,GH¢ per NOK,1.1869,GH¢ per NOK,ok,
2026-08-20,NZDGHS,New Zealand Dollar,Buying,6.5936,GH¢ per NZD,6.5936,GH¢ per NZD,ok,
2026-08-20,NZDGHS,New Zealand Dollar,Selling,6.6022,GH¢ per NZD,6.6022,GH¢ per NZD,ok,
2026-08-20,NZDGHS,New Zealand Dollar,Mid Rate,6.5979,GH¢ per NZD,6.5979,GH¢ per NZD,ok,
2026-08-20,SEKGHS,Swedish Krona,Buying,1.1688,GH¢ per SEK,1.1688,GH¢ per SEK,ok,
2026-08-20,SEKGHS,Swedish Krona,Selling,1.1697,GH¢ per SEK,1.1697,GH¢ per SEK,ok,
2026-08-20,SEKGHS,Swedish Krona,Mid Rate,1.1693,GH¢ per SEK,1.1693,GH¢ per SEK,ok,
2026-08-20,WAUGHS,Ecowas,Buying,0.0138,GH¢ per WAU,0.0138,"GH¢ per WAU (BoG's 'Ecowas' unit, not defined by BoG)",ok,
2026-08-20,WAUGHS,Ecowas,Selling,0.0138,GH¢ per WAU,0.0138,"GH¢ per WAU (BoG's 'Ecowas' unit, not defined by BoG)",ok,
2026-08-20,WAUGHS,Ecowas,Mid Rate,0.0138,GH¢ per WAU,0.0138,"GH¢ per WAU (BoG's 'Ecowas' unit, not defined by BoG)",ok,
2026-08-20,ZARGHS,South African Rand,Buying,0.6882,GH¢ per ZAR,0.6882,GH¢ per ZAR,ok,
2026-08-20,ZARGHS,South African Rand,Selling,0.6887,GH¢ per ZAR,0.6887,GH¢ per ZAR,ok,
2026-08-20,ZARGHS,South African Rand,Mid Rate,0.6885,GH¢ per ZAR,0.6885,GH¢ per ZAR,ok,
2026-08-21,USDGHS,US Dollar,Buying,11.1144,GH¢ per USD,11.1144,GH¢ per USD,ok,
2026-08-21,USDGHS,US Dollar,Selling,11.1256,GH¢ per USD,11.1256,GH¢ per USD,ok,
2026-08-21,USDGHS,US Dollar,Mid Rate,11.1200,GH¢ per USD,11.12,GH¢ per USD,ok,
2026-08-21,AUDGHS,Australian Dollar,Buying,7.9714,GH¢ per AUD,7.9714,GH¢ per AUD,ok,
2026-08-21,AUDGHS,Australian Dollar,Selling,7.9815,GH¢ per AUD,7.9815,GH¢ per AUD,ok,
2026-08-21,AUDGHS,Australian Dollar,Mid Rate,7.9765,GH¢ per AUD,7.9765,GH¢ per AUD,ok,
2026-08-21,CADGHS,Canadian Dollar,Buying,8.0734,GH¢ per CAD,8.0734,GH¢ per CAD,ok,
2026-08-21,CADGHS,Canadian Dollar,Selling,8.0812,GH¢ per CAD,8.0812,GH¢ per CAD,ok,
2026-08-21,CADGHS,Canadian Dollar,Mid Rate,8.0773,GH¢ per CAD,8.0773,GH¢ per CAD,ok,
2026-08-21,CHFGHS,Swiss Franc,Buying,13.8783,GH¢ per CHF,13.8783,GH¢ per CHF,ok,
2026-08-21,CHFGHS,Swiss Franc,Selling,13.8907,GH¢ per CHF,13.8907,GH¢ per CHF,ok,
2026-08-21,CHFGHS,Swiss Franc,Mid Rate,13.8845,GH¢ per CHF,13.8845,GH¢ per CHF,ok,
2026-08-21,CNYGHS,Yuan Renminbi,Buying,1.6538,GH¢ per CNY,1.6538,GH¢ per CNY,ok,
2026-08-21,CNYGHS,Yuan Renminbi,Selling,1.6552,GH¢ per CNY,1.6552,GH¢ per CNY,ok,
2026-08-21,CNYGHS,Yuan Renminbi,Mid Rate,1.6545,GH¢ per CNY,1.6545,GH¢ per CNY,ok,
2026-08-21,DKKGHS,Danish Krone,Buying,1.7374,GH¢ per DKK,1.7374,GH¢ per DKK,ok,
2026-08-21,DKKGHS,Danish Krone,Selling,1.7390,GH¢ per DKK,1.739,GH¢ per DKK,ok,
2026-08-21,DKKGHS,Danish Krone,Mid Rate,1.7382,GH¢ per DKK,1.7382,GH¢ per DKK,ok,
2026-08-21,EURGHS,Euro,Buying,12.9879,GH¢ per EUR,12.9879,GH¢ per EUR,ok,
2026-08-21,EURGHS,Euro,Selling,13.0008,GH¢ per EUR,13.0008,GH¢ per EUR,ok,
2026-08-21,EURGHS,Euro,Mid Rate,12.9944,GH¢ per EUR,12.9944,GH¢ per EUR,ok,
2026-08-21,GBPGHS,Pound Sterling,Buying,15.1634,GH¢ per GBP,15.1634,GH¢ per GBP,ok,
2026-08-21,GBPGHS,Pound Sterling,Selling,15.1797,GH¢ per GBP,15.1797,GH¢ per GBP,ok,
2026-08-21,GBPGHS,Pound Sterling,Mid Rate,15.1716,GH¢ per GBP,15.1716,GH¢ per GBP,ok,
2026-08-21,GHSGMD,Dalasi,Buying,6.5749,GMD per GH¢,0.152093568,GH¢ per GMD,ok,
2026-08-21,GHSGMD,Dalasi,Selling,6.6234,GMD per GH¢,0.1509798593,GH¢ per GMD,ok,
2026-08-21,GHSGMD,Dalasi,Mid Rate,6.5992,GMD per GH¢,0.1515335192,GH¢ per GMD,ok,
2026-08-21,GHSMRO,Ouguiya,Buying,32.1043,MRO per GH¢,0.0311484754,GH¢ per MRO (old ouguiya; 10 MRO = 1 MRU since 2018),ok,
2026-08-21,GHSMRO,Ouguiya,Selling,32.1942,MRO per GH¢,0.0310614955,GH¢ per MRO (old ouguiya; 10 MRO = 1 MRU since 2018),ok,
2026-08-21,GHSMRO,Ouguiya,Mid Rate,32.1493,MRO per GH¢,0.0311048763,GH¢ per MRO (old ouguiya; 10 MRO = 1 MRU since 2018),ok,
2026-08-21,GHSNGN,Naira,Buying,121.0917,NGN per GH¢,0.0082582043,GH¢ per NGN,ok,
2026-08-21,GHSNGN,Naira,Selling,121.3040,NGN per GH¢,0.0082437512,GH¢ per NGN,ok,
2026-08-21,GHSNGN,Naira,Mid Rate,121.1979,NGN per GH¢,0.008250968,GH¢ per NGN,ok,
2026-08-21,GHSSLL,Leone,Buying,"2,133.1171",SLL per GH¢,0.468797517,"GH¢ per SLE (new leone; 1 SLE = 1,000 old leones)",ok,
2026-08-21,GHSSLL,Leone,Selling,"2,195.3462",SLL per GH¢,0.4555090218,"GH¢ per SLE (new leone; 1 SLE = 1,000 old leones)",ok,
2026-08-21,GHSSLL,Leone,Mid Rate,"2,164.2317",SLL per GH¢,0.4620577362,"GH¢ per SLE (new leone; 1 SLE = 1,000 old leones)",ok,
2026-08-21,GHSXOF,BCEAO,Buying,50.4551,XOF per GH¢,0.019819602,GH¢ per XOF (CFA franc (BCEAO)),ok,
2026-08-21,GHSXOF,BCEAO,Selling,50.5052,XOF per GH¢,0.0197999414,GH¢ per XOF (CFA franc (BCEAO)),ok,
2026-08-21,GHSXOF,BCEAO,Mid Rate,50.4802,XOF per GH¢,0.0198097472,GH¢ per XOF (CFA franc (BCEAO)),ok,
2026-08-21,JPYGHS,Japanese yen,Buying,0.0699,GH¢ per JPY,0.0699,GH¢ per JPY,ok,
2026-08-21,JPYGHS,Japanese yen,Selling,0.0700,GH¢ per JPY,0.07,GH¢ per JPY,ok,
2026-08-21,JPYGHS,Japanese yen,Mid Rate,0.0700,GH¢ per JPY,0.07,GH¢ per JPY,ok,
2026-08-21,NOKGHS,Norwegian Krone,Buying,1.1960,GH¢ per NOK,1.196,GH¢ per NOK,ok,
2026-08-21,NOKGHS,Norwegian Krone,Selling,1.1969,GH¢ per NOK,1.1969,GH¢ per NOK,ok,
2026-08-21,NOKGHS,Norwegian Krone,Mid Rate,1.1965,GH¢ per NOK,1.1965,GH¢ per NOK,ok,
2026-08-21,NZDGHS,New Zealand Dollar,Buying,6.6476,GH¢ per NZD,6.6476,GH¢ per NZD,ok,
2026-08-21,NZDGHS,New Zealand Dollar,Selling,6.6563,GH¢ per NZD,6.6563,GH¢ per NZD,ok,
2026-08-21,NZDGHS,New Zealand Dollar,Mid Rate,6.6520,GH¢ per NZD,6.652,GH¢ per NZD,ok,
2026-08-21,SEKGHS,Swedish Krona,Buying,1.1746,GH¢ per SEK,1.1746,GH¢ per SEK,ok,
2026-08-21,SEKGHS,Swedish Krona,Selling,1.1755,GH¢ per SEK,1.1755,GH¢ per SEK,ok,
2026-08-21,SEKGHS,Swedish Krona,Mid Rate,1.1751,GH¢ per SEK,1.1751,GH¢ per SEK,ok,
2026-08-21,WAUGHS,Ecowas,Buying,0.0138,GH¢ per WAU,0.0138,"GH¢ per WAU (BoG's 'Ecowas' unit, not defined by BoG)",ok,
2026-08-21,WAUGHS,Ecowas,Selling,0.0138,GH¢ per WAU,0.0138,"GH¢ per WAU (BoG's 'Ecowas' unit, not defined by BoG)",ok,
2026-08-21,WAUGHS,Ecowas,Mid Rate,0.0138,GH¢ per WAU,0.0138,"GH¢ per WAU (BoG's 'Ecowas' unit, not defined by BoG)",ok,
2026-08-21,ZARGHS,South African Rand,Buying,0.6944,GH¢ per ZAR,0.6944,GH¢ per ZAR,ok,
2026-08-21,ZARGHS,South African Rand,Selling,0.6948,GH¢ per ZAR,0.6948,GH¢ per ZAR,ok,
2026-08-21,ZARGHS,South African Rand,Mid Rate,0.6946,GH¢ per ZAR,0.6946,GH¢ per ZAR,ok,
2026-08-24,USDGHS,US Dollar,Buying,11.1194,GH¢ per USD,11.1194,GH¢ per USD,ok,
2026-08-24,USDGHS,US Dollar,Selling,11.1306,GH¢ per USD,11.1306,GH¢ per USD,ok,
2026-08-24,USDGHS,US Dollar,Mid Rate,11.1250,GH¢ per USD,11.125,GH¢ per USD,ok,
2026-08-24,AUDGHS,Australian Dollar,Buying,7.9510,GH¢ per AUD,7.951,GH¢ per AUD,ok,
2026-08-24,AUDGHS,Australian Dollar,Selling,7.9610,GH¢ per AUD,7.961,GH¢ per AUD,ok,
2026-08-24,AUDGHS,Australian Dollar,Mid Rate,7.9560,GH¢ per AUD,7.956,GH¢ per AUD,ok,
2026-08-24,CADGHS,Canadian Dollar,Buying,8.0339,GH¢ per CAD,8.0339,GH¢ per CAD,ok,
2026-08-24,CADGHS,Canadian Dollar,Selling,8.0417,GH¢ per CAD,8.0417,GH¢ per CAD,ok,
2026-08-24,CADGHS,Canadian Dollar,Mid Rate,8.0378,GH¢ per CAD,8.0378,GH¢ per CAD,ok,
2026-08-24,CHFGHS,Swiss Franc,Buying,13.8629,GH¢ per CHF,13.8629,GH¢ per CHF,ok,
2026-08-24,CHFGHS,Swiss Franc,Selling,13.8753,GH¢ per CHF,13.8753,GH¢ per CHF,ok,
2026-08-24,CHFGHS,Swiss Franc,Mid Rate,13.8691,GH¢ per CHF,13.8691,GH¢ per CHF,ok,
2026-08-24,CNYGHS,Yuan Renminbi,Buying,1.6542,GH¢ per CNY,1.6542,GH¢ per CNY,ok,
2026-08-24,CNYGHS,Yuan Renminbi,Selling,1.6557,GH¢ per CNY,1.6557,GH¢ per CNY,ok,
2026-08-24,CNYGHS,Yuan Renminbi,Mid Rate,1.6550,GH¢ per CNY,1.655,GH¢ per CNY,ok,
2026-08-24,DKKGHS,Danish Krone,Buying,1.7354,GH¢ per DKK,1.7354,GH¢ per DKK,ok,
2026-08-24,DKKGHS,Danish Krone,Selling,1.7371,GH¢ per DKK,1.7371,GH¢ per DKK,ok,
2026-08-24,DKKGHS,Danish Krone,Mid Rate,1.7363,GH¢ per DKK,1.7363,GH¢ per DKK,ok,
2026-08-24,EURGHS,Euro,Buying,12.9732,GH¢ per EUR,12.9732,GH¢ per EUR,ok,
2026-08-24,EURGHS,Euro,Selling,12.9860,GH¢ per EUR,12.986,GH¢ per EUR,ok,
2026-08-24,EURGHS,Euro,Mid Rate,12.9796,GH¢ per EUR,12.9796,GH¢ per EUR,ok,
2026-08-24,GBPGHS,Pound Sterling,Buying,15.1591,GH¢ per GBP,15.1591,GH¢ per GBP,ok,
2026-08-24,GBPGHS,Pound Sterling,Selling,15.1754,GH¢ per GBP,15.1754,GH¢ per GBP,ok,
2026-08-24,GBPGHS,Pound Sterling,Mid Rate,15.1673,GH¢ per GBP,15.1673,GH¢ per GBP,ok,
2026-08-24,GHSGMD,Dalasi,Buying,6.5964,GMD per GH¢,0.1515978412,GH¢ per GMD,ok,
2026-08-24,GHSGMD,Dalasi,Selling,6.6204,GMD per GH¢,0.151048275,GH¢ per GMD,ok,
2026-08-24,GHSGMD,Dalasi,Mid Rate,6.6084,GMD per GH¢,0.1513225592,GH¢ per GMD,ok,
2026-08-24,GHSMRO,Ouguiya,Buying,32.0899,MRO per GH¢,0.031162453,GH¢ per MRO (old ouguiya; 10 MRO = 1 MRU since 2018),ok,
2026-08-24,GHSMRO,Ouguiya,Selling,32.1798,MRO per GH¢,0.0310753951,GH¢ per MRO (old ouguiya; 10 MRO = 1 MRU since 2018),ok,
2026-08-24,GHSMRO,Ouguiya,Mid Rate,32.1349,MRO per GH¢,0.0311188147,GH¢ per MRO (old ouguiya; 10 MRO = 1 MRU since 2018),ok,
2026-08-24,GHSNGN,Naira,Buying,121.0382,NGN per GH¢,0.0082618545,GH¢ per NGN,ok,
2026-08-24,GHSNGN,Naira,Selling,121.1308,NGN per GH¢,0.0082555386,GH¢ per NGN,ok,
2026-08-24,GHSNGN,Naira,Mid Rate,121.0845,NGN per GH¢,0.0082586954,GH¢ per NGN,ok,
2026-08-24,GHSSLL,Leone,Buying,"2,138.9494",SLL per GH¢,0.467519241,"GH¢ per SLE (new leone; 1 SLE = 1,000 old leones)",ok,
2026-08-24,GHSSLL,Leone,Selling,"2,196.8539",SLL per GH¢,0.4551964061,"GH¢ per SLE (new leone; 1 SLE = 1,000 old leones)",ok,
2026-08-24,GHSSLL,Leone,Mid Rate,"2,167.9017",SLL per GH¢,0.4612755274,"GH¢ per SLE (new leone; 1 SLE = 1,000 old leones)",ok,
2026-08-24,GHSXOF,BCEAO,Buying,50.5126,XOF per GH¢,0.0197970407,GH¢ per XOF (CFA franc (BCEAO)),ok,
2026-08-24,GHSXOF,BCEAO,Selling,50.5625,XOF per GH¢,0.0197775031,GH¢ per XOF (CFA franc (BCEAO)),ok,
2026-08-24,GHSXOF,BCEAO,Mid Rate,50.5376,XOF per GH¢,0.0197872475,GH¢ per XOF (CFA franc (BCEAO)),ok,
2026-08-24,JPYGHS,Japanese yen,Buying,0.0699,GH¢ per JPY,0.0699,GH¢ per JPY,ok,
2026-08-24,JPYGHS,Japanese yen,Selling,0.0700,GH¢ per JPY,0.07,GH¢ per JPY,ok,
2026-08-24,JPYGHS,Japanese yen,Mid Rate,0.0700,GH¢ per JPY,0.07,GH¢ per JPY,ok,
2026-08-24,NOKGHS,Norwegian Krone,Buying,1.1954,GH¢ per NOK,1.1954,GH¢ per NOK,ok,
2026-08-24,NOKGHS,Norwegian Krone,Selling,1.1963,GH¢ per NOK,1.1963,GH¢ per NOK,ok,
2026-08-24,NOKGHS,Norwegian Krone,Mid Rate,1.1959,GH¢ per NOK,1.1959,GH¢ per NOK,ok,
2026-08-24,NZDGHS,New Zealand Dollar,Buying,6.6245,GH¢ per NZD,6.6245,GH¢ per NZD,ok,
2026-08-24,NZDGHS,New Zealand Dollar,Selling,6.6332,GH¢ per NZD,6.6332,GH¢ per NZD,ok,
2026-08-24,NZDGHS,New Zealand Dollar,Mid Rate,6.6289,GH¢ per NZD,6.6289,GH¢ per NZD,ok,
2026-08-24,SEKGHS,Swedish Krona,Buying,1.1715,GH¢ per SEK,1.1715,GH¢ per SEK,ok,
2026-08-24,SEKGHS,Swedish Krona,Selling,1.1725,GH¢ per SEK,1.1725,GH¢ per SEK,ok,
2026-08-24,SEKGHS,Swedish Krona,Mid Rate,1.1720,GH¢ per SEK,1.172,GH¢ per SEK,ok,
2026-08-24,WAUGHS,Ecowas,Buying,0.0138,GH¢ per WAU,0.0138,"GH¢ per WAU (BoG's 'Ecowas' unit, not defined by BoG)",ok,
2026-08-24,WAUGHS,Ecowas,Selling,0.0138,GH¢ per WAU,0.0138,"GH¢ per WAU (BoG's 'Ecowas' unit, not defined by BoG)",ok,
2026-08-24,WAUGHS,Ecowas,Mid Rate,0.0138,GH¢ per WAU,0.0138,"GH¢ per WAU (BoG's 'Ecowas' unit, not defined by BoG)",ok,
2026-08-24,ZARGHS,South African Rand,Buying,0.6943,GH¢ per ZAR,0.6943,GH¢ per ZAR,ok,
2026-08-24,ZARGHS,South African Rand,Selling,0.6948,GH¢ per ZAR,0.6948,GH¢ per ZAR,ok,
2026-08-24,ZARGHS,South African Rand,Mid Rate,0.6946,GH¢ per ZAR,0.6946,GH¢ per ZAR,ok,
2026-08-25,USDGHS,US Dollar,Buying,11.1714,GH¢ per USD,11.1714,GH¢ per USD,ok,
2026-08-25,USDGHS,US Dollar,Selling,11.1826,GH¢ per USD,11.1826,GH¢ per USD,ok,
2026-08-25,USDGHS,US Dollar,Mid Rate,11.1770,GH¢ per USD,11.177,GH¢ per USD,ok,
2026-08-25,AUDGHS,Australian Dollar,Buying,7.9972,GH¢ per AUD,7.9972,GH¢ per AUD,ok,
2026-08-25,AUDGHS,Australian Dollar,Selling,8.0057,GH¢ per AUD,8.0057,GH¢ per AUD,ok,
2026-08-25,AUDGHS,Australian Dollar,Mid Rate,8.0015,GH¢ per AUD,8.0015,GH¢ per AUD,ok,
2026-08-25,CADGHS,Canadian Dollar,Buying,8.0748,GH¢ per CAD,8.0748,GH¢ per CAD,ok,
2026-08-25,CADGHS,Canadian Dollar,Selling,8.0826,GH¢ per CAD,8.0826,GH¢ per CAD,ok,
2026-08-25,CADGHS,Canadian Dollar,Mid Rate,8.0787,GH¢ per CAD,8.0787,GH¢ per CAD,ok,
2026-08-25,CHFGHS,Swiss Franc,Buying,13.9214,GH¢ per CHF,13.9214,GH¢ per CHF,ok,
2026-08-25,CHFGHS,Swiss Franc,Selling,13.9351,GH¢ per CHF,13.9351,GH¢ per CHF,ok,
2026-08-25,CHFGHS,Swiss Franc,Mid Rate,13.9283,GH¢ per CHF,13.9283,GH¢ per CHF,ok,
2026-08-25,CNYGHS,Yuan Renminbi,Buying,1.6624,GH¢ per CNY,1.6624,GH¢ per CNY,ok,
2026-08-25,CNYGHS,Yuan Renminbi,Selling,1.6640,GH¢ per CNY,1.664,GH¢ per CNY,ok,
2026-08-25,CNYGHS,Yuan Renminbi,Mid Rate,1.6632,GH¢ per CNY,1.6632,GH¢ per CNY,ok,
2026-08-25,DKKGHS,Danish Krone,Buying,1.7443,GH¢ per DKK,1.7443,GH¢ per DKK,ok,
2026-08-25,DKKGHS,Danish Krone,Selling,1.7460,GH¢ per DKK,1.746,GH¢ per DKK,ok,
2026-08-25,DKKGHS,Danish Krone,Mid Rate,1.7452,GH¢ per DKK,1.7452,GH¢ per DKK,ok,
2026-08-25,EURGHS,Euro,Buying,13.0397,GH¢ per EUR,13.0397,GH¢ per EUR,ok,
2026-08-25,EURGHS,Euro,Selling,13.0515,GH¢ per EUR,13.0515,GH¢ per EUR,ok,
2026-08-25,EURGHS,Euro,Mid Rate,13.0456,GH¢ per EUR,13.0456,GH¢ per EUR,ok,
2026-08-25,GBPGHS,Pound Sterling,Buying,15.2356,GH¢ per GBP,15.2356,GH¢ per GBP,ok,
2026-08-25,GBPGHS,Pound Sterling,Selling,15.2519,GH¢ per GBP,15.2519,GH¢ per GBP,ok,
2026-08-25,GBPGHS,Pound Sterling,Mid Rate,15.2438,GH¢ per GBP,15.2438,GH¢ per GBP,ok,
2026-08-25,GHSGMD,Dalasi,Buying,6.5738,GMD per GH¢,0.1521190179,GH¢ per GMD,ok,
2026-08-25,GHSGMD,Dalasi,Selling,6.5896,GMD per GH¢,0.1517542795,GH¢ per GMD,ok,
2026-08-25,GHSGMD,Dalasi,Mid Rate,6.5817,GMD per GH¢,0.1519364298,GH¢ per GMD,ok,
2026-08-25,GHSMRO,Ouguiya,Buying,31.9406,MRO per GH¢,0.0313081157,GH¢ per MRO (old ouguiya; 10 MRO = 1 MRU since 2018),ok,
2026-08-25,GHSMRO,Ouguiya,Selling,32.0301,MRO per GH¢,0.0312206331,GH¢ per MRO (old ouguiya; 10 MRO = 1 MRU since 2018),ok,
2026-08-25,GHSMRO,Ouguiya,Mid Rate,31.9854,MRO per GH¢,0.0312642643,GH¢ per MRO (old ouguiya; 10 MRO = 1 MRU since 2018),ok,
2026-08-25,GHSNGN,Naira,Buying,120.5413,NGN per GH¢,0.0082959119,GH¢ per NGN,ok,
2026-08-25,GHSNGN,Naira,Selling,120.6308,NGN per GH¢,0.0082897568,GH¢ per NGN,ok,
2026-08-25,GHSNGN,Naira,Mid Rate,120.5861,NGN per GH¢,0.0082928298,GH¢ per NGN,ok,
2026-08-25,GHSSLL,Leone,Buying,"2,128.9982",SLL per GH¢,0.4697044835,"GH¢ per SLE (new leone; 1 SLE = 1,000 old leones)",ok,
2026-08-25,GHSSLL,Leone,Selling,"2,186.6333",SLL per GH¢,0.4573240515,"GH¢ per SLE (new leone; 1 SLE = 1,000 old leones)",ok,
2026-08-25,GHSSLL,Leone,Mid Rate,"2,157.8158",SLL per GH¢,0.4634315867,"GH¢ per SLE (new leone; 1 SLE = 1,000 old leones)",ok,
2026-08-25,GHSXOF,BCEAO,Buying,50.2591,XOF per GH¢,0.0198968943,GH¢ per XOF (CFA franc (BCEAO)),ok,
2026-08-25,GHSXOF,BCEAO,Selling,50.3046,XOF per GH¢,0.0198788978,GH¢ per XOF (CFA franc (BCEAO)),ok,
2026-08-25,GHSXOF,BCEAO,Mid Rate,50.2819,XOF per GH¢,0.0198878722,GH¢ per XOF (CFA franc (BCEAO)),ok,
2026-08-25,JPYGHS,Japanese yen,Buying,0.0702,GH¢ per JPY,0.0702,GH¢ per JPY,ok,
2026-08-25,JPYGHS,Japanese yen,Selling,0.0702,GH¢ per JPY,0.0702,GH¢ per JPY,ok,
2026-08-25,JPYGHS,Japanese yen,Mid Rate,0.0702,GH¢ per JPY,0.0702,GH¢ per JPY,ok,
2026-08-25,NOKGHS,Norwegian Krone,Buying,1.1993,GH¢ per NOK,1.1993,GH¢ per NOK,ok,
2026-08-25,NOKGHS,Norwegian Krone,Selling,1.2003,GH¢ per NOK,1.2003,GH¢ per NOK,ok,
2026-08-25,NOKGHS,Norwegian Krone,Mid Rate,1.1998,GH¢ per NOK,1.1998,GH¢ per NOK,ok,
2026-08-25,NZDGHS,New Zealand Dollar,Buying,6.6686,GH¢ per NZD,6.6686,GH¢ per NZD,ok,
2026-08-25,NZDGHS,New Zealand Dollar,Selling,6.6773,GH¢ per NZD,6.6773,GH¢ per NZD,ok,
2026-08-25,NZDGHS,New Zealand Dollar,Mid Rate,6.6730,GH¢ per NZD,6.673,GH¢ per NZD,ok,
2026-08-25,SEKGHS,Swedish Krona,Buying,1.1798,GH¢ per SEK,1.1798,GH¢ per SEK,ok,
2026-08-25,SEKGHS,Swedish Krona,Selling,1.1808,GH¢ per SEK,1.1808,GH¢ per SEK,ok,
2026-08-25,SEKGHS,Swedish Krona,Mid Rate,1.1803,GH¢ per SEK,1.1803,GH¢ per SEK,ok,
2026-08-25,WAUGHS,Ecowas,Buying,0.0136,GH¢ per WAU,0.0136,"GH¢ per WAU (BoG's 'Ecowas' unit, not defined by BoG)",ok,
2026-08-25,WAUGHS,Ecowas,Selling,0.0136,GH¢ per WAU,0.0136,"GH¢ per WAU (BoG's 'Ecowas' unit, not defined by BoG)",ok,
2026-08-25,WAUGHS,Ecowas,Mid Rate,0.0136,GH¢ per WAU,0.0136,"GH¢ per WAU (BoG's 'Ecowas' unit, not defined by BoG)",ok,
2026-08-25,ZARGHS,South African Rand,Buying,0.7007,GH¢ per ZAR,0.7007,GH¢ per ZAR,ok,
2026-08-25,ZARGHS,South African Rand,Selling,0.7012,GH¢ per ZAR,0.7012,GH¢ per ZAR,ok,
2026-08-25,ZARGHS,South African Rand,Mid Rate,0.7010,GH¢ per ZAR,0.701,GH¢ per ZAR,ok,
2026-08-26,USDGHS,US Dollar,Buying,11.1954,GH¢ per USD,11.1954,GH¢ per USD,ok,
2026-08-26,USDGHS,US Dollar,Selling,11.2066,GH¢ per USD,11.2066,GH¢ per USD,ok,
2026-08-26,USDGHS,US Dollar,Mid Rate,11.2010,GH¢ per USD,11.201,GH¢ per USD,ok,
2026-08-26,AUDGHS,Australian Dollar,Buying,8.0238,GH¢ per AUD,8.0238,GH¢ per AUD,ok,
2026-08-26,AUDGHS,Australian Dollar,Selling,8.0340,GH¢ per AUD,8.034,GH¢ per AUD,ok,
2026-08-26,AUDGHS,Australian Dollar,Mid Rate,8.0289,GH¢ per AUD,8.0289,GH¢ per AUD,ok,
2026-08-26,CADGHS,Canadian Dollar,Buying,8.0661,GH¢ per CAD,8.0661,GH¢ per CAD,ok,
2026-08-26,CADGHS,Canadian Dollar,Selling,8.0740,GH¢ per CAD,8.074,GH¢ per CAD,ok,
2026-08-26,CADGHS,Canadian Dollar,Mid Rate,8.0701,GH¢ per CAD,8.0701,GH¢ per CAD,ok,
2026-08-26,CHFGHS,Swiss Franc,Buying,13.8991,GH¢ per CHF,13.8991,GH¢ per CHF,ok,
2026-08-26,CHFGHS,Swiss Franc,Selling,13.9128,GH¢ per CHF,13.9128,GH¢ per CHF,ok,
2026-08-26,CHFGHS,Swiss Franc,Mid Rate,13.9060,GH¢ per CHF,13.906,GH¢ per CHF,ok,
2026-08-26,CNYGHS,Yuan Renminbi,Buying,1.6655,GH¢ per CNY,1.6655,GH¢ per CNY,ok,
2026-08-26,CNYGHS,Yuan Renminbi,Selling,1.6668,GH¢ per CNY,1.6668,GH¢ per CNY,ok,
2026-08-26,CNYGHS,Yuan Renminbi,Mid Rate,1.6662,GH¢ per CNY,1.6662,GH¢ per CNY,ok,
2026-08-26,DKKGHS,Danish Krone,Buying,1.7448,GH¢ per DKK,1.7448,GH¢ per DKK,ok,
2026-08-26,DKKGHS,Danish Krone,Selling,1.7464,GH¢ per DKK,1.7464,GH¢ per DKK,ok,
2026-08-26,DKKGHS,Danish Krone,Mid Rate,1.7456,GH¢ per DKK,1.7456,GH¢ per DKK,ok,
2026-08-26,EURGHS,Euro,Buying,13.0426,GH¢ per EUR,13.0426,GH¢ per EUR,ok,
2026-08-26,EURGHS,Euro,Selling,13.0555,GH¢ per EUR,13.0555,GH¢ per EUR,ok,
2026-08-26,EURGHS,Euro,Mid Rate,13.0491,GH¢ per EUR,13.0491,GH¢ per EUR,ok,
2026-08-26,GBPGHS,Pound Sterling,Buying,15.2168,GH¢ per GBP,15.2168,GH¢ per GBP,ok,
2026-08-26,GBPGHS,Pound Sterling,Selling,15.2331,GH¢ per GBP,15.2331,GH¢ per GBP,ok,
2026-08-26,GBPGHS,Pound Sterling,Mid Rate,15.2250,GH¢ per GBP,15.225,GH¢ per GBP,ok,
2026-08-26,GHSGMD,Dalasi,Buying,6.5336,GMD per GH¢,0.1530549773,GH¢ per GMD,ok,
2026-08-26,GHSGMD,Dalasi,Selling,6.6289,GMD per GH¢,0.1508545913,GH¢ per GMD,ok,
2026-08-26,GHSGMD,Dalasi,Mid Rate,6.5813,GMD per GH¢,0.1519456642,GH¢ per GMD,ok,
2026-08-26,GHSMRO,Ouguiya,Buying,31.8722,MRO per GH¢,0.0313753051,GH¢ per MRO (old ouguiya; 10 MRO = 1 MRU since 2018),ok,
2026-08-26,GHSMRO,Ouguiya,Selling,31.9614,MRO per GH¢,0.0312877408,GH¢ per MRO (old ouguiya; 10 MRO = 1 MRU since 2018),ok,
2026-08-26,GHSMRO,Ouguiya,Mid Rate,31.9168,MRO per GH¢,0.0313314618,GH¢ per MRO (old ouguiya; 10 MRO = 1 MRU since 2018),ok,
2026-08-26,GHSNGN,Naira,Buying,120.0062,NGN per GH¢,0.0083329028,GH¢ per NGN,ok,
2026-08-26,GHSNGN,Naira,Selling,120.0955,NGN per GH¢,0.0083267067,GH¢ per NGN,ok,
2026-08-26,GHSNGN,Naira,Mid Rate,120.0509,NGN per GH¢,0.0083298001,GH¢ per NGN,ok,
2026-08-26,GHSSLL,Leone,Buying,"2,124.4364",SLL per GH¢,0.4707130795,"GH¢ per SLE (new leone; 1 SLE = 1,000 old leones)",ok,
2026-08-26,GHSSLL,Leone,Selling,"2,181.9480",SLL per GH¢,0.4583060641,"GH¢ per SLE (new leone; 1 SLE = 1,000 old leones)",ok,
2026-08-26,GHSSLL,Leone,Mid Rate,"2,153.1922",SLL per GH¢,0.4644267242,"GH¢ per SLE (new leone; 1 SLE = 1,000 old leones)",ok,
2026-08-26,GHSXOF,BCEAO,Buying,50.2437,XOF per GH¢,0.0199029928,GH¢ per XOF (CFA franc (BCEAO)),ok,
2026-08-26,GHSXOF,BCEAO,Selling,50.2934,XOF per GH¢,0.0198833247,GH¢ per XOF (CFA franc (BCEAO)),ok,
2026-08-26,GHSXOF,BCEAO,Mid Rate,50.2686,XOF per GH¢,0.0198931341,GH¢ per XOF (CFA franc (BCEAO)),ok,
2026-08-26,JPYGHS,Japanese yen,Buying,0.0702,GH¢ per JPY,0.0702,GH¢ per JPY,ok,
2026-08-26,JPYGHS,Japanese yen,Selling,0.0703,GH¢ per JPY,0.0703,GH¢ per JPY,ok,
2026-08-26,JPYGHS,Japanese yen,Mid Rate,0.0703,GH¢ per JPY,0.0703,GH¢ per JPY,ok,
2026-08-26,NOKGHS,Norwegian Krone,Buying,1.1977,GH¢ per NOK,1.1977,GH¢ per NOK,ok,
2026-08-26,NOKGHS,Norwegian Krone,Selling,1.1986,GH¢ per NOK,1.1986,GH¢ per NOK,ok,
2026-08-26,NOKGHS,Norwegian Krone,Mid Rate,1.1982,GH¢ per NOK,1.1982,GH¢ per NOK,ok,
2026-08-26,NZDGHS,New Zealand Dollar,Buying,6.6452,GH¢ per NZD,6.6452,GH¢ per NZD,ok,
2026-08-26,NZDGHS,New Zealand Dollar,Selling,6.6538,GH¢ per NZD,6.6538,GH¢ per NZD,ok,
2026-08-26,NZDGHS,New Zealand Dollar,Mid Rate,6.6495,GH¢ per NZD,6.6495,GH¢ per NZD,ok,
2026-08-26,SEKGHS,Swedish Krona,Buying,1.1742,GH¢ per SEK,1.1742,GH¢ per SEK,ok,
2026-08-26,SEKGHS,Swedish Krona,Selling,1.1752,GH¢ per SEK,1.1752,GH¢ per SEK,ok,
2026-08-26,SEKGHS,Swedish Krona,Mid Rate,1.1747,GH¢ per SEK,1.1747,GH¢ per SEK,ok,
2026-08-26,WAUGHS,Ecowas,Buying,0.0136,GH¢ per WAU,0.0136,"GH¢ per WAU (BoG's 'Ecowas' unit, not defined by BoG)",ok,
2026-08-26,WAUGHS,Ecowas,Selling,0.0136,GH¢ per WAU,0.0136,"GH¢ per WAU (BoG's 'Ecowas' unit, not defined by BoG)",ok,
2026-08-26,WAUGHS,Ecowas,Mid Rate,0.0136,GH¢ per WAU,0.0136,"GH¢ per WAU (BoG's 'Ecowas' unit, not defined by BoG)",ok,
2026-08-26,ZARGHS,South African Rand,Buying,0.7005,GH¢ per ZAR,0.7005,GH¢ per ZAR,ok,
2026-08-26,ZARGHS,South African Rand,Selling,0.7010,GH¢ per ZAR,0.701,GH¢ per ZAR,ok,
2026-08-26,ZARGHS,South African Rand,Mid Rate,0.7008,GH¢ per ZAR,0.7008,GH¢ per ZAR,ok,
2026-08-27,USDGHS,US Dollar,Buying,11.2129,GH¢ per USD,11.2129,GH¢ per USD,ok,
2026-08-27,USDGHS,US Dollar,Selling,11.2241,GH¢ per USD,11.2241,GH¢ per USD,ok,
2026-08-27,USDGHS,US Dollar,Mid Rate,11.2185,GH¢ per USD,11.2185,GH¢ per USD,ok,
2026-08-27,AUDGHS,Australian Dollar,Buying,8.0687,GH¢ per AUD,8.0687,GH¢ per AUD,ok,
2026-08-27,AUDGHS,Australian Dollar,Selling,8.0774,GH¢ per AUD,8.0774,GH¢ per AUD,ok,
2026-08-27,AUDGHS,Australian Dollar,Mid Rate,8.0731,GH¢ per AUD,8.0731,GH¢ per AUD,ok,
2026-08-27,CADGHS,Canadian Dollar,Buying,8.0926,GH¢ per CAD,8.0926,GH¢ per CAD,ok,
2026-08-27,CADGHS,Canadian Dollar,Selling,8.1004,GH¢ per CAD,8.1004,GH¢ per CAD,ok,
2026-08-27,CADGHS,Canadian Dollar,Mid Rate,8.0965,GH¢ per CAD,8.0965,GH¢ per CAD,ok,
2026-08-27,CHFGHS,Swiss Franc,Buying,13.9532,GH¢ per CHF,13.9532,GH¢ per CHF,ok,
2026-08-27,CHFGHS,Swiss Franc,Selling,13.9669,GH¢ per CHF,13.9669,GH¢ per CHF,ok,
2026-08-27,CHFGHS,Swiss Franc,Mid Rate,13.9601,GH¢ per CHF,13.9601,GH¢ per CHF,ok,
2026-08-27,CNYGHS,Yuan Renminbi,Buying,1.6686,GH¢ per CNY,1.6686,GH¢ per CNY,ok,
2026-08-27,CNYGHS,Yuan Renminbi,Selling,1.6703,GH¢ per CNY,1.6703,GH¢ per CNY,ok,
2026-08-27,CNYGHS,Yuan Renminbi,Mid Rate,1.6695,GH¢ per CNY,1.6695,GH¢ per CNY,ok,
2026-08-27,DKKGHS,Danish Krone,Buying,1.7479,GH¢ per DKK,1.7479,GH¢ per DKK,ok,
2026-08-27,DKKGHS,Danish Krone,Selling,1.7496,GH¢ per DKK,1.7496,GH¢ per DKK,ok,
2026-08-27,DKKGHS,Danish Krone,Mid Rate,1.7488,GH¢ per DKK,1.7488,GH¢ per DKK,ok,
2026-08-27,EURGHS,Euro,Buying,13.0644,GH¢ per EUR,13.0644,GH¢ per EUR,ok,
2026-08-27,EURGHS,Euro,Selling,13.0762,GH¢ per EUR,13.0762,GH¢ per EUR,ok,
2026-08-27,EURGHS,Euro,Mid Rate,13.0703,GH¢ per EUR,13.0703,GH¢ per EUR,ok,
2026-08-27,GBPGHS,Pound Sterling,Buying,15.2383,GH¢ per GBP,15.2383,GH¢ per GBP,ok,
2026-08-27,GBPGHS,Pound Sterling,Selling,15.2547,GH¢ per GBP,15.2547,GH¢ per GBP,ok,
2026-08-27,GBPGHS,Pound Sterling,Mid Rate,15.2465,GH¢ per GBP,15.2465,GH¢ per GBP,ok,
2026-08-27,GHSGMD,Dalasi,Buying,6.5233,GMD per GH¢,0.1532966443,GH¢ per GMD,ok,
2026-08-27,GHSGMD,Dalasi,Selling,6.5652,GMD per GH¢,0.1523182843,GH¢ per GMD,ok,
2026-08-27,GHSGMD,Dalasi,Mid Rate,6.5443,GMD per GH¢,0.1528047308,GH¢ per GMD,ok,
2026-08-27,GHSMRO,Ouguiya,Buying,31.8224,MRO per GH¢,0.0314244055,GH¢ per MRO (old ouguiya; 10 MRO = 1 MRU since 2018),ok,
2026-08-27,GHSMRO,Ouguiya,Selling,31.9116,MRO per GH¢,0.0313365673,GH¢ per MRO (old ouguiya; 10 MRO = 1 MRU since 2018),ok,
2026-08-27,GHSMRO,Ouguiya,Mid Rate,31.8670,MRO per GH¢,0.0313804249,GH¢ per MRO (old ouguiya; 10 MRO = 1 MRU since 2018),ok,
2026-08-27,GHSNGN,Naira,Buying,119.2200,NGN per GH¢,0.0083878544,GH¢ per NGN,ok,
2026-08-27,GHSNGN,Naira,Selling,119.8895,NGN per GH¢,0.008341014,GH¢ per NGN,ok,
2026-08-27,GHSNGN,Naira,Mid Rate,119.5548,NGN per GH¢,0.0083643651,GH¢ per NGN,ok,
2026-08-27,GHSSLL,Leone,Buying,"2,123.1636",SLL per GH¢,0.4709952639,"GH¢ per SLE (new leone; 1 SLE = 1,000 old leones)",ok,
2026-08-27,GHSSLL,Leone,Selling,"2,182.0744",SLL per GH¢,0.458279516,"GH¢ per SLE (new leone; 1 SLE = 1,000 old leones)",ok,
2026-08-27,GHSSLL,Leone,Mid Rate,"2,152.6190",SLL per GH¢,0.4645503919,"GH¢ per SLE (new leone; 1 SLE = 1,000 old leones)",ok,
2026-08-27,GHSXOF,BCEAO,Buying,50.1642,XOF per GH¢,0.019934535,GH¢ per XOF (CFA franc (BCEAO)),ok,
2026-08-27,GHSXOF,BCEAO,Selling,50.2095,XOF per GH¢,0.0199165497,GH¢ per XOF (CFA franc (BCEAO)),ok,
2026-08-27,GHSXOF,BCEAO,Mid Rate,50.1869,XOF per GH¢,0.0199255184,GH¢ per XOF (CFA franc (BCEAO)),ok,
2026-08-27,JPYGHS,Japanese yen,Buying,0.0704,GH¢ per JPY,0.0704,GH¢ per JPY,ok,
2026-08-27,JPYGHS,Japanese yen,Selling,0.0705,GH¢ per JPY,0.0705,GH¢ per JPY,ok,
2026-08-27,JPYGHS,Japanese yen,Mid Rate,0.0705,GH¢ per JPY,0.0705,GH¢ per JPY,ok,
2026-08-27,NOKGHS,Norwegian Krone,Buying,1.2025,GH¢ per NOK,1.2025,GH¢ per NOK,ok,
2026-08-27,NOKGHS,Norwegian Krone,Selling,1.2034,GH¢ per NOK,1.2034,GH¢ per NOK,ok,
2026-08-27,NOKGHS,Norwegian Krone,Mid Rate,1.2030,GH¢ per NOK,1.203,GH¢ per NOK,ok,
2026-08-27,NZDGHS,New Zealand Dollar,Buying,6.6713,GH¢ per NZD,6.6713,GH¢ per NZD,ok,
2026-08-27,NZDGHS,New Zealand Dollar,Selling,6.6800,GH¢ per NZD,6.68,GH¢ per NZD,ok,
2026-08-27,NZDGHS,New Zealand Dollar,Mid Rate,6.6757,GH¢ per NZD,6.6757,GH¢ per NZD,ok,
2026-08-27,SEKGHS,Swedish Krona,Buying,1.1787,GH¢ per SEK,1.1787,GH¢ per SEK,ok,
2026-08-27,SEKGHS,Swedish Krona,Selling,1.1797,GH¢ per SEK,1.1797,GH¢ per SEK,ok,
2026-08-27,SEKGHS,Swedish Krona,Mid Rate,1.1792,GH¢ per SEK,1.1792,GH¢ per SEK,ok,
2026-08-27,WAUGHS,Ecowas,Buying,0.0135,GH¢ per WAU,0.0135,"GH¢ per WAU (BoG's 'Ecowas' unit, not defined by BoG)",ok,
2026-08-27,WAUGHS,Ecowas,Selling,0.0135,GH¢ per WAU,0.0135,"GH¢ per WAU (BoG's 'Ecowas' unit, not defined by BoG)",ok,
2026-08-27,WAUGHS,Ecowas,Mid Rate,0.0135,GH¢ per WAU,0.0135,"GH¢ per WAU (BoG's 'Ecowas' unit, not defined by BoG)",ok,
2026-08-27,ZARGHS,South African Rand,Buying,0.7013,GH¢ per ZAR,0.7013,GH¢ per ZAR,ok,
2026-08-27,ZARGHS,South African Rand,Selling,0.7018,GH¢ per ZAR,0.7018,GH¢ per ZAR,ok,
2026-08-27,ZARGHS,South African Rand,Mid Rate,0.7016,GH¢ per ZAR,0.7016,GH¢ per ZAR,ok,
2026-08-28,USDGHS,US Dollar,Buying,11.2444,GH¢ per USD,11.2444,GH¢ per USD,ok,
2026-08-28,USDGHS,US Dollar,Selling,11.2556,GH¢ per USD,11.2556,GH¢ per USD,ok,
2026-08-28,USDGHS,US Dollar,Mid Rate,11.2500,GH¢ per USD,11.25,GH¢ per USD,ok,
2026-08-28,AUDGHS,Australian Dollar,Buying,8.0513,GH¢ per AUD,8.0513,GH¢ per AUD,ok,
2026-08-28,AUDGHS,Australian Dollar,Selling,8.0614,GH¢ per AUD,8.0614,GH¢ per AUD,ok,
2026-08-28,AUDGHS,Australian Dollar,Mid Rate,8.0564,GH¢ per AUD,8.0564,GH¢ per AUD,ok,
2026-08-28,CADGHS,Canadian Dollar,Buying,8.0894,GH¢ per CAD,8.0894,GH¢ per CAD,ok,
2026-08-28,CADGHS,Canadian Dollar,Selling,8.0972,GH¢ per CAD,8.0972,GH¢ per CAD,ok,
2026-08-28,CADGHS,Canadian Dollar,Mid Rate,8.0933,GH¢ per CAD,8.0933,GH¢ per CAD,ok,
2026-08-28,CHFGHS,Swiss Franc,Buying,13.8943,GH¢ per CHF,13.8943,GH¢ per CHF,ok,
2026-08-28,CHFGHS,Swiss Franc,Selling,13.9067,GH¢ per CHF,13.9067,GH¢ per CHF,ok,
2026-08-28,CHFGHS,Swiss Franc,Mid Rate,13.9005,GH¢ per CHF,13.9005,GH¢ per CHF,ok,
2026-08-28,CNYGHS,Yuan Renminbi,Buying,1.6711,GH¢ per CNY,1.6711,GH¢ per CNY,ok,
2026-08-28,CNYGHS,Yuan Renminbi,Selling,1.6725,GH¢ per CNY,1.6725,GH¢ per CNY,ok,
2026-08-28,CNYGHS,Yuan Renminbi,Mid Rate,1.6718,GH¢ per CNY,1.6718,GH¢ per CNY,ok,
2026-08-28,DKKGHS,Danish Krone,Buying,1.7430,GH¢ per DKK,1.743,GH¢ per DKK,ok,
2026-08-28,DKKGHS,Danish Krone,Selling,1.7447,GH¢ per DKK,1.7447,GH¢ per DKK,ok,
2026-08-28,DKKGHS,Danish Krone,Mid Rate,1.7439,GH¢ per DKK,1.7439,GH¢ per DKK,ok,
2026-08-28,EURGHS,Euro,Buying,13.0286,GH¢ per EUR,13.0286,GH¢ per EUR,ok,
2026-08-28,EURGHS,Euro,Selling,13.0415,GH¢ per EUR,13.0415,GH¢ per EUR,ok,
2026-08-28,EURGHS,Euro,Mid Rate,13.0351,GH¢ per EUR,13.0351,GH¢ per EUR,ok,
2026-08-28,GBPGHS,Pound Sterling,Buying,15.2226,GH¢ per GBP,15.2226,GH¢ per GBP,ok,
2026-08-28,GBPGHS,Pound Sterling,Selling,15.2390,GH¢ per GBP,15.239,GH¢ per GBP,ok,
2026-08-28,GBPGHS,Pound Sterling,Mid Rate,15.2308,GH¢ per GBP,15.2308,GH¢ per GBP,ok,
2026-08-28,GHSGMD,Dalasi,Buying,6.4825,GMD per GH¢,0.1542614732,GH¢ per GMD,ok,
2026-08-28,GHSGMD,Dalasi,Selling,6.5468,GMD per GH¢,0.1527463799,GH¢ per GMD,ok,
2026-08-28,GHSGMD,Dalasi,Mid Rate,6.5147,GMD per GH¢,0.1534990099,GH¢ per GMD,ok,
2026-08-28,GHSMRO,Ouguiya,Buying,31.7333,MRO per GH¢,0.0315126381,GH¢ per MRO (old ouguiya; 10 MRO = 1 MRU since 2018),ok,
2026-08-28,GHSMRO,Ouguiya,Selling,31.8222,MRO per GH¢,0.031424603,GH¢ per MRO (old ouguiya; 10 MRO = 1 MRU since 2018),ok,
2026-08-28,GHSMRO,Ouguiya,Mid Rate,31.7778,MRO per GH¢,0.0314685095,GH¢ per MRO (old ouguiya; 10 MRO = 1 MRU since 2018),ok,
2026-08-28,GHSNGN,Naira,Buying,118.8969,NGN per GH¢,0.0084106482,GH¢ per NGN,ok,
2026-08-28,GHSNGN,Naira,Selling,119.1636,NGN per GH¢,0.0083918243,GH¢ per NGN,ok,
2026-08-28,GHSNGN,Naira,Mid Rate,119.0303,NGN per GH¢,0.0084012222,GH¢ per NGN,ok,
2026-08-28,GHSSLL,Leone,Buying,"2,117.2187",SLL per GH¢,0.4723177629,"GH¢ per SLE (new leone; 1 SLE = 1,000 old leones)",ok,
2026-08-28,GHSSLL,Leone,Selling,"2,175.9646",SLL per GH¢,0.4595662999,"GH¢ per SLE (new leone; 1 SLE = 1,000 old leones)",ok,
2026-08-28,GHSSLL,Leone,Mid Rate,"2,146.5917",SLL per GH¢,0.4658547781,"GH¢ per SLE (new leone; 1 SLE = 1,000 old leones)",ok,
2026-08-28,GHSXOF,BCEAO,Buying,50.2977,XOF per GH¢,0.0198816248,GH¢ per XOF (CFA franc (BCEAO)),ok,
2026-08-28,GHSXOF,BCEAO,Selling,50.3475,XOF per GH¢,0.0198619594,GH¢ per XOF (CFA franc (BCEAO)),ok,
2026-08-28,GHSXOF,BCEAO,Mid Rate,50.3226,XOF per GH¢,0.0198717872,GH¢ per XOF (CFA franc (BCEAO)),ok,
2026-08-28,JPYGHS,Japanese yen,Buying,0.0702,GH¢ per JPY,0.0702,GH¢ per JPY,ok,
2026-08-28,JPYGHS,Japanese yen,Selling,0.0703,GH¢ per JPY,0.0703,GH¢ per JPY,ok,
2026-08-28,JPYGHS,Japanese yen,Mid Rate,0.0703,GH¢ per JPY,0.0703,GH¢ per JPY,ok,
2026-08-28,NOKGHS,Norwegian Krone,Buying,1.1985,GH¢ per NOK,1.1985,GH¢ per NOK,ok,
2026-08-28,NOKGHS,Norwegian Krone,Selling,1.1993,GH¢ per NOK,1.1993,GH¢ per NOK,ok,
2026-08-28,NOKGHS,Norwegian Krone,Mid Rate,1.1989,GH¢ per NOK,1.1989,GH¢ per NOK,ok,
2026-08-28,NZDGHS,New Zealand Dollar,Buying,6.6432,GH¢ per NZD,6.6432,GH¢ per NZD,ok,
2026-08-28,NZDGHS,New Zealand Dollar,Selling,6.6518,GH¢ per NZD,6.6518,GH¢ per NZD,ok,
2026-08-28,NZDGHS,New Zealand Dollar,Mid Rate,6.6475,GH¢ per NZD,6.6475,GH¢ per NZD,ok,
2026-08-28,SEKGHS,Swedish Krona,Buying,1.1700,GH¢ per SEK,1.17,GH¢ per SEK,ok,
2026-08-28,SEKGHS,Swedish Krona,Selling,1.1709,GH¢ per SEK,1.1709,GH¢ per SEK,ok,
2026-08-28,SEKGHS,Swedish Krona,Mid Rate,1.1705,GH¢ per SEK,1.1705,GH¢ per SEK,ok,
2026-08-28,WAUGHS,Ecowas,Buying,0.0135,GH¢ per WAU,0.0135,"GH¢ per WAU (BoG's 'Ecowas' unit, not defined by BoG)",ok,
2026-08-28,WAUGHS,Ecowas,Selling,0.0135,GH¢ per WAU,0.0135,"GH¢ per WAU (BoG's 'Ecowas' unit, not defined by BoG)",ok,
2026-08-28,WAUGHS,Ecowas,Mid Rate,0.0135,GH¢ per WAU,0.0135,"GH¢ per WAU (BoG's 'Ecowas' unit, not defined by BoG)",ok,
2026-08-28,ZARGHS,South African Rand,Buying,0.6959,GH¢ per ZAR,0.6959,GH¢ per ZAR,ok,
2026-08-28,ZARGHS,South African Rand,Selling,0.6963,GH¢ per ZAR,0.6963,GH¢ per ZAR,ok,
2026-08-28,ZARGHS,South African Rand,Mid Rate,0.6961,GH¢ per ZAR,0.6961,GH¢ per ZAR,ok,
2026-08-31,USDGHS,US Dollar,Buying,11.2444,GH¢ per USD,11.2444,GH¢ per USD,ok,
2026-08-31,USDGHS,US Dollar,Selling,11.2556,GH¢ per USD,11.2556,GH¢ per USD,ok,
2026-08-31,USDGHS,US Dollar,Mid Rate,11.2500,GH¢ per USD,11.25,GH¢ per USD,ok,
2026-08-31,AUDGHS,Australian Dollar,Buying,8.0563,GH¢ per AUD,8.0563,GH¢ per AUD,ok,
2026-08-31,AUDGHS,Australian Dollar,Selling,8.0665,GH¢ per AUD,8.0665,GH¢ per AUD,ok,
2026-08-31,AUDGHS,Australian Dollar,Mid Rate,8.0614,GH¢ per AUD,8.0614,GH¢ per AUD,ok,
2026-08-31,CADGHS,Canadian Dollar,Buying,8.1132,GH¢ per CAD,8.1132,GH¢ per CAD,ok,
2026-08-31,CADGHS,Canadian Dollar,Selling,8.1211,GH¢ per CAD,8.1211,GH¢ per CAD,ok,
2026-08-31,CADGHS,Canadian Dollar,Mid Rate,8.1172,GH¢ per CAD,8.1172,GH¢ per CAD,ok,
2026-08-31,CHFGHS,Swiss Franc,Buying,13.9107,GH¢ per CHF,13.9107,GH¢ per CHF,ok,
2026-08-31,CHFGHS,Swiss Franc,Selling,13.9244,GH¢ per CHF,13.9244,GH¢ per CHF,ok,
2026-08-31,CHFGHS,Swiss Franc,Mid Rate,13.9176,GH¢ per CHF,13.9176,GH¢ per CHF,ok,
2026-08-31,CNYGHS,Yuan Renminbi,Buying,1.6734,GH¢ per CNY,1.6734,GH¢ per CNY,ok,
2026-08-31,CNYGHS,Yuan Renminbi,Selling,1.6750,GH¢ per CNY,1.675,GH¢ per CNY,ok,
2026-08-31,CNYGHS,Yuan Renminbi,Mid Rate,1.6742,GH¢ per CNY,1.6742,GH¢ per CNY,ok,
2026-08-31,DKKGHS,Danish Krone,Buying,1.7474,GH¢ per DKK,1.7474,GH¢ per DKK,ok,
2026-08-31,DKKGHS,Danish Krone,Selling,1.7490,GH¢ per DKK,1.749,GH¢ per DKK,ok,
2026-08-31,DKKGHS,Danish Krone,Mid Rate,1.7482,GH¢ per DKK,1.7482,GH¢ per DKK,ok,
2026-08-31,EURGHS,Euro,Buying,13.0616,GH¢ per EUR,13.0616,GH¢ per EUR,ok,
2026-08-31,EURGHS,Euro,Selling,13.0745,GH¢ per EUR,13.0745,GH¢ per EUR,ok,
2026-08-31,EURGHS,Euro,Mid Rate,13.0681,GH¢ per EUR,13.0681,GH¢ per EUR,ok,
2026-08-31,GBPGHS,Pound Sterling,Buying,15.2350,GH¢ per GBP,15.235,GH¢ per GBP,ok,
2026-08-31,GBPGHS,Pound Sterling,Selling,15.2514,GH¢ per GBP,15.2514,GH¢ per GBP,ok,
2026-08-31,GBPGHS,Pound Sterling,Mid Rate,15.2432,GH¢ per GBP,15.2432,GH¢ per GBP,ok,
2026-08-31,GHSGMD,Dalasi,Buying,6.5626,GMD per GH¢,0.1523786304,GH¢ per GMD,ok,
2026-08-31,GHSGMD,Dalasi,Selling,6.5770,GMD per GH¢,0.1520450053,GH¢ per GMD,ok,
2026-08-31,GHSGMD,Dalasi,Mid Rate,6.5698,GMD per GH¢,0.1522116351,GH¢ per GMD,ok,
2026-08-31,GHSMRO,Ouguiya,Buying,31.7333,MRO per GH¢,0.0315126381,GH¢ per MRO (old ouguiya; 10 MRO = 1 MRU since 2018),ok,
2026-08-31,GHSMRO,Ouguiya,Selling,31.8222,MRO per GH¢,0.031424603,GH¢ per MRO (old ouguiya; 10 MRO = 1 MRU since 2018),ok,
2026-08-31,GHSMRO,Ouguiya,Mid Rate,31.7778,MRO per GH¢,0.0314685095,GH¢ per MRO (old ouguiya; 10 MRO = 1 MRU since 2018),ok,
2026-08-31,GHSNGN,Naira,Buying,118.8516,NGN per GH¢,0.0084138539,GH¢ per NGN,ok,
2026-08-31,GHSNGN,Naira,Selling,118.9404,NGN per GH¢,0.0084075722,GH¢ per NGN,ok,
2026-08-31,GHSNGN,Naira,Mid Rate,118.8960,NGN per GH¢,0.0084107119,GH¢ per NGN,ok,
2026-08-31,GHSSLL,Leone,Buying,"2,117.2187",SLL per GH¢,0.4723177629,"GH¢ per SLE (new leone; 1 SLE = 1,000 old leones)",ok,
2026-08-31,GHSSLL,Leone,Selling,"2,175.9646",SLL per GH¢,0.4595662999,"GH¢ per SLE (new leone; 1 SLE = 1,000 old leones)",ok,
2026-08-31,GHSSLL,Leone,Mid Rate,"2,146.5917",SLL per GH¢,0.4658547781,"GH¢ per SLE (new leone; 1 SLE = 1,000 old leones)",ok,
2026-08-31,GHSXOF,BCEAO,Buying,50.1707,XOF per GH¢,0.0199319523,GH¢ per XOF (CFA franc (BCEAO)),ok,
2026-08-31,GHSXOF,BCEAO,Selling,50.2203,XOF per GH¢,0.0199122666,GH¢ per XOF (CFA franc (BCEAO)),ok,
2026-08-31,GHSXOF,BCEAO,Mid Rate,50.1955,XOF per GH¢,0.0199221046,GH¢ per XOF (CFA franc (BCEAO)),ok,
2026-08-31,JPYGHS,Japanese yen,Buying,0.0704,GH¢ per JPY,0.0704,GH¢ per JPY,ok,
2026-08-31,JPYGHS,Japanese yen,Selling,0.0705,GH¢ per JPY,0.0705,GH¢ per JPY,ok,
2026-08-31,JPYGHS,Japanese yen,Mid Rate,0.0705,GH¢ per JPY,0.0705,GH¢ per JPY,ok,
2026-08-31,NOKGHS,Norwegian Krone,Buying,1.2034,GH¢ per NOK,1.2034,GH¢ per NOK,ok,
2026-08-31,NOKGHS,Norwegian Krone,Selling,1.2042,GH¢ per NOK,1.2042,GH¢ per NOK,ok,
2026-08-31,NOKGHS,Norwegian Krone,Mid Rate,1.2038,GH¢ per NOK,1.2038,GH¢ per NOK,ok,
2026-08-31,NZDGHS,New Zealand Dollar,Buying,6.6516,GH¢ per NZD,6.6516,GH¢ per NZD,ok,
2026-08-31,NZDGHS,New Zealand Dollar,Selling,6.6603,GH¢ per NZD,6.6603,GH¢ per NZD,ok,
2026-08-31,NZDGHS,New Zealand Dollar,Mid Rate,6.6560,GH¢ per NZD,6.656,GH¢ per NZD,ok,
2026-08-31,SEKGHS,Swedish Krona,Buying,1.1740,GH¢ per SEK,1.174,GH¢ per SEK,ok,
2026-08-31,SEKGHS,Swedish Krona,Selling,1.1750,GH¢ per SEK,1.175,GH¢ per SEK,ok,
2026-08-31,SEKGHS,Swedish Krona,Mid Rate,1.1745,GH¢ per SEK,1.1745,GH¢ per SEK,ok,
2026-08-31,WAUGHS,Ecowas,Buying,0.0135,GH¢ per WAU,0.0135,"GH¢ per WAU (BoG's 'Ecowas' unit, not defined by BoG)",ok,
2026-08-31,WAUGHS,Ecowas,Selling,0.0135,GH¢ per WAU,0.0135,"GH¢ per WAU (BoG's 'Ecowas' unit, not defined by BoG)",ok,
2026-08-31,WAUGHS,Ecowas,Mid Rate,0.0135,GH¢ per WAU,0.0135,"GH¢ per WAU (BoG's 'Ecowas' unit, not defined by BoG)",ok,
2026-08-31,ZARGHS,South African Rand,Buying,0.6980,GH¢ per ZAR,0.698,GH¢ per ZAR,ok,
2026-08-31,ZARGHS,South African Rand,Selling,0.6984,GH¢ per ZAR,0.6984,GH¢ per ZAR,ok,
2026-08-31,ZARGHS,South African Rand,Mid Rate,0.6982,GH¢ per ZAR,0.6982,GH¢ per ZAR,ok,
2026-09-01,USDGHS,US Dollar,Buying,11.2669,GH¢ per USD,11.2669,GH¢ per USD,ok,
2026-09-01,USDGHS,US Dollar,Selling,11.2781,GH¢ per USD,11.2781,GH¢ per USD,ok,
2026-09-01,USDGHS,US Dollar,Mid Rate,11.2725,GH¢ per USD,11.2725,GH¢ per USD,ok,
2026-09-01,AUDGHS,Australian Dollar,Buying,8.0648,GH¢ per AUD,8.0648,GH¢ per AUD,ok,
2026-09-01,AUDGHS,Australian Dollar,Selling,8.0734,GH¢ per AUD,8.0734,GH¢ per AUD,ok,
2026-09-01,AUDGHS,Australian Dollar,Mid Rate,8.0691,GH¢ per AUD,8.0691,GH¢ per AUD,ok,
2026-09-01,CADGHS,Canadian Dollar,Buying,8.1036,GH¢ per CAD,8.1036,GH¢ per CAD,ok,
2026-09-01,CADGHS,Canadian Dollar,Selling,8.1114,GH¢ per CAD,8.1114,GH¢ per CAD,ok,
2026-09-01,CADGHS,Canadian Dollar,Mid Rate,8.1075,GH¢ per CAD,8.1075,GH¢ per CAD,ok,
2026-09-01,CHFGHS,Swiss Franc,Buying,13.8794,GH¢ per CHF,13.8794,GH¢ per CHF,ok,
2026-09-01,CHFGHS,Swiss Franc,Selling,13.8918,GH¢ per CHF,13.8918,GH¢ per CHF,ok,
2026-09-01,CHFGHS,Swiss Franc,Mid Rate,13.8856,GH¢ per CHF,13.8856,GH¢ per CHF,ok,
2026-09-01,CNYGHS,Yuan Renminbi,Buying,1.6766,GH¢ per CNY,1.6766,GH¢ per CNY,ok,
2026-09-01,CNYGHS,Yuan Renminbi,Selling,1.6780,GH¢ per CNY,1.678,GH¢ per CNY,ok,
2026-09-01,CNYGHS,Yuan Renminbi,Mid Rate,1.6773,GH¢ per CNY,1.6773,GH¢ per CNY,ok,
2026-09-01,DKKGHS,Danish Krone,Buying,1.7474,GH¢ per DKK,1.7474,GH¢ per DKK,ok,
2026-09-01,DKKGHS,Danish Krone,Selling,1.7491,GH¢ per DKK,1.7491,GH¢ per DKK,ok,
2026-09-01,DKKGHS,Danish Krone,Mid Rate,1.7483,GH¢ per DKK,1.7483,GH¢ per DKK,ok,
2026-09-01,EURGHS,Euro,Buying,13.0610,GH¢ per EUR,13.061,GH¢ per EUR,ok,
2026-09-01,EURGHS,Euro,Selling,13.0739,GH¢ per EUR,13.0739,GH¢ per EUR,ok,
2026-09-01,EURGHS,Euro,Mid Rate,13.0675,GH¢ per EUR,13.0675,GH¢ per EUR,ok,
2026-09-01,GBPGHS,Pound Sterling,Buying,15.2396,GH¢ per GBP,15.2396,GH¢ per GBP,ok,
2026-09-01,GBPGHS,Pound Sterling,Selling,15.2559,GH¢ per GBP,15.2559,GH¢ per GBP,ok,
2026-09-01,GBPGHS,Pound Sterling,Mid Rate,15.2478,GH¢ per GBP,15.2478,GH¢ per GBP,ok,
2026-09-01,GHSGMD,Dalasi,Buying,6.4937,GMD per GH¢,0.1539954109,GH¢ per GMD,ok,
2026-09-01,GHSGMD,Dalasi,Selling,6.5615,GMD per GH¢,0.1524041759,GH¢ per GMD,ok,
2026-09-01,GHSGMD,Dalasi,Mid Rate,6.5276,GMD per GH¢,0.1531956615,GH¢ per GMD,ok,
2026-09-01,GHSMRO,Ouguiya,Buying,31.6700,MRO per GH¢,0.0315756236,GH¢ per MRO (old ouguiya; 10 MRO = 1 MRU since 2018),ok,
2026-09-01,GHSMRO,Ouguiya,Selling,31.7587,MRO per GH¢,0.0314874349,GH¢ per MRO (old ouguiya; 10 MRO = 1 MRU since 2018),ok,
2026-09-01,GHSMRO,Ouguiya,Mid Rate,31.7144,MRO per GH¢,0.0315314179,GH¢ per MRO (old ouguiya; 10 MRO = 1 MRU since 2018),ok,
2026-09-01,GHSNGN,Naira,Buying,118.2524,NGN per GH¢,0.008456488,GH¢ per NGN,ok,
2026-09-01,GHSNGN,Naira,Selling,118.3411,NGN per GH¢,0.0084501496,GH¢ per NGN,ok,
2026-09-01,GHSNGN,Naira,Mid Rate,118.2968,NGN per GH¢,0.008453314,GH¢ per NGN,ok,
2026-09-01,GHSSLL,Leone,Buying,"2,115.0189",SLL per GH¢,0.4728090137,"GH¢ per SLE (new leone; 1 SLE = 1,000 old leones)",ok,
2026-09-01,GHSSLL,Leone,Selling,"2,174.9390",SLL per GH¢,0.45978301,"GH¢ per SLE (new leone; 1 SLE = 1,000 old leones)",ok,
2026-09-01,GHSSLL,Leone,Mid Rate,"2,144.9790",SLL per GH¢,0.4662050304,"GH¢ per SLE (new leone; 1 SLE = 1,000 old leones)",ok,
2026-09-01,GHSXOF,BCEAO,Buying,50.1730,XOF per GH¢,0.0199310386,GH¢ per XOF (CFA franc (BCEAO)),ok,
2026-09-01,GHSXOF,BCEAO,Selling,50.2226,XOF per GH¢,0.0199113546,GH¢ per XOF (CFA franc (BCEAO)),ok,
2026-09-01,GHSXOF,BCEAO,Mid Rate,50.1978,XOF per GH¢,0.0199211918,GH¢ per XOF (CFA franc (BCEAO)),ok,
2026-09-01,JPYGHS,Japanese yen,Buying,0.0704,GH¢ per JPY,0.0704,GH¢ per JPY,ok,
2026-09-01,JPYGHS,Japanese yen,Selling,0.0705,GH¢ per JPY,0.0705,GH¢ per JPY,ok,
2026-09-01,JPYGHS,Japanese yen,Mid Rate,0.0705,GH¢ per JPY,0.0705,GH¢ per JPY,ok,
2026-09-01,NOKGHS,Norwegian Krone,Buying,1.2086,GH¢ per NOK,1.2086,GH¢ per NOK,ok,
2026-09-01,NOKGHS,Norwegian Krone,Selling,1.2095,GH¢ per NOK,1.2095,GH¢ per NOK,ok,
2026-09-01,NOKGHS,Norwegian Krone,Mid Rate,1.2091,GH¢ per NOK,1.2091,GH¢ per NOK,ok,
2026-09-01,NZDGHS,New Zealand Dollar,Buying,6.6490,GH¢ per NZD,6.649,GH¢ per NZD,ok,
2026-09-01,NZDGHS,New Zealand Dollar,Selling,6.6577,GH¢ per NZD,6.6577,GH¢ per NZD,ok,
2026-09-01,NZDGHS,New Zealand Dollar,Mid Rate,6.6534,GH¢ per NZD,6.6534,GH¢ per NZD,ok,
2026-09-01,SEKGHS,Swedish Krona,Buying,1.1740,GH¢ per SEK,1.174,GH¢ per SEK,ok,
2026-09-01,SEKGHS,Swedish Krona,Selling,1.1750,GH¢ per SEK,1.175,GH¢ per SEK,ok,
2026-09-01,SEKGHS,Swedish Krona,Mid Rate,1.1745,GH¢ per SEK,1.1745,GH¢ per SEK,ok,
2026-09-01,WAUGHS,Ecowas,Buying,0.0134,GH¢ per WAU,0.0134,"GH¢ per WAU (BoG's 'Ecowas' unit, not defined by BoG)",ok,
2026-09-01,WAUGHS,Ecowas,Selling,0.0134,GH¢ per WAU,0.0134,"GH¢ per WAU (BoG's 'Ecowas' unit, not defined by BoG)",ok,
2026-09-01,WAUGHS,Ecowas,Mid Rate,0.0134,GH¢ per WAU,0.0134,"GH¢ per WAU (BoG's 'Ecowas' unit, not defined by BoG)",ok,
2026-09-01,ZARGHS,South African Rand,Buying,0.6996,GH¢ per ZAR,0.6996,GH¢ per ZAR,ok,
2026-09-01,ZARGHS,South African Rand,Selling,0.7000,GH¢ per ZAR,0.7,GH¢ per ZAR,ok,
2026-09-01,ZARGHS,South African Rand,Mid Rate,0.6998,GH¢ per ZAR,0.6998,GH¢ per ZAR,ok,
2026-09-02,USDGHS,US Dollar,Buying,11.3343,GH¢ per USD,11.3343,GH¢ per USD,ok,
2026-09-02,USDGHS,US Dollar,Selling,11.3457,GH¢ per USD,11.3457,GH¢ per USD,ok,
2026-09-02,USDGHS,US Dollar,Mid Rate,11.3400,GH¢ per USD,11.34,GH¢ per USD,ok,
2026-09-02,AUDGHS,Australian Dollar,Buying,8.1253,GH¢ per AUD,8.1253,GH¢ per AUD,ok,
2026-09-02,AUDGHS,Australian Dollar,Selling,8.1341,GH¢ per AUD,8.1341,GH¢ per AUD,ok,
2026-09-02,AUDGHS,Australian Dollar,Mid Rate,8.1297,GH¢ per AUD,8.1297,GH¢ per AUD,ok,
2026-09-02,CADGHS,Canadian Dollar,Buying,8.1853,GH¢ per CAD,8.1853,GH¢ per CAD,ok,
2026-09-02,CADGHS,Canadian Dollar,Selling,8.1936,GH¢ per CAD,8.1936,GH¢ per CAD,ok,
2026-09-02,CADGHS,Canadian Dollar,Mid Rate,8.1895,GH¢ per CAD,8.1895,GH¢ per CAD,ok,
2026-09-02,CHFGHS,Swiss Franc,Buying,13.9412,GH¢ per CHF,13.9412,GH¢ per CHF,ok,
2026-09-02,CHFGHS,Swiss Franc,Selling,13.9536,GH¢ per CHF,13.9536,GH¢ per CHF,ok,
2026-09-02,CHFGHS,Swiss Franc,Mid Rate,13.9474,GH¢ per CHF,13.9474,GH¢ per CHF,ok,
2026-09-02,CNYGHS,Yuan Renminbi,Buying,1.6870,GH¢ per CNY,1.687,GH¢ per CNY,ok,
2026-09-02,CNYGHS,Yuan Renminbi,Selling,1.6886,GH¢ per CNY,1.6886,GH¢ per CNY,ok,
2026-09-02,CNYGHS,Yuan Renminbi,Mid Rate,1.6878,GH¢ per CNY,1.6878,GH¢ per CNY,ok,
2026-09-02,DKKGHS,Danish Krone,Buying,1.7575,GH¢ per DKK,1.7575,GH¢ per DKK,ok,
2026-09-02,DKKGHS,Danish Krone,Selling,1.7592,GH¢ per DKK,1.7592,GH¢ per DKK,ok,
2026-09-02,DKKGHS,Danish Krone,Mid Rate,1.7584,GH¢ per DKK,1.7584,GH¢ per DKK,ok,
2026-09-02,EURGHS,Euro,Buying,13.1379,GH¢ per EUR,13.1379,GH¢ per EUR,ok,
2026-09-02,EURGHS,Euro,Selling,13.1509,GH¢ per EUR,13.1509,GH¢ per EUR,ok,
2026-09-02,EURGHS,Euro,Mid Rate,13.1444,GH¢ per EUR,13.1444,GH¢ per EUR,ok,
2026-09-02,GBPGHS,Pound Sterling,Buying,15.2991,GH¢ per GBP,15.2991,GH¢ per GBP,ok,
2026-09-02,GBPGHS,Pound Sterling,Selling,15.3155,GH¢ per GBP,15.3155,GH¢ per GBP,ok,
2026-09-02,GBPGHS,Pound Sterling,Mid Rate,15.3073,GH¢ per GBP,15.3073,GH¢ per GBP,ok,
2026-09-02,GHSGMD,Dalasi,Buying,6.5044,GMD per GH¢,0.1537420823,GH¢ per GMD,ok,
2026-09-02,GHSGMD,Dalasi,Selling,6.5099,GMD per GH¢,0.1536121907,GH¢ per GMD,ok,
2026-09-02,GHSGMD,Dalasi,Mid Rate,6.5072,GMD per GH¢,0.1536759282,GH¢ per GMD,ok,
2026-09-02,GHSMRO,Ouguiya,Buying,31.4815,MRO per GH¢,0.0317646872,GH¢ per MRO (old ouguiya; 10 MRO = 1 MRU since 2018),ok,
2026-09-02,GHSMRO,Ouguiya,Selling,31.5697,MRO per GH¢,0.0316759424,GH¢ per MRO (old ouguiya; 10 MRO = 1 MRU since 2018),ok,
2026-09-02,GHSMRO,Ouguiya,Mid Rate,31.5256,MRO per GH¢,0.0317202527,GH¢ per MRO (old ouguiya; 10 MRO = 1 MRU since 2018),ok,
2026-09-02,GHSNGN,Naira,Buying,117.0106,NGN per GH¢,0.0085462343,GH¢ per NGN,ok,
2026-09-02,GHSNGN,Naira,Selling,117.3183,NGN per GH¢,0.0085238194,GH¢ per NGN,ok,
2026-09-02,GHSNGN,Naira,Mid Rate,117.1645,NGN per GH¢,0.0085350085,GH¢ per NGN,ok,
2026-09-02,GHSSLL,Leone,Buying,"2,102.4295",SLL per GH¢,0.4756402058,"GH¢ per SLE (new leone; 1 SLE = 1,000 old leones)",ok,
2026-09-02,GHSSLL,Leone,Selling,"2,161.9929",SLL per GH¢,0.4625362091,"GH¢ per SLE (new leone; 1 SLE = 1,000 old leones)",ok,
2026-09-02,GHSSLL,Leone,Mid Rate,"2,132.2112",SLL per GH¢,0.4689966923,"GH¢ per SLE (new leone; 1 SLE = 1,000 old leones)",ok,
2026-09-02,GHSXOF,BCEAO,Buying,49.8792,XOF per GH¢,0.020048437,GH¢ per XOF (CFA franc (BCEAO)),ok,
2026-09-02,GHSXOF,BCEAO,Selling,49.9286,XOF per GH¢,0.0200286008,GH¢ per XOF (CFA franc (BCEAO)),ok,
2026-09-02,GHSXOF,BCEAO,Mid Rate,49.9039,XOF per GH¢,0.020038514,GH¢ per XOF (CFA franc (BCEAO)),ok,
2026-09-02,JPYGHS,Japanese yen,Buying,0.0714,GH¢ per JPY,0.0714,GH¢ per JPY,ok,
2026-09-02,JPYGHS,Japanese yen,Selling,0.0714,GH¢ per JPY,0.0714,GH¢ per JPY,ok,
2026-09-02,JPYGHS,Japanese yen,Mid Rate,0.0714,GH¢ per JPY,0.0714,GH¢ per JPY,ok,
2026-09-02,NOKGHS,Norwegian Krone,Buying,1.2173,GH¢ per NOK,1.2173,GH¢ per NOK,ok,
2026-09-02,NOKGHS,Norwegian Krone,Selling,1.2182,GH¢ per NOK,1.2182,GH¢ per NOK,ok,
2026-09-02,NOKGHS,Norwegian Krone,Mid Rate,1.2178,GH¢ per NOK,1.2178,GH¢ per NOK,ok,
2026-09-02,NZDGHS,New Zealand Dollar,Buying,6.6230,GH¢ per NZD,6.623,GH¢ per NZD,ok,
2026-09-02,NZDGHS,New Zealand Dollar,Selling,6.6316,GH¢ per NZD,6.6316,GH¢ per NZD,ok,
2026-09-02,NZDGHS,New Zealand Dollar,Mid Rate,6.6273,GH¢ per NZD,6.6273,GH¢ per NZD,ok,
2026-09-02,SEKGHS,Swedish Krona,Buying,1.1780,GH¢ per SEK,1.178,GH¢ per SEK,ok,
2026-09-02,SEKGHS,Swedish Krona,Selling,1.1790,GH¢ per SEK,1.179,GH¢ per SEK,ok,
2026-09-02,SEKGHS,Swedish Krona,Mid Rate,1.1785,GH¢ per SEK,1.1785,GH¢ per SEK,ok,
2026-09-02,WAUGHS,Ecowas,Buying,0.0133,GH¢ per WAU,0.0133,"GH¢ per WAU (BoG's 'Ecowas' unit, not defined by BoG)",ok,
2026-09-02,WAUGHS,Ecowas,Selling,0.0133,GH¢ per WAU,0.0133,"GH¢ per WAU (BoG's 'Ecowas' unit, not defined by BoG)",ok,
2026-09-02,WAUGHS,Ecowas,Mid Rate,0.0133,GH¢ per WAU,0.0133,"GH¢ per WAU (BoG's 'Ecowas' unit, not defined by BoG)",ok,
2026-09-02,ZARGHS,South African Rand,Buying,0.7059,GH¢ per ZAR,0.7059,GH¢ per ZAR,ok,
2026-09-02,ZARGHS,South African Rand,Selling,0.7064,GH¢ per ZAR,0.7064,GH¢ per ZAR,ok,
2026-09-02,ZARGHS,South African Rand,Mid Rate,0.7062,GH¢ per ZAR,0.7062,GH¢ per ZAR,ok,
2026-09-03,USDGHS,US Dollar,Buying,11.3563,GH¢ per USD,11.3563,GH¢ per USD,ok,
2026-09-03,USDGHS,US Dollar,Selling,11.3677,GH¢ per USD,11.3677,GH¢ per USD,ok,
2026-09-03,USDGHS,US Dollar,Mid Rate,11.3620,GH¢ per USD,11.362,GH¢ per USD,ok,
2026-09-03,AUDGHS,Australian Dollar,Buying,8.1698,GH¢ per AUD,8.1698,GH¢ per AUD,ok,
2026-09-03,AUDGHS,Australian Dollar,Selling,8.1802,GH¢ per AUD,8.1802,GH¢ per AUD,ok,
2026-09-03,AUDGHS,Australian Dollar,Mid Rate,8.1750,GH¢ per AUD,8.175,GH¢ per AUD,ok,
2026-09-03,CADGHS,Canadian Dollar,Buying,8.2382,GH¢ per CAD,8.2382,GH¢ per CAD,ok,
2026-09-03,CADGHS,Canadian Dollar,Selling,8.2462,GH¢ per CAD,8.2462,GH¢ per CAD,ok,
2026-09-03,CADGHS,Canadian Dollar,Mid Rate,8.2422,GH¢ per CAD,8.2422,GH¢ per CAD,ok,
2026-09-03,CHFGHS,Swiss Franc,Buying,14.0558,GH¢ per CHF,14.0558,GH¢ per CHF,ok,
2026-09-03,CHFGHS,Swiss Franc,Selling,14.0696,GH¢ per CHF,14.0696,GH¢ per CHF,ok,
2026-09-03,CHFGHS,Swiss Franc,Mid Rate,14.0627,GH¢ per CHF,14.0627,GH¢ per CHF,ok,
2026-09-03,CNYGHS,Yuan Renminbi,Buying,1.6906,GH¢ per CNY,1.6906,GH¢ per CNY,ok,
2026-09-03,CNYGHS,Yuan Renminbi,Selling,1.6921,GH¢ per CNY,1.6921,GH¢ per CNY,ok,
2026-09-03,CNYGHS,Yuan Renminbi,Mid Rate,1.6914,GH¢ per CNY,1.6914,GH¢ per CNY,ok,
2026-09-03,DKKGHS,Danish Krone,Buying,1.7661,GH¢ per DKK,1.7661,GH¢ per DKK,ok,
2026-09-03,DKKGHS,Danish Krone,Selling,1.7677,GH¢ per DKK,1.7677,GH¢ per DKK,ok,
2026-09-03,DKKGHS,Danish Krone,Mid Rate,1.7669,GH¢ per DKK,1.7669,GH¢ per DKK,ok,
2026-09-03,EURGHS,Euro,Buying,13.2001,GH¢ per EUR,13.2001,GH¢ per EUR,ok,
2026-09-03,EURGHS,Euro,Selling,13.2132,GH¢ per EUR,13.2132,GH¢ per EUR,ok,
2026-09-03,EURGHS,Euro,Mid Rate,13.2067,GH¢ per EUR,13.2067,GH¢ per EUR,ok,
2026-09-03,GBPGHS,Pound Sterling,Buying,15.3742,GH¢ per GBP,15.3742,GH¢ per GBP,ok,
2026-09-03,GBPGHS,Pound Sterling,Selling,15.3907,GH¢ per GBP,15.3907,GH¢ per GBP,ok,
2026-09-03,GBPGHS,Pound Sterling,Mid Rate,15.3825,GH¢ per GBP,15.3825,GH¢ per GBP,ok,
2026-09-03,GHSGMD,Dalasi,Buying,6.4495,GMD per GH¢,0.1550507791,GH¢ per GMD,ok,
2026-09-03,GHSGMD,Dalasi,Selling,6.5099,GMD per GH¢,0.1536121907,GH¢ per GMD,ok,
2026-09-03,GHSGMD,Dalasi,Mid Rate,6.4797,GMD per GH¢,0.1543281325,GH¢ per GMD,ok,
2026-09-03,GHSMRO,Ouguiya,Buying,31.4205,MRO per GH¢,0.0318263554,GH¢ per MRO (old ouguiya; 10 MRO = 1 MRU since 2018),ok,
2026-09-03,GHSMRO,Ouguiya,Selling,31.5085,MRO per GH¢,0.0317374677,GH¢ per MRO (old ouguiya; 10 MRO = 1 MRU since 2018),ok,
2026-09-03,GHSMRO,Ouguiya,Mid Rate,31.4645,MRO per GH¢,0.0317818494,GH¢ per MRO (old ouguiya; 10 MRO = 1 MRU since 2018),ok,
2026-09-03,GHSNGN,Naira,Buying,116.3994,NGN per GH¢,0.0085911096,GH¢ per NGN,ok,
2026-09-03,GHSNGN,Naira,Selling,116.4883,NGN per GH¢,0.0085845531,GH¢ per NGN,ok,
2026-09-03,GHSNGN,Naira,Mid Rate,116.4439,NGN per GH¢,0.0085878264,GH¢ per NGN,ok,
2026-09-03,GHSSLL,Leone,Buying,"2,097.3035",SLL per GH¢,0.4768027136,"GH¢ per SLE (new leone; 1 SLE = 1,000 old leones)",ok,
2026-09-03,GHSSLL,Leone,Selling,"2,157.8067",SLL per GH¢,0.4634335411,"GH¢ per SLE (new leone; 1 SLE = 1,000 old leones)",ok,
2026-09-03,GHSSLL,Leone,Mid Rate,"2,127.5551",SLL per GH¢,0.4700230795,"GH¢ per SLE (new leone; 1 SLE = 1,000 old leones)",ok,
2026-09-03,GHSXOF,BCEAO,Buying,49.6441,XOF per GH¢,0.0201433806,GH¢ per XOF (CFA franc (BCEAO)),ok,
2026-09-03,GHSXOF,BCEAO,Selling,49.6933,XOF per GH¢,0.0201234372,GH¢ per XOF (CFA franc (BCEAO)),ok,
2026-09-03,GHSXOF,BCEAO,Mid Rate,49.6687,XOF per GH¢,0.0201334039,GH¢ per XOF (CFA franc (BCEAO)),ok,
2026-09-03,JPYGHS,Japanese yen,Buying,0.0729,GH¢ per JPY,0.0729,GH¢ per JPY,ok,
2026-09-03,JPYGHS,Japanese yen,Selling,0.0730,GH¢ per JPY,0.073,GH¢ per JPY,ok,
2026-09-03,JPYGHS,Japanese yen,Mid Rate,0.0730,GH¢ per JPY,0.073,GH¢ per JPY,ok,
2026-09-03,NOKGHS,Norwegian Krone,Buying,1.2222,GH¢ per NOK,1.2222,GH¢ per NOK,ok,
2026-09-03,NOKGHS,Norwegian Krone,Selling,1.2232,GH¢ per NOK,1.2232,GH¢ per NOK,ok,
2026-09-03,NOKGHS,Norwegian Krone,Mid Rate,1.2227,GH¢ per NOK,1.2227,GH¢ per NOK,ok,
2026-09-03,NZDGHS,New Zealand Dollar,Buying,6.6801,GH¢ per NZD,6.6801,GH¢ per NZD,ok,
2026-09-03,NZDGHS,New Zealand Dollar,Selling,6.6888,GH¢ per NZD,6.6888,GH¢ per NZD,ok,
2026-09-03,NZDGHS,New Zealand Dollar,Mid Rate,6.6845,GH¢ per NZD,6.6845,GH¢ per NZD,ok,
2026-09-03,SEKGHS,Swedish Krona,Buying,1.1887,GH¢ per SEK,1.1887,GH¢ per SEK,ok,
2026-09-03,SEKGHS,Swedish Krona,Selling,1.1898,GH¢ per SEK,1.1898,GH¢ per SEK,ok,
2026-09-03,SEKGHS,Swedish Krona,Mid Rate,1.1893,GH¢ per SEK,1.1893,GH¢ per SEK,ok,
2026-09-03,WAUGHS,Ecowas,Buying,0.0132,GH¢ per WAU,0.0132,"GH¢ per WAU (BoG's 'Ecowas' unit, not defined by BoG)",ok,
2026-09-03,WAUGHS,Ecowas,Selling,0.0132,GH¢ per WAU,0.0132,"GH¢ per WAU (BoG's 'Ecowas' unit, not defined by BoG)",ok,
2026-09-03,WAUGHS,Ecowas,Mid Rate,0.0132,GH¢ per WAU,0.0132,"GH¢ per WAU (BoG's 'Ecowas' unit, not defined by BoG)",ok,
2026-09-03,ZARGHS,South African Rand,Buying,0.7099,GH¢ per ZAR,0.7099,GH¢ per ZAR,ok,
2026-09-03,ZARGHS,South African Rand,Selling,0.7104,GH¢ per ZAR,0.7104,GH¢ per ZAR,ok,
2026-09-03,ZARGHS,South African Rand,Mid Rate,0.7102,GH¢ per ZAR,0.7102,GH¢ per ZAR,ok,
2026-09-04,USDGHS,US Dollar,Buying,11.3943,GH¢ per USD,11.3943,GH¢ per USD,ok,
2026-09-04,USDGHS,US Dollar,Selling,11.4057,GH¢ per USD,11.4057,GH¢ per USD,ok,
2026-09-04,USDGHS,US Dollar,Mid Rate,11.4000,GH¢ per USD,11.4,GH¢ per USD,ok,
2026-09-04,AUDGHS,Australian Dollar,Buying,8.2140,GH¢ per AUD,8.214,GH¢ per AUD,ok,
2026-09-04,AUDGHS,Australian Dollar,Selling,8.2228,GH¢ per AUD,8.2228,GH¢ per AUD,ok,
2026-09-04,AUDGHS,Australian Dollar,Mid Rate,8.2184,GH¢ per AUD,8.2184,GH¢ per AUD,ok,
2026-09-04,CADGHS,Canadian Dollar,Buying,8.2345,GH¢ per CAD,8.2345,GH¢ per CAD,ok,
2026-09-04,CADGHS,Canadian Dollar,Selling,8.2425,GH¢ per CAD,8.2425,GH¢ per CAD,ok,
2026-09-04,CADGHS,Canadian Dollar,Mid Rate,8.2385,GH¢ per CAD,8.2385,GH¢ per CAD,ok,
2026-09-04,CHFGHS,Swiss Franc,Buying,14.0737,GH¢ per CHF,14.0737,GH¢ per CHF,ok,
2026-09-04,CHFGHS,Swiss Franc,Selling,14.0876,GH¢ per CHF,14.0876,GH¢ per CHF,ok,
2026-09-04,CHFGHS,Swiss Franc,Mid Rate,14.0807,GH¢ per CHF,14.0807,GH¢ per CHF,ok,
2026-09-04,CNYGHS,Yuan Renminbi,Buying,1.6978,GH¢ per CNY,1.6978,GH¢ per CNY,ok,
2026-09-04,CNYGHS,Yuan Renminbi,Selling,1.6994,GH¢ per CNY,1.6994,GH¢ per CNY,ok,
2026-09-04,CNYGHS,Yuan Renminbi,Mid Rate,1.6986,GH¢ per CNY,1.6986,GH¢ per CNY,ok,
2026-09-04,DKKGHS,Danish Krone,Buying,1.7713,GH¢ per DKK,1.7713,GH¢ per DKK,ok,
2026-09-04,DKKGHS,Danish Krone,Selling,1.7730,GH¢ per DKK,1.773,GH¢ per DKK,ok,
2026-09-04,DKKGHS,Danish Krone,Mid Rate,1.7722,GH¢ per DKK,1.7722,GH¢ per DKK,ok,
2026-09-04,EURGHS,Euro,Buying,13.2392,GH¢ per EUR,13.2392,GH¢ per EUR,ok,
2026-09-04,EURGHS,Euro,Selling,13.2523,GH¢ per EUR,13.2523,GH¢ per EUR,ok,
2026-09-04,EURGHS,Euro,Mid Rate,13.2458,GH¢ per EUR,13.2458,GH¢ per EUR,ok,
2026-09-04,GBPGHS,Pound Sterling,Buying,15.4051,GH¢ per GBP,15.4051,GH¢ per GBP,ok,
2026-09-04,GBPGHS,Pound Sterling,Selling,15.4216,GH¢ per GBP,15.4216,GH¢ per GBP,ok,
2026-09-04,GBPGHS,Pound Sterling,Mid Rate,15.4134,GH¢ per GBP,15.4134,GH¢ per GBP,ok,
2026-09-04,GHSGMD,Dalasi,Buying,6.3972,GMD per GH¢,0.1563183893,GH¢ per GMD,ok,
2026-09-04,GHSGMD,Dalasi,Selling,6.3972,GMD per GH¢,0.1563183893,GH¢ per GMD,ok,
2026-09-04,GHSGMD,Dalasi,Mid Rate,6.3972,GMD per GH¢,0.1563183893,GH¢ per GMD,ok,
2026-09-04,GHSMRO,Ouguiya,Buying,31.3158,MRO per GH¢,0.0319327624,GH¢ per MRO (old ouguiya; 10 MRO = 1 MRU since 2018),ok,
2026-09-04,GHSMRO,Ouguiya,Selling,31.4035,MRO per GH¢,0.0318435843,GH¢ per MRO (old ouguiya; 10 MRO = 1 MRU since 2018),ok,
2026-09-04,GHSMRO,Ouguiya,Mid Rate,31.3597,MRO per GH¢,0.0318880602,GH¢ per MRO (old ouguiya; 10 MRO = 1 MRU since 2018),ok,
2026-09-04,GHSNGN,Naira,Buying,115.8860,NGN per GH¢,0.00862917,GH¢ per NGN,ok,
2026-09-04,GHSNGN,Naira,Selling,115.9798,NGN per GH¢,0.0086221911,GH¢ per NGN,ok,
2026-09-04,GHSNGN,Naira,Mid Rate,115.9329,NGN per GH¢,0.0086256792,GH¢ per NGN,ok,
2026-09-04,GHSSLL,Leone,Buying,"2,090.3125",SLL per GH¢,0.4783973688,"GH¢ per SLE (new leone; 1 SLE = 1,000 old leones)",ok,
2026-09-04,GHSSLL,Leone,Selling,"2,146.9309",SLL per GH¢,0.4657811763,"GH¢ per SLE (new leone; 1 SLE = 1,000 old leones)",ok,
2026-09-04,GHSSLL,Leone,Mid Rate,"2,118.6217",SLL per GH¢,0.4720049832,"GH¢ per SLE (new leone; 1 SLE = 1,000 old leones)",ok,
2026-09-04,GHSXOF,BCEAO,Buying,49.4976,XOF per GH¢,0.0202029997,GH¢ per XOF (CFA franc (BCEAO)),ok,
2026-09-04,GHSXOF,BCEAO,Selling,49.5466,XOF per GH¢,0.0201830196,GH¢ per XOF (CFA franc (BCEAO)),ok,
2026-09-04,GHSXOF,BCEAO,Mid Rate,49.5221,XOF per GH¢,0.0201930047,GH¢ per XOF (CFA franc (BCEAO)),ok,
2026-09-04,JPYGHS,Japanese yen,Buying,0.0730,GH¢ per JPY,0.073,GH¢ per JPY,ok,
2026-09-04,JPYGHS,Japanese yen,Selling,0.0731,GH¢ per JPY,0.0731,GH¢ per JPY,ok,
2026-09-04,JPYGHS,Japanese yen,Mid Rate,0.0731,GH¢ per JPY,0.0731,GH¢ per JPY,ok,
2026-09-04,NOKGHS,Norwegian Krone,Buying,1.2257,GH¢ per NOK,1.2257,GH¢ per NOK,ok,
2026-09-04,NOKGHS,Norwegian Krone,Selling,1.2265,GH¢ per NOK,1.2265,GH¢ per NOK,ok,
2026-09-04,NOKGHS,Norwegian Krone,Mid Rate,1.2261,GH¢ per NOK,1.2261,GH¢ per NOK,ok,
2026-09-04,NZDGHS,New Zealand Dollar,Buying,6.7089,GH¢ per NZD,6.7089,GH¢ per NZD,ok,
2026-09-04,NZDGHS,New Zealand Dollar,Selling,6.7177,GH¢ per NZD,6.7177,GH¢ per NZD,ok,
2026-09-04,NZDGHS,New Zealand Dollar,Mid Rate,6.7133,GH¢ per NZD,6.7133,GH¢ per NZD,ok,
2026-09-04,SEKGHS,Swedish Krona,Buying,1.1911,GH¢ per SEK,1.1911,GH¢ per SEK,ok,
2026-09-04,SEKGHS,Swedish Krona,Selling,1.1921,GH¢ per SEK,1.1921,GH¢ per SEK,ok,
2026-09-04,SEKGHS,Swedish Krona,Mid Rate,1.1916,GH¢ per SEK,1.1916,GH¢ per SEK,ok,
2026-09-04,WAUGHS,Ecowas,Buying,0.0131,GH¢ per WAU,0.0131,"GH¢ per WAU (BoG's 'Ecowas' unit, not defined by BoG)",ok,
2026-09-04,WAUGHS,Ecowas,Selling,0.0131,GH¢ per WAU,0.0131,"GH¢ per WAU (BoG's 'Ecowas' unit, not defined by BoG)",ok,
2026-09-04,WAUGHS,Ecowas,Mid Rate,0.0131,GH¢ per WAU,0.0131,"GH¢ per WAU (BoG's 'Ecowas' unit, not defined by BoG)",ok,
2026-09-04,ZARGHS,South African Rand,Buying,0.7152,GH¢ per ZAR,0.7152,GH¢ per ZAR,ok,
2026-09-04,ZARGHS,South African Rand,Selling,0.7157,GH¢ per ZAR,0.7157,GH¢ per ZAR,ok,
2026-09-04,ZARGHS,South African Rand,Mid Rate,0.7155,GH¢ per ZAR,0.7155,GH¢ per ZAR,ok,
2026-09-07,USDGHS,US Dollar,Buying,11.3893,GH¢ per USD,11.3893,GH¢ per USD,ok,
2026-09-07,USDGHS,US Dollar,Selling,11.4007,GH¢ per USD,11.4007,GH¢ per USD,ok,
2026-09-07,USDGHS,US Dollar,Mid Rate,11.3950,GH¢ per USD,11.395,GH¢ per USD,ok,
2026-09-07,AUDGHS,Australian Dollar,Buying,8.2222,GH¢ per AUD,8.2222,GH¢ per AUD,ok,
2026-09-07,AUDGHS,Australian Dollar,Selling,8.2319,GH¢ per AUD,8.2319,GH¢ per AUD,ok,
2026-09-07,AUDGHS,Australian Dollar,Mid Rate,8.2271,GH¢ per AUD,8.2271,GH¢ per AUD,ok,
2026-09-07,CADGHS,Canadian Dollar,Buying,8.2478,GH¢ per CAD,8.2478,GH¢ per CAD,ok,
2026-09-07,CADGHS,Canadian Dollar,Selling,8.2547,GH¢ per CAD,8.2547,GH¢ per CAD,ok,
2026-09-07,CADGHS,Canadian Dollar,Mid Rate,8.2513,GH¢ per CAD,8.2513,GH¢ per CAD,ok,
2026-09-07,CHFGHS,Swiss Franc,Buying,14.0789,GH¢ per CHF,14.0789,GH¢ per CHF,ok,
2026-09-07,CHFGHS,Swiss Franc,Selling,14.0917,GH¢ per CHF,14.0917,GH¢ per CHF,ok,
2026-09-07,CHFGHS,Swiss Franc,Mid Rate,14.0853,GH¢ per CHF,14.0853,GH¢ per CHF,ok,
2026-09-07,CNYGHS,Yuan Renminbi,Buying,1.6972,GH¢ per CNY,1.6972,GH¢ per CNY,ok,
2026-09-07,CNYGHS,Yuan Renminbi,Selling,1.6987,GH¢ per CNY,1.6987,GH¢ per CNY,ok,
2026-09-07,CNYGHS,Yuan Renminbi,Mid Rate,1.6980,GH¢ per CNY,1.698,GH¢ per CNY,ok,
2026-09-07,DKKGHS,Danish Krone,Buying,1.7722,GH¢ per DKK,1.7722,GH¢ per DKK,ok,
2026-09-07,DKKGHS,Danish Krone,Selling,1.7737,GH¢ per DKK,1.7737,GH¢ per DKK,ok,
2026-09-07,DKKGHS,Danish Krone,Mid Rate,1.7730,GH¢ per DKK,1.773,GH¢ per DKK,ok,
2026-09-07,EURGHS,Euro,Buying,13.2461,GH¢ per EUR,13.2461,GH¢ per EUR,ok,
2026-09-07,EURGHS,Euro,Selling,13.2582,GH¢ per EUR,13.2582,GH¢ per EUR,ok,
2026-09-07,EURGHS,Euro,Mid Rate,13.2522,GH¢ per EUR,13.2522,GH¢ per EUR,ok,
2026-09-07,GBPGHS,Pound Sterling,Buying,15.4291,GH¢ per GBP,15.4291,GH¢ per GBP,ok,
2026-09-07,GBPGHS,Pound Sterling,Selling,15.4445,GH¢ per GBP,15.4445,GH¢ per GBP,ok,
2026-09-07,GBPGHS,Pound Sterling,Mid Rate,15.4368,GH¢ per GBP,15.4368,GH¢ per GBP,ok,
2026-09-07,GHSGMD,Dalasi,Buying,6.4579,GMD per GH¢,0.1548490996,GH¢ per GMD,ok,
2026-09-07,GHSGMD,Dalasi,Selling,6.4923,GMD per GH¢,0.1540286185,GH¢ per GMD,ok,
2026-09-07,GHSGMD,Dalasi,Mid Rate,6.4751,GMD per GH¢,0.1544377693,GH¢ per GMD,ok,
2026-09-07,GHSMRO,Ouguiya,Buying,31.3295,MRO per GH¢,0.0319187986,GH¢ per MRO (old ouguiya; 10 MRO = 1 MRU since 2018),ok,
2026-09-07,GHSMRO,Ouguiya,Selling,31.4173,MRO per GH¢,0.0318295971,GH¢ per MRO (old ouguiya; 10 MRO = 1 MRU since 2018),ok,
2026-09-07,GHSMRO,Ouguiya,Mid Rate,31.3734,MRO per GH¢,0.0318741354,GH¢ per MRO (old ouguiya; 10 MRO = 1 MRU since 2018),ok,
2026-09-07,GHSNGN,Naira,Buying,115.9377,NGN per GH¢,0.008625322,GH¢ per NGN,ok,
2026-09-07,GHSNGN,Naira,Selling,116.0272,NGN per GH¢,0.0086186687,GH¢ per NGN,ok,
2026-09-07,GHSNGN,Naira,Mid Rate,115.9825,NGN per GH¢,0.0086219904,GH¢ per NGN,ok,
2026-09-07,GHSSLL,Leone,Buying,"2,093.1244",SLL per GH¢,0.4777546905,"GH¢ per SLE (new leone; 1 SLE = 1,000 old leones)",ok,
2026-09-07,GHSSLL,Leone,Selling,"2,147.8729",SLL per GH¢,0.465576897,"GH¢ per SLE (new leone; 1 SLE = 1,000 old leones)",ok,
2026-09-07,GHSSLL,Leone,Mid Rate,"2,120.4987",SLL per GH¢,0.471587179,"GH¢ per SLE (new leone; 1 SLE = 1,000 old leones)",ok,
2026-09-07,GHSXOF,BCEAO,Buying,49.4756,XOF per GH¢,0.0202119833,GH¢ per XOF (CFA franc (BCEAO)),ok,
2026-09-07,GHSXOF,BCEAO,Selling,49.5208,XOF per GH¢,0.0201935348,GH¢ per XOF (CFA franc (BCEAO)),ok,
2026-09-07,GHSXOF,BCEAO,Mid Rate,49.4982,XOF per GH¢,0.0202027548,GH¢ per XOF (CFA franc (BCEAO)),ok,
2026-09-07,JPYGHS,Japanese yen,Buying,0.0738,GH¢ per JPY,0.0738,GH¢ per JPY,ok,
2026-09-07,JPYGHS,Japanese yen,Selling,0.0739,GH¢ per JPY,0.0739,GH¢ per JPY,ok,
2026-09-07,JPYGHS,Japanese yen,Mid Rate,0.0739,GH¢ per JPY,0.0739,GH¢ per JPY,ok,
2026-09-07,NOKGHS,Norwegian Krone,Buying,1.2291,GH¢ per NOK,1.2291,GH¢ per NOK,ok,
2026-09-07,NOKGHS,Norwegian Krone,Selling,1.2298,GH¢ per NOK,1.2298,GH¢ per NOK,ok,
2026-09-07,NOKGHS,Norwegian Krone,Mid Rate,1.2295,GH¢ per NOK,1.2295,GH¢ per NOK,ok,
2026-09-07,NZDGHS,New Zealand Dollar,Buying,6.6962,GH¢ per NZD,6.6962,GH¢ per NZD,ok,
2026-09-07,NZDGHS,New Zealand Dollar,Selling,6.7029,GH¢ per NZD,6.7029,GH¢ per NZD,ok,
2026-09-07,NZDGHS,New Zealand Dollar,Mid Rate,6.6996,GH¢ per NZD,6.6996,GH¢ per NZD,ok,
2026-09-07,SEKGHS,Swedish Krona,Buying,1.1882,GH¢ per SEK,1.1882,GH¢ per SEK,ok,
2026-09-07,SEKGHS,Swedish Krona,Selling,1.1891,GH¢ per SEK,1.1891,GH¢ per SEK,ok,
2026-09-07,SEKGHS,Swedish Krona,Mid Rate,1.1887,GH¢ per SEK,1.1887,GH¢ per SEK,ok,
2026-09-07,WAUGHS,Ecowas,Buying,0.0131,GH¢ per WAU,0.0131,"GH¢ per WAU (BoG's 'Ecowas' unit, not defined by BoG)",ok,
2026-09-07,WAUGHS,Ecowas,Selling,0.0131,GH¢ per WAU,0.0131,"GH¢ per WAU (BoG's 'Ecowas' unit, not defined by BoG)",ok,
2026-09-07,WAUGHS,Ecowas,Mid Rate,0.0131,GH¢ per WAU,0.0131,"GH¢ per WAU (BoG's 'Ecowas' unit, not defined by BoG)",ok,
2026-09-07,ZARGHS,South African Rand,Buying,0.7122,GH¢ per ZAR,0.7122,GH¢ per ZAR,ok,
2026-09-07,ZARGHS,South African Rand,Selling,0.7126,GH¢ per ZAR,0.7126,GH¢ per ZAR,ok,
2026-09-07,ZARGHS,South African Rand,Mid Rate,0.7124,GH¢ per ZAR,0.7124,GH¢ per ZAR,ok,
2026-09-08,USDGHS,US Dollar,Buying,11.4143,GH¢ per USD,11.4143,GH¢ per USD,ok,
2026-09-08,USDGHS,US Dollar,Selling,11.4257,GH¢ per USD,11.4257,GH¢ per USD,ok,
2026-09-08,USDGHS,US Dollar,Mid Rate,11.4200,GH¢ per USD,11.42,GH¢ per USD,ok,
2026-09-08,AUDGHS,Australian Dollar,Buying,8.2381,GH¢ per AUD,8.2381,GH¢ per AUD,ok,
2026-09-08,AUDGHS,Australian Dollar,Selling,8.2463,GH¢ per AUD,8.2463,GH¢ per AUD,ok,
2026-09-08,AUDGHS,Australian Dollar,Mid Rate,8.2422,GH¢ per AUD,8.2422,GH¢ per AUD,ok,
2026-09-08,CADGHS,Canadian Dollar,Buying,8.2821,GH¢ per CAD,8.2821,GH¢ per CAD,ok,
2026-09-08,CADGHS,Canadian Dollar,Selling,8.2895,GH¢ per CAD,8.2895,GH¢ per CAD,ok,
2026-09-08,CADGHS,Canadian Dollar,Mid Rate,8.2858,GH¢ per CAD,8.2858,GH¢ per CAD,ok,
2026-09-08,CHFGHS,Swiss Franc,Buying,14.1061,GH¢ per CHF,14.1061,GH¢ per CHF,ok,
2026-09-08,CHFGHS,Swiss Franc,Selling,14.1177,GH¢ per CHF,14.1177,GH¢ per CHF,ok,
2026-09-08,CHFGHS,Swiss Franc,Mid Rate,14.1119,GH¢ per CHF,14.1119,GH¢ per CHF,ok,
2026-09-08,CNYGHS,Yuan Renminbi,Buying,1.7010,GH¢ per CNY,1.701,GH¢ per CNY,ok,
2026-09-08,CNYGHS,Yuan Renminbi,Selling,1.7026,GH¢ per CNY,1.7026,GH¢ per CNY,ok,
2026-09-08,CNYGHS,Yuan Renminbi,Mid Rate,1.7018,GH¢ per CNY,1.7018,GH¢ per CNY,ok,
2026-09-08,DKKGHS,Danish Krone,Buying,1.7753,GH¢ per DKK,1.7753,GH¢ per DKK,ok,
2026-09-08,DKKGHS,Danish Krone,Selling,1.7768,GH¢ per DKK,1.7768,GH¢ per DKK,ok,
2026-09-08,DKKGHS,Danish Krone,Mid Rate,1.7761,GH¢ per DKK,1.7761,GH¢ per DKK,ok,
2026-09-08,EURGHS,Euro,Buying,13.2716,GH¢ per EUR,13.2716,GH¢ per EUR,ok,
2026-09-08,EURGHS,Euro,Selling,13.2826,GH¢ per EUR,13.2826,GH¢ per EUR,ok,
2026-09-08,EURGHS,Euro,Mid Rate,13.2771,GH¢ per EUR,13.2771,GH¢ per EUR,ok,
2026-09-08,GBPGHS,Pound Sterling,Buying,15.4561,GH¢ per GBP,15.4561,GH¢ per GBP,ok,
2026-09-08,GBPGHS,Pound Sterling,Selling,15.4716,GH¢ per GBP,15.4716,GH¢ per GBP,ok,
2026-09-08,GBPGHS,Pound Sterling,Mid Rate,15.4639,GH¢ per GBP,15.4639,GH¢ per GBP,ok,
2026-09-08,GHSGMD,Dalasi,Buying,6.4092,GMD per GH¢,0.156025713,GH¢ per GMD,ok,
2026-09-08,GHSGMD,Dalasi,Selling,6.4813,GMD per GH¢,0.1542900344,GH¢ per GMD,ok,
2026-09-08,GHSGMD,Dalasi,Mid Rate,6.4453,GMD per GH¢,0.1551518161,GH¢ per GMD,ok,
2026-09-08,GHSMRO,Ouguiya,Buying,31.2609,MRO per GH¢,0.0319888423,GH¢ per MRO (old ouguiya; 10 MRO = 1 MRU since 2018),ok,
2026-09-08,GHSMRO,Ouguiya,Selling,31.3485,MRO per GH¢,0.0318994529,GH¢ per MRO (old ouguiya; 10 MRO = 1 MRU since 2018),ok,
2026-09-08,GHSMRO,Ouguiya,Mid Rate,31.3047,MRO per GH¢,0.0319440851,GH¢ per MRO (old ouguiya; 10 MRO = 1 MRU since 2018),ok,
2026-09-08,GHSNGN,Naira,Buying,115.6594,NGN per GH¢,0.0086460763,GH¢ per NGN,ok,
2026-09-08,GHSNGN,Naira,Selling,115.7846,NGN per GH¢,0.0086367272,GH¢ per NGN,ok,
2026-09-08,GHSNGN,Naira,Mid Rate,115.7220,NGN per GH¢,0.0086413992,GH¢ per NGN,ok,
2026-09-08,GHSSLL,Leone,Buying,"2,088.5422",SLL per GH¢,0.4788028703,"GH¢ per SLE (new leone; 1 SLE = 1,000 old leones)",ok,
2026-09-08,GHSSLL,Leone,Selling,"2,143.1709",SLL per GH¢,0.4665983473,"GH¢ per SLE (new leone; 1 SLE = 1,000 old leones)",ok,
2026-09-08,GHSSLL,Leone,Mid Rate,"2,115.8566",SLL per GH¢,0.4726218213,"GH¢ per SLE (new leone; 1 SLE = 1,000 old leones)",ok,
2026-09-08,GHSXOF,BCEAO,Buying,49.3847,XOF per GH¢,0.0202491865,GH¢ per XOF (CFA franc (BCEAO)),ok,
2026-09-08,GHSXOF,BCEAO,Selling,49.4256,XOF per GH¢,0.0202324302,GH¢ per XOF (CFA franc (BCEAO)),ok,
2026-09-08,GHSXOF,BCEAO,Mid Rate,49.4052,XOF per GH¢,0.0202407844,GH¢ per XOF (CFA franc (BCEAO)),ok,
2026-09-08,JPYGHS,Japanese yen,Buying,0.0740,GH¢ per JPY,0.074,GH¢ per JPY,ok,
2026-09-08,JPYGHS,Japanese yen,Selling,0.0741,GH¢ per JPY,0.0741,GH¢ per JPY,ok,
2026-09-08,JPYGHS,Japanese yen,Mid Rate,0.0741,GH¢ per JPY,0.0741,GH¢ per JPY,ok,
2026-09-08,NOKGHS,Norwegian Krone,Buying,1.2344,GH¢ per NOK,1.2344,GH¢ per NOK,ok,
2026-09-08,NOKGHS,Norwegian Krone,Selling,1.2352,GH¢ per NOK,1.2352,GH¢ per NOK,ok,
2026-09-08,NOKGHS,Norwegian Krone,Mid Rate,1.2348,GH¢ per NOK,1.2348,GH¢ per NOK,ok,
2026-09-08,NZDGHS,New Zealand Dollar,Buying,6.6801,GH¢ per NZD,6.6801,GH¢ per NZD,ok,
2026-09-08,NZDGHS,New Zealand Dollar,Selling,6.6884,GH¢ per NZD,6.6884,GH¢ per NZD,ok,
2026-09-08,NZDGHS,New Zealand Dollar,Mid Rate,6.6843,GH¢ per NZD,6.6843,GH¢ per NZD,ok,
2026-09-08,SEKGHS,Swedish Krona,Buying,1.1910,GH¢ per SEK,1.191,GH¢ per SEK,ok,
2026-09-08,SEKGHS,Swedish Krona,Selling,1.1919,GH¢ per SEK,1.1919,GH¢ per SEK,ok,
2026-09-08,SEKGHS,Swedish Krona,Mid Rate,1.1915,GH¢ per SEK,1.1915,GH¢ per SEK,ok,
2026-09-08,WAUGHS,Ecowas,Buying,0.0131,GH¢ per WAU,0.0131,"GH¢ per WAU (BoG's 'Ecowas' unit, not defined by BoG)",ok,
2026-09-08,WAUGHS,Ecowas,Selling,0.0131,GH¢ per WAU,0.0131,"GH¢ per WAU (BoG's 'Ecowas' unit, not defined by BoG)",ok,
2026-09-08,WAUGHS,Ecowas,Mid Rate,0.0131,GH¢ per WAU,0.0131,"GH¢ per WAU (BoG's 'Ecowas' unit, not defined by BoG)",ok,
2026-09-08,ZARGHS,South African Rand,Buying,0.7139,GH¢ per ZAR,0.7139,GH¢ per ZAR,ok,
2026-09-08,ZARGHS,South African Rand,Selling,0.7143,GH¢ per ZAR,0.7143,GH¢ per ZAR,ok,
2026-09-08,ZARGHS,South African Rand,Mid Rate,0.7141,GH¢ per ZAR,0.7141,GH¢ per ZAR,ok,
2026-09-09,USDGHS,US Dollar,Buying,11.4343,GH¢ per USD,11.4343,GH¢ per USD,ok,
2026-09-09,USDGHS,US Dollar,Selling,11.4457,GH¢ per USD,11.4457,GH¢ per USD,ok,
2026-09-09,USDGHS,US Dollar,Mid Rate,11.4400,GH¢ per USD,11.44,GH¢ per USD,ok,
2026-09-09,AUDGHS,Australian Dollar,Buying,8.2515,GH¢ per AUD,8.2515,GH¢ per AUD,ok,
2026-09-09,AUDGHS,Australian Dollar,Selling,8.2604,GH¢ per AUD,8.2604,GH¢ per AUD,ok,
2026-09-09,AUDGHS,Australian Dollar,Mid Rate,8.2560,GH¢ per AUD,8.256,GH¢ per AUD,ok,
2026-09-09,CADGHS,Canadian Dollar,Buying,8.2817,GH¢ per CAD,8.2817,GH¢ per CAD,ok,
2026-09-09,CADGHS,Canadian Dollar,Selling,8.2897,GH¢ per CAD,8.2897,GH¢ per CAD,ok,
2026-09-09,CADGHS,Canadian Dollar,Mid Rate,8.2857,GH¢ per CAD,8.2857,GH¢ per CAD,ok,
2026-09-09,CHFGHS,Swiss Franc,Buying,14.1088,GH¢ per CHF,14.1088,GH¢ per CHF,ok,
2026-09-09,CHFGHS,Swiss Franc,Selling,14.1214,GH¢ per CHF,14.1214,GH¢ per CHF,ok,
2026-09-09,CHFGHS,Swiss Franc,Mid Rate,14.1151,GH¢ per CHF,14.1151,GH¢ per CHF,ok,
2026-09-09,CNYGHS,Yuan Renminbi,Buying,1.7044,GH¢ per CNY,1.7044,GH¢ per CNY,ok,
2026-09-09,CNYGHS,Yuan Renminbi,Selling,1.7059,GH¢ per CNY,1.7059,GH¢ per CNY,ok,
2026-09-09,CNYGHS,Yuan Renminbi,Mid Rate,1.7052,GH¢ per CNY,1.7052,GH¢ per CNY,ok,
2026-09-09,DKKGHS,Danish Krone,Buying,1.7794,GH¢ per DKK,1.7794,GH¢ per DKK,ok,
2026-09-09,DKKGHS,Danish Krone,Selling,1.7810,GH¢ per DKK,1.781,GH¢ per DKK,ok,
2026-09-09,DKKGHS,Danish Krone,Mid Rate,1.7802,GH¢ per DKK,1.7802,GH¢ per DKK,ok,
2026-09-09,EURGHS,Euro,Buying,13.3007,GH¢ per EUR,13.3007,GH¢ per EUR,ok,
2026-09-09,EURGHS,Euro,Selling,13.3127,GH¢ per EUR,13.3127,GH¢ per EUR,ok,
2026-09-09,EURGHS,Euro,Mid Rate,13.3067,GH¢ per EUR,13.3067,GH¢ per EUR,ok,
2026-09-09,GBPGHS,Pound Sterling,Buying,15.4900,GH¢ per GBP,15.49,GH¢ per GBP,ok,
2026-09-09,GBPGHS,Pound Sterling,Selling,15.5067,GH¢ per GBP,15.5067,GH¢ per GBP,ok,
2026-09-09,GBPGHS,Pound Sterling,Mid Rate,15.4984,GH¢ per GBP,15.4984,GH¢ per GBP,ok,
2026-09-09,GHSGMD,Dalasi,Buying,6.3748,GMD per GH¢,0.1568676664,GH¢ per GMD,ok,
2026-09-09,GHSGMD,Dalasi,Selling,6.3751,GMD per GH¢,0.1568602845,GH¢ per GMD,ok,
2026-09-09,GHSGMD,Dalasi,Mid Rate,6.3750,GMD per GH¢,0.1568627451,GH¢ per GMD,ok,
2026-09-09,GHSMRO,Ouguiya,Buying,31.2063,MRO per GH¢,0.0320448115,GH¢ per MRO (old ouguiya; 10 MRO = 1 MRU since 2018),ok,
2026-09-09,GHSMRO,Ouguiya,Selling,31.2937,MRO per GH¢,0.0319553137,GH¢ per MRO (old ouguiya; 10 MRO = 1 MRU since 2018),ok,
2026-09-09,GHSMRO,Ouguiya,Mid Rate,31.2500,MRO per GH¢,0.032,GH¢ per MRO (old ouguiya; 10 MRO = 1 MRU since 2018),ok,
2026-09-09,GHSNGN,Naira,Buying,115.6512,NGN per GH¢,0.0086466894,GH¢ per NGN,ok,
2026-09-09,GHSNGN,Naira,Selling,115.7386,NGN per GH¢,0.0086401598,GH¢ per NGN,ok,
2026-09-09,GHSNGN,Naira,Mid Rate,115.6949,NGN per GH¢,0.0086434233,GH¢ per NGN,ok,
2026-09-09,GHSSLL,Leone,Buying,"2,084.8909",SLL per GH¢,0.4796414047,"GH¢ per SLE (new leone; 1 SLE = 1,000 old leones)",ok,
2026-09-09,GHSSLL,Leone,Selling,"2,139.4241",SLL per GH¢,0.4674155068,"GH¢ per SLE (new leone; 1 SLE = 1,000 old leones)",ok,
2026-09-09,GHSSLL,Leone,Mid Rate,"2,112.1575",SLL per GH¢,0.4734495415,"GH¢ per SLE (new leone; 1 SLE = 1,000 old leones)",ok,
2026-09-09,GHSXOF,BCEAO,Buying,49.2730,XOF per GH¢,0.0202950906,GH¢ per XOF (CFA franc (BCEAO)),ok,
2026-09-09,GHSXOF,BCEAO,Selling,49.3175,XOF per GH¢,0.020276778,GH¢ per XOF (CFA franc (BCEAO)),ok,
2026-09-09,GHSXOF,BCEAO,Mid Rate,49.2953,XOF per GH¢,0.0202859096,GH¢ per XOF (CFA franc (BCEAO)),ok,
2026-09-09,JPYGHS,Japanese yen,Buying,0.0745,GH¢ per JPY,0.0745,GH¢ per JPY,ok,
2026-09-09,JPYGHS,Japanese yen,Selling,0.0745,GH¢ per JPY,0.0745,GH¢ per JPY,ok,
2026-09-09,JPYGHS,Japanese yen,Mid Rate,0.0745,GH¢ per JPY,0.0745,GH¢ per JPY,ok,
2026-09-09,NOKGHS,Norwegian Krone,Buying,1.2434,GH¢ per NOK,1.2434,GH¢ per NOK,ok,
2026-09-09,NOKGHS,Norwegian Krone,Selling,1.2443,GH¢ per NOK,1.2443,GH¢ per NOK,ok,
2026-09-09,NOKGHS,Norwegian Krone,Mid Rate,1.2439,GH¢ per NOK,1.2439,GH¢ per NOK,ok,
2026-09-09,NZDGHS,New Zealand Dollar,Buying,6.6762,GH¢ per NZD,6.6762,GH¢ per NZD,ok,
2026-09-09,NZDGHS,New Zealand Dollar,Selling,6.6834,GH¢ per NZD,6.6834,GH¢ per NZD,ok,
2026-09-09,NZDGHS,New Zealand Dollar,Mid Rate,6.6798,GH¢ per NZD,6.6798,GH¢ per NZD,ok,
2026-09-09,SEKGHS,Swedish Krona,Buying,1.1914,GH¢ per SEK,1.1914,GH¢ per SEK,ok,
2026-09-09,SEKGHS,Swedish Krona,Selling,1.1924,GH¢ per SEK,1.1924,GH¢ per SEK,ok,
2026-09-09,SEKGHS,Swedish Krona,Mid Rate,1.1919,GH¢ per SEK,1.1919,GH¢ per SEK,ok,
2026-09-09,WAUGHS,Ecowas,Buying,0.0130,GH¢ per WAU,0.013,"GH¢ per WAU (BoG's 'Ecowas' unit, not defined by BoG)",ok,
2026-09-09,WAUGHS,Ecowas,Selling,0.0130,GH¢ per WAU,0.013,"GH¢ per WAU (BoG's 'Ecowas' unit, not defined by BoG)",ok,
2026-09-09,WAUGHS,Ecowas,Mid Rate,0.0130,GH¢ per WAU,0.013,"GH¢ per WAU (BoG's 'Ecowas' unit, not defined by BoG)",ok,
2026-09-09,ZARGHS,South African Rand,Buying,0.7132,GH¢ per ZAR,0.7132,GH¢ per ZAR,ok,
2026-09-09,ZARGHS,South African Rand,Selling,0.7136,GH¢ per ZAR,0.7136,GH¢ per ZAR,ok,
2026-09-09,ZARGHS,South African Rand,Mid Rate,0.7134,GH¢ per ZAR,0.7134,GH¢ per ZAR,ok,
2026-09-10,USDGHS,US Dollar,Buying,11.4493,GH¢ per USD,11.4493,GH¢ per USD,ok,
2026-09-10,USDGHS,US Dollar,Selling,11.4607,GH¢ per USD,11.4607,GH¢ per USD,ok,
2026-09-10,USDGHS,US Dollar,Mid Rate,11.4550,GH¢ per USD,11.455,GH¢ per USD,ok,
2026-09-10,AUDGHS,Australian Dollar,Buying,8.2049,GH¢ per AUD,8.2049,GH¢ per AUD,ok,
2026-09-10,AUDGHS,Australian Dollar,Selling,8.2153,GH¢ per AUD,8.2153,GH¢ per AUD,ok,
2026-09-10,AUDGHS,Australian Dollar,Mid Rate,8.2101,GH¢ per AUD,8.2101,GH¢ per AUD,ok,
2026-09-10,CADGHS,Canadian Dollar,Buying,8.2935,GH¢ per CAD,8.2935,GH¢ per CAD,ok,
2026-09-10,CADGHS,Canadian Dollar,Selling,8.3015,GH¢ per CAD,8.3015,GH¢ per CAD,ok,
2026-09-10,CADGHS,Canadian Dollar,Mid Rate,8.2975,GH¢ per CAD,8.2975,GH¢ per CAD,ok,
2026-09-10,CHFGHS,Swiss Franc,Buying,14.1034,GH¢ per CHF,14.1034,GH¢ per CHF,ok,
2026-09-10,CHFGHS,Swiss Franc,Selling,14.1159,GH¢ per CHF,14.1159,GH¢ per CHF,ok,
2026-09-10,CHFGHS,Swiss Franc,Mid Rate,14.1097,GH¢ per CHF,14.1097,GH¢ per CHF,ok,
2026-09-10,CNYGHS,Yuan Renminbi,Buying,1.7059,GH¢ per CNY,1.7059,GH¢ per CNY,ok,
2026-09-10,CNYGHS,Yuan Renminbi,Selling,1.7073,GH¢ per CNY,1.7073,GH¢ per CNY,ok,
2026-09-10,CNYGHS,Yuan Renminbi,Mid Rate,1.7066,GH¢ per CNY,1.7066,GH¢ per CNY,ok,
2026-09-10,DKKGHS,Danish Krone,Buying,1.7809,GH¢ per DKK,1.7809,GH¢ per DKK,ok,
2026-09-10,DKKGHS,Danish Krone,Selling,1.7825,GH¢ per DKK,1.7825,GH¢ per DKK,ok,
2026-09-10,DKKGHS,Danish Krone,Mid Rate,1.7817,GH¢ per DKK,1.7817,GH¢ per DKK,ok,
2026-09-10,EURGHS,Euro,Buying,13.3108,GH¢ per EUR,13.3108,GH¢ per EUR,ok,
2026-09-10,EURGHS,Euro,Selling,13.3239,GH¢ per EUR,13.3239,GH¢ per EUR,ok,
2026-09-10,EURGHS,Euro,Mid Rate,13.3174,GH¢ per EUR,13.3174,GH¢ per EUR,ok,
2026-09-10,GBPGHS,Pound Sterling,Buying,15.4897,GH¢ per GBP,15.4897,GH¢ per GBP,ok,
2026-09-10,GBPGHS,Pound Sterling,Selling,15.5064,GH¢ per GBP,15.5064,GH¢ per GBP,ok,
2026-09-10,GBPGHS,Pound Sterling,Mid Rate,15.4981,GH¢ per GBP,15.4981,GH¢ per GBP,ok,
2026-09-10,GHSGMD,Dalasi,Buying,6.3665,GMD per GH¢,0.1570721747,GH¢ per GMD,ok,
2026-09-10,GHSGMD,Dalasi,Selling,6.3674,GMD per GH¢,0.1570499733,GH¢ per GMD,ok,
2026-09-10,GHSGMD,Dalasi,Mid Rate,6.3670,GMD per GH¢,0.1570598398,GH¢ per GMD,ok,
2026-09-10,GHSMRO,Ouguiya,Buying,31.1654,MRO per GH¢,0.0320868656,GH¢ per MRO (old ouguiya; 10 MRO = 1 MRU since 2018),ok,
2026-09-10,GHSMRO,Ouguiya,Selling,31.2527,MRO per GH¢,0.0319972354,GH¢ per MRO (old ouguiya; 10 MRO = 1 MRU since 2018),ok,
2026-09-10,GHSMRO,Ouguiya,Mid Rate,31.2091,MRO per GH¢,0.0320419365,GH¢ per MRO (old ouguiya; 10 MRO = 1 MRU since 2018),ok,
2026-09-10,GHSNGN,Naira,Buying,115.4718,NGN per GH¢,0.0086601231,GH¢ per NGN,ok,
2026-09-10,GHSNGN,Naira,Selling,115.5626,NGN per GH¢,0.0086533186,GH¢ per NGN,ok,
2026-09-10,GHSNGN,Naira,Mid Rate,115.5172,NGN per GH¢,0.0086567195,GH¢ per NGN,ok,
2026-09-10,GHSSLL,Leone,Buying,"2,082.1608",SLL per GH¢,0.4802703038,"GH¢ per SLE (new leone; 1 SLE = 1,000 old leones)",ok,
2026-09-10,GHSSLL,Leone,Selling,"2,136.6226",SLL per GH¢,0.4680283734,"GH¢ per SLE (new leone; 1 SLE = 1,000 old leones)",ok,
2026-09-10,GHSSLL,Leone,Mid Rate,"2,109.3917",SLL per GH¢,0.4740703208,"GH¢ per SLE (new leone; 1 SLE = 1,000 old leones)",ok,
2026-09-10,GHSXOF,BCEAO,Buying,49.2316,XOF per GH¢,0.0203121572,GH¢ per XOF (CFA franc (BCEAO)),ok,
2026-09-10,GHSXOF,BCEAO,Selling,49.2801,XOF per GH¢,0.0202921666,GH¢ per XOF (CFA franc (BCEAO)),ok,
2026-09-10,GHSXOF,BCEAO,Mid Rate,49.2559,XOF per GH¢,0.0203021364,GH¢ per XOF (CFA franc (BCEAO)),ok,
2026-09-10,JPYGHS,Japanese yen,Buying,0.0742,GH¢ per JPY,0.0742,GH¢ per JPY,ok,
2026-09-10,JPYGHS,Japanese yen,Selling,0.0743,GH¢ per JPY,0.0743,GH¢ per JPY,ok,
2026-09-10,JPYGHS,Japanese yen,Mid Rate,0.0743,GH¢ per JPY,0.0743,GH¢ per JPY,ok,
2026-09-10,NOKGHS,Norwegian Krone,Buying,1.2355,GH¢ per NOK,1.2355,GH¢ per NOK,ok,
2026-09-10,NOKGHS,Norwegian Krone,Selling,1.2363,GH¢ per NOK,1.2363,GH¢ per NOK,ok,
2026-09-10,NOKGHS,Norwegian Krone,Mid Rate,1.2359,GH¢ per NOK,1.2359,GH¢ per NOK,ok,
2026-09-10,NZDGHS,New Zealand Dollar,Buying,6.6466,GH¢ per NZD,6.6466,GH¢ per NZD,ok,
2026-09-10,NZDGHS,New Zealand Dollar,Selling,6.6538,GH¢ per NZD,6.6538,GH¢ per NZD,ok,
2026-09-10,NZDGHS,New Zealand Dollar,Mid Rate,6.6502,GH¢ per NZD,6.6502,GH¢ per NZD,ok,
2026-09-10,SEKGHS,Swedish Krona,Buying,1.1846,GH¢ per SEK,1.1846,GH¢ per SEK,ok,
2026-09-10,SEKGHS,Swedish Krona,Selling,1.1855,GH¢ per SEK,1.1855,GH¢ per SEK,ok,
2026-09-10,SEKGHS,Swedish Krona,Mid Rate,1.1851,GH¢ per SEK,1.1851,GH¢ per SEK,ok,
2026-09-10,WAUGHS,Ecowas,Buying,0.0130,GH¢ per WAU,0.013,"GH¢ per WAU (BoG's 'Ecowas' unit, not defined by BoG)",ok,
2026-09-10,WAUGHS,Ecowas,Selling,0.0130,GH¢ per WAU,0.013,"GH¢ per WAU (BoG's 'Ecowas' unit, not defined by BoG)",ok,
2026-09-10,WAUGHS,Ecowas,Mid Rate,0.0130,GH¢ per WAU,0.013,"GH¢ per WAU (BoG's 'Ecowas' unit, not defined by BoG)",ok,
2026-09-10,ZARGHS,South African Rand,Buying,0.7070,GH¢ per ZAR,0.707,GH¢ per ZAR,ok,
2026-09-10,ZARGHS,South African Rand,Selling,0.7075,GH¢ per ZAR,0.7075,GH¢ per ZAR,ok,
2026-09-10,ZARGHS,South African Rand,Mid Rate,0.7073,GH¢ per ZAR,0.7073,GH¢ per ZAR,ok,
2026-09-11,USDGHS,US Dollar,Buying,11.4558,GH¢ per USD,11.4558,GH¢ per USD,ok,
2026-09-11,USDGHS,US Dollar,Selling,11.4672,GH¢ per USD,11.4672,GH¢ per USD,ok,
2026-09-11,USDGHS,US Dollar,Mid Rate,11.4615,GH¢ per USD,11.4615,GH¢ per USD,ok,
2026-09-11,AUDGHS,Australian Dollar,Buying,8.2139,GH¢ per AUD,8.2139,GH¢ per AUD,ok,
2026-09-11,AUDGHS,Australian Dollar,Selling,8.2237,GH¢ per AUD,8.2237,GH¢ per AUD,ok,
2026-09-11,AUDGHS,Australian Dollar,Mid Rate,8.2188,GH¢ per AUD,8.2188,GH¢ per AUD,ok,
2026-09-11,CADGHS,Canadian Dollar,Buying,8.2539,GH¢ per CAD,8.2539,GH¢ per CAD,ok,
2026-09-11,CADGHS,Canadian Dollar,Selling,8.2613,GH¢ per CAD,8.2613,GH¢ per CAD,ok,
2026-09-11,CADGHS,Canadian Dollar,Mid Rate,8.2576,GH¢ per CAD,8.2576,GH¢ per CAD,ok,
2026-09-11,CHFGHS,Swiss Franc,Buying,14.0418,GH¢ per CHF,14.0418,GH¢ per CHF,ok,
2026-09-11,CHFGHS,Swiss Franc,Selling,14.0545,GH¢ per CHF,14.0545,GH¢ per CHF,ok,
2026-09-11,CHFGHS,Swiss Franc,Mid Rate,14.0482,GH¢ per CHF,14.0482,GH¢ per CHF,ok,
2026-09-11,CNYGHS,Yuan Renminbi,Buying,1.7081,GH¢ per CNY,1.7081,GH¢ per CNY,ok,
2026-09-11,CNYGHS,Yuan Renminbi,Selling,1.7095,GH¢ per CNY,1.7095,GH¢ per CNY,ok,
2026-09-11,CNYGHS,Yuan Renminbi,Mid Rate,1.7088,GH¢ per CNY,1.7088,GH¢ per CNY,ok,
2026-09-11,DKKGHS,Danish Krone,Buying,1.7794,GH¢ per DKK,1.7794,GH¢ per DKK,ok,
2026-09-11,DKKGHS,Danish Krone,Selling,1.7809,GH¢ per DKK,1.7809,GH¢ per DKK,ok,
2026-09-11,DKKGHS,Danish Krone,Mid Rate,1.7802,GH¢ per DKK,1.7802,GH¢ per DKK,ok,
2026-09-11,EURGHS,Euro,Buying,13.3005,GH¢ per EUR,13.3005,GH¢ per EUR,ok,
2026-09-11,EURGHS,Euro,Selling,13.3127,GH¢ per EUR,13.3127,GH¢ per EUR,ok,
2026-09-11,EURGHS,Euro,Mid Rate,13.3066,GH¢ per EUR,13.3066,GH¢ per EUR,ok,
2026-09-11,GBPGHS,Pound Sterling,Buying,15.4951,GH¢ per GBP,15.4951,GH¢ per GBP,ok,
2026-09-11,GBPGHS,Pound Sterling,Selling,15.5106,GH¢ per GBP,15.5106,GH¢ per GBP,ok,
2026-09-11,GBPGHS,Pound Sterling,Mid Rate,15.5029,GH¢ per GBP,15.5029,GH¢ per GBP,ok,
2026-09-11,GHSGMD,Dalasi,Buying,6.3629,GMD per GH¢,0.1571610429,GH¢ per GMD,ok,
2026-09-11,GHSGMD,Dalasi,Selling,6.3637,GMD per GH¢,0.1571412857,GH¢ per GMD,ok,
2026-09-11,GHSGMD,Dalasi,Mid Rate,6.3633,GMD per GH¢,0.1571511637,GH¢ per GMD,ok,
2026-09-11,GHSMRO,Ouguiya,Buying,31.1478,MRO per GH¢,0.0321049962,GH¢ per MRO (old ouguiya; 10 MRO = 1 MRU since 2018),ok,
2026-09-11,GHSMRO,Ouguiya,Selling,31.2350,MRO per GH¢,0.0320153674,GH¢ per MRO (old ouguiya; 10 MRO = 1 MRU since 2018),ok,
2026-09-11,GHSMRO,Ouguiya,Mid Rate,31.1914,MRO per GH¢,0.0320601191,GH¢ per MRO (old ouguiya; 10 MRO = 1 MRU since 2018),ok,
2026-09-11,GHSNGN,Naira,Buying,115.8138,NGN per GH¢,0.0086345496,GH¢ per NGN,ok,
2026-09-11,GHSNGN,Naira,Selling,115.9011,NGN per GH¢,0.0086280458,GH¢ per NGN,ok,
2026-09-11,GHSNGN,Naira,Mid Rate,115.8575,NGN per GH¢,0.0086312928,GH¢ per NGN,ok,
2026-09-11,GHSSLL,Leone,Buying,2.0810,SLL per GH¢,0.4805382028,"GH¢ per SLE (new leone; 1 SLE = 1,000 old leones)",ok,
2026-09-11,GHSSLL,Leone,Selling,2.1354,SLL per GH¢,0.4682963379,"GH¢ per SLE (new leone; 1 SLE = 1,000 old leones)",ok,
2026-09-11,GHSSLL,Leone,Mid Rate,2.1082,SLL per GH¢,0.4743382981,"GH¢ per SLE (new leone; 1 SLE = 1,000 old leones)",ok,
2026-09-11,GHSXOF,BCEAO,Buying,49.2730,XOF per GH¢,0.0202950906,GH¢ per XOF (CFA franc (BCEAO)),ok,
2026-09-11,GHSXOF,BCEAO,Selling,49.3182,XOF per GH¢,0.0202764902,GH¢ per XOF (CFA franc (BCEAO)),ok,
2026-09-11,GHSXOF,BCEAO,Mid Rate,49.2956,XOF per GH¢,0.0202857862,GH¢ per XOF (CFA franc (BCEAO)),ok,
2026-09-11,JPYGHS,Japanese yen,Buying,0.0746,GH¢ per JPY,0.0746,GH¢ per JPY,ok,
2026-09-11,JPYGHS,Japanese yen,Selling,0.0747,GH¢ per JPY,0.0747,GH¢ per JPY,ok,
2026-09-11,JPYGHS,Japanese yen,Mid Rate,0.0747,GH¢ per JPY,0.0747,GH¢ per JPY,ok,
2026-09-11,NOKGHS,Norwegian Krone,Buying,1.2331,GH¢ per NOK,1.2331,GH¢ per NOK,ok,
2026-09-11,NOKGHS,Norwegian Krone,Selling,1.2340,GH¢ per NOK,1.234,GH¢ per NOK,ok,
2026-09-11,NOKGHS,Norwegian Krone,Mid Rate,1.2336,GH¢ per NOK,1.2336,GH¢ per NOK,ok,
2026-09-11,NZDGHS,New Zealand Dollar,Buying,6.6598,GH¢ per NZD,6.6598,GH¢ per NZD,ok,
2026-09-11,NZDGHS,New Zealand Dollar,Selling,6.6664,GH¢ per NZD,6.6664,GH¢ per NZD,ok,
2026-09-11,NZDGHS,New Zealand Dollar,Mid Rate,6.6631,GH¢ per NZD,6.6631,GH¢ per NZD,ok,
2026-09-11,SEKGHS,Swedish Krona,Buying,1.1823,GH¢ per SEK,1.1823,GH¢ per SEK,ok,
2026-09-11,SEKGHS,Swedish Krona,Selling,1.1832,GH¢ per SEK,1.1832,GH¢ per SEK,ok,
2026-09-11,SEKGHS,Swedish Krona,Mid Rate,1.1828,GH¢ per SEK,1.1828,GH¢ per SEK,ok,
2026-09-11,WAUGHS,Ecowas,Buying,0.0130,GH¢ per WAU,0.013,"GH¢ per WAU (BoG's 'Ecowas' unit, not defined by BoG)",ok,
2026-09-11,WAUGHS,Ecowas,Selling,0.0130,GH¢ per WAU,0.013,"GH¢ per WAU (BoG's 'Ecowas' unit, not defined by BoG)",ok,
2026-09-11,WAUGHS,Ecowas,Mid Rate,0.0130,GH¢ per WAU,0.013,"GH¢ per WAU (BoG's 'Ecowas' unit, not defined by BoG)",ok,
2026-09-11,ZARGHS,South African Rand,Buying,0.7101,GH¢ per ZAR,0.7101,GH¢ per ZAR,ok,
2026-09-11,ZARGHS,South African Rand,Selling,0.7106,GH¢ per ZAR,0.7106,GH¢ per ZAR,ok,
2026-09-11,ZARGHS,South African Rand,Mid Rate,0.7104,GH¢ per ZAR,0.7104,GH¢ per ZAR,ok,
2026-09-14,USDGHS,US Dollar,Buying,11.4573,GH¢ per USD,11.4573,GH¢ per USD,ok,
2026-09-14,USDGHS,US Dollar,Selling,11.4687,GH¢ per USD,11.4687,GH¢ per USD,ok,
2026-09-14,USDGHS,US Dollar,Mid Rate,11.4630,GH¢ per USD,11.463,GH¢ per USD,ok,
2026-09-14,AUDGHS,Australian Dollar,Buying,8.1790,GH¢ per AUD,8.179,GH¢ per AUD,ok,
2026-09-14,AUDGHS,Australian Dollar,Selling,8.1893,GH¢ per AUD,8.1893,GH¢ per AUD,ok,
2026-09-14,AUDGHS,Australian Dollar,Mid Rate,8.1842,GH¢ per AUD,8.1842,GH¢ per AUD,ok,
2026-09-14,CADGHS,Canadian Dollar,Buying,8.2334,GH¢ per CAD,8.2334,GH¢ per CAD,ok,
2026-09-14,CADGHS,Canadian Dollar,Selling,8.2414,GH¢ per CAD,8.2414,GH¢ per CAD,ok,
2026-09-14,CADGHS,Canadian Dollar,Mid Rate,8.2374,GH¢ per CAD,8.2374,GH¢ per CAD,ok,
2026-09-14,CHFGHS,Swiss Franc,Buying,14.0183,GH¢ per CHF,14.0183,GH¢ per CHF,ok,
2026-09-14,CHFGHS,Swiss Franc,Selling,14.0321,GH¢ per CHF,14.0321,GH¢ per CHF,ok,
2026-09-14,CHFGHS,Swiss Franc,Mid Rate,14.0252,GH¢ per CHF,14.0252,GH¢ per CHF,ok,
2026-09-14,CNYGHS,Yuan Renminbi,Buying,1.7079,GH¢ per CNY,1.7079,GH¢ per CNY,ok,
2026-09-14,CNYGHS,Yuan Renminbi,Selling,1.7091,GH¢ per CNY,1.7091,GH¢ per CNY,ok,
2026-09-14,CNYGHS,Yuan Renminbi,Mid Rate,1.7085,GH¢ per CNY,1.7085,GH¢ per CNY,ok,
2026-09-14,DKKGHS,Danish Krone,Buying,1.7699,GH¢ per DKK,1.7699,GH¢ per DKK,ok,
2026-09-14,DKKGHS,Danish Krone,Selling,1.7715,GH¢ per DKK,1.7715,GH¢ per DKK,ok,
2026-09-14,DKKGHS,Danish Krone,Mid Rate,1.7707,GH¢ per DKK,1.7707,GH¢ per DKK,ok,
2026-09-14,EURGHS,Euro,Buying,13.2298,GH¢ per EUR,13.2298,GH¢ per EUR,ok,
2026-09-14,EURGHS,Euro,Selling,13.2429,GH¢ per EUR,13.2429,GH¢ per EUR,ok,
2026-09-14,EURGHS,Euro,Mid Rate,13.2364,GH¢ per EUR,13.2364,GH¢ per EUR,ok,
2026-09-14,GBPGHS,Pound Sterling,Buying,15.4524,GH¢ per GBP,15.4524,GH¢ per GBP,ok,
2026-09-14,GBPGHS,Pound Sterling,Selling,15.4690,GH¢ per GBP,15.469,GH¢ per GBP,ok,
2026-09-14,GBPGHS,Pound Sterling,Mid Rate,15.4607,GH¢ per GBP,15.4607,GH¢ per GBP,ok,
2026-09-14,GHSGMD,Dalasi,Buying,6.3637,GMD per GH¢,0.1571412857,GH¢ per GMD,ok,
2026-09-14,GHSGMD,Dalasi,Selling,6.4525,GMD per GH¢,0.1549786904,GH¢ per GMD,ok,
2026-09-14,GHSGMD,Dalasi,Mid Rate,6.4081,GMD per GH¢,0.1560524961,GH¢ per GMD,ok,
2026-09-14,GHSMRO,Ouguiya,Buying,31.1437,MRO per GH¢,0.0321092227,GH¢ per MRO (old ouguiya; 10 MRO = 1 MRU since 2018),ok,
2026-09-14,GHSMRO,Ouguiya,Selling,31.2309,MRO per GH¢,0.0320195704,GH¢ per MRO (old ouguiya; 10 MRO = 1 MRU since 2018),ok,
2026-09-14,GHSMRO,Ouguiya,Mid Rate,31.1873,MRO per GH¢,0.0320643339,GH¢ per MRO (old ouguiya; 10 MRO = 1 MRU since 2018),ok,
2026-09-14,GHSNGN,Naira,Buying,115.7454,NGN per GH¢,0.0086396522,GH¢ per NGN,ok,
2026-09-14,GHSNGN,Naira,Selling,115.8327,NGN per GH¢,0.0086331407,GH¢ per NGN,ok,
2026-09-14,GHSNGN,Naira,Mid Rate,115.7891,NGN per GH¢,0.0086363915,GH¢ per NGN,ok,
2026-09-14,GHSSLL,Leone,Buying,2.0807,SLL per GH¢,0.4806074879,"GH¢ per SLE (new leone; 1 SLE = 1,000 old leones)",ok,
2026-09-14,GHSSLL,Leone,Selling,2.1351,SLL per GH¢,0.4683621376,"GH¢ per SLE (new leone; 1 SLE = 1,000 old leones)",ok,
2026-09-14,GHSSLL,Leone,Mid Rate,2.1079,SLL per GH¢,0.4744058067,"GH¢ per SLE (new leone; 1 SLE = 1,000 old leones)",ok,
2026-09-14,GHSXOF,BCEAO,Buying,49.5327,XOF per GH¢,0.0201886834,GH¢ per XOF (CFA franc (BCEAO)),ok,
2026-09-14,GHSXOF,BCEAO,Selling,49.5818,XOF per GH¢,0.0201686909,GH¢ per XOF (CFA franc (BCEAO)),ok,
2026-09-14,GHSXOF,BCEAO,Mid Rate,49.5573,XOF per GH¢,0.0201786619,GH¢ per XOF (CFA franc (BCEAO)),ok,
2026-09-14,JPYGHS,Japanese yen,Buying,0.0742,GH¢ per JPY,0.0742,GH¢ per JPY,ok,
2026-09-14,JPYGHS,Japanese yen,Selling,0.0743,GH¢ per JPY,0.0743,GH¢ per JPY,ok,
2026-09-14,JPYGHS,Japanese yen,Mid Rate,0.0743,GH¢ per JPY,0.0743,GH¢ per JPY,ok,
2026-09-14,NOKGHS,Norwegian Krone,Buying,1.2292,GH¢ per NOK,1.2292,GH¢ per NOK,ok,
2026-09-14,NOKGHS,Norwegian Krone,Selling,1.2302,GH¢ per NOK,1.2302,GH¢ per NOK,ok,
2026-09-14,NOKGHS,Norwegian Krone,Mid Rate,1.2297,GH¢ per NOK,1.2297,GH¢ per NOK,ok,
2026-09-14,NZDGHS,New Zealand Dollar,Buying,6.6198,GH¢ per NZD,6.6198,GH¢ per NZD,ok,
2026-09-14,NZDGHS,New Zealand Dollar,Selling,6.6285,GH¢ per NZD,6.6285,GH¢ per NZD,ok,
2026-09-14,NZDGHS,New Zealand Dollar,Mid Rate,6.6242,GH¢ per NZD,6.6242,GH¢ per NZD,ok,
2026-09-14,SEKGHS,Swedish Krona,Buying,1.1750,GH¢ per SEK,1.175,GH¢ per SEK,ok,
2026-09-14,SEKGHS,Swedish Krona,Selling,1.1760,GH¢ per SEK,1.176,GH¢ per SEK,ok,
2026-09-14,SEKGHS,Swedish Krona,Mid Rate,1.1755,GH¢ per SEK,1.1755,GH¢ per SEK,ok,
2026-09-14,WAUGHS,Ecowas,Buying,0.0130,GH¢ per WAU,0.013,"GH¢ per WAU (BoG's 'Ecowas' unit, not defined by BoG)",ok,
2026-09-14,WAUGHS,Ecowas,Selling,0.0130,GH¢ per WAU,0.013,"GH¢ per WAU (BoG's 'Ecowas' unit, not defined by BoG)",ok,
2026-09-14,WAUGHS,Ecowas,Mid Rate,0.0130,GH¢ per WAU,0.013,"GH¢ per WAU (BoG's 'Ecowas' unit, not defined by BoG)",ok,
2026-09-14,ZARGHS,South African Rand,Buying,0.7054,GH¢ per ZAR,0.7054,GH¢ per ZAR,ok,
2026-09-14,ZARGHS,South African Rand,Selling,0.7058,GH¢ per ZAR,0.7058,GH¢ per ZAR,ok,
2026-09-14,ZARGHS,South African Rand,Mid Rate,0.7056,GH¢ per ZAR,0.7056,GH¢ per ZAR,ok,
2026-09-15,USDGHS,US Dollar,Buying,11.4767,GH¢ per USD,11.4767,GH¢ per USD,ok,
2026-09-15,USDGHS,US Dollar,Selling,11.4881,GH¢ per USD,11.4881,GH¢ per USD,ok,
2026-09-15,USDGHS,US Dollar,Mid Rate,11.4824,GH¢ per USD,11.4824,GH¢ per USD,ok,
2026-09-15,AUDGHS,Australian Dollar,Buying,8.1799,GH¢ per AUD,8.1799,GH¢ per AUD,ok,
2026-09-15,AUDGHS,Australian Dollar,Selling,8.1903,GH¢ per AUD,8.1903,GH¢ per AUD,ok,
2026-09-15,AUDGHS,Australian Dollar,Mid Rate,8.1851,GH¢ per AUD,8.1851,GH¢ per AUD,ok,
2026-09-15,CADGHS,Canadian Dollar,Buying,8.2450,GH¢ per CAD,8.245,GH¢ per CAD,ok,
2026-09-15,CADGHS,Canadian Dollar,Selling,8.2530,GH¢ per CAD,8.253,GH¢ per CAD,ok,
2026-09-15,CADGHS,Canadian Dollar,Mid Rate,8.2490,GH¢ per CAD,8.249,GH¢ per CAD,ok,
2026-09-15,CHFGHS,Swiss Franc,Buying,14.0128,GH¢ per CHF,14.0128,GH¢ per CHF,ok,
2026-09-15,CHFGHS,Swiss Franc,Selling,14.0266,GH¢ per CHF,14.0266,GH¢ per CHF,ok,
2026-09-15,CHFGHS,Swiss Franc,Mid Rate,14.0197,GH¢ per CHF,14.0197,GH¢ per CHF,ok,
2026-09-15,CNYGHS,Yuan Renminbi,Buying,1.7102,GH¢ per CNY,1.7102,GH¢ per CNY,ok,
2026-09-15,CNYGHS,Yuan Renminbi,Selling,1.7116,GH¢ per CNY,1.7116,GH¢ per CNY,ok,
2026-09-15,CNYGHS,Yuan Renminbi,Mid Rate,1.7109,GH¢ per CNY,1.7109,GH¢ per CNY,ok,
2026-09-15,DKKGHS,Danish Krone,Buying,1.7720,GH¢ per DKK,1.772,GH¢ per DKK,ok,
2026-09-15,DKKGHS,Danish Krone,Selling,1.7737,GH¢ per DKK,1.7737,GH¢ per DKK,ok,
2026-09-15,DKKGHS,Danish Krone,Mid Rate,1.7729,GH¢ per DKK,1.7729,GH¢ per DKK,ok,
2026-09-15,EURGHS,Euro,Buying,13.2459,GH¢ per EUR,13.2459,GH¢ per EUR,ok,
2026-09-15,EURGHS,Euro,Selling,13.2590,GH¢ per EUR,13.259,GH¢ per EUR,ok,
2026-09-15,EURGHS,Euro,Mid Rate,13.2525,GH¢ per EUR,13.2525,GH¢ per EUR,ok,
2026-09-15,GBPGHS,Pound Sterling,Buying,15.4659,GH¢ per GBP,15.4659,GH¢ per GBP,ok,
2026-09-15,GBPGHS,Pound Sterling,Selling,15.4826,GH¢ per GBP,15.4826,GH¢ per GBP,ok,
2026-09-15,GBPGHS,Pound Sterling,Mid Rate,15.4743,GH¢ per GBP,15.4743,GH¢ per GBP,ok,
2026-09-15,GHSGMD,Dalasi,Buying,6.3902,GMD per GH¢,0.1564896247,GH¢ per GMD,ok,
2026-09-15,GHSGMD,Dalasi,Selling,6.4405,GMD per GH¢,0.1552674482,GH¢ per GMD,ok,
2026-09-15,GHSGMD,Dalasi,Mid Rate,6.4154,GMD per GH¢,0.155874926,GH¢ per GMD,ok,
2026-09-15,GHSMRO,Ouguiya,Buying,31.0911,MRO per GH¢,0.0321635452,GH¢ per MRO (old ouguiya; 10 MRO = 1 MRU since 2018),ok,
2026-09-15,GHSMRO,Ouguiya,Selling,31.1782,MRO per GH¢,0.0320736925,GH¢ per MRO (old ouguiya; 10 MRO = 1 MRU since 2018),ok,
2026-09-15,GHSMRO,Ouguiya,Mid Rate,31.1347,MRO per GH¢,0.0321185044,GH¢ per MRO (old ouguiya; 10 MRO = 1 MRU since 2018),ok,
2026-09-15,GHSNGN,Naira,Buying,115.3844,NGN per GH¢,0.0086666828,GH¢ per NGN,ok,
2026-09-15,GHSNGN,Naira,Selling,115.6474,NGN per GH¢,0.0086469735,GH¢ per NGN,ok,
2026-09-15,GHSNGN,Naira,Mid Rate,115.5159,NGN per GH¢,0.0086568169,GH¢ per NGN,ok,
2026-09-15,GHSSLL,Leone,Buying,2.0626,SLL per GH¢,0.4848249782,"GH¢ per SLE (new leone; 1 SLE = 1,000 old leones)",ok,
2026-09-15,GHSSLL,Leone,Selling,2.1377,SLL per GH¢,0.4677924873,"GH¢ per SLE (new leone; 1 SLE = 1,000 old leones)",ok,
2026-09-15,GHSSLL,Leone,Mid Rate,2.1002,SLL per GH¢,0.476145129,"GH¢ per SLE (new leone; 1 SLE = 1,000 old leones)",ok,
2026-09-15,GHSXOF,BCEAO,Buying,49.4726,XOF per GH¢,0.0202132089,GH¢ per XOF (CFA franc (BCEAO)),ok,
2026-09-15,GHSXOF,BCEAO,Selling,49.5215,XOF per GH¢,0.0201932494,GH¢ per XOF (CFA franc (BCEAO)),ok,
2026-09-15,GHSXOF,BCEAO,Mid Rate,49.4971,XOF per GH¢,0.0202032038,GH¢ per XOF (CFA franc (BCEAO)),ok,
2026-09-15,JPYGHS,Japanese yen,Buying,0.0740,GH¢ per JPY,0.074,GH¢ per JPY,ok,
2026-09-15,JPYGHS,Japanese yen,Selling,0.0741,GH¢ per JPY,0.0741,GH¢ per JPY,ok,
2026-09-15,JPYGHS,Japanese yen,Mid Rate,0.0741,GH¢ per JPY,0.0741,GH¢ per JPY,ok,
2026-09-15,NOKGHS,Norwegian Krone,Buying,1.2284,GH¢ per NOK,1.2284,GH¢ per NOK,ok,
2026-09-15,NOKGHS,Norwegian Krone,Selling,1.2293,GH¢ per NOK,1.2293,GH¢ per NOK,ok,
2026-09-15,NOKGHS,Norwegian Krone,Mid Rate,1.2289,GH¢ per NOK,1.2289,GH¢ per NOK,ok,
2026-09-15,NZDGHS,New Zealand Dollar,Buying,6.6055,GH¢ per NZD,6.6055,GH¢ per NZD,ok,
2026-09-15,NZDGHS,New Zealand Dollar,Selling,6.6142,GH¢ per NZD,6.6142,GH¢ per NZD,ok,
2026-09-15,NZDGHS,New Zealand Dollar,Mid Rate,6.6099,GH¢ per NZD,6.6099,GH¢ per NZD,ok,
2026-09-15,SEKGHS,Swedish Krona,Buying,1.1736,GH¢ per SEK,1.1736,GH¢ per SEK,ok,
2026-09-15,SEKGHS,Swedish Krona,Selling,1.1746,GH¢ per SEK,1.1746,GH¢ per SEK,ok,
2026-09-15,SEKGHS,Swedish Krona,Mid Rate,1.1741,GH¢ per SEK,1.1741,GH¢ per SEK,ok,
2026-09-15,WAUGHS,Ecowas,Buying,0.0129,GH¢ per WAU,0.0129,"GH¢ per WAU (BoG's 'Ecowas' unit, not defined by BoG)",ok,
2026-09-15,WAUGHS,Ecowas,Selling,0.0129,GH¢ per WAU,0.0129,"GH¢ per WAU (BoG's 'Ecowas' unit, not defined by BoG)",ok,
2026-09-15,WAUGHS,Ecowas,Mid Rate,0.0129,GH¢ per WAU,0.0129,"GH¢ per WAU (BoG's 'Ecowas' unit, not defined by BoG)",ok,
2026-09-15,ZARGHS,South African Rand,Buying,0.7065,GH¢ per ZAR,0.7065,GH¢ per ZAR,ok,
2026-09-15,ZARGHS,South African Rand,Selling,0.7069,GH¢ per ZAR,0.7069,GH¢ per ZAR,ok,
2026-09-15,ZARGHS,South African Rand,Mid Rate,0.7067,GH¢ per ZAR,0.7067,GH¢ per ZAR,ok,
2026-09-16,USDGHS,US Dollar,Buying,11.4943,GH¢ per USD,11.4943,GH¢ per USD,ok,
2026-09-16,USDGHS,US Dollar,Selling,11.5058,GH¢ per USD,11.5058,GH¢ per USD,ok,
2026-09-16,USDGHS,US Dollar,Mid Rate,11.5000,GH¢ per USD,11.5,GH¢ per USD,ok,
2026-09-16,AUDGHS,Australian Dollar,Buying,8.1971,GH¢ per AUD,8.1971,GH¢ per AUD,ok,
2026-09-16,AUDGHS,Australian Dollar,Selling,8.2068,GH¢ per AUD,8.2068,GH¢ per AUD,ok,
2026-09-16,AUDGHS,Australian Dollar,Mid Rate,8.2020,GH¢ per AUD,8.202,GH¢ per AUD,ok,
2026-09-16,CADGHS,Canadian Dollar,Buying,8.2475,GH¢ per CAD,8.2475,GH¢ per CAD,ok,
2026-09-16,CADGHS,Canadian Dollar,Selling,8.2549,GH¢ per CAD,8.2549,GH¢ per CAD,ok,
2026-09-16,CADGHS,Canadian Dollar,Mid Rate,8.2512,GH¢ per CAD,8.2512,GH¢ per CAD,ok,
2026-09-16,CHFGHS,Swiss Franc,Buying,14.0306,GH¢ per CHF,14.0306,GH¢ per CHF,ok,
2026-09-16,CHFGHS,Swiss Franc,Selling,14.0433,GH¢ per CHF,14.0433,GH¢ per CHF,ok,
2026-09-16,CHFGHS,Swiss Franc,Mid Rate,14.0370,GH¢ per CHF,14.037,GH¢ per CHF,ok,
2026-09-16,CNYGHS,Yuan Renminbi,Buying,1.7140,GH¢ per CNY,1.714,GH¢ per CNY,ok,
2026-09-16,CNYGHS,Yuan Renminbi,Selling,1.7154,GH¢ per CNY,1.7154,GH¢ per CNY,ok,
2026-09-16,CNYGHS,Yuan Renminbi,Mid Rate,1.7147,GH¢ per CNY,1.7147,GH¢ per CNY,ok,
2026-09-16,DKKGHS,Danish Krone,Buying,1.7738,GH¢ per DKK,1.7738,GH¢ per DKK,ok,
2026-09-16,DKKGHS,Danish Krone,Selling,1.7753,GH¢ per DKK,1.7753,GH¢ per DKK,ok,
2026-09-16,DKKGHS,Danish Krone,Mid Rate,1.7746,GH¢ per DKK,1.7746,GH¢ per DKK,ok,
2026-09-16,EURGHS,Euro,Buying,13.2602,GH¢ per EUR,13.2602,GH¢ per EUR,ok,
2026-09-16,EURGHS,Euro,Selling,13.2724,GH¢ per EUR,13.2724,GH¢ per EUR,ok,
2026-09-16,EURGHS,Euro,Mid Rate,13.2663,GH¢ per EUR,13.2663,GH¢ per EUR,ok,
2026-09-16,GBPGHS,Pound Sterling,Buying,15.4575,GH¢ per GBP,15.4575,GH¢ per GBP,ok,
2026-09-16,GBPGHS,Pound Sterling,Selling,15.4729,GH¢ per GBP,15.4729,GH¢ per GBP,ok,
2026-09-16,GBPGHS,Pound Sterling,Mid Rate,15.4652,GH¢ per GBP,15.4652,GH¢ per GBP,ok,
2026-09-16,GHSGMD,Dalasi,Buying,6.3676,GMD per GH¢,0.1570450405,GH¢ per GMD,ok,
2026-09-16,GHSGMD,Dalasi,Selling,6.4287,GMD per GH¢,0.1555524445,GH¢ per GMD,ok,
2026-09-16,GHSGMD,Dalasi,Mid Rate,6.3982,GMD per GH¢,0.1562939577,GH¢ per GMD,ok,
2026-09-16,GHSMRO,Ouguiya,Buying,31.0435,MRO per GH¢,0.0322128626,GH¢ per MRO (old ouguiya; 10 MRO = 1 MRU since 2018),ok,
2026-09-16,GHSMRO,Ouguiya,Selling,31.1304,MRO per GH¢,0.0321229409,GH¢ per MRO (old ouguiya; 10 MRO = 1 MRU since 2018),ok,
2026-09-16,GHSMRO,Ouguiya,Mid Rate,31.0870,MRO per GH¢,0.0321677872,GH¢ per MRO (old ouguiya; 10 MRO = 1 MRU since 2018),ok,
2026-09-16,GHSNGN,Naira,Buying,115.5000,NGN per GH¢,0.0086580087,GH¢ per NGN,ok,
2026-09-16,GHSNGN,Naira,Selling,115.7617,NGN per GH¢,0.0086384357,GH¢ per NGN,ok,
2026-09-16,GHSNGN,Naira,Mid Rate,115.6309,NGN per GH¢,0.0086482074,GH¢ per NGN,ok,
2026-09-16,GHSSLL,Leone,Buying,2.0659,SLL per GH¢,0.4840505349,"GH¢ per SLE (new leone; 1 SLE = 1,000 old leones)",ok,
2026-09-16,GHSSLL,Leone,Selling,2.1275,SLL per GH¢,0.4700352526,"GH¢ per SLE (new leone; 1 SLE = 1,000 old leones)",ok,
2026-09-16,GHSSLL,Leone,Mid Rate,2.0967,SLL per GH¢,0.4769399533,"GH¢ per SLE (new leone; 1 SLE = 1,000 old leones)",ok,
2026-09-16,GHSXOF,BCEAO,Buying,49.4226,XOF per GH¢,0.0202336583,GH¢ per XOF (CFA franc (BCEAO)),ok,
2026-09-16,GHSXOF,BCEAO,Selling,49.4681,XOF per GH¢,0.0202150477,GH¢ per XOF (CFA franc (BCEAO)),ok,
2026-09-16,GHSXOF,BCEAO,Mid Rate,49.4454,XOF per GH¢,0.0202243282,GH¢ per XOF (CFA franc (BCEAO)),ok,
2026-09-16,JPYGHS,Japanese yen,Buying,0.0741,GH¢ per JPY,0.0741,GH¢ per JPY,ok,
2026-09-16,JPYGHS,Japanese yen,Selling,0.0741,GH¢ per JPY,0.0741,GH¢ per JPY,ok,
2026-09-16,JPYGHS,Japanese yen,Mid Rate,0.0741,GH¢ per JPY,0.0741,GH¢ per JPY,ok,
2026-09-16,NOKGHS,Norwegian Krone,Buying,1.2290,GH¢ per NOK,1.229,GH¢ per NOK,ok,
2026-09-16,NOKGHS,Norwegian Krone,Selling,1.2298,GH¢ per NOK,1.2298,GH¢ per NOK,ok,
2026-09-16,NOKGHS,Norwegian Krone,Mid Rate,1.2294,GH¢ per NOK,1.2294,GH¢ per NOK,ok,
2026-09-16,NZDGHS,New Zealand Dollar,Buying,6.6189,GH¢ per NZD,6.6189,GH¢ per NZD,ok,
2026-09-16,NZDGHS,New Zealand Dollar,Selling,6.6255,GH¢ per NZD,6.6255,GH¢ per NZD,ok,
2026-09-16,NZDGHS,New Zealand Dollar,Mid Rate,6.6222,GH¢ per NZD,6.6222,GH¢ per NZD,ok,
2026-09-16,SEKGHS,Swedish Krona,Buying,1.1762,GH¢ per SEK,1.1762,GH¢ per SEK,ok,
2026-09-16,SEKGHS,Swedish Krona,Selling,1.1770,GH¢ per SEK,1.177,GH¢ per SEK,ok,
2026-09-16,SEKGHS,Swedish Krona,Mid Rate,1.1766,GH¢ per SEK,1.1766,GH¢ per SEK,ok,
2026-09-16,WAUGHS,Ecowas,Buying,0.0129,GH¢ per WAU,0.0129,"GH¢ per WAU (BoG's 'Ecowas' unit, not defined by BoG)",ok,
2026-09-16,WAUGHS,Ecowas,Selling,0.0129,GH¢ per WAU,0.0129,"GH¢ per WAU (BoG's 'Ecowas' unit, not defined by BoG)",ok,
2026-09-16,WAUGHS,Ecowas,Mid Rate,0.0129,GH¢ per WAU,0.0129,"GH¢ per WAU (BoG's 'Ecowas' unit, not defined by BoG)",ok,
2026-09-16,ZARGHS,South African Rand,Buying,0.7067,GH¢ per ZAR,0.7067,GH¢ per ZAR,ok,
2026-09-16,ZARGHS,South African Rand,Selling,0.7071,GH¢ per ZAR,0.7071,GH¢ per ZAR,ok,
2026-09-16,ZARGHS,South African Rand,Mid Rate,0.7069,GH¢ per ZAR,0.7069,GH¢ per ZAR,ok,
2026-09-17,USDGHS,US Dollar,Buying,11.5142,GH¢ per USD,11.5142,GH¢ per USD,ok,
2026-09-17,USDGHS,US Dollar,Selling,11.5258,GH¢ per USD,11.5258,GH¢ per USD,ok,
2026-09-17,USDGHS,US Dollar,Mid Rate,11.5200,GH¢ per USD,11.52,GH¢ per USD,ok,
2026-09-17,AUDGHS,Australian Dollar,Buying,8.1878,GH¢ per AUD,8.1878,GH¢ per AUD,ok,
2026-09-17,AUDGHS,Australian Dollar,Selling,8.1981,GH¢ per AUD,8.1981,GH¢ per AUD,ok,
2026-09-17,AUDGHS,Australian Dollar,Mid Rate,8.1930,GH¢ per AUD,8.193,GH¢ per AUD,ok,
2026-09-17,CADGHS,Canadian Dollar,Buying,8.2313,GH¢ per CAD,8.2313,GH¢ per CAD,ok,
2026-09-17,CADGHS,Canadian Dollar,Selling,8.2393,GH¢ per CAD,8.2393,GH¢ per CAD,ok,
2026-09-17,CADGHS,Canadian Dollar,Mid Rate,8.2353,GH¢ per CAD,8.2353,GH¢ per CAD,ok,
2026-09-17,CHFGHS,Swiss Franc,Buying,13.9678,GH¢ per CHF,13.9678,GH¢ per CHF,ok,
2026-09-17,CHFGHS,Swiss Franc,Selling,13.9803,GH¢ per CHF,13.9803,GH¢ per CHF,ok,
2026-09-17,CHFGHS,Swiss Franc,Mid Rate,13.9741,GH¢ per CHF,13.9741,GH¢ per CHF,ok,
2026-09-17,CNYGHS,Yuan Renminbi,Buying,1.7173,GH¢ per CNY,1.7173,GH¢ per CNY,ok,
2026-09-17,CNYGHS,Yuan Renminbi,Selling,1.7190,GH¢ per CNY,1.719,GH¢ per CNY,ok,
2026-09-17,CNYGHS,Yuan Renminbi,Mid Rate,1.7182,GH¢ per CNY,1.7182,GH¢ per CNY,ok,
2026-09-17,DKKGHS,Danish Krone,Buying,1.7680,GH¢ per DKK,1.768,GH¢ per DKK,ok,
2026-09-17,DKKGHS,Danish Krone,Selling,1.7695,GH¢ per DKK,1.7695,GH¢ per DKK,ok,
2026-09-17,DKKGHS,Danish Krone,Mid Rate,1.7688,GH¢ per DKK,1.7688,GH¢ per DKK,ok,
2026-09-17,EURGHS,Euro,Buying,13.2169,GH¢ per EUR,13.2169,GH¢ per EUR,ok,
2026-09-17,EURGHS,Euro,Selling,13.2288,GH¢ per EUR,13.2288,GH¢ per EUR,ok,
2026-09-17,EURGHS,Euro,Mid Rate,13.2229,GH¢ per EUR,13.2229,GH¢ per EUR,ok,
2026-09-17,GBPGHS,Pound Sterling,Buying,15.3646,GH¢ per GBP,15.3646,GH¢ per GBP,ok,
2026-09-17,GBPGHS,Pound Sterling,Selling,15.3811,GH¢ per GBP,15.3811,GH¢ per GBP,ok,
2026-09-17,GBPGHS,Pound Sterling,Mid Rate,15.3729,GH¢ per GBP,15.3729,GH¢ per GBP,ok,
2026-09-17,GHSGMD,Dalasi,Buying,6.3610,GMD per GH¢,0.1572079862,GH¢ per GMD,ok,
2026-09-17,GHSGMD,Dalasi,Selling,6.4206,GMD per GH¢,0.1557486839,GH¢ per GMD,ok,
2026-09-17,GHSGMD,Dalasi,Mid Rate,6.3908,GMD per GH¢,0.1564749327,GH¢ per GMD,ok,
2026-09-17,GHSMRO,Ouguiya,Buying,30.9896,MRO per GH¢,0.0322688902,GH¢ per MRO (old ouguiya; 10 MRO = 1 MRU since 2018),ok,
2026-09-17,GHSMRO,Ouguiya,Selling,31.0764,MRO per GH¢,0.0321787594,GH¢ per MRO (old ouguiya; 10 MRO = 1 MRU since 2018),ok,
2026-09-17,GHSMRO,Ouguiya,Mid Rate,31.0330,MRO per GH¢,0.0322237618,GH¢ per MRO (old ouguiya; 10 MRO = 1 MRU since 2018),ok,
2026-09-17,GHSNGN,Naira,Buying,115.4818,NGN per GH¢,0.0086593732,GH¢ per NGN,ok,
2026-09-17,GHSNGN,Naira,Selling,115.5686,NGN per GH¢,0.0086528694,GH¢ per NGN,ok,
2026-09-17,GHSNGN,Naira,Mid Rate,115.5252,NGN per GH¢,0.00865612,GH¢ per NGN,ok,
2026-09-17,GHSSLL,Leone,Buying,2.0623,SLL per GH¢,0.484895505,"GH¢ per SLE (new leone; 1 SLE = 1,000 old leones)",ok,
2026-09-17,GHSSLL,Leone,Selling,2.1238,SLL per GH¢,0.4708541294,"GH¢ per SLE (new leone; 1 SLE = 1,000 old leones)",ok,
2026-09-17,GHSSLL,Leone,Mid Rate,2.0931,SLL per GH¢,0.4777602599,"GH¢ per SLE (new leone; 1 SLE = 1,000 old leones)",ok,
2026-09-17,GHSXOF,BCEAO,Buying,49.5855,XOF per GH¢,0.020167186,GH¢ per XOF (CFA franc (BCEAO)),ok,
2026-09-17,GHSXOF,BCEAO,Selling,49.6302,XOF per GH¢,0.0201490222,GH¢ per XOF (CFA franc (BCEAO)),ok,
2026-09-17,GHSXOF,BCEAO,Mid Rate,49.6079,XOF per GH¢,0.0201580797,GH¢ per XOF (CFA franc (BCEAO)),ok,
2026-09-17,JPYGHS,Japanese yen,Buying,0.0739,GH¢ per JPY,0.0739,GH¢ per JPY,ok,
2026-09-17,JPYGHS,Japanese yen,Selling,0.0739,GH¢ per JPY,0.0739,GH¢ per JPY,ok,
2026-09-17,JPYGHS,Japanese yen,Mid Rate,0.0739,GH¢ per JPY,0.0739,GH¢ per JPY,ok,
2026-09-17,NOKGHS,Norwegian Krone,Buying,1.2219,GH¢ per NOK,1.2219,GH¢ per NOK,ok,
2026-09-17,NOKGHS,Norwegian Krone,Selling,1.2228,GH¢ per NOK,1.2228,GH¢ per NOK,ok,
2026-09-17,NOKGHS,Norwegian Krone,Mid Rate,1.2224,GH¢ per NOK,1.2224,GH¢ per NOK,ok,
2026-09-17,NZDGHS,New Zealand Dollar,Buying,6.5991,GH¢ per NZD,6.5991,GH¢ per NZD,ok,
2026-09-17,NZDGHS,New Zealand Dollar,Selling,6.6077,GH¢ per NZD,6.6077,GH¢ per NZD,ok,
2026-09-17,NZDGHS,New Zealand Dollar,Mid Rate,6.6034,GH¢ per NZD,6.6034,GH¢ per NZD,ok,
2026-09-17,SEKGHS,Swedish Krona,Buying,1.1722,GH¢ per SEK,1.1722,GH¢ per SEK,ok,
2026-09-17,SEKGHS,Swedish Krona,Selling,1.1731,GH¢ per SEK,1.1731,GH¢ per SEK,ok,
2026-09-17,SEKGHS,Swedish Krona,Mid Rate,1.1727,GH¢ per SEK,1.1727,GH¢ per SEK,ok,
2026-09-17,WAUGHS,Ecowas,Buying,0.0128,GH¢ per WAU,0.0128,"GH¢ per WAU (BoG's 'Ecowas' unit, not defined by BoG)",ok,
2026-09-17,WAUGHS,Ecowas,Selling,0.0128,GH¢ per WAU,0.0128,"GH¢ per WAU (BoG's 'Ecowas' unit, not defined by BoG)",ok,
2026-09-17,WAUGHS,Ecowas,Mid Rate,0.0128,GH¢ per WAU,0.0128,"GH¢ per WAU (BoG's 'Ecowas' unit, not defined by BoG)",ok,
2026-09-17,ZARGHS,South African Rand,Buying,0.7086,GH¢ per ZAR,0.7086,GH¢ per ZAR,ok,
2026-09-17,ZARGHS,South African Rand,Selling,0.7090,GH¢ per ZAR,0.709,GH¢ per ZAR,ok,
2026-09-17,ZARGHS,South African Rand,Mid Rate,0.7088,GH¢ per ZAR,0.7088,GH¢ per ZAR,ok,
2026-09-18,USDGHS,US Dollar,Buying,11.5442,GH¢ per USD,11.5442,GH¢ per USD,ok,
2026-09-18,USDGHS,US Dollar,Selling,11.5558,GH¢ per USD,11.5558,GH¢ per USD,ok,
2026-09-18,USDGHS,US Dollar,Mid Rate,11.5500,GH¢ per USD,11.55,GH¢ per USD,ok,
2026-09-18,AUDGHS,Australian Dollar,Buying,8.2084,GH¢ per AUD,8.2084,GH¢ per AUD,ok,
2026-09-18,AUDGHS,Australian Dollar,Selling,8.2188,GH¢ per AUD,8.2188,GH¢ per AUD,ok,
2026-09-18,AUDGHS,Australian Dollar,Mid Rate,8.2136,GH¢ per AUD,8.2136,GH¢ per AUD,ok,
2026-09-18,CADGHS,Canadian Dollar,Buying,8.2420,GH¢ per CAD,8.242,GH¢ per CAD,ok,
2026-09-18,CADGHS,Canadian Dollar,Selling,8.2500,GH¢ per CAD,8.25,GH¢ per CAD,ok,
2026-09-18,CADGHS,Canadian Dollar,Mid Rate,8.2460,GH¢ per CAD,8.246,GH¢ per CAD,ok,
2026-09-18,CHFGHS,Swiss Franc,Buying,14.0117,GH¢ per CHF,14.0117,GH¢ per CHF,ok,
2026-09-18,CHFGHS,Swiss Franc,Selling,14.0255,GH¢ per CHF,14.0255,GH¢ per CHF,ok,
2026-09-18,CHFGHS,Swiss Franc,Mid Rate,14.0186,GH¢ per CHF,14.0186,GH¢ per CHF,ok,
2026-09-18,CNYGHS,Yuan Renminbi,Buying,1.7232,GH¢ per CNY,1.7232,GH¢ per CNY,ok,
2026-09-18,CNYGHS,Yuan Renminbi,Selling,1.7246,GH¢ per CNY,1.7246,GH¢ per CNY,ok,
2026-09-18,CNYGHS,Yuan Renminbi,Mid Rate,1.7239,GH¢ per CNY,1.7239,GH¢ per CNY,ok,
2026-09-18,DKKGHS,Danish Krone,Buying,1.7710,GH¢ per DKK,1.771,GH¢ per DKK,ok,
2026-09-18,DKKGHS,Danish Krone,Selling,1.7727,GH¢ per DKK,1.7727,GH¢ per DKK,ok,
2026-09-18,DKKGHS,Danish Krone,Mid Rate,1.7719,GH¢ per DKK,1.7719,GH¢ per DKK,ok,
2026-09-18,EURGHS,Euro,Buying,13.2379,GH¢ per EUR,13.2379,GH¢ per EUR,ok,
2026-09-18,EURGHS,Euro,Selling,13.2510,GH¢ per EUR,13.251,GH¢ per EUR,ok,
2026-09-18,EURGHS,Euro,Mid Rate,13.2445,GH¢ per EUR,13.2445,GH¢ per EUR,ok,
2026-09-18,GBPGHS,Pound Sterling,Buying,15.4381,GH¢ per GBP,15.4381,GH¢ per GBP,ok,
2026-09-18,GBPGHS,Pound Sterling,Selling,15.4547,GH¢ per GBP,15.4547,GH¢ per GBP,ok,
2026-09-18,GBPGHS,Pound Sterling,Mid Rate,15.4464,GH¢ per GBP,15.4464,GH¢ per GBP,ok,
2026-09-18,GHSGMD,Dalasi,Buying,6.3141,GMD per GH¢,0.1583756988,GH¢ per GMD,ok,
2026-09-18,GHSGMD,Dalasi,Selling,6.3144,GMD per GH¢,0.1583681743,GH¢ per GMD,ok,
2026-09-18,GHSGMD,Dalasi,Mid Rate,6.3143,GMD per GH¢,0.1583706824,GH¢ per GMD,ok,
2026-09-18,GHSMRO,Ouguiya,Buying,30.9091,MRO per GH¢,0.0323529317,GH¢ per MRO (old ouguiya; 10 MRO = 1 MRU since 2018),ok,
2026-09-18,GHSMRO,Ouguiya,Selling,30.9957,MRO per GH¢,0.0322625396,GH¢ per MRO (old ouguiya; 10 MRO = 1 MRU since 2018),ok,
2026-09-18,GHSMRO,Ouguiya,Mid Rate,30.9524,MRO per GH¢,0.0323076724,GH¢ per MRO (old ouguiya; 10 MRO = 1 MRU since 2018),ok,
2026-09-18,GHSNGN,Naira,Buying,115.2597,NGN per GH¢,0.0086760594,GH¢ per NGN,ok,
2026-09-18,GHSNGN,Naira,Selling,115.3463,NGN per GH¢,0.0086695455,GH¢ per NGN,ok,
2026-09-18,GHSNGN,Naira,Mid Rate,115.3030,NGN per GH¢,0.0086728012,GH¢ per NGN,ok,
2026-09-18,GHSSLL,Leone,Buying,2.0574,SLL per GH¢,0.4860503548,"GH¢ per SLE (new leone; 1 SLE = 1,000 old leones)",ok,
2026-09-18,GHSSLL,Leone,Selling,2.1188,SLL per GH¢,0.4719652634,"GH¢ per SLE (new leone; 1 SLE = 1,000 old leones)",ok,
2026-09-18,GHSSLL,Leone,Mid Rate,2.0881,SLL per GH¢,0.478904267,"GH¢ per SLE (new leone; 1 SLE = 1,000 old leones)",ok,
2026-09-18,GHSXOF,BCEAO,Buying,49.5025,XOF per GH¢,0.0202009999,GH¢ per XOF (CFA franc (BCEAO)),ok,
2026-09-18,GHSXOF,BCEAO,Selling,49.5514,XOF per GH¢,0.0201810645,GH¢ per XOF (CFA franc (BCEAO)),ok,
2026-09-18,GHSXOF,BCEAO,Mid Rate,49.5270,XOF per GH¢,0.0201910069,GH¢ per XOF (CFA franc (BCEAO)),ok,
2026-09-18,JPYGHS,Japanese yen,Buying,0.0736,GH¢ per JPY,0.0736,GH¢ per JPY,ok,
2026-09-18,JPYGHS,Japanese yen,Selling,0.0737,GH¢ per JPY,0.0737,GH¢ per JPY,ok,
2026-09-18,JPYGHS,Japanese yen,Mid Rate,0.0737,GH¢ per JPY,0.0737,GH¢ per JPY,ok,
2026-09-18,NOKGHS,Norwegian Krone,Buying,1.2248,GH¢ per NOK,1.2248,GH¢ per NOK,ok,
2026-09-18,NOKGHS,Norwegian Krone,Selling,1.2257,GH¢ per NOK,1.2257,GH¢ per NOK,ok,
2026-09-18,NOKGHS,Norwegian Krone,Mid Rate,1.2253,GH¢ per NOK,1.2253,GH¢ per NOK,ok,
2026-09-18,NZDGHS,New Zealand Dollar,Buying,6.5936,GH¢ per NZD,6.5936,GH¢ per NZD,ok,
2026-09-18,NZDGHS,New Zealand Dollar,Selling,6.6007,GH¢ per NZD,6.6007,GH¢ per NZD,ok,
2026-09-18,NZDGHS,New Zealand Dollar,Mid Rate,6.5972,GH¢ per NZD,6.5972,GH¢ per NZD,ok,
2026-09-18,SEKGHS,Swedish Krona,Buying,1.1713,GH¢ per SEK,1.1713,GH¢ per SEK,ok,
2026-09-18,SEKGHS,Swedish Krona,Selling,1.1722,GH¢ per SEK,1.1722,GH¢ per SEK,ok,
2026-09-18,SEKGHS,Swedish Krona,Mid Rate,1.1718,GH¢ per SEK,1.1718,GH¢ per SEK,ok,
2026-09-18,WAUGHS,Ecowas,Buying,0.0128,GH¢ per WAU,0.0128,"GH¢ per WAU (BoG's 'Ecowas' unit, not defined by BoG)",ok,
2026-09-18,WAUGHS,Ecowas,Selling,0.0128,GH¢ per WAU,0.0128,"GH¢ per WAU (BoG's 'Ecowas' unit, not defined by BoG)",ok,
2026-09-18,WAUGHS,Ecowas,Mid Rate,0.0128,GH¢ per WAU,0.0128,"GH¢ per WAU (BoG's 'Ecowas' unit, not defined by BoG)",ok,
2026-09-18,ZARGHS,South African Rand,Buying,0.7085,GH¢ per ZAR,0.7085,GH¢ per ZAR,ok,
2026-09-18,ZARGHS,South African Rand,Selling,0.7090,GH¢ per ZAR,0.709,GH¢ per ZAR,ok,
2026-09-18,ZARGHS,South African Rand,Mid Rate,0.7088,GH¢ per ZAR,0.7088,GH¢ per ZAR,ok,
2026-09-22,USDGHS,US Dollar,Buying,11.5647,GH¢ per USD,11.5647,GH¢ per USD,ok,
2026-09-22,USDGHS,US Dollar,Selling,11.5763,GH¢ per USD,11.5763,GH¢ per USD,ok,
2026-09-22,USDGHS,US Dollar,Mid Rate,11.5705,GH¢ per USD,11.5705,GH¢ per USD,ok,
2026-09-22,AUDGHS,Australian Dollar,Buying,8.2092,GH¢ per AUD,8.2092,GH¢ per AUD,ok,
2026-09-22,AUDGHS,Australian Dollar,Selling,8.2190,GH¢ per AUD,8.219,GH¢ per AUD,ok,
2026-09-22,AUDGHS,Australian Dollar,Mid Rate,8.2141,GH¢ per AUD,8.2141,GH¢ per AUD,ok,
2026-09-22,CADGHS,Canadian Dollar,Buying,8.2170,GH¢ per CAD,8.217,GH¢ per CAD,ok,
2026-09-22,CADGHS,Canadian Dollar,Selling,8.2243,GH¢ per CAD,8.2243,GH¢ per CAD,ok,
2026-09-22,CADGHS,Canadian Dollar,Mid Rate,8.2207,GH¢ per CAD,8.2207,GH¢ per CAD,ok,
2026-09-22,CHFGHS,Swiss Franc,Buying,14.0671,GH¢ per CHF,14.0671,GH¢ per CHF,ok,
2026-09-22,CHFGHS,Swiss Franc,Selling,14.0786,GH¢ per CHF,14.0786,GH¢ per CHF,ok,
2026-09-22,CHFGHS,Swiss Franc,Mid Rate,14.0729,GH¢ per CHF,14.0729,GH¢ per CHF,ok,
2026-09-22,CNYGHS,Yuan Renminbi,Buying,1.7261,GH¢ per CNY,1.7261,GH¢ per CNY,ok,
2026-09-22,CNYGHS,Yuan Renminbi,Selling,1.7275,GH¢ per CNY,1.7275,GH¢ per CNY,ok,
2026-09-22,CNYGHS,Yuan Renminbi,Mid Rate,1.7268,GH¢ per CNY,1.7268,GH¢ per CNY,ok,
2026-09-22,DKKGHS,Danish Krone,Buying,1.7689,GH¢ per DKK,1.7689,GH¢ per DKK,ok,
2026-09-22,DKKGHS,Danish Krone,Selling,1.7704,GH¢ per DKK,1.7704,GH¢ per DKK,ok,
2026-09-22,DKKGHS,Danish Krone,Mid Rate,1.7697,GH¢ per DKK,1.7697,GH¢ per DKK,ok,
2026-09-22,EURGHS,Euro,Buying,13.2232,GH¢ per EUR,13.2232,GH¢ per EUR,ok,
2026-09-22,EURGHS,Euro,Selling,13.2353,GH¢ per EUR,13.2353,GH¢ per EUR,ok,
2026-09-22,EURGHS,Euro,Mid Rate,13.2293,GH¢ per EUR,13.2293,GH¢ per EUR,ok,
2026-09-22,GBPGHS,Pound Sterling,Buying,15.4077,GH¢ per GBP,15.4077,GH¢ per GBP,ok,
2026-09-22,GBPGHS,Pound Sterling,Selling,15.4231,GH¢ per GBP,15.4231,GH¢ per GBP,ok,
2026-09-22,GBPGHS,Pound Sterling,Mid Rate,15.4154,GH¢ per GBP,15.4154,GH¢ per GBP,ok,
2026-09-22,GHSGMD,Dalasi,Buying,6.3029,GMD per GH¢,0.1586571261,GH¢ per GMD,ok,
2026-09-22,GHSGMD,Dalasi,Selling,6.3038,GMD per GH¢,0.1586344744,GH¢ per GMD,ok,
2026-09-22,GHSGMD,Dalasi,Mid Rate,6.3034,GMD per GH¢,0.158644541,GH¢ per GMD,ok,
2026-09-22,GHSMRO,Ouguiya,Buying,30.8543,MRO per GH¢,0.0324103934,GH¢ per MRO (old ouguiya; 10 MRO = 1 MRU since 2018),ok,
2026-09-22,GHSMRO,Ouguiya,Selling,30.9408,MRO per GH¢,0.0323197849,GH¢ per MRO (old ouguiya; 10 MRO = 1 MRU since 2018),ok,
2026-09-22,GHSMRO,Ouguiya,Mid Rate,30.8976,MRO per GH¢,0.0323649733,GH¢ per MRO (old ouguiya; 10 MRO = 1 MRU since 2018),ok,
2026-09-22,GHSNGN,Naira,Buying,114.7695,NGN per GH¢,0.0087131163,GH¢ per NGN,ok,
2026-09-22,GHSNGN,Naira,Selling,114.9138,NGN per GH¢,0.008702175,GH¢ per NGN,ok,
2026-09-22,GHSNGN,Naira,Mid Rate,114.8417,NGN per GH¢,0.0087076384,GH¢ per NGN,ok,
2026-09-22,GHSSLL,Leone,Buying,2.0406,SLL per GH¢,0.4900519455,"GH¢ per SLE (new leone; 1 SLE = 1,000 old leones)",ok,
2026-09-22,GHSSLL,Leone,Selling,2.1225,SLL per GH¢,0.4711425206,"GH¢ per SLE (new leone; 1 SLE = 1,000 old leones)",ok,
2026-09-22,GHSSLL,Leone,Mid Rate,2.0816,SLL per GH¢,0.4803996925,"GH¢ per SLE (new leone; 1 SLE = 1,000 old leones)",ok,
2026-09-22,GHSXOF,BCEAO,Buying,49.5612,XOF per GH¢,0.020177074,GH¢ per XOF (CFA franc (BCEAO)),ok,
2026-09-22,GHSXOF,BCEAO,Selling,49.6065,XOF per GH¢,0.0201586486,GH¢ per XOF (CFA franc (BCEAO)),ok,
2026-09-22,GHSXOF,BCEAO,Mid Rate,49.5839,XOF per GH¢,0.0201678367,GH¢ per XOF (CFA franc (BCEAO)),ok,
2026-09-22,JPYGHS,Japanese yen,Buying,0.0734,GH¢ per JPY,0.0734,GH¢ per JPY,ok,
2026-09-22,JPYGHS,Japanese yen,Selling,0.0735,GH¢ per JPY,0.0735,GH¢ per JPY,ok,
2026-09-22,JPYGHS,Japanese yen,Mid Rate,0.0735,GH¢ per JPY,0.0735,GH¢ per JPY,ok,
2026-09-22,NOKGHS,Norwegian Krone,Buying,1.2228,GH¢ per NOK,1.2228,GH¢ per NOK,ok,
2026-09-22,NOKGHS,Norwegian Krone,Selling,1.2236,GH¢ per NOK,1.2236,GH¢ per NOK,ok,
2026-09-22,NOKGHS,Norwegian Krone,Mid Rate,1.2232,GH¢ per NOK,1.2232,GH¢ per NOK,ok,
2026-09-22,NZDGHS,New Zealand Dollar,Buying,6.6083,GH¢ per NZD,6.6083,GH¢ per NZD,ok,
2026-09-22,NZDGHS,New Zealand Dollar,Selling,6.6165,GH¢ per NZD,6.6165,GH¢ per NZD,ok,
2026-09-22,NZDGHS,New Zealand Dollar,Mid Rate,6.6124,GH¢ per NZD,6.6124,GH¢ per NZD,ok,
2026-09-22,SEKGHS,Swedish Krona,Buying,1.1713,GH¢ per SEK,1.1713,GH¢ per SEK,ok,
2026-09-22,SEKGHS,Swedish Krona,Selling,1.1722,GH¢ per SEK,1.1722,GH¢ per SEK,ok,
2026-09-22,SEKGHS,Swedish Krona,Mid Rate,1.1718,GH¢ per SEK,1.1718,GH¢ per SEK,ok,
2026-09-22,WAUGHS,Ecowas,Buying,0.0127,GH¢ per WAU,0.0127,"GH¢ per WAU (BoG's 'Ecowas' unit, not defined by BoG)",ok,
2026-09-22,WAUGHS,Ecowas,Selling,0.0127,GH¢ per WAU,0.0127,"GH¢ per WAU (BoG's 'Ecowas' unit, not defined by BoG)",ok,
2026-09-22,WAUGHS,Ecowas,Mid Rate,0.0127,GH¢ per WAU,0.0127,"GH¢ per WAU (BoG's 'Ecowas' unit, not defined by BoG)",ok,
2026-09-22,ZARGHS,South African Rand,Buying,0.7121,GH¢ per ZAR,0.7121,GH¢ per ZAR,ok,
2026-09-22,ZARGHS,South African Rand,Selling,0.7125,GH¢ per ZAR,0.7125,GH¢ per ZAR,ok,
2026-09-22,ZARGHS,South African Rand,Mid Rate,0.7123,GH¢ per ZAR,0.7123,GH¢ per ZAR,ok,
2026-09-23,USDGHS,US Dollar,Buying,11.5892,GH¢ per USD,11.5892,GH¢ per USD,ok,
2026-09-23,USDGHS,US Dollar,Selling,11.6008,GH¢ per USD,11.6008,GH¢ per USD,ok,
2026-09-23,USDGHS,US Dollar,Mid Rate,11.5950,GH¢ per USD,11.595,GH¢ per USD,ok,
2026-09-23,AUDGHS,Australian Dollar,Buying,8.1523,GH¢ per AUD,8.1523,GH¢ per AUD,ok,
2026-09-23,AUDGHS,Australian Dollar,Selling,8.1626,GH¢ per AUD,8.1626,GH¢ per AUD,ok,
2026-09-23,AUDGHS,Australian Dollar,Mid Rate,8.1575,GH¢ per AUD,8.1575,GH¢ per AUD,ok,
2026-09-23,CADGHS,Canadian Dollar,Buying,8.2213,GH¢ per CAD,8.2213,GH¢ per CAD,ok,
2026-09-23,CADGHS,Canadian Dollar,Selling,8.2292,GH¢ per CAD,8.2292,GH¢ per CAD,ok,
2026-09-23,CADGHS,Canadian Dollar,Mid Rate,8.2253,GH¢ per CAD,8.2253,GH¢ per CAD,ok,
2026-09-23,CHFGHS,Swiss Franc,Buying,14.0477,GH¢ per CHF,14.0477,GH¢ per CHF,ok,
2026-09-23,CHFGHS,Swiss Franc,Selling,14.0615,GH¢ per CHF,14.0615,GH¢ per CHF,ok,
2026-09-23,CHFGHS,Swiss Franc,Mid Rate,14.0546,GH¢ per CHF,14.0546,GH¢ per CHF,ok,
2026-09-23,CNYGHS,Yuan Renminbi,Buying,1.7265,GH¢ per CNY,1.7265,GH¢ per CNY,ok,
2026-09-23,CNYGHS,Yuan Renminbi,Selling,1.7280,GH¢ per CNY,1.728,GH¢ per CNY,ok,
2026-09-23,CNYGHS,Yuan Renminbi,Mid Rate,1.7273,GH¢ per CNY,1.7273,GH¢ per CNY,ok,
2026-09-23,DKKGHS,Danish Krone,Buying,1.7655,GH¢ per DKK,1.7655,GH¢ per DKK,ok,
2026-09-23,DKKGHS,Danish Krone,Selling,1.7671,GH¢ per DKK,1.7671,GH¢ per DKK,ok,
2026-09-23,DKKGHS,Danish Krone,Mid Rate,1.7663,GH¢ per DKK,1.7663,GH¢ per DKK,ok,
2026-09-23,EURGHS,Euro,Buying,13.1985,GH¢ per EUR,13.1985,GH¢ per EUR,ok,
2026-09-23,EURGHS,Euro,Selling,13.2105,GH¢ per EUR,13.2105,GH¢ per EUR,ok,
2026-09-23,EURGHS,Euro,Mid Rate,13.2045,GH¢ per EUR,13.2045,GH¢ per EUR,ok,
2026-09-23,GBPGHS,Pound Sterling,Buying,15.3499,GH¢ per GBP,15.3499,GH¢ per GBP,ok,
2026-09-23,GBPGHS,Pound Sterling,Selling,15.3664,GH¢ per GBP,15.3664,GH¢ per GBP,ok,
2026-09-23,GBPGHS,Pound Sterling,Mid Rate,15.3582,GH¢ per GBP,15.3582,GH¢ per GBP,ok,
2026-09-23,GHSGMD,Dalasi,Buying,6.2896,GMD per GH¢,0.1589926227,GH¢ per GMD,ok,
2026-09-23,GHSGMD,Dalasi,Selling,6.2898,GMD per GH¢,0.1589875672,GH¢ per GMD,ok,
2026-09-23,GHSGMD,Dalasi,Mid Rate,6.2897,GMD per GH¢,0.1589900949,GH¢ per GMD,ok,
2026-09-23,GHSMRO,Ouguiya,Buying,30.7891,MRO per GH¢,0.0324790267,GH¢ per MRO (old ouguiya; 10 MRO = 1 MRU since 2018),ok,
2026-09-23,GHSMRO,Ouguiya,Selling,30.8754,MRO per GH¢,0.0323882444,GH¢ per MRO (old ouguiya; 10 MRO = 1 MRU since 2018),ok,
2026-09-23,GHSMRO,Ouguiya,Mid Rate,30.8323,MRO per GH¢,0.0324335194,GH¢ per MRO (old ouguiya; 10 MRO = 1 MRU since 2018),ok,
2026-09-23,GHSNGN,Naira,Buying,114.4036,NGN per GH¢,0.0087409837,GH¢ per NGN,ok,
2026-09-23,GHSNGN,Naira,Selling,114.6624,NGN per GH¢,0.0087212547,GH¢ per NGN,ok,
2026-09-23,GHSNGN,Naira,Mid Rate,114.5330,NGN per GH¢,0.0087311081,GH¢ per NGN,ok,
2026-09-23,GHSSLL,Leone,Buying,2.0468,SLL per GH¢,0.48856752,"GH¢ per SLE (new leone; 1 SLE = 1,000 old leones)",ok,
2026-09-23,GHSSLL,Leone,Selling,2.1082,SLL per GH¢,0.4743382981,"GH¢ per SLE (new leone; 1 SLE = 1,000 old leones)",ok,
2026-09-23,GHSSLL,Leone,Mid Rate,2.0775,SLL per GH¢,0.4813477738,"GH¢ per SLE (new leone; 1 SLE = 1,000 old leones)",ok,
2026-09-23,GHSXOF,BCEAO,Buying,49.6542,XOF per GH¢,0.0201392833,GH¢ per XOF (CFA franc (BCEAO)),ok,
2026-09-23,GHSXOF,BCEAO,Selling,49.6994,XOF per GH¢,0.0201209673,GH¢ per XOF (CFA franc (BCEAO)),ok,
2026-09-23,GHSXOF,BCEAO,Mid Rate,49.6768,XOF per GH¢,0.0201301211,GH¢ per XOF (CFA franc (BCEAO)),ok,
2026-09-23,JPYGHS,Japanese yen,Buying,0.0732,GH¢ per JPY,0.0732,GH¢ per JPY,ok,
2026-09-23,JPYGHS,Japanese yen,Selling,0.0733,GH¢ per JPY,0.0733,GH¢ per JPY,ok,
2026-09-23,JPYGHS,Japanese yen,Mid Rate,0.0733,GH¢ per JPY,0.0733,GH¢ per JPY,ok,
2026-09-23,NOKGHS,Norwegian Krone,Buying,1.2202,GH¢ per NOK,1.2202,GH¢ per NOK,ok,
2026-09-23,NOKGHS,Norwegian Krone,Selling,1.2211,GH¢ per NOK,1.2211,GH¢ per NOK,ok,
2026-09-23,NOKGHS,Norwegian Krone,Mid Rate,1.2207,GH¢ per NOK,1.2207,GH¢ per NOK,ok,
2026-09-23,NZDGHS,New Zealand Dollar,Buying,6.5728,GH¢ per NZD,6.5728,GH¢ per NZD,ok,
2026-09-23,NZDGHS,New Zealand Dollar,Selling,6.5814,GH¢ per NZD,6.5814,GH¢ per NZD,ok,
2026-09-23,NZDGHS,New Zealand Dollar,Mid Rate,6.5771,GH¢ per NZD,6.5771,GH¢ per NZD,ok,
2026-09-23,SEKGHS,Swedish Krona,Buying,1.1688,GH¢ per SEK,1.1688,GH¢ per SEK,ok,
2026-09-23,SEKGHS,Swedish Krona,Selling,1.1698,GH¢ per SEK,1.1698,GH¢ per SEK,ok,
2026-09-23,SEKGHS,Swedish Krona,Mid Rate,1.1693,GH¢ per SEK,1.1693,GH¢ per SEK,ok,
2026-09-23,WAUGHS,Ecowas,Buying,0.0127,GH¢ per WAU,0.0127,"GH¢ per WAU (BoG's 'Ecowas' unit, not defined by BoG)",ok,
2026-09-23,WAUGHS,Ecowas,Selling,0.0127,GH¢ per WAU,0.0127,"GH¢ per WAU (BoG's 'Ecowas' unit, not defined by BoG)",ok,
2026-09-23,WAUGHS,Ecowas,Mid Rate,0.0127,GH¢ per WAU,0.0127,"GH¢ per WAU (BoG's 'Ecowas' unit, not defined by BoG)",ok,
2026-09-23,ZARGHS,South African Rand,Buying,0.7066,GH¢ per ZAR,0.7066,GH¢ per ZAR,ok,
2026-09-23,ZARGHS,South African Rand,Selling,0.7071,GH¢ per ZAR,0.7071,GH¢ per ZAR,ok,
2026-09-23,ZARGHS,South African Rand,Mid Rate,0.7069,GH¢ per ZAR,0.7069,GH¢ per ZAR,ok,
2026-09-24,USDGHS,US Dollar,Buying,11.6099,GH¢ per USD,11.6099,GH¢ per USD,ok,
2026-09-24,USDGHS,US Dollar,Selling,11.6215,GH¢ per USD,11.6215,GH¢ per USD,ok,
2026-09-24,USDGHS,US Dollar,Mid Rate,11.6157,GH¢ per USD,11.6157,GH¢ per USD,ok,
2026-09-24,AUDGHS,Australian Dollar,Buying,8.1601,GH¢ per AUD,8.1601,GH¢ per AUD,ok,
2026-09-24,AUDGHS,Australian Dollar,Selling,8.1704,GH¢ per AUD,8.1704,GH¢ per AUD,ok,
2026-09-24,AUDGHS,Australian Dollar,Mid Rate,8.1653,GH¢ per AUD,8.1653,GH¢ per AUD,ok,
2026-09-24,CADGHS,Canadian Dollar,Buying,8.2181,GH¢ per CAD,8.2181,GH¢ per CAD,ok,
2026-09-24,CADGHS,Canadian Dollar,Selling,8.2260,GH¢ per CAD,8.226,GH¢ per CAD,ok,
2026-09-24,CADGHS,Canadian Dollar,Mid Rate,8.2221,GH¢ per CAD,8.2221,GH¢ per CAD,ok,
2026-09-24,CHFGHS,Swiss Franc,Buying,14.0328,GH¢ per CHF,14.0328,GH¢ per CHF,ok,
2026-09-24,CHFGHS,Swiss Franc,Selling,14.0454,GH¢ per CHF,14.0454,GH¢ per CHF,ok,
2026-09-24,CHFGHS,Swiss Franc,Mid Rate,14.0391,GH¢ per CHF,14.0391,GH¢ per CHF,ok,
2026-09-24,CNYGHS,Yuan Renminbi,Buying,1.7296,GH¢ per CNY,1.7296,GH¢ per CNY,ok,
2026-09-24,CNYGHS,Yuan Renminbi,Selling,1.7308,GH¢ per CNY,1.7308,GH¢ per CNY,ok,
2026-09-24,CNYGHS,Yuan Renminbi,Mid Rate,1.7302,GH¢ per CNY,1.7302,GH¢ per CNY,ok,
2026-09-24,DKKGHS,Danish Krone,Buying,1.7679,GH¢ per DKK,1.7679,GH¢ per DKK,ok,
2026-09-24,DKKGHS,Danish Krone,Selling,1.7694,GH¢ per DKK,1.7694,GH¢ per DKK,ok,
2026-09-24,DKKGHS,Danish Krone,Mid Rate,1.7687,GH¢ per DKK,1.7687,GH¢ per DKK,ok,
2026-09-24,EURGHS,Euro,Buying,13.2157,GH¢ per EUR,13.2157,GH¢ per EUR,ok,
2026-09-24,EURGHS,Euro,Selling,13.2276,GH¢ per EUR,13.2276,GH¢ per EUR,ok,
2026-09-24,EURGHS,Euro,Mid Rate,13.2217,GH¢ per EUR,13.2217,GH¢ per EUR,ok,
2026-09-24,GBPGHS,Pound Sterling,Buying,15.3645,GH¢ per GBP,15.3645,GH¢ per GBP,ok,
2026-09-24,GBPGHS,Pound Sterling,Selling,15.3811,GH¢ per GBP,15.3811,GH¢ per GBP,ok,
2026-09-24,GBPGHS,Pound Sterling,Mid Rate,15.3728,GH¢ per GBP,15.3728,GH¢ per GBP,ok,
2026-09-24,GHSGMD,Dalasi,Buying,6.3144,GMD per GH¢,0.1583681743,GH¢ per GMD,ok,
2026-09-24,GHSGMD,Dalasi,Selling,6.3680,GMD per GH¢,0.1570351759,GH¢ per GMD,ok,
2026-09-24,GHSGMD,Dalasi,Mid Rate,6.3412,GMD per GH¢,0.1576988583,GH¢ per GMD,ok,
2026-09-24,GHSMRO,Ouguiya,Buying,30.7343,MRO per GH¢,0.0325369376,GH¢ per MRO (old ouguiya; 10 MRO = 1 MRU since 2018),ok,
2026-09-24,GHSMRO,Ouguiya,Selling,30.8204,MRO per GH¢,0.0324460422,GH¢ per MRO (old ouguiya; 10 MRO = 1 MRU since 2018),ok,
2026-09-24,GHSMRO,Ouguiya,Mid Rate,30.7774,MRO per GH¢,0.0324913735,GH¢ per MRO (old ouguiya; 10 MRO = 1 MRU since 2018),ok,
2026-09-24,GHSNGN,Naira,Buying,114.2437,NGN per GH¢,0.0087532179,GH¢ per NGN,ok,
2026-09-24,GHSNGN,Naira,Selling,114.5028,NGN per GH¢,0.0087334109,GH¢ per NGN,ok,
2026-09-24,GHSNGN,Naira,Mid Rate,114.3733,NGN per GH¢,0.0087432994,GH¢ per NGN,ok,
2026-09-24,GHSSLL,Leone,Buying,2.0432,SLL per GH¢,0.4894283477,"GH¢ per SLE (new leone; 1 SLE = 1,000 old leones)",ok,
2026-09-24,GHSSLL,Leone,Selling,2.1044,SLL per GH¢,0.4751948299,"GH¢ per SLE (new leone; 1 SLE = 1,000 old leones)",ok,
2026-09-24,GHSSLL,Leone,Mid Rate,2.0738,SLL per GH¢,0.4822065773,"GH¢ per SLE (new leone; 1 SLE = 1,000 old leones)",ok,
2026-09-24,GHSXOF,BCEAO,Buying,49.5900,XOF per GH¢,0.0201653559,GH¢ per XOF (CFA franc (BCEAO)),ok,
2026-09-24,GHSXOF,BCEAO,Selling,49.6347,XOF per GH¢,0.0201471954,GH¢ per XOF (CFA franc (BCEAO)),ok,
2026-09-24,GHSXOF,BCEAO,Mid Rate,49.6124,XOF per GH¢,0.0201562513,GH¢ per XOF (CFA franc (BCEAO)),ok,
2026-09-24,JPYGHS,Japanese yen,Buying,0.0731,GH¢ per JPY,0.0731,GH¢ per JPY,ok,
2026-09-24,JPYGHS,Japanese yen,Selling,0.0732,GH¢ per JPY,0.0732,GH¢ per JPY,ok,
2026-09-24,JPYGHS,Japanese yen,Mid Rate,0.0732,GH¢ per JPY,0.0732,GH¢ per JPY,ok,
2026-09-24,NOKGHS,Norwegian Krone,Buying,1.2221,GH¢ per NOK,1.2221,GH¢ per NOK,ok,
2026-09-24,NOKGHS,Norwegian Krone,Selling,1.2230,GH¢ per NOK,1.223,GH¢ per NOK,ok,
2026-09-24,NOKGHS,Norwegian Krone,Mid Rate,1.2226,GH¢ per NOK,1.2226,GH¢ per NOK,ok,
2026-09-24,NZDGHS,New Zealand Dollar,Buying,6.5837,GH¢ per NZD,6.5837,GH¢ per NZD,ok,
2026-09-24,NZDGHS,New Zealand Dollar,Selling,6.5923,GH¢ per NZD,6.5923,GH¢ per NZD,ok,
2026-09-24,NZDGHS,New Zealand Dollar,Mid Rate,6.5880,GH¢ per NZD,6.588,GH¢ per NZD,ok,
2026-09-24,SEKGHS,Swedish Krona,Buying,1.1719,GH¢ per SEK,1.1719,GH¢ per SEK,ok,
2026-09-24,SEKGHS,Swedish Krona,Selling,1.1729,GH¢ per SEK,1.1729,GH¢ per SEK,ok,
2026-09-24,SEKGHS,Swedish Krona,Mid Rate,1.1724,GH¢ per SEK,1.1724,GH¢ per SEK,ok,
2026-09-24,WAUGHS,Ecowas,Buying,0.0126,GH¢ per WAU,0.0126,"GH¢ per WAU (BoG's 'Ecowas' unit, not defined by BoG)",ok,
2026-09-24,WAUGHS,Ecowas,Selling,0.0126,GH¢ per WAU,0.0126,"GH¢ per WAU (BoG's 'Ecowas' unit, not defined by BoG)",ok,
2026-09-24,WAUGHS,Ecowas,Mid Rate,0.0126,GH¢ per WAU,0.0126,"GH¢ per WAU (BoG's 'Ecowas' unit, not defined by BoG)",ok,
2026-09-24,ZARGHS,South African Rand,Buying,0.7083,GH¢ per ZAR,0.7083,GH¢ per ZAR,ok,
2026-09-24,ZARGHS,South African Rand,Selling,0.7087,GH¢ per ZAR,0.7087,GH¢ per ZAR,ok,
2026-09-24,ZARGHS,South African Rand,Mid Rate,0.7085,GH¢ per ZAR,0.7085,GH¢ per ZAR,ok,
2026-09-25,USDGHS,US Dollar,Buying,11.6167,GH¢ per USD,11.6167,GH¢ per USD,ok,
2026-09-25,USDGHS,US Dollar,Selling,11.6283,GH¢ per USD,11.6283,GH¢ per USD,ok,
2026-09-25,USDGHS,US Dollar,Mid Rate,11.6225,GH¢ per USD,11.6225,GH¢ per USD,ok,
2026-09-25,AUDGHS,Australian Dollar,Buying,8.1692,GH¢ per AUD,8.1692,GH¢ per AUD,ok,
2026-09-25,AUDGHS,Australian Dollar,Selling,8.1780,GH¢ per AUD,8.178,GH¢ per AUD,ok,
2026-09-25,AUDGHS,Australian Dollar,Mid Rate,8.1736,GH¢ per AUD,8.1736,GH¢ per AUD,ok,
2026-09-25,CADGHS,Canadian Dollar,Buying,8.2115,GH¢ per CAD,8.2115,GH¢ per CAD,ok,
2026-09-25,CADGHS,Canadian Dollar,Selling,8.2190,GH¢ per CAD,8.219,GH¢ per CAD,ok,
2026-09-25,CADGHS,Canadian Dollar,Mid Rate,8.2153,GH¢ per CAD,8.2153,GH¢ per CAD,ok,
2026-09-25,CHFGHS,Swiss Franc,Buying,14.0269,GH¢ per CHF,14.0269,GH¢ per CHF,ok,
2026-09-25,CHFGHS,Swiss Franc,Selling,14.0394,GH¢ per CHF,14.0394,GH¢ per CHF,ok,
2026-09-25,CHFGHS,Swiss Franc,Mid Rate,14.0332,GH¢ per CHF,14.0332,GH¢ per CHF,ok,
2026-09-25,CNYGHS,Yuan Renminbi,Buying,1.7343,GH¢ per CNY,1.7343,GH¢ per CNY,ok,
2026-09-25,CNYGHS,Yuan Renminbi,Selling,1.7356,GH¢ per CNY,1.7356,GH¢ per CNY,ok,
2026-09-25,CNYGHS,Yuan Renminbi,Mid Rate,1.7350,GH¢ per CNY,1.735,GH¢ per CNY,ok,
2026-09-25,DKKGHS,Danish Krone,Buying,1.7708,GH¢ per DKK,1.7708,GH¢ per DKK,ok,
2026-09-25,DKKGHS,Danish Krone,Selling,1.7725,GH¢ per DKK,1.7725,GH¢ per DKK,ok,
2026-09-25,DKKGHS,Danish Krone,Mid Rate,1.7717,GH¢ per DKK,1.7717,GH¢ per DKK,ok,
2026-09-25,EURGHS,Euro,Buying,13.2377,GH¢ per EUR,13.2377,GH¢ per EUR,ok,
2026-09-25,EURGHS,Euro,Selling,13.2508,GH¢ per EUR,13.2508,GH¢ per EUR,ok,
2026-09-25,EURGHS,Euro,Mid Rate,13.2443,GH¢ per EUR,13.2443,GH¢ per EUR,ok,
2026-09-25,GBPGHS,Pound Sterling,Buying,15.3875,GH¢ per GBP,15.3875,GH¢ per GBP,ok,
2026-09-25,GBPGHS,Pound Sterling,Selling,15.4040,GH¢ per GBP,15.404,GH¢ per GBP,ok,
2026-09-25,GBPGHS,Pound Sterling,Mid Rate,15.3958,GH¢ per GBP,15.3958,GH¢ per GBP,ok,
2026-09-25,GHSGMD,Dalasi,Buying,6.2747,GMD per GH¢,0.1593701691,GH¢ per GMD,ok,
2026-09-25,GHSGMD,Dalasi,Selling,6.2756,GMD per GH¢,0.1593473134,GH¢ per GMD,ok,
2026-09-25,GHSGMD,Dalasi,Mid Rate,6.2752,GMD per GH¢,0.1593574707,GH¢ per GMD,ok,
2026-09-25,GHSMRO,Ouguiya,Buying,30.7163,MRO per GH¢,0.0325560045,GH¢ per MRO (old ouguiya; 10 MRO = 1 MRU since 2018),ok,
2026-09-25,GHSMRO,Ouguiya,Selling,30.8023,MRO per GH¢,0.0324651081,GH¢ per MRO (old ouguiya; 10 MRO = 1 MRU since 2018),ok,
2026-09-25,GHSMRO,Ouguiya,Mid Rate,30.7593,MRO per GH¢,0.0325104928,GH¢ per MRO (old ouguiya; 10 MRO = 1 MRU since 2018),ok,
2026-09-25,GHSNGN,Naira,Buying,114.1390,NGN per GH¢,0.0087612473,GH¢ per NGN,ok,
2026-09-25,GHSNGN,Naira,Selling,114.3979,NGN per GH¢,0.0087414192,GH¢ per NGN,ok,
2026-09-25,GHSNGN,Naira,Mid Rate,114.2685,NGN per GH¢,0.0087513182,GH¢ per NGN,ok,
2026-09-25,GHSSLL,Leone,Buying,2.0420,SLL per GH¢,0.4897159647,"GH¢ per SLE (new leone; 1 SLE = 1,000 old leones)",ok,
2026-09-25,GHSSLL,Leone,Selling,2.1032,SLL per GH¢,0.4754659566,"GH¢ per SLE (new leone; 1 SLE = 1,000 old leones)",ok,
2026-09-25,GHSSLL,Leone,Mid Rate,2.0726,SLL per GH¢,0.4824857667,"GH¢ per SLE (new leone; 1 SLE = 1,000 old leones)",ok,
2026-09-25,GHSXOF,BCEAO,Buying,49.5032,XOF per GH¢,0.0202007143,GH¢ per XOF (CFA franc (BCEAO)),ok,
2026-09-25,GHSXOF,BCEAO,Selling,49.5522,XOF per GH¢,0.0201807387,GH¢ per XOF (CFA franc (BCEAO)),ok,
2026-09-25,GHSXOF,BCEAO,Mid Rate,49.5277,XOF per GH¢,0.0201907216,GH¢ per XOF (CFA franc (BCEAO)),ok,
2026-09-25,JPYGHS,Japanese yen,Buying,0.0739,GH¢ per JPY,0.0739,GH¢ per JPY,ok,
2026-09-25,JPYGHS,Japanese yen,Selling,0.0740,GH¢ per JPY,0.074,GH¢ per JPY,ok,
2026-09-25,JPYGHS,Japanese yen,Mid Rate,0.0740,GH¢ per JPY,0.074,GH¢ per JPY,ok,
2026-09-25,NOKGHS,Norwegian Krone,Buying,1.2229,GH¢ per NOK,1.2229,GH¢ per NOK,ok,
2026-09-25,NOKGHS,Norwegian Krone,Selling,1.2238,GH¢ per NOK,1.2238,GH¢ per NOK,ok,
2026-09-25,NOKGHS,Norwegian Krone,Mid Rate,1.2234,GH¢ per NOK,1.2234,GH¢ per NOK,ok,
2026-09-25,NZDGHS,New Zealand Dollar,Buying,6.5843,GH¢ per NZD,6.5843,GH¢ per NZD,ok,
2026-09-25,NZDGHS,New Zealand Dollar,Selling,6.5914,GH¢ per NZD,6.5914,GH¢ per NZD,ok,
2026-09-25,NZDGHS,New Zealand Dollar,Mid Rate,6.5879,GH¢ per NZD,6.5879,GH¢ per NZD,ok,
2026-09-25,SEKGHS,Swedish Krona,Buying,1.1726,GH¢ per SEK,1.1726,GH¢ per SEK,ok,
2026-09-25,SEKGHS,Swedish Krona,Selling,1.1735,GH¢ per SEK,1.1735,GH¢ per SEK,ok,
2026-09-25,SEKGHS,Swedish Krona,Mid Rate,1.1731,GH¢ per SEK,1.1731,GH¢ per SEK,ok,
2026-09-25,WAUGHS,Ecowas,Buying,0.0126,GH¢ per WAU,0.0126,"GH¢ per WAU (BoG's 'Ecowas' unit, not defined by BoG)",ok,
2026-09-25,WAUGHS,Ecowas,Selling,0.0126,GH¢ per WAU,0.0126,"GH¢ per WAU (BoG's 'Ecowas' unit, not defined by BoG)",ok,
2026-09-25,WAUGHS,Ecowas,Mid Rate,0.0126,GH¢ per WAU,0.0126,"GH¢ per WAU (BoG's 'Ecowas' unit, not defined by BoG)",ok,
2026-09-25,ZARGHS,South African Rand,Buying,0.7128,GH¢ per ZAR,0.7128,GH¢ per ZAR,ok,
2026-09-25,ZARGHS,South African Rand,Selling,0.7132,GH¢ per ZAR,0.7132,GH¢ per ZAR,ok,
2026-09-25,ZARGHS,South African Rand,Mid Rate,0.7130,GH¢ per ZAR,0.713,GH¢ per ZAR,ok,
2026-09-28,USDGHS,US Dollar,Buying,11.6542,GH¢ per USD,11.6542,GH¢ per USD,ok,
2026-09-28,USDGHS,US Dollar,Selling,11.6658,GH¢ per USD,11.6658,GH¢ per USD,ok,
2026-09-28,USDGHS,US Dollar,Mid Rate,11.6600,GH¢ per USD,11.66,GH¢ per USD,ok,
2026-09-28,AUDGHS,Australian Dollar,Buying,8.1872,GH¢ per AUD,8.1872,GH¢ per AUD,ok,
2026-09-28,AUDGHS,Australian Dollar,Selling,8.1960,GH¢ per AUD,8.196,GH¢ per AUD,ok,
2026-09-28,AUDGHS,Australian Dollar,Mid Rate,8.1916,GH¢ per AUD,8.1916,GH¢ per AUD,ok,
2026-09-28,CADGHS,Canadian Dollar,Buying,8.2269,GH¢ per CAD,8.2269,GH¢ per CAD,ok,
2026-09-28,CADGHS,Canadian Dollar,Selling,8.2345,GH¢ per CAD,8.2345,GH¢ per CAD,ok,
2026-09-28,CADGHS,Canadian Dollar,Mid Rate,8.2307,GH¢ per CAD,8.2307,GH¢ per CAD,ok,
2026-09-28,CHFGHS,Swiss Franc,Buying,14.0156,GH¢ per CHF,14.0156,GH¢ per CHF,ok,
2026-09-28,CHFGHS,Swiss Franc,Selling,14.0282,GH¢ per CHF,14.0282,GH¢ per CHF,ok,
2026-09-28,CHFGHS,Swiss Franc,Mid Rate,14.0219,GH¢ per CHF,14.0219,GH¢ per CHF,ok,
2026-09-28,CNYGHS,Yuan Renminbi,Buying,1.7366,GH¢ per CNY,1.7366,GH¢ per CNY,ok,
2026-09-28,CNYGHS,Yuan Renminbi,Selling,1.7379,GH¢ per CNY,1.7379,GH¢ per CNY,ok,
2026-09-28,CNYGHS,Yuan Renminbi,Mid Rate,1.7373,GH¢ per CNY,1.7373,GH¢ per CNY,ok,
2026-09-28,DKKGHS,Danish Krone,Buying,1.7735,GH¢ per DKK,1.7735,GH¢ per DKK,ok,
2026-09-28,DKKGHS,Danish Krone,Selling,1.7751,GH¢ per DKK,1.7751,GH¢ per DKK,ok,
2026-09-28,DKKGHS,Danish Krone,Mid Rate,1.7743,GH¢ per DKK,1.7743,GH¢ per DKK,ok,
2026-09-28,EURGHS,Euro,Buying,13.2572,GH¢ per EUR,13.2572,GH¢ per EUR,ok,
2026-09-28,EURGHS,Euro,Selling,13.2704,GH¢ per EUR,13.2704,GH¢ per EUR,ok,
2026-09-28,EURGHS,Euro,Mid Rate,13.2638,GH¢ per EUR,13.2638,GH¢ per EUR,ok,
2026-09-28,GBPGHS,Pound Sterling,Buying,15.4593,GH¢ per GBP,15.4593,GH¢ per GBP,ok,
2026-09-28,GBPGHS,Pound Sterling,Selling,15.4759,GH¢ per GBP,15.4759,GH¢ per GBP,ok,
2026-09-28,GBPGHS,Pound Sterling,Mid Rate,15.4676,GH¢ per GBP,15.4676,GH¢ per GBP,ok,
2026-09-28,GHSGMD,Dalasi,Buying,6.2545,GMD per GH¢,0.1598848829,GH¢ per GMD,ok,
2026-09-28,GHSGMD,Dalasi,Selling,6.2554,GMD per GH¢,0.1598618793,GH¢ per GMD,ok,
2026-09-28,GHSGMD,Dalasi,Mid Rate,6.2550,GMD per GH¢,0.1598721023,GH¢ per GMD,ok,
2026-09-28,GHSMRO,Ouguiya,Buying,30.6175,MRO per GH¢,0.0326610599,GH¢ per MRO (old ouguiya; 10 MRO = 1 MRU since 2018),ok,
2026-09-28,GHSMRO,Ouguiya,Selling,30.7033,MRO per GH¢,0.0325697889,GH¢ per MRO (old ouguiya; 10 MRO = 1 MRU since 2018),ok,
2026-09-28,GHSMRO,Ouguiya,Mid Rate,30.6604,MRO per GH¢,0.0326153605,GH¢ per MRO (old ouguiya; 10 MRO = 1 MRU since 2018),ok,
2026-09-28,GHSNGN,Naira,Buying,113.9314,NGN per GH¢,0.0087772116,GH¢ per NGN,ok,
2026-09-28,GHSNGN,Naira,Selling,114.1458,NGN per GH¢,0.0087607253,GH¢ per NGN,ok,
2026-09-28,GHSNGN,Naira,Mid Rate,114.0386,NGN per GH¢,0.0087689607,GH¢ per NGN,ok,
2026-09-28,GHSSLL,Leone,Buying,2.0334,SLL per GH¢,0.4917871545,"GH¢ per SLE (new leone; 1 SLE = 1,000 old leones)",ok,
2026-09-28,GHSSLL,Leone,Selling,2.0966,SLL per GH¢,0.4769627015,"GH¢ per SLE (new leone; 1 SLE = 1,000 old leones)",ok,
2026-09-28,GHSSLL,Leone,Mid Rate,2.0650,SLL per GH¢,0.4842615012,"GH¢ per SLE (new leone; 1 SLE = 1,000 old leones)",ok,
2026-09-28,GHSXOF,BCEAO,Buying,49.4301,XOF per GH¢,0.0202305882,GH¢ per XOF (CFA franc (BCEAO)),ok,
2026-09-28,GHSXOF,BCEAO,Selling,49.4793,XOF per GH¢,0.0202104719,GH¢ per XOF (CFA franc (BCEAO)),ok,
2026-09-28,GHSXOF,BCEAO,Mid Rate,49.4547,XOF per GH¢,0.020220525,GH¢ per XOF (CFA franc (BCEAO)),ok,
2026-09-28,JPYGHS,Japanese yen,Buying,0.0741,GH¢ per JPY,0.0741,GH¢ per JPY,ok,
2026-09-28,JPYGHS,Japanese yen,Selling,0.0742,GH¢ per JPY,0.0742,GH¢ per JPY,ok,
2026-09-28,JPYGHS,Japanese yen,Mid Rate,0.0742,GH¢ per JPY,0.0742,GH¢ per JPY,ok,
2026-09-28,NOKGHS,Norwegian Krone,Buying,1.2230,GH¢ per NOK,1.223,GH¢ per NOK,ok,
2026-09-28,NOKGHS,Norwegian Krone,Selling,1.2240,GH¢ per NOK,1.224,GH¢ per NOK,ok,
2026-09-28,NOKGHS,Norwegian Krone,Mid Rate,1.2235,GH¢ per NOK,1.2235,GH¢ per NOK,ok,
2026-09-28,NZDGHS,New Zealand Dollar,Buying,6.6119,GH¢ per NZD,6.6119,GH¢ per NZD,ok,
2026-09-28,NZDGHS,New Zealand Dollar,Selling,6.6206,GH¢ per NZD,6.6206,GH¢ per NZD,ok,
2026-09-28,NZDGHS,New Zealand Dollar,Mid Rate,6.6163,GH¢ per NZD,6.6163,GH¢ per NZD,ok,
2026-09-28,SEKGHS,Swedish Krona,Buying,1.1716,GH¢ per SEK,1.1716,GH¢ per SEK,ok,
2026-09-28,SEKGHS,Swedish Krona,Selling,1.1725,GH¢ per SEK,1.1725,GH¢ per SEK,ok,
2026-09-28,SEKGHS,Swedish Krona,Mid Rate,1.1721,GH¢ per SEK,1.1721,GH¢ per SEK,ok,
2026-09-28,WAUGHS,Ecowas,Buying,0.0125,GH¢ per WAU,0.0125,"GH¢ per WAU (BoG's 'Ecowas' unit, not defined by BoG)",ok,
2026-09-28,WAUGHS,Ecowas,Selling,0.0125,GH¢ per WAU,0.0125,"GH¢ per WAU (BoG's 'Ecowas' unit, not defined by BoG)",ok,
2026-09-28,WAUGHS,Ecowas,Mid Rate,0.0125,GH¢ per WAU,0.0125,"GH¢ per WAU (BoG's 'Ecowas' unit, not defined by BoG)",ok,
2026-09-28,ZARGHS,South African Rand,Buying,0.7106,GH¢ per ZAR,0.7106,GH¢ per ZAR,ok,
2026-09-28,ZARGHS,South African Rand,Selling,0.7110,GH¢ per ZAR,0.711,GH¢ per ZAR,ok,
2026-09-28,ZARGHS,South African Rand,Mid Rate,0.7108,GH¢ per ZAR,0.7108,GH¢ per ZAR,ok,
2026-09-29,USDGHS,US Dollar,Buying,11.6842,GH¢ per USD,11.6842,GH¢ per USD,ok,
2026-09-29,USDGHS,US Dollar,Selling,11.6958,GH¢ per USD,11.6958,GH¢ per USD,ok,
2026-09-29,USDGHS,US Dollar,Mid Rate,11.6900,GH¢ per USD,11.69,GH¢ per USD,ok,
2026-09-29,AUDGHS,Australian Dollar,Buying,8.1471,GH¢ per AUD,8.1471,GH¢ per AUD,ok,
2026-09-29,AUDGHS,Australian Dollar,Selling,8.1574,GH¢ per AUD,8.1574,GH¢ per AUD,ok,
2026-09-29,AUDGHS,Australian Dollar,Mid Rate,8.1523,GH¢ per AUD,8.1523,GH¢ per AUD,ok,
2026-09-29,CADGHS,Canadian Dollar,Buying,8.2316,GH¢ per CAD,8.2316,GH¢ per CAD,ok,
2026-09-29,CADGHS,Canadian Dollar,Selling,8.2396,GH¢ per CAD,8.2396,GH¢ per CAD,ok,
2026-09-29,CADGHS,Canadian Dollar,Mid Rate,8.2356,GH¢ per CAD,8.2356,GH¢ per CAD,ok,
2026-09-29,CHFGHS,Swiss Franc,Buying,13.9920,GH¢ per CHF,13.992,GH¢ per CHF,ok,
2026-09-29,CHFGHS,Swiss Franc,Selling,14.0045,GH¢ per CHF,14.0045,GH¢ per CHF,ok,
2026-09-29,CHFGHS,Swiss Franc,Mid Rate,13.9983,GH¢ per CHF,13.9983,GH¢ per CHF,ok,
2026-09-29,CNYGHS,Yuan Renminbi,Buying,1.7426,GH¢ per CNY,1.7426,GH¢ per CNY,ok,
2026-09-29,CNYGHS,Yuan Renminbi,Selling,1.7439,GH¢ per CNY,1.7439,GH¢ per CNY,ok,
2026-09-29,CNYGHS,Yuan Renminbi,Mid Rate,1.7433,GH¢ per CNY,1.7433,GH¢ per CNY,ok,
2026-09-29,DKKGHS,Danish Krone,Buying,1.7708,GH¢ per DKK,1.7708,GH¢ per DKK,ok,
2026-09-29,DKKGHS,Danish Krone,Selling,1.7725,GH¢ per DKK,1.7725,GH¢ per DKK,ok,
2026-09-29,DKKGHS,Danish Krone,Mid Rate,1.7717,GH¢ per DKK,1.7717,GH¢ per DKK,ok,
2026-09-29,EURGHS,Euro,Buying,13.2372,GH¢ per EUR,13.2372,GH¢ per EUR,ok,
2026-09-29,EURGHS,Euro,Selling,13.2503,GH¢ per EUR,13.2503,GH¢ per EUR,ok,
2026-09-29,EURGHS,Euro,Mid Rate,13.2438,GH¢ per EUR,13.2438,GH¢ per EUR,ok,
2026-09-29,GBPGHS,Pound Sterling,Buying,15.4359,GH¢ per GBP,15.4359,GH¢ per GBP,ok,
2026-09-29,GBPGHS,Pound Sterling,Selling,15.4526,GH¢ per GBP,15.4526,GH¢ per GBP,ok,
2026-09-29,GBPGHS,Pound Sterling,Mid Rate,15.4443,GH¢ per GBP,15.4443,GH¢ per GBP,ok,
2026-09-29,GHSGMD,Dalasi,Buying,6.2795,GMD per GH¢,0.1592483478,GH¢ per GMD,ok,
2026-09-29,GHSGMD,Dalasi,Selling,6.3278,GMD per GH¢,0.1580328076,GH¢ per GMD,ok,
2026-09-29,GHSGMD,Dalasi,Mid Rate,6.3037,GMD per GH¢,0.158636991,GH¢ per GMD,ok,
2026-09-29,GHSMRO,Ouguiya,Buying,30.5389,MRO per GH¢,0.0327451218,GH¢ per MRO (old ouguiya; 10 MRO = 1 MRU since 2018),ok,
2026-09-29,GHSMRO,Ouguiya,Selling,30.6245,MRO per GH¢,0.0326535943,GH¢ per MRO (old ouguiya; 10 MRO = 1 MRU since 2018),ok,
2026-09-29,GHSMRO,Ouguiya,Mid Rate,30.5817,MRO per GH¢,0.032699294,GH¢ per MRO (old ouguiya; 10 MRO = 1 MRU since 2018),ok,
2026-09-29,GHSNGN,Naira,Buying,113.6938,NGN per GH¢,0.0087955544,GH¢ per NGN,ok,
2026-09-29,GHSNGN,Naira,Selling,113.7819,NGN per GH¢,0.0087887441,GH¢ per NGN,ok,
2026-09-29,GHSNGN,Naira,Mid Rate,113.7379,NGN per GH¢,0.008792144,GH¢ per NGN,ok,
2026-09-29,GHSSLL,Leone,Buying,2.0404,SLL per GH¢,0.4900999804,"GH¢ per SLE (new leone; 1 SLE = 1,000 old leones)",ok,
2026-09-29,GHSSLL,Leone,Selling,2.0962,SLL per GH¢,0.4770537162,"GH¢ per SLE (new leone; 1 SLE = 1,000 old leones)",ok,
2026-09-29,GHSSLL,Leone,Mid Rate,2.0683,SLL per GH¢,0.4834888556,"GH¢ per SLE (new leone; 1 SLE = 1,000 old leones)",ok,
2026-09-29,GHSXOF,BCEAO,Buying,49.5051,XOF per GH¢,0.020199939,GH¢ per XOF (CFA franc (BCEAO)),ok,
2026-09-29,GHSXOF,BCEAO,Selling,49.5541,XOF per GH¢,0.0201799649,GH¢ per XOF (CFA franc (BCEAO)),ok,
2026-09-29,GHSXOF,BCEAO,Mid Rate,49.5296,XOF per GH¢,0.020189947,GH¢ per XOF (CFA franc (BCEAO)),ok,
2026-09-29,JPYGHS,Japanese yen,Buying,0.0742,GH¢ per JPY,0.0742,GH¢ per JPY,ok,
2026-09-29,JPYGHS,Japanese yen,Selling,0.0743,GH¢ per JPY,0.0743,GH¢ per JPY,ok,
2026-09-29,JPYGHS,Japanese yen,Mid Rate,0.0743,GH¢ per JPY,0.0743,GH¢ per JPY,ok,
2026-09-29,NOKGHS,Norwegian Krone,Buying,1.2159,GH¢ per NOK,1.2159,GH¢ per NOK,ok,
2026-09-29,NOKGHS,Norwegian Krone,Selling,1.2169,GH¢ per NOK,1.2169,GH¢ per NOK,ok,
2026-09-29,NOKGHS,Norwegian Krone,Mid Rate,1.2164,GH¢ per NOK,1.2164,GH¢ per NOK,ok,
2026-09-29,NZDGHS,New Zealand Dollar,Buying,6.5773,GH¢ per NZD,6.5773,GH¢ per NZD,ok,
2026-09-29,NZDGHS,New Zealand Dollar,Selling,6.5859,GH¢ per NZD,6.5859,GH¢ per NZD,ok,
2026-09-29,NZDGHS,New Zealand Dollar,Mid Rate,6.5816,GH¢ per NZD,6.5816,GH¢ per NZD,ok,
2026-09-29,SEKGHS,Swedish Krona,Buying,1.1665,GH¢ per SEK,1.1665,GH¢ per SEK,ok,
2026-09-29,SEKGHS,Swedish Krona,Selling,1.1675,GH¢ per SEK,1.1675,GH¢ per SEK,ok,
2026-09-29,SEKGHS,Swedish Krona,Mid Rate,1.1670,GH¢ per SEK,1.167,GH¢ per SEK,ok,
2026-09-29,WAUGHS,Ecowas,Buying,0.0125,GH¢ per WAU,0.0125,"GH¢ per WAU (BoG's 'Ecowas' unit, not defined by BoG)",ok,
2026-09-29,WAUGHS,Ecowas,Selling,0.0125,GH¢ per WAU,0.0125,"GH¢ per WAU (BoG's 'Ecowas' unit, not defined by BoG)",ok,
2026-09-29,WAUGHS,Ecowas,Mid Rate,0.0125,GH¢ per WAU,0.0125,"GH¢ per WAU (BoG's 'Ecowas' unit, not defined by BoG)",ok,
2026-09-29,ZARGHS,South African Rand,Buying,0.7106,GH¢ per ZAR,0.7106,GH¢ per ZAR,ok,
2026-09-29,ZARGHS,South African Rand,Selling,0.7111,GH¢ per ZAR,0.7111,GH¢ per ZAR,ok,
2026-09-29,ZARGHS,South African Rand,Mid Rate,0.7109,GH¢ per ZAR,0.7109,GH¢ per ZAR,ok,
2026-09-30,USDGHS,US Dollar,Buying,11.7041,GH¢ per USD,11.7041,GH¢ per USD,ok,
2026-09-30,USDGHS,US Dollar,Selling,11.7159,GH¢ per USD,11.7159,GH¢ per USD,ok,
2026-09-30,USDGHS,US Dollar,Mid Rate,11.7100,GH¢ per USD,11.71,GH¢ per USD,ok,
2026-09-30,AUDGHS,Australian Dollar,Buying,8.1320,GH¢ per AUD,8.132,GH¢ per AUD,ok,
2026-09-30,AUDGHS,Australian Dollar,Selling,8.1417,GH¢ per AUD,8.1417,GH¢ per AUD,ok,
2026-09-30,AUDGHS,Australian Dollar,Mid Rate,8.1369,GH¢ per AUD,8.1369,GH¢ per AUD,ok,
2026-09-30,CADGHS,Canadian Dollar,Buying,8.2336,GH¢ per CAD,8.2336,GH¢ per CAD,ok,
2026-09-30,CADGHS,Canadian Dollar,Selling,8.2406,GH¢ per CAD,8.2406,GH¢ per CAD,ok,
2026-09-30,CADGHS,Canadian Dollar,Mid Rate,8.2371,GH¢ per CAD,8.2371,GH¢ per CAD,ok,
2026-09-30,CHFGHS,Swiss Franc,Buying,14.0141,GH¢ per CHF,14.0141,GH¢ per CHF,ok,
2026-09-30,CHFGHS,Swiss Franc,Selling,14.0256,GH¢ per CHF,14.0256,GH¢ per CHF,ok,
2026-09-30,CHFGHS,Swiss Franc,Mid Rate,14.0199,GH¢ per CHF,14.0199,GH¢ per CHF,ok,
2026-09-30,CNYGHS,Yuan Renminbi,Buying,1.7456,GH¢ per CNY,1.7456,GH¢ per CNY,ok,
2026-09-30,CNYGHS,Yuan Renminbi,Selling,1.7466,GH¢ per CNY,1.7466,GH¢ per CNY,ok,
2026-09-30,CNYGHS,Yuan Renminbi,Mid Rate,1.7461,GH¢ per CNY,1.7461,GH¢ per CNY,ok,
2026-09-30,DKKGHS,Danish Krone,Buying,1.7755,GH¢ per DKK,1.7755,GH¢ per DKK,ok,
2026-09-30,DKKGHS,Danish Krone,Selling,1.7769,GH¢ per DKK,1.7769,GH¢ per DKK,ok,
2026-09-30,DKKGHS,Danish Krone,Mid Rate,1.7762,GH¢ per DKK,1.7762,GH¢ per DKK,ok,
2026-09-30,EURGHS,Euro,Buying,13.2724,GH¢ per EUR,13.2724,GH¢ per EUR,ok,
2026-09-30,EURGHS,Euro,Selling,13.2845,GH¢ per EUR,13.2845,GH¢ per EUR,ok,
2026-09-30,EURGHS,Euro,Mid Rate,13.2785,GH¢ per EUR,13.2785,GH¢ per EUR,ok,
2026-09-30,GBPGHS,Pound Sterling,Buying,15.5220,GH¢ per GBP,15.522,GH¢ per GBP,ok,
2026-09-30,GBPGHS,Pound Sterling,Selling,15.5376,GH¢ per GBP,15.5376,GH¢ per GBP,ok,
2026-09-30,GBPGHS,Pound Sterling,Mid Rate,15.5298,GH¢ per GBP,15.5298,GH¢ per GBP,ok,
2026-09-30,GHSGMD,Dalasi,Buying,6.2278,GMD per GH¢,0.1605703459,GH¢ per GMD,ok,
2026-09-30,GHSGMD,Dalasi,Selling,6.2688,GMD per GH¢,0.1595201633,GH¢ per GMD,ok,
2026-09-30,GHSGMD,Dalasi,Mid Rate,6.2483,GMD per GH¢,0.1600435318,GH¢ per GMD,ok,
2026-09-30,GHSMRO,Ouguiya,Buying,30.4868,MRO per GH¢,0.0328010811,GH¢ per MRO (old ouguiya; 10 MRO = 1 MRU since 2018),ok,
2026-09-30,GHSMRO,Ouguiya,Selling,30.5722,MRO per GH¢,0.032709455,GH¢ per MRO (old ouguiya; 10 MRO = 1 MRU since 2018),ok,
2026-09-30,GHSMRO,Ouguiya,Mid Rate,30.5295,MRO per GH¢,0.032755204,GH¢ per MRO (old ouguiya; 10 MRO = 1 MRU since 2018),ok,
2026-09-30,GHSNGN,Naira,Buying,113.4509,NGN per GH¢,0.0088143858,GH¢ per NGN,ok,
2026-09-30,GHSNGN,Naira,Selling,113.7131,NGN per GH¢,0.0087940615,GH¢ per NGN,ok,
2026-09-30,GHSNGN,Naira,Mid Rate,113.5820,NGN per GH¢,0.0088042119,GH¢ per NGN,ok,
2026-09-30,GHSSLL,Leone,Buying,2.0306,SLL per GH¢,0.4924652812,"GH¢ per SLE (new leone; 1 SLE = 1,000 old leones)",ok,
2026-09-30,GHSSLL,Leone,Selling,2.0908,SLL per GH¢,0.4782858236,"GH¢ per SLE (new leone; 1 SLE = 1,000 old leones)",ok,
2026-09-30,GHSSLL,Leone,Mid Rate,2.0607,SLL per GH¢,0.485271995,"GH¢ per SLE (new leone; 1 SLE = 1,000 old leones)",ok,
2026-09-30,GHSXOF,BCEAO,Buying,49.3776,XOF per GH¢,0.0202520981,GH¢ per XOF (CFA franc (BCEAO)),ok,
2026-09-30,GHSXOF,BCEAO,Selling,49.4226,XOF per GH¢,0.0202336583,GH¢ per XOF (CFA franc (BCEAO)),ok,
2026-09-30,GHSXOF,BCEAO,Mid Rate,49.4001,XOF per GH¢,0.020242874,GH¢ per XOF (CFA franc (BCEAO)),ok,
2026-09-30,JPYGHS,Japanese yen,Buying,0.0744,GH¢ per JPY,0.0744,GH¢ per JPY,ok,
2026-09-30,JPYGHS,Japanese yen,Selling,0.0745,GH¢ per JPY,0.0745,GH¢ per JPY,ok,
2026-09-30,JPYGHS,Japanese yen,Mid Rate,0.0745,GH¢ per JPY,0.0745,GH¢ per JPY,ok,
2026-09-30,NOKGHS,Norwegian Krone,Buying,1.2180,GH¢ per NOK,1.218,GH¢ per NOK,ok,
2026-09-30,NOKGHS,Norwegian Krone,Selling,1.2188,GH¢ per NOK,1.2188,GH¢ per NOK,ok,
2026-09-30,NOKGHS,Norwegian Krone,Mid Rate,1.2184,GH¢ per NOK,1.2184,GH¢ per NOK,ok,
2026-09-30,NZDGHS,New Zealand Dollar,Buying,6.5969,GH¢ per NZD,6.5969,GH¢ per NZD,ok,
2026-09-30,NZDGHS,New Zealand Dollar,Selling,6.6035,GH¢ per NZD,6.6035,GH¢ per NZD,ok,
2026-09-30,NZDGHS,New Zealand Dollar,Mid Rate,6.6002,GH¢ per NZD,6.6002,GH¢ per NZD,ok,
2026-09-30,SEKGHS,Swedish Krona,Buying,1.1702,GH¢ per SEK,1.1702,GH¢ per SEK,ok,
2026-09-30,SEKGHS,Swedish Krona,Selling,1.1711,GH¢ per SEK,1.1711,GH¢ per SEK,ok,
2026-09-30,SEKGHS,Swedish Krona,Mid Rate,1.1707,GH¢ per SEK,1.1707,GH¢ per SEK,ok,
2026-09-30,WAUGHS,Ecowas,Buying,0.0124,GH¢ per WAU,0.0124,"GH¢ per WAU (BoG's 'Ecowas' unit, not defined by BoG)",ok,
2026-09-30,WAUGHS,Ecowas,Selling,0.0124,GH¢ per WAU,0.0124,"GH¢ per WAU (BoG's 'Ecowas' unit, not defined by BoG)",ok,
2026-09-30,WAUGHS,Ecowas,Mid Rate,0.0124,GH¢ per WAU,0.0124,"GH¢ per WAU (BoG's 'Ecowas' unit, not defined by BoG)",ok,
2026-09-30,ZARGHS,South African Rand,Buying,0.7122,GH¢ per ZAR,0.7122,GH¢ per ZAR,ok,
2026-09-30,ZARGHS,South African Rand,Selling,0.7126,GH¢ per ZAR,0.7126,GH¢ per ZAR,ok,
2026-09-30,ZARGHS,South African Rand,Mid Rate,0.7124,GH¢ per ZAR,0.7124,GH¢ per ZAR,ok,
2026-10-01,USDGHS,US Dollar,Buying,11.7091,GH¢ per USD,11.7091,GH¢ per USD,ok,
2026-10-01,USDGHS,US Dollar,Selling,11.7209,GH¢ per USD,11.7209,GH¢ per USD,ok,
2026-10-01,USDGHS,US Dollar,Mid Rate,11.7150,GH¢ per USD,11.715,GH¢ per USD,ok,
2026-10-01,AUDGHS,Australian Dollar,Buying,8.0898,GH¢ per AUD,8.0898,GH¢ per AUD,ok,
2026-10-01,AUDGHS,Australian Dollar,Selling,8.0978,GH¢ per AUD,8.0978,GH¢ per AUD,ok,
2026-10-01,AUDGHS,Australian Dollar,Mid Rate,8.0938,GH¢ per AUD,8.0938,GH¢ per AUD,ok,
2026-10-01,CADGHS,Canadian Dollar,Buying,8.2164,GH¢ per CAD,8.2164,GH¢ per CAD,ok,
2026-10-01,CADGHS,Canadian Dollar,Selling,8.2233,GH¢ per CAD,8.2233,GH¢ per CAD,ok,
2026-10-01,CADGHS,Canadian Dollar,Mid Rate,8.2199,GH¢ per CAD,8.2199,GH¢ per CAD,ok,
2026-10-01,CHFGHS,Swiss Franc,Buying,14.0929,GH¢ per CHF,14.0929,GH¢ per CHF,ok,
2026-10-01,CHFGHS,Swiss Franc,Selling,14.1044,GH¢ per CHF,14.1044,GH¢ per CHF,ok,
2026-10-01,CHFGHS,Swiss Franc,Mid Rate,14.0987,GH¢ per CHF,14.0987,GH¢ per CHF,ok,
2026-10-01,CNYGHS,Yuan Renminbi,Buying,1.7367,GH¢ per CNY,1.7367,GH¢ per CNY,ok,
2026-10-01,CNYGHS,Yuan Renminbi,Selling,1.7377,GH¢ per CNY,1.7377,GH¢ per CNY,ok,
2026-10-01,CNYGHS,Yuan Renminbi,Mid Rate,1.7372,GH¢ per CNY,1.7372,GH¢ per CNY,ok,
2026-10-01,DKKGHS,Danish Krone,Buying,1.7584,GH¢ per DKK,1.7584,GH¢ per DKK,ok,
2026-10-01,DKKGHS,Danish Krone,Selling,1.7598,GH¢ per DKK,1.7598,GH¢ per DKK,ok,
2026-10-01,DKKGHS,Danish Krone,Mid Rate,1.7591,GH¢ per DKK,1.7591,GH¢ per DKK,ok,
2026-10-01,EURGHS,Euro,Buying,13.1441,GH¢ per EUR,13.1441,GH¢ per EUR,ok,
2026-10-01,EURGHS,Euro,Selling,13.1550,GH¢ per EUR,13.155,GH¢ per EUR,ok,
2026-10-01,EURGHS,Euro,Mid Rate,13.1496,GH¢ per EUR,13.1496,GH¢ per EUR,ok,
2026-10-01,GBPGHS,Pound Sterling,Buying,15.4444,GH¢ per GBP,15.4444,GH¢ per GBP,ok,
2026-10-01,GBPGHS,Pound Sterling,Selling,15.4598,GH¢ per GBP,15.4598,GH¢ per GBP,ok,
2026-10-01,GBPGHS,Pound Sterling,Mid Rate,15.4521,GH¢ per GBP,15.4521,GH¢ per GBP,ok,
2026-10-01,GHSGMD,Dalasi,Buying,6.2661,GMD per GH¢,0.159588899,GH¢ per GMD,ok,
2026-10-01,GHSGMD,Dalasi,Selling,6.2662,GMD per GH¢,0.1595863522,GH¢ per GMD,ok,
2026-10-01,GHSGMD,Dalasi,Mid Rate,6.2662,GMD per GH¢,0.1595863522,GH¢ per GMD,ok,
2026-10-01,GHSMRO,Ouguiya,Buying,30.4738,MRO per GH¢,0.0328150739,GH¢ per MRO (old ouguiya; 10 MRO = 1 MRU since 2018),ok,
2026-10-01,GHSMRO,Ouguiya,Selling,30.5591,MRO per GH¢,0.0327234768,GH¢ per MRO (old ouguiya; 10 MRO = 1 MRU since 2018),ok,
2026-10-01,GHSMRO,Ouguiya,Mid Rate,30.5165,MRO per GH¢,0.0327691577,GH¢ per MRO (old ouguiya; 10 MRO = 1 MRU since 2018),ok,
2026-10-01,GHSNGN,Naira,Buying,113.4332,NGN per GH¢,0.0088157612,GH¢ per NGN,ok,
2026-10-01,GHSNGN,Naira,Selling,113.5203,NGN per GH¢,0.0088089972,GH¢ per NGN,ok,
2026-10-01,GHSNGN,Naira,Mid Rate,113.4768,NGN per GH¢,0.008812374,GH¢ per NGN,ok,
2026-10-01,GHSSLL,Leone,Buying,2.0281,SLL per GH¢,0.4930723337,"GH¢ per SLE (new leone; 1 SLE = 1,000 old leones)",ok,
2026-10-01,GHSSLL,Leone,Selling,2.0884,SLL per GH¢,0.4788354721,"GH¢ per SLE (new leone; 1 SLE = 1,000 old leones)",ok,
2026-10-01,GHSSLL,Leone,Mid Rate,2.0583,SLL per GH¢,0.4858378273,"GH¢ per SLE (new leone; 1 SLE = 1,000 old leones)",ok,
2026-10-01,GHSXOF,BCEAO,Buying,49.8637,XOF per GH¢,0.020054669,GH¢ per XOF (CFA franc (BCEAO)),ok,
2026-10-01,GHSXOF,BCEAO,Selling,49.9051,XOF per GH¢,0.0200380322,GH¢ per XOF (CFA franc (BCEAO)),ok,
2026-10-01,GHSXOF,BCEAO,Mid Rate,49.8844,XOF per GH¢,0.0200463472,GH¢ per XOF (CFA franc (BCEAO)),ok,
2026-10-01,JPYGHS,Japanese yen,Buying,0.0743,GH¢ per JPY,0.0743,GH¢ per JPY,ok,
2026-10-01,JPYGHS,Japanese yen,Selling,0.0744,GH¢ per JPY,0.0744,GH¢ per JPY,ok,
2026-10-01,JPYGHS,Japanese yen,Mid Rate,0.0744,GH¢ per JPY,0.0744,GH¢ per JPY,ok,
2026-10-01,NOKGHS,Norwegian Krone,Buying,1.2147,GH¢ per NOK,1.2147,GH¢ per NOK,ok,
2026-10-01,NOKGHS,Norwegian Krone,Selling,1.2154,GH¢ per NOK,1.2154,GH¢ per NOK,ok,
2026-10-01,NOKGHS,Norwegian Krone,Mid Rate,1.2151,GH¢ per NOK,1.2151,GH¢ per NOK,ok,
2026-10-01,NZDGHS,New Zealand Dollar,Buying,6.5546,GH¢ per NZD,6.5546,GH¢ per NZD,ok,
2026-10-01,NZDGHS,New Zealand Dollar,Selling,6.5611,GH¢ per NZD,6.5611,GH¢ per NZD,ok,
2026-10-01,NZDGHS,New Zealand Dollar,Mid Rate,6.5579,GH¢ per NZD,6.5579,GH¢ per NZD,ok,
2026-10-01,SEKGHS,Swedish Krona,Buying,1.1628,GH¢ per SEK,1.1628,GH¢ per SEK,ok,
2026-10-01,SEKGHS,Swedish Krona,Selling,1.1636,GH¢ per SEK,1.1636,GH¢ per SEK,ok,
2026-10-01,SEKGHS,Swedish Krona,Mid Rate,1.1632,GH¢ per SEK,1.1632,GH¢ per SEK,ok,
2026-10-01,WAUGHS,Ecowas,Buying,0.0124,GH¢ per WAU,0.0124,"GH¢ per WAU (BoG's 'Ecowas' unit, not defined by BoG)",ok,
2026-10-01,WAUGHS,Ecowas,Selling,0.0124,GH¢ per WAU,0.0124,"GH¢ per WAU (BoG's 'Ecowas' unit, not defined by BoG)",ok,
2026-10-01,WAUGHS,Ecowas,Mid Rate,0.0124,GH¢ per WAU,0.0124,"GH¢ per WAU (BoG's 'Ecowas' unit, not defined by BoG)",ok,
2026-10-01,ZARGHS,South African Rand,Buying,0.7008,GH¢ per ZAR,0.7008,GH¢ per ZAR,ok,
2026-10-01,ZARGHS,South African Rand,Selling,0.7012,GH¢ per ZAR,0.7012,GH¢ per ZAR,ok,
2026-10-01,ZARGHS,South African Rand,Mid Rate,0.7010,GH¢ per ZAR,0.701,GH¢ per ZAR,ok,
2026-10-02,USDGHS,US Dollar,Buying,11.7041,GH¢ per USD,11.7041,GH¢ per USD,ok,
2026-10-02,USDGHS,US Dollar,Selling,11.7159,GH¢ per USD,11.7159,GH¢ per USD,ok,
2026-10-02,USDGHS,US Dollar,Mid Rate,11.7100,GH¢ per USD,11.71,GH¢ per USD,ok,
2026-10-02,AUDGHS,Australian Dollar,Buying,8.1310,GH¢ per AUD,8.131,GH¢ per AUD,ok,
2026-10-02,AUDGHS,Australian Dollar,Selling,8.1413,GH¢ per AUD,8.1413,GH¢ per AUD,ok,
2026-10-02,AUDGHS,Australian Dollar,Mid Rate,8.1362,GH¢ per AUD,8.1362,GH¢ per AUD,ok,
2026-10-02,CADGHS,Canadian Dollar,Buying,8.2098,GH¢ per CAD,8.2098,GH¢ per CAD,ok,
2026-10-02,CADGHS,Canadian Dollar,Selling,8.2173,GH¢ per CAD,8.2173,GH¢ per CAD,ok,
2026-10-02,CADGHS,Canadian Dollar,Mid Rate,8.2136,GH¢ per CAD,8.2136,GH¢ per CAD,ok,
2026-10-02,CHFGHS,Swiss Franc,Buying,14.1088,GH¢ per CHF,14.1088,GH¢ per CHF,ok,
2026-10-02,CHFGHS,Swiss Franc,Selling,14.1214,GH¢ per CHF,14.1214,GH¢ per CHF,ok,
2026-10-02,CHFGHS,Swiss Franc,Mid Rate,14.1151,GH¢ per CHF,14.1151,GH¢ per CHF,ok,
2026-10-02,CNYGHS,Yuan Renminbi,Buying,1.7406,GH¢ per CNY,1.7406,GH¢ per CNY,ok,
2026-10-02,CNYGHS,Yuan Renminbi,Selling,1.7417,GH¢ per CNY,1.7417,GH¢ per CNY,ok,
2026-10-02,CNYGHS,Yuan Renminbi,Mid Rate,1.7412,GH¢ per CNY,1.7412,GH¢ per CNY,ok,
2026-10-02,DKKGHS,Danish Krone,Buying,1.7619,GH¢ per DKK,1.7619,GH¢ per DKK,ok,
2026-10-02,DKKGHS,Danish Krone,Selling,1.7635,GH¢ per DKK,1.7635,GH¢ per DKK,ok,
2026-10-02,DKKGHS,Danish Krone,Mid Rate,1.7627,GH¢ per DKK,1.7627,GH¢ per DKK,ok,
2026-10-02,EURGHS,Euro,Buying,13.1700,GH¢ per EUR,13.17,GH¢ per EUR,ok,
2026-10-02,EURGHS,Euro,Selling,13.1820,GH¢ per EUR,13.182,GH¢ per EUR,ok,
2026-10-02,EURGHS,Euro,Mid Rate,13.1760,GH¢ per EUR,13.176,GH¢ per EUR,ok,
2026-10-02,GBPGHS,Pound Sterling,Buying,15.4787,GH¢ per GBP,15.4787,GH¢ per GBP,ok,
2026-10-02,GBPGHS,Pound Sterling,Selling,15.4954,GH¢ per GBP,15.4954,GH¢ per GBP,ok,
2026-10-02,GBPGHS,Pound Sterling,Mid Rate,15.4871,GH¢ per GBP,15.4871,GH¢ per GBP,ok,
2026-10-02,GHSGMD,Dalasi,Buying,6.2278,GMD per GH¢,0.1605703459,GH¢ per GMD,ok,
2026-10-02,GHSGMD,Dalasi,Selling,6.2688,GMD per GH¢,0.1595201633,GH¢ per GMD,ok,
2026-10-02,GHSGMD,Dalasi,Mid Rate,6.2483,GMD per GH¢,0.1600435318,GH¢ per GMD,ok,
2026-10-02,GHSMRO,Ouguiya,Buying,30.4868,MRO per GH¢,0.0328010811,GH¢ per MRO (old ouguiya; 10 MRO = 1 MRU since 2018),ok,
2026-10-02,GHSMRO,Ouguiya,Selling,30.5722,MRO per GH¢,0.032709455,GH¢ per MRO (old ouguiya; 10 MRO = 1 MRU since 2018),ok,
2026-10-02,GHSMRO,Ouguiya,Mid Rate,30.5295,MRO per GH¢,0.032755204,GH¢ per MRO (old ouguiya; 10 MRO = 1 MRU since 2018),ok,
2026-10-02,GHSNGN,Naira,Buying,113.5559,NGN per GH¢,0.0088062355,GH¢ per NGN,ok,
2026-10-02,GHSNGN,Naira,Selling,113.6413,NGN per GH¢,0.0087996177,GH¢ per NGN,ok,
2026-10-02,GHSNGN,Naira,Mid Rate,113.5986,NGN per GH¢,0.0088029254,GH¢ per NGN,ok,
2026-10-02,GHSSLL,Leone,Buying,2.0290,SLL per GH¢,0.4928536225,"GH¢ per SLE (new leone; 1 SLE = 1,000 old leones)",ok,
2026-10-02,GHSSLL,Leone,Selling,2.0893,SLL per GH¢,0.478629206,"GH¢ per SLE (new leone; 1 SLE = 1,000 old leones)",ok,
2026-10-02,GHSSLL,Leone,Mid Rate,2.0592,SLL per GH¢,0.4856254856,"GH¢ per SLE (new leone; 1 SLE = 1,000 old leones)",ok,
2026-10-02,GHSXOF,BCEAO,Buying,49.7616,XOF per GH¢,0.0200958169,GH¢ per XOF (CFA franc (BCEAO)),ok,
2026-10-02,GHSXOF,BCEAO,Selling,49.8069,XOF per GH¢,0.0200775395,GH¢ per XOF (CFA franc (BCEAO)),ok,
2026-10-02,GHSXOF,BCEAO,Mid Rate,49.7843,XOF per GH¢,0.0200866538,GH¢ per XOF (CFA franc (BCEAO)),ok,
2026-10-02,JPYGHS,Japanese yen,Buying,0.0741,GH¢ per JPY,0.0741,GH¢ per JPY,ok,
2026-10-02,JPYGHS,Japanese yen,Selling,0.0742,GH¢ per JPY,0.0742,GH¢ per JPY,ok,
2026-10-02,JPYGHS,Japanese yen,Mid Rate,0.0742,GH¢ per JPY,0.0742,GH¢ per JPY,ok,
2026-10-02,NOKGHS,Norwegian Krone,Buying,1.2152,GH¢ per NOK,1.2152,GH¢ per NOK,ok,
2026-10-02,NOKGHS,Norwegian Krone,Selling,1.2160,GH¢ per NOK,1.216,GH¢ per NOK,ok,
2026-10-02,NOKGHS,Norwegian Krone,Mid Rate,1.2156,GH¢ per NOK,1.2156,GH¢ per NOK,ok,
2026-10-02,NZDGHS,New Zealand Dollar,Buying,6.5630,GH¢ per NZD,6.563,GH¢ per NZD,ok,
2026-10-02,NZDGHS,New Zealand Dollar,Selling,6.5716,GH¢ per NZD,6.5716,GH¢ per NZD,ok,
2026-10-02,NZDGHS,New Zealand Dollar,Mid Rate,6.5673,GH¢ per NZD,6.5673,GH¢ per NZD,ok,
2026-10-02,SEKGHS,Swedish Krona,Buying,1.1653,GH¢ per SEK,1.1653,GH¢ per SEK,ok,
2026-10-02,SEKGHS,Swedish Krona,Selling,1.1662,GH¢ per SEK,1.1662,GH¢ per SEK,ok,
2026-10-02,SEKGHS,Swedish Krona,Mid Rate,1.1658,GH¢ per SEK,1.1658,GH¢ per SEK,ok,
2026-10-02,WAUGHS,Ecowas,Buying,0.0124,GH¢ per WAU,0.0124,"GH¢ per WAU (BoG's 'Ecowas' unit, not defined by BoG)",ok,
2026-10-02,WAUGHS,Ecowas,Selling,0.0124,GH¢ per WAU,0.0124,"GH¢ per WAU (BoG's 'Ecowas' unit, not defined by BoG)",ok,
2026-10-02,WAUGHS,Ecowas,Mid Rate,0.0124,GH¢ per WAU,0.0124,"GH¢ per WAU (BoG's 'Ecowas' unit, not defined by BoG)",ok,
2026-10-02,ZARGHS,South African Rand,Buying,0.7015,GH¢ per ZAR,0.7015,GH¢ per ZAR,ok,
2026-10-02,ZARGHS,South African Rand,Selling,0.7019,GH¢ per ZAR,0.7019,GH¢ per ZAR,ok,
2026-10-02,ZARGHS,South African Rand,Mid Rate,0.7017,GH¢ per ZAR,0.7017,GH¢ per ZAR,ok,
2026-10-05,USDGHS,US Dollar,Buying,11.7591,GH¢ per USD,11.7591,GH¢ per USD,ok,
2026-10-05,USDGHS,US Dollar,Selling,11.7709,GH¢ per USD,11.7709,GH¢ per USD,ok,
2026-10-05,USDGHS,US Dollar,Mid Rate,11.7650,GH¢ per USD,11.765,GH¢ per USD,ok,
2026-10-05,AUDGHS,Australian Dollar,Buying,8.1938,GH¢ per AUD,8.1938,GH¢ per AUD,ok,
2026-10-05,AUDGHS,Australian Dollar,Selling,8.2026,GH¢ per AUD,8.2026,GH¢ per AUD,ok,
2026-10-05,AUDGHS,Australian Dollar,Mid Rate,8.1982,GH¢ per AUD,8.1982,GH¢ per AUD,ok,
2026-10-05,CADGHS,Canadian Dollar,Buying,8.2561,GH¢ per CAD,8.2561,GH¢ per CAD,ok,
2026-10-05,CADGHS,Canadian Dollar,Selling,8.2636,GH¢ per CAD,8.2636,GH¢ per CAD,ok,
2026-10-05,CADGHS,Canadian Dollar,Mid Rate,8.2599,GH¢ per CAD,8.2599,GH¢ per CAD,ok,
2026-10-05,CHFGHS,Swiss Franc,Buying,14.1471,GH¢ per CHF,14.1471,GH¢ per CHF,ok,
2026-10-05,CHFGHS,Swiss Franc,Selling,14.1611,GH¢ per CHF,14.1611,GH¢ per CHF,ok,
2026-10-05,CHFGHS,Swiss Franc,Mid Rate,14.1541,GH¢ per CHF,14.1541,GH¢ per CHF,ok,
2026-10-05,CNYGHS,Yuan Renminbi,Buying,1.7477,GH¢ per CNY,1.7477,GH¢ per CNY,ok,
2026-10-05,CNYGHS,Yuan Renminbi,Selling,1.7489,GH¢ per CNY,1.7489,GH¢ per CNY,ok,
2026-10-05,CNYGHS,Yuan Renminbi,Mid Rate,1.7483,GH¢ per CNY,1.7483,GH¢ per CNY,ok,
2026-10-05,DKKGHS,Danish Krone,Buying,1.7640,GH¢ per DKK,1.764,GH¢ per DKK,ok,
2026-10-05,DKKGHS,Danish Krone,Selling,1.7657,GH¢ per DKK,1.7657,GH¢ per DKK,ok,
2026-10-05,DKKGHS,Danish Krone,Mid Rate,1.7649,GH¢ per DKK,1.7649,GH¢ per DKK,ok,
2026-10-05,EURGHS,Euro,Buying,13.1846,GH¢ per EUR,13.1846,GH¢ per EUR,ok,
2026-10-05,EURGHS,Euro,Selling,13.1966,GH¢ per EUR,13.1966,GH¢ per EUR,ok,
2026-10-05,EURGHS,Euro,Mid Rate,13.1906,GH¢ per EUR,13.1906,GH¢ per EUR,ok,
2026-10-05,GBPGHS,Pound Sterling,Buying,15.5420,GH¢ per GBP,15.542,GH¢ per GBP,ok,
2026-10-05,GBPGHS,Pound Sterling,Selling,15.5588,GH¢ per GBP,15.5588,GH¢ per GBP,ok,
2026-10-05,GBPGHS,Pound Sterling,Mid Rate,15.5504,GH¢ per GBP,15.5504,GH¢ per GBP,ok,
2026-10-05,GHSGMD,Dalasi,Buying,6.2343,GMD per GH¢,0.1604029322,GH¢ per GMD,ok,
2026-10-05,GHSGMD,Dalasi,Selling,6.3758,GMD per GH¢,0.1568430628,GH¢ per GMD,ok,
2026-10-05,GHSGMD,Dalasi,Mid Rate,6.3051,GMD per GH¢,0.1586017668,GH¢ per GMD,ok,
2026-10-05,GHSMRO,Ouguiya,Buying,30.3442,MRO per GH¢,0.032955227,GH¢ per MRO (old ouguiya; 10 MRO = 1 MRU since 2018),ok,
2026-10-05,GHSMRO,Ouguiya,Selling,30.4292,MRO per GH¢,0.0328631709,GH¢ per MRO (old ouguiya; 10 MRO = 1 MRU since 2018),ok,
2026-10-05,GHSMRO,Ouguiya,Mid Rate,30.3867,MRO per GH¢,0.0329091346,GH¢ per MRO (old ouguiya; 10 MRO = 1 MRU since 2018),ok,
2026-10-05,GHSNGN,Naira,Buying,112.8219,NGN per GH¢,0.0088635274,GH¢ per NGN,ok,
2026-10-05,GHSNGN,Naira,Selling,113.0769,NGN per GH¢,0.0088435392,GH¢ per NGN,ok,
2026-10-05,GHSNGN,Naira,Mid Rate,112.9494,NGN per GH¢,0.008853522,GH¢ per NGN,ok,
2026-10-05,GHSSLL,Leone,Buying,1.9985,SLL per GH¢,0.5003752815,"GH¢ per SLE (new leone; 1 SLE = 1,000 old leones)",ok,
2026-10-05,GHSSLL,Leone,Selling,2.0830,SLL per GH¢,0.4800768123,"GH¢ per SLE (new leone; 1 SLE = 1,000 old leones)",ok,
2026-10-05,GHSSLL,Leone,Mid Rate,2.0408,SLL per GH¢,0.49000392,"GH¢ per SLE (new leone; 1 SLE = 1,000 old leones)",ok,
2026-10-05,GHSXOF,BCEAO,Buying,49.7065,XOF per GH¢,0.0201180932,GH¢ per XOF (CFA franc (BCEAO)),ok,
2026-10-05,GHSXOF,BCEAO,Selling,49.7518,XOF per GH¢,0.0200997753,GH¢ per XOF (CFA franc (BCEAO)),ok,
2026-10-05,GHSXOF,BCEAO,Mid Rate,49.7292,XOF per GH¢,0.0201089099,GH¢ per XOF (CFA franc (BCEAO)),ok,
2026-10-05,JPYGHS,Japanese yen,Buying,0.0744,GH¢ per JPY,0.0744,GH¢ per JPY,ok,
2026-10-05,JPYGHS,Japanese yen,Selling,0.0745,GH¢ per JPY,0.0745,GH¢ per JPY,ok,
2026-10-05,JPYGHS,Japanese yen,Mid Rate,0.0745,GH¢ per JPY,0.0745,GH¢ per JPY,ok,
2026-10-05,NOKGHS,Norwegian Krone,Buying,1.2264,GH¢ per NOK,1.2264,GH¢ per NOK,ok,
2026-10-05,NOKGHS,Norwegian Krone,Selling,1.2274,GH¢ per NOK,1.2274,GH¢ per NOK,ok,
2026-10-05,NOKGHS,Norwegian Krone,Mid Rate,1.2269,GH¢ per NOK,1.2269,GH¢ per NOK,ok,
2026-10-05,NZDGHS,New Zealand Dollar,Buying,6.5805,GH¢ per NZD,6.5805,GH¢ per NZD,ok,
2026-10-05,NZDGHS,New Zealand Dollar,Selling,6.5891,GH¢ per NZD,6.5891,GH¢ per NZD,ok,
2026-10-05,NZDGHS,New Zealand Dollar,Mid Rate,6.5848,GH¢ per NZD,6.5848,GH¢ per NZD,ok,
2026-10-05,SEKGHS,Swedish Krona,Buying,1.1709,GH¢ per SEK,1.1709,GH¢ per SEK,ok,
2026-10-05,SEKGHS,Swedish Krona,Selling,1.1718,GH¢ per SEK,1.1718,GH¢ per SEK,ok,
2026-10-05,SEKGHS,Swedish Krona,Mid Rate,1.1714,GH¢ per SEK,1.1714,GH¢ per SEK,ok,
2026-10-05,WAUGHS,Ecowas,Buying,0.0123,GH¢ per WAU,0.0123,"GH¢ per WAU (BoG's 'Ecowas' unit, not defined by BoG)",ok,
2026-10-05,WAUGHS,Ecowas,Selling,0.0123,GH¢ per WAU,0.0123,"GH¢ per WAU (BoG's 'Ecowas' unit, not defined by BoG)",ok,
2026-10-05,WAUGHS,Ecowas,Mid Rate,0.0123,GH¢ per WAU,0.0123,"GH¢ per WAU (BoG's 'Ecowas' unit, not defined by BoG)",ok,
2026-10-05,ZARGHS,South African Rand,Buying,0.7058,GH¢ per ZAR,0.7058,GH¢ per ZAR,ok,
2026-10-05,ZARGHS,South African Rand,Selling,0.7063,GH¢ per ZAR,0.7063,GH¢ per ZAR,ok,
2026-10-05,ZARGHS,South African Rand,Mid Rate,0.7061,GH¢ per ZAR,0.7061,GH¢ per ZAR,ok,
2026-10-06,USDGHS,US Dollar,Buying,11.7941,GH¢ per USD,11.7941,GH¢ per USD,ok,
2026-10-06,USDGHS,US Dollar,Selling,11.8059,GH¢ per USD,11.8059,GH¢ per USD,ok,
2026-10-06,USDGHS,US Dollar,Mid Rate,11.8000,GH¢ per USD,11.8,GH¢ per USD,ok,
2026-10-06,AUDGHS,Australian Dollar,Buying,8.2364,GH¢ per AUD,8.2364,GH¢ per AUD,ok,
2026-10-06,AUDGHS,Australian Dollar,Selling,8.2468,GH¢ per AUD,8.2468,GH¢ per AUD,ok,
2026-10-06,AUDGHS,Australian Dollar,Mid Rate,8.2416,GH¢ per AUD,8.2416,GH¢ per AUD,ok,
2026-10-06,CADGHS,Canadian Dollar,Buying,8.2961,GH¢ per CAD,8.2961,GH¢ per CAD,ok,
2026-10-06,CADGHS,Canadian Dollar,Selling,8.3041,GH¢ per CAD,8.3041,GH¢ per CAD,ok,
2026-10-06,CADGHS,Canadian Dollar,Mid Rate,8.3001,GH¢ per CAD,8.3001,GH¢ per CAD,ok,
2026-10-06,CHFGHS,Swiss Franc,Buying,14.1974,GH¢ per CHF,14.1974,GH¢ per CHF,ok,
2026-10-06,CHFGHS,Swiss Franc,Selling,14.2114,GH¢ per CHF,14.2114,GH¢ per CHF,ok,
2026-10-06,CHFGHS,Swiss Franc,Mid Rate,14.2044,GH¢ per CHF,14.2044,GH¢ per CHF,ok,
2026-10-06,CNYGHS,Yuan Renminbi,Buying,1.7605,GH¢ per CNY,1.7605,GH¢ per CNY,ok,
2026-10-06,CNYGHS,Yuan Renminbi,Selling,1.7616,GH¢ per CNY,1.7616,GH¢ per CNY,ok,
2026-10-06,CNYGHS,Yuan Renminbi,Mid Rate,1.7611,GH¢ per CNY,1.7611,GH¢ per CNY,ok,
2026-10-06,DKKGHS,Danish Krone,Buying,1.7768,GH¢ per DKK,1.7768,GH¢ per DKK,ok,
2026-10-06,DKKGHS,Danish Krone,Selling,1.7785,GH¢ per DKK,1.7785,GH¢ per DKK,ok,
2026-10-06,DKKGHS,Danish Krone,Mid Rate,1.7777,GH¢ per DKK,1.7777,GH¢ per DKK,ok,
2026-10-06,EURGHS,Euro,Buying,13.2820,GH¢ per EUR,13.282,GH¢ per EUR,ok,
2026-10-06,EURGHS,Euro,Selling,13.2952,GH¢ per EUR,13.2952,GH¢ per EUR,ok,
2026-10-06,EURGHS,Euro,Mid Rate,13.2886,GH¢ per EUR,13.2886,GH¢ per EUR,ok,
2026-10-06,GBPGHS,Pound Sterling,Buying,15.6555,GH¢ per GBP,15.6555,GH¢ per GBP,ok,
2026-10-06,GBPGHS,Pound Sterling,Selling,15.6723,GH¢ per GBP,15.6723,GH¢ per GBP,ok,
2026-10-06,GBPGHS,Pound Sterling,Mid Rate,15.6639,GH¢ per GBP,15.6639,GH¢ per GBP,ok,
2026-10-06,GHSGMD,Dalasi,Buying,6.2204,GMD per GH¢,0.1607613658,GH¢ per GMD,ok,
2026-10-06,GHSGMD,Dalasi,Selling,6.2210,GMD per GH¢,0.1607458608,GH¢ per GMD,ok,
2026-10-06,GHSGMD,Dalasi,Mid Rate,6.2207,GMD per GH¢,0.1607536129,GH¢ per GMD,ok,
2026-10-06,GHSMRO,Ouguiya,Buying,30.2542,MRO per GH¢,0.033053262,GH¢ per MRO (old ouguiya; 10 MRO = 1 MRU since 2018),ok,
2026-10-06,GHSMRO,Ouguiya,Selling,30.3390,MRO per GH¢,0.0329608754,GH¢ per MRO (old ouguiya; 10 MRO = 1 MRU since 2018),ok,
2026-10-06,GHSMRO,Ouguiya,Mid Rate,30.2966,MRO per GH¢,0.0330070041,GH¢ per MRO (old ouguiya; 10 MRO = 1 MRU since 2018),ok,
2026-10-06,GHSNGN,Naira,Buying,112.6619,NGN per GH¢,0.0088761152,GH¢ per NGN,ok,
2026-10-06,GHSNGN,Naira,Selling,112.8703,NGN per GH¢,0.0088597266,GH¢ per NGN,ok,
2026-10-06,GHSNGN,Naira,Mid Rate,112.7661,NGN per GH¢,0.0088679133,GH¢ per NGN,ok,
2026-10-06,GHSSLL,Leone,Buying,2.0064,SLL per GH¢,0.4984051037,"GH¢ per SLE (new leone; 1 SLE = 1,000 old leones)",ok,
2026-10-06,GHSSLL,Leone,Selling,2.0677,SLL per GH¢,0.4836291532,"GH¢ per SLE (new leone; 1 SLE = 1,000 old leones)",ok,
2026-10-06,GHSSLL,Leone,Mid Rate,2.0371,SLL per GH¢,0.4908939178,"GH¢ per SLE (new leone; 1 SLE = 1,000 old leones)",ok,
2026-10-06,GHSXOF,BCEAO,Buying,49.3379,XOF per GH¢,0.0202683941,GH¢ per XOF (CFA franc (BCEAO)),ok,
2026-10-06,GHSXOF,BCEAO,Selling,49.3869,XOF per GH¢,0.0202482845,GH¢ per XOF (CFA franc (BCEAO)),ok,
2026-10-06,GHSXOF,BCEAO,Mid Rate,49.3624,XOF per GH¢,0.0202583343,GH¢ per XOF (CFA franc (BCEAO)),ok,
2026-10-06,JPYGHS,Japanese yen,Buying,0.0746,GH¢ per JPY,0.0746,GH¢ per JPY,ok,
2026-10-06,JPYGHS,Japanese yen,Selling,0.0747,GH¢ per JPY,0.0747,GH¢ per JPY,ok,
2026-10-06,JPYGHS,Japanese yen,Mid Rate,0.0747,GH¢ per JPY,0.0747,GH¢ per JPY,ok,
2026-10-06,NOKGHS,Norwegian Krone,Buying,1.2339,GH¢ per NOK,1.2339,GH¢ per NOK,ok,
2026-10-06,NOKGHS,Norwegian Krone,Selling,1.2349,GH¢ per NOK,1.2349,GH¢ per NOK,ok,
2026-10-06,NOKGHS,Norwegian Krone,Mid Rate,1.2344,GH¢ per NOK,1.2344,GH¢ per NOK,ok,
2026-10-06,NZDGHS,New Zealand Dollar,Buying,6.6332,GH¢ per NZD,6.6332,GH¢ per NZD,ok,
2026-10-06,NZDGHS,New Zealand Dollar,Selling,6.6419,GH¢ per NZD,6.6419,GH¢ per NZD,ok,
2026-10-06,NZDGHS,New Zealand Dollar,Mid Rate,6.6376,GH¢ per NZD,6.6376,GH¢ per NZD,ok,
2026-10-06,SEKGHS,Swedish Krona,Buying,1.1812,GH¢ per SEK,1.1812,GH¢ per SEK,ok,
2026-10-06,SEKGHS,Swedish Krona,Selling,1.1822,GH¢ per SEK,1.1822,GH¢ per SEK,ok,
2026-10-06,SEKGHS,Swedish Krona,Mid Rate,1.1817,GH¢ per SEK,1.1817,GH¢ per SEK,ok,
2026-10-06,WAUGHS,Ecowas,Buying,0.0122,GH¢ per WAU,0.0122,"GH¢ per WAU (BoG's 'Ecowas' unit, not defined by BoG)",ok,
2026-10-06,WAUGHS,Ecowas,Selling,0.0122,GH¢ per WAU,0.0122,"GH¢ per WAU (BoG's 'Ecowas' unit, not defined by BoG)",ok,
2026-10-06,WAUGHS,Ecowas,Mid Rate,0.0122,GH¢ per WAU,0.0122,"GH¢ per WAU (BoG's 'Ecowas' unit, not defined by BoG)",ok,
2026-10-06,ZARGHS,South African Rand,Buying,0.7139,GH¢ per ZAR,0.7139,GH¢ per ZAR,ok,
2026-10-06,ZARGHS,South African Rand,Selling,0.7144,GH¢ per ZAR,0.7144,GH¢ per ZAR,ok,
2026-10-06,ZARGHS,South African Rand,Mid Rate,0.7142,GH¢ per ZAR,0.7142,GH¢ per ZAR,ok,
2026-10-07,USDGHS,US Dollar,Buying,11.8241,GH¢ per USD,11.8241,GH¢ per USD,ok,
2026-10-07,USDGHS,US Dollar,Selling,11.8359,GH¢ per USD,11.8359,GH¢ per USD,ok,
2026-10-07,USDGHS,US Dollar,Mid Rate,11.8300,GH¢ per USD,11.83,GH¢ per USD,ok,
2026-10-07,AUDGHS,Australian Dollar,Buying,8.2294,GH¢ per AUD,8.2294,GH¢ per AUD,ok,
2026-10-07,AUDGHS,Australian Dollar,Selling,8.2398,GH¢ per AUD,8.2398,GH¢ per AUD,ok,
2026-10-07,AUDGHS,Australian Dollar,Mid Rate,8.2346,GH¢ per AUD,8.2346,GH¢ per AUD,ok,
2026-10-07,CADGHS,Canadian Dollar,Buying,8.2918,GH¢ per CAD,8.2918,GH¢ per CAD,ok,
2026-10-07,CADGHS,Canadian Dollar,Selling,8.2998,GH¢ per CAD,8.2998,GH¢ per CAD,ok,
2026-10-07,CADGHS,Canadian Dollar,Mid Rate,8.2958,GH¢ per CAD,8.2958,GH¢ per CAD,ok,
2026-10-07,CHFGHS,Swiss Franc,Buying,14.1818,GH¢ per CHF,14.1818,GH¢ per CHF,ok,
2026-10-07,CHFGHS,Swiss Franc,Selling,14.1958,GH¢ per CHF,14.1958,GH¢ per CHF,ok,
2026-10-07,CHFGHS,Swiss Franc,Mid Rate,14.1888,GH¢ per CHF,14.1888,GH¢ per CHF,ok,
2026-10-07,CNYGHS,Yuan Renminbi,Buying,1.7563,GH¢ per CNY,1.7563,GH¢ per CNY,ok,
2026-10-07,CNYGHS,Yuan Renminbi,Selling,1.7575,GH¢ per CNY,1.7575,GH¢ per CNY,ok,
2026-10-07,CNYGHS,Yuan Renminbi,Mid Rate,1.7569,GH¢ per CNY,1.7569,GH¢ per CNY,ok,
2026-10-07,DKKGHS,Danish Krone,Buying,1.7700,GH¢ per DKK,1.77,GH¢ per DKK,ok,
2026-10-07,DKKGHS,Danish Krone,Selling,1.7717,GH¢ per DKK,1.7717,GH¢ per DKK,ok,
2026-10-07,DKKGHS,Danish Krone,Mid Rate,1.7709,GH¢ per DKK,1.7709,GH¢ per DKK,ok,
2026-10-07,EURGHS,Euro,Buying,13.2315,GH¢ per EUR,13.2315,GH¢ per EUR,ok,
2026-10-07,EURGHS,Euro,Selling,13.2435,GH¢ per EUR,13.2435,GH¢ per EUR,ok,
2026-10-07,EURGHS,Euro,Mid Rate,13.2375,GH¢ per EUR,13.2375,GH¢ per EUR,ok,
2026-10-07,GBPGHS,Pound Sterling,Buying,15.6184,GH¢ per GBP,15.6184,GH¢ per GBP,ok,
2026-10-07,GBPGHS,Pound Sterling,Selling,15.6352,GH¢ per GBP,15.6352,GH¢ per GBP,ok,
2026-10-07,GBPGHS,Pound Sterling,Mid Rate,15.6268,GH¢ per GBP,15.6268,GH¢ per GBP,ok,
2026-10-07,GHSGMD,Dalasi,Buying,6.2237,GMD per GH¢,0.1606761251,GH¢ per GMD,ok,
2026-10-07,GHSGMD,Dalasi,Selling,6.2733,GMD per GH¢,0.1594057354,GH¢ per GMD,ok,
2026-10-07,GHSGMD,Dalasi,Mid Rate,6.2485,GMD per GH¢,0.1600384092,GH¢ per GMD,ok,
2026-10-07,GHSMRO,Ouguiya,Buying,30.1775,MRO per GH¢,0.0331372711,GH¢ per MRO (old ouguiya; 10 MRO = 1 MRU since 2018),ok,
2026-10-07,GHSMRO,Ouguiya,Selling,30.2620,MRO per GH¢,0.0330447426,GH¢ per MRO (old ouguiya; 10 MRO = 1 MRU since 2018),ok,
2026-10-07,GHSMRO,Ouguiya,Mid Rate,30.2198,MRO per GH¢,0.0330908874,GH¢ per MRO (old ouguiya; 10 MRO = 1 MRU since 2018),ok,
2026-10-07,GHSNGN,Naira,Buying,112.4413,NGN per GH¢,0.0088935293,GH¢ per NGN,ok,
2026-10-07,GHSNGN,Naira,Selling,112.5249,NGN per GH¢,0.0088869219,GH¢ per NGN,ok,
2026-10-07,GHSNGN,Naira,Mid Rate,112.4831,NGN per GH¢,0.0088902244,GH¢ per NGN,ok,
2026-10-07,GHSSLL,Leone,Buying,1.9931,SLL per GH¢,0.5017309719,"GH¢ per SLE (new leone; 1 SLE = 1,000 old leones)",ok,
2026-10-07,GHSSLL,Leone,Selling,2.0741,SLL per GH¢,0.4821368304,"GH¢ per SLE (new leone; 1 SLE = 1,000 old leones)",ok,
2026-10-07,GHSSLL,Leone,Mid Rate,2.0336,SLL per GH¢,0.4917387884,"GH¢ per SLE (new leone; 1 SLE = 1,000 old leones)",ok,
2026-10-07,GHSXOF,BCEAO,Buying,49.5305,XOF per GH¢,0.0201895802,GH¢ per XOF (CFA franc (BCEAO)),ok,
2026-10-07,GHSXOF,BCEAO,Selling,49.5754,XOF per GH¢,0.0201712946,GH¢ per XOF (CFA franc (BCEAO)),ok,
2026-10-07,GHSXOF,BCEAO,Mid Rate,49.5530,XOF per GH¢,0.0201804129,GH¢ per XOF (CFA franc (BCEAO)),ok,
2026-10-07,JPYGHS,Japanese yen,Buying,0.0748,GH¢ per JPY,0.0748,GH¢ per JPY,ok,
2026-10-07,JPYGHS,Japanese yen,Selling,0.0749,GH¢ per JPY,0.0749,GH¢ per JPY,ok,
2026-10-07,JPYGHS,Japanese yen,Mid Rate,0.0749,GH¢ per JPY,0.0749,GH¢ per JPY,ok,
2026-10-07,NOKGHS,Norwegian Krone,Buying,1.2343,GH¢ per NOK,1.2343,GH¢ per NOK,ok,
2026-10-07,NOKGHS,Norwegian Krone,Selling,1.2352,GH¢ per NOK,1.2352,GH¢ per NOK,ok,
2026-10-07,NOKGHS,Norwegian Krone,Mid Rate,1.2348,GH¢ per NOK,1.2348,GH¢ per NOK,ok,
2026-10-07,NZDGHS,New Zealand Dollar,Buying,6.6144,GH¢ per NZD,6.6144,GH¢ per NZD,ok,
2026-10-07,NZDGHS,New Zealand Dollar,Selling,6.6231,GH¢ per NZD,6.6231,GH¢ per NZD,ok,
2026-10-07,NZDGHS,New Zealand Dollar,Mid Rate,6.6188,GH¢ per NZD,6.6188,GH¢ per NZD,ok,
2026-10-07,SEKGHS,Swedish Krona,Buying,1.1806,GH¢ per SEK,1.1806,GH¢ per SEK,ok,
2026-10-07,SEKGHS,Swedish Krona,Selling,1.1816,GH¢ per SEK,1.1816,GH¢ per SEK,ok,
2026-10-07,SEKGHS,Swedish Krona,Mid Rate,1.1811,GH¢ per SEK,1.1811,GH¢ per SEK,ok,
2026-10-07,WAUGHS,Ecowas,Buying,0.0122,GH¢ per WAU,0.0122,"GH¢ per WAU (BoG's 'Ecowas' unit, not defined by BoG)",ok,
2026-10-07,WAUGHS,Ecowas,Selling,0.0122,GH¢ per WAU,0.0122,"GH¢ per WAU (BoG's 'Ecowas' unit, not defined by BoG)",ok,
2026-10-07,WAUGHS,Ecowas,Mid Rate,0.0122,GH¢ per WAU,0.0122,"GH¢ per WAU (BoG's 'Ecowas' unit, not defined by BoG)",ok,
2026-10-07,ZARGHS,South African Rand,Buying,0.7115,GH¢ per ZAR,0.7115,GH¢ per ZAR,ok,
2026-10-07,ZARGHS,South African Rand,Selling,0.7119,GH¢ per ZAR,0.7119,GH¢ per ZAR,ok,
2026-10-07,ZARGHS,South African Rand,Mid Rate,0.7117,GH¢ per ZAR,0.7117,GH¢ per ZAR,ok,
